leg_id,trip_id,sequence_no,start_ts,end_ts,mode,origin_label,destination_label,distance_km,duration_min,ticket_required,ticket_product_used,leg_note
trip_17078a4ad135_00001_leg_001,trip_17078a4ad135_00001,1,2026-01-01T07:30:00,2026-01-01T07:38:00,walking,Mia's apartment,München Hbf,0.5,8,False,none,Walk to Munich central station
trip_17078a4ad135_00001_leg_002,trip_17078a4ad135_00001,2,2026-01-01T07:45:00,2026-01-01T10:45:00,regional_train,München Hbf,Düsseldorf Hbf,600.0,180,True,single_ticket,Regional train (IC) to Düsseldorf
trip_17078a4ad135_00001_leg_003,trip_17078a4ad135_00001,3,2026-01-01T10:45:00,2026-01-01T10:50:00,bike,Düsseldorf Hbf,Düsseldorf office,1.0,5,False,none,Bike the last kilometre to the office
trip_17078a4ad135_00002_leg_001,trip_17078a4ad135_00002,1,2026-01-01T17:30:00,2026-01-01T17:38:00,walking,Düsseldorf office,Düsseldorf Hbf,1.0,8,False,none,Walk to Düsseldorf station
trip_17078a4ad135_00002_leg_002,trip_17078a4ad135_00002,2,2026-01-01T17:45:00,2026-01-01T20:45:00,regional_train,Düsseldorf Hbf,München Hbf,600.0,180,True,single_ticket,Regional train back to Munich
trip_17078a4ad135_00002_leg_003,trip_17078a4ad135_00002,3,2026-01-01T20:45:00,2026-01-01T20:50:00,bike,München Hbf,Mia's apartment,0.5,5,False,none,Bike home from the station
trip_17078a4ad135_00003_leg_001,trip_17078a4ad135_00003,1,2026-01-01T21:30:00,2026-01-01T21:40:00,bike,Mia's apartment,Bavarian Bistro,2.0,10,False,none,Bike to restaurant
trip_17078a4ad135_00004_leg_001,trip_17078a4ad135_00004,1,2026-01-01T23:00:00,2026-01-01T23:10:00,walking,Bavarian Bistro,Mia's apartment,0.5,10,False,none,Walk home
trip_17078a4ad135_00005_leg_001,trip_17078a4ad135_00005,1,2026-01-02T07:30:00,2026-01-02T07:38:00,walking,Mia's apartment,München Hbf,0.5,8,False,none,Walk to Munich central station
trip_17078a4ad135_00005_leg_002,trip_17078a4ad135_00005,2,2026-01-02T07:45:00,2026-01-02T10:45:00,regional_train,München Hbf,Düsseldorf Hbf,600.0,180,True,single_ticket,Regional train to Düsseldorf
trip_17078a4ad135_00005_leg_003,trip_17078a4ad135_00005,3,2026-01-02T10:45:00,2026-01-02T10:50:00,bike,Düsseldorf Hbf,Düsseldorf office,1.0,5,False,none,Bike the last kilometre to work
trip_17078a4ad135_00006_leg_001,trip_17078a4ad135_00006,1,2026-01-02T17:30:00,2026-01-02T17:38:00,walking,Düsseldorf office,Düsseldorf Hbf,1.0,8,False,none,Walk to station
trip_17078a4ad135_00006_leg_002,trip_17078a4ad135_00006,2,2026-01-02T17:45:00,2026-01-02T20:45:00,regional_train,Düsseldorf Hbf,München Hbf,600.0,180,True,single_ticket,Regional train back to Munich
trip_17078a4ad135_00006_leg_003,trip_17078a4ad135_00006,3,2026-01-02T20:45:00,2026-01-02T20:50:00,bike,München Hbf,Mia's apartment,0.5,5,False,none,Bike home
trip_17078a4ad135_00007_leg_001,trip_17078a4ad135_00007,1,2026-01-02T21:30:00,2026-01-02T21:45:00,car_sharing,Mia's apartment,Tech meetup venue,3.0,15,False,none,Drive shared car to meetup
trip_17078a4ad135_00008_leg_001,trip_17078a4ad135_00008,1,2026-01-02T22:30:00,2026-01-02T22:40:00,walking,Tech meetup venue,Mia's apartment,0.8,10,False,none,Walk home
trip_17078a4ad135_00009_leg_001,trip_17078a4ad135_00009,1,2026-01-03T09:00:00,2026-01-03T09:08:00,walking,Mia's apartment,München Hbf,0.5,8,False,none,Walk to Munich central station
trip_17078a4ad135_00009_leg_002,trip_17078a4ad135_00009,2,2026-01-03T09:15:00,2026-01-03T11:45:00,regional_train,München Hbf,Stuttgart Hbf,220.0,150,True,single_ticket,Regional train to Stuttgart
trip_17078a4ad135_00009_leg_003,trip_17078a4ad135_00009,3,2026-01-03T11:45:00,2026-01-03T11:55:00,bike,Stuttgart Hbf,Family home,5.0,10,False,none,Bike from station to family house
trip_17078a4ad135_00010_leg_001,trip_17078a4ad135_00010,1,2026-01-03T18:00:00,2026-01-03T18:10:00,bike,Family home,Stuttgart Hbf,5.0,10,False,none,Bike to Stuttgart station
trip_17078a4ad135_00010_leg_002,trip_17078a4ad135_00010,2,2026-01-03T18:15:00,2026-01-03T20:45:00,regional_train,Stuttgart Hbf,München Hbf,220.0,150,True,single_ticket,Regional train back to Munich
trip_17078a4ad135_00010_leg_003,trip_17078a4ad135_00010,3,2026-01-03T20:45:00,2026-01-03T20:53:00,walking,München Hbf,Mia's apartment,0.5,8,False,none,Walk home from station
trip_17078a4ad135_00011_leg_001,trip_17078a4ad135_00011,1,2026-01-05T07:30:00,2026-01-05T07:38:00,walking,Mia's apartment,München Hbf,0.5,8,False,none,Walk to Munich central station
trip_17078a4ad135_00011_leg_002,trip_17078a4ad135_00011,2,2026-01-05T07:45:00,2026-01-05T10:45:00,regional_train,München Hbf,Düsseldorf Hbf,600.0,180,True,single_ticket,Regional train to Düsseldorf
trip_17078a4ad135_00011_leg_003,trip_17078a4ad135_00011,3,2026-01-05T10:45:00,2026-01-05T10:50:00,bike,Düsseldorf Hbf,Düsseldorf office,1.0,5,False,none,Bike the last kilometre to work
trip_17078a4ad135_00012_leg_001,trip_17078a4ad135_00012,1,2026-01-05T17:30:00,2026-01-05T17:38:00,walking,Düsseldorf office,Düsseldorf Hbf,1.0,8,False,none,Walk to station
trip_17078a4ad135_00012_leg_002,trip_17078a4ad135_00012,2,2026-01-05T17:45:00,2026-01-05T20:45:00,regional_train,Düsseldorf Hbf,München Hbf,600.0,180,True,single_ticket,Regional train back to Munich
trip_17078a4ad135_00012_leg_003,trip_17078a4ad135_00012,3,2026-01-05T20:45:00,2026-01-05T20:50:00,bike,München Hbf,Mia's apartment,0.5,5,False,none,Bike home
trip_17078a4ad135_00013_leg_001,trip_17078a4ad135_00013,1,2026-01-08T07:30:00,2026-01-08T07:40:00,walking,Home,München Hbf,0.8,10,False,none,Walk to Munich central station.
trip_17078a4ad135_00013_leg_002,trip_17078a4ad135_00013,2,2026-01-08T07:45:00,2026-01-08T12:15:00,regional_train,München Hbf,Düsseldorf Hbf,610.0,270,True,single_ticket,Regional train to Düsseldorf.
trip_17078a4ad135_00013_leg_003,trip_17078a4ad135_00013,3,2026-01-08T12:20:00,2026-01-08T12:40:00,bike,Düsseldorf Hbf,Office,5.0,20,False,none,Bike the last kilometre to the office.
trip_17078a4ad135_00014_leg_001,trip_17078a4ad135_00014,1,2026-01-08T18:30:00,2026-01-08T18:50:00,bike,Office,Düsseldorf Hbf,5.0,20,False,none,Bike to Düsseldorf station.
trip_17078a4ad135_00014_leg_002,trip_17078a4ad135_00014,2,2026-01-08T19:00:00,2026-01-08T22:30:00,regional_train,Düsseldorf Hbf,München Hbf,610.0,210,True,single_ticket,Regional train back to Munich.
trip_17078a4ad135_00014_leg_003,trip_17078a4ad135_00014,3,2026-01-08T22:35:00,2026-01-08T22:45:00,walking,München Hbf,Home,0.8,10,False,none,Walk home from the station.
trip_17078a4ad135_00015_leg_001,trip_17078a4ad135_00015,1,2026-01-09T19:30:00,2026-01-09T19:36:00,walking,Home,Restaurant,0.5,6,False,none,Walk to the restaurant.
trip_17078a4ad135_00016_leg_001,trip_17078a4ad135_00016,1,2026-01-09T21:30:00,2026-01-09T21:36:00,walking,Restaurant,Home,0.5,6,False,none,Walk back home.
trip_17078a4ad135_00017_leg_001,trip_17078a4ad135_00017,1,2026-01-10T09:00:00,2026-01-10T09:12:00,bike,Home,Englischer Garten,3.0,12,False,none,Bike to the park.
trip_17078a4ad135_00018_leg_001,trip_17078a4ad135_00018,1,2026-01-10T12:30:00,2026-01-10T12:42:00,bike,Englischer Garten,Home,3.0,12,False,none,Bike back home.
trip_17078a4ad135_00019_leg_001,trip_17078a4ad135_00019,1,2026-01-12T12:00:00,2026-01-12T12:05:00,walking,Home,Car Sharing Spot,0.4,5,False,none,Walk to car‑sharing vehicle.
trip_17078a4ad135_00019_leg_002,trip_17078a4ad135_00019,2,2026-01-12T12:10:00,2026-01-12T12:22:00,car_sharing,Car Sharing Spot,Sports Center,8.0,12,False,none,Drive to the sports center.
trip_17078a4ad135_00020_leg_001,trip_17078a4ad135_00020,1,2026-01-12T14:00:00,2026-01-12T14:04:00,walking,Sports Center,Tram Stop,0.3,4,False,none,Walk to the nearest tram stop.
trip_17078a4ad135_00020_leg_002,trip_17078a4ad135_00020,2,2026-01-12T14:10:00,2026-01-12T14:25:00,tram,Tram Stop,Marienplatz,5.0,15,True,short_trip_ticket,Tram ride towards city centre.
trip_17078a4ad135_00020_leg_003,trip_17078a4ad135_00020,3,2026-01-12T14:30:00,2026-01-12T14:35:00,walking,Marienplatz,Home,0.4,5,False,none,Final walk home.
trip_17078a4ad135_00021_leg_001,trip_17078a4ad135_00021,1,2026-01-13T07:30:00,2026-01-13T07:40:00,walking,Home,München Hbf,0.8,10,False,none,Walk to Munich central station.
trip_17078a4ad135_00021_leg_002,trip_17078a4ad135_00021,2,2026-01-13T07:45:00,2026-01-13T12:15:00,regional_train,München Hbf,Düsseldorf Hbf,610.0,270,True,single_ticket,Regional train to Düsseldorf.
trip_17078a4ad135_00021_leg_003,trip_17078a4ad135_00021,3,2026-01-13T12:20:00,2026-01-13T12:40:00,bike,Düsseldorf Hbf,Office,5.0,20,False,none,Bike the last kilometre to the office.
trip_17078a4ad135_00022_leg_001,trip_17078a4ad135_00022,1,2026-01-13T18:30:00,2026-01-13T18:50:00,bike,Office,Düsseldorf Hbf,5.0,20,False,none,Bike to the station.
trip_17078a4ad135_00022_leg_002,trip_17078a4ad135_00022,2,2026-01-13T19:00:00,2026-01-13T22:30:00,regional_train,Düsseldorf Hbf,München Hbf,610.0,210,True,single_ticket,Regional train back to Munich.
trip_17078a4ad135_00022_leg_003,trip_17078a4ad135_00022,3,2026-01-13T22:35:00,2026-01-13T22:45:00,walking,München Hbf,Home,0.8,10,False,none,Walk home.
trip_17078a4ad135_00023_leg_001,trip_17078a4ad135_00023,1,2026-01-14T07:30:00,2026-01-14T07:40:00,walking,Home,München Hbf,0.8,10,False,none,Walk to Munich station.
trip_17078a4ad135_00023_leg_002,trip_17078a4ad135_00023,2,2026-01-14T07:45:00,2026-01-14T12:15:00,regional_train,München Hbf,Düsseldorf Hbf,610.0,270,True,single_ticket,Regional train to Düsseldorf.
trip_17078a4ad135_00023_leg_003,trip_17078a4ad135_00023,3,2026-01-14T12:20:00,2026-01-14T12:40:00,bike,Düsseldorf Hbf,Office,5.0,20,False,none,Bike to the office.
trip_17078a4ad135_00024_leg_001,trip_17078a4ad135_00024,1,2026-01-14T18:30:00,2026-01-14T18:50:00,bike,Office,Düsseldorf Hbf,5.0,20,False,none,Bike to the station.
trip_17078a4ad135_00024_leg_002,trip_17078a4ad135_00024,2,2026-01-14T19:00:00,2026-01-14T22:30:00,regional_train,Düsseldorf Hbf,München Hbf,610.0,210,True,single_ticket,Regional train back to Munich.
trip_17078a4ad135_00024_leg_003,trip_17078a4ad135_00024,3,2026-01-14T22:35:00,2026-01-14T22:45:00,walking,München Hbf,Home,0.8,10,False,none,Walk home.
trip_17078a4ad135_00025_leg_001,trip_17078a4ad135_00025,1,2026-01-15T07:30:00,2026-01-15T07:37:00,walking,Mia's apartment,München Hauptbahnhof,0.5,7,False,none,Walk to the main train station.
trip_17078a4ad135_00025_leg_002,trip_17078a4ad135_00025,2,2026-01-15T07:37:00,2026-01-15T12:07:00,regional_train,München Hauptbahnhof,Düsseldorf Hauptbahnhof,600.0,270,True,single_ticket,Regional train to Düsseldorf.
trip_17078a4ad135_00025_leg_003,trip_17078a4ad135_00025,3,2026-01-15T12:07:00,2026-01-15T12:22:00,bike,Düsseldorf Hauptbahnhof,Düsseldorf office,5.0,15,False,none,Bike the last kilometre to the office.
trip_17078a4ad135_00026_leg_001,trip_17078a4ad135_00026,1,2026-01-15T17:00:00,2026-01-15T17:15:00,bike,Düsseldorf office,Düsseldorf Hauptbahnhof,5.0,15,False,none,Bike to the train station.
trip_17078a4ad135_00026_leg_002,trip_17078a4ad135_00026,2,2026-01-15T17:15:00,2026-01-15T21:45:00,regional_train,Düsseldorf Hauptbahnhof,München Hauptbahnhof,600.0,270,True,single_ticket,Regional train back to Munich.
trip_17078a4ad135_00026_leg_003,trip_17078a4ad135_00026,3,2026-01-15T21:45:00,2026-01-15T21:52:00,walking,München Hauptbahnhof,Mia's apartment,0.5,7,False,none,Walk home from the station.
trip_17078a4ad135_00027_leg_001,trip_17078a4ad135_00027,1,2026-01-15T19:30:00,2026-01-15T19:40:00,bike,Mia's apartment,Italian restaurant,3.0,10,False,none,Bike to dinner.
trip_17078a4ad135_00028_leg_001,trip_17078a4ad135_00028,1,2026-01-15T21:30:00,2026-01-15T21:40:00,bike,Italian restaurant,Mia's apartment,3.0,10,False,none,Bike home.
trip_17078a4ad135_00029_leg_001,trip_17078a4ad135_00029,1,2026-01-16T18:30:00,2026-01-16T18:42:00,bike,Mia's apartment,FitX Gym,4.0,12,False,none,Bike to gym.
trip_17078a4ad135_00030_leg_001,trip_17078a4ad135_00030,1,2026-01-16T20:00:00,2026-01-16T20:12:00,bike,FitX Gym,Mia's apartment,4.0,12,False,none,Bike home.
trip_17078a4ad135_00031_leg_001,trip_17078a4ad135_00031,1,2026-01-17T08:00:00,2026-01-17T08:07:00,walking,Mia's apartment,München Hauptbahnhof,0.5,7,False,none,Walk to the main station.
trip_17078a4ad135_00031_leg_002,trip_17078a4ad135_00031,2,2026-01-17T08:07:00,2026-01-17T11:37:00,public_transport,München Hauptbahnhof,Frankfurt Hauptbahnhof,400.0,210,True,single_ticket,ICE train to Frankfurt.
trip_17078a4ad135_00031_leg_003,trip_17078a4ad135_00031,3,2026-01-17T11:37:00,2026-01-17T11:55:00,bike,Frankfurt Hauptbahnhof,Tech meetup venue,6.0,18,False,none,Bike to the meetup location.
trip_17078a4ad135_00032_leg_001,trip_17078a4ad135_00032,1,2026-01-18T18:30:00,2026-01-18T18:48:00,bike,Tech meetup venue,Frankfurt Hauptbahnhof,6.0,18,False,none,Bike to the station.
trip_17078a4ad135_00032_leg_002,trip_17078a4ad135_00032,2,2026-01-18T18:48:00,2026-01-18T22:18:00,public_transport,Frankfurt Hauptbahnhof,München Hauptbahnhof,400.0,210,True,single_ticket,ICE back to Munich.
trip_17078a4ad135_00032_leg_003,trip_17078a4ad135_00032,3,2026-01-18T22:18:00,2026-01-18T22:25:00,walking,München Hauptbahnhof,Mia's apartment,0.5,7,False,none,Walk home from the station.
trip_17078a4ad135_00033_leg_001,trip_17078a4ad135_00033,1,2026-01-19T07:45:00,2026-01-19T07:52:00,walking,Mia's apartment,München Hauptbahnhof,0.5,7,False,none,Walk to the train station.
trip_17078a4ad135_00033_leg_002,trip_17078a4ad135_00033,2,2026-01-19T07:52:00,2026-01-19T12:22:00,regional_train,München Hauptbahnhof,Düsseldorf Hauptbahnhof,600.0,270,True,single_ticket,Regional train to Düsseldorf.
trip_17078a4ad135_00033_leg_003,trip_17078a4ad135_00033,3,2026-01-19T12:22:00,2026-01-19T12:37:00,bike,Düsseldorf Hauptbahnhof,Düsseldorf office,5.0,15,False,none,Bike the last kilometre to work.
trip_17078a4ad135_00034_leg_001,trip_17078a4ad135_00034,1,2026-01-19T16:45:00,2026-01-19T17:00:00,bike,Düsseldorf office,Düsseldorf Hauptbahnhof,5.0,15,False,none,Bike to the station.
trip_17078a4ad135_00034_leg_002,trip_17078a4ad135_00034,2,2026-01-19T17:00:00,2026-01-19T21:30:00,regional_train,Düsseldorf Hauptbahnhof,München Hauptbahnhof,600.0,270,True,single_ticket,Regional train back to Munich.
trip_17078a4ad135_00034_leg_003,trip_17078a4ad135_00034,3,2026-01-19T21:30:00,2026-01-19T21:37:00,walking,München Hauptbahnhof,Mia's apartment,0.5,7,False,none,Walk home.
trip_17078a4ad135_00035_leg_001,trip_17078a4ad135_00035,1,2026-01-21T07:30:00,2026-01-21T07:37:00,walking,Mia's apartment,München Hauptbahnhof,0.5,7,False,none,Walk to station.
trip_17078a4ad135_00035_leg_002,trip_17078a4ad135_00035,2,2026-01-21T07:37:00,2026-01-21T12:07:00,regional_train,München Hauptbahnhof,Düsseldorf Hauptbahnhof,600.0,270,True,single_ticket,Regional train to Düsseldorf.
trip_17078a4ad135_00035_leg_003,trip_17078a4ad135_00035,3,2026-01-21T12:07:00,2026-01-21T12:22:00,bike,Düsseldorf Hauptbahnhof,Düsseldorf office,5.0,15,False,none,Bike to work.
trip_17078a4ad135_00036_leg_001,trip_17078a4ad135_00036,1,2026-01-21T16:30:00,2026-01-21T16:45:00,bike,Düsseldorf office,Düsseldorf Hauptbahnhof,5.0,15,False,none,Bike to station.
trip_17078a4ad135_00036_leg_002,trip_17078a4ad135_00036,2,2026-01-21T16:45:00,2026-01-21T21:15:00,regional_train,Düsseldorf Hauptbahnhof,München Hauptbahnhof,600.0,270,True,single_ticket,Regional train back to Munich.
trip_17078a4ad135_00036_leg_003,trip_17078a4ad135_00036,3,2026-01-21T21:15:00,2026-01-21T21:22:00,walking,München Hauptbahnhof,Mia's apartment,0.5,7,False,none,Walk home.
trip_17078a4ad135_00037_leg_001,trip_17078a4ad135_00037,1,2026-01-22T07:00:00,2026-01-22T07:07:00,walking,Mia's Apartment,München Hbf,0.5,7,False,none,Walk from home to Munich Hauptbahnhof.
trip_17078a4ad135_00037_leg_002,trip_17078a4ad135_00037,2,2026-01-22T07:10:00,2026-01-22T11:30:00,regional_train,München Hbf,Düsseldorf Hbf,610.0,260,True,single_ticket,"Regional train Munich → Düsseldorf, ticket bought via mobile app."
trip_17078a4ad135_00037_leg_003,trip_17078a4ad135_00037,3,2026-01-22T11:31:00,2026-01-22T11:45:00,bike,Düsseldorf Hbf,Düsseldorf Office,5.0,14,False,none,Bike the last kilometre to the office.
trip_17078a4ad135_00038_leg_001,trip_17078a4ad135_00038,1,2026-01-22T17:30:00,2026-01-22T17:44:00,bike,Düsseldorf Office,Düsseldorf Hbf,5.0,14,False,none,Bike to the train station.
trip_17078a4ad135_00038_leg_002,trip_17078a4ad135_00038,2,2026-01-22T17:45:00,2026-01-22T22:05:00,regional_train,Düsseldorf Hbf,München Hbf,610.0,260,True,single_ticket,Regional train back to Munich.
trip_17078a4ad135_00038_leg_003,trip_17078a4ad135_00038,3,2026-01-22T22:07:00,2026-01-22T22:14:00,walking,München Hbf,Mia's Apartment,0.5,7,False,none,Walk home from the station.
trip_17078a4ad135_00039_leg_001,trip_17078a4ad135_00039,1,2026-01-23T18:10:00,2026-01-23T18:20:00,bike,Düsseldorf Office,Bavarian Bistro,3.0,10,False,none,Bike to the restaurant.
trip_17078a4ad135_00040_leg_001,trip_17078a4ad135_00040,1,2026-01-23T20:30:00,2026-01-23T20:40:00,bike,Bavarian Bistro,Mia's Apartment,3.0,10,False,none,Bike home after the meal.
trip_17078a4ad135_00041_leg_001,trip_17078a4ad135_00041,1,2026-01-24T07:05:00,2026-01-24T07:12:00,walking,Mia's Apartment,München Hbf,0.5,7,False,none,Walk to the station.
trip_17078a4ad135_00041_leg_002,trip_17078a4ad135_00041,2,2026-01-24T07:15:00,2026-01-24T11:35:00,regional_train,München Hbf,Düsseldorf Hbf,610.0,260,True,single_ticket,Regional train to Düsseldorf.
trip_17078a4ad135_00041_leg_003,trip_17078a4ad135_00041,3,2026-01-24T11:36:00,2026-01-24T11:50:00,bike,Düsseldorf Hbf,Düsseldorf Office,5.0,14,False,none,Bike the last kilometre to the office.
trip_17078a4ad135_00042_leg_001,trip_17078a4ad135_00042,1,2026-01-24T12:30:00,2026-01-24T12:45:00,car_sharing,Mia's Apartment,Tech Hub Munich,2.0,15,False,none,Reserve and drive a shared car for a short meeting.
trip_17078a4ad135_00043_leg_001,trip_17078a4ad135_00043,1,2026-01-24T17:30:00,2026-01-24T17:44:00,bike,Düsseldorf Office,Düsseldorf Hbf,5.0,14,False,none,Bike to the station.
trip_17078a4ad135_00043_leg_002,trip_17078a4ad135_00043,2,2026-01-24T17:45:00,2026-01-24T22:05:00,regional_train,Düsseldorf Hbf,München Hbf,610.0,260,True,single_ticket,Regional train back to Munich.
trip_17078a4ad135_00043_leg_003,trip_17078a4ad135_00043,3,2026-01-24T22:07:00,2026-01-24T22:14:00,walking,München Hbf,Mia's Apartment,0.5,7,False,none,Walk home.
trip_17078a4ad135_00044_leg_001,trip_17078a4ad135_00044,1,2026-01-26T07:10:00,2026-01-26T07:17:00,walking,Mia's Apartment,München Hbf,0.5,7,False,none,Walk to the station.
trip_17078a4ad135_00044_leg_002,trip_17078a4ad135_00044,2,2026-01-26T07:20:00,2026-01-26T11:40:00,regional_train,München Hbf,Düsseldorf Hbf,610.0,260,True,single_ticket,Regional train to Düsseldorf.
trip_17078a4ad135_00044_leg_003,trip_17078a4ad135_00044,3,2026-01-26T11:41:00,2026-01-26T11:55:00,bike,Düsseldorf Hbf,Düsseldorf Office,5.0,14,False,none,Bike the final segment.
trip_17078a4ad135_00045_leg_001,trip_17078a4ad135_00045,1,2026-01-26T17:30:00,2026-01-26T17:44:00,bike,Düsseldorf Office,Düsseldorf Hbf,5.0,14,False,none,Bike to the station.
trip_17078a4ad135_00045_leg_002,trip_17078a4ad135_00045,2,2026-01-26T17:45:00,2026-01-26T22:05:00,regional_train,Düsseldorf Hbf,München Hbf,610.0,260,True,single_ticket,Regional train back to Munich.
trip_17078a4ad135_00045_leg_003,trip_17078a4ad135_00045,3,2026-01-26T22:07:00,2026-01-26T22:14:00,walking,München Hbf,Mia's Apartment,0.5,7,False,none,Walk home.
trip_17078a4ad135_00046_leg_001,trip_17078a4ad135_00046,1,2026-01-27T08:00:00,2026-01-27T08:07:00,walking,Mia's Apartment,München Hbf,0.5,7,False,none,Walk to Munich main station.
trip_17078a4ad135_00046_leg_002,trip_17078a4ad135_00046,2,2026-01-27T08:10:00,2026-01-27T10:40:00,regional_train,München Hbf,Stuttgart Hbf,220.0,150,True,single_ticket,Regional train to Stuttgart.
trip_17078a4ad135_00046_leg_003,trip_17078a4ad135_00046,3,2026-01-27T10:42:00,2026-01-27T10:50:00,walking,Stuttgart Hbf,Family House,0.5,8,False,none,Walk from station to family home.
trip_17078a4ad135_00047_leg_001,trip_17078a4ad135_00047,1,2026-01-27T10:00:00,2026-01-27T10:12:00,bike,Mia's Apartment,FitZone Gym,4.0,12,False,none,Bike to the gym.
trip_17078a4ad135_00048_leg_001,trip_17078a4ad135_00048,1,2026-01-28T09:00:00,2026-01-28T09:08:00,walking,Family House,Stuttgart Hbf,0.5,8,False,none,Walk to Stuttgart station.
trip_17078a4ad135_00048_leg_002,trip_17078a4ad135_00048,2,2026-01-28T09:10:00,2026-01-28T11:40:00,regional_train,Stuttgart Hbf,München Hbf,220.0,150,True,single_ticket,Regional train back to Munich.
trip_17078a4ad135_00048_leg_003,trip_17078a4ad135_00048,3,2026-01-28T11:42:00,2026-01-28T11:49:00,walking,München Hbf,Mia's Apartment,0.5,7,False,none,Final walk home.
trip_17078a4ad135_00049_leg_001,trip_17078a4ad135_00049,1,2026-01-29T18:30:00,2026-01-29T18:40:00,walking,Home,Zum Goldenen Hirsch,0.8,10,False,none,Walk to the restaurant
trip_17078a4ad135_00050_leg_001,trip_17078a4ad135_00050,1,2026-01-29T20:30:00,2026-01-29T20:40:00,walking,Zum Goldenen Hirsch,Home,0.8,10,False,none,Walk home from the restaurant
trip_17078a4ad135_00051_leg_001,trip_17078a4ad135_00051,1,2026-01-30T07:15:00,2026-01-30T07:23:00,walking,Home,München Hbf,0.6,8,False,none,Walk from home to Munich main station
trip_17078a4ad135_00051_leg_002,trip_17078a4ad135_00051,2,2026-01-30T07:28:00,2026-01-30T12:58:00,regional_train,München Hbf,Düsseldorf Hbf,600.0,330,True,single_ticket,Regional train from Munich to Düsseldorf
trip_17078a4ad135_00051_leg_003,trip_17078a4ad135_00051,3,2026-01-30T12:58:00,2026-01-30T13:10:00,bike,Düsseldorf Hbf,Düsseldorf Office,5.0,12,False,none,Bike the last kilometre to the office
trip_17078a4ad135_00052_leg_001,trip_17078a4ad135_00052,1,2026-01-30T17:30:00,2026-01-30T17:42:00,bike,Düsseldorf Office,Düsseldorf Hbf,5.0,12,False,none,Bike to Düsseldorf main station
trip_17078a4ad135_00052_leg_002,trip_17078a4ad135_00052,2,2026-01-30T17:47:00,2026-01-30T23:17:00,regional_train,Düsseldorf Hbf,München Hbf,600.0,330,True,single_ticket,Regional train back to Munich
trip_17078a4ad135_00052_leg_003,trip_17078a4ad135_00052,3,2026-01-30T23:17:00,2026-01-30T23:25:00,walking,München Hbf,Home,0.6,8,False,none,Walk home from the station
trip_17078a4ad135_00053_leg_001,trip_17078a4ad135_00053,1,2026-01-31T09:00:00,2026-01-31T09:08:00,walking,Home,München Hbf,0.6,8,False,none,Walk to Munich main station
trip_17078a4ad135_00053_leg_002,trip_17078a4ad135_00053,2,2026-01-31T09:13:00,2026-01-31T11:33:00,regional_train,München Hbf,Stuttgart Hbf,220.0,140,True,single_ticket,Regional train to Stuttgart
trip_17078a4ad135_00053_leg_003,trip_17078a4ad135_00053,3,2026-01-31T11:33:00,2026-01-31T11:45:00,bike,Stuttgart Hbf,Stuttgart Family House,4.0,12,False,none,Bike the last kilometre to family house
trip_17078a4ad135_00054_leg_001,trip_17078a4ad135_00054,1,2026-02-01T15:00:00,2026-02-01T15:12:00,bike,Stuttgart Family House,Stuttgart Hbf,4.0,12,False,none,Bike to Stuttgart main station
trip_17078a4ad135_00054_leg_002,trip_17078a4ad135_00054,2,2026-02-01T15:17:00,2026-02-01T17:37:00,regional_train,Stuttgart Hbf,München Hbf,220.0,140,True,single_ticket,Regional train back to Munich
trip_17078a4ad135_00054_leg_003,trip_17078a4ad135_00054,3,2026-02-01T17:37:00,2026-02-01T17:45:00,walking,München Hbf,Home,0.6,8,False,none,Walk home from the station
trip_17078a4ad135_00055_leg_001,trip_17078a4ad135_00055,1,2026-02-02T07:10:00,2026-02-02T07:18:00,walking,Home,München Hbf,0.6,8,False,none,Walk to Munich main station
trip_17078a4ad135_00055_leg_002,trip_17078a4ad135_00055,2,2026-02-02T07:23:00,2026-02-02T12:53:00,regional_train,München Hbf,Düsseldorf Hbf,600.0,330,True,single_ticket,Regional train to Düsseldorf
trip_17078a4ad135_00055_leg_003,trip_17078a4ad135_00055,3,2026-02-02T12:53:00,2026-02-02T13:05:00,bike,Düsseldorf Hbf,Düsseldorf Office,5.0,12,False,none,Bike the last kilometre to work
trip_17078a4ad135_00056_leg_001,trip_17078a4ad135_00056,1,2026-02-02T17:45:00,2026-02-02T17:57:00,bike,Düsseldorf Office,Düsseldorf Hbf,5.0,12,False,none,Bike to the station
trip_17078a4ad135_00056_leg_002,trip_17078a4ad135_00056,2,2026-02-02T18:02:00,2026-02-02T23:32:00,regional_train,Düsseldorf Hbf,München Hbf,600.0,330,True,single_ticket,Regional train back to Munich
trip_17078a4ad135_00056_leg_003,trip_17078a4ad135_00056,3,2026-02-02T23:32:00,2026-02-02T23:40:00,walking,München Hbf,Home,0.6,8,False,none,Walk home from the station
trip_17078a4ad135_00057_leg_001,trip_17078a4ad135_00057,1,2026-02-03T18:00:00,2026-02-03T18:10:00,bike,Home,FitX Gym,3.0,10,False,none,Bike to the gym
trip_17078a4ad135_00058_leg_001,trip_17078a4ad135_00058,1,2026-02-03T20:00:00,2026-02-03T20:10:00,bike,FitX Gym,Home,3.0,10,False,none,Bike home from the gym
trip_17078a4ad135_00059_leg_001,trip_17078a4ad135_00059,1,2026-02-04T07:20:00,2026-02-04T07:28:00,walking,Home,München Hbf,0.6,8,False,none,Walk to Munich main station
trip_17078a4ad135_00059_leg_002,trip_17078a4ad135_00059,2,2026-02-04T07:33:00,2026-02-04T13:03:00,regional_train,München Hbf,Düsseldorf Hbf,600.0,330,True,single_ticket,Regional train to Düsseldorf
trip_17078a4ad135_00059_leg_003,trip_17078a4ad135_00059,3,2026-02-04T13:03:00,2026-02-04T13:15:00,bike,Düsseldorf Hbf,Düsseldorf Office,5.0,12,False,none,Bike to the office
trip_17078a4ad135_00060_leg_001,trip_17078a4ad135_00060,1,2026-02-04T17:40:00,2026-02-04T17:52:00,bike,Düsseldorf Office,Düsseldorf Hbf,5.0,12,False,none,Bike to the station
trip_17078a4ad135_00060_leg_002,trip_17078a4ad135_00060,2,2026-02-04T17:57:00,2026-02-04T23:27:00,regional_train,Düsseldorf Hbf,München Hbf,600.0,330,True,single_ticket,Regional train back to Munich
trip_17078a4ad135_00060_leg_003,trip_17078a4ad135_00060,3,2026-02-04T23:27:00,2026-02-04T23:35:00,walking,München Hbf,Home,0.6,8,False,none,Walk home from the station
trip_17078a4ad135_00061_leg_001,trip_17078a4ad135_00061,1,2026-02-05T07:30:00,2026-02-05T07:40:00,walking,Maxvorstadt Apartment,München Hauptbahnhof,0.8,10,False,none,Walk to the main train station.
trip_17078a4ad135_00061_leg_002,trip_17078a4ad135_00061,2,2026-02-05T07:40:00,2026-02-05T12:00:00,regional_train,München Hauptbahnhof,Düsseldorf Hauptbahnhof,600.0,260,True,single_ticket,Regional train to Düsseldorf.
trip_17078a4ad135_00061_leg_003,trip_17078a4ad135_00061,3,2026-02-05T12:00:00,2026-02-05T12:12:00,bike,Düsseldorf Hauptbahnhof,Düsseldorf Office,3.0,12,False,none,Bike the last kilometre to the office.
trip_17078a4ad135_00062_leg_001,trip_17078a4ad135_00062,1,2026-02-05T19:00:00,2026-02-05T19:07:00,walking,Maxvorstadt Apartment,Tram Stop Maxvorstadt,0.5,7,False,none,Walk to the nearest tram stop.
trip_17078a4ad135_00062_leg_002,trip_17078a4ad135_00062,2,2026-02-05T19:07:00,2026-02-05T19:22:00,tram,Tram Stop Maxvorstadt,Tram Stop City Center,0.8,15,True,short_trip_ticket,Tram ride to the city centre.
trip_17078a4ad135_00062_leg_003,trip_17078a4ad135_00062,3,2026-02-05T19:22:00,2026-02-05T19:27:00,walking,Tram Stop City Center,L'Osteria,0.3,5,False,none,Walk to the restaurant.
trip_17078a4ad135_00063_leg_001,trip_17078a4ad135_00063,1,2026-02-05T21:30:00,2026-02-05T21:35:00,walking,L'Osteria,Tram Stop City Center,0.3,5,False,none,Walk to tram stop.
trip_17078a4ad135_00063_leg_002,trip_17078a4ad135_00063,2,2026-02-05T21:35:00,2026-02-05T21:50:00,tram,Tram Stop City Center,Tram Stop Maxvorstadt,0.8,15,True,short_trip_ticket,Tram back towards home.
trip_17078a4ad135_00063_leg_003,trip_17078a4ad135_00063,3,2026-02-05T21:50:00,2026-02-05T22:00:00,walking,Tram Stop Maxvorstadt,Maxvorstadt Apartment,0.5,10,False,none,Final walk home.
trip_17078a4ad135_00064_leg_001,trip_17078a4ad135_00064,1,2026-02-07T07:30:00,2026-02-07T07:40:00,walking,Maxvorstadt Apartment,München Hauptbahnhof,0.8,10,False,none,Walk to the train station.
trip_17078a4ad135_00064_leg_002,trip_17078a4ad135_00064,2,2026-02-07T07:40:00,2026-02-07T12:00:00,regional_train,München Hauptbahnhof,Düsseldorf Hauptbahnhof,600.0,260,True,single_ticket,Regional train to Düsseldorf.
trip_17078a4ad135_00064_leg_003,trip_17078a4ad135_00064,3,2026-02-07T12:00:00,2026-02-07T12:12:00,bike,Düsseldorf Hauptbahnhof,Düsseldorf Office,3.0,12,False,none,Bike the final kilometre to work.
trip_17078a4ad135_00065_leg_001,trip_17078a4ad135_00065,1,2026-02-07T18:30:00,2026-02-07T18:38:00,bike,Maxvorstadt Apartment,FitX Gym,2.0,8,False,none,Bike to the gym.
trip_17078a4ad135_00066_leg_001,trip_17078a4ad135_00066,1,2026-02-07T20:00:00,2026-02-07T20:08:00,bike,FitX Gym,Maxvorstadt Apartment,2.0,8,False,none,Bike back home.
trip_17078a4ad135_00067_leg_001,trip_17078a4ad135_00067,1,2026-02-09T07:30:00,2026-02-09T07:40:00,walking,Maxvorstadt Apartment,München Hauptbahnhof,0.8,10,False,none,Walk to the station.
trip_17078a4ad135_00067_leg_002,trip_17078a4ad135_00067,2,2026-02-09T07:40:00,2026-02-09T12:00:00,regional_train,München Hauptbahnhof,Düsseldorf Hauptbahnhof,600.0,260,True,single_ticket,Regional train to Düsseldorf.
trip_17078a4ad135_00067_leg_003,trip_17078a4ad135_00067,3,2026-02-09T12:00:00,2026-02-09T12:12:00,bike,Düsseldorf Hauptbahnhof,Düsseldorf Office,3.0,12,False,none,Bike the final kilometre.
trip_17078a4ad135_00068_leg_001,trip_17078a4ad135_00068,1,2026-02-09T19:00:00,2026-02-09T19:07:00,walking,Maxvorstadt Apartment,Tram Stop Maxvorstadt,0.5,7,False,none,Walk to tram stop.
trip_17078a4ad135_00068_leg_002,trip_17078a4ad135_00068,2,2026-02-09T19:07:00,2026-02-09T19:22:00,tram,Tram Stop Maxvorstadt,Tram Stop City Center,0.8,15,True,short_trip_ticket,Tram ride to city centre.
trip_17078a4ad135_00068_leg_003,trip_17078a4ad135_00068,3,2026-02-09T19:22:00,2026-02-09T19:27:00,walking,Tram Stop City Center,L'Osteria,0.3,5,False,none,Walk to restaurant.
trip_17078a4ad135_00069_leg_001,trip_17078a4ad135_00069,1,2026-02-09T21:30:00,2026-02-09T21:35:00,walking,L'Osteria,Tram Stop City Center,0.3,5,False,none,Walk to tram stop.
trip_17078a4ad135_00069_leg_002,trip_17078a4ad135_00069,2,2026-02-09T21:35:00,2026-02-09T21:50:00,tram,Tram Stop City Center,Tram Stop Maxvorstadt,0.8,15,True,short_trip_ticket,Tram back towards home.
trip_17078a4ad135_00069_leg_003,trip_17078a4ad135_00069,3,2026-02-09T21:50:00,2026-02-09T22:00:00,walking,Tram Stop Maxvorstadt,Maxvorstadt Apartment,0.5,10,False,none,Final walk home.
trip_17078a4ad135_00070_leg_001,trip_17078a4ad135_00070,1,2026-02-10T09:00:00,2026-02-10T09:10:00,walking,Maxvorstadt Apartment,München Hauptbahnhof,0.8,10,False,none,Walk to Munich main station.
trip_17078a4ad135_00070_leg_002,trip_17078a4ad135_00070,2,2026-02-10T09:10:00,2026-02-10T09:55:00,regional_train,München Hauptbahnhof,Augsburg Hauptbahnhof,84.0,45,True,single_ticket,Regional train to Augsburg.
trip_17078a4ad135_00070_leg_003,trip_17078a4ad135_00070,3,2026-02-10T09:55:00,2026-02-10T10:02:00,bike,Augsburg Hauptbahnhof,Augsburg Family Home,2.0,7,False,none,Bike the final kilometre to family.
trip_17078a4ad135_00071_leg_001,trip_17078a4ad135_00071,1,2026-02-10T14:00:00,2026-02-10T14:07:00,walking,Maxvorstadt Apartment,Tram Stop Maxvorstadt,0.5,7,False,none,Walk to tram stop.
trip_17078a4ad135_00071_leg_002,trip_17078a4ad135_00071,2,2026-02-10T14:07:00,2026-02-10T14:22:00,tram,Tram Stop Maxvorstadt,Tram Stop English Garden,0.8,15,True,short_trip_ticket,Tram to the park area.
trip_17078a4ad135_00071_leg_003,trip_17078a4ad135_00071,3,2026-02-10T14:22:00,2026-02-10T14:30:00,walking,Tram Stop English Garden,Englischer Garten,0.5,8,False,none,Final walk to the park entrance.
trip_17078a4ad135_00072_leg_001,trip_17078a4ad135_00072,1,2026-02-11T16:00:00,2026-02-11T16:07:00,bike,Augsburg Family Home,Augsburg Hauptbahnhof,2.0,7,False,none,Bike to the train station.
trip_17078a4ad135_00072_leg_002,trip_17078a4ad135_00072,2,2026-02-11T16:07:00,2026-02-11T16:52:00,regional_train,Augsburg Hauptbahnhof,München Hauptbahnhof,84.0,45,True,single_ticket,Regional train back to Munich.
trip_17078a4ad135_00072_leg_003,trip_17078a4ad135_00072,3,2026-02-11T16:52:00,2026-02-11T17:02:00,walking,München Hauptbahnhof,Maxvorstadt Apartment,0.8,10,False,none,Walk home from the station.
trip_17078a4ad135_00073_leg_001,trip_17078a4ad135_00073,1,2026-02-12T07:15:00,2026-02-12T07:22:00,walking,Mia's apartment,Munich Hbf entrance,0.5,7,False,none,Walk from home to Munich central station.
trip_17078a4ad135_00073_leg_002,trip_17078a4ad135_00073,2,2026-02-12T07:30:00,2026-02-12T12:00:00,regional_train,Munich Hbf,Düsseldorf Hbf,600.0,270,True,day_ticket,Regional train from Munich to Düsseldorf.
trip_17078a4ad135_00073_leg_003,trip_17078a4ad135_00073,3,2026-02-12T12:05:00,2026-02-12T12:12:00,bike,Düsseldorf Hbf bike rack,Office building,0.8,7,False,none,Bike the last kilometre to the office.
trip_17078a4ad135_00074_leg_001,trip_17078a4ad135_00074,1,2026-02-12T17:30:00,2026-02-12T17:38:00,bike,Office building,Düsseldorf Hbf bike rack,0.8,8,False,none,Bike to the Düsseldorf train station.
trip_17078a4ad135_00074_leg_002,trip_17078a4ad135_00074,2,2026-02-12T17:45:00,2026-02-12T22:15:00,regional_train,Düsseldorf Hbf,Munich Hbf,600.0,270,True,day_ticket,Regional train back to Munich.
trip_17078a4ad135_00074_leg_003,trip_17078a4ad135_00074,3,2026-02-12T22:20:00,2026-02-12T22:30:00,walking,Munich Hbf entrance,Mia's apartment,0.5,10,False,none,Walk home from the station.
trip_17078a4ad135_00075_leg_001,trip_17078a4ad135_00075,1,2026-02-13T19:00:00,2026-02-13T19:10:00,walking,Mia's apartment,Italian restaurant,0.8,10,False,none,Walk to the restaurant.
trip_17078a4ad135_00076_leg_001,trip_17078a4ad135_00076,1,2026-02-14T07:15:00,2026-02-14T07:22:00,walking,Mia's apartment,Munich Hbf entrance,0.5,7,False,none,Walk to Munich central station.
trip_17078a4ad135_00076_leg_002,trip_17078a4ad135_00076,2,2026-02-14T07:30:00,2026-02-14T12:00:00,regional_train,Munich Hbf,Düsseldorf Hbf,600.0,270,True,day_ticket,Regional train to Düsseldorf.
trip_17078a4ad135_00076_leg_003,trip_17078a4ad135_00076,3,2026-02-14T12:05:00,2026-02-14T12:12:00,bike,Düsseldorf Hbf bike rack,Office building,0.8,7,False,none,Bike the last kilometre to work.
trip_17078a4ad135_00077_leg_001,trip_17078a4ad135_00077,1,2026-02-14T17:45:00,2026-02-14T17:53:00,bike,Office building,Düsseldorf Hbf bike rack,0.8,8,False,none,Bike to the station.
trip_17078a4ad135_00077_leg_002,trip_17078a4ad135_00077,2,2026-02-14T17:58:00,2026-02-14T22:28:00,regional_train,Düsseldorf Hbf,Munich Hbf,600.0,270,True,day_ticket,Regional train back to Munich.
trip_17078a4ad135_00077_leg_003,trip_17078a4ad135_00077,3,2026-02-14T22:33:00,2026-02-14T22:43:00,walking,Munich Hbf entrance,Mia's apartment,0.5,10,False,none,Walk home.
trip_17078a4ad135_00078_leg_001,trip_17078a4ad135_00078,1,2026-02-15T18:30:00,2026-02-15T18:45:00,bike,Mia's apartment,Local gym,2.0,15,False,none,Bike to the gym.
trip_17078a4ad135_00079_leg_001,trip_17078a4ad135_00079,1,2026-02-16T07:05:00,2026-02-16T07:12:00,walking,Mia's apartment,Munich Hbf entrance,0.5,7,False,none,Walk to the station.
trip_17078a4ad135_00079_leg_002,trip_17078a4ad135_00079,2,2026-02-16T07:20:00,2026-02-16T11:50:00,regional_train,Munich Hbf,Düsseldorf Hbf,600.0,270,True,day_ticket,Regional train to Düsseldorf.
trip_17078a4ad135_00079_leg_003,trip_17078a4ad135_00079,3,2026-02-16T11:55:00,2026-02-16T12:02:00,bike,Düsseldorf Hbf bike rack,Office building,0.8,7,False,none,Bike to the office.
trip_17078a4ad135_00080_leg_001,trip_17078a4ad135_00080,1,2026-02-16T17:45:00,2026-02-16T17:53:00,bike,Office building,Düsseldorf Hbf bike rack,0.8,8,False,none,Bike to the station.
trip_17078a4ad135_00080_leg_002,trip_17078a4ad135_00080,2,2026-02-16T17:58:00,2026-02-16T22:28:00,regional_train,Düsseldorf Hbf,Munich Hbf,600.0,270,True,day_ticket,Regional train back to Munich.
trip_17078a4ad135_00080_leg_003,trip_17078a4ad135_00080,3,2026-02-16T22:33:00,2026-02-16T22:43:00,walking,Munich Hbf entrance,Mia's apartment,0.5,10,False,none,Walk home.
trip_17078a4ad135_00081_leg_001,trip_17078a4ad135_00081,1,2026-02-17T09:00:00,2026-02-17T09:10:00,walking,Mia's apartment,Munich Hbf entrance,0.5,10,False,none,Walk to Munich station.
trip_17078a4ad135_00081_leg_002,trip_17078a4ad135_00081,2,2026-02-17T09:20:00,2026-02-17T11:20:00,regional_train,Munich Hbf,Nürnberg Hbf,170.0,120,True,single_ticket,Regional train to Nuremberg.
trip_17078a4ad135_00081_leg_003,trip_17078a4ad135_00081,3,2026-02-17T11:25:00,2026-02-17T11:32:00,bike,Nürnberg Hbf bike rack,Parents' house,2.0,7,False,none,Bike the last kilometre to family.
trip_17078a4ad135_00082_leg_001,trip_17078a4ad135_00082,1,2026-02-17T14:30:00,2026-02-17T14:40:00,bike,Parents' house,Nürnberg Hbf bike rack,2.0,10,False,none,Bike to the station.
trip_17078a4ad135_00082_leg_002,trip_17078a4ad135_00082,2,2026-02-17T14:45:00,2026-02-17T16:45:00,regional_train,Nürnberg Hbf,Munich Hbf,170.0,120,True,single_ticket,Regional train back to Munich.
trip_17078a4ad135_00082_leg_003,trip_17078a4ad135_00082,3,2026-02-17T16:50:00,2026-02-17T17:00:00,walking,Munich Hbf entrance,Mia's apartment,0.5,10,False,none,Walk home.
trip_17078a4ad135_00083_leg_001,trip_17078a4ad135_00083,1,2026-02-18T10:00:00,2026-02-18T10:10:00,walking,Mia's apartment,Brunch cafe,0.6,10,False,none,Walk to the cafe.
trip_17078a4ad135_00084_leg_001,trip_17078a4ad135_00084,1,2026-02-18T15:00:00,2026-02-18T15:10:00,walking,Mia's apartment,Munich Hbf entrance,0.5,10,False,none,Walk to Munich station.
trip_17078a4ad135_00084_leg_002,trip_17078a4ad135_00084,2,2026-02-18T15:20:00,2026-02-18T16:20:00,regional_train,Munich Hbf,Augsburg Hbf,84.0,60,True,short_trip_ticket,Regional train to Augsburg.
trip_17078a4ad135_00084_leg_003,trip_17078a4ad135_00084,3,2026-02-18T16:25:00,2026-02-18T16:35:00,walking,Augsburg Hbf entrance,Friend's flat,0.6,10,False,none,Walk to the friend's place.
trip_17078a4ad135_00085_leg_001,trip_17078a4ad135_00085,1,2026-02-19T18:30:00,2026-02-19T18:35:00,walking,Home,Tram Stop Hauptplatz,0.4,5,False,none,Walk from home to tram stop.
trip_17078a4ad135_00085_leg_002,trip_17078a4ad135_00085,2,2026-02-19T18:35:00,2026-02-19T18:50:00,tram,Tram Stop Hauptplatz,Tram Stop Goldener Hirsch,5.0,15,True,short_trip_ticket,Tram ride to restaurant area.
trip_17078a4ad135_00085_leg_003,trip_17078a4ad135_00085,3,2026-02-19T18:50:00,2026-02-19T18:53:00,walking,Tram Stop Goldener Hirsch,Zum Goldenen Hirsch,0.3,3,False,none,Final short walk to restaurant.
trip_17078a4ad135_00086_leg_001,trip_17078a4ad135_00086,1,2026-02-19T20:30:00,2026-02-19T20:33:00,walking,Zum Goldenen Hirsch,Tram Stop Goldener Hirsch,0.3,3,False,none,Walk to tram stop.
trip_17078a4ad135_00086_leg_002,trip_17078a4ad135_00086,2,2026-02-19T20:33:00,2026-02-19T20:48:00,tram,Tram Stop Goldener Hirsch,Tram Stop Hauptplatz,5.0,15,True,short_trip_ticket,Tram back toward home.
trip_17078a4ad135_00086_leg_003,trip_17078a4ad135_00086,3,2026-02-19T20:48:00,2026-02-19T20:53:00,walking,Tram Stop Hauptplatz,Home,0.4,5,False,none,Final walk home.
trip_17078a4ad135_00087_leg_001,trip_17078a4ad135_00087,1,2026-02-20T07:00:00,2026-02-20T07:07:00,bike,Home,München Ostbahnhof,2.0,7,False,none,Bike to regional train station.
trip_17078a4ad135_00087_leg_002,trip_17078a4ad135_00087,2,2026-02-20T07:07:00,2026-02-20T10:37:00,regional_train,München Ostbahnhof,Düsseldorf Hbf,600.0,270,True,single_ticket,Direct regional train to Düsseldorf.
trip_17078a4ad135_00087_leg_003,trip_17078a4ad135_00087,3,2026-02-20T10:37:00,2026-02-20T11:45:00,bike,Düsseldorf Hbf,Tech Hub Düsseldorf,3.0,68,False,none,Bike the last kilometre to the office.
trip_17078a4ad135_00088_leg_001,trip_17078a4ad135_00088,1,2026-02-20T18:00:00,2026-02-20T18:08:00,bike,Tech Hub Düsseldorf,Düsseldorf Hbf,3.0,8,False,none,Bike to Düsseldorf main station.
trip_17078a4ad135_00088_leg_002,trip_17078a4ad135_00088,2,2026-02-20T18:08:00,2026-02-20T21:38:00,regional_train,Düsseldorf Hbf,München Ostbahnhof,600.0,270,True,single_ticket,Regional train back to Munich.
trip_17078a4ad135_00088_leg_003,trip_17078a4ad135_00088,3,2026-02-20T21:38:00,2026-02-20T22:45:00,bike,München Ostbahnhof,Home,2.0,67,False,none,Bike home from the station.
trip_17078a4ad135_00089_leg_001,trip_17078a4ad135_00089,1,2026-02-20T19:30:00,2026-02-20T19:33:00,walking,Home,Bus Stop Hauptstraße,0.2,3,False,none,Short walk to bus stop.
trip_17078a4ad135_00089_leg_002,trip_17078a4ad135_00089,2,2026-02-20T19:33:00,2026-02-20T19:43:00,bus,Bus Stop Hauptstraße,FitX Gym Stop,3.0,10,True,short_trip_ticket,Bus ride to gym.
trip_17078a4ad135_00089_leg_003,trip_17078a4ad135_00089,3,2026-02-20T19:43:00,2026-02-20T19:45:00,walking,FitX Gym Stop,FitX Gym,0.2,2,False,none,Final walk into the gym.
trip_17078a4ad135_00090_leg_001,trip_17078a4ad135_00090,1,2026-02-20T21:30:00,2026-02-20T21:32:00,walking,FitX Gym,FitX Gym Stop,0.2,2,False,none,Walk to bus stop.
trip_17078a4ad135_00090_leg_002,trip_17078a4ad135_00090,2,2026-02-20T21:32:00,2026-02-20T21:42:00,bus,FitX Gym Stop,Bus Stop Hauptstraße,3.0,10,True,short_trip_ticket,Bus back toward home.
trip_17078a4ad135_00090_leg_003,trip_17078a4ad135_00090,3,2026-02-20T21:42:00,2026-02-20T21:45:00,walking,Bus Stop Hauptstraße,Home,0.2,3,False,none,Final walk home.
trip_17078a4ad135_00091_leg_001,trip_17078a4ad135_00091,1,2026-02-21T09:00:00,2026-02-21T09:05:00,walking,Home,Augsburg S‑Bahn Stop,0.4,5,False,none,Walk to S‑Bahn station.
trip_17078a4ad135_00091_leg_002,trip_17078a4ad135_00091,2,2026-02-21T09:05:00,2026-02-21T09:50:00,regional_train,Augsburg S‑Bahn Stop,Augsburg Hbf,70.0,45,True,day_ticket,Regional train to Augsburg.
trip_17078a4ad135_00091_leg_003,trip_17078a4ad135_00091,3,2026-02-21T09:50:00,2026-02-21T09:56:00,bike,Augsburg Hbf,Augsburg City Center,2.0,6,False,none,Bike the last kilometre to city centre.
trip_17078a4ad135_00092_leg_001,trip_17078a4ad135_00092,1,2026-02-21T18:30:00,2026-02-21T18:36:00,bike,Augsburg City Center,Augsburg Hbf,2.0,6,False,none,Bike to the train station.
trip_17078a4ad135_00092_leg_002,trip_17078a4ad135_00092,2,2026-02-21T18:36:00,2026-02-21T19:21:00,regional_train,Augsburg Hbf,Augsburg S‑Bahn Stop,70.0,45,True,day_ticket,Regional train back to Munich area.
trip_17078a4ad135_00092_leg_003,trip_17078a4ad135_00092,3,2026-02-21T19:21:00,2026-02-21T19:26:00,walking,Augsburg S‑Bahn Stop,Home,0.4,5,False,none,Final walk home.
trip_17078a4ad135_00093_leg_001,trip_17078a4ad135_00093,1,2026-02-21T20:00:00,2026-02-21T20:05:00,walking,Home,Brauhaus München,0.4,5,False,none,Walk to the brewery.
trip_17078a4ad135_00094_leg_001,trip_17078a4ad135_00094,1,2026-02-21T22:00:00,2026-02-21T22:05:00,walking,Brauhaus München,Home,0.4,5,False,none,Walk home.
trip_17078a4ad135_00095_leg_001,trip_17078a4ad135_00095,1,2026-02-22T11:00:00,2026-02-22T11:15:00,bike,Home,Englischer Garten,5.0,15,False,none,Bike ride to the park.
trip_17078a4ad135_00096_leg_001,trip_17078a4ad135_00096,1,2026-02-22T13:00:00,2026-02-22T13:15:00,bike,Englischer Garten,Home,5.0,15,False,none,Bike ride back home.
trip_17078a4ad135_00097_leg_001,trip_17078a4ad135_00097,1,2026-02-26T07:30:00,2026-02-26T07:35:00,walking,Home,Munich Hbf,0.4,5,False,none,Walk from home to Munich Hauptbahnhof.
trip_17078a4ad135_00097_leg_002,trip_17078a4ad135_00097,2,2026-02-26T07:35:00,2026-02-26T09:05:00,regional_train,Munich Hbf,Düsseldorf Hbf,610.0,90,True,single_ticket,"ICE regional train to Düsseldorf, purchased as a single long‑distance ticket."
trip_17078a4ad135_00097_leg_003,trip_17078a4ad135_00097,3,2026-02-26T09:10:00,2026-02-26T09:25:00,bike,Düsseldorf Hbf,Work,5.0,15,False,none,Bike the last kilometre to the office.
trip_17078a4ad135_00098_leg_001,trip_17078a4ad135_00098,1,2026-02-26T17:30:00,2026-02-26T17:45:00,bike,Work,Düsseldorf Hbf,5.0,15,False,none,Bike to the Düsseldorf station.
trip_17078a4ad135_00098_leg_002,trip_17078a4ad135_00098,2,2026-02-26T17:50:00,2026-02-26T19:20:00,regional_train,Düsseldorf Hbf,Munich Hbf,610.0,90,True,single_ticket,Return ICE train to Munich.
trip_17078a4ad135_00098_leg_003,trip_17078a4ad135_00098,3,2026-02-26T19:20:00,2026-02-26T19:25:00,walking,Munich Hbf,Home,0.4,5,False,none,Walk home from the station.
trip_17078a4ad135_00099_leg_001,trip_17078a4ad135_00099,1,2026-02-27T18:30:00,2026-02-27T18:35:00,walking,Home,Tram Stop,0.3,5,False,none,Walk to the nearest tram stop.
trip_17078a4ad135_00099_leg_002,trip_17078a4ad135_00099,2,2026-02-27T18:35:00,2026-02-27T18:45:00,tram,Tram Stop,Bistro Stop,2.0,10,True,short_trip_ticket,Tram ride to the restaurant area.
trip_17078a4ad135_00099_leg_003,trip_17078a4ad135_00099,3,2026-02-27T18:45:00,2026-02-27T18:50:00,walking,Bistro Stop,Bavarian Bistro,0.2,5,False,none,Short walk to the restaurant.
trip_17078a4ad135_00100_leg_001,trip_17078a4ad135_00100,1,2026-02-27T20:30:00,2026-02-27T20:35:00,walking,Bavarian Bistro,Tram Stop,0.2,5,False,none,Walk to the tram stop.
trip_17078a4ad135_00100_leg_002,trip_17078a4ad135_00100,2,2026-02-27T20:35:00,2026-02-27T20:45:00,tram,Tram Stop,Home Stop,2.0,10,True,short_trip_ticket,Tram back toward home.
trip_17078a4ad135_00100_leg_003,trip_17078a4ad135_00100,3,2026-02-27T20:45:00,2026-02-27T20:50:00,walking,Home Stop,Home,0.3,5,False,none,Final walk home.
trip_17078a4ad135_00101_leg_001,trip_17078a4ad135_00101,1,2026-02-28T08:00:00,2026-02-28T08:05:00,walking,Home,Munich Hbf,0.4,5,False,none,Walk to Munich Hauptbahnhof.
trip_17078a4ad135_00101_leg_002,trip_17078a4ad135_00101,2,2026-02-28T08:05:00,2026-02-28T10:05:00,regional_train,Munich Hbf,Stuttgart Hbf,220.0,120,True,single_ticket,Regional train to Stuttgart.
trip_17078a4ad135_00101_leg_003,trip_17078a4ad135_00101,3,2026-02-28T10:10:00,2026-02-28T10:25:00,bike,Stuttgart Hbf,Elternhaus,5.0,15,False,none,Bike the final kilometre to family house.
trip_17078a4ad135_00102_leg_001,trip_17078a4ad135_00102,1,2026-03-01T16:00:00,2026-03-01T16:15:00,bike,Elternhaus,Stuttgart Hbf,5.0,15,False,none,Bike to the Stuttgart station.
trip_17078a4ad135_00102_leg_002,trip_17078a4ad135_00102,2,2026-03-01T16:20:00,2026-03-01T18:20:00,regional_train,Stuttgart Hbf,Munich Hbf,220.0,120,True,single_ticket,Regional train back to Munich.
trip_17078a4ad135_00102_leg_003,trip_17078a4ad135_00102,3,2026-03-01T18:20:00,2026-03-01T18:25:00,walking,Munich Hbf,Home,0.4,5,False,none,Final walk home.
trip_17078a4ad135_00103_leg_001,trip_17078a4ad135_00103,1,2026-03-02T07:45:00,2026-03-02T07:50:00,walking,Home,Munich Hbf,0.4,5,False,none,Walk to the station.
trip_17078a4ad135_00103_leg_002,trip_17078a4ad135_00103,2,2026-03-02T07:50:00,2026-03-02T09:20:00,regional_train,Munich Hbf,Düsseldorf Hbf,610.0,90,True,single_ticket,ICE ride to Düsseldorf.
trip_17078a4ad135_00103_leg_003,trip_17078a4ad135_00103,3,2026-03-02T09:25:00,2026-03-02T09:40:00,bike,Düsseldorf Hbf,Work,5.0,15,False,none,Bike to the office.
trip_17078a4ad135_00104_leg_001,trip_17078a4ad135_00104,1,2026-03-02T17:20:00,2026-03-02T17:35:00,bike,Work,Düsseldorf Hbf,5.0,15,False,none,Bike to the station.
trip_17078a4ad135_00104_leg_002,trip_17078a4ad135_00104,2,2026-03-02T17:40:00,2026-03-02T19:10:00,regional_train,Düsseldorf Hbf,Munich Hbf,610.0,90,True,single_ticket,ICE back to Munich.
trip_17078a4ad135_00104_leg_003,trip_17078a4ad135_00104,3,2026-03-02T19:10:00,2026-03-02T19:15:00,walking,Munich Hbf,Home,0.4,5,False,none,Walk home.
trip_17078a4ad135_00105_leg_001,trip_17078a4ad135_00105,1,2026-03-03T08:00:00,2026-03-03T08:05:00,walking,Home,Car Share Spot,0.3,5,False,none,Walk to the car‑sharing parking spot.
trip_17078a4ad135_00105_leg_002,trip_17078a4ad135_00105,2,2026-03-03T08:05:00,2026-03-03T08:25:00,car_sharing,Car Share Spot,Client Office,10.0,20,False,none,Drive the client office quickly.
trip_17078a4ad135_00105_leg_003,trip_17078a4ad135_00105,3,2026-03-03T08:25:00,2026-03-03T08:30:00,walking,Client Office,Meeting Room,0.2,5,False,none,Final short walk to the meeting room.
trip_17078a4ad135_00106_leg_001,trip_17078a4ad135_00106,1,2026-03-03T17:30:00,2026-03-03T17:35:00,walking,Client Office,Car Share Spot,0.2,5,False,none,Walk to the car‑sharing spot.
trip_17078a4ad135_00106_leg_002,trip_17078a4ad135_00106,2,2026-03-03T17:35:00,2026-03-03T17:55:00,car_sharing,Car Share Spot,Home,10.0,20,False,none,Drive back home.
trip_17078a4ad135_00106_leg_003,trip_17078a4ad135_00106,3,2026-03-03T17:55:00,2026-03-03T18:00:00,walking,Home Parking,Home,0.3,5,False,none,Final walk to the apartment.
trip_17078a4ad135_00107_leg_001,trip_17078a4ad135_00107,1,2026-03-04T07:40:00,2026-03-04T07:45:00,walking,Home,Munich Hbf,0.4,5,False,none,Walk to the station.
trip_17078a4ad135_00107_leg_002,trip_17078a4ad135_00107,2,2026-03-04T07:45:00,2026-03-04T09:15:00,regional_train,Munich Hbf,Düsseldorf Hbf,610.0,90,True,single_ticket,ICE to Düsseldorf.
trip_17078a4ad135_00107_leg_003,trip_17078a4ad135_00107,3,2026-03-04T09:20:00,2026-03-04T09:35:00,bike,Düsseldorf Hbf,Work,5.0,15,False,none,Bike the last stretch.
trip_17078a4ad135_00108_leg_001,trip_17078a4ad135_00108,1,2026-03-04T17:25:00,2026-03-04T17:40:00,bike,Work,Düsseldorf Hbf,5.0,15,False,none,Bike to the station.
trip_17078a4ad135_00108_leg_002,trip_17078a4ad135_00108,2,2026-03-04T17:45:00,2026-03-04T19:15:00,regional_train,Düsseldorf Hbf,Munich Hbf,610.0,90,True,single_ticket,ICE back to Munich.
trip_17078a4ad135_00108_leg_003,trip_17078a4ad135_00108,3,2026-03-04T19:15:00,2026-03-04T19:20:00,walking,Munich Hbf,Home,0.4,5,False,none,Walk home.
trip_17078a4ad135_00109_leg_001,trip_17078a4ad135_00109,1,2026-03-05T07:30:00,2026-03-05T07:35:00,walking,Mia's Apartment,Munich Hbf,0.5,5,False,none,Walk to Munich central station.
trip_17078a4ad135_00109_leg_002,trip_17078a4ad135_00109,2,2026-03-05T07:45:00,2026-03-05T13:00:00,regional_train,Munich Hbf,Düsseldorf Hbf,600.0,315,True,single_ticket,Regional train to Düsseldorf (single ticket).
trip_17078a4ad135_00109_leg_003,trip_17078a4ad135_00109,3,2026-03-05T13:00:00,2026-03-05T13:10:00,bike,Düsseldorf Hbf,Düsseldorf Office,5.0,10,False,none,Bike the last kilometre to the office.
trip_17078a4ad135_00110_leg_001,trip_17078a4ad135_00110,1,2026-03-05T17:30:00,2026-03-05T17:40:00,bike,Düsseldorf Office,Düsseldorf Hbf,5.0,10,False,none,Bike to Düsseldorf station.
trip_17078a4ad135_00110_leg_002,trip_17078a4ad135_00110,2,2026-03-05T17:45:00,2026-03-05T23:00:00,regional_train,Düsseldorf Hbf,Munich Hbf,600.0,315,True,single_ticket,Regional train back to Munich.
trip_17078a4ad135_00110_leg_003,trip_17078a4ad135_00110,3,2026-03-05T23:00:00,2026-03-05T23:05:00,walking,Munich Hbf,Mia's Apartment,0.5,5,False,none,Walk home from the station.
trip_17078a4ad135_00111_leg_001,trip_17078a4ad135_00111,1,2026-03-06T08:00:00,2026-03-06T08:12:00,bike,Mia's Apartment,FitX Gym,3.0,12,False,none,Bike to the gym.
trip_17078a4ad135_00112_leg_001,trip_17078a4ad135_00112,1,2026-03-07T07:45:00,2026-03-07T07:50:00,walking,Mia's Apartment,Munich Hbf,0.5,5,False,none,Walk to Munich Hbf.
trip_17078a4ad135_00112_leg_002,trip_17078a4ad135_00112,2,2026-03-07T07:55:00,2026-03-07T13:20:00,regional_train,Munich Hbf,Düsseldorf Hbf,600.0,325,True,single_ticket,Regional train to Düsseldorf.
trip_17078a4ad135_00112_leg_003,trip_17078a4ad135_00112,3,2026-03-07T13:20:00,2026-03-07T13:30:00,bike,Düsseldorf Hbf,Düsseldorf Office,5.0,10,False,none,Bike the last kilometre to the office.
trip_17078a4ad135_00113_leg_001,trip_17078a4ad135_00113,1,2026-03-07T17:30:00,2026-03-07T17:40:00,bike,Düsseldorf Office,Düsseldorf Hbf,5.0,10,False,none,Bike to station.
trip_17078a4ad135_00113_leg_002,trip_17078a4ad135_00113,2,2026-03-07T17:45:00,2026-03-07T23:10:00,regional_train,Düsseldorf Hbf,Munich Hbf,600.0,325,True,single_ticket,Regional train back to Munich.
trip_17078a4ad135_00113_leg_003,trip_17078a4ad135_00113,3,2026-03-07T23:10:00,2026-03-07T23:15:00,walking,Munich Hbf,Mia's Apartment,0.5,5,False,none,Walk home.
trip_17078a4ad135_00114_leg_001,trip_17078a4ad135_00114,1,2026-03-08T18:30:00,2026-03-08T18:38:00,bike,Mia's Apartment,Tram Stop Marienplatz,2.0,8,False,none,Bike to tram stop.
trip_17078a4ad135_00114_leg_002,trip_17078a4ad135_00114,2,2026-03-08T18:40:00,2026-03-08T18:50:00,tram,Tram Stop Marienplatz,Tram Stop Restaurant,3.0,10,True,short_trip_ticket,Tram ride to restaurant area.
trip_17078a4ad135_00114_leg_003,trip_17078a4ad135_00114,3,2026-03-08T18:50:00,2026-03-08T18:53:00,walking,Tram Stop Restaurant,Bavarian Restaurant,0.5,3,False,none,Walk to the restaurant.
trip_17078a4ad135_00115_leg_001,trip_17078a4ad135_00115,1,2026-03-09T07:40:00,2026-03-09T07:45:00,walking,Mia's Apartment,Munich Hbf,0.5,5,False,none,Walk to Munich Hbf.
trip_17078a4ad135_00115_leg_002,trip_17078a4ad135_00115,2,2026-03-09T07:55:00,2026-03-09T13:20:00,regional_train,Munich Hbf,Düsseldorf Hbf,600.0,325,True,single_ticket,Regional train to Düsseldorf.
trip_17078a4ad135_00115_leg_003,trip_17078a4ad135_00115,3,2026-03-09T13:20:00,2026-03-09T13:30:00,bike,Düsseldorf Hbf,Düsseldorf Office,5.0,10,False,none,Bike the last kilometre to the office.
trip_17078a4ad135_00116_leg_001,trip_17078a4ad135_00116,1,2026-03-09T17:30:00,2026-03-09T17:40:00,bike,Düsseldorf Office,Düsseldorf Hbf,5.0,10,False,none,Bike to station.
trip_17078a4ad135_00116_leg_002,trip_17078a4ad135_00116,2,2026-03-09T17:45:00,2026-03-09T23:10:00,regional_train,Düsseldorf Hbf,Munich Hbf,600.0,325,True,single_ticket,Regional train back to Munich.
trip_17078a4ad135_00116_leg_003,trip_17078a4ad135_00116,3,2026-03-09T23:10:00,2026-03-09T23:15:00,walking,Munich Hbf,Mia's Apartment,0.5,5,False,none,Walk home.
trip_17078a4ad135_00117_leg_001,trip_17078a4ad135_00117,1,2026-03-10T08:00:00,2026-03-10T08:05:00,walking,Mia's Apartment,Munich Hbf,0.5,5,False,none,Walk to Munich station.
trip_17078a4ad135_00117_leg_002,trip_17078a4ad135_00117,2,2026-03-10T08:10:00,2026-03-10T09:55:00,regional_train,Munich Hbf,Nuremberg Hbf,170.0,105,True,single_ticket,Regional train to Nuremberg.
trip_17078a4ad135_00117_leg_003,trip_17078a4ad135_00117,3,2026-03-10T09:55:00,2026-03-10T10:05:00,bike,Nuremberg Hbf,Family House Nuremberg,5.0,10,False,none,Bike to family house.
trip_17078a4ad135_00118_leg_001,trip_17078a4ad135_00118,1,2026-03-10T17:00:00,2026-03-10T17:10:00,bike,Family House Nuremberg,Nuremberg Hbf,5.0,10,False,none,Bike to Nuremberg station.
trip_17078a4ad135_00118_leg_002,trip_17078a4ad135_00118,2,2026-03-10T17:15:00,2026-03-10T19:00:00,regional_train,Nuremberg Hbf,Munich Hbf,170.0,105,True,single_ticket,Regional train back to Munich.
trip_17078a4ad135_00118_leg_003,trip_17078a4ad135_00118,3,2026-03-10T19:00:00,2026-03-10T19:05:00,walking,Munich Hbf,Mia's Apartment,0.5,5,False,none,Walk home.
trip_17078a4ad135_00119_leg_001,trip_17078a4ad135_00119,1,2026-03-11T10:00:00,2026-03-11T10:05:00,walking,Mia's Apartment,Car2Go Spot,0.3,5,False,none,Walk to car‑sharing vehicle.
trip_17078a4ad135_00119_leg_002,trip_17078a4ad135_00119,2,2026-03-11T10:05:00,2026-03-11T10:20:00,car_sharing,Car2Go Spot,Co-Working Space,8.0,15,False,none,Drive to meeting location.
trip_17078a4ad135_00120_leg_001,trip_17078a4ad135_00120,1,2026-03-11T15:00:00,2026-03-11T15:12:00,bike,Mia's Apartment,Englischer Garten,4.0,12,False,none,Bike to the park.
trip_17078a4ad135_00121_leg_001,trip_17078a4ad135_00121,1,2026-03-12T09:00:00,2026-03-12T09:07:00,walking,Mia's apartment,Munich Central Station,0.5,7,False,none,Walk to the main train station.
trip_17078a4ad135_00121_leg_002,trip_17078a4ad135_00121,2,2026-03-12T09:07:00,2026-03-12T10:55:00,regional_train,Munich Central Station,Frankfurt Hauptbahnhof,390.0,108,True,single_ticket,Regional train to Frankfurt.
trip_17078a4ad135_00121_leg_003,trip_17078a4ad135_00121,3,2026-03-12T10:55:00,2026-03-12T11:30:00,walking,Frankfurt Hauptbahnhof,Friend's flat,0.5,35,False,none,Walk to the friend's apartment.
trip_17078a4ad135_00122_leg_001,trip_17078a4ad135_00122,1,2026-03-12T14:00:00,2026-03-12T14:07:00,walking,Mia's apartment,Tram stop Sendlinger Tor,0.5,7,False,none,Walk to the tram stop.
trip_17078a4ad135_00122_leg_002,trip_17078a4ad135_00122,2,2026-03-12T14:07:00,2026-03-12T14:25:00,tram,Tram stop Sendlinger Tor,Tram stop Karlsplatz,4.0,18,True,short_trip_ticket,Tram ride to the shopping district.
trip_17078a4ad135_00122_leg_003,trip_17078a4ad135_00122,3,2026-03-12T14:25:00,2026-03-12T14:35:00,walking,Tram stop Karlsplatz,City shopping centre,0.6,10,False,none,Walk to the mall.
trip_17078a4ad135_00123_leg_001,trip_17078a4ad135_00123,1,2026-03-13T18:00:00,2026-03-13T18:30:00,walking,Friend's flat,Frankfurt Hauptbahnhof,0.5,30,False,none,Walk to Frankfurt station.
trip_17078a4ad135_00123_leg_002,trip_17078a4ad135_00123,2,2026-03-13T18:30:00,2026-03-13T20:20:00,regional_train,Frankfurt Hauptbahnhof,Munich Central Station,390.0,110,True,single_ticket,Regional train back to Munich.
trip_17078a4ad135_00123_leg_003,trip_17078a4ad135_00123,3,2026-03-13T20:20:00,2026-03-13T20:30:00,walking,Munich Central Station,Mia's apartment,0.5,10,False,none,Walk home.
trip_17078a4ad135_00124_leg_001,trip_17078a4ad135_00124,1,2026-03-14T07:30:00,2026-03-14T07:38:00,walking,Mia's apartment,Munich Central Station,0.6,8,False,none,Walk to the main station.
trip_17078a4ad135_00124_leg_002,trip_17078a4ad135_00124,2,2026-03-14T07:38:00,2026-03-14T09:30:00,regional_train,Munich Central Station,Düsseldorf Hauptbahnhof,600.0,112,True,single_ticket,Regional train to Düsseldorf.
trip_17078a4ad135_00124_leg_003,trip_17078a4ad135_00124,3,2026-03-14T09:30:00,2026-03-14T09:45:00,bike,Düsseldorf Hauptbahnhof,Company office,1.5,15,False,none,Bike the last kilometre to work.
trip_17078a4ad135_00125_leg_001,trip_17078a4ad135_00125,1,2026-03-14T18:00:00,2026-03-14T18:15:00,bike,Company office,Düsseldorf Hauptbahnhof,1.5,15,False,none,Bike to the train station.
trip_17078a4ad135_00125_leg_002,trip_17078a4ad135_00125,2,2026-03-14T18:15:00,2026-03-14T20:00:00,regional_train,Düsseldorf Hauptbahnhof,Munich Central Station,600.0,105,True,single_ticket,Regional train back to Munich.
trip_17078a4ad135_00125_leg_003,trip_17078a4ad135_00125,3,2026-03-14T20:00:00,2026-03-14T20:10:00,walking,Munich Central Station,Mia's apartment,0.6,10,False,none,Walk home.
trip_17078a4ad135_00126_leg_001,trip_17078a4ad135_00126,1,2026-03-15T18:30:00,2026-03-15T18:38:00,walking,Mia's apartment,Tram stop Marienplatz,0.6,8,False,none,Walk to the nearest tram stop.
trip_17078a4ad135_00126_leg_002,trip_17078a4ad135_00126,2,2026-03-15T18:38:00,2026-03-15T18:55:00,tram,Tram stop Marienplatz,Tram stop Maximilianstraße,3.0,17,True,short_trip_ticket,Tram ride to the restaurant area.
trip_17078a4ad135_00126_leg_003,trip_17078a4ad135_00126,3,2026-03-15T18:55:00,2026-03-15T19:10:00,walking,Tram stop Maximilianstraße,Italian restaurant,0.5,15,False,none,Walk to the restaurant.
trip_17078a4ad135_00127_leg_001,trip_17078a4ad135_00127,1,2026-03-16T07:30:00,2026-03-16T07:38:00,walking,Mia's apartment,Munich Central Station,0.6,8,False,none,Walk to the station.
trip_17078a4ad135_00127_leg_002,trip_17078a4ad135_00127,2,2026-03-16T07:38:00,2026-03-16T09:30:00,regional_train,Munich Central Station,Düsseldorf Hauptbahnhof,600.0,112,True,single_ticket,Regional train to Düsseldorf.
trip_17078a4ad135_00127_leg_003,trip_17078a4ad135_00127,3,2026-03-16T09:30:00,2026-03-16T09:45:00,bike,Düsseldorf Hauptbahnhof,Company office,1.5,15,False,none,Bike the last kilometre to work.
trip_17078a4ad135_00128_leg_001,trip_17078a4ad135_00128,1,2026-03-16T18:00:00,2026-03-16T18:15:00,bike,Company office,Düsseldorf Hauptbahnhof,1.5,15,False,none,Bike to the station.
trip_17078a4ad135_00128_leg_002,trip_17078a4ad135_00128,2,2026-03-16T18:15:00,2026-03-16T20:00:00,regional_train,Düsseldorf Hauptbahnhof,Munich Central Station,600.0,105,True,single_ticket,Regional train back to Munich.
trip_17078a4ad135_00128_leg_003,trip_17078a4ad135_00128,3,2026-03-16T20:00:00,2026-03-16T20:10:00,walking,Munich Central Station,Mia's apartment,0.6,10,False,none,Walk home.
trip_17078a4ad135_00129_leg_001,trip_17078a4ad135_00129,1,2026-03-17T18:00:00,2026-03-17T18:07:00,walking,Mia's apartment,Bike rack near street,0.5,7,False,none,Walk to own bike.
trip_17078a4ad135_00129_leg_002,trip_17078a4ad135_00129,2,2026-03-17T18:07:00,2026-03-17T18:30:00,bike,Bike rack near street,Fitness studio entrance,5.0,23,False,none,Bike ride to the gym.
trip_17078a4ad135_00129_leg_003,trip_17078a4ad135_00129,3,2026-03-17T18:30:00,2026-03-17T18:35:00,walking,Fitness studio entrance,Fitness studio reception,0.3,5,False,none,Final short walk inside the studio.
trip_17078a4ad135_00130_leg_001,trip_17078a4ad135_00130,1,2026-03-18T07:30:00,2026-03-18T07:38:00,walking,Mia's apartment,Munich Central Station,0.6,8,False,none,Walk to the station.
trip_17078a4ad135_00130_leg_002,trip_17078a4ad135_00130,2,2026-03-18T07:38:00,2026-03-18T09:30:00,regional_train,Munich Central Station,Düsseldorf Hauptbahnhof,600.0,112,True,single_ticket,Regional train to Düsseldorf.
trip_17078a4ad135_00130_leg_003,trip_17078a4ad135_00130,3,2026-03-18T09:30:00,2026-03-18T09:45:00,bike,Düsseldorf Hauptbahnhof,Company office,1.5,15,False,none,Bike the last kilometre to work.
trip_17078a4ad135_00131_leg_001,trip_17078a4ad135_00131,1,2026-03-18T19:00:00,2026-03-18T19:05:00,walking,Company office,Shared‑bike station,0.4,5,False,none,Walk to the nearest shared‑bike dock.
trip_17078a4ad135_00131_leg_002,trip_17078a4ad135_00131,2,2026-03-18T19:05:00,2026-03-18T19:20:00,shared_bike,Shared‑bike station,Asian restaurant,2.0,15,False,none,Ride shared bike to the restaurant.
trip_17078a4ad135_00131_leg_003,trip_17078a4ad135_00131,3,2026-03-18T19:20:00,2026-03-18T19:30:00,walking,Asian restaurant entrance,Company office,0.5,10,False,none,Walk back to the office after dinner.
trip_17078a4ad135_00132_leg_001,trip_17078a4ad135_00132,1,2026-03-18T21:00:00,2026-03-18T21:15:00,walking,Asian restaurant,Mia's apartment,1.2,15,False,none,Walk home.
trip_17078a4ad135_00133_leg_001,trip_17078a4ad135_00133,1,2026-03-19T10:00:00,2026-03-19T10:07:00,walking,Mia's apartment,Munich Hbf,0.5,7,False,none,Walk to main train station
trip_17078a4ad135_00133_leg_002,trip_17078a4ad135_00133,2,2026-03-19T10:12:00,2026-03-19T10:57:00,regional_train,Munich Hbf,Augsburg Hbf,84.0,45,True,single_ticket,Regional train to Augsburg
trip_17078a4ad135_00133_leg_003,trip_17078a4ad135_00133,3,2026-03-19T11:02:00,2026-03-19T11:17:00,bike,Augsburg Hbf,Family house,5.0,15,False,none,Bike the last kilometre to family
trip_17078a4ad135_00134_leg_001,trip_17078a4ad135_00134,1,2026-03-19T18:00:00,2026-03-19T18:15:00,bike,Family house,Augsburg Hbf,5.0,15,False,none,Bike to station
trip_17078a4ad135_00134_leg_002,trip_17078a4ad135_00134,2,2026-03-19T18:20:00,2026-03-19T19:05:00,regional_train,Augsburg Hbf,Munich Hbf,84.0,45,True,single_ticket,Regional train back to Munich
trip_17078a4ad135_00134_leg_003,trip_17078a4ad135_00134,3,2026-03-19T19:10:00,2026-03-19T19:17:00,walking,Munich Hbf,Mia's apartment,0.5,7,False,none,Walk home
trip_17078a4ad135_00135_leg_001,trip_17078a4ad135_00135,1,2026-03-20T11:00:00,2026-03-20T11:10:00,walking,Mia's apartment,Café am Marienplatz,0.8,10,False,none,Walk to brunch spot
trip_17078a4ad135_00136_leg_001,trip_17078a4ad135_00136,1,2026-03-20T15:00:00,2026-03-20T15:08:00,bike,Mia's apartment,Tram stop Lothstraße,2.0,8,False,none,Bike to tram stop
trip_17078a4ad135_00136_leg_002,trip_17078a4ad135_00136,2,2026-03-20T15:10:00,2026-03-20T15:22:00,tram,Tram stop Lothstraße,Tram stop Klenzestraße,5.0,12,True,short_trip_ticket,Tram to climbing gym area
trip_17078a4ad135_00136_leg_003,trip_17078a4ad135_00136,3,2026-03-20T15:25:00,2026-03-20T15:30:00,walking,Tram stop Klenzestraße,Indoor Climbing Gym,0.3,5,False,none,Short walk to gym
trip_17078a4ad135_00137_leg_001,trip_17078a4ad135_00137,1,2026-03-21T07:30:00,2026-03-21T07:37:00,walking,Mia's apartment,Munich Hbf,0.5,7,False,none,Walk to main station
trip_17078a4ad135_00137_leg_002,trip_17078a4ad135_00137,2,2026-03-21T07:45:00,2026-03-21T13:15:00,regional_train,Munich Hbf,Düsseldorf Hbf,610.0,330,True,single_ticket,ICE regional train to Düsseldorf
trip_17078a4ad135_00137_leg_003,trip_17078a4ad135_00137,3,2026-03-21T13:20:00,2026-03-21T13:32:00,bike,Düsseldorf Hbf,Düsseldorf office,3.0,12,False,none,Bike the last kilometre to work
trip_17078a4ad135_00138_leg_001,trip_17078a4ad135_00138,1,2026-03-21T17:00:00,2026-03-21T17:12:00,bike,Düsseldorf office,Düsseldorf Hbf,3.0,12,False,none,Bike to station
trip_17078a4ad135_00138_leg_002,trip_17078a4ad135_00138,2,2026-03-21T17:17:00,2026-03-21T22:47:00,regional_train,Düsseldorf Hbf,Munich Hbf,610.0,330,True,single_ticket,ICE back to Munich
trip_17078a4ad135_00138_leg_003,trip_17078a4ad135_00138,3,2026-03-21T22:52:00,2026-03-21T22:59:00,walking,Munich Hbf,Mia's apartment,0.5,7,False,none,Walk home
trip_17078a4ad135_00139_leg_001,trip_17078a4ad135_00139,1,2026-03-22T19:00:00,2026-03-22T19:12:00,walking,Mia's apartment,Restaurant Glockenbach,1.0,12,False,none,Walk to dinner
trip_17078a4ad135_00140_leg_001,trip_17078a4ad135_00140,1,2026-03-23T07:45:00,2026-03-23T07:52:00,walking,Mia's apartment,Munich Hbf,0.5,7,False,none,Walk to station
trip_17078a4ad135_00140_leg_002,trip_17078a4ad135_00140,2,2026-03-23T08:00:00,2026-03-23T13:30:00,regional_train,Munich Hbf,Düsseldorf Hbf,610.0,330,True,single_ticket,ICE to Düsseldorf
trip_17078a4ad135_00140_leg_003,trip_17078a4ad135_00140,3,2026-03-23T13:35:00,2026-03-23T13:47:00,bike,Düsseldorf Hbf,Düsseldorf office,3.0,12,False,none,Bike to office
trip_17078a4ad135_00141_leg_001,trip_17078a4ad135_00141,1,2026-03-23T17:30:00,2026-03-23T17:42:00,bike,Düsseldorf office,Düsseldorf Hbf,3.0,12,False,none,Bike to station
trip_17078a4ad135_00141_leg_002,trip_17078a4ad135_00141,2,2026-03-23T17:47:00,2026-03-23T23:17:00,regional_train,Düsseldorf Hbf,Munich Hbf,610.0,330,True,single_ticket,ICE back to Munich
trip_17078a4ad135_00141_leg_003,trip_17078a4ad135_00141,3,2026-03-23T23:22:00,2026-03-23T23:29:00,walking,Munich Hbf,Mia's apartment,0.5,7,False,none,Walk home
trip_17078a4ad135_00142_leg_001,trip_17078a4ad135_00142,1,2026-03-24T14:00:00,2026-03-24T14:08:00,walking,Mia's apartment,Tram stop Theresienwiese,0.6,8,False,none,Walk to tram stop
trip_17078a4ad135_00142_leg_002,trip_17078a4ad135_00142,2,2026-03-24T14:10:00,2026-03-24T14:22:00,tram,Tram stop Theresienwiese,Tram stop Pinakotheken,4.0,12,True,short_trip_ticket,Tram to museum area
trip_17078a4ad135_00142_leg_003,trip_17078a4ad135_00142,3,2026-03-24T14:25:00,2026-03-24T14:30:00,walking,Tram stop Pinakotheken,Museum Brandhorst,0.2,5,False,none,Short walk to museum entrance
trip_17078a4ad135_00143_leg_001,trip_17078a4ad135_00143,1,2026-03-25T07:30:00,2026-03-25T07:37:00,walking,Mia's apartment,Munich Hbf,0.5,7,False,none,Walk to station
trip_17078a4ad135_00143_leg_002,trip_17078a4ad135_00143,2,2026-03-25T07:45:00,2026-03-25T13:15:00,regional_train,Munich Hbf,Düsseldorf Hbf,610.0,330,True,single_ticket,ICE to Düsseldorf
trip_17078a4ad135_00143_leg_003,trip_17078a4ad135_00143,3,2026-03-25T13:20:00,2026-03-25T13:32:00,bike,Düsseldorf Hbf,Düsseldorf office,3.0,12,False,none,Bike to office
trip_17078a4ad135_00144_leg_001,trip_17078a4ad135_00144,1,2026-03-25T17:30:00,2026-03-25T17:42:00,bike,Düsseldorf office,Düsseldorf Hbf,3.0,12,False,none,Bike to station
trip_17078a4ad135_00144_leg_002,trip_17078a4ad135_00144,2,2026-03-25T17:47:00,2026-03-25T22:47:00,regional_train,Düsseldorf Hbf,Munich Hbf,610.0,300,True,single_ticket,ICE back to Munich
trip_17078a4ad135_00144_leg_003,trip_17078a4ad135_00144,3,2026-03-25T22:52:00,2026-03-25T22:59:00,walking,Munich Hbf,Mia's apartment,0.5,7,False,none,Walk home
trip_17078a4ad135_00145_leg_001,trip_17078a4ad135_00145,1,2026-03-26T18:30:00,2026-03-26T18:35:00,walking,Home,Tram Stop,0.4,5,False,none,Walk from home to the nearest tram stop.
trip_17078a4ad135_00145_leg_002,trip_17078a4ad135_00145,2,2026-03-26T18:35:00,2026-03-26T19:05:00,tram,Tram Stop,City Center,4.0,30,True,short_trip_ticket,Tram ride through the city centre.
trip_17078a4ad135_00145_leg_003,trip_17078a4ad135_00145,3,2026-03-26T19:05:00,2026-03-26T19:15:00,walking,City Center,Italian Restaurant,0.6,10,False,none,Walk to the restaurant.
trip_17078a4ad135_00146_leg_001,trip_17078a4ad135_00146,1,2026-03-27T07:10:00,2026-03-27T07:20:00,walking,Home,Munich Hbf,0.8,10,False,none,Walk to Munich central station.
trip_17078a4ad135_00146_leg_002,trip_17078a4ad135_00146,2,2026-03-27T07:20:00,2026-03-27T11:50:00,regional_train,Munich Hbf,Düsseldorf Hbf,600.0,270,True,single_ticket,Regional train (RE) from Munich to Düsseldorf.
trip_17078a4ad135_00146_leg_003,trip_17078a4ad135_00146,3,2026-03-27T11:50:00,2026-03-27T12:10:00,bike,Düsseldorf Hbf,Office,5.0,20,False,none,Bike the last kilometre to the office.
trip_17078a4ad135_00147_leg_001,trip_17078a4ad135_00147,1,2026-03-27T18:05:00,2026-03-27T18:25:00,bike,Office,Düsseldorf Hbf,5.0,20,False,none,Bike to the Düsseldorf station.
trip_17078a4ad135_00147_leg_002,trip_17078a4ad135_00147,2,2026-03-27T18:30:00,2026-03-27T22:50:00,regional_train,Düsseldorf Hbf,Munich Hbf,600.0,260,True,single_ticket,Regional train back to Munich.
trip_17078a4ad135_00147_leg_003,trip_17078a4ad135_00147,3,2026-03-27T22:50:00,2026-03-27T22:55:00,walking,Munich Hbf,Home,0.8,5,False,none,Walk home from the station.
trip_17078a4ad135_00148_leg_001,trip_17078a4ad135_00148,1,2026-03-28T09:00:00,2026-03-28T09:10:00,walking,Home,Munich Hbf,0.8,10,False,none,Walk to Munich central station.
trip_17078a4ad135_00148_leg_002,trip_17078a4ad135_00148,2,2026-03-28T09:10:00,2026-03-28T12:40:00,regional_train,Munich Hbf,Frankfurt Hbf,400.0,210,True,single_ticket,ICE (regional train) from Munich to Frankfurt.
trip_17078a4ad135_00148_leg_003,trip_17078a4ad135_00148,3,2026-03-28T12:40:00,2026-03-28T12:55:00,shared_bike,Frankfurt Hbf,Family Home,2.0,15,False,none,Shared bike from the station to the family house.
trip_17078a4ad135_00149_leg_001,trip_17078a4ad135_00149,1,2026-03-28T14:30:00,2026-03-28T14:45:00,shared_bike,Family Home,Frankfurt Hbf,2.0,15,False,none,Shared bike to the station.
trip_17078a4ad135_00149_leg_002,trip_17078a4ad135_00149,2,2026-03-28T14:45:00,2026-03-28T18:15:00,regional_train,Frankfurt Hbf,Munich Hbf,400.0,210,True,single_ticket,ICE back to Munich.
trip_17078a4ad135_00149_leg_003,trip_17078a4ad135_00149,3,2026-03-28T18:15:00,2026-03-28T18:25:00,walking,Munich Hbf,Home,0.8,10,False,none,Walk home from the station.
trip_17078a4ad135_00150_leg_001,trip_17078a4ad135_00150,1,2026-03-30T19:00:00,2026-03-30T19:30:00,bike,Home,Gym,8.0,30,False,none,Bike ride to the gym.
trip_416f38158abd_00001_leg_001,trip_416f38158abd_00001,1,2026-01-01T09:00:00,2026-01-01T09:20:00,car,"Home, Bamberg",Stadtpark Bamberg,8.0,20,False,none,Drive to the city park.
trip_416f38158abd_00001_leg_002,trip_416f38158abd_00001,2,2026-01-01T09:40:00,2026-01-01T10:00:00,car,Stadtpark Bamberg,"Home, Bamberg",8.0,20,False,none,Drive back home after the park visit.
trip_416f38158abd_00002_leg_001,trip_416f38158abd_00002,1,2026-01-02T10:00:00,2026-01-02T10:07:00,walking,"Home, Bamberg",Bamberg Hauptbahnhof,0.5,7,False,none,Walk to the main train station.
trip_416f38158abd_00002_leg_002,trip_416f38158abd_00002,2,2026-01-02T10:15:00,2026-01-02T11:00:00,regional_train,Bamberg Hauptbahnhof,Nürnberg Hauptbahnhof,100.0,45,True,monthly_pass,"Regional train to Nürnberg, covered by the monthly pass."
trip_416f38158abd_00002_leg_003,trip_416f38158abd_00002,3,2026-01-02T11:00:00,2026-01-02T11:07:00,walking,Nürnberg Hauptbahnhof,"Relative's house, Nürnberg",0.5,7,False,none,Walk from the station to the relatives' home.
trip_416f38158abd_00003_leg_001,trip_416f38158abd_00003,1,2026-01-03T07:15:00,2026-01-03T07:45:00,car,"Home, Bamberg",Gymnasium Bamberg,12.0,30,False,none,"Drive from home, stop at the kids' primary school, continue to the gymnasium."
trip_416f38158abd_00004_leg_001,trip_416f38158abd_00004,1,2026-01-03T16:30:00,2026-01-03T17:00:00,car,Gymnasium Bamberg,"Home, Bamberg",12.0,30,False,none,Drive home directly after the school day.
trip_416f38158abd_00005_leg_001,trip_416f38158abd_00005,1,2026-01-04T07:15:00,2026-01-04T07:45:00,car,"Home, Bamberg",Gymnasium Bamberg,12.0,30,False,none,"Drive to work, dropping the kids on the way."
trip_416f38158abd_00006_leg_001,trip_416f38158abd_00006,1,2026-01-04T16:30:00,2026-01-04T16:35:00,car,Gymnasium Bamberg,Bus Stop Bamberg‑West,2.0,5,False,none,Drive from work to the nearest bus stop.
trip_416f38158abd_00006_leg_002,trip_416f38158abd_00006,2,2026-01-04T16:40:00,2026-01-04T17:00:00,bus,Bus Stop Bamberg‑West,Town Centre Bamberg,10.0,20,True,monthly_pass,Take the regional bus to the town centre for errands.
trip_416f38158abd_00006_leg_003,trip_416f38158abd_00006,3,2026-01-04T17:05:00,2026-01-04T17:20:00,car,Town Centre Bamberg,"Home, Bamberg",8.0,15,False,none,Drive home after completing the errand.
trip_416f38158abd_00007_leg_001,trip_416f38158abd_00007,1,2026-01-05T07:15:00,2026-01-05T07:45:00,car,"Home, Bamberg",Gymnasium Bamberg,12.0,30,False,none,"Drive to the school, with the usual drop‑off of the children."
trip_416f38158abd_00008_leg_001,trip_416f38158abd_00008,1,2026-01-05T18:30:00,2026-01-05T18:45:00,bike,"Home, Bamberg",Sports Club Bamberg,5.0,15,False,none,Bike to the sports club.
trip_416f38158abd_00008_leg_002,trip_416f38158abd_00008,2,2026-01-05T18:55:00,2026-01-05T19:10:00,bike,Sports Club Bamberg,"Home, Bamberg",5.0,15,False,none,Bike back home after the workout.
trip_416f38158abd_00009_leg_001,trip_416f38158abd_00009,1,2026-01-06T07:15:00,2026-01-06T07:45:00,car,"Home, Bamberg",Gymnasium Bamberg,12.0,30,False,none,"Drive to school, with the usual school‑run."
trip_416f38158abd_00010_leg_001,trip_416f38158abd_00010,1,2026-01-06T16:30:00,2026-01-06T17:00:00,car,Gymnasium Bamberg,"Home, Bamberg",12.0,30,False,none,Drive home after the school day.
trip_416f38158abd_00011_leg_001,trip_416f38158abd_00011,1,2026-01-07T07:15:00,2026-01-07T07:45:00,car,"Home, Bamberg",Gymnasium Bamberg,12.0,30,False,none,"Drive to work, with the usual school‑run."
trip_416f38158abd_00012_leg_001,trip_416f38158abd_00012,1,2026-01-07T16:30:00,2026-01-07T17:00:00,car,Gymnasium Bamberg,"Home, Bamberg",12.0,30,False,none,Drive home after the school day.
trip_416f38158abd_00013_leg_001,trip_416f38158abd_00013,1,2026-01-08T07:15:00,2026-01-08T07:40:00,car,Fischer Residence,Gymnasium Bamberg,15.0,25,False,none,"Direct drive from home, dropping kids on the way."
trip_416f38158abd_00014_leg_001,trip_416f38158abd_00014,1,2026-01-08T16:30:00,2026-01-08T16:55:00,car,Gymnasium Bamberg,Fischer Residence,15.0,25,False,none,Direct drive back home.
trip_416f38158abd_00015_leg_001,trip_416f38158abd_00015,1,2026-01-09T07:20:00,2026-01-09T07:45:00,car,Fischer Residence,Gymnasium Bamberg,15.0,25,False,none,Drive with kids to school and then to work.
trip_416f38158abd_00016_leg_001,trip_416f38158abd_00016,1,2026-01-09T16:35:00,2026-01-09T17:00:00,car,Gymnasium Bamberg,Fischer Residence,15.0,25,False,none,Drive home after work.
trip_416f38158abd_00017_leg_001,trip_416f38158abd_00017,1,2026-01-10T09:00:00,2026-01-10T09:25:00,car,Fischer Residence,Stadtpark Bamberg,12.0,25,False,none,Drive to the city park for a family walk.
trip_416f38158abd_00018_leg_001,trip_416f38158abd_00018,1,2026-01-10T17:00:00,2026-01-10T17:25:00,car,Stadtpark Bamberg,Fischer Residence,12.0,25,False,none,Drive back home.
trip_416f38158abd_00019_leg_001,trip_416f38158abd_00019,1,2026-01-11T08:00:00,2026-01-11T08:05:00,walking,Fischer Residence,Bamberg Hbf,0.4,5,False,none,Walk to Bamberg main station.
trip_416f38158abd_00019_leg_002,trip_416f38158abd_00019,2,2026-01-11T08:10:00,2026-01-11T09:30:00,regional_train,Bamberg Hbf,Nürnberg Hbf,100.0,80,True,monthly_pass,Regional train ride covered by monthly pass.
trip_416f38158abd_00019_leg_003,trip_416f38158abd_00019,3,2026-01-11T09:35:00,2026-01-11T09:40:00,walking,Nürnberg Hbf,Fischer Relatives,0.5,5,False,none,Walk from Nürnberg station to relatives' house.
trip_416f38158abd_00020_leg_001,trip_416f38158abd_00020,1,2026-01-11T18:00:00,2026-01-11T18:05:00,walking,Fischer Relatives,Nürnberg Hbf,0.5,5,False,none,Walk to Nürnberg main station.
trip_416f38158abd_00020_leg_002,trip_416f38158abd_00020,2,2026-01-11T18:10:00,2026-01-11T19:30:00,regional_train,Nürnberg Hbf,Bamberg Hbf,100.0,80,True,monthly_pass,"Regional train back to Bamberg, covered by monthly pass."
trip_416f38158abd_00020_leg_003,trip_416f38158abd_00020,3,2026-01-11T19:35:00,2026-01-11T19:40:00,walking,Bamberg Hbf,Fischer Residence,0.4,5,False,none,Walk home from Bamberg station.
trip_416f38158abd_00021_leg_001,trip_416f38158abd_00021,1,2026-01-12T07:10:00,2026-01-12T07:35:00,car,Fischer Residence,Gymnasium Bamberg,15.0,25,False,none,"Drive to work, dropping kids on the way."
trip_416f38158abd_00022_leg_001,trip_416f38158abd_00022,1,2026-01-12T16:25:00,2026-01-12T16:50:00,car,Gymnasium Bamberg,Fischer Residence,15.0,25,False,none,Drive home after work.
trip_416f38158abd_00023_leg_001,trip_416f38158abd_00023,1,2026-01-13T07:15:00,2026-01-13T07:40:00,car,Fischer Residence,Gymnasium Bamberg,15.0,25,False,none,"Drive to work, dropping kids en route."
trip_416f38158abd_00024_leg_001,trip_416f38158abd_00024,1,2026-01-13T16:30:00,2026-01-13T16:55:00,car,Gymnasium Bamberg,Fischer Residence,15.0,25,False,none,Drive home after work.
trip_416f38158abd_00025_leg_001,trip_416f38158abd_00025,1,2026-01-15T07:15:00,2026-01-15T07:25:00,car,Fischer Residence,Grundschule Bamberg,5.0,10,False,none,Drive from home to children’s primary school for drop‑off.
trip_416f38158abd_00025_leg_002,trip_416f38158abd_00025,2,2026-01-15T07:25:00,2026-01-15T07:37:00,car,Grundschule Bamberg,Gymnasium Bamberg,8.0,12,False,none,Continue driving to the workplace after school drop‑off.
trip_416f38158abd_00026_leg_001,trip_416f38158abd_00026,1,2026-01-15T16:00:00,2026-01-15T16:20:00,car,Gymnasium Bamberg,Fischer Residence,13.0,20,False,none,Drive directly home from work.
trip_416f38158abd_00027_leg_001,trip_416f38158abd_00027,1,2026-01-16T07:15:00,2026-01-16T07:25:00,car,Fischer Residence,Grundschule Bamberg,5.0,10,False,none,Drive to children’s school.
trip_416f38158abd_00027_leg_002,trip_416f38158abd_00027,2,2026-01-16T07:25:00,2026-01-16T07:37:00,car,Grundschule Bamberg,Gymnasium Bamberg,8.0,12,False,none,Continue to the workplace.
trip_416f38158abd_00028_leg_001,trip_416f38158abd_00028,1,2026-01-16T16:00:00,2026-01-16T16:20:00,car,Gymnasium Bamberg,Fischer Residence,13.0,20,False,none,Direct drive home.
trip_416f38158abd_00029_leg_001,trip_416f38158abd_00029,1,2026-01-17T10:00:00,2026-01-17T10:30:00,car,Fischer Residence,Stadtpark Bamberg,12.0,30,False,none,Drive to the park for a family walk.
trip_416f38158abd_00030_leg_001,trip_416f38158abd_00030,1,2026-01-18T09:00:00,2026-01-18T09:05:00,walking,Fischer Residence,Bamberg Hauptbahnhof,0.5,5,False,none,Walk to the main train station.
trip_416f38158abd_00030_leg_002,trip_416f38158abd_00030,2,2026-01-18T09:05:00,2026-01-18T10:20:00,regional_train,Bamberg Hauptbahnhof,Nürnberg Hauptbahnhof,100.0,75,True,monthly_pass,"Regional train ride to Nürnberg, covered by monthly pass."
trip_416f38158abd_00030_leg_003,trip_416f38158abd_00030,3,2026-01-18T10:20:00,2026-01-18T10:25:00,walking,Nürnberg Hauptbahnhof,Fischer Relatives,0.5,5,False,none,Walk from the station to the relatives' house.
trip_416f38158abd_00031_leg_001,trip_416f38158abd_00031,1,2026-01-19T07:15:00,2026-01-19T07:25:00,car,Fischer Residence,Grundschule Bamberg,5.0,10,False,none,Drive to drop children at school.
trip_416f38158abd_00031_leg_002,trip_416f38158abd_00031,2,2026-01-19T07:25:00,2026-01-19T07:37:00,car,Grundschule Bamberg,Gymnasium Bamberg,8.0,12,False,none,Proceed to the workplace.
trip_416f38158abd_00032_leg_001,trip_416f38158abd_00032,1,2026-01-19T16:00:00,2026-01-19T16:20:00,car,Gymnasium Bamberg,Fischer Residence,13.0,20,False,none,Direct drive home.
trip_416f38158abd_00033_leg_001,trip_416f38158abd_00033,1,2026-01-20T07:15:00,2026-01-20T07:25:00,car,Fischer Residence,Grundschule Bamberg,5.0,10,False,none,Drive to children’s school.
trip_416f38158abd_00033_leg_002,trip_416f38158abd_00033,2,2026-01-20T07:25:00,2026-01-20T07:37:00,car,Grundschule Bamberg,Gymnasium Bamberg,8.0,12,False,none,Proceed to workplace.
trip_416f38158abd_00034_leg_001,trip_416f38158abd_00034,1,2026-01-20T16:00:00,2026-01-20T16:20:00,car,Gymnasium Bamberg,Fischer Residence,13.0,20,False,none,Direct drive home.
trip_416f38158abd_00035_leg_001,trip_416f38158abd_00035,1,2026-01-21T07:15:00,2026-01-21T07:25:00,car,Fischer Residence,Grundschule Bamberg,5.0,10,False,none,Drive to children’s school.
trip_416f38158abd_00035_leg_002,trip_416f38158abd_00035,2,2026-01-21T07:25:00,2026-01-21T07:37:00,car,Grundschule Bamberg,Gymnasium Bamberg,8.0,12,False,none,Proceed to workplace.
trip_416f38158abd_00036_leg_001,trip_416f38158abd_00036,1,2026-01-21T16:00:00,2026-01-21T16:20:00,car,Gymnasium Bamberg,Fischer Residence,13.0,20,False,none,Direct drive home.
trip_416f38158abd_00037_leg_001,trip_416f38158abd_00037,1,2026-01-22T07:15:00,2026-01-22T08:30:00,car,Home,Grundschule Bamberg,15.0,75,False,none,"Drive from home, drop kids at the primary school, then continue to the teaching workplace."
trip_416f38158abd_00038_leg_001,trip_416f38158abd_00038,1,2026-01-22T18:00:00,2026-01-22T18:05:00,walking,Home,Bus Stop,0.5,5,False,none,Walk from home to the nearest bus stop.
trip_416f38158abd_00038_leg_002,trip_416f38158abd_00038,2,2026-01-22T18:05:00,2026-01-22T18:25:00,bus,Bus Stop,Town Centre Stop,5.0,20,True,monthly_pass,Regional bus ride to the town centre.
trip_416f38158abd_00038_leg_003,trip_416f38158abd_00038,3,2026-01-22T18:25:00,2026-01-22T18:30:00,walking,Town Centre Stop,Supermarkt Bamberg,0.4,5,False,none,Short walk to the supermarket.
trip_416f38158abd_00039_leg_001,trip_416f38158abd_00039,1,2026-01-23T07:10:00,2026-01-23T08:25:00,car,Home,Grundschule Bamberg,15.0,75,False,none,"Drive from home, drop kids, and continue to the school."
trip_416f38158abd_00040_leg_001,trip_416f38158abd_00040,1,2026-01-23T18:30:00,2026-01-23T18:50:00,bike,Grundschule Bamberg,Sportverein Bamberg,5.0,20,False,none,Bike ride from school to the local sports club.
trip_416f38158abd_00041_leg_001,trip_416f38158abd_00041,1,2026-01-24T09:30:00,2026-01-24T09:50:00,car,Home,Stadtpark Bamberg,10.0,20,False,none,Drive from home to the city park.
trip_416f38158abd_00042_leg_001,trip_416f38158abd_00042,1,2026-01-24T13:00:00,2026-01-24T13:20:00,car,Stadtpark Bamberg,Home,10.0,20,False,none,Drive back home from the park.
trip_416f38158abd_00043_leg_001,trip_416f38158abd_00043,1,2026-01-24T15:00:00,2026-01-24T15:15:00,bike,Home,Einkaufszentrum Bamberg,4.0,15,False,none,Bike ride to the shopping centre.
trip_416f38158abd_00044_leg_001,trip_416f38158abd_00044,1,2026-01-24T16:30:00,2026-01-24T16:45:00,bike,Einkaufszentrum Bamberg,Home,4.0,15,False,none,Bike ride back home.
trip_416f38158abd_00045_leg_001,trip_416f38158abd_00045,1,2026-01-25T08:00:00,2026-01-25T08:10:00,walking,Home,Bamberg Station,0.8,10,False,none,Walk to Bamberg main train station.
trip_416f38158abd_00045_leg_002,trip_416f38158abd_00045,2,2026-01-25T08:10:00,2026-01-25T09:40:00,regional_train,Bamberg Station,Nürnberg Station,170.0,90,True,monthly_pass,Regional train to Nürnberg.
trip_416f38158abd_00045_leg_003,trip_416f38158abd_00045,3,2026-01-25T09:40:00,2026-01-25T09:48:00,walking,Nürnberg Station,Relatives in Nürnberg,0.6,8,False,none,Walk to relatives' house.
trip_416f38158abd_00046_leg_001,trip_416f38158abd_00046,1,2026-01-25T17:00:00,2026-01-25T17:08:00,walking,Relatives in Nürnberg,Nürnberg Station,0.6,8,False,none,Walk to Nürnberg station.
trip_416f38158abd_00046_leg_002,trip_416f38158abd_00046,2,2026-01-25T17:08:00,2026-01-25T18:38:00,regional_train,Nürnberg Station,Bamberg Station,170.0,90,True,monthly_pass,Regional train back to Bamberg.
trip_416f38158abd_00046_leg_003,trip_416f38158abd_00046,3,2026-01-25T18:38:00,2026-01-25T18:48:00,walking,Bamberg Station,Home,0.8,10,False,none,Walk home from the station.
trip_416f38158abd_00047_leg_001,trip_416f38158abd_00047,1,2026-01-26T07:05:00,2026-01-26T08:20:00,car,Home,Grundschule Bamberg,15.0,75,False,none,"Drive from home, drop kids, continue to work."
trip_416f38158abd_00048_leg_001,trip_416f38158abd_00048,1,2026-01-27T18:15:00,2026-01-27T18:20:00,walking,Grundschule Bamberg,Bus Stop,0.5,5,False,none,Walk to the nearest bus stop.
trip_416f38158abd_00048_leg_002,trip_416f38158abd_00048,2,2026-01-27T18:20:00,2026-01-27T18:35:00,bus,Bus Stop,Friend's Stop,3.0,15,True,monthly_pass,Bus ride to the friend's neighbourhood.
trip_416f38158abd_00048_leg_003,trip_416f38158abd_00048,3,2026-01-27T18:35:00,2026-01-27T18:40:00,walking,Friend's Stop,Friend's house,0.3,5,False,none,Short walk to the friend's house.
trip_416f38158abd_00049_leg_001,trip_416f38158abd_00049,1,2026-01-29T07:15:00,2026-01-29T08:00:00,car,Home,Grundschule Bamberg,12.0,45,False,none,"Drive from home to school, dropping kids on the way."
trip_416f38158abd_00050_leg_001,trip_416f38158abd_00050,1,2026-01-29T16:30:00,2026-01-29T17:15:00,car,Grundschule Bamberg,Home,12.0,45,False,none,Drive back home.
trip_416f38158abd_00051_leg_001,trip_416f38158abd_00051,1,2026-01-30T07:20:00,2026-01-30T08:05:00,car,Home,Grundschule Bamberg,12.0,45,False,none,"Drive to work, dropping kids on the way."
trip_416f38158abd_00052_leg_001,trip_416f38158abd_00052,1,2026-01-30T16:35:00,2026-01-30T17:20:00,car,Grundschule Bamberg,Home,12.0,45,False,none,Drive back home.
trip_416f38158abd_00053_leg_001,trip_416f38158abd_00053,1,2026-01-31T09:30:00,2026-01-31T09:45:00,bike,Home,Stadtpark Bamberg,5.0,15,False,none,Bike ride to the city park.
trip_416f38158abd_00054_leg_001,trip_416f38158abd_00054,1,2026-01-31T12:30:00,2026-01-31T12:45:00,bike,Stadtpark Bamberg,Home,5.0,15,False,none,Bike ride back home.
trip_416f38158abd_00055_leg_001,trip_416f38158abd_00055,1,2026-01-31T14:00:00,2026-01-31T14:05:00,walking,Home,Bus Stop Bamberg,0.3,5,False,none,Walk to the bus stop.
trip_416f38158abd_00055_leg_002,trip_416f38158abd_00055,2,2026-01-31T14:05:00,2026-01-31T14:25:00,bus,Bus Stop Bamberg,City Center Stop,8.0,20,True,monthly_pass,Regional bus ride to city centre.
trip_416f38158abd_00055_leg_003,trip_416f38158abd_00055,3,2026-01-31T14:25:00,2026-01-31T14:30:00,walking,City Center Stop,Bamberg City Center,0.3,5,False,none,Walk to the shopping mall.
trip_416f38158abd_00056_leg_001,trip_416f38158abd_00056,1,2026-01-31T17:00:00,2026-01-31T17:05:00,walking,Bamberg City Center,City Center Stop,0.3,5,False,none,Walk to the bus stop.
trip_416f38158abd_00056_leg_002,trip_416f38158abd_00056,2,2026-01-31T17:05:00,2026-01-31T17:25:00,bus,City Center Stop,Bus Stop Bamberg,8.0,20,True,monthly_pass,Bus ride back towards home.
trip_416f38158abd_00056_leg_003,trip_416f38158abd_00056,3,2026-01-31T17:25:00,2026-01-31T17:30:00,walking,Bus Stop Bamberg,Home,0.3,5,False,none,Walk home from the bus stop.
trip_416f38158abd_00057_leg_001,trip_416f38158abd_00057,1,2026-02-01T10:00:00,2026-02-01T10:10:00,car,Home,Bamberg Hauptbahnhof,2.0,10,False,none,Drive to the train station.
trip_416f38158abd_00057_leg_002,trip_416f38158abd_00057,2,2026-02-01T10:10:00,2026-02-01T10:40:00,regional_train,Bamberg Hauptbahnhof,Forchheim Bahnhof,50.0,30,True,monthly_pass,Regional train to Forchheim.
trip_416f38158abd_00057_leg_003,trip_416f38158abd_00057,3,2026-02-01T10:40:00,2026-02-01T10:45:00,walking,Forchheim Bahnhof,"Parents' house, Forchheim",0.5,5,False,none,Walk to family house.
trip_416f38158abd_00058_leg_001,trip_416f38158abd_00058,1,2026-02-01T18:00:00,2026-02-01T18:05:00,walking,"Parents' house, Forchheim",Forchheim Bahnhof,0.5,5,False,none,Walk to the train station.
trip_416f38158abd_00058_leg_002,trip_416f38158abd_00058,2,2026-02-01T18:05:00,2026-02-01T18:35:00,regional_train,Forchheim Bahnhof,Bamberg Hauptbahnhof,50.0,30,True,monthly_pass,Regional train back to Bamberg.
trip_416f38158abd_00058_leg_003,trip_416f38158abd_00058,3,2026-02-01T18:35:00,2026-02-01T18:45:00,car,Bamberg Hauptbahnhof,Home,2.0,10,False,none,Drive home from the station.
trip_416f38158abd_00059_leg_001,trip_416f38158abd_00059,1,2026-02-02T07:10:00,2026-02-02T07:55:00,car,Home,Grundschule Bamberg,12.0,45,False,none,Drive to school.
trip_416f38158abd_00060_leg_001,trip_416f38158abd_00060,1,2026-02-02T16:45:00,2026-02-02T17:30:00,car,Grundschule Bamberg,Home,12.0,45,False,none,Drive back home.
trip_416f38158abd_00061_leg_001,trip_416f38158abd_00061,1,2026-02-05T07:30:00,2026-02-05T07:40:00,car,Home,Kids' School,5.0,10,False,none,Drive from home to the primary school to drop the children.
trip_416f38158abd_00061_leg_002,trip_416f38158abd_00061,2,2026-02-05T07:42:00,2026-02-05T07:49:00,car,Kids' School,Workplace (Primary School),3.0,7,False,none,Continue by car to the workplace after the drop‑off.
trip_416f38158abd_00062_leg_001,trip_416f38158abd_00062,1,2026-02-05T16:00:00,2026-02-05T16:15:00,car,Workplace (Primary School),Home,8.0,15,False,none,Drive home directly after the workday.
trip_416f38158abd_00063_leg_001,trip_416f38158abd_00063,1,2026-02-06T07:30:00,2026-02-06T07:40:00,car,Home,Kids' School,5.0,10,False,none,Drive to the children’s primary school.
trip_416f38158abd_00063_leg_002,trip_416f38158abd_00063,2,2026-02-06T07:42:00,2026-02-06T07:49:00,car,Kids' School,Workplace (Primary School),3.0,7,False,none,Continue to the workplace after the drop‑off.
trip_416f38158abd_00064_leg_001,trip_416f38158abd_00064,1,2026-02-06T16:00:00,2026-02-06T16:15:00,car,Workplace (Primary School),Home,8.0,15,False,none,Drive home after the workday.
trip_416f38158abd_00065_leg_001,trip_416f38158abd_00065,1,2026-02-07T10:00:00,2026-02-07T10:12:00,car,Home,Park Parking,6.0,12,False,none,Drive from home to the park parking area.
trip_416f38158abd_00065_leg_002,trip_416f38158abd_00065,2,2026-02-07T10:12:00,2026-02-07T10:42:00,walking,Park Parking,Park Area,2.0,30,False,none,Walk through the park to the playground area.
trip_416f38158abd_00065_leg_003,trip_416f38158abd_00065,3,2026-02-07T10:42:00,2026-02-07T10:55:00,car,Park Parking,Home,6.0,13,False,none,Drive back home after the park visit.
trip_416f38158abd_00066_leg_001,trip_416f38158abd_00066,1,2026-02-08T09:00:00,2026-02-08T09:07:00,car,Home,Bamberg Station Parking,3.0,7,False,none,Drive to the Bamberg regional‑train station.
trip_416f38158abd_00066_leg_002,trip_416f38158abd_00066,2,2026-02-08T09:12:00,2026-02-08T09:57:00,regional_train,Bamberg Station,Nürnberg Hauptbahnhof,70.0,45,True,monthly_pass,"Regional train to Nürnberg, covered by monthly pass."
trip_416f38158abd_00066_leg_003,trip_416f38158abd_00066,3,2026-02-08T09:57:00,2026-02-08T10:12:00,walking,Nürnberg Hauptbahnhof,Relatives' Home,1.0,15,False,none,Walk from the station to the relatives' house.
trip_416f38158abd_00066_leg_004,trip_416f38158abd_00066,4,2026-02-08T10:12:00,2026-02-08T10:24:00,car,Relatives' Home,Nürnberg Station Parking,5.0,12,False,none,Drive back to the Nürnberg station.
trip_416f38158abd_00066_leg_005,trip_416f38158abd_00066,5,2026-02-08T10:29:00,2026-02-08T11:14:00,regional_train,Nürnberg Hauptbahnhof,Bamberg Station,70.0,45,True,monthly_pass,"Return train to Bamberg, covered by monthly pass."
trip_416f38158abd_00066_leg_006,trip_416f38158abd_00066,6,2026-02-08T11:14:00,2026-02-08T11:21:00,car,Bamberg Station Parking,Home,3.0,7,False,none,Drive home from the station.
trip_416f38158abd_00067_leg_001,trip_416f38158abd_00067,1,2026-02-09T07:30:00,2026-02-09T07:40:00,car,Home,Kids' School,5.0,10,False,none,Drive to drop the children at school.
trip_416f38158abd_00067_leg_002,trip_416f38158abd_00067,2,2026-02-09T07:42:00,2026-02-09T07:49:00,car,Kids' School,Workplace (Primary School),3.0,7,False,none,Proceed to the workplace.
trip_416f38158abd_00068_leg_001,trip_416f38158abd_00068,1,2026-02-09T16:00:00,2026-02-09T16:15:00,car,Workplace (Primary School),Home,8.0,15,False,none,Drive home after work.
trip_416f38158abd_00069_leg_001,trip_416f38158abd_00069,1,2026-02-10T07:30:00,2026-02-10T07:40:00,car,Home,Kids' School,5.0,10,False,none,Drive to the children’s school.
trip_416f38158abd_00069_leg_002,trip_416f38158abd_00069,2,2026-02-10T07:42:00,2026-02-10T07:49:00,car,Kids' School,Workplace (Primary School),3.0,7,False,none,Continue to the workplace.
trip_416f38158abd_00070_leg_001,trip_416f38158abd_00070,1,2026-02-10T16:00:00,2026-02-10T16:15:00,car,Workplace (Primary School),Home,8.0,15,False,none,Drive home after the workday.
trip_416f38158abd_00071_leg_001,trip_416f38158abd_00071,1,2026-02-11T07:30:00,2026-02-11T07:40:00,car,Home,Kids' School,5.0,10,False,none,Drive to drop the children at school.
trip_416f38158abd_00071_leg_002,trip_416f38158abd_00071,2,2026-02-11T07:42:00,2026-02-11T07:49:00,car,Kids' School,Workplace (Primary School),3.0,7,False,none,Proceed to the workplace.
trip_416f38158abd_00072_leg_001,trip_416f38158abd_00072,1,2026-02-11T16:00:00,2026-02-11T16:15:00,car,Workplace (Primary School),Home,8.0,15,False,none,Drive home after work.
trip_416f38158abd_00073_leg_001,trip_416f38158abd_00073,1,2026-02-12T09:00:00,2026-02-12T10:30:00,car,Home,Stadtpark Bamberg,12.0,90,False,none,Drive directly from home to the city park.
trip_416f38158abd_00074_leg_001,trip_416f38158abd_00074,1,2026-02-12T11:30:00,2026-02-12T12:00:00,car,Stadtpark Bamberg,Home,12.0,30,False,none,Drive back home.
trip_416f38158abd_00075_leg_001,trip_416f38158abd_00075,1,2026-02-12T15:00:00,2026-02-12T15:45:00,bike,Home,Bamberg Sports Club,5.0,45,False,none,Bike ride to the sports club.
trip_416f38158abd_00076_leg_001,trip_416f38158abd_00076,1,2026-02-12T16:30:00,2026-02-12T17:15:00,bike,Bamberg Sports Club,Home,5.0,45,False,none,Bike ride back home.
trip_416f38158abd_00077_leg_001,trip_416f38158abd_00077,1,2026-02-13T10:00:00,2026-02-13T10:07:00,walking,Home,Bamberg Station,0.4,7,False,none,Walk to the local train station.
trip_416f38158abd_00077_leg_002,trip_416f38158abd_00077,2,2026-02-13T10:07:00,2026-02-13T12:30:00,regional_train,Bamberg Station,Nürnberg Hauptbahnhof,70.0,143,True,monthly_pass,Regional train ride to Nürnberg.
trip_416f38158abd_00077_leg_003,trip_416f38158abd_00077,3,2026-02-13T12:30:00,2026-02-13T12:35:00,walking,Nürnberg Hauptbahnhof,Nürnberg Hauptbahnhof,0.4,5,False,none,Short walk to the arrival platform.
trip_416f38158abd_00078_leg_001,trip_416f38158abd_00078,1,2026-02-13T14:00:00,2026-02-13T14:07:00,walking,Nürnberg Hauptbahnhof,Nürnberg Station,0.4,7,False,none,Walk to the regional train platform.
trip_416f38158abd_00078_leg_002,trip_416f38158abd_00078,2,2026-02-13T14:07:00,2026-02-13T16:30:00,regional_train,Nürnberg Station,Bamberg Station,70.0,143,True,monthly_pass,Regional train back to Bamberg.
trip_416f38158abd_00078_leg_003,trip_416f38158abd_00078,3,2026-02-13T16:30:00,2026-02-13T16:35:00,walking,Bamberg Station,Home,0.4,5,False,none,Walk home from the station.
trip_416f38158abd_00079_leg_001,trip_416f38158abd_00079,1,2026-02-14T07:30:00,2026-02-14T07:40:00,car,Home,Primary School,5.0,10,False,none,Drive to drop children at primary school.
trip_416f38158abd_00079_leg_002,trip_416f38158abd_00079,2,2026-02-14T07:40:00,2026-02-14T08:30:00,car,Primary School,Local School,10.0,50,False,none,Continue by car to the workplace.
trip_416f38158abd_00080_leg_001,trip_416f38158abd_00080,1,2026-02-14T17:30:00,2026-02-14T18:15:00,car,Local School,Home,10.0,45,False,none,Drive home.
trip_416f38158abd_00081_leg_001,trip_416f38158abd_00081,1,2026-02-15T07:45:00,2026-02-15T07:57:00,car,Home,Primary School,5.0,12,False,none,Drive to drop children.
trip_416f38158abd_00081_leg_002,trip_416f38158abd_00081,2,2026-02-15T07:57:00,2026-02-15T08:02:00,walking,Primary School,Bus Stop,0.3,5,False,none,Walk to the nearest bus stop.
trip_416f38158abd_00081_leg_003,trip_416f38158abd_00081,3,2026-02-15T08:02:00,2026-02-15T08:45:00,bus,Bus Stop,Local School,8.0,43,True,monthly_pass,Regional bus to the workplace.
trip_416f38158abd_00082_leg_001,trip_416f38158abd_00082,1,2026-02-15T17:30:00,2026-02-15T18:20:00,car,Local School,Home,10.0,50,False,none,Drive home.
trip_416f38158abd_00083_leg_001,trip_416f38158abd_00083,1,2026-02-16T07:30:00,2026-02-16T07:40:00,car,Home,Primary School,5.0,10,False,none,Drive to school for kids.
trip_416f38158abd_00083_leg_002,trip_416f38158abd_00083,2,2026-02-16T07:40:00,2026-02-16T08:30:00,car,Primary School,Local School,10.0,50,False,none,Continue by car to workplace.
trip_416f38158abd_00084_leg_001,trip_416f38158abd_00084,1,2026-02-16T18:00:00,2026-02-16T18:05:00,walking,Home,Bus Stop (North),0.3,5,False,none,Walk to the nearest bus stop.
trip_416f38158abd_00084_leg_002,trip_416f38158abd_00084,2,2026-02-16T18:05:00,2026-02-16T18:35:00,bus,Bus Stop (North),City Center Stop,8.0,30,True,monthly_pass,Bus ride to the city centre.
trip_416f38158abd_00084_leg_003,trip_416f38158abd_00084,3,2026-02-16T18:35:00,2026-02-16T18:40:00,walking,City Center Stop,Shopping Mall,0.3,5,False,none,Short walk to the shopping mall.
trip_416f38158abd_00084_leg_004,trip_416f38158abd_00084,4,2026-02-16T19:40:00,2026-02-16T20:10:00,bus,City Center Stop,Bus Stop (North),8.0,30,True,monthly_pass,Bus back from city centre.
trip_416f38158abd_00084_leg_005,trip_416f38158abd_00084,5,2026-02-16T20:10:00,2026-02-16T20:20:00,walking,Bus Stop (North),Home,0.3,10,False,none,Walk home from the bus stop.
trip_416f38158abd_00085_leg_001,trip_416f38158abd_00085,1,2026-02-19T07:10:00,2026-02-19T07:15:00,walking,Home driveway,Car (Home),0.3,5,False,none,Walk to the car parked at the driveway.
trip_416f38158abd_00085_leg_002,trip_416f38158abd_00085,2,2026-02-19T07:15:00,2026-02-19T07:25:00,car,Car (Home),Primary School,2.0,10,False,none,Drive to the kids' primary school for drop‑off.
trip_416f38158abd_00085_leg_003,trip_416f38158abd_00085,3,2026-02-19T07:25:00,2026-02-19T07:45:00,car,Primary School,Grundschule (Work),8.0,20,False,none,Continue to the workplace after the school drop‑off.
trip_416f38158abd_00086_leg_001,trip_416f38158abd_00086,1,2026-02-19T17:30:00,2026-02-19T17:55:00,car,Grundschule (Work),Car parked near home,9.0,25,False,none,Drive from school to the residential parking spot.
trip_416f38158abd_00086_leg_002,trip_416f38158abd_00086,2,2026-02-19T17:55:00,2026-02-19T18:00:00,walking,Car parked near home,Home entrance,0.4,5,False,none,Walk the short distance from the car to the house.
trip_416f38158abd_00087_leg_001,trip_416f38158abd_00087,1,2026-02-20T07:10:00,2026-02-20T07:15:00,walking,Home driveway,Car (Home),0.3,5,False,none,Walk to the car.
trip_416f38158abd_00087_leg_002,trip_416f38158abd_00087,2,2026-02-20T07:15:00,2026-02-20T07:25:00,car,Car (Home),Primary School,2.0,10,False,none,Drive to the kids' school.
trip_416f38158abd_00087_leg_003,trip_416f38158abd_00087,3,2026-02-20T07:25:00,2026-02-20T07:45:00,car,Primary School,Grundschule (Work),8.0,20,False,none,Proceed to the workplace.
trip_416f38158abd_00088_leg_001,trip_416f38158abd_00088,1,2026-02-20T12:30:00,2026-02-20T12:32:00,walking,Grundschule (Work),Bus stop (near school),0.2,2,False,none,Walk to the nearest bus stop.
trip_416f38158abd_00088_leg_002,trip_416f38158abd_00088,2,2026-02-20T12:32:00,2026-02-20T12:42:00,bus,Bus stop (near school),Bus stop (Supermarket),3.0,10,True,monthly_pass,Take the regional bus to the supermarket area.
trip_416f38158abd_00088_leg_003,trip_416f38158abd_00088,3,2026-02-20T12:42:00,2026-02-20T12:45:00,walking,Bus stop (Supermarket),Supermarket,0.3,3,False,none,Walk the short distance to the store.
trip_416f38158abd_00089_leg_001,trip_416f38158abd_00089,1,2026-02-20T17:30:00,2026-02-20T17:55:00,car,Grundschule (Work),Car parked near home,9.0,25,False,none,Drive home.
trip_416f38158abd_00089_leg_002,trip_416f38158abd_00089,2,2026-02-20T17:55:00,2026-02-20T18:00:00,walking,Car parked near home,Home entrance,0.4,5,False,none,Walk to the house.
trip_416f38158abd_00090_leg_001,trip_416f38158abd_00090,1,2026-02-21T10:00:00,2026-02-21T10:30:00,bike,Home,Stadtpark,8.0,30,False,none,Bike ride to the city park.
trip_416f38158abd_00091_leg_001,trip_416f38158abd_00091,1,2026-02-22T11:00:00,2026-02-22T11:30:00,car,Home,Shopping Center,12.0,30,False,none,Drive to the shopping center.
trip_416f38158abd_00092_leg_001,trip_416f38158abd_00092,1,2026-02-23T07:10:00,2026-02-23T07:15:00,walking,Home driveway,Car (Home),0.3,5,False,none,Walk to the car.
trip_416f38158abd_00092_leg_002,trip_416f38158abd_00092,2,2026-02-23T07:15:00,2026-02-23T07:25:00,car,Car (Home),Primary School,2.0,10,False,none,Drive to the kids' school.
trip_416f38158abd_00092_leg_003,trip_416f38158abd_00092,3,2026-02-23T07:25:00,2026-02-23T07:45:00,car,Primary School,Grundschule (Work),8.0,20,False,none,Continue to work.
trip_416f38158abd_00093_leg_001,trip_416f38158abd_00093,1,2026-02-23T17:30:00,2026-02-23T17:55:00,car,Grundschule (Work),Car parked near home,9.0,25,False,none,Drive home.
trip_416f38158abd_00093_leg_002,trip_416f38158abd_00093,2,2026-02-23T17:55:00,2026-02-23T18:00:00,walking,Car parked near home,Home entrance,0.4,5,False,none,Walk to the house.
trip_416f38158abd_00094_leg_001,trip_416f38158abd_00094,1,2026-02-24T07:10:00,2026-02-24T07:15:00,walking,Home driveway,Car (Home),0.3,5,False,none,Walk to the car.
trip_416f38158abd_00094_leg_002,trip_416f38158abd_00094,2,2026-02-24T07:15:00,2026-02-24T07:25:00,car,Car (Home),Primary School,2.0,10,False,none,Drive to the kids' school.
trip_416f38158abd_00094_leg_003,trip_416f38158abd_00094,3,2026-02-24T07:25:00,2026-02-24T07:45:00,car,Primary School,Grundschule (Work),8.0,20,False,none,Proceed to work.
trip_416f38158abd_00095_leg_001,trip_416f38158abd_00095,1,2026-02-24T17:30:00,2026-02-24T17:55:00,car,Grundschule (Work),Car parked near home,9.0,25,False,none,Drive home.
trip_416f38158abd_00095_leg_002,trip_416f38158abd_00095,2,2026-02-24T17:55:00,2026-02-24T18:00:00,walking,Car parked near home,Home entrance,0.4,5,False,none,Walk to the house.
trip_416f38158abd_00096_leg_001,trip_416f38158abd_00096,1,2026-02-25T07:10:00,2026-02-25T07:15:00,walking,Home driveway,Car (Home),0.3,5,False,none,Walk to the car.
trip_416f38158abd_00096_leg_002,trip_416f38158abd_00096,2,2026-02-25T07:15:00,2026-02-25T07:25:00,car,Car (Home),Primary School,2.0,10,False,none,Drive to the kids' school.
trip_416f38158abd_00096_leg_003,trip_416f38158abd_00096,3,2026-02-25T07:25:00,2026-02-25T07:45:00,car,Primary School,Grundschule (Work),8.0,20,False,none,Proceed to work.
trip_416f38158abd_00097_leg_001,trip_416f38158abd_00097,1,2026-02-26T18:00:00,2026-02-26T18:05:00,walking,Home,Bus Stop,0.3,5,False,none,Walk to the nearest bus stop.
trip_416f38158abd_00097_leg_002,trip_416f38158abd_00097,2,2026-02-26T18:05:00,2026-02-26T18:25:00,bus,Bus Stop,Central Stop,10.0,20,True,monthly_pass,Regional bus to the city centre.
trip_416f38158abd_00097_leg_003,trip_416f38158abd_00097,3,2026-02-26T18:25:00,2026-02-26T18:30:00,walking,Central Stop,Supermarket,0.4,5,False,none,Short walk to the supermarket.
trip_416f38158abd_00098_leg_001,trip_416f38158abd_00098,1,2026-02-27T19:30:00,2026-02-27T19:45:00,car,Gymnasium Bamberg,Family Restaurant,8.0,15,False,none,Drive to the restaurant.
trip_416f38158abd_00098_leg_002,trip_416f38158abd_00098,2,2026-02-27T20:45:00,2026-02-27T21:00:00,car,Family Restaurant,Home,8.0,15,False,none,Drive home after dinner.
trip_416f38158abd_00099_leg_001,trip_416f38158abd_00099,1,2026-02-28T10:00:00,2026-02-28T10:10:00,car,Home,Supermarket,5.0,10,False,none,Drive to the supermarket.
trip_416f38158abd_00099_leg_002,trip_416f38158abd_00099,2,2026-02-28T10:40:00,2026-02-28T10:45:00,car,Supermarket,Stadtpark,3.0,5,False,none,Drive from supermarket to the park.
trip_416f38158abd_00099_leg_003,trip_416f38158abd_00099,3,2026-02-28T12:45:00,2026-02-28T12:57:00,car,Stadtpark,Home,8.0,12,False,none,Return home after the park visit.
trip_416f38158abd_00100_leg_001,trip_416f38158abd_00100,1,2026-03-01T09:00:00,2026-03-01T09:20:00,bike,Home,Lake Park,6.0,20,False,none,Bike to the lake.
trip_416f38158abd_00100_leg_002,trip_416f38158abd_00100,2,2026-03-01T09:50:00,2026-03-01T10:10:00,bike,Lake Park,Home,6.0,20,False,none,Return by bike after a short break.
trip_416f38158abd_00101_leg_001,trip_416f38158abd_00101,1,2026-03-01T11:30:00,2026-03-01T11:42:00,car,Home,Sports Club,7.0,12,False,none,Drive to the sports club.
trip_416f38158abd_00101_leg_002,trip_416f38158abd_00101,2,2026-03-01T13:12:00,2026-03-01T13:24:00,car,Sports Club,Home,7.0,12,False,none,Return home after the activity.
trip_416f38158abd_00102_leg_001,trip_416f38158abd_00102,1,2026-03-02T07:15:00,2026-03-02T07:25:00,car,Home,Primary School,5.0,10,False,none,Drive from home to the children’s primary school.
trip_416f38158abd_00102_leg_002,trip_416f38158abd_00102,2,2026-03-02T07:30:00,2026-03-02T07:42:00,car,Primary School,Gymnasium Bamberg,7.0,12,False,none,Continue driving to the school where Markus works.
trip_416f38158abd_00103_leg_001,trip_416f38158abd_00103,1,2026-03-02T12:10:00,2026-03-02T12:18:00,bike,Gymnasium Bamberg,Bakery,2.0,8,False,none,Bike from school to the local bakery.
trip_416f38158abd_00103_leg_002,trip_416f38158abd_00103,2,2026-03-02T12:23:00,2026-03-02T12:31:00,bike,Bakery,Gymnasium Bamberg,2.0,8,False,none,Return by bike after buying a quick snack.
trip_416f38158abd_00104_leg_001,trip_416f38158abd_00104,1,2026-03-02T16:30:00,2026-03-02T16:50:00,car,Gymnasium Bamberg,Home,12.0,20,False,none,Drive home directly after the school day.
trip_416f38158abd_00105_leg_001,trip_416f38158abd_00105,1,2026-03-03T07:15:00,2026-03-03T07:25:00,car,Home,Primary School,5.0,10,False,none,Drive to drop the children at school.
trip_416f38158abd_00105_leg_002,trip_416f38158abd_00105,2,2026-03-03T07:30:00,2026-03-03T07:42:00,car,Primary School,Gymnasium Bamberg,7.0,12,False,none,Continue to the workplace.
trip_416f38158abd_00106_leg_001,trip_416f38158abd_00106,1,2026-03-03T16:30:00,2026-03-03T16:50:00,car,Gymnasium Bamberg,Home,12.0,20,False,none,Drive home directly.
trip_416f38158abd_00107_leg_001,trip_416f38158abd_00107,1,2026-03-04T07:15:00,2026-03-04T07:25:00,car,Home,Primary School,5.0,10,False,none,Drive to drop children.
trip_416f38158abd_00107_leg_002,trip_416f38158abd_00107,2,2026-03-04T07:30:00,2026-03-04T07:42:00,car,Primary School,Gymnasium Bamberg,7.0,12,False,none,Continue to the workplace.
trip_416f38158abd_00108_leg_001,trip_416f38158abd_00108,1,2026-03-04T17:00:00,2026-03-04T17:10:00,car,Gymnasium Bamberg,Bamberg Station,5.0,10,False,none,Drive to the main train station.
trip_416f38158abd_00108_leg_002,trip_416f38158abd_00108,2,2026-03-04T17:10:00,2026-03-04T17:15:00,walking,Bamberg Station,Platform,0.5,5,False,none,Walk to the regional train platform.
trip_416f38158abd_00108_leg_003,trip_416f38158abd_00108,3,2026-03-04T17:15:00,2026-03-04T18:30:00,regional_train,Bamberg,Nürnberg,80.0,75,True,monthly_pass,Regional train ride to Nürnberg.
trip_416f38158abd_00108_leg_004,trip_416f38158abd_00108,4,2026-03-04T18:30:00,2026-03-04T18:40:00,car,Nürnberg Station,Relative's Home,5.5,10,False,none,Drive from the station to the relative's house.
trip_416f38158abd_00109_leg_001,trip_416f38158abd_00109,1,2026-03-05T09:00:00,2026-03-05T10:30:00,car,Home,Stadtpark Bamberg,12.0,90,False,none,Drive from home to the city park.
trip_416f38158abd_00110_leg_001,trip_416f38158abd_00110,1,2026-03-05T11:30:00,2026-03-05T13:00:00,car,Stadtpark Bamberg,Home,12.0,90,False,none,Drive back home from the park.
trip_416f38158abd_00111_leg_001,trip_416f38158abd_00111,1,2026-03-05T14:00:00,2026-03-05T14:05:00,walking,Home,Bus Stop (Bamberg Central),0.4,5,False,none,Walk to the nearest bus stop.
trip_416f38158abd_00111_leg_002,trip_416f38158abd_00111,2,2026-03-05T14:05:00,2026-03-05T14:35:00,bus,Bus Stop (Bamberg Central),Sports Club Stop,7.0,30,True,monthly_pass,Regional bus ride to the sports club area.
trip_416f38158abd_00111_leg_003,trip_416f38158abd_00111,3,2026-03-05T14:35:00,2026-03-05T14:40:00,walking,Sports Club Stop,Local Sports Club,0.3,5,False,none,Short walk from the bus stop to the club.
trip_416f38158abd_00112_leg_001,trip_416f38158abd_00112,1,2026-03-05T15:30:00,2026-03-05T16:30:00,car,Local Sports Club,Home,12.0,60,False,none,Drive back home from the sports club.
trip_416f38158abd_00113_leg_001,trip_416f38158abd_00113,1,2026-03-06T09:00:00,2026-03-06T09:10:00,walking,Home,Bamberg Central Station,0.8,10,False,none,Walk to the train station.
trip_416f38158abd_00113_leg_002,trip_416f38158abd_00113,2,2026-03-06T09:10:00,2026-03-06T11:10:00,regional_train,Bamberg Central Station,Nuremberg Hauptbahnhof,170.0,120,True,monthly_pass,Regional train to Nürnberg.
trip_416f38158abd_00113_leg_003,trip_416f38158abd_00113,3,2026-03-06T11:10:00,2026-03-06T11:20:00,walking,Nuremberg Hauptbahnhof,Relatives' House,0.7,10,False,none,Walk from the station to relatives' house.
trip_416f38158abd_00114_leg_001,trip_416f38158abd_00114,1,2026-03-06T16:00:00,2026-03-06T16:10:00,walking,Relatives' House,Nuremberg Hauptbahnhof,0.7,10,False,none,Walk to the train station.
trip_416f38158abd_00114_leg_002,trip_416f38158abd_00114,2,2026-03-06T16:10:00,2026-03-06T18:10:00,regional_train,Nuremberg Hauptbahnhof,Bamberg Central Station,170.0,120,True,monthly_pass,Regional train back to Bamberg.
trip_416f38158abd_00114_leg_003,trip_416f38158abd_00114,3,2026-03-06T18:10:00,2026-03-06T18:20:00,walking,Bamberg Central Station,Home,0.8,10,False,none,Walk home from the station.
trip_416f38158abd_00115_leg_001,trip_416f38158abd_00115,1,2026-03-07T07:15:00,2026-03-07T07:40:00,car,Home,Local Primary School (Work),12.0,25,False,none,"Drive, stopping at the kids' school before continuing to work."
trip_416f38158abd_00116_leg_001,trip_416f38158abd_00116,1,2026-03-08T07:15:00,2026-03-08T07:40:00,car,Home,Local Primary School (Work),12.0,25,False,none,"Drive to work, dropping kids on the way."
trip_416f38158abd_00117_leg_001,trip_416f38158abd_00117,1,2026-03-09T07:15:00,2026-03-09T07:40:00,car,Home,Local Primary School (Work),12.0,25,False,none,Drive to work with a brief stop at the children's school.
trip_416f38158abd_00118_leg_001,trip_416f38158abd_00118,1,2026-03-10T07:15:00,2026-03-10T07:40:00,car,Home,Local Primary School (Work),12.0,25,False,none,"Drive to work, stopping at the kids' school."
trip_416f38158abd_00119_leg_001,trip_416f38158abd_00119,1,2026-03-11T07:15:00,2026-03-11T07:40:00,car,Home,Local Primary School (Work),12.0,25,False,none,"Drive to work, with kids' school drop‑off."
trip_416f38158abd_00120_leg_001,trip_416f38158abd_00120,1,2026-03-11T18:30:00,2026-03-11T18:35:00,walking,Home,Bus Stop (Central),0.4,5,False,none,Walk to the bus stop.
trip_416f38158abd_00120_leg_002,trip_416f38158abd_00120,2,2026-03-11T18:35:00,2026-03-11T18:55:00,bus,Bus Stop (Central),Cinema Stop,5.0,20,True,monthly_pass,Bus ride to the cinema area.
trip_416f38158abd_00120_leg_003,trip_416f38158abd_00120,3,2026-03-11T18:55:00,2026-03-11T19:00:00,walking,Cinema Stop,City Cinema,0.0,5,False,none,Short walk to the cinema entrance.
trip_416f38158abd_00121_leg_001,trip_416f38158abd_00121,1,2026-03-12T09:00:00,2026-03-12T09:30:00,car,Home,Stadtpark,12.0,30,False,none,Drive directly from home to the city park.
trip_416f38158abd_00122_leg_001,trip_416f38158abd_00122,1,2026-03-12T18:00:00,2026-03-12T18:30:00,car,Stadtpark,Home,12.0,30,False,none,Drive back home from the park.
trip_416f38158abd_00123_leg_001,trip_416f38158abd_00123,1,2026-03-13T08:00:00,2026-03-13T08:05:00,walking,Home,Bamberg Hauptbahnhof,0.5,5,False,none,Walk from home to the main train station.
trip_416f38158abd_00123_leg_002,trip_416f38158abd_00123,2,2026-03-13T08:05:00,2026-03-13T09:05:00,regional_train,Bamberg Hauptbahnhof,Nürnberg Hauptbahnhof,70.0,60,True,monthly_pass,"Regional train ride to Nürnberg, covered by monthly pass."
trip_416f38158abd_00123_leg_003,trip_416f38158abd_00123,3,2026-03-13T09:05:00,2026-03-13T09:20:00,walking,Nürnberg Hauptbahnhof,Familienhaus,0.5,15,False,none,Walk from the station to relatives' house.
trip_416f38158abd_00124_leg_001,trip_416f38158abd_00124,1,2026-03-13T17:30:00,2026-03-13T17:35:00,walking,Familienhaus,Nürnberg Hauptbahnhof,0.5,5,False,none,Walk to Nürnberg train station.
trip_416f38158abd_00124_leg_002,trip_416f38158abd_00124,2,2026-03-13T17:35:00,2026-03-13T18:35:00,regional_train,Nürnberg Hauptbahnhof,Bamberg Hauptbahnhof,70.0,60,True,monthly_pass,Regional train back to Bamberg.
trip_416f38158abd_00124_leg_003,trip_416f38158abd_00124,3,2026-03-13T18:35:00,2026-03-13T18:40:00,walking,Bamberg Hauptbahnhof,Home,0.5,5,False,none,Walk home from the station.
trip_416f38158abd_00125_leg_001,trip_416f38158abd_00125,1,2026-03-14T07:15:00,2026-03-14T07:20:00,car,Home,Grundschule (Kids),2.0,5,False,none,Drive from home to children's primary school.
trip_416f38158abd_00125_leg_002,trip_416f38158abd_00125,2,2026-03-14T07:20:00,2026-03-14T07:35:00,car,Grundschule (Kids),Grundschule (Markus's school),5.0,15,False,none,Continue driving to the workplace school.
trip_416f38158abd_00126_leg_001,trip_416f38158abd_00126,1,2026-03-14T18:00:00,2026-03-14T18:03:00,walking,Grundschule (Markus's school),Bus Stop A,0.3,3,False,none,Walk to the nearest bus stop.
trip_416f38158abd_00126_leg_002,trip_416f38158abd_00126,2,2026-03-14T18:03:00,2026-03-14T18:18:00,bus,Bus Stop A,Bus Stop B (City Center),5.0,15,True,monthly_pass,"Take the regional bus to the city centre, covered by monthly pass."
trip_416f38158abd_00126_leg_003,trip_416f38158abd_00126,3,2026-03-14T18:18:00,2026-03-14T18:23:00,walking,Bus Stop B (City Center),City Center Mall,0.4,5,False,none,Walk from the bus stop to the shopping mall.
trip_416f38158abd_00127_leg_001,trip_416f38158abd_00127,1,2026-03-14T19:00:00,2026-03-14T19:20:00,car,City Center Mall,Home,12.0,20,False,none,Drive home from the mall.
trip_416f38158abd_00128_leg_001,trip_416f38158abd_00128,1,2026-03-15T07:15:00,2026-03-15T07:20:00,car,Home,Grundschule (Kids),2.0,5,False,none,Drive to children's school.
trip_416f38158abd_00128_leg_002,trip_416f38158abd_00128,2,2026-03-15T07:20:00,2026-03-15T07:35:00,car,Grundschule (Kids),Grundschule (Markus's school),5.0,15,False,none,Continue to the workplace school.
trip_416f38158abd_00129_leg_001,trip_416f38158abd_00129,1,2026-03-15T18:30:00,2026-03-15T18:42:00,bike,Home,Stadtpark,4.0,12,False,none,Bike from home to the city park.
trip_416f38158abd_00130_leg_001,trip_416f38158abd_00130,1,2026-03-16T07:15:00,2026-03-16T07:20:00,car,Home,Grundschule (Kids),2.0,5,False,none,Drive to children's school.
trip_416f38158abd_00130_leg_002,trip_416f38158abd_00130,2,2026-03-16T07:20:00,2026-03-16T07:35:00,car,Grundschule (Kids),Grundschule (Markus's school),5.0,15,False,none,Continue to the workplace school.
trip_416f38158abd_00131_leg_001,trip_416f38158abd_00131,1,2026-03-16T18:10:00,2026-03-16T18:13:00,walking,Grundschule (Markus's school),Bus Stop C,0.3,3,False,none,Walk to the nearest bus stop.
trip_416f38158abd_00131_leg_002,trip_416f38158abd_00131,2,2026-03-16T18:13:00,2026-03-16T18:25:00,bus,Bus Stop C,Bus Stop D (Sportverein),4.0,12,True,monthly_pass,"Take the bus to the sports club, covered by monthly pass."
trip_416f38158abd_00131_leg_003,trip_416f38158abd_00131,3,2026-03-16T18:25:00,2026-03-16T18:29:00,walking,Bus Stop D (Sportverein),Sportverein,0.3,4,False,none,Walk from the bus stop to the sports club.
trip_416f38158abd_00132_leg_001,trip_416f38158abd_00132,1,2026-03-16T20:00:00,2026-03-16T20:18:00,car,Sportverein,Home,10.0,18,False,none,Drive home from the sports club.
trip_416f38158abd_00133_leg_001,trip_416f38158abd_00133,1,2026-03-19T07:15:00,2026-03-19T08:05:00,car,Home,School (drop kids & work),15.0,50,False,none,"Drive from home, stop at kids' primary school, continue to work."
trip_416f38158abd_00134_leg_001,trip_416f38158abd_00134,1,2026-03-19T17:30:00,2026-03-19T18:00:00,bus,School,Supermarket,8.0,30,True,monthly_pass,Take regional bus from school to town centre supermarket.
trip_416f38158abd_00134_leg_002,trip_416f38158abd_00134,2,2026-03-19T18:05:00,2026-03-19T18:25:00,car,Supermarket,Home,10.0,20,False,none,Drive home after shopping.
trip_416f38158abd_00135_leg_001,trip_416f38158abd_00135,1,2026-03-20T07:10:00,2026-03-20T08:00:00,car,Home,School,15.0,50,False,none,"Drive from home to school, stopping at kids' primary school."
trip_416f38158abd_00136_leg_001,trip_416f38158abd_00136,1,2026-03-20T17:45:00,2026-03-20T18:15:00,bike,School,Gym,5.0,30,False,none,Bike from school to the neighborhood gym.
trip_416f38158abd_00136_leg_002,trip_416f38158abd_00136,2,2026-03-20T18:15:00,2026-03-20T18:25:00,walking,Gym,Home,0.8,10,False,none,Walk the short distance from the gym to home.
trip_416f38158abd_00137_leg_001,trip_416f38158abd_00137,1,2026-03-21T07:12:00,2026-03-21T08:02:00,car,Home,School,15.0,50,False,none,"Drive from home, stopping at kids' primary school before reaching work."
trip_416f38158abd_00138_leg_001,trip_416f38158abd_00138,1,2026-03-21T16:45:00,2026-03-21T17:30:00,car,School,Home (via kids' school),12.0,45,False,none,"Drive from work, stop at children's primary school, then continue home."
trip_416f38158abd_00139_leg_001,trip_416f38158abd_00139,1,2026-03-22T07:08:00,2026-03-22T07:58:00,car,Home,School,15.0,50,False,none,"Drive from home, including a brief stop at the kids' primary school."
trip_416f38158abd_00140_leg_001,trip_416f38158abd_00140,1,2026-03-23T07:15:00,2026-03-23T08:05:00,car,Home,School,15.0,50,False,none,"Drive from home, with a quick drop‑off at the children's primary school."
trip_416f38158abd_00141_leg_001,trip_416f38158abd_00141,1,2026-03-23T17:30:00,2026-03-23T17:50:00,car,School,Restaurant,6.0,20,False,none,Drive to the family restaurant.
trip_416f38158abd_00141_leg_002,trip_416f38158abd_00141,2,2026-03-23T18:20:00,2026-03-23T18:45:00,car,Restaurant,Home,12.0,25,False,none,Drive home after dinner.
trip_416f38158abd_00142_leg_001,trip_416f38158abd_00142,1,2026-03-24T09:00:00,2026-03-24T09:07:00,walking,Home,Bamberg Bahnhof,0.5,7,False,none,Walk to the regional train station.
trip_416f38158abd_00142_leg_002,trip_416f38158abd_00142,2,2026-03-24T09:10:00,2026-03-24T09:55:00,regional_train,Bamberg Bahnhof,Nürnberg Hauptbahnhof,70.0,45,True,monthly_pass,Regional train ride to Nürnberg.
trip_416f38158abd_00142_leg_003,trip_416f38158abd_00142,3,2026-03-24T10:00:00,2026-03-24T10:12:00,walking,Nürnberg Hauptbahnhof,Relative's house,1.0,12,False,none,Walk from the station to the relative's home.
trip_416f38158abd_00143_leg_001,trip_416f38158abd_00143,1,2026-03-24T10:00:00,2026-03-24T10:15:00,bike,Home,Park entrance,3.0,15,False,none,Bike from home to the park.
trip_416f38158abd_00143_leg_002,trip_416f38158abd_00143,2,2026-03-24T11:15:00,2026-03-24T11:30:00,bike,Park exit,Home,3.0,15,False,none,Bike back home after a short park visit.
trip_416f38158abd_00144_leg_001,trip_416f38158abd_00144,1,2026-03-25T15:00:00,2026-03-25T15:07:00,walking,Relative's house,Nürnberg Hauptbahnhof,0.5,7,False,none,Walk to the Nürnberg train station.
trip_416f38158abd_00144_leg_002,trip_416f38158abd_00144,2,2026-03-25T15:10:00,2026-03-25T15:55:00,regional_train,Nürnberg Hauptbahnhof,Bamberg Bahnhof,70.0,45,True,monthly_pass,Regional train back to Bamberg.
trip_416f38158abd_00144_leg_003,trip_416f38158abd_00144,3,2026-03-25T16:00:00,2026-03-25T16:07:00,walking,Bamberg Bahnhof,Home,0.5,7,False,none,Walk home from the station.
trip_416f38158abd_00145_leg_001,trip_416f38158abd_00145,1,2026-03-26T07:15:00,2026-03-26T07:45:00,car,Home,Bamberg Primary School,10.0,30,False,none,Drive directly from home to the school where Markus works.
trip_416f38158abd_00146_leg_001,trip_416f38158abd_00146,1,2026-03-26T16:30:00,2026-03-26T17:00:00,car,Bamberg Primary School,Home,10.0,30,False,none,Drive home after the school day.
trip_416f38158abd_00147_leg_001,trip_416f38158abd_00147,1,2026-03-27T07:10:00,2026-03-27T07:15:00,car,Home,Kids Primary School,2.0,5,False,none,Drive to drop the children at their primary school.
trip_416f38158abd_00147_leg_002,trip_416f38158abd_00147,2,2026-03-27T07:15:00,2026-03-27T07:35:00,car,Kids Primary School,Bamberg Primary School,8.0,20,False,none,Continue by car to the workplace after the school drop‑off.
trip_416f38158abd_00148_leg_001,trip_416f38158abd_00148,1,2026-03-27T17:30:00,2026-03-27T17:45:00,bus,Bamberg Primary School,Bamberg Central Station,3.0,15,True,monthly_pass,Take the regional bus to the central station for grocery shopping.
trip_416f38158abd_00148_leg_002,trip_416f38158abd_00148,2,2026-03-27T17:45:00,2026-03-27T17:57:00,car,Bamberg Central Station,Home,5.0,12,False,none,Drive home after completing errands.
trip_416f38158abd_00149_leg_001,trip_416f38158abd_00149,1,2026-03-28T10:00:00,2026-03-28T10:25:00,car,Home,Stadtpark Bamberg,12.0,25,False,none,Drive to the city park for a family outing.
trip_416f38158abd_00150_leg_001,trip_416f38158abd_00150,1,2026-03-28T13:30:00,2026-03-28T13:55:00,car,Stadtpark Bamberg,Home,12.0,25,False,none,Drive back home after the park visit.
trip_6928700a5ebd_00001_leg_001,trip_6928700a5ebd_00001,1,2026-01-01T19:00:00,2026-01-01T19:03:00,walking,Apartment entrance,Shared bike station at Friedrichstraße,0.2,3,False,none,Walk to the nearest shared bike dock.
trip_6928700a5ebd_00001_leg_002,trip_6928700a5ebd_00001,2,2026-01-01T19:03:00,2026-01-01T19:08:00,shared_bike,Shared bike station at Friedrichstraße,Café bike rack,1.5,5,False,none,Ride shared bike to the café area.
trip_6928700a5ebd_00001_leg_003,trip_6928700a5ebd_00001,3,2026-01-01T19:08:00,2026-01-01T19:10:00,walking,Café bike rack,Café am Gendarmenmarkt,0.1,2,False,none,Final short walk to the café.
trip_6928700a5ebd_00002_leg_001,trip_6928700a5ebd_00002,1,2026-01-02T07:30:00,2026-01-02T07:35:00,walking,Apartment entrance,U-Bahn station Schlesisches Tor,0.4,5,False,none,Walk to the nearest U‑Bahn station.
trip_6928700a5ebd_00002_leg_002,trip_6928700a5ebd_00002,2,2026-01-02T07:35:00,2026-01-02T07:50:00,subway,U-Bahn station Schlesisches Tor,U-Bahn station Alexanderplatz,4.0,15,True,monthly_pass,Ride line U1 towards Alexanderplatz.
trip_6928700a5ebd_00002_leg_003,trip_6928700a5ebd_00002,3,2026-01-02T07:50:00,2026-01-02T07:57:00,bike,Alexanderplatz bike dock,Tech Hub office,1.6,7,False,none,Bike the last kilometre to the office.
trip_6928700a5ebd_00003_leg_001,trip_6928700a5ebd_00003,1,2026-01-02T17:30:00,2026-01-02T17:37:00,bike,Tech Hub office,Alexanderplatz bike dock,1.6,7,False,none,Bike to the nearest U‑Bahn station.
trip_6928700a5ebd_00003_leg_002,trip_6928700a5ebd_00003,2,2026-01-02T17:37:00,2026-01-02T17:52:00,subway,U-Bahn station Alexanderplatz,U-Bahn station Schlesisches Tor,4.0,15,True,monthly_pass,Ride line U1 back towards home.
trip_6928700a5ebd_00003_leg_003,trip_6928700a5ebd_00003,3,2026-01-02T17:52:00,2026-01-02T17:57:00,walking,U-Bahn station Schlesisches Tor,Apartment entrance,0.4,5,False,none,Walk the short distance home.
trip_6928700a5ebd_00004_leg_001,trip_6928700a5ebd_00004,1,2026-01-02T18:30:00,2026-01-02T18:38:00,bike,Tech Hub office,FitX Fitness Studio,2.0,8,False,none,Direct bike ride to the gym.
trip_6928700a5ebd_00005_leg_001,trip_6928700a5ebd_00005,1,2026-01-03T10:00:00,2026-01-03T10:04:00,walking,Apartment entrance,Tram stop Am Friedrichshain,0.3,4,False,none,Walk to the tram stop.
trip_6928700a5ebd_00005_leg_002,trip_6928700a5ebd_00005,2,2026-01-03T10:04:00,2026-01-03T10:16:00,tram,Tram stop Am Friedrichshain,Tram stop Museumsinsel,3.0,12,True,monthly_pass,Tram line M5 towards the museum island.
trip_6928700a5ebd_00005_leg_003,trip_6928700a5ebd_00005,3,2026-01-03T10:16:00,2026-01-03T10:19:00,walking,Tram stop Museumsinsel,Pergamon Museum,0.2,3,False,none,Short walk to the museum entrance.
trip_6928700a5ebd_00006_leg_001,trip_6928700a5ebd_00006,1,2026-01-03T14:00:00,2026-01-03T14:02:00,walking,Pergamon Museum,Shared bike dock at Friedrichstraße,0.1,2,False,none,Walk to the nearest shared bike station.
trip_6928700a5ebd_00006_leg_002,trip_6928700a5ebd_00006,2,2026-01-03T14:02:00,2026-01-03T14:08:00,shared_bike,Shared bike dock at Friedrichstraße,CineStar bike rack,1.4,6,False,none,Ride shared bike to the cinema area.
trip_6928700a5ebd_00006_leg_003,trip_6928700a5ebd_00006,3,2026-01-03T14:08:00,2026-01-03T14:11:00,walking,CineStar bike rack,CineStar Original cinema,0.2,3,False,none,Final walk to the cinema entrance.
trip_6928700a5ebd_00007_leg_001,trip_6928700a5ebd_00007,1,2026-01-04T11:30:00,2026-01-04T11:35:00,walking,Apartment entrance,U-Bahn station Schlesisches Tor,0.4,5,False,none,Walk to the U‑Bahn.
trip_6928700a5ebd_00007_leg_002,trip_6928700a5ebd_00007,2,2026-01-04T11:35:00,2026-01-04T11:49:00,subway,U-Bahn station Schlesisches Tor,U-Bahn station Kochstraße,4.0,14,True,monthly_pass,Subway ride on line U6.
trip_6928700a5ebd_00007_leg_003,trip_6928700a5ebd_00007,3,2026-01-04T11:49:00,2026-01-04T11:53:00,walking,U-Bahn station Kochstraße,Restaurant Tim Raue,0.3,4,False,none,Short walk to the restaurant.
trip_6928700a5ebd_00008_leg_001,trip_6928700a5ebd_00008,1,2026-01-04T13:30:00,2026-01-04T13:34:00,walking,Restaurant Tim Raue,U-Bahn station Kochstraße,0.3,4,False,none,Walk to the subway station.
trip_6928700a5ebd_00008_leg_002,trip_6928700a5ebd_00008,2,2026-01-04T13:34:00,2026-01-04T13:48:00,subway,U-Bahn station Kochstraße,U-Bahn station Schlesisches Tor,4.0,14,True,monthly_pass,Subway ride back towards home.
trip_6928700a5ebd_00008_leg_003,trip_6928700a5ebd_00008,3,2026-01-04T13:48:00,2026-01-04T13:53:00,walking,U-Bahn station Schlesisches Tor,Apartment entrance,0.4,5,False,none,Final walk home.
trip_6928700a5ebd_00009_leg_001,trip_6928700a5ebd_00009,1,2026-01-05T07:45:00,2026-01-05T07:50:00,walking,Apartment entrance,U-Bahn station Schlesisches Tor,0.4,5,False,none,Walk to the U‑Bahn.
trip_6928700a5ebd_00009_leg_002,trip_6928700a5ebd_00009,2,2026-01-05T07:50:00,2026-01-05T08:05:00,subway,U-Bahn station Schlesisches Tor,U-Bahn station Alexanderplatz,4.0,15,True,monthly_pass,Subway ride on line U1.
trip_6928700a5ebd_00009_leg_003,trip_6928700a5ebd_00009,3,2026-01-05T08:05:00,2026-01-05T08:12:00,bike,Alexanderplatz bike dock,Tech Hub office,1.6,7,False,none,Bike the last kilometre to work.
trip_6928700a5ebd_00010_leg_001,trip_6928700a5ebd_00010,1,2026-01-05T18:00:00,2026-01-05T18:07:00,bike,Tech Hub office,Alexanderplatz bike dock,1.6,7,False,none,Bike to the subway station.
trip_6928700a5ebd_00010_leg_002,trip_6928700a5ebd_00010,2,2026-01-05T18:07:00,2026-01-05T18:22:00,subway,U-Bahn station Alexanderplatz,U-Bahn station Schlesisches Tor,4.0,15,True,monthly_pass,Subway back towards home.
trip_6928700a5ebd_00010_leg_003,trip_6928700a5ebd_00010,3,2026-01-05T18:22:00,2026-01-05T18:27:00,walking,U-Bahn station Schlesisches Tor,Apartment entrance,0.4,5,False,none,Walk home.
trip_6928700a5ebd_00011_leg_001,trip_6928700a5ebd_00011,1,2026-01-07T07:40:00,2026-01-07T07:45:00,walking,Apartment entrance,U-Bahn station Schlesisches Tor,0.4,5,False,none,Walk to the station.
trip_6928700a5ebd_00011_leg_002,trip_6928700a5ebd_00011,2,2026-01-07T07:45:00,2026-01-07T08:00:00,subway,U-Bahn station Schlesisches Tor,U-Bahn station Alexanderplatz,4.0,15,True,monthly_pass,Subway ride on line U1.
trip_6928700a5ebd_00011_leg_003,trip_6928700a5ebd_00011,3,2026-01-07T08:00:00,2026-01-07T08:07:00,bike,Alexanderplatz bike dock,Tech Hub office,1.6,7,False,none,Bike the final segment.
trip_6928700a5ebd_00012_leg_001,trip_6928700a5ebd_00012,1,2026-01-07T18:10:00,2026-01-07T18:17:00,bike,Tech Hub office,Alexanderplatz bike dock,1.6,7,False,none,Bike to the subway station.
trip_6928700a5ebd_00012_leg_002,trip_6928700a5ebd_00012,2,2026-01-07T18:17:00,2026-01-07T18:32:00,subway,U-Bahn station Alexanderplatz,U-Bahn station Schlesisches Tor,4.0,15,True,monthly_pass,Subway back towards home.
trip_6928700a5ebd_00012_leg_003,trip_6928700a5ebd_00012,3,2026-01-07T18:32:00,2026-01-07T18:37:00,walking,U-Bahn station Schlesisches Tor,Apartment entrance,0.4,5,False,none,Walk home.
trip_6928700a5ebd_00013_leg_001,trip_6928700a5ebd_00013,1,2026-01-08T07:30:00,2026-01-08T07:37:00,walking,Home entrance,U‑Bahnhof Stadtmitte,0.5,7,False,none,Walk to the nearest U‑Bahnhof.
trip_6928700a5ebd_00013_leg_002,trip_6928700a5ebd_00013,2,2026-01-08T07:37:00,2026-01-08T07:49:00,subway,U‑Bahnhof Stadtmitte,U‑Bahnhof Alexanderplatz,5.0,12,True,monthly_pass,U2 line to Alexanderplatz.
trip_6928700a5ebd_00013_leg_003,trip_6928700a5ebd_00013,3,2026-01-08T07:49:00,2026-01-08T07:57:00,bike,Alexanderplatz station,Office entrance,2.0,8,False,none,Bike the last kilometre to the office.
trip_6928700a5ebd_00014_leg_001,trip_6928700a5ebd_00014,1,2026-01-08T17:15:00,2026-01-08T17:23:00,bike,Office entrance,Alexanderplatz station,2.0,8,False,none,Bike to the subway station.
trip_6928700a5ebd_00014_leg_002,trip_6928700a5ebd_00014,2,2026-01-08T17:23:00,2026-01-08T17:35:00,subway,Alexanderplatz station,U‑Bahnhof Stadtmitte,5.0,12,True,monthly_pass,U2 back towards home.
trip_6928700a5ebd_00014_leg_003,trip_6928700a5ebd_00014,3,2026-01-08T17:35:00,2026-01-08T17:42:00,walking,U‑Bahnhof Stadtmitte,Home entrance,0.5,7,False,none,Final walk home.
trip_6928700a5ebd_00015_leg_001,trip_6928700a5ebd_00015,1,2026-01-08T18:00:00,2026-01-08T18:08:00,walking,Office entrance,Café am Hackeschen Markt,0.6,8,False,none,Short walk to the café.
trip_6928700a5ebd_00016_leg_001,trip_6928700a5ebd_00016,1,2026-01-08T20:30:00,2026-01-08T20:40:00,bike,Café am Hackeschen Markt,Home entrance,2.0,10,False,none,Bike home.
trip_6928700a5ebd_00017_leg_001,trip_6928700a5ebd_00017,1,2026-01-09T19:00:00,2026-01-09T19:05:00,walking,Home entrance,Shared‑bike dock,0.3,5,False,none,Short walk to the shared‑bike station.
trip_6928700a5ebd_00017_leg_002,trip_6928700a5ebd_00017,2,2026-01-09T19:05:00,2026-01-09T19:17:00,shared_bike,Shared‑bike dock,FitX Fitnessstudio,3.0,12,False,none,Ride shared bike to the gym.
trip_6928700a5ebd_00018_leg_001,trip_6928700a5ebd_00018,1,2026-01-09T21:00:00,2026-01-09T21:12:00,bike,FitX Fitnessstudio,Home entrance,3.0,12,False,none,Bike home from the gym.
trip_6928700a5ebd_00019_leg_001,trip_6928700a5ebd_00019,1,2026-01-11T09:00:00,2026-01-11T09:05:00,walking,Home entrance,Berlin Hauptbahnhof S‑Bahnhof,0.4,5,False,none,Walk to the regional train platform.
trip_6928700a5ebd_00019_leg_002,trip_6928700a5ebd_00019,2,2026-01-11T09:05:00,2026-01-11T09:30:00,regional_train,Berlin Hauptbahnhof,Potsdam Hauptbahnhof,30.0,25,True,monthly_pass,RE1 regional train to Potsdam.
trip_6928700a5ebd_00019_leg_003,trip_6928700a5ebd_00019,3,2026-01-11T09:30:00,2026-01-11T09:38:00,walking,Potsdam Hauptbahnhof,"Neues Palais, Sanssouci Park",0.6,8,False,none,Walk to the palace.
trip_6928700a5ebd_00020_leg_001,trip_6928700a5ebd_00020,1,2026-01-11T18:00:00,2026-01-11T18:08:00,walking,"Neues Palais, Sanssouci Park",Potsdam Hauptbahnhof,0.6,8,False,none,Walk back to the train station.
trip_6928700a5ebd_00020_leg_002,trip_6928700a5ebd_00020,2,2026-01-11T18:08:00,2026-01-11T18:33:00,regional_train,Potsdam Hauptbahnhof,Berlin Hauptbahnhof,30.0,25,True,monthly_pass,RE1 back to Berlin.
trip_6928700a5ebd_00020_leg_003,trip_6928700a5ebd_00020,3,2026-01-11T18:33:00,2026-01-11T18:38:00,walking,Berlin Hauptbahnhof,Home entrance,0.4,5,False,none,Final walk home.
trip_6928700a5ebd_00021_leg_001,trip_6928700a5ebd_00021,1,2026-01-12T07:25:00,2026-01-12T07:32:00,walking,Home entrance,U‑Bahnhof Stadtmitte,0.5,7,False,none,Walk to the nearest U‑Bahnhof.
trip_6928700a5ebd_00021_leg_002,trip_6928700a5ebd_00021,2,2026-01-12T07:32:00,2026-01-12T07:44:00,subway,U‑Bahnhof Stadtmitte,U‑Bahnhof Alexanderplatz,5.0,12,True,monthly_pass,U2 line to Alexanderplatz.
trip_6928700a5ebd_00021_leg_003,trip_6928700a5ebd_00021,3,2026-01-12T07:44:00,2026-01-12T07:52:00,bike,Alexanderplatz station,Office entrance,2.0,8,False,none,Bike the last kilometre to the office.
trip_6928700a5ebd_00022_leg_001,trip_6928700a5ebd_00022,1,2026-01-12T17:20:00,2026-01-12T17:28:00,bike,Office entrance,Alexanderplatz station,2.0,8,False,none,Bike to the subway station.
trip_6928700a5ebd_00022_leg_002,trip_6928700a5ebd_00022,2,2026-01-12T17:28:00,2026-01-12T17:40:00,subway,Alexanderplatz station,U‑Bahnhof Stadtmitte,5.0,12,True,monthly_pass,U2 back towards home.
trip_6928700a5ebd_00022_leg_003,trip_6928700a5ebd_00022,3,2026-01-12T17:40:00,2026-01-12T17:47:00,walking,U‑Bahnhof Stadtmitte,Home entrance,0.5,7,False,none,Final walk home.
trip_6928700a5ebd_00023_leg_001,trip_6928700a5ebd_00023,1,2026-01-14T07:20:00,2026-01-14T07:27:00,walking,Home entrance,U‑Bahnhof Stadtmitte,0.5,7,False,none,Walk to the nearest U‑Bahnhof.
trip_6928700a5ebd_00023_leg_002,trip_6928700a5ebd_00023,2,2026-01-14T07:27:00,2026-01-14T07:39:00,subway,U‑Bahnhof Stadtmitte,U‑Bahnhof Alexanderplatz,5.0,12,True,monthly_pass,U2 line to Alexanderplatz.
trip_6928700a5ebd_00023_leg_003,trip_6928700a5ebd_00023,3,2026-01-14T07:39:00,2026-01-14T07:47:00,bike,Alexanderplatz station,Office entrance,2.0,8,False,none,Bike the last kilometre to the office.
trip_6928700a5ebd_00024_leg_001,trip_6928700a5ebd_00024,1,2026-01-14T17:10:00,2026-01-14T17:18:00,bike,Office entrance,Alexanderplatz station,2.0,8,False,none,Bike to the subway station.
trip_6928700a5ebd_00024_leg_002,trip_6928700a5ebd_00024,2,2026-01-14T17:18:00,2026-01-14T17:30:00,subway,Alexanderplatz station,U‑Bahnhof Stadtmitte,5.0,12,True,monthly_pass,U2 back towards home.
trip_6928700a5ebd_00024_leg_003,trip_6928700a5ebd_00024,3,2026-01-14T17:30:00,2026-01-14T17:37:00,walking,U‑Bahnhof Stadtmitte,Home entrance,0.5,7,False,none,Final walk home.
trip_6928700a5ebd_00025_leg_001,trip_6928700a5ebd_00025,1,2026-01-15T10:00:00,2026-01-15T10:05:00,walking,Lea's Apartment,S-Bahn Station Prenzlauer Allee,0.4,5,False,none,Walk to the S‑Bahn station.
trip_6928700a5ebd_00025_leg_002,trip_6928700a5ebd_00025,2,2026-01-15T10:08:00,2026-01-15T10:38:00,regional_train,S-Bahn Station Prenzlauer Allee,Potsdam Hauptbahnhof,30.0,30,True,monthly_pass,Regional train to Potsdam.
trip_6928700a5ebd_00025_leg_003,trip_6928700a5ebd_00025,3,2026-01-15T10:38:00,2026-01-15T10:43:00,walking,Potsdam Hauptbahnhof,Potsdam City Center,0.4,5,False,none,Walk to the city centre.
trip_6928700a5ebd_00026_leg_001,trip_6928700a5ebd_00026,1,2026-01-15T16:30:00,2026-01-15T16:35:00,walking,Potsdam City Center,Potsdam Hauptbahnhof,0.4,5,False,none,Walk to the train station.
trip_6928700a5ebd_00026_leg_002,trip_6928700a5ebd_00026,2,2026-01-15T16:38:00,2026-01-15T17:08:00,regional_train,Potsdam Hauptbahnhof,S-Bahn Station Prenzlauer Allee,30.0,30,True,monthly_pass,Regional train back to Berlin.
trip_6928700a5ebd_00026_leg_003,trip_6928700a5ebd_00026,3,2026-01-15T17:08:00,2026-01-15T17:13:00,walking,S-Bahn Station Prenzlauer Allee,Lea's Apartment,0.4,5,False,none,Walk home from the station.
trip_6928700a5ebd_00027_leg_001,trip_6928700a5ebd_00027,1,2026-01-17T08:00:00,2026-01-17T08:05:00,walking,Lea's Apartment,U-Bahn Station Eberswalder Straße,0.4,5,False,none,Walk to the nearest U‑Bahn station.
trip_6928700a5ebd_00027_leg_002,trip_6928700a5ebd_00027,2,2026-01-17T08:08:00,2026-01-17T08:20:00,subway,U-Bahn Station Eberswalder Straße,U-Bahn Station Alexanderplatz,5.0,12,True,monthly_pass,Subway ride to central Alexanderplatz.
trip_6928700a5ebd_00027_leg_003,trip_6928700a5ebd_00027,3,2026-01-17T08:20:00,2026-01-17T08:25:00,bike,U-Bahn Station Alexanderplatz,TechCo Office,2.0,5,False,none,Bike the last kilometre to the office.
trip_6928700a5ebd_00028_leg_001,trip_6928700a5ebd_00028,1,2026-01-17T17:30:00,2026-01-17T17:35:00,bike,TechCo Office,U-Bahn Station Alexanderplatz,2.0,5,False,none,Bike from office to the subway station.
trip_6928700a5ebd_00028_leg_002,trip_6928700a5ebd_00028,2,2026-01-17T17:35:00,2026-01-17T17:47:00,subway,U-Bahn Station Alexanderplatz,U-Bahn Station Eberswalder Straße,5.0,12,True,monthly_pass,Subway back towards Prenzlauer Berg.
trip_6928700a5ebd_00028_leg_003,trip_6928700a5ebd_00028,3,2026-01-17T17:47:00,2026-01-17T17:52:00,walking,U-Bahn Station Eberswalder Straße,Lea's Apartment,0.4,5,False,none,Walk home from the station.
trip_6928700a5ebd_00029_leg_001,trip_6928700a5ebd_00029,1,2026-01-17T19:30:00,2026-01-17T19:42:00,bike,Lea's Apartment,Café am Neuen See,3.0,12,False,none,Bike ride to the café.
trip_6928700a5ebd_00030_leg_001,trip_6928700a5ebd_00030,1,2026-01-17T21:30:00,2026-01-17T21:42:00,bike,Café am Neuen See,Lea's Apartment,3.0,12,False,none,Bike home.
trip_6928700a5ebd_00031_leg_001,trip_6928700a5ebd_00031,1,2026-01-19T08:10:00,2026-01-19T08:15:00,walking,Lea's Apartment,U-Bahn Station Eberswalder Straße,0.4,5,False,none,Walk to the nearest U‑Bahn.
trip_6928700a5ebd_00031_leg_002,trip_6928700a5ebd_00031,2,2026-01-19T08:18:00,2026-01-19T08:30:00,subway,U-Bahn Station Eberswalder Straße,U-Bahn Station Alexanderplatz,5.0,12,True,monthly_pass,Subway ride to central station.
trip_6928700a5ebd_00031_leg_003,trip_6928700a5ebd_00031,3,2026-01-19T08:30:00,2026-01-19T08:35:00,bike,U-Bahn Station Alexanderplatz,TechCo Office,2.0,5,False,none,Bike the final stretch to work.
trip_6928700a5ebd_00032_leg_001,trip_6928700a5ebd_00032,1,2026-01-19T17:45:00,2026-01-19T17:50:00,bike,TechCo Office,U-Bahn Station Alexanderplatz,2.0,5,False,none,Bike to the subway station.
trip_6928700a5ebd_00032_leg_002,trip_6928700a5ebd_00032,2,2026-01-19T17:50:00,2026-01-19T18:02:00,subway,U-Bahn Station Alexanderplatz,U-Bahn Station Eberswalder Straße,5.0,12,True,monthly_pass,Subway back towards Prenzlauer Berg.
trip_6928700a5ebd_00032_leg_003,trip_6928700a5ebd_00032,3,2026-01-19T18:02:00,2026-01-19T18:07:00,walking,U-Bahn Station Eberswalder Straße,Lea's Apartment,0.4,5,False,none,Walk home from the station.
trip_6928700a5ebd_00033_leg_001,trip_6928700a5ebd_00033,1,2026-01-19T18:30:00,2026-01-19T18:40:00,bike,Lea's Apartment,FitX Gym,2.5,10,False,none,Bike to the gym.
trip_6928700a5ebd_00034_leg_001,trip_6928700a5ebd_00034,1,2026-01-19T20:00:00,2026-01-19T20:10:00,bike,FitX Gym,Lea's Apartment,2.5,10,False,none,Bike home.
trip_6928700a5ebd_00035_leg_001,trip_6928700a5ebd_00035,1,2026-01-21T08:05:00,2026-01-21T08:10:00,walking,Lea's Apartment,U-Bahn Station Eberswalder Straße,0.4,5,False,none,Walk to the nearest U‑Bahn.
trip_6928700a5ebd_00035_leg_002,trip_6928700a5ebd_00035,2,2026-01-21T08:13:00,2026-01-21T08:25:00,subway,U-Bahn Station Eberswalder Straße,U-Bahn Station Alexanderplatz,5.0,12,True,monthly_pass,Subway ride to central station.
trip_6928700a5ebd_00035_leg_003,trip_6928700a5ebd_00035,3,2026-01-21T08:25:00,2026-01-21T08:30:00,bike,U-Bahn Station Alexanderplatz,TechCo Office,2.0,5,False,none,Bike the final stretch to work.
trip_6928700a5ebd_00036_leg_001,trip_6928700a5ebd_00036,1,2026-01-21T18:00:00,2026-01-21T18:05:00,bike,TechCo Office,U-Bahn Station Alexanderplatz,2.0,5,False,none,Bike to the subway station.
trip_6928700a5ebd_00036_leg_002,trip_6928700a5ebd_00036,2,2026-01-21T18:05:00,2026-01-21T18:17:00,subway,U-Bahn Station Alexanderplatz,U-Bahn Station Eberswalder Straße,5.0,12,True,monthly_pass,Subway back towards Prenzlauer Berg.
trip_6928700a5ebd_00036_leg_003,trip_6928700a5ebd_00036,3,2026-01-21T18:17:00,2026-01-21T18:22:00,walking,U-Bahn Station Eberswalder Straße,Lea's Apartment,0.4,5,False,none,Walk home from the station.
trip_6928700a5ebd_00037_leg_001,trip_6928700a5ebd_00037,1,2026-01-22T08:00:00,2026-01-22T08:05:00,walking,Lea's Apartment,U Friedrichshain Station,0.4,5,False,none,Walk to U‑Bahn station.
trip_6928700a5ebd_00037_leg_002,trip_6928700a5ebd_00037,2,2026-01-22T08:05:00,2026-01-22T08:15:00,subway,U Friedrichshain,Alexanderplatz,3.5,10,True,monthly_pass,Subway ride to central station.
trip_6928700a5ebd_00037_leg_003,trip_6928700a5ebd_00037,3,2026-01-22T08:15:00,2026-01-22T08:22:00,walking,Alexanderplatz,TechCo Office,0.5,7,False,none,Walk to office.
trip_6928700a5ebd_00038_leg_001,trip_6928700a5ebd_00038,1,2026-01-22T17:30:00,2026-01-22T17:35:00,walking,TechCo Office,Alexanderplatz Station,0.5,5,False,none,Walk to subway station.
trip_6928700a5ebd_00038_leg_002,trip_6928700a5ebd_00038,2,2026-01-22T17:35:00,2026-01-22T17:45:00,subway,Alexanderplatz,U Friedrichshain,3.5,10,True,monthly_pass,Subway ride home.
trip_6928700a5ebd_00038_leg_003,trip_6928700a5ebd_00038,3,2026-01-22T17:45:00,2026-01-22T17:52:00,walking,U Friedrichshain,Lea's Apartment,0.4,7,False,none,Walk home.
trip_6928700a5ebd_00039_leg_001,trip_6928700a5ebd_00039,1,2026-01-22T19:30:00,2026-01-22T19:33:00,walking,Lea's Apartment,Nextbike Dock Friedrichshain,0.2,3,False,none,Walk to shared‑bike dock.
trip_6928700a5ebd_00039_leg_002,trip_6928700a5ebd_00039,2,2026-01-22T19:33:00,2026-01-22T19:45:00,shared_bike,Nextbike Dock Friedrichshain,Kreuzberg Bistro,3.0,12,False,none,Ride shared bike to restaurant.
trip_6928700a5ebd_00040_leg_001,trip_6928700a5ebd_00040,1,2026-01-23T10:00:00,2026-01-23T10:02:00,walking,Lea's Apartment,Nextbike Dock Friedrichshain,0.2,2,False,none,Walk to shared‑bike dock.
trip_6928700a5ebd_00040_leg_002,trip_6928700a5ebd_00040,2,2026-01-23T10:02:00,2026-01-23T10:10:00,shared_bike,Nextbike Dock Friedrichshain,Bio Markt,2.0,8,False,none,Ride shared bike to grocery store.
trip_6928700a5ebd_00041_leg_001,trip_6928700a5ebd_00041,1,2026-01-23T18:00:00,2026-01-23T18:15:00,bike,Lea's Apartment,FitX Gym,5.0,15,False,none,Bike to gym.
trip_6928700a5ebd_00042_leg_001,trip_6928700a5ebd_00042,1,2026-01-24T08:05:00,2026-01-24T08:09:00,walking,Lea's Apartment,M10 Stop Friedrichshain,0.3,4,False,none,Walk to tram stop.
trip_6928700a5ebd_00042_leg_002,trip_6928700a5ebd_00042,2,2026-01-24T08:09:00,2026-01-24T08:21:00,tram,M10 Stop Friedrichshain,Alexanderplatz Tram Stop,3.0,12,True,monthly_pass,Tram ride to central stop.
trip_6928700a5ebd_00042_leg_003,trip_6928700a5ebd_00042,3,2026-01-24T08:21:00,2026-01-24T08:26:00,walking,Alexanderplatz Tram Stop,TechCo Office,0.4,5,False,none,Walk to office.
trip_6928700a5ebd_00043_leg_001,trip_6928700a5ebd_00043,1,2026-01-24T17:35:00,2026-01-24T17:40:00,walking,TechCo Office,Alexanderplatz Tram Stop,0.4,5,False,none,Walk to tram stop.
trip_6928700a5ebd_00043_leg_002,trip_6928700a5ebd_00043,2,2026-01-24T17:40:00,2026-01-24T17:52:00,tram,Alexanderplatz Tram Stop,M10 Stop Friedrichshain,3.0,12,True,monthly_pass,Tram ride home.
trip_6928700a5ebd_00043_leg_003,trip_6928700a5ebd_00043,3,2026-01-24T17:52:00,2026-01-24T17:56:00,walking,M10 Stop Friedrichshain,Lea's Apartment,0.3,4,False,none,Walk home.
trip_6928700a5ebd_00044_leg_001,trip_6928700a5ebd_00044,1,2026-01-26T08:10:00,2026-01-26T08:15:00,walking,Lea's Apartment,U Friedrichshain Station,0.4,5,False,none,Walk to U‑Bahn.
trip_6928700a5ebd_00044_leg_002,trip_6928700a5ebd_00044,2,2026-01-26T08:15:00,2026-01-26T08:25:00,subway,U Friedrichshain,Alexanderplatz,3.5,10,True,monthly_pass,Subway to central station.
trip_6928700a5ebd_00044_leg_003,trip_6928700a5ebd_00044,3,2026-01-26T08:25:00,2026-01-26T08:33:00,bike,Alexanderplatz,TechCo Office,2.0,8,False,none,Bike the last kilometre to office.
trip_6928700a5ebd_00045_leg_001,trip_6928700a5ebd_00045,1,2026-01-26T17:45:00,2026-01-26T17:53:00,bike,TechCo Office,U Friedrichshain Station,2.0,8,False,none,Bike to subway station.
trip_6928700a5ebd_00045_leg_002,trip_6928700a5ebd_00045,2,2026-01-26T17:53:00,2026-01-26T18:03:00,subway,U Friedrichshain,U Friedrichshain Station (home side),3.5,10,True,monthly_pass,Subway home.
trip_6928700a5ebd_00045_leg_003,trip_6928700a5ebd_00045,3,2026-01-26T18:03:00,2026-01-26T18:08:00,walking,U Friedrichshain Station (home side),Lea's Apartment,0.4,5,False,none,Walk home.
trip_6928700a5ebd_00046_leg_001,trip_6928700a5ebd_00046,1,2026-01-27T11:00:00,2026-01-27T11:05:00,walking,Lea's Apartment,U Friedrichshain Station,0.5,5,False,none,Walk to U‑Bahn.
trip_6928700a5ebd_00046_leg_002,trip_6928700a5ebd_00046,2,2026-01-27T11:05:00,2026-01-27T11:20:00,subway,U Friedrichshain,U Museumsinsel,4.0,15,True,monthly_pass,Subway to museum island.
trip_6928700a5ebd_00046_leg_003,trip_6928700a5ebd_00046,3,2026-01-27T11:20:00,2026-01-27T11:25:00,walking,U Museumsinsel,Pergamon Museum,0.4,5,False,none,Walk to museum entrance.
trip_6928700a5ebd_00047_leg_001,trip_6928700a5ebd_00047,1,2026-01-27T20:00:00,2026-01-27T20:04:00,walking,Lea's Apartment,Nextbike Dock Friedrichshain,0.2,4,False,none,Walk to shared‑bike dock.
trip_6928700a5ebd_00047_leg_002,trip_6928700a5ebd_00047,2,2026-01-27T20:04:00,2026-01-27T20:14:00,shared_bike,Nextbike Dock Friedrichshain,Bar im Prenzlauer Berg,3.0,10,False,none,Ride shared bike to bar.
trip_6928700a5ebd_00048_leg_001,trip_6928700a5ebd_00048,1,2026-01-28T09:00:00,2026-01-28T09:06:00,walking,Lea's Apartment,Berlin Hbf,0.5,6,False,none,Walk to main train station.
trip_6928700a5ebd_00048_leg_002,trip_6928700a5ebd_00048,2,2026-01-28T09:06:00,2026-01-28T11:36:00,regional_train,Berlin Hbf,Dresden Hbf,200.0,150,True,day_ticket,Regional train to Dresden.
trip_6928700a5ebd_00048_leg_003,trip_6928700a5ebd_00048,3,2026-01-28T11:36:00,2026-01-28T11:41:00,walking,Dresden Hbf,Dresden City Centre,0.5,5,False,none,Walk to city centre.
trip_6928700a5ebd_00049_leg_001,trip_6928700a5ebd_00049,1,2026-01-29T07:45:00,2026-01-29T07:50:00,walking,Lea's Apartment,Prenzlauer Allee Tram Stop,0.4,5,False,none,Walk to tram stop.
trip_6928700a5ebd_00049_leg_002,trip_6928700a5ebd_00049,2,2026-01-29T07:50:00,2026-01-29T08:00:00,tram,Prenzlauer Allee Tram Stop,U Friedrichshain Station,3.0,10,True,monthly_pass,Tram ride towards work.
trip_6928700a5ebd_00049_leg_003,trip_6928700a5ebd_00049,3,2026-01-29T08:00:00,2026-01-29T08:10:00,subway,U Friedrichshain Station,Frankfurter Allee U-Bahn Station,4.0,10,True,monthly_pass,Subway segment.
trip_6928700a5ebd_00049_leg_004,trip_6928700a5ebd_00049,4,2026-01-29T08:10:00,2026-01-29T08:20:00,bike,Frankfurter Allee U-Bahn Station,TechCo Office,1.0,10,False,none,Bike the last kilometre to office.
trip_6928700a5ebd_00050_leg_001,trip_6928700a5ebd_00050,1,2026-01-29T17:30:00,2026-01-29T17:38:00,bike,TechCo Office,Frankfurter Allee U-Bahn Station,0.9,8,False,none,Bike from office to subway station.
trip_6928700a5ebd_00050_leg_002,trip_6928700a5ebd_00050,2,2026-01-29T17:38:00,2026-01-29T17:48:00,subway,Frankfurter Allee U-Bahn Station,U Friedrichshain Station,4.0,10,True,monthly_pass,Subway towards home.
trip_6928700a5ebd_00050_leg_003,trip_6928700a5ebd_00050,3,2026-01-29T17:48:00,2026-01-29T17:58:00,tram,U Friedrichshain Station,Prenzlauer Allee Tram Stop,3.0,10,True,monthly_pass,Tram segment.
trip_6928700a5ebd_00050_leg_004,trip_6928700a5ebd_00050,4,2026-01-29T17:58:00,2026-01-29T18:10:00,walking,Prenzlauer Allee Tram Stop,Lea's Apartment,0.4,12,False,none,Walk from tram stop to apartment.
trip_6928700a5ebd_00051_leg_001,trip_6928700a5ebd_00051,1,2026-01-30T07:50:00,2026-01-30T07:55:00,walking,Lea's Apartment,Prenzlauer Allee Tram Stop,0.4,5,False,none,Walk to tram stop.
trip_6928700a5ebd_00051_leg_002,trip_6928700a5ebd_00051,2,2026-01-30T07:55:00,2026-01-30T08:05:00,tram,Prenzlauer Allee Tram Stop,U Friedrichshain Station,3.0,10,True,monthly_pass,Tram towards work.
trip_6928700a5ebd_00051_leg_003,trip_6928700a5ebd_00051,3,2026-01-30T08:05:00,2026-01-30T08:15:00,subway,U Friedrichshain Station,Frankfurter Allee U-Bahn Station,4.0,10,True,monthly_pass,Subway segment.
trip_6928700a5ebd_00051_leg_004,trip_6928700a5ebd_00051,4,2026-01-30T08:15:00,2026-01-30T08:25:00,bike,Frankfurter Allee U-Bahn Station,TechCo Office,1.0,10,False,none,Bike the last kilometre to office.
trip_6928700a5ebd_00052_leg_001,trip_6928700a5ebd_00052,1,2026-01-30T17:35:00,2026-01-30T17:43:00,bike,TechCo Office,Frankfurter Allee U-Bahn Station,0.9,8,False,none,Bike to subway station.
trip_6928700a5ebd_00052_leg_002,trip_6928700a5ebd_00052,2,2026-01-30T17:43:00,2026-01-30T17:53:00,subway,Frankfurter Allee U-Bahn Station,U Friedrichshain Station,4.0,10,True,monthly_pass,Subway towards home.
trip_6928700a5ebd_00052_leg_003,trip_6928700a5ebd_00052,3,2026-01-30T17:53:00,2026-01-30T18:03:00,tram,U Friedrichshain Station,Prenzlauer Allee Tram Stop,3.0,10,True,monthly_pass,Tram segment.
trip_6928700a5ebd_00052_leg_004,trip_6928700a5ebd_00052,4,2026-01-30T18:03:00,2026-01-30T18:15:00,walking,Prenzlauer Allee Tram Stop,Lea's Apartment,0.4,12,False,none,Walk home.
trip_6928700a5ebd_00053_leg_001,trip_6928700a5ebd_00053,1,2026-01-30T19:00:00,2026-01-30T19:12:00,bike,TechCo Office,Kreuzberg Bistro,2.0,12,False,none,Bike to restaurant.
trip_6928700a5ebd_00053_leg_002,trip_6928700a5ebd_00053,2,2026-01-30T19:12:00,2026-01-30T19:30:00,walking,Kreuzberg Bistro,Kreuzberg Bistro Entrance,0.3,18,False,none,Short walk to table.
trip_6928700a5ebd_00054_leg_001,trip_6928700a5ebd_00054,1,2026-01-30T21:00:00,2026-01-30T21:12:00,bike,Kreuzberg Bistro,Prenzlauer Allee Dock,2.0,12,False,none,Bike towards home.
trip_6928700a5ebd_00054_leg_002,trip_6928700a5ebd_00054,2,2026-01-30T21:12:00,2026-01-30T21:45:00,walking,Prenzlauer Allee Dock,Lea's Apartment,0.4,33,False,none,Final walk home.
trip_6928700a5ebd_00055_leg_001,trip_6928700a5ebd_00055,1,2026-02-01T07:55:00,2026-02-01T08:00:00,walking,Lea's Apartment,Prenzlauer Allee Tram Stop,0.4,5,False,none,Walk to tram.
trip_6928700a5ebd_00055_leg_002,trip_6928700a5ebd_00055,2,2026-02-01T08:00:00,2026-02-01T08:10:00,tram,Prenzlauer Allee Tram Stop,U Friedrichshain Station,3.0,10,True,monthly_pass,Tram ride.
trip_6928700a5ebd_00055_leg_003,trip_6928700a5ebd_00055,3,2026-02-01T08:10:00,2026-02-01T08:20:00,subway,U Friedrichshain Station,Frankfurter Allee U-Bahn Station,4.0,10,True,monthly_pass,Subway segment.
trip_6928700a5ebd_00055_leg_004,trip_6928700a5ebd_00055,4,2026-02-01T08:20:00,2026-02-01T08:30:00,bike,Frankfurter Allee U-Bahn Station,TechCo Office,1.0,10,False,none,Bike the final kilometre.
trip_6928700a5ebd_00056_leg_001,trip_6928700a5ebd_00056,1,2026-02-01T17:40:00,2026-02-01T17:48:00,bike,TechCo Office,Frankfurter Allee U-Bahn Station,0.9,8,False,none,Bike to subway.
trip_6928700a5ebd_00056_leg_002,trip_6928700a5ebd_00056,2,2026-02-01T17:48:00,2026-02-01T17:58:00,subway,Frankfurter Allee U-Bahn Station,U Friedrichshain Station,4.0,10,True,monthly_pass,Subway homeward.
trip_6928700a5ebd_00056_leg_003,trip_6928700a5ebd_00056,3,2026-02-01T17:58:00,2026-02-01T18:08:00,tram,U Friedrichshain Station,Prenzlauer Allee Tram Stop,3.0,10,True,monthly_pass,Tram ride.
trip_6928700a5ebd_00056_leg_004,trip_6928700a5ebd_00056,4,2026-02-01T18:08:00,2026-02-01T18:20:00,walking,Prenzlauer Allee Tram Stop,Lea's Apartment,0.4,12,False,none,Final walk home.
trip_6928700a5ebd_00057_leg_001,trip_6928700a5ebd_00057,1,2026-02-03T10:00:00,2026-02-03T10:07:00,walking,Lea's Apartment,Prenzlauer Allee S-Bahn Station,0.5,7,False,none,Walk to S-Bahn.
trip_6928700a5ebd_00057_leg_002,trip_6928700a5ebd_00057,2,2026-02-03T10:07:00,2026-02-03T10:19:00,regional_train,Prenzlauer Allee S-Bahn Station,Berlin Hauptbahnhof,5.0,12,True,monthly_pass,S-Bahn ride towards museum district.
trip_6928700a5ebd_00057_leg_003,trip_6928700a5ebd_00057,3,2026-02-03T10:19:00,2026-02-03T10:30:00,walking,Berlin Hauptbahnhof,Museum Island,0.6,11,False,none,Walk to museum.
trip_6928700a5ebd_00058_leg_001,trip_6928700a5ebd_00058,1,2026-02-03T13:30:00,2026-02-03T13:37:00,walking,Museum Island,Berlin Hauptbahnhof,0.6,7,False,none,Walk to main station.
trip_6928700a5ebd_00058_leg_002,trip_6928700a5ebd_00058,2,2026-02-03T13:37:00,2026-02-03T13:49:00,regional_train,Berlin Hauptbahnhof,Prenzlauer Allee S-Bahn Station,5.0,12,True,monthly_pass,S-Bahn back towards home.
trip_6928700a5ebd_00058_leg_003,trip_6928700a5ebd_00058,3,2026-02-03T13:49:00,2026-02-03T14:00:00,walking,Prenzlauer Allee S-Bahn Station,Lea's Apartment,0.5,11,False,none,Final walk home.
trip_6928700a5ebd_00059_leg_001,trip_6928700a5ebd_00059,1,2026-02-04T11:00:00,2026-02-04T11:05:00,walking,Lea's Apartment,Shared Bike Dock near Prenzlauer Allee,0.3,5,False,none,Walk to shared bike.
trip_6928700a5ebd_00059_leg_002,trip_6928700a5ebd_00059,2,2026-02-04T11:05:00,2026-02-04T11:20:00,shared_bike,Shared Bike Dock near Prenzlauer Allee,Tiergarten Entrance,3.0,15,False,none,Ride to the park.
trip_6928700a5ebd_00059_leg_003,trip_6928700a5ebd_00059,3,2026-02-04T11:20:00,2026-02-04T11:25:00,walking,Tiergarten Entrance,Tiergarten Park,0.3,5,False,none,Short walk into the park.
trip_6928700a5ebd_00060_leg_001,trip_6928700a5ebd_00060,1,2026-02-04T13:00:00,2026-02-04T13:05:00,walking,Tiergarten Park,Shared Bike Dock near Tiergarten,0.3,5,False,none,Walk to bike dock.
trip_6928700a5ebd_00060_leg_002,trip_6928700a5ebd_00060,2,2026-02-04T13:05:00,2026-02-04T13:20:00,shared_bike,Shared Bike Dock near Tiergarten,Prenzlauer Allee Dock,3.0,15,False,none,Bike back towards home.
trip_6928700a5ebd_00060_leg_003,trip_6928700a5ebd_00060,3,2026-02-04T13:20:00,2026-02-04T13:25:00,walking,Prenzlauer Allee Dock,Lea's Apartment,0.3,5,False,none,Final walk home.
trip_6928700a5ebd_00061_leg_001,trip_6928700a5ebd_00061,1,2026-02-05T07:45:00,2026-02-05T07:50:00,walking,Lea's apartment,Rosa-Luxemburg-Platz U-Bahn station,0.4,5,False,none,Walk to the nearest U-Bahn station.
trip_6928700a5ebd_00061_leg_002,trip_6928700a5ebd_00061,2,2026-02-05T07:50:00,2026-02-05T08:02:00,subway,Rosa-Luxemburg-Platz,Kottbusser Tor,5.0,12,True,monthly_pass,Subway ride towards work district.
trip_6928700a5ebd_00061_leg_003,trip_6928700a5ebd_00061,3,2026-02-05T08:02:00,2026-02-05T08:10:00,bike,Kottbusser Tor station,Office at Kottbusser Tor,3.0,8,False,none,Bike the last kilometre to the office.
trip_6928700a5ebd_00062_leg_001,trip_6928700a5ebd_00062,1,2026-02-05T18:30:00,2026-02-05T18:38:00,bike,Office at Kottbusser Tor,Kottbusser Tor station,3.0,8,False,none,Bike to the subway station.
trip_6928700a5ebd_00062_leg_002,trip_6928700a5ebd_00062,2,2026-02-05T18:38:00,2026-02-05T18:50:00,subway,Kottbusser Tor,Rosa-Luxemburg-Platz,5.0,12,True,monthly_pass,Subway back towards home.
trip_6928700a5ebd_00062_leg_003,trip_6928700a5ebd_00062,3,2026-02-05T18:50:00,2026-02-05T18:55:00,walking,Rosa-Luxemburg-Platz,Lea's apartment,0.4,5,False,none,Walk the short distance home.
trip_6928700a5ebd_00063_leg_001,trip_6928700a5ebd_00063,1,2026-02-05T19:15:00,2026-02-05T19:23:00,walking,Lea's apartment,Café Einstein,0.6,8,False,none,Walk to the nearby café.
trip_6928700a5ebd_00064_leg_001,trip_6928700a5ebd_00064,1,2026-02-07T11:00:00,2026-02-07T11:12:00,bike,Lea's apartment,Mitte Market,4.0,12,False,none,Bike to the local market.
trip_6928700a5ebd_00065_leg_001,trip_6928700a5ebd_00065,1,2026-02-07T14:00:00,2026-02-07T14:03:00,walking,Lea's apartment,Tram stop at Alexanderplatz,0.2,3,False,none,Walk to the nearest tram stop.
trip_6928700a5ebd_00065_leg_002,trip_6928700a5ebd_00065,2,2026-02-07T14:03:00,2026-02-07T14:13:00,tram,Alexanderplatz,Tram stop at Museum Island,2.0,10,True,monthly_pass,Tram ride to the museum area.
trip_6928700a5ebd_00065_leg_003,trip_6928700a5ebd_00065,3,2026-02-07T14:13:00,2026-02-07T14:17:00,walking,Tram stop at Museum Island,Museum Island,0.3,4,False,none,Short walk to the museum entrance.
trip_6928700a5ebd_00066_leg_001,trip_6928700a5ebd_00066,1,2026-02-07T19:30:00,2026-02-07T19:36:00,shared_bike,Lea's apartment,Kreuzberg Bar,2.0,6,False,none,Ride a shared bike to the bar.
trip_6928700a5ebd_00067_leg_001,trip_6928700a5ebd_00067,1,2026-02-08T09:00:00,2026-02-08T09:15:00,bike,Lea's apartment,Berlin Hauptbahnhof,5.0,15,False,none,Bike to the main train station.
trip_6928700a5ebd_00067_leg_002,trip_6928700a5ebd_00067,2,2026-02-08T09:15:00,2026-02-08T09:40:00,regional_train,Berlin Hauptbahnhof,Potsdam Hauptbahnhof,30.0,25,True,monthly_pass,Regional train to Potsdam.
trip_6928700a5ebd_00067_leg_003,trip_6928700a5ebd_00067,3,2026-02-08T09:40:00,2026-02-08T09:47:00,walking,Potsdam Hauptbahnhof,Schloss Sanssouci,0.5,7,False,none,Walk to the palace.
trip_6928700a5ebd_00068_leg_001,trip_6928700a5ebd_00068,1,2026-02-08T18:30:00,2026-02-08T18:37:00,walking,Schloss Sanssouci,Potsdam Hauptbahnhof,0.5,7,False,none,Walk to the train station.
trip_6928700a5ebd_00068_leg_002,trip_6928700a5ebd_00068,2,2026-02-08T18:37:00,2026-02-08T19:02:00,regional_train,Potsdam Hauptbahnhof,Berlin Hauptbahnhof,30.0,25,True,monthly_pass,Regional train back to Berlin.
trip_6928700a5ebd_00068_leg_003,trip_6928700a5ebd_00068,3,2026-02-08T19:02:00,2026-02-08T19:17:00,bike,Berlin Hauptbahnhof,Lea's apartment,5.0,15,False,none,Bike home from the station.
trip_6928700a5ebd_00069_leg_001,trip_6928700a5ebd_00069,1,2026-02-09T07:45:00,2026-02-09T07:50:00,walking,Lea's apartment,Rosa-Luxemburg-Platz U-Bahn station,0.4,5,False,none,Walk to the U-Bahn.
trip_6928700a5ebd_00069_leg_002,trip_6928700a5ebd_00069,2,2026-02-09T07:50:00,2026-02-09T08:02:00,subway,Rosa-Luxemburg-Platz,Kottbusser Tor,5.0,12,True,monthly_pass,Subway ride to work area.
trip_6928700a5ebd_00069_leg_003,trip_6928700a5ebd_00069,3,2026-02-09T08:02:00,2026-02-09T08:10:00,bike,Kottbusser Tor station,Office at Kottbusser Tor,3.0,8,False,none,Bike the final kilometre to the office.
trip_6928700a5ebd_00070_leg_001,trip_6928700a5ebd_00070,1,2026-02-09T18:45:00,2026-02-09T18:53:00,bike,Office at Kottbusser Tor,Kottbusser Tor station,3.0,8,False,none,Bike to the subway station.
trip_6928700a5ebd_00070_leg_002,trip_6928700a5ebd_00070,2,2026-02-09T18:53:00,2026-02-09T19:05:00,subway,Kottbusser Tor,Rosa-Luxemburg-Platz,5.0,12,True,monthly_pass,Subway back towards home.
trip_6928700a5ebd_00070_leg_003,trip_6928700a5ebd_00070,3,2026-02-09T19:05:00,2026-02-09T19:10:00,walking,Rosa-Luxemburg-Platz,Lea's apartment,0.4,5,False,none,Final walk home.
trip_6928700a5ebd_00071_leg_001,trip_6928700a5ebd_00071,1,2026-02-11T07:45:00,2026-02-11T07:50:00,walking,Lea's apartment,Rosa-Luxemburg-Platz U-Bahn station,0.4,5,False,none,Walk to the U-Bahn.
trip_6928700a5ebd_00071_leg_002,trip_6928700a5ebd_00071,2,2026-02-11T07:50:00,2026-02-11T08:02:00,subway,Rosa-Luxemburg-Platz,Kottbusser Tor,5.0,12,True,monthly_pass,Subway ride to work area.
trip_6928700a5ebd_00071_leg_003,trip_6928700a5ebd_00071,3,2026-02-11T08:02:00,2026-02-11T08:10:00,bike,Kottbusser Tor station,Office at Kottbusser Tor,3.0,8,False,none,Bike the final stretch to the office.
trip_6928700a5ebd_00072_leg_001,trip_6928700a5ebd_00072,1,2026-02-11T18:30:00,2026-02-11T18:38:00,bike,Office at Kottbusser Tor,Kottbusser Tor station,3.0,8,False,none,Bike to the subway station.
trip_6928700a5ebd_00072_leg_002,trip_6928700a5ebd_00072,2,2026-02-11T18:38:00,2026-02-11T18:50:00,subway,Kottbusser Tor,Rosa-Luxemburg-Platz,5.0,12,True,monthly_pass,Subway back towards home.
trip_6928700a5ebd_00072_leg_003,trip_6928700a5ebd_00072,3,2026-02-11T18:50:00,2026-02-11T18:55:00,walking,Rosa-Luxemburg-Platz,Lea's apartment,0.4,5,False,none,Final walk home.
trip_6928700a5ebd_00073_leg_001,trip_6928700a5ebd_00073,1,2026-02-12T08:05:00,2026-02-12T08:10:00,walking,Home,U Friedrichstraße,0.4,5,False,none,Walk to the U‑Bahn station
trip_6928700a5ebd_00073_leg_002,trip_6928700a5ebd_00073,2,2026-02-12T08:10:00,2026-02-12T08:27:00,subway,U Friedrichstraße,U Kottbusser Tor,5.0,17,True,monthly_pass,Subway ride towards work
trip_6928700a5ebd_00073_leg_003,trip_6928700a5ebd_00073,3,2026-02-12T08:27:00,2026-02-12T08:40:00,bike,U Kottbusser Tor,Tech Hub Berlin,3.0,13,False,none,Bike the last kilometre to the office
trip_6928700a5ebd_00074_leg_001,trip_6928700a5ebd_00074,1,2026-02-12T18:10:00,2026-02-12T18:23:00,bike,Tech Hub Berlin,U Kottbusser Tor,3.0,13,False,none,Bike to the subway station
trip_6928700a5ebd_00074_leg_002,trip_6928700a5ebd_00074,2,2026-02-12T18:23:00,2026-02-12T18:40:00,subway,U Kottbusser Tor,U Friedrichstraße,5.0,17,True,monthly_pass,Subway back towards home
trip_6928700a5ebd_00074_leg_003,trip_6928700a5ebd_00074,3,2026-02-12T18:40:00,2026-02-12T18:45:00,walking,U Friedrichstraße,Home,0.4,5,False,none,Walk the short distance home
trip_6928700a5ebd_00075_leg_001,trip_6928700a5ebd_00075,1,2026-02-14T10:00:00,2026-02-14T10:15:00,bike,Home,Tiergarten,4.0,15,False,none,Bike ride to the park for a weekend stroll
trip_6928700a5ebd_00076_leg_001,trip_6928700a5ebd_00076,1,2026-02-15T09:00:00,2026-02-15T09:05:00,walking,Home,Berlin Hbf,0.5,5,False,none,Walk to the main train station
trip_6928700a5ebd_00076_leg_002,trip_6928700a5ebd_00076,2,2026-02-15T09:05:00,2026-02-15T09:35:00,regional_train,Berlin Hbf,Potsdam Hbf,30.0,30,True,monthly_pass,Regional train to Potsdam
trip_6928700a5ebd_00076_leg_003,trip_6928700a5ebd_00076,3,2026-02-15T09:35:00,2026-02-15T09:45:00,walking,Potsdam Hbf,Potsdam City Center,0.4,10,False,none,Short walk to the city centre
trip_6928700a5ebd_00077_leg_001,trip_6928700a5ebd_00077,1,2026-02-16T08:00:00,2026-02-16T08:05:00,walking,Home,U Friedrichstraße,0.4,5,False,none,Walk to the U‑Bahn entrance
trip_6928700a5ebd_00077_leg_002,trip_6928700a5ebd_00077,2,2026-02-16T08:05:00,2026-02-16T08:22:00,subway,U Friedrichstraße,U Kottbusser Tor,5.0,17,True,monthly_pass,Subway ride towards the office
trip_6928700a5ebd_00077_leg_003,trip_6928700a5ebd_00077,3,2026-02-16T08:22:00,2026-02-16T08:35:00,bike,U Kottbusser Tor,Tech Hub Berlin,3.0,13,False,none,Bike the final segment to work
trip_6928700a5ebd_00078_leg_001,trip_6928700a5ebd_00078,1,2026-02-16T18:15:00,2026-02-16T18:28:00,bike,Tech Hub Berlin,U Kottbusser Tor,3.0,13,False,none,Bike to the subway station
trip_6928700a5ebd_00078_leg_002,trip_6928700a5ebd_00078,2,2026-02-16T18:28:00,2026-02-16T18:45:00,subway,U Kottbusser Tor,U Friedrichstraße,5.0,17,True,monthly_pass,Subway homeward
trip_6928700a5ebd_00078_leg_003,trip_6928700a5ebd_00078,3,2026-02-16T18:45:00,2026-02-16T18:50:00,walking,U Friedrichstraße,Home,0.4,5,False,none,Final walk home
trip_6928700a5ebd_00079_leg_001,trip_6928700a5ebd_00079,1,2026-02-16T19:30:00,2026-02-16T19:34:00,walking,Tech Hub Berlin,Tram Stop Oranienstraße,0.3,4,False,none,Walk to the tram stop
trip_6928700a5ebd_00079_leg_002,trip_6928700a5ebd_00079,2,2026-02-16T19:34:00,2026-02-16T19:46:00,tram,Tram Stop Oranienstraße,Tram Stop Kurfürstendamm,4.5,12,True,monthly_pass,Tram ride to the café area
trip_6928700a5ebd_00079_leg_003,trip_6928700a5ebd_00079,3,2026-02-16T19:46:00,2026-02-16T19:50:00,walking,Tram Stop Kurfürstendamm,Café Einstein,0.2,4,False,none,Short walk to the café
trip_6928700a5ebd_00080_leg_001,trip_6928700a5ebd_00080,1,2026-02-16T20:10:00,2026-02-16T20:13:00,walking,Café Einstein,Shared Bike Dock,0.2,3,False,none,Walk to the shared‑bike station
trip_6928700a5ebd_00080_leg_002,trip_6928700a5ebd_00080,2,2026-02-16T20:13:00,2026-02-16T20:20:00,shared_bike,Shared Bike Dock,Bike Dock near Home,2.0,7,False,none,Ride shared bike home
trip_6928700a5ebd_00080_leg_003,trip_6928700a5ebd_00080,3,2026-02-16T20:20:00,2026-02-16T20:30:00,walking,Bike Dock near Home,Home,0.3,10,False,none,Final walk to the apartment
trip_6928700a5ebd_00081_leg_001,trip_6928700a5ebd_00081,1,2026-02-18T08:10:00,2026-02-18T08:15:00,walking,Home,U Friedrichstraße,0.4,5,False,none,Walk to the U‑Bahn
trip_6928700a5ebd_00081_leg_002,trip_6928700a5ebd_00081,2,2026-02-18T08:15:00,2026-02-18T08:32:00,subway,U Friedrichstraße,U Kottbusser Tor,5.0,17,True,monthly_pass,Subway towards work
trip_6928700a5ebd_00081_leg_003,trip_6928700a5ebd_00081,3,2026-02-18T08:32:00,2026-02-18T08:45:00,bike,U Kottbusser Tor,Tech Hub Berlin,3.0,13,False,none,Bike the final stretch
trip_6928700a5ebd_00082_leg_001,trip_6928700a5ebd_00082,1,2026-02-18T18:20:00,2026-02-18T18:33:00,bike,Tech Hub Berlin,U Kottbusser Tor,3.0,13,False,none,Bike to the subway
trip_6928700a5ebd_00082_leg_002,trip_6928700a5ebd_00082,2,2026-02-18T18:33:00,2026-02-18T18:50:00,subway,U Kottbusser Tor,U Friedrichstraße,5.0,17,True,monthly_pass,Subway homeward
trip_6928700a5ebd_00082_leg_003,trip_6928700a5ebd_00082,3,2026-02-18T18:50:00,2026-02-18T18:55:00,walking,U Friedrichstraße,Home,0.4,5,False,none,Final walk home
trip_6928700a5ebd_00083_leg_001,trip_6928700a5ebd_00083,1,2026-02-18T19:20:00,2026-02-18T19:24:00,walking,Tech Hub Berlin,U Friedrichstraße,0.3,4,False,none,Walk to the subway entrance
trip_6928700a5ebd_00083_leg_002,trip_6928700a5ebd_00083,2,2026-02-18T19:24:00,2026-02-18T19:38:00,subway,U Friedrichstraße,U Karl-Marx-Straße,5.0,14,True,monthly_pass,Subway to the cinema district
trip_6928700a5ebd_00083_leg_003,trip_6928700a5ebd_00083,3,2026-02-18T19:38:00,2026-02-18T19:45:00,walking,U Karl-Marx-Straße,CineStar Berlin,0.3,7,False,none,Short walk to the cinema
trip_6928700a5ebd_00084_leg_001,trip_6928700a5ebd_00084,1,2026-02-18T22:00:00,2026-02-18T22:05:00,walking,CineStar Berlin,Shared Bike Dock,0.4,5,False,none,Walk to shared‑bike station
trip_6928700a5ebd_00084_leg_002,trip_6928700a5ebd_00084,2,2026-02-18T22:05:00,2026-02-18T22:20:00,shared_bike,Shared Bike Dock,Bike Dock near Home,3.0,15,False,none,Ride shared bike home
trip_6928700a5ebd_00084_leg_003,trip_6928700a5ebd_00084,3,2026-02-18T22:20:00,2026-02-18T22:30:00,walking,Bike Dock near Home,Home,0.3,10,False,none,Final walk to the apartment
trip_6928700a5ebd_00085_leg_001,trip_6928700a5ebd_00085,1,2026-02-19T09:00:00,2026-02-19T09:07:00,walking,Lea's Apartment,BikeDock Friedrichshain,0.5,7,False,none,Walk to bike dock.
trip_6928700a5ebd_00085_leg_002,trip_6928700a5ebd_00085,2,2026-02-19T09:07:00,2026-02-19T09:17:00,bike,BikeDock Friedrichshain,FitX Berlin,2.0,10,False,none,Bike to the gym.
trip_6928700a5ebd_00085_leg_003,trip_6928700a5ebd_00085,3,2026-02-19T09:17:00,2026-02-19T09:20:00,walking,FitX Berlin,Gym Entrance,0.2,3,False,none,Final short walk into the fitness centre.
trip_6928700a5ebd_00086_leg_001,trip_6928700a5ebd_00086,1,2026-02-19T12:00:00,2026-02-19T12:03:00,walking,Gym Entrance,BikeDock Friedrichshain,0.2,3,False,none,Walk to bike dock.
trip_6928700a5ebd_00086_leg_002,trip_6928700a5ebd_00086,2,2026-02-19T12:03:00,2026-02-19T12:13:00,bike,BikeDock Friedrichshain,BikeDock Prenzlauer Berg,2.0,10,False,none,Bike back towards home.
trip_6928700a5ebd_00086_leg_003,trip_6928700a5ebd_00086,3,2026-02-19T12:13:00,2026-02-19T12:20:00,walking,BikeDock Prenzlauer Berg,Lea's Apartment,0.5,7,False,none,Final walk home.
trip_6928700a5ebd_00087_leg_001,trip_6928700a5ebd_00087,1,2026-02-19T15:00:00,2026-02-19T15:20:00,bike,Lea's Apartment,BikeDock Alexanderplatz,4.0,20,False,none,Bike to cinema area.
trip_6928700a5ebd_00087_leg_002,trip_6928700a5ebd_00087,2,2026-02-19T15:20:00,2026-02-19T15:24:00,walking,BikeDock Alexanderplatz,CineStar Berlin,0.3,4,False,none,Short walk to cinema entrance.
trip_6928700a5ebd_00088_leg_001,trip_6928700a5ebd_00088,1,2026-02-19T20:00:00,2026-02-19T20:04:00,walking,CineStar Berlin,BikeDock Alexanderplatz,0.3,4,False,none,Walk to bike dock.
trip_6928700a5ebd_00088_leg_002,trip_6928700a5ebd_00088,2,2026-02-19T20:04:00,2026-02-19T20:24:00,bike,BikeDock Alexanderplatz,Lea's Apartment,4.0,20,False,none,Bike home.
trip_6928700a5ebd_00089_leg_001,trip_6928700a5ebd_00089,1,2026-02-20T19:00:00,2026-02-20T19:15:00,bike,Lea's Apartment,BikeDock Kreuzberg,3.0,15,False,none,Bike to the café area.
trip_6928700a5ebd_00089_leg_002,trip_6928700a5ebd_00089,2,2026-02-20T19:15:00,2026-02-20T19:20:00,walking,BikeDock Kreuzberg,Kreuzberg Café,0.2,5,False,none,Short walk to the restaurant.
trip_6928700a5ebd_00090_leg_001,trip_6928700a5ebd_00090,1,2026-02-20T20:45:00,2026-02-20T20:48:00,walking,Kreuzberg Café,BikeDock Kreuzberg,0.2,3,False,none,Walk to bike dock.
trip_6928700a5ebd_00090_leg_002,trip_6928700a5ebd_00090,2,2026-02-20T20:48:00,2026-02-20T21:03:00,bike,BikeDock Kreuzberg,Lea's Apartment,3.0,15,False,none,Bike home.
trip_6928700a5ebd_00091_leg_001,trip_6928700a5ebd_00091,1,2026-02-21T07:30:00,2026-02-21T07:35:00,walking,Lea's Apartment,U‑Alexanderplatz Station,0.3,5,False,none,Walk to the nearest U‑Bahn station.
trip_6928700a5ebd_00091_leg_002,trip_6928700a5ebd_00091,2,2026-02-21T07:35:00,2026-02-21T07:41:00,subway,U‑Alexanderplatz,U‑Stadtmitte,2.0,6,True,monthly_pass,Subway ride on line U2.
trip_6928700a5ebd_00091_leg_003,trip_6928700a5ebd_00091,3,2026-02-21T07:41:00,2026-02-21T07:49:00,walking,U‑Stadtmitte,BikeDock Stadtmitte,0.2,8,False,none,Walk to the bike‑sharing dock.
trip_6928700a5ebd_00091_leg_004,trip_6928700a5ebd_00091,4,2026-02-21T07:49:00,2026-02-21T08:15:00,bike,BikeDock Stadtmitte,TechCo Office,1.2,26,False,none,Bike the last kilometre to the office.
trip_6928700a5ebd_00092_leg_001,trip_6928700a5ebd_00092,1,2026-02-21T17:30:00,2026-02-21T17:42:00,bike,TechCo Office,BikeDock Stadtmitte,1.2,12,False,none,Bike from office to the dock.
trip_6928700a5ebd_00092_leg_002,trip_6928700a5ebd_00092,2,2026-02-21T17:42:00,2026-02-21T17:45:00,walking,BikeDock Stadtmitte,U‑Stadtmitte Station,0.2,3,False,none,Walk to the subway entrance.
trip_6928700a5ebd_00092_leg_003,trip_6928700a5ebd_00092,3,2026-02-21T17:45:00,2026-02-21T17:51:00,subway,U‑Stadtmitte,U‑Alexanderplatz,2.0,6,True,monthly_pass,Subway ride back to Alexanderplatz.
trip_6928700a5ebd_00092_leg_004,trip_6928700a5ebd_00092,4,2026-02-21T17:51:00,2026-02-21T18:20:00,walking,U‑Alexanderplatz,Lea's Apartment,0.3,29,False,none,"Walk home, includes short wait for the next train."
trip_6928700a5ebd_00093_leg_001,trip_6928700a5ebd_00093,1,2026-02-23T07:35:00,2026-02-23T07:40:00,walking,Lea's Apartment,U‑Alexanderplatz Station,0.3,5,False,none,Walk to the U‑Bahn.
trip_6928700a5ebd_00093_leg_002,trip_6928700a5ebd_00093,2,2026-02-23T07:40:00,2026-02-23T07:46:00,subway,U‑Alexanderplatz,U‑Stadtmitte,2.0,6,True,monthly_pass,U2 to Stadtmitte.
trip_6928700a5ebd_00093_leg_003,trip_6928700a5ebd_00093,3,2026-02-23T07:46:00,2026-02-23T07:54:00,walking,U‑Stadtmitte,BikeDock Stadtmitte,0.2,8,False,none,Walk to bike dock.
trip_6928700a5ebd_00093_leg_004,trip_6928700a5ebd_00093,4,2026-02-23T07:54:00,2026-02-23T08:20:00,bike,BikeDock Stadtmitte,TechCo Office,1.2,26,False,none,Bike the final stretch.
trip_6928700a5ebd_00094_leg_001,trip_6928700a5ebd_00094,1,2026-02-23T17:35:00,2026-02-23T17:47:00,bike,TechCo Office,BikeDock Stadtmitte,1.2,12,False,none,Bike to the dock.
trip_6928700a5ebd_00094_leg_002,trip_6928700a5ebd_00094,2,2026-02-23T17:47:00,2026-02-23T17:50:00,walking,BikeDock Stadtmitte,U‑Stadtmitte Station,0.2,3,False,none,Walk to subway.
trip_6928700a5ebd_00094_leg_003,trip_6928700a5ebd_00094,3,2026-02-23T17:50:00,2026-02-23T17:56:00,subway,U‑Stadtmitte,U‑Alexanderplatz,2.0,6,True,monthly_pass,Subway back to Alexanderplatz.
trip_6928700a5ebd_00094_leg_004,trip_6928700a5ebd_00094,4,2026-02-23T17:56:00,2026-02-23T18:25:00,walking,U‑Alexanderplatz,Lea's Apartment,0.3,29,False,none,"Walk home, includes brief wait."
trip_6928700a5ebd_00095_leg_001,trip_6928700a5ebd_00095,1,2026-02-25T07:40:00,2026-02-25T07:45:00,walking,Lea's Apartment,U‑Alexanderplatz Station,0.3,5,False,none,Walk to subway.
trip_6928700a5ebd_00095_leg_002,trip_6928700a5ebd_00095,2,2026-02-25T07:45:00,2026-02-25T07:51:00,subway,U‑Alexanderplatz,U‑Stadtmitte,2.0,6,True,monthly_pass,U2 ride.
trip_6928700a5ebd_00095_leg_003,trip_6928700a5ebd_00095,3,2026-02-25T07:51:00,2026-02-25T07:59:00,walking,U‑Stadtmitte,BikeDock Stadtmitte,0.2,8,False,none,Walk to bike dock.
trip_6928700a5ebd_00095_leg_004,trip_6928700a5ebd_00095,4,2026-02-25T07:59:00,2026-02-25T08:25:00,bike,BikeDock Stadtmitte,TechCo Office,1.2,26,False,none,Bike to office.
trip_6928700a5ebd_00096_leg_001,trip_6928700a5ebd_00096,1,2026-02-25T17:40:00,2026-02-25T17:52:00,bike,TechCo Office,BikeDock Stadtmitte,1.2,12,False,none,Bike to dock.
trip_6928700a5ebd_00096_leg_002,trip_6928700a5ebd_00096,2,2026-02-25T17:52:00,2026-02-25T17:55:00,walking,BikeDock Stadtmitte,U‑Stadtmitte Station,0.2,3,False,none,Walk to subway.
trip_6928700a5ebd_00096_leg_003,trip_6928700a5ebd_00096,3,2026-02-25T17:55:00,2026-02-25T18:01:00,subway,U‑Stadtmitte,U‑Alexanderplatz,2.0,6,True,monthly_pass,Subway ride home.
trip_6928700a5ebd_00096_leg_004,trip_6928700a5ebd_00096,4,2026-02-25T18:01:00,2026-02-25T18:30:00,walking,U‑Alexanderplatz,Lea's Apartment,0.3,29,False,none,"Walk home, includes short wait."
trip_6928700a5ebd_00097_leg_001,trip_6928700a5ebd_00097,1,2026-02-26T07:30:00,2026-02-26T07:35:00,walking,Lea's Apartment,Tram Stop Prenzlauer Berg,0.4,5,False,none,Walk to the nearest tram stop.
trip_6928700a5ebd_00097_leg_002,trip_6928700a5ebd_00097,2,2026-02-26T07:35:00,2026-02-26T07:45:00,tram,Tram Stop Prenzlauer Berg,Tram Stop Mitte,1.6,10,True,monthly_pass,Tram line M1 towards Mitte.
trip_6928700a5ebd_00097_leg_003,trip_6928700a5ebd_00097,3,2026-02-26T07:45:00,2026-02-26T07:48:00,walking,Tram Stop Mitte,TechCo Office,0.0,3,False,none,Short walk into the office building.
trip_6928700a5ebd_00098_leg_001,trip_6928700a5ebd_00098,1,2026-02-26T17:45:00,2026-02-26T17:48:00,walking,TechCo Office,Tram Stop Mitte,0.0,3,False,none,Walk to tram stop.
trip_6928700a5ebd_00098_leg_002,trip_6928700a5ebd_00098,2,2026-02-26T17:48:00,2026-02-26T17:58:00,tram,Tram Stop Mitte,Tram Stop Prenzlauer Berg,1.6,10,True,monthly_pass,Tram back towards Prenzlauer Berg.
trip_6928700a5ebd_00098_leg_003,trip_6928700a5ebd_00098,3,2026-02-26T17:58:00,2026-02-26T18:03:00,walking,Tram Stop Prenzlauer Berg,Lea's Apartment,0.4,5,False,none,Final walk home.
trip_6928700a5ebd_00099_leg_001,trip_6928700a5ebd_00099,1,2026-02-26T18:30:00,2026-02-26T18:33:00,walking,TechCo Office,Tram Stop M2,0.2,3,False,none,Walk to tram stop.
trip_6928700a5ebd_00099_leg_002,trip_6928700a5ebd_00099,2,2026-02-26T18:33:00,2026-02-26T18:41:00,tram,Tram Stop M2,Tram Stop Coffee Corner,1.5,8,True,monthly_pass,Tram towards coffee spot.
trip_6928700a5ebd_00099_leg_003,trip_6928700a5ebd_00099,3,2026-02-26T18:41:00,2026-02-26T18:43:00,walking,Tram Stop Coffee Corner,Coffee Corner,0.1,2,False,none,Walk to cafe.
trip_6928700a5ebd_00099_leg_004,trip_6928700a5ebd_00099,4,2026-02-26T19:10:00,2026-02-26T19:12:00,walking,Coffee Corner,Tram Stop Coffee Corner,0.1,2,False,none,Walk back to tram stop after coffee.
trip_6928700a5ebd_00099_leg_005,trip_6928700a5ebd_00099,5,2026-02-26T19:12:00,2026-02-26T19:20:00,tram,Tram Stop Coffee Corner,Tram Stop M2,1.5,8,True,monthly_pass,Return tram.
trip_6928700a5ebd_00099_leg_006,trip_6928700a5ebd_00099,6,2026-02-26T19:20:00,2026-02-26T19:58:00,walking,Tram Stop M2,Lea's Apartment,0.2,38,False,none,Walk home (includes a brief pause).
trip_6928700a5ebd_00100_leg_001,trip_6928700a5ebd_00100,1,2026-02-27T10:00:00,2026-02-27T10:12:00,bike,Lea's Apartment,Edeka,5.0,12,False,none,Bike to supermarket.
trip_6928700a5ebd_00100_leg_002,trip_6928700a5ebd_00100,2,2026-02-27T10:12:00,2026-02-27T10:24:00,bike,Edeka,Lea's Apartment,5.0,12,False,none,Bike back home.
trip_6928700a5ebd_00101_leg_001,trip_6928700a5ebd_00101,1,2026-02-28T11:00:00,2026-02-28T11:15:00,bike,Lea's Apartment,Museum Island,6.0,15,False,none,Bike to museum.
trip_6928700a5ebd_00101_leg_002,trip_6928700a5ebd_00101,2,2026-02-28T11:15:00,2026-02-28T11:20:00,walking,Museum Island,Museum Entrance,0.3,5,False,none,Short walk inside the museum area.
trip_6928700a5ebd_00101_leg_003,trip_6928700a5ebd_00101,3,2026-02-28T11:20:00,2026-02-28T11:35:00,bike,Museum Island,Lea's Apartment,6.0,15,False,none,Bike back home.
trip_6928700a5ebd_00102_leg_001,trip_6928700a5ebd_00102,1,2026-02-28T18:00:00,2026-02-28T18:05:00,walking,Museum Island,Bar 33 Entrance,0.5,5,False,none,Walk to bar.
trip_6928700a5ebd_00102_leg_002,trip_6928700a5ebd_00102,2,2026-02-28T19:05:00,2026-02-28T19:10:00,walking,Bar 33 Entrance,Museum Island,0.5,5,False,none,Walk back to museum area after drinks.
trip_6928700a5ebd_00102_leg_003,trip_6928700a5ebd_00102,3,2026-02-28T19:10:00,2026-02-28T19:25:00,bike,Museum Island,Lea's Apartment,6.0,15,False,none,Bike home.
trip_6928700a5ebd_00103_leg_001,trip_6928700a5ebd_00103,1,2026-03-01T14:00:00,2026-03-01T14:10:00,bike,Lea's Apartment,Tiergarten Entrance,4.0,10,False,none,Bike to the park.
trip_6928700a5ebd_00103_leg_002,trip_6928700a5ebd_00103,2,2026-03-01T14:10:00,2026-03-01T14:40:00,walking,Tiergarten Entrance,Tiergarten Exit,2.0,30,False,none,Stroll through the park.
trip_6928700a5ebd_00103_leg_003,trip_6928700a5ebd_00103,3,2026-03-01T14:40:00,2026-03-01T14:50:00,bike,Tiergarten Exit,Lea's Apartment,4.0,10,False,none,Bike back home.
trip_6928700a5ebd_00104_leg_001,trip_6928700a5ebd_00104,1,2026-03-02T07:45:00,2026-03-02T07:50:00,walking,Lea's Apartment,U-Bahn Station Prenzlauer Allee,0.5,5,False,none,Walk to U-Bahn.
trip_6928700a5ebd_00104_leg_002,trip_6928700a5ebd_00104,2,2026-03-02T07:50:00,2026-03-02T08:02:00,subway,U-Bahn Station Prenzlauer Allee,U-Bahn Station Alexanderplatz,2.5,12,True,monthly_pass,U2 line towards Alexanderplatz.
trip_6928700a5ebd_00104_leg_003,trip_6928700a5ebd_00104,3,2026-03-02T08:02:00,2026-03-02T08:05:00,walking,U-Bahn Station Alexanderplatz,TechCo Office,0.0,3,False,none,Final walk to office.
trip_6928700a5ebd_00105_leg_001,trip_6928700a5ebd_00105,1,2026-03-02T19:30:00,2026-03-02T19:33:00,walking,TechCo Office,Tram Stop M1,0.2,3,False,none,Walk to tram stop.
trip_6928700a5ebd_00105_leg_002,trip_6928700a5ebd_00105,2,2026-03-02T19:33:00,2026-03-02T19:41:00,tram,Tram Stop M1,Tram Stop Hackescher Markt,1.5,8,True,monthly_pass,Tram line M1 towards Hackescher Markt.
trip_6928700a5ebd_00105_leg_003,trip_6928700a5ebd_00105,3,2026-03-02T19:41:00,2026-03-02T19:43:00,walking,Tram Stop Hackescher Markt,Italian Bistro,0.1,2,False,none,Short walk to restaurant.
trip_6928700a5ebd_00105_leg_004,trip_6928700a5ebd_00105,4,2026-03-02T20:10:00,2026-03-02T20:12:00,walking,Italian Bistro,Tram Stop Hackescher Markt,0.1,2,False,none,Walk back to tram stop after dinner.
trip_6928700a5ebd_00105_leg_005,trip_6928700a5ebd_00105,5,2026-03-02T20:12:00,2026-03-02T20:20:00,tram,Tram Stop Hackescher Markt,Tram Stop Prenzlauer Allee,1.5,8,True,monthly_pass,Return tram.
trip_6928700a5ebd_00105_leg_006,trip_6928700a5ebd_00105,6,2026-03-02T20:20:00,2026-03-02T20:25:00,walking,Tram Stop Prenzlauer Allee,Lea's Apartment,0.2,5,False,none,Final walk home.
trip_6928700a5ebd_00106_leg_001,trip_6928700a5ebd_00106,1,2026-03-03T18:00:00,2026-03-03T18:12:00,bike,Lea's Apartment,FitX Gym,5.0,12,False,none,Bike to gym.
trip_6928700a5ebd_00106_leg_002,trip_6928700a5ebd_00106,2,2026-03-03T18:12:00,2026-03-03T18:24:00,bike,FitX Gym,Lea's Apartment,5.0,12,False,none,Bike back home.
trip_6928700a5ebd_00107_leg_001,trip_6928700a5ebd_00107,1,2026-03-04T07:50:00,2026-03-04T07:55:00,walking,Lea's Apartment,U-Bahn Station Prenzlauer Allee,0.5,5,False,none,Walk to station.
trip_6928700a5ebd_00107_leg_002,trip_6928700a5ebd_00107,2,2026-03-04T07:55:00,2026-03-04T08:07:00,subway,U-Bahn Station Prenzlauer Allee,U-Bahn Station Alexanderplatz,2.5,12,True,monthly_pass,U2 towards Alexanderplatz.
trip_6928700a5ebd_00107_leg_003,trip_6928700a5ebd_00107,3,2026-03-04T08:07:00,2026-03-04T08:10:00,walking,U-Bahn Station Alexanderplatz,TechCo Office,0.0,3,False,none,Walk into the office.
trip_6928700a5ebd_00108_leg_001,trip_6928700a5ebd_00108,1,2026-03-04T20:00:00,2026-03-04T20:03:00,walking,TechCo Office,Bus Stop Alexanderplatz West,0.2,3,False,none,Walk to bus stop.
trip_6928700a5ebd_00108_leg_002,trip_6928700a5ebd_00108,2,2026-03-04T20:03:00,2026-03-04T20:13:00,bus,Bus Stop Alexanderplatz West,Bus Stop Kino Alexanderplatz,5.0,10,True,monthly_pass,Bus 100 towards Kino.
trip_6928700a5ebd_00108_leg_003,trip_6928700a5ebd_00108,3,2026-03-04T20:13:00,2026-03-04T20:15:00,walking,Bus Stop Kino Alexanderplatz,CineStar Entrance,0.1,2,False,none,Short walk to cinema.
trip_6928700a5ebd_00108_leg_004,trip_6928700a5ebd_00108,4,2026-03-04T22:15:00,2026-03-04T22:17:00,walking,CineStar Exit,Bus Stop Kino Alexanderplatz,0.1,2,False,none,Walk to bus stop after film.
trip_6928700a5ebd_00108_leg_005,trip_6928700a5ebd_00108,5,2026-03-04T22:17:00,2026-03-04T22:27:00,bus,Bus Stop Kino Alexanderplatz,Bus Stop Prenzlauer Allee,5.0,10,True,monthly_pass,Return bus.
trip_6928700a5ebd_00108_leg_006,trip_6928700a5ebd_00108,6,2026-03-04T22:27:00,2026-03-04T22:30:00,walking,Bus Stop Prenzlauer Allee,Lea's Apartment,0.2,3,False,none,Final walk home.
trip_6928700a5ebd_00109_leg_001,trip_6928700a5ebd_00109,1,2026-03-05T09:00:00,2026-03-05T09:08:00,bike,Lea's Apartment,Markthalle Neun,2.0,8,False,none,"Personal bike ride to the market, zero cost and active."
trip_6928700a5ebd_00110_leg_001,trip_6928700a5ebd_00110,1,2026-03-05T10:30:00,2026-03-05T10:38:00,bike,Markthalle Neun,Lea's Apartment,2.0,8,False,none,"Bike ride back home, no ticket needed."
trip_6928700a5ebd_00111_leg_001,trip_6928700a5ebd_00111,1,2026-03-05T19:30:00,2026-03-05T19:36:00,walking,Lea's Apartment,Tram Stop Kottbusser Tor,0.5,6,False,none,Walk to the nearest tram stop.
trip_6928700a5ebd_00111_leg_002,trip_6928700a5ebd_00111,2,2026-03-05T19:36:00,2026-03-05T19:48:00,tram,Tram Stop Kottbusser Tor,Tram Stop Zoologischer Garten,5.0,12,True,monthly_pass,"Tram M10 towards Zoologischer Garten, covered by monthly pass."
trip_6928700a5ebd_00111_leg_003,trip_6928700a5ebd_00111,3,2026-03-05T19:48:00,2026-03-05T19:53:00,walking,Tram Stop Zoologischer Garten,Kino Zoo,0.4,5,False,none,Final short walk to the cinema.
trip_6928700a5ebd_00112_leg_001,trip_6928700a5ebd_00112,1,2026-03-06T10:00:00,2026-03-06T10:09:00,bike,Lea's Apartment,FitX Neukölln,2.5,9,False,none,Bike ride to the fitness centre.
trip_6928700a5ebd_00113_leg_001,trip_6928700a5ebd_00113,1,2026-03-06T12:30:00,2026-03-06T12:38:00,bike,FitX Neukölln,Lea's Apartment,2.5,8,False,none,Bike ride home.
trip_6928700a5ebd_00114_leg_001,trip_6928700a5ebd_00114,1,2026-03-06T15:00:00,2026-03-06T15:08:00,bike,Lea's Apartment,Café Anna,2.0,8,False,none,Bike ride to the café.
trip_6928700a5ebd_00115_leg_001,trip_6928700a5ebd_00115,1,2026-03-07T08:15:00,2026-03-07T08:21:00,walking,Lea's Apartment,Tram Stop Alexanderplatz,0.5,6,False,none,Walk to the nearest tram stop.
trip_6928700a5ebd_00115_leg_002,trip_6928700a5ebd_00115,2,2026-03-07T08:21:00,2026-03-07T08:33:00,tram,Tram Stop Alexanderplatz,U-Bahn Station Friedrichstraße,5.0,12,True,monthly_pass,"Tram M5 towards Friedrichstraße, covered by monthly pass."
trip_6928700a5ebd_00115_leg_003,trip_6928700a5ebd_00115,3,2026-03-07T08:33:00,2026-03-07T08:43:00,subway,U-Bahn Station Friedrichstraße,U-Bahn Station Messe,6.0,10,True,monthly_pass,U6 subway to Messe station.
trip_6928700a5ebd_00115_leg_004,trip_6928700a5ebd_00115,4,2026-03-07T08:43:00,2026-03-07T08:49:00,bike,U-Bahn Station Messe,TechHub Berlin,2.0,6,False,none,Personal bike for the last kilometre to the office.
trip_6928700a5ebd_00116_leg_001,trip_6928700a5ebd_00116,1,2026-03-07T17:30:00,2026-03-07T17:36:00,bike,TechHub Berlin,U-Bahn Station Messe,2.0,6,False,none,Bike from office to Messe station.
trip_6928700a5ebd_00116_leg_002,trip_6928700a5ebd_00116,2,2026-03-07T17:36:00,2026-03-07T17:46:00,subway,U-Bahn Station Messe,U-Bahn Station Friedrichstraße,6.0,10,True,monthly_pass,U6 back to Friedrichstraße.
trip_6928700a5ebd_00116_leg_003,trip_6928700a5ebd_00116,3,2026-03-07T17:46:00,2026-03-07T17:58:00,tram,Tram Stop Friedrichstraße,Tram Stop Alexanderplatz,5.0,12,True,monthly_pass,Tram M5 back to Alexanderplatz.
trip_6928700a5ebd_00116_leg_004,trip_6928700a5ebd_00116,4,2026-03-07T17:58:00,2026-03-07T18:04:00,walking,Tram Stop Alexanderplatz,Lea's Apartment,0.5,6,False,none,Final walk home.
trip_6928700a5ebd_00117_leg_001,trip_6928700a5ebd_00117,1,2026-03-09T08:20:00,2026-03-09T08:26:00,walking,Lea's Apartment,Tram Stop Alexanderplatz,0.5,6,False,none,Walk to tram stop.
trip_6928700a5ebd_00117_leg_002,trip_6928700a5ebd_00117,2,2026-03-09T08:26:00,2026-03-09T08:38:00,tram,Tram Stop Alexanderplatz,U-Bahn Station Friedrichstraße,5.0,12,True,monthly_pass,Tram M5 towards Friedrichstraße.
trip_6928700a5ebd_00117_leg_003,trip_6928700a5ebd_00117,3,2026-03-09T08:38:00,2026-03-09T08:48:00,subway,U-Bahn Station Friedrichstraße,U-Bahn Station Messe,6.0,10,True,monthly_pass,U6 to Messe.
trip_6928700a5ebd_00117_leg_004,trip_6928700a5ebd_00117,4,2026-03-09T08:48:00,2026-03-09T08:54:00,bike,U-Bahn Station Messe,TechHub Berlin,2.0,6,False,none,Bike the last kilometre to the office.
trip_6928700a5ebd_00118_leg_001,trip_6928700a5ebd_00118,1,2026-03-09T17:35:00,2026-03-09T17:41:00,bike,TechHub Berlin,U-Bahn Station Messe,2.0,6,False,none,Bike to Messe station.
trip_6928700a5ebd_00118_leg_002,trip_6928700a5ebd_00118,2,2026-03-09T17:41:00,2026-03-09T17:51:00,subway,U-Bahn Station Messe,U-Bahn Station Friedrichstraße,6.0,10,True,monthly_pass,U6 back to Friedrichstraße.
trip_6928700a5ebd_00118_leg_003,trip_6928700a5ebd_00118,3,2026-03-09T17:51:00,2026-03-09T18:03:00,tram,Tram Stop Friedrichstraße,Tram Stop Alexanderplatz,5.0,12,True,monthly_pass,Tram M5 back to Alexanderplatz.
trip_6928700a5ebd_00118_leg_004,trip_6928700a5ebd_00118,4,2026-03-09T18:03:00,2026-03-09T18:09:00,walking,Tram Stop Alexanderplatz,Lea's Apartment,0.5,6,False,none,Walk home.
trip_6928700a5ebd_00119_leg_001,trip_6928700a5ebd_00119,1,2026-03-11T08:10:00,2026-03-11T08:16:00,walking,Lea's Apartment,Tram Stop Alexanderplatz,0.5,6,False,none,Walk to tram.
trip_6928700a5ebd_00119_leg_002,trip_6928700a5ebd_00119,2,2026-03-11T08:16:00,2026-03-11T08:28:00,tram,Tram Stop Alexanderplatz,U-Bahn Station Friedrichstraße,5.0,12,True,monthly_pass,Tram M5 to Friedrichstraße.
trip_6928700a5ebd_00119_leg_003,trip_6928700a5ebd_00119,3,2026-03-11T08:28:00,2026-03-11T08:38:00,subway,U-Bahn Station Friedrichstraße,U-Bahn Station Messe,6.0,10,True,monthly_pass,U6 to Messe.
trip_6928700a5ebd_00119_leg_004,trip_6928700a5ebd_00119,4,2026-03-11T08:38:00,2026-03-11T08:44:00,bike,U-Bahn Station Messe,TechHub Berlin,2.0,6,False,none,Bike the final segment.
trip_6928700a5ebd_00120_leg_001,trip_6928700a5ebd_00120,1,2026-03-11T17:40:00,2026-03-11T17:46:00,bike,TechHub Berlin,U-Bahn Station Messe,2.0,6,False,none,Bike to Messe station.
trip_6928700a5ebd_00120_leg_002,trip_6928700a5ebd_00120,2,2026-03-11T17:46:00,2026-03-11T17:56:00,subway,U-Bahn Station Messe,U-Bahn Station Friedrichstraße,6.0,10,True,monthly_pass,U6 back to Friedrichstraße.
trip_6928700a5ebd_00120_leg_003,trip_6928700a5ebd_00120,3,2026-03-11T17:56:00,2026-03-11T18:08:00,tram,Tram Stop Friedrichstraße,Tram Stop Alexanderplatz,5.0,12,True,monthly_pass,Tram M5 to Alexanderplatz.
trip_6928700a5ebd_00120_leg_004,trip_6928700a5ebd_00120,4,2026-03-11T18:08:00,2026-03-11T18:14:00,walking,Tram Stop Alexanderplatz,Lea's Apartment,0.5,6,False,none,Walk home.
trip_6928700a5ebd_00121_leg_001,trip_6928700a5ebd_00121,1,2026-03-12T10:00:00,2026-03-12T10:08:00,shared_bike,Lea's Apartment,Supermarket,2.0,8,False,none,Rented a shared bike from the nearest docking station and rode to the supermarket.
trip_6928700a5ebd_00122_leg_001,trip_6928700a5ebd_00122,1,2026-03-12T10:30:00,2026-03-12T10:38:00,shared_bike,Supermarket,Lea's Apartment,2.0,8,False,none,Returned the shared bike to the docking station near home.
trip_6928700a5ebd_00123_leg_001,trip_6928700a5ebd_00123,1,2026-03-12T14:00:00,2026-03-12T14:12:00,walking,Lea's Apartment,Café Einstein,1.0,12,False,none,Leisure walk through the neighborhood to the café.
trip_6928700a5ebd_00124_leg_001,trip_6928700a5ebd_00124,1,2026-03-12T15:30:00,2026-03-12T15:42:00,walking,Café Einstein,Lea's Apartment,1.0,12,False,none,Leisure walk back home.
trip_6928700a5ebd_00125_leg_001,trip_6928700a5ebd_00125,1,2026-03-13T09:00:00,2026-03-13T09:12:00,bike,Lea's Apartment,Volkspark Friedrichshain,3.0,12,False,none,Cycling through the city to the park.
trip_6928700a5ebd_00126_leg_001,trip_6928700a5ebd_00126,1,2026-03-13T12:00:00,2026-03-13T12:12:00,bike,Volkspark Friedrichshain,Lea's Apartment,3.0,12,False,none,Cycling back home.
trip_6928700a5ebd_00127_leg_001,trip_6928700a5ebd_00127,1,2026-03-14T08:15:00,2026-03-14T08:20:00,walking,Lea's Apartment,Prenzlauer Allee U-Bahn Station,0.4,5,False,none,Walk to the nearest U-Bahn station.
trip_6928700a5ebd_00127_leg_002,trip_6928700a5ebd_00127,2,2026-03-14T08:20:00,2026-03-14T08:35:00,subway,Prenzlauer Allee U-Bahn Station,Alexanderplatz U-Bahn Station,6.0,15,True,monthly_pass,U2 line ride to Alexanderplatz.
trip_6928700a5ebd_00127_leg_003,trip_6928700a5ebd_00127,3,2026-03-14T08:35:00,2026-03-14T08:45:00,bike,Alexanderplatz U-Bahn Station,Tech Startup Office,3.0,10,False,none,Bike the last kilometre to the office.
trip_6928700a5ebd_00128_leg_001,trip_6928700a5ebd_00128,1,2026-03-14T17:30:00,2026-03-14T17:35:00,walking,Tech Startup Office,Alexanderplatz U-Bahn Station,0.4,5,False,none,Walk to the subway station.
trip_6928700a5ebd_00128_leg_002,trip_6928700a5ebd_00128,2,2026-03-14T17:35:00,2026-03-14T17:50:00,subway,Alexanderplatz U-Bahn Station,Prenzlauer Allee U-Bahn Station,6.0,15,True,monthly_pass,U2 line back towards home.
trip_6928700a5ebd_00128_leg_003,trip_6928700a5ebd_00128,3,2026-03-14T17:50:00,2026-03-14T18:00:00,bike,Prenzlauer Allee U-Bahn Station,Lea's Apartment,3.0,10,False,none,Bike home for the last kilometre.
trip_6928700a5ebd_00129_leg_001,trip_6928700a5ebd_00129,1,2026-03-16T08:10:00,2026-03-16T08:15:00,walking,Lea's Apartment,Prenzlauer Allee U-Bahn Station,0.4,5,False,none,Walk to the U-Bahn.
trip_6928700a5ebd_00129_leg_002,trip_6928700a5ebd_00129,2,2026-03-16T08:15:00,2026-03-16T08:30:00,subway,Prenzlauer Allee U-Bahn Station,Alexanderplatz U-Bahn Station,6.0,15,True,monthly_pass,U2 ride to Alexanderplatz.
trip_6928700a5ebd_00129_leg_003,trip_6928700a5ebd_00129,3,2026-03-16T08:30:00,2026-03-16T08:40:00,bike,Alexanderplatz U-Bahn Station,Tech Startup Office,3.0,10,False,none,Bike the final stretch.
trip_6928700a5ebd_00130_leg_001,trip_6928700a5ebd_00130,1,2026-03-16T17:45:00,2026-03-16T17:50:00,walking,Tech Startup Office,Alexanderplatz U-Bahn Station,0.4,5,False,none,Walk to subway.
trip_6928700a5ebd_00130_leg_002,trip_6928700a5ebd_00130,2,2026-03-16T17:50:00,2026-03-16T18:05:00,subway,Alexanderplatz U-Bahn Station,Prenzlauer Allee U-Bahn Station,6.0,15,True,monthly_pass,U2 ride back.
trip_6928700a5ebd_00130_leg_003,trip_6928700a5ebd_00130,3,2026-03-16T18:05:00,2026-03-16T18:15:00,bike,Prenzlauer Allee U-Bahn Station,Lea's Apartment,3.0,10,False,none,Bike home.
trip_6928700a5ebd_00131_leg_001,trip_6928700a5ebd_00131,1,2026-03-18T08:20:00,2026-03-18T08:25:00,walking,Lea's Apartment,Prenzlauer Allee U-Bahn Station,0.4,5,False,none,Walk to the station.
trip_6928700a5ebd_00131_leg_002,trip_6928700a5ebd_00131,2,2026-03-18T08:25:00,2026-03-18T08:40:00,subway,Prenzlauer Allee U-Bahn Station,Alexanderplatz U-Bahn Station,6.0,15,True,monthly_pass,U2 ride.
trip_6928700a5ebd_00131_leg_003,trip_6928700a5ebd_00131,3,2026-03-18T08:40:00,2026-03-18T08:50:00,bike,Alexanderplatz U-Bahn Station,Tech Startup Office,3.0,10,False,none,Bike the final segment.
trip_6928700a5ebd_00132_leg_001,trip_6928700a5ebd_00132,1,2026-03-18T17:20:00,2026-03-18T17:25:00,walking,Tech Startup Office,Alexanderplatz U-Bahn Station,0.4,5,False,none,Walk to subway.
trip_6928700a5ebd_00132_leg_002,trip_6928700a5ebd_00132,2,2026-03-18T17:25:00,2026-03-18T17:40:00,subway,Alexanderplatz U-Bahn Station,Prenzlauer Allee U-Bahn Station,6.0,15,True,monthly_pass,U2 ride back.
trip_6928700a5ebd_00132_leg_003,trip_6928700a5ebd_00132,3,2026-03-18T17:40:00,2026-03-18T17:50:00,bike,Prenzlauer Allee U-Bahn Station,Lea's Apartment,3.0,10,False,none,Bike home.
trip_6928700a5ebd_00133_leg_001,trip_6928700a5ebd_00133,1,2026-03-19T07:30:00,2026-03-19T07:35:00,walking,"Lea's Apartment, Prenzlauer Berg",Bike Station Prenzlauer Allee,0.4,5,False,none,Walk to the nearby bike station.
trip_6928700a5ebd_00133_leg_002,trip_6928700a5ebd_00133,2,2026-03-19T07:35:00,2026-03-19T07:45:00,bike,Bike Station Prenzlauer Allee,Prenzlauer Allee U-Bahn,2.0,10,False,none,Bike to the U‑Bahn entrance.
trip_6928700a5ebd_00133_leg_003,trip_6928700a5ebd_00133,3,2026-03-19T07:45:00,2026-03-19T08:00:00,subway,Prenzlauer Allee U-Bahn,Mitte U-Bahn,8.0,15,True,monthly_pass,Subway ride to central station.
trip_6928700a5ebd_00133_leg_004,trip_6928700a5ebd_00133,4,2026-03-19T08:00:00,2026-03-19T08:05:00,walking,Mitte U-Bahn,"TechCo Office, Mitte",0.3,5,False,none,Walk to the office.
trip_6928700a5ebd_00134_leg_001,trip_6928700a5ebd_00134,1,2026-03-19T17:30:00,2026-03-19T17:35:00,walking,"TechCo Office, Mitte",Office Bike Rack,0.3,5,False,none,Walk to the office bike rack.
trip_6928700a5ebd_00134_leg_002,trip_6928700a5ebd_00134,2,2026-03-19T17:35:00,2026-03-19T17:47:00,bike,Office Bike Rack,Restaurant Zur letzten Instanz,2.5,12,False,none,Bike to the restaurant near Friedrichstraße.
trip_6928700a5ebd_00134_leg_003,trip_6928700a5ebd_00134,3,2026-03-19T17:47:00,2026-03-19T17:50:00,walking,Restaurant Zur letzten Instanz,Restaurant Bike Rack,0.2,3,False,none,Walk to the bike rack outside the restaurant.
trip_6928700a5ebd_00134_leg_004,trip_6928700a5ebd_00134,4,2026-03-19T17:50:00,2026-03-19T18:00:00,bike,Restaurant Bike Rack,"Lea's Apartment, Prenzlauer Berg",2.0,10,False,none,Bike home.
trip_6928700a5ebd_00135_leg_001,trip_6928700a5ebd_00135,1,2026-03-20T09:30:00,2026-03-20T09:33:00,walking,"Lea's Apartment, Prenzlauer Berg",Shared Bike Dock Friedrichstraße,0.2,3,False,none,Walk to shared bike dock.
trip_6928700a5ebd_00135_leg_002,trip_6928700a5ebd_00135,2,2026-03-20T09:33:00,2026-03-20T09:45:00,shared_bike,Shared Bike Dock Friedrichstraße,"Edeka, Friedrichstraße",3.0,12,False,none,Shared bike ride to the grocery store.
trip_6928700a5ebd_00135_leg_003,trip_6928700a5ebd_00135,3,2026-03-20T09:45:00,2026-03-20T09:47:00,walking,"Edeka, Friedrichstraße",Edeka Entrance,0.1,2,False,none,Short walk into the store.
trip_6928700a5ebd_00136_leg_001,trip_6928700a5ebd_00136,1,2026-03-20T18:45:00,2026-03-20T18:47:00,walking,Edeka Entrance,Shared Bike Dock Friedrichstraße,0.1,2,False,none,Walk to the shared bike dock.
trip_6928700a5ebd_00136_leg_002,trip_6928700a5ebd_00136,2,2026-03-20T18:47:00,2026-03-20T18:59:00,shared_bike,Shared Bike Dock Friedrichstraße,Bike Dock near Home,3.0,12,False,none,Shared bike ride back towards home.
trip_6928700a5ebd_00136_leg_003,trip_6928700a5ebd_00136,3,2026-03-20T18:59:00,2026-03-20T19:02:00,walking,Bike Dock near Home,"Lea's Apartment, Prenzlauer Berg",0.2,3,False,none,Final walk home.
trip_6928700a5ebd_00137_leg_001,trip_6928700a5ebd_00137,1,2026-03-21T11:00:00,2026-03-21T11:05:00,walking,"Lea's Apartment, Prenzlauer Berg",Tram Stop Kottbusser Tor,0.4,5,False,none,Walk to the tram stop.
trip_6928700a5ebd_00137_leg_002,trip_6928700a5ebd_00137,2,2026-03-21T11:05:00,2026-03-21T11:20:00,tram,Tram Stop Kottbusser Tor,Museum Island Tram Stop,6.0,15,True,monthly_pass,Tram ride to the museum area.
trip_6928700a5ebd_00137_leg_003,trip_6928700a5ebd_00137,3,2026-03-21T11:20:00,2026-03-21T11:24:00,walking,Museum Island Tram Stop,Pergamon Museum,0.3,4,False,none,Short walk to the museum entrance.
trip_6928700a5ebd_00138_leg_001,trip_6928700a5ebd_00138,1,2026-03-21T19:30:00,2026-03-21T19:35:00,walking,"Lea's Apartment, Prenzlauer Berg",U-Bahn Station Prenzlauer Allee,0.4,5,False,none,Walk to the U‑Bahn.
trip_6928700a5ebd_00138_leg_002,trip_6928700a5ebd_00138,2,2026-03-21T19:35:00,2026-03-21T19:50:00,subway,U-Bahn Station Prenzlauer Allee,Sony Center U-Bahn,8.0,15,True,monthly_pass,Subway ride to the Sony Center area.
trip_6928700a5ebd_00138_leg_003,trip_6928700a5ebd_00138,3,2026-03-21T19:50:00,2026-03-21T19:55:00,walking,Sony Center U-Bahn,"CineStar, Sony Center",0.3,5,False,none,Walk to the cinema.
trip_6928700a5ebd_00139_leg_001,trip_6928700a5ebd_00139,1,2026-03-22T09:00:00,2026-03-22T09:07:00,walking,"Lea's Apartment, Prenzlauer Berg","Five Elephant, Kreuzberg",0.5,7,False,none,Walk to the café.
trip_6928700a5ebd_00140_leg_001,trip_6928700a5ebd_00140,1,2026-03-22T10:00:00,2026-03-22T10:15:00,bike,"Lea's Apartment, Prenzlauer Berg","FitX, Alexanderplatz",5.0,15,False,none,Direct bike ride to the gym.
trip_6928700a5ebd_00141_leg_001,trip_6928700a5ebd_00141,1,2026-03-23T07:45:00,2026-03-23T07:50:00,walking,"Lea's Apartment, Prenzlauer Berg",Bike Station Prenzlauer Allee,0.4,5,False,none,Walk to bike station.
trip_6928700a5ebd_00141_leg_002,trip_6928700a5ebd_00141,2,2026-03-23T07:50:00,2026-03-23T08:00:00,bike,Bike Station Prenzlauer Allee,Prenzlauer Allee U-Bahn,2.0,10,False,none,Bike to the U‑Bahn entrance.
trip_6928700a5ebd_00141_leg_003,trip_6928700a5ebd_00141,3,2026-03-23T08:00:00,2026-03-23T08:15:00,subway,Prenzlauer Allee U-Bahn,Mitte U-Bahn,8.0,15,True,monthly_pass,Subway ride to central station.
trip_6928700a5ebd_00141_leg_004,trip_6928700a5ebd_00141,4,2026-03-23T08:15:00,2026-03-23T08:20:00,walking,Mitte U-Bahn,"TechCo Office, Mitte",0.3,5,False,none,Walk to the office.
trip_6928700a5ebd_00142_leg_001,trip_6928700a5ebd_00142,1,2026-03-23T17:45:00,2026-03-23T17:50:00,walking,"TechCo Office, Mitte",Office Bike Rack,0.3,5,False,none,Walk to the bike rack.
trip_6928700a5ebd_00142_leg_002,trip_6928700a5ebd_00142,2,2026-03-23T17:50:00,2026-03-23T18:00:00,bike,Office Bike Rack,Prenzlauer Allee U-Bahn,2.0,10,False,none,Bike to the U‑Bahn.
trip_6928700a5ebd_00142_leg_003,trip_6928700a5ebd_00142,3,2026-03-23T18:00:00,2026-03-23T18:15:00,subway,Prenzlauer Allee U-Bahn,Mitte U-Bahn,8.0,15,True,monthly_pass,Subway ride home.
trip_6928700a5ebd_00142_leg_004,trip_6928700a5ebd_00142,4,2026-03-23T18:15:00,2026-03-23T18:20:00,walking,Mitte U-Bahn,"Lea's Apartment, Prenzlauer Berg",0.4,5,False,none,Walk home.
trip_6928700a5ebd_00143_leg_001,trip_6928700a5ebd_00143,1,2026-03-25T07:40:00,2026-03-25T07:45:00,walking,"Lea's Apartment, Prenzlauer Berg",Bike Station Prenzlauer Allee,0.4,5,False,none,Walk to bike station.
trip_6928700a5ebd_00143_leg_002,trip_6928700a5ebd_00143,2,2026-03-25T07:45:00,2026-03-25T07:55:00,bike,Bike Station Prenzlauer Allee,Prenzlauer Allee U-Bahn,2.0,10,False,none,Bike to the U‑Bahn.
trip_6928700a5ebd_00143_leg_003,trip_6928700a5ebd_00143,3,2026-03-25T07:55:00,2026-03-25T08:10:00,subway,Prenzlauer Allee U-Bahn,Mitte U-Bahn,8.0,15,True,monthly_pass,Subway ride to central station.
trip_6928700a5ebd_00143_leg_004,trip_6928700a5ebd_00143,4,2026-03-25T08:10:00,2026-03-25T08:15:00,walking,Mitte U-Bahn,"TechCo Office, Mitte",0.3,5,False,none,Walk to the office.
trip_6928700a5ebd_00144_leg_001,trip_6928700a5ebd_00144,1,2026-03-25T17:40:00,2026-03-25T17:45:00,walking,"TechCo Office, Mitte",Office Bike Rack,0.3,5,False,none,Walk to bike rack.
trip_6928700a5ebd_00144_leg_002,trip_6928700a5ebd_00144,2,2026-03-25T17:45:00,2026-03-25T18:00:00,bike,Office Bike Rack,"Anna's Flat, Neukölln",3.0,15,False,none,Bike to friend's flat.
trip_6928700a5ebd_00144_leg_003,trip_6928700a5ebd_00144,3,2026-03-25T18:00:00,2026-03-25T18:03:00,walking,"Anna's Flat, Neukölln",Friend Bike Rack,0.2,3,False,none,Walk to the bike rack after visiting.
trip_6928700a5ebd_00144_leg_004,trip_6928700a5ebd_00144,4,2026-03-25T18:03:00,2026-03-25T18:18:00,bike,Friend Bike Rack,"Lea's Apartment, Prenzlauer Berg",3.0,15,False,none,Bike home.
trip_6928700a5ebd_00145_leg_001,trip_6928700a5ebd_00145,1,2026-03-27T08:12:00,2026-03-27T08:19:00,walking,Apartment entrance,Tram stop Prenzlauer Allee,0.5,7,False,none,Walk to nearest tram stop
trip_6928700a5ebd_00145_leg_002,trip_6928700a5ebd_00145,2,2026-03-27T08:20:00,2026-03-27T08:32:00,tram,Tram stop Prenzlauer Allee,U-Bahn station Alexanderplatz,3.0,12,True,monthly_pass,Tram line M2 to U-Bahn interchange
trip_6928700a5ebd_00145_leg_003,trip_6928700a5ebd_00145,3,2026-03-27T08:33:00,2026-03-27T08:48:00,subway,U-Bahn station Alexanderplatz,U-Bahn station Hackescher Markt,5.0,15,True,monthly_pass,U-Bahn line U2 to work station
trip_6928700a5ebd_00145_leg_004,trip_6928700a5ebd_00145,4,2026-03-27T08:49:00,2026-03-27T08:54:00,bike,Hackescher Markt station,TechCo Office entrance,1.2,5,False,none,Bike the last kilometre to office
trip_6928700a5ebd_00146_leg_001,trip_6928700a5ebd_00146,1,2026-03-27T17:28:00,2026-03-27T17:33:00,bike,TechCo Office entrance,Hackescher Markt station,1.2,5,False,none,Bike from office to U-Bahn station
trip_6928700a5ebd_00146_leg_002,trip_6928700a5ebd_00146,2,2026-03-27T17:34:00,2026-03-27T17:49:00,subway,Hackescher Markt station,U-Bahn station Alexanderplatz,5.0,15,True,monthly_pass,U-Bahn line U2 towards city centre
trip_6928700a5ebd_00146_leg_003,trip_6928700a5ebd_00146,3,2026-03-27T17:50:00,2026-03-27T18:02:00,tram,U-Bahn station Alexanderplatz,Tram stop Prenzlauer Allee,3.0,12,True,monthly_pass,Tram line M2 back to neighbourhood
trip_6928700a5ebd_00146_leg_004,trip_6928700a5ebd_00146,4,2026-03-27T18:03:00,2026-03-27T18:10:00,walking,Tram stop Prenzlauer Allee,Apartment entrance,0.5,7,False,none,Walk home
trip_6928700a5ebd_00147_leg_001,trip_6928700a5ebd_00147,1,2026-03-30T08:10:00,2026-03-30T08:17:00,walking,Apartment entrance,Tram stop Prenzlauer Allee,0.5,7,False,none,Walk to nearest tram stop
trip_6928700a5ebd_00147_leg_002,trip_6928700a5ebd_00147,2,2026-03-30T08:18:00,2026-03-30T08:30:00,tram,Tram stop Prenzlauer Allee,U-Bahn station Alexanderplatz,3.0,12,True,monthly_pass,Tram line M2 to U-Bahn interchange
trip_6928700a5ebd_00147_leg_003,trip_6928700a5ebd_00147,3,2026-03-30T08:31:00,2026-03-30T08:46:00,subway,U-Bahn station Alexanderplatz,U-Bahn station Hackescher Markt,5.0,15,True,monthly_pass,U-Bahn line U2 to work station
trip_6928700a5ebd_00147_leg_004,trip_6928700a5ebd_00147,4,2026-03-30T08:47:00,2026-03-30T08:52:00,bike,Hackescher Markt station,TechCo Office entrance,1.2,5,False,none,Bike the last kilometre to office
trip_6928700a5ebd_00148_leg_001,trip_6928700a5ebd_00148,1,2026-03-30T17:30:00,2026-03-30T17:35:00,bike,TechCo Office entrance,Hackescher Markt station,1.2,5,False,none,Bike from office to U-Bahn station
trip_6928700a5ebd_00148_leg_002,trip_6928700a5ebd_00148,2,2026-03-30T17:36:00,2026-03-30T17:51:00,subway,Hackescher Markt station,U-Bahn station Alexanderplatz,5.0,15,True,monthly_pass,U-Bahn line U2 towards city centre
trip_6928700a5ebd_00148_leg_003,trip_6928700a5ebd_00148,3,2026-03-30T17:52:00,2026-03-30T18:04:00,tram,U-Bahn station Alexanderplatz,Tram stop Prenzlauer Allee,3.0,12,True,monthly_pass,Tram line M2 back to neighbourhood
trip_6928700a5ebd_00148_leg_004,trip_6928700a5ebd_00148,4,2026-03-30T18:05:00,2026-03-30T18:12:00,walking,Tram stop Prenzlauer Allee,Apartment entrance,0.5,7,False,none,Walk home
trip_6928700a5ebd_00149_leg_001,trip_6928700a5ebd_00149,1,2026-04-01T08:15:00,2026-04-01T08:22:00,walking,Apartment entrance,Tram stop Prenzlauer Allee,0.5,7,False,none,Walk to nearest tram stop
trip_6928700a5ebd_00149_leg_002,trip_6928700a5ebd_00149,2,2026-04-01T08:23:00,2026-04-01T08:35:00,tram,Tram stop Prenzlauer Allee,U-Bahn station Alexanderplatz,3.0,12,True,monthly_pass,Tram line M2 to U-Bahn interchange
trip_6928700a5ebd_00149_leg_003,trip_6928700a5ebd_00149,3,2026-04-01T08:36:00,2026-04-01T08:51:00,subway,U-Bahn station Alexanderplatz,U-Bahn station Hackescher Markt,5.0,15,True,monthly_pass,U-Bahn line U2 to work station
trip_6928700a5ebd_00149_leg_004,trip_6928700a5ebd_00149,4,2026-04-01T08:52:00,2026-04-01T08:57:00,bike,Hackescher Markt station,TechCo Office entrance,1.2,5,False,none,Bike the last kilometre to office
trip_6928700a5ebd_00150_leg_001,trip_6928700a5ebd_00150,1,2026-04-01T17:35:00,2026-04-01T17:40:00,bike,TechCo Office entrance,Hackescher Markt station,1.2,5,False,none,Bike from office to U-Bahn station
trip_6928700a5ebd_00150_leg_002,trip_6928700a5ebd_00150,2,2026-04-01T17:41:00,2026-04-01T17:56:00,subway,Hackescher Markt station,U-Bahn station Alexanderplatz,5.0,15,True,monthly_pass,U-Bahn line U2 towards city centre
trip_6928700a5ebd_00150_leg_003,trip_6928700a5ebd_00150,3,2026-04-01T17:57:00,2026-04-01T18:09:00,tram,U-Bahn station Alexanderplatz,Tram stop Prenzlauer Allee,3.0,12,True,monthly_pass,Tram line M2 back to neighbourhood
trip_6928700a5ebd_00150_leg_004,trip_6928700a5ebd_00150,4,2026-04-01T18:10:00,2026-04-01T18:17:00,walking,Tram stop Prenzlauer Allee,Apartment entrance,0.5,7,False,none,Walk home
trip_7cea96f9b455_00001_leg_001,trip_7cea96f9b455_00001,1,2026-01-01T07:15:00,2026-01-01T07:25:00,walking,Home Cologne,Köln Hbf,0.5,10,False,none,Walk from home to Köln Hauptbahnhof.
trip_7cea96f9b455_00001_leg_002,trip_7cea96f9b455_00001,2,2026-01-01T07:30:00,2026-01-01T08:15:00,regional_train,Köln Hbf,Düsseldorf Hbf,30.0,45,True,single_ticket,Regional train Cologne → Düsseldorf.
trip_7cea96f9b455_00001_leg_003,trip_7cea96f9b455_00001,3,2026-01-01T08:20:00,2026-01-01T08:30:00,bike,Düsseldorf Hbf,Düsseldorf Office,5.0,10,False,none,Bike the last kilometre to the office.
trip_7cea96f9b455_00002_leg_001,trip_7cea96f9b455_00002,1,2026-01-01T17:45:00,2026-01-01T17:55:00,bike,Düsseldorf Office,Düsseldorf Hbf,5.0,10,False,none,Bike to the train station.
trip_7cea96f9b455_00002_leg_002,trip_7cea96f9b455_00002,2,2026-01-01T18:00:00,2026-01-01T18:45:00,regional_train,Düsseldorf Hbf,Köln Hbf,30.0,45,True,single_ticket,Regional train back to Cologne.
trip_7cea96f9b455_00002_leg_003,trip_7cea96f9b455_00002,3,2026-01-01T18:50:00,2026-01-01T19:00:00,walking,Köln Hbf,Home Cologne,0.5,10,False,none,Walk home from the station.
trip_7cea96f9b455_00003_leg_001,trip_7cea96f9b455_00003,1,2026-01-02T19:30:00,2026-01-02T20:30:00,bike,Home Cologne,Italian Restaurant Köln,8.0,60,False,none,Bike to the restaurant.
trip_7cea96f9b455_00004_leg_001,trip_7cea96f9b455_00004,1,2026-01-03T09:00:00,2026-01-03T09:10:00,walking,Home Cologne,Köln Hbf,0.5,10,False,none,Walk to Cologne station.
trip_7cea96f9b455_00004_leg_002,trip_7cea96f9b455_00004,2,2026-01-03T09:15:00,2026-01-03T10:00:00,regional_train,Köln Hbf,Bonn Hbf,70.0,45,True,single_ticket,Regional train Cologne → Bonn.
trip_7cea96f9b455_00004_leg_003,trip_7cea96f9b455_00004,3,2026-01-03T10:05:00,2026-01-03T10:30:00,bike,Bonn Hbf,Bonn Family Home,10.0,25,False,none,Bike from Bonn station to family home.
trip_7cea96f9b455_00005_leg_001,trip_7cea96f9b455_00005,1,2026-01-03T18:00:00,2026-01-03T18:20:00,bike,Bonn Family Home,Bonn Hbf,10.0,20,False,none,Bike to Bonn station.
trip_7cea96f9b455_00005_leg_002,trip_7cea96f9b455_00005,2,2026-01-03T18:25:00,2026-01-03T19:10:00,regional_train,Bonn Hbf,Köln Hbf,70.0,45,True,single_ticket,Regional train Bonn → Cologne.
trip_7cea96f9b455_00005_leg_003,trip_7cea96f9b455_00005,3,2026-01-03T19:15:00,2026-01-03T19:30:00,walking,Köln Hbf,Home Cologne,0.5,15,False,none,Walk home from the station.
trip_7cea96f9b455_00006_leg_001,trip_7cea96f9b455_00006,1,2026-01-04T10:00:00,2026-01-04T10:45:00,bike,Home Cologne,FitX Gym Köln,7.0,45,False,none,Bike to the gym.
trip_7cea96f9b455_00007_leg_001,trip_7cea96f9b455_00007,1,2026-01-04T18:00:00,2026-01-04T18:45:00,bike,FitX Gym Köln,Home Cologne,7.0,45,False,none,Bike home.
trip_7cea96f9b455_00008_leg_001,trip_7cea96f9b455_00008,1,2026-01-05T07:10:00,2026-01-05T07:20:00,walking,Home Cologne,Köln Hbf,0.5,10,False,none,Walk to Cologne station.
trip_7cea96f9b455_00008_leg_002,trip_7cea96f9b455_00008,2,2026-01-05T07:25:00,2026-01-05T08:10:00,regional_train,Köln Hbf,Düsseldorf Hbf,30.0,45,True,single_ticket,Regional train Cologne → Düsseldorf.
trip_7cea96f9b455_00008_leg_003,trip_7cea96f9b455_00008,3,2026-01-05T08:15:00,2026-01-05T08:25:00,bike,Düsseldorf Hbf,Düsseldorf Office,5.0,10,False,none,Bike the last kilometre to the office.
trip_7cea96f9b455_00009_leg_001,trip_7cea96f9b455_00009,1,2026-01-05T17:50:00,2026-01-05T18:00:00,bike,Düsseldorf Office,Düsseldorf Hbf,5.0,10,False,none,Bike to the station.
trip_7cea96f9b455_00009_leg_002,trip_7cea96f9b455_00009,2,2026-01-05T18:05:00,2026-01-05T18:50:00,regional_train,Düsseldorf Hbf,Köln Hbf,30.0,45,True,single_ticket,Regional train back to Cologne.
trip_7cea96f9b455_00009_leg_003,trip_7cea96f9b455_00009,3,2026-01-05T18:55:00,2026-01-05T19:05:00,walking,Köln Hbf,Home Cologne,0.5,10,False,none,Walk home.
trip_7cea96f9b455_00010_leg_001,trip_7cea96f9b455_00010,1,2026-01-06T06:30:00,2026-01-06T06:40:00,walking,Home Cologne,Köln Hbf,0.5,10,False,none,Walk to Cologne main station.
trip_7cea96f9b455_00010_leg_002,trip_7cea96f9b455_00010,2,2026-01-06T06:45:00,2026-01-06T08:45:00,regional_train,Köln Hbf,Frankfurt Hbf,190.0,120,True,single_ticket,Long‑distance regional train Cologne → Frankfurt.
trip_7cea96f9b455_00010_leg_003,trip_7cea96f9b455_00010,3,2026-01-06T08:50:00,2026-01-06T09:00:00,walking,Frankfurt Hbf,Tech Meetup Frankfurt,0.5,10,False,none,Walk to the meetup venue.
trip_7cea96f9b455_00011_leg_001,trip_7cea96f9b455_00011,1,2026-01-06T17:30:00,2026-01-06T17:40:00,walking,Tech Meetup Frankfurt,Frankfurt Hbf,0.5,10,False,none,Walk to Frankfurt station.
trip_7cea96f9b455_00011_leg_002,trip_7cea96f9b455_00011,2,2026-01-06T17:45:00,2026-01-06T19:45:00,regional_train,Frankfurt Hbf,Köln Hbf,190.0,120,True,single_ticket,Long‑distance train back to Cologne.
trip_7cea96f9b455_00011_leg_003,trip_7cea96f9b455_00011,3,2026-01-06T19:50:00,2026-01-06T20:00:00,walking,Köln Hbf,Home Cologne,0.5,10,False,none,Walk home.
trip_7cea96f9b455_00012_leg_001,trip_7cea96f9b455_00012,1,2026-01-06T20:30:00,2026-01-06T21:00:00,car_sharing,Home Cologne,Düsseldorf Client Site Parking,30.0,30,False,none,Car‑sharing drive to Düsseldorf.
trip_7cea96f9b455_00012_leg_002,trip_7cea96f9b455_00012,2,2026-01-06T21:00:00,2026-01-06T21:15:00,walking,Düsseldorf Client Site Parking,Düsseldorf Client Site,0.5,15,False,none,Walk from parking to meeting room.
trip_7cea96f9b455_00013_leg_001,trip_7cea96f9b455_00013,1,2026-01-08T07:30:00,2026-01-08T07:37:00,bike,Heidestraße,Köln Hbf,2.0,7,False,none,Bike to Köln Hauptbahnhof
trip_7cea96f9b455_00013_leg_002,trip_7cea96f9b455_00013,2,2026-01-08T07:40:00,2026-01-08T08:25:00,regional_train,Köln Hbf,Düsseldorf Hbf,45.0,45,True,single_ticket,Regional train Cologne‑Düsseldorf
trip_7cea96f9b455_00013_leg_003,trip_7cea96f9b455_00013,3,2026-01-08T08:26:00,2026-01-08T08:34:00,bike,Düsseldorf Hbf,TechPark Düsseldorf,3.0,8,False,none,Bike from station to office
trip_7cea96f9b455_00014_leg_001,trip_7cea96f9b455_00014,1,2026-01-08T18:30:00,2026-01-08T18:40:00,walking,TechPark Düsseldorf,Restaurant Zum Goldenen Stern,0.8,10,False,none,Walk to dinner
trip_7cea96f9b455_00015_leg_001,trip_7cea96f9b455_00015,1,2026-01-08T20:00:00,2026-01-08T20:03:00,bike,Restaurant Zum Goldenen Stern,Düsseldorf Hbf,0.5,3,False,none,Bike to Düsseldorf station
trip_7cea96f9b455_00015_leg_002,trip_7cea96f9b455_00015,2,2026-01-08T20:05:00,2026-01-08T20:50:00,regional_train,Düsseldorf Hbf,Köln Hbf,45.0,45,True,single_ticket,Regional train back to Cologne
trip_7cea96f9b455_00015_leg_003,trip_7cea96f9b455_00015,3,2026-01-08T20:51:00,2026-01-08T20:58:00,bike,Köln Hbf,Heidestraße,2.0,7,False,none,Bike home
trip_7cea96f9b455_00016_leg_001,trip_7cea96f9b455_00016,1,2026-01-09T07:30:00,2026-01-09T07:37:00,bike,Heidestraße,Köln Hbf,2.0,7,False,none,Bike to station
trip_7cea96f9b455_00016_leg_002,trip_7cea96f9b455_00016,2,2026-01-09T07:40:00,2026-01-09T08:25:00,regional_train,Köln Hbf,Düsseldorf Hbf,45.0,45,True,single_ticket,Regional train
trip_7cea96f9b455_00016_leg_003,trip_7cea96f9b455_00016,3,2026-01-09T08:26:00,2026-01-09T08:34:00,bike,Düsseldorf Hbf,TechPark Düsseldorf,3.0,8,False,none,Bike to office
trip_7cea96f9b455_00017_leg_001,trip_7cea96f9b455_00017,1,2026-01-09T18:20:00,2026-01-09T18:23:00,bike,TechPark Düsseldorf,Düsseldorf Hbf,0.5,3,False,none,Bike to station
trip_7cea96f9b455_00017_leg_002,trip_7cea96f9b455_00017,2,2026-01-09T18:25:00,2026-01-09T19:10:00,regional_train,Düsseldorf Hbf,Köln Hbf,45.0,45,True,single_ticket,Regional train back
trip_7cea96f9b455_00017_leg_003,trip_7cea96f9b455_00017,3,2026-01-09T19:11:00,2026-01-09T19:18:00,bike,Köln Hbf,Heidestraße,2.0,7,False,none,Bike home
trip_7cea96f9b455_00018_leg_001,trip_7cea96f9b455_00018,1,2026-01-10T10:00:00,2026-01-10T10:07:00,bike,Heidestraße,Köln Hbf,2.0,7,False,none,Bike to Köln station
trip_7cea96f9b455_00018_leg_002,trip_7cea96f9b455_00018,2,2026-01-10T10:10:00,2026-01-10T10:30:00,regional_train,Köln Hbf,Bonn Hbf,30.0,20,True,day_ticket,Regional train to Bonn
trip_7cea96f9b455_00018_leg_003,trip_7cea96f9b455_00018,3,2026-01-10T10:31:00,2026-01-10T10:36:00,bike,Bonn Hbf,Friend's flat,1.5,5,False,none,Bike to friend's place
trip_7cea96f9b455_00019_leg_001,trip_7cea96f9b455_00019,1,2026-01-10T15:00:00,2026-01-10T15:05:00,bike,Friend's flat,Bonn Hbf,1.5,5,False,none,Bike to Bonn station
trip_7cea96f9b455_00019_leg_002,trip_7cea96f9b455_00019,2,2026-01-10T15:08:00,2026-01-10T15:28:00,regional_train,Bonn Hbf,Köln Hbf,30.0,20,True,day_ticket,Train back to Cologne
trip_7cea96f9b455_00019_leg_003,trip_7cea96f9b455_00019,3,2026-01-10T15:29:00,2026-01-10T15:36:00,bike,Köln Hbf,Heidestraße,2.0,7,False,none,Bike home
trip_7cea96f9b455_00020_leg_001,trip_7cea96f9b455_00020,1,2026-01-11T09:30:00,2026-01-11T09:37:00,bike,Heidestraße,Köln Hbf,2.0,7,False,none,Bike to Cologne station
trip_7cea96f9b455_00020_leg_002,trip_7cea96f9b455_00020,2,2026-01-11T09:40:00,2026-01-11T10:25:00,regional_train,Köln Hbf,Aachen Hbf,70.0,45,True,single_ticket,Regional train to Aachen
trip_7cea96f9b455_00020_leg_003,trip_7cea96f9b455_00020,3,2026-01-11T10:26:00,2026-01-11T10:33:00,bike,Aachen Hbf,Family house,2.0,7,False,none,Bike to family house
trip_7cea96f9b455_00021_leg_001,trip_7cea96f9b455_00021,1,2026-01-11T14:30:00,2026-01-11T14:37:00,bike,Family house,Aachen Hbf,2.0,7,False,none,Bike to Aachen station
trip_7cea96f9b455_00021_leg_002,trip_7cea96f9b455_00021,2,2026-01-11T14:40:00,2026-01-11T15:25:00,regional_train,Aachen Hbf,Köln Hbf,70.0,45,True,single_ticket,Train back to Cologne
trip_7cea96f9b455_00021_leg_003,trip_7cea96f9b455_00021,3,2026-01-11T15:26:00,2026-01-11T15:33:00,bike,Köln Hbf,Heidestraße,2.0,7,False,none,Bike home
trip_7cea96f9b455_00022_leg_001,trip_7cea96f9b455_00022,1,2026-01-12T07:30:00,2026-01-12T07:37:00,bike,Heidestraße,Köln Hbf,2.0,7,False,none,Bike to station
trip_7cea96f9b455_00022_leg_002,trip_7cea96f9b455_00022,2,2026-01-12T07:40:00,2026-01-12T08:25:00,regional_train,Köln Hbf,Düsseldorf Hbf,45.0,45,True,single_ticket,Regional train
trip_7cea96f9b455_00022_leg_003,trip_7cea96f9b455_00022,3,2026-01-12T08:26:00,2026-01-12T08:34:00,bike,Düsseldorf Hbf,TechPark Düsseldorf,3.0,8,False,none,Bike to office
trip_7cea96f9b455_00023_leg_001,trip_7cea96f9b455_00023,1,2026-01-12T18:30:00,2026-01-12T19:00:00,car_sharing,TechPark Düsseldorf,Essen client parking,30.0,30,False,none,Car‑sharing to Essen
trip_7cea96f9b455_00023_leg_002,trip_7cea96f9b455_00023,2,2026-01-12T19:00:00,2026-01-12T19:07:00,walking,Essen client parking,Client office,0.5,7,False,none,Walk to meeting room
trip_7cea96f9b455_00023_leg_003,trip_7cea96f9b455_00023,3,2026-01-12T19:37:00,2026-01-12T20:37:00,car_sharing,Essen client parking,Köln Hbf,70.0,60,False,none,Car‑sharing back towards Cologne
trip_7cea96f9b455_00023_leg_004,trip_7cea96f9b455_00023,4,2026-01-12T20:38:00,2026-01-12T20:45:00,bike,Köln Hbf,Heidestraße,2.0,7,False,none,Bike home
trip_7cea96f9b455_00024_leg_001,trip_7cea96f9b455_00024,1,2026-01-13T19:00:00,2026-01-13T19:05:00,bike,Heidestraße,Café Kaffeekultur,1.0,5,False,none,Bike to café
trip_7cea96f9b455_00024_leg_002,trip_7cea96f9b455_00024,2,2026-01-13T19:30:00,2026-01-13T19:35:00,bike,Café Kaffeekultur,Heidestraße,1.0,5,False,none,Bike back home
trip_7cea96f9b455_00025_leg_001,trip_7cea96f9b455_00025,1,2026-01-15T07:30:00,2026-01-15T07:37:00,walking,Home Cologne,Köln Hbf,0.5,7,False,none,Walk from home to Köln Hauptbahnhof.
trip_7cea96f9b455_00025_leg_002,trip_7cea96f9b455_00025,2,2026-01-15T07:38:00,2026-01-15T08:08:00,regional_train,Köln Hbf,Düsseldorf Hbf,45.0,30,True,single_ticket,Regional train Cologne → Düsseldorf.
trip_7cea96f9b455_00025_leg_003,trip_7cea96f9b455_00025,3,2026-01-15T08:09:00,2026-01-15T08:17:00,bike,Düsseldorf Hbf,Düsseldorf Office,2.0,8,False,none,Bike the last kilometre to the office.
trip_7cea96f9b455_00026_leg_001,trip_7cea96f9b455_00026,1,2026-01-15T17:45:00,2026-01-15T17:53:00,bike,Düsseldorf Office,Düsseldorf Hbf,2.0,8,False,none,Bike to Düsseldorf station.
trip_7cea96f9b455_00026_leg_002,trip_7cea96f9b455_00026,2,2026-01-15T17:55:00,2026-01-15T18:25:00,regional_train,Düsseldorf Hbf,Köln Hbf,45.0,30,True,single_ticket,Regional train back to Cologne.
trip_7cea96f9b455_00026_leg_003,trip_7cea96f9b455_00026,3,2026-01-15T18:26:00,2026-01-15T18:33:00,walking,Köln Hbf,Home Cologne,0.5,7,False,none,Walk home from the station.
trip_7cea96f9b455_00027_leg_001,trip_7cea96f9b455_00027,1,2026-01-16T19:00:00,2026-01-16T19:04:00,walking,Home Cologne,Zum Goldenen Stern,0.3,4,False,none,Walk to the restaurant.
trip_7cea96f9b455_00028_leg_001,trip_7cea96f9b455_00028,1,2026-01-16T21:30:00,2026-01-16T21:34:00,walking,Zum Goldenen Stern,Home Cologne,0.3,4,False,none,Walk home.
trip_7cea96f9b455_00029_leg_001,trip_7cea96f9b455_00029,1,2026-01-17T07:35:00,2026-01-17T07:42:00,walking,Home Cologne,Köln Hbf,0.5,7,False,none,Walk to Köln Hauptbahnhof.
trip_7cea96f9b455_00029_leg_002,trip_7cea96f9b455_00029,2,2026-01-17T07:43:00,2026-01-17T08:13:00,regional_train,Köln Hbf,Düsseldorf Hbf,45.0,30,True,single_ticket,Regional train Cologne → Düsseldorf.
trip_7cea96f9b455_00029_leg_003,trip_7cea96f9b455_00029,3,2026-01-17T08:14:00,2026-01-17T08:22:00,bike,Düsseldorf Hbf,Düsseldorf Office,2.0,8,False,none,Bike the last kilometre to the office.
trip_7cea96f9b455_00030_leg_001,trip_7cea96f9b455_00030,1,2026-01-17T17:45:00,2026-01-17T17:53:00,bike,Düsseldorf Office,Düsseldorf Hbf,2.0,8,False,none,Bike to the station.
trip_7cea96f9b455_00030_leg_002,trip_7cea96f9b455_00030,2,2026-01-17T17:55:00,2026-01-17T18:25:00,regional_train,Düsseldorf Hbf,Köln Hbf,45.0,30,True,single_ticket,Regional train back to Cologne.
trip_7cea96f9b455_00030_leg_003,trip_7cea96f9b455_00030,3,2026-01-17T18:26:00,2026-01-17T18:33:00,walking,Köln Hbf,Home Cologne,0.5,7,False,none,Walk home.
trip_7cea96f9b455_00031_leg_001,trip_7cea96f9b455_00031,1,2026-01-17T19:30:00,2026-01-17T19:40:00,bike,Home Cologne,FitX Köln,3.0,10,False,none,Bike to the fitness centre.
trip_7cea96f9b455_00032_leg_001,trip_7cea96f9b455_00032,1,2026-01-17T20:50:00,2026-01-17T21:00:00,bike,FitX Köln,Home Cologne,3.0,10,False,none,Bike home.
trip_7cea96f9b455_00033_leg_001,trip_7cea96f9b455_00033,1,2026-01-18T10:00:00,2026-01-18T10:05:00,walking,Home Cologne,Köln Hbf,0.5,5,False,none,Walk to Cologne station.
trip_7cea96f9b455_00033_leg_002,trip_7cea96f9b455_00033,2,2026-01-18T10:07:00,2026-01-18T10:27:00,regional_train,Köln Hbf,Bonn Hbf,30.0,20,True,day_ticket,Regional train Cologne → Bonn.
trip_7cea96f9b455_00033_leg_003,trip_7cea96f9b455_00033,3,2026-01-18T10:28:00,2026-01-18T10:36:00,walking,Bonn Hbf,Friend's apartment Bonn,0.6,8,False,none,Walk to friend's place.
trip_7cea96f9b455_00034_leg_001,trip_7cea96f9b455_00034,1,2026-01-18T18:30:00,2026-01-18T18:35:00,walking,Friend's apartment Bonn,Bonn Hbf,0.5,5,False,none,Walk to Bonn station.
trip_7cea96f9b455_00034_leg_002,trip_7cea96f9b455_00034,2,2026-01-18T18:37:00,2026-01-18T18:57:00,regional_train,Bonn Hbf,Köln Hbf,30.0,20,True,day_ticket,Regional train Bonn → Cologne.
trip_7cea96f9b455_00034_leg_003,trip_7cea96f9b455_00034,3,2026-01-18T18:58:00,2026-01-18T19:03:00,walking,Köln Hbf,Home Cologne,0.5,5,False,none,Walk home.
trip_7cea96f9b455_00035_leg_001,trip_7cea96f9b455_00035,1,2026-01-19T07:40:00,2026-01-19T07:47:00,walking,Home Cologne,Köln Hbf,0.5,7,False,none,Walk to Cologne station.
trip_7cea96f9b455_00035_leg_002,trip_7cea96f9b455_00035,2,2026-01-19T07:48:00,2026-01-19T08:18:00,regional_train,Köln Hbf,Düsseldorf Hbf,45.0,30,True,single_ticket,Regional train Cologne → Düsseldorf.
trip_7cea96f9b455_00035_leg_003,trip_7cea96f9b455_00035,3,2026-01-19T08:19:00,2026-01-19T08:27:00,bike,Düsseldorf Hbf,Düsseldorf Office,2.0,8,False,none,Bike to the office.
trip_7cea96f9b455_00036_leg_001,trip_7cea96f9b455_00036,1,2026-01-19T17:50:00,2026-01-19T17:58:00,bike,Düsseldorf Office,Düsseldorf Hbf,2.0,8,False,none,Bike to the station.
trip_7cea96f9b455_00036_leg_002,trip_7cea96f9b455_00036,2,2026-01-19T18:00:00,2026-01-19T18:30:00,regional_train,Düsseldorf Hbf,Köln Hbf,45.0,30,True,single_ticket,Regional train Düsseldorf → Cologne.
trip_7cea96f9b455_00036_leg_003,trip_7cea96f9b455_00036,3,2026-01-19T18:31:00,2026-01-19T18:38:00,walking,Köln Hbf,Home Cologne,0.5,7,False,none,Walk home from the station.
trip_7cea96f9b455_00037_leg_001,trip_7cea96f9b455_00037,1,2026-01-22T07:30:00,2026-01-22T07:37:00,walking,Jan's Apartment,Köln Hbf,0.5,7,False,none,Walk from home to Cologne main station.
trip_7cea96f9b455_00037_leg_002,trip_7cea96f9b455_00037,2,2026-01-22T07:40:00,2026-01-22T08:00:00,regional_train,Köln Hbf,Düsseldorf Hbf,30.0,20,True,single_ticket,Regional train to Düsseldorf.
trip_7cea96f9b455_00037_leg_003,trip_7cea96f9b455_00037,3,2026-01-22T08:05:00,2026-01-22T08:13:00,bike,Düsseldorf Hbf,Client Office,2.0,8,False,none,Bike the last kilometre to the office.
trip_7cea96f9b455_00038_leg_001,trip_7cea96f9b455_00038,1,2026-01-22T17:30:00,2026-01-22T17:38:00,bike,Client Office,Düsseldorf Hbf,2.0,8,False,none,Bike to the train station.
trip_7cea96f9b455_00038_leg_002,trip_7cea96f9b455_00038,2,2026-01-22T17:45:00,2026-01-22T18:05:00,regional_train,Düsseldorf Hbf,Köln Hbf,30.0,20,True,single_ticket,Regional train back to Cologne.
trip_7cea96f9b455_00038_leg_003,trip_7cea96f9b455_00038,3,2026-01-22T18:10:00,2026-01-22T18:22:00,walking,Köln Hbf,Jan's Apartment,0.5,12,False,none,Walk home from the station.
trip_7cea96f9b455_00039_leg_001,trip_7cea96f9b455_00039,1,2026-01-22T19:00:00,2026-01-22T19:05:00,walking,Client Office,Local Restaurant,0.3,5,False,none,Short walk to dinner.
trip_7cea96f9b455_00040_leg_001,trip_7cea96f9b455_00040,1,2026-01-22T21:30:00,2026-01-22T21:35:00,walking,Local Restaurant,Düsseldorf Hbf,0.5,5,False,none,Walk to the station.
trip_7cea96f9b455_00040_leg_002,trip_7cea96f9b455_00040,2,2026-01-22T21:45:00,2026-01-22T22:05:00,regional_train,Düsseldorf Hbf,Köln Hbf,30.0,20,True,single_ticket,Regional train back to Cologne.
trip_7cea96f9b455_00040_leg_003,trip_7cea96f9b455_00040,3,2026-01-22T22:10:00,2026-01-22T22:17:00,walking,Köln Hbf,Jan's Apartment,0.5,7,False,none,Walk home.
trip_7cea96f9b455_00041_leg_001,trip_7cea96f9b455_00041,1,2026-01-23T07:35:00,2026-01-23T07:42:00,walking,Jan's Apartment,Köln Hbf,0.5,7,False,none,Walk to Cologne station.
trip_7cea96f9b455_00041_leg_002,trip_7cea96f9b455_00041,2,2026-01-23T07:45:00,2026-01-23T08:05:00,regional_train,Köln Hbf,Düsseldorf Hbf,30.0,20,True,single_ticket,Regional train to Düsseldorf.
trip_7cea96f9b455_00041_leg_003,trip_7cea96f9b455_00041,3,2026-01-23T08:10:00,2026-01-23T08:18:00,bike,Düsseldorf Hbf,Client Office,2.0,8,False,none,Bike the last kilometre.
trip_7cea96f9b455_00042_leg_001,trip_7cea96f9b455_00042,1,2026-01-23T17:35:00,2026-01-23T17:43:00,bike,Client Office,Düsseldorf Hbf,2.0,8,False,none,Bike to the station.
trip_7cea96f9b455_00042_leg_002,trip_7cea96f9b455_00042,2,2026-01-23T17:50:00,2026-01-23T18:10:00,regional_train,Düsseldorf Hbf,Köln Hbf,30.0,20,True,single_ticket,Regional train back to Cologne.
trip_7cea96f9b455_00042_leg_003,trip_7cea96f9b455_00042,3,2026-01-23T18:15:00,2026-01-23T18:22:00,walking,Köln Hbf,Jan's Apartment,0.5,7,False,none,Walk home.
trip_7cea96f9b455_00043_leg_001,trip_7cea96f9b455_00043,1,2026-01-23T19:00:00,2026-01-23T19:07:00,walking,Jan's Apartment,Köln Hbf,0.5,7,False,none,Walk to Cologne main station.
trip_7cea96f9b455_00043_leg_002,trip_7cea96f9b455_00043,2,2026-01-23T19:30:00,2026-01-23T21:30:00,regional_train,Köln Hbf,Frankfurt Hbf,190.0,120,True,single_ticket,IC long‑distance train to Frankfurt.
trip_7cea96f9b455_00044_leg_001,trip_7cea96f9b455_00044,1,2026-01-24T10:00:00,2026-01-24T10:20:00,bike,Jan's Apartment,City Center Mall,5.0,20,False,none,Bike to the mall.
trip_7cea96f9b455_00045_leg_001,trip_7cea96f9b455_00045,1,2026-01-24T15:00:00,2026-01-24T15:20:00,bike,City Center Mall,Jan's Apartment,5.0,20,False,none,Bike back home.
trip_7cea96f9b455_00046_leg_001,trip_7cea96f9b455_00046,1,2026-01-25T09:30:00,2026-01-25T09:35:00,walking,Jan's Apartment,Köln Hbf,0.5,5,False,none,Walk to Cologne station.
trip_7cea96f9b455_00046_leg_002,trip_7cea96f9b455_00046,2,2026-01-25T09:55:00,2026-01-25T10:45:00,regional_train,Köln Hbf,Bonn Hbf,20.0,50,True,single_ticket,Regional train to Bonn.
trip_7cea96f9b455_00046_leg_003,trip_7cea96f9b455_00046,3,2026-01-25T10:50:00,2026-01-25T11:00:00,bike,Bonn Hbf,Family Home,2.0,10,False,none,Bike to family house.
trip_7cea96f9b455_00047_leg_001,trip_7cea96f9b455_00047,1,2026-01-25T10:30:00,2026-01-25T12:30:00,regional_train,Frankfurt Hbf,Köln Hbf,190.0,120,True,single_ticket,IC train back to Cologne.
trip_7cea96f9b455_00047_leg_002,trip_7cea96f9b455_00047,2,2026-01-25T12:35:00,2026-01-25T12:42:00,walking,Köln Hbf,Jan's Apartment,0.5,7,False,none,Walk home.
trip_7cea96f9b455_00048_leg_001,trip_7cea96f9b455_00048,1,2026-01-25T17:30:00,2026-01-25T17:40:00,bike,Family Home,Bonn Hbf,2.0,10,False,none,Bike to Bonn station.
trip_7cea96f9b455_00048_leg_002,trip_7cea96f9b455_00048,2,2026-01-25T17:45:00,2026-01-25T18:35:00,regional_train,Bonn Hbf,Köln Hbf,20.0,50,True,single_ticket,Regional train back to Cologne.
trip_7cea96f9b455_00048_leg_003,trip_7cea96f9b455_00048,3,2026-01-25T18:40:00,2026-01-25T18:47:00,walking,Köln Hbf,Jan's Apartment,0.5,7,False,none,Walk home.
trip_7cea96f9b455_00049_leg_001,trip_7cea96f9b455_00049,1,2026-01-29T18:30:00,2026-01-29T18:35:00,walking,Heidestraße 12,Tram Stop Heumarkt,0.4,5,False,none,Walk from home to nearest tram stop.
trip_7cea96f9b455_00049_leg_002,trip_7cea96f9b455_00049,2,2026-01-29T18:35:00,2026-01-29T18:50:00,tram,Tram Stop Heumarkt,Tram Stop Dom,5.0,15,True,short_trip_ticket,Tram ride through city centre.
trip_7cea96f9b455_00049_leg_003,trip_7cea96f9b455_00049,3,2026-01-29T18:50:00,2026-01-29T20:30:00,walking,Tram Stop Dom,Zum Goldenen Stern,0.3,100,False,none,Walk to restaurant and dine.
trip_7cea96f9b455_00050_leg_001,trip_7cea96f9b455_00050,1,2026-01-30T07:15:00,2026-01-30T07:22:00,walking,Heidestraße 12,Köln Hbf,0.5,7,False,none,Walk to Cologne main station.
trip_7cea96f9b455_00050_leg_002,trip_7cea96f9b455_00050,2,2026-01-30T07:22:00,2026-01-30T08:07:00,regional_train,Köln Hbf,Düsseldorf Hbf,30.0,45,True,single_ticket,Regional train to Düsseldorf.
trip_7cea96f9b455_00050_leg_003,trip_7cea96f9b455_00050,3,2026-01-30T08:07:00,2026-01-30T08:15:00,bike,Düsseldorf Hbf,Düsseldorf Office,2.0,8,False,none,Bike the last kilometre to the office.
trip_7cea96f9b455_00051_leg_001,trip_7cea96f9b455_00051,1,2026-01-30T17:45:00,2026-01-30T17:53:00,bike,Düsseldorf Office,Düsseldorf Hbf,2.0,8,False,none,Bike to the train station.
trip_7cea96f9b455_00051_leg_002,trip_7cea96f9b455_00051,2,2026-01-30T17:53:00,2026-01-30T18:38:00,regional_train,Düsseldorf Hbf,Köln Hbf,30.0,45,True,single_ticket,Regional train back to Cologne.
trip_7cea96f9b455_00051_leg_003,trip_7cea96f9b455_00051,3,2026-01-30T18:38:00,2026-01-30T18:45:00,walking,Köln Hbf,Heidestraße 12,0.5,7,False,none,Walk home from the station.
trip_7cea96f9b455_00052_leg_001,trip_7cea96f9b455_00052,1,2026-01-31T10:00:00,2026-01-31T10:15:00,bike,Heidestraße 12,Kletterhalle Köln,5.0,15,False,none,Bike directly to climbing gym.
trip_7cea96f9b455_00053_leg_001,trip_7cea96f9b455_00053,1,2026-01-31T13:30:00,2026-01-31T13:35:00,bike,Heidestraße 12,Köln Hbf,0.5,5,False,none,Bike to Cologne main station.
trip_7cea96f9b455_00053_leg_002,trip_7cea96f9b455_00053,2,2026-01-31T13:35:00,2026-01-31T15:05:00,regional_train,Köln Hbf,Frankfurt Hbf,190.0,90,True,single_ticket,ICE to Frankfurt.
trip_7cea96f9b455_00053_leg_003,trip_7cea96f9b455_00053,3,2026-01-31T15:05:00,2026-01-31T15:12:00,walking,Frankfurt Hbf,Tech Meetup Frankfurt,0.5,7,False,none,Walk to meetup venue.
trip_7cea96f9b455_00054_leg_001,trip_7cea96f9b455_00054,1,2026-01-31T18:30:00,2026-01-31T18:37:00,walking,Tech Meetup Frankfurt,Frankfurt Hbf,0.5,7,False,none,Walk back to the station.
trip_7cea96f9b455_00054_leg_002,trip_7cea96f9b455_00054,2,2026-01-31T18:37:00,2026-01-31T20:07:00,regional_train,Frankfurt Hbf,Köln Hbf,190.0,90,True,single_ticket,ICE back to Cologne.
trip_7cea96f9b455_00054_leg_003,trip_7cea96f9b455_00054,3,2026-01-31T20:07:00,2026-01-31T20:12:00,bike,Köln Hbf,Heidestraße 12,0.5,5,False,none,Bike home from the station.
trip_7cea96f9b455_00055_leg_001,trip_7cea96f9b455_00055,1,2026-02-01T09:00:00,2026-02-01T09:05:00,walking,Heidestraße 12,Köln Hbf,0.4,5,False,none,Walk to Cologne station.
trip_7cea96f9b455_00055_leg_002,trip_7cea96f9b455_00055,2,2026-02-01T09:05:00,2026-02-01T09:50:00,regional_train,Köln Hbf,Bonn Hbf,70.0,45,True,single_ticket,Regional train to Bonn.
trip_7cea96f9b455_00055_leg_003,trip_7cea96f9b455_00055,3,2026-02-01T09:50:00,2026-02-01T10:00:00,bike,Bonn Hbf,Family in Bonn,3.0,10,False,none,Bike to family home.
trip_7cea96f9b455_00056_leg_001,trip_7cea96f9b455_00056,1,2026-02-01T17:00:00,2026-02-01T17:10:00,bike,Family in Bonn,Bonn Hbf,3.0,10,False,none,Bike to Bonn station.
trip_7cea96f9b455_00056_leg_002,trip_7cea96f9b455_00056,2,2026-02-01T17:10:00,2026-02-01T17:55:00,regional_train,Bonn Hbf,Köln Hbf,70.0,45,True,single_ticket,Regional train back to Cologne.
trip_7cea96f9b455_00056_leg_003,trip_7cea96f9b455_00056,3,2026-02-01T17:55:00,2026-02-01T18:00:00,walking,Köln Hbf,Heidestraße 12,0.4,5,False,none,Walk home.
trip_7cea96f9b455_00057_leg_001,trip_7cea96f9b455_00057,1,2026-02-01T19:30:00,2026-02-01T19:34:00,walking,Heidestraße 12,Tram Stop Heumarkt,0.3,4,False,none,Walk to tram stop.
trip_7cea96f9b455_00057_leg_002,trip_7cea96f9b455_00057,2,2026-02-01T19:34:00,2026-02-01T19:46:00,tram,Tram Stop Heumarkt,Tram Stop Zülpicher Platz,4.0,12,True,short_trip_ticket,Tram ride to cinema area.
trip_7cea96f9b455_00057_leg_003,trip_7cea96f9b455_00057,3,2026-02-01T19:46:00,2026-02-01T19:50:00,walking,Tram Stop Zülpicher Platz,CineStar Köln,0.3,4,False,none,Walk to cinema.
trip_7cea96f9b455_00058_leg_001,trip_7cea96f9b455_00058,1,2026-02-02T07:10:00,2026-02-02T07:17:00,walking,Heidestraße 12,Köln Hbf,0.5,7,False,none,Walk to Cologne station.
trip_7cea96f9b455_00058_leg_002,trip_7cea96f9b455_00058,2,2026-02-02T07:17:00,2026-02-02T08:02:00,regional_train,Köln Hbf,Düsseldorf Hbf,30.0,45,True,single_ticket,Regional train to Düsseldorf.
trip_7cea96f9b455_00058_leg_003,trip_7cea96f9b455_00058,3,2026-02-02T08:02:00,2026-02-02T08:10:00,bike,Düsseldorf Hbf,Düsseldorf Office,2.0,8,False,none,Bike the last kilometre to the office.
trip_7cea96f9b455_00059_leg_001,trip_7cea96f9b455_00059,1,2026-02-02T17:40:00,2026-02-02T17:48:00,bike,Düsseldorf Office,Düsseldorf Hbf,2.0,8,False,none,Bike to the station.
trip_7cea96f9b455_00059_leg_002,trip_7cea96f9b455_00059,2,2026-02-02T17:48:00,2026-02-02T18:33:00,regional_train,Düsseldorf Hbf,Köln Hbf,30.0,45,True,single_ticket,Regional train back to Cologne.
trip_7cea96f9b455_00059_leg_003,trip_7cea96f9b455_00059,3,2026-02-02T18:33:00,2026-02-02T18:40:00,walking,Köln Hbf,Heidestraße 12,0.5,7,False,none,Walk home.
trip_7cea96f9b455_00060_leg_001,trip_7cea96f9b455_00060,1,2026-02-03T07:30:00,2026-02-03T07:34:00,walking,Heidestraße 12,CarShare Spot A,0.3,4,False,none,Walk to car‑sharing vehicle.
trip_7cea96f9b455_00060_leg_002,trip_7cea96f9b455_00060,2,2026-02-03T07:34:00,2026-02-03T07:44:00,car_sharing,CarShare Spot A,Coworking Space Parking,5.0,10,False,none,Drive to meeting location.
trip_7cea96f9b455_00060_leg_003,trip_7cea96f9b455_00060,3,2026-02-03T07:44:00,2026-02-03T07:47:00,walking,Coworking Space Parking,Coworking Space Entrance,0.2,3,False,none,Walk to meeting room.
trip_7cea96f9b455_00060_leg_004,trip_7cea96f9b455_00060,4,2026-02-03T12:30:00,2026-02-03T12:33:00,walking,Coworking Space Entrance,CarShare Spot A,0.2,3,False,none,Walk back to car.
trip_7cea96f9b455_00060_leg_005,trip_7cea96f9b455_00060,5,2026-02-03T12:33:00,2026-02-03T12:43:00,car_sharing,CarShare Spot A,Heidestraße 12 Parking,5.0,10,False,none,Drive back home.
trip_7cea96f9b455_00060_leg_006,trip_7cea96f9b455_00060,6,2026-02-03T12:43:00,2026-02-03T12:47:00,walking,Heidestraße 12 Parking,Heidestraße 12,0.3,4,False,none,Walk to apartment.
trip_7cea96f9b455_00061_leg_001,trip_7cea96f9b455_00061,1,2026-02-05T07:30:00,2026-02-05T07:40:00,walking,Heidestraße 12,Köln Hbf,0.8,10,False,none,Walk from home to Köln Hauptbahnhof.
trip_7cea96f9b455_00061_leg_002,trip_7cea96f9b455_00061,2,2026-02-05T07:45:00,2026-02-05T08:15:00,regional_train,Köln Hbf,Düsseldorf Hbf,40.0,30,True,single_ticket,Regional train to Düsseldorf.
trip_7cea96f9b455_00061_leg_003,trip_7cea96f9b455_00061,3,2026-02-05T08:15:00,2026-02-05T08:23:00,bike,Düsseldorf Hbf,Düsseldorf Office,2.0,8,False,none,Bike the last kilometre to the office.
trip_7cea96f9b455_00062_leg_001,trip_7cea96f9b455_00062,1,2026-02-05T17:30:00,2026-02-05T17:38:00,bike,Düsseldorf Office,Düsseldorf Hbf,2.0,8,False,none,Bike to Düsseldorf station.
trip_7cea96f9b455_00062_leg_002,trip_7cea96f9b455_00062,2,2026-02-05T17:45:00,2026-02-05T18:15:00,regional_train,Düsseldorf Hbf,Köln Hbf,40.0,30,True,single_ticket,Regional train back to Cologne.
trip_7cea96f9b455_00062_leg_003,trip_7cea96f9b455_00062,3,2026-02-05T18:15:00,2026-02-05T18:23:00,walking,Köln Hbf,Heidestraße 12,0.8,8,False,none,Walk home from the station.
trip_7cea96f9b455_00063_leg_001,trip_7cea96f9b455_00063,1,2026-02-06T19:00:00,2026-02-06T19:07:00,walking,Heidestraße 12,Tram Stop Heumarkt,0.5,7,False,none,Walk to tram stop.
trip_7cea96f9b455_00063_leg_002,trip_7cea96f9b455_00063,2,2026-02-06T19:07:00,2026-02-06T19:30:00,tram,Tram Stop Heumarkt,Tram Stop Rheinpark,5.0,23,True,short_trip_ticket,Tram ride along the Rhine.
trip_7cea96f9b455_00063_leg_003,trip_7cea96f9b455_00063,3,2026-02-06T19:30:00,2026-02-06T19:45:00,walking,Tram Stop Rheinpark,Restaurant Rheinblick,0.3,15,False,none,Walk to restaurant.
trip_7cea96f9b455_00064_leg_001,trip_7cea96f9b455_00064,1,2026-02-06T21:30:00,2026-02-06T21:37:00,walking,Restaurant Rheinblick,Tram Stop Rheinpark,0.3,7,False,none,Walk to tram stop.
trip_7cea96f9b455_00064_leg_002,trip_7cea96f9b455_00064,2,2026-02-06T21:37:00,2026-02-06T22:00:00,tram,Tram Stop Rheinpark,Tram Stop Heumarkt,5.0,23,True,short_trip_ticket,Tram back towards city centre.
trip_7cea96f9b455_00064_leg_003,trip_7cea96f9b455_00064,3,2026-02-06T22:00:00,2026-02-06T22:15:00,walking,Tram Stop Heumarkt,Heidestraße 12,0.5,15,False,none,Walk home.
trip_7cea96f9b455_00065_leg_001,trip_7cea96f9b455_00065,1,2026-02-07T07:35:00,2026-02-07T07:45:00,walking,Heidestraße 12,Köln Hbf,0.8,10,False,none,Walk to Köln Hauptbahnhof.
trip_7cea96f9b455_00065_leg_002,trip_7cea96f9b455_00065,2,2026-02-07T07:50:00,2026-02-07T08:20:00,regional_train,Köln Hbf,Düsseldorf Hbf,40.0,30,True,single_ticket,Regional train to Düsseldorf.
trip_7cea96f9b455_00065_leg_003,trip_7cea96f9b455_00065,3,2026-02-07T08:20:00,2026-02-07T08:28:00,bike,Düsseldorf Hbf,Düsseldorf Office,2.0,8,False,none,Bike the last kilometre.
trip_7cea96f9b455_00066_leg_001,trip_7cea96f9b455_00066,1,2026-02-07T17:40:00,2026-02-07T17:48:00,bike,Düsseldorf Office,Düsseldorf Hbf,2.0,8,False,none,Bike to station.
trip_7cea96f9b455_00066_leg_002,trip_7cea96f9b455_00066,2,2026-02-07T17:55:00,2026-02-07T18:25:00,regional_train,Düsseldorf Hbf,Köln Hbf,40.0,30,True,single_ticket,Regional train back to Cologne.
trip_7cea96f9b455_00066_leg_003,trip_7cea96f9b455_00066,3,2026-02-07T18:25:00,2026-02-07T18:33:00,walking,Köln Hbf,Heidestraße 12,0.8,8,False,none,Walk home.
trip_7cea96f9b455_00067_leg_001,trip_7cea96f9b455_00067,1,2026-02-08T18:30:00,2026-02-08T18:38:00,walking,Heidestraße 12,Bus Stop Heumarkt,0.5,8,False,none,Walk to bus stop.
trip_7cea96f9b455_00067_leg_002,trip_7cea96f9b455_00067,2,2026-02-08T18:38:00,2026-02-08T19:05:00,bus,Bus Stop Heumarkt,Bus Stop Ehrenstraße,5.0,27,True,short_trip_ticket,Bus ride to gym area.
trip_7cea96f9b455_00067_leg_003,trip_7cea96f9b455_00067,3,2026-02-08T19:05:00,2026-02-08T19:15:00,walking,Bus Stop Ehrenstraße,FitX Köln,0.3,10,False,none,Walk into the gym.
trip_7cea96f9b455_00068_leg_001,trip_7cea96f9b455_00068,1,2026-02-08T20:30:00,2026-02-08T20:38:00,walking,FitX Köln,Bus Stop Ehrenstraße,0.3,8,False,none,Walk to bus stop.
trip_7cea96f9b455_00068_leg_002,trip_7cea96f9b455_00068,2,2026-02-08T20:38:00,2026-02-08T21:05:00,bus,Bus Stop Ehrenstraße,Bus Stop Heumarkt,5.0,27,True,short_trip_ticket,Bus back towards city centre.
trip_7cea96f9b455_00068_leg_003,trip_7cea96f9b455_00068,3,2026-02-08T21:05:00,2026-02-08T21:15:00,walking,Bus Stop Heumarkt,Heidestraße 12,0.5,10,False,none,Walk home.
trip_7cea96f9b455_00069_leg_001,trip_7cea96f9b455_00069,1,2026-02-09T07:40:00,2026-02-09T07:50:00,walking,Heidestraße 12,Köln Hbf,0.8,10,False,none,Walk to Köln Hbf.
trip_7cea96f9b455_00069_leg_002,trip_7cea96f9b455_00069,2,2026-02-09T07:55:00,2026-02-09T08:25:00,regional_train,Köln Hbf,Düsseldorf Hbf,40.0,30,True,single_ticket,Regional train to Düsseldorf.
trip_7cea96f9b455_00069_leg_003,trip_7cea96f9b455_00069,3,2026-02-09T08:25:00,2026-02-09T08:33:00,bike,Düsseldorf Hbf,Düsseldorf Office,2.0,8,False,none,Bike to office.
trip_7cea96f9b455_00070_leg_001,trip_7cea96f9b455_00070,1,2026-02-09T17:45:00,2026-02-09T17:53:00,bike,Düsseldorf Office,Düsseldorf Hbf,2.0,8,False,none,Bike to station.
trip_7cea96f9b455_00070_leg_002,trip_7cea96f9b455_00070,2,2026-02-09T17:58:00,2026-02-09T18:28:00,regional_train,Düsseldorf Hbf,Köln Hbf,40.0,30,True,single_ticket,Regional train back to Cologne.
trip_7cea96f9b455_00070_leg_003,trip_7cea96f9b455_00070,3,2026-02-09T18:28:00,2026-02-09T18:36:00,walking,Köln Hbf,Heidestraße 12,0.8,8,False,none,Walk home.
trip_7cea96f9b455_00071_leg_001,trip_7cea96f9b455_00071,1,2026-02-10T08:00:00,2026-02-10T08:10:00,walking,Heidestraße 12,Köln Hbf,0.8,10,False,none,Walk to Cologne main station.
trip_7cea96f9b455_00071_leg_002,trip_7cea96f9b455_00071,2,2026-02-10T08:15:00,2026-02-10T09:30:00,regional_train,Köln Hbf,Frankfurt Hbf,180.0,75,True,single_ticket,ICE train to Frankfurt.
trip_7cea96f9b455_00071_leg_003,trip_7cea96f9b455_00071,3,2026-02-10T09:30:00,2026-02-10T09:45:00,walking,Frankfurt Hbf,Tech Hub Frankfurt,0.5,15,False,none,Walk to meetup venue.
trip_7cea96f9b455_00072_leg_001,trip_7cea96f9b455_00072,1,2026-02-11T17:00:00,2026-02-11T17:15:00,walking,Tech Hub Frankfurt,Frankfurt Hbf,0.5,15,False,none,Walk to Frankfurt main station.
trip_7cea96f9b455_00072_leg_002,trip_7cea96f9b455_00072,2,2026-02-11T17:20:00,2026-02-11T18:35:00,regional_train,Frankfurt Hbf,Köln Hbf,180.0,75,True,single_ticket,ICE train back to Cologne.
trip_7cea96f9b455_00072_leg_003,trip_7cea96f9b455_00072,3,2026-02-11T18:35:00,2026-02-11T18:45:00,walking,Köln Hbf,Heidestraße 12,0.8,10,False,none,Walk home.
trip_7cea96f9b455_00073_leg_001,trip_7cea96f9b455_00073,1,2026-02-12T07:10:00,2026-02-12T07:17:00,walking,Heinrich-Heine-Str. 12,Köln Hbf,0.5,7,False,none,Walk from home to Köln Hauptbahnhof
trip_7cea96f9b455_00073_leg_002,trip_7cea96f9b455_00073,2,2026-02-12T07:22:00,2026-02-12T07:52:00,regional_train,Köln Hbf,Düsseldorf Hbf,45.0,30,True,day_ticket,Regional train to Düsseldorf
trip_7cea96f9b455_00073_leg_003,trip_7cea96f9b455_00073,3,2026-02-12T07:52:00,2026-02-12T08:00:00,bike,Düsseldorf Hbf,Düsseldorf Office,2.0,8,False,none,Bike the last kilometre to the office
trip_7cea96f9b455_00074_leg_001,trip_7cea96f9b455_00074,1,2026-02-12T17:30:00,2026-02-12T17:38:00,bike,Düsseldorf Office,Düsseldorf Hbf,2.0,8,False,none,Bike to Düsseldorf Hauptbahnhof
trip_7cea96f9b455_00074_leg_002,trip_7cea96f9b455_00074,2,2026-02-12T17:43:00,2026-02-12T18:13:00,regional_train,Düsseldorf Hbf,Köln Hbf,45.0,30,True,day_ticket,Regional train back to Cologne
trip_7cea96f9b455_00074_leg_003,trip_7cea96f9b455_00074,3,2026-02-12T18:13:00,2026-02-12T18:20:00,walking,Köln Hbf,Heinrich-Heine-Str. 12,0.5,7,False,none,Walk home from the station
trip_7cea96f9b455_00075_leg_001,trip_7cea96f9b455_00075,1,2026-02-12T19:30:00,2026-02-12T19:40:00,walking,Heinrich-Heine-Str. 12,Italian Bistro,0.8,10,False,none,Walk to the restaurant
trip_7cea96f9b455_00076_leg_001,trip_7cea96f9b455_00076,1,2026-02-12T21:30:00,2026-02-12T21:40:00,walking,Italian Bistro,Heinrich-Heine-Str. 12,0.8,10,False,none,Walk home from the restaurant
trip_7cea96f9b455_00077_leg_001,trip_7cea96f9b455_00077,1,2026-02-13T07:15:00,2026-02-13T07:22:00,walking,Heinrich-Heine-Str. 12,Köln Hbf,0.5,7,False,none,Walk to Köln Hauptbahnhof
trip_7cea96f9b455_00077_leg_002,trip_7cea96f9b455_00077,2,2026-02-13T07:27:00,2026-02-13T07:57:00,regional_train,Köln Hbf,Düsseldorf Hbf,45.0,30,True,day_ticket,Regional train to Düsseldorf
trip_7cea96f9b455_00077_leg_003,trip_7cea96f9b455_00077,3,2026-02-13T07:57:00,2026-02-13T08:05:00,bike,Düsseldorf Hbf,Düsseldorf Office,2.0,8,False,none,Bike the last kilometre to the office
trip_7cea96f9b455_00078_leg_001,trip_7cea96f9b455_00078,1,2026-02-13T17:35:00,2026-02-13T17:43:00,bike,Düsseldorf Office,Düsseldorf Hbf,2.0,8,False,none,Bike to the station
trip_7cea96f9b455_00078_leg_002,trip_7cea96f9b455_00078,2,2026-02-13T17:48:00,2026-02-13T18:18:00,regional_train,Düsseldorf Hbf,Köln Hbf,45.0,30,True,day_ticket,Train back to Cologne
trip_7cea96f9b455_00078_leg_003,trip_7cea96f9b455_00078,3,2026-02-13T18:18:00,2026-02-13T18:25:00,walking,Köln Hbf,Heinrich-Heine-Str. 12,0.5,7,False,none,Walk home from the station
trip_7cea96f9b455_00079_leg_001,trip_7cea96f9b455_00079,1,2026-02-13T19:00:00,2026-02-13T19:12:00,bike,Heinrich-Heine-Str. 12,FitX Cologne,3.0,12,False,none,Bike to the gym
trip_7cea96f9b455_00080_leg_001,trip_7cea96f9b455_00080,1,2026-02-13T20:30:00,2026-02-13T20:42:00,bike,FitX Cologne,Heinrich-Heine-Str. 12,3.0,12,False,none,Bike home from the gym
trip_7cea96f9b455_00081_leg_001,trip_7cea96f9b455_00081,1,2026-02-14T09:00:00,2026-02-14T09:07:00,bike,Heinrich-Heine-Str. 12,Köln Hbf,0.5,7,False,none,Bike to Köln Hauptbahnhof
trip_7cea96f9b455_00081_leg_002,trip_7cea96f9b455_00081,2,2026-02-14T09:12:00,2026-02-14T09:32:00,regional_train,Köln Hbf,Bonn Hbf,25.0,20,True,single_ticket,Regional train to Bonn
trip_7cea96f9b455_00081_leg_003,trip_7cea96f9b455_00081,3,2026-02-14T09:32:00,2026-02-14T09:41:00,walking,Bonn Hbf,Friend's flat,0.7,9,False,none,Walk to friend's apartment
trip_7cea96f9b455_00082_leg_001,trip_7cea96f9b455_00082,1,2026-02-14T17:00:00,2026-02-14T17:09:00,walking,Friend's flat,Bonn Hbf,0.7,9,False,none,Walk to Bonn station
trip_7cea96f9b455_00082_leg_002,trip_7cea96f9b455_00082,2,2026-02-14T17:14:00,2026-02-14T17:34:00,regional_train,Bonn Hbf,Köln Hbf,25.0,20,True,single_ticket,Train back to Cologne
trip_7cea96f9b455_00082_leg_003,trip_7cea96f9b455_00082,3,2026-02-14T17:34:00,2026-02-14T17:41:00,bike,Köln Hbf,Heinrich-Heine-Str. 12,0.5,7,False,none,Bike home from the station
trip_7cea96f9b455_00083_leg_001,trip_7cea96f9b455_00083,1,2026-02-16T07:20:00,2026-02-16T07:27:00,walking,Heinrich-Heine-Str. 12,Köln Hbf,0.5,7,False,none,Walk to Köln Hauptbahnhof
trip_7cea96f9b455_00083_leg_002,trip_7cea96f9b455_00083,2,2026-02-16T07:32:00,2026-02-16T08:02:00,regional_train,Köln Hbf,Düsseldorf Hbf,45.0,30,True,day_ticket,Regional train to Düsseldorf
trip_7cea96f9b455_00083_leg_003,trip_7cea96f9b455_00083,3,2026-02-16T08:02:00,2026-02-16T08:10:00,bike,Düsseldorf Hbf,Düsseldorf Office,2.0,8,False,none,Bike the last kilometre to the office
trip_7cea96f9b455_00084_leg_001,trip_7cea96f9b455_00084,1,2026-02-16T17:40:00,2026-02-16T17:48:00,bike,Düsseldorf Office,Düsseldorf Hbf,2.0,8,False,none,Bike to the station
trip_7cea96f9b455_00084_leg_002,trip_7cea96f9b455_00084,2,2026-02-16T17:53:00,2026-02-16T18:23:00,regional_train,Düsseldorf Hbf,Köln Hbf,45.0,30,True,day_ticket,Train back to Cologne
trip_7cea96f9b455_00084_leg_003,trip_7cea96f9b455_00084,3,2026-02-16T18:23:00,2026-02-16T18:30:00,walking,Köln Hbf,Heinrich-Heine-Str. 12,0.5,7,False,none,Walk home from the station
trip_7cea96f9b455_00085_leg_001,trip_7cea96f9b455_00085,1,2026-02-19T18:30:00,2026-02-19T18:42:00,bike,Home,Rheinterrasse,4.0,12,False,none,Bike to dinner venue.
trip_7cea96f9b455_00086_leg_001,trip_7cea96f9b455_00086,1,2026-02-19T21:00:00,2026-02-19T21:12:00,bike,Rheinterrasse,Home,4.0,12,False,none,Bike home.
trip_7cea96f9b455_00087_leg_001,trip_7cea96f9b455_00087,1,2026-02-20T18:00:00,2026-02-20T18:09:00,bike,Home,FitX Cologne,3.0,9,False,none,Bike to the gym.
trip_7cea96f9b455_00088_leg_001,trip_7cea96f9b455_00088,1,2026-02-20T20:30:00,2026-02-20T20:39:00,bike,FitX Cologne,Home,3.0,9,False,none,Bike home.
trip_7cea96f9b455_00089_leg_001,trip_7cea96f9b455_00089,1,2026-02-21T07:00:00,2026-02-21T07:07:00,walking,Home,Köln Hbf,0.5,7,False,none,Walk to Cologne main station.
trip_7cea96f9b455_00089_leg_002,trip_7cea96f9b455_00089,2,2026-02-21T07:10:00,2026-02-21T08:10:00,regional_train,Köln Hbf,Frankfurt Hbf,190.0,60,True,single_ticket,ICE to Frankfurt.
trip_7cea96f9b455_00089_leg_003,trip_7cea96f9b455_00089,3,2026-02-21T08:10:00,2026-02-21T08:18:00,walking,Frankfurt Hbf,TechHub Frankfurt,0.6,8,False,none,Walk to meetup venue.
trip_7cea96f9b455_00090_leg_001,trip_7cea96f9b455_00090,1,2026-02-21T16:00:00,2026-02-21T16:08:00,walking,TechHub Frankfurt,Frankfurt Hbf,0.6,8,False,none,Walk to Frankfurt station.
trip_7cea96f9b455_00090_leg_002,trip_7cea96f9b455_00090,2,2026-02-21T16:10:00,2026-02-21T17:10:00,regional_train,Frankfurt Hbf,Köln Hbf,190.0,60,True,single_ticket,ICE back to Cologne.
trip_7cea96f9b455_00090_leg_003,trip_7cea96f9b455_00090,3,2026-02-21T17:10:00,2026-02-21T17:17:00,walking,Köln Hbf,Home,0.5,7,False,none,Walk home from station.
trip_7cea96f9b455_00091_leg_001,trip_7cea96f9b455_00091,1,2026-02-23T07:15:00,2026-02-23T07:22:00,walking,Home,Köln Hbf,0.5,7,False,none,Walk from home to Cologne main station.
trip_7cea96f9b455_00091_leg_002,trip_7cea96f9b455_00091,2,2026-02-23T07:25:00,2026-02-23T07:50:00,regional_train,Köln Hbf,Düsseldorf Hbf,30.0,25,True,single_ticket,Regional train to Düsseldorf.
trip_7cea96f9b455_00091_leg_003,trip_7cea96f9b455_00091,3,2026-02-23T07:52:00,2026-02-23T08:02:00,bike,Düsseldorf Hbf,Düsseldorf Office,3.0,10,False,none,Bike the last kilometre to the office.
trip_7cea96f9b455_00092_leg_001,trip_7cea96f9b455_00092,1,2026-02-23T17:30:00,2026-02-23T17:40:00,bike,Düsseldorf Office,Düsseldorf Hbf,3.0,10,False,none,Bike to Düsseldorf station.
trip_7cea96f9b455_00092_leg_002,trip_7cea96f9b455_00092,2,2026-02-23T17:40:00,2026-02-23T17:42:00,walking,Düsseldorf Hbf,Platform,0.2,2,False,none,Walk to the train platform.
trip_7cea96f9b455_00092_leg_003,trip_7cea96f9b455_00092,3,2026-02-23T17:45:00,2026-02-23T18:10:00,regional_train,Düsseldorf Hbf,Köln Hbf,30.0,25,True,single_ticket,Regional train back to Cologne.
trip_7cea96f9b455_00092_leg_004,trip_7cea96f9b455_00092,4,2026-02-23T18:10:00,2026-02-23T18:17:00,walking,Köln Hbf,Home,0.5,7,False,none,Walk home from the station.
trip_7cea96f9b455_00093_leg_001,trip_7cea96f9b455_00093,1,2026-02-24T07:20:00,2026-02-24T07:27:00,walking,Home,Köln Hbf,0.5,7,False,none,Walk to Cologne station.
trip_7cea96f9b455_00093_leg_002,trip_7cea96f9b455_00093,2,2026-02-24T07:30:00,2026-02-24T07:55:00,regional_train,Köln Hbf,Düsseldorf Hbf,30.0,25,True,single_ticket,Regional train to Düsseldorf.
trip_7cea96f9b455_00093_leg_003,trip_7cea96f9b455_00093,3,2026-02-24T07:57:00,2026-02-24T08:07:00,bike,Düsseldorf Hbf,Düsseldorf Office,3.0,10,False,none,Bike the last kilometre to work.
trip_7cea96f9b455_00094_leg_001,trip_7cea96f9b455_00094,1,2026-02-24T17:30:00,2026-02-24T17:40:00,bike,Düsseldorf Office,Düsseldorf Hbf,3.0,10,False,none,Bike to the station.
trip_7cea96f9b455_00094_leg_002,trip_7cea96f9b455_00094,2,2026-02-24T17:40:00,2026-02-24T17:42:00,walking,Düsseldorf Hbf,Platform,0.2,2,False,none,Walk to platform.
trip_7cea96f9b455_00094_leg_003,trip_7cea96f9b455_00094,3,2026-02-24T17:45:00,2026-02-24T18:10:00,regional_train,Düsseldorf Hbf,Köln Hbf,30.0,25,True,single_ticket,Regional train back to Cologne.
trip_7cea96f9b455_00094_leg_004,trip_7cea96f9b455_00094,4,2026-02-24T18:10:00,2026-02-24T18:17:00,walking,Köln Hbf,Home,0.5,7,False,none,Walk home.
trip_7cea96f9b455_00095_leg_001,trip_7cea96f9b455_00095,1,2026-02-25T07:15:00,2026-02-25T07:22:00,walking,Home,Köln Hbf,0.5,7,False,none,Walk to Cologne station.
trip_7cea96f9b455_00095_leg_002,trip_7cea96f9b455_00095,2,2026-02-25T07:25:00,2026-02-25T07:50:00,regional_train,Köln Hbf,Düsseldorf Hbf,30.0,25,True,single_ticket,Regional train to Düsseldorf.
trip_7cea96f9b455_00095_leg_003,trip_7cea96f9b455_00095,3,2026-02-25T07:52:00,2026-02-25T08:02:00,bike,Düsseldorf Hbf,Düsseldorf Office,3.0,10,False,none,Bike to the office.
trip_7cea96f9b455_00096_leg_001,trip_7cea96f9b455_00096,1,2026-02-25T17:30:00,2026-02-25T17:40:00,bike,Düsseldorf Office,Düsseldorf Hbf,3.0,10,False,none,Bike to station.
trip_7cea96f9b455_00096_leg_002,trip_7cea96f9b455_00096,2,2026-02-25T17:40:00,2026-02-25T17:42:00,walking,Düsseldorf Hbf,Platform,0.2,2,False,none,Walk to platform.
trip_7cea96f9b455_00096_leg_003,trip_7cea96f9b455_00096,3,2026-02-25T17:45:00,2026-02-25T18:10:00,regional_train,Düsseldorf Hbf,Köln Hbf,30.0,25,True,single_ticket,Regional train back to Cologne.
trip_7cea96f9b455_00096_leg_004,trip_7cea96f9b455_00096,4,2026-02-25T18:10:00,2026-02-25T18:17:00,walking,Köln Hbf,Home,0.5,7,False,none,Walk home.
trip_7cea96f9b455_00097_leg_001,trip_7cea96f9b455_00097,1,2026-02-26T07:30:00,2026-02-26T07:37:00,walking,Home,Köln Hbf,0.5,7,False,none,Walk from home to Köln Hauptbahnhof.
trip_7cea96f9b455_00097_leg_002,trip_7cea96f9b455_00097,2,2026-02-26T07:38:00,2026-02-26T08:08:00,regional_train,Köln Hbf,Düsseldorf Hbf,35.0,30,True,single_ticket,Regional train to Düsseldorf.
trip_7cea96f9b455_00097_leg_003,trip_7cea96f9b455_00097,3,2026-02-26T08:09:00,2026-02-26T08:17:00,bike,Düsseldorf Hbf,Office,2.0,8,False,none,Bike from station to office.
trip_7cea96f9b455_00098_leg_001,trip_7cea96f9b455_00098,1,2026-02-26T17:10:00,2026-02-26T17:18:00,bike,Office,Düsseldorf Hbf,2.0,8,False,none,Bike from office to Düsseldorf Hauptbahnhof.
trip_7cea96f9b455_00098_leg_002,trip_7cea96f9b455_00098,2,2026-02-26T17:20:00,2026-02-26T17:50:00,regional_train,Düsseldorf Hbf,Köln Hbf,35.0,30,True,single_ticket,Regional train back to Cologne.
trip_7cea96f9b455_00098_leg_003,trip_7cea96f9b455_00098,3,2026-02-26T17:51:00,2026-02-26T17:58:00,walking,Köln Hbf,Home,0.5,7,False,none,Walk from station to home.
trip_7cea96f9b455_00099_leg_001,trip_7cea96f9b455_00099,1,2026-02-27T19:00:00,2026-02-27T19:08:00,bike,Home,Zum Goldenen Stern,2.0,8,False,none,Bike to restaurant.
trip_7cea96f9b455_00100_leg_001,trip_7cea96f9b455_00100,1,2026-02-27T21:30:00,2026-02-27T21:38:00,bike,Zum Goldenen Stern,Home,2.0,8,False,none,Bike home.
trip_7cea96f9b455_00101_leg_001,trip_7cea96f9b455_00101,1,2026-02-28T08:00:00,2026-02-28T08:07:00,walking,Home,Köln Hbf,0.5,7,False,none,Walk to Köln Hauptbahnhof.
trip_7cea96f9b455_00101_leg_002,trip_7cea96f9b455_00101,2,2026-02-28T08:10:00,2026-02-28T09:30:00,regional_train,Köln Hbf,Frankfurt Hbf,180.0,80,True,single_ticket,Long‑distance regional train to Frankfurt.
trip_7cea96f9b455_00101_leg_003,trip_7cea96f9b455_00101,3,2026-02-28T09:31:00,2026-02-28T09:43:00,bike,Frankfurt Hbf,Tech Hub,3.0,12,False,none,Bike to meetup venue.
trip_7cea96f9b455_00102_leg_001,trip_7cea96f9b455_00102,1,2026-02-28T16:10:00,2026-02-28T16:22:00,bike,Tech Hub,Frankfurt Hbf,3.0,12,False,none,Bike to Frankfurt Hauptbahnhof.
trip_7cea96f9b455_00102_leg_002,trip_7cea96f9b455_00102,2,2026-02-28T16:27:00,2026-02-28T17:47:00,regional_train,Frankfurt Hbf,Köln Hbf,180.0,80,True,single_ticket,Long‑distance train back to Cologne.
trip_7cea96f9b455_00102_leg_003,trip_7cea96f9b455_00102,3,2026-02-28T17:48:00,2026-02-28T17:55:00,walking,Köln Hbf,Home,0.5,7,False,none,Walk home.
trip_7cea96f9b455_00103_leg_001,trip_7cea96f9b455_00103,1,2026-03-01T09:00:00,2026-03-01T09:07:00,walking,Home,Köln Hbf,0.5,7,False,none,Walk to Köln Hauptbahnhof.
trip_7cea96f9b455_00103_leg_002,trip_7cea96f9b455_00103,2,2026-03-01T09:10:00,2026-03-01T09:30:00,regional_train,Köln Hbf,Bonn Hbf,30.0,20,True,single_ticket,Regional train to Bonn.
trip_7cea96f9b455_00103_leg_003,trip_7cea96f9b455_00103,3,2026-03-01T09:31:00,2026-03-01T09:38:00,walking,Bonn Hbf,Family House,0.5,7,False,none,Walk to family house.
trip_7cea96f9b455_00104_leg_001,trip_7cea96f9b455_00104,1,2026-03-01T15:07:00,2026-03-01T15:14:00,walking,Family House,Bonn Hbf,0.5,7,False,none,Walk to Bonn station.
trip_7cea96f9b455_00104_leg_002,trip_7cea96f9b455_00104,2,2026-03-01T15:15:00,2026-03-01T15:35:00,regional_train,Bonn Hbf,Köln Hbf,30.0,20,True,single_ticket,Regional train back to Cologne.
trip_7cea96f9b455_00104_leg_003,trip_7cea96f9b455_00104,3,2026-03-01T15:36:00,2026-03-01T15:43:00,walking,Köln Hbf,Home,0.5,7,False,none,Walk home.
trip_7cea96f9b455_00105_leg_001,trip_7cea96f9b455_00105,1,2026-03-02T07:30:00,2026-03-02T07:37:00,walking,Home,Köln Hbf,0.5,7,False,none,Walk to Köln Hauptbahnhof.
trip_7cea96f9b455_00105_leg_002,trip_7cea96f9b455_00105,2,2026-03-02T07:38:00,2026-03-02T08:08:00,regional_train,Köln Hbf,Düsseldorf Hbf,35.0,30,True,single_ticket,Regional train to Düsseldorf.
trip_7cea96f9b455_00105_leg_003,trip_7cea96f9b455_00105,3,2026-03-02T08:09:00,2026-03-02T08:17:00,bike,Düsseldorf Hbf,Office,2.0,8,False,none,Bike from station to office.
trip_7cea96f9b455_00106_leg_001,trip_7cea96f9b455_00106,1,2026-03-02T17:10:00,2026-03-02T17:18:00,bike,Office,Düsseldorf Hbf,2.0,8,False,none,Bike to station.
trip_7cea96f9b455_00106_leg_002,trip_7cea96f9b455_00106,2,2026-03-02T17:20:00,2026-03-02T17:50:00,regional_train,Düsseldorf Hbf,Köln Hbf,35.0,30,True,single_ticket,Regional train back to Cologne.
trip_7cea96f9b455_00106_leg_003,trip_7cea96f9b455_00106,3,2026-03-02T17:51:00,2026-03-02T17:58:00,walking,Köln Hbf,Home,0.5,7,False,none,Walk home.
trip_7cea96f9b455_00107_leg_001,trip_7cea96f9b455_00107,1,2026-03-04T07:30:00,2026-03-04T07:37:00,walking,Home,Köln Hbf,0.5,7,False,none,Walk to Köln Hauptbahnhof.
trip_7cea96f9b455_00107_leg_002,trip_7cea96f9b455_00107,2,2026-03-04T07:38:00,2026-03-04T08:08:00,regional_train,Köln Hbf,Düsseldorf Hbf,35.0,30,True,single_ticket,Regional train to Düsseldorf.
trip_7cea96f9b455_00107_leg_003,trip_7cea96f9b455_00107,3,2026-03-04T08:09:00,2026-03-04T08:17:00,bike,Düsseldorf Hbf,Office,2.0,8,False,none,Bike to office.
trip_7cea96f9b455_00108_leg_001,trip_7cea96f9b455_00108,1,2026-03-04T17:10:00,2026-03-04T17:18:00,bike,Office,Düsseldorf Hbf,2.0,8,False,none,Bike to station.
trip_7cea96f9b455_00108_leg_002,trip_7cea96f9b455_00108,2,2026-03-04T17:20:00,2026-03-04T17:50:00,regional_train,Düsseldorf Hbf,Köln Hbf,35.0,30,True,single_ticket,Regional train back to Cologne.
trip_7cea96f9b455_00108_leg_003,trip_7cea96f9b455_00108,3,2026-03-04T17:51:00,2026-03-04T17:58:00,walking,Köln Hbf,Home,0.5,7,False,none,Walk home.
trip_7cea96f9b455_00109_leg_001,trip_7cea96f9b455_00109,1,2026-03-05T18:00:00,2026-03-05T18:08:00,bike,Home,FitX Cologne,2.0,8,False,none,Bike to the gym.
trip_7cea96f9b455_00110_leg_001,trip_7cea96f9b455_00110,1,2026-03-05T20:00:00,2026-03-05T20:08:00,bike,FitX Cologne,Home,2.0,8,False,none,Bike home after the gym.
trip_7cea96f9b455_00111_leg_001,trip_7cea96f9b455_00111,1,2026-03-07T19:30:00,2026-03-07T19:42:00,bike,Home,Rheinufer Restaurant,3.0,12,False,none,Bike directly to the restaurant.
trip_7cea96f9b455_00112_leg_001,trip_7cea96f9b455_00112,1,2026-03-07T21:30:00,2026-03-07T21:42:00,bike,Rheinufer Restaurant,Home,3.0,12,False,none,Bike home after the meal.
trip_7cea96f9b455_00113_leg_001,trip_7cea96f9b455_00113,1,2026-03-08T10:00:00,2026-03-08T10:08:00,walking,Home,Köln Hbf,0.6,8,False,none,Walk to Cologne main station.
trip_7cea96f9b455_00113_leg_002,trip_7cea96f9b455_00113,2,2026-03-08T10:10:00,2026-03-08T10:30:00,regional_train,Köln Hbf,Bonn Hbf,25.0,20,True,single_ticket,Regional train to Bonn.
trip_7cea96f9b455_00113_leg_003,trip_7cea96f9b455_00113,3,2026-03-08T10:30:00,2026-03-08T10:38:00,bike,Bonn Hbf,Friend's place,2.0,8,False,none,Bike from Bonn station to friend's apartment.
trip_7cea96f9b455_00114_leg_001,trip_7cea96f9b455_00114,1,2026-03-08T15:00:00,2026-03-08T15:08:00,bike,Friend's place,Bonn Hbf,2.0,8,False,none,Bike to Bonn station.
trip_7cea96f9b455_00114_leg_002,trip_7cea96f9b455_00114,2,2026-03-08T15:10:00,2026-03-08T15:30:00,regional_train,Bonn Hbf,Köln Hbf,25.0,20,True,single_ticket,Regional train back to Cologne.
trip_7cea96f9b455_00114_leg_003,trip_7cea96f9b455_00114,3,2026-03-08T15:30:00,2026-03-08T15:38:00,walking,Köln Hbf,Home,0.6,8,False,none,Walk home from the station.
trip_7cea96f9b455_00115_leg_001,trip_7cea96f9b455_00115,1,2026-03-09T07:30:00,2026-03-09T07:38:00,walking,Home,Köln Hbf,0.6,8,False,none,Walk from home to Cologne main station.
trip_7cea96f9b455_00115_leg_002,trip_7cea96f9b455_00115,2,2026-03-09T07:40:00,2026-03-09T08:10:00,regional_train,Köln Hbf,Düsseldorf Hbf,45.0,30,True,single_ticket,"Regional train to Düsseldorf, fastest connection."
trip_7cea96f9b455_00115_leg_003,trip_7cea96f9b455_00115,3,2026-03-09T08:10:00,2026-03-09T08:18:00,bike,Düsseldorf Hbf,Work,2.0,8,False,none,Bike the last kilometre to the office.
trip_7cea96f9b455_00116_leg_001,trip_7cea96f9b455_00116,1,2026-03-09T17:30:00,2026-03-09T17:38:00,bike,Work,Düsseldorf Hbf,2.0,8,False,none,Bike from office to Düsseldorf station.
trip_7cea96f9b455_00116_leg_002,trip_7cea96f9b455_00116,2,2026-03-09T17:40:00,2026-03-09T18:10:00,regional_train,Düsseldorf Hbf,Köln Hbf,45.0,30,True,single_ticket,Regional train back to Cologne.
trip_7cea96f9b455_00116_leg_003,trip_7cea96f9b455_00116,3,2026-03-09T18:10:00,2026-03-09T18:18:00,walking,Köln Hbf,Home,0.6,8,False,none,Walk home from the station.
trip_7cea96f9b455_00117_leg_001,trip_7cea96f9b455_00117,1,2026-03-10T07:32:00,2026-03-10T07:40:00,walking,Home,Köln Hbf,0.6,8,False,none,Walk to Cologne main station.
trip_7cea96f9b455_00117_leg_002,trip_7cea96f9b455_00117,2,2026-03-10T07:42:00,2026-03-10T08:12:00,regional_train,Köln Hbf,Düsseldorf Hbf,45.0,30,True,single_ticket,Regional train to Düsseldorf.
trip_7cea96f9b455_00117_leg_003,trip_7cea96f9b455_00117,3,2026-03-10T08:12:00,2026-03-10T08:20:00,bike,Düsseldorf Hbf,Work,2.0,8,False,none,Bike the last kilometre to the office.
trip_7cea96f9b455_00118_leg_001,trip_7cea96f9b455_00118,1,2026-03-10T17:32:00,2026-03-10T17:40:00,bike,Work,Düsseldorf Hbf,2.0,8,False,none,Bike to Düsseldorf station.
trip_7cea96f9b455_00118_leg_002,trip_7cea96f9b455_00118,2,2026-03-10T17:42:00,2026-03-10T18:12:00,regional_train,Düsseldorf Hbf,Köln Hbf,45.0,30,True,single_ticket,Regional train back to Cologne.
trip_7cea96f9b455_00118_leg_003,trip_7cea96f9b455_00118,3,2026-03-10T18:12:00,2026-03-10T18:20:00,walking,Köln Hbf,Home,0.6,8,False,none,Walk home from the station.
trip_7cea96f9b455_00119_leg_001,trip_7cea96f9b455_00119,1,2026-03-11T07:35:00,2026-03-11T07:43:00,walking,Home,Köln Hbf,0.6,8,False,none,Walk to Cologne main station.
trip_7cea96f9b455_00119_leg_002,trip_7cea96f9b455_00119,2,2026-03-11T07:45:00,2026-03-11T08:15:00,regional_train,Köln Hbf,Düsseldorf Hbf,45.0,30,True,single_ticket,Regional train to Düsseldorf.
trip_7cea96f9b455_00119_leg_003,trip_7cea96f9b455_00119,3,2026-03-11T08:15:00,2026-03-11T08:23:00,bike,Düsseldorf Hbf,Work,2.0,8,False,none,Bike the last kilometre to the office.
trip_7cea96f9b455_00120_leg_001,trip_7cea96f9b455_00120,1,2026-03-11T17:35:00,2026-03-11T17:43:00,bike,Work,Düsseldorf Hbf,2.0,8,False,none,Bike to Düsseldorf station.
trip_7cea96f9b455_00120_leg_002,trip_7cea96f9b455_00120,2,2026-03-11T17:45:00,2026-03-11T18:15:00,regional_train,Düsseldorf Hbf,Köln Hbf,45.0,30,True,single_ticket,Regional train back to Cologne.
trip_7cea96f9b455_00120_leg_003,trip_7cea96f9b455_00120,3,2026-03-11T18:15:00,2026-03-11T18:23:00,walking,Köln Hbf,Home,0.6,8,False,none,Walk home from the station.
trip_7cea96f9b455_00121_leg_001,trip_7cea96f9b455_00121,1,2026-03-12T10:00:00,2026-03-12T10:15:00,bike,Home,Rheinpark,5.0,15,False,none,Bike to the park.
trip_7cea96f9b455_00121_leg_002,trip_7cea96f9b455_00121,2,2026-03-12T14:00:00,2026-03-12T14:15:00,bike,Rheinpark,Home,5.0,15,False,none,Bike back home.
trip_7cea96f9b455_00122_leg_001,trip_7cea96f9b455_00122,1,2026-03-12T16:00:00,2026-03-12T16:05:00,walking,Home,Tram Stop C,0.5,5,False,none,Walk to tram stop.
trip_7cea96f9b455_00122_leg_002,trip_7cea96f9b455_00122,2,2026-03-12T16:05:00,2026-03-12T16:17:00,tram,Tram Stop C,Tram Stop D,3.0,12,True,short_trip_ticket,Tram ride towards the stadium.
trip_7cea96f9b455_00122_leg_003,trip_7cea96f9b455_00122,3,2026-03-12T16:17:00,2026-03-12T16:21:00,walking,Tram Stop D,Stadium,0.3,4,False,none,Final walk to the stadium.
trip_7cea96f9b455_00122_leg_004,trip_7cea96f9b455_00122,4,2026-03-12T19:30:00,2026-03-12T19:35:00,walking,Stadium,Tram Stop D,0.3,5,False,none,Walk back to tram stop.
trip_7cea96f9b455_00122_leg_005,trip_7cea96f9b455_00122,5,2026-03-12T19:45:00,2026-03-12T19:57:00,tram,Tram Stop D,Tram Stop C,3.0,12,True,short_trip_ticket,Tram back towards home.
trip_7cea96f9b455_00122_leg_006,trip_7cea96f9b455_00122,6,2026-03-12T19:57:00,2026-03-12T20:02:00,walking,Tram Stop C,Home,0.5,5,False,none,Walk home.
trip_7cea96f9b455_00123_leg_001,trip_7cea96f9b455_00123,1,2026-03-14T07:30:00,2026-03-14T07:40:00,walking,Home,Köln Hbf,0.8,10,False,none,Walk from apartment to Cologne main station.
trip_7cea96f9b455_00123_leg_002,trip_7cea96f9b455_00123,2,2026-03-14T07:45:00,2026-03-14T08:15:00,regional_train,Köln Hbf,Düsseldorf Hbf,40.0,30,True,single_ticket,Regional train to Düsseldorf.
trip_7cea96f9b455_00123_leg_003,trip_7cea96f9b455_00123,3,2026-03-14T08:15:00,2026-03-14T08:22:00,bike,Düsseldorf Hbf,Client office,2.0,7,False,none,Bike the last kilometre to the office.
trip_7cea96f9b455_00124_leg_001,trip_7cea96f9b455_00124,1,2026-03-14T17:30:00,2026-03-14T17:37:00,bike,Client office,Düsseldorf Hbf,2.0,7,False,none,Bike to Düsseldorf station.
trip_7cea96f9b455_00124_leg_002,trip_7cea96f9b455_00124,2,2026-03-14T17:40:00,2026-03-14T18:10:00,regional_train,Düsseldorf Hbf,Köln Hbf,40.0,30,True,single_ticket,Regional train back to Cologne.
trip_7cea96f9b455_00124_leg_003,trip_7cea96f9b455_00124,3,2026-03-14T18:10:00,2026-03-14T18:20:00,walking,Köln Hbf,Home,0.8,10,False,none,Walk home from the station.
trip_7cea96f9b455_00125_leg_001,trip_7cea96f9b455_00125,1,2026-03-14T19:30:00,2026-03-14T19:38:00,bike,Home,Italian Bistro,2.0,8,False,none,Bike to the restaurant.
trip_7cea96f9b455_00125_leg_002,trip_7cea96f9b455_00125,2,2026-03-14T21:30:00,2026-03-14T21:38:00,bike,Italian Bistro,Home,2.0,8,False,none,Bike back home after dinner.
trip_7cea96f9b455_00126_leg_001,trip_7cea96f9b455_00126,1,2026-03-15T07:00:00,2026-03-15T07:10:00,bike,Home,Köln Hbf,0.8,10,False,none,Bike to Cologne main station.
trip_7cea96f9b455_00126_leg_002,trip_7cea96f9b455_00126,2,2026-03-15T07:15:00,2026-03-15T08:30:00,public_transport,Köln Hbf,Frankfurt Hbf,180.0,75,True,single_ticket,ICE long‑distance train to Frankfurt.
trip_7cea96f9b455_00126_leg_003,trip_7cea96f9b455_00126,3,2026-03-15T08:30:00,2026-03-15T08:42:00,bike,Frankfurt Hbf,Meetup venue,3.0,12,False,none,Bike to the meetup location.
trip_7cea96f9b455_00126_leg_004,trip_7cea96f9b455_00126,4,2026-03-15T16:30:00,2026-03-15T16:42:00,bike,Meetup venue,Frankfurt Hbf,3.0,12,False,none,Bike back to the station.
trip_7cea96f9b455_00126_leg_005,trip_7cea96f9b455_00126,5,2026-03-15T16:45:00,2026-03-15T18:00:00,public_transport,Frankfurt Hbf,Köln Hbf,180.0,75,True,single_ticket,Return ICE to Cologne.
trip_7cea96f9b455_00126_leg_006,trip_7cea96f9b455_00126,6,2026-03-15T18:00:00,2026-03-15T18:10:00,bike,Köln Hbf,Home,0.8,10,False,none,Bike home from the station.
trip_7cea96f9b455_00127_leg_001,trip_7cea96f9b455_00127,1,2026-03-16T07:35:00,2026-03-16T07:45:00,walking,Home,Köln Hbf,0.8,10,False,none,Walk to Cologne main station.
trip_7cea96f9b455_00127_leg_002,trip_7cea96f9b455_00127,2,2026-03-16T07:50:00,2026-03-16T08:20:00,regional_train,Köln Hbf,Düsseldorf Hbf,40.0,30,True,single_ticket,Regional train to Düsseldorf.
trip_7cea96f9b455_00127_leg_003,trip_7cea96f9b455_00127,3,2026-03-16T08:20:00,2026-03-16T08:27:00,bike,Düsseldorf Hbf,Client office,2.0,7,False,none,Bike the last kilometre to the office.
trip_7cea96f9b455_00128_leg_001,trip_7cea96f9b455_00128,1,2026-03-16T17:35:00,2026-03-16T17:42:00,bike,Client office,Düsseldorf Hbf,2.0,7,False,none,Bike to the station.
trip_7cea96f9b455_00128_leg_002,trip_7cea96f9b455_00128,2,2026-03-16T17:45:00,2026-03-16T18:15:00,regional_train,Düsseldorf Hbf,Köln Hbf,40.0,30,True,single_ticket,Regional train back to Cologne.
trip_7cea96f9b455_00128_leg_003,trip_7cea96f9b455_00128,3,2026-03-16T18:15:00,2026-03-16T18:25:00,walking,Köln Hbf,Home,0.8,10,False,none,Walk home from the station.
trip_7cea96f9b455_00129_leg_001,trip_7cea96f9b455_00129,1,2026-03-16T19:00:00,2026-03-16T19:05:00,walking,Home,Tram Stop A,0.5,5,False,none,Walk to tram stop.
trip_7cea96f9b455_00129_leg_002,trip_7cea96f9b455_00129,2,2026-03-16T19:05:00,2026-03-16T19:15:00,tram,Tram Stop A,Tram Stop B,2.0,10,True,short_trip_ticket,Tram ride towards the bar district.
trip_7cea96f9b455_00129_leg_003,trip_7cea96f9b455_00129,3,2026-03-16T19:15:00,2026-03-16T19:18:00,walking,Tram Stop B,Night Bar,0.2,3,False,none,Short walk to the bar.
trip_7cea96f9b455_00129_leg_004,trip_7cea96f9b455_00129,4,2026-03-16T19:50:00,2026-03-16T19:55:00,walking,Night Bar,Tram Stop B,0.2,5,False,none,Walk back to tram stop.
trip_7cea96f9b455_00129_leg_005,trip_7cea96f9b455_00129,5,2026-03-16T20:05:00,2026-03-16T20:15:00,tram,Tram Stop B,Tram Stop A,2.0,10,True,short_trip_ticket,Tram back towards home.
trip_7cea96f9b455_00129_leg_006,trip_7cea96f9b455_00129,6,2026-03-16T20:15:00,2026-03-16T20:20:00,walking,Tram Stop A,Home,0.5,5,False,none,Final walk home.
trip_7cea96f9b455_00130_leg_001,trip_7cea96f9b455_00130,1,2026-03-17T09:00:00,2026-03-17T09:10:00,bike,Home,Köln Hbf,0.8,10,False,none,Bike to Cologne station.
trip_7cea96f9b455_00130_leg_002,trip_7cea96f9b455_00130,2,2026-03-17T09:15:00,2026-03-17T09:35:00,regional_train,Köln Hbf,Bonn Hbf,20.0,20,True,single_ticket,Regional train to Bonn.
trip_7cea96f9b455_00130_leg_003,trip_7cea96f9b455_00130,3,2026-03-17T09:35:00,2026-03-17T09:42:00,bike,Bonn Hbf,Friend's flat,2.0,7,False,none,Bike to friend's place.
trip_7cea96f9b455_00130_leg_004,trip_7cea96f9b455_00130,4,2026-03-17T17:30:00,2026-03-17T17:37:00,bike,Friend's flat,Bonn Hbf,2.0,7,False,none,Bike back to station.
trip_7cea96f9b455_00130_leg_005,trip_7cea96f9b455_00130,5,2026-03-17T17:40:00,2026-03-17T18:00:00,regional_train,Bonn Hbf,Köln Hbf,20.0,20,True,single_ticket,Return train to Cologne.
trip_7cea96f9b455_00130_leg_006,trip_7cea96f9b455_00130,6,2026-03-17T18:00:00,2026-03-17T18:10:00,bike,Köln Hbf,Home,0.8,10,False,none,Bike home.
trip_7cea96f9b455_00131_leg_001,trip_7cea96f9b455_00131,1,2026-03-18T07:40:00,2026-03-18T07:50:00,walking,Home,Köln Hbf,0.8,10,False,none,Walk to Cologne main station.
trip_7cea96f9b455_00131_leg_002,trip_7cea96f9b455_00131,2,2026-03-18T07:55:00,2026-03-18T08:25:00,regional_train,Köln Hbf,Düsseldorf Hbf,40.0,30,True,single_ticket,Regional train to Düsseldorf.
trip_7cea96f9b455_00131_leg_003,trip_7cea96f9b455_00131,3,2026-03-18T08:25:00,2026-03-18T08:32:00,bike,Düsseldorf Hbf,Client office,2.0,7,False,none,Bike the final stretch to the office.
trip_7cea96f9b455_00132_leg_001,trip_7cea96f9b455_00132,1,2026-03-18T17:40:00,2026-03-18T17:47:00,bike,Client office,Düsseldorf Hbf,2.0,7,False,none,Bike to the station.
trip_7cea96f9b455_00132_leg_002,trip_7cea96f9b455_00132,2,2026-03-18T17:50:00,2026-03-18T18:20:00,regional_train,Düsseldorf Hbf,Köln Hbf,40.0,30,True,single_ticket,Regional train back to Cologne.
trip_7cea96f9b455_00132_leg_003,trip_7cea96f9b455_00132,3,2026-03-18T18:20:00,2026-03-18T18:30:00,walking,Köln Hbf,Home,0.8,10,False,none,Walk home from the station.
trip_7cea96f9b455_00133_leg_001,trip_7cea96f9b455_00133,1,2026-03-19T19:00:00,2026-03-19T19:10:00,bike,Heinrich‑Heine‑Allee 12,Kölner Brauhaus Altstadt,2.0,10,False,none,Bike to restaurant.
trip_7cea96f9b455_00134_leg_001,trip_7cea96f9b455_00134,1,2026-03-19T21:30:00,2026-03-19T21:40:00,bike,Kölner Brauhaus Altstadt,Heinrich‑Heine‑Allee 12,2.0,10,False,none,Bike back home.
trip_7cea96f9b455_00135_leg_001,trip_7cea96f9b455_00135,1,2026-03-20T10:00:00,2026-03-20T10:05:00,walking,Heinrich‑Heine‑Allee 12,Köln Hbf,0.5,5,False,none,Walk to Cologne station.
trip_7cea96f9b455_00135_leg_002,trip_7cea96f9b455_00135,2,2026-03-20T10:10:00,2026-03-20T10:40:00,regional_train,Köln Hbf,Bonn Hbf,25.0,30,True,single_ticket,Regional train to Bonn.
trip_7cea96f9b455_00135_leg_003,trip_7cea96f9b455_00135,3,2026-03-20T10:45:00,2026-03-20T11:00:00,bike,Bonn Hbf,Bonn Family Home,5.0,15,False,none,Bike from station to family home.
trip_7cea96f9b455_00136_leg_001,trip_7cea96f9b455_00136,1,2026-03-20T18:00:00,2026-03-20T18:15:00,bike,Bonn Family Home,Bonn Hbf,5.0,15,False,none,Bike to Bonn station.
trip_7cea96f9b455_00136_leg_002,trip_7cea96f9b455_00136,2,2026-03-20T18:20:00,2026-03-20T18:50:00,regional_train,Bonn Hbf,Köln Hbf,25.0,30,True,single_ticket,Regional train back to Cologne.
trip_7cea96f9b455_00136_leg_003,trip_7cea96f9b455_00136,3,2026-03-20T18:55:00,2026-03-20T19:00:00,walking,Köln Hbf,Heinrich‑Heine‑Allee 12,0.5,5,False,none,Walk home.
trip_7cea96f9b455_00137_leg_001,trip_7cea96f9b455_00137,1,2026-03-21T07:30:00,2026-03-21T07:35:00,walking,Heinrich‑Heine‑Allee 12,Köln Hbf,0.5,5,False,none,Walk from home to Cologne main station.
trip_7cea96f9b455_00137_leg_002,trip_7cea96f9b455_00137,2,2026-03-21T07:40:00,2026-03-21T08:10:00,regional_train,Köln Hbf,Düsseldorf Hbf,35.0,30,True,single_ticket,Regional train to Düsseldorf.
trip_7cea96f9b455_00137_leg_003,trip_7cea96f9b455_00137,3,2026-03-21T08:15:00,2026-03-21T08:30:00,bike,Düsseldorf Hbf,Düsseldorf Tech Hub,5.0,15,False,none,Bike from station to office.
trip_7cea96f9b455_00138_leg_001,trip_7cea96f9b455_00138,1,2026-03-21T17:30:00,2026-03-21T17:45:00,bike,Düsseldorf Tech Hub,Düsseldorf Hbf,5.0,15,False,none,Bike from office to Düsseldorf station.
trip_7cea96f9b455_00138_leg_002,trip_7cea96f9b455_00138,2,2026-03-21T17:50:00,2026-03-21T18:20:00,regional_train,Düsseldorf Hbf,Köln Hbf,35.0,30,True,single_ticket,Regional train back to Cologne.
trip_7cea96f9b455_00138_leg_003,trip_7cea96f9b455_00138,3,2026-03-21T18:25:00,2026-03-21T18:30:00,walking,Köln Hbf,Heinrich‑Heine‑Allee 12,0.5,5,False,none,Walk from station to home.
trip_7cea96f9b455_00139_leg_001,trip_7cea96f9b455_00139,1,2026-03-22T18:30:00,2026-03-22T18:45:00,bike,Heinrich‑Heine‑Allee 12,FitX Cologne,2.0,15,False,none,Bike to gym.
trip_7cea96f9b455_00140_leg_001,trip_7cea96f9b455_00140,1,2026-03-22T20:30:00,2026-03-22T20:45:00,bike,FitX Cologne,Heinrich‑Heine‑Allee 12,2.0,15,False,none,Bike back home.
trip_7cea96f9b455_00141_leg_001,trip_7cea96f9b455_00141,1,2026-03-23T07:35:00,2026-03-23T07:40:00,walking,Heinrich‑Heine‑Allee 12,Köln Hbf,0.5,5,False,none,Walk to Cologne station.
trip_7cea96f9b455_00141_leg_002,trip_7cea96f9b455_00141,2,2026-03-23T07:45:00,2026-03-23T08:15:00,regional_train,Köln Hbf,Düsseldorf Hbf,35.0,30,True,single_ticket,Regional train to Düsseldorf.
trip_7cea96f9b455_00141_leg_003,trip_7cea96f9b455_00141,3,2026-03-23T08:20:00,2026-03-23T08:35:00,bike,Düsseldorf Hbf,Düsseldorf Tech Hub,5.0,15,False,none,Bike the last kilometre to the office.
trip_7cea96f9b455_00142_leg_001,trip_7cea96f9b455_00142,1,2026-03-23T17:45:00,2026-03-23T18:00:00,bike,Düsseldorf Tech Hub,Düsseldorf Hbf,5.0,15,False,none,Bike to Düsseldorf station.
trip_7cea96f9b455_00142_leg_002,trip_7cea96f9b455_00142,2,2026-03-23T18:05:00,2026-03-23T18:35:00,regional_train,Düsseldorf Hbf,Köln Hbf,35.0,30,True,single_ticket,Regional train back to Cologne.
trip_7cea96f9b455_00142_leg_003,trip_7cea96f9b455_00142,3,2026-03-23T18:40:00,2026-03-23T18:45:00,walking,Köln Hbf,Heinrich‑Heine‑Allee 12,0.5,5,False,none,Walk home.
trip_7cea96f9b455_00143_leg_001,trip_7cea96f9b455_00143,1,2026-03-25T07:40:00,2026-03-25T07:45:00,walking,Heinrich‑Heine‑Allee 12,Köln Hbf,0.5,5,False,none,Walk to Cologne station.
trip_7cea96f9b455_00143_leg_002,trip_7cea96f9b455_00143,2,2026-03-25T07:50:00,2026-03-25T08:20:00,regional_train,Köln Hbf,Düsseldorf Hbf,35.0,30,True,single_ticket,Regional train to Düsseldorf.
trip_7cea96f9b455_00143_leg_003,trip_7cea96f9b455_00143,3,2026-03-25T08:25:00,2026-03-25T08:40:00,bike,Düsseldorf Hbf,Düsseldorf Tech Hub,5.0,15,False,none,Bike from station to office.
trip_7cea96f9b455_00144_leg_001,trip_7cea96f9b455_00144,1,2026-03-25T17:50:00,2026-03-25T18:05:00,bike,Düsseldorf Tech Hub,Düsseldorf Hbf,5.0,15,False,none,Bike to Düsseldorf station.
trip_7cea96f9b455_00144_leg_002,trip_7cea96f9b455_00144,2,2026-03-25T18:10:00,2026-03-25T18:40:00,regional_train,Düsseldorf Hbf,Köln Hbf,35.0,30,True,single_ticket,Regional train back to Cologne.
trip_7cea96f9b455_00144_leg_003,trip_7cea96f9b455_00144,3,2026-03-25T18:45:00,2026-03-25T18:50:00,walking,Köln Hbf,Heinrich‑Heine‑Allee 12,0.5,5,False,none,Walk home.
trip_7cea96f9b455_00145_leg_001,trip_7cea96f9b455_00145,1,2026-03-27T07:30:00,2026-03-27T07:35:00,walking,"Heidestraße, Cologne",Köln Hbf,0.4,5,False,none,Walk from home to Cologne main train station.
trip_7cea96f9b455_00145_leg_002,trip_7cea96f9b455_00145,2,2026-03-27T07:35:00,2026-03-27T08:20:00,regional_train,Köln Hbf,Düsseldorf Hbf,40.0,45,True,single_ticket,Regional train Cologne → Düsseldorf (single ticket).
trip_7cea96f9b455_00145_leg_003,trip_7cea96f9b455_00145,3,2026-03-27T08:20:00,2026-03-27T08:30:00,bike,Düsseldorf Hbf,Düsseldorf Office,5.0,10,False,none,Bike the last kilometre to the office.
trip_7cea96f9b455_00146_leg_001,trip_7cea96f9b455_00146,1,2026-03-27T17:30:00,2026-03-27T17:40:00,bike,Düsseldorf Office,Düsseldorf Hbf,5.0,10,False,none,Bike to Düsseldorf main station.
trip_7cea96f9b455_00146_leg_002,trip_7cea96f9b455_00146,2,2026-03-27T17:40:00,2026-03-27T18:25:00,regional_train,Düsseldorf Hbf,Köln Hbf,40.0,45,True,single_ticket,Regional train Düsseldorf → Cologne (single ticket).
trip_7cea96f9b455_00146_leg_003,trip_7cea96f9b455_00146,3,2026-03-27T18:25:00,2026-03-27T18:30:00,walking,Köln Hbf,"Heidestraße, Cologne",0.4,5,False,none,Walk home from Cologne station.
trip_7cea96f9b455_00147_leg_001,trip_7cea96f9b455_00147,1,2026-03-30T07:35:00,2026-03-30T07:40:00,walking,"Heidestraße, Cologne",Köln Hbf,0.4,5,False,none,Walk to Cologne main station.
trip_7cea96f9b455_00147_leg_002,trip_7cea96f9b455_00147,2,2026-03-30T07:40:00,2026-03-30T08:25:00,regional_train,Köln Hbf,Düsseldorf Hbf,40.0,45,True,single_ticket,Regional train Cologne → Düsseldorf.
trip_7cea96f9b455_00147_leg_003,trip_7cea96f9b455_00147,3,2026-03-30T08:25:00,2026-03-30T08:35:00,bike,Düsseldorf Hbf,Düsseldorf Office,5.0,10,False,none,Bike the last kilometre to the office.
trip_7cea96f9b455_00148_leg_001,trip_7cea96f9b455_00148,1,2026-03-30T17:35:00,2026-03-30T17:45:00,bike,Düsseldorf Office,Düsseldorf Hbf,5.0,10,False,none,Bike to Düsseldorf station.
trip_7cea96f9b455_00148_leg_002,trip_7cea96f9b455_00148,2,2026-03-30T17:45:00,2026-03-30T18:30:00,regional_train,Düsseldorf Hbf,Köln Hbf,40.0,45,True,single_ticket,Regional train Düsseldorf → Cologne.
trip_7cea96f9b455_00148_leg_003,trip_7cea96f9b455_00148,3,2026-03-30T18:30:00,2026-03-30T18:35:00,walking,Köln Hbf,"Heidestraße, Cologne",0.4,5,False,none,Walk home from Cologne station.
trip_7cea96f9b455_00149_leg_001,trip_7cea96f9b455_00149,1,2026-04-01T07:40:00,2026-04-01T07:45:00,walking,"Heidestraße, Cologne",Köln Hbf,0.4,5,False,none,Walk to Cologne main station.
trip_7cea96f9b455_00149_leg_002,trip_7cea96f9b455_00149,2,2026-04-01T07:45:00,2026-04-01T08:30:00,regional_train,Köln Hbf,Düsseldorf Hbf,40.0,45,True,single_ticket,Regional train Cologne → Düsseldorf.
trip_7cea96f9b455_00149_leg_003,trip_7cea96f9b455_00149,3,2026-04-01T08:30:00,2026-04-01T08:40:00,bike,Düsseldorf Hbf,Düsseldorf Office,5.0,10,False,none,Bike the final segment to the office.
trip_7cea96f9b455_00150_leg_001,trip_7cea96f9b455_00150,1,2026-04-01T17:40:00,2026-04-01T17:50:00,bike,Düsseldorf Office,Düsseldorf Hbf,5.0,10,False,none,Bike to Düsseldorf station.
trip_7cea96f9b455_00150_leg_002,trip_7cea96f9b455_00150,2,2026-04-01T17:50:00,2026-04-01T18:35:00,regional_train,Düsseldorf Hbf,Köln Hbf,40.0,45,True,single_ticket,Regional train Düsseldorf → Cologne.
trip_7cea96f9b455_00150_leg_003,trip_7cea96f9b455_00150,3,2026-04-01T18:35:00,2026-04-01T18:40:00,walking,Köln Hbf,"Heidestraße, Cologne",0.4,5,False,none,Walk home from Cologne station.
trip_93d205fa4aa8_00001_leg_001,trip_93d205fa4aa8_00001,1,2026-01-01T09:00:00,2026-01-01T09:05:00,walking,Home - Altona,Hamburg Hauptbahnhof,0.3,5,False,none,Walk to the main train station.
trip_93d205fa4aa8_00001_leg_002,trip_93d205fa4aa8_00001,2,2026-01-01T09:05:00,2026-01-01T10:35:00,regional_train,Hamburg Hauptbahnhof,Lüneburg Bahnhof,50.0,90,True,monthly_pass,Regional train to Lüneburg.
trip_93d205fa4aa8_00001_leg_003,trip_93d205fa4aa8_00001,3,2026-01-01T10:35:00,2026-01-01T10:40:00,walking,Lüneburg Bahnhof,Friend's apartment,0.2,5,False,none,Short walk to friend's place.
trip_93d205fa4aa8_00002_leg_001,trip_93d205fa4aa8_00002,1,2026-01-01T15:00:00,2026-01-01T15:05:00,walking,Friend's apartment,Lüneburg Bahnhof,0.2,5,False,none,Walk to the Lüneburg train station.
trip_93d205fa4aa8_00002_leg_002,trip_93d205fa4aa8_00002,2,2026-01-01T15:05:00,2026-01-01T16:35:00,regional_train,Lüneburg Bahnhof,Hamburg Hauptbahnhof,50.0,90,True,monthly_pass,Regional train back to Hamburg.
trip_93d205fa4aa8_00002_leg_003,trip_93d205fa4aa8_00002,3,2026-01-01T16:35:00,2026-01-01T16:40:00,walking,Hamburg Hauptbahnhof,Home - Altona,0.3,5,False,none,Walk home from the station.
trip_93d205fa4aa8_00003_leg_001,trip_93d205fa4aa8_00003,1,2026-01-02T10:30:00,2026-01-02T10:45:00,shared_bike,Home - Altona,Café Elbgold dock,3.0,15,False,none,Pick up a shared bike and ride to the café.
trip_93d205fa4aa8_00003_leg_002,trip_93d205fa4aa8_00003,2,2026-01-02T10:45:00,2026-01-02T10:47:00,walking,Café Elbgold dock,Café Elbgold,0.1,2,False,none,Short walk into the café.
trip_93d205fa4aa8_00004_leg_001,trip_93d205fa4aa8_00004,1,2026-01-02T12:30:00,2026-01-02T12:32:00,walking,Café Elbgold,Café Elbgold dock,0.1,2,False,none,Walk back to the bike dock.
trip_93d205fa4aa8_00004_leg_002,trip_93d205fa4aa8_00004,2,2026-01-02T12:32:00,2026-01-02T12:47:00,shared_bike,Café Elbgold dock,Home - Altona,3.0,15,False,none,Ride back home on the shared bike.
trip_93d205fa4aa8_00005_leg_001,trip_93d205fa4aa8_00005,1,2026-01-03T07:45:00,2026-01-03T07:50:00,walking,Home entrance,Altona Station,0.4,5,False,none,Walk to the U‑Bahn station.
trip_93d205fa4aa8_00005_leg_002,trip_93d205fa4aa8_00005,2,2026-01-03T07:50:00,2026-01-03T08:05:00,subway,Altona Station,Jungfernstieg,5.0,15,True,monthly_pass,U3 towards city centre.
trip_93d205fa4aa8_00005_leg_003,trip_93d205fa4aa8_00005,3,2026-01-03T08:05:00,2026-01-03T08:07:00,walking,Jungfernstieg,Bike dock,0.2,2,False,none,Short walk to the shared bike dock.
trip_93d205fa4aa8_00005_leg_004,trip_93d205fa4aa8_00005,4,2026-01-03T08:07:00,2026-01-03T08:15:00,bike,Bike dock,Tech Company - HafenCity,2.0,8,False,none,Bike the last kilometre to the office.
trip_93d205fa4aa8_00006_leg_001,trip_93d205fa4aa8_00006,1,2026-01-03T17:30:00,2026-01-03T17:38:00,bike,Tech Company - HafenCity,Jungfernstieg,2.0,8,False,none,Bike to the nearest subway station.
trip_93d205fa4aa8_00006_leg_002,trip_93d205fa4aa8_00006,2,2026-01-03T17:38:00,2026-01-03T17:40:00,walking,Jungfernstieg,U‑Bahn platform,0.2,2,False,none,Walk to the platform.
trip_93d205fa4aa8_00006_leg_003,trip_93d205fa4aa8_00006,3,2026-01-03T17:40:00,2026-01-03T17:55:00,subway,U‑Bahn platform,Altona Station,5.0,15,True,monthly_pass,U3 back towards Altona.
trip_93d205fa4aa8_00006_leg_004,trip_93d205fa4aa8_00006,4,2026-01-03T17:55:00,2026-01-03T18:00:00,walking,Altona Station,Home - Altona,0.4,5,False,none,Final walk home.
trip_93d205fa4aa8_00007_leg_001,trip_93d205fa4aa8_00007,1,2026-01-03T18:15:00,2026-01-03T18:23:00,bike,Tech Company - HafenCity,Tram stop St. Pauli,2.0,8,False,none,Bike to the nearest tram stop.
trip_93d205fa4aa8_00007_leg_002,trip_93d205fa4aa8_00007,2,2026-01-03T18:23:00,2026-01-03T18:25:00,walking,Tram stop St. Pauli,Tram platform,0.2,2,False,none,Short walk to board the tram.
trip_93d205fa4aa8_00007_leg_003,trip_93d205fa4aa8_00007,3,2026-01-03T18:25:00,2026-01-03T18:40:00,tram,Tram platform,FitX Gym stop,3.0,15,True,monthly_pass,Tram line 16 to the gym area.
trip_93d205fa4aa8_00007_leg_004,trip_93d205fa4aa8_00007,4,2026-01-03T18:40:00,2026-01-03T18:45:00,walking,FitX Gym stop,FitX Gym - St. Pauli,0.2,5,False,none,Final walk into the gym.
trip_93d205fa4aa8_00008_leg_001,trip_93d205fa4aa8_00008,1,2026-01-03T19:10:00,2026-01-03T19:15:00,walking,FitX Gym - St. Pauli,Tram stop FitX Gym,0.2,5,False,none,Walk to tram stop.
trip_93d205fa4aa8_00008_leg_002,trip_93d205fa4aa8_00008,2,2026-01-03T19:15:00,2026-01-03T19:30:00,tram,Tram stop FitX Gym,Altona Tram stop,3.0,15,True,monthly_pass,Tram back towards Altona.
trip_93d205fa4aa8_00008_leg_003,trip_93d205fa4aa8_00008,3,2026-01-03T19:30:00,2026-01-03T19:38:00,bike,Altona Tram stop,Home - Altona,2.0,8,False,none,Bike the last kilometre home.
trip_93d205fa4aa8_00009_leg_001,trip_93d205fa4aa8_00009,1,2026-01-06T08:00:00,2026-01-06T08:05:00,walking,Home entrance,Altona Station,0.4,5,False,none,Walk to the U‑Bahn.
trip_93d205fa4aa8_00009_leg_002,trip_93d205fa4aa8_00009,2,2026-01-06T08:05:00,2026-01-06T08:20:00,subway,Altona Station,Jungfernstieg,5.0,15,True,monthly_pass,U3 towards city centre.
trip_93d205fa4aa8_00009_leg_003,trip_93d205fa4aa8_00009,3,2026-01-06T08:20:00,2026-01-06T08:22:00,walking,Jungfernstieg,Bike dock,0.2,2,False,none,Walk to bike dock.
trip_93d205fa4aa8_00009_leg_004,trip_93d205fa4aa8_00009,4,2026-01-06T08:22:00,2026-01-06T08:30:00,bike,Bike dock,Tech Company - HafenCity,2.0,8,False,none,Bike the final stretch.
trip_93d205fa4aa8_00010_leg_001,trip_93d205fa4aa8_00010,1,2026-01-06T17:20:00,2026-01-06T17:28:00,bike,Tech Company - HafenCity,Jungfernstieg,2.0,8,False,none,Bike to subway station.
trip_93d205fa4aa8_00010_leg_002,trip_93d205fa4aa8_00010,2,2026-01-06T17:28:00,2026-01-06T17:30:00,walking,Jungfernstieg,U‑Bahn platform,0.2,2,False,none,Short walk to platform.
trip_93d205fa4aa8_00010_leg_003,trip_93d205fa4aa8_00010,3,2026-01-06T17:30:00,2026-01-06T17:45:00,subway,U‑Bahn platform,Altona Station,5.0,15,True,monthly_pass,U3 towards Altona.
trip_93d205fa4aa8_00010_leg_004,trip_93d205fa4aa8_00010,4,2026-01-06T17:45:00,2026-01-06T17:50:00,walking,Altona Station,Home - Altona,0.4,5,False,none,Final walk home.
trip_93d205fa4aa8_00011_leg_001,trip_93d205fa4aa8_00011,1,2026-01-06T18:00:00,2026-01-06T18:08:00,bike,Tech Company - HafenCity,Tram stop St. Pauli,2.0,8,False,none,Bike to tram stop.
trip_93d205fa4aa8_00011_leg_002,trip_93d205fa4aa8_00011,2,2026-01-06T18:08:00,2026-01-06T18:20:00,tram,Tram stop St. Pauli,Altes Mädchen stop,3.0,12,True,monthly_pass,Tram line 16 to restaurant area.
trip_93d205fa4aa8_00011_leg_003,trip_93d205fa4aa8_00011,3,2026-01-06T18:20:00,2026-01-06T18:25:00,walking,Altes Mädchen stop,Altes Mädchen - St. Pauli,0.2,5,False,none,Short walk into the restaurant.
trip_93d205fa4aa8_00012_leg_001,trip_93d205fa4aa8_00012,1,2026-01-06T20:00:00,2026-01-06T20:05:00,walking,Altes Mädchen - St. Pauli,Tram stop Altes Mädchen,0.2,5,False,none,Walk to tram stop.
trip_93d205fa4aa8_00012_leg_002,trip_93d205fa4aa8_00012,2,2026-01-06T20:05:00,2026-01-06T20:17:00,tram,Tram stop Altes Mädchen,Altona Tram stop,3.0,12,True,monthly_pass,Tram back towards Altona.
trip_93d205fa4aa8_00012_leg_003,trip_93d205fa4aa8_00012,3,2026-01-06T20:17:00,2026-01-06T20:25:00,bike,Altona Tram stop,Home - Altona,2.0,8,False,none,Bike the final kilometre home.
trip_93d205fa4aa8_00013_leg_001,trip_93d205fa4aa8_00013,1,2026-01-08T10:00:00,2026-01-08T10:03:00,walking,Home,Bike Dock C,0.2,3,False,none,Walk to shared‑bike dock.
trip_93d205fa4aa8_00013_leg_002,trip_93d205fa4aa8_00013,2,2026-01-08T10:03:00,2026-01-08T10:08:00,shared_bike,Bike Dock C,Bike Dock D,1.5,5,False,none,Ride shared bike towards St. Georg.
trip_93d205fa4aa8_00013_leg_003,trip_93d205fa4aa8_00013,3,2026-01-08T10:08:00,2026-01-08T10:12:00,walking,Bike Dock D,Supermarket,0.1,2,False,none,Final walk to the store.
trip_93d205fa4aa8_00014_leg_001,trip_93d205fa4aa8_00014,1,2026-01-09T18:30:00,2026-01-09T18:42:00,bike,Home,FitX Gym,3.0,12,False,none,Bike directly to the gym.
trip_93d205fa4aa8_00015_leg_001,trip_93d205fa4aa8_00015,1,2026-01-10T09:00:00,2026-01-10T09:07:00,walking,Home,Hamburg Hauptbahnhof,0.5,7,False,none,Walk to main station.
trip_93d205fa4aa8_00015_leg_002,trip_93d205fa4aa8_00015,2,2026-01-10T09:07:00,2026-01-10T09:42:00,regional_train,Hamburg Hauptbahnhof,Lüneburg Hbf,45.0,35,True,day_ticket,Regional train to Lüneburg.
trip_93d205fa4aa8_00015_leg_003,trip_93d205fa4aa8_00015,3,2026-01-10T09:42:00,2026-01-10T09:50:00,walking,Lüneburg Hbf,Friend's Apartment,0.6,8,False,none,Walk to friend's place.
trip_93d205fa4aa8_00015_leg_004,trip_93d205fa4aa8_00015,4,2026-01-10T11:30:00,2026-01-10T11:38:00,walking,Friend's Apartment,Lüneburg Hbf,0.6,8,False,none,Return walk to station.
trip_93d205fa4aa8_00015_leg_005,trip_93d205fa4aa8_00015,5,2026-01-10T11:38:00,2026-01-10T12:13:00,regional_train,Lüneburg Hbf,Hamburg Hauptbahnhof,45.0,35,True,day_ticket,Train back to Hamburg.
trip_93d205fa4aa8_00015_leg_006,trip_93d205fa4aa8_00015,6,2026-01-10T12:13:00,2026-01-10T12:20:00,walking,Hamburg Hauptbahnhof,Home,0.5,7,False,none,Walk home.
trip_93d205fa4aa8_00016_leg_001,trip_93d205fa4aa8_00016,1,2026-01-10T14:00:00,2026-01-10T14:15:00,bike,Home,Stadtpark,4.0,15,False,none,Bike to the park.
trip_93d205fa4aa8_00017_leg_001,trip_93d205fa4aa8_00017,1,2026-01-11T16:00:00,2026-01-11T16:05:00,walking,Home,Tram Stop C,0.4,5,False,none,Walk to tram stop.
trip_93d205fa4aa8_00017_leg_002,trip_93d205fa4aa8_00017,2,2026-01-11T16:05:00,2026-01-11T16:14:00,tram,Tram Stop C,Tram Stop D (St. Pauli),2.5,9,True,monthly_pass,Tram line 3 towards St. Pauli.
trip_93d205fa4aa8_00017_leg_003,trip_93d205fa4aa8_00017,3,2026-01-11T16:14:00,2026-01-11T16:17:00,walking,Tram Stop D,CineStar,0.2,3,False,none,Short walk to cinema.
trip_93d205fa4aa8_00017_leg_004,trip_93d205fa4aa8_00017,4,2026-01-11T17:45:00,2026-01-11T17:48:00,walking,CineStar,Tram Stop D,0.2,3,False,none,Walk back to tram stop after film.
trip_93d205fa4aa8_00017_leg_005,trip_93d205fa4aa8_00017,5,2026-01-11T17:48:00,2026-01-11T17:57:00,tram,Tram Stop D,Tram Stop C,2.5,9,True,monthly_pass,Tram back to home area.
trip_93d205fa4aa8_00017_leg_006,trip_93d205fa4aa8_00017,6,2026-01-11T17:57:00,2026-01-11T18:02:00,walking,Tram Stop C,Home,0.4,5,False,none,Final walk home.
trip_93d205fa4aa8_00018_leg_001,trip_93d205fa4aa8_00018,1,2026-01-12T07:30:00,2026-01-12T07:37:00,walking,Home,Hamburg Hauptbahnhof,0.5,7,False,none,Walk to main train station.
trip_93d205fa4aa8_00018_leg_002,trip_93d205fa4aa8_00018,2,2026-01-12T07:37:00,2026-01-12T07:49:00,subway,Hamburg Hauptbahnhof,Altona Station,5.0,12,True,monthly_pass,U3 subway to Altona.
trip_93d205fa4aa8_00018_leg_003,trip_93d205fa4aa8_00018,3,2026-01-12T07:49:00,2026-01-12T08:00:00,bike,Altona Station,Tech Company Office,1.2,5,False,none,Bike the last kilometre to the office.
trip_93d205fa4aa8_00019_leg_001,trip_93d205fa4aa8_00019,1,2026-01-12T17:30:00,2026-01-12T17:35:00,bike,Tech Company Office,Altona Station,1.2,5,False,none,Bike to the subway station.
trip_93d205fa4aa8_00019_leg_002,trip_93d205fa4aa8_00019,2,2026-01-12T17:35:00,2026-01-12T17:47:00,subway,Altona Station,Hamburg Hauptbahnhof,5.0,12,True,monthly_pass,U3 back to main station.
trip_93d205fa4aa8_00019_leg_003,trip_93d205fa4aa8_00019,3,2026-01-12T17:47:00,2026-01-12T18:00:00,walking,Hamburg Hauptbahnhof,Home,0.5,7,False,none,Walk home.
trip_93d205fa4aa8_00020_leg_001,trip_93d205fa4aa8_00020,1,2026-01-12T19:00:00,2026-01-12T19:12:00,bike,Home,FitX Gym,3.0,12,False,none,Bike directly to the gym.
trip_93d205fa4aa8_00021_leg_001,trip_93d205fa4aa8_00021,1,2026-01-13T15:00:00,2026-01-13T15:04:00,walking,Home,Bike Dock A,0.3,4,False,none,Walk to shared‑bike dock.
trip_93d205fa4aa8_00021_leg_002,trip_93d205fa4aa8_00021,2,2026-01-13T15:04:00,2026-01-13T15:11:00,shared_bike,Bike Dock A,Bike Dock B,2.0,7,False,none,Ride shared bike towards HafenCity.
trip_93d205fa4aa8_00021_leg_003,trip_93d205fa4aa8_00021,3,2026-01-13T15:11:00,2026-01-13T15:14:00,walking,Bike Dock B,Café Elbgold,0.2,3,False,none,Final walk to the café.
trip_93d205fa4aa8_00022_leg_001,trip_93d205fa4aa8_00022,1,2026-01-14T07:45:00,2026-01-14T07:52:00,walking,Home,Hamburg Hauptbahnhof,0.5,7,False,none,Walk to main station.
trip_93d205fa4aa8_00022_leg_002,trip_93d205fa4aa8_00022,2,2026-01-14T07:52:00,2026-01-14T08:04:00,subway,Hamburg Hauptbahnhof,Altona Station,5.0,12,True,monthly_pass,U3 to Altona.
trip_93d205fa4aa8_00022_leg_003,trip_93d205fa4aa8_00022,3,2026-01-14T08:04:00,2026-01-14T08:15:00,bike,Altona Station,Tech Company Office,1.2,5,False,none,Bike the last kilometre.
trip_93d205fa4aa8_00023_leg_001,trip_93d205fa4aa8_00023,1,2026-01-14T17:45:00,2026-01-14T17:50:00,bike,Tech Company Office,Altona Station,1.2,5,False,none,Bike to the subway.
trip_93d205fa4aa8_00023_leg_002,trip_93d205fa4aa8_00023,2,2026-01-14T17:50:00,2026-01-14T18:02:00,subway,Altona Station,Hamburg Hauptbahnhof,5.0,12,True,monthly_pass,U3 back to main station.
trip_93d205fa4aa8_00023_leg_003,trip_93d205fa4aa8_00023,3,2026-01-14T18:02:00,2026-01-14T18:15:00,walking,Hamburg Hauptbahnhof,Home,0.5,7,False,none,Walk home.
trip_93d205fa4aa8_00024_leg_001,trip_93d205fa4aa8_00024,1,2026-01-14T19:30:00,2026-01-14T19:35:00,walking,Home,Tram Stop A,0.4,5,False,none,Walk to tram stop.
trip_93d205fa4aa8_00024_leg_002,trip_93d205fa4aa8_00024,2,2026-01-14T19:35:00,2026-01-14T19:45:00,tram,Tram Stop A,Tram Stop B (HafenCity),3.0,10,True,monthly_pass,Tram line 6 towards HafenCity.
trip_93d205fa4aa8_00024_leg_003,trip_93d205fa4aa8_00024,3,2026-01-14T19:45:00,2026-01-14T19:48:00,walking,Tram Stop B,Restaurant Fischereihafen,0.2,3,False,none,Final short walk to the restaurant.
trip_93d205fa4aa8_00025_leg_001,trip_93d205fa4aa8_00025,1,2026-01-16T08:10:00,2026-01-16T08:15:00,walking,Home,Jungfernstieg Station,0.4,5,False,none,Walk to U‑Bahn entrance.
trip_93d205fa4aa8_00025_leg_002,trip_93d205fa4aa8_00025,2,2026-01-16T08:15:00,2026-01-16T08:20:00,subway,Jungfernstieg Station,Hauptbahnhof,1.2,5,True,monthly_pass,U1 ride to central station.
trip_93d205fa4aa8_00025_leg_003,trip_93d205fa4aa8_00025,3,2026-01-16T08:20:00,2026-01-16T08:35:00,bike,Hauptbahnhof,Office,3.0,15,False,none,Bike the last kilometre to work.
trip_93d205fa4aa8_00026_leg_001,trip_93d205fa4aa8_00026,1,2026-01-16T17:45:00,2026-01-16T18:00:00,bike,Office,Hauptbahnhof,3.0,15,False,none,Bike to central station.
trip_93d205fa4aa8_00026_leg_002,trip_93d205fa4aa8_00026,2,2026-01-16T18:00:00,2026-01-16T18:05:00,subway,Hauptbahnhof,Jungfernstieg Station,1.2,5,True,monthly_pass,U1 back to Jungfernstieg.
trip_93d205fa4aa8_00026_leg_003,trip_93d205fa4aa8_00026,3,2026-01-16T18:05:00,2026-01-16T18:10:00,walking,Jungfernstieg Station,Home,0.4,5,False,none,Walk the final block home.
trip_93d205fa4aa8_00027_leg_001,trip_93d205fa4aa8_00027,1,2026-01-16T18:20:00,2026-01-16T18:25:00,walking,Office,St. Pauli Tram Stop,0.3,5,False,none,Walk to tram stop.
trip_93d205fa4aa8_00027_leg_002,trip_93d205fa4aa8_00027,2,2026-01-16T18:25:00,2026-01-16T18:35:00,tram,St. Pauli Tram Stop,Sternschanze Tram Stop,2.0,10,True,monthly_pass,Tram line 2 towards Sternschanze.
trip_93d205fa4aa8_00027_leg_003,trip_93d205fa4aa8_00027,3,2026-01-16T18:35:00,2026-01-16T18:40:00,walking,Sternschanze Tram Stop,FitX St. Pauli,0.2,5,False,none,Short walk to the gym.
trip_93d205fa4aa8_00028_leg_001,trip_93d205fa4aa8_00028,1,2026-01-16T20:00:00,2026-01-16T20:05:00,walking,FitX St. Pauli,Sternschanze Tram Stop,0.2,5,False,none,Walk to tram stop.
trip_93d205fa4aa8_00028_leg_002,trip_93d205fa4aa8_00028,2,2026-01-16T20:05:00,2026-01-16T20:15:00,tram,Sternschanze Tram Stop,St. Pauli Tram Stop,2.0,10,True,monthly_pass,Tram line 2 back towards St. Pauli.
trip_93d205fa4aa8_00028_leg_003,trip_93d205fa4aa8_00028,3,2026-01-16T20:15:00,2026-01-16T20:30:00,bike,St. Pauli Tram Stop,Home,3.0,15,False,none,Bike home.
trip_93d205fa4aa8_00029_leg_001,trip_93d205fa4aa8_00029,1,2026-01-18T08:12:00,2026-01-18T08:17:00,walking,Home,Jungfernstieg Station,0.4,5,False,none,Walk to the U‑Bahn entrance.
trip_93d205fa4aa8_00029_leg_002,trip_93d205fa4aa8_00029,2,2026-01-18T08:17:00,2026-01-18T08:22:00,subway,Jungfernstieg Station,Hauptbahnhof,1.2,5,True,monthly_pass,U1 ride to central station.
trip_93d205fa4aa8_00029_leg_003,trip_93d205fa4aa8_00029,3,2026-01-18T08:22:00,2026-01-18T08:38:00,bike,Hauptbahnhof,Office,3.0,16,False,none,Bike the last kilometre to work.
trip_93d205fa4aa8_00030_leg_001,trip_93d205fa4aa8_00030,1,2026-01-18T17:50:00,2026-01-18T18:05:00,bike,Office,Hauptbahnhof,3.0,15,False,none,Bike to central station.
trip_93d205fa4aa8_00030_leg_002,trip_93d205fa4aa8_00030,2,2026-01-18T18:05:00,2026-01-18T18:10:00,subway,Hauptbahnhof,Jungfernstieg Station,1.2,5,True,monthly_pass,U1 back to Jungfernstieg.
trip_93d205fa4aa8_00030_leg_003,trip_93d205fa4aa8_00030,3,2026-01-18T18:10:00,2026-01-18T18:15:00,walking,Jungfernstieg Station,Home,0.4,5,False,none,Walk home.
trip_93d205fa4aa8_00031_leg_001,trip_93d205fa4aa8_00031,1,2026-01-18T18:20:00,2026-01-18T18:25:00,walking,Office,St. Pauli Tram Stop,0.3,5,False,none,Walk to tram stop.
trip_93d205fa4aa8_00031_leg_002,trip_93d205fa4aa8_00031,2,2026-01-18T18:25:00,2026-01-18T18:37:00,tram,St. Pauli Tram Stop,Dammtor Tram Stop,2.5,12,True,monthly_pass,Tram line 3 towards Dammtor.
trip_93d205fa4aa8_00031_leg_003,trip_93d205fa4aa8_00031,3,2026-01-18T18:37:00,2026-01-18T18:41:00,walking,Dammtor Tram Stop,UCI Kino Hamburg,0.3,4,False,none,Short walk to cinema.
trip_93d205fa4aa8_00032_leg_001,trip_93d205fa4aa8_00032,1,2026-01-18T21:00:00,2026-01-18T21:04:00,walking,UCI Kino Hamburg,Dammtor Tram Stop,0.3,4,False,none,Walk to tram stop.
trip_93d205fa4aa8_00032_leg_002,trip_93d205fa4aa8_00032,2,2026-01-18T21:04:00,2026-01-18T21:16:00,tram,Dammtor Tram Stop,St. Pauli Tram Stop,2.5,12,True,monthly_pass,Tram line 3 back towards St. Pauli.
trip_93d205fa4aa8_00032_leg_003,trip_93d205fa4aa8_00032,3,2026-01-18T21:16:00,2026-01-18T21:31:00,bike,St. Pauli Tram Stop,Home,3.0,15,False,none,Bike home.
trip_93d205fa4aa8_00033_leg_001,trip_93d205fa4aa8_00033,1,2026-01-20T09:00:00,2026-01-20T09:15:00,bike,Home,Hamburg Hauptbahnhof,3.0,15,False,none,Bike to main train station.
trip_93d205fa4aa8_00033_leg_002,trip_93d205fa4aa8_00033,2,2026-01-20T09:15:00,2026-01-20T09:45:00,regional_train,Hamburg Hauptbahnhof,Lüneburg Station,45.0,30,True,monthly_pass,RE1 regional train to Lüneburg.
trip_93d205fa4aa8_00033_leg_003,trip_93d205fa4aa8_00033,3,2026-01-20T09:45:00,2026-01-20T09:50:00,walking,Lüneburg Station,Friend's Apartment,0.4,5,False,none,Short walk to friend's place.
trip_93d205fa4aa8_00034_leg_001,trip_93d205fa4aa8_00034,1,2026-01-20T18:00:00,2026-01-20T18:05:00,walking,Friend's Apartment,Lüneburg Station,0.4,5,False,none,Walk to train station.
trip_93d205fa4aa8_00034_leg_002,trip_93d205fa4aa8_00034,2,2026-01-20T18:05:00,2026-01-20T18:35:00,regional_train,Lüneburg Station,Hamburg Hauptbahnhof,45.0,30,True,monthly_pass,RE1 back to Hamburg.
trip_93d205fa4aa8_00034_leg_003,trip_93d205fa4aa8_00034,3,2026-01-20T18:35:00,2026-01-20T18:50:00,bike,Hamburg Hauptbahnhof,Home,3.0,15,False,none,Bike home from the station.
trip_93d205fa4aa8_00035_leg_001,trip_93d205fa4aa8_00035,1,2026-01-21T10:00:00,2026-01-21T10:20:00,bike,Home,Planten un Blomen,6.0,20,False,none,Direct bike ride to the park.
trip_93d205fa4aa8_00036_leg_001,trip_93d205fa4aa8_00036,1,2026-01-21T12:30:00,2026-01-21T12:50:00,bike,Planten un Blomen,Home,6.0,20,False,none,Bike ride back home.
trip_93d205fa4aa8_00037_leg_001,trip_93d205fa4aa8_00037,1,2026-01-22T07:30:00,2026-01-22T07:37:00,walking,Home,Jungfernstieg Station,0.5,7,False,none,Walk to the nearest U‑Bahn station.
trip_93d205fa4aa8_00037_leg_002,trip_93d205fa4aa8_00037,2,2026-01-22T07:37:00,2026-01-22T07:42:00,subway,Jungfernstieg Station,Hauptbahnhof,2.0,5,True,monthly_pass,U1 towards Hauptbahnhof.
trip_93d205fa4aa8_00037_leg_003,trip_93d205fa4aa8_00037,3,2026-01-22T07:42:00,2026-01-22T07:46:00,walking,Hauptbahnhof,Bike Dock,0.3,4,False,none,Short walk to the bike sharing dock.
trip_93d205fa4aa8_00037_leg_004,trip_93d205fa4aa8_00037,4,2026-01-22T07:46:00,2026-01-22T07:58:00,bike,Bike Dock,Office,5.0,12,False,none,Bike the last kilometre to the office.
trip_93d205fa4aa8_00038_leg_001,trip_93d205fa4aa8_00038,1,2026-01-22T17:45:00,2026-01-22T17:57:00,bike,Office,Bike Dock,5.0,12,False,none,Bike to the dock near the station.
trip_93d205fa4aa8_00038_leg_002,trip_93d205fa4aa8_00038,2,2026-01-22T17:57:00,2026-01-22T18:01:00,walking,Bike Dock,Hauptbahnhof,0.3,4,False,none,Walk to the U‑Bahn platform.
trip_93d205fa4aa8_00038_leg_003,trip_93d205fa4aa8_00038,3,2026-01-22T18:01:00,2026-01-22T18:06:00,subway,Hauptbahnhof,Jungfernstieg Station,2.0,5,True,monthly_pass,U1 back towards Jungfernstieg.
trip_93d205fa4aa8_00038_leg_004,trip_93d205fa4aa8_00038,4,2026-01-22T18:06:00,2026-01-22T18:13:00,walking,Jungfernstieg Station,Home,0.5,7,False,none,Final walk home.
trip_93d205fa4aa8_00039_leg_001,trip_93d205fa4aa8_00039,1,2026-01-23T19:00:00,2026-01-23T19:04:00,walking,Home,Tram Stop St. Pauli,0.3,4,False,none,Walk to the nearest tram stop.
trip_93d205fa4aa8_00039_leg_002,trip_93d205fa4aa8_00039,2,2026-01-23T19:04:00,2026-01-23T19:16:00,tram,Tram Stop St. Pauli,FitX Gym Stop,3.0,12,True,monthly_pass,Tram line 2 to the gym area.
trip_93d205fa4aa8_00039_leg_003,trip_93d205fa4aa8_00039,3,2026-01-23T19:16:00,2026-01-23T19:19:00,walking,FitX Gym Stop,Gym Entrance,0.2,3,False,none,Short walk to the gym entrance.
trip_93d205fa4aa8_00040_leg_001,trip_93d205fa4aa8_00040,1,2026-01-24T09:00:00,2026-01-24T09:08:00,walking,Home,Hamburg Hbf,0.6,8,False,none,Walk to Hamburg Hauptbahnhof.
trip_93d205fa4aa8_00040_leg_002,trip_93d205fa4aa8_00040,2,2026-01-24T09:08:00,2026-01-24T09:53:00,regional_train,Hamburg Hbf,Lübeck Hbf,70.0,45,True,monthly_pass,Regional train to Lübeck.
trip_93d205fa4aa8_00040_leg_003,trip_93d205fa4aa8_00040,3,2026-01-24T09:53:00,2026-01-24T09:58:00,walking,Lübeck Hbf,Friend's apartment,0.4,5,False,none,Short walk to the friend's place.
trip_93d205fa4aa8_00041_leg_001,trip_93d205fa4aa8_00041,1,2026-01-24T18:30:00,2026-01-24T18:35:00,walking,Friend's apartment,Lübeck Hbf,0.5,5,False,none,Walk to Lübeck station.
trip_93d205fa4aa8_00041_leg_002,trip_93d205fa4aa8_00041,2,2026-01-24T18:35:00,2026-01-24T19:20:00,regional_train,Lübeck Hbf,Hamburg Hbf,70.0,45,True,monthly_pass,Regional train back to Hamburg.
trip_93d205fa4aa8_00041_leg_003,trip_93d205fa4aa8_00041,3,2026-01-24T19:20:00,2026-01-24T19:28:00,walking,Hamburg Hbf,Home,0.6,8,False,none,Final walk home.
trip_93d205fa4aa8_00042_leg_001,trip_93d205fa4aa8_00042,1,2026-01-25T10:15:00,2026-01-25T10:18:00,walking,Home,Shared Bike Dock,0.2,3,False,none,Walk to the shared‑bike station.
trip_93d205fa4aa8_00042_leg_002,trip_93d205fa4aa8_00042,2,2026-01-25T10:18:00,2026-01-25T10:27:00,shared_bike,Shared Bike Dock,Supermarket,2.5,9,False,none,Ride the shared bike to the supermarket.
trip_93d205fa4aa8_00042_leg_003,trip_93d205fa4aa8_00042,3,2026-01-25T10:27:00,2026-01-25T10:29:00,walking,Supermarket,Store Entrance,0.1,2,False,none,Final short walk into the store.
trip_93d205fa4aa8_00043_leg_001,trip_93d205fa4aa8_00043,1,2026-01-26T09:30:00,2026-01-26T09:40:00,bike,Home,Café Kaffeeklatsch,3.0,10,False,none,Direct bike ride to the café.
trip_93d205fa4aa8_00044_leg_001,trip_93d205fa4aa8_00044,1,2026-01-27T19:30:00,2026-01-27T19:34:00,walking,Home,Tram Stop Reeperbahn,0.3,4,False,none,Walk to the tram stop serving the Reeperbahn.
trip_93d205fa4aa8_00044_leg_002,trip_93d205fa4aa8_00044,2,2026-01-27T19:34:00,2026-01-27T19:50:00,tram,Tram Stop Reeperbahn,Bar Stop,5.0,16,True,monthly_pass,Tram to the nightlife area.
trip_93d205fa4aa8_00044_leg_003,trip_93d205fa4aa8_00044,3,2026-01-27T19:50:00,2026-01-27T19:53:00,walking,Bar Stop,Bar Entrance,0.2,3,False,none,Short walk to the bar.
trip_93d205fa4aa8_00044_leg_004,trip_93d205fa4aa8_00044,4,2026-01-27T21:20:00,2026-01-27T21:23:00,walking,Bar Entrance,Bar Stop,0.2,3,False,none,Walk back to the tram stop after the night out.
trip_93d205fa4aa8_00044_leg_005,trip_93d205fa4aa8_00044,5,2026-01-27T21:23:00,2026-01-27T21:39:00,tram,Bar Stop,Home Tram Stop,5.0,16,True,monthly_pass,Tram back towards home.
trip_93d205fa4aa8_00044_leg_006,trip_93d205fa4aa8_00044,6,2026-01-27T21:39:00,2026-01-27T21:53:00,walking,Home Tram Stop,Home,0.3,14,False,none,Final walk home.
trip_93d205fa4aa8_00045_leg_001,trip_93d205fa4aa8_00045,1,2026-01-27T19:30:00,2026-01-27T19:34:00,walking,Home,Tram Stop Reeperbahn,0.3,4,False,none,Walk to the tram stop.
trip_93d205fa4aa8_00045_leg_002,trip_93d205fa4aa8_00045,2,2026-01-27T19:34:00,2026-01-27T19:50:00,tram,Tram Stop Reeperbahn,Bar Stop,5.0,16,True,monthly_pass,Tram to the nightlife district.
trip_93d205fa4aa8_00045_leg_003,trip_93d205fa4aa8_00045,3,2026-01-27T19:50:00,2026-01-27T19:53:00,walking,Bar Stop,Bar Entrance,0.2,3,False,none,Walk to the bar.
trip_93d205fa4aa8_00045_leg_004,trip_93d205fa4aa8_00045,4,2026-01-27T21:20:00,2026-01-27T21:23:00,walking,Bar Entrance,Bar Stop,0.2,3,False,none,Walk back to the tram stop after the night.
trip_93d205fa4aa8_00045_leg_005,trip_93d205fa4aa8_00045,5,2026-01-27T21:23:00,2026-01-27T21:39:00,tram,Bar Stop,Home Tram Stop,5.0,16,True,monthly_pass,Tram back towards home.
trip_93d205fa4aa8_00045_leg_006,trip_93d205fa4aa8_00045,6,2026-01-27T21:39:00,2026-01-27T21:53:00,walking,Home Tram Stop,Home,0.3,14,False,none,Final walk home.
trip_93d205fa4aa8_00046_leg_001,trip_93d205fa4aa8_00046,1,2026-01-27T20:00:00,2026-01-27T20:04:00,walking,Home,Tram Stop Altona,0.3,4,False,none,Walk to the tram stop.
trip_93d205fa4aa8_00046_leg_002,trip_93d205fa4aa8_00046,2,2026-01-27T20:04:00,2026-01-27T20:19:00,tram,Tram Stop Altona,CinemaxX Stop,4.0,15,True,monthly_pass,Tram line 3 towards the cinema district.
trip_93d205fa4aa8_00046_leg_003,trip_93d205fa4aa8_00046,3,2026-01-27T20:19:00,2026-01-27T20:22:00,walking,CinemaxX Stop,Cinema Entrance,0.2,3,False,none,Final short walk to the cinema.
trip_93d205fa4aa8_00047_leg_001,trip_93d205fa4aa8_00047,1,2026-01-28T07:25:00,2026-01-28T07:32:00,walking,Home,Jungfernstieg Station,0.5,7,False,none,Walk to the U‑Bahn.
trip_93d205fa4aa8_00047_leg_002,trip_93d205fa4aa8_00047,2,2026-01-28T07:32:00,2026-01-28T07:37:00,subway,Jungfernstieg Station,Hauptbahnhof,2.0,5,True,monthly_pass,U1 towards the main station.
trip_93d205fa4aa8_00047_leg_003,trip_93d205fa4aa8_00047,3,2026-01-28T07:37:00,2026-01-28T07:41:00,walking,Hauptbahnhof,Bike Dock,0.3,4,False,none,Short walk to the bike dock.
trip_93d205fa4aa8_00047_leg_004,trip_93d205fa4aa8_00047,4,2026-01-28T07:41:00,2026-01-28T07:53:00,bike,Bike Dock,Office,5.0,12,False,none,Bike the last kilometre to the office.
trip_93d205fa4aa8_00048_leg_001,trip_93d205fa4aa8_00048,1,2026-01-28T18:05:00,2026-01-28T18:17:00,bike,Office,Bike Dock,5.0,12,False,none,Bike to the dock near the station.
trip_93d205fa4aa8_00048_leg_002,trip_93d205fa4aa8_00048,2,2026-01-28T18:17:00,2026-01-28T18:21:00,walking,Bike Dock,Hauptbahnhof,0.3,4,False,none,Walk to the U‑Bahn platform.
trip_93d205fa4aa8_00048_leg_003,trip_93d205fa4aa8_00048,3,2026-01-28T18:21:00,2026-01-28T18:26:00,subway,Hauptbahnhof,Jungfernstieg Station,2.0,5,True,monthly_pass,U1 back towards Jungfernstieg.
trip_93d205fa4aa8_00048_leg_004,trip_93d205fa4aa8_00048,4,2026-01-28T18:26:00,2026-01-28T18:33:00,walking,Jungfernstieg Station,Home,0.5,7,False,none,Final walk home.
trip_93d205fa4aa8_00049_leg_001,trip_93d205fa4aa8_00049,1,2026-01-29T08:00:00,2026-01-29T08:15:00,bike,Home (St. Georg),Supermarkt (Eppendorf),2.0,15,False,none,Bike ride from home to the nearby supermarket.
trip_93d205fa4aa8_00050_leg_001,trip_93d205fa4aa8_00050,1,2026-01-29T18:30:00,2026-01-29T18:38:00,walking,Home (St. Georg),St. Pauli Tram Stop,0.6,8,False,none,Walk to the nearest tram stop.
trip_93d205fa4aa8_00050_leg_002,trip_93d205fa4aa8_00050,2,2026-01-29T18:38:00,2026-01-29T19:10:00,tram,St. Pauli Tram Stop,FitX Gym Stop,7.0,32,True,monthly_pass,Tram ride to the gym area.
trip_93d205fa4aa8_00050_leg_003,trip_93d205fa4aa8_00050,3,2026-01-29T19:10:00,2026-01-29T19:15:00,walking,FitX Gym Stop,FitX Gym (St. Pauli),0.4,5,False,none,Short walk to the gym entrance.
trip_93d205fa4aa8_00051_leg_001,trip_93d205fa4aa8_00051,1,2026-01-30T08:15:00,2026-01-30T08:22:00,walking,Home (St. Georg),St. Georg U‑Bahn Station,0.5,7,False,none,Walk to the nearest U‑Bahn station.
trip_93d205fa4aa8_00051_leg_002,trip_93d205fa4aa8_00051,2,2026-01-30T08:22:00,2026-01-30T08:45:00,subway,St. Georg U‑Bahn Station,Altona Station,8.0,23,True,monthly_pass,U‑Bahn ride to Altona.
trip_93d205fa4aa8_00051_leg_003,trip_93d205fa4aa8_00051,3,2026-01-30T08:45:00,2026-01-30T08:55:00,bike,Altona Station,Tech Company Office (Altona),2.0,10,False,none,Bike the last kilometre to the office.
trip_93d205fa4aa8_00052_leg_001,trip_93d205fa4aa8_00052,1,2026-01-30T17:30:00,2026-01-30T17:40:00,bike,Tech Company Office (Altona),Altona Station,2.0,10,False,none,Bike from office to the station.
trip_93d205fa4aa8_00052_leg_002,trip_93d205fa4aa8_00052,2,2026-01-30T17:40:00,2026-01-30T18:05:00,subway,Altona Station,St. Georg U‑Bahn Station,8.0,25,True,monthly_pass,U‑Bahn back towards home.
trip_93d205fa4aa8_00052_leg_003,trip_93d205fa4aa8_00052,3,2026-01-30T18:05:00,2026-01-30T18:15:00,walking,St. Georg U‑Bahn Station,Home (St. Georg),0.8,10,False,none,Walk the final stretch home.
trip_93d205fa4aa8_00053_leg_001,trip_93d205fa4aa8_00053,1,2026-01-31T19:00:00,2026-01-31T19:07:00,walking,Home (St. Georg),Schanzenviertel Tram Stop,0.6,7,False,none,Walk to the tram stop.
trip_93d205fa4aa8_00053_leg_002,trip_93d205fa4aa8_00053,2,2026-01-31T19:07:00,2026-01-31T19:30:00,tram,Schanzenviertel Tram Stop,Altes Mädchen Tram Stop,6.0,23,True,monthly_pass,Tram ride to the restaurant area.
trip_93d205fa4aa8_00053_leg_003,trip_93d205fa4aa8_00053,3,2026-01-31T19:30:00,2026-01-31T19:35:00,walking,Altes Mädchen Tram Stop,Restaurant 'Altes Mädchen' (Schanzenviertel),0.4,5,False,none,Short walk to the restaurant.
trip_93d205fa4aa8_00054_leg_001,trip_93d205fa4aa8_00054,1,2026-02-01T08:10:00,2026-02-01T08:17:00,walking,Home (St. Georg),St. Georg U‑Bahn Station,0.5,7,False,none,Walk to the U‑Bahn.
trip_93d205fa4aa8_00054_leg_002,trip_93d205fa4aa8_00054,2,2026-02-01T08:17:00,2026-02-01T08:40:00,subway,St. Georg U‑Bahn Station,Altona Station,8.0,23,True,monthly_pass,U‑Bahn ride to Altona.
trip_93d205fa4aa8_00054_leg_003,trip_93d205fa4aa8_00054,3,2026-02-01T08:40:00,2026-02-01T08:50:00,bike,Altona Station,Tech Company Office (Altona),2.0,10,False,none,Bike the final stretch to the office.
trip_93d205fa4aa8_00055_leg_001,trip_93d205fa4aa8_00055,1,2026-02-01T18:20:00,2026-02-01T18:30:00,bike,Tech Company Office (Altona),Altona Station,2.0,10,False,none,Bike to the station.
trip_93d205fa4aa8_00055_leg_002,trip_93d205fa4aa8_00055,2,2026-02-01T18:30:00,2026-02-01T18:55:00,subway,Altona Station,St. Georg U‑Bahn Station,8.0,25,True,monthly_pass,U‑Bahn back toward home.
trip_93d205fa4aa8_00055_leg_003,trip_93d205fa4aa8_00055,3,2026-02-01T18:55:00,2026-02-01T19:05:00,walking,St. Georg U‑Bahn Station,Home (St. Georg),0.8,10,False,none,Final walk home.
trip_93d205fa4aa8_00056_leg_001,trip_93d205fa4aa8_00056,1,2026-02-02T18:45:00,2026-02-02T18:53:00,walking,Home (St. Georg),Jungfernstieg Bus Stop,0.6,8,False,none,Walk to the bus stop.
trip_93d205fa4aa8_00056_leg_002,trip_93d205fa4aa8_00056,2,2026-02-02T18:53:00,2026-02-02T19:20:00,bus,Jungfernstieg Bus Stop,UCI Kinowelt Stop,5.0,27,True,monthly_pass,Bus line 5 to the cinema area.
trip_93d205fa4aa8_00056_leg_003,trip_93d205fa4aa8_00056,3,2026-02-02T19:20:00,2026-02-02T19:25:00,walking,UCI Kinowelt Stop,UCI Kinowelt (Jungfernstieg),0.4,5,False,none,Short walk to the cinema entrance.
trip_93d205fa4aa8_00057_leg_001,trip_93d205fa4aa8_00057,1,2026-02-03T09:30:00,2026-02-03T09:45:00,walking,Home (St. Georg),Hamburg Hbf,1.2,15,False,none,Walk to Hamburg Hauptbahnhof.
trip_93d205fa4aa8_00057_leg_002,trip_93d205fa4aa8_00057,2,2026-02-03T09:45:00,2026-02-03T10:45:00,regional_train,Hamburg Hbf,Lüneburg Hbf,50.0,60,True,single_ticket,Regional train to Lüneburg.
trip_93d205fa4aa8_00057_leg_003,trip_93d205fa4aa8_00057,3,2026-02-03T10:45:00,2026-02-03T11:00:00,walking,Lüneburg Hbf,Friend's Apartment (Lüneburg),1.0,15,False,none,Walk from the station to the friend's place.
trip_93d205fa4aa8_00058_leg_001,trip_93d205fa4aa8_00058,1,2026-02-03T18:00:00,2026-02-03T18:15:00,walking,Friend's Apartment (Lüneburg),Lüneburg Hbf,1.0,15,False,none,Walk to Lüneburg station.
trip_93d205fa4aa8_00058_leg_002,trip_93d205fa4aa8_00058,2,2026-02-03T18:15:00,2026-02-03T19:15:00,regional_train,Lüneburg Hbf,Hamburg Hbf,50.0,60,True,single_ticket,Regional train back to Hamburg.
trip_93d205fa4aa8_00058_leg_003,trip_93d205fa4aa8_00058,3,2026-02-03T19:15:00,2026-02-03T19:30:00,walking,Hamburg Hbf,Home (St. Georg),1.2,15,False,none,Walk home from the station.
trip_93d205fa4aa8_00059_leg_001,trip_93d205fa4aa8_00059,1,2026-02-04T10:00:00,2026-02-04T10:30:00,bike,Home (St. Georg),Café Elbgold (HafenCity),5.0,30,False,none,Bike ride to the café.
trip_93d205fa4aa8_00060_leg_001,trip_93d205fa4aa8_00060,1,2026-02-04T19:00:00,2026-02-04T19:05:00,walking,Home (St. Georg),St. Pauli Shared Bike Dock,0.3,5,False,none,Walk to the shared bike dock.
trip_93d205fa4aa8_00060_leg_002,trip_93d205fa4aa8_00060,2,2026-02-04T19:05:00,2026-02-04T19:25:00,shared_bike,St. Pauli Shared Bike Dock,St. Pauli Meet‑up Spot,4.0,20,False,none,Ride shared bike to the meet‑up location.
trip_93d205fa4aa8_00060_leg_003,trip_93d205fa4aa8_00060,3,2026-02-04T19:25:00,2026-02-04T19:30:00,walking,St. Pauli Meet‑up Spot,Home (St. Georg),0.3,5,False,none,Walk back home after the meet‑up.
trip_93d205fa4aa8_00061_leg_001,trip_93d205fa4aa8_00061,1,2026-02-05T07:30:00,2026-02-05T07:35:00,walking,Home entrance,Steinstraße U‑Bahn station,0.3,5,False,none,Walk to the nearest U‑Bahn station.
trip_93d205fa4aa8_00061_leg_002,trip_93d205fa4aa8_00061,2,2026-02-05T07:37:00,2026-02-05T07:49:00,subway,Steinstraße station,HafenCity Universität station,5.0,12,True,monthly_pass,U‑Bahn ride to the office district.
trip_93d205fa4aa8_00061_leg_003,trip_93d205fa4aa8_00061,3,2026-02-05T07:51:00,2026-02-05T07:56:00,bike,HafenCity Universität station,Office entrance,0.9,5,False,none,Bike the last kilometre to the office.
trip_93d205fa4aa8_00062_leg_001,trip_93d205fa4aa8_00062,1,2026-02-05T17:30:00,2026-02-05T17:33:00,walking,Office entrance,Tram stop HafenCity,0.2,3,False,none,Walk to the nearest tram stop.
trip_93d205fa4aa8_00062_leg_002,trip_93d205fa4aa8_00062,2,2026-02-05T17:35:00,2026-02-05T17:43:00,tram,Tram stop HafenCity,St. Pauli tram stop,2.0,8,True,monthly_pass,Tram ride to the gym area.
trip_93d205fa4aa8_00062_leg_003,trip_93d205fa4aa8_00062,3,2026-02-05T17:44:00,2026-02-05T17:45:00,walking,St. Pauli tram stop,FitX Gym entrance,0.3,1,False,none,Final short walk to the gym.
trip_93d205fa4aa8_00063_leg_001,trip_93d205fa4aa8_00063,1,2026-02-05T19:30:00,2026-02-05T19:37:00,bike,Gym entrance,Near home bike rack,2.0,7,False,none,Bike home.
trip_93d205fa4aa8_00063_leg_002,trip_93d205fa4aa8_00063,2,2026-02-05T19:38:00,2026-02-05T19:40:00,walking,Bike rack,Home entrance,0.2,2,False,none,Short walk to the apartment.
trip_93d205fa4aa8_00064_leg_001,trip_93d205fa4aa8_00064,1,2026-02-06T10:00:00,2026-02-06T10:05:00,bike,Home entrance,Supermarket entrance,1.0,5,False,none,Bike to the supermarket.
trip_93d205fa4aa8_00065_leg_001,trip_93d205fa4aa8_00065,1,2026-02-06T11:00:00,2026-02-06T11:06:00,walking,Supermarket exit,Café Elbgold entrance,0.5,6,False,none,Short walk to the café.
trip_93d205fa4aa8_00066_leg_001,trip_93d205fa4aa8_00066,1,2026-02-06T12:30:00,2026-02-06T12:45:00,walking,Café exit,Home entrance,1.2,15,False,none,Walk back home.
trip_93d205fa4aa8_00067_leg_001,trip_93d205fa4aa8_00067,1,2026-02-07T09:00:00,2026-02-07T09:06:00,shared_bike,Home entrance,Hamburg Hbf station,2.0,6,False,none,Shared bike to the main train station.
trip_93d205fa4aa8_00067_leg_002,trip_93d205fa4aa8_00067,2,2026-02-07T09:15:00,2026-02-07T09:45:00,regional_train,Hamburg Hbf,Lüneburg Hbf,50.0,30,True,day_ticket,Regional train to Lüneburg.
trip_93d205fa4aa8_00067_leg_003,trip_93d205fa4aa8_00067,3,2026-02-07T09:50:00,2026-02-07T09:54:00,shared_bike,Lüneburg Hbf,Friend's flat,1.0,4,False,none,Shared bike for the last kilometre.
trip_93d205fa4aa8_00068_leg_001,trip_93d205fa4aa8_00068,1,2026-02-07T18:00:00,2026-02-07T18:04:00,shared_bike,Friend's flat,Lüneburg Hbf station,1.0,4,False,none,Bike to the train station.
trip_93d205fa4aa8_00068_leg_002,trip_93d205fa4aa8_00068,2,2026-02-07T18:15:00,2026-02-07T18:45:00,regional_train,Lüneburg Hbf,Hamburg Hbf,50.0,30,True,day_ticket,Regional train back to Hamburg.
trip_93d205fa4aa8_00068_leg_003,trip_93d205fa4aa8_00068,3,2026-02-07T18:48:00,2026-02-07T18:50:00,shared_bike,Hamburg Hbf,Home entrance,2.0,2,False,none,Final bike ride home.
trip_93d205fa4aa8_00069_leg_001,trip_93d205fa4aa8_00069,1,2026-02-08T14:00:00,2026-02-08T14:03:00,walking,Home entrance,Tram stop St. Pauli,0.2,3,False,none,Walk to tram stop.
trip_93d205fa4aa8_00069_leg_002,trip_93d205fa4aa8_00069,2,2026-02-08T14:05:00,2026-02-08T14:12:00,tram,Tram stop St. Pauli,Tram stop Altona,2.0,7,True,monthly_pass,Tram ride to the cinema district.
trip_93d205fa4aa8_00069_leg_003,trip_93d205fa4aa8_00069,3,2026-02-08T14:13:00,2026-02-08T14:15:00,walking,Tram stop Altona,CineStar entrance,0.3,2,False,none,Final walk to the cinema.
trip_93d205fa4aa8_00070_leg_001,trip_93d205fa4aa8_00070,1,2026-02-09T07:45:00,2026-02-09T07:50:00,walking,Home entrance,Steinstraße U‑Bahn station,0.3,5,False,none,Walk to the U‑Bahn.
trip_93d205fa4aa8_00070_leg_002,trip_93d205fa4aa8_00070,2,2026-02-09T07:52:00,2026-02-09T08:04:00,subway,Steinstraße station,HafenCity Universität station,5.0,12,True,monthly_pass,U‑Bahn ride to the office area.
trip_93d205fa4aa8_00070_leg_003,trip_93d205fa4aa8_00070,3,2026-02-09T08:06:00,2026-02-09T08:11:00,bike,HafenCity Universität station,Office entrance,0.9,5,False,none,Bike the final stretch to the office.
trip_93d205fa4aa8_00071_leg_001,trip_93d205fa4aa8_00071,1,2026-02-09T18:00:00,2026-02-09T18:02:00,walking,Office entrance,Tram stop HafenCity,0.2,2,False,none,Short walk to tram stop.
trip_93d205fa4aa8_00071_leg_002,trip_93d205fa4aa8_00071,2,2026-02-09T18:04:00,2026-02-09T18:10:00,tram,Tram stop HafenCity,Tram stop Strandhalle,2.0,6,True,monthly_pass,Tram ride to the restaurant area.
trip_93d205fa4aa8_00071_leg_003,trip_93d205fa4aa8_00071,3,2026-02-09T18:11:00,2026-02-09T18:12:00,walking,Tram stop Strandhalle,Restaurant entrance,0.3,1,False,none,Final walk to the restaurant.
trip_93d205fa4aa8_00072_leg_001,trip_93d205fa4aa8_00072,1,2026-02-09T19:30:00,2026-02-09T19:37:00,bike,Restaurant entrance,Bike rack near home,2.0,7,False,none,Bike towards home.
trip_93d205fa4aa8_00072_leg_002,trip_93d205fa4aa8_00072,2,2026-02-09T19:38:00,2026-02-09T19:40:00,walking,Bike rack,Home entrance,0.2,2,False,none,Short walk to the apartment.
trip_93d205fa4aa8_00073_leg_001,trip_93d205fa4aa8_00073,1,2026-02-12T07:45:00,2026-02-12T07:50:00,walking,Apartment entrance,St. Pauli U‑Bahn station,0.4,5,False,none,Walk to the nearest U‑Bahn station.
trip_93d205fa4aa8_00073_leg_002,trip_93d205fa4aa8_00073,2,2026-02-12T07:50:00,2026-02-12T08:02:00,subway,St. Pauli station,Jungfernstieg station,3.0,12,True,monthly_pass,U3 ride to the city centre.
trip_93d205fa4aa8_00073_leg_003,trip_93d205fa4aa8_00073,3,2026-02-12T08:02:00,2026-02-12T08:08:00,bike,Jungfernstieg station,TechCo Office,2.0,6,False,none,Bike the last kilometre to the office.
trip_93d205fa4aa8_00074_leg_001,trip_93d205fa4aa8_00074,1,2026-02-12T17:45:00,2026-02-12T17:51:00,bike,TechCo Office,Jungfernstieg station,2.0,6,False,none,Bike to the subway station.
trip_93d205fa4aa8_00074_leg_002,trip_93d205fa4aa8_00074,2,2026-02-12T17:51:00,2026-02-12T18:03:00,subway,Jungfernstieg station,St. Pauli station,3.0,12,True,monthly_pass,U3 back towards St. Pauli.
trip_93d205fa4aa8_00074_leg_003,trip_93d205fa4aa8_00074,3,2026-02-12T18:03:00,2026-02-12T18:08:00,walking,St. Pauli station,Apartment entrance,0.4,5,False,none,Walk home.
trip_93d205fa4aa8_00075_leg_001,trip_93d205fa4aa8_00075,1,2026-02-12T19:30:00,2026-02-12T19:45:00,shared_bike,Apartment entrance,Fischereihafen Restaurant,3.0,15,False,none,Ride a shared bike to the restaurant.
trip_93d205fa4aa8_00076_leg_001,trip_93d205fa4aa8_00076,1,2026-02-12T21:30:00,2026-02-12T21:37:00,walking,Fischereihafen Restaurant,Apartment entrance,0.5,7,False,none,Walk back home.
trip_93d205fa4aa8_00077_leg_001,trip_93d205fa4aa8_00077,1,2026-02-13T08:00:00,2026-02-13T08:04:00,walking,Apartment entrance,Hamburg Hbf,0.3,4,False,none,Walk to the main train station.
trip_93d205fa4aa8_00077_leg_002,trip_93d205fa4aa8_00077,2,2026-02-13T08:04:00,2026-02-13T08:14:00,public_transport,Hamburg Hbf,Jungfernstieg station,3.2,10,True,monthly_pass,S1 towards the city centre.
trip_93d205fa4aa8_00077_leg_003,trip_93d205fa4aa8_00077,3,2026-02-13T08:14:00,2026-02-13T08:20:00,bike,Jungfernstieg station,TechCo Office,2.0,6,False,none,Bike the final kilometre.
trip_93d205fa4aa8_00078_leg_001,trip_93d205fa4aa8_00078,1,2026-02-13T17:30:00,2026-02-13T17:36:00,bike,TechCo Office,Jungfernstieg station,2.0,6,False,none,Bike to the S‑Bahn station.
trip_93d205fa4aa8_00078_leg_002,trip_93d205fa4aa8_00078,2,2026-02-13T17:36:00,2026-02-13T17:46:00,public_transport,Jungfernstieg station,Hamburg Hbf,3.2,10,True,monthly_pass,S1 back to the main station.
trip_93d205fa4aa8_00078_leg_003,trip_93d205fa4aa8_00078,3,2026-02-13T17:46:00,2026-02-13T17:50:00,walking,Hamburg Hbf,Apartment entrance,0.3,4,False,none,Walk home.
trip_93d205fa4aa8_00079_leg_001,trip_93d205fa4aa8_00079,1,2026-02-14T19:00:00,2026-02-14T19:04:00,walking,Apartment entrance,Tram stop St. Pauli,0.3,4,False,none,Walk to the tram stop.
trip_93d205fa4aa8_00079_leg_002,trip_93d205fa4aa8_00079,2,2026-02-14T19:04:00,2026-02-14T19:16:00,tram,Tram stop St. Pauli,Altona tram stop,2.8,12,True,monthly_pass,Tram line 3 towards Altona.
trip_93d205fa4aa8_00079_leg_003,trip_93d205fa4aa8_00079,3,2026-02-14T19:16:00,2026-02-14T19:20:00,walking,Altona tram stop,UCI Kinowelt Altona,0.2,4,False,none,Short walk to the cinema.
trip_93d205fa4aa8_00080_leg_001,trip_93d205fa4aa8_00080,1,2026-02-14T22:00:00,2026-02-14T22:03:00,walking,UCI Kinowelt Altona,Altona tram stop,0.2,3,False,none,Walk to the tram stop.
trip_93d205fa4aa8_00080_leg_002,trip_93d205fa4aa8_00080,2,2026-02-14T22:03:00,2026-02-14T22:15:00,tram,Altona tram stop,St. Pauli tram stop,2.8,12,True,monthly_pass,Tram back towards St. Pauli.
trip_93d205fa4aa8_00080_leg_003,trip_93d205fa4aa8_00080,3,2026-02-14T22:15:00,2026-02-14T22:20:00,walking,Tram stop St. Pauli,Apartment entrance,0.3,5,False,none,Walk home.
trip_93d205fa4aa8_00081_leg_001,trip_93d205fa4aa8_00081,1,2026-02-15T07:50:00,2026-02-15T07:55:00,walking,Apartment entrance,Tram stop St. Pauli,0.4,5,False,none,Walk to the tram stop.
trip_93d205fa4aa8_00081_leg_002,trip_93d205fa4aa8_00081,2,2026-02-15T07:55:00,2026-02-15T08:05:00,tram,Tram stop St. Pauli,Jungfernstieg tram stop,2.5,10,True,monthly_pass,Tram line 3 towards the centre.
trip_93d205fa4aa8_00081_leg_003,trip_93d205fa4aa8_00081,3,2026-02-15T08:05:00,2026-02-15T08:11:00,bike,Jungfernstieg tram stop,TechCo Office,2.0,6,False,none,Bike the final kilometre.
trip_93d205fa4aa8_00082_leg_001,trip_93d205fa4aa8_00082,1,2026-02-15T18:00:00,2026-02-15T18:06:00,bike,TechCo Office,Jungfernstieg tram stop,2.0,6,False,none,Bike to the tram stop.
trip_93d205fa4aa8_00082_leg_002,trip_93d205fa4aa8_00082,2,2026-02-15T18:06:00,2026-02-15T18:16:00,tram,Jungfernstieg tram stop,St. Pauli tram stop,2.5,10,True,monthly_pass,Tram back towards St. Pauli.
trip_93d205fa4aa8_00082_leg_003,trip_93d205fa4aa8_00082,3,2026-02-15T18:16:00,2026-02-15T18:21:00,walking,Tram stop St. Pauli,Apartment entrance,0.4,5,False,none,Walk home.
trip_93d205fa4aa8_00083_leg_001,trip_93d205fa4aa8_00083,1,2026-02-16T09:00:00,2026-02-16T09:06:00,walking,Apartment entrance,Hamburg Hbf,0.5,6,False,none,Walk to the main train station.
trip_93d205fa4aa8_00083_leg_002,trip_93d205fa4aa8_00083,2,2026-02-16T09:06:00,2026-02-16T09:51:00,regional_train,Hamburg Hbf,Lüneburg Hbf,50.0,45,True,day_ticket,Regional train to Lüneburg.
trip_93d205fa4aa8_00083_leg_003,trip_93d205fa4aa8_00083,3,2026-02-16T09:51:00,2026-02-16T09:56:00,walking,Lüneburg Hbf,Friend's flat,0.4,5,False,none,Short walk to the friend's place.
trip_93d205fa4aa8_00084_leg_001,trip_93d205fa4aa8_00084,1,2026-02-17T16:00:00,2026-02-17T16:05:00,walking,Friend's flat,Lüneburg Hbf,0.4,5,False,none,Walk to Lüneburg station.
trip_93d205fa4aa8_00084_leg_002,trip_93d205fa4aa8_00084,2,2026-02-17T16:05:00,2026-02-17T16:50:00,regional_train,Lüneburg Hbf,Hamburg Hbf,50.0,45,True,day_ticket,Regional train back to Hamburg.
trip_93d205fa4aa8_00084_leg_003,trip_93d205fa4aa8_00084,3,2026-02-17T16:50:00,2026-02-17T16:56:00,walking,Hamburg Hbf,Apartment entrance,0.5,6,False,none,Walk home from the station.
trip_93d205fa4aa8_00085_leg_001,trip_93d205fa4aa8_00085,1,2026-02-19T08:00:00,2026-02-19T08:05:00,walking,Home (Eppendorf),Bike dock near Home,0.4,5,False,none,Walk to the shared bike dock.
trip_93d205fa4aa8_00085_leg_002,trip_93d205fa4aa8_00085,2,2026-02-19T08:05:00,2026-02-19T08:15:00,bike,Bike dock near Home,Hamburg Hbf,3.0,10,False,none,Bike to Hamburg main train station.
trip_93d205fa4aa8_00085_leg_003,trip_93d205fa4aa8_00085,3,2026-02-19T08:20:00,2026-02-19T09:40:00,regional_train,Hamburg Hbf,Lüneburg Hbf,55.0,80,True,monthly_pass,Regional train to Lüneburg.
trip_93d205fa4aa8_00085_leg_004,trip_93d205fa4aa8_00085,4,2026-02-19T09:40:00,2026-02-19T09:50:00,walking,Lüneburg Hbf,Friend Lüneburg,0.8,10,False,none,Walk to friend's flat.
trip_93d205fa4aa8_00086_leg_001,trip_93d205fa4aa8_00086,1,2026-02-19T10:00:00,2026-02-19T10:10:00,walking,Friend Lüneburg,Lüneburg Hbf,0.8,10,False,none,Walk to the train station.
trip_93d205fa4aa8_00087_leg_001,trip_93d205fa4aa8_00087,1,2026-02-19T10:30:00,2026-02-19T11:50:00,regional_train,Lüneburg Hbf,Hamburg Hbf,55.0,80,True,monthly_pass,Regional train to Hamburg.
trip_93d205fa4aa8_00088_leg_001,trip_93d205fa4aa8_00088,1,2026-02-19T12:15:00,2026-02-19T12:20:00,walking,Hamburg Hbf,Bike dock near Hbf,0.4,5,False,none,Walk to the bike dock.
trip_93d205fa4aa8_00088_leg_002,trip_93d205fa4aa8_00088,2,2026-02-19T12:20:00,2026-02-19T12:30:00,bike,Bike dock near Hbf,Home (Eppendorf),3.0,10,False,none,Bike home.
trip_93d205fa4aa8_00089_leg_001,trip_93d205fa4aa8_00089,1,2026-02-20T10:00:00,2026-02-20T10:15:00,bike,Home (Eppendorf),Café Elbgold,3.0,15,False,none,Bike to the café.
trip_93d205fa4aa8_00090_leg_001,trip_93d205fa4aa8_00090,1,2026-02-20T12:30:00,2026-02-20T12:45:00,bike,Café Elbgold,Home (Eppendorf),3.0,15,False,none,Bike back home.
trip_93d205fa4aa8_00091_leg_001,trip_93d205fa4aa8_00091,1,2026-02-21T07:30:00,2026-02-21T07:37:00,walking,Home (Eppendorf),U‑Bahn entrance St. Pauli,0.5,7,False,none,Walk to the U‑Bahn station.
trip_93d205fa4aa8_00091_leg_002,trip_93d205fa4aa8_00091,2,2026-02-21T07:42:00,2026-02-21T07:52:00,subway,U‑Bahn St. Pauli,U‑Bahn HafenCity,5.0,10,True,monthly_pass,Subway ride to work area.
trip_93d205fa4aa8_00091_leg_003,trip_93d205fa4aa8_00091,3,2026-02-21T07:52:00,2026-02-21T07:55:00,walking,U‑Bahn HafenCity,Work (HafenCity),0.3,3,False,none,Walk to the office.
trip_93d205fa4aa8_00092_leg_001,trip_93d205fa4aa8_00092,1,2026-02-21T18:30:00,2026-02-21T18:34:00,walking,Work (HafenCity),Tram stop HafenCity,0.3,4,False,none,Walk to the tram stop.
trip_93d205fa4aa8_00092_leg_002,trip_93d205fa4aa8_00092,2,2026-02-21T18:39:00,2026-02-21T18:47:00,tram,Tram stop HafenCity,Tram stop St. Pauli,3.0,8,True,monthly_pass,Tram line 16 to gym area.
trip_93d205fa4aa8_00092_leg_003,trip_93d205fa4aa8_00092,3,2026-02-21T18:47:00,2026-02-21T18:50:00,walking,Tram stop St. Pauli,Gym (St. Pauli),0.4,3,False,none,Walk to the gym.
trip_93d205fa4aa8_00093_leg_001,trip_93d205fa4aa8_00093,1,2026-02-21T19:30:00,2026-02-21T19:35:00,walking,Gym (St. Pauli),U‑Bahn entrance St. Pauli,0.4,5,False,none,Walk to the U‑Bahn.
trip_93d205fa4aa8_00093_leg_002,trip_93d205fa4aa8_00093,2,2026-02-21T19:40:00,2026-02-21T19:50:00,subway,U‑Bahn St. Pauli,U‑Bahn Eppendorf,5.0,10,True,monthly_pass,Subway back towards home.
trip_93d205fa4aa8_00093_leg_003,trip_93d205fa4aa8_00093,3,2026-02-21T19:50:00,2026-02-21T19:55:00,walking,U‑Bahn Eppendorf,Home (Eppendorf),0.5,5,False,none,Final walk home.
trip_93d205fa4aa8_00094_leg_001,trip_93d205fa4aa8_00094,1,2026-02-22T11:00:00,2026-02-22T11:03:00,walking,Home (Eppendorf),Shared bike dock,0.2,3,False,none,Walk to the shared bike dock.
trip_93d205fa4aa8_00094_leg_002,trip_93d205fa4aa8_00094,2,2026-02-22T11:08:00,2026-02-22T11:16:00,shared_bike,Shared bike dock,Supermarket Altona,2.0,8,False,none,Ride shared bike to supermarket.
trip_93d205fa4aa8_00094_leg_003,trip_93d205fa4aa8_00094,3,2026-02-22T11:16:00,2026-02-22T11:20:00,walking,Supermarket Altona,Home (Eppendorf),0.3,4,False,none,Walk back home.
trip_93d205fa4aa8_00095_leg_001,trip_93d205fa4aa8_00095,1,2026-02-22T12:00:00,2026-02-22T12:04:00,walking,Supermarket Altona,Shared bike dock,0.3,4,False,none,Walk to the shared bike dock.
trip_93d205fa4aa8_00095_leg_002,trip_93d205fa4aa8_00095,2,2026-02-22T12:09:00,2026-02-22T12:17:00,shared_bike,Shared bike dock,Home (Eppendorf),2.0,8,False,none,Ride shared bike home.
trip_93d205fa4aa8_00095_leg_003,trip_93d205fa4aa8_00095,3,2026-02-22T12:17:00,2026-02-22T12:20:00,walking,Bike dock near Home,Home (Eppendorf),0.2,3,False,none,Final walk to the apartment.
trip_93d205fa4aa8_00096_leg_001,trip_93d205fa4aa8_00096,1,2026-02-23T19:00:00,2026-02-23T19:05:00,walking,Home (Eppendorf),Tram stop Eppendorf,0.4,5,False,none,Walk to the tram stop.
trip_93d205fa4aa8_00096_leg_002,trip_93d205fa4aa8_00096,2,2026-02-23T19:10:00,2026-02-23T19:20:00,tram,Tram stop Eppendorf,Tram stop Altona Kino,4.0,10,True,monthly_pass,Tram to cinema area.
trip_93d205fa4aa8_00096_leg_003,trip_93d205fa4aa8_00096,3,2026-02-23T19:20:00,2026-02-23T19:25:00,walking,Tram stop Altona Kino,Cinema Altona,0.3,5,False,none,Walk to the cinema.
trip_93d205fa4aa8_00097_leg_001,trip_93d205fa4aa8_00097,1,2026-02-26T07:30:00,2026-02-26T07:35:00,walking,Apartment,St. Georg S‑Bahn Station,0.4,5,False,none,Walk to the nearest S‑Bahn station.
trip_93d205fa4aa8_00097_leg_002,trip_93d205fa4aa8_00097,2,2026-02-26T07:37:00,2026-02-26T07:57:00,public_transport,St. Georg S‑Bahn Station,HafenCity S‑Bahn Station,8.0,20,True,monthly_pass,S‑Bahn ride to HafenCity.
trip_93d205fa4aa8_00097_leg_003,trip_93d205fa4aa8_00097,3,2026-02-26T07:58:00,2026-02-26T08:08:00,bike,HafenCity S‑Bahn Station,TechCo Office,2.0,10,False,none,Bike the last kilometre to the office.
trip_93d205fa4aa8_00098_leg_001,trip_93d205fa4aa8_00098,1,2026-02-26T18:30:00,2026-02-26T18:35:00,walking,Office,St. Pauli U‑Bahn Station,0.3,5,False,none,Walk to the nearest U‑Bahn stop.
trip_93d205fa4aa8_00098_leg_002,trip_93d205fa4aa8_00098,2,2026-02-26T18:36:00,2026-02-26T18:46:00,subway,St. Pauli U‑Bahn Station,Altona U‑Bahn Station,2.0,10,True,monthly_pass,U3 ride towards Altona.
trip_93d205fa4aa8_00098_leg_003,trip_93d205fa4aa8_00098,3,2026-02-26T18:47:00,2026-02-26T18:50:00,walking,Altona U‑Bahn Station,FitX Gym,0.2,3,False,none,Short walk to the gym.
trip_93d205fa4aa8_00099_leg_001,trip_93d205fa4aa8_00099,1,2026-02-26T20:00:00,2026-02-26T20:08:00,bike,FitX Gym,Altona U‑Bahn Station,2.5,8,False,none,Bike to the subway station.
trip_93d205fa4aa8_00099_leg_002,trip_93d205fa4aa8_00099,2,2026-02-26T20:09:00,2026-02-26T20:21:00,subway,Altona U‑Bahn Station,St. Georg U‑Bahn Station,2.0,12,True,monthly_pass,U3 back towards city centre.
trip_93d205fa4aa8_00099_leg_003,trip_93d205fa4aa8_00099,3,2026-02-26T20:22:00,2026-02-26T20:30:00,walking,St. Georg U‑Bahn Station,Apartment,0.4,8,False,none,Walk home.
trip_93d205fa4aa8_00100_leg_001,trip_93d205fa4aa8_00100,1,2026-02-27T10:00:00,2026-02-27T10:12:00,shared_bike,Apartment,Supermarket,3.0,12,False,none,Ride a shared bike to the supermarket.
trip_93d205fa4aa8_00101_leg_001,trip_93d205fa4aa8_00101,1,2026-02-27T11:00:00,2026-02-27T11:12:00,shared_bike,Supermarket,Apartment,3.0,12,False,none,Ride back home on a shared bike.
trip_93d205fa4aa8_00102_leg_001,trip_93d205fa4aa8_00102,1,2026-02-28T09:00:00,2026-02-28T09:10:00,walking,Apartment,Hamburg Hbf,0.8,10,False,none,Walk to the main train station.
trip_93d205fa4aa8_00102_leg_002,trip_93d205fa4aa8_00102,2,2026-02-28T09:12:00,2026-02-28T10:12:00,regional_train,Hamburg Hbf,Lüneburg Hbf,50.0,60,True,monthly_pass,Regional train to Lüneburg.
trip_93d205fa4aa8_00102_leg_003,trip_93d205fa4aa8_00102,3,2026-02-28T10:13:00,2026-02-28T10:15:00,walking,Lüneburg Hbf,Friend's flat,0.4,2,False,none,Short walk to the friend's place.
trip_93d205fa4aa8_00103_leg_001,trip_93d205fa4aa8_00103,1,2026-02-28T17:00:00,2026-02-28T17:02:00,walking,Friend's flat,Lüneburg Hbf,0.4,2,False,none,Walk to Lüneburg station.
trip_93d205fa4aa8_00103_leg_002,trip_93d205fa4aa8_00103,2,2026-02-28T17:04:00,2026-02-28T18:04:00,regional_train,Lüneburg Hbf,Hamburg Hbf,50.0,60,True,monthly_pass,Regional train back to Hamburg.
trip_93d205fa4aa8_00103_leg_003,trip_93d205fa4aa8_00103,3,2026-02-28T18:05:00,2026-02-28T18:15:00,walking,Hamburg Hbf,Apartment,0.8,10,False,none,Walk home from the station.
trip_93d205fa4aa8_00104_leg_001,trip_93d205fa4aa8_00104,1,2026-03-01T11:00:00,2026-03-01T11:05:00,walking,Apartment,St. Georg Tram Stop,0.4,5,False,none,Walk to the tram stop.
trip_93d205fa4aa8_00104_leg_002,trip_93d205fa4aa8_00104,2,2026-03-01T11:06:00,2026-03-01T11:21:00,tram,St. Georg Tram Stop,Elbphilharmonie Tram Stop,3.0,15,True,monthly_pass,Tram line 6 towards HafenCity.
trip_93d205fa4aa8_00104_leg_003,trip_93d205fa4aa8_00104,3,2026-03-01T11:22:00,2026-03-01T11:25:00,walking,Elbphilharmonie Tram Stop,Café Elbgold,0.3,3,False,none,Short walk to the café.
trip_93d205fa4aa8_00105_leg_001,trip_93d205fa4aa8_00105,1,2026-03-01T13:00:00,2026-03-01T13:03:00,walking,Café Elbgold,Elbphilharmonie Tram Stop,0.3,3,False,none,Walk to the tram stop.
trip_93d205fa4aa8_00105_leg_002,trip_93d205fa4aa8_00105,2,2026-03-01T13:04:00,2026-03-01T13:19:00,tram,Elbphilharmonie Tram Stop,St. Georg Tram Stop,3.0,15,True,monthly_pass,Tram back towards St. Georg.
trip_93d205fa4aa8_00105_leg_003,trip_93d205fa4aa8_00105,3,2026-03-01T13:20:00,2026-03-01T13:25:00,walking,St. Georg Tram Stop,Apartment,0.4,5,False,none,Final walk home.
trip_93d205fa4aa8_00106_leg_001,trip_93d205fa4aa8_00106,1,2026-03-02T07:35:00,2026-03-02T07:40:00,walking,Apartment,St. Georg S‑Bahn Station,0.4,5,False,none,Walk to the S‑Bahn.
trip_93d205fa4aa8_00106_leg_002,trip_93d205fa4aa8_00106,2,2026-03-02T07:42:00,2026-03-02T08:02:00,public_transport,St. Georg S‑Bahn Station,HafenCity S‑Bahn Station,8.0,20,True,monthly_pass,S‑Bahn to HafenCity.
trip_93d205fa4aa8_00106_leg_003,trip_93d205fa4aa8_00106,3,2026-03-02T08:03:00,2026-03-02T08:13:00,bike,HafenCity S‑Bahn Station,TechCo Office,2.0,10,False,none,Bike the last kilometre to the office.
trip_93d205fa4aa8_00107_leg_001,trip_93d205fa4aa8_00107,1,2026-03-02T18:45:00,2026-03-02T18:55:00,bike,TechCo Office,HafenCity U‑Bahn Station,2.5,10,False,none,Bike to the nearest U‑Bahn stop.
trip_93d205fa4aa8_00107_leg_002,trip_93d205fa4aa8_00107,2,2026-03-02T18:57:00,2026-03-02T19:09:00,subway,HafenCity U‑Bahn Station,St. Georg U‑Bahn Station,2.0,12,True,monthly_pass,U3 back towards St. Georg.
trip_93d205fa4aa8_00107_leg_003,trip_93d205fa4aa8_00107,3,2026-03-02T19:10:00,2026-03-02T19:15:00,walking,St. Georg U‑Bahn Station,Apartment,0.4,5,False,none,Final walk home.
trip_93d205fa4aa8_00108_leg_001,trip_93d205fa4aa8_00108,1,2026-03-04T19:00:00,2026-03-04T19:05:00,walking,Apartment,St. Georg Tram Stop,0.4,5,False,none,Walk to the tram stop.
trip_93d205fa4aa8_00108_leg_002,trip_93d205fa4aa8_00108,2,2026-03-04T19:06:00,2026-03-04T19:26:00,tram,St. Georg Tram Stop,St. Pauli Tram Stop,4.0,20,True,monthly_pass,Tram line 16 towards St. Pauli.
trip_93d205fa4aa8_00108_leg_003,trip_93d205fa4aa8_00108,3,2026-03-04T19:27:00,2026-03-04T19:30:00,walking,St. Pauli Tram Stop,Restaurant Strandhalle,0.3,3,False,none,Short walk to the restaurant.
trip_93d205fa4aa8_00109_leg_001,trip_93d205fa4aa8_00109,1,2026-03-05T09:00:00,2026-03-05T09:07:00,bike,Home bike dock,Hamburg Hbf,2.0,7,False,none,Bike to Hamburg Hauptbahnhof.
trip_93d205fa4aa8_00109_leg_002,trip_93d205fa4aa8_00109,2,2026-03-05T09:07:00,2026-03-05T09:32:00,regional_train,Hamburg Hbf,Lüneburg Hbf,30.0,25,True,monthly_pass,Regional train to Lüneburg.
trip_93d205fa4aa8_00109_leg_003,trip_93d205fa4aa8_00109,3,2026-03-05T09:32:00,2026-03-05T09:38:00,walking,Lüneburg Hbf,Friend's flat (Lüneburg),0.5,6,False,none,Walk to friend's place.
trip_93d205fa4aa8_00110_leg_001,trip_93d205fa4aa8_00110,1,2026-03-05T14:00:00,2026-03-05T14:07:00,shared_bike,Home bike dock,Café bike dock,2.0,7,False,none,Pick up shared bike and ride to café.
trip_93d205fa4aa8_00110_leg_002,trip_93d205fa4aa8_00110,2,2026-03-05T14:07:00,2026-03-05T14:10:00,walking,Café bike dock,Café Kaffeekranz (HafenCity),0.2,3,False,none,Walk the last few metres to the café.
trip_93d205fa4aa8_00111_leg_001,trip_93d205fa4aa8_00111,1,2026-03-05T15:30:00,2026-03-05T15:33:00,walking,Café Kaffeekranz (HafenCity),Café bike dock,0.2,3,False,none,Walk to shared bike dock.
trip_93d205fa4aa8_00111_leg_002,trip_93d205fa4aa8_00111,2,2026-03-05T15:33:00,2026-03-05T15:40:00,shared_bike,Café bike dock,Home bike dock,2.0,7,False,none,Ride shared bike back home.
trip_93d205fa4aa8_00112_leg_001,trip_93d205fa4aa8_00112,1,2026-03-05T18:30:00,2026-03-05T18:36:00,walking,Friend's flat (Lüneburg),Lüneburg Hbf,0.5,6,False,none,Walk to Lüneburg station.
trip_93d205fa4aa8_00112_leg_002,trip_93d205fa4aa8_00112,2,2026-03-05T18:36:00,2026-03-05T19:01:00,regional_train,Lüneburg Hbf,Hamburg Hbf,30.0,25,True,monthly_pass,Regional train back to Hamburg.
trip_93d205fa4aa8_00112_leg_003,trip_93d205fa4aa8_00112,3,2026-03-05T19:01:00,2026-03-05T19:08:00,bike,Hamburg Hbf,Home bike dock,2.0,7,False,none,Bike home from the station.
trip_93d205fa4aa8_00113_leg_001,trip_93d205fa4aa8_00113,1,2026-03-07T07:30:00,2026-03-07T07:35:00,walking,Home front door,U3 Station St. Pauli,0.3,5,False,none,Walk to the nearest U‑Bahn station.
trip_93d205fa4aa8_00113_leg_002,trip_93d205fa4aa8_00113,2,2026-03-07T07:35:00,2026-03-07T07:47:00,subway,U3 Station St. Pauli,U3 Station Altona,4.0,12,True,monthly_pass,Ride U3 towards Altona.
trip_93d205fa4aa8_00113_leg_003,trip_93d205fa4aa8_00113,3,2026-03-07T07:47:00,2026-03-07T07:50:00,bike,U3 Station Altona,TechOffice (Altona),0.7,3,False,none,Bike the last kilometre to the office.
trip_93d205fa4aa8_00114_leg_001,trip_93d205fa4aa8_00114,1,2026-03-07T17:30:00,2026-03-07T17:33:00,bike,TechOffice (Altona),U3 Station Altona,0.7,3,False,none,Bike to the subway station.
trip_93d205fa4aa8_00114_leg_002,trip_93d205fa4aa8_00114,2,2026-03-07T17:33:00,2026-03-07T17:45:00,subway,U3 Station Altona,U3 Station St. Pauli,4.0,12,True,monthly_pass,Ride U3 back towards St. Pauli.
trip_93d205fa4aa8_00114_leg_003,trip_93d205fa4aa8_00114,3,2026-03-07T17:45:00,2026-03-07T17:50:00,walking,U3 Station St. Pauli,Home (St. Pauli),0.3,5,False,none,Walk home.
trip_93d205fa4aa8_00115_leg_001,trip_93d205fa4aa8_00115,1,2026-03-08T18:00:00,2026-03-08T18:06:00,walking,Home front door,Tram Stop St. Pauli,0.4,6,False,none,Walk to the nearest tram stop.
trip_93d205fa4aa8_00115_leg_002,trip_93d205fa4aa8_00115,2,2026-03-08T18:06:00,2026-03-08T18:18:00,tram,Tram Stop St. Pauli,Tram Stop Altona,2.5,12,True,monthly_pass,Take tram line 6 towards Altona.
trip_93d205fa4aa8_00115_leg_003,trip_93d205fa4aa8_00115,3,2026-03-08T18:18:00,2026-03-08T18:21:00,walking,Tram Stop Altona,FitX Gym (Altona),0.2,3,False,none,Short walk to the gym.
trip_93d205fa4aa8_00116_leg_001,trip_93d205fa4aa8_00116,1,2026-03-08T20:00:00,2026-03-08T20:03:00,walking,FitX Gym (Altona),Tram Stop Altona,0.2,3,False,none,Walk to tram stop.
trip_93d205fa4aa8_00116_leg_002,trip_93d205fa4aa8_00116,2,2026-03-08T20:03:00,2026-03-08T20:15:00,tram,Tram Stop Altona,Tram Stop St. Pauli,2.5,12,True,monthly_pass,Tram back towards St. Pauli.
trip_93d205fa4aa8_00116_leg_003,trip_93d205fa4aa8_00116,3,2026-03-08T20:15:00,2026-03-08T20:21:00,walking,Tram Stop St. Pauli,Home (St. Pauli),0.4,6,False,none,Final walk home.
trip_93d205fa4aa8_00117_leg_001,trip_93d205fa4aa8_00117,1,2026-03-09T18:30:00,2026-03-09T18:36:00,walking,Home front door,Tram Stop St. Pauli,0.4,6,False,none,Walk to tram stop.
trip_93d205fa4aa8_00117_leg_002,trip_93d205fa4aa8_00117,2,2026-03-09T18:36:00,2026-03-09T18:48:00,tram,Tram Stop St. Pauli,Tram Stop HafenCity,2.5,12,True,monthly_pass,Tram line 6 towards HafenCity.
trip_93d205fa4aa8_00117_leg_003,trip_93d205fa4aa8_00117,3,2026-03-09T18:48:00,2026-03-09T18:50:00,walking,Tram Stop HafenCity,Restaurant Hafen (HafenCity),0.2,2,False,none,Short walk to the restaurant.
trip_93d205fa4aa8_00118_leg_001,trip_93d205fa4aa8_00118,1,2026-03-09T21:00:00,2026-03-09T21:02:00,walking,Restaurant Hafen (HafenCity),Tram Stop HafenCity,0.2,2,False,none,Walk to tram stop.
trip_93d205fa4aa8_00118_leg_002,trip_93d205fa4aa8_00118,2,2026-03-09T21:02:00,2026-03-09T21:14:00,tram,Tram Stop HafenCity,Tram Stop St. Pauli,2.5,12,True,monthly_pass,Tram back towards St. Pauli.
trip_93d205fa4aa8_00118_leg_003,trip_93d205fa4aa8_00118,3,2026-03-09T21:14:00,2026-03-09T21:20:00,walking,Tram Stop St. Pauli,Home (St. Pauli),0.4,6,False,none,Final walk home.
trip_93d205fa4aa8_00119_leg_001,trip_93d205fa4aa8_00119,1,2026-03-11T07:45:00,2026-03-11T07:50:00,walking,Home front door,U3 Station St. Pauli,0.3,5,False,none,Walk to U‑Bahn.
trip_93d205fa4aa8_00119_leg_002,trip_93d205fa4aa8_00119,2,2026-03-11T07:50:00,2026-03-11T08:02:00,subway,U3 Station St. Pauli,U3 Station Altona,4.0,12,True,monthly_pass,U3 towards Altona.
trip_93d205fa4aa8_00119_leg_003,trip_93d205fa4aa8_00119,3,2026-03-11T08:02:00,2026-03-11T08:05:00,bike,U3 Station Altona,TechOffice (Altona),0.7,3,False,none,Bike the last kilometre to the office.
trip_93d205fa4aa8_00120_leg_001,trip_93d205fa4aa8_00120,1,2026-03-11T17:45:00,2026-03-11T17:48:00,bike,TechOffice (Altona),U3 Station Altona,0.7,3,False,none,Bike to subway station.
trip_93d205fa4aa8_00120_leg_002,trip_93d205fa4aa8_00120,2,2026-03-11T17:48:00,2026-03-11T18:00:00,subway,U3 Station Altona,U3 Station St. Pauli,4.0,12,True,monthly_pass,U3 back towards St. Pauli.
trip_93d205fa4aa8_00120_leg_003,trip_93d205fa4aa8_00120,3,2026-03-11T18:00:00,2026-03-11T18:05:00,walking,U3 Station St. Pauli,Home (St. Pauli),0.3,5,False,none,Walk home.
trip_93d205fa4aa8_00121_leg_001,trip_93d205fa4aa8_00121,1,2026-03-12T07:30:00,2026-03-12T07:35:00,walking,Home,Jungfernstieg U‑Bahn Station,0.4,5,False,none,Walk to the nearest U‑Bahn station.
trip_93d205fa4aa8_00121_leg_002,trip_93d205fa4aa8_00121,2,2026-03-12T07:35:00,2026-03-12T07:55:00,subway,Jungfernstieg,Mönckebergstraße,10.0,20,True,monthly_pass,U1 line towards the city centre.
trip_93d205fa4aa8_00121_leg_003,trip_93d205fa4aa8_00121,3,2026-03-12T07:55:00,2026-03-12T08:02:00,bike,Mönckebergstraße,Tech GmbH Office,3.0,7,False,none,Bike the last kilometre to the office.
trip_93d205fa4aa8_00122_leg_001,trip_93d205fa4aa8_00122,1,2026-03-12T17:15:00,2026-03-12T17:18:00,walking,Tech GmbH Office,Tram Stop Hauptbahnhof Süd,0.3,3,False,none,Walk to the nearest tram stop.
trip_93d205fa4aa8_00122_leg_002,trip_93d205fa4aa8_00122,2,2026-03-12T17:18:00,2026-03-12T17:30:00,tram,Tram Stop Hauptbahnhof Süd,FitX Gym,2.5,12,True,monthly_pass,Tram line 2 directly to the gym.
trip_93d205fa4aa8_00123_leg_001,trip_93d205fa4aa8_00123,1,2026-03-12T17:30:00,2026-03-12T17:45:00,bike,FitX Gym,Home,5.0,15,False,none,"Bike home, the preferred last‑kilometre mode."
trip_93d205fa4aa8_00124_leg_001,trip_93d205fa4aa8_00124,1,2026-03-14T09:00:00,2026-03-14T09:06:00,walking,Home,Hamburg Hauptbahnhof S‑Bahn,0.5,6,False,none,Walk to the main station.
trip_93d205fa4aa8_00124_leg_002,trip_93d205fa4aa8_00124,2,2026-03-14T09:06:00,2026-03-14T09:51:00,regional_train,Hamburg Hauptbahnhof,Lüneburg Bahnhof,45.0,45,True,monthly_pass,Regional train to Lüneburg.
trip_93d205fa4aa8_00124_leg_003,trip_93d205fa4aa8_00124,3,2026-03-14T09:51:00,2026-03-14T09:59:00,walking,Lüneburg Bahnhof,Friend's Flat,0.6,8,False,none,Short walk to the friend's place.
trip_93d205fa4aa8_00125_leg_001,trip_93d205fa4aa8_00125,1,2026-03-14T18:00:00,2026-03-14T18:08:00,walking,Friend's Flat,Lüneburg Bahnhof,0.6,8,False,none,Walk to the Lüneburg train station.
trip_93d205fa4aa8_00125_leg_002,trip_93d205fa4aa8_00125,2,2026-03-14T18:08:00,2026-03-14T18:53:00,regional_train,Lüneburg Bahnhof,Hamburg Hauptbahnhof,45.0,45,True,monthly_pass,Regional train back to Hamburg.
trip_93d205fa4aa8_00125_leg_003,trip_93d205fa4aa8_00125,3,2026-03-14T18:53:00,2026-03-14T18:59:00,walking,Hamburg Hauptbahnhof,Home,0.5,6,False,none,Final walk home.
trip_93d205fa4aa8_00126_leg_001,trip_93d205fa4aa8_00126,1,2026-03-16T07:45:00,2026-03-16T07:50:00,walking,Home,Jungfernstieg U‑Bahn Station,0.4,5,False,none,Walk to the U‑Bahn.
trip_93d205fa4aa8_00126_leg_002,trip_93d205fa4aa8_00126,2,2026-03-16T07:50:00,2026-03-16T08:12:00,subway,Jungfernstieg,Mönckebergstraße,10.0,22,True,monthly_pass,U1 towards the business district.
trip_93d205fa4aa8_00126_leg_003,trip_93d205fa4aa8_00126,3,2026-03-16T08:12:00,2026-03-16T08:18:00,bike,Mönckebergstraße,Tech GmbH Office,3.0,6,False,none,Bike the final stretch.
trip_93d205fa4aa8_00127_leg_001,trip_93d205fa4aa8_00127,1,2026-03-16T18:10:00,2026-03-16T18:14:00,walking,Tech GmbH Office,Bus Stop Hauptbahnhof Nord,0.3,4,False,none,Walk to the bus stop.
trip_93d205fa4aa8_00127_leg_002,trip_93d205fa4aa8_00127,2,2026-03-16T18:14:00,2026-03-16T18:24:00,bus,Bus Stop Hauptbahnhof Nord,Altes Hafen Restaurant,3.0,10,True,monthly_pass,Direct bus to the restaurant area.
trip_93d205fa4aa8_00128_leg_001,trip_93d205fa4aa8_00128,1,2026-03-16T18:24:00,2026-03-16T18:36:00,bike,Altes Hafen Restaurant,Home,4.0,12,False,none,Bike the short distance home.
trip_93d205fa4aa8_00129_leg_001,trip_93d205fa4aa8_00129,1,2026-03-17T18:30:00,2026-03-17T18:34:00,walking,Home,Bike Dock,0.3,4,False,none,Walk to the nearest shared‑bike dock.
trip_93d205fa4aa8_00129_leg_002,trip_93d205fa4aa8_00129,2,2026-03-17T18:34:00,2026-03-17T18:44:00,shared_bike,Bike Dock,Supermarkt,3.0,10,False,none,Ride a shared bike to the supermarket.
trip_93d205fa4aa8_00130_leg_001,trip_93d205fa4aa8_00130,1,2026-03-17T18:44:00,2026-03-17T18:50:00,walking,Supermarkt,Home,0.5,6,False,none,Walk back home.
trip_93d205fa4aa8_00131_leg_001,trip_93d205fa4aa8_00131,1,2026-03-18T20:00:00,2026-03-18T20:05:00,walking,Home,Tram Stop Rathaus,0.4,5,False,none,Walk to the tram stop.
trip_93d205fa4aa8_00131_leg_002,trip_93d205fa4aa8_00131,2,2026-03-18T20:05:00,2026-03-18T20:20:00,tram,Tram Stop Rathaus,Tram Stop UCI,2.5,15,True,monthly_pass,Tram line 2 to the cinema district.
trip_93d205fa4aa8_00131_leg_003,trip_93d205fa4aa8_00131,3,2026-03-18T20:20:00,2026-03-18T20:24:00,walking,Tram Stop UCI,UCI Kino,0.3,4,False,none,Final short walk to the cinema.
trip_93d205fa4aa8_00132_leg_001,trip_93d205fa4aa8_00132,1,2026-03-18T20:24:00,2026-03-18T20:38:00,bike,UCI Kino,Home,5.0,14,False,none,Bike home directly.
trip_93d205fa4aa8_00133_leg_001,trip_93d205fa4aa8_00133,1,2026-03-19T07:30:00,2026-03-19T07:35:00,walking,Apartment,Hauptbahnhof station,0.4,5,False,none,Walk to main train station.
trip_93d205fa4aa8_00133_leg_002,trip_93d205fa4aa8_00133,2,2026-03-19T07:37:00,2026-03-19T07:52:00,subway,Hauptbahnhof,St. Pauli station,5.0,15,True,monthly_pass,U3 subway to work district.
trip_93d205fa4aa8_00133_leg_003,trip_93d205fa4aa8_00133,3,2026-03-19T07:52:00,2026-03-19T08:00:00,bike,St. Pauli station,Tech office,2.0,8,False,none,Bike the last kilometre to the office.
trip_93d205fa4aa8_00134_leg_001,trip_93d205fa4aa8_00134,1,2026-03-19T17:30:00,2026-03-19T17:40:00,bike,Tech office,FitX Gym,3.0,10,False,none,Bike ride to the gym.
trip_93d205fa4aa8_00135_leg_001,trip_93d205fa4aa8_00135,1,2026-03-19T18:30:00,2026-03-19T18:42:00,bike,FitX Gym,Apartment,3.0,12,False,none,Bike ride back home.
trip_93d205fa4aa8_00136_leg_001,trip_93d205fa4aa8_00136,1,2026-03-20T10:00:00,2026-03-20T10:15:00,shared_bike,Apartment,Supermarket,3.0,15,False,none,Shared bike ride to buy groceries.
trip_93d205fa4aa8_00137_leg_001,trip_93d205fa4aa8_00137,1,2026-03-20T10:30:00,2026-03-20T10:45:00,shared_bike,Supermarket,Apartment,3.0,15,False,none,Shared bike ride back home.
trip_93d205fa4aa8_00138_leg_001,trip_93d205fa4aa8_00138,1,2026-03-20T19:00:00,2026-03-20T19:10:00,shared_bike,Apartment,HafenCity Bistro,2.0,10,False,none,Bike to dinner spot.
trip_93d205fa4aa8_00139_leg_001,trip_93d205fa4aa8_00139,1,2026-03-20T20:30:00,2026-03-20T20:35:00,walking,Bistro,Apartment,0.5,5,False,none,Walk back home.
trip_93d205fa4aa8_00140_leg_001,trip_93d205fa4aa8_00140,1,2026-03-21T09:00:00,2026-03-21T09:10:00,walking,Apartment,Hamburg Hbf,0.8,10,False,none,Walk to main station.
trip_93d205fa4aa8_00140_leg_002,trip_93d205fa4aa8_00140,2,2026-03-21T09:15:00,2026-03-21T10:00:00,regional_train,Hamburg Hbf,Lüneburg Hbf,50.0,45,True,monthly_pass,Regional train to Lüneburg.
trip_93d205fa4aa8_00140_leg_003,trip_93d205fa4aa8_00140,3,2026-03-21T10:05:00,2026-03-21T10:10:00,walking,Lüneburg Hbf,Friend's flat,0.4,5,False,none,Short walk to friend's place.
trip_93d205fa4aa8_00141_leg_001,trip_93d205fa4aa8_00141,1,2026-03-21T18:00:00,2026-03-21T18:05:00,walking,Friend's flat,Lüneburg Hbf,0.4,5,False,none,Walk to Lüneburg station.
trip_93d205fa4aa8_00141_leg_002,trip_93d205fa4aa8_00141,2,2026-03-21T18:10:00,2026-03-21T18:55:00,regional_train,Lüneburg Hbf,Hamburg Hbf,50.0,45,True,monthly_pass,Regional train back to Hamburg.
trip_93d205fa4aa8_00141_leg_003,trip_93d205fa4aa8_00141,3,2026-03-21T19:00:00,2026-03-21T19:10:00,walking,Hamburg Hbf,Apartment,0.8,10,False,none,Walk home from the station.
trip_93d205fa4aa8_00142_leg_001,trip_93d205fa4aa8_00142,1,2026-03-22T14:00:00,2026-03-22T14:05:00,walking,Apartment,Tram stop St. Pauli,0.3,5,False,none,Walk to tram stop.
trip_93d205fa4aa8_00142_leg_002,trip_93d205fa4aa8_00142,2,2026-03-22T14:10:00,2026-03-22T14:30:00,tram,Tram stop St. Pauli,Tram stop UCI,6.0,20,True,monthly_pass,Tram line 6 to cinema district.
trip_93d205fa4aa8_00142_leg_003,trip_93d205fa4aa8_00142,3,2026-03-22T14:35:00,2026-03-22T14:40:00,walking,Tram stop UCI,UCI Cinemas,0.3,5,False,none,Final walk to cinema entrance.
trip_93d205fa4aa8_00143_leg_001,trip_93d205fa4aa8_00143,1,2026-03-22T20:00:00,2026-03-22T20:10:00,walking,UCI Cinemas,Altes Mädchen,0.5,10,False,none,Walk to restaurant.
trip_93d205fa4aa8_00144_leg_001,trip_93d205fa4aa8_00144,1,2026-03-22T22:00:00,2026-03-22T22:07:00,walking,Altes Mädchen,Apartment,0.5,7,False,none,Walk back home.
trip_93d205fa4aa8_00145_leg_001,trip_93d205fa4aa8_00145,1,2026-03-26T07:45:00,2026-03-26T07:50:00,walking,HafenCity Apartment,Steinstraße Station,0.4,5,False,none,Walk to the nearest U‑Bahn station.
trip_93d205fa4aa8_00145_leg_002,trip_93d205fa4aa8_00145,2,2026-03-26T07:50:00,2026-03-26T08:02:00,subway,Steinstraße Station,Jungfernstieg Station,5.0,12,True,monthly_pass,U‑Bahn ride towards the city centre.
trip_93d205fa4aa8_00145_leg_003,trip_93d205fa4aa8_00145,3,2026-03-26T08:02:00,2026-03-26T08:08:00,walking,Jungfernstieg Station,Bike Rack near Office,0.5,6,False,none,Walk to the bike rack.
trip_93d205fa4aa8_00145_leg_004,trip_93d205fa4aa8_00145,4,2026-03-26T08:08:00,2026-03-26T08:15:00,bike,Bike Rack near Office,TechCompany Office (Mönckebergstraße),2.0,7,False,none,Bike the last kilometre to the office.
trip_93d205fa4aa8_00146_leg_001,trip_93d205fa4aa8_00146,1,2026-03-26T17:30:00,2026-03-26T17:37:00,bike,TechCompany Office (Mönckebergstraße),Bike Rack near Office,2.0,7,False,none,Bike from office to the nearby U‑Bahn station.
trip_93d205fa4aa8_00146_leg_002,trip_93d205fa4aa8_00146,2,2026-03-26T17:37:00,2026-03-26T17:49:00,subway,Jungfernstieg Station,Steinstraße Station,5.0,12,True,monthly_pass,U‑Bahn ride back towards home.
trip_93d205fa4aa8_00146_leg_003,trip_93d205fa4aa8_00146,3,2026-03-26T17:49:00,2026-03-26T17:54:00,walking,Steinstraße Station,HafenCity Apartment,0.4,5,False,none,Walk the short distance home.
trip_93d205fa4aa8_00147_leg_001,trip_93d205fa4aa8_00147,1,2026-03-27T19:00:00,2026-03-27T19:04:00,walking,TechCompany Office (Mönckebergstraße),Altona Tram Stop,0.3,4,False,none,Walk to the tram stop.
trip_93d205fa4aa8_00147_leg_002,trip_93d205fa4aa8_00147,2,2026-03-27T19:04:00,2026-03-27T19:19:00,tram,Altona Tram Stop,FitX Gym Altona,6.0,15,True,monthly_pass,Tram ride to the gym area.
trip_93d205fa4aa8_00147_leg_003,trip_93d205fa4aa8_00147,3,2026-03-27T19:19:00,2026-03-27T19:24:00,walking,FitX Gym Altona,Gym Entrance,0.4,5,False,none,Short walk into the gym.
trip_93d205fa4aa8_00148_leg_001,trip_93d205fa4aa8_00148,1,2026-03-28T09:00:00,2026-03-28T09:06:00,walking,HafenCity Apartment,Hamburg Hauptbahnhof,0.5,6,False,none,Walk to the main train station.
trip_93d205fa4aa8_00148_leg_002,trip_93d205fa4aa8_00148,2,2026-03-28T09:06:00,2026-03-28T09:36:00,regional_train,Hamburg Hauptbahnhof,Lüneburg Station,35.0,30,True,monthly_pass,Regional train to Lüneburg.
trip_93d205fa4aa8_00148_leg_003,trip_93d205fa4aa8_00148,3,2026-03-28T09:36:00,2026-03-28T09:40:00,walking,Lüneburg Station,Friend's Apartment,0.3,4,False,none,Short walk to friend's place.
trip_93d205fa4aa8_00148_leg_004,trip_93d205fa4aa8_00148,4,2026-03-28T16:00:00,2026-03-28T16:04:00,walking,Friend's Apartment,Lüneburg Station,0.3,4,False,none,Walk back to the station for the return train.
trip_93d205fa4aa8_00148_leg_005,trip_93d205fa4aa8_00148,5,2026-03-28T16:04:00,2026-03-28T16:34:00,regional_train,Lüneburg Station,Hamburg Hauptbahnhof,35.0,30,True,monthly_pass,Return regional train to Hamburg.
trip_93d205fa4aa8_00148_leg_006,trip_93d205fa4aa8_00148,6,2026-03-28T16:34:00,2026-03-28T16:40:00,walking,Hamburg Hauptbahnhof,HafenCity Apartment,0.5,6,False,none,Final walk home.
trip_93d205fa4aa8_00149_leg_001,trip_93d205fa4aa8_00149,1,2026-03-30T07:50:00,2026-03-30T07:55:00,walking,HafenCity Apartment,Steinstraße Station,0.4,5,False,none,Walk to the U‑Bahn.
trip_93d205fa4aa8_00149_leg_002,trip_93d205fa4aa8_00149,2,2026-03-30T07:55:00,2026-03-30T08:07:00,subway,Steinstraße Station,Jungfernstieg Station,5.0,12,True,monthly_pass,U‑Bahn towards the office district.
trip_93d205fa4aa8_00149_leg_003,trip_93d205fa4aa8_00149,3,2026-03-30T08:07:00,2026-03-30T08:13:00,walking,Jungfernstieg Station,Bike Rack near Office,0.5,6,False,none,Short walk to the bike rack.
trip_93d205fa4aa8_00149_leg_004,trip_93d205fa4aa8_00149,4,2026-03-30T08:13:00,2026-03-30T08:20:00,bike,Bike Rack near Office,TechCompany Office (Mönckebergstraße),2.0,7,False,none,Bike the final kilometre to the desk.
trip_93d205fa4aa8_00150_leg_001,trip_93d205fa4aa8_00150,1,2026-03-30T17:35:00,2026-03-30T17:42:00,bike,TechCompany Office (Mönckebergstraße),Bike Rack near Office,2.0,7,False,none,Bike to the nearest U‑Bahn station.
trip_93d205fa4aa8_00150_leg_002,trip_93d205fa4aa8_00150,2,2026-03-30T17:42:00,2026-03-30T17:54:00,subway,Jungfernstieg Station,Steinstraße Station,5.0,12,True,monthly_pass,U‑Bahn ride back towards home.
trip_93d205fa4aa8_00150_leg_003,trip_93d205fa4aa8_00150,3,2026-03-30T17:54:00,2026-03-30T17:59:00,walking,Steinstraße Station,HafenCity Apartment,0.4,5,False,none,Final walk home.
trip_a72e76631766_00001_leg_001,trip_a72e76631766_00001,1,2026-01-01T08:00:00,2026-01-01T08:04:00,walking,Lena's apartment,Tram stop Am Dom,0.3,4,False,none,Walk to nearest tram stop.
trip_a72e76631766_00001_leg_002,trip_a72e76631766_00001,2,2026-01-01T08:06:00,2026-01-01T08:18:00,tram,Tram stop Am Dom,Office tram stop,3.0,12,True,monthly_pass,Tram ride to office area.
trip_a72e76631766_00001_leg_003,trip_a72e76631766_00001,3,2026-01-01T08:18:00,2026-01-01T08:26:00,bike,Office tram stop,Fintech office,2.0,8,False,none,Bike the last kilometre to the office.
trip_a72e76631766_00002_leg_001,trip_a72e76631766_00002,1,2026-01-01T17:30:00,2026-01-01T17:38:00,bike,Fintech office,Office tram stop,2.0,8,False,none,Bike to tram stop.
trip_a72e76631766_00002_leg_002,trip_a72e76631766_00002,2,2026-01-01T17:40:00,2026-01-01T17:52:00,tram,Office tram stop,Tram stop Am Dom,3.0,12,True,monthly_pass,Tram back towards home.
trip_a72e76631766_00002_leg_003,trip_a72e76631766_00002,3,2026-01-01T17:52:00,2026-01-01T17:56:00,walking,Tram stop Am Dom,Lena's apartment,0.3,4,False,none,Final walk home.
trip_a72e76631766_00003_leg_001,trip_a72e76631766_00003,1,2026-01-01T19:30:00,2026-01-01T19:36:00,bike,Fintech office,Restaurant am Rhein,1.5,6,False,none,Bike to dinner spot.
trip_a72e76631766_00004_leg_001,trip_a72e76631766_00004,1,2026-01-02T07:30:00,2026-01-02T07:35:00,walking,Lena's apartment,Köln Hbf entrance,0.4,5,False,none,Walk to Cologne main station.
trip_a72e76631766_00004_leg_002,trip_a72e76631766_00004,2,2026-01-02T07:45:00,2026-01-02T13:15:00,regional_train,Köln Hbf platform,München Hbf platform,570.0,330,True,monthly_pass,"Regional train (IC) to Munich, covered by monthly pass."
trip_a72e76631766_00004_leg_003,trip_a72e76631766_00004,3,2026-01-02T13:15:00,2026-01-02T13:25:00,walking,München Hbf exit,Parents' house,0.8,10,False,none,Walk from Munich station to parents' home.
trip_a72e76631766_00005_leg_001,trip_a72e76631766_00005,1,2026-01-02T18:00:00,2026-01-02T18:10:00,walking,Parents' house,München Hbf entrance,0.8,10,False,none,Walk to Munich main station.
trip_a72e76631766_00005_leg_002,trip_a72e76631766_00005,2,2026-01-02T18:20:00,2026-01-02T23:50:00,regional_train,München Hbf platform,Köln Hbf platform,570.0,330,True,monthly_pass,Regional train back to Cologne.
trip_a72e76631766_00005_leg_003,trip_a72e76631766_00005,3,2026-01-02T23:50:00,2026-01-02T23:55:00,walking,Köln Hbf exit,Lena's apartment,0.4,5,False,none,Walk home from Cologne station.
trip_a72e76631766_00006_leg_001,trip_a72e76631766_00006,1,2026-01-03T08:00:00,2026-01-03T08:05:00,walking,Lena's apartment,Köln Hbf entrance,0.4,5,False,none,Walk to Cologne main station.
trip_a72e76631766_00006_leg_002,trip_a72e76631766_00006,2,2026-01-03T08:20:00,2026-01-03T12:30:00,regional_train,Köln Hbf platform,Berlin Hbf platform,570.0,250,True,monthly_pass,"ICE to Berlin, covered by monthly pass."
trip_a72e76631766_00006_leg_003,trip_a72e76631766_00006,3,2026-01-03T12:30:00,2026-01-03T12:40:00,walking,Berlin Hbf exit,Friend's flat,0.5,10,False,none,Walk to friend's apartment.
trip_a72e76631766_00007_leg_001,trip_a72e76631766_00007,1,2026-01-03T19:00:00,2026-01-03T19:10:00,walking,Friend's flat,Berlin Hbf entrance,0.5,10,False,none,Walk to Berlin main station.
trip_a72e76631766_00007_leg_002,trip_a72e76631766_00007,2,2026-01-03T19:20:00,2026-01-03T23:40:00,regional_train,Berlin Hbf platform,Köln Hbf platform,570.0,260,True,monthly_pass,ICE back to Cologne.
trip_a72e76631766_00007_leg_003,trip_a72e76631766_00007,3,2026-01-03T23:40:00,2026-01-03T23:45:00,walking,Köln Hbf exit,Lena's apartment,0.4,5,False,none,Walk home.
trip_a72e76631766_00008_leg_001,trip_a72e76631766_00008,1,2026-01-04T08:05:00,2026-01-04T08:09:00,walking,Lena's apartment,Tram stop Am Dom,0.3,4,False,none,Walk to tram stop.
trip_a72e76631766_00008_leg_002,trip_a72e76631766_00008,2,2026-01-04T08:11:00,2026-01-04T08:23:00,tram,Tram stop Am Dom,Office tram stop,3.0,12,True,monthly_pass,Tram ride.
trip_a72e76631766_00008_leg_003,trip_a72e76631766_00008,3,2026-01-04T08:23:00,2026-01-04T08:31:00,bike,Office tram stop,Fintech office,2.0,8,False,none,Bike the last kilometre.
trip_a72e76631766_00009_leg_001,trip_a72e76631766_00009,1,2026-01-04T17:45:00,2026-01-04T17:53:00,bike,Fintech office,Office tram stop,2.0,8,False,none,Bike to tram stop.
trip_a72e76631766_00009_leg_002,trip_a72e76631766_00009,2,2026-01-04T17:55:00,2026-01-04T18:00:00,tram,Office tram stop,Tram stop Am Dom,3.0,5,True,monthly_pass,Tram home.
trip_a72e76631766_00009_leg_003,trip_a72e76631766_00009,3,2026-01-04T18:00:00,2026-01-04T18:01:00,walking,Tram stop Am Dom,Lena's apartment,0.3,1,False,none,Final walk home.
trip_a72e76631766_00010_leg_001,trip_a72e76631766_00010,1,2026-01-04T19:00:00,2026-01-04T19:08:00,bike,Fintech office,FitX Gym,2.0,8,False,none,Bike to gym.
trip_a72e76631766_00011_leg_001,trip_a72e76631766_00011,1,2026-01-05T18:30:00,2026-01-05T18:34:00,walking,Lena's apartment,Tram stop Am Dom,0.3,4,False,none,Walk to tram stop.
trip_a72e76631766_00011_leg_002,trip_a72e76631766_00011,2,2026-01-05T18:36:00,2026-01-05T18:46:00,tram,Tram stop Am Dom,Tram stop Museum Ludwig,2.0,10,True,monthly_pass,Tram ride to museum area.
trip_a72e76631766_00011_leg_003,trip_a72e76631766_00011,3,2026-01-05T18:46:00,2026-01-05T18:51:00,walking,Tram stop Museum Ludwig,Museum Ludwig,0.4,5,False,none,Final walk to museum entrance.
trip_a72e76631766_00012_leg_001,trip_a72e76631766_00012,1,2026-01-06T20:00:00,2026-01-06T20:03:00,walking,Lena's apartment,Shared bike station,0.2,3,False,none,Walk to shared bike dock.
trip_a72e76631766_00012_leg_002,trip_a72e76631766_00012,2,2026-01-06T20:03:00,2026-01-06T20:08:00,shared_bike,Shared bike station,Bar dock,1.2,5,False,none,Ride shared bike to bar area.
trip_a72e76631766_00012_leg_003,trip_a72e76631766_00012,3,2026-01-06T20:08:00,2026-01-06T20:11:00,walking,Bar dock,Bar im Belgischen Viertel,0.2,3,False,none,Short walk to bar entrance.
trip_a72e76631766_00013_leg_001,trip_a72e76631766_00013,1,2026-01-08T07:30:00,2026-01-08T07:35:00,walking,Lena's Apartment,Heumarkt Tram Stop,0.4,5,False,none,Walk to the nearest tram stop.
trip_a72e76631766_00013_leg_002,trip_a72e76631766_00013,2,2026-01-08T07:35:00,2026-01-08T07:50:00,tram,Heumarkt Tram Stop,Deutzer Freiheit Stop,5.0,15,True,monthly_pass,Tram line 16 towards Deutzer.
trip_a72e76631766_00013_leg_003,trip_a72e76631766_00013,3,2026-01-08T07:50:00,2026-01-08T07:53:00,walking,Deutzer Freiheit Stop,Nextbike Station,0.2,3,False,none,Short walk to the shared‑bike dock.
trip_a72e76631766_00013_leg_004,trip_a72e76631766_00013,4,2026-01-08T07:53:00,2026-01-08T08:00:00,bike,Nextbike Station,FinTech GmbH Office,2.0,7,False,none,Bike the last kilometre to the office.
trip_a72e76631766_00014_leg_001,trip_a72e76631766_00014,1,2026-01-08T17:45:00,2026-01-08T17:52:00,bike,FinTech GmbH Office,Deutzer Freiheit Stop,2.0,7,False,none,Bike from office to tram stop.
trip_a72e76631766_00014_leg_002,trip_a72e76631766_00014,2,2026-01-08T17:52:00,2026-01-08T18:07:00,tram,Deutzer Freiheit Stop,Heumarkt Tram Stop,5.0,15,True,monthly_pass,Tram back towards city centre.
trip_a72e76631766_00014_leg_003,trip_a72e76631766_00014,3,2026-01-08T18:07:00,2026-01-08T18:12:00,walking,Heumarkt Tram Stop,Lena's Apartment,0.4,5,False,none,Final walk home.
trip_a72e76631766_00015_leg_001,trip_a72e76631766_00015,1,2026-01-08T19:30:00,2026-01-08T19:40:00,walking,FinTech GmbH Office,Restaurant Zum Goldenen Löwen,0.8,10,False,none,Walk to the restaurant for dinner.
trip_a72e76631766_00016_leg_001,trip_a72e76631766_00016,1,2026-01-09T20:00:00,2026-01-09T20:03:00,walking,Lena's Apartment,Ehrenfeld Tram Stop,0.2,3,False,none,Walk to the nearest tram stop.
trip_a72e76631766_00016_leg_002,trip_a72e76631766_00016,2,2026-01-09T20:03:00,2026-01-09T20:15:00,tram,Ehrenfeld Tram Stop,Club Bahnhof Stop,4.0,12,True,monthly_pass,Tram line 12 towards the club area.
trip_a72e76631766_00016_leg_003,trip_a72e76631766_00016,3,2026-01-09T20:15:00,2026-01-09T20:19:00,walking,Club Bahnhof Stop,Club Bahnhof Ehrenfeld,0.3,4,False,none,Final short walk to the venue.
trip_a72e76631766_00017_leg_001,trip_a72e76631766_00017,1,2026-01-10T10:00:00,2026-01-10T10:12:00,bike,Lena's Apartment,FitX Köln,3.0,12,False,none,Bike to the fitness centre.
trip_a72e76631766_00018_leg_001,trip_a72e76631766_00018,1,2026-01-10T14:00:00,2026-01-10T14:15:00,bike,Lena's Apartment,Rheinpark,5.0,15,False,none,Bike ride to the riverside park.
trip_a72e76631766_00019_leg_001,trip_a72e76631766_00019,1,2026-01-10T18:30:00,2026-01-10T18:34:00,walking,Lena's Apartment,Mediapark Tram Stop,0.3,4,False,none,Walk to the tram stop.
trip_a72e76631766_00019_leg_002,trip_a72e76631766_00019,2,2026-01-10T18:34:00,2026-01-10T18:46:00,tram,Mediapark Tram Stop,CineStar Stop,4.0,12,True,monthly_pass,Tram line 1 towards the cinema district.
trip_a72e76631766_00019_leg_003,trip_a72e76631766_00019,3,2026-01-10T18:46:00,2026-01-10T18:50:00,walking,CineStar Stop,CineStar Köln,0.3,4,False,none,Final walk to the cinema.
trip_a72e76631766_00020_leg_001,trip_a72e76631766_00020,1,2026-01-11T09:00:00,2026-01-11T09:05:00,walking,Lena's Apartment,Köln Hbf,0.4,5,False,none,Walk to Cologne main station.
trip_a72e76631766_00020_leg_002,trip_a72e76631766_00020,2,2026-01-11T09:05:00,2026-01-11T13:35:00,regional_train,Köln Hbf,München Hbf,600.0,270,True,single_ticket,Direct IC train to Munich.
trip_a72e76631766_00020_leg_003,trip_a72e76631766_00020,3,2026-01-11T13:35:00,2026-01-11T13:45:00,walking,München Hbf,Parents' House Munich,0.8,10,False,none,Walk from the station to parents' house.
trip_a72e76631766_00021_leg_001,trip_a72e76631766_00021,1,2026-01-11T20:30:00,2026-01-11T20:40:00,walking,Parents' House Munich,München Hbf,0.8,10,False,none,Walk to Munich main station.
trip_a72e76631766_00021_leg_002,trip_a72e76631766_00021,2,2026-01-11T20:40:00,2026-01-12T00:40:00,regional_train,München Hbf,Köln Hbf,600.0,240,True,single_ticket,Night IC train back to Cologne.
trip_a72e76631766_00021_leg_003,trip_a72e76631766_00021,3,2026-01-12T00:40:00,2026-01-12T01:15:00,walking,Köln Hbf,Lena's Apartment,0.4,35,False,none,Late‑night walk home.
trip_a72e76631766_00022_leg_001,trip_a72e76631766_00022,1,2026-01-12T07:45:00,2026-01-12T07:49:00,walking,Lena's Apartment,Köln Hauptbahnhof,0.3,4,False,none,Walk to the main train station.
trip_a72e76631766_00022_leg_002,trip_a72e76631766_00022,2,2026-01-12T07:49:00,2026-01-12T08:01:00,subway,Köln Hauptbahnhof,Deutz Station,5.0,12,True,monthly_pass,U‑Bahn line 1 towards Deutz.
trip_a72e76631766_00022_leg_003,trip_a72e76631766_00022,3,2026-01-12T08:01:00,2026-01-12T08:07:00,bike,Deutz Station,FinTech GmbH Office,2.0,6,False,none,Bike the final kilometre to the office.
trip_a72e76631766_00023_leg_001,trip_a72e76631766_00023,1,2026-01-12T18:10:00,2026-01-12T18:16:00,bike,FinTech GmbH Office,Deutz Station,2.0,6,False,none,Bike to the subway station.
trip_a72e76631766_00023_leg_002,trip_a72e76631766_00023,2,2026-01-12T18:16:00,2026-01-12T18:28:00,subway,Deutz Station,Köln Hauptbahnhof,5.0,12,True,monthly_pass,U‑Bahn back to the main station.
trip_a72e76631766_00023_leg_003,trip_a72e76631766_00023,3,2026-01-12T18:28:00,2026-01-12T18:33:00,walking,Köln Hauptbahnhof,Lena's Apartment,0.3,5,False,none,Final walk home.
trip_a72e76631766_00024_leg_001,trip_a72e76631766_00024,1,2026-01-12T19:00:00,2026-01-12T19:05:00,walking,FinTech GmbH Office,Deutz/Messe U‑Bahn Station,0.3,5,False,none,Walk to the subway station.
trip_a72e76631766_00024_leg_002,trip_a72e76631766_00024,2,2026-01-12T19:05:00,2026-01-12T19:15:00,subway,Deutz/Messe U‑Bahn Station,Museum Ludwig Station,3.0,10,True,monthly_pass,U‑Bahn line 1 to the museum area.
trip_a72e76631766_00024_leg_003,trip_a72e76631766_00024,3,2026-01-12T19:15:00,2026-01-12T19:20:00,walking,Museum Ludwig Station,Museum Ludwig,0.4,5,False,none,Short walk to the museum entrance.
trip_a72e76631766_00025_leg_001,trip_a72e76631766_00025,1,2026-01-15T09:30:00,2026-01-15T09:40:00,bike,Heumarkt,Café Rico,2.0,10,False,none,Direct bike ride from home to the café.
trip_a72e76631766_00026_leg_001,trip_a72e76631766_00026,1,2026-01-15T18:00:00,2026-01-15T18:05:00,walking,Heumarkt,Tram Stop Heumarkt,0.4,5,False,none,Walk to the nearest tram stop.
trip_a72e76631766_00026_leg_002,trip_a72e76631766_00026,2,2026-01-15T18:05:00,2026-01-15T18:17:00,tram,Tram Stop Heumarkt,Tram Stop Museum Ludwig,5.0,12,True,monthly_pass,Tram ride covering most of the distance.
trip_a72e76631766_00026_leg_003,trip_a72e76631766_00026,3,2026-01-15T18:17:00,2026-01-15T18:21:00,walking,Tram Stop Museum Ludwig,Museum Ludwig,0.3,4,False,none,Final short walk to the museum.
trip_a72e76631766_00027_leg_001,trip_a72e76631766_00027,1,2026-01-16T07:00:00,2026-01-16T07:05:00,walking,Heumarkt,Köln Hbf,0.4,5,False,none,Walk to Cologne main station.
trip_a72e76631766_00027_leg_002,trip_a72e76631766_00027,2,2026-01-16T07:05:00,2026-01-16T12:50:00,regional_train,Köln Hbf,München Hbf,600.0,345,True,single_ticket,Direct regional train to Munich.
trip_a72e76631766_00027_leg_003,trip_a72e76631766_00027,3,2026-01-16T12:50:00,2026-01-16T13:00:00,walking,München Hbf,Parents' Home,0.6,10,False,none,Walk from Munich station to parents' apartment.
trip_a72e76631766_00028_leg_001,trip_a72e76631766_00028,1,2026-01-17T08:15:00,2026-01-17T08:21:00,walking,Heumarkt,Tram Stop Heumarkt,0.5,6,False,none,Walk to the nearest tram stop.
trip_a72e76631766_00028_leg_002,trip_a72e76631766_00028,2,2026-01-17T08:21:00,2026-01-17T08:36:00,tram,Tram Stop Heumarkt,Tram Stop Deutz,6.0,15,True,monthly_pass,Tram ride towards the office district.
trip_a72e76631766_00028_leg_003,trip_a72e76631766_00028,3,2026-01-17T08:36:00,2026-01-17T08:44:00,bike,Tram Stop Deutz,FinTech Office,2.0,8,False,none,Bike the last kilometre to the office.
trip_a72e76631766_00029_leg_001,trip_a72e76631766_00029,1,2026-01-17T19:30:00,2026-01-17T19:42:00,bike,FinTech Office,Restaurant Zum Goldenen Stern,3.0,12,False,none,Bike from office to restaurant.
trip_a72e76631766_00029_leg_002,trip_a72e76631766_00029,2,2026-01-17T19:42:00,2026-01-17T19:49:00,walking,Restaurant Zum Goldenen Stern,Heumarkt,0.5,7,False,none,Short walk back home.
trip_a72e76631766_00030_leg_001,trip_a72e76631766_00030,1,2026-01-18T14:00:00,2026-01-18T14:04:00,walking,Heumarkt,Car Sharing Spot,0.3,4,False,none,Walk to the nearest car‑sharing vehicle.
trip_a72e76631766_00030_leg_002,trip_a72e76631766_00030,2,2026-01-18T14:04:00,2026-01-18T14:14:00,car_sharing,Car Sharing Spot,CoWorking Space,5.0,10,False,none,Drive the short distance to the meeting location.
trip_a72e76631766_00030_leg_003,trip_a72e76631766_00030,3,2026-01-18T14:14:00,2026-01-18T14:19:00,walking,CoWorking Space,Heumarkt,0.4,5,False,none,Walk back to home after the meeting.
trip_a72e76631766_00031_leg_001,trip_a72e76631766_00031,1,2026-01-19T08:20:00,2026-01-19T08:26:00,walking,Heumarkt,Tram Stop Heumarkt,0.5,6,False,none,Walk to tram stop.
trip_a72e76631766_00031_leg_002,trip_a72e76631766_00031,2,2026-01-19T08:26:00,2026-01-19T08:41:00,tram,Tram Stop Heumarkt,Tram Stop Deutz,6.0,15,True,monthly_pass,Tram ride toward office.
trip_a72e76631766_00031_leg_003,trip_a72e76631766_00031,3,2026-01-19T08:41:00,2026-01-19T08:49:00,bike,Tram Stop Deutz,FinTech Office,2.0,8,False,none,Bike the final segment.
trip_a72e76631766_00032_leg_001,trip_a72e76631766_00032,1,2026-01-19T18:10:00,2026-01-19T18:18:00,bike,FinTech Office,FitX Cologne,2.0,8,False,none,Bike ride to the fitness center.
trip_a72e76631766_00032_leg_002,trip_a72e76631766_00032,2,2026-01-19T18:18:00,2026-01-19T18:25:00,walking,FitX Cologne,Heumarkt,0.5,7,False,none,Walk back home after workout.
trip_a72e76631766_00033_leg_001,trip_a72e76631766_00033,1,2026-01-20T11:30:00,2026-01-20T11:35:00,walking,Heumarkt,Bus Stop Heumarkt,0.4,5,False,none,Walk to the bus stop.
trip_a72e76631766_00033_leg_002,trip_a72e76631766_00033,2,2026-01-20T11:35:00,2026-01-20T11:47:00,bus,Bus Stop Heumarkt,Bus Stop Rheinpark,6.0,12,True,monthly_pass,Bus ride to the park area.
trip_a72e76631766_00033_leg_003,trip_a72e76631766_00033,3,2026-01-20T11:47:00,2026-01-20T11:53:00,walking,Bus Stop Rheinpark,Rheinpark,0.5,6,False,none,Short walk to the park entrance.
trip_a72e76631766_00034_leg_001,trip_a72e76631766_00034,1,2026-01-20T22:00:00,2026-01-20T22:03:00,walking,Heumarkt,Shared Bike Station,0.2,3,False,none,Walk to the shared‑bike docking.
trip_a72e76631766_00034_leg_002,trip_a72e76631766_00034,2,2026-01-20T22:03:00,2026-01-20T22:13:00,shared_bike,Shared Bike Station,Bootshaus,3.0,10,False,none,Ride the shared bike to the club.
trip_a72e76631766_00034_leg_003,trip_a72e76631766_00034,3,2026-01-20T22:13:00,2026-01-20T22:17:00,walking,Bootshaus,Heumarkt,0.3,4,False,none,Final walk back home.
trip_a72e76631766_00035_leg_001,trip_a72e76631766_00035,1,2026-01-21T12:00:00,2026-01-21T12:04:00,walking,Heumarkt,Tram Stop Heumarkt,0.3,4,False,none,Walk to tram stop.
trip_a72e76631766_00035_leg_002,trip_a72e76631766_00035,2,2026-01-21T12:04:00,2026-01-21T12:14:00,tram,Tram Stop Heumarkt,Tram Stop Messezentrum,4.0,10,True,monthly_pass,Tram to the shopping area.
trip_a72e76631766_00035_leg_003,trip_a72e76631766_00035,3,2026-01-21T12:14:00,2026-01-21T12:20:00,walking,Tram Stop Messezentrum,Messezentrum Mall,0.5,6,False,none,Short walk into the mall.
trip_a72e76631766_00036_leg_001,trip_a72e76631766_00036,1,2026-01-21T20:30:00,2026-01-21T20:35:00,walking,Heumarkt,Tram Stop Heumarkt,0.4,5,False,none,Walk to tram stop.
trip_a72e76631766_00036_leg_002,trip_a72e76631766_00036,2,2026-01-21T20:35:00,2026-01-21T20:47:00,tram,Tram Stop Heumarkt,Tram Stop CineStar,5.0,12,True,monthly_pass,Tram to the cinema district.
trip_a72e76631766_00036_leg_003,trip_a72e76631766_00036,3,2026-01-21T20:47:00,2026-01-21T20:52:00,walking,Tram Stop CineStar,CineStar Köln,0.4,5,False,none,Final walk to the cinema.
trip_a72e76631766_00037_leg_001,trip_a72e76631766_00037,1,2026-01-22T07:30:00,2026-01-22T07:35:00,walking,Lena's Home,Köln Hauptbahnhof,0.4,5,False,none,Walk to the main train station.
trip_a72e76631766_00037_leg_002,trip_a72e76631766_00037,2,2026-01-22T07:35:00,2026-01-22T07:50:00,tram,Köln Hauptbahnhof,Deutz/Messe,5.0,15,True,monthly_pass,Stadtbahn ride toward the office district.
trip_a72e76631766_00037_leg_003,trip_a72e76631766_00037,3,2026-01-22T07:50:00,2026-01-22T07:57:00,bike,Deutz/Messe,FinTech Office,2.0,7,False,none,Bike the last kilometre to the office.
trip_a72e76631766_00038_leg_001,trip_a72e76631766_00038,1,2026-01-22T18:00:00,2026-01-22T18:06:00,bike,FinTech Office,Deutz/Messe,2.0,6,False,none,Bike to the tram stop.
trip_a72e76631766_00038_leg_002,trip_a72e76631766_00038,2,2026-01-22T18:06:00,2026-01-22T18:21:00,tram,Deutz/Messe,Köln Hauptbahnhof,5.0,15,True,monthly_pass,Tram back to the main station.
trip_a72e76631766_00038_leg_003,trip_a72e76631766_00038,3,2026-01-22T18:21:00,2026-01-22T18:26:00,walking,Köln Hauptbahnhof,Lena's Home,0.4,5,False,none,Walk home.
trip_a72e76631766_00039_leg_001,trip_a72e76631766_00039,1,2026-01-23T07:45:00,2026-01-23T07:50:00,walking,Lena's Home,Köln Hauptbahnhof,0.4,5,False,none,Walk to the station.
trip_a72e76631766_00039_leg_002,trip_a72e76631766_00039,2,2026-01-23T07:50:00,2026-01-23T08:05:00,tram,Köln Hauptbahnhof,Deutz/Messe,5.0,15,True,monthly_pass,Tram ride toward work.
trip_a72e76631766_00039_leg_003,trip_a72e76631766_00039,3,2026-01-23T08:05:00,2026-01-23T08:12:00,bike,Deutz/Messe,FinTech Office,2.0,7,False,none,Bike the final stretch.
trip_a72e76631766_00040_leg_001,trip_a72e76631766_00040,1,2026-01-23T18:15:00,2026-01-23T18:21:00,bike,FinTech Office,Deutz/Messe,2.0,6,False,none,Bike to the tram stop.
trip_a72e76631766_00040_leg_002,trip_a72e76631766_00040,2,2026-01-23T18:21:00,2026-01-23T18:36:00,tram,Deutz/Messe,Köln Hauptbahnhof,5.0,15,True,monthly_pass,Tram back to the main station.
trip_a72e76631766_00040_leg_003,trip_a72e76631766_00040,3,2026-01-23T18:36:00,2026-01-23T18:41:00,walking,Köln Hauptbahnhof,Lena's Home,0.4,5,False,none,Walk home.
trip_a72e76631766_00041_leg_001,trip_a72e76631766_00041,1,2026-01-23T19:30:00,2026-01-23T19:38:00,walking,Lena's Home,Café Central,0.6,8,False,none,Walk to the nearby café.
trip_a72e76631766_00042_leg_001,trip_a72e76631766_00042,1,2026-01-23T22:00:00,2026-01-23T22:10:00,walking,Café Central,Lena's Home,0.8,10,False,none,Walk home.
trip_a72e76631766_00043_leg_001,trip_a72e76631766_00043,1,2026-01-24T08:00:00,2026-01-24T08:05:00,walking,Lena's Home,Köln Hauptbahnhof,0.4,5,False,none,Walk to the main station.
trip_a72e76631766_00043_leg_002,trip_a72e76631766_00043,2,2026-01-24T08:05:00,2026-01-24T13:35:00,regional_train,Köln Hauptbahnhof,München Hauptbahnhof,600.0,330,True,single_ticket,Direct regional train to Munich.
trip_a72e76631766_00043_leg_003,trip_a72e76631766_00043,3,2026-01-24T13:35:00,2026-01-24T13:45:00,walking,München Hauptbahnhof,Parents' House,0.8,10,False,none,Walk to parents' home.
trip_a72e76631766_00044_leg_001,trip_a72e76631766_00044,1,2026-01-24T20:30:00,2026-01-24T20:40:00,walking,Parents' House,München Hauptbahnhof,0.8,10,False,none,Walk to Munich station.
trip_a72e76631766_00044_leg_002,trip_a72e76631766_00044,2,2026-01-24T20:40:00,2026-01-25T02:10:00,regional_train,München Hauptbahnhof,Köln Hauptbahnhof,600.0,330,True,single_ticket,Night regional train back to Cologne.
trip_a72e76631766_00044_leg_003,trip_a72e76631766_00044,3,2026-01-25T02:10:00,2026-01-25T02:15:00,walking,Köln Hauptbahnhof,Lena's Home,0.4,5,False,none,Final walk home.
trip_a72e76631766_00045_leg_001,trip_a72e76631766_00045,1,2026-01-25T14:00:00,2026-01-25T14:20:00,car_sharing,Lena's Home,Köln Messe Parking,15.0,20,False,none,Drive via car‑sharing to the venue.
trip_a72e76631766_00045_leg_002,trip_a72e76631766_00045,2,2026-01-25T14:20:00,2026-01-25T14:25:00,walking,Köln Messe Parking,Köln Messe,0.4,5,False,none,Walk to the event hall.
trip_a72e76631766_00046_leg_001,trip_a72e76631766_00046,1,2026-01-25T18:30:00,2026-01-25T18:35:00,walking,Köln Messe,Köln Messe Parking,0.4,5,False,none,Walk to the car‑sharing spot.
trip_a72e76631766_00046_leg_002,trip_a72e76631766_00046,2,2026-01-25T18:35:00,2026-01-25T18:55:00,car_sharing,Köln Messe Parking,Lena's Home,15.0,20,False,none,Drive back home.
trip_a72e76631766_00047_leg_001,trip_a72e76631766_00047,1,2026-01-26T19:00:00,2026-01-26T19:05:00,walking,Lena's Home,Heumarkt Tram Stop,0.4,5,False,none,Walk to the nearest tram stop.
trip_a72e76631766_00047_leg_002,trip_a72e76631766_00047,2,2026-01-26T19:05:00,2026-01-26T19:17:00,tram,Heumarkt Tram Stop,Rheinauhafen Stop,4.0,12,True,monthly_pass,Tram ride towards the restaurant district.
trip_a72e76631766_00047_leg_003,trip_a72e76631766_00047,3,2026-01-26T19:17:00,2026-01-26T19:23:00,walking,Rheinauhafen Stop,Restaurant Rheinblick,0.5,6,False,none,Final walk to the restaurant.
trip_a72e76631766_00048_leg_001,trip_a72e76631766_00048,1,2026-01-26T21:30:00,2026-01-26T21:33:00,walking,Restaurant Rheinblick,Rheinauhafen Bike Dock,0.2,3,False,none,Walk to the shared‑bike dock.
trip_a72e76631766_00048_leg_002,trip_a72e76631766_00048,2,2026-01-26T21:33:00,2026-01-26T21:45:00,shared_bike,Rheinauhafen Bike Dock,Bike Dock near Home,3.0,12,False,none,Ride shared bike home.
trip_a72e76631766_00048_leg_003,trip_a72e76631766_00048,3,2026-01-26T21:45:00,2026-01-26T21:49:00,walking,Bike Dock near Home,Lena's Home,0.3,4,False,none,Final short walk home.
trip_a72e76631766_00049_leg_001,trip_a72e76631766_00049,1,2026-01-29T07:45:00,2026-01-29T07:50:00,walking,Lena's Apartment,Tram Stop Heumarkt,0.4,5,False,none,Walk to the nearest tram stop.
trip_a72e76631766_00049_leg_002,trip_a72e76631766_00049,2,2026-01-29T07:50:00,2026-01-29T08:10:00,tram,Tram Stop Heumarkt,Tram Stop Deutz/Messe,5.0,20,True,monthly_pass,Tram ride covering the bulk of the commute.
trip_a72e76631766_00049_leg_003,trip_a72e76631766_00049,3,2026-01-29T08:10:00,2026-01-29T08:17:00,bike,Tram Stop Deutz/Messe,FinTech Office Cologne,2.0,7,False,none,Bike the last kilometre to the office.
trip_a72e76631766_00050_leg_001,trip_a72e76631766_00050,1,2026-01-29T18:10:00,2026-01-29T18:17:00,bike,FinTech Office Cologne,Tram Stop Deutz/Messe,2.0,7,False,none,Bike from office to tram stop.
trip_a72e76631766_00050_leg_002,trip_a72e76631766_00050,2,2026-01-29T18:17:00,2026-01-29T18:37:00,tram,Tram Stop Deutz/Messe,Tram Stop Heumarkt,5.0,20,True,monthly_pass,Tram back towards city centre.
trip_a72e76631766_00050_leg_003,trip_a72e76631766_00050,3,2026-01-29T18:37:00,2026-01-29T18:42:00,walking,Tram Stop Heumarkt,Lena's Apartment,0.4,5,False,none,Walk home from the tram stop.
trip_a72e76631766_00051_leg_001,trip_a72e76631766_00051,1,2026-01-29T20:00:00,2026-01-29T20:10:00,walking,Lena's Apartment,Zum Goldenen Löwen,0.8,10,False,none,Walk to the nearby restaurant.
trip_a72e76631766_00052_leg_001,trip_a72e76631766_00052,1,2026-01-30T19:30:00,2026-01-30T19:38:00,bike,Lena's Apartment,FitX Cologne,3.0,8,False,none,Bike ride to the gym.
trip_a72e76631766_00053_leg_001,trip_a72e76631766_00053,1,2026-01-31T08:00:00,2026-01-31T08:05:00,walking,Lena's Apartment,Köln Hbf,0.5,5,False,none,Walk to Cologne main station.
trip_a72e76631766_00053_leg_002,trip_a72e76631766_00053,2,2026-01-31T08:05:00,2026-01-31T13:35:00,regional_train,Köln Hbf,München Hbf,570.0,330,True,day_ticket,Direct regional train to Munich.
trip_a72e76631766_00053_leg_003,trip_a72e76631766_00053,3,2026-01-31T13:35:00,2026-01-31T13:45:00,walking,München Hbf,Parents' House Munich,0.8,10,False,none,Walk from Munich station to parents' house.
trip_a72e76631766_00054_leg_001,trip_a72e76631766_00054,1,2026-01-31T18:30:00,2026-01-31T18:40:00,walking,Parents' House Munich,München Hbf,0.8,10,False,none,Walk to Munich main station.
trip_a72e76631766_00054_leg_002,trip_a72e76631766_00054,2,2026-01-31T18:40:00,2026-02-01T00:10:00,regional_train,München Hbf,Köln Hbf,570.0,330,True,day_ticket,Overnight regional train back to Cologne.
trip_a72e76631766_00054_leg_003,trip_a72e76631766_00054,3,2026-02-01T00:10:00,2026-02-01T00:15:00,walking,Köln Hbf,Lena's Apartment,0.5,5,False,none,Final walk home.
trip_a72e76631766_00055_leg_001,trip_a72e76631766_00055,1,2026-02-01T09:00:00,2026-02-01T09:05:00,walking,Lena's Apartment,Köln Hbf,0.5,5,False,none,Walk to Cologne main station.
trip_a72e76631766_00055_leg_002,trip_a72e76631766_00055,2,2026-02-01T09:05:00,2026-02-01T15:15:00,regional_train,Köln Hbf,Berlin Hbf,600.0,370,True,day_ticket,Direct regional train to Berlin.
trip_a72e76631766_00055_leg_003,trip_a72e76631766_00055,3,2026-02-01T15:15:00,2026-02-01T15:25:00,walking,Berlin Hbf,Tech Expo Berlin,0.9,10,False,none,Walk from the station to the expo venue.
trip_a72e76631766_00056_leg_001,trip_a72e76631766_00056,1,2026-02-01T18:00:00,2026-02-01T18:10:00,walking,Tech Expo Berlin,Berlin Hbf,0.9,10,False,none,Walk to Berlin main station.
trip_a72e76631766_00056_leg_002,trip_a72e76631766_00056,2,2026-02-01T18:10:00,2026-02-02T00:20:00,regional_train,Berlin Hbf,Köln Hbf,600.0,370,True,day_ticket,Overnight regional train back to Cologne.
trip_a72e76631766_00056_leg_003,trip_a72e76631766_00056,3,2026-02-02T00:20:00,2026-02-02T00:30:00,walking,Köln Hbf,Lena's Apartment,0.5,10,False,none,Final walk home.
trip_a72e76631766_00057_leg_001,trip_a72e76631766_00057,1,2026-02-02T07:50:00,2026-02-02T07:55:00,walking,Lena's Apartment,Bus Stop Köln Süd,0.4,5,False,none,Walk to the nearest bus stop.
trip_a72e76631766_00057_leg_002,trip_a72e76631766_00057,2,2026-02-02T07:55:00,2026-02-02T08:20:00,bus,Bus Stop Köln Süd,Bus Stop Deutz/Messe,6.0,25,True,monthly_pass,Main bus leg covering most of the distance.
trip_a72e76631766_00057_leg_003,trip_a72e76631766_00057,3,2026-02-02T08:20:00,2026-02-02T08:27:00,bike,Bus Stop Deutz/Messe,FinTech Office Cologne,2.0,7,False,none,Bike the last stretch to the office.
trip_a72e76631766_00058_leg_001,trip_a72e76631766_00058,1,2026-02-02T18:05:00,2026-02-02T18:12:00,bike,FinTech Office Cologne,Bus Stop Deutz/Messe,2.0,7,False,none,Bike to the bus stop.
trip_a72e76631766_00058_leg_002,trip_a72e76631766_00058,2,2026-02-02T18:12:00,2026-02-02T18:37:00,bus,Bus Stop Deutz/Messe,Bus Stop Köln Süd,6.0,25,True,monthly_pass,Bus ride back towards the residential area.
trip_a72e76631766_00058_leg_003,trip_a72e76631766_00058,3,2026-02-02T18:37:00,2026-02-02T18:42:00,walking,Bus Stop Köln Süd,Lena's Apartment,0.4,5,False,none,Final walk home.
trip_a72e76631766_00059_leg_001,trip_a72e76631766_00059,1,2026-02-03T18:30:00,2026-02-03T18:42:00,car_sharing,FinTech Office Cologne,FinTech Hub Cologne,4.0,12,False,none,Car‑sharing vehicle booked on‑demand.
trip_a72e76631766_00060_leg_001,trip_a72e76631766_00060,1,2026-02-03T20:00:00,2026-02-03T20:12:00,car_sharing,FinTech Hub Cologne,Car Share Parking Heumarkt,4.0,12,False,none,Drive back towards the city centre.
trip_a72e76631766_00060_leg_002,trip_a72e76631766_00060,2,2026-02-03T20:12:00,2026-02-03T20:17:00,walking,Car Share Parking Heumarkt,Lena's Apartment,0.4,5,False,none,Short walk from the car‑share spot to home.
trip_a72e76631766_00061_leg_001,trip_a72e76631766_00061,1,2026-02-06T08:00:00,2026-02-06T08:05:00,walking,"Lena's Apartment, Innenstadt",Köln Hauptbahnhof Tram Stop,0.4,5,False,none,Walk to the nearest tram stop.
trip_a72e76631766_00061_leg_002,trip_a72e76631766_00061,2,2026-02-06T08:05:00,2026-02-06T08:17:00,tram,Köln Hauptbahnhof Tram Stop,Ehrenfeld Tram Stop,6.0,12,True,monthly_pass,Tram ride towards the office district.
trip_a72e76631766_00061_leg_003,trip_a72e76631766_00061,3,2026-02-06T08:17:00,2026-02-06T08:24:00,bike,Ehrenfeld Tram Stop,"FinTech Office, Ehrenfeld",2.0,7,False,none,Bike the last kilometre to the office.
trip_a72e76631766_00062_leg_001,trip_a72e76631766_00062,1,2026-02-06T18:30:00,2026-02-06T18:37:00,bike,"FinTech Office, Ehrenfeld",Ehrenfeld Tram Stop,2.0,7,False,none,Bike to the tram stop.
trip_a72e76631766_00062_leg_002,trip_a72e76631766_00062,2,2026-02-06T18:37:00,2026-02-06T18:49:00,tram,Ehrenfeld Tram Stop,Köln Hauptbahnhof Tram Stop,6.0,12,True,monthly_pass,Tram back towards city centre.
trip_a72e76631766_00062_leg_003,trip_a72e76631766_00062,3,2026-02-06T18:49:00,2026-02-06T18:54:00,walking,Köln Hauptbahnhof Tram Stop,"Lena's Apartment, Innenstadt",0.4,5,False,none,Walk home.
trip_a72e76631766_00063_leg_001,trip_a72e76631766_00063,1,2026-02-06T19:30:00,2026-02-06T19:35:00,walking,"Lena's Apartment, Innenstadt",Shared Bike Dock A,0.3,5,False,none,Walk to the nearest shared‑bike dock.
trip_a72e76631766_00063_leg_002,trip_a72e76631766_00063,2,2026-02-06T19:35:00,2026-02-06T19:42:00,shared_bike,Shared Bike Dock A,Shared Bike Dock B near Café Rico,2.0,7,True,none,Ride a shared bike to the café area.
trip_a72e76631766_00063_leg_003,trip_a72e76631766_00063,3,2026-02-06T19:42:00,2026-02-06T19:45:00,walking,Shared Bike Dock B near Café Rico,Café Rico,0.2,3,False,none,Short walk to the café entrance.
trip_a72e76631766_00064_leg_001,trip_a72e76631766_00064,1,2026-02-07T08:30:00,2026-02-07T08:45:00,bike,"Lena's Apartment, Innenstadt",Rheinpark,5.0,15,False,none,Direct bike ride to the river park.
trip_a72e76631766_00065_leg_001,trip_a72e76631766_00065,1,2026-02-07T18:00:00,2026-02-07T18:05:00,walking,"Lena's Apartment, Innenstadt",Tram Stop A,0.4,5,False,none,Walk to the nearest tram stop.
trip_a72e76631766_00065_leg_002,trip_a72e76631766_00065,2,2026-02-07T18:05:00,2026-02-07T18:15:00,tram,Tram Stop A,Tram Stop B near FitX,5.0,10,True,monthly_pass,Tram ride towards the gym district.
trip_a72e76631766_00065_leg_003,trip_a72e76631766_00065,3,2026-02-07T18:15:00,2026-02-07T18:19:00,walking,Tram Stop B near FitX,FitX Cologne,0.3,4,False,none,Final short walk to the gym.
trip_a72e76631766_00066_leg_001,trip_a72e76631766_00066,1,2026-02-07T19:15:00,2026-02-07T19:19:00,walking,FitX Cologne,Tram Stop B near FitX,0.3,4,False,none,Walk to tram stop.
trip_a72e76631766_00066_leg_002,trip_a72e76631766_00066,2,2026-02-07T19:19:00,2026-02-07T19:29:00,tram,Tram Stop B near FitX,Tram Stop A,5.0,10,True,monthly_pass,Tram back towards city centre.
trip_a72e76631766_00066_leg_003,trip_a72e76631766_00066,3,2026-02-07T19:29:00,2026-02-07T19:34:00,walking,Tram Stop A,"Lena's Apartment, Innenstadt",0.4,5,False,none,Final walk home.
trip_a72e76631766_00067_leg_001,trip_a72e76631766_00067,1,2026-02-08T08:00:00,2026-02-08T08:05:00,walking,"Lena's Apartment, Innenstadt",Köln Hauptbahnhof Tram Stop,0.4,5,False,none,Walk to tram stop.
trip_a72e76631766_00067_leg_002,trip_a72e76631766_00067,2,2026-02-08T08:05:00,2026-02-08T08:17:00,tram,Köln Hauptbahnhof Tram Stop,Ehrenfeld Tram Stop,6.0,12,True,monthly_pass,Tram towards the office district.
trip_a72e76631766_00067_leg_003,trip_a72e76631766_00067,3,2026-02-08T08:17:00,2026-02-08T08:24:00,bike,Ehrenfeld Tram Stop,"FinTech Office, Ehrenfeld",2.0,7,False,none,Bike the last kilometre to the office.
trip_a72e76631766_00068_leg_001,trip_a72e76631766_00068,1,2026-02-08T18:30:00,2026-02-08T18:37:00,bike,"FinTech Office, Ehrenfeld",Ehrenfeld Tram Stop,2.0,7,False,none,Bike to tram stop.
trip_a72e76631766_00068_leg_002,trip_a72e76631766_00068,2,2026-02-08T18:37:00,2026-02-08T18:49:00,tram,Ehrenfeld Tram Stop,Köln Hauptbahnhof Tram Stop,6.0,12,True,monthly_pass,Tram back towards city centre.
trip_a72e76631766_00068_leg_003,trip_a72e76631766_00068,3,2026-02-08T18:49:00,2026-02-08T18:54:00,walking,Köln Hauptbahnhof Tram Stop,"Lena's Apartment, Innenstadt",0.4,5,False,none,Walk home.
trip_a72e76631766_00069_leg_001,trip_a72e76631766_00069,1,2026-02-08T20:30:00,2026-02-08T20:35:00,walking,"Lena's Apartment, Innenstadt",Tram Stop C,0.4,5,False,none,Walk to the nearest tram stop.
trip_a72e76631766_00069_leg_002,trip_a72e76631766_00069,2,2026-02-08T20:35:00,2026-02-08T20:47:00,tram,Tram Stop C,Tram Stop D near restaurant,6.0,12,True,monthly_pass,Tram ride to the restaurant district.
trip_a72e76631766_00069_leg_003,trip_a72e76631766_00069,3,2026-02-08T20:47:00,2026-02-08T20:51:00,walking,Tram Stop D near restaurant,Restaurant Zum Goldenen Stern,0.3,4,False,none,Short walk to the restaurant entrance.
trip_a72e76631766_00070_leg_001,trip_a72e76631766_00070,1,2026-02-10T07:00:00,2026-02-10T07:07:00,bike,"Lena's Apartment, Innenstadt",Bike Dock at Köln Hauptbahnhof,2.0,7,False,none,Bike to the main train station.
trip_a72e76631766_00070_leg_002,trip_a72e76631766_00070,2,2026-02-10T07:07:00,2026-02-10T07:13:00,walking,Bike Dock at Köln Hauptbahnhof,Köln Hauptbahnhof Platform,0.5,6,False,none,Walk to the regional train platform.
trip_a72e76631766_00070_leg_003,trip_a72e76631766_00070,3,2026-02-10T07:13:00,2026-02-10T10:28:00,regional_train,Köln Hauptbahnhof,Munich Hauptbahnhof,580.0,195,True,day_ticket,Direct regional train to Munich.
trip_a72e76631766_00071_leg_001,trip_a72e76631766_00071,1,2026-02-10T16:00:00,2026-02-10T19:15:00,regional_train,Munich Hauptbahnhof,Köln Hauptbahnhof,580.0,195,True,day_ticket,Direct regional train back to Cologne.
trip_a72e76631766_00071_leg_002,trip_a72e76631766_00071,2,2026-02-10T19:15:00,2026-02-10T19:21:00,walking,Köln Hauptbahnhof Platform,Bike Dock at Köln Hauptbahnhof,0.5,6,False,none,Walk to the bike dock.
trip_a72e76631766_00071_leg_003,trip_a72e76631766_00071,3,2026-02-10T19:21:00,2026-02-10T19:28:00,bike,Bike Dock at Köln Hauptbahnhof,"Lena's Apartment, Innenstadt",2.0,7,False,none,Bike home from the station.
trip_a72e76631766_00072_leg_001,trip_a72e76631766_00072,1,2026-02-11T12:00:00,2026-02-11T12:04:00,walking,Museum Ludwig,Tram Stop E,0.3,4,False,none,Walk to the nearest tram stop.
trip_a72e76631766_00072_leg_002,trip_a72e76631766_00072,2,2026-02-11T12:04:00,2026-02-11T12:16:00,tram,Tram Stop E,Tram Stop F near home,6.0,12,True,monthly_pass,Tram ride back towards the city centre.
trip_a72e76631766_00072_leg_003,trip_a72e76631766_00072,3,2026-02-11T12:16:00,2026-02-11T12:21:00,walking,Tram Stop F near home,"Lena's Apartment, Innenstadt",0.4,5,False,none,Final walk home.
trip_a72e76631766_00073_leg_001,trip_a72e76631766_00073,1,2026-02-12T07:30:00,2026-02-12T07:35:00,walking,Lena's apartment,Tram stop Heumarkt,0.3,5,False,none,Walk to the nearest tram stop.
trip_a72e76631766_00073_leg_002,trip_a72e76631766_00073,2,2026-02-12T07:35:00,2026-02-12T07:47:00,tram,Tram stop Heumarkt,Tram stop Deutzer Freiheit,5.0,12,True,monthly_pass,Tram ride towards the office district.
trip_a72e76631766_00073_leg_003,trip_a72e76631766_00073,3,2026-02-12T07:47:00,2026-02-12T08:15:00,bike,Tram stop Deutzer Freiheit,Fintech office Innenstadt,1.2,28,False,none,Bike the last kilometre to the office.
trip_a72e76631766_00074_leg_001,trip_a72e76631766_00074,1,2026-02-12T17:45:00,2026-02-12T17:53:00,bike,Fintech office Innenstadt,Tram stop Deutzer Freiheit,1.2,8,False,none,Bike to the tram stop.
trip_a72e76631766_00074_leg_002,trip_a72e76631766_00074,2,2026-02-12T17:53:00,2026-02-12T18:25:00,tram,Tram stop Deutzer Freiheit,Tram stop Heumarkt,5.0,32,True,monthly_pass,Tram ride back towards home.
trip_a72e76631766_00074_leg_003,trip_a72e76631766_00074,3,2026-02-12T18:25:00,2026-02-12T18:30:00,walking,Tram stop Heumarkt,Lena's apartment,0.3,5,False,none,Walk the final short distance home.
trip_a72e76631766_00075_leg_001,trip_a72e76631766_00075,1,2026-02-13T19:00:00,2026-02-13T19:06:00,bike,Lena's apartment,Café am Dom,2.0,6,False,none,Bike directly to the restaurant.
trip_a72e76631766_00076_leg_001,trip_a72e76631766_00076,1,2026-02-13T21:30:00,2026-02-13T21:36:00,bike,Café am Dom,Lena's apartment,2.0,6,False,none,Bike back home.
trip_a72e76631766_00077_leg_001,trip_a72e76631766_00077,1,2026-02-14T10:00:00,2026-02-14T10:10:00,bike,Lena's apartment,FitX Gym Cologne,3.0,10,False,none,Bike to the gym.
trip_a72e76631766_00078_leg_001,trip_a72e76631766_00078,1,2026-02-14T13:00:00,2026-02-14T13:10:00,bike,FitX Gym Cologne,Lena's apartment,3.0,10,False,none,Bike back home.
trip_a72e76631766_00079_leg_001,trip_a72e76631766_00079,1,2026-02-14T15:00:00,2026-02-14T15:05:00,walking,Lena's apartment,Köln Hauptbahnhof,0.4,5,False,none,Walk to the main train station.
trip_a72e76631766_00079_leg_002,trip_a72e76631766_00079,2,2026-02-14T15:05:00,2026-02-14T17:35:00,regional_train,Köln Hauptbahnhof,München Hauptbahnhof,580.0,150,True,monthly_pass,Direct regional train to Munich.
trip_a72e76631766_00079_leg_003,trip_a72e76631766_00079,3,2026-02-14T17:35:00,2026-02-14T17:40:00,walking,München Hauptbahnhof,Parents' house Munich,0.4,5,False,none,Walk from the station to parents' home.
trip_a72e76631766_00080_leg_001,trip_a72e76631766_00080,1,2026-02-15T10:00:00,2026-02-15T10:05:00,walking,Parents' house Munich,München Hauptbahnhof,0.4,5,False,none,Walk to Munich main station.
trip_a72e76631766_00080_leg_002,trip_a72e76631766_00080,2,2026-02-15T10:05:00,2026-02-15T12:35:00,regional_train,München Hauptbahnhof,Köln Hauptbahnhof,580.0,150,True,monthly_pass,Direct regional train back to Cologne.
trip_a72e76631766_00080_leg_003,trip_a72e76631766_00080,3,2026-02-15T12:35:00,2026-02-15T12:40:00,walking,Köln Hauptbahnhof,Lena's apartment,0.4,5,False,none,Walk home from the station.
trip_a72e76631766_00081_leg_001,trip_a72e76631766_00081,1,2026-02-15T14:00:00,2026-02-15T14:03:00,walking,Lena's apartment,Tram stop Dom/Hbf,0.3,3,False,none,Walk to the tram stop.
trip_a72e76631766_00081_leg_002,trip_a72e76631766_00081,2,2026-02-15T14:03:00,2026-02-15T14:13:00,tram,Tram stop Dom/Hbf,Tram stop Museum Ludwig,2.5,10,True,monthly_pass,Tram ride to the museum.
trip_a72e76631766_00081_leg_003,trip_a72e76631766_00081,3,2026-02-15T14:13:00,2026-02-15T14:15:00,walking,Tram stop Museum Ludwig,Museum Ludwig,0.2,2,False,none,Final short walk to the museum entrance.
trip_a72e76631766_00082_leg_001,trip_a72e76631766_00082,1,2026-02-15T17:00:00,2026-02-15T17:02:00,walking,Museum Ludwig,Tram stop Museum Ludwig,0.2,2,False,none,Walk to tram stop.
trip_a72e76631766_00082_leg_002,trip_a72e76631766_00082,2,2026-02-15T17:02:00,2026-02-15T17:12:00,tram,Tram stop Museum Ludwig,Tram stop Dom/Hbf,2.5,10,True,monthly_pass,Tram back towards city centre.
trip_a72e76631766_00082_leg_003,trip_a72e76631766_00082,3,2026-02-15T17:12:00,2026-02-15T17:15:00,walking,Tram stop Dom/Hbf,Lena's apartment,0.3,3,False,none,Walk home.
trip_a72e76631766_00083_leg_001,trip_a72e76631766_00083,1,2026-02-16T07:30:00,2026-02-16T07:35:00,walking,Lena's apartment,Tram stop Heumarkt,0.3,5,False,none,Walk to tram stop.
trip_a72e76631766_00083_leg_002,trip_a72e76631766_00083,2,2026-02-16T07:35:00,2026-02-16T07:47:00,tram,Tram stop Heumarkt,Tram stop Deutzer Freiheit,5.0,12,True,monthly_pass,Tram ride towards office.
trip_a72e76631766_00083_leg_003,trip_a72e76631766_00083,3,2026-02-16T07:47:00,2026-02-16T08:15:00,bike,Tram stop Deutzer Freiheit,Fintech office Innenstadt,1.2,28,False,none,Bike the final segment to the office.
trip_a72e76631766_00084_leg_001,trip_a72e76631766_00084,1,2026-02-16T17:45:00,2026-02-16T17:53:00,bike,Fintech office Innenstadt,Tram stop Deutzer Freiheit,1.2,8,False,none,Bike to the tram stop.
trip_a72e76631766_00084_leg_002,trip_a72e76631766_00084,2,2026-02-16T17:53:00,2026-02-16T18:25:00,tram,Tram stop Deutzer Freiheit,Tram stop Heumarkt,5.0,32,True,monthly_pass,Tram ride back towards home.
trip_a72e76631766_00084_leg_003,trip_a72e76631766_00084,3,2026-02-16T18:25:00,2026-02-16T18:30:00,walking,Tram stop Heumarkt,Lena's apartment,0.3,5,False,none,Final walk home.
trip_a72e76631766_00085_leg_001,trip_a72e76631766_00085,1,2026-02-19T07:30:00,2026-02-19T07:35:00,walking,Heidestraße,Heumarkt Tram Stop,0.4,5,False,none,Walk to nearest tram stop.
trip_a72e76631766_00085_leg_002,trip_a72e76631766_00085,2,2026-02-19T07:35:00,2026-02-19T07:55:00,tram,Heumarkt Tram Stop,Deutzer Freiheit Stop,5.0,20,True,monthly_pass,Tram line 16 towards Deutzer.
trip_a72e76631766_00085_leg_003,trip_a72e76631766_00085,3,2026-02-19T07:55:00,2026-02-19T08:05:00,bike,Deutzer Freiheit Stop,FinTech Office,1.5,10,False,none,Bike the last kilometre to the office.
trip_a72e76631766_00086_leg_001,trip_a72e76631766_00086,1,2026-02-19T17:45:00,2026-02-19T17:55:00,bike,FinTech Office,Deutzer Freiheit Stop,1.5,10,False,none,Bike to tram stop.
trip_a72e76631766_00086_leg_002,trip_a72e76631766_00086,2,2026-02-19T17:55:00,2026-02-19T18:15:00,tram,Deutzer Freiheit Stop,Heumarkt Tram Stop,5.0,20,True,monthly_pass,Tram back towards city centre.
trip_a72e76631766_00086_leg_003,trip_a72e76631766_00086,3,2026-02-19T18:15:00,2026-02-19T18:20:00,walking,Heumarkt Tram Stop,Heidestraße,0.4,5,False,none,Walk home.
trip_a72e76631766_00087_leg_001,trip_a72e76631766_00087,1,2026-02-20T18:30:00,2026-02-20T18:35:00,walking,FinTech Office,NextBike Station,0.3,5,False,none,Walk to shared‑bike dock.
trip_a72e76631766_00087_leg_002,trip_a72e76631766_00087,2,2026-02-20T18:35:00,2026-02-20T18:45:00,shared_bike,NextBike Station,Rheinblick Dock,2.0,10,False,none,Ride shared bike to restaurant area.
trip_a72e76631766_00087_leg_003,trip_a72e76631766_00087,3,2026-02-20T18:45:00,2026-02-20T18:50:00,walking,Rheinblick Dock,Restaurant Rheinblick,0.2,5,False,none,Final walk to restaurant entrance.
trip_a72e76631766_00088_leg_001,trip_a72e76631766_00088,1,2026-02-21T18:30:00,2026-02-21T18:35:00,walking,FinTech Office,Tram Stop A,0.3,5,False,none,Walk to tram stop.
trip_a72e76631766_00088_leg_002,trip_a72e76631766_00088,2,2026-02-21T18:35:00,2026-02-21T18:50:00,tram,Tram Stop A,Tram Stop B,4.0,15,True,monthly_pass,Tram ride towards gym district.
trip_a72e76631766_00088_leg_003,trip_a72e76631766_00088,3,2026-02-21T18:50:00,2026-02-21T18:55:00,walking,Tram Stop B,FitX Gym,0.2,5,False,none,Short walk to gym entrance.
trip_a72e76631766_00089_leg_001,trip_a72e76631766_00089,1,2026-02-22T07:35:00,2026-02-22T07:40:00,walking,Heidestraße,Heumarkt Tram Stop,0.4,5,False,none,Walk to tram stop.
trip_a72e76631766_00089_leg_002,trip_a72e76631766_00089,2,2026-02-22T07:40:00,2026-02-22T08:00:00,tram,Heumarkt Tram Stop,Deutzer Freiheit Stop,5.0,20,True,monthly_pass,Tram ride towards office.
trip_a72e76631766_00089_leg_003,trip_a72e76631766_00089,3,2026-02-22T08:00:00,2026-02-22T08:10:00,bike,Deutzer Freiheit Stop,FinTech Office,1.5,10,False,none,Bike the last kilometre.
trip_a72e76631766_00090_leg_001,trip_a72e76631766_00090,1,2026-02-22T17:40:00,2026-02-22T17:50:00,bike,FinTech Office,Deutzer Freiheit Stop,1.5,10,False,none,Bike to tram stop.
trip_a72e76631766_00090_leg_002,trip_a72e76631766_00090,2,2026-02-22T17:50:00,2026-02-22T18:10:00,tram,Deutzer Freiheit Stop,Heumarkt Tram Stop,5.0,20,True,monthly_pass,Tram back to city centre.
trip_a72e76631766_00090_leg_003,trip_a72e76631766_00090,3,2026-02-22T18:10:00,2026-02-22T18:15:00,walking,Heumarkt Tram Stop,Heidestraße,0.4,5,False,none,Walk home.
trip_a72e76631766_00091_leg_001,trip_a72e76631766_00091,1,2026-02-23T20:00:00,2026-02-23T20:05:00,walking,FinTech Office,ShareNow Spot,0.3,5,False,none,Walk to car‑sharing vehicle.
trip_a72e76631766_00091_leg_002,trip_a72e76631766_00091,2,2026-02-23T20:05:00,2026-02-23T20:35:00,car_sharing,ShareNow Spot,Club Parking,12.0,30,False,none,Drive directly to club area.
trip_a72e76631766_00091_leg_003,trip_a72e76631766_00091,3,2026-02-23T20:35:00,2026-02-23T20:40:00,walking,Club Parking,Club Nachtleben,0.2,5,False,none,Final walk to entrance.
trip_a72e76631766_00092_leg_001,trip_a72e76631766_00092,1,2026-02-24T08:00:00,2026-02-24T08:10:00,walking,Heidestraße,Köln Hbf,0.8,10,False,none,Walk to main train station.
trip_a72e76631766_00092_leg_002,trip_a72e76631766_00092,2,2026-02-24T08:10:00,2026-02-24T11:40:00,regional_train,Köln Hbf,München Hbf,550.0,210,True,day_ticket,Direct regional train to Munich.
trip_a72e76631766_00092_leg_003,trip_a72e76631766_00092,3,2026-02-24T11:40:00,2026-02-24T11:50:00,walking,München Hbf,Parents' House,0.8,10,False,none,Walk from station to parents' home.
trip_a72e76631766_00093_leg_001,trip_a72e76631766_00093,1,2026-02-24T09:30:00,2026-02-24T10:00:00,bike,Heidestraße,Stadtpark,8.0,30,False,none,Direct bike ride to the city park.
trip_a72e76631766_00094_leg_001,trip_a72e76631766_00094,1,2026-02-24T19:00:00,2026-02-24T19:05:00,walking,Heidestraße,Tram Stop C,0.3,5,False,none,Walk to tram stop.
trip_a72e76631766_00094_leg_002,trip_a72e76631766_00094,2,2026-02-24T19:05:00,2026-02-24T19:25:00,tram,Tram Stop C,Tram Stop D,5.0,20,True,monthly_pass,Tram to opera district.
trip_a72e76631766_00094_leg_003,trip_a72e76631766_00094,3,2026-02-24T19:25:00,2026-02-24T19:30:00,walking,Tram Stop D,Kölner Oper,0.2,5,False,none,Walk to opera entrance.
trip_a72e76631766_00095_leg_001,trip_a72e76631766_00095,1,2026-02-25T11:00:00,2026-02-25T11:05:00,walking,Heidestraße,Café Frühling,0.4,5,False,none,Walk to nearby café for brunch.
trip_a72e76631766_00096_leg_001,trip_a72e76631766_00096,1,2026-02-25T14:00:00,2026-02-25T14:10:00,walking,Parents' House,München Hbf,0.8,10,False,none,Walk to Munich main station.
trip_a72e76631766_00096_leg_002,trip_a72e76631766_00096,2,2026-02-25T14:10:00,2026-02-25T17:40:00,regional_train,München Hbf,Köln Hbf,550.0,210,True,day_ticket,Direct regional train back to Cologne.
trip_a72e76631766_00096_leg_003,trip_a72e76631766_00096,3,2026-02-25T17:40:00,2026-02-25T17:50:00,walking,Köln Hbf,Heidestraße,0.8,10,False,none,Walk home from station.
trip_a72e76631766_00097_leg_001,trip_a72e76631766_00097,1,2026-02-26T07:45:00,2026-02-26T07:50:00,walking,Apartment Entrance,Tram Stop Ehrenfeld,0.3,5,False,none,Walk to the nearest tram stop.
trip_a72e76631766_00097_leg_002,trip_a72e76631766_00097,2,2026-02-26T07:50:00,2026-02-26T08:10:00,tram,Tram Stop Ehrenfeld,Tram Stop Rheinauhafen,10.0,20,True,monthly_pass,Tram ride covering most of the commute.
trip_a72e76631766_00097_leg_003,trip_a72e76631766_00097,3,2026-02-26T08:10:00,2026-02-26T08:20:00,bike,Tram Stop Rheinauhafen,FinTech Office Köln - Rheinauhafen,1.7,10,False,none,Bike the last kilometre to the office.
trip_a72e76631766_00098_leg_001,trip_a72e76631766_00098,1,2026-02-26T13:00:00,2026-02-26T13:03:00,walking,Office Lobby,Car‑Sharing Spot,0.2,3,False,none,Walk to the nearby car‑sharing vehicle.
trip_a72e76631766_00098_leg_002,trip_a72e76631766_00098,2,2026-02-26T13:03:00,2026-02-26T13:15:00,car_sharing,Car‑Sharing Spot,Client Parking Düsseldorf,5.0,12,False,none,Drive to client location using on‑demand car sharing.
trip_a72e76631766_00098_leg_003,trip_a72e76631766_00098,3,2026-02-26T13:15:00,2026-02-26T13:20:00,walking,Client Parking Düsseldorf,Client Office Reception,0.3,5,False,none,Final walk to the meeting room.
trip_a72e76631766_00099_leg_001,trip_a72e76631766_00099,1,2026-02-26T18:15:00,2026-02-26T18:25:00,bike,FinTech Office Köln - Rheinauhafen,Tram Stop Rheinauhafen,1.7,10,False,none,Bike from office to tram stop.
trip_a72e76631766_00099_leg_002,trip_a72e76631766_00099,2,2026-02-26T18:25:00,2026-02-26T18:45:00,tram,Tram Stop Rheinauhafen,Tram Stop Ehrenfeld,10.0,20,True,monthly_pass,Tram back towards home.
trip_a72e76631766_00099_leg_003,trip_a72e76631766_00099,3,2026-02-26T18:45:00,2026-02-26T18:50:00,walking,Tram Stop Ehrenfeld,Apartment Entrance,0.3,5,False,none,Walk the short final stretch home.
trip_a72e76631766_00100_leg_001,trip_a72e76631766_00100,1,2026-02-27T19:00:00,2026-02-27T19:20:00,tram,Office Tram Stop,Tram Stop Goldener Löwen,8.0,20,True,monthly_pass,Tram ride to the restaurant district.
trip_a72e76631766_00100_leg_002,trip_a72e76631766_00100,2,2026-02-27T19:20:00,2026-02-27T19:25:00,walking,Tram Stop Goldener Löwen,Zum Goldenen Löwen,0.5,5,False,none,Short walk to the restaurant.
trip_a72e76631766_00101_leg_001,trip_a72e76631766_00101,1,2026-02-28T10:00:00,2026-02-28T10:20:00,bike,Apartment Entrance,FitX Köln-Mülheim,5.0,20,False,none,Direct bike ride to the fitness centre.
trip_a72e76631766_00102_leg_001,trip_a72e76631766_00102,1,2026-02-28T14:00:00,2026-02-28T14:15:00,walking,FitX Köln-Mülheim,Café Rico,0.8,15,False,none,Leisurely walk to a nearby café.
trip_a72e76631766_00103_leg_001,trip_a72e76631766_00103,1,2026-03-01T07:30:00,2026-03-01T07:35:00,bike,Apartment Entrance,Köln Main Station Bike Parking,0.5,5,False,none,Bike to the main train station.
trip_a72e76631766_00103_leg_002,trip_a72e76631766_00103,2,2026-03-01T07:35:00,2026-03-01T12:05:00,regional_train,Köln Main Station,Munich Central Station,570.0,270,True,single_ticket,Direct regional train to Munich.
trip_a72e76631766_00103_leg_003,trip_a72e76631766_00103,3,2026-03-01T12:05:00,2026-03-01T12:10:00,walking,Munich Central Station,Parents' House Munich,0.5,5,False,none,Short walk to parents' home.
trip_a72e76631766_00104_leg_001,trip_a72e76631766_00104,1,2026-03-01T18:30:00,2026-03-01T18:35:00,walking,Parents' House Munich,Munich Central Station,0.5,5,False,none,Walk to the train station.
trip_a72e76631766_00104_leg_002,trip_a72e76631766_00104,2,2026-03-01T18:35:00,2026-03-01T23:05:00,regional_train,Munich Central Station,Köln Main Station,570.0,270,True,single_ticket,Direct regional train back to Cologne.
trip_a72e76631766_00105_leg_001,trip_a72e76631766_00105,1,2026-03-02T08:00:00,2026-03-02T08:05:00,walking,Apartment Entrance,Tram Stop Ehrenfeld,0.3,5,False,none,Walk to tram stop.
trip_a72e76631766_00105_leg_002,trip_a72e76631766_00105,2,2026-03-02T08:05:00,2026-03-02T08:25:00,tram,Tram Stop Ehrenfeld,Tram Stop Rheinauhafen,10.0,20,True,monthly_pass,Tram ride.
trip_a72e76631766_00105_leg_003,trip_a72e76631766_00105,3,2026-03-02T08:25:00,2026-03-02T08:35:00,bike,Tram Stop Rheinauhafen,FinTech Office Köln - Rheinauhafen,1.7,10,False,none,Bike the final segment.
trip_a72e76631766_00106_leg_001,trip_a72e76631766_00106,1,2026-03-02T17:30:00,2026-03-02T17:40:00,bike,FinTech Office Köln - Rheinauhafen,Tram Stop Rheinauhafen,1.7,10,False,none,Bike to tram stop.
trip_a72e76631766_00106_leg_002,trip_a72e76631766_00106,2,2026-03-02T17:40:00,2026-03-02T18:00:00,tram,Tram Stop Rheinauhafen,Tram Stop Ehrenfeld,10.0,20,True,monthly_pass,Tram back towards home.
trip_a72e76631766_00106_leg_003,trip_a72e76631766_00106,3,2026-03-02T18:00:00,2026-03-02T18:05:00,walking,Tram Stop Ehrenfeld,Apartment Entrance,0.3,5,False,none,Final walk home.
trip_a72e76631766_00107_leg_001,trip_a72e76631766_00107,1,2026-03-04T20:00:00,2026-03-04T20:15:00,tram,Apartment Tram Stop,Tram Stop Bar Schmitz,6.0,15,True,monthly_pass,Tram ride to nightlife district.
trip_a72e76631766_00107_leg_002,trip_a72e76631766_00107,2,2026-03-04T20:15:00,2026-03-04T20:30:00,walking,Tram Stop Bar Schmitz,Bar Schmitz,0.4,5,False,none,Walk to the bar.
trip_a72e76631766_00108_leg_001,trip_a72e76631766_00108,1,2026-03-04T22:30:00,2026-03-04T22:35:00,walking,Bar Schmitz,Tram Stop Bar Schmitz,0.4,5,False,none,Walk to tram stop.
trip_a72e76631766_00108_leg_002,trip_a72e76631766_00108,2,2026-03-04T22:35:00,2026-03-04T22:55:00,tram,Tram Stop Bar Schmitz,Apartment Tram Stop,6.0,15,True,monthly_pass,Tram back towards home.
trip_a72e76631766_00109_leg_001,trip_a72e76631766_00109,1,2026-03-05T07:30:00,2026-03-05T07:35:00,walking,Apartment entrance,Tram stop Köln Südstadt,0.4,5,False,none,Walk to the nearest tram stop.
trip_a72e76631766_00109_leg_002,trip_a72e76631766_00109,2,2026-03-05T07:35:00,2026-03-05T07:50:00,tram,Tram stop Köln Südstadt,Tram stop Rheinauhafen,5.0,15,True,monthly_pass,Tram ride covering most of the commute.
trip_a72e76631766_00109_leg_003,trip_a72e76631766_00109,3,2026-03-05T07:50:00,2026-03-05T08:00:00,bike,Tram stop Rheinauhafen,FinTech office,2.0,10,False,none,Bike the last kilometre to the office.
trip_a72e76631766_00110_leg_001,trip_a72e76631766_00110,1,2026-03-05T18:30:00,2026-03-05T18:38:00,bike,FinTech office,Tram stop Rheinauhafen,2.0,8,False,none,Bike to the nearest tram stop.
trip_a72e76631766_00110_leg_002,trip_a72e76631766_00110,2,2026-03-05T18:38:00,2026-03-05T18:50:00,tram,Tram stop Rheinauhafen,Tram stop Dom/Hbf,4.0,12,True,monthly_pass,Tram across the city centre.
trip_a72e76631766_00110_leg_003,trip_a72e76631766_00110,3,2026-03-05T18:50:00,2026-03-05T19:00:00,walking,Tram stop Dom/Hbf,Café am Dom,0.3,10,False,none,Short walk to the café.
trip_a72e76631766_00111_leg_001,trip_a72e76631766_00111,1,2026-03-05T21:30:00,2026-03-05T21:35:00,walking,Café am Dom,Bike station near Dom,0.3,5,False,none,Walk to the shared bike dock.
trip_a72e76631766_00111_leg_002,trip_a72e76631766_00111,2,2026-03-05T21:35:00,2026-03-05T21:47:00,bike,Bike station near Dom,Lena's apartment,3.0,12,False,none,Bike home.
trip_a72e76631766_00112_leg_001,trip_a72e76631766_00112,1,2026-03-07T07:35:00,2026-03-07T07:40:00,walking,Apartment entrance,Tram stop Südstadt,0.4,5,False,none,Walk to tram stop.
trip_a72e76631766_00112_leg_002,trip_a72e76631766_00112,2,2026-03-07T07:40:00,2026-03-07T07:55:00,tram,Tram stop Südstadt,Tram stop Rheinauhafen,5.0,15,True,monthly_pass,Tram ride.
trip_a72e76631766_00112_leg_003,trip_a72e76631766_00112,3,2026-03-07T07:55:00,2026-03-07T08:05:00,bike,Tram stop Rheinauhafen,FinTech office,2.0,10,False,none,Bike the last kilometre.
trip_a72e76631766_00113_leg_001,trip_a72e76631766_00113,1,2026-03-07T18:00:00,2026-03-07T18:05:00,walking,FinTech office,Car‑sharing spot A,0.4,5,False,none,Walk to car‑sharing vehicle.
trip_a72e76631766_00113_leg_002,trip_a72e76631766_00113,2,2026-03-07T18:05:00,2026-03-07T18:17:00,car_sharing,Car‑sharing spot A,Event venue,6.0,12,False,none,Drive to networking event.
trip_a72e76631766_00114_leg_001,trip_a72e76631766_00114,1,2026-03-07T20:30:00,2026-03-07T20:42:00,car_sharing,Event venue,Car‑sharing spot B,6.0,12,False,none,Drive close to home.
trip_a72e76631766_00114_leg_002,trip_a72e76631766_00114,2,2026-03-07T20:42:00,2026-03-07T20:47:00,walking,Car‑sharing spot B,Apartment entrance,0.4,5,False,none,Walk the final metres home.
trip_a72e76631766_00115_leg_001,trip_a72e76631766_00115,1,2026-03-08T18:15:00,2026-03-08T18:25:00,bike,FinTech office,FitX Gym,2.0,10,False,none,Bike to the gym.
trip_a72e76631766_00116_leg_001,trip_a72e76631766_00116,1,2026-03-08T20:00:00,2026-03-08T20:10:00,bike,FitX Gym,Apartment entrance,2.0,10,False,none,Bike back home.
trip_a72e76631766_00117_leg_001,trip_a72e76631766_00117,1,2026-03-10T07:00:00,2026-03-10T07:05:00,walking,Apartment entrance,Köln Hbf,0.4,5,False,none,Walk to main train station.
trip_a72e76631766_00117_leg_002,trip_a72e76631766_00117,2,2026-03-10T07:05:00,2026-03-10T11:30:00,regional_train,Köln Hbf,München Hbf,600.0,265,True,single_ticket,Direct regional train to Munich.
trip_a72e76631766_00118_leg_001,trip_a72e76631766_00118,1,2026-03-10T12:00:00,2026-03-10T12:10:00,walking,München Hbf,Family restaurant,0.8,10,False,none,Walk to the restaurant.
trip_a72e76631766_00119_leg_001,trip_a72e76631766_00119,1,2026-03-10T18:00:00,2026-03-10T22:25:00,regional_train,München Hbf,Köln Hbf,600.0,265,True,single_ticket,Direct regional train back to Cologne.
trip_a72e76631766_00119_leg_002,trip_a72e76631766_00119,2,2026-03-10T22:25:00,2026-03-10T22:30:00,walking,Köln Hbf,Apartment entrance,0.4,5,False,none,Walk home from the station.
trip_a72e76631766_00120_leg_001,trip_a72e76631766_00120,1,2026-03-11T10:00:00,2026-03-11T10:05:00,walking,Apartment entrance,Tram stop Südstadt,0.3,5,False,none,Walk to tram stop.
trip_a72e76631766_00120_leg_002,trip_a72e76631766_00120,2,2026-03-11T10:05:00,2026-03-11T10:20:00,tram,Tram stop Südstadt,Tram stop Museum/Ludwig,4.0,15,True,monthly_pass,Tram ride to museum area.
trip_a72e76631766_00120_leg_003,trip_a72e76631766_00120,3,2026-03-11T10:20:00,2026-03-11T10:30:00,walking,Tram stop Museum/Ludwig,Museum Ludwig,0.2,10,False,none,Short walk to museum entrance.
trip_a72e76631766_00121_leg_001,trip_a72e76631766_00121,1,2026-03-12T07:30:00,2026-03-12T07:37:00,walking,Home,Köln Hbf,0.5,7,False,none,Walk to Cologne main station
trip_a72e76631766_00121_leg_002,trip_a72e76631766_00121,2,2026-03-12T07:40:00,2026-03-12T12:00:00,regional_train,Köln Hbf,München Hbf,570.0,260,True,single_ticket,Regional train to Munich
trip_a72e76631766_00121_leg_003,trip_a72e76631766_00121,3,2026-03-12T12:02:00,2026-03-12T12:10:00,walking,München Hbf,Parents' house,0.6,8,False,none,Walk to parents
trip_a72e76631766_00122_leg_001,trip_a72e76631766_00122,1,2026-03-12T18:00:00,2026-03-12T18:08:00,walking,Parents' house,München Hbf,0.6,8,False,none,Walk to Munich main station
trip_a72e76631766_00122_leg_002,trip_a72e76631766_00122,2,2026-03-12T18:10:00,2026-03-12T22:30:00,regional_train,München Hbf,Köln Hbf,570.0,260,True,single_ticket,Regional train back to Cologne
trip_a72e76631766_00122_leg_003,trip_a72e76631766_00122,3,2026-03-12T22:32:00,2026-03-12T22:39:00,walking,Köln Hbf,Home,0.5,7,False,none,Walk home
trip_a72e76631766_00123_leg_001,trip_a72e76631766_00123,1,2026-03-13T09:00:00,2026-03-13T09:30:00,bike,Home,FitX Gym,5.0,30,False,none,Bike to gym
trip_a72e76631766_00124_leg_001,trip_a72e76631766_00124,1,2026-03-13T12:30:00,2026-03-13T13:00:00,bike,FitX Gym,Home,5.0,30,False,none,Bike home
trip_a72e76631766_00125_leg_001,trip_a72e76631766_00125,1,2026-03-14T07:45:00,2026-03-14T07:50:00,walking,Home,Tramstop A,0.4,5,False,none,Walk to tram stop
trip_a72e76631766_00125_leg_002,trip_a72e76631766_00125,2,2026-03-14T07:52:00,2026-03-14T08:07:00,tram,Tramstop A,Tramstop B,8.0,15,True,monthly_pass,Tram towards office
trip_a72e76631766_00125_leg_003,trip_a72e76631766_00125,3,2026-03-14T08:07:00,2026-03-14T08:09:00,walking,Tramstop B,Bike station,0.2,2,False,none,Walk to bike share
trip_a72e76631766_00125_leg_004,trip_a72e76631766_00125,4,2026-03-14T08:09:00,2026-03-14T08:29:00,bike,Bike station,FinTech Office,8.0,20,False,none,Bike the last kilometre to office
trip_a72e76631766_00126_leg_001,trip_a72e76631766_00126,1,2026-03-14T17:30:00,2026-03-14T17:50:00,bike,FinTech Office,Bike station,8.0,20,False,none,Bike to tram stop
trip_a72e76631766_00126_leg_002,trip_a72e76631766_00126,2,2026-03-14T17:50:00,2026-03-14T17:52:00,walking,Bike station,Tramstop B,0.2,2,False,none,Walk to tram
trip_a72e76631766_00126_leg_003,trip_a72e76631766_00126,3,2026-03-14T17:55:00,2026-03-14T18:10:00,tram,Tramstop B,Tramstop A,8.0,15,True,monthly_pass,Tram homeward
trip_a72e76631766_00126_leg_004,trip_a72e76631766_00126,4,2026-03-14T18:10:00,2026-03-14T18:15:00,walking,Tramstop A,Home,0.4,5,False,none,Walk home
trip_a72e76631766_00127_leg_001,trip_a72e76631766_00127,1,2026-03-15T19:00:00,2026-03-15T19:04:00,walking,Home,U-Bahn Station,0.3,4,False,none,Walk to subway
trip_a72e76631766_00127_leg_002,trip_a72e76631766_00127,2,2026-03-15T19:06:00,2026-03-15T19:21:00,subway,U-Bahn Station,City Center Station,5.0,15,True,monthly_pass,Subway ride to city centre
trip_a72e76631766_00127_leg_003,trip_a72e76631766_00127,3,2026-03-15T19:21:00,2026-03-15T19:24:00,walking,City Center Station,Zum Goldenen Stern,0.2,3,False,none,Walk to restaurant
trip_a72e76631766_00128_leg_001,trip_a72e76631766_00128,1,2026-03-15T21:30:00,2026-03-15T21:35:00,walking,Zum Goldenen Stern,Home,0.5,5,False,none,Walk home
trip_a72e76631766_00129_leg_001,trip_a72e76631766_00129,1,2026-03-16T18:30:00,2026-03-16T19:00:00,bike,Home,Yoga Studio,6.0,30,False,none,Bike to yoga
trip_a72e76631766_00130_leg_001,trip_a72e76631766_00130,1,2026-03-16T20:30:00,2026-03-16T21:00:00,bike,Yoga Studio,Home,6.0,30,False,none,Bike home
trip_a72e76631766_00131_leg_001,trip_a72e76631766_00131,1,2026-03-17T07:40:00,2026-03-17T07:45:00,walking,Home,Tramstop A,0.4,5,False,none,Walk to tram stop
trip_a72e76631766_00131_leg_002,trip_a72e76631766_00131,2,2026-03-17T07:47:00,2026-03-17T08:02:00,tram,Tramstop A,Tramstop B,8.0,15,True,monthly_pass,Tram towards office
trip_a72e76631766_00131_leg_003,trip_a72e76631766_00131,3,2026-03-17T08:02:00,2026-03-17T08:04:00,walking,Tramstop B,Bike station,0.2,2,False,none,Walk to bike
trip_a72e76631766_00131_leg_004,trip_a72e76631766_00131,4,2026-03-17T08:04:00,2026-03-17T08:24:00,bike,Bike station,FinTech Office,8.0,20,False,none,Bike the last kilometre to office
trip_a72e76631766_00132_leg_001,trip_a72e76631766_00132,1,2026-03-17T17:30:00,2026-03-17T17:50:00,bike,FinTech Office,Bike station,8.0,20,False,none,Bike to tram stop
trip_a72e76631766_00132_leg_002,trip_a72e76631766_00132,2,2026-03-17T17:50:00,2026-03-17T17:52:00,walking,Bike station,Tramstop B,0.2,2,False,none,Walk to tram
trip_a72e76631766_00132_leg_003,trip_a72e76631766_00132,3,2026-03-17T17:55:00,2026-03-17T18:10:00,tram,Tramstop B,Tramstop A,8.0,15,True,monthly_pass,Tram homeward
trip_a72e76631766_00132_leg_004,trip_a72e76631766_00132,4,2026-03-17T18:10:00,2026-03-17T18:15:00,walking,Tramstop A,Home,0.4,5,False,none,Walk home
trip_a72e76631766_00133_leg_001,trip_a72e76631766_00133,1,2026-03-19T07:30:00,2026-03-19T07:35:00,walking,Lena's Apartment,Deutz Station,0.4,5,False,none,Short walk to the nearest subway station.
trip_a72e76631766_00133_leg_002,trip_a72e76631766_00133,2,2026-03-19T07:37:00,2026-03-19T07:52:00,subway,Deutz Station,Köln Hauptbahnhof,5.0,15,True,monthly_pass,U‑Bahn ride to central station.
trip_a72e76631766_00133_leg_003,trip_a72e76631766_00133,3,2026-03-19T07:52:00,2026-03-19T08:02:00,bike,Köln Hauptbahnhof,FinTech Office MediaPark,2.0,10,False,none,Bike the last kilometre to the office.
trip_a72e76631766_00134_leg_001,trip_a72e76631766_00134,1,2026-03-19T17:30:00,2026-03-19T17:40:00,bike,FinTech Office MediaPark,Köln Hauptbahnhof,2.0,10,False,none,Bike to the central station.
trip_a72e76631766_00134_leg_002,trip_a72e76631766_00134,2,2026-03-19T17:42:00,2026-03-19T17:57:00,subway,Köln Hauptbahnhof,Deutz Station,5.0,15,True,monthly_pass,U‑Bahn back to Deutz.
trip_a72e76631766_00134_leg_003,trip_a72e76631766_00134,3,2026-03-19T17:57:00,2026-03-19T18:00:00,walking,Deutz Station,Lena's Apartment,0.4,3,False,none,Short walk home.
trip_a72e76631766_00135_leg_001,trip_a72e76631766_00135,1,2026-03-20T18:00:00,2026-03-20T18:03:00,walking,Lena's Apartment,Car‑Sharing Pickup Spot,0.3,3,False,none,Walk to the nearby car‑sharing vehicle.
trip_a72e76631766_00135_leg_002,trip_a72e76631766_00135,2,2026-03-20T18:03:00,2026-03-20T18:15:00,car_sharing,Car‑Sharing Pickup Spot,Client Meeting at Köln City Center,5.0,12,False,none,On‑demand car‑sharing drives directly to the meeting venue.
trip_a72e76631766_00136_leg_001,trip_a72e76631766_00136,1,2026-03-20T20:00:00,2026-03-20T20:02:00,walking,Client Meeting at Köln City Center,Tram Stop Dom,0.2,2,False,none,Short walk to the tram stop.
trip_a72e76631766_00136_leg_002,trip_a72e76631766_00136,2,2026-03-20T20:04:00,2026-03-20T20:19:00,tram,Tram Stop Dom,Tram Stop Deutz,6.0,15,True,monthly_pass,Tram ride back towards home area.
trip_a72e76631766_00136_leg_003,trip_a72e76631766_00136,3,2026-03-20T20:19:00,2026-03-20T20:22:00,walking,Tram Stop Deutz,Lena's Apartment,0.1,3,False,none,Final walk home.
trip_a72e76631766_00137_leg_001,trip_a72e76631766_00137,1,2026-03-21T08:00:00,2026-03-21T08:05:00,walking,Lena's Apartment,Köln Hauptbahnhof,0.5,5,False,none,Walk to the main train station.
trip_a72e76631766_00137_leg_002,trip_a72e76631766_00137,2,2026-03-21T08:10:00,2026-03-21T12:25:00,regional_train,Köln Hauptbahnhof,Munich Hauptbahnhof,575.0,255,True,day_ticket,Direct regional train to Munich.
trip_a72e76631766_00137_leg_003,trip_a72e76631766_00137,3,2026-03-21T12:25:00,2026-03-21T12:35:00,walking,Munich Hauptbahnhof,Parents' House in Munich,0.5,10,False,none,Short walk to parents' home.
trip_a72e76631766_00138_leg_001,trip_a72e76631766_00138,1,2026-03-21T18:30:00,2026-03-21T18:40:00,walking,Parents' House in Munich,Munich Hauptbahnhof,0.5,10,False,none,Walk to Munich main station.
trip_a72e76631766_00138_leg_002,trip_a72e76631766_00138,2,2026-03-21T18:45:00,2026-03-21T23:00:00,regional_train,Munich Hauptbahnhof,Köln Hauptbahnhof,575.0,255,True,day_ticket,Direct regional train back to Cologne.
trip_a72e76631766_00138_leg_003,trip_a72e76631766_00138,3,2026-03-21T23:00:00,2026-03-21T23:10:00,walking,Köln Hauptbahnhof,Lena's Apartment,0.5,10,False,none,Final walk home.
trip_a72e76631766_00139_leg_001,trip_a72e76631766_00139,1,2026-03-22T10:00:00,2026-03-22T10:12:00,bike,Lena's Apartment,FitX Gym Cologne,3.0,12,False,none,Direct bike ride to the gym.
trip_a72e76631766_00140_leg_001,trip_a72e76631766_00140,1,2026-03-22T12:30:00,2026-03-22T12:42:00,bike,FitX Gym Cologne,Lena's Apartment,3.0,12,False,none,Bike ride back home.
trip_a72e76631766_00141_leg_001,trip_a72e76631766_00141,1,2026-03-22T14:30:00,2026-03-22T14:34:00,walking,Lena's Apartment,Tram Stop Am Dom,0.3,4,False,none,Walk to the nearest tram stop.
trip_a72e76631766_00141_leg_002,trip_a72e76631766_00141,2,2026-03-22T14:36:00,2026-03-22T14:46:00,tram,Tram Stop Am Dom,Tram Stop Museum Ludwig,4.0,10,True,monthly_pass,Tram ride to the museum area.
trip_a72e76631766_00141_leg_003,trip_a72e76631766_00141,3,2026-03-22T14:46:00,2026-03-22T14:47:00,walking,Tram Stop Museum Ludwig,Museum Ludwig,0.2,1,False,none,Final short walk to the museum entrance.
trip_a72e76631766_00142_leg_001,trip_a72e76631766_00142,1,2026-03-22T16:30:00,2026-03-22T16:35:00,walking,Museum Ludwig,Lena's Apartment,0.5,5,False,none,Direct walk home.
trip_a72e76631766_00143_leg_001,trip_a72e76631766_00143,1,2026-03-23T08:00:00,2026-03-23T08:05:00,walking,Lena's Apartment,Tram Stop Am Dom,0.5,5,False,none,Walk to the nearest tram stop.
trip_a72e76631766_00143_leg_002,trip_a72e76631766_00143,2,2026-03-23T08:07:00,2026-03-23T08:19:00,tram,Tram Stop Am Dom,Tram Stop MediaPark,4.0,12,True,monthly_pass,Tram ride towards MediaPark.
trip_a72e76631766_00143_leg_003,trip_a72e76631766_00143,3,2026-03-23T08:19:00,2026-03-23T08:27:00,bike,Tram Stop MediaPark,FinTech Office MediaPark,2.0,8,False,none,Bike the last stretch to the office.
trip_a72e76631766_00144_leg_001,trip_a72e76631766_00144,1,2026-03-23T16:30:00,2026-03-23T16:40:00,bike,FinTech Office MediaPark,Tram Stop MediaPark,2.0,10,False,none,Bike to the tram stop.
trip_a72e76631766_00144_leg_002,trip_a72e76631766_00144,2,2026-03-23T16:42:00,2026-03-23T16:54:00,tram,Tram Stop MediaPark,Tram Stop Am Dom,4.0,12,True,monthly_pass,Tram back towards city centre.
trip_a72e76631766_00144_leg_003,trip_a72e76631766_00144,3,2026-03-23T16:54:00,2026-03-23T16:57:00,walking,Tram Stop Am Dom,Lena's Apartment,0.5,3,False,none,Final walk home.
trip_a72e76631766_00145_leg_001,trip_a72e76631766_00145,1,2026-03-26T07:45:00,2026-03-26T07:55:00,walking,Apartment Südstadt,Tram Stop Südstadt,0.5,10,False,none,Walk to nearest tram stop.
trip_a72e76631766_00145_leg_002,trip_a72e76631766_00145,2,2026-03-26T07:55:00,2026-03-26T08:20:00,tram,Tram Stop Südstadt,Tram Stop Ehrenfeld,5.0,25,True,monthly_pass,Take tram line 12 towards Ehrenfeld.
trip_a72e76631766_00145_leg_003,trip_a72e76631766_00145,3,2026-03-26T08:20:00,2026-03-26T08:30:00,bike,Tram Stop Ehrenfeld,FinTech Office Ehrenfeld,2.0,10,False,none,Bike the last kilometre to office.
trip_a72e76631766_00146_leg_001,trip_a72e76631766_00146,1,2026-03-26T17:45:00,2026-03-26T17:55:00,bike,FinTech Office Ehrenfeld,Tram Stop Ehrenfeld,2.0,10,False,none,Bike to the nearest tram stop.
trip_a72e76631766_00146_leg_002,trip_a72e76631766_00146,2,2026-03-26T17:55:00,2026-03-26T18:20:00,tram,Tram Stop Ehrenfeld,Tram Stop Südstadt,5.0,25,True,monthly_pass,Tram back towards Südstadt.
trip_a72e76631766_00146_leg_003,trip_a72e76631766_00146,3,2026-03-26T18:20:00,2026-03-26T18:30:00,walking,Tram Stop Südstadt,Apartment Südstadt,0.5,10,False,none,Walk home from the tram stop.
trip_a72e76631766_00147_leg_001,trip_a72e76631766_00147,1,2026-03-28T08:00:00,2026-03-28T08:10:00,walking,Apartment Südstadt,Köln Hbf,0.5,10,False,none,Walk to Cologne main station.
trip_a72e76631766_00147_leg_002,trip_a72e76631766_00147,2,2026-03-28T08:10:00,2026-03-28T11:30:00,regional_train,Köln Hbf,München Hbf,575.0,200,True,monthly_pass,Regional train to Munich.
trip_a72e76631766_00147_leg_003,trip_a72e76631766_00147,3,2026-03-28T11:30:00,2026-03-28T11:45:00,walking,München Hbf,"Parents' house, Munich",1.0,15,False,none,Walk from Munich station to parents' home.
trip_a72e76631766_00148_leg_001,trip_a72e76631766_00148,1,2026-03-30T19:00:00,2026-03-30T19:10:00,walking,FinTech Office Ehrenfeld,Tram Stop Ehrenfeld,0.5,10,False,none,Walk to tram stop.
trip_a72e76631766_00148_leg_002,trip_a72e76631766_00148,2,2026-03-30T19:10:00,2026-03-30T19:40:00,tram,Tram Stop Ehrenfeld,Tram Stop Altstadt,5.0,30,True,monthly_pass,Tram ride to city centre.
trip_a72e76631766_00148_leg_003,trip_a72e76631766_00148,3,2026-03-30T19:40:00,2026-03-30T20:30:00,walking,Tram Stop Altstadt,Café Rico Altstadt,2.0,50,False,none,Stroll to the restaurant.
trip_a72e76631766_00149_leg_001,trip_a72e76631766_00149,1,2026-03-31T07:50:00,2026-03-31T08:00:00,walking,Apartment Südstadt,Tram Stop Südstadt,0.5,10,False,none,Walk to tram stop.
trip_a72e76631766_00149_leg_002,trip_a72e76631766_00149,2,2026-03-31T08:00:00,2026-03-31T08:25:00,tram,Tram Stop Südstadt,Tram Stop Ehrenfeld,5.0,25,True,monthly_pass,Tram ride towards Ehrenfeld.
trip_a72e76631766_00149_leg_003,trip_a72e76631766_00149,3,2026-03-31T08:25:00,2026-03-31T08:35:00,bike,Tram Stop Ehrenfeld,FinTech Office Ehrenfeld,2.0,10,False,none,Bike the final segment to the office.
trip_a72e76631766_00150_leg_001,trip_a72e76631766_00150,1,2026-03-31T17:40:00,2026-03-31T17:50:00,bike,FinTech Office Ehrenfeld,Tram Stop Ehrenfeld,2.0,10,False,none,Bike to the tram stop.
trip_a72e76631766_00150_leg_002,trip_a72e76631766_00150,2,2026-03-31T17:50:00,2026-03-31T18:15:00,tram,Tram Stop Ehrenfeld,Tram Stop Südstadt,5.0,25,True,monthly_pass,Tram back towards home area.
trip_a72e76631766_00150_leg_003,trip_a72e76631766_00150,3,2026-03-31T18:15:00,2026-03-31T18:25:00,walking,Tram Stop Südstadt,Apartment Südstadt,0.5,10,False,none,Walk home from the stop.
trip_b1658e4125e8_00001_leg_001,trip_b1658e4125e8_00001,1,2026-01-01T08:00:00,2026-01-01T08:20:00,bike,Home,Mainz Office,5.0,20,False,none,Direct bike ride from home to the office.
trip_b1658e4125e8_00002_leg_001,trip_b1658e4125e8_00002,1,2026-01-01T19:30:00,2026-01-01T19:35:00,walking,Home,Bike Station,0.3,5,False,none,Walk to the nearest shared‑bike station.
trip_b1658e4125e8_00002_leg_002,trip_b1658e4125e8_00002,2,2026-01-01T19:35:00,2026-01-01T19:42:00,shared_bike,Bike Station,Restaurant Entrance,2.0,7,False,none,Ride a shared bike to the restaurant.
trip_b1658e4125e8_00002_leg_003,trip_b1658e4125e8_00002,3,2026-01-01T19:42:00,2026-01-01T19:45:00,walking,Restaurant Entrance,Zum Goldenen Hirsch,0.2,3,False,none,Short walk to the table.
trip_b1658e4125e8_00003_leg_001,trip_b1658e4125e8_00003,1,2026-01-02T07:30:00,2026-01-02T07:45:00,bike,Home,Mainz Hauptbahnhof,5.0,15,False,none,Bike ride to the main train station.
trip_b1658e4125e8_00003_leg_002,trip_b1658e4125e8_00003,2,2026-01-02T07:45:00,2026-01-02T08:30:00,regional_train,Mainz Hauptbahnhof,Frankfurt Hauptbahnhof,80.0,45,True,subscription,"Regional train to Frankfurt, covered by her flexible subscription."
trip_b1658e4125e8_00003_leg_003,trip_b1658e4125e8_00003,3,2026-01-02T08:30:00,2026-01-02T08:37:00,bike,Frankfurt Hauptbahnhof,Frankfurt Consulting Office,2.0,7,False,none,Final bike segment to the client office.
trip_b1658e4125e8_00004_leg_001,trip_b1658e4125e8_00004,1,2026-01-02T18:00:00,2026-01-02T18:07:00,bike,Frankfurt Consulting Office,Frankfurt Hauptbahnhof,2.0,7,False,none,Bike to the train station.
trip_b1658e4125e8_00004_leg_002,trip_b1658e4125e8_00004,2,2026-01-02T18:07:00,2026-01-02T18:52:00,regional_train,Frankfurt Hauptbahnhof,Mainz Hauptbahnhof,80.0,45,True,subscription,Regional train back to Mainz.
trip_b1658e4125e8_00004_leg_003,trip_b1658e4125e8_00004,3,2026-01-02T18:52:00,2026-01-02T19:07:00,bike,Mainz Hauptbahnhof,Home,5.0,15,False,none,Bike home from the station.
trip_b1658e4125e8_00005_leg_001,trip_b1658e4125e8_00005,1,2026-01-03T10:00:00,2026-01-03T10:15:00,bike,Home,Mainz Hauptbahnhof,5.0,15,False,none,Bike to the main station.
trip_b1658e4125e8_00005_leg_002,trip_b1658e4125e8_00005,2,2026-01-03T10:15:00,2026-01-03T10:45:00,regional_train,Mainz Hauptbahnhof,Bingen Hauptbahnhof,30.0,30,True,subscription,Regional train to Bingen.
trip_b1658e4125e8_00005_leg_003,trip_b1658e4125e8_00005,3,2026-01-03T10:45:00,2026-01-03T10:52:00,walking,Bingen Hauptbahnhof,Weingut Bingen,0.5,7,False,none,Short walk to the winery.
trip_b1658e4125e8_00006_leg_001,trip_b1658e4125e8_00006,1,2026-01-03T16:00:00,2026-01-03T16:07:00,walking,Weingut Bingen,Bingen Hauptbahnhof,0.5,7,False,none,Walk back to the station.
trip_b1658e4125e8_00006_leg_002,trip_b1658e4125e8_00006,2,2026-01-03T16:07:00,2026-01-03T16:37:00,regional_train,Bingen Hauptbahnhof,Mainz Hauptbahnhof,30.0,30,True,subscription,Regional train back to Mainz.
trip_b1658e4125e8_00006_leg_003,trip_b1658e4125e8_00006,3,2026-01-03T16:37:00,2026-01-03T16:52:00,bike,Mainz Hauptbahnhof,Home,5.0,15,False,none,Bike home from the station.
trip_b1658e4125e8_00007_leg_001,trip_b1658e4125e8_00007,1,2026-01-03T20:00:00,2026-01-03T20:15:00,tram,Home,Tram Stop Central,3.0,15,True,subscription,Tram ride to the nightlife district.
trip_b1658e4125e8_00007_leg_002,trip_b1658e4125e8_00007,2,2026-01-03T20:15:00,2026-01-03T20:20:00,walking,Tram Stop Central,Bar Central,0.3,5,False,none,Short walk to the bar.
trip_b1658e4125e8_00008_leg_001,trip_b1658e4125e8_00008,1,2026-01-04T11:00:00,2026-01-04T11:10:00,walking,Home,FitX Mainz,0.8,10,False,none,Walk to the gym.
trip_b1658e4125e8_00009_leg_001,trip_b1658e4125e8_00009,1,2026-01-04T14:00:00,2026-01-04T14:10:00,walking,FitX Mainz,Home,0.8,10,False,none,Walk back home.
trip_b1658e4125e8_00010_leg_001,trip_b1658e4125e8_00010,1,2026-01-05T08:30:00,2026-01-05T08:50:00,bike,Home,Mainz Office,5.0,20,False,none,Direct bike ride to work.
trip_b1658e4125e8_00011_leg_001,trip_b1658e4125e8_00011,1,2026-01-06T09:00:00,2026-01-06T09:15:00,bike,Home,Mainz Hauptbahnhof,5.0,15,False,none,Bike to the main station.
trip_b1658e4125e8_00011_leg_002,trip_b1658e4125e8_00011,2,2026-01-06T09:15:00,2026-01-06T11:15:00,regional_train,Mainz Hauptbahnhof,Düsseldorf Hauptbahnhof,300.0,120,True,subscription,"Long‑distance ICE, covered by flexible subscription."
trip_b1658e4125e8_00011_leg_003,trip_b1658e4125e8_00011,3,2026-01-06T11:15:00,2026-01-06T11:22:00,shared_bike,Düsseldorf Hauptbahnhof,Düsseldorf Office,2.0,7,False,none,Shared bike for the last kilometre to the office.
trip_b1658e4125e8_00012_leg_001,trip_b1658e4125e8_00012,1,2026-01-06T18:30:00,2026-01-06T18:37:00,shared_bike,Düsseldorf Office,Düsseldorf Hauptbahnhof,2.0,7,False,none,Shared bike to the main station.
trip_b1658e4125e8_00012_leg_002,trip_b1658e4125e8_00012,2,2026-01-06T18:37:00,2026-01-06T20:37:00,regional_train,Düsseldorf Hauptbahnhof,Mainz Hauptbahnhof,300.0,120,True,subscription,ICE back to Mainz.
trip_b1658e4125e8_00012_leg_003,trip_b1658e4125e8_00012,3,2026-01-06T20:37:00,2026-01-06T20:52:00,bike,Mainz Hauptbahnhof,Home,5.0,15,False,none,Bike home from the station.
trip_b1658e4125e8_00013_leg_001,trip_b1658e4125e8_00013,1,2026-01-08T07:45:00,2026-01-08T07:50:00,walking,Apartment,Tram stop,0.4,5,False,none,Walk to the nearest tram stop.
trip_b1658e4125e8_00013_leg_002,trip_b1658e4125e8_00013,2,2026-01-08T07:50:00,2026-01-08T08:05:00,tram,Tram stop,Mainz Hbf,5.0,15,True,subscription,Tram ride to the main station.
trip_b1658e4125e8_00013_leg_003,trip_b1658e4125e8_00013,3,2026-01-08T08:05:00,2026-01-08T08:10:00,walking,Mainz Hbf,Office,0.3,5,False,none,Walk from station to office.
trip_b1658e4125e8_00014_leg_001,trip_b1658e4125e8_00014,1,2026-01-08T19:00:00,2026-01-08T19:08:00,bike,Office,Restaurant,2.5,8,False,none,Bike to the restaurant.
trip_b1658e4125e8_00014_leg_002,trip_b1658e4125e8_00014,2,2026-01-08T19:08:00,2026-01-08T19:20:00,bike,Restaurant,Apartment,3.0,12,False,none,Bike home after dinner.
trip_b1658e4125e8_00015_leg_001,trip_b1658e4125e8_00015,1,2026-01-09T06:30:00,2026-01-09T06:35:00,walking,Apartment,Mainz station,0.3,5,False,none,Walk to the main train station.
trip_b1658e4125e8_00015_leg_002,trip_b1658e4125e8_00015,2,2026-01-09T06:35:00,2026-01-09T07:20:00,regional_train,Mainz station,Frankfurt Hbf,80.0,45,True,subscription,Regional train to Frankfurt.
trip_b1658e4125e8_00015_leg_003,trip_b1658e4125e8_00015,3,2026-01-09T07:20:00,2026-01-09T10:50:00,regional_train,Frankfurt Hbf,Munich Hbf,300.0,210,True,subscription,ICE (treated as regional train) to Munich.
trip_b1658e4125e8_00015_leg_004,trip_b1658e4125e8_00015,4,2026-01-09T10:50:00,2026-01-09T11:00:00,bike,Munich Hbf,Hotel,3.0,10,False,none,Bike from station to the hotel.
trip_b1658e4125e8_00016_leg_001,trip_b1658e4125e8_00016,1,2026-01-09T18:30:00,2026-01-09T18:40:00,bike,Hotel,Munich Hbf,3.0,10,False,none,Bike to the station.
trip_b1658e4125e8_00016_leg_002,trip_b1658e4125e8_00016,2,2026-01-09T18:40:00,2026-01-09T22:10:00,regional_train,Munich Hbf,Frankfurt Hbf,300.0,210,True,subscription,ICE back to Frankfurt.
trip_b1658e4125e8_00016_leg_003,trip_b1658e4125e8_00016,3,2026-01-09T22:10:00,2026-01-09T22:55:00,regional_train,Frankfurt Hbf,Mainz Hbf,80.0,45,True,subscription,Regional train to Mainz.
trip_b1658e4125e8_00016_leg_004,trip_b1658e4125e8_00016,4,2026-01-09T22:55:00,2026-01-09T23:00:00,walking,Mainz Hbf,Apartment,0.3,5,False,none,Walk home.
trip_b1658e4125e8_00017_leg_001,trip_b1658e4125e8_00017,1,2026-01-10T10:00:00,2026-01-10T10:05:00,walking,Apartment,Mainz station,0.3,5,False,none,Walk to the station.
trip_b1658e4125e8_00017_leg_002,trip_b1658e4125e8_00017,2,2026-01-10T10:05:00,2026-01-10T10:50:00,regional_train,Mainz station,Bingen station,70.0,45,True,subscription,Regional train to Bingen.
trip_b1658e4125e8_00017_leg_003,trip_b1658e4125e8_00017,3,2026-01-10T10:50:00,2026-01-10T11:02:00,bike,Bingen station,Vineyard,4.0,12,False,none,Bike to the vineyard.
trip_b1658e4125e8_00018_leg_001,trip_b1658e4125e8_00018,1,2026-01-10T16:00:00,2026-01-10T16:12:00,bike,Vineyard,Bingen station,4.0,12,False,none,Bike back to the station.
trip_b1658e4125e8_00018_leg_002,trip_b1658e4125e8_00018,2,2026-01-10T16:12:00,2026-01-10T16:57:00,regional_train,Bingen station,Mainz station,70.0,45,True,subscription,Regional train back to Mainz.
trip_b1658e4125e8_00018_leg_003,trip_b1658e4125e8_00018,3,2026-01-10T16:57:00,2026-01-10T17:02:00,walking,Mainz station,Apartment,0.3,5,False,none,Walk home.
trip_b1658e4125e8_00019_leg_001,trip_b1658e4125e8_00019,1,2026-01-11T09:30:00,2026-01-11T09:40:00,bike,Apartment,Gym,3.0,10,False,none,Bike to the gym.
trip_b1658e4125e8_00020_leg_001,trip_b1658e4125e8_00020,1,2026-01-11T11:30:00,2026-01-11T11:35:00,walking,Gym,Apartment,0.4,5,False,none,Walk home.
trip_b1658e4125e8_00021_leg_001,trip_b1658e4125e8_00021,1,2026-01-12T08:15:00,2026-01-12T08:20:00,walking,Apartment,Bus stop,0.3,5,False,none,Walk to the bus stop.
trip_b1658e4125e8_00021_leg_002,trip_b1658e4125e8_00021,2,2026-01-12T08:20:00,2026-01-12T08:40:00,bus,Bus stop,Coworking stop,6.0,20,True,subscription,Bus ride to coworking area.
trip_b1658e4125e8_00021_leg_003,trip_b1658e4125e8_00021,3,2026-01-12T08:40:00,2026-01-12T08:45:00,walking,Coworking stop,Coworking desk,0.3,5,False,none,Final short walk.
trip_b1658e4125e8_00022_leg_001,trip_b1658e4125e8_00022,1,2026-01-12T17:45:00,2026-01-12T17:50:00,walking,Coworking desk,Bus stop,0.3,5,False,none,Walk to the bus stop.
trip_b1658e4125e8_00022_leg_002,trip_b1658e4125e8_00022,2,2026-01-12T17:50:00,2026-01-12T18:10:00,bus,Bus stop,Home stop,6.0,20,True,subscription,Bus ride back home.
trip_b1658e4125e8_00022_leg_003,trip_b1658e4125e8_00022,3,2026-01-12T18:10:00,2026-01-12T18:15:00,walking,Home stop,Apartment,0.3,5,False,none,Walk home.
trip_b1658e4125e8_00023_leg_001,trip_b1658e4125e8_00023,1,2026-01-13T07:00:00,2026-01-13T07:05:00,walking,Apartment,Mainz station,0.3,5,False,none,Walk to Mainz Hbf.
trip_b1658e4125e8_00023_leg_002,trip_b1658e4125e8_00023,2,2026-01-13T07:05:00,2026-01-13T08:35:00,regional_train,Mainz station,Köln Hbf,80.0,90,True,subscription,Regional train to Cologne.
trip_b1658e4125e8_00023_leg_003,trip_b1658e4125e8_00023,3,2026-01-13T08:35:00,2026-01-13T09:05:00,regional_train,Köln Hbf,Düsseldorf Hbf,40.0,30,True,subscription,ICE (treated as regional) to Düsseldorf.
trip_b1658e4125e8_00023_leg_004,trip_b1658e4125e8_00023,4,2026-01-13T09:05:00,2026-01-13T09:13:00,bike,Düsseldorf Hbf,Client office,3.0,8,False,none,Bike to the client office.
trip_b1658e4125e8_00023_leg_005,trip_b1658e4125e8_00023,5,2026-01-13T11:13:00,2026-01-13T11:21:00,bike,Client office,Düsseldorf Hbf,3.0,8,False,none,Bike back to the station after meeting.
trip_b1658e4125e8_00023_leg_006,trip_b1658e4125e8_00023,6,2026-01-13T11:21:00,2026-01-13T11:51:00,regional_train,Düsseldorf Hbf,Köln Hbf,40.0,30,True,subscription,ICE back to Cologne.
trip_b1658e4125e8_00023_leg_007,trip_b1658e4125e8_00023,7,2026-01-13T11:51:00,2026-01-13T13:21:00,regional_train,Köln Hbf,Mainz Hbf,80.0,90,True,subscription,Regional train back to Mainz.
trip_b1658e4125e8_00023_leg_008,trip_b1658e4125e8_00023,8,2026-01-13T13:21:00,2026-01-13T13:26:00,walking,Mainz Hbf,Apartment,0.3,5,False,none,Walk home.
trip_b1658e4125e8_00024_leg_001,trip_b1658e4125e8_00024,1,2026-01-14T20:30:00,2026-01-14T20:35:00,walking,Apartment,Tram stop,0.4,5,False,none,Walk to the tram stop.
trip_b1658e4125e8_00024_leg_002,trip_b1658e4125e8_00024,2,2026-01-14T20:35:00,2026-01-14T20:47:00,tram,Tram stop,City centre stop,3.0,12,True,subscription,Tram ride to the nightlife area.
trip_b1658e4125e8_00024_leg_003,trip_b1658e4125e8_00024,3,2026-01-14T20:47:00,2026-01-14T20:52:00,walking,City centre stop,Evening bar,0.3,5,False,none,Walk to the bar.
trip_b1658e4125e8_00025_leg_001,trip_b1658e4125e8_00025,1,2026-01-15T08:00:00,2026-01-15T08:20:00,bike,Home (Mainz),Mainz Office,3.0,20,False,none,Bike ride from home to office.
trip_b1658e4125e8_00026_leg_001,trip_b1658e4125e8_00026,1,2026-01-15T19:00:00,2026-01-15T19:30:00,tram,Mainz Office,Tram Stop Near Restaurant,2.0,30,True,subscription,Tram ride to the restaurant area.
trip_b1658e4125e8_00026_leg_002,trip_b1658e4125e8_00026,2,2026-01-15T19:30:00,2026-01-15T19:45:00,walking,Tram Stop Near Restaurant,Rheingold Restaurant,0.5,15,False,none,Short walk to the restaurant.
trip_b1658e4125e8_00027_leg_001,trip_b1658e4125e8_00027,1,2026-01-16T07:30:00,2026-01-16T08:45:00,regional_train,Home (Mainz),Frankfurt Hbf,80.0,75,True,subscription,Regional train from Mainz to Frankfurt.
trip_b1658e4125e8_00027_leg_002,trip_b1658e4125e8_00027,2,2026-01-16T08:45:00,2026-01-16T09:00:00,bike,Frankfurt Hbf,Frankfurt Office,2.0,15,False,none,Bike from station to client office.
trip_b1658e4125e8_00028_leg_001,trip_b1658e4125e8_00028,1,2026-01-16T18:00:00,2026-01-16T18:15:00,bike,Frankfurt Office,Frankfurt Hbf,2.0,15,False,none,Bike to Frankfurt main station.
trip_b1658e4125e8_00028_leg_002,trip_b1658e4125e8_00028,2,2026-01-16T18:15:00,2026-01-16T19:30:00,regional_train,Frankfurt Hbf,Mainz Hbf,80.0,75,True,subscription,Regional train back to Mainz.
trip_b1658e4125e8_00029_leg_001,trip_b1658e4125e8_00029,1,2026-01-17T10:00:00,2026-01-17T13:30:00,regional_train,Home (Mainz),Munich Hbf,350.0,210,True,subscription,Direct long‑distance train to Munich.
trip_b1658e4125e8_00029_leg_002,trip_b1658e4125e8_00029,2,2026-01-17T13:30:00,2026-01-17T13:45:00,shared_bike,Munich Hbf,Munich Hotel,0.5,15,False,none,Shared bike from station to hotel.
trip_b1658e4125e8_00030_leg_001,trip_b1658e4125e8_00030,1,2026-01-17T19:00:00,2026-01-17T19:25:00,bike,Munich Hotel,Munich Sports Center,5.0,25,False,none,Bike ride to the sports center.
trip_b1658e4125e8_00031_leg_001,trip_b1658e4125e8_00031,1,2026-01-18T09:00:00,2026-01-18T09:35:00,bike,Munich Sports Center,English Garden,8.0,35,False,none,Bike to the English Garden.
trip_b1658e4125e8_00032_leg_001,trip_b1658e4125e8_00032,1,2026-01-18T14:00:00,2026-01-18T17:30:00,regional_train,English Garden,Mainz Hbf,350.0,210,True,subscription,Direct train back to Mainz.
trip_b1658e4125e8_00033_leg_001,trip_b1658e4125e8_00033,1,2026-01-19T08:15:00,2026-01-19T08:20:00,walking,Home (Mainz),Bike Rack,0.5,5,False,none,Walk to bike.
trip_b1658e4125e8_00033_leg_002,trip_b1658e4125e8_00033,2,2026-01-19T08:20:00,2026-01-19T08:35:00,bike,Bike Rack,Mainz Cowork,3.0,15,False,none,Bike ride to coworking.
trip_b1658e4125e8_00034_leg_001,trip_b1658e4125e8_00034,1,2026-01-19T18:30:00,2026-01-19T19:10:00,tram,Mainz Cowork,Tram Stop Near Cafe,2.0,40,True,subscription,Tram to the cafe area.
trip_b1658e4125e8_00034_leg_002,trip_b1658e4125e8_00034,2,2026-01-19T19:10:00,2026-01-19T19:30:00,walking,Tram Stop Near Cafe,Cafe Central,0.3,20,False,none,Walk to the cafe.
trip_b1658e4125e8_00035_leg_001,trip_b1658e4125e8_00035,1,2026-01-21T07:45:00,2026-01-21T09:15:00,regional_train,Home (Mainz),Düsseldorf Hbf,120.0,90,True,subscription,Regional train to Düsseldorf.
trip_b1658e4125e8_00035_leg_002,trip_b1658e4125e8_00035,2,2026-01-21T09:15:00,2026-01-21T09:30:00,bike,Düsseldorf Hbf,Düsseldorf Office,2.0,15,False,none,Bike from station to office.
trip_b1658e4125e8_00036_leg_001,trip_b1658e4125e8_00036,1,2026-01-21T17:30:00,2026-01-21T17:40:00,car_sharing,Düsseldorf Office,Düsseldorf Hbf Parking,5.0,10,False,none,Car‑sharing to the train station.
trip_b1658e4125e8_00036_leg_002,trip_b1658e4125e8_00036,2,2026-01-21T17:40:00,2026-01-21T19:10:00,regional_train,Düsseldorf Hbf Parking,Mainz Hbf,120.0,90,True,subscription,Regional train back to Mainz.
trip_b1658e4125e8_00036_leg_003,trip_b1658e4125e8_00036,3,2026-01-21T19:10:00,2026-01-21T19:25:00,bike,Mainz Hbf,Home (Mainz),2.0,15,False,none,Bike home from the station.
trip_b1658e4125e8_00037_leg_001,trip_b1658e4125e8_00037,1,2026-01-22T07:30:00,2026-01-22T08:00:00,bike,Home (Mainz),Consulting Office,5.0,30,False,none,Direct bike ride from home to the office.
trip_b1658e4125e8_00038_leg_001,trip_b1658e4125e8_00038,1,2026-01-22T18:30:00,2026-01-22T18:35:00,walking,Consulting Office,Mainz Tram Stop,0.5,5,False,none,Walk to the nearest tram stop.
trip_b1658e4125e8_00038_leg_002,trip_b1658e4125e8_00038,2,2026-01-22T18:35:00,2026-01-22T18:55:00,tram,Mainz Tram Stop,Tram Station Near Restaurant,4.0,20,True,subscription,Tram ride through the city centre.
trip_b1658e4125e8_00038_leg_003,trip_b1658e4125e8_00038,3,2026-01-22T18:55:00,2026-01-22T19:05:00,shared_bike,Tram Station Near Restaurant,Rheingold Restaurant,1.5,10,False,none,Pick up a shared bike for the last stretch.
trip_b1658e4125e8_00039_leg_001,trip_b1658e4125e8_00039,1,2026-01-23T07:45:00,2026-01-23T07:52:00,walking,Home (Mainz),Mainz Hauptbahnhof,0.6,7,False,none,Walk to the main train station.
trip_b1658e4125e8_00039_leg_002,trip_b1658e4125e8_00039,2,2026-01-23T07:52:00,2026-01-23T08:12:00,regional_train,Mainz Hauptbahnhof,Consulting Office,12.0,20,True,subscription,Regional train directly to the office stop.
trip_b1658e4125e8_00040_leg_001,trip_b1658e4125e8_00040,1,2026-01-23T19:00:00,2026-01-23T19:05:00,walking,Consulting Office,Mainz Train Station,0.5,5,False,none,Walk to the regional train platform.
trip_b1658e4125e8_00040_leg_002,trip_b1658e4125e8_00040,2,2026-01-23T19:05:00,2026-01-23T19:35:00,regional_train,Mainz Train Station,Wiesbaden Hbf,25.0,30,True,subscription,Direct regional train to Wiesbaden.
trip_b1658e4125e8_00040_leg_003,trip_b1658e4125e8_00040,3,2026-01-23T19:35:00,2026-01-23T19:45:00,walking,Wiesbaden Hbf,Bar am Marktplatz,0.8,10,False,none,Short walk to the bar.
trip_b1658e4125e8_00041_leg_001,trip_b1658e4125e8_00041,1,2026-01-24T10:00:00,2026-01-24T10:07:00,walking,Home (Mainz),Mainz Hauptbahnhof,0.6,7,False,none,Walk to the main station.
trip_b1658e4125e8_00041_leg_002,trip_b1658e4125e8_00041,2,2026-01-24T10:07:00,2026-01-24T11:07:00,regional_train,Mainz Hauptbahnhof,Cologne Hbf,180.0,60,True,subscription,ICE connection to Cologne.
trip_b1658e4125e8_00041_leg_003,trip_b1658e4125e8_00041,3,2026-01-24T11:07:00,2026-01-24T11:12:00,walking,Cologne Hbf,Museum Ludwig,0.5,5,False,none,Short walk to the museum.
trip_b1658e4125e8_00042_leg_001,trip_b1658e4125e8_00042,1,2026-01-24T15:30:00,2026-01-24T15:35:00,walking,Museum Ludwig,Cologne Hbf,0.5,5,False,none,Walk back to the station.
trip_b1658e4125e8_00042_leg_002,trip_b1658e4125e8_00042,2,2026-01-24T15:35:00,2026-01-24T16:35:00,regional_train,Cologne Hbf,Mainz Hauptbahnhof,180.0,60,True,subscription,ICE back to Mainz.
trip_b1658e4125e8_00042_leg_003,trip_b1658e4125e8_00042,3,2026-01-24T16:35:00,2026-01-24T16:42:00,walking,Mainz Hauptbahnhof,Home (Mainz),0.6,7,False,none,Final walk home.
trip_b1658e4125e8_00043_leg_001,trip_b1658e4125e8_00043,1,2026-01-25T09:00:00,2026-01-25T09:45:00,bike,Home (Mainz),Rheinuferpark,4.0,45,False,none,Direct bike ride to the river park.
trip_b1658e4125e8_00044_leg_001,trip_b1658e4125e8_00044,1,2026-01-25T12:30:00,2026-01-25T12:45:00,walking,Home (Mainz),Café Central,1.0,15,False,none,Walk to the family café.
trip_b1658e4125e8_00045_leg_001,trip_b1658e4125e8_00045,1,2026-01-26T06:30:00,2026-01-26T06:37:00,walking,Home (Mainz),Mainz Hauptbahnhof,0.6,7,False,none,Walk to the main station.
trip_b1658e4125e8_00045_leg_002,trip_b1658e4125e8_00045,2,2026-01-26T06:37:00,2026-01-26T09:37:00,regional_train,Mainz Hauptbahnhof,Munich Hbf,400.0,180,True,subscription,Direct ICE to Munich.
trip_b1658e4125e8_00045_leg_003,trip_b1658e4125e8_00045,3,2026-01-26T09:37:00,2026-01-26T09:44:00,walking,Munich Hbf,Hotel München,0.8,7,False,none,Short walk to the hotel.
trip_b1658e4125e8_00046_leg_001,trip_b1658e4125e8_00046,1,2026-01-27T08:00:00,2026-01-27T08:05:00,walking,Home (Mainz),Car Sharing Spot,0.4,5,False,none,Walk to the nearby car‑sharing vehicle.
trip_b1658e4125e8_00046_leg_002,trip_b1658e4125e8_00046,2,2026-01-27T08:05:00,2026-01-27T08:50:00,car_sharing,Car Sharing Spot,Frankfurt Client Office,80.0,45,False,none,Direct car‑sharing drive to Frankfurt.
trip_b1658e4125e8_00046_leg_003,trip_b1658e4125e8_00046,3,2026-01-27T08:50:00,2026-01-27T09:00:00,walking,Frankfurt Client Office,Frankfurt Client Office,0.2,10,False,none,Final walk to the meeting room.
trip_b1658e4125e8_00047_leg_001,trip_b1658e4125e8_00047,1,2026-01-27T19:30:00,2026-01-27T19:35:00,walking,Home (Mainz),Shared Bike Dock,0.5,5,False,none,Walk to the nearest shared‑bike station.
trip_b1658e4125e8_00047_leg_002,trip_b1658e4125e8_00047,2,2026-01-27T19:35:00,2026-01-27T19:50:00,shared_bike,Shared Bike Dock,Rheingold Restaurant,2.5,15,False,none,Ride the shared bike to the restaurant.
trip_b1658e4125e8_00048_leg_001,trip_b1658e4125e8_00048,1,2026-01-28T17:00:00,2026-01-28T17:07:00,walking,Hotel München,Munich Hbf,0.8,7,False,none,Walk to Munich main station.
trip_b1658e4125e8_00048_leg_002,trip_b1658e4125e8_00048,2,2026-01-28T17:07:00,2026-01-28T20:07:00,regional_train,Munich Hbf,Mainz Hauptbahnhof,400.0,180,True,subscription,ICE back to Mainz.
trip_b1658e4125e8_00048_leg_003,trip_b1658e4125e8_00048,3,2026-01-28T20:07:00,2026-01-28T20:14:00,walking,Mainz Hauptbahnhof,Home (Mainz),0.6,7,False,none,Final walk home.
trip_b1658e4125e8_00049_leg_001,trip_b1658e4125e8_00049,1,2026-01-29T07:30:00,2026-01-29T08:00:00,bike,Home,Office Mainz,5.0,30,False,none,Bike directly from home to office.
trip_b1658e4125e8_00050_leg_001,trip_b1658e4125e8_00050,1,2026-01-29T19:00:00,2026-01-29T19:07:00,walking,Home,Tram Stop Mainz Central,0.5,7,False,none,Walk to the nearest tram stop.
trip_b1658e4125e8_00050_leg_002,trip_b1658e4125e8_00050,2,2026-01-29T19:07:00,2026-01-29T19:45:00,tram,Tram Stop Mainz Central,Tram Stop Goldener Löwen,2.0,38,True,subscription,Tram ride through the city centre.
trip_b1658e4125e8_00050_leg_003,trip_b1658e4125e8_00050,3,2026-01-29T19:45:00,2026-01-29T20:15:00,walking,Tram Stop Goldener Löwen,Zum Goldenen Löwen,0.5,30,False,none,Final walk to the restaurant.
trip_b1658e4125e8_00051_leg_001,trip_b1658e4125e8_00051,1,2026-01-30T06:45:00,2026-01-30T06:55:00,walking,Home,Mainz Hbf,0.6,10,False,none,Walk to Mainz Hauptbahnhof.
trip_b1658e4125e8_00051_leg_002,trip_b1658e4125e8_00051,2,2026-01-30T06:55:00,2026-01-30T08:45:00,regional_train,Mainz Hbf,Frankfurt Hbf,115.0,110,True,subscription,Regional train to Frankfurt.
trip_b1658e4125e8_00051_leg_003,trip_b1658e4125e8_00051,3,2026-01-30T08:45:00,2026-01-30T09:30:00,bike,Frankfurt Hbf,Client Office Frankfurt,5.0,45,False,none,Bike the last kilometre to the client office.
trip_b1658e4125e8_00052_leg_001,trip_b1658e4125e8_00052,1,2026-01-30T18:00:00,2026-01-30T18:30:00,bike,Client Office Frankfurt,Frankfurt Hbf,5.0,30,False,none,Bike to Frankfurt Hauptbahnhof.
trip_b1658e4125e8_00052_leg_002,trip_b1658e4125e8_00052,2,2026-01-30T18:30:00,2026-01-30T20:15:00,regional_train,Frankfurt Hbf,Mainz Hbf,115.0,105,True,subscription,Regional train back to Mainz.
trip_b1658e4125e8_00052_leg_003,trip_b1658e4125e8_00052,3,2026-01-30T20:15:00,2026-01-30T20:45:00,walking,Mainz Hbf,Home,0.6,30,False,none,Walk home from the station.
trip_b1658e4125e8_00053_leg_001,trip_b1658e4125e8_00053,1,2026-01-31T09:15:00,2026-01-31T09:25:00,walking,Home,Mainz Hbf,0.5,10,False,none,Walk to the main station.
trip_b1658e4125e8_00053_leg_002,trip_b1658e4125e8_00053,2,2026-01-31T09:25:00,2026-01-31T11:45:00,long_distance_train,Mainz Hbf,Cologne Hbf,180.0,140,True,subscription,ICE to Cologne.
trip_b1658e4125e8_00053_leg_003,trip_b1658e4125e8_00053,3,2026-01-31T11:45:00,2026-01-31T12:30:00,shared_bike,Cologne Hbf,Friend's Apartment,0.8,45,False,none,Pick up a shared bike for the last kilometre.
trip_b1658e4125e8_00054_leg_001,trip_b1658e4125e8_00054,1,2026-01-31T22:00:00,2026-01-31T22:10:00,shared_bike,Friend's Apartment,Cologne Hbf,0.8,10,False,none,Return shared bike to station.
trip_b1658e4125e8_00054_leg_002,trip_b1658e4125e8_00054,2,2026-01-31T22:10:00,2026-02-01T00:30:00,long_distance_train,Cologne Hbf,Mainz Hbf,180.0,140,True,subscription,ICE back to Mainz.
trip_b1658e4125e8_00054_leg_003,trip_b1658e4125e8_00054,3,2026-02-01T00:30:00,2026-02-01T01:30:00,walking,Mainz Hbf,Home,0.5,60,False,none,Walk home after late train.
trip_b1658e4125e8_00055_leg_001,trip_b1658e4125e8_00055,1,2026-02-01T10:00:00,2026-02-01T11:30:00,walking,Home,Stadtpark,2.0,90,False,none,Leisurely walk to the park.
trip_b1658e4125e8_00056_leg_001,trip_b1658e4125e8_00056,1,2026-02-02T08:30:00,2026-02-02T09:00:00,walking,Home,Café Central,1.0,30,False,none,Walk to the café.
trip_b1658e4125e8_00057_leg_001,trip_b1658e4125e8_00057,1,2026-02-03T07:15:00,2026-02-03T07:25:00,walking,Home,Mainz Hbf,0.5,10,False,none,Walk to the main station.
trip_b1658e4125e8_00057_leg_002,trip_b1658e4125e8_00057,2,2026-02-03T07:25:00,2026-02-03T10:00:00,long_distance_train,Mainz Hbf,Düsseldorf Hbf,200.0,155,True,subscription,ICE to Düsseldorf.
trip_b1658e4125e8_00057_leg_003,trip_b1658e4125e8_00057,3,2026-02-03T10:00:00,2026-02-03T10:45:00,bike,Düsseldorf Hbf,Client Office Düsseldorf,5.0,45,False,none,Bike the last kilometre to the client.
trip_b1658e4125e8_00058_leg_001,trip_b1658e4125e8_00058,1,2026-02-03T19:00:00,2026-02-03T19:30:00,bike,Client Office Düsseldorf,Düsseldorf Hbf,5.0,30,False,none,Bike to the station.
trip_b1658e4125e8_00058_leg_002,trip_b1658e4125e8_00058,2,2026-02-03T19:30:00,2026-02-03T22:00:00,long_distance_train,Düsseldorf Hbf,Mainz Hbf,200.0,150,True,subscription,ICE back to Mainz.
trip_b1658e4125e8_00058_leg_003,trip_b1658e4125e8_00058,3,2026-02-03T22:00:00,2026-02-03T22:30:00,walking,Mainz Hbf,Home,0.5,30,False,none,Walk home from the station.
trip_b1658e4125e8_00059_leg_001,trip_b1658e4125e8_00059,1,2026-02-04T18:30:00,2026-02-04T20:00:00,bike,Home,FitX Gym,4.0,90,False,none,Bike to the gym.
trip_b1658e4125e8_00060_leg_001,trip_b1658e4125e8_00060,1,2026-02-04T20:30:00,2026-02-04T20:38:00,walking,Home,Tram Stop Mainz Central,0.5,8,False,none,Walk to tram stop.
trip_b1658e4125e8_00060_leg_002,trip_b1658e4125e8_00060,2,2026-02-04T20:38:00,2026-02-04T21:20:00,tram,Tram Stop Mainz Central,Tram Stop CineStar,2.0,42,True,subscription,Tram ride to the cinema district.
trip_b1658e4125e8_00060_leg_003,trip_b1658e4125e8_00060,3,2026-02-04T21:20:00,2026-02-04T22:15:00,walking,Tram Stop CineStar,CineStar,0.5,55,False,none,Final walk to the cinema.
trip_b1658e4125e8_00061_leg_001,trip_b1658e4125e8_00061,1,2026-02-06T07:30:00,2026-02-06T07:50:00,bike,Home,Mainz Office,5.0,20,False,none,Direct bike ride from home to office.
trip_b1658e4125e8_00062_leg_001,trip_b1658e4125e8_00062,1,2026-02-06T18:00:00,2026-02-06T18:05:00,walking,Mainz Office,Tram Stop,0.4,5,False,none,Walk to the nearest tram stop.
trip_b1658e4125e8_00062_leg_002,trip_b1658e4125e8_00062,2,2026-02-06T18:05:00,2026-02-06T18:35:00,tram,Tram Stop,Restaurant Stop,3.0,30,True,subscription,Tram ride to the restaurant area.
trip_b1658e4125e8_00062_leg_003,trip_b1658e4125e8_00062,3,2026-02-06T18:35:00,2026-02-06T18:40:00,walking,Restaurant Stop,Zum Goldenen Löwen,0.3,5,False,none,Short walk to the restaurant.
trip_b1658e4125e8_00063_leg_001,trip_b1658e4125e8_00063,1,2026-02-07T07:45:00,2026-02-07T07:50:00,walking,Home,Mainz Hbf,0.5,5,False,none,Walk to Mainz Hauptbahnhof.
trip_b1658e4125e8_00063_leg_002,trip_b1658e4125e8_00063,2,2026-02-07T07:50:00,2026-02-07T10:20:00,regional_train,Mainz Hbf,Munich Hbf,350.0,150,True,day_ticket,ICE train from Mainz to Munich.
trip_b1658e4125e8_00063_leg_003,trip_b1658e4125e8_00063,3,2026-02-07T10:20:00,2026-02-07T10:30:00,shared_bike,Munich Hbf,Munich CoWork,2.0,10,False,none,Shared bike for the last kilometre to the coworking space.
trip_b1658e4125e8_00064_leg_001,trip_b1658e4125e8_00064,1,2026-02-07T18:45:00,2026-02-07T18:50:00,shared_bike,Munich CoWork,Bavarian Bistro,1.0,5,False,none,Shared bike ride to the restaurant.
trip_b1658e4125e8_00064_leg_002,trip_b1658e4125e8_00064,2,2026-02-07T18:50:00,2026-02-07T18:55:00,walking,Bavarian Bistro,Bavarian Bistro,0.3,5,False,none,Short walk to the table.
trip_b1658e4125e8_00065_leg_001,trip_b1658e4125e8_00065,1,2026-02-08T10:00:00,2026-02-08T10:05:00,walking,Munich Hbf,Munich Hbf Platform,0.4,5,False,none,Walk to the ICE platform.
trip_b1658e4125e8_00065_leg_002,trip_b1658e4125e8_00065,2,2026-02-08T10:05:00,2026-02-08T13:05:00,regional_train,Munich Hbf Platform,Düsseldorf Hbf,350.0,180,True,day_ticket,ICE train to Düsseldorf.
trip_b1658e4125e8_00065_leg_003,trip_b1658e4125e8_00065,3,2026-02-08T13:05:00,2026-02-08T13:10:00,walking,Düsseldorf Hbf,Friend's flat,0.5,5,False,none,Walk to the friend's apartment.
trip_b1658e4125e8_00066_leg_001,trip_b1658e4125e8_00066,1,2026-02-08T13:30:00,2026-02-08T13:38:00,walking,Friend's flat,Düsseldorf Café,0.6,8,False,none,Walk to the café.
trip_b1658e4125e8_00067_leg_001,trip_b1658e4125e8_00067,1,2026-02-09T08:00:00,2026-02-09T08:05:00,walking,Düsseldorf Hbf,Düsseldorf Platform,0.5,5,False,none,Walk to the platform.
trip_b1658e4125e8_00067_leg_002,trip_b1658e4125e8_00067,2,2026-02-09T08:05:00,2026-02-09T11:05:00,regional_train,Düsseldorf Platform,Mainz Hbf,350.0,180,True,day_ticket,ICE train back to Mainz.
trip_b1658e4125e8_00067_leg_003,trip_b1658e4125e8_00067,3,2026-02-09T11:05:00,2026-02-09T11:10:00,walking,Mainz Hbf,Home,0.6,5,False,none,Final walk home.
trip_b1658e4125e8_00068_leg_001,trip_b1658e4125e8_00068,1,2026-02-09T12:30:00,2026-02-09T12:38:00,bike,Home,Café Central Mainz,2.0,8,False,none,Bike ride to the café.
trip_b1658e4125e8_00069_leg_001,trip_b1658e4125e8_00069,1,2026-02-09T18:00:00,2026-02-09T18:12:00,bike,Home,FitX Mainz,3.0,12,False,none,Bike to the gym.
trip_b1658e4125e8_00069_leg_002,trip_b1658e4125e8_00069,2,2026-02-09T19:42:00,2026-02-09T19:54:00,bike,FitX Mainz,Home,3.0,12,False,none,Bike back home after workout.
trip_b1658e4125e8_00070_leg_001,trip_b1658e4125e8_00070,1,2026-02-10T07:30:00,2026-02-10T07:50:00,bike,Home,Mainz Office,5.0,20,False,none,Bike ride to work.
trip_b1658e4125e8_00071_leg_001,trip_b1658e4125e8_00071,1,2026-02-10T19:00:00,2026-02-10T19:10:00,walking,Home,Bar Central,0.8,10,False,none,Walk to the bar.
trip_b1658e4125e8_00072_leg_001,trip_b1658e4125e8_00072,1,2026-02-11T08:15:00,2026-02-11T08:20:00,walking,Home,Car Sharing Spot,0.3,5,False,none,Walk to the car‑sharing vehicle.
trip_b1658e4125e8_00072_leg_002,trip_b1658e4125e8_00072,2,2026-02-11T08:20:00,2026-02-11T08:30:00,car_sharing,Car Sharing Spot,Client HQ Mainz,5.0,10,False,none,Drive the car‑sharing vehicle to the client office.
trip_b1658e4125e8_00072_leg_003,trip_b1658e4125e8_00072,3,2026-02-11T08:30:00,2026-02-11T08:35:00,walking,Client HQ Mainz,Client HQ Mainz,0.2,5,False,none,Final walk to the meeting room.
trip_b1658e4125e8_00073_leg_001,trip_b1658e4125e8_00073,1,2026-02-12T10:00:00,2026-02-12T10:30:00,bike,Home (Mainz),Rheinufer Park,5.0,30,False,none,Direct bike ride from home to the park.
trip_b1658e4125e8_00074_leg_001,trip_b1658e4125e8_00074,1,2026-02-12T13:30:00,2026-02-12T13:35:00,walking,Home (Mainz),Mainz Tram Stop A,0.3,5,False,none,Walk to the nearest tram stop.
trip_b1658e4125e8_00074_leg_002,trip_b1658e4125e8_00074,2,2026-02-12T13:35:00,2026-02-12T13:55:00,tram,Mainz Tram Stop A,Mainz Tram Stop B,4.0,20,True,subscription,Tram ride through the city centre.
trip_b1658e4125e8_00074_leg_003,trip_b1658e4125e8_00074,3,2026-02-12T13:55:00,2026-02-12T14:00:00,walking,Mainz Tram Stop B,Altstadt Restaurant,0.3,5,False,none,Final short walk to the restaurant.
trip_b1658e4125e8_00075_leg_001,trip_b1658e4125e8_00075,1,2026-02-12T18:00:00,2026-02-12T18:05:00,walking,Home (Mainz),Shared Bike Station 1,0.3,5,False,none,Walk to the nearest shared‑bike dock.
trip_b1658e4125e8_00075_leg_002,trip_b1658e4125e8_00075,2,2026-02-12T18:05:00,2026-02-12T18:20:00,shared_bike,Shared Bike Station 1,Shared Bike Station 2,4.0,15,False,none,Shared bike ride to the bar area.
trip_b1658e4125e8_00075_leg_003,trip_b1658e4125e8_00075,3,2026-02-12T18:20:00,2026-02-12T18:25:00,walking,Shared Bike Station 2,Bar am Dom,0.3,5,False,none,Short walk from bike dock to the bar.
trip_b1658e4125e8_00076_leg_001,trip_b1658e4125e8_00076,1,2026-02-13T09:00:00,2026-02-13T09:05:00,walking,Home (Mainz),Mainz Hbf,0.5,5,False,none,Walk to Mainz main train station.
trip_b1658e4125e8_00076_leg_002,trip_b1658e4125e8_00076,2,2026-02-13T09:05:00,2026-02-13T09:50:00,regional_train,Mainz Hbf,Wiesbaden Hbf,70.0,45,True,subscription,Regional train to Wiesbaden.
trip_b1658e4125e8_00076_leg_003,trip_b1658e4125e8_00076,3,2026-02-13T09:50:00,2026-02-13T10:00:00,walking,Wiesbaden Hbf,Family Home Wiesbaden,0.8,10,False,none,Final walk to family house.
trip_b1658e4125e8_00077_leg_001,trip_b1658e4125e8_00077,1,2026-02-13T14:00:00,2026-02-13T14:10:00,walking,Family Home Wiesbaden,Wiesbaden Hbf,0.8,10,False,none,Walk to the station.
trip_b1658e4125e8_00077_leg_002,trip_b1658e4125e8_00077,2,2026-02-13T14:10:00,2026-02-13T14:55:00,regional_train,Wiesbaden Hbf,Mainz Hbf,70.0,45,True,subscription,Regional train back to Mainz.
trip_b1658e4125e8_00077_leg_003,trip_b1658e4125e8_00077,3,2026-02-13T14:55:00,2026-02-13T15:00:00,walking,Mainz Hbf,Home (Mainz),0.5,5,False,none,Short walk home.
trip_b1658e4125e8_00078_leg_001,trip_b1658e4125e8_00078,1,2026-02-14T07:30:00,2026-02-14T07:35:00,walking,Home (Mainz),Tram Stop A,0.3,5,False,none,Walk to tram stop.
trip_b1658e4125e8_00078_leg_002,trip_b1658e4125e8_00078,2,2026-02-14T07:35:00,2026-02-14T07:50:00,tram,Tram Stop A,Tram Stop B,3.0,15,True,subscription,Tram ride to office district.
trip_b1658e4125e8_00078_leg_003,trip_b1658e4125e8_00078,3,2026-02-14T07:50:00,2026-02-14T07:55:00,walking,Tram Stop B,Consulting Office Mainz,0.3,5,False,none,Final walk to the office.
trip_b1658e4125e8_00079_leg_001,trip_b1658e4125e8_00079,1,2026-02-14T17:30:00,2026-02-14T17:35:00,walking,Consulting Office Mainz,Tram Stop B,0.3,5,False,none,Walk to tram stop.
trip_b1658e4125e8_00079_leg_002,trip_b1658e4125e8_00079,2,2026-02-14T17:35:00,2026-02-14T17:50:00,tram,Tram Stop B,Tram Stop A,3.0,15,True,subscription,Tram back towards home.
trip_b1658e4125e8_00079_leg_003,trip_b1658e4125e8_00079,3,2026-02-14T17:50:00,2026-02-14T17:55:00,walking,Tram Stop A,Home (Mainz),0.3,5,False,none,Short walk home.
trip_b1658e4125e8_00080_leg_001,trip_b1658e4125e8_00080,1,2026-02-15T06:30:00,2026-02-15T06:35:00,walking,Home (Mainz),Mainz Hbf,0.5,5,False,none,Walk to Mainz main station.
trip_b1658e4125e8_00080_leg_002,trip_b1658e4125e8_00080,2,2026-02-15T06:35:00,2026-02-15T10:05:00,regional_train,Mainz Hbf,Munich Hbf,350.0,210,True,subscription,ICE ride to Munich.
trip_b1658e4125e8_00080_leg_003,trip_b1658e4125e8_00080,3,2026-02-15T10:05:00,2026-02-15T10:20:00,bike,Munich Hbf,Hotel Munich,5.0,15,False,none,Bike from station to hotel.
trip_b1658e4125e8_00081_leg_001,trip_b1658e4125e8_00081,1,2026-02-15T18:00:00,2026-02-15T18:05:00,walking,Hotel Munich,Car Sharing Spot,0.3,5,False,none,Walk to the car‑sharing vehicle.
trip_b1658e4125e8_00081_leg_002,trip_b1658e4125e8_00081,2,2026-02-15T18:05:00,2026-02-15T18:15:00,car_sharing,Car Sharing Spot,Client Office Munich,8.0,10,False,none,Car‑sharing ride to client office.
trip_b1658e4125e8_00081_leg_003,trip_b1658e4125e8_00081,3,2026-02-15T18:15:00,2026-02-15T18:20:00,walking,Client Office Munich,Hotel Munich,0.3,5,False,none,Walk back to hotel.
trip_b1658e4125e8_00082_leg_001,trip_b1658e4125e8_00082,1,2026-02-16T08:00:00,2026-02-16T08:15:00,bike,Hotel Munich,Munich Hbf,5.0,15,False,none,Bike to Munich main station.
trip_b1658e4125e8_00082_leg_002,trip_b1658e4125e8_00082,2,2026-02-16T08:15:00,2026-02-16T11:45:00,regional_train,Munich Hbf,Mainz Hbf,350.0,210,True,subscription,ICE ride back to Mainz.
trip_b1658e4125e8_00082_leg_003,trip_b1658e4125e8_00082,3,2026-02-16T11:45:00,2026-02-16T11:50:00,walking,Mainz Hbf,Home (Mainz),0.5,5,False,none,Short walk home.
trip_b1658e4125e8_00083_leg_001,trip_b1658e4125e8_00083,1,2026-02-17T19:00:00,2026-02-17T19:05:00,walking,Home (Mainz),Mainz Hbf,0.5,5,False,none,Walk to Mainz main station.
trip_b1658e4125e8_00083_leg_002,trip_b1658e4125e8_00083,2,2026-02-17T19:05:00,2026-02-17T20:20:00,regional_train,Mainz Hbf,Cologne Hbf,80.0,75,True,subscription,Regional train to Cologne.
trip_b1658e4125e8_00083_leg_003,trip_b1658e4125e8_00083,3,2026-02-17T20:20:00,2026-02-17T20:50:00,regional_train,Cologne Hbf,Düsseldorf Hbf,45.0,30,True,subscription,ICE segment to Düsseldorf.
trip_b1658e4125e8_00083_leg_004,trip_b1658e4125e8_00083,4,2026-02-17T20:50:00,2026-02-17T21:00:00,walking,Düsseldorf Hbf,Club Düsseldorf,0.8,10,False,none,Final walk to the club.
trip_b1658e4125e8_00084_leg_001,trip_b1658e4125e8_00084,1,2026-02-18T18:30:00,2026-02-18T18:35:00,walking,Consulting Office Mainz,Tram Stop C,0.3,5,False,none,Walk to tram stop.
trip_b1658e4125e8_00084_leg_002,trip_b1658e4125e8_00084,2,2026-02-18T18:35:00,2026-02-18T18:55:00,tram,Tram Stop C,Tram Stop D,3.0,20,True,subscription,Tram ride to restaurant area.
trip_b1658e4125e8_00084_leg_003,trip_b1658e4125e8_00084,3,2026-02-18T18:55:00,2026-02-18T19:00:00,walking,Tram Stop D,Riverside Restaurant,0.3,5,False,none,Short walk to the restaurant.
trip_b1658e4125e8_00085_leg_001,trip_b1658e4125e8_00085,1,2026-02-19T08:00:00,2026-02-19T08:20:00,bike,Home,Rheinhessen Park,5.0,20,False,none,Bike ride from home to park.
trip_b1658e4125e8_00086_leg_001,trip_b1658e4125e8_00086,1,2026-02-19T10:30:00,2026-02-19T10:35:00,walking,Home,Mainz Hauptbahnhof,0.4,5,False,none,Walk from home to Mainz Hauptbahnhof.
trip_b1658e4125e8_00086_leg_002,trip_b1658e4125e8_00086,2,2026-02-19T10:40:00,2026-02-19T12:10:00,regional_train,Mainz Hauptbahnhof,Düsseldorf Hauptbahnhof,115.0,90,True,subscription,Regional train from Mainz to Düsseldorf.
trip_b1658e4125e8_00086_leg_003,trip_b1658e4125e8_00086,3,2026-02-19T12:10:00,2026-02-19T12:22:00,bike,Düsseldorf Hauptbahnhof,Düsseldorf Office,3.0,12,False,none,Bike from Düsseldorf station to office.
trip_b1658e4125e8_00087_leg_001,trip_b1658e4125e8_00087,1,2026-02-20T09:15:00,2026-02-20T09:17:00,walking,Home,Bike Share Station,0.2,2,False,none,Walk to shared bike station.
trip_b1658e4125e8_00087_leg_002,trip_b1658e4125e8_00087,2,2026-02-20T09:17:00,2026-02-20T09:29:00,shared_bike,Bike Share Station,Café Central,3.0,12,False,none,Shared bike ride to the café.
trip_b1658e4125e8_00088_leg_001,trip_b1658e4125e8_00088,1,2026-02-20T14:00:00,2026-02-20T14:02:00,walking,Home,Mainz Bahnhof,0.2,2,False,none,Walk to Mainz train station.
trip_b1658e4125e8_00088_leg_002,trip_b1658e4125e8_00088,2,2026-02-20T14:02:00,2026-02-20T14:32:00,regional_train,Mainz Bahnhof,Bingen Bahnhof,30.0,30,True,subscription,Regional train to Bingen.
trip_b1658e4125e8_00088_leg_003,trip_b1658e4125e8_00088,3,2026-02-20T14:32:00,2026-02-20T14:38:00,bike,Bingen Bahnhof,Weinberg Winery,2.0,6,False,none,Bike to the winery.
trip_b1658e4125e8_00089_leg_001,trip_b1658e4125e8_00089,1,2026-02-21T08:10:00,2026-02-21T08:13:00,walking,Home,Tram Stop,0.3,3,False,none,Walk to tram stop.
trip_b1658e4125e8_00089_leg_002,trip_b1658e4125e8_00089,2,2026-02-21T08:13:00,2026-02-21T08:25:00,tram,Tram Stop,Mainz Office,4.0,12,True,subscription,Tram ride to the office.
trip_b1658e4125e8_00090_leg_001,trip_b1658e4125e8_00090,1,2026-02-21T18:30:00,2026-02-21T18:38:00,bike,Mainz Office,FitX Gym,2.0,8,False,none,Bike ride to the gym.
trip_b1658e4125e8_00091_leg_001,trip_b1658e4125e8_00091,1,2026-02-22T07:00:00,2026-02-22T07:05:00,walking,Home,Mainz Hauptbahnhof,0.4,5,False,none,Walk to Mainz main station.
trip_b1658e4125e8_00091_leg_002,trip_b1658e4125e8_00091,2,2026-02-22T07:10:00,2026-02-22T10:40:00,regional_train,Mainz Hauptbahnhof,Munich Hauptbahnhof,350.0,210,True,subscription,Regional train to Munich.
trip_b1658e4125e8_00091_leg_003,trip_b1658e4125e8_00091,3,2026-02-22T10:40:00,2026-02-22T10:52:00,shared_bike,Munich Hauptbahnhof,Munich Office,4.0,12,False,none,Shared bike to the office.
trip_b1658e4125e8_00092_leg_001,trip_b1658e4125e8_00092,1,2026-02-22T18:00:00,2026-02-22T18:12:00,shared_bike,Munich Office,Munich Hauptbahnhof,4.0,12,False,none,Shared bike to Munich station.
trip_b1658e4125e8_00092_leg_002,trip_b1658e4125e8_00092,2,2026-02-22T18:17:00,2026-02-22T21:47:00,regional_train,Munich Hauptbahnhof,Mainz Hauptbahnhof,350.0,210,True,subscription,Regional train back to Mainz.
trip_b1658e4125e8_00092_leg_003,trip_b1658e4125e8_00092,3,2026-02-22T21:47:00,2026-02-22T21:52:00,walking,Mainz Hauptbahnhof,Home,0.4,5,False,none,Walk home from the station.
trip_b1658e4125e8_00093_leg_001,trip_b1658e4125e8_00093,1,2026-02-23T08:45:00,2026-02-23T08:55:00,bike,Home,Coworking Space,3.0,10,False,none,Bike ride to coworking space.
trip_b1658e4125e8_00094_leg_001,trip_b1658e4125e8_00094,1,2026-02-23T19:30:00,2026-02-23T19:33:00,walking,Mainz Office,Tram Stop,0.3,3,False,none,Walk to tram stop.
trip_b1658e4125e8_00094_leg_002,trip_b1658e4125e8_00094,2,2026-02-23T19:33:00,2026-02-23T19:43:00,tram,Tram Stop,Restaurant Stop,3.0,10,True,subscription,Tram ride to restaurant area.
trip_b1658e4125e8_00094_leg_003,trip_b1658e4125e8_00094,3,2026-02-23T19:43:00,2026-02-23T19:45:00,walking,Restaurant Stop,Restaurant Zum Löwen,0.2,2,False,none,Final walk to the restaurant.
trip_b1658e4125e8_00095_leg_001,trip_b1658e4125e8_00095,1,2026-02-24T17:00:00,2026-02-24T17:03:00,walking,Home,Tram Stop,0.3,3,False,none,Walk to tram stop.
trip_b1658e4125e8_00095_leg_002,trip_b1658e4125e8_00095,2,2026-02-24T17:03:00,2026-02-24T17:18:00,tram,Tram Stop,Stadium Stop,3.0,15,True,subscription,Tram ride to stadium.
trip_b1658e4125e8_00095_leg_003,trip_b1658e4125e8_00095,3,2026-02-24T17:18:00,2026-02-24T17:20:00,walking,Stadium Stop,Mainz Stadium,0.2,2,False,none,Final walk to the stadium.
trip_b1658e4125e8_00096_leg_001,trip_b1658e4125e8_00096,1,2026-02-25T22:00:00,2026-02-25T22:02:00,walking,Home,Bike Share Station,0.2,2,False,none,Walk to shared bike station.
trip_b1658e4125e8_00096_leg_002,trip_b1658e4125e8_00096,2,2026-02-25T22:02:00,2026-02-25T22:14:00,shared_bike,Bike Share Station,Club Neon,3.0,12,False,none,Shared bike ride to the club.
trip_b1658e4125e8_00096_leg_003,trip_b1658e4125e8_00096,3,2026-02-25T22:14:00,2026-02-25T22:15:00,walking,Club Neon Entrance,Club Neon,0.1,1,False,none,Final short walk into the venue.
trip_b1658e4125e8_00097_leg_001,trip_b1658e4125e8_00097,1,2026-02-26T07:30:00,2026-02-26T07:50:00,bike,Sophie’s apartment,Consulting office Mainz,5.0,20,False,none,Bike ride covering the last kilometre to the office.
trip_b1658e4125e8_00098_leg_001,trip_b1658e4125e8_00098,1,2026-02-26T19:00:00,2026-02-26T19:05:00,walking,Consulting office Mainz,Tram stop Mainzer Allee,0.4,5,False,none,Short walk to the tram stop.
trip_b1658e4125e8_00098_leg_002,trip_b1658e4125e8_00098,2,2026-02-26T19:05:00,2026-02-26T19:20:00,tram,Tram stop Mainzer Allee,Tram stop Rheinufer,2.5,15,True,subscription,Tram ride across town.
trip_b1658e4125e8_00098_leg_003,trip_b1658e4125e8_00098,3,2026-02-26T19:20:00,2026-02-26T19:25:00,walking,Tram stop Rheinufer,Rheinufer Bistro,0.3,5,False,none,Final walk to the restaurant.
trip_b1658e4125e8_00099_leg_001,trip_b1658e4125e8_00099,1,2026-02-27T08:30:00,2026-02-27T08:35:00,walking,Sophie’s apartment,Mainz Hauptbahnhof,0.4,5,False,none,Walk to the main train station.
trip_b1658e4125e8_00099_leg_002,trip_b1658e4125e8_00099,2,2026-02-27T08:35:00,2026-02-27T09:05:00,regional_train,Mainz Hauptbahnhof,Wiesbaden Hauptbahnhof,30.0,30,True,subscription,Regional train to Wiesbaden.
trip_b1658e4125e8_00099_leg_003,trip_b1658e4125e8_00099,3,2026-02-27T09:05:00,2026-02-27T09:15:00,bike,Wiesbaden Hauptbahnhof,Client office Wiesbaden,5.0,10,False,none,Bike the last kilometre to the client.
trip_b1658e4125e8_00100_leg_001,trip_b1658e4125e8_00100,1,2026-02-27T21:00:00,2026-02-27T21:03:00,walking,Client office Wiesbaden,Bus stop Central,0.3,3,False,none,Walk to the bus stop.
trip_b1658e4125e8_00100_leg_002,trip_b1658e4125e8_00100,2,2026-02-27T21:03:00,2026-02-27T21:22:00,bus,Bus stop Central,Bus stop Nightcap,3.0,19,True,subscription,Short city bus ride.
trip_b1658e4125e8_00100_leg_003,trip_b1658e4125e8_00100,3,2026-02-27T21:22:00,2026-02-27T21:25:00,walking,Bus stop Nightcap,Nightcap Bar,0.2,3,False,none,Final walk to the bar.
trip_b1658e4125e8_00101_leg_001,trip_b1658e4125e8_00101,1,2026-02-28T09:00:00,2026-02-28T09:05:00,walking,Sophie’s apartment,Mainz Hauptbahnhof,0.5,5,False,none,Walk to the main station.
trip_b1658e4125e8_00101_leg_002,trip_b1658e4125e8_00101,2,2026-02-28T09:05:00,2026-02-28T10:20:00,long_distance_train,Mainz Hauptbahnhof,Köln Hauptbahnhof,190.0,75,True,subscription,ICE to Cologne.
trip_b1658e4125e8_00101_leg_003,trip_b1658e4125e8_00101,3,2026-02-28T10:20:00,2026-02-28T10:30:00,shared_bike,Köln Hauptbahnhof,Friend’s flat Cologne,5.0,10,False,none,Pick up a shared bike for the last kilometre.
trip_b1658e4125e8_00102_leg_001,trip_b1658e4125e8_00102,1,2026-02-28T20:00:00,2026-02-28T20:10:00,walking,Friend’s flat Cologne,Köln Hauptbahnhof,0.5,10,False,none,Walk to the station.
trip_b1658e4125e8_00102_leg_002,trip_b1658e4125e8_00102,2,2026-02-28T20:10:00,2026-02-28T21:25:00,long_distance_train,Köln Hauptbahnhof,Mainz Hauptbahnhof,190.0,75,True,subscription,ICE back to Mainz.
trip_b1658e4125e8_00102_leg_003,trip_b1658e4125e8_00102,3,2026-02-28T21:25:00,2026-02-28T21:30:00,walking,Mainz Hauptbahnhof,Sophie’s apartment,0.5,5,False,none,Final walk home.
trip_b1658e4125e8_00103_leg_001,trip_b1658e4125e8_00103,1,2026-03-01T10:00:00,2026-03-01T10:25:00,bike,Sophie’s apartment,Rheingarten Fitness Park,6.0,25,False,none,Bike ride to the fitness park.
trip_b1658e4125e8_00104_leg_001,trip_b1658e4125e8_00104,1,2026-03-01T18:00:00,2026-03-01T18:05:00,walking,Sophie’s apartment,Mainz Hauptbahnhof,0.4,5,False,none,Walk to the station.
trip_b1658e4125e8_00104_leg_002,trip_b1658e4125e8_00104,2,2026-03-01T18:05:00,2026-03-01T18:30:00,regional_train,Mainz Hauptbahnhof,Bad Kreuznach Bahnhof,45.0,25,True,subscription,Regional train to Bad Kreuznach.
trip_b1658e4125e8_00104_leg_003,trip_b1658e4125e8_00104,3,2026-03-01T18:30:00,2026-03-01T18:40:00,walking,Bad Kreuznach Bahnhof,Family house Bad Kreuznach,0.3,10,False,none,Walk to family house.
trip_b1658e4125e8_00105_leg_001,trip_b1658e4125e8_00105,1,2026-03-02T16:30:00,2026-03-02T16:35:00,walking,Sophie’s apartment,Tram stop Mainzer Allee,0.4,5,False,none,Walk to the tram stop.
trip_b1658e4125e8_00105_leg_002,trip_b1658e4125e8_00105,2,2026-03-02T16:35:00,2026-03-02T16:50:00,tram,Tram stop Mainzer Allee,Consulting office Mainz,2.5,15,True,subscription,Tram ride to the office.
trip_b1658e4125e8_00106_leg_001,trip_b1658e4125e8_00106,1,2026-03-03T07:00:00,2026-03-03T07:05:00,walking,Sophie’s apartment,Mainz Hauptbahnhof,0.5,5,False,none,Walk to the main station.
trip_b1658e4125e8_00106_leg_002,trip_b1658e4125e8_00106,2,2026-03-03T07:05:00,2026-03-03T09:35:00,long_distance_train,Mainz Hauptbahnhof,Düsseldorf Hauptbahnhof,500.0,150,True,subscription,ICE to Düsseldorf.
trip_b1658e4125e8_00106_leg_003,trip_b1658e4125e8_00106,3,2026-03-03T09:35:00,2026-03-03T10:00:00,car_sharing,Düsseldorf Hauptbahnhof,Client office Düsseldorf,10.0,25,False,none,Car‑sharing vehicle for the last kilometre.
trip_b1658e4125e8_00107_leg_001,trip_b1658e4125e8_00107,1,2026-03-03T18:30:00,2026-03-03T18:55:00,car_sharing,Client office Düsseldorf,Düsseldorf Hauptbahnhof,10.0,25,False,none,Car‑sharing to the station.
trip_b1658e4125e8_00107_leg_002,trip_b1658e4125e8_00107,2,2026-03-03T18:55:00,2026-03-03T21:25:00,long_distance_train,Düsseldorf Hauptbahnhof,Mainz Hauptbahnhof,500.0,150,True,subscription,ICE back to Mainz.
trip_b1658e4125e8_00107_leg_003,trip_b1658e4125e8_00107,3,2026-03-03T21:25:00,2026-03-03T21:30:00,walking,Mainz Hauptbahnhof,Sophie’s apartment,0.5,5,False,none,Final walk home.
trip_b1658e4125e8_00108_leg_001,trip_b1658e4125e8_00108,1,2026-03-04T19:30:00,2026-03-04T19:35:00,walking,Sophie’s apartment,Tram stop Mainzer Allee,0.4,5,False,none,Walk to tram stop.
trip_b1658e4125e8_00108_leg_002,trip_b1658e4125e8_00108,2,2026-03-04T19:35:00,2026-03-04T19:50:00,tram,Tram stop Mainzer Allee,Tram stop Alte Mühle,2.5,15,True,subscription,Tram ride to restaurant area.
trip_b1658e4125e8_00108_leg_003,trip_b1658e4125e8_00108,3,2026-03-04T19:50:00,2026-03-04T19:55:00,walking,Tram stop Alte Mühle,Alte Mühle,0.3,5,False,none,Final walk to the restaurant.
trip_b1658e4125e8_00109_leg_001,trip_b1658e4125e8_00109,1,2026-03-05T08:10:00,2026-03-05T08:17:00,walking,Apartment,Mainz Hbf,0.5,7,False,none,Walk from home to the main train station.
trip_b1658e4125e8_00109_leg_002,trip_b1658e4125e8_00109,2,2026-03-05T08:18:00,2026-03-05T08:30:00,regional_train,Mainz Hbf,Work station,0.8,12,True,subscription,Regional train to the office stop.
trip_b1658e4125e8_00109_leg_003,trip_b1658e4125e8_00109,3,2026-03-05T08:32:00,2026-03-05T08:37:00,walking,Work station,Office,0.4,5,False,none,Short walk to the office building.
trip_b1658e4125e8_00110_leg_001,trip_b1658e4125e8_00110,1,2026-03-05T19:30:00,2026-03-05T19:38:00,bike,Office,Rheingold Restaurant,2.0,8,False,none,Bike ride to the restaurant.
trip_b1658e4125e8_00111_leg_001,trip_b1658e4125e8_00111,1,2026-03-06T18:00:00,2026-03-06T18:12:00,bike,Apartment,FitX Gym,3.0,12,False,none,Bike ride to the gym.
trip_b1658e4125e8_00112_leg_001,trip_b1658e4125e8_00112,1,2026-03-07T07:00:00,2026-03-07T07:08:00,walking,Apartment,Mainz Hbf,0.6,8,False,none,Walk to Mainz main station.
trip_b1658e4125e8_00112_leg_002,trip_b1658e4125e8_00112,2,2026-03-07T07:10:00,2026-03-07T08:40:00,regional_train,Mainz Hbf,Frankfurt Hbf,150.0,90,True,subscription,Regional train to Frankfurt.
trip_b1658e4125e8_00112_leg_003,trip_b1658e4125e8_00112,3,2026-03-07T08:45:00,2026-03-07T10:15:00,regional_train,Frankfurt Hbf,Düsseldorf Hbf,300.0,90,True,subscription,ICE (treated as regional for ticketing) to Düsseldorf.
trip_b1658e4125e8_00112_leg_004,trip_b1658e4125e8_00112,4,2026-03-07T10:20:00,2026-03-07T10:25:00,shared_bike,Düsseldorf Hbf,Meeting venue,1.0,5,False,none,Shared bike for the last kilometre.
trip_b1658e4125e8_00113_leg_001,trip_b1658e4125e8_00113,1,2026-03-07T17:00:00,2026-03-07T17:05:00,shared_bike,Meeting venue,Düsseldorf Hbf,1.0,5,False,none,Shared bike to the station.
trip_b1658e4125e8_00113_leg_002,trip_b1658e4125e8_00113,2,2026-03-07T17:10:00,2026-03-07T18:40:00,regional_train,Düsseldorf Hbf,Frankfurt Hbf,300.0,90,True,subscription,ICE back to Frankfurt.
trip_b1658e4125e8_00113_leg_003,trip_b1658e4125e8_00113,3,2026-03-07T18:45:00,2026-03-07T20:15:00,regional_train,Frankfurt Hbf,Mainz Hbf,150.0,90,True,subscription,Regional train to Mainz.
trip_b1658e4125e8_00113_leg_004,trip_b1658e4125e8_00113,4,2026-03-07T20:20:00,2026-03-07T20:28:00,walking,Mainz Hbf,Apartment,0.6,8,False,none,Walk home.
trip_b1658e4125e8_00114_leg_001,trip_b1658e4125e8_00114,1,2026-03-07T21:30:00,2026-03-07T21:34:00,walking,Apartment,Tram Stop C,0.3,4,False,none,Walk to tram stop.
trip_b1658e4125e8_00114_leg_002,trip_b1658e4125e8_00114,2,2026-03-07T21:36:00,2026-03-07T21:56:00,tram,Tram Stop C,Tram Stop D,4.0,20,True,subscription,Tram ride to the cinema area.
trip_b1658e4125e8_00114_leg_003,trip_b1658e4125e8_00114,3,2026-03-07T21:57:00,2026-03-07T22:00:00,walking,Tram Stop D,Cinema Central,0.2,3,False,none,Final short walk to the cinema.
trip_b1658e4125e8_00115_leg_001,trip_b1658e4125e8_00115,1,2026-03-08T11:00:00,2026-03-08T11:12:00,walking,Apartment,Café Central,1.0,12,False,none,Walk to brunch spot.
trip_b1658e4125e8_00116_leg_001,trip_b1658e4125e8_00116,1,2026-03-09T05:30:00,2026-03-09T05:38:00,walking,Apartment,Mainz Hbf,0.6,8,False,none,Walk to Mainz main station.
trip_b1658e4125e8_00116_leg_002,trip_b1658e4125e8_00116,2,2026-03-09T05:40:00,2026-03-09T07:10:00,regional_train,Mainz Hbf,Frankfurt Hbf,150.0,90,True,subscription,Regional train to Frankfurt.
trip_b1658e4125e8_00116_leg_003,trip_b1658e4125e8_00116,3,2026-03-09T07:15:00,2026-03-09T10:45:00,regional_train,Frankfurt Hbf,Munich Hbf,500.0,210,True,subscription,High‑speed ICE to Munich.
trip_b1658e4125e8_00116_leg_004,trip_b1658e4125e8_00116,4,2026-03-09T10:50:00,2026-03-09T10:57:00,bike,Munich Hbf,Client office,2.0,7,False,none,Bike from station to client office.
trip_b1658e4125e8_00117_leg_001,trip_b1658e4125e8_00117,1,2026-03-09T17:00:00,2026-03-09T17:07:00,bike,Client office,Munich Hbf,2.0,7,False,none,Bike to Munich station.
trip_b1658e4125e8_00117_leg_002,trip_b1658e4125e8_00117,2,2026-03-09T17:12:00,2026-03-09T20:42:00,regional_train,Munich Hbf,Frankfurt Hbf,500.0,210,True,subscription,ICE back to Frankfurt.
trip_b1658e4125e8_00117_leg_003,trip_b1658e4125e8_00117,3,2026-03-09T20:45:00,2026-03-09T22:15:00,regional_train,Frankfurt Hbf,Mainz Hbf,150.0,90,True,subscription,Regional train to Mainz.
trip_b1658e4125e8_00117_leg_004,trip_b1658e4125e8_00117,4,2026-03-09T22:20:00,2026-03-09T22:28:00,walking,Mainz Hbf,Apartment,0.6,8,False,none,Walk home.
trip_b1658e4125e8_00118_leg_001,trip_b1658e4125e8_00118,1,2026-03-10T20:00:00,2026-03-10T20:06:00,shared_bike,Apartment,Bar Central,2.0,6,False,none,Shared bike to the bar.
trip_b1658e4125e8_00119_leg_001,trip_b1658e4125e8_00119,1,2026-03-11T14:00:00,2026-03-11T14:05:00,walking,Apartment,Tram Stop A,0.4,5,False,none,Walk to tram stop.
trip_b1658e4125e8_00119_leg_002,trip_b1658e4125e8_00119,2,2026-03-11T14:07:00,2026-03-11T14:22:00,tram,Tram Stop A,Tram Stop B,3.0,15,True,subscription,Tram ride to the shopping centre.
trip_b1658e4125e8_00119_leg_003,trip_b1658e4125e8_00119,3,2026-03-11T14:23:00,2026-03-11T14:27:00,walking,Tram Stop B,Shopping Center,0.3,4,False,none,Short walk to the mall entrance.
trip_b1658e4125e8_00120_leg_001,trip_b1658e4125e8_00120,1,2026-03-11T18:00:00,2026-03-11T18:09:00,bike,Apartment,FitX Gym,2.5,9,False,none,Bike to the gym.
trip_b1658e4125e8_00121_leg_001,trip_b1658e4125e8_00121,1,2026-03-12T08:30:00,2026-03-12T09:00:00,bike,Home,Rheinufer Park,5.0,30,False,none,Bike ride from home to park for morning jog.
trip_b1658e4125e8_00122_leg_001,trip_b1658e4125e8_00122,1,2026-03-12T19:00:00,2026-03-12T19:05:00,walking,Home,Tram Stop,0.4,5,False,none,Walk to the nearest tram stop.
trip_b1658e4125e8_00122_leg_002,trip_b1658e4125e8_00122,2,2026-03-12T19:05:00,2026-03-12T19:45:00,tram,Tram Stop,Tram Station near restaurant,4.0,40,True,subscription,Tram ride covered by monthly subscription.
trip_b1658e4125e8_00122_leg_003,trip_b1658e4125e8_00122,3,2026-03-12T19:45:00,2026-03-12T20:00:00,shared_bike,Tram Station near restaurant,Zum Goldenen Stern,3.0,15,False,none,Pick up a shared bike for the last kilometre.
trip_b1658e4125e8_00123_leg_001,trip_b1658e4125e8_00123,1,2026-03-13T10:00:00,2026-03-13T10:05:00,walking,Home,Mainz Hbf,0.5,5,False,none,Walk to Mainz Hauptbahnhof.
trip_b1658e4125e8_00123_leg_002,trip_b1658e4125e8_00123,2,2026-03-13T10:05:00,2026-03-13T11:15:00,regional_train,Mainz Hbf,Wiesbaden Hbf,30.0,70,True,subscription,Regional train covered by subscription.
trip_b1658e4125e8_00123_leg_003,trip_b1658e4125e8_00123,3,2026-03-13T11:15:00,2026-03-13T11:30:00,walking,Wiesbaden Hbf,Becker Family Home,0.5,15,False,none,Walk from the station to the family house.
trip_b1658e4125e8_00124_leg_001,trip_b1658e4125e8_00124,1,2026-03-13T18:00:00,2026-03-13T19:00:00,bike,Home,FitX Gym,8.0,60,False,none,Bike ride to the fitness centre.
trip_b1658e4125e8_00125_leg_001,trip_b1658e4125e8_00125,1,2026-03-14T08:15:00,2026-03-14T08:20:00,walking,Home,Tram Stop,0.4,5,False,none,Walk to the tram stop.
trip_b1658e4125e8_00125_leg_002,trip_b1658e4125e8_00125,2,2026-03-14T08:20:00,2026-03-14T08:50:00,tram,Tram Stop,Tram Stop near office,5.0,30,True,subscription,Tram ride covered by subscription.
trip_b1658e4125e8_00125_leg_003,trip_b1658e4125e8_00125,3,2026-03-14T08:50:00,2026-03-14T08:55:00,walking,Tram Stop near office,Consulting Office,0.2,5,False,none,Final walk to the office.
trip_b1658e4125e8_00126_leg_001,trip_b1658e4125e8_00126,1,2026-03-14T18:30:00,2026-03-14T19:30:00,bike,Consulting Office,FitX Gym,6.0,60,False,none,Bike ride to the gym.
trip_b1658e4125e8_00127_leg_001,trip_b1658e4125e8_00127,1,2026-03-15T09:00:00,2026-03-15T09:05:00,walking,Home,Car Share Spot,0.5,5,False,none,Walk to the nearest car‑sharing vehicle.
trip_b1658e4125e8_00127_leg_002,trip_b1658e4125e8_00127,2,2026-03-15T09:05:00,2026-03-15T11:05:00,car_sharing,Car Share Spot,Client Office Parking,80.0,120,False,none,Car‑sharing drive to Frankfurt.
trip_b1658e4125e8_00127_leg_003,trip_b1658e4125e8_00127,3,2026-03-15T11:05:00,2026-03-15T11:20:00,walking,Client Office Parking,Client Office,0.5,15,False,none,Final walk to the meeting venue.
trip_b1658e4125e8_00128_leg_001,trip_b1658e4125e8_00128,1,2026-03-16T07:00:00,2026-03-16T07:05:00,walking,Home,Mainz Hbf,0.5,5,False,none,Walk to Mainz Hauptbahnhof.
trip_b1658e4125e8_00128_leg_002,trip_b1658e4125e8_00128,2,2026-03-16T07:05:00,2026-03-16T11:55:00,regional_train,Mainz Hbf,Munich Hbf,350.0,270,True,day_ticket,"Long‑distance regional train, day ticket purchased via mobile app."
trip_b1658e4125e8_00128_leg_003,trip_b1658e4125e8_00128,3,2026-03-16T11:55:00,2026-03-16T12:00:00,walking,Munich Hbf,Munich Office,0.5,5,False,none,Walk from the station to the office.
trip_b1658e4125e8_00129_leg_001,trip_b1658e4125e8_00129,1,2026-03-16T17:00:00,2026-03-16T17:05:00,walking,Munich Office,Munich Hbf,0.5,5,False,none,Walk to Munich Hauptbahnhof.
trip_b1658e4125e8_00129_leg_002,trip_b1658e4125e8_00129,2,2026-03-16T17:05:00,2026-03-16T21:55:00,regional_train,Munich Hbf,Mainz Hbf,350.0,270,True,day_ticket,"Return regional train, day ticket."
trip_b1658e4125e8_00129_leg_003,trip_b1658e4125e8_00129,3,2026-03-16T21:55:00,2026-03-16T22:00:00,walking,Mainz Hbf,Home,0.5,5,False,none,Final walk home.
trip_b1658e4125e8_00130_leg_001,trip_b1658e4125e8_00130,1,2026-03-17T20:00:00,2026-03-17T20:05:00,walking,Home,Bike Dock,0.4,5,False,none,Walk to the shared‑bike docking station.
trip_b1658e4125e8_00130_leg_002,trip_b1658e4125e8_00130,2,2026-03-17T20:05:00,2026-03-17T20:20:00,shared_bike,Bike Dock,Café Central,2.0,15,False,none,Shared bike ride to the café.
trip_b1658e4125e8_00130_leg_003,trip_b1658e4125e8_00130,3,2026-03-17T20:20:00,2026-03-17T20:25:00,walking,Café Central,Home,0.4,5,False,none,Walk back home.
trip_b1658e4125e8_00131_leg_001,trip_b1658e4125e8_00131,1,2026-03-18T08:20:00,2026-03-18T08:25:00,walking,Home,Bus Stop,0.5,5,False,none,Walk to the bus stop.
trip_b1658e4125e8_00131_leg_002,trip_b1658e4125e8_00131,2,2026-03-18T08:25:00,2026-03-18T08:55:00,bus,Bus Stop,Bus Stop near office,5.0,30,True,subscription,Bus ride covered by subscription.
trip_b1658e4125e8_00131_leg_003,trip_b1658e4125e8_00131,3,2026-03-18T08:55:00,2026-03-18T09:00:00,walking,Bus Stop near office,Consulting Office,0.2,5,False,none,Final walk to the office.
trip_b1658e4125e8_00132_leg_001,trip_b1658e4125e8_00132,1,2026-03-18T21:30:00,2026-03-18T21:35:00,walking,Consulting Office,Tram Stop,0.3,5,False,none,Walk to the tram stop.
trip_b1658e4125e8_00132_leg_002,trip_b1658e4125e8_00132,2,2026-03-18T21:35:00,2026-03-18T22:05:00,tram,Tram Stop,Tram Stop near club,4.0,30,True,subscription,Tram ride covered by subscription.
trip_b1658e4125e8_00132_leg_003,trip_b1658e4125e8_00132,3,2026-03-18T22:05:00,2026-03-18T22:10:00,walking,Tram Stop near club,Club Pulse,0.3,5,False,none,Final walk to the club.
trip_b1658e4125e8_00133_leg_001,trip_b1658e4125e8_00133,1,2026-03-19T09:00:00,2026-03-19T09:20:00,bike,Home - Mainzer Straße,Rheinuferpark,5.0,20,False,none,Bike ride from home to the park.
trip_b1658e4125e8_00134_leg_001,trip_b1658e4125e8_00134,1,2026-03-19T14:30:00,2026-03-19T14:35:00,walking,Home - Mainzer Straße,Mainz Hbf,0.4,5,False,none,Walk to Mainz Hauptbahnhof.
trip_b1658e4125e8_00134_leg_002,trip_b1658e4125e8_00134,2,2026-03-19T14:45:00,2026-03-19T18:15:00,long_distance_train,Mainz Hbf,Munich Hbf,350.0,210,True,subscription,ICE train from Mainz to Munich.
trip_b1658e4125e8_00134_leg_003,trip_b1658e4125e8_00134,3,2026-03-19T18:15:00,2026-03-19T18:23:00,shared_bike,Munich Hbf,Munich Project Office,2.0,8,False,none,Shared bike for the last kilometre to the office.
trip_b1658e4125e8_00135_leg_001,trip_b1658e4125e8_00135,1,2026-03-20T09:00:00,2026-03-20T09:08:00,shared_bike,Munich Project Office,Munich Hbf,2.0,8,False,none,Shared bike to Munich station.
trip_b1658e4125e8_00135_leg_002,trip_b1658e4125e8_00135,2,2026-03-20T09:20:00,2026-03-20T12:50:00,long_distance_train,Munich Hbf,Mainz Hbf,350.0,210,True,subscription,ICE back to Mainz.
trip_b1658e4125e8_00135_leg_003,trip_b1658e4125e8_00135,3,2026-03-20T12:50:00,2026-03-20T12:55:00,walking,Mainz Hbf,Home - Mainzer Straße,0.4,5,False,none,Walk home from the station.
trip_b1658e4125e8_00136_leg_001,trip_b1658e4125e8_00136,1,2026-03-20T19:30:00,2026-03-20T19:35:00,walking,Home - Mainzer Straße,Tram Stop Hauptmarkt,0.3,5,False,none,Walk to the tram stop.
trip_b1658e4125e8_00136_leg_002,trip_b1658e4125e8_00136,2,2026-03-20T19:35:00,2026-03-20T19:45:00,tram,Tram Stop Hauptmarkt,Tram Stop Sternstraße,2.0,10,True,subscription,Tram ride to the restaurant area.
trip_b1658e4125e8_00136_leg_003,trip_b1658e4125e8_00136,3,2026-03-20T19:45:00,2026-03-20T19:50:00,walking,Tram Stop Sternstraße,Zum Goldenen Stern,0.3,5,False,none,Final short walk to the restaurant.
trip_b1658e4125e8_00137_leg_001,trip_b1658e4125e8_00137,1,2026-03-21T08:15:00,2026-03-21T08:20:00,walking,Home - Mainzer Straße,Tram Stop Mainzer Allee,0.4,5,False,none,Walk to the nearest tram stop.
trip_b1658e4125e8_00137_leg_002,trip_b1658e4125e8_00137,2,2026-03-21T08:20:00,2026-03-21T08:32:00,tram,Tram Stop Mainzer Allee,Tram Stop Office,2.0,12,True,subscription,Tram ride to the office district.
trip_b1658e4125e8_00137_leg_003,trip_b1658e4125e8_00137,3,2026-03-21T08:32:00,2026-03-21T08:37:00,walking,Tram Stop Office,Consulting Office Mainz,0.4,5,False,none,Final walk to the office.
trip_b1658e4125e8_00138_leg_001,trip_b1658e4125e8_00138,1,2026-03-21T11:30:00,2026-03-21T12:05:00,car_sharing,Consulting Office Mainz,Client Site Wiesbaden,30.0,35,False,none,Car‑sharing drive to the client location.
trip_b1658e4125e8_00139_leg_001,trip_b1658e4125e8_00139,1,2026-03-21T18:00:00,2026-03-21T18:12:00,bike,Consulting Office Mainz,FitX Gym,3.0,12,False,none,Bike ride to the gym.
trip_b1658e4125e8_00140_leg_001,trip_b1658e4125e8_00140,1,2026-03-22T10:00:00,2026-03-22T10:05:00,walking,Home - Mainzer Straße,Mainz Hbf,0.4,5,False,none,Walk to the train station.
trip_b1658e4125e8_00140_leg_002,trip_b1658e4125e8_00140,2,2026-03-22T10:10:00,2026-03-22T10:55:00,regional_train,Mainz Hbf,Frankfurt Hbf,80.0,45,True,subscription,Regional train to Frankfurt.
trip_b1658e4125e8_00140_leg_003,trip_b1658e4125e8_00140,3,2026-03-22T10:55:00,2026-03-22T10:57:00,bike,Frankfurt Hbf,Coworking Space Frankfurt,2.0,7,False,none,Bike from station to coworking space.
trip_b1658e4125e8_00141_leg_001,trip_b1658e4125e8_00141,1,2026-03-22T20:00:00,2026-03-22T20:03:00,walking,Home - Mainzer Straße,Bus Stop Hauptbahnhof,0.2,3,False,none,Walk to the bus stop.
trip_b1658e4125e8_00141_leg_002,trip_b1658e4125e8_00141,2,2026-03-22T20:05:00,2026-03-22T20:17:00,bus,Bus Stop Hauptbahnhof,Bus Stop Kino,1.5,12,True,subscription,Bus ride to the cinema area.
trip_b1658e4125e8_00141_leg_003,trip_b1658e4125e8_00141,3,2026-03-22T20:17:00,2026-03-22T20:19:00,walking,Bus Stop Kino,CineStar Mainz,0.3,2,False,none,Final walk to the cinema.
trip_b1658e4125e8_00142_leg_001,trip_b1658e4125e8_00142,1,2026-03-23T08:20:00,2026-03-23T08:24:00,walking,Home - Mainzer Straße,Bus Stop Mainzer Allee,0.4,4,False,none,Walk to the bus stop.
trip_b1658e4125e8_00142_leg_002,trip_b1658e4125e8_00142,2,2026-03-23T08:25:00,2026-03-23T08:40:00,bus,Bus Stop Mainzer Allee,Bus Stop Office,2.5,15,True,subscription,Bus ride to the office district.
trip_b1658e4125e8_00142_leg_003,trip_b1658e4125e8_00142,3,2026-03-23T08:40:00,2026-03-23T08:43:00,walking,Bus Stop Office,Consulting Office Mainz,0.4,3,False,none,Final walk to the office.
trip_b1658e4125e8_00143_leg_001,trip_b1658e4125e8_00143,1,2026-03-24T07:30:00,2026-03-24T07:35:00,walking,Home - Mainzer Straße,Mainz Hbf,0.4,5,False,none,Walk to the main station.
trip_b1658e4125e8_00143_leg_002,trip_b1658e4125e8_00143,2,2026-03-24T07:45:00,2026-03-24T10:15:00,long_distance_train,Mainz Hbf,Düsseldorf Hbf,260.0,150,True,subscription,ICE train to Düsseldorf.
trip_b1658e4125e8_00143_leg_003,trip_b1658e4125e8_00143,3,2026-03-24T10:15:00,2026-03-24T10:23:00,shared_bike,Düsseldorf Hbf,Client Meeting Düsseldorf,2.0,8,False,none,Shared bike to the meeting venue.
trip_b1658e4125e8_00144_leg_001,trip_b1658e4125e8_00144,1,2026-03-24T18:45:00,2026-03-24T18:53:00,shared_bike,Client Meeting Düsseldorf,Düsseldorf Hbf,2.0,8,False,none,Shared bike back to the station.
trip_b1658e4125e8_00144_leg_002,trip_b1658e4125e8_00144,2,2026-03-24T19:00:00,2026-03-24T21:30:00,long_distance_train,Düsseldorf Hbf,Mainz Hbf,260.0,150,True,subscription,ICE back to Mainz.
trip_b1658e4125e8_00144_leg_003,trip_b1658e4125e8_00144,3,2026-03-24T21:30:00,2026-03-24T21:35:00,walking,Mainz Hbf,Home - Mainzer Straße,0.4,5,False,none,Walk home from the station.
trip_b1658e4125e8_00145_leg_001,trip_b1658e4125e8_00145,1,2026-03-26T09:00:00,2026-03-26T09:30:00,bike,Sophie’s Apartment,Markt am Dom,5.0,30,False,none,Bike ride to the local market.
trip_b1658e4125e8_00146_leg_001,trip_b1658e4125e8_00146,1,2026-03-27T16:00:00,2026-03-27T16:05:00,walking,Sophie’s Apartment,Mainz Hbf,0.4,5,False,none,Walk to Mainz main train station.
trip_b1658e4125e8_00146_leg_002,trip_b1658e4125e8_00146,2,2026-03-27T16:10:00,2026-03-27T16:55:00,regional_train,Mainz Hbf,Frankfurt Hbf,80.0,45,True,subscription,Regional train to Frankfurt.
trip_b1658e4125e8_00146_leg_003,trip_b1658e4125e8_00146,3,2026-03-27T16:58:00,2026-03-27T18:08:00,public_transport,Frankfurt Hbf,Düsseldorf Hbf,200.0,70,True,subscription,ICE to Düsseldorf.
trip_b1658e4125e8_00146_leg_004,trip_b1658e4125e8_00146,4,2026-03-27T18:10:00,2026-03-27T18:22:00,bike,Düsseldorf Hbf,Client Office Düsseldorf,3.0,12,False,none,Bike the last kilometre to the client office.
trip_b1658e4125e8_00147_leg_001,trip_b1658e4125e8_00147,1,2026-03-28T12:30:00,2026-03-28T12:32:00,walking,Sophie’s Apartment,Shared Bike Station,0.2,2,False,none,Walk to the nearest shared‑bike dock.
trip_b1658e4125e8_00147_leg_002,trip_b1658e4125e8_00147,2,2026-03-28T12:32:00,2026-03-28T12:40:00,shared_bike,Shared Bike Station,Zum Goldenen Stern,2.0,8,False,none,Ride a shared bike to the restaurant.
trip_b1658e4125e8_00148_leg_001,trip_b1658e4125e8_00148,1,2026-03-29T08:15:00,2026-03-29T08:18:00,walking,Sophie’s Apartment,Tram Stop Mainz‑Zentrum,0.2,3,False,none,Walk to the nearest tram stop.
trip_b1658e4125e8_00148_leg_002,trip_b1658e4125e8_00148,2,2026-03-29T08:18:00,2026-03-29T08:30:00,tram,Tram Stop Mainz‑Zentrum,Office Tram Stop,4.0,12,True,subscription,Tram ride to the office district.
trip_b1658e4125e8_00148_leg_003,trip_b1658e4125e8_00148,3,2026-03-29T08:30:00,2026-03-29T08:32:00,walking,Office Tram Stop,Consulting Office Mainz,0.2,2,False,none,Final walk to the office building.
trip_b1658e4125e8_00149_leg_001,trip_b1658e4125e8_00149,1,2026-03-30T18:00:00,2026-03-30T18:20:00,bike,Sophie’s Apartment,FitX Mainz,6.0,20,False,none,Bike ride to the gym.
trip_b1658e4125e8_00150_leg_001,trip_b1658e4125e8_00150,1,2026-03-31T19:00:00,2026-03-31T19:02:00,walking,Consulting Office Mainz,Car Sharing Spot,0.2,2,False,none,Walk to the car‑sharing vehicle.
trip_b1658e4125e8_00150_leg_002,trip_b1658e4125e8_00150,2,2026-03-31T19:02:00,2026-03-31T19:32:00,car_sharing,Car Sharing Spot,Wiesbaden Hbf,30.0,30,False,none,Car‑sharing drive to Wiesbaden station.
trip_b1658e4125e8_00150_leg_003,trip_b1658e4125e8_00150,3,2026-03-31T19:32:00,2026-03-31T19:52:00,regional_train,Wiesbaden Hbf,Mainz Hbf,35.0,20,True,subscription,Regional train back to Mainz.
trip_b1658e4125e8_00150_leg_004,trip_b1658e4125e8_00150,4,2026-03-31T19:52:00,2026-03-31T19:57:00,walking,Mainz Hbf,Sophie’s Apartment,0.5,5,False,none,Final walk home.
trip_bf125a32343b_00001_leg_001,trip_bf125a32343b_00001,1,2026-01-01T07:30:00,2026-01-01T07:35:00,walking,Home,Tram Stop Westend,0.4,5,False,none,Walk to the nearest tram stop.
trip_bf125a32343b_00001_leg_002,trip_bf125a32343b_00001,2,2026-01-01T07:35:00,2026-01-01T07:47:00,tram,Tram Stop Westend,Hauptwache,5.0,12,True,monthly_pass,Tram ride through the city centre.
trip_bf125a32343b_00001_leg_003,trip_bf125a32343b_00001,3,2026-01-01T07:47:00,2026-01-01T07:53:00,bike,Hauptwache,FinTech Office,1.0,6,False,none,Bike the last kilometre to the office.
trip_bf125a32343b_00002_leg_001,trip_bf125a32343b_00002,1,2026-01-01T17:30:00,2026-01-01T17:36:00,bike,FinTech Office,Hauptwache,1.0,6,False,none,Bike to the tram stop.
trip_bf125a32343b_00002_leg_002,trip_bf125a32343b_00002,2,2026-01-01T17:36:00,2026-01-01T17:48:00,tram,Hauptwache,Tram Stop Westend,5.0,12,True,monthly_pass,Tram back towards home.
trip_bf125a32343b_00002_leg_003,trip_bf125a32343b_00002,3,2026-01-01T17:48:00,2026-01-01T17:53:00,walking,Tram Stop Westend,Home,0.4,5,False,none,Walk the last block home.
trip_bf125a32343b_00003_leg_001,trip_bf125a32343b_00003,1,2026-01-03T08:00:00,2026-01-03T08:07:00,walking,Home,Frankfurt Hbf,0.5,7,False,none,Walk to the main train station.
trip_bf125a32343b_00003_leg_002,trip_bf125a32343b_00003,2,2026-01-03T08:12:00,2026-01-03T11:42:00,regional_train,Frankfurt Hbf,Munich Hbf,400.0,210,True,monthly_pass,Direct regional train to Munich.
trip_bf125a32343b_00003_leg_003,trip_bf125a32343b_00003,3,2026-01-03T11:42:00,2026-01-03T11:50:00,walking,Munich Hbf,Parents' House,0.6,8,False,none,Walk from the station to parents' home.
trip_bf125a32343b_00004_leg_001,trip_bf125a32343b_00004,1,2026-01-03T13:00:00,2026-01-03T13:08:00,walking,Parents' House,Munich Hbf,0.6,8,False,none,Walk to Munich main station.
trip_bf125a32343b_00004_leg_002,trip_bf125a32343b_00004,2,2026-01-03T13:13:00,2026-01-03T16:43:00,regional_train,Munich Hbf,Frankfurt Hbf,400.0,210,True,monthly_pass,Return regional train.
trip_bf125a32343b_00004_leg_003,trip_bf125a32343b_00004,3,2026-01-03T16:43:00,2026-01-03T16:50:00,walking,Frankfurt Hbf,Home,0.5,7,False,none,Walk home from the station.
trip_bf125a32343b_00005_leg_001,trip_bf125a32343b_00005,1,2026-01-04T09:00:00,2026-01-04T09:07:00,walking,Home,Frankfurt Hbf,0.5,7,False,none,Walk to the main station.
trip_bf125a32343b_00005_leg_002,trip_bf125a32343b_00005,2,2026-01-04T09:12:00,2026-01-04T13:12:00,regional_train,Frankfurt Hbf,Berlin Hbf,550.0,240,True,monthly_pass,Direct regional train to Berlin.
trip_bf125a32343b_00005_leg_003,trip_bf125a32343b_00005,3,2026-01-04T13:12:00,2026-01-04T13:22:00,walking,Berlin Hbf,Tech Hub Berlin,0.8,10,False,none,Walk to the conference venue.
trip_bf125a32343b_00006_leg_001,trip_bf125a32343b_00006,1,2026-01-04T14:00:00,2026-01-04T14:10:00,walking,Tech Hub Berlin,Berlin Hbf,0.8,10,False,none,Walk to the station.
trip_bf125a32343b_00006_leg_002,trip_bf125a32343b_00006,2,2026-01-04T14:15:00,2026-01-04T18:15:00,regional_train,Berlin Hbf,Frankfurt Hbf,550.0,240,True,monthly_pass,Return train to Frankfurt.
trip_bf125a32343b_00006_leg_003,trip_bf125a32343b_00006,3,2026-01-04T18:15:00,2026-01-04T18:22:00,walking,Frankfurt Hbf,Home,0.5,7,False,none,Walk home from the station.
trip_bf125a32343b_00007_leg_001,trip_bf125a32343b_00007,1,2026-01-05T07:35:00,2026-01-05T07:40:00,walking,Home,Tram Stop Westend,0.4,5,False,none,Walk to tram stop.
trip_bf125a32343b_00007_leg_002,trip_bf125a32343b_00007,2,2026-01-05T07:40:00,2026-01-05T07:52:00,tram,Tram Stop Westend,Hauptwache,5.0,12,True,monthly_pass,Tram ride.
trip_bf125a32343b_00007_leg_003,trip_bf125a32343b_00007,3,2026-01-05T07:52:00,2026-01-05T07:58:00,bike,Hauptwache,FinTech Office,0.8,6,False,none,Bike the last stretch.
trip_bf125a32343b_00008_leg_001,trip_bf125a32343b_00008,1,2026-01-05T18:30:00,2026-01-05T18:35:00,bike,FinTech Office,Tram Stop Hauptwache,0.8,5,False,none,Bike to the tram stop.
trip_bf125a32343b_00008_leg_002,trip_bf125a32343b_00008,2,2026-01-05T18:35:00,2026-01-05T18:43:00,tram,Tram Stop Hauptwache,Zeil Stop,3.0,8,True,monthly_pass,Tram to the restaurant area.
trip_bf125a32343b_00008_leg_003,trip_bf125a32343b_00008,3,2026-01-05T18:43:00,2026-01-05T18:46:00,walking,Zeil Stop,Italian Bistro,0.2,3,False,none,Walk to the restaurant.
trip_bf125a32343b_00008_leg_004,trip_bf125a32343b_00008,4,2026-01-05T20:16:00,2026-01-05T20:19:00,walking,Italian Bistro,Zeil Stop,0.2,3,False,none,Walk back to tram stop after dinner.
trip_bf125a32343b_00008_leg_005,trip_bf125a32343b_00008,5,2026-01-05T20:19:00,2026-01-05T20:27:00,tram,Zeil Stop,Tram Stop Westend,3.0,8,True,monthly_pass,Tram back towards home.
trip_bf125a32343b_00008_leg_006,trip_bf125a32343b_00008,6,2026-01-05T20:27:00,2026-01-05T20:32:00,bike,Tram Stop Westend,Home,0.8,5,False,none,Bike the final kilometre home.
trip_bf125a32343b_00009_leg_001,trip_bf125a32343b_00009,1,2026-01-06T10:00:00,2026-01-06T10:03:00,walking,Home,Car2Go Spot Westend,0.2,3,False,none,Walk to the car‑sharing vehicle.
trip_bf125a32343b_00009_leg_002,trip_bf125a32343b_00009,2,2026-01-06T10:03:00,2026-01-06T10:15:00,car_sharing,Car2Go Spot Westend,Client Office,5.0,12,False,none,Drive to client using on‑demand car sharing.
trip_bf125a32343b_00010_leg_001,trip_bf125a32343b_00010,1,2026-01-06T12:30:00,2026-01-06T12:42:00,car_sharing,Client Office,Car2Go Spot Westend,5.0,12,False,none,Drive back to the car‑sharing spot.
trip_bf125a32343b_00010_leg_002,trip_bf125a32343b_00010,2,2026-01-06T12:42:00,2026-01-06T12:45:00,walking,Car2Go Spot Westend,Home,0.2,3,False,none,Walk home from the vehicle.
trip_bf125a32343b_00011_leg_001,trip_bf125a32343b_00011,1,2026-01-07T07:40:00,2026-01-07T07:45:00,walking,Home,Tram Stop Westend,0.4,5,False,none,Walk to tram stop.
trip_bf125a32343b_00011_leg_002,trip_bf125a32343b_00011,2,2026-01-07T07:45:00,2026-01-07T07:57:00,tram,Tram Stop Westend,Hauptwache,5.0,12,True,monthly_pass,Tram ride.
trip_bf125a32343b_00011_leg_003,trip_bf125a32343b_00011,3,2026-01-07T07:57:00,2026-01-07T08:03:00,bike,Hauptwache,FinTech Office,0.8,6,False,none,Bike the final stretch.
trip_bf125a32343b_00012_leg_001,trip_bf125a32343b_00012,1,2026-01-07T17:40:00,2026-01-07T17:46:00,bike,FinTech Office,Hauptwache,0.8,6,False,none,Bike to tram stop.
trip_bf125a32343b_00012_leg_002,trip_bf125a32343b_00012,2,2026-01-07T17:46:00,2026-01-07T17:58:00,tram,Hauptwache,Tram Stop Westend,5.0,12,True,monthly_pass,Tram back towards home.
trip_bf125a32343b_00012_leg_003,trip_bf125a32343b_00012,3,2026-01-07T17:58:00,2026-01-07T18:03:00,walking,Tram Stop Westend,Home,0.4,5,False,none,Walk home.
trip_bf125a32343b_00013_leg_001,trip_bf125a32343b_00013,1,2026-01-08T07:30:00,2026-01-08T07:35:00,walking,Home,Tram Stop Hauptwache,0.3,5,False,none,Walk from home to the nearest tram stop.
trip_bf125a32343b_00013_leg_002,trip_bf125a32343b_00013,2,2026-01-08T07:35:00,2026-01-08T07:45:00,tram,Tram Stop Hauptwache,Tram Stop Hauptbahnhof,3.0,10,True,monthly_pass,Tram ride towards the main station.
trip_bf125a32343b_00013_leg_003,trip_bf125a32343b_00013,3,2026-01-08T07:45:00,2026-01-08T07:57:00,subway,U-Bahn Station Hauptbahnhof,U-Bahn Station Financial District,5.0,12,True,monthly_pass,Subway to the financial district.
trip_bf125a32343b_00013_leg_004,trip_bf125a32343b_00013,4,2026-01-08T07:57:00,2026-01-08T08:05:00,bike,U-Bahn Station Financial District,"FinTech Office, Main Tower",3.5,8,False,none,Bike the last kilometre to the office.
trip_bf125a32343b_00014_leg_001,trip_bf125a32343b_00014,1,2026-01-08T17:45:00,2026-01-08T17:53:00,bike,"FinTech Office, Main Tower",U-Bahn Station Financial District,3.5,8,False,none,Bike from office to the subway station.
trip_bf125a32343b_00014_leg_002,trip_bf125a32343b_00014,2,2026-01-08T17:53:00,2026-01-08T18:05:00,subway,U-Bahn Station Financial District,U-Bahn Station Hauptwache,5.0,12,True,monthly_pass,Subway back towards city centre.
trip_bf125a32343b_00014_leg_003,trip_bf125a32343b_00014,3,2026-01-08T18:05:00,2026-01-08T18:15:00,tram,Tram Stop Hauptwache,Tram Stop Home,3.0,10,True,monthly_pass,Tram ride closer to home.
trip_bf125a32343b_00014_leg_004,trip_bf125a32343b_00014,4,2026-01-08T18:15:00,2026-01-08T18:20:00,walking,Tram Stop Home,Home (60311),0.3,5,False,none,Final walk home.
trip_bf125a32343b_00015_leg_001,trip_bf125a32343b_00015,1,2026-01-08T19:30:00,2026-01-08T19:36:00,bike,"FinTech Office, Main Tower",Italian Bistro,2.0,6,False,none,Bike directly to the restaurant.
trip_bf125a32343b_00016_leg_001,trip_bf125a32343b_00016,1,2026-01-08T21:00:00,2026-01-08T21:12:00,bike,Italian Bistro,Home (60311),4.0,12,False,none,Bike back home.
trip_bf125a32343b_00017_leg_001,trip_bf125a32343b_00017,1,2026-01-10T07:35:00,2026-01-10T07:40:00,walking,Home,Tram Stop Hauptwache,0.3,5,False,none,Walk to tram stop.
trip_bf125a32343b_00017_leg_002,trip_bf125a32343b_00017,2,2026-01-10T07:40:00,2026-01-10T07:50:00,tram,Tram Stop Hauptwache,Tram Stop Hauptbahnhof,3.0,10,True,monthly_pass,Tram towards main station.
trip_bf125a32343b_00017_leg_003,trip_bf125a32343b_00017,3,2026-01-10T07:50:00,2026-01-10T08:02:00,subway,U-Bahn Station Hauptbahnhof,U-Bahn Station Financial District,5.0,12,True,monthly_pass,Subway to the financial district.
trip_bf125a32343b_00017_leg_004,trip_bf125a32343b_00017,4,2026-01-10T08:02:00,2026-01-10T08:10:00,bike,U-Bahn Station Financial District,"FinTech Office, Main Tower",3.5,8,False,none,Bike the final segment to the office.
trip_bf125a32343b_00018_leg_001,trip_bf125a32343b_00018,1,2026-01-10T18:00:00,2026-01-10T18:08:00,bike,"FinTech Office, Main Tower",U-Bahn Station Financial District,3.5,8,False,none,Bike to the subway station.
trip_bf125a32343b_00018_leg_002,trip_bf125a32343b_00018,2,2026-01-10T18:08:00,2026-01-10T18:20:00,subway,U-Bahn Station Financial District,U-Bahn Station Hauptwache,5.0,12,True,monthly_pass,Subway back towards city centre.
trip_bf125a32343b_00018_leg_003,trip_bf125a32343b_00018,3,2026-01-10T18:20:00,2026-01-10T18:30:00,tram,Tram Stop Hauptwache,Tram Stop Home,3.0,10,True,monthly_pass,Tram towards the residential area.
trip_bf125a32343b_00018_leg_004,trip_bf125a32343b_00018,4,2026-01-10T18:30:00,2026-01-10T18:35:00,walking,Tram Stop Home,Home (60311),0.3,5,False,none,Final walk home.
trip_bf125a32343b_00019_leg_001,trip_bf125a32343b_00019,1,2026-01-10T18:45:00,2026-01-10T18:53:00,bike,"FinTech Office, Main Tower",FitX Gym,3.0,8,False,none,Bike to the gym.
trip_bf125a32343b_00020_leg_001,trip_bf125a32343b_00020,1,2026-01-10T20:00:00,2026-01-10T20:10:00,bike,FitX Gym,Home (60311),4.0,10,False,none,Bike back home.
trip_bf125a32343b_00021_leg_001,trip_bf125a32343b_00021,1,2026-01-12T07:30:00,2026-01-12T07:35:00,walking,Home,Tram Stop Hauptwache,0.3,5,False,none,Walk to tram stop.
trip_bf125a32343b_00021_leg_002,trip_bf125a32343b_00021,2,2026-01-12T07:35:00,2026-01-12T07:45:00,tram,Tram Stop Hauptwache,Tram Stop Hauptbahnhof,3.0,10,True,monthly_pass,Tram towards main station.
trip_bf125a32343b_00021_leg_003,trip_bf125a32343b_00021,3,2026-01-12T07:45:00,2026-01-12T07:57:00,subway,U-Bahn Station Hauptbahnhof,U-Bahn Station Financial District,5.0,12,True,monthly_pass,Subway to the financial district.
trip_bf125a32343b_00021_leg_004,trip_bf125a32343b_00021,4,2026-01-12T07:57:00,2026-01-12T08:05:00,bike,U-Bahn Station Financial District,"FinTech Office, Main Tower",3.5,8,False,none,Bike the final stretch to the office.
trip_bf125a32343b_00022_leg_001,trip_bf125a32343b_00022,1,2026-01-12T15:00:00,2026-01-12T15:03:00,walking,"FinTech Office, Main Tower",Car‑Sharing Spot A,0.3,3,False,none,Walk to the nearest car‑sharing vehicle.
trip_bf125a32343b_00022_leg_002,trip_bf125a32343b_00022,2,2026-01-12T15:03:00,2026-01-12T15:15:00,car_sharing,Car‑Sharing Spot A,Car‑Sharing Spot B (client area),8.0,12,False,none,Drive the client meeting location.
trip_bf125a32343b_00022_leg_003,trip_bf125a32343b_00022,3,2026-01-12T15:15:00,2026-01-12T15:20:00,walking,Car‑Sharing Spot B (client area),"Client Office, Westend",0.2,5,False,none,Final walk to the client office.
trip_bf125a32343b_00023_leg_001,trip_bf125a32343b_00023,1,2026-01-12T16:00:00,2026-01-12T16:03:00,walking,"Client Office, Westend",Car‑Sharing Spot B,0.2,3,False,none,Walk to the car‑sharing vehicle.
trip_bf125a32343b_00023_leg_002,trip_bf125a32343b_00023,2,2026-01-12T16:03:00,2026-01-12T16:20:00,car_sharing,Car‑Sharing Spot B,Car‑Sharing Spot C (near home),10.0,15,False,none,Drive back towards home area.
trip_bf125a32343b_00023_leg_003,trip_bf125a32343b_00023,3,2026-01-12T16:20:00,2026-01-12T16:23:00,walking,Car‑Sharing Spot C (near home),Home (60311),0.3,3,False,none,Final walk home.
trip_bf125a32343b_00024_leg_001,trip_bf125a32343b_00024,1,2026-01-13T09:00:00,2026-01-13T09:06:00,walking,Home (60311),Frankfurt Hauptbahnhof,0.5,6,False,none,Walk to the main train station.
trip_bf125a32343b_00024_leg_002,trip_bf125a32343b_00024,2,2026-01-13T09:06:00,2026-01-13T12:36:00,regional_train,Frankfurt Hauptbahnhof,Munich Hauptbahnhof,300.0,210,True,single_ticket,Direct regional train to Munich.
trip_bf125a32343b_00024_leg_003,trip_bf125a32343b_00024,3,2026-01-13T12:36:00,2026-01-13T12:42:00,walking,Munich Hauptbahnhof,"Parents' House, Munich",0.5,6,False,none,Walk from the station to parents' house.
trip_bf125a32343b_00025_leg_001,trip_bf125a32343b_00025,1,2026-01-15T08:10:00,2026-01-15T08:15:00,walking,Home entrance,Tram stop Konstablerwache,0.4,5,False,none,Walk to the nearest tram stop.
trip_bf125a32343b_00025_leg_002,trip_bf125a32343b_00025,2,2026-01-15T08:15:00,2026-01-15T08:30:00,tram,Tram stop Konstablerwache,Tram stop Willy‑Brandt‑Platz,5.0,15,True,monthly_pass,Tram ride covering most of the distance.
trip_bf125a32343b_00025_leg_003,trip_bf125a32343b_00025,3,2026-01-15T08:30:00,2026-01-15T08:38:00,bike,Tram stop Willy‑Brandt‑Platz,Fintech Office,2.0,8,False,none,Bike the last kilometre to the office.
trip_bf125a32343b_00026_leg_001,trip_bf125a32343b_00026,1,2026-01-15T19:00:00,2026-01-15T19:06:00,bike,Fintech Office,Zum Goldenen Hirsch,2.0,6,False,none,Bike directly to the restaurant.
trip_bf125a32343b_00027_leg_001,trip_bf125a32343b_00027,1,2026-01-15T20:00:00,2026-01-15T20:08:00,bike,Zum Goldenen Hirsch,Home,2.5,8,False,none,Bike back home.
trip_bf125a32343b_00028_leg_001,trip_bf125a32343b_00028,1,2026-01-17T08:15:00,2026-01-17T08:19:00,walking,Home entrance,U‑Bahn station Hauptwache,0.3,4,False,none,Walk to the nearest U‑Bahn station.
trip_bf125a32343b_00028_leg_002,trip_bf125a32343b_00028,2,2026-01-17T08:19:00,2026-01-17T08:31:00,subway,U‑Bahn station Hauptwache,U‑Bahn station Willy‑Brandt‑Platz,6.0,12,True,monthly_pass,Subway ride covering the bulk of the commute.
trip_bf125a32343b_00028_leg_003,trip_bf125a32343b_00028,3,2026-01-17T08:31:00,2026-01-17T08:36:00,bike,U‑Bahn station Willy‑Brandt‑Platz,Fintech Office,1.5,5,False,none,Bike the last segment to the office.
trip_bf125a32343b_00029_leg_001,trip_bf125a32343b_00029,1,2026-01-17T18:30:00,2026-01-17T18:35:00,bike,Fintech Office,FitX Gym,1.5,5,False,none,Bike to the gym.
trip_bf125a32343b_00030_leg_001,trip_bf125a32343b_00030,1,2026-01-17T19:30:00,2026-01-17T19:36:00,bike,FitX Gym,Home,2.0,6,False,none,Bike back home.
trip_bf125a32343b_00031_leg_001,trip_bf125a32343b_00031,1,2026-01-19T08:05:00,2026-01-19T08:10:00,walking,Home entrance,Tram stop Konstablerwache,0.4,5,False,none,Walk to tram stop.
trip_bf125a32343b_00031_leg_002,trip_bf125a32343b_00031,2,2026-01-19T08:10:00,2026-01-19T08:25:00,tram,Tram stop Konstablerwache,Tram stop Willy‑Brandt‑Platz,5.0,15,True,monthly_pass,Tram ride.
trip_bf125a32343b_00031_leg_003,trip_bf125a32343b_00031,3,2026-01-19T08:25:00,2026-01-19T08:32:00,bike,Tram stop Willy‑Brandt‑Platz,Fintech Office,2.0,7,False,none,Bike the final segment.
trip_bf125a32343b_00032_leg_001,trip_bf125a32343b_00032,1,2026-01-19T15:00:00,2026-01-19T15:02:00,walking,Fintech Office,Car‑share spot A,0.2,2,False,none,Walk to the nearest car‑sharing vehicle.
trip_bf125a32343b_00032_leg_002,trip_bf125a32343b_00032,2,2026-01-19T15:02:00,2026-01-19T15:17:00,car_sharing,Car‑share spot A,Car‑share spot B near client,10.0,15,False,none,Drive to client location.
trip_bf125a32343b_00032_leg_003,trip_bf125a32343b_00032,3,2026-01-19T15:17:00,2026-01-19T15:20:00,walking,Car‑share spot B,Client HQ,0.3,3,False,none,Final walk to the client office.
trip_bf125a32343b_00033_leg_001,trip_bf125a32343b_00033,1,2026-01-19T18:00:00,2026-01-19T18:02:00,walking,Client HQ,Car‑share spot C,0.2,2,False,none,Walk to car‑share vehicle.
trip_bf125a32343b_00033_leg_002,trip_bf125a32343b_00033,2,2026-01-19T18:02:00,2026-01-19T18:20:00,car_sharing,Car‑share spot C,Car‑share spot D near home,12.0,18,False,none,Drive back towards home.
trip_bf125a32343b_00033_leg_003,trip_bf125a32343b_00033,3,2026-01-19T18:20:00,2026-01-19T18:23:00,walking,Car‑share spot D,Home,0.3,3,False,none,Final walk home.
trip_bf125a32343b_00034_leg_001,trip_bf125a32343b_00034,1,2026-01-20T07:00:00,2026-01-20T07:05:00,walking,Home entrance,Frankfurt Hauptbahnhof (walk),0.4,5,False,none,Walk to the main station.
trip_bf125a32343b_00034_leg_002,trip_bf125a32343b_00034,2,2026-01-20T07:05:00,2026-01-20T07:13:00,bike,Frankfurt Hauptbahnhof (walk),Frankfurt Hauptbahnhof (bike rack),3.0,8,False,none,Bike to the station's bike rack.
trip_bf125a32343b_00034_leg_003,trip_bf125a32343b_00034,3,2026-01-20T07:13:00,2026-01-20T10:43:00,regional_train,Frankfurt Hauptbahnhof,Munich Hauptbahnhof,400.0,210,True,day_ticket,ICE train to Munich.
trip_bf125a32343b_00034_leg_004,trip_bf125a32343b_00034,4,2026-01-20T10:43:00,2026-01-20T10:48:00,walking,Munich Hauptbahnhof,Parents' Home,0.4,5,False,none,Walk to parents' house.
trip_bf125a32343b_00035_leg_001,trip_bf125a32343b_00035,1,2026-01-20T18:30:00,2026-01-20T18:37:00,walking,Parents' Home,Biergarten Hofbräu,0.5,7,False,none,Walk to the biergarten.
trip_bf125a32343b_00036_leg_001,trip_bf125a32343b_00036,1,2026-01-21T09:00:00,2026-01-21T09:12:00,bike,Home entrance,Frankfurt Hauptbahnhof (bike rack),5.0,12,False,none,Bike to the main station.
trip_bf125a32343b_00036_leg_002,trip_bf125a32343b_00036,2,2026-01-21T09:12:00,2026-01-21T13:27:00,regional_train,Frankfurt Hauptbahnhof,Berlin Hauptbahnhof,500.0,255,True,day_ticket,ICE train to Berlin.
trip_bf125a32343b_00036_leg_003,trip_bf125a32343b_00036,3,2026-01-21T13:27:00,2026-01-21T13:32:00,walking,Berlin Hauptbahnhof,Tech Hub Berlin,0.4,5,False,none,Walk to the conference venue.
trip_bf125a32343b_00037_leg_001,trip_bf125a32343b_00037,1,2026-01-22T07:30:00,2026-01-22T07:38:00,walking,Apartment entrance,Tram stop Hauptwache,0.6,8,False,none,Walk to the nearest tram stop.
trip_bf125a32343b_00037_leg_002,trip_bf125a32343b_00037,2,2026-01-22T07:38:00,2026-01-22T08:05:00,tram,Tram stop Hauptwache,Tram stop Bürozentrum,6.0,27,True,monthly_pass,Main tram ride towards the office district.
trip_bf125a32343b_00037_leg_003,trip_bf125a32343b_00037,3,2026-01-22T08:05:00,2026-01-22T08:15:00,bike,Tram stop Bürozentrum,Fintech office building,2.0,10,False,none,Bike the last kilometre to the office.
trip_bf125a32343b_00038_leg_001,trip_bf125a32343b_00038,1,2026-01-22T18:30:00,2026-01-22T18:38:00,walking,Office lobby,Bike dock near office,0.5,8,False,none,Walk to the shared‑bike station.
trip_bf125a32343b_00038_leg_002,trip_bf125a32343b_00038,2,2026-01-22T18:38:00,2026-01-22T19:10:00,shared_bike,Bike dock near office,Sushi Bar,3.0,32,False,none,Ride the shared bike to the restaurant.
trip_bf125a32343b_00039_leg_001,trip_bf125a32343b_00039,1,2026-01-23T19:00:00,2026-01-23T19:45:00,bike,Office parking area,FitGym,12.0,45,False,none,Bike ride to the gym.
trip_bf125a32343b_00040_leg_001,trip_bf125a32343b_00040,1,2026-01-24T10:00:00,2026-01-24T10:45:00,bike,Apartment balcony,Palmengarten entrance,15.0,45,False,none,Direct bike ride to the botanical garden.
trip_bf125a32343b_00041_leg_001,trip_bf125a32343b_00041,1,2026-01-24T14:30:00,2026-01-24T14:40:00,walking,Apartment front door,Tram stop Römer,0.8,10,False,none,Walk to the nearest tram stop.
trip_bf125a32343b_00041_leg_002,trip_bf125a32343b_00041,2,2026-01-24T14:40:00,2026-01-24T15:10:00,tram,Tram stop Römer,Tram stop Städel,5.0,30,True,monthly_pass,Tram ride towards the museum district.
trip_bf125a32343b_00041_leg_003,trip_bf125a32343b_00041,3,2026-01-24T15:10:00,2026-01-24T15:20:00,walking,Tram stop Städel,Städel Museum entrance,0.7,10,False,none,Short walk to the museum.
trip_bf125a32343b_00042_leg_001,trip_bf125a32343b_00042,1,2026-01-25T07:00:00,2026-01-25T07:20:00,bike,Apartment balcony,Frankfurt Hbf bike rack,5.0,20,False,none,Bike to the main train station.
trip_bf125a32343b_00042_leg_002,trip_bf125a32343b_00042,2,2026-01-25T07:20:00,2026-01-25T11:30:00,regional_train,Frankfurt Hbf,Munich Hbf,390.0,250,True,day_ticket,ICE regional train to Munich.
trip_bf125a32343b_00042_leg_003,trip_bf125a32343b_00042,3,2026-01-25T11:30:00,2026-01-25T11:45:00,walking,Munich Hbf,Parents' house,1.2,15,False,none,Walk from the station to the family home.
trip_bf125a32343b_00043_leg_001,trip_bf125a32343b_00043,1,2026-01-26T08:30:00,2026-01-26T08:38:00,walking,Apartment entrance,Tram stop Hauptwache,0.6,8,False,none,Walk to tram stop.
trip_bf125a32343b_00043_leg_002,trip_bf125a32343b_00043,2,2026-01-26T08:38:00,2026-01-26T09:05:00,tram,Tram stop Hauptwache,Tram stop Bürozentrum,6.0,27,True,monthly_pass,Tram ride towards office district.
trip_bf125a32343b_00043_leg_003,trip_bf125a32343b_00043,3,2026-01-26T09:05:00,2026-01-26T09:15:00,bike,Tram stop Bürozentrum,Fintech office building,2.0,10,False,none,Bike the final segment to the office.
trip_bf125a32343b_00044_leg_001,trip_bf125a32343b_00044,1,2026-01-26T15:30:00,2026-01-26T15:35:00,walking,Office lobby,Car‑sharing spot A,0.3,5,False,none,Walk to the car‑sharing vehicle.
trip_bf125a32343b_00044_leg_002,trip_bf125a32343b_00044,2,2026-01-26T15:35:00,2026-01-26T16:45:00,car_sharing,Car‑sharing spot A,Client venue parking,30.0,70,False,none,Drive to client location.
trip_bf125a32343b_00044_leg_003,trip_bf125a32343b_00044,3,2026-01-26T16:45:00,2026-01-26T16:55:00,walking,Client venue parking,Meeting room,0.5,10,False,none,Walk from the car to the meeting room.
trip_bf125a32343b_00045_leg_001,trip_bf125a32343b_00045,1,2026-01-26T19:00:00,2026-01-26T19:08:00,walking,Office lobby,Shared‑bike dock,0.5,8,False,none,Walk to the shared‑bike station.
trip_bf125a32343b_00045_leg_002,trip_bf125a32343b_00045,2,2026-01-26T19:08:00,2026-01-26T19:35:00,shared_bike,Shared‑bike dock,Evening coffee bar,3.0,27,False,none,Ride the shared bike to the coffee spot.
trip_bf125a32343b_00046_leg_001,trip_bf125a32343b_00046,1,2026-01-27T10:30:00,2026-01-27T10:38:00,walking,Apartment door,Bike rack,0.6,8,False,none,Walk to the bike.
trip_bf125a32343b_00046_leg_002,trip_bf125a32343b_00046,2,2026-01-27T10:38:00,2026-01-27T11:05:00,bike,Bike rack,Morning cafe,5.0,27,False,none,Bike ride to the cafe.
trip_bf125a32343b_00047_leg_001,trip_bf125a32343b_00047,1,2026-01-28T07:30:00,2026-01-28T07:38:00,walking,Apartment entrance,Tram stop Hauptwache,0.6,8,False,none,Walk to tram stop.
trip_bf125a32343b_00047_leg_002,trip_bf125a32343b_00047,2,2026-01-28T07:38:00,2026-01-28T08:05:00,tram,Tram stop Hauptwache,Tram stop Bürozentrum,6.0,27,True,monthly_pass,Tram ride toward office district.
trip_bf125a32343b_00047_leg_003,trip_bf125a32343b_00047,3,2026-01-28T08:05:00,2026-01-28T08:15:00,bike,Tram stop Bürozentrum,Fintech office building,2.0,10,False,none,Bike the final segment to the office.
trip_bf125a32343b_00048_leg_001,trip_bf125a32343b_00048,1,2026-01-28T18:45:00,2026-01-28T18:55:00,walking,Office lobby,Tram stop Hauptwache,0.8,10,False,none,Walk to tram stop.
trip_bf125a32343b_00048_leg_002,trip_bf125a32343b_00048,2,2026-01-28T18:55:00,2026-01-28T19:20:00,tram,Tram stop Hauptwache,Tram stop Kino,5.0,25,True,monthly_pass,Tram ride to the cinema district.
trip_bf125a32343b_00048_leg_003,trip_bf125a32343b_00048,3,2026-01-28T19:20:00,2026-01-28T19:30:00,walking,Tram stop Kino,Cinema entrance,0.7,10,False,none,Final walk to the cinema.
trip_bf125a32343b_00049_leg_001,trip_bf125a32343b_00049,1,2026-01-29T07:45:00,2026-01-29T07:50:00,walking,Home,Dom/Römer Tram Stop,0.3,5,False,none,Walk from home to the nearest tram stop.
trip_bf125a32343b_00049_leg_002,trip_bf125a32343b_00049,2,2026-01-29T07:50:00,2026-01-29T07:55:00,tram,Dom/Römer Tram Stop,Hauptwache Station,1.0,5,True,monthly_pass,Tram line 11 towards Hauptwache.
trip_bf125a32343b_00049_leg_003,trip_bf125a32343b_00049,3,2026-01-29T07:55:00,2026-01-29T08:03:00,subway,Hauptwache Station,Bockenheimer Warte Station,2.5,8,True,monthly_pass,U4 subway to Bockenheimer Warte.
trip_bf125a32343b_00049_leg_004,trip_bf125a32343b_00049,4,2026-01-29T08:03:00,2026-01-29T08:10:00,bike,Bockenheimer Warte Station,FinTech Office,1.2,7,False,none,Bike the last kilometre to the office.
trip_bf125a32343b_00050_leg_001,trip_bf125a32343b_00050,1,2026-01-29T18:15:00,2026-01-29T18:18:00,walking,FinTech Office,Office Tram Stop,0.2,3,False,none,Walk to the nearest tram stop.
trip_bf125a32343b_00050_leg_002,trip_bf125a32343b_00050,2,2026-01-29T18:18:00,2026-01-29T18:24:00,tram,Office Tram Stop,Sachsenhausen Stop,1.5,6,True,monthly_pass,Tram line 12 towards Sachsenhausen.
trip_bf125a32343b_00050_leg_003,trip_bf125a32343b_00050,3,2026-01-29T18:24:00,2026-01-29T18:28:00,walking,Sachsenhausen Stop,Italian Bistro,0.3,4,False,none,Short walk to the restaurant.
trip_bf125a32343b_00051_leg_001,trip_bf125a32343b_00051,1,2026-01-29T20:30:00,2026-01-29T20:33:00,bike,Italian Bistro,Sachsenhausen Station,0.8,3,False,none,Bike to the nearest subway station.
trip_bf125a32343b_00051_leg_002,trip_bf125a32343b_00051,2,2026-01-29T20:33:00,2026-01-29T20:40:00,subway,Sachsenhausen Station,Dom/Römer Station,2.5,7,True,monthly_pass,U4 subway towards city centre.
trip_bf125a32343b_00051_leg_003,trip_bf125a32343b_00051,3,2026-01-29T20:40:00,2026-01-29T20:45:00,walking,Dom/Römer Station,Home,0.4,5,False,none,Walk the last block home.
trip_bf125a32343b_00052_leg_001,trip_bf125a32343b_00052,1,2026-01-31T07:40:00,2026-01-31T07:45:00,walking,Home,Dom/Römer Tram Stop,0.3,5,False,none,Walk to tram stop.
trip_bf125a32343b_00052_leg_002,trip_bf125a32343b_00052,2,2026-01-31T07:45:00,2026-01-31T07:50:00,tram,Dom/Römer Tram Stop,Hauptwache Station,1.0,5,True,monthly_pass,Tram line 11.
trip_bf125a32343b_00052_leg_003,trip_bf125a32343b_00052,3,2026-01-31T07:50:00,2026-01-31T07:58:00,subway,Hauptwache Station,Bockenheimer Warte Station,2.5,8,True,monthly_pass,U4 subway.
trip_bf125a32343b_00052_leg_004,trip_bf125a32343b_00052,4,2026-01-31T07:58:00,2026-01-31T08:05:00,bike,Bockenheimer Warte Station,FinTech Office,1.2,7,False,none,Bike the final stretch.
trip_bf125a32343b_00053_leg_001,trip_bf125a32343b_00053,1,2026-01-31T18:10:00,2026-01-31T18:13:00,walking,FinTech Office,Office Bus Stop,0.2,3,False,none,Walk to the bus stop.
trip_bf125a32343b_00053_leg_002,trip_bf125a32343b_00053,2,2026-01-31T18:13:00,2026-01-31T18:21:00,bus,Office Bus Stop,Gym Stop,2.0,8,True,monthly_pass,Bus line 36 to the gym area.
trip_bf125a32343b_00053_leg_003,trip_bf125a32343b_00053,3,2026-01-31T18:21:00,2026-01-31T18:25:00,walking,Gym Stop,FitX Gym,0.3,4,False,none,Short walk to the gym entrance.
trip_bf125a32343b_00054_leg_001,trip_bf125a32343b_00054,1,2026-01-31T20:00:00,2026-01-31T20:03:00,bike,FitX Gym,Gym Subway Station,0.7,3,False,none,Bike to the nearest subway station.
trip_bf125a32343b_00054_leg_002,trip_bf125a32343b_00054,2,2026-01-31T20:03:00,2026-01-31T20:10:00,subway,Gym Subway Station,Dom/Römer Station,2.5,7,True,monthly_pass,U4 subway towards city centre.
trip_bf125a32343b_00054_leg_003,trip_bf125a32343b_00054,3,2026-01-31T20:10:00,2026-01-31T20:15:00,walking,Dom/Römer Station,Home,0.4,5,False,none,Final walk home.
trip_bf125a32343b_00055_leg_001,trip_bf125a32343b_00055,1,2026-02-02T07:45:00,2026-02-02T07:50:00,walking,Home,Dom/Römer Tram Stop,0.3,5,False,none,Walk to tram stop.
trip_bf125a32343b_00055_leg_002,trip_bf125a32343b_00055,2,2026-02-02T07:50:00,2026-02-02T07:55:00,tram,Dom/Römer Tram Stop,Hauptwache Station,1.0,5,True,monthly_pass,Tram line 11.
trip_bf125a32343b_00055_leg_003,trip_bf125a32343b_00055,3,2026-02-02T07:55:00,2026-02-02T08:03:00,subway,Hauptwache Station,Bockenheimer Warte Station,2.5,8,True,monthly_pass,U4 subway.
trip_bf125a32343b_00055_leg_004,trip_bf125a32343b_00055,4,2026-02-02T08:03:00,2026-02-02T08:10:00,bike,Bockenheimer Warte Station,FinTech Office,1.2,7,False,none,Bike the final kilometre.
trip_bf125a32343b_00056_leg_001,trip_bf125a32343b_00056,1,2026-02-02T16:30:00,2026-02-02T16:33:00,walking,FinTech Office,Car‑Sharing Pickup Spot,0.2,3,False,none,Walk to the car‑sharing vehicle.
trip_bf125a32343b_00056_leg_002,trip_bf125a32343b_00056,2,2026-02-02T16:33:00,2026-02-02T16:45:00,car_sharing,Car‑Sharing Pickup Spot,Client Office Drop‑off,5.0,12,False,none,Drive directly to the client location.
trip_bf125a32343b_00056_leg_003,trip_bf125a32343b_00056,3,2026-02-02T16:45:00,2026-02-02T16:48:00,walking,Client Office Drop‑off,Client Office,0.2,3,False,none,Short walk into the building.
trip_bf125a32343b_00057_leg_001,trip_bf125a32343b_00057,1,2026-02-02T18:10:00,2026-02-02T18:14:00,walking,Client Office,Client Tram Stop,0.3,4,False,none,Walk to tram stop.
trip_bf125a32343b_00057_leg_002,trip_bf125a32343b_00057,2,2026-02-02T18:14:00,2026-02-02T18:24:00,tram,Client Tram Stop,Central Station,3.0,10,True,monthly_pass,Tram line 12 towards the city centre.
trip_bf125a32343b_00057_leg_003,trip_bf125a32343b_00057,3,2026-02-02T18:24:00,2026-02-02T18:31:00,subway,Central Station,Dom/Römer Station,2.5,7,True,monthly_pass,U4 subway back towards home.
trip_bf125a32343b_00057_leg_004,trip_bf125a32343b_00057,4,2026-02-02T18:31:00,2026-02-02T18:36:00,walking,Dom/Römer Station,Home,0.4,5,False,none,Final walk home.
trip_bf125a32343b_00058_leg_001,trip_bf125a32343b_00058,1,2026-02-03T08:00:00,2026-02-03T08:06:00,walking,Home,Frankfurt Hauptbahnhof,0.5,6,False,none,Walk to the main train station.
trip_bf125a32343b_00058_leg_002,trip_bf125a32343b_00058,2,2026-02-03T08:06:00,2026-02-03T11:30:00,regional_train,Frankfurt Hauptbahnhof,Munich Hauptbahnhof,400.0,204,True,day_ticket,ICE regional service to Munich.
trip_bf125a32343b_00059_leg_001,trip_bf125a32343b_00059,1,2026-02-03T15:00:00,2026-02-03T18:24:00,regional_train,Munich Hauptbahnhof,Frankfurt Hauptbahnhof,400.0,204,True,day_ticket,ICE regional service back to Frankfurt.
trip_bf125a32343b_00059_leg_002,trip_bf125a32343b_00059,2,2026-02-03T18:24:00,2026-02-03T18:30:00,walking,Frankfurt Hauptbahnhof,Home,0.5,6,False,none,Walk home from the station.
trip_bf125a32343b_00060_leg_001,trip_bf125a32343b_00060,1,2026-02-04T07:00:00,2026-02-04T07:06:00,walking,Home,Frankfurt Hauptbahnhof,0.5,6,False,none,Walk to the main station.
trip_bf125a32343b_00060_leg_002,trip_bf125a32343b_00060,2,2026-02-04T07:06:00,2026-02-04T11:26:00,regional_train,Frankfurt Hauptbahnhof,Berlin Hauptbahnhof,550.0,260,True,day_ticket,ICE regional service to Berlin for the conference.
trip_bf125a32343b_00061_leg_001,trip_bf125a32343b_00061,1,2026-02-05T08:00:00,2026-02-05T08:05:00,walking,Wohnung Westend,Tram Stop Westend,0.4,5,False,none,Walk from home to the nearest tram stop.
trip_bf125a32343b_00061_leg_002,trip_bf125a32343b_00061,2,2026-02-05T08:05:00,2026-02-05T08:20:00,tram,Tram Stop Westend,Tram Station Hauptwache,2.5,15,True,monthly_pass,Tram ride covering the bulk of the commute.
trip_bf125a32343b_00061_leg_003,trip_bf125a32343b_00061,3,2026-02-05T08:20:00,2026-02-05T08:30:00,bike,Tram Station Hauptwache,FinTech Office Innenstadt,3.1,10,False,none,Bike the last kilometre to the office.
trip_bf125a32343b_00062_leg_001,trip_bf125a32343b_00062,1,2026-02-05T19:00:00,2026-02-05T19:05:00,walking,FinTech Office Innenstadt,Tram Stop Office,0.3,5,False,none,Walk to the nearest tram stop.
trip_bf125a32343b_00062_leg_002,trip_bf125a32343b_00062,2,2026-02-05T19:05:00,2026-02-05T19:35:00,tram,Tram Stop Office,Tram Stop Konstablerwache,2.0,30,True,monthly_pass,Tram ride across town.
trip_bf125a32343b_00062_leg_003,trip_bf125a32343b_00062,3,2026-02-05T19:35:00,2026-02-05T19:45:00,walking,Tram Stop Konstablerwache,Italian Bistro,0.7,10,False,none,Short walk to the restaurant.
trip_bf125a32343b_00063_leg_001,trip_bf125a32343b_00063,1,2026-02-05T20:30:00,2026-02-05T20:35:00,walking,Italian Bistro,Tram Stop Konstablerwache,0.4,5,False,none,Walk to the tram stop.
trip_bf125a32343b_00063_leg_002,trip_bf125a32343b_00063,2,2026-02-05T20:35:00,2026-02-05T20:55:00,tram,Tram Stop Konstablerwache,Tram Station Hauptwache,2.5,20,True,monthly_pass,Tram back towards home area.
trip_bf125a32343b_00063_leg_003,trip_bf125a32343b_00063,3,2026-02-05T20:55:00,2026-02-05T21:15:00,bike,Tram Station Hauptwache,Wohnung Westend,5.2,20,False,none,Bike the last kilometre home.
trip_bf125a32343b_00064_leg_001,trip_bf125a32343b_00064,1,2026-02-06T18:00:00,2026-02-06T18:30:00,bike,Wohnung Westend,FitX Gym,5.0,30,False,none,Bike directly to the gym.
trip_bf125a32343b_00065_leg_001,trip_bf125a32343b_00065,1,2026-02-06T20:00:00,2026-02-06T20:30:00,bike,FitX Gym,Wohnung Westend,5.0,30,False,none,Bike home from the gym.
trip_bf125a32343b_00066_leg_001,trip_bf125a32343b_00066,1,2026-02-07T08:10:00,2026-02-07T08:15:00,walking,Wohnung Westend,Tram Stop Westend,0.4,5,False,none,Walk to tram stop.
trip_bf125a32343b_00066_leg_002,trip_bf125a32343b_00066,2,2026-02-07T08:15:00,2026-02-07T08:30:00,tram,Tram Stop Westend,Tram Station Hauptwache,2.5,15,True,monthly_pass,Tram ride toward city centre.
trip_bf125a32343b_00066_leg_003,trip_bf125a32343b_00066,3,2026-02-07T08:30:00,2026-02-07T08:40:00,bike,Tram Station Hauptwache,FinTech Office Innenstadt,3.1,10,False,none,Bike the final stretch to the office.
trip_bf125a32343b_00067_leg_001,trip_bf125a32343b_00067,1,2026-02-07T14:00:00,2026-02-07T14:30:00,car_sharing,FinTech Office Innenstadt,Client Meeting – Main Tower,8.0,30,False,none,Car‑sharing vehicle booked for quick client visit.
trip_bf125a32343b_00068_leg_001,trip_bf125a32343b_00068,1,2026-02-07T14:45:00,2026-02-07T15:15:00,car_sharing,Client Meeting – Main Tower,FinTech Office Innenstadt,8.0,30,False,none,Car‑sharing vehicle back to the office.
trip_bf125a32343b_00069_leg_001,trip_bf125a32343b_00069,1,2026-02-07T17:30:00,2026-02-07T17:35:00,walking,FinTech Office Innenstadt,Tram Stop Office,0.4,5,False,none,Walk to tram stop.
trip_bf125a32343b_00069_leg_002,trip_bf125a32343b_00069,2,2026-02-07T17:35:00,2026-02-07T17:55:00,tram,Tram Stop Office,Tram Station Hauptwache,2.5,20,True,monthly_pass,Tram ride toward home area.
trip_bf125a32343b_00069_leg_003,trip_bf125a32343b_00069,3,2026-02-07T17:55:00,2026-02-07T18:10:00,bike,Tram Station Hauptwache,Wohnung Westend,5.2,15,False,none,Bike home for the final segment.
trip_bf125a32343b_00070_leg_001,trip_bf125a32343b_00070,1,2026-02-09T08:05:00,2026-02-09T08:10:00,walking,Wohnung Westend,Tram Stop Westend,0.4,5,False,none,Walk to tram stop.
trip_bf125a32343b_00070_leg_002,trip_bf125a32343b_00070,2,2026-02-09T08:10:00,2026-02-09T08:25:00,tram,Tram Stop Westend,Tram Station Hauptwache,2.5,15,True,monthly_pass,Tram ride to city centre.
trip_bf125a32343b_00070_leg_003,trip_bf125a32343b_00070,3,2026-02-09T08:25:00,2026-02-09T08:35:00,bike,Tram Station Hauptwache,FinTech Office Innenstadt,3.1,10,False,none,Bike the final segment to the office.
trip_bf125a32343b_00071_leg_001,trip_bf125a32343b_00071,1,2026-02-10T07:00:00,2026-02-10T07:10:00,walking,Wohnung Westend,Frankfurt Hauptbahnhof,0.8,10,False,none,Walk to the main train station.
trip_bf125a32343b_00071_leg_002,trip_bf125a32343b_00071,2,2026-02-10T07:10:00,2026-02-10T10:20:00,regional_train,Frankfurt Hauptbahnhof,München Hauptbahnhof,393.0,190,True,day_ticket,Direct regional train to Munich.
trip_bf125a32343b_00071_leg_003,trip_bf125a32343b_00071,3,2026-02-10T10:20:00,2026-02-10T10:30:00,walking,München Hauptbahnhof,Parents' Apartment,0.8,10,False,none,Short walk to parents' place.
trip_bf125a32343b_00072_leg_001,trip_bf125a32343b_00072,1,2026-02-10T18:00:00,2026-02-10T18:10:00,walking,Parents' Apartment,München Hauptbahnhof,0.8,10,False,none,Walk to Munich main station.
trip_bf125a32343b_00072_leg_002,trip_bf125a32343b_00072,2,2026-02-10T18:10:00,2026-02-10T21:20:00,regional_train,München Hauptbahnhof,Frankfurt Hauptbahnhof,393.0,190,True,day_ticket,Direct regional train back to Frankfurt.
trip_bf125a32343b_00072_leg_003,trip_bf125a32343b_00072,3,2026-02-10T21:20:00,2026-02-10T21:30:00,walking,Frankfurt Hauptbahnhof,Wohnung Westend,0.8,10,False,none,Final walk home.
trip_bf125a32343b_00073_leg_001,trip_bf125a32343b_00073,1,2026-02-12T09:00:00,2026-02-12T09:15:00,bike,Home,FitX Gym,3.0,15,False,none,Direct bike ride from home to the gym.
trip_bf125a32343b_00074_leg_001,trip_bf125a32343b_00074,1,2026-02-12T19:00:00,2026-02-12T19:05:00,walking,Home,Tram Stop Main St,0.4,5,False,none,Walk to the nearest tram stop.
trip_bf125a32343b_00074_leg_002,trip_bf125a32343b_00074,2,2026-02-12T19:05:00,2026-02-12T19:25:00,tram,Tram Stop Main St,Tram Stop City Center,5.0,20,True,monthly_pass,Tram ride through the city centre.
trip_bf125a32343b_00074_leg_003,trip_bf125a32343b_00074,3,2026-02-12T19:25:00,2026-02-12T19:30:00,walking,Tram Stop City Center,Restaurant Zum Goldenen Hirsch,0.3,5,False,none,Final short walk to the restaurant.
trip_bf125a32343b_00075_leg_001,trip_bf125a32343b_00075,1,2026-02-12T22:00:00,2026-02-12T22:05:00,walking,Restaurant Zum Goldenen Hirsch,Tram Stop City Center,0.3,5,False,none,Walk to tram stop.
trip_bf125a32343b_00075_leg_002,trip_bf125a32343b_00075,2,2026-02-12T22:05:00,2026-02-12T22:25:00,tram,Tram Stop City Center,Tram Stop Main St,5.0,20,True,monthly_pass,Tram back towards home area.
trip_bf125a32343b_00075_leg_003,trip_bf125a32343b_00075,3,2026-02-12T22:25:00,2026-02-12T22:30:00,walking,Tram Stop Main St,Home,0.4,5,False,none,Final walk home.
trip_bf125a32343b_00076_leg_001,trip_bf125a32343b_00076,1,2026-02-13T07:00:00,2026-02-13T07:10:00,walking,Home,Frankfurt Hbf,0.8,10,False,none,Walk to the main train station.
trip_bf125a32343b_00076_leg_002,trip_bf125a32343b_00076,2,2026-02-13T07:10:00,2026-02-13T10:20:00,regional_train,Frankfurt Hbf,Munich Hbf,380.0,190,True,monthly_pass,High‑speed ICE train to Munich.
trip_bf125a32343b_00076_leg_003,trip_bf125a32343b_00076,3,2026-02-13T10:20:00,2026-02-13T10:30:00,walking,Munich Hbf,Parents' Apartment,0.8,10,False,none,Walk from Munich station to parents' place.
trip_bf125a32343b_00077_leg_001,trip_bf125a32343b_00077,1,2026-02-13T18:00:00,2026-02-13T18:10:00,walking,Parents' Apartment,Munich Hbf,0.8,10,False,none,Walk to Munich main station.
trip_bf125a32343b_00077_leg_002,trip_bf125a32343b_00077,2,2026-02-13T18:10:00,2026-02-13T21:20:00,regional_train,Munich Hbf,Frankfurt Hbf,380.0,190,True,monthly_pass,ICE train back to Frankfurt.
trip_bf125a32343b_00077_leg_003,trip_bf125a32343b_00077,3,2026-02-13T21:20:00,2026-02-13T21:30:00,walking,Frankfurt Hbf,Home,0.8,10,False,none,Final walk home.
trip_bf125a32343b_00078_leg_001,trip_bf125a32343b_00078,1,2026-02-14T08:00:00,2026-02-14T08:05:00,walking,Home,U-Bahn Station West,0.3,5,False,none,Walk to the nearest U‑Bahn entrance.
trip_bf125a32343b_00078_leg_002,trip_bf125a32343b_00078,2,2026-02-14T08:05:00,2026-02-14T08:25:00,subway,U-Bahn Station West,U-Bahn Station Finance District,6.0,20,True,monthly_pass,Subway ride across the city.
trip_bf125a32343b_00078_leg_003,trip_bf125a32343b_00078,3,2026-02-14T08:25:00,2026-02-14T08:30:00,walking,U-Bahn Station Finance District,Bike Dock,0.2,5,False,none,Short walk to bike sharing dock.
trip_bf125a32343b_00078_leg_004,trip_bf125a32343b_00078,4,2026-02-14T08:30:00,2026-02-14T08:35:00,bike,Bike Dock,Fintech Office,2.0,5,False,none,Bike the last kilometre to the office.
trip_bf125a32343b_00079_leg_001,trip_bf125a32343b_00079,1,2026-02-14T17:30:00,2026-02-14T17:35:00,bike,Fintech Office,Bike Dock,2.0,5,False,none,Bike from office to dock.
trip_bf125a32343b_00079_leg_002,trip_bf125a32343b_00079,2,2026-02-14T17:35:00,2026-02-14T17:40:00,walking,Bike Dock,U-Bahn Station Finance District,0.2,5,False,none,Walk to subway entrance.
trip_bf125a32343b_00079_leg_003,trip_bf125a32343b_00079,3,2026-02-14T17:40:00,2026-02-14T18:00:00,subway,U-Bahn Station Finance District,U-Bahn Station West,6.0,20,True,monthly_pass,Subway ride back towards home area.
trip_bf125a32343b_00079_leg_004,trip_bf125a32343b_00079,4,2026-02-14T18:00:00,2026-02-14T18:10:00,walking,U-Bahn Station West,Home,0.3,10,False,none,Final walk home.
trip_bf125a32343b_00080_leg_001,trip_bf125a32343b_00080,1,2026-02-15T18:30:00,2026-02-15T18:35:00,walking,Home,Tram Stop Cultural,0.4,5,False,none,Walk to tram stop.
trip_bf125a32343b_00080_leg_002,trip_bf125a32343b_00080,2,2026-02-15T18:35:00,2026-02-15T18:55:00,tram,Tram Stop Cultural,Museum Stop,4.0,20,True,monthly_pass,Tram ride to museum area.
trip_bf125a32343b_00080_leg_003,trip_bf125a32343b_00080,3,2026-02-15T18:55:00,2026-02-15T19:15:00,walking,Museum Stop,Städel Museum,0.3,20,False,none,Short walk to museum entrance.
trip_bf125a32343b_00081_leg_001,trip_bf125a32343b_00081,1,2026-02-15T21:00:00,2026-02-15T21:05:00,walking,Städel Museum,Museum Stop,0.3,5,False,none,Walk to tram stop.
trip_bf125a32343b_00081_leg_002,trip_bf125a32343b_00081,2,2026-02-15T21:05:00,2026-02-15T21:25:00,tram,Museum Stop,Tram Stop Cultural,4.0,20,True,monthly_pass,Tram back towards home area.
trip_bf125a32343b_00081_leg_003,trip_bf125a32343b_00081,3,2026-02-15T21:25:00,2026-02-15T21:45:00,walking,Tram Stop Cultural,Home,0.4,20,False,none,Final walk home.
trip_bf125a32343b_00082_leg_001,trip_bf125a32343b_00082,1,2026-02-16T08:00:00,2026-02-16T08:05:00,walking,Home,U-Bahn Station West,0.3,5,False,none,Walk to U‑Bahn.
trip_bf125a32343b_00082_leg_002,trip_bf125a32343b_00082,2,2026-02-16T08:05:00,2026-02-16T08:25:00,subway,U-Bahn Station West,U-Bahn Station Finance District,6.0,20,True,monthly_pass,Subway across town.
trip_bf125a32343b_00082_leg_003,trip_bf125a32343b_00082,3,2026-02-16T08:25:00,2026-02-16T08:30:00,walking,U-Bahn Station Finance District,Bike Dock,0.2,5,False,none,Walk to bike dock.
trip_bf125a32343b_00082_leg_004,trip_bf125a32343b_00082,4,2026-02-16T08:30:00,2026-02-16T08:35:00,bike,Bike Dock,Fintech Office,2.0,5,False,none,Bike the last stretch.
trip_bf125a32343b_00083_leg_001,trip_bf125a32343b_00083,1,2026-02-16T17:30:00,2026-02-16T17:35:00,bike,Fintech Office,Bike Dock,2.0,5,False,none,Bike to dock.
trip_bf125a32343b_00083_leg_002,trip_bf125a32343b_00083,2,2026-02-16T17:35:00,2026-02-16T17:40:00,walking,Bike Dock,U-Bahn Station Finance District,0.2,5,False,none,Walk to subway.
trip_bf125a32343b_00083_leg_003,trip_bf125a32343b_00083,3,2026-02-16T17:40:00,2026-02-16T18:00:00,subway,U-Bahn Station Finance District,U-Bahn Station West,6.0,20,True,monthly_pass,Subway towards home.
trip_bf125a32343b_00083_leg_004,trip_bf125a32343b_00083,4,2026-02-16T18:00:00,2026-02-16T18:10:00,walking,U-Bahn Station West,Home,0.3,10,False,none,Final walk home.
trip_bf125a32343b_00084_leg_001,trip_bf125a32343b_00084,1,2026-02-17T20:00:00,2026-02-17T20:05:00,walking,Home,Shared Bike Dock,0.3,5,False,none,Walk to shared bike station.
trip_bf125a32343b_00084_leg_002,trip_bf125a32343b_00084,2,2026-02-17T20:05:00,2026-02-17T20:15:00,shared_bike,Shared Bike Dock,Bar Zum Kiez,2.0,10,False,none,Ride shared bike to the bar.
trip_bf125a32343b_00084_leg_003,trip_bf125a32343b_00084,3,2026-02-17T20:15:00,2026-02-17T20:20:00,walking,Bar Zum Kiez,Home,0.3,5,False,none,Short walk back home.
trip_bf125a32343b_00085_leg_001,trip_bf125a32343b_00085,1,2026-02-19T07:45:00,2026-02-19T07:50:00,walking,Home,Tram Stop,0.4,5,False,none,Walk from home to the nearest tram stop.
trip_bf125a32343b_00085_leg_002,trip_bf125a32343b_00085,2,2026-02-19T07:50:00,2026-02-19T08:05:00,tram,Tram Stop,Tram Stop near Office,5.0,15,True,monthly_pass,Tram ride covering the main part of the commute.
trip_bf125a32343b_00085_leg_003,trip_bf125a32343b_00085,3,2026-02-19T08:05:00,2026-02-19T08:10:00,bike,Tram Stop near Office,FinTech Office,1.2,5,False,none,Bike the last kilometre to the office.
trip_bf125a32343b_00086_leg_001,trip_bf125a32343b_00086,1,2026-02-19T17:30:00,2026-02-19T17:35:00,bike,FinTech Office,Tram Stop,1.2,5,False,none,Bike to the nearest tram stop.
trip_bf125a32343b_00086_leg_002,trip_bf125a32343b_00086,2,2026-02-19T17:35:00,2026-02-19T17:50:00,tram,Tram Stop,Tram Stop near Home,5.0,15,True,monthly_pass,Tram ride back towards home.
trip_bf125a32343b_00086_leg_003,trip_bf125a32343b_00086,3,2026-02-19T17:50:00,2026-02-19T17:55:00,walking,Tram Stop near Home,Home,0.4,5,False,none,Short walk to the apartment.
trip_bf125a32343b_00087_leg_001,trip_bf125a32343b_00087,1,2026-02-21T07:45:00,2026-02-21T07:55:00,walking,Home,U‑Bahn Station,0.5,10,False,none,Walk to the nearest U‑Bahn station.
trip_bf125a32343b_00087_leg_002,trip_bf125a32343b_00087,2,2026-02-21T07:55:00,2026-02-21T08:10:00,subway,U‑Bahn Station,U‑Bahn Stop near Office,4.5,15,True,monthly_pass,Subway ride covering the bulk of the distance.
trip_bf125a32343b_00087_leg_003,trip_bf125a32343b_00087,3,2026-02-21T08:10:00,2026-02-21T08:15:00,bike,U‑Bahn Stop near Office,FinTech Office,1.2,5,False,none,Bike the final kilometre to the workplace.
trip_bf125a32343b_00088_leg_001,trip_bf125a32343b_00088,1,2026-02-21T18:00:00,2026-02-21T18:20:00,car_sharing,FinTech Office,Client Meeting at Hauptwache,6.0,20,False,none,Car‑sharing vehicle drives directly to client location.
trip_bf125a32343b_00089_leg_001,trip_bf125a32343b_00089,1,2026-02-21T19:30:00,2026-02-21T19:35:00,walking,Client Meeting Location,Tram Stop,0.4,5,False,none,Walk to the nearest tram stop.
trip_bf125a32343b_00089_leg_002,trip_bf125a32343b_00089,2,2026-02-21T19:35:00,2026-02-21T19:55:00,tram,Tram Stop,Tram Stop near Home,5.0,20,True,monthly_pass,Tram ride back towards home.
trip_bf125a32343b_00089_leg_003,trip_bf125a32343b_00089,3,2026-02-21T19:55:00,2026-02-21T20:00:00,walking,Tram Stop near Home,Home,0.5,5,False,none,Final short walk to the apartment.
trip_bf125a32343b_00090_leg_001,trip_bf125a32343b_00090,1,2026-02-22T17:30:00,2026-02-22T17:45:00,shared_bike,FinTech Office,FitX Gym,1.5,15,False,none,Ride shared bike to the gym.
trip_bf125a32343b_00090_leg_002,trip_bf125a32343b_00090,2,2026-02-22T17:45:00,2026-02-22T17:55:00,walking,FitX Gym,Gym Entrance,0.3,10,False,none,Short walk to the gym entrance.
trip_bf125a32343b_00091_leg_001,trip_bf125a32343b_00091,1,2026-02-23T07:45:00,2026-02-23T07:55:00,walking,Home,Bus Stop,0.5,10,False,none,Walk to the bus stop.
trip_bf125a32343b_00091_leg_002,trip_bf125a32343b_00091,2,2026-02-23T07:55:00,2026-02-23T08:15:00,bus,Bus Stop,Bus Stop near Office,5.0,20,True,monthly_pass,Bus ride covering most of the distance.
trip_bf125a32343b_00091_leg_003,trip_bf125a32343b_00091,3,2026-02-23T08:15:00,2026-02-23T08:20:00,bike,Bus Stop near Office,FinTech Office,1.2,5,False,none,Bike the final stretch to the workplace.
trip_bf125a32343b_00092_leg_001,trip_bf125a32343b_00092,1,2026-02-23T19:00:00,2026-02-23T19:05:00,walking,Home,Tram Stop,0.4,5,False,none,Walk to the tram stop.
trip_bf125a32343b_00092_leg_002,trip_bf125a32343b_00092,2,2026-02-23T19:05:00,2026-02-23T19:20:00,tram,Tram Stop,Tram Stop near Restaurant,4.0,15,True,monthly_pass,Tram ride to the city centre.
trip_bf125a32343b_00092_leg_003,trip_bf125a32343b_00092,3,2026-02-23T19:20:00,2026-02-23T19:25:00,walking,Tram Stop near Restaurant,Zum Goldenen Hirsch,0.3,5,False,none,Short walk to the restaurant.
trip_bf125a32343b_00093_leg_001,trip_bf125a32343b_00093,1,2026-02-24T07:00:00,2026-02-24T07:08:00,walking,Home,Frankfurt Hauptbahnhof,0.6,8,False,none,Walk to the main train station.
trip_bf125a32343b_00093_leg_002,trip_bf125a32343b_00093,2,2026-02-24T07:20:00,2026-02-24T10:30:00,regional_train,Frankfurt Hauptbahnhof,Munich Hauptbahnhof,400.0,190,True,single_ticket,Direct regional train to Munich.
trip_bf125a32343b_00093_leg_003,trip_bf125a32343b_00093,3,2026-02-24T10:30:00,2026-02-24T10:35:00,walking,Munich Hauptbahnhof,Parents' Apartment,0.5,5,False,none,Short walk to parents' place.
trip_bf125a32343b_00094_leg_001,trip_bf125a32343b_00094,1,2026-02-24T18:00:00,2026-02-24T18:08:00,walking,Parents' Apartment,Munich Hauptbahnhof,0.5,8,False,none,Walk to Munich train station.
trip_bf125a32343b_00094_leg_002,trip_bf125a32343b_00094,2,2026-02-24T18:20:00,2026-02-24T21:30:00,regional_train,Munich Hauptbahnhof,Frankfurt Hauptbahnhof,400.0,190,True,single_ticket,Direct regional train back to Frankfurt.
trip_bf125a32343b_00094_leg_003,trip_bf125a32343b_00094,3,2026-02-24T21:30:00,2026-02-24T21:38:00,walking,Frankfurt Hauptbahnhof,Home,0.6,8,False,none,Walk home from the station.
trip_bf125a32343b_00095_leg_001,trip_bf125a32343b_00095,1,2026-02-25T08:00:00,2026-02-25T08:08:00,walking,Home,Frankfurt Hauptbahnhof,0.6,8,False,none,Walk to the main train station.
trip_bf125a32343b_00095_leg_002,trip_bf125a32343b_00095,2,2026-02-25T08:30:00,2026-02-25T11:30:00,regional_train,Frankfurt Hauptbahnhof,Berlin Hauptbahnhof,545.0,180,True,single_ticket,Direct regional train to Berlin.
trip_bf125a32343b_00095_leg_003,trip_bf125a32343b_00095,3,2026-02-25T11:30:00,2026-02-25T11:35:00,walking,Berlin Hauptbahnhof,Tech Conference Center,0.5,5,False,none,Short walk to the conference venue.
trip_bf125a32343b_00096_leg_001,trip_bf125a32343b_00096,1,2026-02-25T18:00:00,2026-02-25T18:08:00,walking,Tech Conference Center,Berlin Hauptbahnhof,0.5,8,False,none,Walk to Berlin train station.
trip_bf125a32343b_00096_leg_002,trip_bf125a32343b_00096,2,2026-02-25T18:30:00,2026-02-25T21:30:00,regional_train,Berlin Hauptbahnhof,Frankfurt Hauptbahnhof,545.0,180,True,single_ticket,Direct regional train back to Frankfurt.
trip_bf125a32343b_00096_leg_003,trip_bf125a32343b_00096,3,2026-02-25T21:30:00,2026-02-25T21:38:00,walking,Frankfurt Hauptbahnhof,Home,0.6,8,False,none,Final walk home.
trip_bf125a32343b_00097_leg_001,trip_bf125a32343b_00097,1,2026-02-26T07:30:00,2026-02-26T07:35:00,walking,Home entrance,Taunusanlage tram stop,0.4,5,False,none,Walk to the nearest tram stop.
trip_bf125a32343b_00097_leg_002,trip_bf125a32343b_00097,2,2026-02-26T07:35:00,2026-02-26T07:45:00,tram,Taunusanlage tram stop,Bockenheimer Warte stop,5.0,10,True,monthly_pass,Tram line 12 towards the office district.
trip_bf125a32343b_00097_leg_003,trip_bf125a32343b_00097,3,2026-02-26T07:45:00,2026-02-26T07:55:00,bike,Bockenheimer Warte stop,FinTech Office,3.0,10,False,none,Bike the last kilometre to the office.
trip_bf125a32343b_00098_leg_001,trip_bf125a32343b_00098,1,2026-02-26T18:00:00,2026-02-26T18:07:00,bike,FinTech Office,Bockenheimer Warte stop,3.0,7,False,none,Bike to the tram stop.
trip_bf125a32343b_00098_leg_002,trip_bf125a32343b_00098,2,2026-02-26T18:07:00,2026-02-26T18:17:00,tram,Bockenheimer Warte stop,Taunusanlage tram stop,5.0,10,True,monthly_pass,Tram back towards the residential area.
trip_bf125a32343b_00098_leg_003,trip_bf125a32343b_00098,3,2026-02-26T18:17:00,2026-02-26T18:22:00,walking,Taunusanlage tram stop,Home (60311),0.4,5,False,none,Walk the final stretch home.
trip_bf125a32343b_00099_leg_001,trip_bf125a32343b_00099,1,2026-02-26T18:30:00,2026-02-26T18:38:00,tram,FinTech Office,Restaurant tram stop,4.0,8,True,monthly_pass,Tram to the restaurant area.
trip_bf125a32343b_00099_leg_002,trip_bf125a32343b_00099,2,2026-02-26T18:38:00,2026-02-26T18:43:00,walking,Restaurant tram stop,Italian Bistro,0.3,5,False,none,Short walk to the bistro.
trip_bf125a32343b_00099_leg_003,trip_bf125a32343b_00099,3,2026-02-26T20:30:00,2026-02-26T20:35:00,walking,Italian Bistro,Restaurant tram stop,0.3,5,False,none,Walk back to the tram stop after dinner.
trip_bf125a32343b_00099_leg_004,trip_bf125a32343b_00099,4,2026-02-26T20:35:00,2026-02-26T20:43:00,tram,Restaurant tram stop,Home tram stop,4.0,8,True,monthly_pass,Tram back towards home.
trip_bf125a32343b_00099_leg_005,trip_bf125a32343b_00099,5,2026-02-26T20:43:00,2026-02-26T20:48:00,walking,Home tram stop,Home (60311),0.4,5,False,none,Final walk home.
trip_bf125a32343b_00100_leg_001,trip_bf125a32343b_00100,1,2026-02-28T08:00:00,2026-02-28T08:05:00,walking,Home entrance,Frankfurt Hbf entrance,0.4,5,False,none,Walk to the main train station.
trip_bf125a32343b_00100_leg_002,trip_bf125a32343b_00100,2,2026-02-28T08:05:00,2026-02-28T11:35:00,regional_train,Frankfurt Hbf platform,Munich Hbf platform,393.0,210,True,monthly_pass,ICE regional train to Munich.
trip_bf125a32343b_00100_leg_003,trip_bf125a32343b_00100,3,2026-02-28T11:35:00,2026-02-28T11:40:00,walking,Munich Hbf entrance,Parents' apartment (arrival),0.4,5,False,none,Walk to the parents' residence.
trip_bf125a32343b_00101_leg_001,trip_bf125a32343b_00101,1,2026-03-01T17:00:00,2026-03-01T17:05:00,walking,Parents' apartment,Munich Hbf entrance,0.4,5,False,none,Walk to the station.
trip_bf125a32343b_00101_leg_002,trip_bf125a32343b_00101,2,2026-03-01T17:05:00,2026-03-01T20:35:00,regional_train,Munich Hbf platform,Frankfurt Hbf platform,393.0,210,True,monthly_pass,ICE regional train back to Frankfurt.
trip_bf125a32343b_00101_leg_003,trip_bf125a32343b_00101,3,2026-03-01T20:35:00,2026-03-01T20:40:00,walking,Frankfurt Hbf entrance,Home (60311),0.4,5,False,none,Walk home from the station.
trip_bf125a32343b_00102_leg_001,trip_bf125a32343b_00102,1,2026-03-01T22:00:00,2026-03-01T22:05:00,walking,Home entrance,Tram stop A,0.4,5,False,none,Walk to tram stop.
trip_bf125a32343b_00102_leg_002,trip_bf125a32343b_00102,2,2026-03-01T22:05:00,2026-03-01T22:13:00,tram,Tram stop A,Tram stop B (near Bar),4.0,8,True,monthly_pass,Tram ride to nightlife district.
trip_bf125a32343b_00102_leg_003,trip_bf125a32343b_00102,3,2026-03-01T22:13:00,2026-03-01T22:16:00,walking,Tram stop B,Bar Central entrance,0.3,3,False,none,Short walk to the bar.
trip_bf125a32343b_00102_leg_004,trip_bf125a32343b_00102,4,2026-03-02T00:30:00,2026-03-02T00:33:00,walking,Bar Central entrance,Tram stop B,0.3,3,False,none,Walk back to tram stop after drinks.
trip_bf125a32343b_00102_leg_005,trip_bf125a32343b_00102,5,2026-03-02T00:33:00,2026-03-02T00:41:00,tram,Tram stop B,Tram stop A,4.0,8,True,monthly_pass,Tram back towards home area.
trip_bf125a32343b_00102_leg_006,trip_bf125a32343b_00102,6,2026-03-02T00:41:00,2026-03-02T00:46:00,walking,Tram stop A,Home entrance,0.4,5,False,none,Final walk home.
trip_bf125a32343b_00103_leg_001,trip_bf125a32343b_00103,1,2026-03-02T07:30:00,2026-03-02T07:35:00,walking,Home entrance,Taunusanlage tram stop,0.4,5,False,none,Walk to tram stop.
trip_bf125a32343b_00103_leg_002,trip_bf125a32343b_00103,2,2026-03-02T07:35:00,2026-03-02T07:45:00,tram,Taunusanlage tram stop,Bockenheimer Warte stop,5.0,10,True,monthly_pass,Tram towards office district.
trip_bf125a32343b_00103_leg_003,trip_bf125a32343b_00103,3,2026-03-02T07:45:00,2026-03-02T07:55:00,bike,Bockenheimer Warte stop,FinTech Office,3.0,10,False,none,Bike the last segment.
trip_bf125a32343b_00104_leg_001,trip_bf125a32343b_00104,1,2026-03-02T18:00:00,2026-03-02T18:07:00,bike,FinTech Office,Bockenheimer Warte stop,3.0,7,False,none,Bike to tram stop.
trip_bf125a32343b_00104_leg_002,trip_bf125a32343b_00104,2,2026-03-02T18:07:00,2026-03-02T18:17:00,tram,Bockenheimer Warte stop,Taunusanlage tram stop,5.0,10,True,monthly_pass,Tram towards residential area.
trip_bf125a32343b_00104_leg_003,trip_bf125a32343b_00104,3,2026-03-02T18:17:00,2026-03-02T18:22:00,walking,Taunusanlage tram stop,Home (60311),0.4,5,False,none,Final walk home.
trip_bf125a32343b_00105_leg_001,trip_bf125a32343b_00105,1,2026-03-02T18:30:00,2026-03-02T18:37:00,bike,FinTech Office,FitX Gym,2.0,7,False,none,Bike to the gym.
trip_bf125a32343b_00105_leg_002,trip_bf125a32343b_00105,2,2026-03-02T19:45:00,2026-03-02T19:52:00,bike,FitX Gym,Home (60311),5.0,7,False,none,Bike home after workout.
trip_bf125a32343b_00106_leg_001,trip_bf125a32343b_00106,1,2026-03-04T07:30:00,2026-03-04T07:35:00,walking,Home entrance,Taunusanlage tram stop,0.4,5,False,none,Walk to tram stop.
trip_bf125a32343b_00106_leg_002,trip_bf125a32343b_00106,2,2026-03-04T07:35:00,2026-03-04T07:45:00,tram,Taunusanlage tram stop,Bockenheimer Warte stop,5.0,10,True,monthly_pass,Tram ride towards office.
trip_bf125a32343b_00106_leg_003,trip_bf125a32343b_00106,3,2026-03-04T07:45:00,2026-03-04T07:55:00,bike,Bockenheimer Warte stop,FinTech Office,3.0,10,False,none,Bike the final segment.
trip_bf125a32343b_00107_leg_001,trip_bf125a32343b_00107,1,2026-03-04T10:00:00,2026-03-04T10:03:00,walking,FinTech Office,Car‑sharing pickup point,0.2,3,False,none,Walk to the shared car.
trip_bf125a32343b_00107_leg_002,trip_bf125a32343b_00107,2,2026-03-04T10:03:00,2026-03-04T10:13:00,car_sharing,Car‑sharing pickup point,Client Office parking,5.0,10,False,none,Drive to client location.
trip_bf125a32343b_00107_leg_003,trip_bf125a32343b_00107,3,2026-03-04T10:13:00,2026-03-04T10:15:00,walking,Client Office parking,Client Office Westend,0.2,2,False,none,Short walk to meeting room.
trip_bf125a32343b_00108_leg_001,trip_bf125a32343b_00108,1,2026-03-04T10:30:00,2026-03-04T10:32:00,walking,Client Office Westend,Car‑sharing pickup point,0.2,2,False,none,Walk to shared car.
trip_bf125a32343b_00108_leg_002,trip_bf125a32343b_00108,2,2026-03-04T10:32:00,2026-03-04T10:44:00,car_sharing,Car‑sharing pickup point,Home drop‑off zone,7.0,12,False,none,Drive towards home area.
trip_bf125a32343b_00108_leg_003,trip_bf125a32343b_00108,3,2026-03-04T10:44:00,2026-03-04T10:49:00,walking,Home drop‑off zone,Home (60311),0.4,5,False,none,Final walk home.
trip_bf125a32343b_00109_leg_001,trip_bf125a32343b_00109,1,2026-03-05T07:30:00,2026-03-05T07:35:00,walking,Wohnung Westend,Dom/Römer Station,0.4,5,False,none,Walk to the nearest U‑Bahn station.
trip_bf125a32343b_00109_leg_002,trip_bf125a32343b_00109,2,2026-03-05T07:35:00,2026-03-05T07:55:00,subway,Dom/Römer Station,Taunusanlage Station,8.0,20,True,monthly_pass,U‑Bahn line to the office district.
trip_bf125a32343b_00109_leg_003,trip_bf125a32343b_00109,3,2026-03-05T07:55:00,2026-03-05T08:05:00,bike,Taunusanlage Station,FinTech Office,2.0,10,False,none,Bike the last kilometre to the office.
trip_bf125a32343b_00110_leg_001,trip_bf125a32343b_00110,1,2026-03-05T18:00:00,2026-03-05T18:05:00,walking,FinTech Office,Tram Stop Hauptwache,0.3,5,False,none,Walk to the tram stop.
trip_bf125a32343b_00110_leg_002,trip_bf125a32343b_00110,2,2026-03-05T18:05:00,2026-03-05T18:15:00,tram,Tram Stop Hauptwache,Tram Stop Berger Straße,3.0,10,True,monthly_pass,Tram line to the restaurant district.
trip_bf125a32343b_00110_leg_003,trip_bf125a32343b_00110,3,2026-03-05T18:15:00,2026-03-05T18:20:00,walking,Tram Stop Berger Straße,Zum Lahmen Esel,0.3,5,False,none,Short walk to the restaurant.
trip_bf125a32343b_00111_leg_001,trip_bf125a32343b_00111,1,2026-03-05T20:30:00,2026-03-05T20:35:00,walking,Zum Lahmen Esel,Bike Station Near Restaurant,0.3,5,False,none,Walk to the nearest bike station.
trip_bf125a32343b_00111_leg_002,trip_bf125a32343b_00111,2,2026-03-05T20:35:00,2026-03-05T20:47:00,bike,Bike Station Near Restaurant,Wohnung Westend,3.0,12,False,none,Bike home.
trip_bf125a32343b_00112_leg_001,trip_bf125a32343b_00112,1,2026-03-07T07:00:00,2026-03-07T07:05:00,walking,Wohnung Westend,Frankfurt Hauptbahnhof,0.4,5,False,none,Walk to the main train station.
trip_bf125a32343b_00112_leg_002,trip_bf125a32343b_00112,2,2026-03-07T07:05:00,2026-03-07T10:20:00,regional_train,Frankfurt Hauptbahnhof,München Hauptbahnhof,400.0,195,True,single_ticket,Direct ICE to Munich.
trip_bf125a32343b_00112_leg_003,trip_bf125a32343b_00112,3,2026-03-07T10:20:00,2026-03-07T10:30:00,walking,München Hauptbahnhof,Parents' House Munich,0.5,10,False,none,Walk to parents' home.
trip_bf125a32343b_00113_leg_001,trip_bf125a32343b_00113,1,2026-03-07T18:00:00,2026-03-07T18:10:00,walking,Parents' House Munich,Restaurant Hofbräu,0.8,10,False,none,Walk to dinner.
trip_bf125a32343b_00114_leg_001,trip_bf125a32343b_00114,1,2026-03-08T08:00:00,2026-03-08T08:05:00,walking,Parents' House Munich,München Hauptbahnhof,0.4,5,False,none,Walk to Munich main station.
trip_bf125a32343b_00114_leg_002,trip_bf125a32343b_00114,2,2026-03-08T08:05:00,2026-03-08T11:20:00,regional_train,München Hauptbahnhof,Frankfurt Hauptbahnhof,400.0,195,True,single_ticket,Direct ICE back to Frankfurt.
trip_bf125a32343b_00114_leg_003,trip_bf125a32343b_00114,3,2026-03-08T11:20:00,2026-03-08T11:30:00,walking,Frankfurt Hauptbahnhof,Wohnung Westend,0.5,10,False,none,Walk home.
trip_bf125a32343b_00115_leg_001,trip_bf125a32343b_00115,1,2026-03-08T12:00:00,2026-03-08T12:05:00,walking,Wohnung Westend,Frankfurt Hauptbahnhof,0.4,5,False,none,Walk to the main station.
trip_bf125a32343b_00115_leg_002,trip_bf125a32343b_00115,2,2026-03-08T12:05:00,2026-03-08T16:00:00,regional_train,Frankfurt Hauptbahnhof,Berlin Hauptbahnhof,545.0,235,True,single_ticket,ICE to Berlin.
trip_bf125a32343b_00115_leg_003,trip_bf125a32343b_00115,3,2026-03-08T16:00:00,2026-03-08T16:30:00,walking,Berlin Hauptbahnhof,Tech Conference Center,0.5,30,False,none,Walk to the conference venue.
trip_bf125a32343b_00116_leg_001,trip_bf125a32343b_00116,1,2026-03-08T17:00:00,2026-03-08T17:30:00,walking,Tech Conference Center,Berlin Hauptbahnhof,0.5,30,False,none,Walk to Berlin station.
trip_bf125a32343b_00116_leg_002,trip_bf125a32343b_00116,2,2026-03-08T17:30:00,2026-03-08T21:00:00,regional_train,Berlin Hauptbahnhof,Frankfurt Hauptbahnhof,545.0,210,True,single_ticket,ICE back to Frankfurt.
trip_bf125a32343b_00116_leg_003,trip_bf125a32343b_00116,3,2026-03-08T21:00:00,2026-03-08T21:30:00,walking,Frankfurt Hauptbahnhof,Wohnung Westend,0.5,30,False,none,Walk home.
trip_bf125a32343b_00117_leg_001,trip_bf125a32343b_00117,1,2026-03-09T07:30:00,2026-03-09T07:35:00,walking,Wohnung Westend,Dom/Römer Station,0.4,5,False,none,Walk to U‑Bahn.
trip_bf125a32343b_00117_leg_002,trip_bf125a32343b_00117,2,2026-03-09T07:35:00,2026-03-09T07:55:00,subway,Dom/Römer Station,Taunusanlage Station,8.0,20,True,monthly_pass,U‑Bahn ride.
trip_bf125a32343b_00117_leg_003,trip_bf125a32343b_00117,3,2026-03-09T07:55:00,2026-03-09T08:05:00,bike,Taunusanlage Station,FinTech Office,2.0,10,False,none,Bike the last stretch.
trip_bf125a32343b_00118_leg_001,trip_bf125a32343b_00118,1,2026-03-09T19:00:00,2026-03-09T19:05:00,walking,FinTech Office,CarShare Pickup Spot,0.3,5,False,none,Walk to car‑sharing vehicle.
trip_bf125a32343b_00118_leg_002,trip_bf125a32343b_00118,2,2026-03-09T19:05:00,2026-03-09T19:20:00,car_sharing,CarShare Pickup Spot,Club Skyline,6.0,15,False,none,Drive to the nightlife venue.
trip_bf125a32343b_00118_leg_003,trip_bf125a32343b_00118,3,2026-03-09T19:20:00,2026-03-09T19:25:00,walking,Club Skyline,Wohnung Westend,0.4,5,False,none,Short walk home.
trip_bf125a32343b_00119_leg_001,trip_bf125a32343b_00119,1,2026-03-11T07:30:00,2026-03-11T07:35:00,walking,Wohnung Westend,Dom/Römer Station,0.4,5,False,none,Walk to U‑Bahn.
trip_bf125a32343b_00119_leg_002,trip_bf125a32343b_00119,2,2026-03-11T07:35:00,2026-03-11T07:55:00,subway,Dom/Römer Station,Taunusanlage Station,8.0,20,True,monthly_pass,U‑Bahn ride.
trip_bf125a32343b_00119_leg_003,trip_bf125a32343b_00119,3,2026-03-11T07:55:00,2026-03-11T08:05:00,bike,Taunusanlage Station,FinTech Office,2.0,10,False,none,Bike the final stretch.
trip_bf125a32343b_00120_leg_001,trip_bf125a32343b_00120,1,2026-03-11T18:30:00,2026-03-11T18:35:00,walking,FinTech Office,CarShare Pickup Spot,0.3,5,False,none,Walk to car‑sharing vehicle.
trip_bf125a32343b_00120_leg_002,trip_bf125a32343b_00120,2,2026-03-11T18:35:00,2026-03-11T18:50:00,car_sharing,CarShare Pickup Spot,Städel Museum,5.0,15,False,none,Drive to the museum.
trip_bf125a32343b_00120_leg_003,trip_bf125a32343b_00120,3,2026-03-11T18:50:00,2026-03-11T18:52:00,walking,Städel Museum,Wohnung Westend,0.4,2,False,none,Short walk home.
trip_bf125a32343b_00121_leg_001,trip_bf125a32343b_00121,1,2026-03-13T07:30:00,2026-03-13T07:35:00,walking,Home entrance,Hauptwache station,0.3,5,False,none,Walk to the nearest U‑Bahn station.
trip_bf125a32343b_00121_leg_002,trip_bf125a32343b_00121,2,2026-03-13T07:37:00,2026-03-13T07:49:00,subway,Hauptwache,Taunusanlage,3.0,12,True,monthly_pass,"U1 towards Ginnheim, alighting close to the office."
trip_bf125a32343b_00121_leg_003,trip_bf125a32343b_00121,3,2026-03-13T07:49:00,2026-03-13T07:54:00,bike,Taunusanlage station,FinTech Office,1.2,5,False,none,Bike the last kilometre to the office.
trip_bf125a32343b_00122_leg_001,trip_bf125a32343b_00122,1,2026-03-13T17:45:00,2026-03-13T17:50:00,bike,FinTech Office,Taunusanlage station,1.2,5,False,none,Bike to the subway stop.
trip_bf125a32343b_00122_leg_002,trip_bf125a32343b_00122,2,2026-03-13T17:52:00,2026-03-13T18:04:00,subway,Taunusanlage,Hauptwache,3.0,12,True,monthly_pass,U1 back towards city centre.
trip_bf125a32343b_00122_leg_003,trip_bf125a32343b_00122,3,2026-03-13T18:04:00,2026-03-13T18:09:00,walking,Hauptwache station,Home entrance,0.3,5,False,none,Walk home.
trip_bf125a32343b_00123_leg_001,trip_bf125a32343b_00123,1,2026-03-13T19:30:00,2026-03-13T19:33:00,walking,Office lobby,Hauptwache tram stop,0.2,3,False,none,Walk to the tram stop.
trip_bf125a32343b_00123_leg_002,trip_bf125a32343b_00123,2,2026-03-13T19:35:00,2026-03-13T19:43:00,tram,Hauptwache,Schweizer Straße,2.0,8,True,monthly_pass,Tram line 12 towards Sachsenhausen.
trip_bf125a32343b_00123_leg_003,trip_bf125a32343b_00123,3,2026-03-13T19:43:00,2026-03-13T19:46:00,walking,Tram stop Schweizer Straße,Restaurant entrance,0.2,3,False,none,Short walk to the restaurant.
trip_bf125a32343b_00124_leg_001,trip_bf125a32343b_00124,1,2026-03-13T21:30:00,2026-03-13T21:33:00,walking,Restaurant entrance,Schweizer Straße tram stop,0.2,3,False,none,Walk to tram stop.
trip_bf125a32343b_00124_leg_002,trip_bf125a32343b_00124,2,2026-03-13T21:35:00,2026-03-13T21:43:00,tram,Schweizer Straße,Hauptwache,2.0,8,True,monthly_pass,Tram back towards city centre.
trip_bf125a32343b_00124_leg_003,trip_bf125a32343b_00124,3,2026-03-13T21:43:00,2026-03-13T21:48:00,walking,Hauptwache station,Home entrance,0.3,5,False,none,Final walk home.
trip_bf125a32343b_00125_leg_001,trip_bf125a32343b_00125,1,2026-03-14T08:00:00,2026-03-14T08:05:00,walking,Home entrance,Frankfurt Hbf,0.4,5,False,none,Walk to the main train station.
trip_bf125a32343b_00125_leg_002,trip_bf125a32343b_00125,2,2026-03-14T08:15:00,2026-03-14T11:45:00,regional_train,Frankfurt Hbf,Munich Hbf,392.0,210,True,single_ticket,Direct ICE to Munich.
trip_bf125a32343b_00125_leg_003,trip_bf125a32343b_00125,3,2026-03-14T11:45:00,2026-03-14T11:53:00,walking,Munich Hbf,Parents' Home,0.6,8,False,none,Walk from the station to parents' house.
trip_bf125a32343b_00126_leg_001,trip_bf125a32343b_00126,1,2026-03-15T18:30:00,2026-03-15T18:35:00,walking,Parents' Home,Munich Hbf,0.6,5,False,none,Walk to Munich main station.
trip_bf125a32343b_00126_leg_002,trip_bf125a32343b_00126,2,2026-03-15T18:45:00,2026-03-15T22:15:00,regional_train,Munich Hbf,Frankfurt Hbf,392.0,210,True,single_ticket,Direct ICE back to Frankfurt.
trip_bf125a32343b_00126_leg_003,trip_bf125a32343b_00126,3,2026-03-15T22:15:00,2026-03-15T22:23:00,walking,Frankfurt Hbf,Home entrance,0.4,8,False,none,Walk home from the station.
trip_bf125a32343b_00127_leg_001,trip_bf125a32343b_00127,1,2026-03-16T07:35:00,2026-03-16T07:40:00,walking,Home entrance,Hauptwache station,0.3,5,False,none,Walk to the U‑Bahn.
trip_bf125a32343b_00127_leg_002,trip_bf125a32343b_00127,2,2026-03-16T07:42:00,2026-03-16T07:54:00,subway,Hauptwache,Taunusanlage,3.0,12,True,monthly_pass,U1 towards Ginnheim.
trip_bf125a32343b_00127_leg_003,trip_bf125a32343b_00127,3,2026-03-16T07:54:00,2026-03-16T07:59:00,bike,Taunusanlage station,FinTech Office,1.2,5,False,none,Bike the last kilometre.
trip_bf125a32343b_00128_leg_001,trip_bf125a32343b_00128,1,2026-03-16T17:40:00,2026-03-16T17:45:00,bike,FinTech Office,Taunusanlage station,1.2,5,False,none,Bike to subway.
trip_bf125a32343b_00128_leg_002,trip_bf125a32343b_00128,2,2026-03-16T17:47:00,2026-03-16T17:59:00,subway,Taunusanlage,Hauptwache,3.0,12,True,monthly_pass,U1 back to city centre.
trip_bf125a32343b_00128_leg_003,trip_bf125a32343b_00128,3,2026-03-16T17:59:00,2026-03-16T18:04:00,walking,Hauptwache station,Home entrance,0.3,5,False,none,Final walk home.
trip_bf125a32343b_00129_leg_001,trip_bf125a32343b_00129,1,2026-03-16T18:30:00,2026-03-16T18:34:00,bike,FinTech Office,FitX Gym entrance,1.0,4,False,none,Bike directly to the gym.
trip_bf125a32343b_00129_leg_002,trip_bf125a32343b_00129,2,2026-03-16T18:34:00,2026-03-16T18:37:00,walking,FitX Gym entrance,Gym locker area,0.2,3,False,none,Short walk inside the facility.
trip_bf125a32343b_00130_leg_001,trip_bf125a32343b_00130,1,2026-03-16T20:00:00,2026-03-16T20:05:00,bike,Gym locker area,Gym exit,1.5,5,False,none,Bike from gym towards home.
trip_bf125a32343b_00130_leg_002,trip_bf125a32343b_00130,2,2026-03-16T20:05:00,2026-03-16T20:09:00,walking,Bike parking spot,Home entrance,0.3,4,False,none,Final walk home.
trip_bf125a32343b_00131_leg_001,trip_bf125a32343b_00131,1,2026-03-18T07:40:00,2026-03-18T07:45:00,walking,Home entrance,Hauptwache station,0.3,5,False,none,Walk to U‑Bahn.
trip_bf125a32343b_00131_leg_002,trip_bf125a32343b_00131,2,2026-03-18T07:47:00,2026-03-18T07:59:00,subway,Hauptwache,Taunusanlage,3.0,12,True,monthly_pass,U1 towards Ginnheim.
trip_bf125a32343b_00131_leg_003,trip_bf125a32343b_00131,3,2026-03-18T07:59:00,2026-03-18T08:04:00,bike,Taunusanlage station,FinTech Office,1.2,5,False,none,Bike the last kilometre.
trip_bf125a32343b_00132_leg_001,trip_bf125a32343b_00132,1,2026-03-18T17:35:00,2026-03-18T17:40:00,bike,FinTech Office,Taunusanlage station,1.2,5,False,none,Bike to subway.
trip_bf125a32343b_00132_leg_002,trip_bf125a32343b_00132,2,2026-03-18T17:42:00,2026-03-18T17:54:00,subway,Taunusanlage,Hauptwache,3.0,12,True,monthly_pass,U1 back to city centre.
trip_bf125a32343b_00132_leg_003,trip_bf125a32343b_00132,3,2026-03-18T17:54:00,2026-03-18T17:59:00,walking,Hauptwache station,Home entrance,0.3,5,False,none,Final walk home.
trip_bf125a32343b_00133_leg_001,trip_bf125a32343b_00133,1,2026-03-19T07:30:00,2026-03-19T07:35:00,walking,Wohnung Westend,Westend Station,0.3,5,False,none,Walk from home to the nearest U‑Bahn station.
trip_bf125a32343b_00133_leg_002,trip_bf125a32343b_00133,2,2026-03-19T07:35:00,2026-03-19T07:45:00,subway,Westend Station,Main Station,5.0,10,True,monthly_pass,U‑Bahn ride to the central station.
trip_bf125a32343b_00133_leg_003,trip_bf125a32343b_00133,3,2026-03-19T07:45:00,2026-03-19T07:52:00,bike,Main Station,FinTech Office Main Tower,1.2,7,False,none,Bike the last kilometre to the office.
trip_bf125a32343b_00134_leg_001,trip_bf125a32343b_00134,1,2026-03-19T18:30:00,2026-03-19T18:35:00,bike,FinTech Office Main Tower,Main Station,1.2,5,False,none,Bike to the central station.
trip_bf125a32343b_00134_leg_002,trip_bf125a32343b_00134,2,2026-03-19T18:35:00,2026-03-19T18:45:00,subway,Main Station,Westend Station,5.0,10,True,monthly_pass,U‑Bahn back to the neighbourhood.
trip_bf125a32343b_00134_leg_003,trip_bf125a32343b_00134,3,2026-03-19T18:45:00,2026-03-19T18:55:00,walking,Westend Station,Wohnung Westend,0.3,10,False,none,Walk home from the station.
trip_bf125a32343b_00135_leg_001,trip_bf125a32343b_00135,1,2026-03-19T19:15:00,2026-03-19T19:23:00,tram,FinTech Office Main Tower,Restaurant Stop,3.0,8,True,monthly_pass,Tram ride to the restaurant area.
trip_bf125a32343b_00135_leg_002,trip_bf125a32343b_00135,2,2026-03-19T19:23:00,2026-03-19T19:30:00,walking,Restaurant Stop,Restaurant Zum Goldenen Hirsch,0.2,7,False,none,Short walk to the restaurant entrance.
trip_bf125a32343b_00136_leg_001,trip_bf125a32343b_00136,1,2026-03-19T21:00:00,2026-03-19T21:07:00,bike,Restaurant Zum Goldenen Hirsch,Wohnung Westend,2.0,7,False,none,Bike home directly.
trip_bf125a32343b_00137_leg_001,trip_bf125a32343b_00137,1,2026-03-21T08:00:00,2026-03-21T08:06:00,walking,Wohnung Westend,Frankfurt Hbf,0.4,6,False,none,Walk to Frankfurt main train station.
trip_bf125a32343b_00137_leg_002,trip_bf125a32343b_00137,2,2026-03-21T08:06:00,2026-03-21T11:36:00,regional_train,Frankfurt Hbf,Munich Hbf,400.0,210,True,day_ticket,Direct regional train to Munich.
trip_bf125a32343b_00137_leg_003,trip_bf125a32343b_00137,3,2026-03-21T11:36:00,2026-03-21T11:43:00,walking,Munich Hbf,Parents' Home,0.5,7,False,none,Walk from the station to parents' house.
trip_bf125a32343b_00138_leg_001,trip_bf125a32343b_00138,1,2026-03-22T09:00:00,2026-03-22T09:07:00,walking,Parents' Home,Munich Hbf,0.5,7,False,none,Walk to Munich main station.
trip_bf125a32343b_00138_leg_002,trip_bf125a32343b_00138,2,2026-03-22T09:07:00,2026-03-22T12:37:00,regional_train,Munich Hbf,Frankfurt Hbf,400.0,210,True,day_ticket,Direct regional train back to Frankfurt.
trip_bf125a32343b_00138_leg_003,trip_bf125a32343b_00138,3,2026-03-22T12:37:00,2026-03-22T12:53:00,walking,Frankfurt Hbf,Wohnung Westend,0.4,16,False,none,Walk home from the station.
trip_bf125a32343b_00139_leg_001,trip_bf125a32343b_00139,1,2026-03-23T07:30:00,2026-03-23T07:35:00,walking,Wohnung Westend,Westend Station,0.3,5,False,none,Walk to the U‑Bahn stop.
trip_bf125a32343b_00139_leg_002,trip_bf125a32343b_00139,2,2026-03-23T07:35:00,2026-03-23T07:45:00,subway,Westend Station,Main Station,5.0,10,True,monthly_pass,U‑Bahn to central station.
trip_bf125a32343b_00139_leg_003,trip_bf125a32343b_00139,3,2026-03-23T07:45:00,2026-03-23T07:52:00,bike,Main Station,FinTech Office Main Tower,1.2,7,False,none,Bike the final stretch to the office.
trip_bf125a32343b_00140_leg_001,trip_bf125a32343b_00140,1,2026-03-23T18:30:00,2026-03-23T18:35:00,bike,FinTech Office Main Tower,Main Station,1.2,5,False,none,Bike to the central station.
trip_bf125a32343b_00140_leg_002,trip_bf125a32343b_00140,2,2026-03-23T18:35:00,2026-03-23T18:45:00,subway,Main Station,Westend Station,5.0,10,True,monthly_pass,U‑Bahn back to the neighbourhood.
trip_bf125a32343b_00140_leg_003,trip_bf125a32343b_00140,3,2026-03-23T18:45:00,2026-03-23T18:55:00,walking,Westend Station,Wohnung Westend,0.3,10,False,none,Walk home from the station.
trip_bf125a32343b_00141_leg_001,trip_bf125a32343b_00141,1,2026-03-23T19:20:00,2026-03-23T19:32:00,bus,FinTech Office Main Tower,Gym Stop,4.0,12,True,monthly_pass,Bus to the fitness centre stop.
trip_bf125a32343b_00141_leg_002,trip_bf125a32343b_00141,2,2026-03-23T19:32:00,2026-03-23T19:35:00,walking,Gym Stop,FitX Frankfurt,0.3,3,False,none,Short walk into the gym.
trip_bf125a32343b_00142_leg_001,trip_bf125a32343b_00142,1,2026-03-23T20:30:00,2026-03-23T20:38:00,bike,FitX Frankfurt,Wohnung Westend,2.5,8,False,none,Bike home directly.
trip_bf125a32343b_00143_leg_001,trip_bf125a32343b_00143,1,2026-03-25T07:30:00,2026-03-25T07:35:00,walking,Wohnung Westend,Westend Station,0.3,5,False,none,Walk to the U‑Bahn stop.
trip_bf125a32343b_00143_leg_002,trip_bf125a32343b_00143,2,2026-03-25T07:35:00,2026-03-25T07:45:00,subway,Westend Station,Main Station,5.0,10,True,monthly_pass,U‑Bahn to central station.
trip_bf125a32343b_00143_leg_003,trip_bf125a32343b_00143,3,2026-03-25T07:45:00,2026-03-25T07:52:00,bike,Main Station,FinTech Office Main Tower,1.2,7,False,none,Bike the final stretch to the office.
trip_bf125a32343b_00144_leg_001,trip_bf125a32343b_00144,1,2026-03-25T18:30:00,2026-03-25T18:35:00,bike,FinTech Office Main Tower,Main Station,1.2,5,False,none,Bike to the central station.
trip_bf125a32343b_00144_leg_002,trip_bf125a32343b_00144,2,2026-03-25T18:35:00,2026-03-25T18:45:00,subway,Main Station,Westend Station,5.0,10,True,monthly_pass,U‑Bahn back to the neighbourhood.
trip_bf125a32343b_00144_leg_003,trip_bf125a32343b_00144,3,2026-03-25T18:45:00,2026-03-25T18:55:00,walking,Westend Station,Wohnung Westend,0.3,10,False,none,Walk home from the station.
trip_bf125a32343b_00145_leg_001,trip_bf125a32343b_00145,1,2026-03-26T09:00:00,2026-03-26T09:06:00,walking,Home entrance,Frankfurt Hbf,0.5,6,False,none,Walk to Frankfurt Hauptbahnhof.
trip_bf125a32343b_00145_leg_002,trip_bf125a32343b_00145,2,2026-03-26T09:06:00,2026-03-26T12:51:00,regional_train,Frankfurt Hbf,Munich Hbf,393.0,225,True,single_ticket,ICE train to Munich.
trip_bf125a32343b_00145_leg_003,trip_bf125a32343b_00145,3,2026-03-26T12:51:00,2026-03-26T13:05:00,walking,Munich Hbf,Parents' apartment,0.8,14,False,none,Walk from the station to parents' home.
trip_bf125a32343b_00146_leg_001,trip_bf125a32343b_00146,1,2026-03-27T15:00:00,2026-03-27T15:10:00,walking,Parents' apartment,Munich Hbf,0.8,10,False,none,Walk to Munich Hauptbahnhof.
trip_bf125a32343b_00146_leg_002,trip_bf125a32343b_00146,2,2026-03-27T15:10:00,2026-03-27T18:55:00,regional_train,Munich Hbf,Frankfurt Hbf,393.0,225,True,single_ticket,ICE train back to Frankfurt.
trip_bf125a32343b_00146_leg_003,trip_bf125a32343b_00146,3,2026-03-27T18:55:00,2026-03-27T19:05:00,walking,Frankfurt Hbf,"Home, 60311 Frankfurt",0.5,10,False,none,Final walk home.
trip_bf125a32343b_00147_leg_001,trip_bf125a32343b_00147,1,2026-03-28T08:00:00,2026-03-28T08:05:00,walking,Home entrance,Dom/Römer U‑Bahn station,0.3,5,False,none,Walk to the nearest U‑Bahn station.
trip_bf125a32343b_00147_leg_002,trip_bf125a32343b_00147,2,2026-03-28T08:07:00,2026-03-28T08:19:00,subway,Dom/Römer station,Bockenheimer Warte station,5.0,12,True,monthly_pass,U4 ride to the office area.
trip_bf125a32343b_00147_leg_003,trip_bf125a32343b_00147,3,2026-03-28T08:19:00,2026-03-28T08:22:00,bike,Bockenheimer Warte station,FinTech Office,0.8,3,False,none,Bike the last kilometre to the office.
trip_bf125a32343b_00148_leg_001,trip_bf125a32343b_00148,1,2026-03-29T18:30:00,2026-03-29T18:37:00,bike,FinTech Office,Zum Goldenen Stern,2.0,7,False,none,Bike directly to the restaurant.
trip_bf125a32343b_00149_leg_001,trip_bf125a32343b_00149,1,2026-03-30T08:05:00,2026-03-30T08:11:00,walking,Home entrance,Eschersheimer Tor tram stop,0.4,6,False,none,Walk to the tram stop.
trip_bf125a32343b_00149_leg_002,trip_bf125a32343b_00149,2,2026-03-30T08:13:00,2026-03-30T08:28:00,tram,Eschersheimer Tor,Bockenheimer Warte,4.5,15,True,monthly_pass,Tram line 12 towards the office district.
trip_bf125a32343b_00149_leg_003,trip_bf125a32343b_00149,3,2026-03-30T08:28:00,2026-03-30T08:32:00,bike,Bockenheimer Warte,FinTech Office,0.9,4,False,none,Bike the final stretch.
trip_bf125a32343b_00150_leg_001,trip_bf125a32343b_00150,1,2026-04-01T08:10:00,2026-04-01T08:13:00,walking,Home entrance,ShareNow spot,0.2,3,False,none,Walk to the car‑sharing vehicle.
trip_bf125a32343b_00150_leg_002,trip_bf125a32343b_00150,2,2026-04-01T08:13:00,2026-04-01T08:25:00,car_sharing,ShareNow spot,Office parking area,6.0,12,False,none,Drive directly to the office vicinity.
trip_bf125a32343b_00150_leg_003,trip_bf125a32343b_00150,3,2026-04-01T08:25:00,2026-04-01T08:31:00,walking,Office parking area,FinTech Office,0.5,6,False,none,Walk the last metres to the desk.
trip_f06ccad5530c_00001_leg_001,trip_f06ccad5530c_00001,1,2026-01-01T07:15:00,2026-01-01T07:22:00,walking,Heidelberg Home,Heidelberg Hbf,0.5,7,False,none,Walk to the main train station.
trip_f06ccad5530c_00001_leg_002,trip_f06ccad5530c_00001,2,2026-01-01T07:22:00,2026-01-01T10:52:00,regional_train,Heidelberg Hbf,Munich Hbf,300.0,210,True,subscription,"Regional train to Munich, covered by monthly subscription."
trip_f06ccad5530c_00001_leg_003,trip_f06ccad5530c_00001,3,2026-01-01T10:57:00,2026-01-01T11:12:00,bike,Munich Hbf,Munich Client Office,2.0,15,False,none,Bike the last kilometre to the client office.
trip_f06ccad5530c_00002_leg_001,trip_f06ccad5530c_00002,1,2026-01-01T16:00:00,2026-01-01T16:15:00,bike,Munich Client Office,Munich Hbf,2.0,15,False,none,Bike to the Munich main station.
trip_f06ccad5530c_00002_leg_002,trip_f06ccad5530c_00002,2,2026-01-01T16:15:00,2026-01-01T19:45:00,regional_train,Munich Hbf,Heidelberg Hbf,300.0,210,True,subscription,Regional train back to Heidelberg.
trip_f06ccad5530c_00002_leg_003,trip_f06ccad5530c_00002,3,2026-01-01T19:50:00,2026-01-01T19:57:00,walking,Heidelberg Hbf,Heidelberg Home,0.5,7,False,none,Walk home from the station.
trip_f06ccad5530c_00003_leg_001,trip_f06ccad5530c_00003,1,2026-01-02T08:30:00,2026-01-02T08:35:00,walking,Heidelberg Home,Tram Stop A,0.3,5,False,none,Walk to the nearest tram stop.
trip_f06ccad5530c_00003_leg_002,trip_f06ccad5530c_00003,2,2026-01-02T08:35:00,2026-01-02T09:05:00,tram,Tram Stop A,Heidelberg Office,5.0,30,True,subscription,Tram ride to the office.
trip_f06ccad5530c_00003_leg_003,trip_f06ccad5530c_00003,3,2026-01-02T09:05:00,2026-01-02T09:10:00,walking,Heidelberg Office,Heidelberg Office Entrance,0.2,5,False,none,Final short walk to the desk.
trip_f06ccad5530c_00004_leg_001,trip_f06ccad5530c_00004,1,2026-01-02T19:00:00,2026-01-02T19:07:00,walking,Heidelberg Office,Zum Goldenen Hirsch,0.5,7,False,none,Walk to the restaurant.
trip_f06ccad5530c_00005_leg_001,trip_f06ccad5530c_00005,1,2026-01-03T10:00:00,2026-01-03T12:00:00,bike,Heidelberg Home,Heidelberger Schlossgarten,15.0,120,False,none,Leisure bike ride to the castle garden.
trip_f06ccad5530c_00006_leg_001,trip_f06ccad5530c_00006,1,2026-01-03T14:00:00,2026-01-03T14:03:00,walking,Heidelberg Home,CarSharing Spot A,0.2,3,False,none,Walk to the car‑sharing vehicle.
trip_f06ccad5530c_00006_leg_002,trip_f06ccad5530c_00006,2,2026-01-03T14:03:00,2026-01-03T15:48:00,car_sharing,CarSharing Spot A,Heidelberg Airport,80.0,105,False,none,Drive to the airport using on‑demand car sharing.
trip_f06ccad5530c_00006_leg_003,trip_f06ccad5530c_00006,3,2026-01-03T15:48:00,2026-01-03T15:53:00,walking,Heidelberg Airport,Heidelberg Airport Terminal,0.3,5,False,none,Final walk to the terminal.
trip_f06ccad5530c_00007_leg_001,trip_f06ccad5530c_00007,1,2026-01-03T18:00:00,2026-01-03T18:05:00,walking,Heidelberg Hbf,Heidelberg Hbf Entrance,0.5,5,False,none,Walk to the platform.
trip_f06ccad5530c_00007_leg_002,trip_f06ccad5530c_00007,2,2026-01-03T18:05:00,2026-01-03T21:35:00,regional_train,Heidelberg Hbf,Hamburg Hbf,600.0,210,True,day_ticket,"ICE train to Hamburg, covered by a day ticket."
trip_f06ccad5530c_00007_leg_003,trip_f06ccad5530c_00007,3,2026-01-03T21:35:00,2026-01-03T21:42:00,walking,Hamburg Hbf,Hamburg Family Home,0.5,7,False,none,Walk from the station to the family apartment.
trip_f06ccad5530c_00008_leg_001,trip_f06ccad5530c_00008,1,2026-01-04T09:00:00,2026-01-04T09:05:00,walking,Hamburg Family Home,Tram Stop B,0.5,5,False,none,Walk to the tram stop.
trip_f06ccad5530c_00008_leg_002,trip_f06ccad5530c_00008,2,2026-01-04T09:05:00,2026-01-04T09:25:00,tram,Tram Stop B,Family Area,5.0,20,True,subscription,Tram ride across the city.
trip_f06ccad5530c_00008_leg_003,trip_f06ccad5530c_00008,3,2026-01-04T09:25:00,2026-01-04T09:35:00,bike,Family Area,Family Apartment,2.0,10,False,none,Bike the last kilometre.
trip_f06ccad5530c_00009_leg_001,trip_f06ccad5530c_00009,1,2026-01-04T14:00:00,2026-01-04T14:05:00,walking,Hamburg Family Home,Hamburg Hbf,0.5,5,False,none,Walk to the main station.
trip_f06ccad5530c_00009_leg_002,trip_f06ccad5530c_00009,2,2026-01-04T14:05:00,2026-01-04T17:35:00,regional_train,Hamburg Hbf,Heidelberg Hbf,600.0,210,True,subscription,"ICE back to Heidelberg, covered by monthly pass."
trip_f06ccad5530c_00009_leg_003,trip_f06ccad5530c_00009,3,2026-01-04T17:35:00,2026-01-04T17:42:00,walking,Heidelberg Hbf,Heidelberg Home,0.5,7,False,none,Final walk home.
trip_f06ccad5530c_00010_leg_001,trip_f06ccad5530c_00010,1,2026-01-05T07:45:00,2026-01-05T07:50:00,walking,Heidelberg Home,Heidelberg Station,0.5,5,False,none,Walk to the regional train station.
trip_f06ccad5530c_00010_leg_002,trip_f06ccad5530c_00010,2,2026-01-05T07:50:00,2026-01-05T10:35:00,regional_train,Heidelberg Station,Düsseldorf Hbf,250.0,165,True,subscription,"Regional train to Düsseldorf, covered by subscription."
trip_f06ccad5530c_00010_leg_003,trip_f06ccad5530c_00010,3,2026-01-05T10:35:00,2026-01-05T10:50:00,bike,Düsseldorf Hbf,Düsseldorf Client Office,3.0,15,False,none,Bike the last stretch to the client office.
trip_f06ccad5530c_00011_leg_001,trip_f06ccad5530c_00011,1,2026-01-05T18:30:00,2026-01-05T18:35:00,walking,Heidelberg Office,Tram Stop C,0.5,5,False,none,Walk to the tram stop.
trip_f06ccad5530c_00011_leg_002,trip_f06ccad5530c_00011,2,2026-01-05T18:35:00,2026-01-05T18:55:00,tram,Tram Stop C,Heidelberg Stadium,5.0,20,True,subscription,Tram ride to the stadium.
trip_f06ccad5530c_00011_leg_003,trip_f06ccad5530c_00011,3,2026-01-05T18:55:00,2026-01-05T19:00:00,walking,Heidelberg Stadium,Heidelberg Stadium Entrance,0.5,5,False,none,Final short walk to the entrance.
trip_f06ccad5530c_00012_leg_001,trip_f06ccad5530c_00012,1,2026-01-06T09:00:00,2026-01-06T10:30:00,bike,Heidelberg Home,CoWorking Space Heidelberg,15.0,90,False,none,Bike ride to the coworking location.
trip_f06ccad5530c_00013_leg_001,trip_f06ccad5530c_00013,1,2026-01-08T07:10:00,2026-01-08T07:17:00,walking,Heidelberg Home,Heidelberg Hbf,0.5,7,False,none,Walk to the main train station.
trip_f06ccad5530c_00013_leg_002,trip_f06ccad5530c_00013,2,2026-01-08T07:20:00,2026-01-08T10:50:00,regional_train,Heidelberg Hbf,Munich Hbf,300.0,210,True,subscription,Regional train to Munich using monthly subscription.
trip_f06ccad5530c_00013_leg_003,trip_f06ccad5530c_00013,3,2026-01-08T10:55:00,2026-01-08T11:03:00,shared_bike,Munich Hbf,Munich Office,2.0,8,False,none,Reserve a shared bike for the last kilometre to the client office.
trip_f06ccad5530c_00014_leg_001,trip_f06ccad5530c_00014,1,2026-01-08T18:30:00,2026-01-08T18:38:00,shared_bike,Munich Office,Munich Hbf,2.0,8,False,none,Shared bike to the station.
trip_f06ccad5530c_00014_leg_002,trip_f06ccad5530c_00014,2,2026-01-08T18:45:00,2026-01-08T22:15:00,regional_train,Munich Hbf,Heidelberg Hbf,300.0,210,True,subscription,Regional train back to Heidelberg.
trip_f06ccad5530c_00014_leg_003,trip_f06ccad5530c_00014,3,2026-01-08T22:20:00,2026-01-08T22:27:00,walking,Heidelberg Hbf,Heidelberg Home,0.5,7,False,none,Walk home from the station.
trip_f06ccad5530c_00015_leg_001,trip_f06ccad5530c_00015,1,2026-01-09T08:20:00,2026-01-09T08:27:00,bike,Heidelberg Home,CoWork Heidelberg,2.0,7,False,none,Ride own bike to the coworking office.
trip_f06ccad5530c_00016_leg_001,trip_f06ccad5530c_00016,1,2026-01-09T19:15:00,2026-01-09T20:45:00,walking,Heidelberg Home,Zum Goldenen Hirschen,0.8,90,False,none,Walk to the restaurant for dinner.
trip_f06ccad5530c_00017_leg_001,trip_f06ccad5530c_00017,1,2026-01-10T06:45:00,2026-01-10T06:52:00,walking,Heidelberg Home,Heidelberg Hbf,0.5,7,False,none,Walk to the main station.
trip_f06ccad5530c_00017_leg_002,trip_f06ccad5530c_00017,2,2026-01-10T07:00:00,2026-01-10T11:00:00,regional_train,Heidelberg Hbf,Hamburg Hbf,500.0,240,True,subscription,Regional train to Hamburg using monthly pass.
trip_f06ccad5530c_00017_leg_003,trip_f06ccad5530c_00017,3,2026-01-10T11:05:00,2026-01-10T11:15:00,shared_bike,Hamburg Hbf,Familienhaus Hamburg,3.0,10,False,none,Reserve a shared bike for the last kilometre to family home.
trip_f06ccad5530c_00018_leg_001,trip_f06ccad5530c_00018,1,2026-01-11T12:45:00,2026-01-11T12:55:00,shared_bike,Familienhaus Hamburg,Hamburg Hbf,3.0,10,False,none,Shared bike to the station.
trip_f06ccad5530c_00018_leg_002,trip_f06ccad5530c_00018,2,2026-01-11T13:00:00,2026-01-11T17:00:00,regional_train,Hamburg Hbf,Heidelberg Hbf,500.0,240,True,subscription,Regional train back to Heidelberg.
trip_f06ccad5530c_00018_leg_003,trip_f06ccad5530c_00018,3,2026-01-11T17:05:00,2026-01-11T17:12:00,walking,Heidelberg Hbf,Heidelberg Home,0.5,7,False,none,Walk home from the station.
trip_f06ccad5530c_00019_leg_001,trip_f06ccad5530c_00019,1,2026-01-11T18:10:00,2026-01-11T18:14:00,walking,Heidelberg Home,Heidelberg Bus Central,0.3,4,False,none,Walk to the bus stop.
trip_f06ccad5530c_00019_leg_002,trip_f06ccad5530c_00019,2,2026-01-11T18:20:00,2026-01-11T19:05:00,bus,Heidelberg Bus Central,Mannheim Hbf,30.0,45,True,subscription,Direct bus to Mannheim.
trip_f06ccad5530c_00019_leg_003,trip_f06ccad5530c_00019,3,2026-01-11T19:10:00,2026-01-11T19:16:00,walking,Mannheim Hbf,Mannheim Arena,0.5,6,False,none,Walk to the arena.
trip_f06ccad5530c_00020_leg_001,trip_f06ccad5530c_00020,1,2026-01-11T20:15:00,2026-01-11T20:18:00,walking,Heidelberg Home,CarShare Heidelberg,0.2,3,False,none,Walk to the car‑sharing spot.
trip_f06ccad5530c_00020_leg_002,trip_f06ccad5530c_00020,2,2026-01-11T20:30:00,2026-01-11T23:00:00,car_sharing,CarShare Heidelberg,Cologne Hbf,250.0,150,False,none,Drive via car‑sharing to Cologne.
trip_f06ccad5530c_00020_leg_003,trip_f06ccad5530c_00020,3,2026-01-11T23:05:00,2026-01-11T23:13:00,walking,Cologne Hbf,Café Köln,0.6,8,False,none,Walk to the restaurant.
trip_f06ccad5530c_00021_leg_001,trip_f06ccad5530c_00021,1,2026-01-12T08:45:00,2026-01-12T08:52:00,bike,Heidelberg Home,Beratung GmbH,2.0,7,False,none,Bike to the office.
trip_f06ccad5530c_00022_leg_001,trip_f06ccad5530c_00022,1,2026-01-12T20:30:00,2026-01-12T20:33:00,walking,Heidelberg Home,Heidelberg Tram Stop 1,0.2,3,False,none,Walk to the tram stop.
trip_f06ccad5530c_00022_leg_002,trip_f06ccad5530c_00022,2,2026-01-12T20:35:00,2026-01-12T20:47:00,tram,Heidelberg Tram Stop 1,Kulturcafé,2.0,12,True,subscription,Tram to the bar.
trip_f06ccad5530c_00023_leg_001,trip_f06ccad5530c_00023,1,2026-01-13T07:30:00,2026-01-13T07:40:00,bike,Heidelberg Home,FitX Heidelberg,3.0,10,False,none,Bike to the fitness centre.
trip_f06ccad5530c_00024_leg_001,trip_f06ccad5530c_00024,1,2026-01-14T16:00:00,2026-01-14T16:03:00,walking,Heidelberg Home,Heidelberg Tram Stop 2,0.2,3,False,none,Walk to the tram stop.
trip_f06ccad5530c_00024_leg_002,trip_f06ccad5530c_00024,2,2026-01-14T16:05:00,2026-01-14T16:17:00,tram,Heidelberg Tram Stop 2,Planken Mall,2.0,12,True,subscription,Tram to the shopping mall.
trip_f06ccad5530c_00025_leg_001,trip_f06ccad5530c_00025,1,2026-01-15T07:00:00,2026-01-15T07:07:00,walking,Home,Heidelberg Hbf,0.5,7,False,none,Walk from home to the main train station.
trip_f06ccad5530c_00025_leg_002,trip_f06ccad5530c_00025,2,2026-01-15T07:15:00,2026-01-15T11:45:00,regional_train,Heidelberg Hbf,Munich Hbf,580.0,270,True,day_ticket,Fast regional train (IC) to Munich.
trip_f06ccad5530c_00025_leg_003,trip_f06ccad5530c_00025,3,2026-01-15T11:45:00,2026-01-15T11:53:00,bike,Munich Hbf,Client Office,2.0,8,False,none,Bike the last kilometre to the office.
trip_f06ccad5530c_00026_leg_001,trip_f06ccad5530c_00026,1,2026-01-16T08:00:00,2026-01-16T08:08:00,bike,Client Office,Munich Hbf,2.0,8,False,none,Bike to Munich main station.
trip_f06ccad5530c_00026_leg_002,trip_f06ccad5530c_00026,2,2026-01-16T08:15:00,2026-01-16T12:45:00,regional_train,Munich Hbf,Heidelberg Hbf,580.0,270,True,day_ticket,Regional train back to Heidelberg.
trip_f06ccad5530c_00026_leg_003,trip_f06ccad5530c_00026,3,2026-01-16T12:45:00,2026-01-16T12:52:00,walking,Heidelberg Hbf,Home,0.5,7,False,none,Walk home from the station.
trip_f06ccad5530c_00027_leg_001,trip_f06ccad5530c_00027,1,2026-01-16T20:00:00,2026-01-16T20:04:00,walking,Home,Tram Stop,0.3,4,False,none,Walk to tram stop.
trip_f06ccad5530c_00027_leg_002,trip_f06ccad5530c_00027,2,2026-01-16T20:06:00,2026-01-16T20:12:00,tram,Tram Stop,Cinema Stop,2.0,6,True,subscription,Tram ride to cinema area.
trip_f06ccad5530c_00027_leg_003,trip_f06ccad5530c_00027,3,2026-01-16T20:12:00,2026-01-16T20:13:00,walking,Cinema Stop,Cinema,0.1,1,False,none,Final short walk to the cinema.
trip_f06ccad5530c_00028_leg_001,trip_f06ccad5530c_00028,1,2026-01-17T09:30:00,2026-01-17T09:34:00,walking,Home,Tram Stop,0.3,4,False,none,Walk to the nearest tram stop.
trip_f06ccad5530c_00028_leg_002,trip_f06ccad5530c_00028,2,2026-01-17T09:36:00,2026-01-17T09:41:00,tram,Tram Stop,Coworking Stop,2.0,5,True,subscription,Tram ride to the coworking area.
trip_f06ccad5530c_00028_leg_003,trip_f06ccad5530c_00028,3,2026-01-17T09:41:00,2026-01-17T09:44:00,bike,Coworking Stop,Coworking Space,1.0,3,False,none,Bike the last kilometre to the office.
trip_f06ccad5530c_00029_leg_001,trip_f06ccad5530c_00029,1,2026-01-17T15:00:00,2026-01-17T15:04:00,walking,Home,Bus Stop,0.3,4,False,none,Walk to the bus stop.
trip_f06ccad5530c_00029_leg_002,trip_f06ccad5530c_00029,2,2026-01-17T15:06:00,2026-01-17T15:20:00,bus,Bus Stop,Mall Stop,4.0,14,True,subscription,Bus ride to the mall.
trip_f06ccad5530c_00029_leg_003,trip_f06ccad5530c_00029,3,2026-01-17T15:20:00,2026-01-17T15:22:00,walking,Mall Stop,Mall,0.2,2,False,none,Short walk into the shopping centre.
trip_f06ccad5530c_00030_leg_001,trip_f06ccad5530c_00030,1,2026-01-18T09:00:00,2026-01-18T09:02:00,walking,Home,Car Share Spot,0.2,2,False,none,Walk to the car‑sharing vehicle.
trip_f06ccad5530c_00030_leg_002,trip_f06ccad5530c_00030,2,2026-01-18T09:05:00,2026-01-18T11:35:00,car_sharing,Car Share Spot,Stuttgart Meeting Spot,200.0,150,False,none,Drive to Stuttgart via car‑sharing.
trip_f06ccad5530c_00030_leg_003,trip_f06ccad5530c_00030,3,2026-01-18T11:35:00,2026-01-18T11:38:00,walking,Stuttgart Meeting Spot,Client Meeting,0.5,3,False,none,Final walk to the meeting venue.
trip_f06ccad5530c_00031_leg_001,trip_f06ccad5530c_00031,1,2026-01-18T18:30:00,2026-01-18T18:32:00,walking,Home,Bike Dock,0.2,2,False,none,Walk to the shared‑bike docking station.
trip_f06ccad5530c_00031_leg_002,trip_f06ccad5530c_00031,2,2026-01-18T18:32:00,2026-01-18T18:38:00,shared_bike,Bike Dock,Restaurant,2.0,6,False,none,Ride the shared bike to the restaurant.
trip_f06ccad5530c_00031_leg_003,trip_f06ccad5530c_00031,3,2026-01-18T18:38:00,2026-01-18T18:40:00,walking,Restaurant,Home,0.1,2,False,none,Short walk back to the dock and home.
trip_f06ccad5530c_00032_leg_001,trip_f06ccad5530c_00032,1,2026-01-19T17:00:00,2026-01-19T17:07:00,walking,Home,Heidelberg Hbf,0.5,7,False,none,Walk to the train station.
trip_f06ccad5530c_00032_leg_002,trip_f06ccad5530c_00032,2,2026-01-19T17:15:00,2026-01-19T17:30:00,regional_train,Heidelberg Hbf,Mannheim Hbf,20.0,15,True,subscription,Regional train to Mannheim.
trip_f06ccad5530c_00032_leg_003,trip_f06ccad5530c_00032,3,2026-01-19T17:30:00,2026-01-19T17:35:00,walking,Mannheim Hbf,Stadium,0.8,5,False,none,Walk from the station to the stadium.
trip_f06ccad5530c_00033_leg_001,trip_f06ccad5530c_00033,1,2026-01-19T22:00:00,2026-01-19T22:02:00,walking,Home,Bike Dock,0.2,2,False,none,Walk to the shared‑bike dock.
trip_f06ccad5530c_00033_leg_002,trip_f06ccad5530c_00033,2,2026-01-19T22:02:00,2026-01-19T22:07:00,shared_bike,Bike Dock,Bar,1.5,5,False,none,Ride the shared bike to the bar.
trip_f06ccad5530c_00033_leg_003,trip_f06ccad5530c_00033,3,2026-01-19T22:07:00,2026-01-19T22:08:00,walking,Bar,Home,0.1,1,False,none,Short walk back home.
trip_f06ccad5530c_00034_leg_001,trip_f06ccad5530c_00034,1,2026-01-20T08:00:00,2026-01-20T08:07:00,walking,Home,Heidelberg Hbf,0.5,7,False,none,Walk to the main station.
trip_f06ccad5530c_00034_leg_002,trip_f06ccad5530c_00034,2,2026-01-20T08:15:00,2026-01-20T12:45:00,regional_train,Heidelberg Hbf,Hamburg Hbf,600.0,270,True,day_ticket,ICE train to Hamburg.
trip_f06ccad5530c_00034_leg_003,trip_f06ccad5530c_00034,3,2026-01-20T12:45:00,2026-01-20T12:52:00,walking,Hamburg Hbf,Family Home,0.5,7,False,none,Short walk to family residence.
trip_f06ccad5530c_00035_leg_001,trip_f06ccad5530c_00035,1,2026-01-20T19:00:00,2026-01-20T19:07:00,walking,Family Home,Hamburg Hbf,0.5,7,False,none,Walk to Hamburg main station.
trip_f06ccad5530c_00035_leg_002,trip_f06ccad5530c_00035,2,2026-01-20T19:15:00,2026-01-20T22:45:00,regional_train,Hamburg Hbf,Cologne Hbf,400.0,210,True,day_ticket,ICE to Cologne.
trip_f06ccad5530c_00035_leg_003,trip_f06ccad5530c_00035,3,2026-01-20T22:45:00,2026-01-20T22:52:00,shared_bike,Cologne Hbf,Restaurant,3.0,7,False,none,Shared bike to the restaurant.
trip_f06ccad5530c_00035_leg_004,trip_f06ccad5530c_00035,4,2026-01-20T22:52:00,2026-01-20T22:55:00,walking,Restaurant,Friends' Dinner,0.2,3,False,none,Final short walk to the venue.
trip_f06ccad5530c_00036_leg_001,trip_f06ccad5530c_00036,1,2026-01-21T10:00:00,2026-01-21T10:07:00,shared_bike,Hotel,Cologne Hbf,0.5,7,False,none,Shared bike to the station.
trip_f06ccad5530c_00036_leg_002,trip_f06ccad5530c_00036,2,2026-01-21T10:15:00,2026-01-21T14:45:00,regional_train,Cologne Hbf,Heidelberg Hbf,600.0,270,True,day_ticket,ICE back to Heidelberg.
trip_f06ccad5530c_00036_leg_003,trip_f06ccad5530c_00036,3,2026-01-21T14:45:00,2026-01-21T14:52:00,walking,Heidelberg Hbf,Home,0.5,7,False,none,Walk home from the station.
trip_f06ccad5530c_00037_leg_001,trip_f06ccad5530c_00037,1,2026-01-22T07:15:00,2026-01-22T07:22:00,walking,Heidelberg Home,Heidelberg Hbf,0.6,7,False,none,Walk to the main train station.
trip_f06ccad5530c_00037_leg_002,trip_f06ccad5530c_00037,2,2026-01-22T07:22:00,2026-01-22T12:20:00,regional_train,Heidelberg Hbf,Munich Hbf,300.0,298,True,subscription,"Regional train to Munich, covered by monthly subscription."
trip_f06ccad5530c_00037_leg_003,trip_f06ccad5530c_00037,3,2026-01-22T12:20:00,2026-01-22T12:28:00,shared_bike,Munich Hbf,Munich Client Office,2.0,8,False,none,Shared bike for the last kilometre to the office.
trip_f06ccad5530c_00038_leg_001,trip_f06ccad5530c_00038,1,2026-01-22T18:00:00,2026-01-22T18:08:00,shared_bike,Munich Client Office,Munich Hbf,2.0,8,False,none,Shared bike to the station.
trip_f06ccad5530c_00038_leg_002,trip_f06ccad5530c_00038,2,2026-01-22T18:08:00,2026-01-22T23:03:00,regional_train,Munich Hbf,Heidelberg Hbf,300.0,295,True,subscription,Regional train back to Heidelberg.
trip_f06ccad5530c_00038_leg_003,trip_f06ccad5530c_00038,3,2026-01-22T23:03:00,2026-01-22T23:10:00,walking,Heidelberg Hbf,Heidelberg Home,0.6,7,False,none,Walk home from the station.
trip_f06ccad5530c_00039_leg_001,trip_f06ccad5530c_00039,1,2026-01-23T07:10:00,2026-01-23T07:16:00,walking,Heidelberg Home,Heidelberg Hbf,0.5,6,False,none,Walk to the train station.
trip_f06ccad5530c_00039_leg_002,trip_f06ccad5530c_00039,2,2026-01-23T07:16:00,2026-01-23T12:01:00,regional_train,Heidelberg Hbf,Düsseldorf Hbf,300.0,285,True,subscription,Direct regional train to Düsseldorf.
trip_f06ccad5530c_00039_leg_003,trip_f06ccad5530c_00039,3,2026-01-23T12:01:00,2026-01-23T12:11:00,bike,Düsseldorf Hbf,Düsseldorf Client Office,3.0,10,False,none,Bike the last kilometre to the office.
trip_f06ccad5530c_00040_leg_001,trip_f06ccad5530c_00040,1,2026-01-23T18:30:00,2026-01-23T23:15:00,regional_train,Düsseldorf Client Office,Heidelberg Hbf,300.0,285,True,subscription,Regional train home.
trip_f06ccad5530c_00040_leg_002,trip_f06ccad5530c_00040,2,2026-01-23T23:15:00,2026-01-23T23:22:00,walking,Heidelberg Hbf,Heidelberg Home,0.6,7,False,none,Walk home from the station.
trip_f06ccad5530c_00041_leg_001,trip_f06ccad5530c_00041,1,2026-01-24T09:00:00,2026-01-24T09:07:00,walking,Heidelberg Home,Heidelberg Hbf,0.6,7,False,none,Walk to the main station.
trip_f06ccad5530c_00041_leg_002,trip_f06ccad5530c_00041,2,2026-01-24T09:07:00,2026-01-24T13:37:00,regional_train,Heidelberg Hbf,Hamburg Hbf,500.0,270,True,subscription,ICE train to Hamburg.
trip_f06ccad5530c_00041_leg_003,trip_f06ccad5530c_00041,3,2026-01-24T13:37:00,2026-01-24T13:45:00,shared_bike,Hamburg Hbf,Hamburg Family Home,2.0,8,False,none,Shared bike to family residence.
trip_f06ccad5530c_00042_leg_001,trip_f06ccad5530c_00042,1,2026-01-24T20:00:00,2026-01-24T20:12:00,bike,Heidelberg Home,Heidelberg Restaurant,3.0,12,False,none,Bike to dinner.
trip_f06ccad5530c_00043_leg_001,trip_f06ccad5530c_00043,1,2026-01-24T20:30:00,2026-01-24T20:37:00,walking,Heidelberg Restaurant,Heidelberg Home,0.6,7,False,none,Walk home.
trip_f06ccad5530c_00044_leg_001,trip_f06ccad5530c_00044,1,2026-01-25T10:00:00,2026-01-25T10:06:00,walking,Heidelberg Home,Heidelberg Hbf,0.5,6,False,none,Walk to the station.
trip_f06ccad5530c_00044_leg_002,trip_f06ccad5530c_00044,2,2026-01-25T10:06:00,2026-01-25T11:06:00,regional_train,Heidelberg Hbf,Frankfurt Hbf,80.0,60,True,subscription,Regional train to Frankfurt.
trip_f06ccad5530c_00044_leg_003,trip_f06ccad5530c_00044,3,2026-01-25T11:06:00,2026-01-25T11:14:00,bike,Frankfurt Hbf,Frankfurt Sports Stadium,2.0,8,False,none,Bike to the stadium.
trip_f06ccad5530c_00045_leg_001,trip_f06ccad5530c_00045,1,2026-01-25T18:00:00,2026-01-25T18:06:00,walking,Frankfurt Sports Stadium,Frankfurt Hbf,0.5,6,False,none,Walk to the train station.
trip_f06ccad5530c_00045_leg_002,trip_f06ccad5530c_00045,2,2026-01-25T18:06:00,2026-01-25T19:06:00,regional_train,Frankfurt Hbf,Heidelberg Hbf,80.0,60,True,subscription,Regional train back to Heidelberg.
trip_f06ccad5530c_00045_leg_003,trip_f06ccad5530c_00045,3,2026-01-25T19:06:00,2026-01-25T19:13:00,walking,Heidelberg Hbf,Heidelberg Home,0.6,7,False,none,Walk home.
trip_f06ccad5530c_00046_leg_001,trip_f06ccad5530c_00046,1,2026-01-26T09:30:00,2026-01-26T09:34:00,walking,Heidelberg Home,Tram Stop A,0.3,4,False,none,Walk to tram stop.
trip_f06ccad5530c_00046_leg_002,trip_f06ccad5530c_00046,2,2026-01-26T09:34:00,2026-01-26T09:46:00,tram,Tram Stop A,Tram Stop B,3.0,12,True,subscription,Tram to coworking area.
trip_f06ccad5530c_00046_leg_003,trip_f06ccad5530c_00046,3,2026-01-26T09:46:00,2026-01-26T09:49:00,walking,Tram Stop B,Heidelberg Coworking Space,0.2,3,False,none,Final short walk.
trip_f06ccad5530c_00047_leg_001,trip_f06ccad5530c_00047,1,2026-01-27T08:45:00,2026-01-27T08:51:00,walking,Heidelberg Home,Heidelberg Hbf,0.5,6,False,none,Walk to the station.
trip_f06ccad5530c_00047_leg_002,trip_f06ccad5530c_00047,2,2026-01-27T08:51:00,2026-01-27T10:21:00,regional_train,Heidelberg Hbf,Stuttgart Hbf,120.0,90,True,subscription,Regional train to Stuttgart.
trip_f06ccad5530c_00047_leg_003,trip_f06ccad5530c_00047,3,2026-01-27T10:21:00,2026-01-27T10:33:00,car_sharing,Stuttgart Hbf,Stuttgart Client Office,5.0,12,False,none,Car‑sharing for the last kilometre.
trip_f06ccad5530c_00048_leg_001,trip_f06ccad5530c_00048,1,2026-01-27T18:30:00,2026-01-27T18:42:00,car_sharing,Stuttgart Client Office,Stuttgart Hbf,5.0,12,False,none,Car‑share to the train station.
trip_f06ccad5530c_00048_leg_002,trip_f06ccad5530c_00048,2,2026-01-27T18:42:00,2026-01-27T20:12:00,regional_train,Stuttgart Hbf,Heidelberg Hbf,120.0,90,True,subscription,Regional train back to Heidelberg.
trip_f06ccad5530c_00048_leg_003,trip_f06ccad5530c_00048,3,2026-01-27T20:12:00,2026-01-27T20:19:00,walking,Heidelberg Hbf,Heidelberg Home,0.6,7,False,none,Final walk home.
trip_f06ccad5530c_00049_leg_001,trip_f06ccad5530c_00049,1,2026-01-29T07:15:00,2026-01-29T10:45:00,regional_train,Heidelberg Hbf,Munich Hbf,300.0,210,True,subscription,Regional train from Heidelberg to Munich using monthly subscription
trip_f06ccad5530c_00049_leg_002,trip_f06ccad5530c_00049,2,2026-01-29T10:45:00,2026-01-29T10:52:00,shared_bike,Munich Hbf,Munich Office,2.0,7,False,none,Shared bike for the last kilometre to the office
trip_f06ccad5530c_00050_leg_001,trip_f06ccad5530c_00050,1,2026-01-29T18:30:00,2026-01-29T22:00:00,regional_train,Munich Hbf,Heidelberg Hbf,300.0,210,True,subscription,Return regional train covered by subscription
trip_f06ccad5530c_00050_leg_002,trip_f06ccad5530c_00050,2,2026-01-29T22:00:00,2026-01-29T22:20:00,car_sharing,Heidelberg Hbf,Heidelberg Home,20.0,20,False,none,Car‑sharing for quick home access after train
trip_f06ccad5530c_00051_leg_001,trip_f06ccad5530c_00051,1,2026-01-30T07:10:00,2026-01-30T10:55:00,regional_train,Heidelberg Hbf,Düsseldorf Hbf,350.0,225,True,subscription,Regional train to Düsseldorf covered by monthly pass
trip_f06ccad5530c_00051_leg_002,trip_f06ccad5530c_00051,2,2026-01-30T10:55:00,2026-01-30T11:03:00,bike,Düsseldorf Hbf,Düsseldorf Office,3.0,8,False,none,Bike the last kilometre to the office
trip_f06ccad5530c_00052_leg_001,trip_f06ccad5530c_00052,1,2026-01-30T18:45:00,2026-01-30T22:30:00,regional_train,Düsseldorf Hbf,Heidelberg Hbf,350.0,225,True,subscription,Return regional train covered by subscription
trip_f06ccad5530c_00052_leg_002,trip_f06ccad5530c_00052,2,2026-01-30T22:30:00,2026-01-30T22:38:00,bike,Heidelberg Hbf,Heidelberg Home,3.0,8,False,none,Bike home from the station
trip_f06ccad5530c_00053_leg_001,trip_f06ccad5530c_00053,1,2026-01-31T19:00:00,2026-01-31T19:12:00,bike,Heidelberg Home,Heidelberg Restaurant,4.0,12,False,none,Bike to a local restaurant for dinner
trip_f06ccad5530c_00054_leg_001,trip_f06ccad5530c_00054,1,2026-02-01T08:00:00,2026-02-01T13:30:00,regional_train,Heidelberg Hbf,Hamburg Hbf,620.0,330,True,subscription,"Long‑distance regional train to Hamburg, covered by subscription"
trip_f06ccad5530c_00054_leg_002,trip_f06ccad5530c_00054,2,2026-02-01T13:30:00,2026-02-01T13:35:00,shared_bike,Hamburg Hbf,Hamburg Family Home,2.0,5,False,none,Shared bike for the final short leg to family
trip_f06ccad5530c_00055_leg_001,trip_f06ccad5530c_00055,1,2026-02-01T18:00:00,2026-02-01T23:30:00,regional_train,Hamburg Hbf,Heidelberg Hbf,620.0,330,True,subscription,Return train to Heidelberg
trip_f06ccad5530c_00055_leg_002,trip_f06ccad5530c_00055,2,2026-02-01T23:30:00,2026-02-01T23:35:00,shared_bike,Heidelberg Hbf,Heidelberg Home,2.0,5,False,none,Shared bike for the last kilometre home
trip_f06ccad5530c_00056_leg_001,trip_f06ccad5530c_00056,1,2026-02-02T12:30:00,2026-02-02T12:35:00,walking,Heidelberg Home,Tram Stop A,0.5,5,False,none,Walk to tram stop
trip_f06ccad5530c_00056_leg_002,trip_f06ccad5530c_00056,2,2026-02-02T12:35:00,2026-02-02T12:45:00,tram,Tram Stop A,Tram Stop B (Fitness Center),3.0,10,True,subscription,Tram ride covered by monthly pass
trip_f06ccad5530c_00056_leg_003,trip_f06ccad5530c_00056,3,2026-02-02T12:45:00,2026-02-02T12:49:00,walking,Tram Stop B,Heidelberg Fitness Center,0.3,4,False,none,Final short walk to fitness center
trip_f06ccad5530c_00057_leg_001,trip_f06ccad5530c_00057,1,2026-02-03T17:00:00,2026-02-03T21:00:00,regional_train,Heidelberg Hbf,Cologne Hbf,400.0,240,True,subscription,Regional train to Cologne for the sports match
trip_f06ccad5530c_00057_leg_002,trip_f06ccad5530c_00057,2,2026-02-03T21:00:00,2026-02-03T21:07:00,shared_bike,Cologne Hbf,Cologne Stadium,2.0,7,False,none,Shared bike for the last kilometre to the stadium
trip_f06ccad5530c_00058_leg_001,trip_f06ccad5530c_00058,1,2026-02-03T21:30:00,2026-02-04T01:30:00,regional_train,Cologne Hbf,Heidelberg Hbf,400.0,240,True,subscription,Night train back to Heidelberg
trip_f06ccad5530c_00058_leg_002,trip_f06ccad5530c_00058,2,2026-02-04T01:30:00,2026-02-04T01:37:00,shared_bike,Heidelberg Hbf,Heidelberg Home,2.0,7,False,none,Shared bike for the final leg home
trip_f06ccad5530c_00059_leg_001,trip_f06ccad5530c_00059,1,2026-02-04T19:30:00,2026-02-04T19:42:00,bike,Heidelberg Home,Heidelberg Restaurant,4.0,12,False,none,Bike to a dinner spot with friends
trip_f06ccad5530c_00060_leg_001,trip_f06ccad5530c_00060,1,2026-02-04T20:00:00,2026-02-04T20:12:00,bike,Heidelberg Restaurant,Heidelberg Home,4.0,12,False,none,Bike back home after dinner
trip_f06ccad5530c_00061_leg_001,trip_f06ccad5530c_00061,1,2026-02-05T07:15:00,2026-02-05T07:20:00,walking,Home,Heidelberg Hbf (walk),0.5,5,False,none,Walk from home to Heidelberg main station.
trip_f06ccad5530c_00061_leg_002,trip_f06ccad5530c_00061,2,2026-02-05T07:30:00,2026-02-05T08:45:00,regional_train,Heidelberg Hbf,Munich Hbf,90.0,75,True,subscription,Regional train using monthly subscription.
trip_f06ccad5530c_00061_leg_003,trip_f06ccad5530c_00061,3,2026-02-05T08:45:00,2026-02-05T08:55:00,walking,Munich Hbf,Client Office,0.6,10,False,none,Walk the last kilometre to the client office.
trip_f06ccad5530c_00062_leg_001,trip_f06ccad5530c_00062,1,2026-02-05T19:30:00,2026-02-05T19:35:00,walking,Client Office,Bavarian Bistro,0.5,5,False,none,Walk to the restaurant.
trip_f06ccad5530c_00062_leg_002,trip_f06ccad5530c_00062,2,2026-02-05T19:35:00,2026-02-05T20:30:00,walking,Bavarian Bistro,Bavarian Bistro,0.0,55,False,none,Dinner and socialising.
trip_f06ccad5530c_00063_leg_001,trip_f06ccad5530c_00063,1,2026-02-06T17:00:00,2026-02-06T17:05:00,walking,Client Office,Munich Hbf (walk),0.5,5,False,none,Walk to Munich main station.
trip_f06ccad5530c_00063_leg_002,trip_f06ccad5530c_00063,2,2026-02-06T17:15:00,2026-02-06T18:30:00,regional_train,Munich Hbf,Heidelberg Hbf,90.0,75,True,subscription,Regional train back to Heidelberg.
trip_f06ccad5530c_00063_leg_003,trip_f06ccad5530c_00063,3,2026-02-06T18:30:00,2026-02-06T18:40:00,walking,Heidelberg Hbf,Home,0.6,10,False,none,Walk home from the station.
trip_f06ccad5530c_00064_leg_001,trip_f06ccad5530c_00064,1,2026-02-06T20:00:00,2026-02-06T20:25:00,bike,Home,FitGym,6.0,25,False,none,Bike to the gym.
trip_f06ccad5530c_00065_leg_001,trip_f06ccad5530c_00065,1,2026-02-07T06:45:00,2026-02-07T06:50:00,walking,Home,Heidelberg Hbf (walk),0.5,5,False,none,Walk to Heidelberg station.
trip_f06ccad5530c_00065_leg_002,trip_f06ccad5530c_00065,2,2026-02-07T07:00:00,2026-02-07T08:30:00,regional_train,Heidelberg Hbf,Düsseldorf Hbf,90.0,90,True,subscription,Regional train to Düsseldorf.
trip_f06ccad5530c_00065_leg_003,trip_f06ccad5530c_00065,3,2026-02-07T08:30:00,2026-02-07T08:40:00,walking,Düsseldorf Hbf,Client Office,0.6,10,False,none,Walk the last kilometre to the client office.
trip_f06ccad5530c_00066_leg_001,trip_f06ccad5530c_00066,1,2026-02-07T19:00:00,2026-02-07T19:05:00,walking,Client Office,Shared Bike Dock,0.5,5,False,none,Walk to the nearest shared‑bike station.
trip_f06ccad5530c_00066_leg_002,trip_f06ccad5530c_00066,2,2026-02-07T19:05:00,2026-02-07T19:20:00,shared_bike,Shared Bike Dock,Rheinufer Bistro,4.0,15,False,none,Ride shared bike to the restaurant.
trip_f06ccad5530c_00066_leg_003,trip_f06ccad5530c_00066,3,2026-02-07T19:20:00,2026-02-07T19:25:00,walking,Rheinufer Bistro,Rheinufer Bistro,0.5,5,False,none,Final short walk to the table.
trip_f06ccad5530c_00067_leg_001,trip_f06ccad5530c_00067,1,2026-02-08T16:30:00,2026-02-08T16:35:00,walking,Client Office,Düsseldorf Hbf (walk),0.5,5,False,none,Walk to Düsseldorf main station.
trip_f06ccad5530c_00067_leg_002,trip_f06ccad5530c_00067,2,2026-02-08T16:45:00,2026-02-08T18:15:00,regional_train,Düsseldorf Hbf,Heidelberg Hbf,90.0,90,True,subscription,Regional train back to Heidelberg.
trip_f06ccad5530c_00067_leg_003,trip_f06ccad5530c_00067,3,2026-02-08T18:15:00,2026-02-08T18:25:00,walking,Heidelberg Hbf,Home,0.6,10,False,none,Walk home from the station.
trip_f06ccad5530c_00068_leg_001,trip_f06ccad5530c_00068,1,2026-02-08T20:00:00,2026-02-08T22:30:00,walking,Home,CineStar Cinema,0.5,150,False,none,"Walk to cinema, watch movie, and walk back."
trip_f06ccad5530c_00069_leg_001,trip_f06ccad5530c_00069,1,2026-02-09T08:30:00,2026-02-09T08:35:00,walking,Home,Tram Stop,0.5,5,False,none,Walk to the tram stop.
trip_f06ccad5530c_00069_leg_002,trip_f06ccad5530c_00069,2,2026-02-09T08:35:00,2026-02-09T08:55:00,tram,Tram Stop,Co‑Working Stop,5.0,20,True,subscription,Tram ride to co‑working area.
trip_f06ccad5530c_00069_leg_003,trip_f06ccad5530c_00069,3,2026-02-09T08:55:00,2026-02-09T09:00:00,walking,Co‑Working Stop,Co‑Working Space,0.5,5,False,none,Final walk into the co‑working space.
trip_f06ccad5530c_00069_leg_004,trip_f06ccad5530c_00069,4,2026-02-09T09:00:00,2026-02-09T12:00:00,walking,Co‑Working Space,Co‑Working Space,0.0,180,False,none,Work session at the co‑working space.
trip_f06ccad5530c_00070_leg_001,trip_f06ccad5530c_00070,1,2026-02-09T18:30:00,2026-02-09T18:55:00,bike,Home,Local Sports Field,6.0,25,False,none,Bike to the sports field.
trip_f06ccad5530c_00070_leg_002,trip_f06ccad5530c_00070,2,2026-02-09T18:55:00,2026-02-09T20:30:00,walking,Local Sports Field,Local Sports Field,0.0,95,False,none,Watch the match and socialise.
trip_f06ccad5530c_00071_leg_001,trip_f06ccad5530c_00071,1,2026-02-10T09:00:00,2026-02-10T09:05:00,walking,Home,Heidelberg Hbf (walk),0.5,5,False,none,Walk to Heidelberg station.
trip_f06ccad5530c_00071_leg_002,trip_f06ccad5530c_00071,2,2026-02-10T09:15:00,2026-02-10T11:45:00,regional_train,Heidelberg Hbf,Cologne Hbf,100.0,150,True,subscription,Regional train to Cologne.
trip_f06ccad5530c_00071_leg_003,trip_f06ccad5530c_00071,3,2026-02-10T11:45:00,2026-02-10T11:55:00,walking,Cologne Hbf,Bike Share Dock,0.5,10,False,none,Walk to shared‑bike station.
trip_f06ccad5530c_00071_leg_004,trip_f06ccad5530c_00071,4,2026-02-10T11:55:00,2026-02-10T12:20:00,shared_bike,Bike Share Dock,Friends' Café,7.0,25,False,none,Shared bike ride to the café.
trip_f06ccad5530c_00071_leg_005,trip_f06ccad5530c_00071,5,2026-02-10T12:20:00,2026-02-10T12:25:00,walking,Friends' Café,Friends' Café,0.5,5,False,none,Settle in at the café.
trip_f06ccad5530c_00071_leg_006,trip_f06ccad5530c_00071,6,2026-02-10T12:25:00,2026-02-10T13:30:00,walking,Friends' Café,Friends' Café,0.0,65,False,none,Chatting and coffee.
trip_f06ccad5530c_00072_leg_001,trip_f06ccad5530c_00072,1,2026-02-10T14:30:00,2026-02-10T14:35:00,walking,Friends' Café,Cologne Hbf (walk),0.5,5,False,none,Walk to Cologne station.
trip_f06ccad5530c_00072_leg_002,trip_f06ccad5530c_00072,2,2026-02-10T14:45:00,2026-02-10T17:15:00,regional_train,Cologne Hbf,Heidelberg Hbf,100.0,150,True,subscription,Regional train back to Heidelberg.
trip_f06ccad5530c_00072_leg_003,trip_f06ccad5530c_00072,3,2026-02-10T17:15:00,2026-02-10T17:25:00,walking,Heidelberg Hbf,Home,0.5,10,False,none,Walk home from the station.
trip_f06ccad5530c_00073_leg_001,trip_f06ccad5530c_00073,1,2026-02-13T06:30:00,2026-02-13T06:35:00,walking,Heidelberg Home,Heidelberg Hbf,0.4,5,False,none,Walk to Heidelberg main station.
trip_f06ccad5530c_00073_leg_002,trip_f06ccad5530c_00073,2,2026-02-13T06:45:00,2026-02-13T10:15:00,regional_train,Heidelberg Hbf,Munich Hbf,300.0,210,True,subscription,Regional train to Munich.
trip_f06ccad5530c_00073_leg_003,trip_f06ccad5530c_00073,3,2026-02-13T10:15:00,2026-02-13T10:25:00,bike,Munich Hbf,Munich Client Office,5.0,10,False,none,Bike the last kilometre to the office.
trip_f06ccad5530c_00074_leg_001,trip_f06ccad5530c_00074,1,2026-02-13T17:30:00,2026-02-13T17:40:00,bike,Munich Client Office,Munich Hbf,5.0,10,False,none,Bike to Munich station.
trip_f06ccad5530c_00074_leg_002,trip_f06ccad5530c_00074,2,2026-02-13T18:00:00,2026-02-13T21:30:00,regional_train,Munich Hbf,Heidelberg Hbf,300.0,210,True,subscription,Regional train back to Heidelberg.
trip_f06ccad5530c_00074_leg_003,trip_f06ccad5530c_00074,3,2026-02-13T21:30:00,2026-02-13T21:35:00,walking,Heidelberg Hbf,Heidelberg Home,0.4,5,False,none,Walk home.
trip_f06ccad5530c_00075_leg_001,trip_f06ccad5530c_00075,1,2026-02-14T18:30:00,2026-02-14T18:40:00,bike,Heidelberg Home,Zum Güldenen Schwan,5.0,10,False,none,Bike to restaurant.
trip_f06ccad5530c_00076_leg_001,trip_f06ccad5530c_00076,1,2026-02-14T20:30:00,2026-02-14T20:35:00,walking,Zum Güldenen Schwan,Heidelberg Home,0.4,5,False,none,Walk home.
trip_f06ccad5530c_00077_leg_001,trip_f06ccad5530c_00077,1,2026-02-15T18:00:00,2026-02-15T18:05:00,walking,Heidelberg Home,Tram Stop Rhein-Neckar,0.4,5,False,none,Walk to tram stop.
trip_f06ccad5530c_00077_leg_002,trip_f06ccad5530c_00077,2,2026-02-15T18:05:00,2026-02-15T18:15:00,tram,Tram Stop Rhein-Neckar,Sportpark Rhein-Neckar,3.0,10,True,subscription,Tram to sports venue.
trip_f06ccad5530c_00077_leg_003,trip_f06ccad5530c_00077,3,2026-02-15T18:15:00,2026-02-15T18:20:00,walking,Sportpark Rhein-Neckar,Sportpark Entrance,0.4,5,False,none,Final walk to entrance.
trip_f06ccad5530c_00078_leg_001,trip_f06ccad5530c_00078,1,2026-02-15T20:30:00,2026-02-15T20:35:00,walking,Sportpark Entrance,Tram Stop Rhein-Neckar,0.4,5,False,none,Walk to tram stop.
trip_f06ccad5530c_00078_leg_002,trip_f06ccad5530c_00078,2,2026-02-15T20:35:00,2026-02-15T20:45:00,tram,Tram Stop Rhein-Neckar,Heidelberg Home Stop,3.0,10,True,subscription,Tram back home.
trip_f06ccad5530c_00078_leg_003,trip_f06ccad5530c_00078,3,2026-02-15T20:45:00,2026-02-15T20:50:00,walking,Heidelberg Home Stop,Heidelberg Home,0.4,5,False,none,Walk home.
trip_f06ccad5530c_00079_leg_001,trip_f06ccad5530c_00079,1,2026-02-16T08:00:00,2026-02-16T08:05:00,walking,Heidelberg Home,Heidelberg Hbf,0.4,5,False,none,Walk to Heidelberg station.
trip_f06ccad5530c_00079_leg_002,trip_f06ccad5530c_00079,2,2026-02-16T08:15:00,2026-02-16T13:45:00,regional_train,Heidelberg Hbf,Hamburg Hbf,500.0,330,True,subscription,ICE to Hamburg.
trip_f06ccad5530c_00079_leg_003,trip_f06ccad5530c_00079,3,2026-02-16T13:45:00,2026-02-16T14:00:00,shared_bike,Hamburg Hbf,Family Home Hamburg,3.0,15,False,none,Shared bike to family.
trip_f06ccad5530c_00080_leg_001,trip_f06ccad5530c_00080,1,2026-02-16T18:00:00,2026-02-16T18:15:00,shared_bike,Family Home Hamburg,Hamburg Hbf,3.0,15,False,none,Shared bike to Hamburg station.
trip_f06ccad5530c_00080_leg_002,trip_f06ccad5530c_00080,2,2026-02-16T18:30:00,2026-02-17T00:00:00,regional_train,Hamburg Hbf,Heidelberg Hbf,500.0,330,True,subscription,ICE back to Heidelberg.
trip_f06ccad5530c_00080_leg_003,trip_f06ccad5530c_00080,3,2026-02-17T00:00:00,2026-02-17T00:05:00,walking,Heidelberg Hbf,Heidelberg Home,0.4,5,False,none,Walk home.
trip_f06ccad5530c_00081_leg_001,trip_f06ccad5530c_00081,1,2026-02-17T09:00:00,2026-02-17T09:05:00,walking,Heidelberg Home,Heidelberg Hbf,0.4,5,False,none,Walk to station.
trip_f06ccad5530c_00081_leg_002,trip_f06ccad5530c_00081,2,2026-02-17T09:15:00,2026-02-17T11:45:00,regional_train,Heidelberg Hbf,Cologne Hbf,350.0,150,True,subscription,Train to Cologne.
trip_f06ccad5530c_00081_leg_003,trip_f06ccad5530c_00081,3,2026-02-17T11:45:00,2026-02-17T11:55:00,shared_bike,Cologne Hbf,Friends' Restaurant Cologne,2.0,10,False,none,Shared bike to restaurant.
trip_f06ccad5530c_00082_leg_001,trip_f06ccad5530c_00082,1,2026-02-17T20:00:00,2026-02-17T20:10:00,shared_bike,Friends' Restaurant Cologne,Cologne Hbf,2.0,10,False,none,Shared bike to station.
trip_f06ccad5530c_00082_leg_002,trip_f06ccad5530c_00082,2,2026-02-17T20:30:00,2026-02-17T23:00:00,regional_train,Cologne Hbf,Heidelberg Hbf,350.0,150,True,subscription,Train back to Heidelberg.
trip_f06ccad5530c_00082_leg_003,trip_f06ccad5530c_00082,3,2026-02-17T23:00:00,2026-02-17T23:05:00,walking,Heidelberg Hbf,Heidelberg Home,0.4,5,False,none,Walk home.
trip_f06ccad5530c_00083_leg_001,trip_f06ccad5530c_00083,1,2026-02-18T07:00:00,2026-02-18T07:05:00,walking,Heidelberg Home,Heidelberg Hbf,0.4,5,False,none,Walk to Heidelberg station.
trip_f06ccad5530c_00083_leg_002,trip_f06ccad5530c_00083,2,2026-02-18T07:20:00,2026-02-18T10:05:00,regional_train,Heidelberg Hbf,Düsseldorf Hbf,280.0,165,True,subscription,Regional train to Düsseldorf.
trip_f06ccad5530c_00083_leg_003,trip_f06ccad5530c_00083,3,2026-02-18T10:05:00,2026-02-18T10:15:00,shared_bike,Düsseldorf Hbf,Düsseldorf Client Office,2.0,10,False,none,Shared bike for the last kilometre.
trip_f06ccad5530c_00084_leg_001,trip_f06ccad5530c_00084,1,2026-02-18T18:00:00,2026-02-18T18:10:00,shared_bike,Düsseldorf Client Office,Düsseldorf Hbf,2.0,10,False,none,Shared bike to station.
trip_f06ccad5530c_00084_leg_002,trip_f06ccad5530c_00084,2,2026-02-18T18:30:00,2026-02-18T21:15:00,regional_train,Düsseldorf Hbf,Heidelberg Hbf,280.0,165,True,subscription,Regional train back to Heidelberg.
trip_f06ccad5530c_00084_leg_003,trip_f06ccad5530c_00084,3,2026-02-18T21:15:00,2026-02-18T21:20:00,walking,Heidelberg Hbf,Heidelberg Home,0.4,5,False,none,Walk home.
trip_f06ccad5530c_00085_leg_001,trip_f06ccad5530c_00085,1,2026-02-19T08:00:00,2026-02-19T08:12:00,bike,Heidelberg Home,Heidelberg Coworking Hub,3.0,12,False,none,Rented shared bike from home to coworking.
trip_f06ccad5530c_00086_leg_001,trip_f06ccad5530c_00086,1,2026-02-19T12:30:00,2026-02-19T12:40:00,walking,Heidelberg Coworking Hub,Zum Goldenen Hirsch,0.8,10,False,none,Walk to the restaurant.
trip_f06ccad5530c_00087_leg_001,trip_f06ccad5530c_00087,1,2026-02-20T07:00:00,2026-02-20T07:06:00,walking,Heidelberg Home,Heidelberg Hbf,0.5,6,False,none,Walk to the main train station.
trip_f06ccad5530c_00087_leg_002,trip_f06ccad5530c_00087,2,2026-02-20T07:06:00,2026-02-20T10:36:00,regional_train,Heidelberg Hbf,Munich Hbf,300.0,210,True,subscription,Regional train covered by monthly subscription.
trip_f06ccad5530c_00087_leg_003,trip_f06ccad5530c_00087,3,2026-02-20T10:36:00,2026-02-20T10:44:00,bike,Munich Hbf,Munich Consulting Office,2.0,8,False,none,Shared bike from station to office.
trip_f06ccad5530c_00088_leg_001,trip_f06ccad5530c_00088,1,2026-02-20T18:00:00,2026-02-20T18:08:00,bike,Munich Consulting Office,Munich Hbf,2.0,8,False,none,Bike to Munich station.
trip_f06ccad5530c_00088_leg_002,trip_f06ccad5530c_00088,2,2026-02-20T18:08:00,2026-02-20T21:38:00,regional_train,Munich Hbf,Heidelberg Hbf,300.0,210,True,subscription,Regional train back to Heidelberg.
trip_f06ccad5530c_00088_leg_003,trip_f06ccad5530c_00088,3,2026-02-20T21:38:00,2026-02-20T21:44:00,walking,Heidelberg Hbf,Heidelberg Home,0.5,6,False,none,Walk home from the station.
trip_f06ccad5530c_00089_leg_001,trip_f06ccad5530c_00089,1,2026-02-21T07:30:00,2026-02-21T07:34:00,walking,Heidelberg Home,Tram Stop A,0.3,4,False,none,Walk to tram stop.
trip_f06ccad5530c_00089_leg_002,trip_f06ccad5530c_00089,2,2026-02-21T07:34:00,2026-02-21T07:44:00,tram,Tram Stop A,Tram Stop B,1.5,10,True,subscription,Tram ride to near the gym.
trip_f06ccad5530c_00089_leg_003,trip_f06ccad5530c_00089,3,2026-02-21T07:44:00,2026-02-21T07:47:00,walking,Tram Stop B,FitX Heidelberg,0.2,3,False,none,Final short walk to the gym.
trip_f06ccad5530c_00090_leg_001,trip_f06ccad5530c_00090,1,2026-02-21T18:30:00,2026-02-21T18:55:00,walking,FitX Heidelberg,Heidelberg Home,2.0,25,False,none,Walk home from the gym.
trip_f06ccad5530c_00091_leg_001,trip_f06ccad5530c_00091,1,2026-02-22T06:45:00,2026-02-22T06:51:00,walking,Heidelberg Home,Heidelberg Hbf,0.5,6,False,none,Walk to the main station.
trip_f06ccad5530c_00091_leg_002,trip_f06ccad5530c_00091,2,2026-02-22T06:51:00,2026-02-22T10:21:00,regional_train,Heidelberg Hbf,Düsseldorf Hbf,300.0,210,True,subscription,Regional train covered by monthly subscription.
trip_f06ccad5530c_00091_leg_003,trip_f06ccad5530c_00091,3,2026-02-22T10:21:00,2026-02-22T10:28:00,bike,Düsseldorf Hbf,Düsseldorf Consulting Office,2.0,7,False,none,Shared bike from station to office.
trip_f06ccad5530c_00092_leg_001,trip_f06ccad5530c_00092,1,2026-02-22T17:15:00,2026-02-22T17:22:00,bike,Düsseldorf Consulting Office,Düsseldorf Hbf,2.0,7,False,none,Bike to the train station.
trip_f06ccad5530c_00092_leg_002,trip_f06ccad5530c_00092,2,2026-02-22T17:22:00,2026-02-22T20:52:00,regional_train,Düsseldorf Hbf,Heidelberg Hbf,300.0,210,True,subscription,Regional train back to Heidelberg.
trip_f06ccad5530c_00092_leg_003,trip_f06ccad5530c_00092,3,2026-02-22T20:52:00,2026-02-22T20:58:00,walking,Heidelberg Hbf,Heidelberg Home,0.5,6,False,none,Walk home from the station.
trip_f06ccad5530c_00093_leg_001,trip_f06ccad5530c_00093,1,2026-02-23T20:00:00,2026-02-23T20:12:00,walking,Heidelberg Home,CineStar Heidelberg,1.0,12,False,none,Walk to the cinema.
trip_f06ccad5530c_00094_leg_001,trip_f06ccad5530c_00094,1,2026-02-24T09:00:00,2026-02-24T09:06:00,walking,Heidelberg Home,Heidelberg Hbf,0.5,6,False,none,Walk to the main station.
trip_f06ccad5530c_00094_leg_002,trip_f06ccad5530c_00094,2,2026-02-24T09:06:00,2026-02-24T13:06:00,regional_train,Heidelberg Hbf,Hamburg Hbf,500.0,240,True,day_ticket,"ICE long‑distance train, ticket purchased as day ticket."
trip_f06ccad5530c_00094_leg_003,trip_f06ccad5530c_00094,3,2026-02-24T13:06:00,2026-02-24T13:15:00,walking,Hamburg Hbf,Hamburg Family Apt,0.7,9,False,none,Short walk to family apartment.
trip_f06ccad5530c_00095_leg_001,trip_f06ccad5530c_00095,1,2026-02-24T17:00:00,2026-02-24T17:09:00,walking,Hamburg Family Apt,Hamburg Hbf,0.7,9,False,none,Walk to Hamburg station.
trip_f06ccad5530c_00095_leg_002,trip_f06ccad5530c_00095,2,2026-02-24T17:09:00,2026-02-24T21:09:00,regional_train,Hamburg Hbf,Heidelberg Hbf,500.0,240,True,day_ticket,ICE back to Heidelberg.
trip_f06ccad5530c_00095_leg_003,trip_f06ccad5530c_00095,3,2026-02-24T21:09:00,2026-02-24T21:15:00,walking,Heidelberg Hbf,Heidelberg Home,0.5,6,False,none,Walk home from the station.
trip_f06ccad5530c_00096_leg_001,trip_f06ccad5530c_00096,1,2026-02-25T10:00:00,2026-02-25T10:06:00,walking,Heidelberg Home,Heidelberg Hbf,0.5,6,False,none,Walk to the station.
trip_f06ccad5530c_00096_leg_002,trip_f06ccad5530c_00096,2,2026-02-25T10:06:00,2026-02-25T13:06:00,regional_train,Heidelberg Hbf,Cologne Hbf,350.0,180,True,subscription,Regional train covered by monthly subscription.
trip_f06ccad5530c_00096_leg_003,trip_f06ccad5530c_00096,3,2026-02-25T13:06:00,2026-02-25T13:11:00,bike,Cologne Hbf,Friends' Restaurant Cologne,1.5,5,False,none,Shared bike to the restaurant.
trip_f06ccad5530c_00097_leg_001,trip_f06ccad5530c_00097,1,2026-02-26T08:30:00,2026-02-26T08:37:00,walking,Home,Heidelberg Hbf,0.5,7,False,none,Walk from home to the main train station
trip_f06ccad5530c_00097_leg_002,trip_f06ccad5530c_00097,2,2026-02-26T08:45:00,2026-02-26T11:15:00,public_transport,Heidelberg Hbf,Hamburg Hbf,600.0,150,True,day_ticket,ICE long‑distance train to Hamburg
trip_f06ccad5530c_00097_leg_003,trip_f06ccad5530c_00097,3,2026-02-26T11:20:00,2026-02-26T11:30:00,walking,Hamburg Hbf,Family Home Hamburg,0.8,10,False,none,Walk from the station to family home
trip_f06ccad5530c_00098_leg_001,trip_f06ccad5530c_00098,1,2026-02-26T18:00:00,2026-02-26T18:08:00,walking,Family Home Hamburg,Restaurant Hafen,0.6,8,False,none,Short walk to dinner venue
trip_f06ccad5530c_00099_leg_001,trip_f06ccad5530c_00099,1,2026-02-27T10:00:00,2026-02-27T10:08:00,walking,Restaurant Hafen,Hamburg Hbf,0.6,8,False,none,Walk to the train station
trip_f06ccad5530c_00099_leg_002,trip_f06ccad5530c_00099,2,2026-02-27T10:15:00,2026-02-27T12:45:00,public_transport,Hamburg Hbf,Heidelberg Hbf,600.0,150,True,day_ticket,ICE back to Heidelberg
trip_f06ccad5530c_00099_leg_003,trip_f06ccad5530c_00099,3,2026-02-27T12:50:00,2026-02-27T12:58:00,walking,Heidelberg Hbf,Home,0.8,8,False,none,Final walk home
trip_f06ccad5530c_00100_leg_001,trip_f06ccad5530c_00100,1,2026-02-27T19:00:00,2026-02-27T19:07:00,walking,Home,Heidelberg Hbf,0.5,7,False,none,Walk to the station
trip_f06ccad5530c_00100_leg_002,trip_f06ccad5530c_00100,2,2026-02-27T19:15:00,2026-02-27T21:15:00,public_transport,Heidelberg Hbf,Cologne Hbf,250.0,120,True,subscription,Regional train to Cologne
trip_f06ccad5530c_00100_leg_003,trip_f06ccad5530c_00100,3,2026-02-27T21:20:00,2026-02-27T21:29:00,walking,Cologne Hbf,Friends' Apartment,0.7,9,False,none,Walk to friends' place
trip_f06ccad5530c_00101_leg_001,trip_f06ccad5530c_00101,1,2026-02-28T07:45:00,2026-02-28T08:05:00,walking,Home,Consulting Office,0.8,20,False,none,Walk to the office
trip_f06ccad5530c_00102_leg_001,trip_f06ccad5530c_00102,1,2026-02-28T12:45:00,2026-02-28T13:00:00,walking,Consulting Office,Café Central,0.5,15,False,none,Walk to a nearby café for lunch
trip_f06ccad5530c_00103_leg_001,trip_f06ccad5530c_00103,1,2026-02-28T17:45:00,2026-02-28T18:05:00,walking,Consulting Office,Home,0.8,20,False,none,Walk home after work
trip_f06ccad5530c_00104_leg_001,trip_f06ccad5530c_00104,1,2026-03-01T07:50:00,2026-03-01T08:10:00,walking,Home,Consulting Office,0.8,20,False,none,Walk to work
trip_f06ccad5530c_00105_leg_001,trip_f06ccad5530c_00105,1,2026-03-01T18:30:00,2026-03-01T19:00:00,bike,Consulting Office,City Gym,5.0,30,False,none,Bike ride to the gym
trip_f06ccad5530c_00106_leg_001,trip_f06ccad5530c_00106,1,2026-03-02T07:55:00,2026-03-02T08:15:00,walking,Home,Consulting Office,0.8,20,False,none,Walk to the office
trip_f06ccad5530c_00107_leg_001,trip_f06ccad5530c_00107,1,2026-03-02T19:00:00,2026-03-02T19:07:00,walking,Consulting Office,Heidelberg Hbf,0.5,7,False,none,Walk to the train station
trip_f06ccad5530c_00107_leg_002,trip_f06ccad5530c_00107,2,2026-03-02T19:15:00,2026-03-02T21:45:00,public_transport,Heidelberg Hbf,Düsseldorf Hbf,300.0,150,True,subscription,Regional train to Düsseldorf
trip_f06ccad5530c_00107_leg_003,trip_f06ccad5530c_00107,3,2026-03-02T21:50:00,2026-03-02T21:58:00,shared_bike,Düsseldorf Hbf,Client Office Düsseldorf,0.6,8,False,none,Reserve a shared bike for the last kilometre
trip_f06ccad5530c_00108_leg_001,trip_f06ccad5530c_00108,1,2026-03-03T08:30:00,2026-03-03T08:38:00,walking,Client Office Düsseldorf,Düsseldorf Hbf,0.6,8,False,none,Walk to the station
trip_f06ccad5530c_00108_leg_002,trip_f06ccad5530c_00108,2,2026-03-03T08:45:00,2026-03-03T11:15:00,public_transport,Düsseldorf Hbf,Heidelberg Hbf,300.0,150,True,subscription,Regional train back to Heidelberg
trip_f06ccad5530c_00108_leg_003,trip_f06ccad5530c_00108,3,2026-03-03T11:20:00,2026-03-03T11:27:00,walking,Heidelberg Hbf,Home,0.5,7,False,none,Final walk home
trip_f06ccad5530c_00109_leg_001,trip_f06ccad5530c_00109,1,2026-03-05T07:30:00,2026-03-05T07:42:00,bike,Heidelberg Home,Heidelberg Hbf,3.0,12,False,none,Bike ride to the main train station.
trip_f06ccad5530c_00109_leg_002,trip_f06ccad5530c_00109,2,2026-03-05T07:45:00,2026-03-05T11:15:00,regional_train,Heidelberg Hbf,Munich Hbf,300.0,210,True,subscription,Regional train covered by his monthly pass.
trip_f06ccad5530c_00109_leg_003,trip_f06ccad5530c_00109,3,2026-03-05T11:20:00,2026-03-05T11:30:00,shared_bike,Munich Hbf,Munich Office,2.3,10,False,none,Shared bike for the last kilometre to the client office.
trip_f06ccad5530c_00110_leg_001,trip_f06ccad5530c_00110,1,2026-03-05T18:00:00,2026-03-05T18:10:00,shared_bike,Munich Office,Munich Hbf,2.3,10,False,none,Shared bike to the main station.
trip_f06ccad5530c_00110_leg_002,trip_f06ccad5530c_00110,2,2026-03-05T18:15:00,2026-03-05T21:45:00,regional_train,Munich Hbf,Heidelberg Hbf,300.0,210,True,subscription,Regional train covered by his monthly pass.
trip_f06ccad5530c_00110_leg_003,trip_f06ccad5530c_00110,3,2026-03-05T21:50:00,2026-03-05T22:00:00,bike,Heidelberg Hbf,Heidelberg Home,3.0,12,False,none,Bike home from the station.
trip_f06ccad5530c_00111_leg_001,trip_f06ccad5530c_00111,1,2026-03-06T08:00:00,2026-03-06T08:12:00,bike,Heidelberg Home,Heidelberg Hbf,3.0,12,False,none,Bike to the main station.
trip_f06ccad5530c_00111_leg_002,trip_f06ccad5530c_00111,2,2026-03-06T08:17:00,2026-03-06T11:47:00,regional_train,Heidelberg Hbf,Düsseldorf Hbf,350.0,210,True,subscription,Regional train covered by his subscription.
trip_f06ccad5530c_00111_leg_003,trip_f06ccad5530c_00111,3,2026-03-06T11:55:00,2026-03-06T12:00:00,bike,Düsseldorf Hbf,Düsseldorf Office,2.0,8,False,none,Bike the last kilometre to the client office.
trip_f06ccad5530c_00112_leg_001,trip_f06ccad5530c_00112,1,2026-03-06T17:30:00,2026-03-06T17:38:00,bike,Düsseldorf Office,Düsseldorf Hbf,2.0,8,False,none,Bike to the main station.
trip_f06ccad5530c_00112_leg_002,trip_f06ccad5530c_00112,2,2026-03-06T17:43:00,2026-03-06T21:13:00,regional_train,Düsseldorf Hbf,Heidelberg Hbf,350.0,210,True,subscription,Regional train covered by his monthly pass.
trip_f06ccad5530c_00112_leg_003,trip_f06ccad5530c_00112,3,2026-03-06T21:20:00,2026-03-06T21:30:00,bike,Heidelberg Hbf,Heidelberg Home,3.0,12,False,none,Bike home from the station.
trip_f06ccad5530c_00113_leg_001,trip_f06ccad5530c_00113,1,2026-03-07T10:00:00,2026-03-07T10:30:00,bike,Heidelberg Home,Neuenheimer Feld Park,5.0,30,False,none,Leisure bike ride to the park.
trip_f06ccad5530c_00114_leg_001,trip_f06ccad5530c_00114,1,2026-03-07T19:00:00,2026-03-07T19:05:00,walking,Heidelberg Home,Bike Station,0.3,5,False,none,Walk to the nearest shared‑bike dock.
trip_f06ccad5530c_00114_leg_002,trip_f06ccad5530c_00114,2,2026-03-07T19:05:00,2026-03-07T19:15:00,shared_bike,Bike Station,Restaurant Dock,2.0,10,False,none,Shared bike ride to the restaurant area.
trip_f06ccad5530c_00114_leg_003,trip_f06ccad5530c_00114,3,2026-03-07T19:15:00,2026-03-07T20:30:00,walking,Restaurant Dock,Zum Goldenen Hirsch,0.2,75,False,none,Walk and wait for a table before dinner.
trip_f06ccad5530c_00115_leg_001,trip_f06ccad5530c_00115,1,2026-03-08T07:00:00,2026-03-08T07:12:00,bike,Heidelberg Home,Heidelberg Hbf,3.0,12,False,none,Bike to the main station.
trip_f06ccad5530c_00115_leg_002,trip_f06ccad5530c_00115,2,2026-03-08T07:17:00,2026-03-08T12:17:00,regional_train,Heidelberg Hbf,Hamburg Hbf,600.0,300,True,subscription,High‑speed ICE covered by his monthly pass.
trip_f06ccad5530c_00115_leg_003,trip_f06ccad5530c_00115,3,2026-03-08T12:22:00,2026-03-08T13:00:00,shared_bike,Hamburg Hbf,Wagner Family Home,2.0,38,False,none,Shared bike for the last kilometre to family home.
trip_f06ccad5530c_00116_leg_001,trip_f06ccad5530c_00116,1,2026-03-09T07:00:00,2026-03-09T07:10:00,shared_bike,Wagner Family Home,Hamburg Hbf,2.0,10,False,none,Shared bike to the main station.
trip_f06ccad5530c_00116_leg_002,trip_f06ccad5530c_00116,2,2026-03-09T07:15:00,2026-03-09T12:15:00,regional_train,Hamburg Hbf,Heidelberg Hbf,600.0,300,True,subscription,"ICE ride back, covered by subscription."
trip_f06ccad5530c_00116_leg_003,trip_f06ccad5530c_00116,3,2026-03-09T12:20:00,2026-03-09T13:00:00,bike,Heidelberg Hbf,Heidelberg Home,3.0,40,False,none,Bike home from the station.
trip_f06ccad5530c_00117_leg_001,trip_f06ccad5530c_00117,1,2026-03-09T09:00:00,2026-03-09T09:15:00,bike,Heidelberg Home,Co‑Working Space,3.0,15,False,none,Bike to the co‑working office.
trip_f06ccad5530c_00118_leg_001,trip_f06ccad5530c_00118,1,2026-03-09T18:30:00,2026-03-09T18:35:00,walking,Heidelberg Home,Bike Dock,0.3,5,False,none,Walk to the shared‑bike dock.
trip_f06ccad5530c_00118_leg_002,trip_f06ccad5530c_00118,2,2026-03-09T18:35:00,2026-03-09T18:45:00,bike,Bike Dock,Sporthalle Dock,2.0,10,False,none,Bike to the sports hall.
trip_f06ccad5530c_00118_leg_003,trip_f06ccad5530c_00118,3,2026-03-09T18:45:00,2026-03-09T20:00:00,walking,Sporthalle Dock,Sporthalle Heidelberg,0.2,75,False,none,Walk into the hall and wait for the match to start.
trip_f06ccad5530c_00119_leg_001,trip_f06ccad5530c_00119,1,2026-03-10T08:00:00,2026-03-10T08:12:00,bike,Heidelberg Home,Heidelberg Hbf,3.0,12,False,none,Bike to the main station.
trip_f06ccad5530c_00119_leg_002,trip_f06ccad5530c_00119,2,2026-03-10T08:17:00,2026-03-10T11:17:00,regional_train,Heidelberg Hbf,Cologne Hbf,250.0,180,True,subscription,Regional train on his monthly pass.
trip_f06ccad5530c_00119_leg_003,trip_f06ccad5530c_00119,3,2026-03-10T11:25:00,2026-03-10T12:00:00,bike,Cologne Hbf,Cologne Client Site,2.0,35,False,none,Bike the final kilometre to the client office.
trip_f06ccad5530c_00120_leg_001,trip_f06ccad5530c_00120,1,2026-03-10T19:00:00,2026-03-10T19:08:00,bike,Cologne Client Site,Cologne Hbf,2.0,8,False,none,Bike to the main station.
trip_f06ccad5530c_00120_leg_002,trip_f06ccad5530c_00120,2,2026-03-10T19:13:00,2026-03-10T22:13:00,regional_train,Cologne Hbf,Heidelberg Hbf,250.0,180,True,subscription,Regional train back on his subscription.
trip_f06ccad5530c_00120_leg_003,trip_f06ccad5530c_00120,3,2026-03-10T22:20:00,2026-03-10T23:00:00,bike,Heidelberg Hbf,Heidelberg Home,3.0,40,False,none,Bike home from the station.
trip_f06ccad5530c_00121_leg_001,trip_f06ccad5530c_00121,1,2026-03-12T07:15:00,2026-03-12T07:20:00,walking,Heidelberg Home,Heidelberg Hbf,0.5,5,False,none,Walk to the main train station.
trip_f06ccad5530c_00121_leg_002,trip_f06ccad5530c_00121,2,2026-03-12T07:20:00,2026-03-12T10:35:00,regional_train,Heidelberg Hbf,Munich Hbf,300.0,195,True,subscription,Regional train to Munich using monthly subscription.
trip_f06ccad5530c_00121_leg_003,trip_f06ccad5530c_00121,3,2026-03-12T10:35:00,2026-03-12T10:42:00,bike,Munich Hbf,Munich Office,2.0,7,False,none,Bike from station to office.
trip_f06ccad5530c_00122_leg_001,trip_f06ccad5530c_00122,1,2026-03-12T18:30:00,2026-03-12T18:37:00,bike,Munich Office,Munich Hbf,2.0,7,False,none,Bike to the train station.
trip_f06ccad5530c_00122_leg_002,trip_f06ccad5530c_00122,2,2026-03-12T18:37:00,2026-03-12T21:55:00,regional_train,Munich Hbf,Heidelberg Hbf,300.0,198,True,subscription,Regional train back to Heidelberg.
trip_f06ccad5530c_00122_leg_003,trip_f06ccad5530c_00122,3,2026-03-12T21:55:00,2026-03-12T22:00:00,walking,Heidelberg Hbf,Heidelberg Home,0.5,5,False,none,Walk home from the station.
trip_f06ccad5530c_00123_leg_001,trip_f06ccad5530c_00123,1,2026-03-13T09:00:00,2026-03-13T09:12:00,bike,Heidelberg Home,Co‑working Space,3.0,12,False,none,Bike to the co‑working location.
trip_f06ccad5530c_00124_leg_001,trip_f06ccad5530c_00124,1,2026-03-14T19:00:00,2026-03-14T19:05:00,walking,Heidelberg Home,Tram Stop,0.5,5,False,none,Walk to the tram stop.
trip_f06ccad5530c_00124_leg_002,trip_f06ccad5530c_00124,2,2026-03-14T19:05:00,2026-03-14T19:20:00,tram,Tram Stop,Restaurant Stop,3.0,15,True,subscription,Tram ride to the restaurant area.
trip_f06ccad5530c_00124_leg_003,trip_f06ccad5530c_00124,3,2026-03-14T19:20:00,2026-03-14T19:30:00,walking,Restaurant Stop,City Center Restaurant,0.8,10,False,none,Final walk to the restaurant.
trip_f06ccad5530c_00125_leg_001,trip_f06ccad5530c_00125,1,2026-03-15T06:45:00,2026-03-15T06:50:00,walking,Heidelberg Home,Heidelberg Hbf,0.5,5,False,none,Walk to the train station.
trip_f06ccad5530c_00125_leg_002,trip_f06ccad5530c_00125,2,2026-03-15T06:50:00,2026-03-15T10:20:00,regional_train,Heidelberg Hbf,Düsseldorf Hbf,350.0,210,True,subscription,Regional train to Düsseldorf using monthly subscription.
trip_f06ccad5530c_00125_leg_003,trip_f06ccad5530c_00125,3,2026-03-15T10:20:00,2026-03-15T10:27:00,shared_bike,Düsseldorf Hbf,Düsseldorf Office,2.0,7,False,none,Reserve shared bike for the last kilometre.
trip_f06ccad5530c_00126_leg_001,trip_f06ccad5530c_00126,1,2026-03-15T18:15:00,2026-03-15T18:22:00,bike,Düsseldorf Office,Düsseldorf Hbf,2.0,7,False,none,Bike to the train station.
trip_f06ccad5530c_00126_leg_002,trip_f06ccad5530c_00126,2,2026-03-15T18:22:00,2026-03-15T21:55:00,regional_train,Düsseldorf Hbf,Heidelberg Hbf,350.0,213,True,subscription,Regional train back to Heidelberg.
trip_f06ccad5530c_00126_leg_003,trip_f06ccad5530c_00126,3,2026-03-15T21:55:00,2026-03-15T22:00:00,walking,Heidelberg Hbf,Heidelberg Home,0.5,5,False,none,Walk home from the station.
trip_f06ccad5530c_00127_leg_001,trip_f06ccad5530c_00127,1,2026-03-16T18:30:00,2026-03-16T18:35:00,walking,Heidelberg Home,Tram Stop,0.5,5,False,none,Walk to the tram stop.
trip_f06ccad5530c_00127_leg_002,trip_f06ccad5530c_00127,2,2026-03-16T18:35:00,2026-03-16T18:55:00,tram,Tram Stop,Stadium Stop,3.0,20,True,subscription,Tram to the stadium.
trip_f06ccad5530c_00127_leg_003,trip_f06ccad5530c_00127,3,2026-03-16T18:55:00,2026-03-16T19:05:00,walking,Stadium Stop,Heidelberg Sports Stadium,0.8,10,False,none,Final walk to the stadium.
trip_f06ccad5530c_00128_leg_001,trip_f06ccad5530c_00128,1,2026-03-17T08:00:00,2026-03-17T08:05:00,walking,Heidelberg Home,Heidelberg Hbf,0.5,5,False,none,Walk to the train station.
trip_f06ccad5530c_00128_leg_002,trip_f06ccad5530c_00128,2,2026-03-17T08:05:00,2026-03-17T12:35:00,regional_train,Heidelberg Hbf,Hamburg Hbf,600.0,270,True,subscription,Regional train to Hamburg using monthly pass.
trip_f06ccad5530c_00128_leg_003,trip_f06ccad5530c_00128,3,2026-03-17T12:35:00,2026-03-17T12:40:00,walking,Hamburg Hbf,Hamburg Family Home,0.5,5,False,none,Walk to family home.
trip_f06ccad5530c_00129_leg_001,trip_f06ccad5530c_00129,1,2026-03-17T20:00:00,2026-03-17T20:12:00,walking,Hamburg Family Home,Hamburg Bar,0.8,12,False,none,Walk to the bar.
trip_f06ccad5530c_00130_leg_001,trip_f06ccad5530c_00130,1,2026-03-18T10:00:00,2026-03-18T10:20:00,bike,Heidelberg Home,Heidelberg City Park,5.0,20,False,none,Bike to the park.
trip_f06ccad5530c_00131_leg_001,trip_f06ccad5530c_00131,1,2026-03-18T12:00:00,2026-03-18T12:05:00,walking,Heidelberg Home,Heidelberg Hbf,0.5,5,False,none,Walk to the train station.
trip_f06ccad5530c_00131_leg_002,trip_f06ccad5530c_00131,2,2026-03-18T12:05:00,2026-03-18T15:25:00,regional_train,Heidelberg Hbf,Cologne Hbf,350.0,190,True,subscription,Regional train to Cologne using subscription.
trip_f06ccad5530c_00131_leg_003,trip_f06ccad5530c_00131,3,2026-03-18T15:25:00,2026-03-18T15:32:00,shared_bike,Cologne Hbf,Cologne Friend's Apartment,2.0,7,False,none,Reserve shared bike for the final segment.
trip_f06ccad5530c_00132_leg_001,trip_f06ccad5530c_00132,1,2026-03-18T17:00:00,2026-03-18T17:07:00,shared_bike,Cologne Friend's Apartment,Cologne Hbf,2.0,7,False,none,Shared bike to the train station.
trip_f06ccad5530c_00132_leg_002,trip_f06ccad5530c_00132,2,2026-03-18T17:07:00,2026-03-18T20:30:00,regional_train,Cologne Hbf,Heidelberg Hbf,350.0,203,True,subscription,Regional train back to Heidelberg.
trip_f06ccad5530c_00132_leg_003,trip_f06ccad5530c_00132,3,2026-03-18T20:30:00,2026-03-18T20:35:00,walking,Heidelberg Hbf,Heidelberg Home,0.5,5,False,none,Walk home from the station.
trip_f06ccad5530c_00133_leg_001,trip_f06ccad5530c_00133,1,2026-03-19T07:30:00,2026-03-19T07:35:00,walking,Heidelberg Home,Heidelberg Station,0.5,5,False,none,Walk to regional train platform.
trip_f06ccad5530c_00133_leg_002,trip_f06ccad5530c_00133,2,2026-03-19T07:35:00,2026-03-19T09:45:00,regional_train,Heidelberg Station,Munich Hbf,300.0,130,True,subscription,Regional train to Munich using monthly subscription.
trip_f06ccad5530c_00133_leg_003,trip_f06ccad5530c_00133,3,2026-03-19T09:45:00,2026-03-19T10:00:00,bike,Munich Hbf,Munich Client Office,3.0,15,False,none,Bike the last kilometre to the client office.
trip_f06ccad5530c_00134_leg_001,trip_f06ccad5530c_00134,1,2026-03-19T18:00:00,2026-03-19T18:10:00,bike,Munich Client Office,Munich Hbf,3.0,10,False,none,Bike to Munich main station.
trip_f06ccad5530c_00134_leg_002,trip_f06ccad5530c_00134,2,2026-03-19T18:10:00,2026-03-19T20:20:00,regional_train,Munich Hbf,Heidelberg Station,300.0,130,True,subscription,Regional train back to Heidelberg.
trip_f06ccad5530c_00134_leg_003,trip_f06ccad5530c_00134,3,2026-03-19T20:20:00,2026-03-19T20:25:00,walking,Heidelberg Station,Heidelberg Home,0.5,5,False,none,Walk home from the station.
trip_f06ccad5530c_00135_leg_001,trip_f06ccad5530c_00135,1,2026-03-20T19:00:00,2026-03-20T19:03:00,walking,Heidelberg Home,Bike Dock,0.2,3,False,none,Walk to shared‑bike dock.
trip_f06ccad5530c_00135_leg_002,trip_f06ccad5530c_00135,2,2026-03-20T19:03:00,2026-03-20T19:23:00,shared_bike,Bike Dock,Heidelberg Italian Bistro,5.0,20,False,none,Shared bike to restaurant.
trip_f06ccad5530c_00136_leg_001,trip_f06ccad5530c_00136,1,2026-03-20T22:30:00,2026-03-20T23:00:00,walking,Heidelberg Italian Bistro,Heidelberg Home,2.0,30,False,none,Walk home after dinner.
trip_f06ccad5530c_00137_leg_001,trip_f06ccad5530c_00137,1,2026-03-21T06:45:00,2026-03-21T06:50:00,walking,Heidelberg Home,Heidelberg Station,0.5,5,False,none,Walk to regional train platform.
trip_f06ccad5530c_00137_leg_002,trip_f06ccad5530c_00137,2,2026-03-21T06:50:00,2026-03-21T09:20:00,regional_train,Heidelberg Station,Düsseldorf Hbf,300.0,150,True,subscription,Regional train to Düsseldorf using subscription.
trip_f06ccad5530c_00137_leg_003,trip_f06ccad5530c_00137,3,2026-03-21T09:20:00,2026-03-21T09:30:00,bike,Düsseldorf Hbf,Düsseldorf Project Site,4.0,10,False,none,Bike the last kilometre to the client office.
trip_f06ccad5530c_00138_leg_001,trip_f06ccad5530c_00138,1,2026-03-21T18:30:00,2026-03-21T18:45:00,bike,Düsseldorf Project Site,FitX Gym,5.0,15,False,none,Bike to fitness centre.
trip_f06ccad5530c_00139_leg_001,trip_f06ccad5530c_00139,1,2026-03-21T20:30:00,2026-03-21T20:40:00,bike,FitX Gym,Düsseldorf Hbf,4.0,10,False,none,Bike to the train station.
trip_f06ccad5530c_00139_leg_002,trip_f06ccad5530c_00139,2,2026-03-21T20:40:00,2026-03-21T23:10:00,regional_train,Düsseldorf Hbf,Heidelberg Station,300.0,150,True,subscription,Regional train home.
trip_f06ccad5530c_00139_leg_003,trip_f06ccad5530c_00139,3,2026-03-21T23:10:00,2026-03-21T23:15:00,walking,Heidelberg Station,Heidelberg Home,0.5,5,False,none,Walk home from the station.
trip_f06ccad5530c_00140_leg_001,trip_f06ccad5530c_00140,1,2026-03-22T12:00:00,2026-03-22T12:15:00,bike,Heidelberg Home,Heidelberg City Mall,6.0,15,False,none,Bike to the shopping centre.
trip_f06ccad5530c_00141_leg_001,trip_f06ccad5530c_00141,1,2026-03-22T17:30:00,2026-03-22T17:45:00,bike,Heidelberg City Mall,Heidelberg Home,6.0,15,False,none,Bike home from the mall.
trip_f06ccad5530c_00142_leg_001,trip_f06ccad5530c_00142,1,2026-03-23T07:00:00,2026-03-23T07:05:00,walking,Heidelberg Home,Heidelberg Station,0.5,5,False,none,Walk to the train station.
trip_f06ccad5530c_00142_leg_002,trip_f06ccad5530c_00142,2,2026-03-23T07:05:00,2026-03-23T09:15:00,regional_train,Heidelberg Station,Munich Hbf,300.0,130,True,subscription,Regional train to Munich using subscription.
trip_f06ccad5530c_00142_leg_003,trip_f06ccad5530c_00142,3,2026-03-23T09:15:00,2026-03-23T09:30:00,bike,Munich Hbf,Munich Client Office,3.0,15,False,none,Bike the last kilometre to the office.
trip_f06ccad5530c_00143_leg_001,trip_f06ccad5530c_00143,1,2026-03-23T19:30:00,2026-03-23T19:33:00,walking,Munich Client Office,Bike Dock,0.2,3,False,none,Walk to shared‑bike dock.
trip_f06ccad5530c_00143_leg_002,trip_f06ccad5530c_00143,2,2026-03-23T19:33:00,2026-03-23T19:53:00,shared_bike,Bike Dock,Munich Craft Beer Bar,4.0,20,False,none,Shared bike to the bar.
trip_f06ccad5530c_00143_leg_003,trip_f06ccad5530c_00143,3,2026-03-23T19:53:00,2026-03-23T19:55:00,walking,Munich Craft Beer Bar,Munich Client Office,0.1,2,False,none,Short walk back to the office area.
trip_f06ccad5530c_00144_leg_001,trip_f06ccad5530c_00144,1,2026-03-23T22:30:00,2026-03-23T22:33:00,walking,Munich Client Office,Bike Dock,0.2,3,False,none,Walk to shared‑bike dock.
trip_f06ccad5530c_00144_leg_002,trip_f06ccad5530c_00144,2,2026-03-23T22:33:00,2026-03-23T22:53:00,shared_bike,Bike Dock,Munich Hbf,4.0,20,False,none,Shared bike to the main station.
trip_f06ccad5530c_00144_leg_003,trip_f06ccad5530c_00144,3,2026-03-23T22:53:00,2026-03-24T01:03:00,regional_train,Munich Hbf,Heidelberg Station,300.0,130,True,subscription,Night regional train home.
trip_f06ccad5530c_00144_leg_004,trip_f06ccad5530c_00144,4,2026-03-24T01:03:00,2026-03-24T01:08:00,walking,Heidelberg Station,Heidelberg Home,0.5,5,False,none,Final walk home.
trip_f06ccad5530c_00145_leg_001,trip_f06ccad5530c_00145,1,2026-03-26T07:30:00,2026-03-26T07:35:00,walking,Tobias' Apartment,Heidelberg Hbf,0.4,5,False,none,Walk from home to the main train station.
trip_f06ccad5530c_00145_leg_002,trip_f06ccad5530c_00145,2,2026-03-26T07:40:00,2026-03-26T10:40:00,regional_train,Heidelberg Hbf,Munich Hbf,300.0,180,True,subscription,Regional train (direct) using monthly subscription.
trip_f06ccad5530c_00145_leg_003,trip_f06ccad5530c_00145,3,2026-03-26T10:45:00,2026-03-26T10:53:00,bike,Munich Hbf,Client Office,2.0,8,False,none,Bike the last kilometre to the client office.
trip_f06ccad5530c_00146_leg_001,trip_f06ccad5530c_00146,1,2026-03-26T17:00:00,2026-03-26T17:08:00,bike,Client Office,Munich Hbf,2.0,8,False,none,Bike to Munich central station.
trip_f06ccad5530c_00146_leg_002,trip_f06ccad5530c_00146,2,2026-03-26T17:10:00,2026-03-26T20:10:00,regional_train,Munich Hbf,Heidelberg Hbf,300.0,180,True,subscription,Regional train back to Heidelberg.
trip_f06ccad5530c_00146_leg_003,trip_f06ccad5530c_00146,3,2026-03-26T20:15:00,2026-03-26T20:20:00,walking,Heidelberg Hbf,Tobias' Apartment,0.4,5,False,none,Walk home from the station.
trip_f06ccad5530c_00147_leg_001,trip_f06ccad5530c_00147,1,2026-03-27T19:00:00,2026-03-27T19:07:00,walking,Tobias' Apartment,Zum Goldenen Hirsch,0.4,7,False,none,Short walk to the restaurant.
trip_f06ccad5530c_00148_leg_001,trip_f06ccad5530c_00148,1,2026-03-27T21:45:00,2026-03-27T21:52:00,walking,Zum Goldenen Hirsch,Tobias' Apartment,0.4,7,False,none,Walk home after the meal.
trip_f06ccad5530c_00149_leg_001,trip_f06ccad5530c_00149,1,2026-03-30T08:00:00,2026-03-30T08:05:00,walking,Tobias' Apartment,Heidelberg Hbf,0.4,5,False,none,Walk to the main train station.
trip_f06ccad5530c_00149_leg_002,trip_f06ccad5530c_00149,2,2026-03-30T08:10:00,2026-03-30T12:30:00,regional_train,Heidelberg Hbf,Hamburg Hbf,500.0,260,True,subscription,Direct long‑distance train using subscription.
trip_f06ccad5530c_00149_leg_003,trip_f06ccad5530c_00149,3,2026-03-30T12:35:00,2026-03-30T12:45:00,walking,Hamburg Hbf,Wagner Family Home,0.5,10,False,none,Short walk from station to family house.
trip_f06ccad5530c_00150_leg_001,trip_f06ccad5530c_00150,1,2026-03-30T18:00:00,2026-03-30T18:10:00,walking,Wagner Family Home,Hamburg Hbf,0.5,10,False,none,Walk to Hamburg central station.
trip_f06ccad5530c_00150_leg_002,trip_f06ccad5530c_00150,2,2026-03-30T18:20:00,2026-03-30T22:40:00,regional_train,Hamburg Hbf,Heidelberg Hbf,500.0,260,True,subscription,Direct long‑distance train back to Heidelberg.
trip_f06ccad5530c_00150_leg_003,trip_f06ccad5530c_00150,3,2026-03-30T22:45:00,2026-03-30T22:50:00,walking,Heidelberg Hbf,Tobias' Apartment,0.4,5,False,none,Final walk home.
trip_fdce694ff9a7_00001_leg_001,trip_fdce694ff9a7_00001,1,2026-01-01T07:45:00,2026-01-01T07:55:00,car,Home,Kids' primary school,3.0,10,False,none,Drive from home to the children’s school.
trip_fdce694ff9a7_00001_leg_002,trip_fdce694ff9a7_00001,2,2026-01-01T07:55:00,2026-01-01T08:15:00,car,Kids' primary school,Work (school),5.0,20,False,none,Continue to the workplace after dropping the kids.
trip_fdce694ff9a7_00002_leg_001,trip_fdce694ff9a7_00002,1,2026-01-01T17:10:00,2026-01-01T17:45:00,car,Work,Home,8.0,35,False,none,Drive home directly after the school day.
trip_fdce694ff9a7_00003_leg_001,trip_fdce694ff9a7_00003,1,2026-01-02T07:40:00,2026-01-02T07:50:00,car,Home,Kids' primary school,3.0,10,False,none,Drive to school for drop‑off.
trip_fdce694ff9a7_00003_leg_002,trip_fdce694ff9a7_00003,2,2026-01-02T07:50:00,2026-01-02T08:20:00,car,Kids' primary school,Work,5.0,30,False,none,Continue to the workplace.
trip_fdce694ff9a7_00004_leg_001,trip_fdce694ff9a7_00004,1,2026-01-02T17:15:00,2026-01-02T17:55:00,car,Work,Home,8.0,40,False,none,Drive home directly.
trip_fdce694ff9a7_00005_leg_001,trip_fdce694ff9a7_00005,1,2026-01-03T09:30:00,2026-01-03T09:35:00,walking,Home,Bus stop (Hauptstraße),0.4,5,False,none,Walk to the nearest bus stop.
trip_fdce694ff9a7_00005_leg_002,trip_fdce694ff9a7_00005,2,2026-01-03T09:35:00,2026-01-03T09:55:00,bus,Bus stop (Hauptstraße),Sports Club stop,6.0,20,True,monthly_pass,Regional bus (line 702) to the sports club area.
trip_fdce694ff9a7_00005_leg_003,trip_fdce694ff9a7_00005,3,2026-01-03T09:55:00,2026-01-03T10:00:00,walking,Sports Club stop,Sports Club Passau,0.3,5,False,none,Short walk to the sports club entrance.
trip_fdce694ff9a7_00006_leg_001,trip_fdce694ff9a7_00006,1,2026-01-04T10:00:00,2026-01-04T10:30:00,car,Home,Stadtpark Passau,12.0,30,False,none,Drive to the city park for a family visit.
trip_fdce694ff9a7_00007_leg_001,trip_fdce694ff9a7_00007,1,2026-01-05T07:50:00,2026-01-05T07:55:00,walking,Home,Bus stop (Kreuzstraße),0.3,5,False,none,Walk to the nearest bus stop.
trip_fdce694ff9a7_00007_leg_002,trip_fdce694ff9a7_00007,2,2026-01-05T07:55:00,2026-01-05T08:10:00,bus,Bus stop (Kreuzstraße),Central station,5.0,15,True,monthly_pass,Regional bus (line 801) to the main station.
trip_fdce694ff9a7_00007_leg_003,trip_fdce694ff9a7_00007,3,2026-01-05T08:10:00,2026-01-05T08:15:00,walking,Central station,Work,0.5,5,False,none,Short walk from the station to the school.
trip_fdce694ff9a7_00008_leg_001,trip_fdce694ff9a7_00008,1,2026-01-05T17:20:00,2026-01-05T17:55:00,car,Work,Home,8.0,35,False,none,Drive home after the school day.
trip_fdce694ff9a7_00009_leg_001,trip_fdce694ff9a7_00009,1,2026-01-06T07:45:00,2026-01-06T07:55:00,car,Home,Kids' primary school,3.0,10,False,none,Drive to school.
trip_fdce694ff9a7_00009_leg_002,trip_fdce694ff9a7_00009,2,2026-01-06T07:55:00,2026-01-06T08:20:00,car,Kids' primary school,Work,5.0,25,False,none,Continue to the workplace.
trip_fdce694ff9a7_00010_leg_001,trip_fdce694ff9a7_00010,1,2026-01-06T17:10:00,2026-01-06T17:45:00,car,Work,Home,8.0,35,False,none,Drive home after work.
trip_fdce694ff9a7_00011_leg_001,trip_fdce694ff9a7_00011,1,2026-01-07T07:50:00,2026-01-07T08:00:00,car,Home,Kids' primary school,3.0,10,False,none,Drive to school.
trip_fdce694ff9a7_00011_leg_002,trip_fdce694ff9a7_00011,2,2026-01-07T08:00:00,2026-01-07T08:25:00,car,Kids' primary school,Work,5.0,25,False,none,Continue to the workplace.
trip_fdce694ff9a7_00012_leg_001,trip_fdce694ff9a7_00012,1,2026-01-07T17:15:00,2026-01-07T17:55:00,car,Work,Home,8.0,40,False,none,Drive home after work.
trip_fdce694ff9a7_00013_leg_001,trip_fdce694ff9a7_00013,1,2026-01-08T07:12:00,2026-01-08T07:27:00,car,Home,Kids' primary school,5.0,15,False,none,Drive from home to drop children at school.
trip_fdce694ff9a7_00013_leg_002,trip_fdce694ff9a7_00013,2,2026-01-08T07:29:00,2026-01-08T07:49:00,car,Kids' primary school,Work (school),8.0,20,False,none,Continue driving to the workplace.
trip_fdce694ff9a7_00014_leg_001,trip_fdce694ff9a7_00014,1,2026-01-08T15:35:00,2026-01-08T15:55:00,car,Work,Kids' primary school,8.0,20,False,none,Drive from work to school to pick up children.
trip_fdce694ff9a7_00014_leg_002,trip_fdce694ff9a7_00014,2,2026-01-08T15:57:00,2026-01-08T16:12:00,car,Kids' primary school,Home,5.0,15,False,none,Drive home after picking up the kids.
trip_fdce694ff9a7_00015_leg_001,trip_fdce694ff9a7_00015,1,2026-01-09T07:13:00,2026-01-09T07:28:00,car,Home,Kids' primary school,5.0,15,False,none,Drive to school for drop‑off.
trip_fdce694ff9a7_00015_leg_002,trip_fdce694ff9a7_00015,2,2026-01-09T07:30:00,2026-01-09T07:50:00,car,Kids' primary school,Work,8.0,20,False,none,Continue to the workplace.
trip_fdce694ff9a7_00016_leg_001,trip_fdce694ff9a7_00016,1,2026-01-09T15:36:00,2026-01-09T15:56:00,car,Work,Kids' primary school,8.0,20,False,none,Drive to school to collect the kids.
trip_fdce694ff9a7_00016_leg_002,trip_fdce694ff9a7_00016,2,2026-01-09T15:58:00,2026-01-09T16:13:00,car,Kids' primary school,Home,5.0,15,False,none,Drive home after school.
trip_fdce694ff9a7_00017_leg_001,trip_fdce694ff9a7_00017,1,2026-01-11T10:00:00,2026-01-11T10:20:00,car,Home,Ilzpark,10.0,20,False,none,Drive to the park for a family walk.
trip_fdce694ff9a7_00018_leg_001,trip_fdce694ff9a7_00018,1,2026-01-11T14:30:00,2026-01-11T14:50:00,car,Ilzpark,Home,10.0,20,False,none,Drive back home.
trip_fdce694ff9a7_00019_leg_001,trip_fdce694ff9a7_00019,1,2026-01-12T07:11:00,2026-01-12T07:26:00,car,Home,Kids' primary school,5.0,15,False,none,Drive to school.
trip_fdce694ff9a7_00019_leg_002,trip_fdce694ff9a7_00019,2,2026-01-12T07:28:00,2026-01-12T07:48:00,car,Kids' primary school,Work,8.0,20,False,none,Continue to the workplace.
trip_fdce694ff9a7_00020_leg_001,trip_fdce694ff9a7_00020,1,2026-01-12T15:34:00,2026-01-12T15:54:00,car,Work,Kids' primary school,8.0,20,False,none,Drive to school for pick‑up.
trip_fdce694ff9a7_00020_leg_002,trip_fdce694ff9a7_00020,2,2026-01-12T15:56:00,2026-01-12T16:11:00,car,Kids' primary school,Home,5.0,15,False,none,Drive home.
trip_fdce694ff9a7_00021_leg_001,trip_fdce694ff9a7_00021,1,2026-01-13T07:14:00,2026-01-13T07:29:00,car,Home,Kids' primary school,5.0,15,False,none,Drive to school.
trip_fdce694ff9a7_00021_leg_002,trip_fdce694ff9a7_00021,2,2026-01-13T07:31:00,2026-01-13T07:51:00,car,Kids' primary school,Work,8.0,20,False,none,Continue to the workplace.
trip_fdce694ff9a7_00022_leg_001,trip_fdce694ff9a7_00022,1,2026-01-13T15:33:00,2026-01-13T15:53:00,car,Work,Kids' primary school,8.0,20,False,none,Drive to school.
trip_fdce694ff9a7_00022_leg_002,trip_fdce694ff9a7_00022,2,2026-01-13T15:55:00,2026-01-13T16:10:00,car,Kids' primary school,Home,5.0,15,False,none,Drive home.
trip_fdce694ff9a7_00023_leg_001,trip_fdce694ff9a7_00023,1,2026-01-14T07:10:00,2026-01-14T07:25:00,car,Home,Kids' primary school,5.0,15,False,none,Drive to school.
trip_fdce694ff9a7_00023_leg_002,trip_fdce694ff9a7_00023,2,2026-01-14T07:27:00,2026-01-14T07:47:00,car,Kids' primary school,Work,8.0,20,False,none,Continue to work.
trip_fdce694ff9a7_00024_leg_001,trip_fdce694ff9a7_00024,1,2026-01-14T15:35:00,2026-01-14T15:55:00,car,Work,Kids' primary school,8.0,20,False,none,Drive to school for pick‑up.
trip_fdce694ff9a7_00024_leg_002,trip_fdce694ff9a7_00024,2,2026-01-14T15:57:00,2026-01-14T16:12:00,car,Kids' primary school,Home,5.0,15,False,none,Drive home.
trip_fdce694ff9a7_00025_leg_001,trip_fdce694ff9a7_00025,1,2026-01-15T07:10:00,2026-01-15T07:50:00,car,Home,Work (Passau Primary School),12.0,40,False,none,"Drive from home, drop kids at school en route, continue to workplace."
trip_fdce694ff9a7_00026_leg_001,trip_fdce694ff9a7_00026,1,2026-01-15T16:45:00,2026-01-15T17:25:00,car,Work,Home,12.0,40,False,none,Drive home directly after school day.
trip_fdce694ff9a7_00027_leg_001,trip_fdce694ff9a7_00027,1,2026-01-16T09:30:00,2026-01-16T10:00:00,car,Home,Vorderbayrischer Park,8.0,30,False,none,Drive to the park for a family walk.
trip_fdce694ff9a7_00028_leg_001,trip_fdce694ff9a7_00028,1,2026-01-17T10:00:00,2026-01-17T10:05:00,walking,Home,Bus Stop,0.4,5,False,none,Walk to the nearest bus stop.
trip_fdce694ff9a7_00028_leg_002,trip_fdce694ff9a7_00028,2,2026-01-17T10:05:00,2026-01-17T10:20:00,bus,Bus Stop,Sports Club Stop,5.0,15,True,monthly_pass,Regional bus ride covered by monthly pass.
trip_fdce694ff9a7_00028_leg_003,trip_fdce694ff9a7_00028,3,2026-01-17T10:20:00,2026-01-17T10:30:00,walking,Sports Club Stop,Sports Club,0.4,10,False,none,Final walk to the sports club entrance.
trip_fdce694ff9a7_00029_leg_001,trip_fdce694ff9a7_00029,1,2026-01-18T07:10:00,2026-01-18T07:50:00,car,Home,Work (Passau Primary School),12.0,40,False,none,"Drive to work, dropping children at school on the way."
trip_fdce694ff9a7_00030_leg_001,trip_fdce694ff9a7_00030,1,2026-01-18T16:45:00,2026-01-18T17:25:00,car,Work,Home,12.0,40,False,none,Drive home directly after school day.
trip_fdce694ff9a7_00031_leg_001,trip_fdce694ff9a7_00031,1,2026-01-19T07:10:00,2026-01-19T07:50:00,car,Home,Work (Passau Primary School),12.0,40,False,none,"Drive to work, with school drop‑off."
trip_fdce694ff9a7_00032_leg_001,trip_fdce694ff9a7_00032,1,2026-01-19T16:45:00,2026-01-19T17:25:00,car,Work,Home,12.0,40,False,none,Drive home directly.
trip_fdce694ff9a7_00033_leg_001,trip_fdce694ff9a7_00033,1,2026-01-20T07:10:00,2026-01-20T07:50:00,car,Home,Work (Passau Primary School),12.0,40,False,none,"Drive to work, with children drop‑off."
trip_fdce694ff9a7_00034_leg_001,trip_fdce694ff9a7_00034,1,2026-01-20T16:45:00,2026-01-20T17:25:00,car,Work,Home,12.0,40,False,none,Drive home directly.
trip_fdce694ff9a7_00035_leg_001,trip_fdce694ff9a7_00035,1,2026-01-21T07:10:00,2026-01-21T07:50:00,car,Home,Work (Passau Primary School),12.0,40,False,none,"Drive to work, dropping children at school."
trip_fdce694ff9a7_00036_leg_001,trip_fdce694ff9a7_00036,1,2026-01-21T16:45:00,2026-01-21T17:25:00,car,Work,Home,12.0,40,False,none,Drive home directly.
trip_fdce694ff9a7_00037_leg_001,trip_fdce694ff9a7_00037,1,2026-01-22T07:30:00,2026-01-22T08:15:00,car,Home,Gymnasium Passau,12.0,45,False,none,"Drive family car, dropping children at primary school on the way to work."
trip_fdce694ff9a7_00038_leg_001,trip_fdce694ff9a7_00038,1,2026-01-22T16:00:00,2026-01-22T16:45:00,car,Gymnasium Passau,Home,12.0,45,False,none,Drive home after the school day.
trip_fdce694ff9a7_00039_leg_001,trip_fdce694ff9a7_00039,1,2026-01-23T07:30:00,2026-01-23T08:15:00,car,Home,Gymnasium Passau,12.0,45,False,none,"Drive to work, dropping children at school en route."
trip_fdce694ff9a7_00040_leg_001,trip_fdce694ff9a7_00040,1,2026-01-23T16:00:00,2026-01-23T16:45:00,car,Gymnasium Passau,Home,12.0,45,False,none,Drive home after work.
trip_fdce694ff9a7_00041_leg_001,trip_fdce694ff9a7_00041,1,2026-01-24T07:30:00,2026-01-24T08:15:00,car,Home,Gymnasium Passau,12.0,45,False,none,"Drive to work, children already at school."
trip_fdce694ff9a7_00042_leg_001,trip_fdce694ff9a7_00042,1,2026-01-24T16:00:00,2026-01-24T16:45:00,car,Gymnasium Passau,Home,12.0,45,False,none,Drive home after the school day.
trip_fdce694ff9a7_00043_leg_001,trip_fdce694ff9a7_00043,1,2026-01-25T07:30:00,2026-01-25T08:15:00,car,Home,Gymnasium Passau,12.0,45,False,none,Drive to work.
trip_fdce694ff9a7_00044_leg_001,trip_fdce694ff9a7_00044,1,2026-01-25T16:00:00,2026-01-25T16:45:00,car,Gymnasium Passau,Home,12.0,45,False,none,Drive home after work.
trip_fdce694ff9a7_00045_leg_001,trip_fdce694ff9a7_00045,1,2026-01-26T07:30:00,2026-01-26T08:15:00,car,Home,Gymnasium Passau,12.0,45,False,none,Drive to work.
trip_fdce694ff9a7_00046_leg_001,trip_fdce694ff9a7_00046,1,2026-01-26T16:00:00,2026-01-26T16:45:00,car,Gymnasium Passau,Home,12.0,45,False,none,Drive home after the Friday workday.
trip_fdce694ff9a7_00047_leg_001,trip_fdce694ff9a7_00047,1,2026-01-27T10:00:00,2026-01-27T10:05:00,walking,Home,Bus Stop Hauptstraße,0.4,5,False,none,Walk to the nearest bus stop.
trip_fdce694ff9a7_00047_leg_002,trip_fdce694ff9a7_00047,2,2026-01-27T10:07:00,2026-01-27T10:27:00,bus,Bus Stop Hauptstraße,Bus Stop Stadtpark,8.0,20,True,monthly_pass,"Take bus line 1 to the park stop, covered by monthly pass."
trip_fdce694ff9a7_00047_leg_003,trip_fdce694ff9a7_00047,3,2026-01-27T10:28:00,2026-01-27T10:35:00,walking,Bus Stop Stadtpark,Stadtpark Entrance,0.3,7,False,none,Short walk to the park entrance.
trip_fdce694ff9a7_00048_leg_001,trip_fdce694ff9a7_00048,1,2026-01-28T09:00:00,2026-01-28T09:05:00,walking,Home,Passau Hauptbahnhof,0.3,5,False,none,Walk to the main train station.
trip_fdce694ff9a7_00048_leg_002,trip_fdce694ff9a7_00048,2,2026-01-28T09:10:00,2026-01-28T12:10:00,regional_train,Passau Hauptbahnhof,Regensburg Hauptbahnhof,100.0,180,True,monthly_pass,"Regional train ride, covered by monthly pass."
trip_fdce694ff9a7_00048_leg_003,trip_fdce694ff9a7_00048,3,2026-01-28T12:10:00,2026-01-28T12:20:00,walking,Regensburg Hauptbahnhof,Relatives' House,0.8,10,False,none,Walk from the station to relatives' house.
trip_fdce694ff9a7_00049_leg_001,trip_fdce694ff9a7_00049,1,2026-01-29T07:12:00,2026-01-29T07:38:00,car,Home,St. Georg Gymnasium,12.0,26,False,none,"Drive from home, drop the children at primary school en route and continue to the secondary school where she works."
trip_fdce694ff9a7_00050_leg_001,trip_fdce694ff9a7_00050,1,2026-01-29T16:30:00,2026-01-29T16:55:00,car,St. Georg Gymnasium,Home,12.0,25,False,none,"Drive home, stopping at the primary school to collect the children."
trip_fdce694ff9a7_00051_leg_001,trip_fdce694ff9a7_00051,1,2026-01-30T07:15:00,2026-01-30T07:40:00,car,Home,St. Georg Gymnasium,12.0,25,False,none,"Drive from home, with a quick stop at the children’s primary school."
trip_fdce694ff9a7_00052_leg_001,trip_fdce694ff9a7_00052,1,2026-01-30T16:35:00,2026-01-30T17:00:00,car,St. Georg Gymnasium,Home,12.0,25,False,none,"Drive home, collecting the kids from primary school on the way."
trip_fdce694ff9a7_00053_leg_001,trip_fdce694ff9a7_00053,1,2026-01-31T10:00:00,2026-01-31T10:20:00,bike,Home,Stadtpark Passau,5.0,20,False,none,Bike directly from home to the city park for a family outing.
trip_fdce694ff9a7_00054_leg_001,trip_fdce694ff9a7_00054,1,2026-02-01T11:30:00,2026-02-01T11:35:00,walking,Home,Bus Stop Am Stadtpark,0.5,5,False,none,Walk to the nearest bus stop.
trip_fdce694ff9a7_00054_leg_002,trip_fdce694ff9a7_00054,2,2026-02-01T11:37:00,2026-02-01T11:57:00,bus,Bus Stop Am Stadtpark,Bus Stop City Centre,8.0,20,True,monthly_pass,"Take the regional bus to the city centre, covered by the monthly pass."
trip_fdce694ff9a7_00054_leg_003,trip_fdce694ff9a7_00054,3,2026-02-01T11:58:00,2026-02-01T12:02:00,walking,Bus Stop City Centre,City Centre Mall,0.3,4,False,none,Short walk from the bus stop to the shopping mall.
trip_fdce694ff9a7_00055_leg_001,trip_fdce694ff9a7_00055,1,2026-02-02T07:10:00,2026-02-02T07:35:00,car,Home,St. Georg Gymnasium,12.0,25,False,none,"Drive from home, dropping the children at primary school before reaching the workplace."
trip_fdce694ff9a7_00056_leg_001,trip_fdce694ff9a7_00056,1,2026-02-02T16:40:00,2026-02-02T17:05:00,car,St. Georg Gymnasium,Home,12.0,25,False,none,"Drive home, stopping at the primary school to collect the kids."
trip_fdce694ff9a7_00057_leg_001,trip_fdce694ff9a7_00057,1,2026-02-03T07:13:00,2026-02-03T07:38:00,car,Home,St. Georg Gymnasium,12.0,25,False,none,"Drive from home, with a brief stop at the children’s school."
trip_fdce694ff9a7_00058_leg_001,trip_fdce694ff9a7_00058,1,2026-02-03T16:45:00,2026-02-03T17:10:00,car,St. Georg Gymnasium,Home,12.0,25,False,none,"Drive home, collecting the kids at primary school."
trip_fdce694ff9a7_00059_leg_001,trip_fdce694ff9a7_00059,1,2026-02-04T07:11:00,2026-02-04T07:36:00,car,Home,St. Georg Gymnasium,12.0,25,False,none,"Drive from home, with a quick drop‑off at the children’s primary school."
trip_fdce694ff9a7_00060_leg_001,trip_fdce694ff9a7_00060,1,2026-02-04T16:50:00,2026-02-04T17:15:00,car,St. Georg Gymnasium,Home,12.0,25,False,none,"Drive home, stopping at the primary school to collect the kids."
trip_fdce694ff9a7_00061_leg_001,trip_fdce694ff9a7_00061,1,2026-02-05T07:02:00,2026-02-05T07:37:00,car,Schneider Residence,School Parking Lot,11.0,35,False,none,Drive from home to school parking.
trip_fdce694ff9a7_00061_leg_002,trip_fdce694ff9a7_00061,2,2026-02-05T07:37:00,2026-02-05T07:42:00,walking,School Parking Lot,Passau Primary School,0.5,5,False,none,Walk from parking to school entrance.
trip_fdce694ff9a7_00062_leg_001,trip_fdce694ff9a7_00062,1,2026-02-05T16:35:00,2026-02-05T16:40:00,walking,Passau Primary School,School Parking Lot,0.5,5,False,none,Walk from school to parking area.
trip_fdce694ff9a7_00062_leg_002,trip_fdce694ff9a7_00062,2,2026-02-05T16:40:00,2026-02-05T17:15:00,car,School Parking Lot,Schneider Residence,11.0,35,False,none,Drive home.
trip_fdce694ff9a7_00063_leg_001,trip_fdce694ff9a7_00063,1,2026-02-06T07:03:00,2026-02-06T07:38:00,car,Schneider Residence,School Parking Lot,11.0,35,False,none,Drive to school parking.
trip_fdce694ff9a7_00063_leg_002,trip_fdce694ff9a7_00063,2,2026-02-06T07:38:00,2026-02-06T07:43:00,walking,School Parking Lot,Passau Primary School,0.5,5,False,none,Walk to school entrance.
trip_fdce694ff9a7_00064_leg_001,trip_fdce694ff9a7_00064,1,2026-02-06T16:35:00,2026-02-06T16:40:00,walking,Passau Primary School,School Parking Lot,0.5,5,False,none,Walk to parking.
trip_fdce694ff9a7_00064_leg_002,trip_fdce694ff9a7_00064,2,2026-02-06T16:40:00,2026-02-06T17:15:00,car,School Parking Lot,Schneider Residence,11.0,35,False,none,Drive home.
trip_fdce694ff9a7_00065_leg_001,trip_fdce694ff9a7_00065,1,2026-02-07T07:05:00,2026-02-07T07:10:00,walking,Schneider Residence,Bus Stop Hauptstraße,0.3,5,False,none,Walk to the bus stop.
trip_fdce694ff9a7_00065_leg_002,trip_fdce694ff9a7_00065,2,2026-02-07T07:10:00,2026-02-07T07:45:00,bus,Bus Stop Hauptstraße,School Bus Stop,10.0,35,True,monthly_pass,Regional bus ride to school vicinity.
trip_fdce694ff9a7_00065_leg_003,trip_fdce694ff9a7_00065,3,2026-02-07T07:45:00,2026-02-07T07:50:00,walking,School Bus Stop,Passau Primary School,0.3,5,False,none,Walk from bus stop to school entrance.
trip_fdce694ff9a7_00066_leg_001,trip_fdce694ff9a7_00066,1,2026-02-07T16:35:00,2026-02-07T16:40:00,walking,Passau Primary School,School Parking Lot,0.5,5,False,none,Walk to parking.
trip_fdce694ff9a7_00066_leg_002,trip_fdce694ff9a7_00066,2,2026-02-07T16:40:00,2026-02-07T17:15:00,car,School Parking Lot,Schneider Residence,11.0,35,False,none,Drive home.
trip_fdce694ff9a7_00067_leg_001,trip_fdce694ff9a7_00067,1,2026-02-08T07:03:00,2026-02-08T07:38:00,car,Schneider Residence,School Parking Lot,11.0,35,False,none,Drive to school parking.
trip_fdce694ff9a7_00067_leg_002,trip_fdce694ff9a7_00067,2,2026-02-08T07:38:00,2026-02-08T07:43:00,walking,School Parking Lot,Passau Primary School,0.5,5,False,none,Walk to school entrance.
trip_fdce694ff9a7_00068_leg_001,trip_fdce694ff9a7_00068,1,2026-02-08T16:35:00,2026-02-08T16:40:00,walking,Passau Primary School,School Parking Lot,0.5,5,False,none,Walk to parking.
trip_fdce694ff9a7_00068_leg_002,trip_fdce694ff9a7_00068,2,2026-02-08T16:40:00,2026-02-08T17:15:00,car,School Parking Lot,Schneider Residence,11.0,35,False,none,Drive home.
trip_fdce694ff9a7_00069_leg_001,trip_fdce694ff9a7_00069,1,2026-02-09T07:02:00,2026-02-09T07:37:00,car,Schneider Residence,School Parking Lot,11.0,35,False,none,Drive to school parking.
trip_fdce694ff9a7_00069_leg_002,trip_fdce694ff9a7_00069,2,2026-02-09T07:37:00,2026-02-09T07:42:00,walking,School Parking Lot,Passau Primary School,0.5,5,False,none,Walk to school entrance.
trip_fdce694ff9a7_00070_leg_001,trip_fdce694ff9a7_00070,1,2026-02-09T16:35:00,2026-02-09T16:40:00,walking,Passau Primary School,School Parking Lot,0.5,5,False,none,Walk to parking.
trip_fdce694ff9a7_00070_leg_002,trip_fdce694ff9a7_00070,2,2026-02-09T16:40:00,2026-02-09T17:15:00,car,School Parking Lot,Schneider Residence,11.0,35,False,none,Drive home.
trip_fdce694ff9a7_00071_leg_001,trip_fdce694ff9a7_00071,1,2026-02-10T10:00:00,2026-02-10T10:25:00,car,Schneider Residence,Park Parking Lot,8.0,25,False,none,Drive to park parking.
trip_fdce694ff9a7_00071_leg_002,trip_fdce694ff9a7_00071,2,2026-02-10T10:25:00,2026-02-10T10:30:00,walking,Park Parking Lot,Stadtpark Passau,0.5,5,False,none,Walk to park entrance.
trip_fdce694ff9a7_00072_leg_001,trip_fdce694ff9a7_00072,1,2026-02-10T15:00:00,2026-02-10T15:05:00,walking,Stadtpark Passau,Park Parking Lot,0.5,5,False,none,Walk to parking lot.
trip_fdce694ff9a7_00072_leg_002,trip_fdce694ff9a7_00072,2,2026-02-10T15:05:00,2026-02-10T15:30:00,car,Park Parking Lot,Schneider Residence,8.0,25,False,none,Drive home.
trip_fdce694ff9a7_00073_leg_001,trip_fdce694ff9a7_00073,1,2026-02-12T09:30:00,2026-02-12T09:45:00,car,Schneider Residence,Stadtpark Passau,5.0,15,False,none,Drive to the city park for a family walk.
trip_fdce694ff9a7_00074_leg_001,trip_fdce694ff9a7_00074,1,2026-02-12T12:30:00,2026-02-12T12:45:00,car,Stadtpark Passau,Schneider Residence,5.0,15,False,none,Drive back home from the park.
trip_fdce694ff9a7_00075_leg_001,trip_fdce694ff9a7_00075,1,2026-02-14T07:10:00,2026-02-14T07:35:00,car,Schneider Residence,Städtische Grundschule,8.0,25,False,none,"Drive from home, drop children at primary school, continue to workplace."
trip_fdce694ff9a7_00076_leg_001,trip_fdce694ff9a7_00076,1,2026-02-14T16:45:00,2026-02-14T17:10:00,car,Städtische Grundschule,Schneider Residence,8.0,25,False,none,Drive from school back home.
trip_fdce694ff9a7_00077_leg_001,trip_fdce694ff9a7_00077,1,2026-02-15T07:10:00,2026-02-15T07:35:00,car,Schneider Residence,Städtische Grundschule,8.0,25,False,none,"Drive to work, dropping children on the way."
trip_fdce694ff9a7_00078_leg_001,trip_fdce694ff9a7_00078,1,2026-02-15T16:45:00,2026-02-15T17:10:00,car,Städtische Grundschule,Schneider Residence,8.0,25,False,none,Drive back home after work.
trip_fdce694ff9a7_00079_leg_001,trip_fdce694ff9a7_00079,1,2026-02-16T07:10:00,2026-02-16T07:35:00,car,Schneider Residence,Städtische Grundschule,8.0,25,False,none,"Drive to work, with school drop‑off."
trip_fdce694ff9a7_00080_leg_001,trip_fdce694ff9a7_00080,1,2026-02-16T16:45:00,2026-02-16T17:10:00,car,Städtische Grundschule,Schneider Residence,8.0,25,False,none,Drive back home.
trip_fdce694ff9a7_00081_leg_001,trip_fdce694ff9a7_00081,1,2026-02-17T07:10:00,2026-02-17T07:35:00,car,Schneider Residence,Städtische Grundschule,8.0,25,False,none,"Drive to work, dropping children en route."
trip_fdce694ff9a7_00082_leg_001,trip_fdce694ff9a7_00082,1,2026-02-17T16:45:00,2026-02-17T17:10:00,car,Städtische Grundschule,Schneider Residence,8.0,25,False,none,Drive back home.
trip_fdce694ff9a7_00083_leg_001,trip_fdce694ff9a7_00083,1,2026-02-18T07:10:00,2026-02-18T07:35:00,car,Schneider Residence,Städtische Grundschule,8.0,25,False,none,"Drive to work, dropping children on the way."
trip_fdce694ff9a7_00084_leg_001,trip_fdce694ff9a7_00084,1,2026-02-18T16:45:00,2026-02-18T17:10:00,car,Städtische Grundschule,Schneider Residence,8.0,25,False,none,Drive back home.
trip_fdce694ff9a7_00085_leg_001,trip_fdce694ff9a7_00085,1,2026-02-19T07:15:00,2026-02-19T07:45:00,car,Schneider Residence,St. Michael Primary School,12.0,30,False,none,"Drive from home, drop kids at school and continue to work."
trip_fdce694ff9a7_00086_leg_001,trip_fdce694ff9a7_00086,1,2026-02-19T16:00:00,2026-02-19T16:30:00,car,St. Michael Primary School,Schneider Residence,12.0,30,False,none,Drive home directly after the school day.
trip_fdce694ff9a7_00087_leg_001,trip_fdce694ff9a7_00087,1,2026-02-20T07:10:00,2026-02-20T07:40:00,car,Schneider Residence,St. Michael Primary School,12.0,30,False,none,Morning drive with children.
trip_fdce694ff9a7_00088_leg_001,trip_fdce694ff9a7_00088,1,2026-02-20T16:05:00,2026-02-20T16:35:00,car,St. Michael Primary School,Schneider Residence,12.0,30,False,none,Drive home after Friday.
trip_fdce694ff9a7_00089_leg_001,trip_fdce694ff9a7_00089,1,2026-02-21T09:00:00,2026-02-21T09:25:00,bike,Schneider Residence,Stadtpark Passau,5.0,25,False,none,Bike ride to the city park.
trip_fdce694ff9a7_00090_leg_001,trip_fdce694ff9a7_00090,1,2026-02-21T13:00:00,2026-02-21T13:05:00,walking,Stadtpark Passau,Bus Stop Parkside,0.3,5,False,none,Walk to the nearest bus stop.
trip_fdce694ff9a7_00090_leg_002,trip_fdce694ff9a7_00090,2,2026-02-21T13:05:00,2026-02-21T13:30:00,bus,Bus Stop Parkside,Sports Club Stop,6.0,25,True,monthly_pass,Regional bus ride covered by monthly pass.
trip_fdce694ff9a7_00090_leg_003,trip_fdce694ff9a7_00090,3,2026-02-21T13:30:00,2026-02-21T13:35:00,walking,Sports Club Stop,Passau Sports Club,0.2,5,False,none,Short walk to the club entrance.
trip_fdce694ff9a7_00091_leg_001,trip_fdce694ff9a7_00091,1,2026-02-21T15:30:00,2026-02-21T16:00:00,car,Passau Sports Club,Schneider Residence,12.0,30,False,none,Drive home after the club.
trip_fdce694ff9a7_00092_leg_001,trip_fdce694ff9a7_00092,1,2026-02-22T11:00:00,2026-02-22T11:07:00,walking,Schneider Residence,Bus Stop Home,0.5,7,False,none,Walk to the nearest bus stop.
trip_fdce694ff9a7_00092_leg_002,trip_fdce694ff9a7_00092,2,2026-02-22T11:07:00,2026-02-22T11:30:00,bus,Bus Stop Home,Bus Stop City Center,8.0,23,True,monthly_pass,Regional bus covered by monthly pass.
trip_fdce694ff9a7_00092_leg_003,trip_fdce694ff9a7_00092,3,2026-02-22T11:30:00,2026-02-22T11:35:00,walking,Bus Stop City Center,Passau City Center Mall,0.5,5,False,none,Short walk to the mall.
trip_fdce694ff9a7_00093_leg_001,trip_fdce694ff9a7_00093,1,2026-02-23T07:12:00,2026-02-23T07:42:00,car,Schneider Residence,St. Michael Primary School,12.0,30,False,none,Morning drive.
trip_fdce694ff9a7_00094_leg_001,trip_fdce694ff9a7_00094,1,2026-02-23T18:00:00,2026-02-23T18:05:00,walking,St. Michael Primary School,Bus Stop School,0.3,5,False,none,Walk to the bus stop.
trip_fdce694ff9a7_00094_leg_002,trip_fdce694ff9a7_00094,2,2026-02-23T18:05:00,2026-02-23T18:30:00,bus,Bus Stop School,Bus Stop Supermarket,7.0,25,True,monthly_pass,Bus ride to supermarket area.
trip_fdce694ff9a7_00094_leg_003,trip_fdce694ff9a7_00094,3,2026-02-23T18:30:00,2026-02-23T18:35:00,walking,Bus Stop Supermarket,Local Supermarket,0.2,5,False,none,Short walk to the store.
trip_fdce694ff9a7_00095_leg_001,trip_fdce694ff9a7_00095,1,2026-02-24T07:15:00,2026-02-24T07:45:00,car,Schneider Residence,St. Michael Primary School,12.0,30,False,none,Morning drive.
trip_fdce694ff9a7_00096_leg_001,trip_fdce694ff9a7_00096,1,2026-02-25T08:00:00,2026-02-25T08:07:00,walking,Schneider Residence,Passau Train Station,0.4,7,False,none,Walk to the regional train station.
trip_fdce694ff9a7_00096_leg_002,trip_fdce694ff9a7_00096,2,2026-02-25T08:07:00,2026-02-25T09:30:00,regional_train,Passau Train Station,Regensburg Hauptbahnhof,100.0,83,True,monthly_pass,"Regional train to Regensburg, covered by monthly pass."
trip_fdce694ff9a7_00096_leg_003,trip_fdce694ff9a7_00096,3,2026-02-25T09:30:00,2026-02-25T09:35:00,walking,Regensburg Hauptbahnhof,Schneider Family Home,0.4,5,False,none,Short walk to relatives' house.
trip_fdce694ff9a7_00096_leg_004,trip_fdce694ff9a7_00096,4,2026-02-25T17:30:00,2026-02-25T19:00:00,regional_train,Regensburg Hauptbahnhof,Passau Train Station,100.0,85,True,monthly_pass,Return regional train to Passau.
trip_fdce694ff9a7_00096_leg_005,trip_fdce694ff9a7_00096,5,2026-02-25T19:00:00,2026-02-25T19:05:00,walking,Passau Train Station,Schneider Residence,0.4,5,False,none,Walk home from the station.
trip_fdce694ff9a7_00097_leg_001,trip_fdce694ff9a7_00097,1,2026-02-26T07:20:00,2026-02-26T08:05:00,car,Schneider Residence,Gymnasium Passau,12.0,45,False,none,"Direct drive from home to school, avoiding parking hassle."
trip_fdce694ff9a7_00098_leg_001,trip_fdce694ff9a7_00098,1,2026-02-26T16:00:00,2026-02-26T16:05:00,walking,Gymnasium Passau,Work Bus Stop,0.3,5,False,none,Walk from school to nearby bus stop.
trip_fdce694ff9a7_00098_leg_002,trip_fdce694ff9a7_00098,2,2026-02-26T16:05:00,2026-02-26T16:35:00,bus,Work Bus Stop,Passau Central Bus Stop,10.0,30,True,monthly_pass,Regional bus ride home using monthly pass.
trip_fdce694ff9a7_00098_leg_003,trip_fdce694ff9a7_00098,3,2026-02-26T16:35:00,2026-02-26T16:40:00,walking,Passau Central Bus Stop,Schneider Residence,0.3,5,False,none,Short walk from bus stop to home.
trip_fdce694ff9a7_00099_leg_001,trip_fdce694ff9a7_00099,1,2026-02-27T07:25:00,2026-02-27T08:10:00,car,Schneider Residence,Gymnasium Passau,12.0,45,False,none,Drive to work.
trip_fdce694ff9a7_00100_leg_001,trip_fdce694ff9a7_00100,1,2026-02-27T16:30:00,2026-02-27T17:15:00,car,Gymnasium Passau,Schneider Residence,12.0,45,False,none,Drive home after work.
trip_fdce694ff9a7_00101_leg_001,trip_fdce694ff9a7_00101,1,2026-02-28T09:00:00,2026-02-28T09:45:00,car,Schneider Residence,Stadtpark Passau,12.0,45,False,none,Drive to the city park.
trip_fdce694ff9a7_00102_leg_001,trip_fdce694ff9a7_00102,1,2026-02-28T12:30:00,2026-02-28T13:15:00,car,Stadtpark Passau,Schneider Residence,12.0,45,False,none,Drive back home.
trip_fdce694ff9a7_00103_leg_001,trip_fdce694ff9a7_00103,1,2026-03-02T07:20:00,2026-03-02T08:05:00,car,Schneider Residence,Gymnasium Passau,12.0,45,False,none,Drive to work.
trip_fdce694ff9a7_00104_leg_001,trip_fdce694ff9a7_00104,1,2026-03-02T16:10:00,2026-03-02T16:15:00,walking,Gymnasium Passau,Work Bus Stop,0.3,5,False,none,Walk to the bus stop.
trip_fdce694ff9a7_00104_leg_002,trip_fdce694ff9a7_00104,2,2026-03-02T16:15:00,2026-03-02T16:45:00,bus,Work Bus Stop,Passau Central Bus Stop,10.0,30,True,monthly_pass,Regional bus home using monthly pass.
trip_fdce694ff9a7_00104_leg_003,trip_fdce694ff9a7_00104,3,2026-03-02T16:45:00,2026-03-02T16:50:00,walking,Passau Central Bus Stop,Schneider Residence,0.3,5,False,none,Final walk home.
trip_fdce694ff9a7_00105_leg_001,trip_fdce694ff9a7_00105,1,2026-03-03T07:30:00,2026-03-03T08:15:00,car,Schneider Residence,Gymnasium Passau,12.0,45,False,none,Drive to work.
trip_fdce694ff9a7_00106_leg_001,trip_fdce694ff9a7_00106,1,2026-03-03T16:45:00,2026-03-03T17:30:00,car,Gymnasium Passau,Schneider Residence,12.0,45,False,none,Drive home.
trip_fdce694ff9a7_00107_leg_001,trip_fdce694ff9a7_00107,1,2026-03-04T07:20:00,2026-03-04T08:05:00,car,Schneider Residence,Gymnasium Passau,12.0,45,False,none,Drive to work.
trip_fdce694ff9a7_00108_leg_001,trip_fdce694ff9a7_00108,1,2026-03-04T16:30:00,2026-03-04T17:15:00,car,Gymnasium Passau,Schneider Residence,12.0,45,False,none,Drive home.
trip_fdce694ff9a7_00109_leg_001,trip_fdce694ff9a7_00109,1,2026-03-05T07:15:00,2026-03-05T07:45:00,car,Schneider Residence,Stadtschule Passau,12.0,30,False,none,"Drive from home to school, dropping children on the way."
trip_fdce694ff9a7_00110_leg_001,trip_fdce694ff9a7_00110,1,2026-03-05T16:30:00,2026-03-05T17:00:00,car,Stadtschule Passau,Schneider Residence,12.0,30,False,none,Drive home from school.
trip_fdce694ff9a7_00111_leg_001,trip_fdce694ff9a7_00111,1,2026-03-06T07:15:00,2026-03-06T07:45:00,car,Schneider Residence,Stadtschule Passau,12.0,30,False,none,"Drive to work, dropping children at primary school en route."
trip_fdce694ff9a7_00112_leg_001,trip_fdce694ff9a7_00112,1,2026-03-06T16:30:00,2026-03-06T17:00:00,car,Stadtschule Passau,Schneider Residence,12.0,30,False,none,Drive home from school.
trip_fdce694ff9a7_00113_leg_001,trip_fdce694ff9a7_00113,1,2026-03-07T09:30:00,2026-03-07T10:00:00,car,Schneider Residence,Stadtpark Passau,8.0,30,False,none,Drive to the city park.
trip_fdce694ff9a7_00113_leg_002,trip_fdce694ff9a7_00113,2,2026-03-07T13:00:00,2026-03-07T13:30:00,car,Stadtpark Passau,Schneider Residence,8.0,30,False,none,Drive back home after the park visit.
trip_fdce694ff9a7_00114_leg_001,trip_fdce694ff9a7_00114,1,2026-03-08T09:00:00,2026-03-08T09:05:00,walking,Schneider Residence,Passau Hauptbahnhof,0.3,5,False,none,Walk to the main train station.
trip_fdce694ff9a7_00114_leg_002,trip_fdce694ff9a7_00114,2,2026-03-08T09:10:00,2026-03-08T10:40:00,regional_train,Passau Hauptbahnhof,Regensburg Hauptbahnhof,100.0,90,True,monthly_pass,Regional train to Regensburg.
trip_fdce694ff9a7_00114_leg_003,trip_fdce694ff9a7_00114,3,2026-03-08T10:45:00,2026-03-08T10:55:00,walking,Regensburg Hauptbahnhof,Schneider Family Home,0.5,10,False,none,Walk to relatives' house.
trip_fdce694ff9a7_00114_leg_004,trip_fdce694ff9a7_00114,4,2026-03-08T15:45:00,2026-03-08T17:15:00,regional_train,Regensburg Hauptbahnhof,Passau Hauptbahnhof,100.0,90,True,monthly_pass,Return train to Passau.
trip_fdce694ff9a7_00114_leg_005,trip_fdce694ff9a7_00114,5,2026-03-08T17:20:00,2026-03-08T17:30:00,walking,Passau Hauptbahnhof,Schneider Residence,0.3,10,False,none,Walk home from the station.
trip_fdce694ff9a7_00115_leg_001,trip_fdce694ff9a7_00115,1,2026-03-09T07:15:00,2026-03-09T07:45:00,car,Schneider Residence,Stadtschule Passau,12.0,30,False,none,"Drive to work, dropping children at primary school."
trip_fdce694ff9a7_00116_leg_001,trip_fdce694ff9a7_00116,1,2026-03-09T16:30:00,2026-03-09T17:00:00,car,Stadtschule Passau,Schneider Residence,12.0,30,False,none,Drive home from school.
trip_fdce694ff9a7_00117_leg_001,trip_fdce694ff9a7_00117,1,2026-03-10T07:15:00,2026-03-10T07:45:00,car,Schneider Residence,Stadtschule Passau,12.0,30,False,none,"Drive to school, dropping kids en route."
trip_fdce694ff9a7_00118_leg_001,trip_fdce694ff9a7_00118,1,2026-03-10T16:30:00,2026-03-10T17:00:00,car,Stadtschule Passau,Schneider Residence,12.0,30,False,none,Drive home from school.
trip_fdce694ff9a7_00119_leg_001,trip_fdce694ff9a7_00119,1,2026-03-11T07:15:00,2026-03-11T07:45:00,car,Schneider Residence,Stadtschule Passau,12.0,30,False,none,"Drive to work, dropping children at primary school."
trip_fdce694ff9a7_00120_leg_001,trip_fdce694ff9a7_00120,1,2026-03-11T16:30:00,2026-03-11T17:00:00,car,Stadtschule Passau,Schneider Residence,12.0,30,False,none,Drive home from school.
trip_fdce694ff9a7_00121_leg_001,trip_fdce694ff9a7_00121,1,2026-03-12T09:00:00,2026-03-12T09:10:00,car,Schneider Residence,Stadtpark Passau,5.0,10,False,none,Drive directly from home to the city park.
trip_fdce694ff9a7_00122_leg_001,trip_fdce694ff9a7_00122,1,2026-03-12T12:30:00,2026-03-12T12:40:00,car,Stadtpark Passau,Schneider Residence,5.0,10,False,none,Drive back home from the park.
trip_fdce694ff9a7_00123_leg_001,trip_fdce694ff9a7_00123,1,2026-03-12T16:00:00,2026-03-12T16:05:00,walking,Schneider Residence,Bus Stop Hauptstraße,0.4,5,False,none,Walk to the nearest bus stop.
trip_fdce694ff9a7_00123_leg_002,trip_fdce694ff9a7_00123,2,2026-03-12T16:05:00,2026-03-12T16:20:00,bus,Bus Stop Hauptstraße,Bus Stop Stadtmitte,8.0,15,True,monthly_pass,Regional bus ride to city centre.
trip_fdce694ff9a7_00123_leg_003,trip_fdce694ff9a7_00123,3,2026-03-12T16:20:00,2026-03-12T16:25:00,walking,Bus Stop Stadtmitte,Passau City Center Mall,0.3,5,False,none,Short walk to the shopping mall.
trip_fdce694ff9a7_00124_leg_001,trip_fdce694ff9a7_00124,1,2026-03-12T18:30:00,2026-03-12T18:35:00,walking,Passau City Center Mall,Bus Stop Stadtmitte,0.3,5,False,none,Walk to the bus stop.
trip_fdce694ff9a7_00124_leg_002,trip_fdce694ff9a7_00124,2,2026-03-12T18:35:00,2026-03-12T18:50:00,bus,Bus Stop Stadtmitte,Bus Stop Hauptstraße,8.0,15,True,monthly_pass,Bus back towards residential area.
trip_fdce694ff9a7_00124_leg_003,trip_fdce694ff9a7_00124,3,2026-03-12T18:50:00,2026-03-12T18:55:00,walking,Bus Stop Hauptstraße,Schneider Residence,0.4,5,False,none,Final walk home.
trip_fdce694ff9a7_00125_leg_001,trip_fdce694ff9a7_00125,1,2026-03-13T08:30:00,2026-03-13T08:42:00,bike,Schneider Residence,Passau Sports Club,3.0,12,False,none,Bike ride to the local sports club.
trip_fdce694ff9a7_00126_leg_001,trip_fdce694ff9a7_00126,1,2026-03-13T10:30:00,2026-03-13T10:42:00,bike,Passau Sports Club,Schneider Residence,3.0,12,False,none,Bike ride back home.
trip_fdce694ff9a7_00127_leg_001,trip_fdce694ff9a7_00127,1,2026-03-13T13:00:00,2026-03-13T13:05:00,walking,Schneider Residence,Passau Hauptbahnhof,0.5,5,False,none,Walk to the main train station.
trip_fdce694ff9a7_00127_leg_002,trip_fdce694ff9a7_00127,2,2026-03-13T13:05:00,2026-03-13T13:35:00,regional_train,Passau Hauptbahnhof,Relatives' Station,30.0,30,True,monthly_pass,Regional train to relatives' town.
trip_fdce694ff9a7_00127_leg_003,trip_fdce694ff9a7_00127,3,2026-03-13T13:35:00,2026-03-13T13:40:00,walking,Relatives' Station,Relatives' House,0.5,5,False,none,Short walk to the relatives' house.
trip_fdce694ff9a7_00128_leg_001,trip_fdce694ff9a7_00128,1,2026-03-13T15:30:00,2026-03-13T15:35:00,walking,Relatives' House,Relatives' Station,0.5,5,False,none,Walk to the station.
trip_fdce694ff9a7_00128_leg_002,trip_fdce694ff9a7_00128,2,2026-03-13T15:35:00,2026-03-13T16:05:00,regional_train,Relatives' Station,Passau Hauptbahnhof,30.0,30,True,monthly_pass,Train back to Passau.
trip_fdce694ff9a7_00128_leg_003,trip_fdce694ff9a7_00128,3,2026-03-13T16:05:00,2026-03-13T16:10:00,walking,Passau Hauptbahnhof,Schneider Residence,0.5,5,False,none,Final walk home.
trip_fdce694ff9a7_00129_leg_001,trip_fdce694ff9a7_00129,1,2026-03-14T07:15:00,2026-03-14T07:20:00,car,Schneider Residence,Kids' Primary School,2.0,5,False,none,Drive to drop children at school.
trip_fdce694ff9a7_00129_leg_002,trip_fdce694ff9a7_00129,2,2026-03-14T07:20:00,2026-03-14T07:27:00,car,Kids' Primary School,Local Primary School (Work),3.0,7,False,none,Continue to workplace.
trip_fdce694ff9a7_00130_leg_001,trip_fdce694ff9a7_00130,1,2026-03-14T15:30:00,2026-03-14T15:37:00,car,Local Primary School (Work),Kids' Primary School,3.0,7,False,none,Drive to pick up children.
trip_fdce694ff9a7_00130_leg_002,trip_fdce694ff9a7_00130,2,2026-03-14T15:37:00,2026-03-14T15:42:00,car,Kids' Primary School,Schneider Residence,2.0,5,False,none,Drive home.
trip_fdce694ff9a7_00131_leg_001,trip_fdce694ff9a7_00131,1,2026-03-15T07:10:00,2026-03-15T07:15:00,car,Schneider Residence,Kids' Primary School,2.0,5,False,none,Drive to drop children.
trip_fdce694ff9a7_00131_leg_002,trip_fdce694ff9a7_00131,2,2026-03-15T07:15:00,2026-03-15T07:22:00,car,Kids' Primary School,Local Primary School (Work),3.0,7,False,none,Continue to workplace.
trip_fdce694ff9a7_00132_leg_001,trip_fdce694ff9a7_00132,1,2026-03-15T15:45:00,2026-03-15T15:52:00,car,Local Primary School (Work),Kids' Primary School,3.0,7,False,none,Drive to pick up children.
trip_fdce694ff9a7_00132_leg_002,trip_fdce694ff9a7_00132,2,2026-03-15T15:52:00,2026-03-15T15:57:00,car,Kids' Primary School,Schneider Residence,2.0,5,False,none,Final leg home.
trip_fdce694ff9a7_00133_leg_001,trip_fdce694ff9a7_00133,1,2026-03-19T09:30:00,2026-03-19T09:45:00,car,Home,Park Entrance,8.0,15,False,none,Drive to the park entrance.
trip_fdce694ff9a7_00133_leg_002,trip_fdce694ff9a7_00133,2,2026-03-19T09:45:00,2026-03-19T09:52:00,walking,Park Entrance,Park Area,0.5,7,False,none,Walk to the picnic spot.
trip_fdce694ff9a7_00134_leg_001,trip_fdce694ff9a7_00134,1,2026-03-20T14:00:00,2026-03-20T14:05:00,walking,Home,Bus Stop B,0.4,5,False,none,Walk to the bus stop.
trip_fdce694ff9a7_00134_leg_002,trip_fdce694ff9a7_00134,2,2026-03-20T14:05:00,2026-03-20T14:17:00,bus,Bus Stop B,City Center Stop,6.0,12,True,monthly_pass,Regional bus to the city centre.
trip_fdce694ff9a7_00134_leg_003,trip_fdce694ff9a7_00134,3,2026-03-20T14:17:00,2026-03-20T14:21:00,walking,City Center Stop,Mall Entrance,0.3,4,False,none,Walk to the shopping mall.
trip_fdce694ff9a7_00135_leg_001,trip_fdce694ff9a7_00135,1,2026-03-21T07:15:00,2026-03-21T07:25:00,car,Home,School Parking,5.0,10,False,none,Drive from home to the primary school parking area.
trip_fdce694ff9a7_00135_leg_002,trip_fdce694ff9a7_00135,2,2026-03-21T07:25:00,2026-03-21T07:27:00,walking,School Parking,School Entrance,0.2,2,False,none,Walk to drop the children at the primary school.
trip_fdce694ff9a7_00135_leg_003,trip_fdce694ff9a7_00135,3,2026-03-21T07:27:00,2026-03-21T07:39:00,car,School Entrance,Work Parking,6.0,12,False,none,Continue driving to the school where Anna works.
trip_fdce694ff9a7_00135_leg_004,trip_fdce694ff9a7_00135,4,2026-03-21T07:39:00,2026-03-21T07:42:00,walking,Work Parking,Work Office,0.3,3,False,none,Walk from the parking lot to the classroom.
trip_fdce694ff9a7_00136_leg_001,trip_fdce694ff9a7_00136,1,2026-03-21T16:30:00,2026-03-21T16:33:00,walking,Work Office,Work Parking,0.3,3,False,none,Walk to the car.
trip_fdce694ff9a7_00136_leg_002,trip_fdce694ff9a7_00136,2,2026-03-21T16:33:00,2026-03-21T16:53:00,car,Work Parking,Home,11.0,20,False,none,Drive home.
trip_fdce694ff9a7_00137_leg_001,trip_fdce694ff9a7_00137,1,2026-03-22T07:15:00,2026-03-22T07:25:00,car,Home,School Parking,5.0,10,False,none,Drive to the primary school.
trip_fdce694ff9a7_00137_leg_002,trip_fdce694ff9a7_00137,2,2026-03-22T07:25:00,2026-03-22T07:27:00,walking,School Parking,School Entrance,0.2,2,False,none,Walk to drop the children.
trip_fdce694ff9a7_00137_leg_003,trip_fdce694ff9a7_00137,3,2026-03-22T07:27:00,2026-03-22T07:39:00,car,School Entrance,Work Parking,6.0,12,False,none,Continue to the workplace.
trip_fdce694ff9a7_00137_leg_004,trip_fdce694ff9a7_00137,4,2026-03-22T07:39:00,2026-03-22T07:42:00,walking,Work Parking,Work Office,0.3,3,False,none,Walk to the classroom.
trip_fdce694ff9a7_00138_leg_001,trip_fdce694ff9a7_00138,1,2026-03-22T16:30:00,2026-03-22T16:33:00,walking,Work Office,Work Parking,0.3,3,False,none,Walk to the car.
trip_fdce694ff9a7_00138_leg_002,trip_fdce694ff9a7_00138,2,2026-03-22T16:33:00,2026-03-22T16:53:00,car,Work Parking,Home,11.0,20,False,none,Drive home.
trip_fdce694ff9a7_00139_leg_001,trip_fdce694ff9a7_00139,1,2026-03-23T07:20:00,2026-03-23T07:24:00,walking,Home,Bus Stop A,0.3,4,False,none,Walk to the nearest bus stop.
trip_fdce694ff9a7_00139_leg_002,trip_fdce694ff9a7_00139,2,2026-03-23T07:24:00,2026-03-23T07:36:00,bus,Bus Stop A,School Bus Stop,5.0,12,True,monthly_pass,Regional bus to the primary school stop.
trip_fdce694ff9a7_00139_leg_003,trip_fdce694ff9a7_00139,3,2026-03-23T07:36:00,2026-03-23T07:39:00,walking,School Bus Stop,School Entrance,0.2,3,False,none,Walk to drop the children.
trip_fdce694ff9a7_00139_leg_004,trip_fdce694ff9a7_00139,4,2026-03-23T07:39:00,2026-03-23T07:54:00,bus,School Bus Stop,Work Bus Stop,6.0,15,True,monthly_pass,Bus from school area to the work stop.
trip_fdce694ff9a7_00139_leg_005,trip_fdce694ff9a7_00139,5,2026-03-23T07:54:00,2026-03-23T07:57:00,walking,Work Bus Stop,Work Office,0.3,3,False,none,Final walk to the classroom.
trip_fdce694ff9a7_00140_leg_001,trip_fdce694ff9a7_00140,1,2026-03-23T16:30:00,2026-03-23T16:33:00,walking,Work Office,Work Parking,0.3,3,False,none,Walk to the car.
trip_fdce694ff9a7_00140_leg_002,trip_fdce694ff9a7_00140,2,2026-03-23T16:33:00,2026-03-23T16:53:00,car,Work Parking,Home,11.0,20,False,none,Drive home.
trip_fdce694ff9a7_00141_leg_001,trip_fdce694ff9a7_00141,1,2026-03-24T07:15:00,2026-03-24T07:25:00,car,Home,School Parking,5.0,10,False,none,Drive to the primary school.
trip_fdce694ff9a7_00141_leg_002,trip_fdce694ff9a7_00141,2,2026-03-24T07:25:00,2026-03-24T07:27:00,walking,School Parking,School Entrance,0.2,2,False,none,Walk to drop children.
trip_fdce694ff9a7_00141_leg_003,trip_fdce694ff9a7_00141,3,2026-03-24T07:27:00,2026-03-24T07:39:00,car,School Entrance,Work Parking,6.0,12,False,none,Continue to the workplace.
trip_fdce694ff9a7_00141_leg_004,trip_fdce694ff9a7_00141,4,2026-03-24T07:39:00,2026-03-24T07:42:00,walking,Work Parking,Work Office,0.3,3,False,none,Walk to the classroom.
trip_fdce694ff9a7_00142_leg_001,trip_fdce694ff9a7_00142,1,2026-03-24T16:30:00,2026-03-24T16:33:00,walking,Work Office,Work Parking,0.3,3,False,none,Walk to the car.
trip_fdce694ff9a7_00142_leg_002,trip_fdce694ff9a7_00142,2,2026-03-24T16:33:00,2026-03-24T16:53:00,car,Work Parking,Home,11.0,20,False,none,Drive home.
trip_fdce694ff9a7_00143_leg_001,trip_fdce694ff9a7_00143,1,2026-03-25T07:15:00,2026-03-25T07:25:00,car,Home,School Parking,5.0,10,False,none,Drive to the primary school.
trip_fdce694ff9a7_00143_leg_002,trip_fdce694ff9a7_00143,2,2026-03-25T07:25:00,2026-03-25T07:27:00,walking,School Parking,School Entrance,0.2,2,False,none,Walk to drop children.
trip_fdce694ff9a7_00143_leg_003,trip_fdce694ff9a7_00143,3,2026-03-25T07:27:00,2026-03-25T07:39:00,car,School Entrance,Work Parking,6.0,12,False,none,Continue to the workplace.
trip_fdce694ff9a7_00143_leg_004,trip_fdce694ff9a7_00143,4,2026-03-25T07:39:00,2026-03-25T07:42:00,walking,Work Parking,Work Office,0.3,3,False,none,Walk to the classroom.
trip_fdce694ff9a7_00144_leg_001,trip_fdce694ff9a7_00144,1,2026-03-25T16:30:00,2026-03-25T16:33:00,walking,Work Office,Work Parking,0.3,3,False,none,Walk to the car.
trip_fdce694ff9a7_00144_leg_002,trip_fdce694ff9a7_00144,2,2026-03-25T16:33:00,2026-03-25T16:53:00,car,Work Parking,Home,11.0,20,False,none,Drive home.
trip_fdce694ff9a7_00145_leg_001,trip_fdce694ff9a7_00145,1,2026-03-26T07:15:00,2026-03-26T07:40:00,car,Schneider Residence,Städtische Grundschule,12.0,25,False,none,"Drives directly from home to the school, parking in the staff lot."
trip_fdce694ff9a7_00146_leg_001,trip_fdce694ff9a7_00146,1,2026-03-26T15:30:00,2026-03-26T15:55:00,car,Städtische Grundschule,Schneider Residence,12.0,25,False,none,"Drives home, using the same staff parking area."
trip_fdce694ff9a7_00147_leg_001,trip_fdce694ff9a7_00147,1,2026-03-27T07:10:00,2026-03-27T07:17:00,walking,Schneider Residence,Bus Stop Hauptstraße,0.5,7,False,none,Walks to the nearest bus stop.
trip_fdce694ff9a7_00147_leg_002,trip_fdce694ff9a7_00147,2,2026-03-27T07:22:00,2026-03-27T07:42:00,bus,Bus Stop Hauptstraße,Bus Stop Schulweg,10.0,20,True,monthly_pass,"Regional bus line 801, covered by monthly pass."
trip_fdce694ff9a7_00147_leg_003,trip_fdce694ff9a7_00147,3,2026-03-27T07:42:00,2026-03-27T07:48:00,walking,Bus Stop Schulweg,Städtische Grundschule,0.5,6,False,none,Final short walk to the school.
trip_fdce694ff9a7_00148_leg_001,trip_fdce694ff9a7_00148,1,2026-03-27T16:00:00,2026-03-27T16:30:00,car,Städtische Grundschule,Schneider Residence,12.0,30,False,none,"Drives home, taking the usual route."
trip_fdce694ff9a7_00149_leg_001,trip_fdce694ff9a7_00149,1,2026-03-28T10:00:00,2026-03-28T10:18:00,car,Schneider Residence,Park Parking Lot,8.0,18,False,none,Car ride to the park's parking area.
trip_fdce694ff9a7_00149_leg_002,trip_fdce694ff9a7_00149,2,2026-03-28T10:18:00,2026-03-28T10:21:00,walking,Park Parking Lot,Stadtpark Passau,0.2,3,False,none,Short walk from the car to the park entrance.
trip_fdce694ff9a7_00150_leg_001,trip_fdce694ff9a7_00150,1,2026-03-29T14:00:00,2026-03-29T14:12:00,car,Schneider Residence,Passau Hauptbahnhof Parking,5.0,12,False,none,Drives to the main train station and parks.
trip_fdce694ff9a7_00150_leg_002,trip_fdce694ff9a7_00150,2,2026-03-29T14:12:00,2026-03-29T14:14:00,walking,Passau Hauptbahnhof Parking,Passau Hauptbahnhof Platform,0.2,2,False,none,Walks to the platform.
trip_fdce694ff9a7_00150_leg_003,trip_fdce694ff9a7_00150,3,2026-03-29T14:30:00,2026-03-29T15:15:00,regional_train,Passau Hauptbahnhof,Regensburg Hauptbahnhof,70.0,45,True,monthly_pass,Regional train covered by monthly pass.
trip_fdce694ff9a7_00150_leg_004,trip_fdce694ff9a7_00150,4,2026-03-29T15:15:00,2026-03-29T15:21:00,walking,Regensburg Hauptbahnhof,Schneider Relatives,0.5,6,False,none,Final walk to the relatives' house.
