leg_id,trip_id,user_id,user_subscription_id,leg_sequence_number,started_at,ended_at,duration_minutes,origin_label,origin_city,origin_postal_code,origin_country_code,destination_label,destination_city,destination_postal_code,destination_country_code,transport_mode,ticket_type,ticket_class,ticket_purchased_at,estimated_distance_km,estimated_cost_eur,reference_cost_eur,estimated_co2_emissions,is_access_leg,is_main_leg,is_egress_leg,is_transfer_leg,wait_time_minutes,transfer_count_before_leg
4f5cacfc-fc8d-56a8-bb73-04231701d048,c3f2ab5b-71e7-5ab4-af2c-81ca8c0ddb04,ce92d8e0-065e-589b-a60e-c692ef2d2ff9,ba56ce33-eff8-5209-b60c-5b07ec924531,1,2025-07-02 07:46:00+02:00,2025-07-02 08:01:00+02:00,15,home,Leipzig,,DE,office,Leipzig,,DE,regional_train,subscription,,,8.12,0.0,4.12,0.284,False,True,False,False,,0
28cb8a70-b626-5003-93f2-843e281d1414,4b996c2b-be29-5768-841d-7a363e0bd252,ce92d8e0-065e-589b-a60e-c692ef2d2ff9,ba56ce33-eff8-5209-b60c-5b07ec924531,1,2025-07-02 17:34:00+02:00,2025-07-02 17:49:00+02:00,15,office,Leipzig,,DE,home,Leipzig,,DE,regional_train,subscription,,,8.12,0.0,4.12,0.284,False,True,False,False,,0
d4a0f419-ab48-59ed-b5a5-660e1acd322d,c75849f0-9adf-5ed4-b8b1-7a14711cc40e,ce92d8e0-065e-589b-a60e-c692ef2d2ff9,b1d91745-0169-5eed-93b4-2ab7e2c0e4aa,1,2025-07-02 06:33:00+02:00,2025-07-02 08:41:00+02:00,128,home,Leipzig,,DE,client site,Frankfurt,,DE,long_distance_train,subscription,,,395.5,47.46,63.28,11.865,False,True,False,False,,0
9ea34ff8-f95d-536f-8c00-855b68430740,571d871e-3c76-5768-a8cd-987dd034db5c,ce92d8e0-065e-589b-a60e-c692ef2d2ff9,b1d91745-0169-5eed-93b4-2ab7e2c0e4aa,1,2025-07-02 17:20:00+02:00,2025-07-02 19:28:00+02:00,128,client site,Frankfurt,,DE,home,Leipzig,,DE,long_distance_train,subscription,,,395.5,47.46,63.28,11.865,False,True,False,False,,0
31a44183-967f-56aa-aa75-4217d3a7c2ec,312ca7a4-006a-590c-8690-d8350869f1f9,ce92d8e0-065e-589b-a60e-c692ef2d2ff9,ba56ce33-eff8-5209-b60c-5b07ec924531,1,2025-07-10 07:56:00+02:00,2025-07-10 08:13:00+02:00,17,home,Leipzig,,DE,office,Leipzig,,DE,regional_train,subscription,,,9.13,0.0,4.33,0.32,False,True,False,False,,0
168d279a-848b-5a1e-a3ef-fc40ede219e3,0b2e60f2-f227-552f-8506-a81283214771,ce92d8e0-065e-589b-a60e-c692ef2d2ff9,ba56ce33-eff8-5209-b60c-5b07ec924531,1,2025-07-10 17:32:00+02:00,2025-07-10 17:49:00+02:00,17,office,Leipzig,,DE,home,Leipzig,,DE,regional_train,subscription,,,9.13,0.0,4.33,0.32,False,True,False,False,,0
dcb64bc9-4751-5cc2-a648-6c5c77816a27,b6b82729-217f-52f6-aca3-93afa99ed718,ce92d8e0-065e-589b-a60e-c692ef2d2ff9,ba56ce33-eff8-5209-b60c-5b07ec924531,1,2025-07-13 13:00:00+02:00,2025-07-13 13:06:00+02:00,6,home,Leipzig,,DE,city center,Leipzig,,DE,public_transport,subscription,,,3.1,0.0,2.9,0.124,False,True,False,False,,0
63099084-531c-53af-86fb-ada0a179568c,bdd23709-d375-5601-b0df-7d8519ff0420,ce92d8e0-065e-589b-a60e-c692ef2d2ff9,ba56ce33-eff8-5209-b60c-5b07ec924531,1,2025-07-14 07:57:00+02:00,2025-07-14 08:13:00+02:00,16,home,Leipzig,,DE,office,Leipzig,,DE,regional_train,subscription,,,8.97,0.0,4.29,0.314,False,True,False,False,,0
549735af-bbf5-5428-873c-f0ddfd2fec76,0a1816b1-c0d7-5af7-a94c-caa486295052,ce92d8e0-065e-589b-a60e-c692ef2d2ff9,ba56ce33-eff8-5209-b60c-5b07ec924531,1,2025-07-14 17:32:00+02:00,2025-07-14 17:48:00+02:00,16,office,Leipzig,,DE,home,Leipzig,,DE,regional_train,subscription,,,8.97,0.0,4.29,0.314,False,True,False,False,,0
98317d65-b383-5b11-9b9a-104f38a2a927,a15cdd10-ba73-5b75-ba3e-0c1caee22af2,ce92d8e0-065e-589b-a60e-c692ef2d2ff9,ba56ce33-eff8-5209-b60c-5b07ec924531,1,2025-07-15 07:41:00+02:00,2025-07-15 07:57:00+02:00,16,home,Leipzig,,DE,office,Leipzig,,DE,regional_train,subscription,,,8.65,0.0,4.23,0.303,False,True,False,False,,0
2b28bc20-3a95-5131-9a4a-6cd0830b2fe7,b4fa1466-4ee6-5b73-a9e4-54440d5b3407,ce92d8e0-065e-589b-a60e-c692ef2d2ff9,ba56ce33-eff8-5209-b60c-5b07ec924531,1,2025-07-15 17:49:00+02:00,2025-07-15 18:05:00+02:00,16,office,Leipzig,,DE,home,Leipzig,,DE,regional_train,subscription,,,8.65,0.0,4.23,0.303,False,True,False,False,,0
3741cc40-772b-5875-a973-89ddbddcade5,09191095-45cd-5d37-9a1a-81d19070e258,ce92d8e0-065e-589b-a60e-c692ef2d2ff9,ba56ce33-eff8-5209-b60c-5b07ec924531,1,2025-07-17 07:50:00+02:00,2025-07-17 08:04:00+02:00,14,home,Leipzig,,DE,office,Leipzig,,DE,regional_train,subscription,,,7.54,0.0,4.01,0.264,False,True,False,False,,0
972ca74a-4d3e-5606-883b-5f552fc0d835,458972fd-c35d-5d8d-9be7-26ff54a7fb0d,ce92d8e0-065e-589b-a60e-c692ef2d2ff9,ba56ce33-eff8-5209-b60c-5b07ec924531,1,2025-07-17 17:52:00+02:00,2025-07-17 18:06:00+02:00,14,office,Leipzig,,DE,home,Leipzig,,DE,regional_train,subscription,,,7.54,0.0,4.01,0.264,False,True,False,False,,0
4fdc6ee4-a5f7-5423-8d29-27a44d530d99,617398b9-d8be-5b21-918c-6a2d9f9db43f,ce92d8e0-065e-589b-a60e-c692ef2d2ff9,ba56ce33-eff8-5209-b60c-5b07ec924531,1,2025-07-25 07:54:00+02:00,2025-07-25 08:09:00+02:00,15,home,Leipzig,,DE,office,Leipzig,,DE,regional_train,subscription,,,8.33,0.0,4.17,0.292,False,True,False,False,,0
230b050d-0bde-56b4-81e5-0b043763168e,37082177-3b5d-5d85-b32c-8f21f578c2fa,ce92d8e0-065e-589b-a60e-c692ef2d2ff9,ba56ce33-eff8-5209-b60c-5b07ec924531,1,2025-07-25 17:55:00+02:00,2025-07-25 18:10:00+02:00,15,office,Leipzig,,DE,home,Leipzig,,DE,regional_train,subscription,,,8.33,0.0,4.17,0.292,False,True,False,False,,0
df00bf3d-4b27-5bed-8e82-4645fd66ab49,a533f348-17d2-51d3-84e0-71ebd0968633,ce92d8e0-065e-589b-a60e-c692ef2d2ff9,ba56ce33-eff8-5209-b60c-5b07ec924531,1,2025-07-31 07:51:00+02:00,2025-07-31 08:06:00+02:00,15,home,Leipzig,,DE,office,Leipzig,,DE,regional_train,subscription,,,8.18,0.0,4.14,0.286,False,True,False,False,,0
9a70a8ab-cc97-5afd-b984-772bab4904f8,3f042605-06f4-5c7b-b67e-2df3362a31b2,ce92d8e0-065e-589b-a60e-c692ef2d2ff9,ba56ce33-eff8-5209-b60c-5b07ec924531,1,2025-07-31 17:34:00+02:00,2025-07-31 17:49:00+02:00,15,office,Leipzig,,DE,home,Leipzig,,DE,regional_train,subscription,,,8.18,0.0,4.14,0.286,False,True,False,False,,0
cb3fe6f5-1608-5107-969c-cf3afc35525f,e362995e-ce09-5a33-8d27-83d42b73bbfb,ce92d8e0-065e-589b-a60e-c692ef2d2ff9,ba56ce33-eff8-5209-b60c-5b07ec924531,1,2025-08-01 07:51:00+02:00,2025-08-01 08:06:00+02:00,15,home,Leipzig,,DE,office,Leipzig,,DE,regional_train,subscription,,,8.0,0.0,4.1,0.28,False,True,False,False,,0
c9b76d13-3a0d-594b-826e-4ad96c9b8db7,4af09fc7-609b-5957-ba0f-6d81368eb84e,ce92d8e0-065e-589b-a60e-c692ef2d2ff9,ba56ce33-eff8-5209-b60c-5b07ec924531,1,2025-08-01 17:45:00+02:00,2025-08-01 18:00:00+02:00,15,office,Leipzig,,DE,home,Leipzig,,DE,regional_train,subscription,,,8.0,0.0,4.1,0.28,False,True,False,False,,0
3bdb97a6-19ca-5d4c-914d-caa25516b1f9,08cbbc86-9e3d-5317-a52b-cb855af339e7,ce92d8e0-065e-589b-a60e-c692ef2d2ff9,ba56ce33-eff8-5209-b60c-5b07ec924531,1,2025-08-05 07:43:00+02:00,2025-08-05 07:58:00+02:00,15,home,Leipzig,,DE,office,Leipzig,,DE,regional_train,subscription,,,8.49,0.0,4.2,0.297,False,True,False,False,,0
eeb8c6c2-9a18-528d-b893-564f2e9cfc49,ccfa6e35-cec9-5871-a9c1-b3466cf40f44,ce92d8e0-065e-589b-a60e-c692ef2d2ff9,ba56ce33-eff8-5209-b60c-5b07ec924531,1,2025-08-05 17:46:00+02:00,2025-08-05 18:01:00+02:00,15,office,Leipzig,,DE,home,Leipzig,,DE,regional_train,subscription,,,8.49,0.0,4.2,0.297,False,True,False,False,,0
67dcf126-0d5a-5adb-819c-b62895d78452,d5d210d8-18b6-5c7f-ae3c-36f9412bd535,ce92d8e0-065e-589b-a60e-c692ef2d2ff9,ba56ce33-eff8-5209-b60c-5b07ec924531,1,2025-08-08 07:54:00+02:00,2025-08-08 08:09:00+02:00,15,home,Leipzig,,DE,office,Leipzig,,DE,regional_train,subscription,,,8.48,0.0,4.2,0.297,False,True,False,False,,0
1c7eebec-915e-52ad-adf2-57fe06dbaf2c,613cc359-c2a8-5f17-8eb1-adc3c389b84f,ce92d8e0-065e-589b-a60e-c692ef2d2ff9,ba56ce33-eff8-5209-b60c-5b07ec924531,1,2025-08-08 17:42:00+02:00,2025-08-08 17:57:00+02:00,15,office,Leipzig,,DE,home,Leipzig,,DE,regional_train,subscription,,,8.48,0.0,4.2,0.297,False,True,False,False,,0
3400cd50-8a41-5c80-afab-e0d84a0d3416,e1de5fd7-9f8e-5324-91e2-c4557f8fc10a,ce92d8e0-065e-589b-a60e-c692ef2d2ff9,ba56ce33-eff8-5209-b60c-5b07ec924531,1,2025-08-13 07:49:00+02:00,2025-08-13 08:06:00+02:00,17,home,Leipzig,,DE,office,Leipzig,,DE,regional_train,subscription,,,9.28,0.0,4.36,0.325,False,True,False,False,,0
6ae9d52c-8046-5f91-9c77-7596eeccb131,9cdc2b56-c75d-5d2e-9b89-fa44bdb5f27a,ce92d8e0-065e-589b-a60e-c692ef2d2ff9,ba56ce33-eff8-5209-b60c-5b07ec924531,1,2025-08-13 17:35:00+02:00,2025-08-13 17:52:00+02:00,17,office,Leipzig,,DE,home,Leipzig,,DE,regional_train,subscription,,,9.28,0.0,4.36,0.325,False,True,False,False,,0
f49d9ef1-0aa8-5cb0-89c3-04c6a8803d0b,ddd55612-7504-56a3-b5f8-f6332901a92a,ce92d8e0-065e-589b-a60e-c692ef2d2ff9,ba56ce33-eff8-5209-b60c-5b07ec924531,1,2025-08-26 07:40:00+02:00,2025-08-26 07:54:00+02:00,14,home,Leipzig,,DE,office,Leipzig,,DE,regional_train,subscription,,,7.74,0.0,4.05,0.271,False,True,False,False,,0
3949a137-573a-598d-96ac-b30b1e82f53b,2b6d7e86-7dd5-5dc4-8eb5-81fb6933a86a,ce92d8e0-065e-589b-a60e-c692ef2d2ff9,ba56ce33-eff8-5209-b60c-5b07ec924531,1,2025-08-26 17:55:00+02:00,2025-08-26 18:09:00+02:00,14,office,Leipzig,,DE,home,Leipzig,,DE,regional_train,subscription,,,7.74,0.0,4.05,0.271,False,True,False,False,,0
63c558f3-52a5-5749-bce0-1db59da35d56,0913ca87-f1da-5241-8c3c-ac743322d7a5,ce92d8e0-065e-589b-a60e-c692ef2d2ff9,b1d91745-0169-5eed-93b4-2ab7e2c0e4aa,1,2025-08-28 06:44:00+02:00,2025-08-28 08:59:00+02:00,135,home,Leipzig,,DE,client site,Munich,,DE,long_distance_train,subscription,,,418.51,50.22,66.96,12.555,False,True,False,False,,0
ea855a94-492a-58c9-8e2b-4d4e4a833b65,bd529bbb-d2ce-5c5e-8035-fc18052581fc,ce92d8e0-065e-589b-a60e-c692ef2d2ff9,b1d91745-0169-5eed-93b4-2ab7e2c0e4aa,1,2025-08-28 17:28:00+02:00,2025-08-28 19:43:00+02:00,135,client site,Munich,,DE,home,Leipzig,,DE,long_distance_train,subscription,,,418.51,50.22,66.96,12.555,False,True,False,False,,0
3cbb4c70-e60b-5508-b239-eb2aef7d107f,7b637a42-a00a-5bd9-b17a-0db692963393,ce92d8e0-065e-589b-a60e-c692ef2d2ff9,b1d91745-0169-5eed-93b4-2ab7e2c0e4aa,1,2025-09-01 06:35:00+02:00,2025-09-01 08:47:00+02:00,132,home,Leipzig,,DE,client site,Munich,,DE,long_distance_train,subscription,,,409.95,49.19,65.59,12.298,False,True,False,False,,0
18d3ceee-9e51-59e8-8896-9edb02b7f7d9,f18ed41d-8a01-56ea-89c3-908ec1c47c4a,ce92d8e0-065e-589b-a60e-c692ef2d2ff9,b1d91745-0169-5eed-93b4-2ab7e2c0e4aa,1,2025-09-01 17:10:00+02:00,2025-09-01 19:22:00+02:00,132,client site,Munich,,DE,home,Leipzig,,DE,long_distance_train,subscription,,,409.95,49.19,65.59,12.298,False,True,False,False,,0
b9c37ccc-664e-5a54-9954-9055c9c54329,51e07dcd-1e02-565d-916e-f1dd9e1730f0,ce92d8e0-065e-589b-a60e-c692ef2d2ff9,ba56ce33-eff8-5209-b60c-5b07ec924531,1,2025-09-02 07:42:00+02:00,2025-09-02 07:56:00+02:00,14,home,Leipzig,,DE,office,Leipzig,,DE,regional_train,subscription,,,7.93,0.0,4.09,0.278,False,True,False,False,,0
5793879e-4c03-55ee-a0a1-9014cf496a55,072ebbe6-2699-5765-89a0-ffdb02925a09,ce92d8e0-065e-589b-a60e-c692ef2d2ff9,ba56ce33-eff8-5209-b60c-5b07ec924531,1,2025-09-02 17:40:00+02:00,2025-09-02 17:54:00+02:00,14,office,Leipzig,,DE,home,Leipzig,,DE,regional_train,subscription,,,7.93,0.0,4.09,0.278,False,True,False,False,,0
18297d1f-408f-53ca-9da0-01d084885f88,27630b53-4bfa-5f32-9bbb-1a4a144fdf43,ce92d8e0-065e-589b-a60e-c692ef2d2ff9,ba56ce33-eff8-5209-b60c-5b07ec924531,1,2025-09-03 07:49:00+02:00,2025-09-03 08:05:00+02:00,16,home,Leipzig,,DE,office,Leipzig,,DE,regional_train,subscription,,,8.76,0.0,4.25,0.307,False,True,False,False,,0
8759a1ff-7235-5ffc-99e0-8f2490f292d7,40beb6f9-f08f-52ff-89f3-0aca4faae715,ce92d8e0-065e-589b-a60e-c692ef2d2ff9,ba56ce33-eff8-5209-b60c-5b07ec924531,1,2025-09-03 17:45:00+02:00,2025-09-03 18:01:00+02:00,16,office,Leipzig,,DE,home,Leipzig,,DE,regional_train,subscription,,,8.76,0.0,4.25,0.307,False,True,False,False,,0
7c27b01e-42c4-5449-ba9e-ed9fab28da21,956d0cc2-c1fb-5c92-ba9c-268e18f36723,ce92d8e0-065e-589b-a60e-c692ef2d2ff9,ba56ce33-eff8-5209-b60c-5b07ec924531,1,2025-09-04 07:53:00+02:00,2025-09-04 08:08:00+02:00,15,home,Leipzig,,DE,office,Leipzig,,DE,regional_train,subscription,,,8.18,0.0,4.14,0.286,False,True,False,False,,0
8dc2ed3f-2801-535e-95d1-91f100960b35,aa4294c0-18a0-5e84-a38a-75ba57d75bf3,ce92d8e0-065e-589b-a60e-c692ef2d2ff9,ba56ce33-eff8-5209-b60c-5b07ec924531,1,2025-09-04 17:38:00+02:00,2025-09-04 17:53:00+02:00,15,office,Leipzig,,DE,home,Leipzig,,DE,regional_train,subscription,,,8.18,0.0,4.14,0.286,False,True,False,False,,0
7b3fd1c2-b995-52b3-aeec-3cb21bf273f3,ae581085-9234-5454-98de-7af8c510ede0,ce92d8e0-065e-589b-a60e-c692ef2d2ff9,ba56ce33-eff8-5209-b60c-5b07ec924531,1,2025-09-05 07:41:00+02:00,2025-09-05 07:56:00+02:00,15,home,Leipzig,,DE,office,Leipzig,,DE,regional_train,subscription,,,8.46,0.0,4.19,0.296,False,True,False,False,,0
37797dcd-ae4f-5e94-aace-c51eac00d225,80c95394-5aad-5313-9471-37b4def64694,ce92d8e0-065e-589b-a60e-c692ef2d2ff9,ba56ce33-eff8-5209-b60c-5b07ec924531,1,2025-09-05 17:54:00+02:00,2025-09-05 18:09:00+02:00,15,office,Leipzig,,DE,home,Leipzig,,DE,regional_train,subscription,,,8.46,0.0,4.19,0.296,False,True,False,False,,0
fc534241-1e60-5b4f-aa11-efed33a8eced,6afc193b-2160-5fa7-ab68-c66b87b7c4a2,ce92d8e0-065e-589b-a60e-c692ef2d2ff9,b1d91745-0169-5eed-93b4-2ab7e2c0e4aa,1,2025-09-05 06:51:00+02:00,2025-09-05 09:08:00+02:00,137,home,Leipzig,,DE,client site,Hamburg,,DE,long_distance_train,subscription,,,424.34,50.92,67.89,12.73,False,True,False,False,,0
fb1ecf59-95f9-5a15-bf4f-ce237da1e8a5,ae1023f5-597c-5e3a-843f-8db4c76e519e,ce92d8e0-065e-589b-a60e-c692ef2d2ff9,b1d91745-0169-5eed-93b4-2ab7e2c0e4aa,1,2025-09-05 17:24:00+02:00,2025-09-05 19:41:00+02:00,137,client site,Hamburg,,DE,home,Leipzig,,DE,long_distance_train,subscription,,,424.34,50.92,67.89,12.73,False,True,False,False,,0
218ebc3d-ccc6-5e7a-926f-843a0605bf91,21a1f4c3-d94a-5e80-acda-225b8ed6487f,ce92d8e0-065e-589b-a60e-c692ef2d2ff9,ba56ce33-eff8-5209-b60c-5b07ec924531,1,2025-09-07 10:00:00+02:00,2025-09-07 10:13:00+02:00,13,home,Leipzig,,DE,city center,Leipzig,,DE,public_transport,subscription,,,6.61,0.0,2.9,0.264,False,True,False,False,,0
89b210d4-e482-5d5c-bb61-c8cbbb420bd4,a22176f0-1d6b-53d9-a744-4099032bdc47,ce92d8e0-065e-589b-a60e-c692ef2d2ff9,ba56ce33-eff8-5209-b60c-5b07ec924531,1,2025-09-08 07:42:00+02:00,2025-09-08 07:56:00+02:00,14,home,Leipzig,,DE,office,Leipzig,,DE,regional_train,subscription,,,7.74,0.0,4.05,0.271,False,True,False,False,,0
2187c131-549f-5398-82e7-45aed808bc30,b938d761-62e2-5bcc-8bbc-650343db8092,ce92d8e0-065e-589b-a60e-c692ef2d2ff9,ba56ce33-eff8-5209-b60c-5b07ec924531,1,2025-09-08 17:35:00+02:00,2025-09-08 17:49:00+02:00,14,office,Leipzig,,DE,home,Leipzig,,DE,regional_train,subscription,,,7.74,0.0,4.05,0.271,False,True,False,False,,0
6bc7f5c1-0563-5457-ad9c-a306645cf5ab,ad5d5f13-9701-57e5-9298-8bb07b7b875d,ce92d8e0-065e-589b-a60e-c692ef2d2ff9,ba56ce33-eff8-5209-b60c-5b07ec924531,1,2025-09-09 07:48:00+02:00,2025-09-09 08:05:00+02:00,17,home,Leipzig,,DE,office,Leipzig,,DE,regional_train,subscription,,,9.39,0.0,4.38,0.329,False,True,False,False,,0
26f36859-828e-559e-8932-1accf5545328,d229a597-9fcc-570b-a851-f28e6cb48eb8,ce92d8e0-065e-589b-a60e-c692ef2d2ff9,ba56ce33-eff8-5209-b60c-5b07ec924531,1,2025-09-09 17:46:00+02:00,2025-09-09 18:03:00+02:00,17,office,Leipzig,,DE,home,Leipzig,,DE,regional_train,subscription,,,9.39,0.0,4.38,0.329,False,True,False,False,,0
dc6e4841-9c63-5894-aee6-3d8757fb01ca,3fd38763-b5b4-5f9e-b202-354425a43b23,ce92d8e0-065e-589b-a60e-c692ef2d2ff9,ba56ce33-eff8-5209-b60c-5b07ec924531,1,2025-09-10 07:57:00+02:00,2025-09-10 08:14:00+02:00,17,home,Leipzig,,DE,office,Leipzig,,DE,regional_train,subscription,,,9.12,0.0,4.32,0.319,False,True,False,False,,0
acdf3c9b-7daa-5108-af26-7f76e2929cdd,9df8ed78-d321-5bf4-804f-2c5f97e8eb9f,ce92d8e0-065e-589b-a60e-c692ef2d2ff9,ba56ce33-eff8-5209-b60c-5b07ec924531,1,2025-09-10 17:32:00+02:00,2025-09-10 17:49:00+02:00,17,office,Leipzig,,DE,home,Leipzig,,DE,regional_train,subscription,,,9.12,0.0,4.32,0.319,False,True,False,False,,0
a3d7d160-217c-5d06-b3ce-7606cd4b9422,08bf225c-9f38-59ad-b0db-d83b70bb1cb7,ce92d8e0-065e-589b-a60e-c692ef2d2ff9,b1d91745-0169-5eed-93b4-2ab7e2c0e4aa,1,2025-09-10 06:45:00+02:00,2025-09-10 09:56:00+02:00,191,home,Leipzig,,DE,client site,Cologne,,DE,long_distance_train,subscription,,,590.99,70.92,94.56,17.73,False,True,False,False,,0
17b4fc3b-f65a-5f80-8b6f-317f18eecac0,f2a50913-43a9-5726-8d2c-51179eda69cd,ce92d8e0-065e-589b-a60e-c692ef2d2ff9,b1d91745-0169-5eed-93b4-2ab7e2c0e4aa,1,2025-09-10 17:09:00+02:00,2025-09-10 20:20:00+02:00,191,client site,Cologne,,DE,home,Leipzig,,DE,long_distance_train,subscription,,,590.99,70.92,94.56,17.73,False,True,False,False,,0
85cb88b4-ab90-5820-adde-7ac9f115ede1,6da72058-85ed-5189-baec-9863b76d1f12,ce92d8e0-065e-589b-a60e-c692ef2d2ff9,ba56ce33-eff8-5209-b60c-5b07ec924531,1,2025-09-11 07:44:00+02:00,2025-09-11 07:58:00+02:00,14,home,Leipzig,,DE,office,Leipzig,,DE,regional_train,subscription,,,7.83,0.0,4.07,0.274,False,True,False,False,,0
fb974a59-8e4f-5241-b5b6-de0ea95cb229,37dd05f2-ab2e-5873-95c5-37e98fa8db38,ce92d8e0-065e-589b-a60e-c692ef2d2ff9,ba56ce33-eff8-5209-b60c-5b07ec924531,1,2025-09-11 17:47:00+02:00,2025-09-11 18:01:00+02:00,14,office,Leipzig,,DE,home,Leipzig,,DE,regional_train,subscription,,,7.83,0.0,4.07,0.274,False,True,False,False,,0
8c276150-7a25-5758-8045-3166c98ef236,c0efec79-0e5f-542a-a40b-fe4fd9af9853,ce92d8e0-065e-589b-a60e-c692ef2d2ff9,ba56ce33-eff8-5209-b60c-5b07ec924531,1,2025-09-12 07:57:00+02:00,2025-09-12 08:11:00+02:00,14,home,Leipzig,,DE,office,Leipzig,,DE,regional_train,subscription,,,7.84,0.0,4.07,0.274,False,True,False,False,,0
22912739-1380-51fd-bc6a-119ad5006da8,25f95e48-dfca-553b-92a1-a604eb30b2bf,ce92d8e0-065e-589b-a60e-c692ef2d2ff9,ba56ce33-eff8-5209-b60c-5b07ec924531,1,2025-09-12 17:44:00+02:00,2025-09-12 17:58:00+02:00,14,office,Leipzig,,DE,home,Leipzig,,DE,regional_train,subscription,,,7.84,0.0,4.07,0.274,False,True,False,False,,0
a9a3bedc-8dcf-5dd7-a295-fd798f728101,3ef7caea-13ae-52e1-af0c-fa19801604f2,ce92d8e0-065e-589b-a60e-c692ef2d2ff9,ba56ce33-eff8-5209-b60c-5b07ec924531,1,2025-09-13 15:00:00+02:00,2025-09-13 15:13:00+02:00,13,home,Leipzig,,DE,city center,Leipzig,,DE,public_transport,subscription,,,6.35,0.0,2.9,0.254,False,True,False,False,,0
2a4e85f2-2eaf-5614-8077-ccfc0f8abdbf,6459896e-35c5-5a64-b8ac-12289d2f81ff,ce92d8e0-065e-589b-a60e-c692ef2d2ff9,ba56ce33-eff8-5209-b60c-5b07ec924531,1,2025-09-15 07:56:00+02:00,2025-09-15 08:12:00+02:00,16,home,Leipzig,,DE,office,Leipzig,,DE,regional_train,subscription,,,8.87,0.0,4.27,0.31,False,True,False,False,,0
bbd73d07-4c4f-51c7-acff-eeffc28350cd,42c1ddb8-38f7-58a2-bea6-58ae39c77106,ce92d8e0-065e-589b-a60e-c692ef2d2ff9,ba56ce33-eff8-5209-b60c-5b07ec924531,1,2025-09-15 17:30:00+02:00,2025-09-15 17:46:00+02:00,16,office,Leipzig,,DE,home,Leipzig,,DE,regional_train,subscription,,,8.87,0.0,4.27,0.31,False,True,False,False,,0
1884ad7f-e296-5a0c-b63c-1b4defde8c4e,b6145559-c458-5ff2-9b07-d7b7d8c63364,ce92d8e0-065e-589b-a60e-c692ef2d2ff9,ba56ce33-eff8-5209-b60c-5b07ec924531,1,2025-09-16 07:53:00+02:00,2025-09-16 08:07:00+02:00,14,home,Leipzig,,DE,office,Leipzig,,DE,regional_train,subscription,,,7.71,0.0,4.04,0.27,False,True,False,False,,0
d3baa39d-6baa-50ff-ae33-3747db88e36e,54429fbd-5119-502b-a08f-d6d989d7c0e2,ce92d8e0-065e-589b-a60e-c692ef2d2ff9,ba56ce33-eff8-5209-b60c-5b07ec924531,1,2025-09-16 17:47:00+02:00,2025-09-16 18:01:00+02:00,14,office,Leipzig,,DE,home,Leipzig,,DE,regional_train,subscription,,,7.71,0.0,4.04,0.27,False,True,False,False,,0
5cfcc9e8-96bd-562d-94b8-0d4a78a37e14,0be4c50b-3118-5ba3-9101-6286b9081252,ce92d8e0-065e-589b-a60e-c692ef2d2ff9,ba56ce33-eff8-5209-b60c-5b07ec924531,1,2025-09-17 07:46:00+02:00,2025-09-17 08:02:00+02:00,16,home,Leipzig,,DE,office,Leipzig,,DE,regional_train,subscription,,,9.05,0.0,4.31,0.317,False,True,False,False,,0
0a2bb68a-24fb-52f9-957c-2956eebeda7b,4e9d42eb-491b-5286-9d48-a33fc20a12d1,ce92d8e0-065e-589b-a60e-c692ef2d2ff9,ba56ce33-eff8-5209-b60c-5b07ec924531,1,2025-09-17 17:53:00+02:00,2025-09-17 18:09:00+02:00,16,office,Leipzig,,DE,home,Leipzig,,DE,regional_train,subscription,,,9.05,0.0,4.31,0.317,False,True,False,False,,0
5a3476fe-b8e2-5580-a918-403204353ec2,3e5d4d76-68ea-5657-b4e9-ba8bea22338a,ce92d8e0-065e-589b-a60e-c692ef2d2ff9,ba56ce33-eff8-5209-b60c-5b07ec924531,1,2025-09-18 07:47:00+02:00,2025-09-18 08:02:00+02:00,15,home,Leipzig,,DE,office,Leipzig,,DE,regional_train,subscription,,,8.26,0.0,4.15,0.289,False,True,False,False,,0
50bc0b45-ac24-5664-bb62-6d79a45f2a62,ba861ff7-de55-5a39-b60d-8f8e8030ebf7,ce92d8e0-065e-589b-a60e-c692ef2d2ff9,ba56ce33-eff8-5209-b60c-5b07ec924531,1,2025-09-18 17:43:00+02:00,2025-09-18 17:58:00+02:00,15,office,Leipzig,,DE,home,Leipzig,,DE,regional_train,subscription,,,8.26,0.0,4.15,0.289,False,True,False,False,,0
382841f0-6af7-55f8-8493-944fcc888c62,f83fba40-6294-5cef-a8ae-34f0d6d14693,ce92d8e0-065e-589b-a60e-c692ef2d2ff9,ba56ce33-eff8-5209-b60c-5b07ec924531,1,2025-09-19 07:57:00+02:00,2025-09-19 08:14:00+02:00,17,home,Leipzig,,DE,office,Leipzig,,DE,regional_train,subscription,,,9.25,0.0,4.35,0.324,False,True,False,False,,0
f4ab2cdc-f4ca-5c12-983e-590846ae6467,84b393b7-f5b4-5262-af3f-5293e613595d,ce92d8e0-065e-589b-a60e-c692ef2d2ff9,ba56ce33-eff8-5209-b60c-5b07ec924531,1,2025-09-19 17:34:00+02:00,2025-09-19 17:51:00+02:00,17,office,Leipzig,,DE,home,Leipzig,,DE,regional_train,subscription,,,9.25,0.0,4.35,0.324,False,True,False,False,,0
6a604a8f-e469-540d-98d6-7ef39d31106b,0c308121-57ee-58a6-a87b-ccddd7f886ff,ce92d8e0-065e-589b-a60e-c692ef2d2ff9,ba56ce33-eff8-5209-b60c-5b07ec924531,1,2025-09-22 07:42:00+02:00,2025-09-22 07:57:00+02:00,15,home,Leipzig,,DE,office,Leipzig,,DE,regional_train,subscription,,,8.38,0.0,4.18,0.293,False,True,False,False,,0
34243125-6d5f-584c-9357-717108e231f6,a3838774-704d-5d1a-a555-5382db661f31,ce92d8e0-065e-589b-a60e-c692ef2d2ff9,ba56ce33-eff8-5209-b60c-5b07ec924531,1,2025-09-22 17:46:00+02:00,2025-09-22 18:01:00+02:00,15,office,Leipzig,,DE,home,Leipzig,,DE,regional_train,subscription,,,8.38,0.0,4.18,0.293,False,True,False,False,,0
30b397a4-c3c7-58e0-9b19-2ec047cadae8,f86bdb03-e979-535b-988b-7b80dff8b0d6,ce92d8e0-065e-589b-a60e-c692ef2d2ff9,b1d91745-0169-5eed-93b4-2ab7e2c0e4aa,1,2025-09-22 06:46:00+02:00,2025-09-22 08:50:00+02:00,124,home,Leipzig,,DE,client site,Frankfurt,,DE,long_distance_train,subscription,,,383.7,46.04,61.39,11.511,False,True,False,False,,0
a44ededf-f807-550e-ba8f-f5ff5dcf918d,325a1fa7-4eaf-5f32-9b88-2b48e94906b8,ce92d8e0-065e-589b-a60e-c692ef2d2ff9,b1d91745-0169-5eed-93b4-2ab7e2c0e4aa,1,2025-09-22 17:11:00+02:00,2025-09-22 19:15:00+02:00,124,client site,Frankfurt,,DE,home,Leipzig,,DE,long_distance_train,subscription,,,383.7,46.04,61.39,11.511,False,True,False,False,,0
b24bfa2e-670b-53fb-9f82-e85a4f6d112d,84d2820c-a538-5387-9030-c0097d1b9413,ce92d8e0-065e-589b-a60e-c692ef2d2ff9,ba56ce33-eff8-5209-b60c-5b07ec924531,1,2025-09-23 07:48:00+02:00,2025-09-23 08:05:00+02:00,17,home,Leipzig,,DE,office,Leipzig,,DE,regional_train,subscription,,,9.08,0.0,4.32,0.318,False,True,False,False,,0
40931f7d-9665-5fe7-95a4-d6b5b7c4bbf6,88d8c5e2-f222-538d-bd18-5b529e0e980a,ce92d8e0-065e-589b-a60e-c692ef2d2ff9,ba56ce33-eff8-5209-b60c-5b07ec924531,1,2025-09-23 17:31:00+02:00,2025-09-23 17:48:00+02:00,17,office,Leipzig,,DE,home,Leipzig,,DE,regional_train,subscription,,,9.08,0.0,4.32,0.318,False,True,False,False,,0
8b75ea2c-6e5d-5cd3-b5a7-9145af7090e1,5ee3eec6-393a-5777-9871-f48d697fb4fd,ce92d8e0-065e-589b-a60e-c692ef2d2ff9,ba56ce33-eff8-5209-b60c-5b07ec924531,1,2025-09-24 07:57:00+02:00,2025-09-24 08:14:00+02:00,17,home,Leipzig,,DE,office,Leipzig,,DE,regional_train,subscription,,,9.46,0.0,4.39,0.331,False,True,False,False,,0
1273551c-794f-53c6-86f7-2cff98eae73f,ac8491d9-f893-50f4-9fa8-e6f5860a819c,ce92d8e0-065e-589b-a60e-c692ef2d2ff9,ba56ce33-eff8-5209-b60c-5b07ec924531,1,2025-09-24 17:35:00+02:00,2025-09-24 17:52:00+02:00,17,office,Leipzig,,DE,home,Leipzig,,DE,regional_train,subscription,,,9.46,0.0,4.39,0.331,False,True,False,False,,0
1fd428fd-7a8e-5183-8078-ee44b933a0b5,0f7f854b-7f3e-5067-8206-252ee4e4f243,ce92d8e0-065e-589b-a60e-c692ef2d2ff9,ba56ce33-eff8-5209-b60c-5b07ec924531,1,2025-09-25 07:52:00+02:00,2025-09-25 08:08:00+02:00,16,home,Leipzig,,DE,office,Leipzig,,DE,regional_train,subscription,,,8.63,0.0,4.23,0.302,False,True,False,False,,0
62b4edfb-593e-5fb0-9a3b-2040aa09f613,50e94220-a9c1-523f-ac97-fad294d23483,ce92d8e0-065e-589b-a60e-c692ef2d2ff9,ba56ce33-eff8-5209-b60c-5b07ec924531,1,2025-09-25 17:51:00+02:00,2025-09-25 18:07:00+02:00,16,office,Leipzig,,DE,home,Leipzig,,DE,regional_train,subscription,,,8.63,0.0,4.23,0.302,False,True,False,False,,0
64813c3f-a796-50d9-9e4c-ded033d1c3f7,cbc6b5ad-74cf-5b54-b087-b92a47786e79,ce92d8e0-065e-589b-a60e-c692ef2d2ff9,ba56ce33-eff8-5209-b60c-5b07ec924531,1,2025-09-26 07:44:00+02:00,2025-09-26 08:01:00+02:00,17,home,Leipzig,,DE,office,Leipzig,,DE,regional_train,subscription,,,9.5,0.0,4.4,0.333,False,True,False,False,,0
58b58edd-b3fd-523c-affd-1e5be78bdba0,758c4ef0-dc60-5cc0-bbbe-6f22558c925b,ce92d8e0-065e-589b-a60e-c692ef2d2ff9,ba56ce33-eff8-5209-b60c-5b07ec924531,1,2025-09-26 17:46:00+02:00,2025-09-26 18:03:00+02:00,17,office,Leipzig,,DE,home,Leipzig,,DE,regional_train,subscription,,,9.5,0.0,4.4,0.333,False,True,False,False,,0
e76e9f5c-1b84-5e71-9d1e-56c25abb4226,b690ef88-11fc-5c8b-acb9-42ef997a1904,ce92d8e0-065e-589b-a60e-c692ef2d2ff9,b1d91745-0169-5eed-93b4-2ab7e2c0e4aa,1,2025-09-26 06:43:00+02:00,2025-09-26 09:39:00+02:00,176,home,Leipzig,,DE,client site,Cologne,,DE,long_distance_train,subscription,,,546.83,65.62,87.49,16.405,False,True,False,False,,0
ba26f4ea-77c1-5487-982f-a22ec7b50b60,fe38c9c6-703d-5d9f-b78d-899d56c182a0,ce92d8e0-065e-589b-a60e-c692ef2d2ff9,b1d91745-0169-5eed-93b4-2ab7e2c0e4aa,1,2025-09-26 17:38:00+02:00,2025-09-26 20:34:00+02:00,176,client site,Cologne,,DE,home,Leipzig,,DE,long_distance_train,subscription,,,546.83,65.62,87.49,16.405,False,True,False,False,,0
a731c09d-c60f-558e-b409-624e516bb94b,44f9bc51-aab6-5567-adfd-0851695783ce,ce92d8e0-065e-589b-a60e-c692ef2d2ff9,ba56ce33-eff8-5209-b60c-5b07ec924531,1,2025-09-29 07:48:00+02:00,2025-09-29 08:04:00+02:00,16,home,Leipzig,,DE,office,Leipzig,,DE,regional_train,subscription,,,9.0,0.0,4.3,0.315,False,True,False,False,,0
6b25508f-b146-5ea7-8c92-293cd99984ae,75b52f91-646a-5937-94bd-0bb8340bed88,ce92d8e0-065e-589b-a60e-c692ef2d2ff9,ba56ce33-eff8-5209-b60c-5b07ec924531,1,2025-09-29 17:41:00+02:00,2025-09-29 17:57:00+02:00,16,office,Leipzig,,DE,home,Leipzig,,DE,regional_train,subscription,,,9.0,0.0,4.3,0.315,False,True,False,False,,0
2ea43d4c-dc26-517c-80ad-9836c5ae9e19,86e07c92-b1f4-5c15-b047-f8e0c4db8baa,ce92d8e0-065e-589b-a60e-c692ef2d2ff9,ba56ce33-eff8-5209-b60c-5b07ec924531,1,2025-09-30 07:47:00+02:00,2025-09-30 08:02:00+02:00,15,home,Leipzig,,DE,office,Leipzig,,DE,regional_train,subscription,,,8.18,0.0,4.14,0.286,False,True,False,False,,0
5bf7c123-051e-579c-ba70-ce93a9921bed,c99235e4-37a2-5760-8d0e-9afc04b5f64f,ce92d8e0-065e-589b-a60e-c692ef2d2ff9,ba56ce33-eff8-5209-b60c-5b07ec924531,1,2025-09-30 17:33:00+02:00,2025-09-30 17:48:00+02:00,15,office,Leipzig,,DE,home,Leipzig,,DE,regional_train,subscription,,,8.18,0.0,4.14,0.286,False,True,False,False,,0
b2f31666-f75f-560f-b730-eca160004d67,a3347a68-7b5b-539b-8a5a-d83c550bf882,ce92d8e0-065e-589b-a60e-c692ef2d2ff9,ba56ce33-eff8-5209-b60c-5b07ec924531,1,2025-10-01 07:52:00+02:00,2025-10-01 08:06:00+02:00,14,home,Leipzig,,DE,office,Leipzig,,DE,regional_train,subscription,,,7.58,0.0,4.02,0.265,False,True,False,False,,0
4068fb35-bf5e-5674-9e12-e62bb3918a7a,185a8646-a459-5a8f-942b-17a1018c25e9,ce92d8e0-065e-589b-a60e-c692ef2d2ff9,ba56ce33-eff8-5209-b60c-5b07ec924531,1,2025-10-01 17:46:00+02:00,2025-10-01 18:00:00+02:00,14,office,Leipzig,,DE,home,Leipzig,,DE,regional_train,subscription,,,7.58,0.0,4.02,0.265,False,True,False,False,,0
3f13abe3-7889-540c-895c-ac27c297fa05,dd22ecdb-0ad4-5ac6-aa5d-d72d2b1237b5,ce92d8e0-065e-589b-a60e-c692ef2d2ff9,b1d91745-0169-5eed-93b4-2ab7e2c0e4aa,1,2025-10-01 06:47:00+02:00,2025-10-01 08:54:00+02:00,127,home,Leipzig,,DE,client site,Frankfurt,,DE,long_distance_train,subscription,,,392.31,47.08,62.77,11.769,False,True,False,False,,0
c25287e8-430c-5f8d-b12f-3373fe0736e6,6d3d6d70-c899-5756-bae5-ebaab458a375,ce92d8e0-065e-589b-a60e-c692ef2d2ff9,b1d91745-0169-5eed-93b4-2ab7e2c0e4aa,1,2025-10-01 17:01:00+02:00,2025-10-01 19:08:00+02:00,127,client site,Frankfurt,,DE,home,Leipzig,,DE,long_distance_train,subscription,,,392.31,47.08,62.77,11.769,False,True,False,False,,0
0dd9cd20-d00e-5ce3-823b-02fecacbcf2f,e4dc83fc-1e3c-5000-8a6b-9e01606e3215,ce92d8e0-065e-589b-a60e-c692ef2d2ff9,ba56ce33-eff8-5209-b60c-5b07ec924531,1,2025-10-03 07:43:00+02:00,2025-10-03 07:59:00+02:00,16,home,Leipzig,,DE,office,Leipzig,,DE,regional_train,subscription,,,8.76,0.0,4.25,0.307,False,True,False,False,,0
b5db3fda-93d4-52e2-b242-831b867e226b,1ac8cf35-15bd-50bb-8aba-a38550f3f478,ce92d8e0-065e-589b-a60e-c692ef2d2ff9,ba56ce33-eff8-5209-b60c-5b07ec924531,1,2025-10-03 17:31:00+02:00,2025-10-03 17:47:00+02:00,16,office,Leipzig,,DE,home,Leipzig,,DE,regional_train,subscription,,,8.76,0.0,4.25,0.307,False,True,False,False,,0
919b9291-8b4c-5d4c-8af9-9f46436d7082,4e8a9349-2162-5ea6-9938-cef822948a41,ce92d8e0-065e-589b-a60e-c692ef2d2ff9,ba56ce33-eff8-5209-b60c-5b07ec924531,1,2025-10-06 07:56:00+02:00,2025-10-06 08:10:00+02:00,14,home,Leipzig,,DE,office,Leipzig,,DE,regional_train,subscription,,,7.93,0.0,4.09,0.278,False,True,False,False,,0
238231fe-f7c9-57c0-980e-0f7bdad94494,d9be16a1-070a-5d77-80a2-83f323fda0e6,ce92d8e0-065e-589b-a60e-c692ef2d2ff9,ba56ce33-eff8-5209-b60c-5b07ec924531,1,2025-10-06 17:47:00+02:00,2025-10-06 18:01:00+02:00,14,office,Leipzig,,DE,home,Leipzig,,DE,regional_train,subscription,,,7.93,0.0,4.09,0.278,False,True,False,False,,0
2da91814-897f-587c-bd3c-d0c451d27374,4d6499a9-6a0c-5066-a151-d83de00db82a,ce92d8e0-065e-589b-a60e-c692ef2d2ff9,ba56ce33-eff8-5209-b60c-5b07ec924531,1,2025-10-07 07:43:00+02:00,2025-10-07 07:58:00+02:00,15,home,Leipzig,,DE,office,Leipzig,,DE,regional_train,subscription,,,8.3,0.0,4.16,0.291,False,True,False,False,,0
7c79aa5d-3c76-5333-b22b-b401833c021a,9a036e39-0a47-5b9f-832e-8db9bc0be381,ce92d8e0-065e-589b-a60e-c692ef2d2ff9,ba56ce33-eff8-5209-b60c-5b07ec924531,1,2025-10-07 17:51:00+02:00,2025-10-07 18:06:00+02:00,15,office,Leipzig,,DE,home,Leipzig,,DE,regional_train,subscription,,,8.3,0.0,4.16,0.291,False,True,False,False,,0
737b3f6e-a6ee-576c-9ba2-f97f2445912f,688ee42e-c8e4-5852-89f3-3df6a780acbc,ce92d8e0-065e-589b-a60e-c692ef2d2ff9,ba56ce33-eff8-5209-b60c-5b07ec924531,1,2025-10-08 07:41:00+02:00,2025-10-08 07:58:00+02:00,17,home,Leipzig,,DE,office,Leipzig,,DE,regional_train,subscription,,,9.5,0.0,4.4,0.333,False,True,False,False,,0
b79a6778-0923-5373-a547-6e2da8fee0af,65ce272e-d340-5847-9a33-990e9e3fd164,ce92d8e0-065e-589b-a60e-c692ef2d2ff9,ba56ce33-eff8-5209-b60c-5b07ec924531,1,2025-10-08 17:40:00+02:00,2025-10-08 17:57:00+02:00,17,office,Leipzig,,DE,home,Leipzig,,DE,regional_train,subscription,,,9.5,0.0,4.4,0.333,False,True,False,False,,0
9c0ec479-41d5-549f-bc17-ca049370a655,7e81a1ae-ab3c-5fed-856e-118743752dc4,ce92d8e0-065e-589b-a60e-c692ef2d2ff9,ba56ce33-eff8-5209-b60c-5b07ec924531,1,2025-10-09 07:49:00+02:00,2025-10-09 08:03:00+02:00,14,home,Leipzig,,DE,office,Leipzig,,DE,regional_train,subscription,,,7.74,0.0,4.05,0.271,False,True,False,False,,0
642afc37-ff1d-530e-a8ad-220b8d405162,47a28ffd-34ac-5bae-87ff-205da2a86e48,ce92d8e0-065e-589b-a60e-c692ef2d2ff9,ba56ce33-eff8-5209-b60c-5b07ec924531,1,2025-10-09 17:53:00+02:00,2025-10-09 18:07:00+02:00,14,office,Leipzig,,DE,home,Leipzig,,DE,regional_train,subscription,,,7.74,0.0,4.05,0.271,False,True,False,False,,0
a78501f6-4e11-5d52-90ac-d516380f2202,06ce7c71-edc0-5310-885b-bb9febc1d93a,ce92d8e0-065e-589b-a60e-c692ef2d2ff9,ba56ce33-eff8-5209-b60c-5b07ec924531,1,2025-10-10 07:41:00+02:00,2025-10-10 07:56:00+02:00,15,home,Leipzig,,DE,office,Leipzig,,DE,regional_train,subscription,,,8.48,0.0,4.2,0.297,False,True,False,False,,0
d5c2b3d5-1bbd-5003-ab1e-ae7847e5847c,7fcd6514-eb1a-52ab-b1b4-6085faa1a1d7,ce92d8e0-065e-589b-a60e-c692ef2d2ff9,ba56ce33-eff8-5209-b60c-5b07ec924531,1,2025-10-10 17:33:00+02:00,2025-10-10 17:48:00+02:00,15,office,Leipzig,,DE,home,Leipzig,,DE,regional_train,subscription,,,8.48,0.0,4.2,0.297,False,True,False,False,,0
14db5554-30b3-5e2c-81cc-77a504781da3,f9ed0755-77e8-5bd0-832e-cfbb73f383c4,ce92d8e0-065e-589b-a60e-c692ef2d2ff9,b1d91745-0169-5eed-93b4-2ab7e2c0e4aa,1,2025-10-10 06:43:00+02:00,2025-10-10 08:53:00+02:00,130,home,Leipzig,,DE,client site,Frankfurt,,DE,long_distance_train,subscription,,,401.71,48.2,64.27,12.051,False,True,False,False,,0
3bc34241-cf62-50c7-a58b-11c381c33435,a1016cf1-899e-5c27-a1ce-a277901be4f0,ce92d8e0-065e-589b-a60e-c692ef2d2ff9,b1d91745-0169-5eed-93b4-2ab7e2c0e4aa,1,2025-10-10 17:10:00+02:00,2025-10-10 19:20:00+02:00,130,client site,Frankfurt,,DE,home,Leipzig,,DE,long_distance_train,subscription,,,401.71,48.2,64.27,12.051,False,True,False,False,,0
5eb3aaba-4d96-5a87-890d-e7be0f85fff6,d4a16f56-3bd1-5762-9f9f-8bbe5da577e2,ce92d8e0-065e-589b-a60e-c692ef2d2ff9,ba56ce33-eff8-5209-b60c-5b07ec924531,1,2025-10-13 07:46:00+02:00,2025-10-13 08:01:00+02:00,15,home,Leipzig,,DE,office,Leipzig,,DE,regional_train,subscription,,,8.09,0.0,4.12,0.283,False,True,False,False,,0
597b7d80-6fb5-541c-9022-70ec375d82cb,6b39e07a-4ca8-503e-90b8-169a08c90905,ce92d8e0-065e-589b-a60e-c692ef2d2ff9,ba56ce33-eff8-5209-b60c-5b07ec924531,1,2025-10-13 17:55:00+02:00,2025-10-13 18:10:00+02:00,15,office,Leipzig,,DE,home,Leipzig,,DE,regional_train,subscription,,,8.09,0.0,4.12,0.283,False,True,False,False,,0
3e59c792-a731-51fa-8552-937c22d96aaf,cf659817-4b2e-540c-900a-41eb1d0fedde,ce92d8e0-065e-589b-a60e-c692ef2d2ff9,b1d91745-0169-5eed-93b4-2ab7e2c0e4aa,1,2025-10-13 06:36:00+02:00,2025-10-13 08:42:00+02:00,126,home,Leipzig,,DE,client site,Frankfurt,,DE,long_distance_train,subscription,,,391.65,46.99,62.66,11.749,False,True,False,False,,0
fde124c8-dc47-5321-8dad-7e478e59c642,37ca9456-098f-5679-9be2-a1f2e40ae87e,ce92d8e0-065e-589b-a60e-c692ef2d2ff9,b1d91745-0169-5eed-93b4-2ab7e2c0e4aa,1,2025-10-13 17:03:00+02:00,2025-10-13 19:09:00+02:00,126,client site,Frankfurt,,DE,home,Leipzig,,DE,long_distance_train,subscription,,,391.65,46.99,62.66,11.749,False,True,False,False,,0
47d16e19-670e-5ee8-b692-8d42d9af3704,f103187c-ce78-5bc0-bfe6-515bf8f85768,ce92d8e0-065e-589b-a60e-c692ef2d2ff9,ba56ce33-eff8-5209-b60c-5b07ec924531,1,2025-10-15 07:51:00+02:00,2025-10-15 08:05:00+02:00,14,home,Leipzig,,DE,office,Leipzig,,DE,regional_train,subscription,,,7.88,0.0,4.08,0.276,False,True,False,False,,0
5e5b4401-2afb-585e-952d-8e6e0e98b6c8,a7014cfc-6302-5027-a2f6-22f6d7c1d341,ce92d8e0-065e-589b-a60e-c692ef2d2ff9,ba56ce33-eff8-5209-b60c-5b07ec924531,1,2025-10-15 17:30:00+02:00,2025-10-15 17:44:00+02:00,14,office,Leipzig,,DE,home,Leipzig,,DE,regional_train,subscription,,,7.88,0.0,4.08,0.276,False,True,False,False,,0
19a147b6-d202-563b-acbf-a599cb33bd93,27ccb1ba-90fd-58ca-b16a-1d7a469e9593,ce92d8e0-065e-589b-a60e-c692ef2d2ff9,ba56ce33-eff8-5209-b60c-5b07ec924531,1,2025-10-16 07:43:00+02:00,2025-10-16 07:57:00+02:00,14,home,Leipzig,,DE,office,Leipzig,,DE,regional_train,subscription,,,7.97,0.0,4.09,0.279,False,True,False,False,,0
30514aab-a84f-5135-ac4d-2474a6e65294,9d96ff0c-3dfe-501f-968e-facd65ce14cd,ce92d8e0-065e-589b-a60e-c692ef2d2ff9,ba56ce33-eff8-5209-b60c-5b07ec924531,1,2025-10-16 17:31:00+02:00,2025-10-16 17:45:00+02:00,14,office,Leipzig,,DE,home,Leipzig,,DE,regional_train,subscription,,,7.97,0.0,4.09,0.279,False,True,False,False,,0
86d18a95-aafb-5fb1-92f6-d101e212e7f1,8b7c6e7c-cbba-54e9-8a2d-867b0023466a,ce92d8e0-065e-589b-a60e-c692ef2d2ff9,ba56ce33-eff8-5209-b60c-5b07ec924531,1,2025-10-17 07:47:00+02:00,2025-10-17 08:03:00+02:00,16,home,Leipzig,,DE,office,Leipzig,,DE,regional_train,subscription,,,8.53,0.0,4.21,0.299,False,True,False,False,,0
9533440c-77ab-52ce-8ae6-cf5953b7eb4e,bf125751-2bf7-522a-a67a-751ad21b46bb,ce92d8e0-065e-589b-a60e-c692ef2d2ff9,ba56ce33-eff8-5209-b60c-5b07ec924531,1,2025-10-17 17:37:00+02:00,2025-10-17 17:53:00+02:00,16,office,Leipzig,,DE,home,Leipzig,,DE,regional_train,subscription,,,8.53,0.0,4.21,0.299,False,True,False,False,,0
fa3e1d11-871a-5e2d-800c-d3fe69b5b1f5,ec42ac14-c378-5114-93c3-eb2a2776bca3,ce92d8e0-065e-589b-a60e-c692ef2d2ff9,ba56ce33-eff8-5209-b60c-5b07ec924531,1,2025-10-19 15:00:00+02:00,2025-10-19 15:07:00+02:00,7,home,Leipzig,,DE,market square,Leipzig,,DE,public_transport,subscription,,,3.57,0.0,2.9,0.143,False,True,False,False,,0
2f0cae9b-5a29-570e-8afd-27df5bf29548,fc0af71b-8c3b-5868-aa3b-9ca1e8a2cce3,ce92d8e0-065e-589b-a60e-c692ef2d2ff9,ba56ce33-eff8-5209-b60c-5b07ec924531,1,2025-10-20 07:58:00+02:00,2025-10-20 08:13:00+02:00,15,home,Leipzig,,DE,office,Leipzig,,DE,regional_train,subscription,,,7.99,0.0,4.1,0.28,False,True,False,False,,0
6b07516c-ffe8-5224-94da-08a4e7cb5cb6,76e17276-b118-5245-8f56-4be28ca08c83,ce92d8e0-065e-589b-a60e-c692ef2d2ff9,ba56ce33-eff8-5209-b60c-5b07ec924531,1,2025-10-20 17:46:00+02:00,2025-10-20 18:01:00+02:00,15,office,Leipzig,,DE,home,Leipzig,,DE,regional_train,subscription,,,7.99,0.0,4.1,0.28,False,True,False,False,,0
0f955199-07bf-5917-8cf4-73cacebda904,487d5696-5388-5b52-9f28-d6db4a495691,ce92d8e0-065e-589b-a60e-c692ef2d2ff9,ba56ce33-eff8-5209-b60c-5b07ec924531,1,2025-10-21 07:51:00+02:00,2025-10-21 08:06:00+02:00,15,home,Leipzig,,DE,office,Leipzig,,DE,regional_train,subscription,,,8.1,0.0,4.12,0.284,False,True,False,False,,0
0e59cd58-f3d2-55a7-b43e-909f18409f8d,b5a4ce8b-9212-5de7-9d6a-a754a530fa5c,ce92d8e0-065e-589b-a60e-c692ef2d2ff9,ba56ce33-eff8-5209-b60c-5b07ec924531,1,2025-10-21 17:40:00+02:00,2025-10-21 17:55:00+02:00,15,office,Leipzig,,DE,home,Leipzig,,DE,regional_train,subscription,,,8.1,0.0,4.12,0.284,False,True,False,False,,0
0c19fda4-21c6-5178-9791-50b26156f55e,a0ec38de-d0f4-51c7-9602-104ddd4febdc,ce92d8e0-065e-589b-a60e-c692ef2d2ff9,ba56ce33-eff8-5209-b60c-5b07ec924531,1,2025-10-22 07:40:00+02:00,2025-10-22 07:55:00+02:00,15,home,Leipzig,,DE,office,Leipzig,,DE,regional_train,subscription,,,8.01,0.0,4.1,0.28,False,True,False,False,,0
252bd73c-5049-5dcd-a663-8acf4d01ceb9,35646468-e90e-5bb4-ab3c-6f46b8d2c47d,ce92d8e0-065e-589b-a60e-c692ef2d2ff9,ba56ce33-eff8-5209-b60c-5b07ec924531,1,2025-10-22 17:37:00+02:00,2025-10-22 17:52:00+02:00,15,office,Leipzig,,DE,home,Leipzig,,DE,regional_train,subscription,,,8.01,0.0,4.1,0.28,False,True,False,False,,0
98227db9-7358-59ca-adf0-7ad686b22b48,b6e79d4c-2d37-5974-8bc7-e0c27b337ad8,ce92d8e0-065e-589b-a60e-c692ef2d2ff9,ba56ce33-eff8-5209-b60c-5b07ec924531,1,2025-10-23 07:45:00+02:00,2025-10-23 08:01:00+02:00,16,home,Leipzig,,DE,office,Leipzig,,DE,regional_train,subscription,,,8.78,0.0,4.26,0.307,False,True,False,False,,0
34539e1c-1945-5f13-9aa2-96429579b3db,62c9893a-8170-566f-b0fc-2252174adf76,ce92d8e0-065e-589b-a60e-c692ef2d2ff9,ba56ce33-eff8-5209-b60c-5b07ec924531,1,2025-10-23 17:41:00+02:00,2025-10-23 17:57:00+02:00,16,office,Leipzig,,DE,home,Leipzig,,DE,regional_train,subscription,,,8.78,0.0,4.26,0.307,False,True,False,False,,0
890f1081-f36f-5b7b-90fa-80820e8df225,74884df9-9f3f-561d-8b20-e4dfe0954fd6,ce92d8e0-065e-589b-a60e-c692ef2d2ff9,b1d91745-0169-5eed-93b4-2ab7e2c0e4aa,1,2025-10-23 06:45:00+02:00,2025-10-23 09:48:00+02:00,183,home,Leipzig,,DE,client site,Cologne,,DE,long_distance_train,subscription,,,566.15,67.94,90.58,16.984,False,True,False,False,,0
283508b0-7411-52cf-977a-a43f84b63a8d,736f97ea-0ea2-541a-8c2c-12effa6d4f29,ce92d8e0-065e-589b-a60e-c692ef2d2ff9,b1d91745-0169-5eed-93b4-2ab7e2c0e4aa,1,2025-10-23 17:35:00+02:00,2025-10-23 20:38:00+02:00,183,client site,Cologne,,DE,home,Leipzig,,DE,long_distance_train,subscription,,,566.15,67.94,90.58,16.984,False,True,False,False,,0
fc6d881e-1202-5f26-a613-8fe036de302a,feaa8de2-1870-56d2-b692-08fa57dc3161,ce92d8e0-065e-589b-a60e-c692ef2d2ff9,ba56ce33-eff8-5209-b60c-5b07ec924531,1,2025-10-24 07:50:00+02:00,2025-10-24 08:05:00+02:00,15,home,Leipzig,,DE,office,Leipzig,,DE,regional_train,subscription,,,8.26,0.0,4.15,0.289,False,True,False,False,,0
0bb47efb-d867-5b4f-90b7-423c31abed2a,928cac54-675c-5856-827b-bcdb4be9a76f,ce92d8e0-065e-589b-a60e-c692ef2d2ff9,ba56ce33-eff8-5209-b60c-5b07ec924531,1,2025-10-24 17:45:00+02:00,2025-10-24 18:00:00+02:00,15,office,Leipzig,,DE,home,Leipzig,,DE,regional_train,subscription,,,8.26,0.0,4.15,0.289,False,True,False,False,,0
551f76e6-baad-5fa2-9582-de0396661b4a,24a31fa7-54c7-5535-a53b-7d930cd51bf9,ce92d8e0-065e-589b-a60e-c692ef2d2ff9,ba56ce33-eff8-5209-b60c-5b07ec924531,1,2025-10-25 13:00:00+02:00,2025-10-25 13:12:00+02:00,12,home,Leipzig,,DE,market square,Leipzig,,DE,public_transport,subscription,,,6.14,0.0,2.9,0.246,False,True,False,False,,0
affecd76-a2a3-504f-a43b-3951f1ff01e3,a5640efe-ec3f-5a85-b221-d3a5adc0cdf7,ce92d8e0-065e-589b-a60e-c692ef2d2ff9,ba56ce33-eff8-5209-b60c-5b07ec924531,1,2025-10-26 16:00:00+02:00,2025-10-26 16:11:00+02:00,11,home,Leipzig,,DE,city center,Leipzig,,DE,public_transport,subscription,,,5.73,0.0,2.9,0.229,False,True,False,False,,0
05433809-b7a1-584e-811a-a2ce1466a64d,13abfb2a-babf-5fca-9223-49ac3cb4d729,ce92d8e0-065e-589b-a60e-c692ef2d2ff9,ba56ce33-eff8-5209-b60c-5b07ec924531,1,2025-10-27 07:53:00+02:00,2025-10-27 08:08:00+02:00,15,home,Leipzig,,DE,office,Leipzig,,DE,regional_train,subscription,,,8.23,0.0,4.15,0.288,False,True,False,False,,0
ef8451fd-c4fe-54d6-ade8-c74b5dcd8a84,7524363a-bce9-5527-b98c-4f3273de5cf5,ce92d8e0-065e-589b-a60e-c692ef2d2ff9,ba56ce33-eff8-5209-b60c-5b07ec924531,1,2025-10-27 17:47:00+02:00,2025-10-27 18:02:00+02:00,15,office,Leipzig,,DE,home,Leipzig,,DE,regional_train,subscription,,,8.23,0.0,4.15,0.288,False,True,False,False,,0
0847cc2d-a807-58cb-85b6-45460f44995a,00268b09-3efd-5b51-8cd3-6b9b0dae0373,ce92d8e0-065e-589b-a60e-c692ef2d2ff9,ba56ce33-eff8-5209-b60c-5b07ec924531,1,2025-10-28 07:51:00+02:00,2025-10-28 08:08:00+02:00,17,home,Leipzig,,DE,office,Leipzig,,DE,regional_train,subscription,,,9.11,0.0,4.32,0.319,False,True,False,False,,0
47a35b1b-95c4-5a84-a920-dd8df972fc59,7d6ca2ad-49ff-58fa-8fd7-70487609320a,ce92d8e0-065e-589b-a60e-c692ef2d2ff9,ba56ce33-eff8-5209-b60c-5b07ec924531,1,2025-10-28 17:48:00+02:00,2025-10-28 18:05:00+02:00,17,office,Leipzig,,DE,home,Leipzig,,DE,regional_train,subscription,,,9.11,0.0,4.32,0.319,False,True,False,False,,0
e8265334-f595-57bf-880f-244b83d80d76,b4eacb25-846d-57e3-9497-d17a9bf72db6,ce92d8e0-065e-589b-a60e-c692ef2d2ff9,ba56ce33-eff8-5209-b60c-5b07ec924531,1,2025-10-29 07:41:00+02:00,2025-10-29 07:56:00+02:00,15,home,Leipzig,,DE,office,Leipzig,,DE,regional_train,subscription,,,8.04,0.0,4.11,0.281,False,True,False,False,,0
6c48ace8-9390-5d47-b7e2-7237af6c7da5,c7e8339c-41e9-55c9-b490-d1416f4b8088,ce92d8e0-065e-589b-a60e-c692ef2d2ff9,ba56ce33-eff8-5209-b60c-5b07ec924531,1,2025-10-29 17:30:00+02:00,2025-10-29 17:45:00+02:00,15,office,Leipzig,,DE,home,Leipzig,,DE,regional_train,subscription,,,8.04,0.0,4.11,0.281,False,True,False,False,,0
68100abb-f754-56b9-8455-7b703ea94e7a,3f982040-47ef-5d04-b9a4-2e313965b7e3,ce92d8e0-065e-589b-a60e-c692ef2d2ff9,ba56ce33-eff8-5209-b60c-5b07ec924531,1,2025-10-30 07:56:00+02:00,2025-10-30 08:11:00+02:00,15,home,Leipzig,,DE,office,Leipzig,,DE,regional_train,subscription,,,8.2,0.0,4.14,0.287,False,True,False,False,,0
14207a02-9f6a-5133-aad2-3dfd0676a758,a2817122-c917-5fcd-a6f6-b40cec099888,ce92d8e0-065e-589b-a60e-c692ef2d2ff9,ba56ce33-eff8-5209-b60c-5b07ec924531,1,2025-10-30 17:44:00+02:00,2025-10-30 17:59:00+02:00,15,office,Leipzig,,DE,home,Leipzig,,DE,regional_train,subscription,,,8.2,0.0,4.14,0.287,False,True,False,False,,0
bc616d7e-c90a-5ac6-bb26-68ff4b6015cb,c0684ebe-f9e6-59f6-9409-c2618c3e3c7a,ce92d8e0-065e-589b-a60e-c692ef2d2ff9,ba56ce33-eff8-5209-b60c-5b07ec924531,1,2025-10-31 07:58:00+02:00,2025-10-31 08:15:00+02:00,17,home,Leipzig,,DE,office,Leipzig,,DE,regional_train,subscription,,,9.42,0.0,4.38,0.33,False,True,False,False,,0
6fe9e04c-82f5-5b17-9cad-0b49e108618e,76aa277b-97ee-5398-ba95-f8d8bcb01154,ce92d8e0-065e-589b-a60e-c692ef2d2ff9,ba56ce33-eff8-5209-b60c-5b07ec924531,1,2025-10-31 17:34:00+02:00,2025-10-31 17:51:00+02:00,17,office,Leipzig,,DE,home,Leipzig,,DE,regional_train,subscription,,,9.42,0.0,4.38,0.33,False,True,False,False,,0
6c7ab9eb-2083-52ee-b744-402da90c2089,19f495bd-dace-5a1e-82b5-468f9104525c,ce92d8e0-065e-589b-a60e-c692ef2d2ff9,ba56ce33-eff8-5209-b60c-5b07ec924531,1,2025-11-01 13:00:00+01:00,2025-11-01 13:09:00+01:00,9,home,Leipzig,,DE,market square,Leipzig,,DE,public_transport,subscription,,,4.68,0.0,2.9,0.187,False,True,False,False,,0
a61e10bb-35bd-5fda-a80b-7ca4317906fe,64c3d946-b714-5648-8b6d-cf6d8a641c0f,ce92d8e0-065e-589b-a60e-c692ef2d2ff9,ba56ce33-eff8-5209-b60c-5b07ec924531,1,2025-11-04 07:41:00+01:00,2025-11-04 07:56:00+01:00,15,home,Leipzig,,DE,office,Leipzig,,DE,regional_train,subscription,,,8.33,0.0,4.17,0.292,False,True,False,False,,0
89940962-2afc-5a99-85cf-7a1b4faa1c6d,3cc3c145-5998-542c-876b-b76e8c7501d3,ce92d8e0-065e-589b-a60e-c692ef2d2ff9,ba56ce33-eff8-5209-b60c-5b07ec924531,1,2025-11-04 17:55:00+01:00,2025-11-04 18:10:00+01:00,15,office,Leipzig,,DE,home,Leipzig,,DE,regional_train,subscription,,,8.33,0.0,4.17,0.292,False,True,False,False,,0
c72ffc90-94f0-5365-b006-8e38a59c572e,74107882-b972-5705-ba26-6306f53cc8f4,ce92d8e0-065e-589b-a60e-c692ef2d2ff9,b1d91745-0169-5eed-93b4-2ab7e2c0e4aa,1,2025-11-04 06:40:00+01:00,2025-11-04 07:41:00+01:00,61,home,Leipzig,,DE,client site,Berlin,,DE,long_distance_train,subscription,,,187.95,22.55,30.07,5.638,False,True,False,False,,0
4ac655b7-68cc-515f-ac8a-0371ea066384,45654427-c20b-5022-8762-155ea44dd44c,ce92d8e0-065e-589b-a60e-c692ef2d2ff9,b1d91745-0169-5eed-93b4-2ab7e2c0e4aa,1,2025-11-04 17:35:00+01:00,2025-11-04 18:36:00+01:00,61,client site,Berlin,,DE,home,Leipzig,,DE,long_distance_train,subscription,,,187.95,22.55,30.07,5.638,False,True,False,False,,0
f5c03646-b2d6-5ff3-886a-e54e3232c4f6,28383c00-1b1d-5bd6-8bb5-75532308d427,ce92d8e0-065e-589b-a60e-c692ef2d2ff9,ba56ce33-eff8-5209-b60c-5b07ec924531,1,2025-11-05 07:48:00+01:00,2025-11-05 08:02:00+01:00,14,home,Leipzig,,DE,office,Leipzig,,DE,regional_train,subscription,,,7.93,0.0,4.09,0.278,False,True,False,False,,0
f1e8ec27-2d49-56ea-b4b4-0e8d89160897,ba1e680c-d0d2-53c9-a841-43dc1d2e46b5,ce92d8e0-065e-589b-a60e-c692ef2d2ff9,ba56ce33-eff8-5209-b60c-5b07ec924531,1,2025-11-05 17:44:00+01:00,2025-11-05 17:58:00+01:00,14,office,Leipzig,,DE,home,Leipzig,,DE,regional_train,subscription,,,7.93,0.0,4.09,0.278,False,True,False,False,,0
def6b447-7bb7-5657-b56a-559f0c9e3334,8773d190-327a-5e58-aec6-1ccccccb8317,ce92d8e0-065e-589b-a60e-c692ef2d2ff9,ba56ce33-eff8-5209-b60c-5b07ec924531,1,2025-11-06 07:47:00+01:00,2025-11-06 08:02:00+01:00,15,home,Leipzig,,DE,office,Leipzig,,DE,regional_train,subscription,,,8.34,0.0,4.17,0.292,False,True,False,False,,0
0e8e270d-6820-5ad5-8329-c814ecf70a78,3d86ce57-eb73-5025-944d-8df928b6dbee,ce92d8e0-065e-589b-a60e-c692ef2d2ff9,ba56ce33-eff8-5209-b60c-5b07ec924531,1,2025-11-06 17:44:00+01:00,2025-11-06 17:59:00+01:00,15,office,Leipzig,,DE,home,Leipzig,,DE,regional_train,subscription,,,8.34,0.0,4.17,0.292,False,True,False,False,,0
621abed8-174a-5e0d-a4ac-4afd94a43253,741ee26e-70ec-547d-831f-b99eee562d56,ce92d8e0-065e-589b-a60e-c692ef2d2ff9,ba56ce33-eff8-5209-b60c-5b07ec924531,1,2025-11-07 07:54:00+01:00,2025-11-07 08:09:00+01:00,15,home,Leipzig,,DE,office,Leipzig,,DE,regional_train,subscription,,,8.42,0.0,4.18,0.295,False,True,False,False,,0
9d2ab37b-f884-516e-92a3-308b64103a36,2ab0cc0e-e899-57d4-8632-c49a5888446c,ce92d8e0-065e-589b-a60e-c692ef2d2ff9,ba56ce33-eff8-5209-b60c-5b07ec924531,1,2025-11-07 17:49:00+01:00,2025-11-07 18:04:00+01:00,15,office,Leipzig,,DE,home,Leipzig,,DE,regional_train,subscription,,,8.42,0.0,4.18,0.295,False,True,False,False,,0
3286d4ee-7c3d-5545-8a76-dc2c344699b6,55c653ac-8a69-5c13-9f54-c57126de5141,ce92d8e0-065e-589b-a60e-c692ef2d2ff9,b1d91745-0169-5eed-93b4-2ab7e2c0e4aa,1,2025-11-07 06:35:00+01:00,2025-11-07 09:31:00+01:00,176,home,Leipzig,,DE,client site,Cologne,,DE,long_distance_train,subscription,,,544.3,65.32,87.09,16.329,False,True,False,False,,0
76c19e3d-4310-53aa-a5b2-e18f1aa72478,0aaa5531-bd0b-50c2-bda0-81f3ea49dafc,ce92d8e0-065e-589b-a60e-c692ef2d2ff9,b1d91745-0169-5eed-93b4-2ab7e2c0e4aa,1,2025-11-07 17:36:00+01:00,2025-11-07 20:32:00+01:00,176,client site,Cologne,,DE,home,Leipzig,,DE,long_distance_train,subscription,,,544.3,65.32,87.09,16.329,False,True,False,False,,0
8268329f-3e1f-592c-ac39-3cdc88a1f0ec,d64f2bc9-8276-5a4a-bf70-0e3800ed6936,ce92d8e0-065e-589b-a60e-c692ef2d2ff9,ba56ce33-eff8-5209-b60c-5b07ec924531,1,2025-11-10 07:56:00+01:00,2025-11-10 08:11:00+01:00,15,home,Leipzig,,DE,office,Leipzig,,DE,regional_train,subscription,,,8.43,0.0,4.19,0.295,False,True,False,False,,0
ade5e02e-6773-534b-95f7-329782a63d00,93f86a68-fdae-51ad-8b9c-6ef2e310fc36,ce92d8e0-065e-589b-a60e-c692ef2d2ff9,ba56ce33-eff8-5209-b60c-5b07ec924531,1,2025-11-10 17:51:00+01:00,2025-11-10 18:06:00+01:00,15,office,Leipzig,,DE,home,Leipzig,,DE,regional_train,subscription,,,8.43,0.0,4.19,0.295,False,True,False,False,,0
6bd232d5-321e-579e-aaf2-0bc474552d3b,4b566dd0-31b5-51c3-93a6-731ea69794af,ce92d8e0-065e-589b-a60e-c692ef2d2ff9,ba56ce33-eff8-5209-b60c-5b07ec924531,1,2025-11-11 07:54:00+01:00,2025-11-11 08:09:00+01:00,15,home,Leipzig,,DE,office,Leipzig,,DE,regional_train,subscription,,,8.18,0.0,4.14,0.286,False,True,False,False,,0
1bdf7f83-fdbc-5976-a141-e8a2ad84eae1,ea63a3fb-4a03-5098-8231-9d791271fc79,ce92d8e0-065e-589b-a60e-c692ef2d2ff9,ba56ce33-eff8-5209-b60c-5b07ec924531,1,2025-11-11 17:53:00+01:00,2025-11-11 18:08:00+01:00,15,office,Leipzig,,DE,home,Leipzig,,DE,regional_train,subscription,,,8.18,0.0,4.14,0.286,False,True,False,False,,0
b5d460d3-ffcc-5b6b-982d-5f1ebd906a40,27f98080-f44b-5417-bf13-deb655b7a3c9,ce92d8e0-065e-589b-a60e-c692ef2d2ff9,b1d91745-0169-5eed-93b4-2ab7e2c0e4aa,1,2025-11-11 06:30:00+01:00,2025-11-11 08:37:00+01:00,127,home,Leipzig,,DE,client site,Munich,,DE,long_distance_train,subscription,,,392.34,47.08,62.77,11.77,False,True,False,False,,0
aeb7be14-8cfc-546c-b366-459d5aa4c4fd,6a34c2ee-8827-56f4-827e-62df4742d223,ce92d8e0-065e-589b-a60e-c692ef2d2ff9,b1d91745-0169-5eed-93b4-2ab7e2c0e4aa,1,2025-11-11 17:22:00+01:00,2025-11-11 19:29:00+01:00,127,client site,Munich,,DE,home,Leipzig,,DE,long_distance_train,subscription,,,392.34,47.08,62.77,11.77,False,True,False,False,,0
fdfd9af3-8318-5da7-97a4-7a2eefc99df5,4b097235-4d9c-5c25-b27d-256f07fa93db,ce92d8e0-065e-589b-a60e-c692ef2d2ff9,ba56ce33-eff8-5209-b60c-5b07ec924531,1,2025-11-12 07:41:00+01:00,2025-11-12 07:58:00+01:00,17,home,Leipzig,,DE,office,Leipzig,,DE,regional_train,subscription,,,9.26,0.0,4.35,0.324,False,True,False,False,,0
54c9ca87-e98b-5cc0-adad-fea509788c27,b06f2fb1-5c8d-5825-9a00-9ad60dd4185c,ce92d8e0-065e-589b-a60e-c692ef2d2ff9,ba56ce33-eff8-5209-b60c-5b07ec924531,1,2025-11-12 17:32:00+01:00,2025-11-12 17:49:00+01:00,17,office,Leipzig,,DE,home,Leipzig,,DE,regional_train,subscription,,,9.26,0.0,4.35,0.324,False,True,False,False,,0
ff4995b0-08cb-53e8-a414-8dd47e734f7d,9f593910-0a37-5bd8-a775-bf7b958de0a4,ce92d8e0-065e-589b-a60e-c692ef2d2ff9,b1d91745-0169-5eed-93b4-2ab7e2c0e4aa,1,2025-11-12 06:34:00+01:00,2025-11-12 08:51:00+01:00,137,home,Leipzig,,DE,client site,Hamburg,,DE,long_distance_train,subscription,,,423.84,50.86,67.81,12.715,False,True,False,False,,0
f0de62d1-ef41-5f70-add6-bf9685944316,963c097b-62f6-5cd9-8683-4f99d9202747,ce92d8e0-065e-589b-a60e-c692ef2d2ff9,b1d91745-0169-5eed-93b4-2ab7e2c0e4aa,1,2025-11-12 17:00:00+01:00,2025-11-12 19:17:00+01:00,137,client site,Hamburg,,DE,home,Leipzig,,DE,long_distance_train,subscription,,,423.84,50.86,67.81,12.715,False,True,False,False,,0
eb4f31d4-10e5-597a-b748-9c300bfb0f99,246a7195-5174-5ab7-aba6-0b98deefcb04,ce92d8e0-065e-589b-a60e-c692ef2d2ff9,ba56ce33-eff8-5209-b60c-5b07ec924531,1,2025-11-13 07:50:00+01:00,2025-11-13 08:05:00+01:00,15,home,Leipzig,,DE,office,Leipzig,,DE,regional_train,subscription,,,8.14,0.0,4.13,0.285,False,True,False,False,,0
8dd03e33-f0ec-5ce6-9968-1bc1f1d5a1ba,f65791c3-4f93-5dc3-8d27-95e73023fe50,ce92d8e0-065e-589b-a60e-c692ef2d2ff9,ba56ce33-eff8-5209-b60c-5b07ec924531,1,2025-11-13 17:53:00+01:00,2025-11-13 18:08:00+01:00,15,office,Leipzig,,DE,home,Leipzig,,DE,regional_train,subscription,,,8.14,0.0,4.13,0.285,False,True,False,False,,0
1b2da26f-2a99-5e0c-afa2-aa09f1b29d2c,bf25b67b-587b-5b00-a49f-2ec3d18bdaf0,ce92d8e0-065e-589b-a60e-c692ef2d2ff9,ba56ce33-eff8-5209-b60c-5b07ec924531,1,2025-11-14 07:46:00+01:00,2025-11-14 08:00:00+01:00,14,home,Leipzig,,DE,office,Leipzig,,DE,regional_train,subscription,,,7.87,0.0,4.07,0.275,False,True,False,False,,0
c3120786-174d-5a68-aa40-b5110bc7dde2,6b9b2ce1-f7be-5d88-b54d-01bcffb7396d,ce92d8e0-065e-589b-a60e-c692ef2d2ff9,ba56ce33-eff8-5209-b60c-5b07ec924531,1,2025-11-14 17:32:00+01:00,2025-11-14 17:46:00+01:00,14,office,Leipzig,,DE,home,Leipzig,,DE,regional_train,subscription,,,7.87,0.0,4.07,0.275,False,True,False,False,,0
c12af426-b577-5534-a3f9-91cea917a485,06cdbc71-5e38-5a19-a9d9-122a7d95bd49,ce92d8e0-065e-589b-a60e-c692ef2d2ff9,ba56ce33-eff8-5209-b60c-5b07ec924531,1,2025-11-17 07:57:00+01:00,2025-11-17 08:14:00+01:00,17,home,Leipzig,,DE,office,Leipzig,,DE,regional_train,subscription,,,9.36,0.0,4.37,0.328,False,True,False,False,,0
7017d177-a83d-58d7-8d24-10d712685658,1ac5fa41-3a1f-58c8-877a-dcbe96c35842,ce92d8e0-065e-589b-a60e-c692ef2d2ff9,ba56ce33-eff8-5209-b60c-5b07ec924531,1,2025-11-17 17:36:00+01:00,2025-11-17 17:53:00+01:00,17,office,Leipzig,,DE,home,Leipzig,,DE,regional_train,subscription,,,9.36,0.0,4.37,0.328,False,True,False,False,,0
a2d4ccb2-4e34-5abd-987c-56fbb5552566,21bc4834-d980-5dc7-b7d8-0d7de97b205f,ce92d8e0-065e-589b-a60e-c692ef2d2ff9,ba56ce33-eff8-5209-b60c-5b07ec924531,1,2025-11-18 07:55:00+01:00,2025-11-18 08:10:00+01:00,15,home,Leipzig,,DE,office,Leipzig,,DE,regional_train,subscription,,,8.16,0.0,4.13,0.286,False,True,False,False,,0
18bda30f-5da8-56f6-a66e-19dccaec660d,40e66713-f919-5faa-8259-0486efed01f1,ce92d8e0-065e-589b-a60e-c692ef2d2ff9,ba56ce33-eff8-5209-b60c-5b07ec924531,1,2025-11-18 17:38:00+01:00,2025-11-18 17:53:00+01:00,15,office,Leipzig,,DE,home,Leipzig,,DE,regional_train,subscription,,,8.16,0.0,4.13,0.286,False,True,False,False,,0
0a13d5f9-9d72-55b1-b4e4-a484df089eda,7406373e-f347-5290-a506-f881a5b423eb,ce92d8e0-065e-589b-a60e-c692ef2d2ff9,ba56ce33-eff8-5209-b60c-5b07ec924531,1,2025-11-19 07:45:00+01:00,2025-11-19 08:01:00+01:00,16,home,Leipzig,,DE,office,Leipzig,,DE,regional_train,subscription,,,8.56,0.0,4.21,0.3,False,True,False,False,,0
959a1b9e-0ada-59c7-9726-71bb79db50ac,7c5c0a66-2c9a-5dd7-9e7b-ef3adcdaa8a6,ce92d8e0-065e-589b-a60e-c692ef2d2ff9,ba56ce33-eff8-5209-b60c-5b07ec924531,1,2025-11-19 17:30:00+01:00,2025-11-19 17:46:00+01:00,16,office,Leipzig,,DE,home,Leipzig,,DE,regional_train,subscription,,,8.56,0.0,4.21,0.3,False,True,False,False,,0
b7e85402-664e-5007-8473-6bd9d8a83d2e,6a8f73a4-ffa5-5944-b2c4-4cb620c01835,ce92d8e0-065e-589b-a60e-c692ef2d2ff9,ba56ce33-eff8-5209-b60c-5b07ec924531,1,2025-11-20 07:44:00+01:00,2025-11-20 07:59:00+01:00,15,home,Leipzig,,DE,office,Leipzig,,DE,regional_train,subscription,,,8.3,0.0,4.16,0.291,False,True,False,False,,0
7bce9d81-b0d3-5bca-9d58-9866e9499197,67973502-5c67-5122-9cfb-027c01ce8565,ce92d8e0-065e-589b-a60e-c692ef2d2ff9,ba56ce33-eff8-5209-b60c-5b07ec924531,1,2025-11-20 17:46:00+01:00,2025-11-20 18:01:00+01:00,15,office,Leipzig,,DE,home,Leipzig,,DE,regional_train,subscription,,,8.3,0.0,4.16,0.291,False,True,False,False,,0
10a3e4d7-6688-56b4-b206-904e98ce5ac0,a21c071a-81f1-562c-b570-690db6aacd62,ce92d8e0-065e-589b-a60e-c692ef2d2ff9,ba56ce33-eff8-5209-b60c-5b07ec924531,1,2025-11-21 07:43:00+01:00,2025-11-21 07:57:00+01:00,14,home,Leipzig,,DE,office,Leipzig,,DE,regional_train,subscription,,,7.95,0.0,4.09,0.278,False,True,False,False,,0
b125c9d4-3b19-50ed-b042-745ede0edee0,6afa7fcc-c072-5e85-a7ba-829f5464c178,ce92d8e0-065e-589b-a60e-c692ef2d2ff9,ba56ce33-eff8-5209-b60c-5b07ec924531,1,2025-11-21 17:55:00+01:00,2025-11-21 18:09:00+01:00,14,office,Leipzig,,DE,home,Leipzig,,DE,regional_train,subscription,,,7.95,0.0,4.09,0.278,False,True,False,False,,0
6094f3fd-fdd3-5402-ab1b-cd913e6cec02,cf3bfb0f-a8ed-54b9-a69c-09f5bba8a3cd,ce92d8e0-065e-589b-a60e-c692ef2d2ff9,ba56ce33-eff8-5209-b60c-5b07ec924531,1,2025-11-26 07:40:00+01:00,2025-11-26 07:57:00+01:00,17,home,Leipzig,,DE,office,Leipzig,,DE,regional_train,subscription,,,9.19,0.0,4.34,0.322,False,True,False,False,,0
1354cfdf-74fd-548e-8530-ad6eaf6562f9,670a834c-f665-5074-bdf7-97b967f0e0f5,ce92d8e0-065e-589b-a60e-c692ef2d2ff9,ba56ce33-eff8-5209-b60c-5b07ec924531,1,2025-11-26 17:49:00+01:00,2025-11-26 18:06:00+01:00,17,office,Leipzig,,DE,home,Leipzig,,DE,regional_train,subscription,,,9.19,0.0,4.34,0.322,False,True,False,False,,0
2543fcee-d385-5993-9ff8-279e51f4790c,e4ab3c9d-7b77-5529-85de-136718b56f26,ce92d8e0-065e-589b-a60e-c692ef2d2ff9,ba56ce33-eff8-5209-b60c-5b07ec924531,1,2025-11-28 07:50:00+01:00,2025-11-28 08:05:00+01:00,15,home,Leipzig,,DE,office,Leipzig,,DE,regional_train,subscription,,,8.28,0.0,4.16,0.29,False,True,False,False,,0
85786738-3436-56ad-8c62-d154c1dc628b,fedadc71-4f85-5c0e-81b8-07949c509e43,ce92d8e0-065e-589b-a60e-c692ef2d2ff9,ba56ce33-eff8-5209-b60c-5b07ec924531,1,2025-11-28 17:38:00+01:00,2025-11-28 17:53:00+01:00,15,office,Leipzig,,DE,home,Leipzig,,DE,regional_train,subscription,,,8.28,0.0,4.16,0.29,False,True,False,False,,0
cbfd6e8e-6de6-55ba-8ac0-01657da8082e,6410995a-d084-5064-9989-53f4df14d8e4,ce92d8e0-065e-589b-a60e-c692ef2d2ff9,ba56ce33-eff8-5209-b60c-5b07ec924531,1,2025-12-01 07:56:00+01:00,2025-12-01 08:10:00+01:00,14,home,Leipzig,,DE,office,Leipzig,,DE,regional_train,subscription,,,7.77,0.0,4.05,0.272,False,True,False,False,,0
705f7922-1bf4-5091-a1a4-b967f645ddc2,97b4c196-f6a8-5742-a95a-9d501936c839,ce92d8e0-065e-589b-a60e-c692ef2d2ff9,ba56ce33-eff8-5209-b60c-5b07ec924531,1,2025-12-01 17:35:00+01:00,2025-12-01 17:49:00+01:00,14,office,Leipzig,,DE,home,Leipzig,,DE,regional_train,subscription,,,7.77,0.0,4.05,0.272,False,True,False,False,,0
0adcefcf-d929-5c35-a981-909f625672db,9e0c9825-db28-59a1-a74c-74cd802e725e,ce92d8e0-065e-589b-a60e-c692ef2d2ff9,b1d91745-0169-5eed-93b4-2ab7e2c0e4aa,1,2025-12-01 06:54:00+01:00,2025-12-01 09:04:00+01:00,130,home,Leipzig,,DE,client site,Hamburg,,DE,long_distance_train,subscription,,,402.83,48.34,64.45,12.085,False,True,False,False,,0
6300a520-d2a0-5f54-b693-ccce9b023b6c,d3b8396f-764a-588b-9b99-576b80411eb9,ce92d8e0-065e-589b-a60e-c692ef2d2ff9,b1d91745-0169-5eed-93b4-2ab7e2c0e4aa,1,2025-12-01 17:22:00+01:00,2025-12-01 19:32:00+01:00,130,client site,Hamburg,,DE,home,Leipzig,,DE,long_distance_train,subscription,,,402.83,48.34,64.45,12.085,False,True,False,False,,0
6d31553a-d6aa-55e2-80b6-3c16e3b50aba,8693fe14-66b7-5a1a-97ca-f278c71cabef,ce92d8e0-065e-589b-a60e-c692ef2d2ff9,ba56ce33-eff8-5209-b60c-5b07ec924531,1,2025-12-02 07:46:00+01:00,2025-12-02 08:00:00+01:00,14,home,Leipzig,,DE,office,Leipzig,,DE,regional_train,subscription,,,7.77,0.0,4.05,0.272,False,True,False,False,,0
c76fc148-e7f0-5d67-8694-716430e6b8f9,0478b313-055f-5f7d-8d2b-e83ac2457ab9,ce92d8e0-065e-589b-a60e-c692ef2d2ff9,ba56ce33-eff8-5209-b60c-5b07ec924531,1,2025-12-02 17:43:00+01:00,2025-12-02 17:57:00+01:00,14,office,Leipzig,,DE,home,Leipzig,,DE,regional_train,subscription,,,7.77,0.0,4.05,0.272,False,True,False,False,,0
aac297eb-7dd8-5060-8411-4c2a1cf928a8,7efe626e-0996-50f8-9404-7d1a79d4f5e6,ce92d8e0-065e-589b-a60e-c692ef2d2ff9,ba56ce33-eff8-5209-b60c-5b07ec924531,1,2025-12-03 07:48:00+01:00,2025-12-03 08:04:00+01:00,16,home,Leipzig,,DE,office,Leipzig,,DE,regional_train,subscription,,,8.96,0.0,4.29,0.314,False,True,False,False,,0
e0a0ca9c-978f-5715-b7c3-dfb9064535ad,19bf407c-d088-5db5-b56c-3005350f1fea,ce92d8e0-065e-589b-a60e-c692ef2d2ff9,ba56ce33-eff8-5209-b60c-5b07ec924531,1,2025-12-03 17:52:00+01:00,2025-12-03 18:08:00+01:00,16,office,Leipzig,,DE,home,Leipzig,,DE,regional_train,subscription,,,8.96,0.0,4.29,0.314,False,True,False,False,,0
e42a3699-79b1-5a1b-8447-58bb0cd3ec93,a9107b6d-a538-59f2-912f-98aa371e5271,ce92d8e0-065e-589b-a60e-c692ef2d2ff9,ba56ce33-eff8-5209-b60c-5b07ec924531,1,2025-12-04 07:46:00+01:00,2025-12-04 08:03:00+01:00,17,home,Leipzig,,DE,office,Leipzig,,DE,regional_train,subscription,,,9.17,0.0,4.33,0.321,False,True,False,False,,0
01eb3cfd-0fd5-516c-afcb-2913c2423809,9fccae78-5c2c-5526-875b-ae0ef7a44b00,ce92d8e0-065e-589b-a60e-c692ef2d2ff9,ba56ce33-eff8-5209-b60c-5b07ec924531,1,2025-12-04 17:31:00+01:00,2025-12-04 17:48:00+01:00,17,office,Leipzig,,DE,home,Leipzig,,DE,regional_train,subscription,,,9.17,0.0,4.33,0.321,False,True,False,False,,0
9aa2ba48-8f5f-5971-b658-c7d13cd14677,7ed6bd41-ab54-5aa3-8906-b9f932225c6b,ce92d8e0-065e-589b-a60e-c692ef2d2ff9,ba56ce33-eff8-5209-b60c-5b07ec924531,1,2025-12-05 07:41:00+01:00,2025-12-05 07:56:00+01:00,15,home,Leipzig,,DE,office,Leipzig,,DE,regional_train,subscription,,,8.32,0.0,4.16,0.291,False,True,False,False,,0
ac8111ae-1f50-5dfa-80bd-29eb9b1e7cc0,6d5c733e-6e91-5a00-9881-34322e4d4e9a,ce92d8e0-065e-589b-a60e-c692ef2d2ff9,ba56ce33-eff8-5209-b60c-5b07ec924531,1,2025-12-05 17:51:00+01:00,2025-12-05 18:06:00+01:00,15,office,Leipzig,,DE,home,Leipzig,,DE,regional_train,subscription,,,8.32,0.0,4.16,0.291,False,True,False,False,,0
0432a527-1abb-5467-b61e-cd49610c2819,cc2052e5-5c8e-55ad-893f-1daf688f24f2,ce92d8e0-065e-589b-a60e-c692ef2d2ff9,ba56ce33-eff8-5209-b60c-5b07ec924531,1,2025-12-06 10:00:00+01:00,2025-12-06 10:08:00+01:00,8,home,Leipzig,,DE,market square,Leipzig,,DE,public_transport,subscription,,,4.14,0.0,2.9,0.166,False,True,False,False,,0
0f29f82f-bff1-5429-81c4-fef8c771ecb1,d828e870-c70c-56b7-8c49-d4fa4467b338,ce92d8e0-065e-589b-a60e-c692ef2d2ff9,ba56ce33-eff8-5209-b60c-5b07ec924531,1,2025-12-07 15:00:00+01:00,2025-12-07 15:07:00+01:00,7,home,Leipzig,,DE,market square,Leipzig,,DE,public_transport,subscription,,,3.3,0.0,2.9,0.132,False,True,False,False,,0
375e21a2-8589-544d-9dcc-e97748754362,f1fe1374-bff8-579c-812b-bcdc56058b01,ce92d8e0-065e-589b-a60e-c692ef2d2ff9,ba56ce33-eff8-5209-b60c-5b07ec924531,1,2025-12-09 07:47:00+01:00,2025-12-09 08:01:00+01:00,14,home,Leipzig,,DE,office,Leipzig,,DE,regional_train,subscription,,,7.74,0.0,4.05,0.271,False,True,False,False,,0
59321df0-7fda-5c0f-8bfd-c7e3a38fb9d6,94bd350e-276f-5ca5-b404-aa01fcebaa8c,ce92d8e0-065e-589b-a60e-c692ef2d2ff9,ba56ce33-eff8-5209-b60c-5b07ec924531,1,2025-12-09 17:45:00+01:00,2025-12-09 17:59:00+01:00,14,office,Leipzig,,DE,home,Leipzig,,DE,regional_train,subscription,,,7.74,0.0,4.05,0.271,False,True,False,False,,0
93bf605b-5d9b-52a4-88ea-1984c834efbf,d781a71c-4c6e-55d2-97f5-3fc9ffcea48f,ce92d8e0-065e-589b-a60e-c692ef2d2ff9,ba56ce33-eff8-5209-b60c-5b07ec924531,1,2025-12-10 07:40:00+01:00,2025-12-10 07:56:00+01:00,16,home,Leipzig,,DE,office,Leipzig,,DE,regional_train,subscription,,,8.58,0.0,4.22,0.3,False,True,False,False,,0
a13cd38d-ee14-5924-8013-b37c6a16eb52,692f21e5-a1b0-56bb-91ed-0c121cebab52,ce92d8e0-065e-589b-a60e-c692ef2d2ff9,ba56ce33-eff8-5209-b60c-5b07ec924531,1,2025-12-10 17:52:00+01:00,2025-12-10 18:08:00+01:00,16,office,Leipzig,,DE,home,Leipzig,,DE,regional_train,subscription,,,8.58,0.0,4.22,0.3,False,True,False,False,,0
48ba2e5b-57aa-5310-95ee-76d73495e5df,899ee92d-303a-53c0-ae9a-4852831a9295,ce92d8e0-065e-589b-a60e-c692ef2d2ff9,b1d91745-0169-5eed-93b4-2ab7e2c0e4aa,1,2025-12-10 06:44:00+01:00,2025-12-10 09:57:00+01:00,193,home,Leipzig,,DE,client site,Cologne,,DE,long_distance_train,subscription,,,597.02,71.64,95.52,17.911,False,True,False,False,,0
9a7aa8a9-96d9-55d9-a80f-f3910ac84f10,b4e0a2b6-50cb-56e3-ae8d-c0f7bc594f82,ce92d8e0-065e-589b-a60e-c692ef2d2ff9,b1d91745-0169-5eed-93b4-2ab7e2c0e4aa,1,2025-12-10 17:00:00+01:00,2025-12-10 20:13:00+01:00,193,client site,Cologne,,DE,home,Leipzig,,DE,long_distance_train,subscription,,,597.02,71.64,95.52,17.911,False,True,False,False,,0
cc271231-99e8-5250-be23-bb344c5e6fb8,2c753404-6318-5b69-b65a-3471bc1844c1,ce92d8e0-065e-589b-a60e-c692ef2d2ff9,ba56ce33-eff8-5209-b60c-5b07ec924531,1,2025-12-11 07:41:00+01:00,2025-12-11 07:57:00+01:00,16,home,Leipzig,,DE,office,Leipzig,,DE,regional_train,subscription,,,8.63,0.0,4.23,0.302,False,True,False,False,,0
9a6ef812-f986-52f0-91d1-9db2b5d67137,49bcc13d-0d94-5f77-a184-d7703283fd79,ce92d8e0-065e-589b-a60e-c692ef2d2ff9,ba56ce33-eff8-5209-b60c-5b07ec924531,1,2025-12-11 17:42:00+01:00,2025-12-11 17:58:00+01:00,16,office,Leipzig,,DE,home,Leipzig,,DE,regional_train,subscription,,,8.63,0.0,4.23,0.302,False,True,False,False,,0
f30da9e9-632b-5737-a393-b5a173e4ef92,af82e2e6-07fa-5b79-bad7-79829f7ff28a,ce92d8e0-065e-589b-a60e-c692ef2d2ff9,ba56ce33-eff8-5209-b60c-5b07ec924531,1,2025-12-13 12:00:00+01:00,2025-12-13 12:12:00+01:00,12,home,Leipzig,,DE,market square,Leipzig,,DE,public_transport,subscription,,,5.97,0.0,2.9,0.239,False,True,False,False,,0
e3d99a4d-158e-56ad-9c3c-949e6dd7824e,81eb5b57-c63c-547a-ad5b-2dd2a1b6c0b7,ce92d8e0-065e-589b-a60e-c692ef2d2ff9,ba56ce33-eff8-5209-b60c-5b07ec924531,1,2025-12-15 07:40:00+01:00,2025-12-15 07:56:00+01:00,16,home,Leipzig,,DE,office,Leipzig,,DE,regional_train,subscription,,,9.07,0.0,4.31,0.317,False,True,False,False,,0
39df137d-6d4d-5848-aa58-48fa94e86c59,87ec50e7-b870-57a8-8c07-a142e92c20b4,ce92d8e0-065e-589b-a60e-c692ef2d2ff9,ba56ce33-eff8-5209-b60c-5b07ec924531,1,2025-12-15 17:42:00+01:00,2025-12-15 17:58:00+01:00,16,office,Leipzig,,DE,home,Leipzig,,DE,regional_train,subscription,,,9.07,0.0,4.31,0.317,False,True,False,False,,0
bed63ddf-e66c-58f4-92e2-e2e11006bc13,32528168-5cef-5064-bc44-8d030a51d225,ce92d8e0-065e-589b-a60e-c692ef2d2ff9,ba56ce33-eff8-5209-b60c-5b07ec924531,1,2025-12-16 07:55:00+01:00,2025-12-16 08:09:00+01:00,14,home,Leipzig,,DE,office,Leipzig,,DE,regional_train,subscription,,,7.54,0.0,4.01,0.264,False,True,False,False,,0
7659ad7d-7e0a-5fe7-8f3b-fbabb326b713,d17f6627-75fb-5bbd-a044-56e9703f1e67,ce92d8e0-065e-589b-a60e-c692ef2d2ff9,ba56ce33-eff8-5209-b60c-5b07ec924531,1,2025-12-16 17:47:00+01:00,2025-12-16 18:01:00+01:00,14,office,Leipzig,,DE,home,Leipzig,,DE,regional_train,subscription,,,7.54,0.0,4.01,0.264,False,True,False,False,,0
4e04d738-09dc-5056-8693-d7ee842f89f9,fe419a46-4203-56ff-8090-de58951300c9,ce92d8e0-065e-589b-a60e-c692ef2d2ff9,ba56ce33-eff8-5209-b60c-5b07ec924531,1,2025-12-17 07:56:00+01:00,2025-12-17 08:10:00+01:00,14,home,Leipzig,,DE,office,Leipzig,,DE,regional_train,subscription,,,7.53,0.0,4.01,0.264,False,True,False,False,,0
ea5c7507-dcff-5ae1-ac1f-5fa5bd116625,45b1b6a4-bbd6-53c9-a004-e49a87d85a5b,ce92d8e0-065e-589b-a60e-c692ef2d2ff9,ba56ce33-eff8-5209-b60c-5b07ec924531,1,2025-12-17 17:53:00+01:00,2025-12-17 18:07:00+01:00,14,office,Leipzig,,DE,home,Leipzig,,DE,regional_train,subscription,,,7.53,0.0,4.01,0.264,False,True,False,False,,0
0e416028-72cb-51b4-9593-c9e6f0e7f7d0,8d855533-68cf-56ab-8905-47810c5096d0,ce92d8e0-065e-589b-a60e-c692ef2d2ff9,ba56ce33-eff8-5209-b60c-5b07ec924531,1,2025-12-18 07:47:00+01:00,2025-12-18 08:03:00+01:00,16,home,Leipzig,,DE,office,Leipzig,,DE,regional_train,subscription,,,8.98,0.0,4.3,0.314,False,True,False,False,,0
98d87a23-4a5c-53d4-aed8-a8d25420c766,8eb041ad-1f32-5cdc-965a-42d42eac2441,ce92d8e0-065e-589b-a60e-c692ef2d2ff9,ba56ce33-eff8-5209-b60c-5b07ec924531,1,2025-12-18 17:51:00+01:00,2025-12-18 18:07:00+01:00,16,office,Leipzig,,DE,home,Leipzig,,DE,regional_train,subscription,,,8.98,0.0,4.3,0.314,False,True,False,False,,0
eda7c6af-2404-564b-a8ed-b947686b8856,429cc96b-479b-5e58-9403-b04536492e57,ce92d8e0-065e-589b-a60e-c692ef2d2ff9,ba56ce33-eff8-5209-b60c-5b07ec924531,1,2025-12-19 07:54:00+01:00,2025-12-19 08:08:00+01:00,14,home,Leipzig,,DE,office,Leipzig,,DE,regional_train,subscription,,,7.54,0.0,4.01,0.264,False,True,False,False,,0
c6c4bc4f-f8a6-5f7f-87aa-cda113bb271e,9ec504a3-6b21-5537-869b-92eb6f0966f3,ce92d8e0-065e-589b-a60e-c692ef2d2ff9,ba56ce33-eff8-5209-b60c-5b07ec924531,1,2025-12-19 17:53:00+01:00,2025-12-19 18:07:00+01:00,14,office,Leipzig,,DE,home,Leipzig,,DE,regional_train,subscription,,,7.54,0.0,4.01,0.264,False,True,False,False,,0
7fea84a3-2690-5735-af3d-885a6ed927a1,b0ed3bdb-ebca-57bf-a612-514ab06459eb,ce92d8e0-065e-589b-a60e-c692ef2d2ff9,ba56ce33-eff8-5209-b60c-5b07ec924531,1,2025-12-25 07:47:00+01:00,2025-12-25 08:02:00+01:00,15,home,Leipzig,,DE,office,Leipzig,,DE,regional_train,subscription,,,8.35,0.0,4.17,0.292,False,True,False,False,,0
e575a54c-b437-511d-afc5-b7293fdbc1ef,31b76d3b-8813-5fee-aad8-fe7e69642d2e,ce92d8e0-065e-589b-a60e-c692ef2d2ff9,ba56ce33-eff8-5209-b60c-5b07ec924531,1,2025-12-25 17:38:00+01:00,2025-12-25 17:53:00+01:00,15,office,Leipzig,,DE,home,Leipzig,,DE,regional_train,subscription,,,8.35,0.0,4.17,0.292,False,True,False,False,,0
b356c6c7-3369-51b3-86d0-ff01088ee6f3,724b6940-cb9e-544b-bbbb-70880091483f,ce92d8e0-065e-589b-a60e-c692ef2d2ff9,b1d91745-0169-5eed-93b4-2ab7e2c0e4aa,1,2025-12-26 06:51:00+01:00,2025-12-26 09:01:00+01:00,130,home,Leipzig,,DE,client site,Frankfurt,,DE,long_distance_train,subscription,,,403.32,48.4,64.53,12.1,False,True,False,False,,0
63e72cfd-bf1d-5201-a80b-3c1653fa2ccc,26582c19-2289-5a77-9278-c0cf6f889720,ce92d8e0-065e-589b-a60e-c692ef2d2ff9,b1d91745-0169-5eed-93b4-2ab7e2c0e4aa,1,2025-12-26 17:30:00+01:00,2025-12-26 19:40:00+01:00,130,client site,Frankfurt,,DE,home,Leipzig,,DE,long_distance_train,subscription,,,403.32,48.4,64.53,12.1,False,True,False,False,,0
2a70301d-985f-5cf1-8f4a-8b0cbdee68c9,604d169d-8524-5902-871c-b6b2fb68e6b8,ce92d8e0-065e-589b-a60e-c692ef2d2ff9,ba56ce33-eff8-5209-b60c-5b07ec924531,1,2026-01-06 07:58:00+01:00,2026-01-06 08:14:00+01:00,16,home,Leipzig,,DE,office,Leipzig,,DE,regional_train,subscription,,,8.7,0.0,4.24,0.304,False,True,False,False,,0
4e93cd8d-8e59-5eb4-83a5-7d4c7b53b529,4339f5f8-3fe8-5696-b0e6-c11a3f99557f,ce92d8e0-065e-589b-a60e-c692ef2d2ff9,ba56ce33-eff8-5209-b60c-5b07ec924531,1,2026-01-06 17:48:00+01:00,2026-01-06 18:04:00+01:00,16,office,Leipzig,,DE,home,Leipzig,,DE,regional_train,subscription,,,8.7,0.0,4.24,0.304,False,True,False,False,,0
4613b0b1-3bb3-5645-ae5c-2bbe963ebe14,da23e9f9-f451-5ffb-8f3d-85c8980699fa,ce92d8e0-065e-589b-a60e-c692ef2d2ff9,ba56ce33-eff8-5209-b60c-5b07ec924531,1,2026-01-07 07:40:00+01:00,2026-01-07 07:56:00+01:00,16,home,Leipzig,,DE,office,Leipzig,,DE,regional_train,subscription,,,8.73,0.0,4.25,0.306,False,True,False,False,,0
1aadbb86-05a6-5445-b97c-cf0dc76a2cef,2df80578-fb89-5a63-b32c-28ce821a428c,ce92d8e0-065e-589b-a60e-c692ef2d2ff9,ba56ce33-eff8-5209-b60c-5b07ec924531,1,2026-01-07 17:43:00+01:00,2026-01-07 17:59:00+01:00,16,office,Leipzig,,DE,home,Leipzig,,DE,regional_train,subscription,,,8.73,0.0,4.25,0.306,False,True,False,False,,0
54b9fe12-d6be-5b08-859a-3acf4b8d1c71,e3687545-4b14-5bdf-b8ae-19d4e5870922,ce92d8e0-065e-589b-a60e-c692ef2d2ff9,b1d91745-0169-5eed-93b4-2ab7e2c0e4aa,1,2026-01-08 06:40:00+01:00,2026-01-08 07:39:00+01:00,59,home,Leipzig,,DE,client site,Berlin,,DE,long_distance_train,subscription,,,183.11,21.98,29.3,5.493,False,True,False,False,,0
c5b1ee59-2bc4-5252-bb65-9cccdec07b30,91f6617b-398c-55cf-aaa8-466539cd1511,ce92d8e0-065e-589b-a60e-c692ef2d2ff9,b1d91745-0169-5eed-93b4-2ab7e2c0e4aa,1,2026-01-08 17:15:00+01:00,2026-01-08 18:14:00+01:00,59,client site,Berlin,,DE,home,Leipzig,,DE,long_distance_train,subscription,,,183.11,21.98,29.3,5.493,False,True,False,False,,0
43d8cc6c-dd76-5d5c-939d-b2af95ad1fda,85f9ccec-8069-5fb9-b533-cfbd45751e75,ce92d8e0-065e-589b-a60e-c692ef2d2ff9,ba56ce33-eff8-5209-b60c-5b07ec924531,1,2026-01-09 07:41:00+01:00,2026-01-09 07:57:00+01:00,16,home,Leipzig,,DE,office,Leipzig,,DE,regional_train,subscription,,,8.66,0.0,4.23,0.303,False,True,False,False,,0
37080262-2f6f-55b4-9086-88c896081d43,fa8c07bf-15e1-5d1d-b9d3-0bac06e8091e,ce92d8e0-065e-589b-a60e-c692ef2d2ff9,ba56ce33-eff8-5209-b60c-5b07ec924531,1,2026-01-09 17:51:00+01:00,2026-01-09 18:07:00+01:00,16,office,Leipzig,,DE,home,Leipzig,,DE,regional_train,subscription,,,8.66,0.0,4.23,0.303,False,True,False,False,,0
9ed361fe-658a-5973-809c-e8ca2e70e142,ed6794ff-7b0e-5472-a9c2-44c93474dd71,ce92d8e0-065e-589b-a60e-c692ef2d2ff9,ba56ce33-eff8-5209-b60c-5b07ec924531,1,2026-01-10 16:00:00+01:00,2026-01-10 16:11:00+01:00,11,home,Leipzig,,DE,market square,Leipzig,,DE,public_transport,subscription,,,5.27,0.0,2.9,0.211,False,True,False,False,,0
5f3a10d1-b44f-5411-8593-190ba7bd4f75,d766ddd6-e80e-5ab5-b506-4fdb54900f4d,ce92d8e0-065e-589b-a60e-c692ef2d2ff9,ba56ce33-eff8-5209-b60c-5b07ec924531,1,2026-01-11 15:00:00+01:00,2026-01-11 15:10:00+01:00,10,home,Leipzig,,DE,market square,Leipzig,,DE,public_transport,subscription,,,4.83,0.0,2.9,0.193,False,True,False,False,,0
d29c7614-a924-5b60-b9e5-ddbe27df4cef,2d6d724e-ab7f-53fb-ab46-20187b39aa02,ce92d8e0-065e-589b-a60e-c692ef2d2ff9,ba56ce33-eff8-5209-b60c-5b07ec924531,1,2026-01-12 07:44:00+01:00,2026-01-12 07:58:00+01:00,14,home,Leipzig,,DE,office,Leipzig,,DE,regional_train,subscription,,,7.86,0.0,4.07,0.275,False,True,False,False,,0
e8be518b-7a37-544b-ba92-d012cfe13446,8d384e2e-e4a1-5a2e-b6a6-06c64b9af526,ce92d8e0-065e-589b-a60e-c692ef2d2ff9,ba56ce33-eff8-5209-b60c-5b07ec924531,1,2026-01-12 17:48:00+01:00,2026-01-12 18:02:00+01:00,14,office,Leipzig,,DE,home,Leipzig,,DE,regional_train,subscription,,,7.86,0.0,4.07,0.275,False,True,False,False,,0
afcd1323-29b9-5499-91a7-3347f0e57d51,c136b576-6078-57a8-a61f-0824c62efbca,ce92d8e0-065e-589b-a60e-c692ef2d2ff9,ba56ce33-eff8-5209-b60c-5b07ec924531,1,2026-01-13 07:50:00+01:00,2026-01-13 08:06:00+01:00,16,home,Leipzig,,DE,office,Leipzig,,DE,regional_train,subscription,,,8.76,0.0,4.25,0.307,False,True,False,False,,0
8631dbc5-5562-5a14-b16b-a3268bd903e0,33edbb8d-6788-58d4-9a19-0aad83605789,ce92d8e0-065e-589b-a60e-c692ef2d2ff9,ba56ce33-eff8-5209-b60c-5b07ec924531,1,2026-01-13 17:51:00+01:00,2026-01-13 18:07:00+01:00,16,office,Leipzig,,DE,home,Leipzig,,DE,regional_train,subscription,,,8.76,0.0,4.25,0.307,False,True,False,False,,0
f79050c8-fab3-52ef-86b7-ba5e5eddba03,f2b179d2-7998-51bb-a920-0629d06963cc,ce92d8e0-065e-589b-a60e-c692ef2d2ff9,b1d91745-0169-5eed-93b4-2ab7e2c0e4aa,1,2026-01-13 06:44:00+01:00,2026-01-13 07:48:00+01:00,64,home,Leipzig,,DE,client site,Berlin,,DE,long_distance_train,subscription,,,199.25,23.91,31.88,5.978,False,True,False,False,,0
873d32aa-cc59-5c9e-bcb7-42d8165d0f1e,636c65ba-a6a4-5c93-a6b4-a0fb10fde24c,ce92d8e0-065e-589b-a60e-c692ef2d2ff9,b1d91745-0169-5eed-93b4-2ab7e2c0e4aa,1,2026-01-13 17:40:00+01:00,2026-01-13 18:44:00+01:00,64,client site,Berlin,,DE,home,Leipzig,,DE,long_distance_train,subscription,,,199.25,23.91,31.88,5.978,False,True,False,False,,0
f7921123-6ead-5f7a-bdf1-d7d7504420c3,ee602848-febf-5f15-bbc0-48332adeac05,ce92d8e0-065e-589b-a60e-c692ef2d2ff9,ba56ce33-eff8-5209-b60c-5b07ec924531,1,2026-01-14 07:52:00+01:00,2026-01-14 08:07:00+01:00,15,home,Leipzig,,DE,office,Leipzig,,DE,regional_train,subscription,,,8.06,0.0,4.11,0.282,False,True,False,False,,0
5755eed7-b660-57a3-96e0-2016a932795f,0be08274-f393-5d84-b69d-00e72789db60,ce92d8e0-065e-589b-a60e-c692ef2d2ff9,ba56ce33-eff8-5209-b60c-5b07ec924531,1,2026-01-14 17:35:00+01:00,2026-01-14 17:50:00+01:00,15,office,Leipzig,,DE,home,Leipzig,,DE,regional_train,subscription,,,8.06,0.0,4.11,0.282,False,True,False,False,,0
59376fbe-9d43-51d8-8c80-19c36882dc91,25f334c3-ce8b-5606-907b-6b2fdb7b1cad,ce92d8e0-065e-589b-a60e-c692ef2d2ff9,b1d91745-0169-5eed-93b4-2ab7e2c0e4aa,1,2026-01-14 06:38:00+01:00,2026-01-14 07:37:00+01:00,59,home,Leipzig,,DE,client site,Berlin,,DE,long_distance_train,subscription,,,183.09,21.97,29.29,5.493,False,True,False,False,,0
6b0918d3-d05d-5b61-9a3f-2281160e71c1,bab83a3d-5094-56ef-a028-cc225e329a8f,ce92d8e0-065e-589b-a60e-c692ef2d2ff9,b1d91745-0169-5eed-93b4-2ab7e2c0e4aa,1,2026-01-14 17:26:00+01:00,2026-01-14 18:25:00+01:00,59,client site,Berlin,,DE,home,Leipzig,,DE,long_distance_train,subscription,,,183.09,21.97,29.29,5.493,False,True,False,False,,0
64888b36-70dc-5877-bbef-9ffb6ec28a99,68929bc9-c6f9-53b4-b5b8-5182e58b2635,ce92d8e0-065e-589b-a60e-c692ef2d2ff9,ba56ce33-eff8-5209-b60c-5b07ec924531,1,2026-01-16 07:44:00+01:00,2026-01-16 07:59:00+01:00,15,home,Leipzig,,DE,office,Leipzig,,DE,regional_train,subscription,,,8.06,0.0,4.11,0.282,False,True,False,False,,0
e506ac89-d51e-5dc2-9a9c-884ed9e9dd93,5c32b618-539e-5d08-8ca4-e8bae6842836,ce92d8e0-065e-589b-a60e-c692ef2d2ff9,ba56ce33-eff8-5209-b60c-5b07ec924531,1,2026-01-16 17:33:00+01:00,2026-01-16 17:48:00+01:00,15,office,Leipzig,,DE,home,Leipzig,,DE,regional_train,subscription,,,8.06,0.0,4.11,0.282,False,True,False,False,,0
858a5bf3-dc00-52c0-9323-5f99629cc466,84011e68-b350-5097-831e-b416973be227,ce92d8e0-065e-589b-a60e-c692ef2d2ff9,ba56ce33-eff8-5209-b60c-5b07ec924531,1,2026-01-19 07:44:00+01:00,2026-01-19 08:01:00+01:00,17,home,Leipzig,,DE,office,Leipzig,,DE,regional_train,subscription,,,9.34,0.0,4.37,0.327,False,True,False,False,,0
24ba347c-2a3e-5f16-8d86-00732ba54b43,de77615b-df9e-5d4f-8659-a5e2047c7bbe,ce92d8e0-065e-589b-a60e-c692ef2d2ff9,ba56ce33-eff8-5209-b60c-5b07ec924531,1,2026-01-19 17:46:00+01:00,2026-01-19 18:03:00+01:00,17,office,Leipzig,,DE,home,Leipzig,,DE,regional_train,subscription,,,9.34,0.0,4.37,0.327,False,True,False,False,,0
f89358e5-cc48-5db8-a334-17084f07e3b7,bf2606ce-5fe4-56f4-acdb-ac1cf5e3bf2b,ce92d8e0-065e-589b-a60e-c692ef2d2ff9,ba56ce33-eff8-5209-b60c-5b07ec924531,1,2026-01-20 07:51:00+01:00,2026-01-20 08:06:00+01:00,15,home,Leipzig,,DE,office,Leipzig,,DE,regional_train,subscription,,,8.12,0.0,4.12,0.284,False,True,False,False,,0
d4b5e7bf-64ec-50f2-b376-3cc35d80983b,5b949a5a-0561-5d23-879e-bf489454d7a8,ce92d8e0-065e-589b-a60e-c692ef2d2ff9,ba56ce33-eff8-5209-b60c-5b07ec924531,1,2026-01-20 17:34:00+01:00,2026-01-20 17:49:00+01:00,15,office,Leipzig,,DE,home,Leipzig,,DE,regional_train,subscription,,,8.12,0.0,4.12,0.284,False,True,False,False,,0
1b946bcc-88f7-5ca8-894e-0bf5997fd154,c81c78f3-9841-5b2e-895c-758b29fc1240,ce92d8e0-065e-589b-a60e-c692ef2d2ff9,ba56ce33-eff8-5209-b60c-5b07ec924531,1,2026-01-21 07:47:00+01:00,2026-01-21 08:01:00+01:00,14,home,Leipzig,,DE,office,Leipzig,,DE,regional_train,subscription,,,7.56,0.0,4.01,0.265,False,True,False,False,,0
76c3ff50-b7de-5cc3-8859-4f3b88f1b7d5,9134d6aa-596a-581f-a249-dd54e7c5a544,ce92d8e0-065e-589b-a60e-c692ef2d2ff9,ba56ce33-eff8-5209-b60c-5b07ec924531,1,2026-01-21 17:39:00+01:00,2026-01-21 17:53:00+01:00,14,office,Leipzig,,DE,home,Leipzig,,DE,regional_train,subscription,,,7.56,0.0,4.01,0.265,False,True,False,False,,0
74abbbcc-9c6f-5053-9ad7-0d8b375769cf,d06746ea-5c99-5405-b9fe-ffb512310108,ce92d8e0-065e-589b-a60e-c692ef2d2ff9,ba56ce33-eff8-5209-b60c-5b07ec924531,1,2026-01-22 07:40:00+01:00,2026-01-22 07:55:00+01:00,15,home,Leipzig,,DE,office,Leipzig,,DE,regional_train,subscription,,,8.5,0.0,4.2,0.298,False,True,False,False,,0
b8f5c48b-2c69-5d49-a968-870b3315c721,b6c4d7e4-40f9-548d-b966-6b7edaaac300,ce92d8e0-065e-589b-a60e-c692ef2d2ff9,ba56ce33-eff8-5209-b60c-5b07ec924531,1,2026-01-22 17:49:00+01:00,2026-01-22 18:04:00+01:00,15,office,Leipzig,,DE,home,Leipzig,,DE,regional_train,subscription,,,8.5,0.0,4.2,0.298,False,True,False,False,,0
581ffe05-e3eb-518d-9346-0bc57859c1ac,0c149fce-a3f5-5d65-b773-2f7ae73a87fb,ce92d8e0-065e-589b-a60e-c692ef2d2ff9,b1d91745-0169-5eed-93b4-2ab7e2c0e4aa,1,2026-01-22 06:49:00+01:00,2026-01-22 08:55:00+01:00,126,home,Leipzig,,DE,client site,Munich,,DE,long_distance_train,subscription,,,390.06,46.81,62.41,11.702,False,True,False,False,,0
06085c2f-c250-597a-9462-60ae9d285417,115a236d-17bd-5ab5-909d-f1cd3b29e291,ce92d8e0-065e-589b-a60e-c692ef2d2ff9,b1d91745-0169-5eed-93b4-2ab7e2c0e4aa,1,2026-01-22 17:12:00+01:00,2026-01-22 19:18:00+01:00,126,client site,Munich,,DE,home,Leipzig,,DE,long_distance_train,subscription,,,390.06,46.81,62.41,11.702,False,True,False,False,,0
d60fcdb2-1f57-5808-9aaf-d51251216161,80611998-193f-5f4d-ae9b-3d6b842aa19a,ce92d8e0-065e-589b-a60e-c692ef2d2ff9,ba56ce33-eff8-5209-b60c-5b07ec924531,1,2026-01-23 07:49:00+01:00,2026-01-23 08:05:00+01:00,16,home,Leipzig,,DE,office,Leipzig,,DE,regional_train,subscription,,,8.92,0.0,4.28,0.312,False,True,False,False,,0
244e2cf8-f7aa-58b1-a86a-241a31102584,4b58b056-02f4-50ee-aaba-0410c1212f77,ce92d8e0-065e-589b-a60e-c692ef2d2ff9,ba56ce33-eff8-5209-b60c-5b07ec924531,1,2026-01-23 17:33:00+01:00,2026-01-23 17:49:00+01:00,16,office,Leipzig,,DE,home,Leipzig,,DE,regional_train,subscription,,,8.92,0.0,4.28,0.312,False,True,False,False,,0
7ff4ae17-19c7-5776-bff3-a8241d434be0,625221c8-b7eb-56c3-93a3-17bb04637464,ce92d8e0-065e-589b-a60e-c692ef2d2ff9,ba56ce33-eff8-5209-b60c-5b07ec924531,1,2026-01-24 15:00:00+01:00,2026-01-24 15:12:00+01:00,12,home,Leipzig,,DE,market square,Leipzig,,DE,public_transport,subscription,,,5.77,0.0,2.9,0.231,False,True,False,False,,0
daeac7ed-9ea9-5754-b17d-3a0adb50f700,9a66dbf3-1b0d-5aba-b0ad-45235ae73b00,ce92d8e0-065e-589b-a60e-c692ef2d2ff9,ba56ce33-eff8-5209-b60c-5b07ec924531,1,2026-01-26 07:40:00+01:00,2026-01-26 07:56:00+01:00,16,home,Leipzig,,DE,office,Leipzig,,DE,regional_train,subscription,,,8.97,0.0,4.29,0.314,False,True,False,False,,0
2967156c-27a3-530a-a644-a7418d2ab522,c241de80-9be1-5e98-a8d1-f751ac2a16db,ce92d8e0-065e-589b-a60e-c692ef2d2ff9,ba56ce33-eff8-5209-b60c-5b07ec924531,1,2026-01-26 17:36:00+01:00,2026-01-26 17:52:00+01:00,16,office,Leipzig,,DE,home,Leipzig,,DE,regional_train,subscription,,,8.97,0.0,4.29,0.314,False,True,False,False,,0
81f60900-aef3-50d0-958c-02dd502de4d6,ff88e6cd-c89f-5624-b5db-1fd749d37576,ce92d8e0-065e-589b-a60e-c692ef2d2ff9,ba56ce33-eff8-5209-b60c-5b07ec924531,1,2026-01-27 07:53:00+01:00,2026-01-27 08:09:00+01:00,16,home,Leipzig,,DE,office,Leipzig,,DE,regional_train,subscription,,,8.68,0.0,4.24,0.304,False,True,False,False,,0
a9a83e9d-06a2-5565-a9ac-edd883f98d2f,2469d2de-0d69-5e3d-bd87-6bda9dd9d978,ce92d8e0-065e-589b-a60e-c692ef2d2ff9,ba56ce33-eff8-5209-b60c-5b07ec924531,1,2026-01-27 17:52:00+01:00,2026-01-27 18:08:00+01:00,16,office,Leipzig,,DE,home,Leipzig,,DE,regional_train,subscription,,,8.68,0.0,4.24,0.304,False,True,False,False,,0
ebd60c80-e852-526a-a63b-2c39fdc23b23,2c70678b-0c0e-5ced-a756-25b9109308d3,ce92d8e0-065e-589b-a60e-c692ef2d2ff9,ba56ce33-eff8-5209-b60c-5b07ec924531,1,2026-01-28 07:45:00+01:00,2026-01-28 08:02:00+01:00,17,home,Leipzig,,DE,office,Leipzig,,DE,regional_train,subscription,,,9.3,0.0,4.36,0.326,False,True,False,False,,0
7b9763e6-96d1-58c1-8e4f-340c771523a2,3571adca-a5ff-5713-a2dc-b38499c8b82c,ce92d8e0-065e-589b-a60e-c692ef2d2ff9,ba56ce33-eff8-5209-b60c-5b07ec924531,1,2026-01-28 17:44:00+01:00,2026-01-28 18:01:00+01:00,17,office,Leipzig,,DE,home,Leipzig,,DE,regional_train,subscription,,,9.3,0.0,4.36,0.326,False,True,False,False,,0
76f5c2f2-71fe-5d77-a8c3-808017fea05f,b8d5634f-367b-5d8b-a094-542f280c3770,ce92d8e0-065e-589b-a60e-c692ef2d2ff9,ba56ce33-eff8-5209-b60c-5b07ec924531,1,2026-01-29 07:42:00+01:00,2026-01-29 07:57:00+01:00,15,home,Leipzig,,DE,office,Leipzig,,DE,regional_train,subscription,,,8.35,0.0,4.17,0.292,False,True,False,False,,0
2990deaf-a1aa-5239-ae7c-26ceb95f41b2,a577904b-c382-5aee-a1a2-71f456e79bc0,ce92d8e0-065e-589b-a60e-c692ef2d2ff9,ba56ce33-eff8-5209-b60c-5b07ec924531,1,2026-01-29 17:32:00+01:00,2026-01-29 17:47:00+01:00,15,office,Leipzig,,DE,home,Leipzig,,DE,regional_train,subscription,,,8.35,0.0,4.17,0.292,False,True,False,False,,0
e3532f73-8887-51ee-b659-5299b2cf70c7,72d11052-f78e-59e7-90c8-c29dcfa425fe,ce92d8e0-065e-589b-a60e-c692ef2d2ff9,ba56ce33-eff8-5209-b60c-5b07ec924531,1,2026-01-30 07:49:00+01:00,2026-01-30 08:06:00+01:00,17,home,Leipzig,,DE,office,Leipzig,,DE,regional_train,subscription,,,9.35,0.0,4.37,0.327,False,True,False,False,,0
7b55840a-4b4c-5e07-ae65-73c86ad4a506,b42616ec-1c74-5dda-a1a8-54b0c3eb50ef,ce92d8e0-065e-589b-a60e-c692ef2d2ff9,ba56ce33-eff8-5209-b60c-5b07ec924531,1,2026-01-30 17:44:00+01:00,2026-01-30 18:01:00+01:00,17,office,Leipzig,,DE,home,Leipzig,,DE,regional_train,subscription,,,9.35,0.0,4.37,0.327,False,True,False,False,,0
35ed4681-b3d5-5a46-b983-1a9c29753348,59de5031-52c2-54d8-9ceb-7bc18d98d2b0,ce92d8e0-065e-589b-a60e-c692ef2d2ff9,ba56ce33-eff8-5209-b60c-5b07ec924531,1,2026-02-01 11:00:00+01:00,2026-02-01 11:08:00+01:00,8,home,Leipzig,,DE,city center,Leipzig,,DE,public_transport,subscription,,,4.19,0.0,2.9,0.168,False,True,False,False,,0
67b69df9-1bb6-55f7-ae61-d6f43c09e602,b2a5ba8b-b01c-55c6-a5e1-8bd1dcc6e674,ce92d8e0-065e-589b-a60e-c692ef2d2ff9,ba56ce33-eff8-5209-b60c-5b07ec924531,1,2026-02-02 07:40:00+01:00,2026-02-02 07:56:00+01:00,16,home,Leipzig,,DE,office,Leipzig,,DE,regional_train,subscription,,,8.66,0.0,4.23,0.303,False,True,False,False,,0
b287e393-c626-56f9-bca2-a1a88b9ae0a1,56a1b6e4-b061-5070-be4e-a48f676e7955,ce92d8e0-065e-589b-a60e-c692ef2d2ff9,ba56ce33-eff8-5209-b60c-5b07ec924531,1,2026-02-02 17:43:00+01:00,2026-02-02 17:59:00+01:00,16,office,Leipzig,,DE,home,Leipzig,,DE,regional_train,subscription,,,8.66,0.0,4.23,0.303,False,True,False,False,,0
f4d76c32-244f-50ec-9cbe-2d2c10234bb6,48417884-37dc-514f-a2a0-cd3be7da557a,ce92d8e0-065e-589b-a60e-c692ef2d2ff9,ba56ce33-eff8-5209-b60c-5b07ec924531,1,2026-02-03 07:56:00+01:00,2026-02-03 08:12:00+01:00,16,home,Leipzig,,DE,office,Leipzig,,DE,regional_train,subscription,,,8.96,0.0,4.29,0.314,False,True,False,False,,0
ba078432-66b2-535b-b793-357dd48a37a0,f3bf1e40-aaca-5818-bd5f-76c0bb35df90,ce92d8e0-065e-589b-a60e-c692ef2d2ff9,ba56ce33-eff8-5209-b60c-5b07ec924531,1,2026-02-03 17:32:00+01:00,2026-02-03 17:48:00+01:00,16,office,Leipzig,,DE,home,Leipzig,,DE,regional_train,subscription,,,8.96,0.0,4.29,0.314,False,True,False,False,,0
fc6bf838-0a5e-5a98-a3e4-414e6fca9be1,4d56e0dd-5ff5-580d-a21e-ecff9b09fb7e,ce92d8e0-065e-589b-a60e-c692ef2d2ff9,ba56ce33-eff8-5209-b60c-5b07ec924531,1,2026-02-05 07:41:00+01:00,2026-02-05 07:56:00+01:00,15,home,Leipzig,,DE,office,Leipzig,,DE,regional_train,subscription,,,8.03,0.0,4.11,0.281,False,True,False,False,,0
22f9c7bd-90e8-5e35-935e-260ae9887bb1,aab0bb72-4974-54ee-b2c8-4b698c2ff170,ce92d8e0-065e-589b-a60e-c692ef2d2ff9,ba56ce33-eff8-5209-b60c-5b07ec924531,1,2026-02-05 17:48:00+01:00,2026-02-05 18:03:00+01:00,15,office,Leipzig,,DE,home,Leipzig,,DE,regional_train,subscription,,,8.03,0.0,4.11,0.281,False,True,False,False,,0
853f43ce-6c20-5a11-b66e-54ebaca1f4f7,6e345403-b187-5813-87b5-324799603619,ce92d8e0-065e-589b-a60e-c692ef2d2ff9,ba56ce33-eff8-5209-b60c-5b07ec924531,1,2026-02-06 07:41:00+01:00,2026-02-06 07:56:00+01:00,15,home,Leipzig,,DE,office,Leipzig,,DE,regional_train,subscription,,,8.16,0.0,4.13,0.286,False,True,False,False,,0
6087e347-bc5e-5bde-bffd-b3b63b738e6e,ef44cd2f-f0f5-50ab-bfe6-fbc8a6a47f07,ce92d8e0-065e-589b-a60e-c692ef2d2ff9,ba56ce33-eff8-5209-b60c-5b07ec924531,1,2026-02-06 17:31:00+01:00,2026-02-06 17:46:00+01:00,15,office,Leipzig,,DE,home,Leipzig,,DE,regional_train,subscription,,,8.16,0.0,4.13,0.286,False,True,False,False,,0
331b50ad-0c84-5357-97ac-a92bfff50c7e,e7f7dc36-1fc2-5a45-a9ac-8b2ed9bf072e,ce92d8e0-065e-589b-a60e-c692ef2d2ff9,ba56ce33-eff8-5209-b60c-5b07ec924531,1,2026-02-09 07:43:00+01:00,2026-02-09 07:58:00+01:00,15,home,Leipzig,,DE,office,Leipzig,,DE,regional_train,subscription,,,8.33,0.0,4.17,0.292,False,True,False,False,,0
62aa01a9-76fc-5a27-b965-abcbf5c652e2,89d0b670-4a9f-57ec-9c4f-174dd37ccc0b,ce92d8e0-065e-589b-a60e-c692ef2d2ff9,ba56ce33-eff8-5209-b60c-5b07ec924531,1,2026-02-09 17:55:00+01:00,2026-02-09 18:10:00+01:00,15,office,Leipzig,,DE,home,Leipzig,,DE,regional_train,subscription,,,8.33,0.0,4.17,0.292,False,True,False,False,,0
ffb74241-c91f-5530-a2a1-d8d22477cab3,a581d823-c26d-5b06-9d05-c2009722324d,ce92d8e0-065e-589b-a60e-c692ef2d2ff9,ba56ce33-eff8-5209-b60c-5b07ec924531,1,2026-02-10 07:41:00+01:00,2026-02-10 07:55:00+01:00,14,home,Leipzig,,DE,office,Leipzig,,DE,regional_train,subscription,,,7.89,0.0,4.08,0.276,False,True,False,False,,0
666b1a20-bc95-5449-a13f-0fa8b0d7d1d0,63e3030f-de90-5878-abf5-27ada6b4504a,ce92d8e0-065e-589b-a60e-c692ef2d2ff9,ba56ce33-eff8-5209-b60c-5b07ec924531,1,2026-02-10 17:39:00+01:00,2026-02-10 17:53:00+01:00,14,office,Leipzig,,DE,home,Leipzig,,DE,regional_train,subscription,,,7.89,0.0,4.08,0.276,False,True,False,False,,0
c7aa1831-5ace-5f80-ba48-3ce8208c5b4a,477281dd-2388-5a14-9d1a-447baa384c9e,ce92d8e0-065e-589b-a60e-c692ef2d2ff9,ba56ce33-eff8-5209-b60c-5b07ec924531,1,2026-02-11 07:52:00+01:00,2026-02-11 08:06:00+01:00,14,home,Leipzig,,DE,office,Leipzig,,DE,regional_train,subscription,,,7.52,0.0,4.0,0.263,False,True,False,False,,0
f80c59af-0845-56d6-8db5-65336454075a,f28bc201-b347-551d-aa0f-cc5dcbb4c15b,ce92d8e0-065e-589b-a60e-c692ef2d2ff9,ba56ce33-eff8-5209-b60c-5b07ec924531,1,2026-02-11 17:55:00+01:00,2026-02-11 18:09:00+01:00,14,office,Leipzig,,DE,home,Leipzig,,DE,regional_train,subscription,,,7.52,0.0,4.0,0.263,False,True,False,False,,0
49af47cc-bd82-5269-aad4-93696f168cce,722658dd-dee4-58d9-9306-f42b9ced0a3a,ce92d8e0-065e-589b-a60e-c692ef2d2ff9,b1d91745-0169-5eed-93b4-2ab7e2c0e4aa,1,2026-02-11 06:37:00+01:00,2026-02-11 08:40:00+01:00,123,home,Leipzig,,DE,client site,Frankfurt,,DE,long_distance_train,subscription,,,382.84,45.94,61.25,11.485,False,True,False,False,,0
2625ab7e-ed7e-5ce0-955f-d7d00cd1bafc,44ba317e-526e-54b0-98cf-65aa17694d80,ce92d8e0-065e-589b-a60e-c692ef2d2ff9,b1d91745-0169-5eed-93b4-2ab7e2c0e4aa,1,2026-02-11 17:01:00+01:00,2026-02-11 19:04:00+01:00,123,client site,Frankfurt,,DE,home,Leipzig,,DE,long_distance_train,subscription,,,382.84,45.94,61.25,11.485,False,True,False,False,,0
4a9f914a-d6ad-5fa6-b82c-ad52d5ca79ae,3757c53d-7679-52c5-8c5d-34bf09fb9aab,ce92d8e0-065e-589b-a60e-c692ef2d2ff9,ba56ce33-eff8-5209-b60c-5b07ec924531,1,2026-02-12 07:52:00+01:00,2026-02-12 08:08:00+01:00,16,home,Leipzig,,DE,office,Leipzig,,DE,regional_train,subscription,,,8.91,0.0,4.28,0.312,False,True,False,False,,0
19060268-1fe2-5eda-ac0d-4d7573b98677,4b3ea258-4c1f-5f9f-9df5-a3fc53301605,ce92d8e0-065e-589b-a60e-c692ef2d2ff9,ba56ce33-eff8-5209-b60c-5b07ec924531,1,2026-02-12 17:37:00+01:00,2026-02-12 17:53:00+01:00,16,office,Leipzig,,DE,home,Leipzig,,DE,regional_train,subscription,,,8.91,0.0,4.28,0.312,False,True,False,False,,0
230428d8-dee3-5f42-a7d9-5bb2ea14cb31,edfdc581-253d-5b17-b8a4-b381adf5ffcd,ce92d8e0-065e-589b-a60e-c692ef2d2ff9,ba56ce33-eff8-5209-b60c-5b07ec924531,1,2026-02-13 07:56:00+01:00,2026-02-13 08:12:00+01:00,16,home,Leipzig,,DE,office,Leipzig,,DE,regional_train,subscription,,,8.75,0.0,4.25,0.306,False,True,False,False,,0
5f38ee35-39cc-550b-a86a-33a9fe16f589,b54eb115-1ac4-5341-9beb-a3bdeb4ede5c,ce92d8e0-065e-589b-a60e-c692ef2d2ff9,ba56ce33-eff8-5209-b60c-5b07ec924531,1,2026-02-13 17:50:00+01:00,2026-02-13 18:06:00+01:00,16,office,Leipzig,,DE,home,Leipzig,,DE,regional_train,subscription,,,8.75,0.0,4.25,0.306,False,True,False,False,,0
646ad09b-b6ec-5c52-831b-c96dfd71b8db,0655b966-b9cf-5bfb-8cce-b68a08813b49,ce92d8e0-065e-589b-a60e-c692ef2d2ff9,b1d91745-0169-5eed-93b4-2ab7e2c0e4aa,1,2026-02-13 06:36:00+01:00,2026-02-13 08:49:00+01:00,133,home,Leipzig,,DE,client site,Munich,,DE,long_distance_train,subscription,,,412.1,49.45,65.94,12.363,False,True,False,False,,0
c6573da9-244b-58b7-b506-489f96023b96,0d859261-42a8-56a2-a189-7f26dcca0512,ce92d8e0-065e-589b-a60e-c692ef2d2ff9,b1d91745-0169-5eed-93b4-2ab7e2c0e4aa,1,2026-02-13 17:38:00+01:00,2026-02-13 19:51:00+01:00,133,client site,Munich,,DE,home,Leipzig,,DE,long_distance_train,subscription,,,412.1,49.45,65.94,12.363,False,True,False,False,,0
d180308a-f6d9-5a9f-b1a4-04544b99fc68,6e353294-4c91-5bf4-9a99-fd884d95ed47,ce92d8e0-065e-589b-a60e-c692ef2d2ff9,ba56ce33-eff8-5209-b60c-5b07ec924531,1,2026-02-14 10:00:00+01:00,2026-02-14 10:11:00+01:00,11,home,Leipzig,,DE,market square,Leipzig,,DE,public_transport,subscription,,,5.62,0.0,2.9,0.225,False,True,False,False,,0
5599b817-78ee-517a-b2c5-d945d789bc6d,e48be347-c81e-59fb-a7a1-261514d101a2,ce92d8e0-065e-589b-a60e-c692ef2d2ff9,ba56ce33-eff8-5209-b60c-5b07ec924531,1,2026-02-16 07:52:00+01:00,2026-02-16 08:07:00+01:00,15,home,Leipzig,,DE,office,Leipzig,,DE,regional_train,subscription,,,8.25,0.0,4.15,0.289,False,True,False,False,,0
f98828c9-ac8b-5b73-b6cb-8d040aa46e86,2278903c-9827-540c-8442-a7dd6f7fb70a,ce92d8e0-065e-589b-a60e-c692ef2d2ff9,ba56ce33-eff8-5209-b60c-5b07ec924531,1,2026-02-16 17:38:00+01:00,2026-02-16 17:53:00+01:00,15,office,Leipzig,,DE,home,Leipzig,,DE,regional_train,subscription,,,8.25,0.0,4.15,0.289,False,True,False,False,,0
9bb9d174-0175-5b2c-b4ce-e047136dbbde,80a46beb-4bb4-52d0-a147-17e621116687,ce92d8e0-065e-589b-a60e-c692ef2d2ff9,ba56ce33-eff8-5209-b60c-5b07ec924531,1,2026-02-17 07:43:00+01:00,2026-02-17 08:00:00+01:00,17,home,Leipzig,,DE,office,Leipzig,,DE,regional_train,subscription,,,9.44,0.0,4.39,0.33,False,True,False,False,,0
2493cf9c-279d-5d43-96d8-acd54df99714,0d7fef98-35bc-5cec-9bb2-07013a7e9651,ce92d8e0-065e-589b-a60e-c692ef2d2ff9,ba56ce33-eff8-5209-b60c-5b07ec924531,1,2026-02-17 17:33:00+01:00,2026-02-17 17:50:00+01:00,17,office,Leipzig,,DE,home,Leipzig,,DE,regional_train,subscription,,,9.44,0.0,4.39,0.33,False,True,False,False,,0
c43db1c9-c30c-5b6d-9379-7fab37da4e30,23ac8ca9-1877-5b38-9383-785a5b1f09fb,ce92d8e0-065e-589b-a60e-c692ef2d2ff9,ba56ce33-eff8-5209-b60c-5b07ec924531,1,2026-02-18 07:44:00+01:00,2026-02-18 07:59:00+01:00,15,home,Leipzig,,DE,office,Leipzig,,DE,regional_train,subscription,,,8.11,0.0,4.12,0.284,False,True,False,False,,0
94ed971b-1e63-5796-a042-be1ac148168f,9a43c657-ad97-5140-aed8-533bebc75325,ce92d8e0-065e-589b-a60e-c692ef2d2ff9,ba56ce33-eff8-5209-b60c-5b07ec924531,1,2026-02-18 17:35:00+01:00,2026-02-18 17:50:00+01:00,15,office,Leipzig,,DE,home,Leipzig,,DE,regional_train,subscription,,,8.11,0.0,4.12,0.284,False,True,False,False,,0
48edd2e1-1868-592f-b8d6-344f8d4e0fd6,5232bfbb-b3d7-5889-b353-cb093bd613d2,ce92d8e0-065e-589b-a60e-c692ef2d2ff9,ba56ce33-eff8-5209-b60c-5b07ec924531,1,2026-02-19 07:47:00+01:00,2026-02-19 08:04:00+01:00,17,home,Leipzig,,DE,office,Leipzig,,DE,regional_train,subscription,,,9.19,0.0,4.34,0.322,False,True,False,False,,0
4083285b-f009-5c1b-ad3a-f769555a90ed,14b19232-3a80-573f-af27-d2c6b7e420a3,ce92d8e0-065e-589b-a60e-c692ef2d2ff9,ba56ce33-eff8-5209-b60c-5b07ec924531,1,2026-02-19 17:39:00+01:00,2026-02-19 17:56:00+01:00,17,office,Leipzig,,DE,home,Leipzig,,DE,regional_train,subscription,,,9.19,0.0,4.34,0.322,False,True,False,False,,0
af8dc1a9-a09b-5115-a82e-3ada9baaed06,b602375e-8a79-5f4d-aff5-fbe8f5b53d8b,ce92d8e0-065e-589b-a60e-c692ef2d2ff9,ba56ce33-eff8-5209-b60c-5b07ec924531,1,2026-02-20 07:45:00+01:00,2026-02-20 08:01:00+01:00,16,home,Leipzig,,DE,office,Leipzig,,DE,regional_train,subscription,,,8.77,0.0,4.25,0.307,False,True,False,False,,0
f9bbf6c3-18af-54c0-b089-da055824851e,31eb3fbf-bf88-5dc3-9d1d-4e48a7f282ff,ce92d8e0-065e-589b-a60e-c692ef2d2ff9,ba56ce33-eff8-5209-b60c-5b07ec924531,1,2026-02-20 17:42:00+01:00,2026-02-20 17:58:00+01:00,16,office,Leipzig,,DE,home,Leipzig,,DE,regional_train,subscription,,,8.77,0.0,4.25,0.307,False,True,False,False,,0
9df29d38-91d4-509e-a9b2-1cd512a441fa,72c99e38-0530-559f-92bb-ae2edbacf554,ce92d8e0-065e-589b-a60e-c692ef2d2ff9,ba56ce33-eff8-5209-b60c-5b07ec924531,1,2026-02-22 15:00:00+01:00,2026-02-22 15:10:00+01:00,10,home,Leipzig,,DE,city center,Leipzig,,DE,public_transport,subscription,,,4.84,0.0,2.9,0.194,False,True,False,False,,0
d153317a-1b64-59ac-99de-8e8761b7039c,a4ea2059-cbdf-59ad-9df1-5fadbca83576,ce92d8e0-065e-589b-a60e-c692ef2d2ff9,ba56ce33-eff8-5209-b60c-5b07ec924531,1,2026-02-23 07:51:00+01:00,2026-02-23 08:06:00+01:00,15,home,Leipzig,,DE,office,Leipzig,,DE,regional_train,subscription,,,8.11,0.0,4.12,0.284,False,True,False,False,,0
95265da8-aea2-5b0f-af36-4fd2b650532e,a611dfea-b3f2-5528-8fd0-b8e0e6902693,ce92d8e0-065e-589b-a60e-c692ef2d2ff9,ba56ce33-eff8-5209-b60c-5b07ec924531,1,2026-02-23 17:43:00+01:00,2026-02-23 17:58:00+01:00,15,office,Leipzig,,DE,home,Leipzig,,DE,regional_train,subscription,,,8.11,0.0,4.12,0.284,False,True,False,False,,0
56a7f67c-d957-563c-986e-d09ef1ee4fea,4525b74a-2b12-52a6-9b9b-ad42e8193c7c,ce92d8e0-065e-589b-a60e-c692ef2d2ff9,b1d91745-0169-5eed-93b4-2ab7e2c0e4aa,1,2026-02-23 06:46:00+01:00,2026-02-23 08:54:00+01:00,128,home,Leipzig,,DE,client site,Frankfurt,,DE,long_distance_train,subscription,,,395.9,47.51,63.34,11.877,False,True,False,False,,0
d4e131b2-ead4-528e-bfc5-887d5baff74d,718e7aa3-5793-5bc8-98f0-2f7baae766bd,ce92d8e0-065e-589b-a60e-c692ef2d2ff9,b1d91745-0169-5eed-93b4-2ab7e2c0e4aa,1,2026-02-23 17:16:00+01:00,2026-02-23 19:24:00+01:00,128,client site,Frankfurt,,DE,home,Leipzig,,DE,long_distance_train,subscription,,,395.9,47.51,63.34,11.877,False,True,False,False,,0
8ea6610d-7dfe-5bea-b8a1-711f3fc4133f,f81343bb-d687-54da-80c4-5e192bcaefac,ce92d8e0-065e-589b-a60e-c692ef2d2ff9,ba56ce33-eff8-5209-b60c-5b07ec924531,1,2026-02-25 07:55:00+01:00,2026-02-25 08:12:00+01:00,17,home,Leipzig,,DE,office,Leipzig,,DE,regional_train,subscription,,,9.17,0.0,4.33,0.321,False,True,False,False,,0
05662188-28d9-5bc4-beaa-79c14e93156f,3494da52-003a-5c81-a508-82c96c17a4b2,ce92d8e0-065e-589b-a60e-c692ef2d2ff9,ba56ce33-eff8-5209-b60c-5b07ec924531,1,2026-02-25 17:37:00+01:00,2026-02-25 17:54:00+01:00,17,office,Leipzig,,DE,home,Leipzig,,DE,regional_train,subscription,,,9.17,0.0,4.33,0.321,False,True,False,False,,0
247feb90-20e0-5591-8ba4-bc9d3f5aeb3d,21437ab4-5ac0-532d-9aae-ba6054ad6416,ce92d8e0-065e-589b-a60e-c692ef2d2ff9,b1d91745-0169-5eed-93b4-2ab7e2c0e4aa,1,2026-02-25 06:50:00+01:00,2026-02-25 09:02:00+01:00,132,home,Leipzig,,DE,client site,Munich,,DE,long_distance_train,subscription,,,409.17,49.1,65.47,12.275,False,True,False,False,,0
c91fc6a2-a0fa-57b2-a709-0537646f7e9e,b3b10489-bbfd-5829-ac4b-47853c15b236,ce92d8e0-065e-589b-a60e-c692ef2d2ff9,b1d91745-0169-5eed-93b4-2ab7e2c0e4aa,1,2026-02-25 17:38:00+01:00,2026-02-25 19:50:00+01:00,132,client site,Munich,,DE,home,Leipzig,,DE,long_distance_train,subscription,,,409.17,49.1,65.47,12.275,False,True,False,False,,0
05d9c4dc-5c6b-5c78-a4e3-d95693d0b8b7,5b4d7e5a-6402-5f4d-91ba-bee2805c46fc,ce92d8e0-065e-589b-a60e-c692ef2d2ff9,ba56ce33-eff8-5209-b60c-5b07ec924531,1,2026-02-26 07:42:00+01:00,2026-02-26 07:56:00+01:00,14,home,Leipzig,,DE,office,Leipzig,,DE,regional_train,subscription,,,7.62,0.0,4.02,0.267,False,True,False,False,,0
6acaf280-9c5d-57f1-b9e3-8937b0f84a2b,673f3648-8aa0-5be2-b8c8-f25a51779deb,ce92d8e0-065e-589b-a60e-c692ef2d2ff9,ba56ce33-eff8-5209-b60c-5b07ec924531,1,2026-02-26 17:53:00+01:00,2026-02-26 18:07:00+01:00,14,office,Leipzig,,DE,home,Leipzig,,DE,regional_train,subscription,,,7.62,0.0,4.02,0.267,False,True,False,False,,0
8f3a9c71-6644-5e8a-a9a7-72e6ea39339a,36177621-91d5-5cba-8e8d-074ae2cea4e0,ce92d8e0-065e-589b-a60e-c692ef2d2ff9,b1d91745-0169-5eed-93b4-2ab7e2c0e4aa,1,2026-02-26 06:54:00+01:00,2026-02-26 10:04:00+01:00,190,home,Leipzig,,DE,client site,Cologne,,DE,long_distance_train,subscription,,,589.41,70.73,94.31,17.682,False,True,False,False,,0
dbf5e532-337b-51b7-8951-9944e59bbfb9,ea99051f-7990-5aaf-91c6-e5b0a43dfde4,ce92d8e0-065e-589b-a60e-c692ef2d2ff9,b1d91745-0169-5eed-93b4-2ab7e2c0e4aa,1,2026-02-26 17:23:00+01:00,2026-02-26 20:33:00+01:00,190,client site,Cologne,,DE,home,Leipzig,,DE,long_distance_train,subscription,,,589.41,70.73,94.31,17.682,False,True,False,False,,0
49fad9fe-5bf6-5c3e-8763-22074e795aae,5b643864-f965-50d6-adc5-14f09b68b5b4,ce92d8e0-065e-589b-a60e-c692ef2d2ff9,ba56ce33-eff8-5209-b60c-5b07ec924531,1,2026-02-27 07:56:00+01:00,2026-02-27 08:13:00+01:00,17,home,Leipzig,,DE,office,Leipzig,,DE,regional_train,subscription,,,9.34,0.0,4.37,0.327,False,True,False,False,,0
fb48085a-fe62-5edf-a1ea-ad036c92c17b,f3ea2efe-7140-5b8a-86d0-22faa5484e09,ce92d8e0-065e-589b-a60e-c692ef2d2ff9,ba56ce33-eff8-5209-b60c-5b07ec924531,1,2026-02-27 17:54:00+01:00,2026-02-27 18:11:00+01:00,17,office,Leipzig,,DE,home,Leipzig,,DE,regional_train,subscription,,,9.34,0.0,4.37,0.327,False,True,False,False,,0
bcb235a7-2cb1-50a5-8ef1-24c79edbecdb,fa8b17d2-fa24-5a34-8b1d-5bc72a387363,ce92d8e0-065e-589b-a60e-c692ef2d2ff9,ba56ce33-eff8-5209-b60c-5b07ec924531,1,2026-03-01 10:00:00+02:00,2026-03-01 10:12:00+02:00,12,home,Leipzig,,DE,market square,Leipzig,,DE,public_transport,subscription,,,5.99,0.0,2.9,0.24,False,True,False,False,,0
e3a0dd53-bc2d-513f-97d7-79f3ed8d68dd,97c2e4fd-c21e-5a2a-b766-d66fc1533ea4,ce92d8e0-065e-589b-a60e-c692ef2d2ff9,ba56ce33-eff8-5209-b60c-5b07ec924531,1,2026-03-02 07:49:00+02:00,2026-03-02 08:04:00+02:00,15,home,Leipzig,,DE,office,Leipzig,,DE,regional_train,subscription,,,8.14,0.0,4.13,0.285,False,True,False,False,,0
3c6a5e0b-8cb2-5cfd-bb95-a13bcd106efc,edafa212-dc7e-5efa-b505-04aa81e06b4f,ce92d8e0-065e-589b-a60e-c692ef2d2ff9,ba56ce33-eff8-5209-b60c-5b07ec924531,1,2026-03-02 17:31:00+02:00,2026-03-02 17:46:00+02:00,15,office,Leipzig,,DE,home,Leipzig,,DE,regional_train,subscription,,,8.14,0.0,4.13,0.285,False,True,False,False,,0
8365eb38-cc30-57b4-b797-b98b2cf49161,9c92c989-859e-5996-a3ad-aa0d2c49a267,ce92d8e0-065e-589b-a60e-c692ef2d2ff9,b1d91745-0169-5eed-93b4-2ab7e2c0e4aa,1,2026-03-02 06:34:00+02:00,2026-03-02 08:48:00+02:00,134,home,Leipzig,,DE,client site,Frankfurt,,DE,long_distance_train,subscription,,,415.83,49.9,66.53,12.475,False,True,False,False,,0
39f439ac-e594-5201-a664-425b32205949,eed431a3-8460-52d6-8a4f-6eaf63920b32,ce92d8e0-065e-589b-a60e-c692ef2d2ff9,b1d91745-0169-5eed-93b4-2ab7e2c0e4aa,1,2026-03-02 17:05:00+02:00,2026-03-02 19:19:00+02:00,134,client site,Frankfurt,,DE,home,Leipzig,,DE,long_distance_train,subscription,,,415.83,49.9,66.53,12.475,False,True,False,False,,0
0dd6e6fd-e673-590f-bb7a-80919a91e17d,9537115e-cd30-544e-afce-1cdb85a6e00b,ce92d8e0-065e-589b-a60e-c692ef2d2ff9,ba56ce33-eff8-5209-b60c-5b07ec924531,1,2026-03-03 07:56:00+02:00,2026-03-03 08:13:00+02:00,17,home,Leipzig,,DE,office,Leipzig,,DE,regional_train,subscription,,,9.48,0.0,4.4,0.332,False,True,False,False,,0
6543629d-c027-5c32-a3b1-fdaecf9203ff,e611045b-fc30-50a2-9752-87b031cd6c85,ce92d8e0-065e-589b-a60e-c692ef2d2ff9,ba56ce33-eff8-5209-b60c-5b07ec924531,1,2026-03-03 17:37:00+02:00,2026-03-03 17:54:00+02:00,17,office,Leipzig,,DE,home,Leipzig,,DE,regional_train,subscription,,,9.48,0.0,4.4,0.332,False,True,False,False,,0
067c7a9a-bef9-5d9b-a2b5-e6ed30b706ee,1e3faa2a-8096-5876-b8de-7977711ba355,ce92d8e0-065e-589b-a60e-c692ef2d2ff9,ba56ce33-eff8-5209-b60c-5b07ec924531,1,2026-03-04 07:45:00+02:00,2026-03-04 08:00:00+02:00,15,home,Leipzig,,DE,office,Leipzig,,DE,regional_train,subscription,,,8.39,0.0,4.18,0.294,False,True,False,False,,0
89b2c53d-84ce-5e50-88fb-095600539ee2,fcede017-e814-5e10-85cb-1580b1aa88d9,ce92d8e0-065e-589b-a60e-c692ef2d2ff9,ba56ce33-eff8-5209-b60c-5b07ec924531,1,2026-03-04 17:45:00+02:00,2026-03-04 18:00:00+02:00,15,office,Leipzig,,DE,home,Leipzig,,DE,regional_train,subscription,,,8.39,0.0,4.18,0.294,False,True,False,False,,0
de4ac67f-fbcf-5d4f-86ab-90ed53543dbd,3231dc64-c2a2-5cfe-8bbb-a582e0b708a6,ce92d8e0-065e-589b-a60e-c692ef2d2ff9,ba56ce33-eff8-5209-b60c-5b07ec924531,1,2026-03-05 07:42:00+02:00,2026-03-05 07:58:00+02:00,16,home,Leipzig,,DE,office,Leipzig,,DE,regional_train,subscription,,,8.92,0.0,4.28,0.312,False,True,False,False,,0
c14881fd-baaf-5fba-8db0-7157bf501579,4a647ac9-85cc-55ed-a0a1-49442759bfeb,ce92d8e0-065e-589b-a60e-c692ef2d2ff9,ba56ce33-eff8-5209-b60c-5b07ec924531,1,2026-03-05 17:31:00+02:00,2026-03-05 17:47:00+02:00,16,office,Leipzig,,DE,home,Leipzig,,DE,regional_train,subscription,,,8.92,0.0,4.28,0.312,False,True,False,False,,0
656cc256-137a-52bb-9bfc-b5bf06bc5a28,ed95530d-8122-5f2f-ad48-f3dc9eae174b,ce92d8e0-065e-589b-a60e-c692ef2d2ff9,b1d91745-0169-5eed-93b4-2ab7e2c0e4aa,1,2026-03-05 06:54:00+02:00,2026-03-05 09:09:00+02:00,135,home,Leipzig,,DE,client site,Munich,,DE,long_distance_train,subscription,,,418.22,50.19,66.92,12.547,False,True,False,False,,0
89da9c81-e252-5093-80a3-89de5ad984c1,79d60ebb-4c7c-58d8-84da-319de00a52e8,ce92d8e0-065e-589b-a60e-c692ef2d2ff9,b1d91745-0169-5eed-93b4-2ab7e2c0e4aa,1,2026-03-05 17:17:00+02:00,2026-03-05 19:32:00+02:00,135,client site,Munich,,DE,home,Leipzig,,DE,long_distance_train,subscription,,,418.22,50.19,66.92,12.547,False,True,False,False,,0
02e98489-f96a-52cc-a710-e5c814098474,73baf1e3-70ce-5b89-9506-db1cea8a8813,ce92d8e0-065e-589b-a60e-c692ef2d2ff9,ba56ce33-eff8-5209-b60c-5b07ec924531,1,2026-03-06 07:52:00+02:00,2026-03-06 08:08:00+02:00,16,home,Leipzig,,DE,office,Leipzig,,DE,regional_train,subscription,,,8.6,0.0,4.22,0.301,False,True,False,False,,0
47b9d892-16c3-5ae4-a197-2bad658a410b,64f87635-1bd3-5adc-a748-8bbab2e20cad,ce92d8e0-065e-589b-a60e-c692ef2d2ff9,ba56ce33-eff8-5209-b60c-5b07ec924531,1,2026-03-06 17:42:00+02:00,2026-03-06 17:58:00+02:00,16,office,Leipzig,,DE,home,Leipzig,,DE,regional_train,subscription,,,8.6,0.0,4.22,0.301,False,True,False,False,,0
90c289fb-1574-563e-a05e-7c3fd70bdfea,9fa9a7cb-7d82-5cce-8276-6ed305b34348,ce92d8e0-065e-589b-a60e-c692ef2d2ff9,ba56ce33-eff8-5209-b60c-5b07ec924531,1,2026-03-07 16:00:00+02:00,2026-03-07 16:13:00+02:00,13,home,Leipzig,,DE,city center,Leipzig,,DE,public_transport,subscription,,,6.3,0.0,2.9,0.252,False,True,False,False,,0
c591703a-77c8-5e9d-9291-499c02b574be,1b04c4e4-239a-5d29-9f28-b64b189c4e55,ce92d8e0-065e-589b-a60e-c692ef2d2ff9,ba56ce33-eff8-5209-b60c-5b07ec924531,1,2026-03-09 07:43:00+02:00,2026-03-09 07:58:00+02:00,15,home,Leipzig,,DE,office,Leipzig,,DE,regional_train,subscription,,,8.46,0.0,4.19,0.296,False,True,False,False,,0
31aaaab1-2595-530d-bdcb-d33fc39ef254,3ade3bfc-4e06-5360-a5c8-0bea3d49025f,ce92d8e0-065e-589b-a60e-c692ef2d2ff9,ba56ce33-eff8-5209-b60c-5b07ec924531,1,2026-03-09 17:39:00+02:00,2026-03-09 17:54:00+02:00,15,office,Leipzig,,DE,home,Leipzig,,DE,regional_train,subscription,,,8.46,0.0,4.19,0.296,False,True,False,False,,0
15c5ad51-4cc0-5858-a48e-dbf8b95fa77e,c66c8afb-fbae-56ca-9864-a0b5ab17391d,ce92d8e0-065e-589b-a60e-c692ef2d2ff9,ba56ce33-eff8-5209-b60c-5b07ec924531,1,2026-03-10 07:51:00+02:00,2026-03-10 08:08:00+02:00,17,home,Leipzig,,DE,office,Leipzig,,DE,regional_train,subscription,,,9.31,0.0,4.36,0.326,False,True,False,False,,0
3646d8fb-7032-5676-8eab-15db135d7529,de38901e-3f8d-5771-870c-f82adacb889e,ce92d8e0-065e-589b-a60e-c692ef2d2ff9,ba56ce33-eff8-5209-b60c-5b07ec924531,1,2026-03-10 17:50:00+02:00,2026-03-10 18:07:00+02:00,17,office,Leipzig,,DE,home,Leipzig,,DE,regional_train,subscription,,,9.31,0.0,4.36,0.326,False,True,False,False,,0
b30c38d8-9a47-581f-b490-226b796b608d,b63c1500-c954-578c-9572-0d8eca5a87c0,ce92d8e0-065e-589b-a60e-c692ef2d2ff9,ba56ce33-eff8-5209-b60c-5b07ec924531,1,2026-03-11 07:48:00+02:00,2026-03-11 08:05:00+02:00,17,home,Leipzig,,DE,office,Leipzig,,DE,regional_train,subscription,,,9.08,0.0,4.32,0.318,False,True,False,False,,0
60cd5d06-82d2-594e-9888-0fcd125d3f0e,37e2f074-b740-58d2-97b6-8327e8207bb3,ce92d8e0-065e-589b-a60e-c692ef2d2ff9,ba56ce33-eff8-5209-b60c-5b07ec924531,1,2026-03-11 17:47:00+02:00,2026-03-11 18:04:00+02:00,17,office,Leipzig,,DE,home,Leipzig,,DE,regional_train,subscription,,,9.08,0.0,4.32,0.318,False,True,False,False,,0
80144c08-940f-57ac-af10-b48b8fece650,b97f16d7-b1d3-59e8-84ec-90bec949f969,ce92d8e0-065e-589b-a60e-c692ef2d2ff9,ba56ce33-eff8-5209-b60c-5b07ec924531,1,2026-03-12 07:56:00+02:00,2026-03-12 08:12:00+02:00,16,home,Leipzig,,DE,office,Leipzig,,DE,regional_train,subscription,,,9.06,0.0,4.31,0.317,False,True,False,False,,0
e17433da-4397-5b9e-914d-0bc4d954f626,f772b2b0-3bfe-5182-a7a0-d62cee25e9db,ce92d8e0-065e-589b-a60e-c692ef2d2ff9,ba56ce33-eff8-5209-b60c-5b07ec924531,1,2026-03-12 17:33:00+02:00,2026-03-12 17:49:00+02:00,16,office,Leipzig,,DE,home,Leipzig,,DE,regional_train,subscription,,,9.06,0.0,4.31,0.317,False,True,False,False,,0
d3776767-d54c-58ee-9cdd-4118317bb5e7,398b9c3a-a03a-58b6-8622-5ee0b8b73d1e,ce92d8e0-065e-589b-a60e-c692ef2d2ff9,b1d91745-0169-5eed-93b4-2ab7e2c0e4aa,1,2026-03-12 06:43:00+02:00,2026-03-12 08:57:00+02:00,134,home,Leipzig,,DE,client site,Munich,,DE,long_distance_train,subscription,,,416.61,49.99,66.66,12.498,False,True,False,False,,0
b1177afa-11a6-5312-9007-9e8923cc729d,4587f6cd-7a6c-5634-90ff-4a3bf259bdf3,ce92d8e0-065e-589b-a60e-c692ef2d2ff9,b1d91745-0169-5eed-93b4-2ab7e2c0e4aa,1,2026-03-12 17:27:00+02:00,2026-03-12 19:41:00+02:00,134,client site,Munich,,DE,home,Leipzig,,DE,long_distance_train,subscription,,,416.61,49.99,66.66,12.498,False,True,False,False,,0
bfd27f74-0c80-5152-83fc-e3746d6fcb5d,0357ab4d-4912-5441-b647-841ba40d49d3,ce92d8e0-065e-589b-a60e-c692ef2d2ff9,ba56ce33-eff8-5209-b60c-5b07ec924531,1,2026-03-13 07:56:00+02:00,2026-03-13 08:11:00+02:00,15,home,Leipzig,,DE,office,Leipzig,,DE,regional_train,subscription,,,8.25,0.0,4.15,0.289,False,True,False,False,,0
0e262697-b70c-516b-80d4-f9a298770aff,925cbd05-a953-5ffe-8b4c-3ff9e9cfecfa,ce92d8e0-065e-589b-a60e-c692ef2d2ff9,ba56ce33-eff8-5209-b60c-5b07ec924531,1,2026-03-13 17:35:00+02:00,2026-03-13 17:50:00+02:00,15,office,Leipzig,,DE,home,Leipzig,,DE,regional_train,subscription,,,8.25,0.0,4.15,0.289,False,True,False,False,,0
47012f12-4335-589b-9796-78962236e048,02f8f295-21e1-5abc-acf9-d289c94cba0e,ce92d8e0-065e-589b-a60e-c692ef2d2ff9,b1d91745-0169-5eed-93b4-2ab7e2c0e4aa,1,2026-03-13 06:43:00+02:00,2026-03-13 09:48:00+02:00,185,home,Leipzig,,DE,client site,Cologne,,DE,long_distance_train,subscription,,,572.54,68.71,91.61,17.176,False,True,False,False,,0
96a5c1ed-8815-5fd3-a3cf-6dcbcb72d1c1,4772d444-7a3a-5b7a-af17-284579046723,ce92d8e0-065e-589b-a60e-c692ef2d2ff9,b1d91745-0169-5eed-93b4-2ab7e2c0e4aa,1,2026-03-13 17:25:00+02:00,2026-03-13 20:30:00+02:00,185,client site,Cologne,,DE,home,Leipzig,,DE,long_distance_train,subscription,,,572.54,68.71,91.61,17.176,False,True,False,False,,0
39ece5ae-2699-56cb-b096-baabfe30b8ed,50b956bd-dd0b-5368-9712-e4b24928b540,ce92d8e0-065e-589b-a60e-c692ef2d2ff9,ba56ce33-eff8-5209-b60c-5b07ec924531,1,2026-03-14 14:00:00+02:00,2026-03-14 14:14:00+02:00,14,home,Leipzig,,DE,market square,Leipzig,,DE,public_transport,subscription,,,6.88,0.0,2.9,0.275,False,True,False,False,,0
89530395-9c04-5640-8c4f-7b793e5dc150,25448e18-5a3b-54d5-bf62-8d0e9806ef3e,ce92d8e0-065e-589b-a60e-c692ef2d2ff9,ba56ce33-eff8-5209-b60c-5b07ec924531,1,2026-03-15 16:00:00+02:00,2026-03-15 16:10:00+02:00,10,home,Leipzig,,DE,market square,Leipzig,,DE,public_transport,subscription,,,4.8,0.0,2.9,0.192,False,True,False,False,,0
3c9eaae2-fe9b-5cf1-8652-226530ef2dd1,19e9421f-7cd6-5445-befb-490dfe4fedda,ce92d8e0-065e-589b-a60e-c692ef2d2ff9,ba56ce33-eff8-5209-b60c-5b07ec924531,1,2026-03-16 07:57:00+02:00,2026-03-16 08:13:00+02:00,16,home,Leipzig,,DE,office,Leipzig,,DE,regional_train,subscription,,,8.84,0.0,4.27,0.309,False,True,False,False,,0
8fee4d85-c8a9-5e6c-8257-2791377a9d91,a54b50a7-b9c6-552d-9d1d-fb03d4a4dce2,ce92d8e0-065e-589b-a60e-c692ef2d2ff9,ba56ce33-eff8-5209-b60c-5b07ec924531,1,2026-03-16 17:30:00+02:00,2026-03-16 17:46:00+02:00,16,office,Leipzig,,DE,home,Leipzig,,DE,regional_train,subscription,,,8.84,0.0,4.27,0.309,False,True,False,False,,0
4aadce22-9fe3-59f2-baab-5bd29223d504,c871685e-1707-51ef-b910-46221fbf822b,ce92d8e0-065e-589b-a60e-c692ef2d2ff9,b1d91745-0169-5eed-93b4-2ab7e2c0e4aa,1,2026-03-16 06:54:00+02:00,2026-03-16 08:58:00+02:00,124,home,Leipzig,,DE,client site,Munich,,DE,long_distance_train,subscription,,,385.41,46.25,61.67,11.562,False,True,False,False,,0
e595fdbd-306a-5e5d-b118-4b829f1597dc,7b66b672-0a85-586b-a9b2-a5bb5afcc0f8,ce92d8e0-065e-589b-a60e-c692ef2d2ff9,b1d91745-0169-5eed-93b4-2ab7e2c0e4aa,1,2026-03-16 17:10:00+02:00,2026-03-16 19:14:00+02:00,124,client site,Munich,,DE,home,Leipzig,,DE,long_distance_train,subscription,,,385.41,46.25,61.67,11.562,False,True,False,False,,0
040800f3-7a94-5448-8db1-16a0934fd8c7,cdad5a5b-fa04-5dcc-b9c8-49d6f41b6b03,ce92d8e0-065e-589b-a60e-c692ef2d2ff9,ba56ce33-eff8-5209-b60c-5b07ec924531,1,2026-03-17 07:55:00+02:00,2026-03-17 08:09:00+02:00,14,home,Leipzig,,DE,office,Leipzig,,DE,regional_train,subscription,,,7.71,0.0,4.04,0.27,False,True,False,False,,0
d82df84e-d5f0-5b87-9426-cb2778304737,6afc8b49-3799-5385-a763-d85769bf0088,ce92d8e0-065e-589b-a60e-c692ef2d2ff9,ba56ce33-eff8-5209-b60c-5b07ec924531,1,2026-03-17 17:43:00+02:00,2026-03-17 17:57:00+02:00,14,office,Leipzig,,DE,home,Leipzig,,DE,regional_train,subscription,,,7.71,0.0,4.04,0.27,False,True,False,False,,0
a81a50d3-eb1a-58ce-8d83-9f38ccb5cb95,b442cea3-81cd-5f6b-9823-939a61e05b0a,ce92d8e0-065e-589b-a60e-c692ef2d2ff9,ba56ce33-eff8-5209-b60c-5b07ec924531,1,2026-03-18 07:40:00+02:00,2026-03-18 07:54:00+02:00,14,home,Leipzig,,DE,office,Leipzig,,DE,regional_train,subscription,,,7.79,0.0,4.06,0.273,False,True,False,False,,0
c6274ccf-8863-5ea7-bc55-26e01247cba5,01fb661c-f3d6-5dd7-8435-8419fb348bd3,ce92d8e0-065e-589b-a60e-c692ef2d2ff9,ba56ce33-eff8-5209-b60c-5b07ec924531,1,2026-03-18 17:45:00+02:00,2026-03-18 17:59:00+02:00,14,office,Leipzig,,DE,home,Leipzig,,DE,regional_train,subscription,,,7.79,0.0,4.06,0.273,False,True,False,False,,0
601d9d22-3860-5431-b29e-1a365b4c49ad,256f8d92-67fb-52d3-83c2-d4ad2f563eef,ce92d8e0-065e-589b-a60e-c692ef2d2ff9,ba56ce33-eff8-5209-b60c-5b07ec924531,1,2026-03-19 07:51:00+02:00,2026-03-19 08:07:00+02:00,16,home,Leipzig,,DE,office,Leipzig,,DE,regional_train,subscription,,,8.59,0.0,4.22,0.301,False,True,False,False,,0
64cd7ab5-6a75-5622-a995-126bc1f83db9,cf9c9861-9a68-5313-9a19-8c2566cb3957,ce92d8e0-065e-589b-a60e-c692ef2d2ff9,ba56ce33-eff8-5209-b60c-5b07ec924531,1,2026-03-19 17:55:00+02:00,2026-03-19 18:11:00+02:00,16,office,Leipzig,,DE,home,Leipzig,,DE,regional_train,subscription,,,8.59,0.0,4.22,0.301,False,True,False,False,,0
6be8f8cf-f234-55f1-8597-e2641deb7907,5d3ea5f9-62de-5eff-9ca1-d6538292269e,ce92d8e0-065e-589b-a60e-c692ef2d2ff9,ba56ce33-eff8-5209-b60c-5b07ec924531,1,2026-03-20 07:58:00+02:00,2026-03-20 08:14:00+02:00,16,home,Leipzig,,DE,office,Leipzig,,DE,regional_train,subscription,,,8.72,0.0,4.24,0.305,False,True,False,False,,0
489e2465-2c25-524a-9181-7ba6a45b0d64,98c52410-ac9c-5cf4-8066-2ec6fd61a5b0,ce92d8e0-065e-589b-a60e-c692ef2d2ff9,ba56ce33-eff8-5209-b60c-5b07ec924531,1,2026-03-20 17:43:00+02:00,2026-03-20 17:59:00+02:00,16,office,Leipzig,,DE,home,Leipzig,,DE,regional_train,subscription,,,8.72,0.0,4.24,0.305,False,True,False,False,,0
def91182-eafd-532d-95e7-d393d73e6d71,d3ec5bdd-e0c9-539a-99a2-e5f40cfe5ef1,ce92d8e0-065e-589b-a60e-c692ef2d2ff9,b1d91745-0169-5eed-93b4-2ab7e2c0e4aa,1,2026-03-20 06:37:00+02:00,2026-03-20 07:41:00+02:00,64,home,Leipzig,,DE,client site,Berlin,,DE,long_distance_train,subscription,,,198.66,23.84,31.79,5.96,False,True,False,False,,0
3fc954ad-b4d6-5094-a095-689221bb7263,beede5c1-5938-5cdf-a50a-4cb68328b594,ce92d8e0-065e-589b-a60e-c692ef2d2ff9,b1d91745-0169-5eed-93b4-2ab7e2c0e4aa,1,2026-03-20 17:30:00+02:00,2026-03-20 18:34:00+02:00,64,client site,Berlin,,DE,home,Leipzig,,DE,long_distance_train,subscription,,,198.66,23.84,31.79,5.96,False,True,False,False,,0
2cbb5427-fab2-597c-a47d-fcb1e4e5e56c,138c3979-4c37-58dd-91c9-20c024115f5e,ce92d8e0-065e-589b-a60e-c692ef2d2ff9,ba56ce33-eff8-5209-b60c-5b07ec924531,1,2026-03-23 07:47:00+02:00,2026-03-23 08:03:00+02:00,16,home,Leipzig,,DE,office,Leipzig,,DE,regional_train,subscription,,,8.88,0.0,4.28,0.311,False,True,False,False,,0
2403eb08-b81e-52c3-92c9-799e839c9a57,c92aff07-338d-52b1-b27d-04c20dbb40de,ce92d8e0-065e-589b-a60e-c692ef2d2ff9,ba56ce33-eff8-5209-b60c-5b07ec924531,1,2026-03-23 17:43:00+02:00,2026-03-23 17:59:00+02:00,16,office,Leipzig,,DE,home,Leipzig,,DE,regional_train,subscription,,,8.88,0.0,4.28,0.311,False,True,False,False,,0
52c90f10-ab5f-5449-bb64-59176f5340dd,441cdaf5-ddb3-5c3b-925d-dfd250a47d19,ce92d8e0-065e-589b-a60e-c692ef2d2ff9,ba56ce33-eff8-5209-b60c-5b07ec924531,1,2026-03-24 07:44:00+02:00,2026-03-24 08:01:00+02:00,17,home,Leipzig,,DE,office,Leipzig,,DE,regional_train,subscription,,,9.27,0.0,4.35,0.324,False,True,False,False,,0
0d7ad91f-6d0d-57a2-ab85-3e72682d32a4,abef0845-3405-5c66-9bab-5b9a3222a435,ce92d8e0-065e-589b-a60e-c692ef2d2ff9,ba56ce33-eff8-5209-b60c-5b07ec924531,1,2026-03-24 17:47:00+02:00,2026-03-24 18:04:00+02:00,17,office,Leipzig,,DE,home,Leipzig,,DE,regional_train,subscription,,,9.27,0.0,4.35,0.324,False,True,False,False,,0
fdff9c91-2371-5746-9ec8-5872e5fcca61,fe562b88-a047-5979-a4ea-6e3424b94218,ce92d8e0-065e-589b-a60e-c692ef2d2ff9,ba56ce33-eff8-5209-b60c-5b07ec924531,1,2026-03-25 07:44:00+02:00,2026-03-25 07:58:00+02:00,14,home,Leipzig,,DE,office,Leipzig,,DE,regional_train,subscription,,,7.94,0.0,4.09,0.278,False,True,False,False,,0
1a918058-e805-57e0-9efd-82ff573caee2,a5e41c93-0bf7-5c46-9fc4-ce760ef59415,ce92d8e0-065e-589b-a60e-c692ef2d2ff9,ba56ce33-eff8-5209-b60c-5b07ec924531,1,2026-03-25 17:51:00+02:00,2026-03-25 18:05:00+02:00,14,office,Leipzig,,DE,home,Leipzig,,DE,regional_train,subscription,,,7.94,0.0,4.09,0.278,False,True,False,False,,0
f82d816b-1d35-5c95-b110-d20355f85b16,bf40fdf4-57e1-546b-906b-d39d58810a05,ce92d8e0-065e-589b-a60e-c692ef2d2ff9,b1d91745-0169-5eed-93b4-2ab7e2c0e4aa,1,2026-03-25 06:53:00+02:00,2026-03-25 10:00:00+02:00,187,home,Leipzig,,DE,client site,Cologne,,DE,long_distance_train,subscription,,,579.7,69.56,92.75,17.391,False,True,False,False,,0
ffe7aed8-728d-5e79-a290-7a9fbb6dfc63,0075c6a7-d271-5fc9-b19c-d22caf54684f,ce92d8e0-065e-589b-a60e-c692ef2d2ff9,b1d91745-0169-5eed-93b4-2ab7e2c0e4aa,1,2026-03-25 17:25:00+02:00,2026-03-25 20:32:00+02:00,187,client site,Cologne,,DE,home,Leipzig,,DE,long_distance_train,subscription,,,579.7,69.56,92.75,17.391,False,True,False,False,,0
79ddf6fa-aebc-5596-ad04-17424af051db,50c065fc-7325-5db1-877e-d3ef4299abc0,ce92d8e0-065e-589b-a60e-c692ef2d2ff9,ba56ce33-eff8-5209-b60c-5b07ec924531,1,2026-03-27 07:49:00+02:00,2026-03-27 08:06:00+02:00,17,home,Leipzig,,DE,office,Leipzig,,DE,regional_train,subscription,,,9.16,0.0,4.33,0.321,False,True,False,False,,0
0ce963f5-88a8-56af-a885-6896726d6dc0,f433fa0e-7fd7-5490-b56f-28e0ca378082,ce92d8e0-065e-589b-a60e-c692ef2d2ff9,ba56ce33-eff8-5209-b60c-5b07ec924531,1,2026-03-27 17:53:00+02:00,2026-03-27 18:10:00+02:00,17,office,Leipzig,,DE,home,Leipzig,,DE,regional_train,subscription,,,9.16,0.0,4.33,0.321,False,True,False,False,,0
b9a523b7-c8f7-5022-aac1-105da2a1e5ae,6b744bf1-7318-5225-b92d-29385e28f7c1,ce92d8e0-065e-589b-a60e-c692ef2d2ff9,ba56ce33-eff8-5209-b60c-5b07ec924531,1,2026-03-29 14:00:00+02:00,2026-03-29 14:12:00+02:00,12,home,Leipzig,,DE,market square,Leipzig,,DE,public_transport,subscription,,,6.09,0.0,2.9,0.244,False,True,False,False,,0
adc58f19-6fc7-567b-8497-cd2d7a8db664,1acbb4cd-f715-5e99-86d4-fd194f81a599,ce92d8e0-065e-589b-a60e-c692ef2d2ff9,ba56ce33-eff8-5209-b60c-5b07ec924531,1,2026-03-30 07:58:00+02:00,2026-03-30 08:14:00+02:00,16,home,Leipzig,,DE,office,Leipzig,,DE,regional_train,subscription,,,8.56,0.0,4.21,0.3,False,True,False,False,,0
da2da093-c3a5-5f3a-ade4-0d7877da704d,e446b647-52c4-5210-b626-ff7bd9e4887f,ce92d8e0-065e-589b-a60e-c692ef2d2ff9,ba56ce33-eff8-5209-b60c-5b07ec924531,1,2026-03-30 17:34:00+02:00,2026-03-30 17:50:00+02:00,16,office,Leipzig,,DE,home,Leipzig,,DE,regional_train,subscription,,,8.56,0.0,4.21,0.3,False,True,False,False,,0
072e3ef1-2cfa-532f-8d8c-f0988d9e5c79,eccb3f73-4d8a-5bc9-96ae-676db2357d50,ce92d8e0-065e-589b-a60e-c692ef2d2ff9,ba56ce33-eff8-5209-b60c-5b07ec924531,1,2026-03-31 07:56:00+02:00,2026-03-31 08:11:00+02:00,15,home,Leipzig,,DE,office,Leipzig,,DE,regional_train,subscription,,,8.14,0.0,4.13,0.285,False,True,False,False,,0
42c70706-1e9d-5836-88b8-7e08590d40f3,5c77e92e-7a9b-5777-8940-3b4b4f637d3b,ce92d8e0-065e-589b-a60e-c692ef2d2ff9,ba56ce33-eff8-5209-b60c-5b07ec924531,1,2026-03-31 17:34:00+02:00,2026-03-31 17:49:00+02:00,15,office,Leipzig,,DE,home,Leipzig,,DE,regional_train,subscription,,,8.14,0.0,4.13,0.285,False,True,False,False,,0
e9f86c35-18bd-5175-a860-610066710c73,233b2533-87ba-542e-8b28-ad2632f93f1d,ce92d8e0-065e-589b-a60e-c692ef2d2ff9,ba56ce33-eff8-5209-b60c-5b07ec924531,1,2026-04-01 07:40:00+02:00,2026-04-01 07:56:00+02:00,16,home,Leipzig,,DE,office,Leipzig,,DE,regional_train,subscription,,,8.78,0.0,4.26,0.307,False,True,False,False,,0
e3bebd8e-bb48-5e2a-9ab2-3789795218f6,ea90c8e5-1c4a-5592-8833-caf8b0de9b8b,ce92d8e0-065e-589b-a60e-c692ef2d2ff9,ba56ce33-eff8-5209-b60c-5b07ec924531,1,2026-04-01 17:53:00+02:00,2026-04-01 18:09:00+02:00,16,office,Leipzig,,DE,home,Leipzig,,DE,regional_train,subscription,,,8.78,0.0,4.26,0.307,False,True,False,False,,0
28e8914c-728d-5fb5-8802-a2acea67e965,cbcb43b8-047d-5a28-97da-d87e6d3ec278,ce92d8e0-065e-589b-a60e-c692ef2d2ff9,b1d91745-0169-5eed-93b4-2ab7e2c0e4aa,1,2026-04-01 06:39:00+02:00,2026-04-01 08:54:00+02:00,135,home,Leipzig,,DE,client site,Hamburg,,DE,long_distance_train,subscription,,,417.74,50.13,66.84,12.532,False,True,False,False,,0
c89fb455-7d4b-54df-a923-fad5dbc620e6,e6b669cc-3451-568d-9d15-e3355f239425,ce92d8e0-065e-589b-a60e-c692ef2d2ff9,b1d91745-0169-5eed-93b4-2ab7e2c0e4aa,1,2026-04-01 17:13:00+02:00,2026-04-01 19:28:00+02:00,135,client site,Hamburg,,DE,home,Leipzig,,DE,long_distance_train,subscription,,,417.74,50.13,66.84,12.532,False,True,False,False,,0
c3a0db15-6b5a-568b-a11c-220038de23d3,2682f116-a9e3-53f6-9f1b-4592aaca1cd0,ce92d8e0-065e-589b-a60e-c692ef2d2ff9,ba56ce33-eff8-5209-b60c-5b07ec924531,1,2026-04-02 07:54:00+02:00,2026-04-02 08:10:00+02:00,16,home,Leipzig,,DE,office,Leipzig,,DE,regional_train,subscription,,,8.64,0.0,4.23,0.302,False,True,False,False,,0
3d88a9fa-77f2-5b41-b6d9-3fcd47afb610,9ac23aa4-b22c-5079-badd-2714d6826c1b,ce92d8e0-065e-589b-a60e-c692ef2d2ff9,ba56ce33-eff8-5209-b60c-5b07ec924531,1,2026-04-02 17:52:00+02:00,2026-04-02 18:08:00+02:00,16,office,Leipzig,,DE,home,Leipzig,,DE,regional_train,subscription,,,8.64,0.0,4.23,0.302,False,True,False,False,,0
3ccac51f-9370-57e3-8a28-08a735178e60,9a728725-44f6-5d79-bb1c-f41ef1190900,ce92d8e0-065e-589b-a60e-c692ef2d2ff9,ba56ce33-eff8-5209-b60c-5b07ec924531,1,2026-04-03 07:45:00+02:00,2026-04-03 08:01:00+02:00,16,home,Leipzig,,DE,office,Leipzig,,DE,regional_train,subscription,,,9.02,0.0,4.3,0.316,False,True,False,False,,0
e5d6911b-b19c-577c-9965-069ff0af166b,20b3a432-58d8-567c-aa3f-2e64d8d3aa6b,ce92d8e0-065e-589b-a60e-c692ef2d2ff9,ba56ce33-eff8-5209-b60c-5b07ec924531,1,2026-04-03 17:33:00+02:00,2026-04-03 17:49:00+02:00,16,office,Leipzig,,DE,home,Leipzig,,DE,regional_train,subscription,,,9.02,0.0,4.3,0.316,False,True,False,False,,0
142da8c6-661c-5f6c-8719-561c495678da,a7e6cc59-9e2e-517d-bb45-3430c6fe95ce,ce92d8e0-065e-589b-a60e-c692ef2d2ff9,ba56ce33-eff8-5209-b60c-5b07ec924531,1,2026-04-06 07:43:00+02:00,2026-04-06 07:59:00+02:00,16,home,Leipzig,,DE,office,Leipzig,,DE,regional_train,subscription,,,8.85,0.0,4.27,0.31,False,True,False,False,,0
59525a35-cf45-5da9-95ca-487e0d74c742,63741cc2-7a7c-50ec-a059-600f323f817d,ce92d8e0-065e-589b-a60e-c692ef2d2ff9,ba56ce33-eff8-5209-b60c-5b07ec924531,1,2026-04-06 17:50:00+02:00,2026-04-06 18:06:00+02:00,16,office,Leipzig,,DE,home,Leipzig,,DE,regional_train,subscription,,,8.85,0.0,4.27,0.31,False,True,False,False,,0
74f7c159-2cea-5d45-b4d7-54a17039fbb6,10cedd5a-73b1-5622-bd09-70d76d5d3535,ce92d8e0-065e-589b-a60e-c692ef2d2ff9,b1d91745-0169-5eed-93b4-2ab7e2c0e4aa,1,2026-04-06 06:52:00+02:00,2026-04-06 07:51:00+02:00,59,home,Leipzig,,DE,client site,Berlin,,DE,long_distance_train,subscription,,,183.3,22.0,29.33,5.499,False,True,False,False,,0
cc0bec05-08f6-5c74-b078-282aeca32b00,d0c19405-0308-569c-b9e0-73c2da487b4c,ce92d8e0-065e-589b-a60e-c692ef2d2ff9,b1d91745-0169-5eed-93b4-2ab7e2c0e4aa,1,2026-04-06 17:05:00+02:00,2026-04-06 18:04:00+02:00,59,client site,Berlin,,DE,home,Leipzig,,DE,long_distance_train,subscription,,,183.3,22.0,29.33,5.499,False,True,False,False,,0
4f4fbb74-d4f4-510b-b522-f6d9a072a658,93876149-0a4d-5175-8db9-2d8eed084a81,ce92d8e0-065e-589b-a60e-c692ef2d2ff9,ba56ce33-eff8-5209-b60c-5b07ec924531,1,2026-04-07 07:50:00+02:00,2026-04-07 08:07:00+02:00,17,home,Leipzig,,DE,office,Leipzig,,DE,regional_train,subscription,,,9.31,0.0,4.36,0.326,False,True,False,False,,0
32345de7-dcfd-5b5c-97e0-ee80a572b735,de895678-de9b-5bf9-a275-655ba8fc7edd,ce92d8e0-065e-589b-a60e-c692ef2d2ff9,ba56ce33-eff8-5209-b60c-5b07ec924531,1,2026-04-07 17:54:00+02:00,2026-04-07 18:11:00+02:00,17,office,Leipzig,,DE,home,Leipzig,,DE,regional_train,subscription,,,9.31,0.0,4.36,0.326,False,True,False,False,,0
3083b108-9032-50d7-a8ef-32d3a7209b6d,3f966d53-b6fd-54f1-9fe4-7c0942f4981c,ce92d8e0-065e-589b-a60e-c692ef2d2ff9,ba56ce33-eff8-5209-b60c-5b07ec924531,1,2026-04-08 07:55:00+02:00,2026-04-08 08:12:00+02:00,17,home,Leipzig,,DE,office,Leipzig,,DE,regional_train,subscription,,,9.43,0.0,4.39,0.33,False,True,False,False,,0
c24e6678-00c0-576e-a929-13afc62ebf5e,3b187da5-ffe2-5746-89a7-2b48160b4b0f,ce92d8e0-065e-589b-a60e-c692ef2d2ff9,ba56ce33-eff8-5209-b60c-5b07ec924531,1,2026-04-08 17:42:00+02:00,2026-04-08 17:59:00+02:00,17,office,Leipzig,,DE,home,Leipzig,,DE,regional_train,subscription,,,9.43,0.0,4.39,0.33,False,True,False,False,,0
73d88156-8ab2-578b-8c06-46092c49e412,9a43b243-845c-5b92-840c-2853f17e345c,ce92d8e0-065e-589b-a60e-c692ef2d2ff9,ba56ce33-eff8-5209-b60c-5b07ec924531,1,2026-04-09 07:51:00+02:00,2026-04-09 08:08:00+02:00,17,home,Leipzig,,DE,office,Leipzig,,DE,regional_train,subscription,,,9.14,0.0,4.33,0.32,False,True,False,False,,0
748ccc27-ad1d-5f8d-9695-c70b67fb1024,414bd7d7-d3c4-518e-aa4a-a9526e37210c,ce92d8e0-065e-589b-a60e-c692ef2d2ff9,ba56ce33-eff8-5209-b60c-5b07ec924531,1,2026-04-09 17:38:00+02:00,2026-04-09 17:55:00+02:00,17,office,Leipzig,,DE,home,Leipzig,,DE,regional_train,subscription,,,9.14,0.0,4.33,0.32,False,True,False,False,,0
bf5368ea-cd76-5d36-af79-36fa4918a554,7b49e9d9-196c-544e-81ee-191bec9d0295,ce92d8e0-065e-589b-a60e-c692ef2d2ff9,ba56ce33-eff8-5209-b60c-5b07ec924531,1,2026-04-10 07:55:00+02:00,2026-04-10 08:09:00+02:00,14,home,Leipzig,,DE,office,Leipzig,,DE,regional_train,subscription,,,7.54,0.0,4.01,0.264,False,True,False,False,,0
16db9200-254f-539f-bccf-29c52b70f686,37ec25b7-cf29-5d80-8b53-c36c7da35eb8,ce92d8e0-065e-589b-a60e-c692ef2d2ff9,ba56ce33-eff8-5209-b60c-5b07ec924531,1,2026-04-10 17:38:00+02:00,2026-04-10 17:52:00+02:00,14,office,Leipzig,,DE,home,Leipzig,,DE,regional_train,subscription,,,7.54,0.0,4.01,0.264,False,True,False,False,,0
3e5015a5-a3ef-5447-a81b-e55bd7b4fbc5,434cb591-45e8-58b9-af23-00e33d6b4dcb,ce92d8e0-065e-589b-a60e-c692ef2d2ff9,ba56ce33-eff8-5209-b60c-5b07ec924531,1,2026-04-11 16:00:00+02:00,2026-04-11 16:14:00+02:00,14,home,Leipzig,,DE,market square,Leipzig,,DE,public_transport,subscription,,,6.96,0.0,2.9,0.278,False,True,False,False,,0
e53b160d-7f9d-5fc5-b9e7-197f54d97e37,0c16019c-1193-5889-b2fe-cebfd8cd506f,ce92d8e0-065e-589b-a60e-c692ef2d2ff9,ba56ce33-eff8-5209-b60c-5b07ec924531,1,2026-04-13 07:51:00+02:00,2026-04-13 08:05:00+02:00,14,home,Leipzig,,DE,office,Leipzig,,DE,regional_train,subscription,,,7.7,0.0,4.04,0.27,False,True,False,False,,0
4298569a-3636-5a49-bb00-2edeadfa33e9,0239c463-a68a-52d0-8149-e8f9b9aaa392,ce92d8e0-065e-589b-a60e-c692ef2d2ff9,ba56ce33-eff8-5209-b60c-5b07ec924531,1,2026-04-13 17:53:00+02:00,2026-04-13 18:07:00+02:00,14,office,Leipzig,,DE,home,Leipzig,,DE,regional_train,subscription,,,7.7,0.0,4.04,0.27,False,True,False,False,,0
d1a64aa9-5d44-5f8c-9d97-ff933286f74c,b14e504f-3405-50dd-9921-749854e0bf54,ce92d8e0-065e-589b-a60e-c692ef2d2ff9,ba56ce33-eff8-5209-b60c-5b07ec924531,1,2026-04-14 07:44:00+02:00,2026-04-14 07:58:00+02:00,14,home,Leipzig,,DE,office,Leipzig,,DE,regional_train,subscription,,,7.76,0.0,4.05,0.272,False,True,False,False,,0
ff441a71-42a1-50fe-b941-f55a33c0bbea,00a669ae-ab3b-524f-9c3a-01b3f0ee859c,ce92d8e0-065e-589b-a60e-c692ef2d2ff9,ba56ce33-eff8-5209-b60c-5b07ec924531,1,2026-04-14 17:55:00+02:00,2026-04-14 18:09:00+02:00,14,office,Leipzig,,DE,home,Leipzig,,DE,regional_train,subscription,,,7.76,0.0,4.05,0.272,False,True,False,False,,0
249c5fcb-0851-5e70-91ac-5dc815c3f6eb,db40e1d1-221c-53c4-be31-7979ff702df4,ce92d8e0-065e-589b-a60e-c692ef2d2ff9,ba56ce33-eff8-5209-b60c-5b07ec924531,1,2026-04-15 07:41:00+02:00,2026-04-15 07:56:00+02:00,15,home,Leipzig,,DE,office,Leipzig,,DE,regional_train,subscription,,,8.49,0.0,4.2,0.297,False,True,False,False,,0
70f0e969-8e99-5a8d-90a3-cfb1e83c8a99,2cf2cdef-01f6-5b99-b548-493ed437b9a4,ce92d8e0-065e-589b-a60e-c692ef2d2ff9,ba56ce33-eff8-5209-b60c-5b07ec924531,1,2026-04-15 17:36:00+02:00,2026-04-15 17:51:00+02:00,15,office,Leipzig,,DE,home,Leipzig,,DE,regional_train,subscription,,,8.49,0.0,4.2,0.297,False,True,False,False,,0
f21d818d-2cf6-5a93-939f-775e4e18abed,1d04de0c-63b9-5f27-ab61-25d006d0d86b,ce92d8e0-065e-589b-a60e-c692ef2d2ff9,b1d91745-0169-5eed-93b4-2ab7e2c0e4aa,1,2026-04-15 06:52:00+02:00,2026-04-15 07:55:00+02:00,63,home,Leipzig,,DE,client site,Berlin,,DE,long_distance_train,subscription,,,196.16,23.54,31.39,5.885,False,True,False,False,,0
e7159a56-fe14-5942-8fe4-5ae5a79b2b75,4ec27889-fbea-5fab-b8e6-a47ff6036b44,ce92d8e0-065e-589b-a60e-c692ef2d2ff9,b1d91745-0169-5eed-93b4-2ab7e2c0e4aa,1,2026-04-15 17:19:00+02:00,2026-04-15 18:22:00+02:00,63,client site,Berlin,,DE,home,Leipzig,,DE,long_distance_train,subscription,,,196.16,23.54,31.39,5.885,False,True,False,False,,0
666bc0cc-06b1-5b1a-a6d7-c5331c4e4564,16a38032-6cf8-53e7-8477-b3c692abf0bd,ce92d8e0-065e-589b-a60e-c692ef2d2ff9,ba56ce33-eff8-5209-b60c-5b07ec924531,1,2026-04-16 07:41:00+02:00,2026-04-16 07:58:00+02:00,17,home,Leipzig,,DE,office,Leipzig,,DE,regional_train,subscription,,,9.2,0.0,4.34,0.322,False,True,False,False,,0
6e9c3135-aa31-50eb-95da-1dbf706507c4,33ed5d8b-ffd7-50b6-b9a9-7823c963ccf5,ce92d8e0-065e-589b-a60e-c692ef2d2ff9,ba56ce33-eff8-5209-b60c-5b07ec924531,1,2026-04-16 17:39:00+02:00,2026-04-16 17:56:00+02:00,17,office,Leipzig,,DE,home,Leipzig,,DE,regional_train,subscription,,,9.2,0.0,4.34,0.322,False,True,False,False,,0
8c0fd594-d47f-554f-9403-32eec7e8a0e9,28c02729-d3f5-5857-a9e8-afd80b56c56f,ce92d8e0-065e-589b-a60e-c692ef2d2ff9,b1d91745-0169-5eed-93b4-2ab7e2c0e4aa,1,2026-04-16 06:33:00+02:00,2026-04-16 08:39:00+02:00,126,home,Leipzig,,DE,client site,Munich,,DE,long_distance_train,subscription,,,389.17,46.7,62.27,11.675,False,True,False,False,,0
1dd2811d-d5f2-51bf-9829-d340f4c3841c,c7dd7df3-e910-519a-b5fd-8c754fc18f7f,ce92d8e0-065e-589b-a60e-c692ef2d2ff9,b1d91745-0169-5eed-93b4-2ab7e2c0e4aa,1,2026-04-16 17:30:00+02:00,2026-04-16 19:36:00+02:00,126,client site,Munich,,DE,home,Leipzig,,DE,long_distance_train,subscription,,,389.17,46.7,62.27,11.675,False,True,False,False,,0
fd7fef7b-0ccc-5e88-bc6e-c8f59b7a819a,5f89bdc6-6623-50df-952a-4d10c3065005,ce92d8e0-065e-589b-a60e-c692ef2d2ff9,ba56ce33-eff8-5209-b60c-5b07ec924531,1,2026-04-17 07:53:00+02:00,2026-04-17 08:08:00+02:00,15,home,Leipzig,,DE,office,Leipzig,,DE,regional_train,subscription,,,8.48,0.0,4.2,0.297,False,True,False,False,,0
b35a30c1-5522-58f9-a41d-71f6ee346f92,bd6a159c-c7e2-502d-8acc-57b6167767e4,ce92d8e0-065e-589b-a60e-c692ef2d2ff9,ba56ce33-eff8-5209-b60c-5b07ec924531,1,2026-04-17 17:43:00+02:00,2026-04-17 17:58:00+02:00,15,office,Leipzig,,DE,home,Leipzig,,DE,regional_train,subscription,,,8.48,0.0,4.2,0.297,False,True,False,False,,0
a7b3128f-edbd-51fa-bd17-a0ebbbe8cce1,a9e43ebb-b80e-5d44-b774-b79a36b6a884,ce92d8e0-065e-589b-a60e-c692ef2d2ff9,b1d91745-0169-5eed-93b4-2ab7e2c0e4aa,1,2026-04-17 06:33:00+02:00,2026-04-17 08:45:00+02:00,132,home,Leipzig,,DE,client site,Munich,,DE,long_distance_train,subscription,,,407.82,48.94,65.25,12.235,False,True,False,False,,0
64bdda5c-c9b7-5797-a8f6-d4c5d3d829b9,8806034f-3793-5921-a6d0-c2df4894e7aa,ce92d8e0-065e-589b-a60e-c692ef2d2ff9,b1d91745-0169-5eed-93b4-2ab7e2c0e4aa,1,2026-04-17 17:08:00+02:00,2026-04-17 19:20:00+02:00,132,client site,Munich,,DE,home,Leipzig,,DE,long_distance_train,subscription,,,407.82,48.94,65.25,12.235,False,True,False,False,,0
726e3b87-fa7e-5da5-85a0-d480b96e1859,e18e61f5-8e67-5f5a-a221-959be5a9cf58,ce92d8e0-065e-589b-a60e-c692ef2d2ff9,ba56ce33-eff8-5209-b60c-5b07ec924531,1,2026-04-20 07:56:00+02:00,2026-04-20 08:12:00+02:00,16,home,Leipzig,,DE,office,Leipzig,,DE,regional_train,subscription,,,8.88,0.0,4.28,0.311,False,True,False,False,,0
0b85689d-0c91-5f06-83ec-adc5b3f9bed1,9d3e0a7c-8f3a-5c18-bc7d-abbcd4de7011,ce92d8e0-065e-589b-a60e-c692ef2d2ff9,ba56ce33-eff8-5209-b60c-5b07ec924531,1,2026-04-20 17:40:00+02:00,2026-04-20 17:56:00+02:00,16,office,Leipzig,,DE,home,Leipzig,,DE,regional_train,subscription,,,8.88,0.0,4.28,0.311,False,True,False,False,,0
7d75fe29-c95f-5f09-abbe-bd41760bc829,4e2b0051-59bf-590b-b882-2ae6a8ab68ed,ce92d8e0-065e-589b-a60e-c692ef2d2ff9,b1d91745-0169-5eed-93b4-2ab7e2c0e4aa,1,2026-04-20 06:55:00+02:00,2026-04-20 10:05:00+02:00,190,home,Leipzig,,DE,client site,Cologne,,DE,long_distance_train,subscription,,,588.32,70.6,94.13,17.65,False,True,False,False,,0
d7f4d4bd-575e-5488-a5d8-dd331c62ed98,8643f695-7383-522d-807a-2fd96704b410,ce92d8e0-065e-589b-a60e-c692ef2d2ff9,b1d91745-0169-5eed-93b4-2ab7e2c0e4aa,1,2026-04-20 17:37:00+02:00,2026-04-20 20:47:00+02:00,190,client site,Cologne,,DE,home,Leipzig,,DE,long_distance_train,subscription,,,588.32,70.6,94.13,17.65,False,True,False,False,,0
d4574a0c-f823-5157-83ac-b4bf08eabd30,92a5ac9b-0732-5d04-a5c3-e36b2faffce5,ce92d8e0-065e-589b-a60e-c692ef2d2ff9,ba56ce33-eff8-5209-b60c-5b07ec924531,1,2026-04-21 07:58:00+02:00,2026-04-21 08:14:00+02:00,16,home,Leipzig,,DE,office,Leipzig,,DE,regional_train,subscription,,,9.05,0.0,4.31,0.317,False,True,False,False,,0
8f33ac8b-7cc9-597e-9e1f-6e24304dde88,50624820-0f2b-50a1-97e7-d70d215aa038,ce92d8e0-065e-589b-a60e-c692ef2d2ff9,ba56ce33-eff8-5209-b60c-5b07ec924531,1,2026-04-21 17:52:00+02:00,2026-04-21 18:08:00+02:00,16,office,Leipzig,,DE,home,Leipzig,,DE,regional_train,subscription,,,9.05,0.0,4.31,0.317,False,True,False,False,,0
a0d11f35-ddc1-509d-a3bb-b294e27d05ca,8c6f3fda-2f2a-527a-8bb6-6094a650a675,ce92d8e0-065e-589b-a60e-c692ef2d2ff9,b1d91745-0169-5eed-93b4-2ab7e2c0e4aa,1,2026-04-21 06:53:00+02:00,2026-04-21 09:49:00+02:00,176,home,Leipzig,,DE,client site,Cologne,,DE,long_distance_train,subscription,,,545.85,65.5,87.34,16.375,False,True,False,False,,0
bb87afcf-7c16-5def-8514-fe666a129059,f8927bdd-51bc-592a-890b-08edc7b53545,ce92d8e0-065e-589b-a60e-c692ef2d2ff9,b1d91745-0169-5eed-93b4-2ab7e2c0e4aa,1,2026-04-21 17:01:00+02:00,2026-04-21 19:57:00+02:00,176,client site,Cologne,,DE,home,Leipzig,,DE,long_distance_train,subscription,,,545.85,65.5,87.34,16.375,False,True,False,False,,0
c35e4259-5086-55ac-8ca1-1e440cf3f684,7deabdfc-12d2-5596-8122-741c6663149c,ce92d8e0-065e-589b-a60e-c692ef2d2ff9,ba56ce33-eff8-5209-b60c-5b07ec924531,1,2026-04-22 07:45:00+02:00,2026-04-22 07:59:00+02:00,14,home,Leipzig,,DE,office,Leipzig,,DE,regional_train,subscription,,,7.88,0.0,4.08,0.276,False,True,False,False,,0
4eab0293-bf63-54fb-a987-1420ae94c72b,a86b435c-cbc3-5703-8604-fab114b2a931,ce92d8e0-065e-589b-a60e-c692ef2d2ff9,ba56ce33-eff8-5209-b60c-5b07ec924531,1,2026-04-22 17:53:00+02:00,2026-04-22 18:07:00+02:00,14,office,Leipzig,,DE,home,Leipzig,,DE,regional_train,subscription,,,7.88,0.0,4.08,0.276,False,True,False,False,,0
73aa74de-38fa-545a-901f-760fa8088591,c4927dfe-8e63-549a-a910-5e4a0e6c9363,ce92d8e0-065e-589b-a60e-c692ef2d2ff9,ba56ce33-eff8-5209-b60c-5b07ec924531,1,2026-04-23 07:50:00+02:00,2026-04-23 08:07:00+02:00,17,home,Leipzig,,DE,office,Leipzig,,DE,regional_train,subscription,,,9.38,0.0,4.38,0.328,False,True,False,False,,0
8fb90002-0ae5-5458-b7bb-da8076f818c9,c79a3fb4-e4b6-548b-8e83-768fe0b38114,ce92d8e0-065e-589b-a60e-c692ef2d2ff9,ba56ce33-eff8-5209-b60c-5b07ec924531,1,2026-04-23 17:31:00+02:00,2026-04-23 17:48:00+02:00,17,office,Leipzig,,DE,home,Leipzig,,DE,regional_train,subscription,,,9.38,0.0,4.38,0.328,False,True,False,False,,0
f4011b60-dfa0-5fc0-8804-0173c88a4dd7,53b4f618-3c49-5808-a34f-d44bafd768d3,ce92d8e0-065e-589b-a60e-c692ef2d2ff9,ba56ce33-eff8-5209-b60c-5b07ec924531,1,2026-04-24 07:52:00+02:00,2026-04-24 08:06:00+02:00,14,home,Leipzig,,DE,office,Leipzig,,DE,regional_train,subscription,,,7.58,0.0,4.02,0.265,False,True,False,False,,0
368bde0b-9d97-5099-9a7a-ca568bc8c91e,f7f41011-1537-59e1-87d7-099490ef47a7,ce92d8e0-065e-589b-a60e-c692ef2d2ff9,ba56ce33-eff8-5209-b60c-5b07ec924531,1,2026-04-24 17:51:00+02:00,2026-04-24 18:05:00+02:00,14,office,Leipzig,,DE,home,Leipzig,,DE,regional_train,subscription,,,7.58,0.0,4.02,0.265,False,True,False,False,,0
da91927e-37cf-5403-bc7a-c01409764882,0ca7560b-21d7-5230-8f0c-ce2412f559cf,ce92d8e0-065e-589b-a60e-c692ef2d2ff9,ba56ce33-eff8-5209-b60c-5b07ec924531,1,2026-04-25 12:00:00+02:00,2026-04-25 12:07:00+02:00,7,home,Leipzig,,DE,city center,Leipzig,,DE,public_transport,subscription,,,3.6,0.0,2.9,0.144,False,True,False,False,,0
dcf2cea0-9a44-55a3-929a-d05cf5f87611,ab857cfa-3566-56e7-950b-bc8f817d6442,ce92d8e0-065e-589b-a60e-c692ef2d2ff9,ba56ce33-eff8-5209-b60c-5b07ec924531,1,2026-04-27 07:51:00+02:00,2026-04-27 08:05:00+02:00,14,home,Leipzig,,DE,office,Leipzig,,DE,regional_train,subscription,,,7.51,0.0,4.0,0.263,False,True,False,False,,0
22537c33-fa7f-5f58-8696-edc0b6c8c6ec,ad10a145-dbb9-55c1-ba6c-ed0e92381e11,ce92d8e0-065e-589b-a60e-c692ef2d2ff9,ba56ce33-eff8-5209-b60c-5b07ec924531,1,2026-04-27 17:54:00+02:00,2026-04-27 18:08:00+02:00,14,office,Leipzig,,DE,home,Leipzig,,DE,regional_train,subscription,,,7.51,0.0,4.0,0.263,False,True,False,False,,0
240fa5d2-3250-5312-886d-f6062604446c,1d68c885-b28a-5a4b-958e-bc57d6d640b9,ce92d8e0-065e-589b-a60e-c692ef2d2ff9,ba56ce33-eff8-5209-b60c-5b07ec924531,1,2026-04-28 07:45:00+02:00,2026-04-28 08:00:00+02:00,15,home,Leipzig,,DE,office,Leipzig,,DE,regional_train,subscription,,,8.3,0.0,4.16,0.291,False,True,False,False,,0
4f944182-e3c3-57e9-a737-c5e4fc30a84a,f5f985e8-75f3-5f61-a00c-f6a332e38911,ce92d8e0-065e-589b-a60e-c692ef2d2ff9,ba56ce33-eff8-5209-b60c-5b07ec924531,1,2026-04-28 17:40:00+02:00,2026-04-28 17:55:00+02:00,15,office,Leipzig,,DE,home,Leipzig,,DE,regional_train,subscription,,,8.3,0.0,4.16,0.291,False,True,False,False,,0
1fdfcd5e-eeac-5020-bf56-e531b8fb9a3e,9d97c14c-3378-591e-aeab-fbc5ed48618c,ce92d8e0-065e-589b-a60e-c692ef2d2ff9,ba56ce33-eff8-5209-b60c-5b07ec924531,1,2026-04-29 07:45:00+02:00,2026-04-29 08:01:00+02:00,16,home,Leipzig,,DE,office,Leipzig,,DE,regional_train,subscription,,,8.68,0.0,4.24,0.304,False,True,False,False,,0
b4ca8c07-e814-524f-a5f3-17de277d4c2f,a06ec328-3c84-580c-adef-1d95ab1e5904,ce92d8e0-065e-589b-a60e-c692ef2d2ff9,ba56ce33-eff8-5209-b60c-5b07ec924531,1,2026-04-29 17:36:00+02:00,2026-04-29 17:52:00+02:00,16,office,Leipzig,,DE,home,Leipzig,,DE,regional_train,subscription,,,8.68,0.0,4.24,0.304,False,True,False,False,,0
f909dc6d-53cc-505d-96d4-55fbabd22023,81b11f30-83ed-58ad-83fd-3690d7254d84,ce92d8e0-065e-589b-a60e-c692ef2d2ff9,ba56ce33-eff8-5209-b60c-5b07ec924531,1,2026-04-30 07:52:00+02:00,2026-04-30 08:07:00+02:00,15,home,Leipzig,,DE,office,Leipzig,,DE,regional_train,subscription,,,8.44,0.0,4.19,0.295,False,True,False,False,,0
35d0442b-a6e2-528c-a8c4-d769d8dad55b,67da41fd-77c8-5908-b217-52e7eb68a623,ce92d8e0-065e-589b-a60e-c692ef2d2ff9,ba56ce33-eff8-5209-b60c-5b07ec924531,1,2026-04-30 17:47:00+02:00,2026-04-30 18:02:00+02:00,15,office,Leipzig,,DE,home,Leipzig,,DE,regional_train,subscription,,,8.44,0.0,4.19,0.295,False,True,False,False,,0
e99192bd-c6f7-501a-a20a-aeb90845f2b4,d8e51cdf-54d9-5268-b049-85d3ab1e18c0,ce92d8e0-065e-589b-a60e-c692ef2d2ff9,ba56ce33-eff8-5209-b60c-5b07ec924531,1,2026-05-01 07:45:00+02:00,2026-05-01 08:01:00+02:00,16,home,Leipzig,,DE,office,Leipzig,,DE,regional_train,subscription,,,8.63,0.0,4.23,0.302,False,True,False,False,,0
f2533ffe-b02b-5465-95e0-fc0ffc98e886,e3802a71-da97-5639-a93d-3e71a980cb28,ce92d8e0-065e-589b-a60e-c692ef2d2ff9,ba56ce33-eff8-5209-b60c-5b07ec924531,1,2026-05-01 17:38:00+02:00,2026-05-01 17:54:00+02:00,16,office,Leipzig,,DE,home,Leipzig,,DE,regional_train,subscription,,,8.63,0.0,4.23,0.302,False,True,False,False,,0
cd0eea94-210c-5f1d-b62e-4e13cf7ac7bf,5ecbb9c9-289d-5c84-a930-7b0674c83b20,ce92d8e0-065e-589b-a60e-c692ef2d2ff9,ba56ce33-eff8-5209-b60c-5b07ec924531,1,2026-05-03 12:00:00+02:00,2026-05-03 12:06:00+02:00,6,home,Leipzig,,DE,city center,Leipzig,,DE,public_transport,subscription,,,3.18,0.0,2.9,0.127,False,True,False,False,,0
4ffc8caa-53b2-5efd-8cfc-de66199c2198,92e969d5-1dc3-5fcc-99be-7599fefeda93,ce92d8e0-065e-589b-a60e-c692ef2d2ff9,ba56ce33-eff8-5209-b60c-5b07ec924531,1,2026-05-05 07:57:00+02:00,2026-05-05 08:13:00+02:00,16,home,Leipzig,,DE,office,Leipzig,,DE,regional_train,subscription,,,8.98,0.0,4.3,0.314,False,True,False,False,,0
0c93a9bf-9b7e-5da4-b207-8e655d46ebf3,27e9b1cc-0951-5ab5-bd20-a5f81fd7cc27,ce92d8e0-065e-589b-a60e-c692ef2d2ff9,ba56ce33-eff8-5209-b60c-5b07ec924531,1,2026-05-05 17:33:00+02:00,2026-05-05 17:49:00+02:00,16,office,Leipzig,,DE,home,Leipzig,,DE,regional_train,subscription,,,8.98,0.0,4.3,0.314,False,True,False,False,,0
81fd3327-6036-55c2-aeaa-af9f1fadead9,18a6b76e-9a2f-54fc-88b2-9734e6edf834,ce92d8e0-065e-589b-a60e-c692ef2d2ff9,ba56ce33-eff8-5209-b60c-5b07ec924531,1,2026-05-06 07:50:00+02:00,2026-05-06 08:04:00+02:00,14,home,Leipzig,,DE,office,Leipzig,,DE,regional_train,subscription,,,7.55,0.0,4.01,0.264,False,True,False,False,,0
7d3bcd56-9dd8-5c03-b9d3-8102935c2495,67e49c28-4f53-52cd-a34d-400b7b053ece,ce92d8e0-065e-589b-a60e-c692ef2d2ff9,ba56ce33-eff8-5209-b60c-5b07ec924531,1,2026-05-06 17:51:00+02:00,2026-05-06 18:05:00+02:00,14,office,Leipzig,,DE,home,Leipzig,,DE,regional_train,subscription,,,7.55,0.0,4.01,0.264,False,True,False,False,,0
7c7e6281-1c31-5f27-9322-7dbccca9d364,0bc558a6-7937-5164-8703-b2580372ba9c,ce92d8e0-065e-589b-a60e-c692ef2d2ff9,b1d91745-0169-5eed-93b4-2ab7e2c0e4aa,1,2026-05-06 06:30:00+02:00,2026-05-06 08:44:00+02:00,134,home,Leipzig,,DE,client site,Munich,,DE,long_distance_train,subscription,,,416.6,49.99,66.66,12.498,False,True,False,False,,0
abb91523-2499-584f-a28f-ced9a77257fb,0443f986-2a89-5080-839c-ccb529336378,ce92d8e0-065e-589b-a60e-c692ef2d2ff9,b1d91745-0169-5eed-93b4-2ab7e2c0e4aa,1,2026-05-06 17:29:00+02:00,2026-05-06 19:43:00+02:00,134,client site,Munich,,DE,home,Leipzig,,DE,long_distance_train,subscription,,,416.6,49.99,66.66,12.498,False,True,False,False,,0
3949727c-9727-5e97-a89f-2445db560186,0be086f8-6c94-5738-bfad-a833b5159703,ce92d8e0-065e-589b-a60e-c692ef2d2ff9,ba56ce33-eff8-5209-b60c-5b07ec924531,1,2026-05-07 07:40:00+02:00,2026-05-07 07:57:00+02:00,17,home,Leipzig,,DE,office,Leipzig,,DE,regional_train,subscription,,,9.41,0.0,4.38,0.329,False,True,False,False,,0
6b9446df-1ecf-542e-9b15-229b0bbe6ecb,67914906-4b9c-521c-b547-734b34a0c8be,ce92d8e0-065e-589b-a60e-c692ef2d2ff9,ba56ce33-eff8-5209-b60c-5b07ec924531,1,2026-05-07 17:32:00+02:00,2026-05-07 17:49:00+02:00,17,office,Leipzig,,DE,home,Leipzig,,DE,regional_train,subscription,,,9.41,0.0,4.38,0.329,False,True,False,False,,0
42c799a2-3bce-5ccf-9875-63dda67f796a,f3ba06de-6513-5059-9507-5bb6ee73405b,ce92d8e0-065e-589b-a60e-c692ef2d2ff9,b1d91745-0169-5eed-93b4-2ab7e2c0e4aa,1,2026-05-07 06:32:00+02:00,2026-05-07 08:40:00+02:00,128,home,Leipzig,,DE,client site,Frankfurt,,DE,long_distance_train,subscription,,,397.66,47.72,63.63,11.93,False,True,False,False,,0
ebc51c73-25e7-570b-85c2-b9ddcc843ffa,3cec77da-dd0d-5bc8-9e35-b9516af1cf25,ce92d8e0-065e-589b-a60e-c692ef2d2ff9,b1d91745-0169-5eed-93b4-2ab7e2c0e4aa,1,2026-05-07 17:16:00+02:00,2026-05-07 19:24:00+02:00,128,client site,Frankfurt,,DE,home,Leipzig,,DE,long_distance_train,subscription,,,397.66,47.72,63.63,11.93,False,True,False,False,,0
5b9ea752-092a-5263-8947-d71cbcd2f5a1,1a47e3b4-2f29-5e41-b7f5-20249882ccc8,ce92d8e0-065e-589b-a60e-c692ef2d2ff9,ba56ce33-eff8-5209-b60c-5b07ec924531,1,2026-05-08 07:55:00+02:00,2026-05-08 08:10:00+02:00,15,home,Leipzig,,DE,office,Leipzig,,DE,regional_train,subscription,,,8.13,0.0,4.13,0.285,False,True,False,False,,0
3508f9b2-5212-5877-ab4e-bb3beca08648,d8528a52-5d05-5e90-91fe-399c6dc47c76,ce92d8e0-065e-589b-a60e-c692ef2d2ff9,ba56ce33-eff8-5209-b60c-5b07ec924531,1,2026-05-08 17:45:00+02:00,2026-05-08 18:00:00+02:00,15,office,Leipzig,,DE,home,Leipzig,,DE,regional_train,subscription,,,8.13,0.0,4.13,0.285,False,True,False,False,,0
bc999c0f-9114-5dcc-bf5d-b4c1c77035d3,f79f83eb-1e43-5e06-b660-def1808cff93,ce92d8e0-065e-589b-a60e-c692ef2d2ff9,b1d91745-0169-5eed-93b4-2ab7e2c0e4aa,1,2026-05-08 06:52:00+02:00,2026-05-08 09:10:00+02:00,138,home,Leipzig,,DE,client site,Hamburg,,DE,long_distance_train,subscription,,,426.77,51.21,68.28,12.803,False,True,False,False,,0
8eceb6f5-e738-5f0f-8cf8-1d0c82c1b7cd,ab385506-22a9-5609-96ed-20c7b6ffa558,ce92d8e0-065e-589b-a60e-c692ef2d2ff9,b1d91745-0169-5eed-93b4-2ab7e2c0e4aa,1,2026-05-08 17:22:00+02:00,2026-05-08 19:40:00+02:00,138,client site,Hamburg,,DE,home,Leipzig,,DE,long_distance_train,subscription,,,426.77,51.21,68.28,12.803,False,True,False,False,,0
d5d55b0e-590b-5fe5-8bba-583a4ade44a6,11c08971-4f74-59e6-be0e-ccc81a815bd9,ce92d8e0-065e-589b-a60e-c692ef2d2ff9,ba56ce33-eff8-5209-b60c-5b07ec924531,1,2026-05-10 16:00:00+02:00,2026-05-10 16:12:00+02:00,12,home,Leipzig,,DE,city center,Leipzig,,DE,public_transport,subscription,,,6.25,0.0,2.9,0.25,False,True,False,False,,0
32e61680-6ff9-526d-a474-4f39c9efad40,54e27892-82fa-546c-9b09-a5c9711e3c7d,ce92d8e0-065e-589b-a60e-c692ef2d2ff9,ba56ce33-eff8-5209-b60c-5b07ec924531,1,2026-05-11 07:51:00+02:00,2026-05-11 08:05:00+02:00,14,home,Leipzig,,DE,office,Leipzig,,DE,regional_train,subscription,,,7.66,0.0,4.03,0.268,False,True,False,False,,0
1b13c6ef-0e03-5bad-90c8-b5cccdcc4c07,978f53a1-55a7-5fae-b180-830d69a5efcb,ce92d8e0-065e-589b-a60e-c692ef2d2ff9,ba56ce33-eff8-5209-b60c-5b07ec924531,1,2026-05-11 17:48:00+02:00,2026-05-11 18:02:00+02:00,14,office,Leipzig,,DE,home,Leipzig,,DE,regional_train,subscription,,,7.66,0.0,4.03,0.268,False,True,False,False,,0
d98adbb5-e2a7-523e-9b3b-94a0d23786cd,b46531e7-f1e4-5085-b33b-b058057e2a8e,ce92d8e0-065e-589b-a60e-c692ef2d2ff9,b1d91745-0169-5eed-93b4-2ab7e2c0e4aa,1,2026-05-11 06:48:00+02:00,2026-05-11 08:59:00+02:00,131,home,Leipzig,,DE,client site,Munich,,DE,long_distance_train,subscription,,,407.63,48.91,65.22,12.229,False,True,False,False,,0
b9275844-7e8c-5b2d-9ddc-6877c2ad927a,49ee8710-6ac1-5a17-9b4a-b21aecb60b5d,ce92d8e0-065e-589b-a60e-c692ef2d2ff9,b1d91745-0169-5eed-93b4-2ab7e2c0e4aa,1,2026-05-11 17:01:00+02:00,2026-05-11 19:12:00+02:00,131,client site,Munich,,DE,home,Leipzig,,DE,long_distance_train,subscription,,,407.63,48.91,65.22,12.229,False,True,False,False,,0
2e71d0ba-fdec-5ef1-865c-c6d110b280c6,72b7c815-eed9-5dd8-95d6-413dd18f2399,ce92d8e0-065e-589b-a60e-c692ef2d2ff9,ba56ce33-eff8-5209-b60c-5b07ec924531,1,2026-05-12 07:47:00+02:00,2026-05-12 08:02:00+02:00,15,home,Leipzig,,DE,office,Leipzig,,DE,regional_train,subscription,,,7.98,0.0,4.1,0.279,False,True,False,False,,0
43034799-1e37-5982-b22f-0bd1de8e67bf,68333359-dbba-5b89-9e3f-91ab19ad96fc,ce92d8e0-065e-589b-a60e-c692ef2d2ff9,ba56ce33-eff8-5209-b60c-5b07ec924531,1,2026-05-12 17:54:00+02:00,2026-05-12 18:09:00+02:00,15,office,Leipzig,,DE,home,Leipzig,,DE,regional_train,subscription,,,7.98,0.0,4.1,0.279,False,True,False,False,,0
8d169d0b-27fb-5556-9b57-b07be404c967,0b977b94-baf1-543c-ad88-6ca943da9df0,ce92d8e0-065e-589b-a60e-c692ef2d2ff9,ba56ce33-eff8-5209-b60c-5b07ec924531,1,2026-05-13 07:44:00+02:00,2026-05-13 07:58:00+02:00,14,home,Leipzig,,DE,office,Leipzig,,DE,regional_train,subscription,,,7.56,0.0,4.01,0.265,False,True,False,False,,0
3b540728-35ed-5525-bcf6-516762bcbade,61012b03-f9bb-5c9d-9392-c6765f871e50,ce92d8e0-065e-589b-a60e-c692ef2d2ff9,ba56ce33-eff8-5209-b60c-5b07ec924531,1,2026-05-13 17:34:00+02:00,2026-05-13 17:48:00+02:00,14,office,Leipzig,,DE,home,Leipzig,,DE,regional_train,subscription,,,7.56,0.0,4.01,0.265,False,True,False,False,,0
f6ba9704-2472-51e3-a27a-617a25e28b25,d8836137-7ffa-5873-a5cd-8a87a83bcc83,ce92d8e0-065e-589b-a60e-c692ef2d2ff9,ba56ce33-eff8-5209-b60c-5b07ec924531,1,2026-05-14 07:55:00+02:00,2026-05-14 08:09:00+02:00,14,home,Leipzig,,DE,office,Leipzig,,DE,regional_train,subscription,,,7.65,0.0,4.03,0.268,False,True,False,False,,0
3081303a-3a9e-5215-af01-d3c87c757c08,e4329a7e-6e36-5b3b-be73-e55fab3a77a9,ce92d8e0-065e-589b-a60e-c692ef2d2ff9,ba56ce33-eff8-5209-b60c-5b07ec924531,1,2026-05-14 17:51:00+02:00,2026-05-14 18:05:00+02:00,14,office,Leipzig,,DE,home,Leipzig,,DE,regional_train,subscription,,,7.65,0.0,4.03,0.268,False,True,False,False,,0
f7fec46f-1fe5-5731-9271-c62410e944ce,14040960-2cfc-5484-ada4-24c7aa13d5a3,ce92d8e0-065e-589b-a60e-c692ef2d2ff9,ba56ce33-eff8-5209-b60c-5b07ec924531,1,2026-05-15 07:42:00+02:00,2026-05-15 07:58:00+02:00,16,home,Leipzig,,DE,office,Leipzig,,DE,regional_train,subscription,,,8.82,0.0,4.26,0.309,False,True,False,False,,0
f4bc6206-e2bb-55e5-9527-65cdcd5b29c2,4d439029-a693-5490-bc7b-4a881e6f51e1,ce92d8e0-065e-589b-a60e-c692ef2d2ff9,ba56ce33-eff8-5209-b60c-5b07ec924531,1,2026-05-15 17:44:00+02:00,2026-05-15 18:00:00+02:00,16,office,Leipzig,,DE,home,Leipzig,,DE,regional_train,subscription,,,8.82,0.0,4.26,0.309,False,True,False,False,,0
354ef3d0-829d-5203-9306-424e3a0e845e,369afd6e-f170-5795-b380-4bd535b70472,ce92d8e0-065e-589b-a60e-c692ef2d2ff9,ba56ce33-eff8-5209-b60c-5b07ec924531,1,2026-05-16 16:00:00+02:00,2026-05-16 16:12:00+02:00,12,home,Leipzig,,DE,market square,Leipzig,,DE,public_transport,subscription,,,6.07,0.0,2.9,0.243,False,True,False,False,,0
98e6bac9-7f4c-5f81-ac79-84dd8455a970,6ce5e255-108e-5a47-a37e-5faf6caa252d,ce92d8e0-065e-589b-a60e-c692ef2d2ff9,ba56ce33-eff8-5209-b60c-5b07ec924531,1,2026-05-18 07:46:00+02:00,2026-05-18 08:00:00+02:00,14,home,Leipzig,,DE,office,Leipzig,,DE,regional_train,subscription,,,7.62,0.0,4.02,0.267,False,True,False,False,,0
2c1adaf5-d2de-59c9-81be-c57a99eef0f1,c159a4cc-fcd8-5df6-b30b-31adf30ddcc5,ce92d8e0-065e-589b-a60e-c692ef2d2ff9,ba56ce33-eff8-5209-b60c-5b07ec924531,1,2026-05-18 17:49:00+02:00,2026-05-18 18:03:00+02:00,14,office,Leipzig,,DE,home,Leipzig,,DE,regional_train,subscription,,,7.62,0.0,4.02,0.267,False,True,False,False,,0
857263bd-6665-5890-9765-389c475a2ee8,6e342df0-5091-55c3-8e09-376d1029a24b,ce92d8e0-065e-589b-a60e-c692ef2d2ff9,ba56ce33-eff8-5209-b60c-5b07ec924531,1,2026-05-20 07:56:00+02:00,2026-05-20 08:11:00+02:00,15,home,Leipzig,,DE,office,Leipzig,,DE,regional_train,subscription,,,8.43,0.0,4.19,0.295,False,True,False,False,,0
f075cb42-9b11-5b41-a674-2abeced24916,fcf42fc2-dfc5-5f19-b6b4-68c4030553f7,ce92d8e0-065e-589b-a60e-c692ef2d2ff9,ba56ce33-eff8-5209-b60c-5b07ec924531,1,2026-05-20 17:32:00+02:00,2026-05-20 17:47:00+02:00,15,office,Leipzig,,DE,home,Leipzig,,DE,regional_train,subscription,,,8.43,0.0,4.19,0.295,False,True,False,False,,0
9c6f9f0b-86f3-586d-9579-58a4d8e8d2b3,196e31d3-c2f7-5931-ab62-d58bfc9eed46,ce92d8e0-065e-589b-a60e-c692ef2d2ff9,b1d91745-0169-5eed-93b4-2ab7e2c0e4aa,1,2026-05-20 06:32:00+02:00,2026-05-20 08:46:00+02:00,134,home,Leipzig,,DE,client site,Munich,,DE,long_distance_train,subscription,,,416.61,49.99,66.66,12.498,False,True,False,False,,0
1c5d8e40-694a-50b1-a58d-090ffdd7ec27,2d1c864d-dfa2-5ce4-958f-57c3a10d872b,ce92d8e0-065e-589b-a60e-c692ef2d2ff9,b1d91745-0169-5eed-93b4-2ab7e2c0e4aa,1,2026-05-20 17:38:00+02:00,2026-05-20 19:52:00+02:00,134,client site,Munich,,DE,home,Leipzig,,DE,long_distance_train,subscription,,,416.61,49.99,66.66,12.498,False,True,False,False,,0
827ebbef-3bef-5a06-b53e-6f03789f45fb,fa069b79-8465-5c29-bd68-3a0aa1bfed76,ce92d8e0-065e-589b-a60e-c692ef2d2ff9,ba56ce33-eff8-5209-b60c-5b07ec924531,1,2026-05-21 07:45:00+02:00,2026-05-21 08:01:00+02:00,16,home,Leipzig,,DE,office,Leipzig,,DE,regional_train,subscription,,,8.88,0.0,4.28,0.311,False,True,False,False,,0
0dfef3ad-08c8-5e96-bc0b-6704f5a87719,b1079a35-c897-5b41-9c25-118a046304e2,ce92d8e0-065e-589b-a60e-c692ef2d2ff9,ba56ce33-eff8-5209-b60c-5b07ec924531,1,2026-05-21 17:48:00+02:00,2026-05-21 18:04:00+02:00,16,office,Leipzig,,DE,home,Leipzig,,DE,regional_train,subscription,,,8.88,0.0,4.28,0.311,False,True,False,False,,0
6c357685-5eec-5954-864a-c5d38ed99044,3614a2f5-adca-58f5-b399-f197d84a0050,ce92d8e0-065e-589b-a60e-c692ef2d2ff9,b1d91745-0169-5eed-93b4-2ab7e2c0e4aa,1,2026-05-21 06:36:00+02:00,2026-05-21 09:40:00+02:00,184,home,Leipzig,,DE,client site,Cologne,,DE,long_distance_train,subscription,,,571.95,68.63,91.51,17.159,False,True,False,False,,0
8f6a3535-4c11-5798-bff6-42dad1e48a79,08194dac-de25-5eaf-bef7-359bc4da8bc6,ce92d8e0-065e-589b-a60e-c692ef2d2ff9,b1d91745-0169-5eed-93b4-2ab7e2c0e4aa,1,2026-05-21 17:33:00+02:00,2026-05-21 20:37:00+02:00,184,client site,Cologne,,DE,home,Leipzig,,DE,long_distance_train,subscription,,,571.95,68.63,91.51,17.159,False,True,False,False,,0
62b9506b-0323-5627-9dfa-05820a96a50d,1ceafeda-7f22-535c-b114-bdc49b8cb83d,ce92d8e0-065e-589b-a60e-c692ef2d2ff9,ba56ce33-eff8-5209-b60c-5b07ec924531,1,2026-05-22 07:41:00+02:00,2026-05-22 07:55:00+02:00,14,home,Leipzig,,DE,office,Leipzig,,DE,regional_train,subscription,,,7.83,0.0,4.07,0.274,False,True,False,False,,0
6aa5f388-36c7-5094-93b0-e7986bad1aad,a52f9faf-5f72-5e8a-8522-eec7da93f740,ce92d8e0-065e-589b-a60e-c692ef2d2ff9,ba56ce33-eff8-5209-b60c-5b07ec924531,1,2026-05-22 17:47:00+02:00,2026-05-22 18:01:00+02:00,14,office,Leipzig,,DE,home,Leipzig,,DE,regional_train,subscription,,,7.83,0.0,4.07,0.274,False,True,False,False,,0
8dd7167f-c7ec-5b04-b8cf-e4a59f0d14e5,438992d3-f397-5b3d-80e0-c09a185a6376,ce92d8e0-065e-589b-a60e-c692ef2d2ff9,ba56ce33-eff8-5209-b60c-5b07ec924531,1,2026-05-24 11:00:00+02:00,2026-05-24 11:11:00+02:00,11,home,Leipzig,,DE,market square,Leipzig,,DE,public_transport,subscription,,,5.65,0.0,2.9,0.226,False,True,False,False,,0
8a474b6a-0eef-556d-8d5f-e60b6142ff1a,2981b1b0-28fe-5b41-b164-a741226757d4,ce92d8e0-065e-589b-a60e-c692ef2d2ff9,ba56ce33-eff8-5209-b60c-5b07ec924531,1,2026-05-25 07:42:00+02:00,2026-05-25 07:56:00+02:00,14,home,Leipzig,,DE,office,Leipzig,,DE,regional_train,subscription,,,7.74,0.0,4.05,0.271,False,True,False,False,,0
c66df6e3-1287-568c-bfe0-23cc27f46eed,a7684523-28d6-57d5-a104-d5bfcaf93c22,ce92d8e0-065e-589b-a60e-c692ef2d2ff9,ba56ce33-eff8-5209-b60c-5b07ec924531,1,2026-05-25 17:30:00+02:00,2026-05-25 17:44:00+02:00,14,office,Leipzig,,DE,home,Leipzig,,DE,regional_train,subscription,,,7.74,0.0,4.05,0.271,False,True,False,False,,0
a7b4d79c-56fc-5d92-b0e0-42ff049e36ec,92c12337-54c4-5ab7-8130-de8787926dea,ce92d8e0-065e-589b-a60e-c692ef2d2ff9,b1d91745-0169-5eed-93b4-2ab7e2c0e4aa,1,2026-05-25 06:45:00+02:00,2026-05-25 07:44:00+02:00,59,home,Leipzig,,DE,client site,Berlin,,DE,long_distance_train,subscription,,,182.03,21.84,29.12,5.461,False,True,False,False,,0
4730563f-f573-542a-9ff1-d93aba95a471,0d20eac1-8c87-5f58-9102-727ed14a74b8,ce92d8e0-065e-589b-a60e-c692ef2d2ff9,b1d91745-0169-5eed-93b4-2ab7e2c0e4aa,1,2026-05-25 17:25:00+02:00,2026-05-25 18:24:00+02:00,59,client site,Berlin,,DE,home,Leipzig,,DE,long_distance_train,subscription,,,182.03,21.84,29.12,5.461,False,True,False,False,,0
e039c7fd-c6fd-5aef-b2f5-16f5d076c490,9e145525-41b6-55c7-b52b-1b43f5a8a6db,ce92d8e0-065e-589b-a60e-c692ef2d2ff9,ba56ce33-eff8-5209-b60c-5b07ec924531,1,2026-05-26 07:57:00+02:00,2026-05-26 08:11:00+02:00,14,home,Leipzig,,DE,office,Leipzig,,DE,regional_train,subscription,,,7.6,0.0,4.02,0.266,False,True,False,False,,0
48a0a9f1-110a-5fc5-b167-b86911daf78b,48b3926d-b85d-5cef-8844-db75036b9d19,ce92d8e0-065e-589b-a60e-c692ef2d2ff9,ba56ce33-eff8-5209-b60c-5b07ec924531,1,2026-05-26 17:44:00+02:00,2026-05-26 17:58:00+02:00,14,office,Leipzig,,DE,home,Leipzig,,DE,regional_train,subscription,,,7.6,0.0,4.02,0.266,False,True,False,False,,0
9bd5605f-ed24-51a8-8ee5-c3e384f2a9c8,572d3d69-54eb-5970-a292-58a87276eab0,ce92d8e0-065e-589b-a60e-c692ef2d2ff9,ba56ce33-eff8-5209-b60c-5b07ec924531,1,2026-05-27 07:42:00+02:00,2026-05-27 07:57:00+02:00,15,home,Leipzig,,DE,office,Leipzig,,DE,regional_train,subscription,,,8.37,0.0,4.17,0.293,False,True,False,False,,0
c0cfbf96-9172-5e58-a2c9-4ada31c77fbc,49a8fc2a-d934-5976-b130-73bb126118fc,ce92d8e0-065e-589b-a60e-c692ef2d2ff9,ba56ce33-eff8-5209-b60c-5b07ec924531,1,2026-05-27 17:32:00+02:00,2026-05-27 17:47:00+02:00,15,office,Leipzig,,DE,home,Leipzig,,DE,regional_train,subscription,,,8.37,0.0,4.17,0.293,False,True,False,False,,0
65b846fc-5022-58be-b700-9f3b4d3df0b5,b1d49246-9ca3-5ecb-bef3-c5a71b5ed089,ce92d8e0-065e-589b-a60e-c692ef2d2ff9,b1d91745-0169-5eed-93b4-2ab7e2c0e4aa,1,2026-05-27 06:50:00+02:00,2026-05-27 07:53:00+02:00,63,home,Leipzig,,DE,client site,Berlin,,DE,long_distance_train,subscription,,,194.34,23.32,31.09,5.83,False,True,False,False,,0
da342230-540c-58ae-a7c8-6904d9a8615f,d6c60d93-d05e-514b-aac8-2f96ff66043d,ce92d8e0-065e-589b-a60e-c692ef2d2ff9,b1d91745-0169-5eed-93b4-2ab7e2c0e4aa,1,2026-05-27 17:28:00+02:00,2026-05-27 18:31:00+02:00,63,client site,Berlin,,DE,home,Leipzig,,DE,long_distance_train,subscription,,,194.34,23.32,31.09,5.83,False,True,False,False,,0
a1f3eda0-e87b-5709-952c-8ac4b1b44a27,e4abbb12-3cf3-50f9-8fe4-6edc7a6cf493,ce92d8e0-065e-589b-a60e-c692ef2d2ff9,ba56ce33-eff8-5209-b60c-5b07ec924531,1,2026-05-28 07:49:00+02:00,2026-05-28 08:03:00+02:00,14,home,Leipzig,,DE,office,Leipzig,,DE,regional_train,subscription,,,7.81,0.0,4.06,0.273,False,True,False,False,,0
505702bf-611c-5c88-8ab9-ea9f4cad7dba,8b5b0262-0633-5c31-a0c8-e85db5424d99,ce92d8e0-065e-589b-a60e-c692ef2d2ff9,ba56ce33-eff8-5209-b60c-5b07ec924531,1,2026-05-28 17:43:00+02:00,2026-05-28 17:57:00+02:00,14,office,Leipzig,,DE,home,Leipzig,,DE,regional_train,subscription,,,7.81,0.0,4.06,0.273,False,True,False,False,,0
d31195e8-43c0-5da9-820b-7b6ad4f3de2d,5bdfee30-c9a7-5efe-84c6-dfe27c0297f2,ce92d8e0-065e-589b-a60e-c692ef2d2ff9,ba56ce33-eff8-5209-b60c-5b07ec924531,1,2026-05-29 07:46:00+02:00,2026-05-29 08:03:00+02:00,17,home,Leipzig,,DE,office,Leipzig,,DE,regional_train,subscription,,,9.28,0.0,4.36,0.325,False,True,False,False,,0
503ec74e-bf9c-5abc-88a5-3f264655d67c,267fd0e7-8cf1-5d3d-9e61-90262ae2a781,ce92d8e0-065e-589b-a60e-c692ef2d2ff9,ba56ce33-eff8-5209-b60c-5b07ec924531,1,2026-05-29 17:43:00+02:00,2026-05-29 18:00:00+02:00,17,office,Leipzig,,DE,home,Leipzig,,DE,regional_train,subscription,,,9.28,0.0,4.36,0.325,False,True,False,False,,0
ae6386fb-e9f1-5b4c-9cc1-3602ff48b593,030e50b2-ee1f-51a2-b7f6-a342d32b612f,ce92d8e0-065e-589b-a60e-c692ef2d2ff9,ba56ce33-eff8-5209-b60c-5b07ec924531,1,2026-05-31 12:00:00+02:00,2026-05-31 12:08:00+02:00,8,home,Leipzig,,DE,market square,Leipzig,,DE,public_transport,subscription,,,3.97,0.0,2.9,0.159,False,True,False,False,,0
2d60d20d-9fb3-5abf-9e7e-af74354e21e9,3b86bda7-0821-5277-965e-375ff22291bb,ce92d8e0-065e-589b-a60e-c692ef2d2ff9,ba56ce33-eff8-5209-b60c-5b07ec924531,1,2026-06-01 07:46:00+02:00,2026-06-01 08:01:00+02:00,15,home,Leipzig,,DE,office,Leipzig,,DE,regional_train,subscription,,,8.1,0.0,4.12,0.284,False,True,False,False,,0
7d1e5f5c-0618-5bad-bda0-81b0640286cd,4c67dfb7-68dd-57c7-a653-b4f72e0e6467,ce92d8e0-065e-589b-a60e-c692ef2d2ff9,ba56ce33-eff8-5209-b60c-5b07ec924531,1,2026-06-01 17:39:00+02:00,2026-06-01 17:54:00+02:00,15,office,Leipzig,,DE,home,Leipzig,,DE,regional_train,subscription,,,8.1,0.0,4.12,0.284,False,True,False,False,,0
c0a84f01-c29d-504e-bea8-c41d7d4b48fa,93f3a7ce-9eed-59aa-945e-ec950886f671,ce92d8e0-065e-589b-a60e-c692ef2d2ff9,b1d91745-0169-5eed-93b4-2ab7e2c0e4aa,1,2026-06-01 06:44:00+02:00,2026-06-01 09:51:00+02:00,187,home,Leipzig,,DE,client site,Cologne,,DE,long_distance_train,subscription,,,579.75,69.57,92.76,17.392,False,True,False,False,,0
de1e7025-0019-58fe-bcfc-88d48f83fc96,c86ba937-2101-5227-a3e0-c490af6b8ca6,ce92d8e0-065e-589b-a60e-c692ef2d2ff9,b1d91745-0169-5eed-93b4-2ab7e2c0e4aa,1,2026-06-01 17:32:00+02:00,2026-06-01 20:39:00+02:00,187,client site,Cologne,,DE,home,Leipzig,,DE,long_distance_train,subscription,,,579.75,69.57,92.76,17.392,False,True,False,False,,0
97b66f9f-673f-56ee-97c2-a0394d854c35,bbf6dc57-a3dd-5402-9e09-fd7751ebd4c9,ce92d8e0-065e-589b-a60e-c692ef2d2ff9,ba56ce33-eff8-5209-b60c-5b07ec924531,1,2026-06-02 07:41:00+02:00,2026-06-02 07:58:00+02:00,17,home,Leipzig,,DE,office,Leipzig,,DE,regional_train,subscription,,,9.35,0.0,4.37,0.327,False,True,False,False,,0
746cc1dd-b406-5514-b1d0-d69b4494c20f,13489bbd-4732-59e2-8d50-b66864ebd998,ce92d8e0-065e-589b-a60e-c692ef2d2ff9,ba56ce33-eff8-5209-b60c-5b07ec924531,1,2026-06-02 17:41:00+02:00,2026-06-02 17:58:00+02:00,17,office,Leipzig,,DE,home,Leipzig,,DE,regional_train,subscription,,,9.35,0.0,4.37,0.327,False,True,False,False,,0
16b89760-7a37-537e-a784-603ab5d7ec46,9ac5bdf1-1e46-5e1b-894d-dc1790789e64,ce92d8e0-065e-589b-a60e-c692ef2d2ff9,ba56ce33-eff8-5209-b60c-5b07ec924531,1,2026-06-03 07:55:00+02:00,2026-06-03 08:09:00+02:00,14,home,Leipzig,,DE,office,Leipzig,,DE,regional_train,subscription,,,7.51,0.0,4.0,0.263,False,True,False,False,,0
c6c7a4fe-f00d-545c-94d9-9804fb75f488,7effe565-b9b7-5216-b27c-62277f05b02e,ce92d8e0-065e-589b-a60e-c692ef2d2ff9,ba56ce33-eff8-5209-b60c-5b07ec924531,1,2026-06-03 17:39:00+02:00,2026-06-03 17:53:00+02:00,14,office,Leipzig,,DE,home,Leipzig,,DE,regional_train,subscription,,,7.51,0.0,4.0,0.263,False,True,False,False,,0
75f9242f-bcfb-5d15-97b5-9cc7e3a11af1,06b271f0-6da2-54d6-821a-86424d633a5a,ce92d8e0-065e-589b-a60e-c692ef2d2ff9,b1d91745-0169-5eed-93b4-2ab7e2c0e4aa,1,2026-06-03 06:46:00+02:00,2026-06-03 07:49:00+02:00,63,home,Leipzig,,DE,client site,Berlin,,DE,long_distance_train,subscription,,,194.65,23.36,31.14,5.84,False,True,False,False,,0
5d36bcd7-9cdf-5a59-940e-1122d186ad97,1e13aec2-9f4d-58aa-8ec2-7c5671f08474,ce92d8e0-065e-589b-a60e-c692ef2d2ff9,b1d91745-0169-5eed-93b4-2ab7e2c0e4aa,1,2026-06-03 17:33:00+02:00,2026-06-03 18:36:00+02:00,63,client site,Berlin,,DE,home,Leipzig,,DE,long_distance_train,subscription,,,194.65,23.36,31.14,5.84,False,True,False,False,,0
bdbe6e29-3b06-56f9-b16b-eb2c50e0dc43,291fa0af-9d46-503f-9527-82d4e77b6951,ce92d8e0-065e-589b-a60e-c692ef2d2ff9,ba56ce33-eff8-5209-b60c-5b07ec924531,1,2026-06-04 07:42:00+02:00,2026-06-04 07:58:00+02:00,16,home,Leipzig,,DE,office,Leipzig,,DE,regional_train,subscription,,,8.53,0.0,4.21,0.299,False,True,False,False,,0
f1819efa-da5e-5fbd-a5c4-b11c938622ed,06c8b3fe-c8a9-56cf-b973-39e38307f70e,ce92d8e0-065e-589b-a60e-c692ef2d2ff9,ba56ce33-eff8-5209-b60c-5b07ec924531,1,2026-06-04 17:33:00+02:00,2026-06-04 17:49:00+02:00,16,office,Leipzig,,DE,home,Leipzig,,DE,regional_train,subscription,,,8.53,0.0,4.21,0.299,False,True,False,False,,0
8a531c4c-81e4-5bd5-962d-cca1a57b7770,87eb5c7b-0590-5f05-ba77-98a75be72b69,ce92d8e0-065e-589b-a60e-c692ef2d2ff9,ba56ce33-eff8-5209-b60c-5b07ec924531,1,2026-06-05 07:41:00+02:00,2026-06-05 07:57:00+02:00,16,home,Leipzig,,DE,office,Leipzig,,DE,regional_train,subscription,,,8.61,0.0,4.22,0.301,False,True,False,False,,0
6ff9dfc7-f3c3-5d12-b267-23914f01f6f1,dc4237af-4e76-5605-912e-f9fa4f6f6550,ce92d8e0-065e-589b-a60e-c692ef2d2ff9,ba56ce33-eff8-5209-b60c-5b07ec924531,1,2026-06-05 17:41:00+02:00,2026-06-05 17:57:00+02:00,16,office,Leipzig,,DE,home,Leipzig,,DE,regional_train,subscription,,,8.61,0.0,4.22,0.301,False,True,False,False,,0
2f7e3329-aea2-524d-afe1-a08ab8a6950e,fd6b2859-1028-5eb5-8fd7-1a461d999515,ce92d8e0-065e-589b-a60e-c692ef2d2ff9,ba56ce33-eff8-5209-b60c-5b07ec924531,1,2026-06-06 15:00:00+02:00,2026-06-06 15:14:00+02:00,14,home,Leipzig,,DE,city center,Leipzig,,DE,public_transport,subscription,,,6.97,0.0,2.9,0.279,False,True,False,False,,0
014c5f08-7ecc-5038-8888-e567b7600c4e,a22ab8c5-9e6c-5818-8096-51a919c571af,ce92d8e0-065e-589b-a60e-c692ef2d2ff9,ba56ce33-eff8-5209-b60c-5b07ec924531,1,2026-06-08 07:53:00+02:00,2026-06-08 08:09:00+02:00,16,home,Leipzig,,DE,office,Leipzig,,DE,regional_train,subscription,,,8.56,0.0,4.21,0.3,False,True,False,False,,0
b07017b2-e4d5-5a34-a851-8592dc90fef3,ce03588e-1f64-5b74-9daa-304cde6cb744,ce92d8e0-065e-589b-a60e-c692ef2d2ff9,ba56ce33-eff8-5209-b60c-5b07ec924531,1,2026-06-08 17:53:00+02:00,2026-06-08 18:09:00+02:00,16,office,Leipzig,,DE,home,Leipzig,,DE,regional_train,subscription,,,8.56,0.0,4.21,0.3,False,True,False,False,,0
fb2cc3c4-1695-57ac-a1a2-c04977b331d5,ebc7d99a-0c3f-5869-8f18-be1207e51195,ce92d8e0-065e-589b-a60e-c692ef2d2ff9,b1d91745-0169-5eed-93b4-2ab7e2c0e4aa,1,2026-06-08 06:32:00+02:00,2026-06-08 08:48:00+02:00,136,home,Leipzig,,DE,client site,Hamburg,,DE,long_distance_train,subscription,,,422.54,50.71,67.61,12.676,False,True,False,False,,0
18edb833-9c44-5eb4-9cd4-bac1a3c42a8e,902f1482-4174-57a3-a4f5-c41c10a12062,ce92d8e0-065e-589b-a60e-c692ef2d2ff9,b1d91745-0169-5eed-93b4-2ab7e2c0e4aa,1,2026-06-08 17:33:00+02:00,2026-06-08 19:49:00+02:00,136,client site,Hamburg,,DE,home,Leipzig,,DE,long_distance_train,subscription,,,422.54,50.71,67.61,12.676,False,True,False,False,,0
e1d33133-6025-5199-9718-cbcf32b33b0d,83b43c4d-0433-5996-9227-61a0c64fda11,ce92d8e0-065e-589b-a60e-c692ef2d2ff9,ba56ce33-eff8-5209-b60c-5b07ec924531,1,2026-06-09 07:57:00+02:00,2026-06-09 08:12:00+02:00,15,home,Leipzig,,DE,office,Leipzig,,DE,regional_train,subscription,,,8.47,0.0,4.19,0.296,False,True,False,False,,0
94a94d78-04a0-516e-bdbc-e1c494bc03cd,8c113ffe-870d-5c4d-83be-6161a98fc555,ce92d8e0-065e-589b-a60e-c692ef2d2ff9,ba56ce33-eff8-5209-b60c-5b07ec924531,1,2026-06-09 17:48:00+02:00,2026-06-09 18:03:00+02:00,15,office,Leipzig,,DE,home,Leipzig,,DE,regional_train,subscription,,,8.47,0.0,4.19,0.296,False,True,False,False,,0
5b28b581-5fd0-5b80-ba3e-caa7d9ce378b,05751789-e0ee-554e-bd32-99d93e440e0b,ce92d8e0-065e-589b-a60e-c692ef2d2ff9,ba56ce33-eff8-5209-b60c-5b07ec924531,1,2026-06-10 07:45:00+02:00,2026-06-10 08:01:00+02:00,16,home,Leipzig,,DE,office,Leipzig,,DE,regional_train,subscription,,,8.87,0.0,4.27,0.31,False,True,False,False,,0
90add0d4-fd7f-5323-92ce-721b2a027b6a,823a7873-07c4-5511-9806-6e4ace9e7d9b,ce92d8e0-065e-589b-a60e-c692ef2d2ff9,ba56ce33-eff8-5209-b60c-5b07ec924531,1,2026-06-10 17:48:00+02:00,2026-06-10 18:04:00+02:00,16,office,Leipzig,,DE,home,Leipzig,,DE,regional_train,subscription,,,8.87,0.0,4.27,0.31,False,True,False,False,,0
8ce053d8-47e1-5a65-a1cf-b3ac06a36a5f,4f9d4777-833c-5ae1-88f9-3c6424c56a4b,ce92d8e0-065e-589b-a60e-c692ef2d2ff9,b1d91745-0169-5eed-93b4-2ab7e2c0e4aa,1,2026-06-10 06:55:00+02:00,2026-06-10 07:57:00+02:00,62,home,Leipzig,,DE,client site,Berlin,,DE,long_distance_train,subscription,,,192.88,23.14,30.86,5.786,False,True,False,False,,0
acee1259-47a2-5a61-ab6a-fd5b7390dccd,395107ad-80c0-5d0f-bf07-f5bf5eb70fc4,ce92d8e0-065e-589b-a60e-c692ef2d2ff9,b1d91745-0169-5eed-93b4-2ab7e2c0e4aa,1,2026-06-10 17:23:00+02:00,2026-06-10 18:25:00+02:00,62,client site,Berlin,,DE,home,Leipzig,,DE,long_distance_train,subscription,,,192.88,23.14,30.86,5.786,False,True,False,False,,0
55aa8890-844f-5eee-b2a0-e88f1b245d52,f2606fa3-2641-532b-9585-a2077a936c24,ce92d8e0-065e-589b-a60e-c692ef2d2ff9,ba56ce33-eff8-5209-b60c-5b07ec924531,1,2026-06-11 07:53:00+02:00,2026-06-11 08:09:00+02:00,16,home,Leipzig,,DE,office,Leipzig,,DE,regional_train,subscription,,,8.65,0.0,4.23,0.303,False,True,False,False,,0
02811fad-9179-5376-80bc-0fc88ff5daf6,4ed13d2c-8b5f-5883-8188-11409c9740d4,ce92d8e0-065e-589b-a60e-c692ef2d2ff9,ba56ce33-eff8-5209-b60c-5b07ec924531,1,2026-06-11 17:37:00+02:00,2026-06-11 17:53:00+02:00,16,office,Leipzig,,DE,home,Leipzig,,DE,regional_train,subscription,,,8.65,0.0,4.23,0.303,False,True,False,False,,0
335eaf3c-27fc-53c7-80b5-5ed7ef816da9,0ecaacc0-2f50-5f3f-9870-691f83b19587,ce92d8e0-065e-589b-a60e-c692ef2d2ff9,ba56ce33-eff8-5209-b60c-5b07ec924531,1,2026-06-12 07:56:00+02:00,2026-06-12 08:11:00+02:00,15,home,Leipzig,,DE,office,Leipzig,,DE,regional_train,subscription,,,8.37,0.0,4.17,0.293,False,True,False,False,,0
eb120ec0-3f4a-505b-b441-16630288ff3a,c090db74-4d2b-5fa5-a3e0-cd8e1a330a7b,ce92d8e0-065e-589b-a60e-c692ef2d2ff9,ba56ce33-eff8-5209-b60c-5b07ec924531,1,2026-06-12 17:36:00+02:00,2026-06-12 17:51:00+02:00,15,office,Leipzig,,DE,home,Leipzig,,DE,regional_train,subscription,,,8.37,0.0,4.17,0.293,False,True,False,False,,0
03321190-1e29-5c54-aa97-d591b177c7c9,67eb123d-7ea3-5bd9-a620-59542de76e8b,ce92d8e0-065e-589b-a60e-c692ef2d2ff9,ba56ce33-eff8-5209-b60c-5b07ec924531,1,2026-06-15 07:55:00+02:00,2026-06-15 08:11:00+02:00,16,home,Leipzig,,DE,office,Leipzig,,DE,regional_train,subscription,,,8.69,0.0,4.24,0.304,False,True,False,False,,0
9c95abc5-3d4f-56cd-9bbd-1905f58d466a,f0db01a8-39c8-5fab-b1cf-126ef1b0fde2,ce92d8e0-065e-589b-a60e-c692ef2d2ff9,ba56ce33-eff8-5209-b60c-5b07ec924531,1,2026-06-15 17:38:00+02:00,2026-06-15 17:54:00+02:00,16,office,Leipzig,,DE,home,Leipzig,,DE,regional_train,subscription,,,8.69,0.0,4.24,0.304,False,True,False,False,,0
c7e07f18-990d-5906-9d8c-cc8209fc9d05,0e8dcfba-f2ce-5f68-addf-f4cbf676d437,ce92d8e0-065e-589b-a60e-c692ef2d2ff9,ba56ce33-eff8-5209-b60c-5b07ec924531,1,2026-06-16 07:56:00+02:00,2026-06-16 08:13:00+02:00,17,home,Leipzig,,DE,office,Leipzig,,DE,regional_train,subscription,,,9.08,0.0,4.32,0.318,False,True,False,False,,0
d7cdeabf-be07-5f8a-846a-d260a8e7823b,5b7e9c3e-5f79-5145-888b-a6d8abdf5377,ce92d8e0-065e-589b-a60e-c692ef2d2ff9,ba56ce33-eff8-5209-b60c-5b07ec924531,1,2026-06-16 17:42:00+02:00,2026-06-16 17:59:00+02:00,17,office,Leipzig,,DE,home,Leipzig,,DE,regional_train,subscription,,,9.08,0.0,4.32,0.318,False,True,False,False,,0
43b36335-6707-5713-8c3e-c2abbac85ac8,026b9e5f-407e-52d8-be99-f86afa896caa,ce92d8e0-065e-589b-a60e-c692ef2d2ff9,ba56ce33-eff8-5209-b60c-5b07ec924531,1,2026-06-17 07:49:00+02:00,2026-06-17 08:05:00+02:00,16,home,Leipzig,,DE,office,Leipzig,,DE,regional_train,subscription,,,9.0,0.0,4.3,0.315,False,True,False,False,,0
6a19bd02-1a46-5a93-8724-c1930f2fe498,dfdce75d-8793-52a4-9c7b-027932cb5b7e,ce92d8e0-065e-589b-a60e-c692ef2d2ff9,ba56ce33-eff8-5209-b60c-5b07ec924531,1,2026-06-17 17:45:00+02:00,2026-06-17 18:01:00+02:00,16,office,Leipzig,,DE,home,Leipzig,,DE,regional_train,subscription,,,9.0,0.0,4.3,0.315,False,True,False,False,,0
9e45c6cb-63a9-5a5c-b7c1-168434aeec51,43a02204-048b-5694-bb8a-f4424279a24d,ce92d8e0-065e-589b-a60e-c692ef2d2ff9,b1d91745-0169-5eed-93b4-2ab7e2c0e4aa,1,2026-06-17 06:36:00+02:00,2026-06-17 08:48:00+02:00,132,home,Leipzig,,DE,client site,Frankfurt,,DE,long_distance_train,subscription,,,408.6,49.03,65.38,12.258,False,True,False,False,,0
018c299a-cfa0-565a-af03-2b41c7b2a1fe,258c2181-47d8-5752-a8d7-05a6402d9325,ce92d8e0-065e-589b-a60e-c692ef2d2ff9,b1d91745-0169-5eed-93b4-2ab7e2c0e4aa,1,2026-06-17 17:16:00+02:00,2026-06-17 19:28:00+02:00,132,client site,Frankfurt,,DE,home,Leipzig,,DE,long_distance_train,subscription,,,408.6,49.03,65.38,12.258,False,True,False,False,,0
57c6aa80-28a1-58ae-890d-c715cbae8d8a,91101cdf-c118-5c7c-9b75-3acb03f2b64e,ce92d8e0-065e-589b-a60e-c692ef2d2ff9,ba56ce33-eff8-5209-b60c-5b07ec924531,1,2026-06-18 07:57:00+02:00,2026-06-18 08:11:00+02:00,14,home,Leipzig,,DE,office,Leipzig,,DE,regional_train,subscription,,,7.74,0.0,4.05,0.271,False,True,False,False,,0
765109f7-2a69-5432-b283-463f214b7509,5d1dca54-b6b4-5943-b6a6-9569532fb170,ce92d8e0-065e-589b-a60e-c692ef2d2ff9,ba56ce33-eff8-5209-b60c-5b07ec924531,1,2026-06-18 17:49:00+02:00,2026-06-18 18:03:00+02:00,14,office,Leipzig,,DE,home,Leipzig,,DE,regional_train,subscription,,,7.74,0.0,4.05,0.271,False,True,False,False,,0
4624d687-04d7-5be8-bac8-776f7b13b4f3,da42d671-a73b-5162-be7c-73126a3c5ec6,ce92d8e0-065e-589b-a60e-c692ef2d2ff9,ba56ce33-eff8-5209-b60c-5b07ec924531,1,2026-06-19 07:58:00+02:00,2026-06-19 08:15:00+02:00,17,home,Leipzig,,DE,office,Leipzig,,DE,regional_train,subscription,,,9.23,0.0,4.35,0.323,False,True,False,False,,0
62a080e1-a4f9-5986-8884-c850ee3d5782,0a44b8d3-a819-5e84-8c43-d235b246ef3c,ce92d8e0-065e-589b-a60e-c692ef2d2ff9,ba56ce33-eff8-5209-b60c-5b07ec924531,1,2026-06-19 17:38:00+02:00,2026-06-19 17:55:00+02:00,17,office,Leipzig,,DE,home,Leipzig,,DE,regional_train,subscription,,,9.23,0.0,4.35,0.323,False,True,False,False,,0
960bcdf8-0228-5d30-97c1-9431a16a6bf2,17e2b00b-e2bc-5791-8930-8427a0fcb681,ce92d8e0-065e-589b-a60e-c692ef2d2ff9,ba56ce33-eff8-5209-b60c-5b07ec924531,1,2026-06-22 07:49:00+02:00,2026-06-22 08:03:00+02:00,14,home,Leipzig,,DE,office,Leipzig,,DE,regional_train,subscription,,,7.83,0.0,4.07,0.274,False,True,False,False,,0
353c7e2a-0044-5f13-a6cb-b128a98fdded,5b5f53dc-f298-5d31-a762-cead14a9fd06,ce92d8e0-065e-589b-a60e-c692ef2d2ff9,ba56ce33-eff8-5209-b60c-5b07ec924531,1,2026-06-22 17:51:00+02:00,2026-06-22 18:05:00+02:00,14,office,Leipzig,,DE,home,Leipzig,,DE,regional_train,subscription,,,7.83,0.0,4.07,0.274,False,True,False,False,,0
782c5e62-79e8-5922-9847-b4f599bafd83,8e0470c7-3f14-50db-a3d7-833f1684d0a2,ce92d8e0-065e-589b-a60e-c692ef2d2ff9,ba56ce33-eff8-5209-b60c-5b07ec924531,1,2026-06-23 07:52:00+02:00,2026-06-23 08:06:00+02:00,14,home,Leipzig,,DE,office,Leipzig,,DE,regional_train,subscription,,,7.75,0.0,4.05,0.271,False,True,False,False,,0
baa7487d-16d5-53d2-b9ac-db01bc03e5fc,a77e041c-040a-53a8-aa49-3dbbdf9cfe7c,ce92d8e0-065e-589b-a60e-c692ef2d2ff9,ba56ce33-eff8-5209-b60c-5b07ec924531,1,2026-06-23 17:40:00+02:00,2026-06-23 17:54:00+02:00,14,office,Leipzig,,DE,home,Leipzig,,DE,regional_train,subscription,,,7.75,0.0,4.05,0.271,False,True,False,False,,0
9953c9bb-6fb3-5b4f-92f6-783e32e07cf7,3e1b3ea9-6058-564f-a666-97c7b7bacd8b,ce92d8e0-065e-589b-a60e-c692ef2d2ff9,ba56ce33-eff8-5209-b60c-5b07ec924531,1,2026-06-24 07:44:00+02:00,2026-06-24 07:59:00+02:00,15,home,Leipzig,,DE,office,Leipzig,,DE,regional_train,subscription,,,7.98,0.0,4.1,0.279,False,True,False,False,,0
ba7bd44a-1baa-59d9-9612-c77761399647,a206368a-9d38-5da0-9fa1-484315f08a8a,ce92d8e0-065e-589b-a60e-c692ef2d2ff9,ba56ce33-eff8-5209-b60c-5b07ec924531,1,2026-06-24 17:41:00+02:00,2026-06-24 17:56:00+02:00,15,office,Leipzig,,DE,home,Leipzig,,DE,regional_train,subscription,,,7.98,0.0,4.1,0.279,False,True,False,False,,0
c6c72650-3326-5bbc-a249-4eb579d3b2fb,527b15d9-a4dc-5af5-882f-995249f5e263,ce92d8e0-065e-589b-a60e-c692ef2d2ff9,ba56ce33-eff8-5209-b60c-5b07ec924531,1,2026-06-25 07:44:00+02:00,2026-06-25 07:58:00+02:00,14,home,Leipzig,,DE,office,Leipzig,,DE,regional_train,subscription,,,7.9,0.0,4.08,0.277,False,True,False,False,,0
5e882779-a12c-51f1-bfbc-231f690ecb31,8ce16d8e-d83f-55a9-aa53-00b23a18dfaf,ce92d8e0-065e-589b-a60e-c692ef2d2ff9,ba56ce33-eff8-5209-b60c-5b07ec924531,1,2026-06-25 17:50:00+02:00,2026-06-25 18:04:00+02:00,14,office,Leipzig,,DE,home,Leipzig,,DE,regional_train,subscription,,,7.9,0.0,4.08,0.277,False,True,False,False,,0
4345e470-7a38-560b-9d30-fda0871b50e3,d439d005-4ddf-56e4-9706-3b6b2e59f125,ce92d8e0-065e-589b-a60e-c692ef2d2ff9,ba56ce33-eff8-5209-b60c-5b07ec924531,1,2026-06-29 07:57:00+02:00,2026-06-29 08:12:00+02:00,15,home,Leipzig,,DE,office,Leipzig,,DE,regional_train,subscription,,,8.47,0.0,4.19,0.296,False,True,False,False,,0
4d2010c9-2c31-50c0-8066-daae08123161,ea3471d2-3b75-5d81-afac-d911329e363a,ce92d8e0-065e-589b-a60e-c692ef2d2ff9,ba56ce33-eff8-5209-b60c-5b07ec924531,1,2026-06-29 17:53:00+02:00,2026-06-29 18:08:00+02:00,15,office,Leipzig,,DE,home,Leipzig,,DE,regional_train,subscription,,,8.47,0.0,4.19,0.296,False,True,False,False,,0
2a50cc68-3993-54fa-af9e-6d9198595119,7451b99b-4015-57db-a7f1-a8319cad7ae1,ce92d8e0-065e-589b-a60e-c692ef2d2ff9,b1d91745-0169-5eed-93b4-2ab7e2c0e4aa,1,2026-06-29 06:50:00+02:00,2026-06-29 08:59:00+02:00,129,home,Leipzig,,DE,client site,Hamburg,,DE,long_distance_train,subscription,,,401.33,48.16,64.21,12.04,False,True,False,False,,0
53d5d299-8134-5f83-ac67-89abdfae714e,9629cd58-4ec9-54ae-91d5-8a106ef2dd35,ce92d8e0-065e-589b-a60e-c692ef2d2ff9,b1d91745-0169-5eed-93b4-2ab7e2c0e4aa,1,2026-06-29 17:18:00+02:00,2026-06-29 19:27:00+02:00,129,client site,Hamburg,,DE,home,Leipzig,,DE,long_distance_train,subscription,,,401.33,48.16,64.21,12.04,False,True,False,False,,0
b51ad97e-be49-5fad-87cc-477f0a534e8e,9fb2dbbf-cc46-5c50-aadb-fb947737bd93,ce92d8e0-065e-589b-a60e-c692ef2d2ff9,ba56ce33-eff8-5209-b60c-5b07ec924531,1,2026-06-30 07:43:00+02:00,2026-06-30 07:58:00+02:00,15,home,Leipzig,,DE,office,Leipzig,,DE,regional_train,subscription,,,8.2,0.0,4.14,0.287,False,True,False,False,,0
50f88257-bf33-5f38-9a47-0c4fbf6576ea,30061233-c087-5330-bf6b-3235f2c05124,ce92d8e0-065e-589b-a60e-c692ef2d2ff9,ba56ce33-eff8-5209-b60c-5b07ec924531,1,2026-06-30 17:44:00+02:00,2026-06-30 17:59:00+02:00,15,office,Leipzig,,DE,home,Leipzig,,DE,regional_train,subscription,,,8.2,0.0,4.14,0.287,False,True,False,False,,0
735e1410-2e06-5466-8b0e-ae8f3e3589fd,9c4bbccb-daeb-5ecc-863a-01cb450654be,ce92d8e0-065e-589b-a60e-c692ef2d2ff9,b1d91745-0169-5eed-93b4-2ab7e2c0e4aa,1,2026-06-30 06:33:00+02:00,2026-06-30 08:50:00+02:00,137,home,Leipzig,,DE,client site,Hamburg,,DE,long_distance_train,subscription,,,425.74,51.09,68.12,12.772,False,True,False,False,,0
17f7db42-3ff9-5e4f-9d8b-472382aaa66a,b2ba8674-4919-577f-b762-1ec4a1e620f0,ce92d8e0-065e-589b-a60e-c692ef2d2ff9,b1d91745-0169-5eed-93b4-2ab7e2c0e4aa,1,2026-06-30 17:29:00+02:00,2026-06-30 19:46:00+02:00,137,client site,Hamburg,,DE,home,Leipzig,,DE,long_distance_train,subscription,,,425.74,51.09,68.12,12.772,False,True,False,False,,0
4dff6fbc-c111-50ae-99f5-16d815f0cf87,ff7f91ae-ddef-5f63-8053-aa52da6e0992,e1eb9483-d268-57cf-9b5f-0ef5e1a7fed2,,1,2025-07-04 07:35:00+02:00,2025-07-04 07:45:00+02:00,10,home,Hamburg,,DE,office,Hamburg,,DE,public_transport,single_ticket,,,4.32,2.9,2.9,0.173,False,True,False,False,,0
2937b624-552b-5a0e-a430-6286d2f9f300,8df3d77d-b7a6-5350-90b5-0bb7d182290f,e1eb9483-d268-57cf-9b5f-0ef5e1a7fed2,,1,2025-07-04 17:37:00+02:00,2025-07-04 17:47:00+02:00,10,office,Hamburg,,DE,home,Hamburg,,DE,public_transport,single_ticket,,,4.32,2.9,2.9,0.173,False,True,False,False,,0
2ab06612-5b00-5fb7-a569-44f215ee3223,c6da090f-0bfa-56c1-9825-54b894c69a37,e1eb9483-d268-57cf-9b5f-0ef5e1a7fed2,,1,2025-07-09 07:53:00+02:00,2025-07-09 08:06:00+02:00,13,home,Hamburg,,DE,office,Hamburg,,DE,public_transport,single_ticket,,,5.77,2.9,2.9,0.231,False,True,False,False,,0
0239c4bc-1564-56d8-ac14-21be05610352,1b2988e3-dd32-512c-9fc6-886aaafa0ca3,e1eb9483-d268-57cf-9b5f-0ef5e1a7fed2,,1,2025-07-09 17:34:00+02:00,2025-07-09 17:47:00+02:00,13,office,Hamburg,,DE,home,Hamburg,,DE,public_transport,single_ticket,,,5.77,2.9,2.9,0.231,False,True,False,False,,0
29169709-5ba7-581b-816b-e5e9ce7c489c,cc582969-dfc1-5d0b-a053-ee6bb168337b,e1eb9483-d268-57cf-9b5f-0ef5e1a7fed2,,1,2025-07-11 07:54:00+02:00,2025-07-11 08:07:00+02:00,13,home,Hamburg,,DE,office,Hamburg,,DE,public_transport,single_ticket,,,5.96,2.9,2.9,0.238,False,True,False,False,,0
903b2658-cb85-5bbc-88cb-9444ab599d40,d573667d-8d9a-5f24-be12-5b6db0cd840f,e1eb9483-d268-57cf-9b5f-0ef5e1a7fed2,,1,2025-07-11 17:47:00+02:00,2025-07-11 18:00:00+02:00,13,office,Hamburg,,DE,home,Hamburg,,DE,public_transport,single_ticket,,,5.96,2.9,2.9,0.238,False,True,False,False,,0
12b238ff-989d-5b01-af61-1289a00c8914,d26d6612-4c59-58e7-b492-370b44a6e22a,e1eb9483-d268-57cf-9b5f-0ef5e1a7fed2,,1,2025-07-16 07:55:00+02:00,2025-07-16 08:08:00+02:00,13,home,Hamburg,,DE,office,Hamburg,,DE,public_transport,single_ticket,,,5.68,2.9,2.9,0.227,False,True,False,False,,0
87d34915-7add-51c0-beeb-e48c74a19297,f86a3afd-cc45-5f0c-8233-0734fec2f840,e1eb9483-d268-57cf-9b5f-0ef5e1a7fed2,,1,2025-07-16 17:31:00+02:00,2025-07-16 17:44:00+02:00,13,office,Hamburg,,DE,home,Hamburg,,DE,public_transport,single_ticket,,,5.68,2.9,2.9,0.227,False,True,False,False,,0
04ade0b0-d59c-5cdc-a500-a67f0a5ae13c,530911cf-b3b1-5092-aeab-0678108f0017,e1eb9483-d268-57cf-9b5f-0ef5e1a7fed2,,1,2025-07-24 07:46:00+02:00,2025-07-24 07:58:00+02:00,12,home,Hamburg,,DE,office,Hamburg,,DE,public_transport,single_ticket,,,5.5,2.9,2.9,0.22,False,True,False,False,,0
427eeee6-b05c-5dc7-88eb-06aaf23e333c,034c3f73-835d-5977-939e-a7ebefbbd625,e1eb9483-d268-57cf-9b5f-0ef5e1a7fed2,,1,2025-07-24 17:25:00+02:00,2025-07-24 17:37:00+02:00,12,office,Hamburg,,DE,home,Hamburg,,DE,public_transport,single_ticket,,,5.5,2.9,2.9,0.22,False,True,False,False,,0
f8155593-c63f-5e38-9987-3e7df6997c08,36b9c116-b078-564f-96f4-030ddba81078,e1eb9483-d268-57cf-9b5f-0ef5e1a7fed2,,1,2025-08-05 07:37:00+02:00,2025-08-05 07:47:00+02:00,10,home,Hamburg,,DE,office,Hamburg,,DE,public_transport,single_ticket,,,4.55,2.9,2.9,0.182,False,True,False,False,,0
217dccc5-389c-5493-95a2-f772058618c2,4e3dcfc1-f684-56e8-a874-c5fbe9286ba6,e1eb9483-d268-57cf-9b5f-0ef5e1a7fed2,,1,2025-08-05 17:31:00+02:00,2025-08-05 17:41:00+02:00,10,office,Hamburg,,DE,home,Hamburg,,DE,public_transport,single_ticket,,,4.55,2.9,2.9,0.182,False,True,False,False,,0
e25e758a-6129-5676-ac42-9b02e5bba7ee,f8638b5a-7969-566b-be63-62a39cc40bf2,e1eb9483-d268-57cf-9b5f-0ef5e1a7fed2,,1,2025-08-08 07:42:00+02:00,2025-08-08 07:55:00+02:00,13,home,Hamburg,,DE,office,Hamburg,,DE,public_transport,single_ticket,,,5.66,2.9,2.9,0.226,False,True,False,False,,0
643a65d3-caa5-5ada-8d63-8e1e86767f4e,89412177-914a-5bf7-bf7f-f2adc6798602,e1eb9483-d268-57cf-9b5f-0ef5e1a7fed2,,1,2025-08-08 17:33:00+02:00,2025-08-08 17:46:00+02:00,13,office,Hamburg,,DE,home,Hamburg,,DE,public_transport,single_ticket,,,5.66,2.9,2.9,0.226,False,True,False,False,,0
9dbb636c-4b5d-5e79-8a10-6a176bb6af9b,f96a6f7e-35ad-5ef5-aab6-e1d4d0439559,e1eb9483-d268-57cf-9b5f-0ef5e1a7fed2,,1,2025-08-11 07:41:00+02:00,2025-08-11 07:53:00+02:00,12,home,Hamburg,,DE,office,Hamburg,,DE,public_transport,single_ticket,,,5.61,2.9,2.9,0.224,False,True,False,False,,0
55dfdba5-55b4-53b7-b53e-e12992b1985f,8021094f-4fa3-5273-aaf0-55170fa981bc,e1eb9483-d268-57cf-9b5f-0ef5e1a7fed2,,1,2025-08-11 17:34:00+02:00,2025-08-11 17:46:00+02:00,12,office,Hamburg,,DE,home,Hamburg,,DE,public_transport,single_ticket,,,5.61,2.9,2.9,0.224,False,True,False,False,,0
79fdce1f-822a-5645-a953-282792997ccd,0096a9c1-e5e8-5484-91a7-4defc56b250e,e1eb9483-d268-57cf-9b5f-0ef5e1a7fed2,,1,2025-08-12 07:54:00+02:00,2025-08-12 08:06:00+02:00,12,home,Hamburg,,DE,office,Hamburg,,DE,public_transport,single_ticket,,,5.22,2.9,2.9,0.209,False,True,False,False,,0
d44ee10d-a27c-534e-a6a4-0fbb003b558e,215e2386-21a6-5c95-856d-24cb649df821,e1eb9483-d268-57cf-9b5f-0ef5e1a7fed2,,1,2025-08-12 17:22:00+02:00,2025-08-12 17:34:00+02:00,12,office,Hamburg,,DE,home,Hamburg,,DE,public_transport,single_ticket,,,5.22,2.9,2.9,0.209,False,True,False,False,,0
8ab5e871-7007-59c6-bde1-17d59f12fece,7a38af66-725f-5b85-8e4a-ca9463a61b9c,e1eb9483-d268-57cf-9b5f-0ef5e1a7fed2,,1,2025-08-13 07:48:00+02:00,2025-08-13 07:58:00+02:00,10,home,Hamburg,,DE,office,Hamburg,,DE,public_transport,single_ticket,,,4.31,2.9,2.9,0.172,False,True,False,False,,0
a4795608-c44f-5d63-a466-68b30624ad18,e78d21ac-385c-5b75-bb42-b03727a2140a,e1eb9483-d268-57cf-9b5f-0ef5e1a7fed2,,1,2025-08-13 17:40:00+02:00,2025-08-13 17:50:00+02:00,10,office,Hamburg,,DE,home,Hamburg,,DE,public_transport,single_ticket,,,4.31,2.9,2.9,0.172,False,True,False,False,,0
72ab6568-1b09-5f31-af7b-27410f10541d,aab6d7b7-5d7a-5ece-ac83-15884dcd1ea9,e1eb9483-d268-57cf-9b5f-0ef5e1a7fed2,,1,2025-08-19 07:50:00+02:00,2025-08-19 08:01:00+02:00,11,home,Hamburg,,DE,office,Hamburg,,DE,public_transport,single_ticket,,,4.73,2.9,2.9,0.189,False,True,False,False,,0
0ce40330-a4ce-588e-9b31-9694917de721,5b3ab3f4-41cd-533e-a7a1-be3bdaead7a4,e1eb9483-d268-57cf-9b5f-0ef5e1a7fed2,,1,2025-08-19 17:35:00+02:00,2025-08-19 17:46:00+02:00,11,office,Hamburg,,DE,home,Hamburg,,DE,public_transport,single_ticket,,,4.73,2.9,2.9,0.189,False,True,False,False,,0
4a5958dc-54c6-5437-97e9-5b9e3c768bf7,d1bc6205-98fa-56b4-8edb-55f52710eb4c,e1eb9483-d268-57cf-9b5f-0ef5e1a7fed2,,1,2025-08-22 07:44:00+02:00,2025-08-22 07:55:00+02:00,11,home,Hamburg,,DE,office,Hamburg,,DE,public_transport,single_ticket,,,4.77,2.9,2.9,0.191,False,True,False,False,,0
255519b9-0dfe-582f-ad2d-5156ea51fe85,97c3ba89-538d-548d-a1e0-2d383d27634b,e1eb9483-d268-57cf-9b5f-0ef5e1a7fed2,,1,2025-08-22 17:36:00+02:00,2025-08-22 17:47:00+02:00,11,office,Hamburg,,DE,home,Hamburg,,DE,public_transport,single_ticket,,,4.77,2.9,2.9,0.191,False,True,False,False,,0
86158b6d-c5f2-5866-b350-1a89e88c373d,cf24c3d5-943b-504b-9061-d877de9ea659,e1eb9483-d268-57cf-9b5f-0ef5e1a7fed2,,1,2025-08-26 07:41:00+02:00,2025-08-26 07:51:00+02:00,10,home,Hamburg,,DE,office,Hamburg,,DE,public_transport,single_ticket,,,4.51,2.9,2.9,0.18,False,True,False,False,,0
b2896f14-b38b-5806-a0c8-d3505ff2b33a,b1464670-63c6-5558-b9c5-57f7adcef220,e1eb9483-d268-57cf-9b5f-0ef5e1a7fed2,,1,2025-08-26 17:33:00+02:00,2025-08-26 17:43:00+02:00,10,office,Hamburg,,DE,home,Hamburg,,DE,public_transport,single_ticket,,,4.51,2.9,2.9,0.18,False,True,False,False,,0
bceaa5b9-860e-59a5-9d80-edabf53497da,8310f413-7ab8-517f-b9e3-6bf0dd41481e,e1eb9483-d268-57cf-9b5f-0ef5e1a7fed2,,1,2025-09-01 07:48:00+02:00,2025-09-01 08:01:00+02:00,13,home,Hamburg,,DE,office,Hamburg,,DE,public_transport,single_ticket,,,5.93,2.9,2.9,0.237,False,True,False,False,,0
769bc965-6e08-55f0-afcc-6bf724229ca7,e417e52b-ed35-5584-ac6b-d738a5744d31,e1eb9483-d268-57cf-9b5f-0ef5e1a7fed2,,1,2025-09-01 17:26:00+02:00,2025-09-01 17:39:00+02:00,13,office,Hamburg,,DE,home,Hamburg,,DE,public_transport,single_ticket,,,5.93,2.9,2.9,0.237,False,True,False,False,,0
654434c8-1cf5-509c-a7bb-7f365ccebfe2,edc11bc0-6062-5e64-9a9c-6d5051fabc96,e1eb9483-d268-57cf-9b5f-0ef5e1a7fed2,,1,2025-09-02 07:40:00+02:00,2025-09-02 07:53:00+02:00,13,home,Hamburg,,DE,office,Hamburg,,DE,public_transport,single_ticket,,,5.72,2.9,2.9,0.229,False,True,False,False,,0
de686851-7a68-5690-b910-7ebc6605a369,e6d6af5e-5007-5785-a00c-54440a927018,e1eb9483-d268-57cf-9b5f-0ef5e1a7fed2,,1,2025-09-02 17:40:00+02:00,2025-09-02 17:53:00+02:00,13,office,Hamburg,,DE,home,Hamburg,,DE,public_transport,single_ticket,,,5.72,2.9,2.9,0.229,False,True,False,False,,0
c9686080-bfea-503b-b440-9227fdc19221,ba5866b3-db96-5332-ad4c-ff85d579f77e,e1eb9483-d268-57cf-9b5f-0ef5e1a7fed2,,1,2025-09-04 07:49:00+02:00,2025-09-04 08:02:00+02:00,13,home,Hamburg,,DE,office,Hamburg,,DE,public_transport,single_ticket,,,6.0,2.9,2.9,0.24,False,True,False,False,,0
a9674a91-33ef-5b09-bedf-0c14b8cb6e52,4c303cba-8b84-52b8-a39a-9c118a5ed5c4,e1eb9483-d268-57cf-9b5f-0ef5e1a7fed2,,1,2025-09-04 17:43:00+02:00,2025-09-04 17:56:00+02:00,13,office,Hamburg,,DE,home,Hamburg,,DE,public_transport,single_ticket,,,6.0,2.9,2.9,0.24,False,True,False,False,,0
379746f0-7194-5702-b533-4436f3813c5c,882f1ab2-6871-5fa0-b16d-d6caa65cf76f,e1eb9483-d268-57cf-9b5f-0ef5e1a7fed2,,1,2025-09-05 07:39:00+02:00,2025-09-05 07:50:00+02:00,11,home,Hamburg,,DE,office,Hamburg,,DE,public_transport,single_ticket,,,4.94,2.9,2.9,0.198,False,True,False,False,,0
7feddf63-c56d-59d0-bd1c-83f4d808588c,4d0da955-efbd-5127-85c1-3b65544a92fb,e1eb9483-d268-57cf-9b5f-0ef5e1a7fed2,,1,2025-09-05 17:25:00+02:00,2025-09-05 17:36:00+02:00,11,office,Hamburg,,DE,home,Hamburg,,DE,public_transport,single_ticket,,,4.94,2.9,2.9,0.198,False,True,False,False,,0
c9051e83-a3b8-54a6-b9db-9a4ca42435e6,d2445614-1dbc-507c-b6b6-32ea6af3aaa9,e1eb9483-d268-57cf-9b5f-0ef5e1a7fed2,,1,2025-09-08 07:39:00+02:00,2025-09-08 07:48:00+02:00,9,home,Hamburg,,DE,office,Hamburg,,DE,public_transport,single_ticket,,,4.27,2.9,2.9,0.171,False,True,False,False,,0
e3a0cd28-04be-52b9-8893-50b10fbfaae6,9247ef68-60ba-5b42-8055-61f216f14584,e1eb9483-d268-57cf-9b5f-0ef5e1a7fed2,,1,2025-09-08 17:50:00+02:00,2025-09-08 17:59:00+02:00,9,office,Hamburg,,DE,home,Hamburg,,DE,public_transport,single_ticket,,,4.27,2.9,2.9,0.171,False,True,False,False,,0
2187dc18-e0d2-5d78-9698-238adc73aac9,57b7befd-8d1f-5093-a7ea-f031bff5d360,e1eb9483-d268-57cf-9b5f-0ef5e1a7fed2,,1,2025-09-09 07:39:00+02:00,2025-09-09 07:51:00+02:00,12,home,Hamburg,,DE,office,Hamburg,,DE,public_transport,single_ticket,,,5.4,2.9,2.9,0.216,False,True,False,False,,0
27080713-397a-5eb0-8150-38a59ab24742,a6953fbe-d993-5ed2-8edb-ef8c90f9961b,e1eb9483-d268-57cf-9b5f-0ef5e1a7fed2,,1,2025-09-09 17:47:00+02:00,2025-09-09 17:59:00+02:00,12,office,Hamburg,,DE,home,Hamburg,,DE,public_transport,single_ticket,,,5.4,2.9,2.9,0.216,False,True,False,False,,0
cc1c6a30-3109-5fd3-8f10-afd4ffa9e595,1509cb1e-d3c2-5175-9662-29398b49d928,e1eb9483-d268-57cf-9b5f-0ef5e1a7fed2,,1,2025-09-10 07:41:00+02:00,2025-09-10 07:50:00+02:00,9,home,Hamburg,,DE,office,Hamburg,,DE,public_transport,single_ticket,,,4.16,2.9,2.9,0.166,False,True,False,False,,0
868f5f9c-8c23-5a98-a725-45c123fc4eda,ff8ddb14-6434-513f-800d-a9d27bd5cd44,e1eb9483-d268-57cf-9b5f-0ef5e1a7fed2,,1,2025-09-10 17:34:00+02:00,2025-09-10 17:43:00+02:00,9,office,Hamburg,,DE,home,Hamburg,,DE,public_transport,single_ticket,,,4.16,2.9,2.9,0.166,False,True,False,False,,0
139aba28-9863-5c13-8f8c-37ee19a85516,bfaed7dd-2bbb-5fb9-b073-3feb23f468f7,e1eb9483-d268-57cf-9b5f-0ef5e1a7fed2,,1,2025-09-11 07:53:00+02:00,2025-09-11 08:04:00+02:00,11,home,Hamburg,,DE,office,Hamburg,,DE,public_transport,single_ticket,,,5.07,2.9,2.9,0.203,False,True,False,False,,0
a00ec6ed-bd27-5fea-8a68-f51e08323a3f,17b4d4c8-dc1a-5351-b319-5a09cc8f1176,e1eb9483-d268-57cf-9b5f-0ef5e1a7fed2,,1,2025-09-11 17:43:00+02:00,2025-09-11 17:54:00+02:00,11,office,Hamburg,,DE,home,Hamburg,,DE,public_transport,single_ticket,,,5.07,2.9,2.9,0.203,False,True,False,False,,0
cc23d58a-094d-5570-842f-6f2b2e9fce8d,40c4c4a7-3e32-5485-a05c-45e9b30c37eb,e1eb9483-d268-57cf-9b5f-0ef5e1a7fed2,,1,2025-09-15 07:35:00+02:00,2025-09-15 07:47:00+02:00,12,home,Hamburg,,DE,office,Hamburg,,DE,public_transport,single_ticket,,,5.56,2.9,2.9,0.222,False,True,False,False,,0
9a0d6af4-a954-52d2-80c6-1231b1b503c1,ba0799d1-8d5c-5c1a-99f4-4388def445d8,e1eb9483-d268-57cf-9b5f-0ef5e1a7fed2,,1,2025-09-15 17:34:00+02:00,2025-09-15 17:46:00+02:00,12,office,Hamburg,,DE,home,Hamburg,,DE,public_transport,single_ticket,,,5.56,2.9,2.9,0.222,False,True,False,False,,0
e5b8a8ce-c622-501a-8de7-7e635af653b8,fb270f2e-4ff4-5f0f-8242-8cc0b2193ed6,e1eb9483-d268-57cf-9b5f-0ef5e1a7fed2,,1,2025-09-16 07:42:00+02:00,2025-09-16 07:54:00+02:00,12,home,Hamburg,,DE,office,Hamburg,,DE,public_transport,single_ticket,,,5.38,2.9,2.9,0.215,False,True,False,False,,0
6085e7c9-0f04-57f1-9291-9711f62bb45d,1fe2362f-2fc4-5008-bb02-2504d0f6a31f,e1eb9483-d268-57cf-9b5f-0ef5e1a7fed2,,1,2025-09-16 17:34:00+02:00,2025-09-16 17:46:00+02:00,12,office,Hamburg,,DE,home,Hamburg,,DE,public_transport,single_ticket,,,5.38,2.9,2.9,0.215,False,True,False,False,,0
c61afa21-8b8d-5bdb-a7ac-b610d800ad80,690d8565-79f5-5b85-adf8-22807486aeb3,e1eb9483-d268-57cf-9b5f-0ef5e1a7fed2,,1,2025-09-17 07:38:00+02:00,2025-09-17 07:49:00+02:00,11,home,Hamburg,,DE,office,Hamburg,,DE,public_transport,single_ticket,,,5.06,2.9,2.9,0.202,False,True,False,False,,0
8ca84003-171d-54a1-b70a-51889f81fe72,de7069d8-ec29-5a0e-8a74-b04800924c2d,e1eb9483-d268-57cf-9b5f-0ef5e1a7fed2,,1,2025-09-17 17:44:00+02:00,2025-09-17 17:55:00+02:00,11,office,Hamburg,,DE,home,Hamburg,,DE,public_transport,single_ticket,,,5.06,2.9,2.9,0.202,False,True,False,False,,0
b868d182-7261-58b3-a962-b8b00f6d3591,d504c8a2-c5c1-5cac-b70e-224e8feb6220,e1eb9483-d268-57cf-9b5f-0ef5e1a7fed2,,1,2025-09-18 07:42:00+02:00,2025-09-18 07:55:00+02:00,13,home,Hamburg,,DE,office,Hamburg,,DE,public_transport,single_ticket,,,5.88,2.9,2.9,0.235,False,True,False,False,,0
350cdee1-ffe4-5b22-beb4-9e306050d1b9,4417302c-3b0f-576c-817b-0fd75e9dd458,e1eb9483-d268-57cf-9b5f-0ef5e1a7fed2,,1,2025-09-18 17:37:00+02:00,2025-09-18 17:50:00+02:00,13,office,Hamburg,,DE,home,Hamburg,,DE,public_transport,single_ticket,,,5.88,2.9,2.9,0.235,False,True,False,False,,0
5fd1da30-8caf-594e-bc6d-3a51a14b4aee,9e8d7d78-08d9-5d04-adb0-0351e961f73d,e1eb9483-d268-57cf-9b5f-0ef5e1a7fed2,,1,2025-09-19 07:51:00+02:00,2025-09-19 08:01:00+02:00,10,home,Hamburg,,DE,office,Hamburg,,DE,public_transport,single_ticket,,,4.54,2.9,2.9,0.182,False,True,False,False,,0
56a41af2-7620-510d-a523-b419b7a59ed3,0fa807eb-1b90-5702-89f1-ca2246d3c6c5,e1eb9483-d268-57cf-9b5f-0ef5e1a7fed2,,1,2025-09-19 17:44:00+02:00,2025-09-19 17:54:00+02:00,10,office,Hamburg,,DE,home,Hamburg,,DE,public_transport,single_ticket,,,4.54,2.9,2.9,0.182,False,True,False,False,,0
daaff4d8-260f-57f2-ae35-45b698bd4c8f,41a90712-b0f5-58b5-b37a-ea0e304bb539,e1eb9483-d268-57cf-9b5f-0ef5e1a7fed2,,1,2025-09-22 07:54:00+02:00,2025-09-22 08:04:00+02:00,10,home,Hamburg,,DE,office,Hamburg,,DE,public_transport,single_ticket,,,4.51,2.9,2.9,0.18,False,True,False,False,,0
118c82c1-472c-5ace-9be8-fe740cb0ab2c,6ee7d1ce-83f8-5600-ae54-00d7f0b7ea12,e1eb9483-d268-57cf-9b5f-0ef5e1a7fed2,,1,2025-09-22 17:22:00+02:00,2025-09-22 17:32:00+02:00,10,office,Hamburg,,DE,home,Hamburg,,DE,public_transport,single_ticket,,,4.51,2.9,2.9,0.18,False,True,False,False,,0
4790aacc-1816-592e-843f-f46613c28b77,27683195-d81b-5877-ac7a-b1c31fa9f9a2,e1eb9483-d268-57cf-9b5f-0ef5e1a7fed2,,1,2025-09-23 07:35:00+02:00,2025-09-23 07:47:00+02:00,12,home,Hamburg,,DE,office,Hamburg,,DE,public_transport,single_ticket,,,5.52,2.9,2.9,0.221,False,True,False,False,,0
cb40058d-6627-51b4-b3dd-204c26e255a0,ea92a55c-ae8d-575a-829e-43c38fc071ef,e1eb9483-d268-57cf-9b5f-0ef5e1a7fed2,,1,2025-09-23 17:15:00+02:00,2025-09-23 17:27:00+02:00,12,office,Hamburg,,DE,home,Hamburg,,DE,public_transport,single_ticket,,,5.52,2.9,2.9,0.221,False,True,False,False,,0
4a33c1a7-6c64-5691-a566-670cc2d2413b,18a78dc8-59c0-5085-b8ee-3866b99018bd,e1eb9483-d268-57cf-9b5f-0ef5e1a7fed2,,1,2025-09-24 07:47:00+02:00,2025-09-24 07:56:00+02:00,9,home,Hamburg,,DE,office,Hamburg,,DE,public_transport,single_ticket,,,4.27,2.9,2.9,0.171,False,True,False,False,,0
8ca4554b-499b-5f8a-9806-a136d6bb20b3,0e72e021-6c03-52e0-a5a5-60ea06d244db,e1eb9483-d268-57cf-9b5f-0ef5e1a7fed2,,1,2025-09-24 17:46:00+02:00,2025-09-24 17:55:00+02:00,9,office,Hamburg,,DE,home,Hamburg,,DE,public_transport,single_ticket,,,4.27,2.9,2.9,0.171,False,True,False,False,,0
65144917-e80d-5d24-a474-b672df3acc36,0d00c9b9-6590-59a1-bd41-d7803ef9a425,e1eb9483-d268-57cf-9b5f-0ef5e1a7fed2,,1,2025-09-25 07:50:00+02:00,2025-09-25 08:02:00+02:00,12,home,Hamburg,,DE,office,Hamburg,,DE,public_transport,single_ticket,,,5.33,2.9,2.9,0.213,False,True,False,False,,0
0418fc43-4cb3-5429-8eff-ef7bc2290317,8098dcad-bf5c-5f76-a53f-99d7be18eeaf,e1eb9483-d268-57cf-9b5f-0ef5e1a7fed2,,1,2025-09-25 17:18:00+02:00,2025-09-25 17:30:00+02:00,12,office,Hamburg,,DE,home,Hamburg,,DE,public_transport,single_ticket,,,5.33,2.9,2.9,0.213,False,True,False,False,,0
9ece60a9-97d6-5610-8ee4-065e78afdf76,6346ca7a-f7b8-5cce-8c04-d8b18cf7a9f3,e1eb9483-d268-57cf-9b5f-0ef5e1a7fed2,,1,2025-09-26 07:39:00+02:00,2025-09-26 07:50:00+02:00,11,home,Hamburg,,DE,office,Hamburg,,DE,public_transport,single_ticket,,,4.9,2.9,2.9,0.196,False,True,False,False,,0
7ac17b96-fa73-598a-b831-eb0bedbe7145,6bd04b7e-28e9-5e2b-9623-9fb2771e1676,e1eb9483-d268-57cf-9b5f-0ef5e1a7fed2,,1,2025-09-26 17:18:00+02:00,2025-09-26 17:29:00+02:00,11,office,Hamburg,,DE,home,Hamburg,,DE,public_transport,single_ticket,,,4.9,2.9,2.9,0.196,False,True,False,False,,0
0310ae4a-7ab1-5cbf-be09-74ed7d092898,fd7364bb-eff9-500c-aa27-8422549cf226,e1eb9483-d268-57cf-9b5f-0ef5e1a7fed2,,1,2025-09-27 17:00:00+02:00,2025-09-27 17:08:00+02:00,8,home,Hamburg,,DE,harbor front,Hamburg,,DE,public_transport,single_ticket,,,3.52,2.9,2.9,0.141,False,True,False,False,,0
3414cd01-eda6-539c-95d0-12601d4fbd6e,bbe1ffbc-3ba9-5283-a5de-b3aa2ee1ca03,e1eb9483-d268-57cf-9b5f-0ef5e1a7fed2,,1,2025-09-29 07:37:00+02:00,2025-09-29 07:46:00+02:00,9,home,Hamburg,,DE,office,Hamburg,,DE,public_transport,single_ticket,,,4.04,2.9,2.9,0.162,False,True,False,False,,0
2ceab55e-abfe-57a6-b52e-5bc5020fc42a,ebe67dcd-8ca6-5373-b72f-88ca57d1b470,e1eb9483-d268-57cf-9b5f-0ef5e1a7fed2,,1,2025-09-29 17:49:00+02:00,2025-09-29 17:58:00+02:00,9,office,Hamburg,,DE,home,Hamburg,,DE,public_transport,single_ticket,,,4.04,2.9,2.9,0.162,False,True,False,False,,0
35a7591f-8310-5fd7-b296-1939d37e0129,a7fd968e-8e04-57f8-b59e-2a77c41a56d8,e1eb9483-d268-57cf-9b5f-0ef5e1a7fed2,,1,2025-09-30 07:45:00+02:00,2025-09-30 07:58:00+02:00,13,home,Hamburg,,DE,office,Hamburg,,DE,public_transport,single_ticket,,,5.71,2.9,2.9,0.228,False,True,False,False,,0
d1f368de-1255-5528-a517-63e45455c4ef,3cb260c8-2bc6-5754-9d8f-13f765140145,e1eb9483-d268-57cf-9b5f-0ef5e1a7fed2,,1,2025-09-30 17:22:00+02:00,2025-09-30 17:35:00+02:00,13,office,Hamburg,,DE,home,Hamburg,,DE,public_transport,single_ticket,,,5.71,2.9,2.9,0.228,False,True,False,False,,0
0c8c3136-8b2e-5375-9b71-8ae8545495ff,02ac70dc-094d-579b-9491-b483011301fc,e1eb9483-d268-57cf-9b5f-0ef5e1a7fed2,,1,2025-10-02 07:49:00+02:00,2025-10-02 07:58:00+02:00,9,home,Hamburg,,DE,office,Hamburg,,DE,public_transport,single_ticket,,,4.03,2.9,2.9,0.161,False,True,False,False,,0
9ecf0a50-bd2a-5452-a1e8-d38a1d471c64,d021dbed-6330-5e7e-9436-6dec8503ae57,e1eb9483-d268-57cf-9b5f-0ef5e1a7fed2,,1,2025-10-02 17:15:00+02:00,2025-10-02 17:24:00+02:00,9,office,Hamburg,,DE,home,Hamburg,,DE,public_transport,single_ticket,,,4.03,2.9,2.9,0.161,False,True,False,False,,0
f5b34fa3-b521-5f2c-809b-02e327f4a6c7,9af1654b-e8d4-5b6c-834b-efded4aa5a75,e1eb9483-d268-57cf-9b5f-0ef5e1a7fed2,,1,2025-10-04 11:00:00+02:00,2025-10-04 11:09:00+02:00,9,home,Hamburg,,DE,harbor front,Hamburg,,DE,public_transport,single_ticket,,,3.95,2.9,2.9,0.158,False,True,False,False,,0
6724786a-61d1-5489-83a8-3862e608ba52,0e7b9536-215d-5d7e-a2f3-31b452b9cb85,e1eb9483-d268-57cf-9b5f-0ef5e1a7fed2,,1,2025-10-05 17:00:00+02:00,2025-10-05 17:10:00+02:00,10,home,Hamburg,,DE,shopping street,Hamburg,,DE,public_transport,single_ticket,,,4.44,2.9,2.9,0.178,False,True,False,False,,0
9ca0eea8-17ca-5d54-98d5-bdb295d1e585,2baf454f-20e8-5a5f-ba22-2f9db18e8145,e1eb9483-d268-57cf-9b5f-0ef5e1a7fed2,,1,2025-10-06 07:39:00+02:00,2025-10-06 07:49:00+02:00,10,home,Hamburg,,DE,office,Hamburg,,DE,public_transport,single_ticket,,,4.51,2.9,2.9,0.18,False,True,False,False,,0
df5fb490-228f-5be1-bc4a-626f518ce117,9bda0cd2-4167-5fa9-86f3-1745aec426e1,e1eb9483-d268-57cf-9b5f-0ef5e1a7fed2,,1,2025-10-06 17:42:00+02:00,2025-10-06 17:52:00+02:00,10,office,Hamburg,,DE,home,Hamburg,,DE,public_transport,single_ticket,,,4.51,2.9,2.9,0.18,False,True,False,False,,0
d3f1fce8-0f6d-5e25-a304-5540bbe41b22,9a0027f7-96a9-5837-9cd2-9b9c4bd62909,e1eb9483-d268-57cf-9b5f-0ef5e1a7fed2,,1,2025-10-07 07:43:00+02:00,2025-10-07 07:53:00+02:00,10,home,Hamburg,,DE,office,Hamburg,,DE,public_transport,single_ticket,,,4.47,2.9,2.9,0.179,False,True,False,False,,0
022f9299-8fc2-5f6c-8235-9939912a099a,7b11e382-3ce6-5756-8714-d87917be7dd6,e1eb9483-d268-57cf-9b5f-0ef5e1a7fed2,,1,2025-10-07 17:43:00+02:00,2025-10-07 17:53:00+02:00,10,office,Hamburg,,DE,home,Hamburg,,DE,public_transport,single_ticket,,,4.47,2.9,2.9,0.179,False,True,False,False,,0
a5e3b0da-1d3d-51d8-aaf7-4b7a1a44f74c,c5eddee3-07d1-5017-aa2c-e9d1efdc58a7,e1eb9483-d268-57cf-9b5f-0ef5e1a7fed2,,1,2025-10-08 07:38:00+02:00,2025-10-08 07:51:00+02:00,13,home,Hamburg,,DE,office,Hamburg,,DE,public_transport,single_ticket,,,5.99,2.9,2.9,0.24,False,True,False,False,,0
4dafb2aa-77d2-59ed-93ee-8b47cafbdce1,526af602-704f-59d7-9839-a08bbc6413c3,e1eb9483-d268-57cf-9b5f-0ef5e1a7fed2,,1,2025-10-08 17:26:00+02:00,2025-10-08 17:39:00+02:00,13,office,Hamburg,,DE,home,Hamburg,,DE,public_transport,single_ticket,,,5.99,2.9,2.9,0.24,False,True,False,False,,0
d89bada2-49ef-5990-9019-da153198a98c,f9cb8466-1160-5f25-96dc-826bc1a51849,e1eb9483-d268-57cf-9b5f-0ef5e1a7fed2,,1,2025-10-09 07:52:00+02:00,2025-10-09 08:03:00+02:00,11,home,Hamburg,,DE,office,Hamburg,,DE,public_transport,single_ticket,,,4.96,2.9,2.9,0.198,False,True,False,False,,0
f5f2e2bd-6404-53bf-90b0-338ecd359b9d,c2ea67e7-d6e0-5de5-963d-9a7512d64e47,e1eb9483-d268-57cf-9b5f-0ef5e1a7fed2,,1,2025-10-09 17:43:00+02:00,2025-10-09 17:54:00+02:00,11,office,Hamburg,,DE,home,Hamburg,,DE,public_transport,single_ticket,,,4.96,2.9,2.9,0.198,False,True,False,False,,0
7791b30b-3d78-57b3-a410-6cb438d24a06,f975bf8d-dae7-5447-9699-a8f4a98de182,e1eb9483-d268-57cf-9b5f-0ef5e1a7fed2,,1,2025-10-10 07:48:00+02:00,2025-10-10 08:01:00+02:00,13,home,Hamburg,,DE,office,Hamburg,,DE,public_transport,single_ticket,,,5.71,2.9,2.9,0.228,False,True,False,False,,0
ccbe1e16-570d-5db7-bd8f-e0c163df8b74,ccbf5d13-16c5-53b8-8977-4941f40e87f0,e1eb9483-d268-57cf-9b5f-0ef5e1a7fed2,,1,2025-10-10 17:17:00+02:00,2025-10-10 17:30:00+02:00,13,office,Hamburg,,DE,home,Hamburg,,DE,public_transport,single_ticket,,,5.71,2.9,2.9,0.228,False,True,False,False,,0
47082ea0-134e-5e86-b8b7-21ba0e184ba0,66b0e49f-1a60-5434-bf22-76464b6bb7f3,e1eb9483-d268-57cf-9b5f-0ef5e1a7fed2,,1,2025-10-11 12:00:00+02:00,2025-10-11 12:12:00+02:00,12,home,Hamburg,,DE,shopping street,Hamburg,,DE,public_transport,single_ticket,,,5.37,2.9,2.9,0.215,False,True,False,False,,0
44c1a485-53f9-5181-bf1d-26965e483a69,66f00150-6c07-5203-a15b-4f504bd8a904,e1eb9483-d268-57cf-9b5f-0ef5e1a7fed2,,1,2025-10-13 07:36:00+02:00,2025-10-13 07:46:00+02:00,10,home,Hamburg,,DE,office,Hamburg,,DE,public_transport,single_ticket,,,4.43,2.9,2.9,0.177,False,True,False,False,,0
efbde2cf-27e8-54df-afba-ce1ed340b91b,3e08b022-4aa2-53af-951d-356f8577dfa2,e1eb9483-d268-57cf-9b5f-0ef5e1a7fed2,,1,2025-10-13 17:37:00+02:00,2025-10-13 17:47:00+02:00,10,office,Hamburg,,DE,home,Hamburg,,DE,public_transport,single_ticket,,,4.43,2.9,2.9,0.177,False,True,False,False,,0
ca2fd29d-04fd-5e6d-9a72-ff4f0f24f4ac,de396246-0d69-5095-bbaa-b849257435c1,e1eb9483-d268-57cf-9b5f-0ef5e1a7fed2,,1,2025-10-14 07:43:00+02:00,2025-10-14 07:54:00+02:00,11,home,Hamburg,,DE,office,Hamburg,,DE,public_transport,single_ticket,,,4.73,2.9,2.9,0.189,False,True,False,False,,0
c878d8b4-15e3-5b5d-9633-bd60a87d1aab,9401d8c3-a49d-5a74-896b-2a035734ed17,e1eb9483-d268-57cf-9b5f-0ef5e1a7fed2,,1,2025-10-14 17:33:00+02:00,2025-10-14 17:44:00+02:00,11,office,Hamburg,,DE,home,Hamburg,,DE,public_transport,single_ticket,,,4.73,2.9,2.9,0.189,False,True,False,False,,0
067c2b85-f505-5559-8a7d-4b9a89bacfb3,e22a0d88-ccbc-541c-96f0-b10e2eff364e,e1eb9483-d268-57cf-9b5f-0ef5e1a7fed2,,1,2025-10-15 07:44:00+02:00,2025-10-15 07:55:00+02:00,11,home,Hamburg,,DE,office,Hamburg,,DE,public_transport,single_ticket,,,5.14,2.9,2.9,0.206,False,True,False,False,,0
3f245f93-6785-5c20-84b7-7e0bf11b33f8,09dfe1cc-5ed0-5c7f-92ab-5420fd3eb13d,e1eb9483-d268-57cf-9b5f-0ef5e1a7fed2,,1,2025-10-15 17:22:00+02:00,2025-10-15 17:33:00+02:00,11,office,Hamburg,,DE,home,Hamburg,,DE,public_transport,single_ticket,,,5.14,2.9,2.9,0.206,False,True,False,False,,0
0c0f41c9-8a9b-50b6-9ab4-ebb93416618a,0a9cbefd-5be2-5803-a5ed-a66d7d512a1f,e1eb9483-d268-57cf-9b5f-0ef5e1a7fed2,,1,2025-10-16 07:37:00+02:00,2025-10-16 07:48:00+02:00,11,home,Hamburg,,DE,office,Hamburg,,DE,public_transport,single_ticket,,,4.74,2.9,2.9,0.19,False,True,False,False,,0
42f37362-ad12-5592-b354-efd7c3cbc757,7546ae2c-4b10-593c-8abe-ee37668056c1,e1eb9483-d268-57cf-9b5f-0ef5e1a7fed2,,1,2025-10-16 17:50:00+02:00,2025-10-16 18:01:00+02:00,11,office,Hamburg,,DE,home,Hamburg,,DE,public_transport,single_ticket,,,4.74,2.9,2.9,0.19,False,True,False,False,,0
8ecdfaa7-5ac2-5be8-83f0-4a6b5c651da5,7bf6873d-25a0-59af-8d10-bb95b78c0ec5,e1eb9483-d268-57cf-9b5f-0ef5e1a7fed2,,1,2025-10-17 07:40:00+02:00,2025-10-17 07:51:00+02:00,11,home,Hamburg,,DE,office,Hamburg,,DE,public_transport,single_ticket,,,4.79,2.9,2.9,0.192,False,True,False,False,,0
d9c6f839-72a7-5485-8acb-b5d0766eb411,171c9ad7-2bd0-52cf-95d7-6e4bd2cd717d,e1eb9483-d268-57cf-9b5f-0ef5e1a7fed2,,1,2025-10-17 17:18:00+02:00,2025-10-17 17:29:00+02:00,11,office,Hamburg,,DE,home,Hamburg,,DE,public_transport,single_ticket,,,4.79,2.9,2.9,0.192,False,True,False,False,,0
1722f40d-1966-5d30-a639-3456928e007b,7b17e0b9-d365-582b-ac18-ec757b7c0210,e1eb9483-d268-57cf-9b5f-0ef5e1a7fed2,,1,2025-10-19 11:00:00+02:00,2025-10-19 11:07:00+02:00,7,home,Hamburg,,DE,harbor front,Hamburg,,DE,public_transport,single_ticket,,,3.09,2.9,2.9,0.124,False,True,False,False,,0
9be2de8a-c7d2-59ef-99c4-d1550d8b8ca2,cc69262b-773e-51ca-ac7a-87404b52f23a,e1eb9483-d268-57cf-9b5f-0ef5e1a7fed2,,1,2025-10-20 07:49:00+02:00,2025-10-20 07:58:00+02:00,9,home,Hamburg,,DE,office,Hamburg,,DE,public_transport,single_ticket,,,4.18,2.9,2.9,0.167,False,True,False,False,,0
cf3ed30e-3996-5b55-89b2-b4320b5c5bf5,7322dbe5-ce7f-55b3-825b-254f4258a5b3,e1eb9483-d268-57cf-9b5f-0ef5e1a7fed2,,1,2025-10-20 17:40:00+02:00,2025-10-20 17:49:00+02:00,9,office,Hamburg,,DE,home,Hamburg,,DE,public_transport,single_ticket,,,4.18,2.9,2.9,0.167,False,True,False,False,,0
5565cb59-6d15-54b2-a075-1390cc23c4ca,11e592f5-66ed-593f-9ebf-57a4567c4ffd,e1eb9483-d268-57cf-9b5f-0ef5e1a7fed2,,1,2025-10-21 07:55:00+02:00,2025-10-21 08:04:00+02:00,9,home,Hamburg,,DE,office,Hamburg,,DE,public_transport,single_ticket,,,4.14,2.9,2.9,0.166,False,True,False,False,,0
6a180a60-916a-5ef3-88b9-2756eb787fbd,daf5522b-3584-5d5e-a44f-87ad5686ff72,e1eb9483-d268-57cf-9b5f-0ef5e1a7fed2,,1,2025-10-21 17:28:00+02:00,2025-10-21 17:37:00+02:00,9,office,Hamburg,,DE,home,Hamburg,,DE,public_transport,single_ticket,,,4.14,2.9,2.9,0.166,False,True,False,False,,0
78983e99-6338-5cb0-a697-f68b5f519d27,afcebdfd-a843-56f8-af9b-ecfe8ef3df24,e1eb9483-d268-57cf-9b5f-0ef5e1a7fed2,,1,2025-10-22 07:45:00+02:00,2025-10-22 07:57:00+02:00,12,home,Hamburg,,DE,office,Hamburg,,DE,public_transport,single_ticket,,,5.3,2.9,2.9,0.212,False,True,False,False,,0
86045ac0-4a2a-51c1-81eb-bbff8e01f896,21b15354-c425-56e0-b80e-ffdc8a17b106,e1eb9483-d268-57cf-9b5f-0ef5e1a7fed2,,1,2025-10-22 17:42:00+02:00,2025-10-22 17:54:00+02:00,12,office,Hamburg,,DE,home,Hamburg,,DE,public_transport,single_ticket,,,5.3,2.9,2.9,0.212,False,True,False,False,,0
e6aae2fd-1e46-5ed7-948d-974b59b4cb71,6aa85229-8722-5521-a520-08c32c59ba93,e1eb9483-d268-57cf-9b5f-0ef5e1a7fed2,,1,2025-10-23 07:38:00+02:00,2025-10-23 07:51:00+02:00,13,home,Hamburg,,DE,office,Hamburg,,DE,public_transport,single_ticket,,,5.71,2.9,2.9,0.228,False,True,False,False,,0
b985d03f-3675-5b91-a0bc-2d94755ea2aa,76881f25-1fd4-5424-a5c9-a1a49849a6a9,e1eb9483-d268-57cf-9b5f-0ef5e1a7fed2,,1,2025-10-23 17:29:00+02:00,2025-10-23 17:42:00+02:00,13,office,Hamburg,,DE,home,Hamburg,,DE,public_transport,single_ticket,,,5.71,2.9,2.9,0.228,False,True,False,False,,0
ec6ab7b0-96c3-5921-824d-fc4946d210f4,d309b268-357d-5df3-952b-5738414aaaed,e1eb9483-d268-57cf-9b5f-0ef5e1a7fed2,,1,2025-10-24 07:50:00+02:00,2025-10-24 08:01:00+02:00,11,home,Hamburg,,DE,office,Hamburg,,DE,public_transport,single_ticket,,,5.12,2.9,2.9,0.205,False,True,False,False,,0
a74ab989-e2ec-5f83-915c-2829412a92bd,a3a6d1e0-d4b7-5cee-8f49-9a11a37df287,e1eb9483-d268-57cf-9b5f-0ef5e1a7fed2,,1,2025-10-24 17:50:00+02:00,2025-10-24 18:01:00+02:00,11,office,Hamburg,,DE,home,Hamburg,,DE,public_transport,single_ticket,,,5.12,2.9,2.9,0.205,False,True,False,False,,0
25bf742e-a7c4-5fc6-8ffd-66d28ae1744c,d3c99cb8-5f4e-5a01-8199-d7b333febd50,e1eb9483-d268-57cf-9b5f-0ef5e1a7fed2,,1,2025-10-26 12:00:00+02:00,2025-10-26 12:13:00+02:00,13,home,Hamburg,,DE,harbor front,Hamburg,,DE,public_transport,single_ticket,,,5.81,2.9,2.9,0.232,False,True,False,False,,0
b6061987-b079-56be-8e7c-7a5470951715,a73c2dd2-23e7-5bf0-b70f-47aeff196b8a,e1eb9483-d268-57cf-9b5f-0ef5e1a7fed2,,1,2025-10-27 07:51:00+02:00,2025-10-27 08:04:00+02:00,13,home,Hamburg,,DE,office,Hamburg,,DE,public_transport,single_ticket,,,5.78,2.9,2.9,0.231,False,True,False,False,,0
583ea1ce-d77f-50e0-b3b0-069c3b8c8961,6f477b6c-a953-5fa6-9026-9f3e41ea414a,e1eb9483-d268-57cf-9b5f-0ef5e1a7fed2,,1,2025-10-27 17:29:00+02:00,2025-10-27 17:42:00+02:00,13,office,Hamburg,,DE,home,Hamburg,,DE,public_transport,single_ticket,,,5.78,2.9,2.9,0.231,False,True,False,False,,0
a6ccbf8a-b2be-5071-9b8e-29cac88f4e5b,cb075ea9-b4be-5778-af78-1e0143f85511,e1eb9483-d268-57cf-9b5f-0ef5e1a7fed2,,1,2025-10-28 07:36:00+02:00,2025-10-28 07:48:00+02:00,12,home,Hamburg,,DE,office,Hamburg,,DE,public_transport,single_ticket,,,5.56,2.9,2.9,0.222,False,True,False,False,,0
8ed481d0-366a-5d25-91c9-7b54a0b2f5c1,edbe1baa-0cc7-5791-aee7-48f46e7eeea9,e1eb9483-d268-57cf-9b5f-0ef5e1a7fed2,,1,2025-10-28 17:33:00+02:00,2025-10-28 17:45:00+02:00,12,office,Hamburg,,DE,home,Hamburg,,DE,public_transport,single_ticket,,,5.56,2.9,2.9,0.222,False,True,False,False,,0
4029da53-5127-5c17-9e41-47838d709a2a,5e69f1d9-f12c-578b-a0f3-e6452efab018,e1eb9483-d268-57cf-9b5f-0ef5e1a7fed2,,1,2025-10-29 07:47:00+02:00,2025-10-29 07:57:00+02:00,10,home,Hamburg,,DE,office,Hamburg,,DE,public_transport,single_ticket,,,4.72,2.9,2.9,0.189,False,True,False,False,,0
9c9c78f3-a109-53a9-9e71-eeef65eae571,03470b07-bfb9-589b-9937-777c691e1ffa,e1eb9483-d268-57cf-9b5f-0ef5e1a7fed2,,1,2025-10-29 17:36:00+02:00,2025-10-29 17:46:00+02:00,10,office,Hamburg,,DE,home,Hamburg,,DE,public_transport,single_ticket,,,4.72,2.9,2.9,0.189,False,True,False,False,,0
ef2e53fe-17d3-565c-9203-35bdf4941a3c,a8d8643f-875b-5746-9774-796776516c8f,e1eb9483-d268-57cf-9b5f-0ef5e1a7fed2,,1,2025-10-30 07:49:00+02:00,2025-10-30 07:58:00+02:00,9,home,Hamburg,,DE,office,Hamburg,,DE,public_transport,single_ticket,,,4.23,2.9,2.9,0.169,False,True,False,False,,0
08c02421-0ac1-5ca5-9b12-12a56b61cf42,a22eef91-06c7-565c-9e34-fe15fb54277c,e1eb9483-d268-57cf-9b5f-0ef5e1a7fed2,,1,2025-10-30 17:46:00+02:00,2025-10-30 17:55:00+02:00,9,office,Hamburg,,DE,home,Hamburg,,DE,public_transport,single_ticket,,,4.23,2.9,2.9,0.169,False,True,False,False,,0
85a4afd3-9394-598f-87db-1511dbeb00ef,514a51c7-495c-5c08-ad7d-e76dde710040,e1eb9483-d268-57cf-9b5f-0ef5e1a7fed2,,1,2025-10-31 07:51:00+02:00,2025-10-31 08:02:00+02:00,11,home,Hamburg,,DE,office,Hamburg,,DE,public_transport,single_ticket,,,4.79,2.9,2.9,0.192,False,True,False,False,,0
514ead19-96c2-5959-acb6-1e6624027cc4,4f2ff52e-46fe-5b5a-b3d5-12e5e47b57ee,e1eb9483-d268-57cf-9b5f-0ef5e1a7fed2,,1,2025-10-31 17:45:00+02:00,2025-10-31 17:56:00+02:00,11,office,Hamburg,,DE,home,Hamburg,,DE,public_transport,single_ticket,,,4.79,2.9,2.9,0.192,False,True,False,False,,0
5bfbd4ea-8bb3-514f-bfbd-f00a1c4a6ba5,819d28cc-37dd-5461-a72f-2cc98e863104,e1eb9483-d268-57cf-9b5f-0ef5e1a7fed2,,1,2025-11-03 07:54:00+01:00,2025-11-03 08:05:00+01:00,11,home,Hamburg,,DE,office,Hamburg,,DE,public_transport,single_ticket,,,4.84,2.9,2.9,0.194,False,True,False,False,,0
b6151435-a72d-5280-9e55-e25d162826de,9998a279-e562-5f44-a745-0ad805e6e0aa,e1eb9483-d268-57cf-9b5f-0ef5e1a7fed2,,1,2025-11-03 17:26:00+01:00,2025-11-03 17:37:00+01:00,11,office,Hamburg,,DE,home,Hamburg,,DE,public_transport,single_ticket,,,4.84,2.9,2.9,0.194,False,True,False,False,,0
3815c13b-000b-5c7b-8e30-de0131c4d380,6ebdf28b-829c-578e-92b1-492a9bd1092c,e1eb9483-d268-57cf-9b5f-0ef5e1a7fed2,,1,2025-11-05 07:45:00+01:00,2025-11-05 07:54:00+01:00,9,home,Hamburg,,DE,office,Hamburg,,DE,public_transport,single_ticket,,,4.24,2.9,2.9,0.17,False,True,False,False,,0
9948e02e-2cbe-5047-9198-b94f81ef73d2,f6c70a28-a61c-5f8e-a4c1-74e34672777b,e1eb9483-d268-57cf-9b5f-0ef5e1a7fed2,,1,2025-11-05 17:17:00+01:00,2025-11-05 17:26:00+01:00,9,office,Hamburg,,DE,home,Hamburg,,DE,public_transport,single_ticket,,,4.24,2.9,2.9,0.17,False,True,False,False,,0
56316f5c-013e-5170-b8f7-6b4ea17fc6bd,a976a518-2c38-53c9-8a7d-fccd522c31fd,e1eb9483-d268-57cf-9b5f-0ef5e1a7fed2,,1,2025-11-06 07:44:00+01:00,2025-11-06 07:56:00+01:00,12,home,Hamburg,,DE,office,Hamburg,,DE,public_transport,single_ticket,,,5.26,2.9,2.9,0.21,False,True,False,False,,0
dfeaebbe-6741-5e14-aae9-6e2cd286a4a8,84e0848f-ee96-5139-9a5e-13a32aed8578,e1eb9483-d268-57cf-9b5f-0ef5e1a7fed2,,1,2025-11-06 17:22:00+01:00,2025-11-06 17:34:00+01:00,12,office,Hamburg,,DE,home,Hamburg,,DE,public_transport,single_ticket,,,5.26,2.9,2.9,0.21,False,True,False,False,,0
5f329336-3088-5ea5-ba2a-385d3edb21b6,9318bc9f-bb73-5114-9a4e-35389b4db789,e1eb9483-d268-57cf-9b5f-0ef5e1a7fed2,,1,2025-11-07 07:43:00+01:00,2025-11-07 07:54:00+01:00,11,home,Hamburg,,DE,office,Hamburg,,DE,public_transport,single_ticket,,,4.75,2.9,2.9,0.19,False,True,False,False,,0
d35bb369-aa23-5849-8c82-99007e05cc04,47cc4e46-b0ab-5602-be00-7077d59ea9fa,e1eb9483-d268-57cf-9b5f-0ef5e1a7fed2,,1,2025-11-07 17:41:00+01:00,2025-11-07 17:52:00+01:00,11,office,Hamburg,,DE,home,Hamburg,,DE,public_transport,single_ticket,,,4.75,2.9,2.9,0.19,False,True,False,False,,0
1f3d8322-3c3f-599d-83d8-d9eb830ba78e,4941f74c-7aa9-54a5-b8cc-f5a3c016bba3,e1eb9483-d268-57cf-9b5f-0ef5e1a7fed2,,1,2025-11-10 07:48:00+01:00,2025-11-10 07:59:00+01:00,11,home,Hamburg,,DE,office,Hamburg,,DE,public_transport,single_ticket,,,4.9,2.9,2.9,0.196,False,True,False,False,,0
deed3b1d-70c0-5818-b75c-7431396e8180,f491638d-ccec-5828-a5c8-e06851164d54,e1eb9483-d268-57cf-9b5f-0ef5e1a7fed2,,1,2025-11-10 17:21:00+01:00,2025-11-10 17:32:00+01:00,11,office,Hamburg,,DE,home,Hamburg,,DE,public_transport,single_ticket,,,4.9,2.9,2.9,0.196,False,True,False,False,,0
2d39637f-4430-5705-9bab-410b8c4fba7d,77b65dbb-f67c-5cce-af56-371436bd2a62,e1eb9483-d268-57cf-9b5f-0ef5e1a7fed2,,1,2025-11-11 07:54:00+01:00,2025-11-11 08:06:00+01:00,12,home,Hamburg,,DE,office,Hamburg,,DE,public_transport,single_ticket,,,5.6,2.9,2.9,0.224,False,True,False,False,,0
51fe50f1-492a-5354-a290-709e07c75b8f,d30673a4-45a5-574d-b43c-c2dee42347e9,e1eb9483-d268-57cf-9b5f-0ef5e1a7fed2,,1,2025-11-11 17:45:00+01:00,2025-11-11 17:57:00+01:00,12,office,Hamburg,,DE,home,Hamburg,,DE,public_transport,single_ticket,,,5.6,2.9,2.9,0.224,False,True,False,False,,0
ffbe413b-9781-5cf3-be40-08a35b28c2a9,949a93f9-6c3a-5612-ac28-224b43ff2b17,e1eb9483-d268-57cf-9b5f-0ef5e1a7fed2,,1,2025-11-12 07:36:00+01:00,2025-11-12 07:48:00+01:00,12,home,Hamburg,,DE,office,Hamburg,,DE,public_transport,single_ticket,,,5.45,2.9,2.9,0.218,False,True,False,False,,0
380676e4-1bca-5d3e-9042-d35e869ccdc2,813061f8-565f-5ad8-b04f-54ffc1940bd5,e1eb9483-d268-57cf-9b5f-0ef5e1a7fed2,,1,2025-11-12 17:26:00+01:00,2025-11-12 17:38:00+01:00,12,office,Hamburg,,DE,home,Hamburg,,DE,public_transport,single_ticket,,,5.45,2.9,2.9,0.218,False,True,False,False,,0
1a9248e3-28e0-5ed7-b58c-928952f08f68,50ab711f-7c15-5af2-a41c-ddf0bd254d8b,e1eb9483-d268-57cf-9b5f-0ef5e1a7fed2,,1,2025-11-13 07:40:00+01:00,2025-11-13 07:51:00+01:00,11,home,Hamburg,,DE,office,Hamburg,,DE,public_transport,single_ticket,,,4.74,2.9,2.9,0.19,False,True,False,False,,0
b3b6152c-1387-5e42-9df5-a7f79c4b732e,90bdb2c8-386e-5d39-8659-92185f63bab9,e1eb9483-d268-57cf-9b5f-0ef5e1a7fed2,,1,2025-11-13 17:24:00+01:00,2025-11-13 17:35:00+01:00,11,office,Hamburg,,DE,home,Hamburg,,DE,public_transport,single_ticket,,,4.74,2.9,2.9,0.19,False,True,False,False,,0
274a61f6-fcde-5304-a13f-74e686654e99,645ff345-c149-5cb6-b4e1-a14996ba081b,e1eb9483-d268-57cf-9b5f-0ef5e1a7fed2,,1,2025-11-14 07:36:00+01:00,2025-11-14 07:45:00+01:00,9,home,Hamburg,,DE,office,Hamburg,,DE,public_transport,single_ticket,,,4.07,2.9,2.9,0.163,False,True,False,False,,0
65497efc-841b-5e33-b899-d56fe0e6015e,d16bd864-f341-5a87-a75c-f841baf751b2,e1eb9483-d268-57cf-9b5f-0ef5e1a7fed2,,1,2025-11-14 17:34:00+01:00,2025-11-14 17:43:00+01:00,9,office,Hamburg,,DE,home,Hamburg,,DE,public_transport,single_ticket,,,4.07,2.9,2.9,0.163,False,True,False,False,,0
fe17cf6a-8f09-5010-af6c-0ead726af470,8ed0157d-eb35-5d42-add6-51c3efed5816,e1eb9483-d268-57cf-9b5f-0ef5e1a7fed2,,1,2025-11-15 11:00:00+01:00,2025-11-15 11:07:00+01:00,7,home,Hamburg,,DE,harbor front,Hamburg,,DE,public_transport,single_ticket,,,3.22,2.9,2.9,0.129,False,True,False,False,,0
d3c6dbc1-c19d-532e-8437-393f8c29ca81,b2433abe-8866-50b4-a9c0-b0762e9b0ca8,e1eb9483-d268-57cf-9b5f-0ef5e1a7fed2,,1,2025-11-17 07:47:00+01:00,2025-11-17 07:58:00+01:00,11,home,Hamburg,,DE,office,Hamburg,,DE,public_transport,single_ticket,,,4.74,2.9,2.9,0.19,False,True,False,False,,0
9ae1c0e5-5135-5143-b2fe-afe821e9a771,1609eacb-4837-58ae-96ba-cd9c194b7f41,e1eb9483-d268-57cf-9b5f-0ef5e1a7fed2,,1,2025-11-17 17:22:00+01:00,2025-11-17 17:33:00+01:00,11,office,Hamburg,,DE,home,Hamburg,,DE,public_transport,single_ticket,,,4.74,2.9,2.9,0.19,False,True,False,False,,0
8bc4ddac-da4d-58e1-a71b-b61c5270b1d5,267955b6-4531-5843-a001-909ecd23af07,e1eb9483-d268-57cf-9b5f-0ef5e1a7fed2,,1,2025-11-18 07:54:00+01:00,2025-11-18 08:07:00+01:00,13,home,Hamburg,,DE,office,Hamburg,,DE,public_transport,single_ticket,,,5.9,2.9,2.9,0.236,False,True,False,False,,0
456d67ae-6e28-5b63-a7d5-17f5afdc313e,c4179cce-a49b-51f0-accc-2a1fe2dbd417,e1eb9483-d268-57cf-9b5f-0ef5e1a7fed2,,1,2025-11-18 17:29:00+01:00,2025-11-18 17:42:00+01:00,13,office,Hamburg,,DE,home,Hamburg,,DE,public_transport,single_ticket,,,5.9,2.9,2.9,0.236,False,True,False,False,,0
336e2c99-56fc-59a1-828c-3f2c63971fad,f1a8b8c8-9aef-52a0-8dd6-094ffc91d2de,e1eb9483-d268-57cf-9b5f-0ef5e1a7fed2,,1,2025-11-19 07:45:00+01:00,2025-11-19 07:55:00+01:00,10,home,Hamburg,,DE,office,Hamburg,,DE,public_transport,single_ticket,,,4.39,2.9,2.9,0.176,False,True,False,False,,0
1d5721e7-7cd1-5c0b-bae2-ff8f56de6a04,6bbf07de-21ea-57e5-87af-28019fd65ec9,e1eb9483-d268-57cf-9b5f-0ef5e1a7fed2,,1,2025-11-19 17:37:00+01:00,2025-11-19 17:47:00+01:00,10,office,Hamburg,,DE,home,Hamburg,,DE,public_transport,single_ticket,,,4.39,2.9,2.9,0.176,False,True,False,False,,0
c4d98969-b107-575f-9107-0631b6d915de,b463d2b6-6faf-5d62-aed5-938f5e1621c0,e1eb9483-d268-57cf-9b5f-0ef5e1a7fed2,,1,2025-11-20 07:53:00+01:00,2025-11-20 08:04:00+01:00,11,home,Hamburg,,DE,office,Hamburg,,DE,public_transport,single_ticket,,,4.76,2.9,2.9,0.19,False,True,False,False,,0
5004224a-25f4-58f7-8bbd-e58a4ec010cf,06a34d6f-5369-5530-bb59-a60e7e8e90c9,e1eb9483-d268-57cf-9b5f-0ef5e1a7fed2,,1,2025-11-20 17:47:00+01:00,2025-11-20 17:58:00+01:00,11,office,Hamburg,,DE,home,Hamburg,,DE,public_transport,single_ticket,,,4.76,2.9,2.9,0.19,False,True,False,False,,0
20b3e4da-6b59-5ad7-b3d7-f74c91875cc2,dbe72825-eea2-5531-af78-b38e8127fcdc,e1eb9483-d268-57cf-9b5f-0ef5e1a7fed2,,1,2025-11-21 07:44:00+01:00,2025-11-21 07:54:00+01:00,10,home,Hamburg,,DE,office,Hamburg,,DE,public_transport,single_ticket,,,4.53,2.9,2.9,0.181,False,True,False,False,,0
6011e910-2156-57dd-a471-226edd4896af,f0cbecc9-d011-5a1d-a3a9-313646bce641,e1eb9483-d268-57cf-9b5f-0ef5e1a7fed2,,1,2025-11-21 17:42:00+01:00,2025-11-21 17:52:00+01:00,10,office,Hamburg,,DE,home,Hamburg,,DE,public_transport,single_ticket,,,4.53,2.9,2.9,0.181,False,True,False,False,,0
bde6bb5e-a04a-53ff-8318-57f0febf33ed,3b7f6fa8-cbe7-5990-a47e-1f798755128b,e1eb9483-d268-57cf-9b5f-0ef5e1a7fed2,,1,2025-11-22 16:00:00+01:00,2025-11-22 16:09:00+01:00,9,home,Hamburg,,DE,harbor front,Hamburg,,DE,public_transport,single_ticket,,,4.25,2.9,2.9,0.17,False,True,False,False,,0
45214a20-88b5-516f-9df5-f0378de8b46d,4961c2e3-b30d-5717-bd03-8f802f2630e1,e1eb9483-d268-57cf-9b5f-0ef5e1a7fed2,,1,2025-11-23 13:00:00+01:00,2025-11-23 13:07:00+01:00,7,home,Hamburg,,DE,shopping street,Hamburg,,DE,public_transport,single_ticket,,,3.07,2.9,2.9,0.123,False,True,False,False,,0
910173e6-c0cd-5604-a24c-2ea61dc1200d,b9e40921-24a9-5f9c-b5e7-5cfa6bea50d7,e1eb9483-d268-57cf-9b5f-0ef5e1a7fed2,,1,2025-11-24 07:43:00+01:00,2025-11-24 07:54:00+01:00,11,home,Hamburg,,DE,office,Hamburg,,DE,public_transport,single_ticket,,,5.09,2.9,2.9,0.204,False,True,False,False,,0
10791a9c-0bd1-5375-8c5e-5d4b9f299fd5,97e9afea-d76e-5339-8da4-0cf24e152ce9,e1eb9483-d268-57cf-9b5f-0ef5e1a7fed2,,1,2025-11-24 17:31:00+01:00,2025-11-24 17:42:00+01:00,11,office,Hamburg,,DE,home,Hamburg,,DE,public_transport,single_ticket,,,5.09,2.9,2.9,0.204,False,True,False,False,,0
98595e00-1315-53a3-b8dd-8f279ab19497,b4b4142f-bcea-504c-b9a8-49226f842b08,e1eb9483-d268-57cf-9b5f-0ef5e1a7fed2,,1,2025-11-25 07:40:00+01:00,2025-11-25 07:52:00+01:00,12,home,Hamburg,,DE,office,Hamburg,,DE,public_transport,single_ticket,,,5.31,2.9,2.9,0.212,False,True,False,False,,0
08fc6f3c-ebd5-5e06-a13e-2bb860635e62,b1c735a5-cd59-5f87-94fb-a89b6b67b77f,e1eb9483-d268-57cf-9b5f-0ef5e1a7fed2,,1,2025-11-25 17:42:00+01:00,2025-11-25 17:54:00+01:00,12,office,Hamburg,,DE,home,Hamburg,,DE,public_transport,single_ticket,,,5.31,2.9,2.9,0.212,False,True,False,False,,0
63cb42f0-1980-585b-9c37-1a3887b1365a,bb15907b-32b2-59f4-b100-602dcaa57e56,e1eb9483-d268-57cf-9b5f-0ef5e1a7fed2,,1,2025-11-26 07:46:00+01:00,2025-11-26 07:56:00+01:00,10,home,Hamburg,,DE,office,Hamburg,,DE,public_transport,single_ticket,,,4.49,2.9,2.9,0.18,False,True,False,False,,0
4e6f7862-2893-5d66-b117-fea2452fa29a,69537311-aa52-5fc9-97c5-625d2aebd981,e1eb9483-d268-57cf-9b5f-0ef5e1a7fed2,,1,2025-11-26 17:24:00+01:00,2025-11-26 17:34:00+01:00,10,office,Hamburg,,DE,home,Hamburg,,DE,public_transport,single_ticket,,,4.49,2.9,2.9,0.18,False,True,False,False,,0
6ed282cc-0375-542e-812c-30cda413ef97,0661f810-c731-5c28-b593-70942689fda0,e1eb9483-d268-57cf-9b5f-0ef5e1a7fed2,,1,2025-11-27 07:53:00+01:00,2025-11-27 08:03:00+01:00,10,home,Hamburg,,DE,office,Hamburg,,DE,public_transport,single_ticket,,,4.3,2.9,2.9,0.172,False,True,False,False,,0
a1593303-f110-5ff0-8cdb-df7bda1f4ad5,d426252f-7c33-5b96-a04b-719ca5936102,e1eb9483-d268-57cf-9b5f-0ef5e1a7fed2,,1,2025-11-27 17:43:00+01:00,2025-11-27 17:53:00+01:00,10,office,Hamburg,,DE,home,Hamburg,,DE,public_transport,single_ticket,,,4.3,2.9,2.9,0.172,False,True,False,False,,0
7660c51b-fe68-5923-9b2c-f3e30ddd1a71,1cf99907-b34e-570a-8f7f-c0a4cbad2313,e1eb9483-d268-57cf-9b5f-0ef5e1a7fed2,,1,2025-11-29 12:00:00+01:00,2025-11-29 12:08:00+01:00,8,home,Hamburg,,DE,harbor front,Hamburg,,DE,public_transport,single_ticket,,,3.43,2.9,2.9,0.137,False,True,False,False,,0
161b6239-0ab0-5143-816b-b28adda6326b,05d52085-0dfc-55b1-b49f-cf130b5b4c68,e1eb9483-d268-57cf-9b5f-0ef5e1a7fed2,,1,2025-12-01 07:39:00+01:00,2025-12-01 07:50:00+01:00,11,home,Hamburg,,DE,office,Hamburg,,DE,public_transport,single_ticket,,,4.83,2.9,2.9,0.193,False,True,False,False,,0
742bc1ab-1611-5a97-bf1b-9031f5a7e587,b9085e16-1030-574d-94ac-8aea745a8d06,e1eb9483-d268-57cf-9b5f-0ef5e1a7fed2,,1,2025-12-01 17:37:00+01:00,2025-12-01 17:48:00+01:00,11,office,Hamburg,,DE,home,Hamburg,,DE,public_transport,single_ticket,,,4.83,2.9,2.9,0.193,False,True,False,False,,0
c94909aa-febd-503e-946b-ccb6cb66bbb4,3c9dd52d-5d13-5465-94ee-b11c38f7c343,e1eb9483-d268-57cf-9b5f-0ef5e1a7fed2,,1,2025-12-02 07:53:00+01:00,2025-12-02 08:02:00+01:00,9,home,Hamburg,,DE,office,Hamburg,,DE,public_transport,single_ticket,,,4.13,2.9,2.9,0.165,False,True,False,False,,0
e0e6fe0b-5723-5b16-9b2a-1e2dd25747d7,fc2e2bc3-8c7b-5409-8269-43918d1bbb41,e1eb9483-d268-57cf-9b5f-0ef5e1a7fed2,,1,2025-12-02 17:36:00+01:00,2025-12-02 17:45:00+01:00,9,office,Hamburg,,DE,home,Hamburg,,DE,public_transport,single_ticket,,,4.13,2.9,2.9,0.165,False,True,False,False,,0
2ceb22e2-d867-5968-b2d9-b562f9adc491,67bb73c4-ee43-5308-a651-620661e32063,e1eb9483-d268-57cf-9b5f-0ef5e1a7fed2,,1,2025-12-03 07:43:00+01:00,2025-12-03 07:53:00+01:00,10,home,Hamburg,,DE,office,Hamburg,,DE,public_transport,single_ticket,,,4.59,2.9,2.9,0.184,False,True,False,False,,0
cfc06461-2af5-5a20-a0a4-44721fa0fb01,4adbaf5c-0168-56c0-8fef-36acb6360824,e1eb9483-d268-57cf-9b5f-0ef5e1a7fed2,,1,2025-12-03 17:16:00+01:00,2025-12-03 17:26:00+01:00,10,office,Hamburg,,DE,home,Hamburg,,DE,public_transport,single_ticket,,,4.59,2.9,2.9,0.184,False,True,False,False,,0
6d72686d-f6ca-5f6c-87b3-47defac8bfe2,e769cdbc-5034-53d2-b9b7-2b2de711165d,e1eb9483-d268-57cf-9b5f-0ef5e1a7fed2,,1,2025-12-04 07:40:00+01:00,2025-12-04 07:53:00+01:00,13,home,Hamburg,,DE,office,Hamburg,,DE,public_transport,single_ticket,,,5.89,2.9,2.9,0.236,False,True,False,False,,0
3b3c21f7-7f7b-5d0c-a744-1cb15fbecfa3,73c8e58b-4268-5f6d-bce4-e1bcc00da1cf,e1eb9483-d268-57cf-9b5f-0ef5e1a7fed2,,1,2025-12-04 17:24:00+01:00,2025-12-04 17:37:00+01:00,13,office,Hamburg,,DE,home,Hamburg,,DE,public_transport,single_ticket,,,5.89,2.9,2.9,0.236,False,True,False,False,,0
9c660f28-8c25-58a4-9bb3-1fffd5a209b1,97cc79b9-1724-53f7-9d67-5e7975e23294,e1eb9483-d268-57cf-9b5f-0ef5e1a7fed2,,1,2025-12-05 07:40:00+01:00,2025-12-05 07:52:00+01:00,12,home,Hamburg,,DE,office,Hamburg,,DE,public_transport,single_ticket,,,5.2,2.9,2.9,0.208,False,True,False,False,,0
db1c9773-f2fb-5da1-ad33-e908621e366a,1d9dca04-e64a-5339-af53-94b0018e18a0,e1eb9483-d268-57cf-9b5f-0ef5e1a7fed2,,1,2025-12-05 17:26:00+01:00,2025-12-05 17:38:00+01:00,12,office,Hamburg,,DE,home,Hamburg,,DE,public_transport,single_ticket,,,5.2,2.9,2.9,0.208,False,True,False,False,,0
ca1a5a37-5318-585f-8719-4f9e76e033e5,7946e6fd-5006-5c73-b5cf-8eac07715d31,e1eb9483-d268-57cf-9b5f-0ef5e1a7fed2,,1,2025-12-07 13:00:00+01:00,2025-12-07 13:10:00+01:00,10,home,Hamburg,,DE,shopping street,Hamburg,,DE,public_transport,single_ticket,,,4.3,2.9,2.9,0.172,False,True,False,False,,0
dd179e04-d280-5295-a68d-499fdb265e20,d7d44b20-63c6-5602-9ac7-b507f7f8be34,e1eb9483-d268-57cf-9b5f-0ef5e1a7fed2,,1,2025-12-08 07:41:00+01:00,2025-12-08 07:53:00+01:00,12,home,Hamburg,,DE,office,Hamburg,,DE,public_transport,single_ticket,,,5.28,2.9,2.9,0.211,False,True,False,False,,0
f7326115-a417-544f-8e3f-8c3cd531282e,d9af7f2e-8579-5142-812c-33e60a37eb35,e1eb9483-d268-57cf-9b5f-0ef5e1a7fed2,,1,2025-12-08 17:38:00+01:00,2025-12-08 17:50:00+01:00,12,office,Hamburg,,DE,home,Hamburg,,DE,public_transport,single_ticket,,,5.28,2.9,2.9,0.211,False,True,False,False,,0
968ec5ef-4acb-509b-9286-c86c975593e4,2949b1f5-0eaa-5461-985a-e8f17934dc70,e1eb9483-d268-57cf-9b5f-0ef5e1a7fed2,,1,2025-12-09 07:49:00+01:00,2025-12-09 08:02:00+01:00,13,home,Hamburg,,DE,office,Hamburg,,DE,public_transport,single_ticket,,,5.69,2.9,2.9,0.228,False,True,False,False,,0
70ddc39b-15f4-5b22-8cc8-d226c806a311,d3a4a55a-59a0-55d2-916e-6d62fe7d7629,e1eb9483-d268-57cf-9b5f-0ef5e1a7fed2,,1,2025-12-09 17:17:00+01:00,2025-12-09 17:30:00+01:00,13,office,Hamburg,,DE,home,Hamburg,,DE,public_transport,single_ticket,,,5.69,2.9,2.9,0.228,False,True,False,False,,0
40012523-f90a-5cf1-be7e-5e48fbb0bd6d,b8ec3a00-b5c4-5dfa-a097-c8137a36f3f3,e1eb9483-d268-57cf-9b5f-0ef5e1a7fed2,,1,2025-12-10 07:37:00+01:00,2025-12-10 07:48:00+01:00,11,home,Hamburg,,DE,office,Hamburg,,DE,public_transport,single_ticket,,,5.16,2.9,2.9,0.206,False,True,False,False,,0
0f5624c2-de8a-53fc-9f90-da15749da805,7d29ebbe-5e4a-5442-90e3-0f683ee76fbc,e1eb9483-d268-57cf-9b5f-0ef5e1a7fed2,,1,2025-12-10 17:32:00+01:00,2025-12-10 17:43:00+01:00,11,office,Hamburg,,DE,home,Hamburg,,DE,public_transport,single_ticket,,,5.16,2.9,2.9,0.206,False,True,False,False,,0
5460f096-c5fb-597e-bf71-3bedfd7e59a9,511c5d06-af4a-5da4-bed4-d634aef5b7a6,e1eb9483-d268-57cf-9b5f-0ef5e1a7fed2,,1,2025-12-11 07:42:00+01:00,2025-12-11 07:51:00+01:00,9,home,Hamburg,,DE,office,Hamburg,,DE,public_transport,single_ticket,,,4.1,2.9,2.9,0.164,False,True,False,False,,0
f8bd13e5-d279-5997-899e-51f02169571e,3a4dc2ee-e1b4-58fd-b076-290933ba4368,e1eb9483-d268-57cf-9b5f-0ef5e1a7fed2,,1,2025-12-11 17:47:00+01:00,2025-12-11 17:56:00+01:00,9,office,Hamburg,,DE,home,Hamburg,,DE,public_transport,single_ticket,,,4.1,2.9,2.9,0.164,False,True,False,False,,0
57edf767-c23a-5d08-ba70-39750697bc9c,bdc51024-8733-5367-a00e-972e2fe6b79a,e1eb9483-d268-57cf-9b5f-0ef5e1a7fed2,,1,2025-12-12 07:47:00+01:00,2025-12-12 08:00:00+01:00,13,home,Hamburg,,DE,office,Hamburg,,DE,public_transport,single_ticket,,,5.63,2.9,2.9,0.225,False,True,False,False,,0
a4dc5dbc-83cb-5654-aac1-5b8b67a8f7f5,056c055b-090d-5781-9149-a5d627f805ed,e1eb9483-d268-57cf-9b5f-0ef5e1a7fed2,,1,2025-12-12 17:18:00+01:00,2025-12-12 17:31:00+01:00,13,office,Hamburg,,DE,home,Hamburg,,DE,public_transport,single_ticket,,,5.63,2.9,2.9,0.225,False,True,False,False,,0
ccd04c74-e1ee-5b53-a3e1-f8db0172859d,95dabed8-91cc-5ed9-9f7b-20c4b9d213bf,e1eb9483-d268-57cf-9b5f-0ef5e1a7fed2,,1,2025-12-13 17:00:00+01:00,2025-12-13 17:09:00+01:00,9,home,Hamburg,,DE,shopping street,Hamburg,,DE,public_transport,single_ticket,,,4.15,2.9,2.9,0.166,False,True,False,False,,0
70dcbd7f-301a-5096-8a42-ac01662b5047,54c7b2fb-e84e-515e-8acc-a426dc0fc2ff,e1eb9483-d268-57cf-9b5f-0ef5e1a7fed2,,1,2025-12-15 07:42:00+01:00,2025-12-15 07:52:00+01:00,10,home,Hamburg,,DE,office,Hamburg,,DE,public_transport,single_ticket,,,4.32,2.9,2.9,0.173,False,True,False,False,,0
93975f74-0c73-50f1-b415-80edb7811ae9,40e705c9-c2ef-5925-a11c-09cdaa1feb54,e1eb9483-d268-57cf-9b5f-0ef5e1a7fed2,,1,2025-12-15 17:23:00+01:00,2025-12-15 17:33:00+01:00,10,office,Hamburg,,DE,home,Hamburg,,DE,public_transport,single_ticket,,,4.32,2.9,2.9,0.173,False,True,False,False,,0
67061190-7ba5-509d-bca3-a598fe0cabe8,661a2314-c582-58e1-93e0-5cbba149412c,e1eb9483-d268-57cf-9b5f-0ef5e1a7fed2,,1,2025-12-17 07:46:00+01:00,2025-12-17 07:59:00+01:00,13,home,Hamburg,,DE,office,Hamburg,,DE,public_transport,single_ticket,,,5.66,2.9,2.9,0.226,False,True,False,False,,0
46246283-0f8c-5f9f-b770-745150c70630,e73e097e-20be-5c1f-9b33-b0fae6955dc9,e1eb9483-d268-57cf-9b5f-0ef5e1a7fed2,,1,2025-12-17 17:35:00+01:00,2025-12-17 17:48:00+01:00,13,office,Hamburg,,DE,home,Hamburg,,DE,public_transport,single_ticket,,,5.66,2.9,2.9,0.226,False,True,False,False,,0
8e3f6869-2048-5971-9f23-f0f14d3e30b9,b102a267-a2e4-5a78-8286-9c5e17c2bf01,e1eb9483-d268-57cf-9b5f-0ef5e1a7fed2,,1,2025-12-18 07:45:00+01:00,2025-12-18 07:54:00+01:00,9,home,Hamburg,,DE,office,Hamburg,,DE,public_transport,single_ticket,,,4.19,2.9,2.9,0.168,False,True,False,False,,0
3e03534e-933c-560e-a5a9-753558616545,7feac51c-aa18-5c3b-af93-f3a3be445b43,e1eb9483-d268-57cf-9b5f-0ef5e1a7fed2,,1,2025-12-18 17:44:00+01:00,2025-12-18 17:53:00+01:00,9,office,Hamburg,,DE,home,Hamburg,,DE,public_transport,single_ticket,,,4.19,2.9,2.9,0.168,False,True,False,False,,0
4e07fb86-dc5c-553a-beb5-768dfc3c174e,96a49ee2-c594-5d0a-a52e-700c3adb5d97,e1eb9483-d268-57cf-9b5f-0ef5e1a7fed2,,1,2025-12-19 07:49:00+01:00,2025-12-19 07:59:00+01:00,10,home,Hamburg,,DE,office,Hamburg,,DE,public_transport,single_ticket,,,4.46,2.9,2.9,0.178,False,True,False,False,,0
ff3af65e-fc12-50d9-a7b0-50a571dd2808,42077fca-2adc-50b6-876f-0e8b6cdbc6ba,e1eb9483-d268-57cf-9b5f-0ef5e1a7fed2,,1,2025-12-19 17:43:00+01:00,2025-12-19 17:53:00+01:00,10,office,Hamburg,,DE,home,Hamburg,,DE,public_transport,single_ticket,,,4.46,2.9,2.9,0.178,False,True,False,False,,0
7162e1be-dcec-5b94-b09d-b5a0352d3d65,527c9612-3922-5a62-8a44-434d9da2fbd6,e1eb9483-d268-57cf-9b5f-0ef5e1a7fed2,,1,2025-12-22 07:53:00+01:00,2025-12-22 08:05:00+01:00,12,home,Hamburg,,DE,office,Hamburg,,DE,public_transport,single_ticket,,,5.36,2.9,2.9,0.214,False,True,False,False,,0
8e6573f5-53fe-5ce9-a4a5-8f5192f6962d,1b529d3e-8908-562e-a5f2-65b29e23d8fa,e1eb9483-d268-57cf-9b5f-0ef5e1a7fed2,,1,2025-12-22 17:28:00+01:00,2025-12-22 17:40:00+01:00,12,office,Hamburg,,DE,home,Hamburg,,DE,public_transport,single_ticket,,,5.36,2.9,2.9,0.214,False,True,False,False,,0
952153d0-d358-5aad-97b8-339f193d2ab0,2b6fa4ea-8503-5321-be9e-1bb3f407fe08,e1eb9483-d268-57cf-9b5f-0ef5e1a7fed2,,1,2025-12-25 07:37:00+01:00,2025-12-25 07:46:00+01:00,9,home,Hamburg,,DE,office,Hamburg,,DE,public_transport,single_ticket,,,4.21,2.9,2.9,0.168,False,True,False,False,,0
f26b5239-10b7-506d-bb03-681cafe9a08c,5627b343-ee2a-53dd-9bd9-6fa53f60b0cb,e1eb9483-d268-57cf-9b5f-0ef5e1a7fed2,,1,2025-12-25 17:19:00+01:00,2025-12-25 17:28:00+01:00,9,office,Hamburg,,DE,home,Hamburg,,DE,public_transport,single_ticket,,,4.21,2.9,2.9,0.168,False,True,False,False,,0
5328982f-0431-5ee2-938a-ae334606d80e,54eb1a21-56cb-5b51-b30c-d748f839dbcd,e1eb9483-d268-57cf-9b5f-0ef5e1a7fed2,,1,2025-12-29 07:54:00+01:00,2025-12-29 08:05:00+01:00,11,home,Hamburg,,DE,office,Hamburg,,DE,public_transport,single_ticket,,,5.05,2.9,2.9,0.202,False,True,False,False,,0
b2aa3aaf-e139-5a2f-a7a2-457da84f3bdd,5b6bf60a-c348-5520-b674-2cd77060f2ba,e1eb9483-d268-57cf-9b5f-0ef5e1a7fed2,,1,2025-12-29 17:25:00+01:00,2025-12-29 17:36:00+01:00,11,office,Hamburg,,DE,home,Hamburg,,DE,public_transport,single_ticket,,,5.05,2.9,2.9,0.202,False,True,False,False,,0
f8731945-aa93-5108-b966-13eccbcc52b1,447ed691-9936-5fed-a7b2-fa1e2ebd5168,e1eb9483-d268-57cf-9b5f-0ef5e1a7fed2,,1,2026-01-06 07:40:00+01:00,2026-01-06 07:53:00+01:00,13,home,Hamburg,,DE,office,Hamburg,,DE,public_transport,single_ticket,,,5.84,2.9,2.9,0.234,False,True,False,False,,0
07b4fa9c-a7a0-5645-988f-2a676a9b8e1d,77987d4a-8fe3-5b3e-87b9-168f849efd69,e1eb9483-d268-57cf-9b5f-0ef5e1a7fed2,,1,2026-01-06 17:36:00+01:00,2026-01-06 17:49:00+01:00,13,office,Hamburg,,DE,home,Hamburg,,DE,public_transport,single_ticket,,,5.84,2.9,2.9,0.234,False,True,False,False,,0
5f149946-8ced-5dcb-b199-ab2f13849c11,3cd0300b-d0ce-5d7f-95d1-6c0ca46abbba,e1eb9483-d268-57cf-9b5f-0ef5e1a7fed2,,1,2026-01-07 07:55:00+01:00,2026-01-07 08:05:00+01:00,10,home,Hamburg,,DE,office,Hamburg,,DE,public_transport,single_ticket,,,4.68,2.9,2.9,0.187,False,True,False,False,,0
58e7d657-a3ee-5ac0-b274-76284c0c0a31,f1979873-dabf-5191-90a1-174c70f8340f,e1eb9483-d268-57cf-9b5f-0ef5e1a7fed2,,1,2026-01-07 17:41:00+01:00,2026-01-07 17:51:00+01:00,10,office,Hamburg,,DE,home,Hamburg,,DE,public_transport,single_ticket,,,4.68,2.9,2.9,0.187,False,True,False,False,,0
17f33767-0504-5727-9562-0874ff0db444,14dbe1bc-d573-5b05-b3d6-18dfaf43b5de,e1eb9483-d268-57cf-9b5f-0ef5e1a7fed2,,1,2026-01-08 07:46:00+01:00,2026-01-08 07:57:00+01:00,11,home,Hamburg,,DE,office,Hamburg,,DE,public_transport,single_ticket,,,5.16,2.9,2.9,0.206,False,True,False,False,,0
f355505e-195d-5e86-92c9-7d28f9e5e5e2,95349fc6-d0c3-5f07-9976-59a5b277bc31,e1eb9483-d268-57cf-9b5f-0ef5e1a7fed2,,1,2026-01-08 17:25:00+01:00,2026-01-08 17:36:00+01:00,11,office,Hamburg,,DE,home,Hamburg,,DE,public_transport,single_ticket,,,5.16,2.9,2.9,0.206,False,True,False,False,,0
61fe27f7-81b4-5715-bda2-f024d64a293b,f171ec1b-8cf8-543b-8136-dbc62dec1243,e1eb9483-d268-57cf-9b5f-0ef5e1a7fed2,,1,2026-01-09 07:44:00+01:00,2026-01-09 07:53:00+01:00,9,home,Hamburg,,DE,office,Hamburg,,DE,public_transport,single_ticket,,,4.22,2.9,2.9,0.169,False,True,False,False,,0
2c438dbe-7190-5c6f-a59a-f66ac44a8353,d9face7a-6921-5b9e-b0a1-1d0af38b92fc,e1eb9483-d268-57cf-9b5f-0ef5e1a7fed2,,1,2026-01-09 17:37:00+01:00,2026-01-09 17:46:00+01:00,9,office,Hamburg,,DE,home,Hamburg,,DE,public_transport,single_ticket,,,4.22,2.9,2.9,0.169,False,True,False,False,,0
9bb1a4de-e810-57a9-aab3-81819d078031,e06d58fc-d0dd-5813-a8fc-cc6126482035,e1eb9483-d268-57cf-9b5f-0ef5e1a7fed2,,1,2026-01-11 17:00:00+01:00,2026-01-11 17:11:00+01:00,11,home,Hamburg,,DE,harbor front,Hamburg,,DE,public_transport,single_ticket,,,4.95,2.9,2.9,0.198,False,True,False,False,,0
1d57e574-985e-5cec-9950-8f0b5b7ba785,b0012f25-ff54-5775-aee5-2a3d8714abdb,e1eb9483-d268-57cf-9b5f-0ef5e1a7fed2,,1,2026-01-13 07:36:00+01:00,2026-01-13 07:49:00+01:00,13,home,Hamburg,,DE,office,Hamburg,,DE,public_transport,single_ticket,,,5.89,2.9,2.9,0.236,False,True,False,False,,0
1fe81bf7-dda6-53c8-b078-f0f1200e6ad9,798eb2a7-d70a-5821-b1a4-60d3e7aeb3c1,e1eb9483-d268-57cf-9b5f-0ef5e1a7fed2,,1,2026-01-13 17:27:00+01:00,2026-01-13 17:40:00+01:00,13,office,Hamburg,,DE,home,Hamburg,,DE,public_transport,single_ticket,,,5.89,2.9,2.9,0.236,False,True,False,False,,0
c2b3d782-9719-5c01-8c4f-74a9071c7072,e59d1f3f-e09e-5d27-a306-978353a58943,e1eb9483-d268-57cf-9b5f-0ef5e1a7fed2,,1,2026-01-14 07:47:00+01:00,2026-01-14 07:56:00+01:00,9,home,Hamburg,,DE,office,Hamburg,,DE,public_transport,single_ticket,,,4.17,2.9,2.9,0.167,False,True,False,False,,0
299cfd1e-cde0-5e08-bc0f-21903408791f,ca82ec63-1257-57fb-bba4-2dc669c750b3,e1eb9483-d268-57cf-9b5f-0ef5e1a7fed2,,1,2026-01-14 17:28:00+01:00,2026-01-14 17:37:00+01:00,9,office,Hamburg,,DE,home,Hamburg,,DE,public_transport,single_ticket,,,4.17,2.9,2.9,0.167,False,True,False,False,,0
49731784-583b-5211-a1ed-7a1ff1277691,6c2c4616-e383-50d4-80ef-c855b3af921a,e1eb9483-d268-57cf-9b5f-0ef5e1a7fed2,,1,2026-01-15 07:40:00+01:00,2026-01-15 07:51:00+01:00,11,home,Hamburg,,DE,office,Hamburg,,DE,public_transport,single_ticket,,,5.1,2.9,2.9,0.204,False,True,False,False,,0
10493b79-a578-5fea-9c22-6298b11cf1b6,8c52ce41-4737-59ef-ae5f-610306954fd5,e1eb9483-d268-57cf-9b5f-0ef5e1a7fed2,,1,2026-01-15 17:20:00+01:00,2026-01-15 17:31:00+01:00,11,office,Hamburg,,DE,home,Hamburg,,DE,public_transport,single_ticket,,,5.1,2.9,2.9,0.204,False,True,False,False,,0
40d55a3c-ee58-5131-bb7e-9469aebf0606,a6cc014d-17d5-5510-8ebb-ec30442ba227,e1eb9483-d268-57cf-9b5f-0ef5e1a7fed2,,1,2026-01-16 07:48:00+01:00,2026-01-16 07:58:00+01:00,10,home,Hamburg,,DE,office,Hamburg,,DE,public_transport,single_ticket,,,4.7,2.9,2.9,0.188,False,True,False,False,,0
63e4df2b-8393-5063-b1d3-5c36a3f6e324,45e9c257-ce60-541b-baf7-01ff559dfd7f,e1eb9483-d268-57cf-9b5f-0ef5e1a7fed2,,1,2026-01-16 17:42:00+01:00,2026-01-16 17:52:00+01:00,10,office,Hamburg,,DE,home,Hamburg,,DE,public_transport,single_ticket,,,4.7,2.9,2.9,0.188,False,True,False,False,,0
dff3bd46-2149-5a4f-86d8-f20fd72fbeb8,bc62b0ab-758e-5a6c-9079-7292b9b7965c,e1eb9483-d268-57cf-9b5f-0ef5e1a7fed2,,1,2026-01-17 11:00:00+01:00,2026-01-17 11:11:00+01:00,11,home,Hamburg,,DE,harbor front,Hamburg,,DE,public_transport,single_ticket,,,4.76,2.9,2.9,0.19,False,True,False,False,,0
73ffda89-90d6-5819-bd0c-15a0c5a39392,06a3f3c7-265f-5280-abff-bdd7838a578b,e1eb9483-d268-57cf-9b5f-0ef5e1a7fed2,,1,2026-01-19 07:55:00+01:00,2026-01-19 08:07:00+01:00,12,home,Hamburg,,DE,office,Hamburg,,DE,public_transport,single_ticket,,,5.2,2.9,2.9,0.208,False,True,False,False,,0
26f1ca0d-66fa-5f58-b7b5-3553709efe94,d8ce6142-46f5-58c6-838b-9162a675dc07,e1eb9483-d268-57cf-9b5f-0ef5e1a7fed2,,1,2026-01-19 17:36:00+01:00,2026-01-19 17:48:00+01:00,12,office,Hamburg,,DE,home,Hamburg,,DE,public_transport,single_ticket,,,5.2,2.9,2.9,0.208,False,True,False,False,,0
749dd99e-1b24-56e5-a91d-149a8c33b2e3,b74d6a0b-4492-54f2-9271-93851892f1c2,e1eb9483-d268-57cf-9b5f-0ef5e1a7fed2,,1,2026-01-20 07:54:00+01:00,2026-01-20 08:03:00+01:00,9,home,Hamburg,,DE,office,Hamburg,,DE,public_transport,single_ticket,,,4.24,2.9,2.9,0.17,False,True,False,False,,0
817df565-83bd-531a-b041-8bf759dd4f82,071ea681-ac23-5f2f-9e5f-952fa744d2c4,e1eb9483-d268-57cf-9b5f-0ef5e1a7fed2,,1,2026-01-20 17:33:00+01:00,2026-01-20 17:42:00+01:00,9,office,Hamburg,,DE,home,Hamburg,,DE,public_transport,single_ticket,,,4.24,2.9,2.9,0.17,False,True,False,False,,0
9af752f0-8727-5738-85e2-2fea4e89a227,ba252883-19cc-5b70-ad87-9568aaff4353,e1eb9483-d268-57cf-9b5f-0ef5e1a7fed2,,1,2026-01-22 07:48:00+01:00,2026-01-22 08:01:00+01:00,13,home,Hamburg,,DE,office,Hamburg,,DE,public_transport,single_ticket,,,5.65,2.9,2.9,0.226,False,True,False,False,,0
ec5791ba-3ed8-593a-8a03-9fb4f3eb09b2,23011898-b18a-5efd-8d34-e55a5fa17cb2,e1eb9483-d268-57cf-9b5f-0ef5e1a7fed2,,1,2026-01-22 17:30:00+01:00,2026-01-22 17:43:00+01:00,13,office,Hamburg,,DE,home,Hamburg,,DE,public_transport,single_ticket,,,5.65,2.9,2.9,0.226,False,True,False,False,,0
05fcc9ae-f8d3-50a1-91c9-a9db142a8968,dfb83cf0-36ab-5ce9-b664-3a0a5e542f0b,e1eb9483-d268-57cf-9b5f-0ef5e1a7fed2,,1,2026-01-23 07:47:00+01:00,2026-01-23 08:00:00+01:00,13,home,Hamburg,,DE,office,Hamburg,,DE,public_transport,single_ticket,,,5.87,2.9,2.9,0.235,False,True,False,False,,0
89762587-cd71-5841-bc65-feef70d69ca8,1f869992-9423-5c6c-addc-d3ffcab1ea11,e1eb9483-d268-57cf-9b5f-0ef5e1a7fed2,,1,2026-01-23 17:38:00+01:00,2026-01-23 17:51:00+01:00,13,office,Hamburg,,DE,home,Hamburg,,DE,public_transport,single_ticket,,,5.87,2.9,2.9,0.235,False,True,False,False,,0
41510976-c887-5975-adf1-af69c06102de,a80d8ee1-9af9-5063-a6fb-d26799aa6bcf,e1eb9483-d268-57cf-9b5f-0ef5e1a7fed2,,1,2026-01-24 15:00:00+01:00,2026-01-24 15:11:00+01:00,11,home,Hamburg,,DE,shopping street,Hamburg,,DE,public_transport,single_ticket,,,5.17,2.9,2.9,0.207,False,True,False,False,,0
a2561500-aaf0-5588-8364-7fa915e0a2dd,0bf12839-2edc-5d78-9002-ee486813e36b,e1eb9483-d268-57cf-9b5f-0ef5e1a7fed2,,1,2026-01-25 17:00:00+01:00,2026-01-25 17:13:00+01:00,13,home,Hamburg,,DE,shopping street,Hamburg,,DE,public_transport,single_ticket,,,5.96,2.9,2.9,0.238,False,True,False,False,,0
30fd316e-eaf8-585a-982e-984e5bc5d02a,7c5c24e4-e17b-5cc5-a2c1-b976926cf83e,e1eb9483-d268-57cf-9b5f-0ef5e1a7fed2,,1,2026-01-26 07:54:00+01:00,2026-01-26 08:05:00+01:00,11,home,Hamburg,,DE,office,Hamburg,,DE,public_transport,single_ticket,,,5.14,2.9,2.9,0.206,False,True,False,False,,0
bb1c4473-878a-5dfc-9dc3-50bbc6f9d3a4,20344593-2947-5027-86ae-ea31d6d1266c,e1eb9483-d268-57cf-9b5f-0ef5e1a7fed2,,1,2026-01-26 17:17:00+01:00,2026-01-26 17:28:00+01:00,11,office,Hamburg,,DE,home,Hamburg,,DE,public_transport,single_ticket,,,5.14,2.9,2.9,0.206,False,True,False,False,,0
138adeb0-3e4e-594f-9dd9-baff5bd22da9,4e4fbe45-2484-5783-baec-85daf311a037,e1eb9483-d268-57cf-9b5f-0ef5e1a7fed2,,1,2026-01-27 07:46:00+01:00,2026-01-27 07:57:00+01:00,11,home,Hamburg,,DE,office,Hamburg,,DE,public_transport,single_ticket,,,5.01,2.9,2.9,0.2,False,True,False,False,,0
b9803641-5886-54c8-8931-54943d7e7135,9d2ef859-3cf1-538c-b152-6cb3420de45d,e1eb9483-d268-57cf-9b5f-0ef5e1a7fed2,,1,2026-01-27 17:18:00+01:00,2026-01-27 17:29:00+01:00,11,office,Hamburg,,DE,home,Hamburg,,DE,public_transport,single_ticket,,,5.01,2.9,2.9,0.2,False,True,False,False,,0
04d504ac-5b91-5d34-af88-9fc28feae713,f111f4bb-231e-5460-9a63-61f64e8f18fc,e1eb9483-d268-57cf-9b5f-0ef5e1a7fed2,,1,2026-01-28 07:39:00+01:00,2026-01-28 07:49:00+01:00,10,home,Hamburg,,DE,office,Hamburg,,DE,public_transport,single_ticket,,,4.33,2.9,2.9,0.173,False,True,False,False,,0
6fd3cc39-edaf-50b3-ac8d-dc488321b594,3875353a-1c23-5e23-8cc5-3017272d8f42,e1eb9483-d268-57cf-9b5f-0ef5e1a7fed2,,1,2026-01-28 17:27:00+01:00,2026-01-28 17:37:00+01:00,10,office,Hamburg,,DE,home,Hamburg,,DE,public_transport,single_ticket,,,4.33,2.9,2.9,0.173,False,True,False,False,,0
e34f98fe-75bc-5fd5-ad45-7afc04dc6365,18974d0f-5e38-55d8-bee9-c4655a8a5995,e1eb9483-d268-57cf-9b5f-0ef5e1a7fed2,,1,2026-01-29 07:41:00+01:00,2026-01-29 07:51:00+01:00,10,home,Hamburg,,DE,office,Hamburg,,DE,public_transport,single_ticket,,,4.54,2.9,2.9,0.182,False,True,False,False,,0
323c18a9-a0a7-5ab4-bc8e-3abe7189d1ba,6a0e5387-4d05-5175-922d-13e72d91a602,e1eb9483-d268-57cf-9b5f-0ef5e1a7fed2,,1,2026-01-29 17:37:00+01:00,2026-01-29 17:47:00+01:00,10,office,Hamburg,,DE,home,Hamburg,,DE,public_transport,single_ticket,,,4.54,2.9,2.9,0.182,False,True,False,False,,0
c3e4dd10-f409-5acb-9e4e-ff69a0676b9f,7e3e5ac3-f920-5ae6-a69d-5f036de76369,e1eb9483-d268-57cf-9b5f-0ef5e1a7fed2,,1,2026-01-30 07:38:00+01:00,2026-01-30 07:49:00+01:00,11,home,Hamburg,,DE,office,Hamburg,,DE,public_transport,single_ticket,,,4.74,2.9,2.9,0.19,False,True,False,False,,0
dc03ed58-3f9f-5eba-9deb-650485f19114,78047fc5-d4f1-5c01-b3b1-11df58f0040e,e1eb9483-d268-57cf-9b5f-0ef5e1a7fed2,,1,2026-01-30 17:32:00+01:00,2026-01-30 17:43:00+01:00,11,office,Hamburg,,DE,home,Hamburg,,DE,public_transport,single_ticket,,,4.74,2.9,2.9,0.19,False,True,False,False,,0
a42772d4-3f1e-5c8e-8960-c01c90550ef4,ab4c372d-d885-5205-8513-1c8c7d44c8b6,e1eb9483-d268-57cf-9b5f-0ef5e1a7fed2,,1,2026-01-31 15:00:00+01:00,2026-01-31 15:08:00+01:00,8,home,Hamburg,,DE,shopping street,Hamburg,,DE,public_transport,single_ticket,,,3.63,2.9,2.9,0.145,False,True,False,False,,0
7ba2d286-d707-5438-b93f-b8e43d2c342e,867b5543-5e58-5b78-9e85-baf1de317c88,e1eb9483-d268-57cf-9b5f-0ef5e1a7fed2,,1,2026-02-02 07:53:00+01:00,2026-02-02 08:06:00+01:00,13,home,Hamburg,,DE,office,Hamburg,,DE,public_transport,single_ticket,,,5.86,2.9,2.9,0.234,False,True,False,False,,0
e0186872-d08e-5014-8cbf-1b9f9fb9761f,d9f4da46-93e7-5750-abd2-fc49630e3ff8,e1eb9483-d268-57cf-9b5f-0ef5e1a7fed2,,1,2026-02-02 17:30:00+01:00,2026-02-02 17:43:00+01:00,13,office,Hamburg,,DE,home,Hamburg,,DE,public_transport,single_ticket,,,5.86,2.9,2.9,0.234,False,True,False,False,,0
3629ff7b-32b4-5435-9e64-16341628b7bc,525b77ca-6871-51be-8c38-fc3d7d89e58a,e1eb9483-d268-57cf-9b5f-0ef5e1a7fed2,,1,2026-02-03 07:45:00+01:00,2026-02-03 07:56:00+01:00,11,home,Hamburg,,DE,office,Hamburg,,DE,public_transport,single_ticket,,,4.99,2.9,2.9,0.2,False,True,False,False,,0
5722446a-86ee-5451-8286-d0fb590c1a36,67cb3614-eadb-5a95-b9ac-7aeadcb752c2,e1eb9483-d268-57cf-9b5f-0ef5e1a7fed2,,1,2026-02-03 17:25:00+01:00,2026-02-03 17:36:00+01:00,11,office,Hamburg,,DE,home,Hamburg,,DE,public_transport,single_ticket,,,4.99,2.9,2.9,0.2,False,True,False,False,,0
7d2fc437-ee67-5688-afe3-1744d5f73fa9,0c8574b2-20d7-5dc4-94a6-db453fb272ad,e1eb9483-d268-57cf-9b5f-0ef5e1a7fed2,,1,2026-02-04 07:45:00+01:00,2026-02-04 07:56:00+01:00,11,home,Hamburg,,DE,office,Hamburg,,DE,public_transport,single_ticket,,,4.87,2.9,2.9,0.195,False,True,False,False,,0
c540ad83-869b-5409-966d-c626bdb15cb6,2d39c07b-5666-5257-af41-99e7019683a1,e1eb9483-d268-57cf-9b5f-0ef5e1a7fed2,,1,2026-02-04 17:16:00+01:00,2026-02-04 17:27:00+01:00,11,office,Hamburg,,DE,home,Hamburg,,DE,public_transport,single_ticket,,,4.87,2.9,2.9,0.195,False,True,False,False,,0
0591bfa9-d4cf-5957-8bb5-3481e3b1fd28,5411a385-65a8-522a-873d-6d830b2a0345,e1eb9483-d268-57cf-9b5f-0ef5e1a7fed2,,1,2026-02-05 07:42:00+01:00,2026-02-05 07:52:00+01:00,10,home,Hamburg,,DE,office,Hamburg,,DE,public_transport,single_ticket,,,4.38,2.9,2.9,0.175,False,True,False,False,,0
dccb9473-d449-5d67-b612-b2d67261ebaf,c9d649b3-ad0f-5fc3-b356-7f10a45e6968,e1eb9483-d268-57cf-9b5f-0ef5e1a7fed2,,1,2026-02-05 17:24:00+01:00,2026-02-05 17:34:00+01:00,10,office,Hamburg,,DE,home,Hamburg,,DE,public_transport,single_ticket,,,4.38,2.9,2.9,0.175,False,True,False,False,,0
3cd6efd4-909c-5da7-8c27-c8bdca7c8d0f,74c86885-6014-530e-a689-ada004238d97,e1eb9483-d268-57cf-9b5f-0ef5e1a7fed2,,1,2026-02-06 07:47:00+01:00,2026-02-06 07:57:00+01:00,10,home,Hamburg,,DE,office,Hamburg,,DE,public_transport,single_ticket,,,4.31,2.9,2.9,0.172,False,True,False,False,,0
f98ce1bc-0eb9-5c86-9fbc-88d04e8294df,1f297c47-15be-5050-a8ab-5c076539c64a,e1eb9483-d268-57cf-9b5f-0ef5e1a7fed2,,1,2026-02-06 17:39:00+01:00,2026-02-06 17:49:00+01:00,10,office,Hamburg,,DE,home,Hamburg,,DE,public_transport,single_ticket,,,4.31,2.9,2.9,0.172,False,True,False,False,,0
a55497be-25ee-5639-b144-c4f53f1dd94a,6b054831-6c39-5617-9bfa-1429165f452e,e1eb9483-d268-57cf-9b5f-0ef5e1a7fed2,,1,2026-02-08 11:00:00+01:00,2026-02-08 11:11:00+01:00,11,home,Hamburg,,DE,harbor front,Hamburg,,DE,public_transport,single_ticket,,,4.79,2.9,2.9,0.192,False,True,False,False,,0
fe9b953c-5a16-583d-b57e-7c7998a28179,5c7b4be3-8baf-58d1-85e2-d37a9aa2af65,e1eb9483-d268-57cf-9b5f-0ef5e1a7fed2,,1,2026-02-09 07:36:00+01:00,2026-02-09 07:49:00+01:00,13,home,Hamburg,,DE,office,Hamburg,,DE,public_transport,single_ticket,,,5.99,2.9,2.9,0.24,False,True,False,False,,0
97f144e7-a433-5e72-b2a7-3f8c50110549,4e525bbc-e9f4-51af-9a26-7b9b5a660877,e1eb9483-d268-57cf-9b5f-0ef5e1a7fed2,,1,2026-02-09 17:24:00+01:00,2026-02-09 17:37:00+01:00,13,office,Hamburg,,DE,home,Hamburg,,DE,public_transport,single_ticket,,,5.99,2.9,2.9,0.24,False,True,False,False,,0
5cccc225-6710-50d9-bde3-dc6d964843be,9630fba3-2e3f-532c-aefe-2a581bdc48a2,e1eb9483-d268-57cf-9b5f-0ef5e1a7fed2,,1,2026-02-10 07:35:00+01:00,2026-02-10 07:48:00+01:00,13,home,Hamburg,,DE,office,Hamburg,,DE,public_transport,single_ticket,,,5.84,2.9,2.9,0.234,False,True,False,False,,0
f0822fa3-0840-506f-80ae-3acb78ad77eb,33d1dc1b-3f75-53ef-8431-349f5743c71f,e1eb9483-d268-57cf-9b5f-0ef5e1a7fed2,,1,2026-02-10 17:48:00+01:00,2026-02-10 18:01:00+01:00,13,office,Hamburg,,DE,home,Hamburg,,DE,public_transport,single_ticket,,,5.84,2.9,2.9,0.234,False,True,False,False,,0
4ad47db7-ca12-5533-a737-c01b406e2e5a,615aab27-1f84-54d9-9ad6-f55eaa32ad0a,e1eb9483-d268-57cf-9b5f-0ef5e1a7fed2,,1,2026-02-12 07:51:00+01:00,2026-02-12 08:01:00+01:00,10,home,Hamburg,,DE,office,Hamburg,,DE,public_transport,single_ticket,,,4.41,2.9,2.9,0.176,False,True,False,False,,0
ca6630ea-2f44-50d9-808b-cc5c03fc7b68,fa542736-e4ca-565a-9c6a-2fc95de88b10,e1eb9483-d268-57cf-9b5f-0ef5e1a7fed2,,1,2026-02-12 17:34:00+01:00,2026-02-12 17:44:00+01:00,10,office,Hamburg,,DE,home,Hamburg,,DE,public_transport,single_ticket,,,4.41,2.9,2.9,0.176,False,True,False,False,,0
acd25af5-7fbf-5464-80d5-8b0a6c95627c,9b10e5f5-8555-512d-ad11-1a9e4bd31acd,e1eb9483-d268-57cf-9b5f-0ef5e1a7fed2,,1,2026-02-15 14:00:00+01:00,2026-02-15 14:07:00+01:00,7,home,Hamburg,,DE,shopping street,Hamburg,,DE,public_transport,single_ticket,,,3.36,2.9,2.9,0.134,False,True,False,False,,0
926245a3-0703-5320-a38f-e634d8316ae6,ac7a1b41-679e-5399-a155-38d4db4bc1bf,e1eb9483-d268-57cf-9b5f-0ef5e1a7fed2,,1,2026-02-16 07:47:00+01:00,2026-02-16 07:59:00+01:00,12,home,Hamburg,,DE,office,Hamburg,,DE,public_transport,single_ticket,,,5.59,2.9,2.9,0.224,False,True,False,False,,0
5f794db6-8ce0-54da-ba00-e29fb0b52366,74d4dab7-8695-5bdf-b048-43d2a4c25012,e1eb9483-d268-57cf-9b5f-0ef5e1a7fed2,,1,2026-02-16 17:45:00+01:00,2026-02-16 17:57:00+01:00,12,office,Hamburg,,DE,home,Hamburg,,DE,public_transport,single_ticket,,,5.59,2.9,2.9,0.224,False,True,False,False,,0
1a3da2f0-f215-58a9-b902-487d3845e036,b96acd76-0fa6-56ea-8381-f944fb93c0e9,e1eb9483-d268-57cf-9b5f-0ef5e1a7fed2,,1,2026-02-17 07:40:00+01:00,2026-02-17 07:50:00+01:00,10,home,Hamburg,,DE,office,Hamburg,,DE,public_transport,single_ticket,,,4.31,2.9,2.9,0.172,False,True,False,False,,0
b736af1c-beab-5285-8712-09a375856c1f,49ff500f-9f89-505d-b27f-2fa6eec72163,e1eb9483-d268-57cf-9b5f-0ef5e1a7fed2,,1,2026-02-17 17:25:00+01:00,2026-02-17 17:35:00+01:00,10,office,Hamburg,,DE,home,Hamburg,,DE,public_transport,single_ticket,,,4.31,2.9,2.9,0.172,False,True,False,False,,0
7dc76e57-e5e7-59ca-ad93-bab7d6b25fec,730510b4-91c3-5b7d-9724-1610ce8bf0ad,e1eb9483-d268-57cf-9b5f-0ef5e1a7fed2,,1,2026-02-18 07:48:00+01:00,2026-02-18 07:57:00+01:00,9,home,Hamburg,,DE,office,Hamburg,,DE,public_transport,single_ticket,,,4.21,2.9,2.9,0.168,False,True,False,False,,0
8132d634-0f5d-5b6a-b008-4fb49e308b9d,29f80b6c-bb89-52ae-8240-93493d9b912d,e1eb9483-d268-57cf-9b5f-0ef5e1a7fed2,,1,2026-02-18 17:32:00+01:00,2026-02-18 17:41:00+01:00,9,office,Hamburg,,DE,home,Hamburg,,DE,public_transport,single_ticket,,,4.21,2.9,2.9,0.168,False,True,False,False,,0
8ae4709e-feb4-5e82-a646-c0308dd5a47f,bf5a39ed-387f-5314-a064-677d32cde05a,e1eb9483-d268-57cf-9b5f-0ef5e1a7fed2,,1,2026-02-19 07:49:00+01:00,2026-02-19 08:01:00+01:00,12,home,Hamburg,,DE,office,Hamburg,,DE,public_transport,single_ticket,,,5.44,2.9,2.9,0.218,False,True,False,False,,0
2d8c54a2-234a-58a4-90b7-9d598eafdf42,5d29eaa8-ac43-53d4-8069-3c0280471ea6,e1eb9483-d268-57cf-9b5f-0ef5e1a7fed2,,1,2026-02-19 17:29:00+01:00,2026-02-19 17:41:00+01:00,12,office,Hamburg,,DE,home,Hamburg,,DE,public_transport,single_ticket,,,5.44,2.9,2.9,0.218,False,True,False,False,,0
c678864c-6c39-5d85-a973-a5455419141b,d92ca9f2-4417-5d73-864e-a198d6f54623,e1eb9483-d268-57cf-9b5f-0ef5e1a7fed2,,1,2026-02-20 07:44:00+01:00,2026-02-20 07:56:00+01:00,12,home,Hamburg,,DE,office,Hamburg,,DE,public_transport,single_ticket,,,5.2,2.9,2.9,0.208,False,True,False,False,,0
10566004-b808-58ef-964f-6d28c7718ede,e00a1871-8863-5438-9a82-1c77f7109812,e1eb9483-d268-57cf-9b5f-0ef5e1a7fed2,,1,2026-02-20 17:17:00+01:00,2026-02-20 17:29:00+01:00,12,office,Hamburg,,DE,home,Hamburg,,DE,public_transport,single_ticket,,,5.2,2.9,2.9,0.208,False,True,False,False,,0
21b202ef-c42a-531f-9ba8-21f7dff12186,e927657e-f4f6-5f92-ab63-8e302ba5b629,e1eb9483-d268-57cf-9b5f-0ef5e1a7fed2,,1,2026-02-24 07:48:00+01:00,2026-02-24 07:59:00+01:00,11,home,Hamburg,,DE,office,Hamburg,,DE,public_transport,single_ticket,,,4.83,2.9,2.9,0.193,False,True,False,False,,0
d734a16b-fca0-547d-a30c-23bb24f7cf93,0fde0054-e8f4-533b-8c19-4d4c0362aacd,e1eb9483-d268-57cf-9b5f-0ef5e1a7fed2,,1,2026-02-24 17:33:00+01:00,2026-02-24 17:44:00+01:00,11,office,Hamburg,,DE,home,Hamburg,,DE,public_transport,single_ticket,,,4.83,2.9,2.9,0.193,False,True,False,False,,0
4d7673f9-84ab-5fdf-adfa-d02ffd2a28fb,8835fb9a-7d94-541c-9403-77a882517c52,e1eb9483-d268-57cf-9b5f-0ef5e1a7fed2,,1,2026-02-26 07:55:00+01:00,2026-02-26 08:08:00+01:00,13,home,Hamburg,,DE,office,Hamburg,,DE,public_transport,single_ticket,,,5.78,2.9,2.9,0.231,False,True,False,False,,0
e4500b82-b97a-5717-a017-f491cff392c6,f1609a78-e08a-5d5a-b2c6-1662e47f0828,e1eb9483-d268-57cf-9b5f-0ef5e1a7fed2,,1,2026-02-26 17:44:00+01:00,2026-02-26 17:57:00+01:00,13,office,Hamburg,,DE,home,Hamburg,,DE,public_transport,single_ticket,,,5.78,2.9,2.9,0.231,False,True,False,False,,0
59f95bf7-6940-57c6-bc18-66151986fb3d,10c780b0-7487-52d6-8353-62c6a8f4a00f,e1eb9483-d268-57cf-9b5f-0ef5e1a7fed2,,1,2026-02-27 07:53:00+01:00,2026-02-27 08:03:00+01:00,10,home,Hamburg,,DE,office,Hamburg,,DE,public_transport,single_ticket,,,4.67,2.9,2.9,0.187,False,True,False,False,,0
3c79329a-69fd-5242-8d9d-6b55b5cd7df8,d0e2cd78-81cd-541d-a91b-8b77ea60ee60,e1eb9483-d268-57cf-9b5f-0ef5e1a7fed2,,1,2026-02-27 17:32:00+01:00,2026-02-27 17:42:00+01:00,10,office,Hamburg,,DE,home,Hamburg,,DE,public_transport,single_ticket,,,4.67,2.9,2.9,0.187,False,True,False,False,,0
3250b45b-06a0-54f7-848b-eed03d875121,b2de50c2-2285-52d5-ad26-ed7fd63a7d5a,e1eb9483-d268-57cf-9b5f-0ef5e1a7fed2,,1,2026-03-02 07:54:00+02:00,2026-03-02 08:05:00+02:00,11,home,Hamburg,,DE,office,Hamburg,,DE,public_transport,single_ticket,,,5.06,2.9,2.9,0.202,False,True,False,False,,0
ad876fe1-4e0a-5f85-bd55-b1dc7a3e92f7,767c753f-8004-5cd2-8d0c-c471a597bfee,e1eb9483-d268-57cf-9b5f-0ef5e1a7fed2,,1,2026-03-02 17:46:00+02:00,2026-03-02 17:57:00+02:00,11,office,Hamburg,,DE,home,Hamburg,,DE,public_transport,single_ticket,,,5.06,2.9,2.9,0.202,False,True,False,False,,0
a12f6d01-e286-5a2d-9a69-52e505162f59,497b7134-e88a-5e27-9375-d18f1b8e36fe,e1eb9483-d268-57cf-9b5f-0ef5e1a7fed2,,1,2026-03-03 07:55:00+02:00,2026-03-03 08:04:00+02:00,9,home,Hamburg,,DE,office,Hamburg,,DE,public_transport,single_ticket,,,4.18,2.9,2.9,0.167,False,True,False,False,,0
4e6bb686-f910-5c6e-bfe1-647493ebc6b5,38b7e3da-2bfe-57aa-ab6b-9bb5b0b455c7,e1eb9483-d268-57cf-9b5f-0ef5e1a7fed2,,1,2026-03-03 17:45:00+02:00,2026-03-03 17:54:00+02:00,9,office,Hamburg,,DE,home,Hamburg,,DE,public_transport,single_ticket,,,4.18,2.9,2.9,0.167,False,True,False,False,,0
d6780217-c996-5958-ae5d-c34b69af8b77,aafc84d4-d671-5948-b43f-7976433d0988,e1eb9483-d268-57cf-9b5f-0ef5e1a7fed2,,1,2026-03-04 07:40:00+02:00,2026-03-04 07:49:00+02:00,9,home,Hamburg,,DE,office,Hamburg,,DE,public_transport,single_ticket,,,4.23,2.9,2.9,0.169,False,True,False,False,,0
58c7cbbe-6b6f-5173-aadc-90ab633839b2,26730c10-73df-51cc-af41-ac5e49e4b67d,e1eb9483-d268-57cf-9b5f-0ef5e1a7fed2,,1,2026-03-04 17:19:00+02:00,2026-03-04 17:28:00+02:00,9,office,Hamburg,,DE,home,Hamburg,,DE,public_transport,single_ticket,,,4.23,2.9,2.9,0.169,False,True,False,False,,0
e82b7ea7-ad53-5a77-bed5-f7515255e4ec,f6c1d92e-53fe-5ff9-aab1-23e9ea4317fa,e1eb9483-d268-57cf-9b5f-0ef5e1a7fed2,,1,2026-03-05 07:47:00+02:00,2026-03-05 07:56:00+02:00,9,home,Hamburg,,DE,office,Hamburg,,DE,public_transport,single_ticket,,,4.09,2.9,2.9,0.164,False,True,False,False,,0
e7b14954-1b85-5772-b9b0-ce059d6e96f4,022d94de-e443-534f-819c-0853a9142ad9,e1eb9483-d268-57cf-9b5f-0ef5e1a7fed2,,1,2026-03-05 17:17:00+02:00,2026-03-05 17:26:00+02:00,9,office,Hamburg,,DE,home,Hamburg,,DE,public_transport,single_ticket,,,4.09,2.9,2.9,0.164,False,True,False,False,,0
62a13a32-db45-502d-aee2-86de51931fc4,570ad765-539f-51a0-b478-edf0bbf87a08,e1eb9483-d268-57cf-9b5f-0ef5e1a7fed2,,1,2026-03-07 17:00:00+02:00,2026-03-07 17:08:00+02:00,8,home,Hamburg,,DE,harbor front,Hamburg,,DE,public_transport,single_ticket,,,3.73,2.9,2.9,0.149,False,True,False,False,,0
dea5e2a2-a5fd-5212-9c91-459a2e04d9ad,429856f2-8f0a-5e09-8965-d529649bea3b,e1eb9483-d268-57cf-9b5f-0ef5e1a7fed2,,1,2026-03-09 07:44:00+02:00,2026-03-09 07:53:00+02:00,9,home,Hamburg,,DE,office,Hamburg,,DE,public_transport,single_ticket,,,4.09,2.9,2.9,0.164,False,True,False,False,,0
cb522db0-688a-558b-9582-13fc0a7edecd,29f9c3b5-295c-55c3-b5ef-82cccf241993,e1eb9483-d268-57cf-9b5f-0ef5e1a7fed2,,1,2026-03-09 17:21:00+02:00,2026-03-09 17:30:00+02:00,9,office,Hamburg,,DE,home,Hamburg,,DE,public_transport,single_ticket,,,4.09,2.9,2.9,0.164,False,True,False,False,,0
031c3358-d8e5-5cbc-8bbd-af9a22b448b1,15378c52-40d5-5bbe-a160-0e87795a344e,e1eb9483-d268-57cf-9b5f-0ef5e1a7fed2,,1,2026-03-10 07:48:00+02:00,2026-03-10 07:58:00+02:00,10,home,Hamburg,,DE,office,Hamburg,,DE,public_transport,single_ticket,,,4.6,2.9,2.9,0.184,False,True,False,False,,0
0bcd83bf-3c90-53b8-add8-87854de98c6d,b833d777-56e4-5747-be19-a3c6997746b8,e1eb9483-d268-57cf-9b5f-0ef5e1a7fed2,,1,2026-03-10 17:34:00+02:00,2026-03-10 17:44:00+02:00,10,office,Hamburg,,DE,home,Hamburg,,DE,public_transport,single_ticket,,,4.6,2.9,2.9,0.184,False,True,False,False,,0
362a8293-6d78-56e9-97c4-2a295cf8b981,06f968be-e043-5675-9f1a-613474933983,e1eb9483-d268-57cf-9b5f-0ef5e1a7fed2,,1,2026-03-11 07:36:00+02:00,2026-03-11 07:49:00+02:00,13,home,Hamburg,,DE,office,Hamburg,,DE,public_transport,single_ticket,,,5.88,2.9,2.9,0.235,False,True,False,False,,0
8001373d-877b-59aa-9456-067d6b990558,6bc4ec16-9903-5741-a82b-8916f3dd98c8,e1eb9483-d268-57cf-9b5f-0ef5e1a7fed2,,1,2026-03-11 17:26:00+02:00,2026-03-11 17:39:00+02:00,13,office,Hamburg,,DE,home,Hamburg,,DE,public_transport,single_ticket,,,5.88,2.9,2.9,0.235,False,True,False,False,,0
240cabb6-d91c-56e9-9af9-78303809ce52,56e3e218-7c2a-5207-8484-ab76e74fd58c,e1eb9483-d268-57cf-9b5f-0ef5e1a7fed2,,1,2026-03-12 07:37:00+02:00,2026-03-12 07:48:00+02:00,11,home,Hamburg,,DE,office,Hamburg,,DE,public_transport,single_ticket,,,4.92,2.9,2.9,0.197,False,True,False,False,,0
d1f976d9-3938-5797-ad77-32bc6a2dd1c6,8ae22536-638e-5ee5-a3ad-6c5c9952f577,e1eb9483-d268-57cf-9b5f-0ef5e1a7fed2,,1,2026-03-12 17:22:00+02:00,2026-03-12 17:33:00+02:00,11,office,Hamburg,,DE,home,Hamburg,,DE,public_transport,single_ticket,,,4.92,2.9,2.9,0.197,False,True,False,False,,0
c6938fe3-07a4-5f39-830e-65cae3ad6231,f9b6cde9-1cca-50f1-b282-b86abdec5348,e1eb9483-d268-57cf-9b5f-0ef5e1a7fed2,,1,2026-03-13 07:42:00+02:00,2026-03-13 07:55:00+02:00,13,home,Hamburg,,DE,office,Hamburg,,DE,public_transport,single_ticket,,,5.9,2.9,2.9,0.236,False,True,False,False,,0
44494aff-8eab-5d04-b215-22614d272115,08bad4dd-4ca9-502e-b9d9-62a70aea1a00,e1eb9483-d268-57cf-9b5f-0ef5e1a7fed2,,1,2026-03-13 17:22:00+02:00,2026-03-13 17:35:00+02:00,13,office,Hamburg,,DE,home,Hamburg,,DE,public_transport,single_ticket,,,5.9,2.9,2.9,0.236,False,True,False,False,,0
430358d2-8b2e-5204-964c-522b9fe394b8,38709c3d-53f1-5e19-b5e6-9d66b01e5e00,e1eb9483-d268-57cf-9b5f-0ef5e1a7fed2,,1,2026-03-16 07:52:00+02:00,2026-03-16 08:01:00+02:00,9,home,Hamburg,,DE,office,Hamburg,,DE,public_transport,single_ticket,,,4.23,2.9,2.9,0.169,False,True,False,False,,0
785108dc-fd7a-55fe-86c6-466482a3c093,fe4edb15-9efa-578a-b6e9-2877de6735b3,e1eb9483-d268-57cf-9b5f-0ef5e1a7fed2,,1,2026-03-16 17:49:00+02:00,2026-03-16 17:58:00+02:00,9,office,Hamburg,,DE,home,Hamburg,,DE,public_transport,single_ticket,,,4.23,2.9,2.9,0.169,False,True,False,False,,0
638c1321-1fef-5b46-a508-e540115a0718,90095630-9eb4-5dc0-b183-cbba2959efc9,e1eb9483-d268-57cf-9b5f-0ef5e1a7fed2,,1,2026-03-17 07:49:00+02:00,2026-03-17 08:00:00+02:00,11,home,Hamburg,,DE,office,Hamburg,,DE,public_transport,single_ticket,,,5.11,2.9,2.9,0.204,False,True,False,False,,0
7007e07f-cda0-5c18-9782-a23ba8d80fa9,8861c30c-df2a-5de1-9cd1-3393cb287a19,e1eb9483-d268-57cf-9b5f-0ef5e1a7fed2,,1,2026-03-17 17:31:00+02:00,2026-03-17 17:42:00+02:00,11,office,Hamburg,,DE,home,Hamburg,,DE,public_transport,single_ticket,,,5.11,2.9,2.9,0.204,False,True,False,False,,0
5894c568-f8d6-5878-b0bc-513c40f37cde,0abddf07-06b4-54cb-b050-f80a972367b4,e1eb9483-d268-57cf-9b5f-0ef5e1a7fed2,,1,2026-03-18 07:44:00+02:00,2026-03-18 07:57:00+02:00,13,home,Hamburg,,DE,office,Hamburg,,DE,public_transport,single_ticket,,,6.0,2.9,2.9,0.24,False,True,False,False,,0
851a82b8-304e-5944-ab57-154d44adcf46,90c21b5f-b72b-5b69-acd5-6becd6ff33b7,e1eb9483-d268-57cf-9b5f-0ef5e1a7fed2,,1,2026-03-18 17:45:00+02:00,2026-03-18 17:58:00+02:00,13,office,Hamburg,,DE,home,Hamburg,,DE,public_transport,single_ticket,,,6.0,2.9,2.9,0.24,False,True,False,False,,0
27d9ebda-5872-5afd-a37f-e2e40b86707f,6d205593-6a49-5816-9114-a43bbae8428e,e1eb9483-d268-57cf-9b5f-0ef5e1a7fed2,,1,2026-03-19 07:46:00+02:00,2026-03-19 07:58:00+02:00,12,home,Hamburg,,DE,office,Hamburg,,DE,public_transport,single_ticket,,,5.28,2.9,2.9,0.211,False,True,False,False,,0
42a99db6-bd0e-5bd3-9fd6-a3892298a77a,c148494c-d9b5-58ec-909d-43dee9bc76ad,e1eb9483-d268-57cf-9b5f-0ef5e1a7fed2,,1,2026-03-19 17:27:00+02:00,2026-03-19 17:39:00+02:00,12,office,Hamburg,,DE,home,Hamburg,,DE,public_transport,single_ticket,,,5.28,2.9,2.9,0.211,False,True,False,False,,0
b28be9bb-301b-545e-800e-61e5a211818e,1cbc3bf4-4148-56eb-8e3f-bcc7d0d69cad,e1eb9483-d268-57cf-9b5f-0ef5e1a7fed2,,1,2026-03-20 07:44:00+02:00,2026-03-20 07:54:00+02:00,10,home,Hamburg,,DE,office,Hamburg,,DE,public_transport,single_ticket,,,4.52,2.9,2.9,0.181,False,True,False,False,,0
0a671aab-474a-5e11-aa0e-3055c486ca08,1d73c744-95e7-53c8-81f1-fba2b988af5b,e1eb9483-d268-57cf-9b5f-0ef5e1a7fed2,,1,2026-03-20 17:33:00+02:00,2026-03-20 17:43:00+02:00,10,office,Hamburg,,DE,home,Hamburg,,DE,public_transport,single_ticket,,,4.52,2.9,2.9,0.181,False,True,False,False,,0
823fc028-0624-58b3-b662-eb0079340efe,4d228c80-6086-58f6-b0cc-42e853bf31e8,e1eb9483-d268-57cf-9b5f-0ef5e1a7fed2,,1,2026-03-23 07:53:00+02:00,2026-03-23 08:04:00+02:00,11,home,Hamburg,,DE,office,Hamburg,,DE,public_transport,single_ticket,,,5.1,2.9,2.9,0.204,False,True,False,False,,0
57caf6df-8fe8-50e4-89df-199e2b1e3106,052d6341-ff56-5922-848b-a536a4dc9eb1,e1eb9483-d268-57cf-9b5f-0ef5e1a7fed2,,1,2026-03-23 17:27:00+02:00,2026-03-23 17:38:00+02:00,11,office,Hamburg,,DE,home,Hamburg,,DE,public_transport,single_ticket,,,5.1,2.9,2.9,0.204,False,True,False,False,,0
31a3036b-9793-5c37-8cd0-d43e1276fe2e,7464dd93-d3f7-574a-b6fa-5a96b0a5dbec,e1eb9483-d268-57cf-9b5f-0ef5e1a7fed2,,1,2026-03-24 07:35:00+02:00,2026-03-24 07:45:00+02:00,10,home,Hamburg,,DE,office,Hamburg,,DE,public_transport,single_ticket,,,4.49,2.9,2.9,0.18,False,True,False,False,,0
01e8aaf2-3fd5-5d4e-9e2a-0592b1c39c74,6df46f0d-32eb-51a0-9c92-37f2d3016811,e1eb9483-d268-57cf-9b5f-0ef5e1a7fed2,,1,2026-03-24 17:47:00+02:00,2026-03-24 17:57:00+02:00,10,office,Hamburg,,DE,home,Hamburg,,DE,public_transport,single_ticket,,,4.49,2.9,2.9,0.18,False,True,False,False,,0
9ecf14a1-739e-50dc-9423-c3d6fcae1a16,5c3a898f-1f8d-5f2a-a8e9-4b5c0ccba583,e1eb9483-d268-57cf-9b5f-0ef5e1a7fed2,,1,2026-03-25 07:51:00+02:00,2026-03-25 08:01:00+02:00,10,home,Hamburg,,DE,office,Hamburg,,DE,public_transport,single_ticket,,,4.54,2.9,2.9,0.182,False,True,False,False,,0
65801bd8-d58a-50df-83f4-7900f9eab4d4,17fa3039-e9d6-593d-a85a-770648bd78e8,e1eb9483-d268-57cf-9b5f-0ef5e1a7fed2,,1,2026-03-25 17:29:00+02:00,2026-03-25 17:39:00+02:00,10,office,Hamburg,,DE,home,Hamburg,,DE,public_transport,single_ticket,,,4.54,2.9,2.9,0.182,False,True,False,False,,0
6b20db29-7dde-5d0f-99fe-27b5fc556c8d,38c37bcf-2af5-5744-8d15-0790d912f211,e1eb9483-d268-57cf-9b5f-0ef5e1a7fed2,,1,2026-03-26 07:44:00+02:00,2026-03-26 07:55:00+02:00,11,home,Hamburg,,DE,office,Hamburg,,DE,public_transport,single_ticket,,,4.82,2.9,2.9,0.193,False,True,False,False,,0
d5719c51-a04a-5685-840f-4b33cdc13f40,4f1806d9-405c-55fd-a59b-f13decb6b1df,e1eb9483-d268-57cf-9b5f-0ef5e1a7fed2,,1,2026-03-26 17:22:00+02:00,2026-03-26 17:33:00+02:00,11,office,Hamburg,,DE,home,Hamburg,,DE,public_transport,single_ticket,,,4.82,2.9,2.9,0.193,False,True,False,False,,0
aab794db-f790-5471-b231-fa55e523195c,6ab4db11-7a90-5574-90a0-6ca5424de181,e1eb9483-d268-57cf-9b5f-0ef5e1a7fed2,,1,2026-03-27 07:53:00+02:00,2026-03-27 08:04:00+02:00,11,home,Hamburg,,DE,office,Hamburg,,DE,public_transport,single_ticket,,,5.05,2.9,2.9,0.202,False,True,False,False,,0
78b0b414-5108-58cf-8b82-fc1e30cbd7e7,dda7c603-9ad3-56d2-a1db-0495a32300e5,e1eb9483-d268-57cf-9b5f-0ef5e1a7fed2,,1,2026-03-27 17:40:00+02:00,2026-03-27 17:51:00+02:00,11,office,Hamburg,,DE,home,Hamburg,,DE,public_transport,single_ticket,,,5.05,2.9,2.9,0.202,False,True,False,False,,0
19883ff2-84fe-5b0b-bbe1-fa1eb9af93a0,5085a638-0630-5ecd-afc5-32b7b3b351da,e1eb9483-d268-57cf-9b5f-0ef5e1a7fed2,,1,2026-03-30 07:53:00+02:00,2026-03-30 08:04:00+02:00,11,home,Hamburg,,DE,office,Hamburg,,DE,public_transport,single_ticket,,,4.99,2.9,2.9,0.2,False,True,False,False,,0
4bfdcdea-9f09-5690-bf8b-c799786d2dc9,da6652a3-a877-5504-a92a-fd15b8a9645b,e1eb9483-d268-57cf-9b5f-0ef5e1a7fed2,,1,2026-03-30 17:39:00+02:00,2026-03-30 17:50:00+02:00,11,office,Hamburg,,DE,home,Hamburg,,DE,public_transport,single_ticket,,,4.99,2.9,2.9,0.2,False,True,False,False,,0
064b1934-3509-51c0-97ce-6bf860bfa1cf,ef2ec8ef-c7e7-50d7-8d9b-3caff06418d9,e1eb9483-d268-57cf-9b5f-0ef5e1a7fed2,,1,2026-03-31 07:39:00+02:00,2026-03-31 07:52:00+02:00,13,home,Hamburg,,DE,office,Hamburg,,DE,public_transport,single_ticket,,,5.79,2.9,2.9,0.232,False,True,False,False,,0
f233776f-52f5-5158-aabe-fd19905da04b,b27c39eb-ffcc-562c-9f87-eddd0a3580c1,e1eb9483-d268-57cf-9b5f-0ef5e1a7fed2,,1,2026-03-31 17:46:00+02:00,2026-03-31 17:59:00+02:00,13,office,Hamburg,,DE,home,Hamburg,,DE,public_transport,single_ticket,,,5.79,2.9,2.9,0.232,False,True,False,False,,0
0aff5669-1257-5e3f-b9cd-d5f52dc0fa27,935bd875-5417-5f4c-9f2e-16748a5b8b61,e1eb9483-d268-57cf-9b5f-0ef5e1a7fed2,,1,2026-04-01 07:45:00+02:00,2026-04-01 07:55:00+02:00,10,home,Hamburg,,DE,office,Hamburg,,DE,public_transport,single_ticket,,,4.33,2.9,2.9,0.173,False,True,False,False,,0
b42d1071-4547-5233-a9b9-7b7d5d33bea4,c4c06acd-1916-59a4-84fe-85411f87b2bf,e1eb9483-d268-57cf-9b5f-0ef5e1a7fed2,,1,2026-04-01 17:36:00+02:00,2026-04-01 17:46:00+02:00,10,office,Hamburg,,DE,home,Hamburg,,DE,public_transport,single_ticket,,,4.33,2.9,2.9,0.173,False,True,False,False,,0
ab225e95-93fd-548e-8d4c-255258bc061d,4c4fe731-2633-5f98-a69b-7709e906a517,e1eb9483-d268-57cf-9b5f-0ef5e1a7fed2,,1,2026-04-02 07:35:00+02:00,2026-04-02 07:45:00+02:00,10,home,Hamburg,,DE,office,Hamburg,,DE,public_transport,single_ticket,,,4.56,2.9,2.9,0.182,False,True,False,False,,0
aa15f791-62a5-5b6f-9c31-a653459d079c,71a47a49-d309-5ed0-b2f2-5bcea95120c0,e1eb9483-d268-57cf-9b5f-0ef5e1a7fed2,,1,2026-04-02 17:38:00+02:00,2026-04-02 17:48:00+02:00,10,office,Hamburg,,DE,home,Hamburg,,DE,public_transport,single_ticket,,,4.56,2.9,2.9,0.182,False,True,False,False,,0
fb1b2643-8f20-513a-9135-64e64111d702,d83aa3ce-6c58-5c28-a31b-b4cd76491418,e1eb9483-d268-57cf-9b5f-0ef5e1a7fed2,,1,2026-04-03 07:42:00+02:00,2026-04-03 07:53:00+02:00,11,home,Hamburg,,DE,office,Hamburg,,DE,public_transport,single_ticket,,,4.73,2.9,2.9,0.189,False,True,False,False,,0
b1675d19-d52c-58ef-b8ba-1bc86321a91e,cc13721a-5477-52c1-b0b8-33cc76dd2029,e1eb9483-d268-57cf-9b5f-0ef5e1a7fed2,,1,2026-04-03 17:37:00+02:00,2026-04-03 17:48:00+02:00,11,office,Hamburg,,DE,home,Hamburg,,DE,public_transport,single_ticket,,,4.73,2.9,2.9,0.189,False,True,False,False,,0
aa130289-9ab6-5282-a107-078e85da4bce,f4f6e768-b0b9-5276-a310-7f0f268566bd,e1eb9483-d268-57cf-9b5f-0ef5e1a7fed2,,1,2026-04-05 17:00:00+02:00,2026-04-05 17:09:00+02:00,9,home,Hamburg,,DE,harbor front,Hamburg,,DE,public_transport,single_ticket,,,4.27,2.9,2.9,0.171,False,True,False,False,,0
e29852ff-f4b5-5586-a60a-258f8d7cd518,ba6aa6a4-3584-5afd-8bb7-ae2e8bf9c49f,e1eb9483-d268-57cf-9b5f-0ef5e1a7fed2,,1,2026-04-06 07:45:00+02:00,2026-04-06 07:56:00+02:00,11,home,Hamburg,,DE,office,Hamburg,,DE,public_transport,single_ticket,,,4.83,2.9,2.9,0.193,False,True,False,False,,0
fd21f986-7963-5c6e-9f22-793d96f45c18,6a8321ca-ba75-538a-8d14-2a8d79436290,e1eb9483-d268-57cf-9b5f-0ef5e1a7fed2,,1,2026-04-06 17:48:00+02:00,2026-04-06 17:59:00+02:00,11,office,Hamburg,,DE,home,Hamburg,,DE,public_transport,single_ticket,,,4.83,2.9,2.9,0.193,False,True,False,False,,0
3b31f35b-fef3-5565-9722-ee54304c7d8b,7ad4739e-71f3-5ed1-9733-e52dc6c8d86f,e1eb9483-d268-57cf-9b5f-0ef5e1a7fed2,,1,2026-04-10 07:47:00+02:00,2026-04-10 07:59:00+02:00,12,home,Hamburg,,DE,office,Hamburg,,DE,public_transport,single_ticket,,,5.2,2.9,2.9,0.208,False,True,False,False,,0
c0b867ca-51da-50ba-8e9c-3c33941aea7c,ceefc252-4b8f-5e1d-baef-0ccd5cc325ef,e1eb9483-d268-57cf-9b5f-0ef5e1a7fed2,,1,2026-04-10 17:26:00+02:00,2026-04-10 17:38:00+02:00,12,office,Hamburg,,DE,home,Hamburg,,DE,public_transport,single_ticket,,,5.2,2.9,2.9,0.208,False,True,False,False,,0
91b55fdc-ebe9-5c29-b0bc-4cc01e887da7,0f08f96d-2935-5eb7-a21c-549a8fc6f24c,e1eb9483-d268-57cf-9b5f-0ef5e1a7fed2,,1,2026-04-11 13:00:00+02:00,2026-04-11 13:11:00+02:00,11,home,Hamburg,,DE,shopping street,Hamburg,,DE,public_transport,single_ticket,,,5.16,2.9,2.9,0.206,False,True,False,False,,0
547e4a6d-7623-5c12-a96f-e2a761aea4d2,e9746888-6abe-5451-9e1d-fad7c44b8ae1,e1eb9483-d268-57cf-9b5f-0ef5e1a7fed2,,1,2026-04-13 07:40:00+02:00,2026-04-13 07:53:00+02:00,13,home,Hamburg,,DE,office,Hamburg,,DE,public_transport,single_ticket,,,5.77,2.9,2.9,0.231,False,True,False,False,,0
1225dc88-1c54-594e-b9b9-acc852f06f74,74c9c4e6-8035-547d-8c5a-0f0af924683e,e1eb9483-d268-57cf-9b5f-0ef5e1a7fed2,,1,2026-04-13 17:42:00+02:00,2026-04-13 17:55:00+02:00,13,office,Hamburg,,DE,home,Hamburg,,DE,public_transport,single_ticket,,,5.77,2.9,2.9,0.231,False,True,False,False,,0
3ddb0572-cf66-5076-a9f1-07ad5ab6ef12,313a7bbd-91eb-5ccf-886d-3f78731d9bd4,e1eb9483-d268-57cf-9b5f-0ef5e1a7fed2,,1,2026-04-14 07:49:00+02:00,2026-04-14 07:58:00+02:00,9,home,Hamburg,,DE,office,Hamburg,,DE,public_transport,single_ticket,,,4.12,2.9,2.9,0.165,False,True,False,False,,0
b10911ed-89c1-5c56-a81b-f98bf49f7d08,90989be7-69a6-5aba-af00-af78e3e639ac,e1eb9483-d268-57cf-9b5f-0ef5e1a7fed2,,1,2026-04-14 17:33:00+02:00,2026-04-14 17:42:00+02:00,9,office,Hamburg,,DE,home,Hamburg,,DE,public_transport,single_ticket,,,4.12,2.9,2.9,0.165,False,True,False,False,,0
c8a1019d-2843-58ba-beaf-96c8f76e4005,bfa6269f-4153-559f-aab2-0d64fbbf95bb,e1eb9483-d268-57cf-9b5f-0ef5e1a7fed2,,1,2026-04-16 07:52:00+02:00,2026-04-16 08:05:00+02:00,13,home,Hamburg,,DE,office,Hamburg,,DE,public_transport,single_ticket,,,5.86,2.9,2.9,0.234,False,True,False,False,,0
5d5e24f3-318a-5f7a-a795-7d1a023975d6,d5c76935-fd20-5155-b0c7-97dd5dce6675,e1eb9483-d268-57cf-9b5f-0ef5e1a7fed2,,1,2026-04-16 17:37:00+02:00,2026-04-16 17:50:00+02:00,13,office,Hamburg,,DE,home,Hamburg,,DE,public_transport,single_ticket,,,5.86,2.9,2.9,0.234,False,True,False,False,,0
d698c3d3-a742-5b21-848d-e8740c4d4f73,c9e3d051-1356-5ab2-b7fc-745cc09de3f3,e1eb9483-d268-57cf-9b5f-0ef5e1a7fed2,,1,2026-04-17 07:50:00+02:00,2026-04-17 08:02:00+02:00,12,home,Hamburg,,DE,office,Hamburg,,DE,public_transport,single_ticket,,,5.39,2.9,2.9,0.216,False,True,False,False,,0
49fb4cdf-c0bf-5e43-9afa-6d96761ba94b,e2d2288c-ff9c-54ed-9c05-b4ff23eb0a2c,e1eb9483-d268-57cf-9b5f-0ef5e1a7fed2,,1,2026-04-17 17:47:00+02:00,2026-04-17 17:59:00+02:00,12,office,Hamburg,,DE,home,Hamburg,,DE,public_transport,single_ticket,,,5.39,2.9,2.9,0.216,False,True,False,False,,0
49f9c60b-d6bb-5fed-ab38-2569c9e3b056,cf7ae3fb-7d6c-585d-b880-8901dd1bf3e0,e1eb9483-d268-57cf-9b5f-0ef5e1a7fed2,,1,2026-04-20 07:42:00+02:00,2026-04-20 07:54:00+02:00,12,home,Hamburg,,DE,office,Hamburg,,DE,public_transport,single_ticket,,,5.34,2.9,2.9,0.214,False,True,False,False,,0
37aaad34-b407-5094-b42f-0a130e0cc323,d180786f-fa18-5d8b-a16a-612abcfddbcb,e1eb9483-d268-57cf-9b5f-0ef5e1a7fed2,,1,2026-04-20 17:41:00+02:00,2026-04-20 17:53:00+02:00,12,office,Hamburg,,DE,home,Hamburg,,DE,public_transport,single_ticket,,,5.34,2.9,2.9,0.214,False,True,False,False,,0
89389f32-ec89-53e5-9d57-2b2112d5bca3,960fa9f4-079b-579d-b957-69420fd6e2d9,e1eb9483-d268-57cf-9b5f-0ef5e1a7fed2,,1,2026-04-21 07:45:00+02:00,2026-04-21 07:56:00+02:00,11,home,Hamburg,,DE,office,Hamburg,,DE,public_transport,single_ticket,,,5.13,2.9,2.9,0.205,False,True,False,False,,0
27f6a9c6-39b7-5a2e-bf6c-451807d67ad4,c075ad4d-e85e-54a4-a3cd-1432f3622082,e1eb9483-d268-57cf-9b5f-0ef5e1a7fed2,,1,2026-04-21 17:35:00+02:00,2026-04-21 17:46:00+02:00,11,office,Hamburg,,DE,home,Hamburg,,DE,public_transport,single_ticket,,,5.13,2.9,2.9,0.205,False,True,False,False,,0
b473605e-45de-5c75-825d-d2fa72c68115,1029c53c-1432-58ac-b4e0-fafc47776f40,e1eb9483-d268-57cf-9b5f-0ef5e1a7fed2,,1,2026-04-23 07:53:00+02:00,2026-04-23 08:03:00+02:00,10,home,Hamburg,,DE,office,Hamburg,,DE,public_transport,single_ticket,,,4.32,2.9,2.9,0.173,False,True,False,False,,0
87e21571-9202-5a2c-a1a7-12471f0fa504,331008a0-d1f0-57f5-b2cc-4b4f26da61d6,e1eb9483-d268-57cf-9b5f-0ef5e1a7fed2,,1,2026-04-23 17:40:00+02:00,2026-04-23 17:50:00+02:00,10,office,Hamburg,,DE,home,Hamburg,,DE,public_transport,single_ticket,,,4.32,2.9,2.9,0.173,False,True,False,False,,0
066d404c-dc21-58f3-99a8-d8e0f173ee62,d76444de-7789-501e-9b0e-7641c711ebfa,e1eb9483-d268-57cf-9b5f-0ef5e1a7fed2,,1,2026-04-24 07:48:00+02:00,2026-04-24 07:57:00+02:00,9,home,Hamburg,,DE,office,Hamburg,,DE,public_transport,single_ticket,,,4.18,2.9,2.9,0.167,False,True,False,False,,0
1f28cd85-f121-5058-aac3-7b1fbabb7ccb,dd4cf556-2b45-5379-8fe6-b8e981932bfc,e1eb9483-d268-57cf-9b5f-0ef5e1a7fed2,,1,2026-04-24 17:17:00+02:00,2026-04-24 17:26:00+02:00,9,office,Hamburg,,DE,home,Hamburg,,DE,public_transport,single_ticket,,,4.18,2.9,2.9,0.167,False,True,False,False,,0
5af5f504-8035-54d4-a3f2-cf7d7b921ce0,792f0999-2928-5597-896f-c723b0387e7f,e1eb9483-d268-57cf-9b5f-0ef5e1a7fed2,,1,2026-04-27 07:44:00+02:00,2026-04-27 07:57:00+02:00,13,home,Hamburg,,DE,office,Hamburg,,DE,public_transport,single_ticket,,,5.67,2.9,2.9,0.227,False,True,False,False,,0
b218408b-01d8-5599-81c0-f9f58c87c7ed,c0cf2c0b-5d1a-564f-bfdb-bbe2020d1100,e1eb9483-d268-57cf-9b5f-0ef5e1a7fed2,,1,2026-04-27 17:25:00+02:00,2026-04-27 17:38:00+02:00,13,office,Hamburg,,DE,home,Hamburg,,DE,public_transport,single_ticket,,,5.67,2.9,2.9,0.227,False,True,False,False,,0
3769462c-1d8a-58bb-ae07-a206eee7f1ed,04d02e82-aae5-5d24-8009-0fe14f5df7ad,e1eb9483-d268-57cf-9b5f-0ef5e1a7fed2,,1,2026-04-28 07:40:00+02:00,2026-04-28 07:53:00+02:00,13,home,Hamburg,,DE,office,Hamburg,,DE,public_transport,single_ticket,,,5.93,2.9,2.9,0.237,False,True,False,False,,0
cfba90d8-6896-5fc9-8011-807daf23320a,0e246c31-c074-57a8-a417-55de97afa26f,e1eb9483-d268-57cf-9b5f-0ef5e1a7fed2,,1,2026-04-28 17:37:00+02:00,2026-04-28 17:50:00+02:00,13,office,Hamburg,,DE,home,Hamburg,,DE,public_transport,single_ticket,,,5.93,2.9,2.9,0.237,False,True,False,False,,0
d4472152-d811-5bb0-a002-f55430d2fba6,7c01c977-7317-5496-a9cb-dbc00e721981,e1eb9483-d268-57cf-9b5f-0ef5e1a7fed2,,1,2026-04-29 07:36:00+02:00,2026-04-29 07:49:00+02:00,13,home,Hamburg,,DE,office,Hamburg,,DE,public_transport,single_ticket,,,5.93,2.9,2.9,0.237,False,True,False,False,,0
f651c988-c738-5738-994e-213ffb63a109,a9f7f8a4-9b9b-593d-8be6-2501c2e208c6,e1eb9483-d268-57cf-9b5f-0ef5e1a7fed2,,1,2026-04-29 17:23:00+02:00,2026-04-29 17:36:00+02:00,13,office,Hamburg,,DE,home,Hamburg,,DE,public_transport,single_ticket,,,5.93,2.9,2.9,0.237,False,True,False,False,,0
fde52377-f132-5595-9db5-93e9e4603b62,488a1ca2-df1a-5a8c-bbbc-7c3fd8c46d1d,e1eb9483-d268-57cf-9b5f-0ef5e1a7fed2,,1,2026-04-30 07:50:00+02:00,2026-04-30 08:01:00+02:00,11,home,Hamburg,,DE,office,Hamburg,,DE,public_transport,single_ticket,,,5.05,2.9,2.9,0.202,False,True,False,False,,0
57122377-2684-541a-96fb-d07223bba023,0ce17fb3-f527-5c4d-ac0f-a18833b83f26,e1eb9483-d268-57cf-9b5f-0ef5e1a7fed2,,1,2026-04-30 17:36:00+02:00,2026-04-30 17:47:00+02:00,11,office,Hamburg,,DE,home,Hamburg,,DE,public_transport,single_ticket,,,5.05,2.9,2.9,0.202,False,True,False,False,,0
41cf473c-c966-566a-b23a-e636c3fb4043,3b01223a-5be0-5e1c-8e56-eca3ec41565f,e1eb9483-d268-57cf-9b5f-0ef5e1a7fed2,,1,2026-05-01 07:50:00+02:00,2026-05-01 08:02:00+02:00,12,home,Hamburg,,DE,office,Hamburg,,DE,public_transport,single_ticket,,,5.32,2.9,2.9,0.213,False,True,False,False,,0
7e17601b-91f7-5489-9df6-4bf5908dd77b,7b34d1dd-e47d-5c11-ad57-07da379bfdc0,e1eb9483-d268-57cf-9b5f-0ef5e1a7fed2,,1,2026-05-01 17:37:00+02:00,2026-05-01 17:49:00+02:00,12,office,Hamburg,,DE,home,Hamburg,,DE,public_transport,single_ticket,,,5.32,2.9,2.9,0.213,False,True,False,False,,0
6c2bd8f2-c839-5ca3-9062-a999b61494aa,3674d24f-6e66-5a4f-9f22-eac61fea04c1,e1eb9483-d268-57cf-9b5f-0ef5e1a7fed2,,1,2026-05-04 07:49:00+02:00,2026-05-04 08:00:00+02:00,11,home,Hamburg,,DE,office,Hamburg,,DE,public_transport,single_ticket,,,4.86,2.9,2.9,0.194,False,True,False,False,,0
060a3768-00b4-5a2c-8c19-ce0f3c4af092,02be0910-6d88-5329-9843-7af872f1c2de,e1eb9483-d268-57cf-9b5f-0ef5e1a7fed2,,1,2026-05-04 17:46:00+02:00,2026-05-04 17:57:00+02:00,11,office,Hamburg,,DE,home,Hamburg,,DE,public_transport,single_ticket,,,4.86,2.9,2.9,0.194,False,True,False,False,,0
20e85ddc-44ad-5390-bf7e-24c4cfb7bab6,aae94d0b-ca43-5474-b1d3-a83017d10bc4,e1eb9483-d268-57cf-9b5f-0ef5e1a7fed2,,1,2026-05-05 07:51:00+02:00,2026-05-05 08:00:00+02:00,9,home,Hamburg,,DE,office,Hamburg,,DE,public_transport,single_ticket,,,4.09,2.9,2.9,0.164,False,True,False,False,,0
5db0a893-445c-5779-8e96-68c759314d19,636e1b45-031a-51a5-9f19-e2adf668bb0a,e1eb9483-d268-57cf-9b5f-0ef5e1a7fed2,,1,2026-05-05 17:25:00+02:00,2026-05-05 17:34:00+02:00,9,office,Hamburg,,DE,home,Hamburg,,DE,public_transport,single_ticket,,,4.09,2.9,2.9,0.164,False,True,False,False,,0
be6bb9ab-40ef-555b-8369-cc024d393443,7100afa9-765f-58a2-a113-c7f709b56679,e1eb9483-d268-57cf-9b5f-0ef5e1a7fed2,,1,2026-05-06 07:38:00+02:00,2026-05-06 07:50:00+02:00,12,home,Hamburg,,DE,office,Hamburg,,DE,public_transport,single_ticket,,,5.35,2.9,2.9,0.214,False,True,False,False,,0
1cd269b8-4e74-5ae4-a08a-dc16a8bc9e7e,5ce6eaa2-89af-5aab-8e36-7465735d65ef,e1eb9483-d268-57cf-9b5f-0ef5e1a7fed2,,1,2026-05-06 17:35:00+02:00,2026-05-06 17:47:00+02:00,12,office,Hamburg,,DE,home,Hamburg,,DE,public_transport,single_ticket,,,5.35,2.9,2.9,0.214,False,True,False,False,,0
a0a7703f-18c2-5d77-adb3-baef967284d2,549109bd-4336-5895-930f-27fb97394942,e1eb9483-d268-57cf-9b5f-0ef5e1a7fed2,,1,2026-05-07 07:54:00+02:00,2026-05-07 08:04:00+02:00,10,home,Hamburg,,DE,office,Hamburg,,DE,public_transport,single_ticket,,,4.48,2.9,2.9,0.179,False,True,False,False,,0
a9cd872d-4201-5992-a67b-d40e1d3ff16b,64dfc588-6215-5dc1-b3a2-31799b1b2ed3,e1eb9483-d268-57cf-9b5f-0ef5e1a7fed2,,1,2026-05-07 17:50:00+02:00,2026-05-07 18:00:00+02:00,10,office,Hamburg,,DE,home,Hamburg,,DE,public_transport,single_ticket,,,4.48,2.9,2.9,0.179,False,True,False,False,,0
78c36fdd-c065-5191-80bb-09c6f722f1d2,7989180f-7fd6-59ee-8275-3260b1364072,e1eb9483-d268-57cf-9b5f-0ef5e1a7fed2,,1,2026-05-08 07:41:00+02:00,2026-05-08 07:53:00+02:00,12,home,Hamburg,,DE,office,Hamburg,,DE,public_transport,single_ticket,,,5.43,2.9,2.9,0.217,False,True,False,False,,0
b239020b-eee4-5fc0-9670-ee28abdbdbf2,ae8bb228-3ee3-500b-9fec-5dc0c1df9f2e,e1eb9483-d268-57cf-9b5f-0ef5e1a7fed2,,1,2026-05-08 17:45:00+02:00,2026-05-08 17:57:00+02:00,12,office,Hamburg,,DE,home,Hamburg,,DE,public_transport,single_ticket,,,5.43,2.9,2.9,0.217,False,True,False,False,,0
00d9fc6a-9cce-5f9c-9065-f5b24c92ee50,4d4df51e-e8b0-5687-8ee8-44527da577f9,e1eb9483-d268-57cf-9b5f-0ef5e1a7fed2,,1,2026-05-13 07:50:00+02:00,2026-05-13 08:02:00+02:00,12,home,Hamburg,,DE,office,Hamburg,,DE,public_transport,single_ticket,,,5.55,2.9,2.9,0.222,False,True,False,False,,0
d15a53ed-aebc-5fb9-b600-c94f6e83114f,ae4dd8f5-9785-572d-bc2b-4fc796dbe8cc,e1eb9483-d268-57cf-9b5f-0ef5e1a7fed2,,1,2026-05-13 17:48:00+02:00,2026-05-13 18:00:00+02:00,12,office,Hamburg,,DE,home,Hamburg,,DE,public_transport,single_ticket,,,5.55,2.9,2.9,0.222,False,True,False,False,,0
2ec34f88-0bae-5ff2-8be9-448045fb8c6f,bfa09c5f-2cab-5851-b1c5-e3cc31585ebc,e1eb9483-d268-57cf-9b5f-0ef5e1a7fed2,,1,2026-05-14 07:41:00+02:00,2026-05-14 07:50:00+02:00,9,home,Hamburg,,DE,office,Hamburg,,DE,public_transport,single_ticket,,,4.24,2.9,2.9,0.17,False,True,False,False,,0
418baabb-2086-578c-9e3b-4620cbf149bb,55555e1b-0782-5059-a51e-29a5082bf78b,e1eb9483-d268-57cf-9b5f-0ef5e1a7fed2,,1,2026-05-14 17:48:00+02:00,2026-05-14 17:57:00+02:00,9,office,Hamburg,,DE,home,Hamburg,,DE,public_transport,single_ticket,,,4.24,2.9,2.9,0.17,False,True,False,False,,0
d05ccc8f-9eda-5d65-8a99-3f8171e79149,db889352-1701-58ca-8141-f6c91503b258,e1eb9483-d268-57cf-9b5f-0ef5e1a7fed2,,1,2026-05-15 07:55:00+02:00,2026-05-15 08:05:00+02:00,10,home,Hamburg,,DE,office,Hamburg,,DE,public_transport,single_ticket,,,4.48,2.9,2.9,0.179,False,True,False,False,,0
f29f283f-e603-55f8-b6ad-1de0b7ba34ef,6d775b4c-d660-57cf-b181-691839a066a6,e1eb9483-d268-57cf-9b5f-0ef5e1a7fed2,,1,2026-05-15 17:24:00+02:00,2026-05-15 17:34:00+02:00,10,office,Hamburg,,DE,home,Hamburg,,DE,public_transport,single_ticket,,,4.48,2.9,2.9,0.179,False,True,False,False,,0
88c78de4-13a3-5244-8fa6-48897eaad11a,05708b08-5665-51e5-8f57-4b3224a6d99b,e1eb9483-d268-57cf-9b5f-0ef5e1a7fed2,,1,2026-05-18 07:42:00+02:00,2026-05-18 07:51:00+02:00,9,home,Hamburg,,DE,office,Hamburg,,DE,public_transport,single_ticket,,,4.24,2.9,2.9,0.17,False,True,False,False,,0
13e5f3f1-0354-505d-9ebf-b0b4ac732795,d2c9a958-96fe-59ed-902d-8cdbc26d4c63,e1eb9483-d268-57cf-9b5f-0ef5e1a7fed2,,1,2026-05-18 17:21:00+02:00,2026-05-18 17:30:00+02:00,9,office,Hamburg,,DE,home,Hamburg,,DE,public_transport,single_ticket,,,4.24,2.9,2.9,0.17,False,True,False,False,,0
b6202f09-2e76-560b-ab86-eded72e27e15,23e1d3c9-4648-5559-add4-3923eae4c4af,e1eb9483-d268-57cf-9b5f-0ef5e1a7fed2,,1,2026-05-20 07:50:00+02:00,2026-05-20 07:59:00+02:00,9,home,Hamburg,,DE,office,Hamburg,,DE,public_transport,single_ticket,,,4.1,2.9,2.9,0.164,False,True,False,False,,0
a0a5f87c-5ae0-5f7e-a874-fd7d27ad5619,726f6308-ab48-561b-9571-ea6b1dbc7e2a,e1eb9483-d268-57cf-9b5f-0ef5e1a7fed2,,1,2026-05-20 17:42:00+02:00,2026-05-20 17:51:00+02:00,9,office,Hamburg,,DE,home,Hamburg,,DE,public_transport,single_ticket,,,4.1,2.9,2.9,0.164,False,True,False,False,,0
8a0c761c-9719-51c2-95f7-e96515d332ec,5bb6b3fd-c0eb-5bfd-bf0b-265fd695ea8c,e1eb9483-d268-57cf-9b5f-0ef5e1a7fed2,,1,2026-05-21 07:50:00+02:00,2026-05-21 08:03:00+02:00,13,home,Hamburg,,DE,office,Hamburg,,DE,public_transport,single_ticket,,,5.98,2.9,2.9,0.239,False,True,False,False,,0
b547cd3e-dfbf-5408-9e17-36b2185e97c7,cdb8d044-95ab-58c3-9aa7-a8644fd195ac,e1eb9483-d268-57cf-9b5f-0ef5e1a7fed2,,1,2026-05-21 17:31:00+02:00,2026-05-21 17:44:00+02:00,13,office,Hamburg,,DE,home,Hamburg,,DE,public_transport,single_ticket,,,5.98,2.9,2.9,0.239,False,True,False,False,,0
ab556c62-b185-5023-9366-cffc547338c6,641fbf0f-32b2-5847-8ab0-d986bea254c2,e1eb9483-d268-57cf-9b5f-0ef5e1a7fed2,,1,2026-05-22 07:45:00+02:00,2026-05-22 07:56:00+02:00,11,home,Hamburg,,DE,office,Hamburg,,DE,public_transport,single_ticket,,,4.87,2.9,2.9,0.195,False,True,False,False,,0
353e5b7b-52b5-5af6-b42b-4ac5b1610808,26103e1d-2659-585e-abb6-ab7caf27747f,e1eb9483-d268-57cf-9b5f-0ef5e1a7fed2,,1,2026-05-22 17:33:00+02:00,2026-05-22 17:44:00+02:00,11,office,Hamburg,,DE,home,Hamburg,,DE,public_transport,single_ticket,,,4.87,2.9,2.9,0.195,False,True,False,False,,0
4f1c5a91-10f0-5b79-ab7b-05afbb94581f,31262043-508a-50bf-ac5e-d151fda75091,e1eb9483-d268-57cf-9b5f-0ef5e1a7fed2,,1,2026-05-23 16:00:00+02:00,2026-05-23 16:08:00+02:00,8,home,Hamburg,,DE,harbor front,Hamburg,,DE,public_transport,single_ticket,,,3.5,2.9,2.9,0.14,False,True,False,False,,0
721deff5-166c-55c9-870e-5c6b0767e68d,0be878d6-a53d-50bb-8741-b56b49e66390,e1eb9483-d268-57cf-9b5f-0ef5e1a7fed2,,1,2026-05-25 07:46:00+02:00,2026-05-25 07:59:00+02:00,13,home,Hamburg,,DE,office,Hamburg,,DE,public_transport,single_ticket,,,5.68,2.9,2.9,0.227,False,True,False,False,,0
61965745-f7ad-5e5f-8fc3-a6597aaaa630,6f114f71-6c25-5d9c-a324-829356d17def,e1eb9483-d268-57cf-9b5f-0ef5e1a7fed2,,1,2026-05-25 17:49:00+02:00,2026-05-25 18:02:00+02:00,13,office,Hamburg,,DE,home,Hamburg,,DE,public_transport,single_ticket,,,5.68,2.9,2.9,0.227,False,True,False,False,,0
dc8f78e3-5623-55a7-8e0f-6a5436b535bd,f3c68654-d281-5550-8b09-1b9cf5c5e055,e1eb9483-d268-57cf-9b5f-0ef5e1a7fed2,,1,2026-05-26 07:54:00+02:00,2026-05-26 08:06:00+02:00,12,home,Hamburg,,DE,office,Hamburg,,DE,public_transport,single_ticket,,,5.39,2.9,2.9,0.216,False,True,False,False,,0
b630240b-353b-5e2b-92bc-98b57ad69651,3026c9c1-ab1b-53ee-a4ca-aba4c9040ac6,e1eb9483-d268-57cf-9b5f-0ef5e1a7fed2,,1,2026-05-26 17:22:00+02:00,2026-05-26 17:34:00+02:00,12,office,Hamburg,,DE,home,Hamburg,,DE,public_transport,single_ticket,,,5.39,2.9,2.9,0.216,False,True,False,False,,0
24e52510-e4a8-57a1-b6df-74ef41cbd469,ee20ff5b-2787-5b1e-aa47-dd95861a960f,e1eb9483-d268-57cf-9b5f-0ef5e1a7fed2,,1,2026-05-27 07:45:00+02:00,2026-05-27 07:55:00+02:00,10,home,Hamburg,,DE,office,Hamburg,,DE,public_transport,single_ticket,,,4.41,2.9,2.9,0.176,False,True,False,False,,0
e8a0a3f8-8ee1-5acf-8e6a-1429c0d4dd0a,215796f6-7af7-5708-a324-5b983b9ad23a,e1eb9483-d268-57cf-9b5f-0ef5e1a7fed2,,1,2026-05-27 17:33:00+02:00,2026-05-27 17:43:00+02:00,10,office,Hamburg,,DE,home,Hamburg,,DE,public_transport,single_ticket,,,4.41,2.9,2.9,0.176,False,True,False,False,,0
c0783845-578a-58ba-b5b3-63cb79309efc,79b1fe6a-589b-57a2-83a0-708574445c20,e1eb9483-d268-57cf-9b5f-0ef5e1a7fed2,,1,2026-05-28 07:52:00+02:00,2026-05-28 08:02:00+02:00,10,home,Hamburg,,DE,office,Hamburg,,DE,public_transport,single_ticket,,,4.46,2.9,2.9,0.178,False,True,False,False,,0
1e60765d-0cb0-5a8d-ad73-ede15528293f,181a1d13-fe4d-5c09-9fb4-ca0efe06bb44,e1eb9483-d268-57cf-9b5f-0ef5e1a7fed2,,1,2026-05-28 17:31:00+02:00,2026-05-28 17:41:00+02:00,10,office,Hamburg,,DE,home,Hamburg,,DE,public_transport,single_ticket,,,4.46,2.9,2.9,0.178,False,True,False,False,,0
8afdba10-11e8-553d-ae76-07bc05f15220,aeba18f7-8cbf-51c5-8b8a-b3714671a2ea,e1eb9483-d268-57cf-9b5f-0ef5e1a7fed2,,1,2026-05-29 07:36:00+02:00,2026-05-29 07:45:00+02:00,9,home,Hamburg,,DE,office,Hamburg,,DE,public_transport,single_ticket,,,4.16,2.9,2.9,0.166,False,True,False,False,,0
2b7be39d-4b1c-5031-bfe6-eb6efc9b88ab,f80668c0-d4de-5a8d-88eb-fee2c745d2f6,e1eb9483-d268-57cf-9b5f-0ef5e1a7fed2,,1,2026-05-29 17:29:00+02:00,2026-05-29 17:38:00+02:00,9,office,Hamburg,,DE,home,Hamburg,,DE,public_transport,single_ticket,,,4.16,2.9,2.9,0.166,False,True,False,False,,0
d992ba97-e504-5a33-9eed-01fc6c74081f,dc34a962-c0ea-54ac-bcec-898163ad537a,e1eb9483-d268-57cf-9b5f-0ef5e1a7fed2,,1,2026-05-30 15:00:00+02:00,2026-05-30 15:13:00+02:00,13,home,Hamburg,,DE,shopping street,Hamburg,,DE,public_transport,single_ticket,,,5.96,2.9,2.9,0.238,False,True,False,False,,0
bfabe6fe-d052-5f77-a782-dda49c610dde,05aee494-d8a9-576c-8780-2d0f4e47cb59,e1eb9483-d268-57cf-9b5f-0ef5e1a7fed2,,1,2026-05-31 17:00:00+02:00,2026-05-31 17:09:00+02:00,9,home,Hamburg,,DE,shopping street,Hamburg,,DE,public_transport,single_ticket,,,4.1,2.9,2.9,0.164,False,True,False,False,,0
b27a1768-413f-5ad1-855c-e76ff6e35ff3,dadcbc89-ebd1-535c-b462-b2b47c1e9da9,e1eb9483-d268-57cf-9b5f-0ef5e1a7fed2,,1,2026-06-01 07:41:00+02:00,2026-06-01 07:51:00+02:00,10,home,Hamburg,,DE,office,Hamburg,,DE,public_transport,single_ticket,,,4.39,2.9,2.9,0.176,False,True,False,False,,0
4d30d98b-16f8-5780-99e1-bdb1247f21db,1d791903-2374-556e-961a-ec985cbdd5d3,e1eb9483-d268-57cf-9b5f-0ef5e1a7fed2,,1,2026-06-01 17:18:00+02:00,2026-06-01 17:28:00+02:00,10,office,Hamburg,,DE,home,Hamburg,,DE,public_transport,single_ticket,,,4.39,2.9,2.9,0.176,False,True,False,False,,0
428b69b3-38e0-5b35-8427-324ff40287d3,76199de3-64df-59d8-bcbc-64ad04d51758,e1eb9483-d268-57cf-9b5f-0ef5e1a7fed2,,1,2026-06-02 07:46:00+02:00,2026-06-02 07:57:00+02:00,11,home,Hamburg,,DE,office,Hamburg,,DE,public_transport,single_ticket,,,4.79,2.9,2.9,0.192,False,True,False,False,,0
3e1e8062-680c-58a2-9883-dd09c6848645,40dd3920-bb1e-5890-9be0-acee80bcd04d,e1eb9483-d268-57cf-9b5f-0ef5e1a7fed2,,1,2026-06-02 17:38:00+02:00,2026-06-02 17:49:00+02:00,11,office,Hamburg,,DE,home,Hamburg,,DE,public_transport,single_ticket,,,4.79,2.9,2.9,0.192,False,True,False,False,,0
d0322d97-e9e3-50e3-9019-7bba36c308aa,1975cb1e-72e5-53b8-b301-42a4d88106b3,e1eb9483-d268-57cf-9b5f-0ef5e1a7fed2,,1,2026-06-03 07:51:00+02:00,2026-06-03 08:03:00+02:00,12,home,Hamburg,,DE,office,Hamburg,,DE,public_transport,single_ticket,,,5.39,2.9,2.9,0.216,False,True,False,False,,0
410851d8-ebe6-536a-9cb2-bf9d53d57bad,e44f208c-03ca-52bb-9366-172bf3c58540,e1eb9483-d268-57cf-9b5f-0ef5e1a7fed2,,1,2026-06-03 17:34:00+02:00,2026-06-03 17:46:00+02:00,12,office,Hamburg,,DE,home,Hamburg,,DE,public_transport,single_ticket,,,5.39,2.9,2.9,0.216,False,True,False,False,,0
8db9827d-3085-55b5-9805-287d6885c043,72a776c1-57ae-59e9-919f-dac8cbb91e1d,e1eb9483-d268-57cf-9b5f-0ef5e1a7fed2,,1,2026-06-04 07:55:00+02:00,2026-06-04 08:05:00+02:00,10,home,Hamburg,,DE,office,Hamburg,,DE,public_transport,single_ticket,,,4.37,2.9,2.9,0.175,False,True,False,False,,0
d0e97f61-06ca-57f4-a7ed-3b0795a6eaf4,d7585c2b-00e9-510c-adec-40afeb36188b,e1eb9483-d268-57cf-9b5f-0ef5e1a7fed2,,1,2026-06-04 17:32:00+02:00,2026-06-04 17:42:00+02:00,10,office,Hamburg,,DE,home,Hamburg,,DE,public_transport,single_ticket,,,4.37,2.9,2.9,0.175,False,True,False,False,,0
86a3c813-45f6-570c-b067-1b1d41327424,1b3d7ee3-eb13-5011-9a94-57c4c5d5b12e,e1eb9483-d268-57cf-9b5f-0ef5e1a7fed2,,1,2026-06-08 07:47:00+02:00,2026-06-08 07:56:00+02:00,9,home,Hamburg,,DE,office,Hamburg,,DE,public_transport,single_ticket,,,4.08,2.9,2.9,0.163,False,True,False,False,,0
eb905c36-e678-5f33-8118-64c1aa26d07a,826f5a51-64b9-5ef8-844d-3c07e1462b54,e1eb9483-d268-57cf-9b5f-0ef5e1a7fed2,,1,2026-06-08 17:44:00+02:00,2026-06-08 17:53:00+02:00,9,office,Hamburg,,DE,home,Hamburg,,DE,public_transport,single_ticket,,,4.08,2.9,2.9,0.163,False,True,False,False,,0
58693633-2398-53d0-9164-3970276c478b,35ad9b90-d066-5be3-896e-f17f054af207,e1eb9483-d268-57cf-9b5f-0ef5e1a7fed2,,1,2026-06-09 07:55:00+02:00,2026-06-09 08:08:00+02:00,13,home,Hamburg,,DE,office,Hamburg,,DE,public_transport,single_ticket,,,5.63,2.9,2.9,0.225,False,True,False,False,,0
90826ad5-77cc-5aa5-a295-8f04b720a10f,b35d551e-ca40-5e5d-a348-a0b0e45773d1,e1eb9483-d268-57cf-9b5f-0ef5e1a7fed2,,1,2026-06-09 17:49:00+02:00,2026-06-09 18:02:00+02:00,13,office,Hamburg,,DE,home,Hamburg,,DE,public_transport,single_ticket,,,5.63,2.9,2.9,0.225,False,True,False,False,,0
3b36675b-3b18-5558-9547-e00ea14ad490,6e8b5a86-2c38-5105-9de5-4eb33d5492f1,e1eb9483-d268-57cf-9b5f-0ef5e1a7fed2,,1,2026-06-10 07:48:00+02:00,2026-06-10 08:01:00+02:00,13,home,Hamburg,,DE,office,Hamburg,,DE,public_transport,single_ticket,,,5.86,2.9,2.9,0.234,False,True,False,False,,0
7fc6d34d-b925-5537-a6f3-cf87fde7bb5f,58d6aef0-5df5-5f74-afc5-1b6b30227ff9,e1eb9483-d268-57cf-9b5f-0ef5e1a7fed2,,1,2026-06-10 17:38:00+02:00,2026-06-10 17:51:00+02:00,13,office,Hamburg,,DE,home,Hamburg,,DE,public_transport,single_ticket,,,5.86,2.9,2.9,0.234,False,True,False,False,,0
1a7268cb-e898-532c-b419-25a8c2ca7d9c,e9adf457-12f2-59c3-8c58-fdd7b51876a1,e1eb9483-d268-57cf-9b5f-0ef5e1a7fed2,,1,2026-06-11 07:38:00+02:00,2026-06-11 07:49:00+02:00,11,home,Hamburg,,DE,office,Hamburg,,DE,public_transport,single_ticket,,,5.15,2.9,2.9,0.206,False,True,False,False,,0
cb9f3483-71ad-5e57-ae51-8e1c3d4961f8,66c7cba3-47aa-532c-8548-036557e5ff20,e1eb9483-d268-57cf-9b5f-0ef5e1a7fed2,,1,2026-06-11 17:19:00+02:00,2026-06-11 17:30:00+02:00,11,office,Hamburg,,DE,home,Hamburg,,DE,public_transport,single_ticket,,,5.15,2.9,2.9,0.206,False,True,False,False,,0
6723a0ba-7343-59c5-b13f-e8e1a7a6ef33,889a55ba-4240-5aef-a847-24fc04cd459c,e1eb9483-d268-57cf-9b5f-0ef5e1a7fed2,,1,2026-06-14 12:00:00+02:00,2026-06-14 12:08:00+02:00,8,home,Hamburg,,DE,shopping street,Hamburg,,DE,public_transport,single_ticket,,,3.41,2.9,2.9,0.136,False,True,False,False,,0
9b88c2e2-7c15-5d6d-b05c-5089c3feab98,c277d410-e721-5ec6-aae7-436da7bcd3f1,e1eb9483-d268-57cf-9b5f-0ef5e1a7fed2,,1,2026-06-15 07:43:00+02:00,2026-06-15 07:53:00+02:00,10,home,Hamburg,,DE,office,Hamburg,,DE,public_transport,single_ticket,,,4.34,2.9,2.9,0.174,False,True,False,False,,0
f957b35e-c692-5ece-b221-96ce3b0f716f,dba7b8fe-0f06-56c5-a864-0b98eb4d2056,e1eb9483-d268-57cf-9b5f-0ef5e1a7fed2,,1,2026-06-15 17:42:00+02:00,2026-06-15 17:52:00+02:00,10,office,Hamburg,,DE,home,Hamburg,,DE,public_transport,single_ticket,,,4.34,2.9,2.9,0.174,False,True,False,False,,0
896b6388-20ea-51ef-8141-bfe355f5fe63,08a284eb-f07b-520d-be05-7b72b23ac380,e1eb9483-d268-57cf-9b5f-0ef5e1a7fed2,,1,2026-06-16 07:39:00+02:00,2026-06-16 07:50:00+02:00,11,home,Hamburg,,DE,office,Hamburg,,DE,public_transport,single_ticket,,,5.13,2.9,2.9,0.205,False,True,False,False,,0
b7e53512-f4cb-57a4-a425-8336b7ad4e61,c073be3d-6ef4-5af6-9446-eed312fb3d12,e1eb9483-d268-57cf-9b5f-0ef5e1a7fed2,,1,2026-06-16 17:36:00+02:00,2026-06-16 17:47:00+02:00,11,office,Hamburg,,DE,home,Hamburg,,DE,public_transport,single_ticket,,,5.13,2.9,2.9,0.205,False,True,False,False,,0
30d9f994-145e-595c-b866-efe386233785,29e21b66-d1ea-5a8d-832c-ad24dc8efed9,e1eb9483-d268-57cf-9b5f-0ef5e1a7fed2,,1,2026-06-17 07:54:00+02:00,2026-06-17 08:06:00+02:00,12,home,Hamburg,,DE,office,Hamburg,,DE,public_transport,single_ticket,,,5.52,2.9,2.9,0.221,False,True,False,False,,0
64826903-0c19-57df-b814-bada955f11ba,dbd35509-562c-57f5-afd1-32cd6a4bee02,e1eb9483-d268-57cf-9b5f-0ef5e1a7fed2,,1,2026-06-17 17:23:00+02:00,2026-06-17 17:35:00+02:00,12,office,Hamburg,,DE,home,Hamburg,,DE,public_transport,single_ticket,,,5.52,2.9,2.9,0.221,False,True,False,False,,0
5164f5ea-faff-5bbb-8c8b-cb91d9481ba7,aa394d06-1dd1-5ed0-9eb6-c0c340038f33,e1eb9483-d268-57cf-9b5f-0ef5e1a7fed2,,1,2026-06-20 11:00:00+02:00,2026-06-20 11:07:00+02:00,7,home,Hamburg,,DE,shopping street,Hamburg,,DE,public_transport,single_ticket,,,3.1,2.9,2.9,0.124,False,True,False,False,,0
ff219c76-48ec-5f21-948a-11e3d80ed3d6,8fb92076-e917-5977-bef9-56b63132ac16,e1eb9483-d268-57cf-9b5f-0ef5e1a7fed2,,1,2026-06-21 13:00:00+02:00,2026-06-21 13:11:00+02:00,11,home,Hamburg,,DE,shopping street,Hamburg,,DE,public_transport,single_ticket,,,4.79,2.9,2.9,0.192,False,True,False,False,,0
8497a5d1-e1f8-54f6-9275-32faff21d4c6,41fc049e-0abf-586e-82ed-41f579f681f1,e1eb9483-d268-57cf-9b5f-0ef5e1a7fed2,,1,2026-06-22 07:46:00+02:00,2026-06-22 07:59:00+02:00,13,home,Hamburg,,DE,office,Hamburg,,DE,public_transport,single_ticket,,,5.67,2.9,2.9,0.227,False,True,False,False,,0
f3199de9-0285-5ebd-994c-dcf3eac53670,25827c20-8d26-5f26-b223-88f8019b01c8,e1eb9483-d268-57cf-9b5f-0ef5e1a7fed2,,1,2026-06-22 17:29:00+02:00,2026-06-22 17:42:00+02:00,13,office,Hamburg,,DE,home,Hamburg,,DE,public_transport,single_ticket,,,5.67,2.9,2.9,0.227,False,True,False,False,,0
a6a641a0-8444-5521-9bd7-0995fd399c87,592edf93-42b6-582b-bc02-0f0972a8f48e,e1eb9483-d268-57cf-9b5f-0ef5e1a7fed2,,1,2026-06-23 07:47:00+02:00,2026-06-23 07:58:00+02:00,11,home,Hamburg,,DE,office,Hamburg,,DE,public_transport,single_ticket,,,4.84,2.9,2.9,0.194,False,True,False,False,,0
ac2e023b-a0b0-56d3-b54b-c3a5708a832c,be1171c6-9388-5684-8d45-2d809a2f1e0a,e1eb9483-d268-57cf-9b5f-0ef5e1a7fed2,,1,2026-06-23 17:17:00+02:00,2026-06-23 17:28:00+02:00,11,office,Hamburg,,DE,home,Hamburg,,DE,public_transport,single_ticket,,,4.84,2.9,2.9,0.194,False,True,False,False,,0
225fefa8-b050-5c8f-8754-5f3ba0cf1347,4b4f0ffa-4cf2-5e86-9fcd-8b53eac04f82,e1eb9483-d268-57cf-9b5f-0ef5e1a7fed2,,1,2026-06-24 07:47:00+02:00,2026-06-24 07:56:00+02:00,9,home,Hamburg,,DE,office,Hamburg,,DE,public_transport,single_ticket,,,4.18,2.9,2.9,0.167,False,True,False,False,,0
1c0a6b55-3cd6-55ed-945e-b03d46536d23,b0cbd590-a39f-59d5-9b53-a38a0d8ec5d6,e1eb9483-d268-57cf-9b5f-0ef5e1a7fed2,,1,2026-06-24 17:20:00+02:00,2026-06-24 17:29:00+02:00,9,office,Hamburg,,DE,home,Hamburg,,DE,public_transport,single_ticket,,,4.18,2.9,2.9,0.167,False,True,False,False,,0
330e09d7-2524-574e-8a61-25cc5541bc13,76b73a39-83a6-5561-9e9a-e4a8008d8c12,e1eb9483-d268-57cf-9b5f-0ef5e1a7fed2,,1,2026-06-25 07:36:00+02:00,2026-06-25 07:45:00+02:00,9,home,Hamburg,,DE,office,Hamburg,,DE,public_transport,single_ticket,,,4.07,2.9,2.9,0.163,False,True,False,False,,0
1b46aa09-28f5-59d4-8c03-a44848442f63,2001d0a0-f4f7-57fa-a57f-cb74d85c20eb,e1eb9483-d268-57cf-9b5f-0ef5e1a7fed2,,1,2026-06-25 17:45:00+02:00,2026-06-25 17:54:00+02:00,9,office,Hamburg,,DE,home,Hamburg,,DE,public_transport,single_ticket,,,4.07,2.9,2.9,0.163,False,True,False,False,,0
53f7efdb-afa5-541f-9257-757c438f4874,843657cb-2d8b-5285-9a0b-d8b48cc5476e,e1eb9483-d268-57cf-9b5f-0ef5e1a7fed2,,1,2026-06-26 07:37:00+02:00,2026-06-26 07:46:00+02:00,9,home,Hamburg,,DE,office,Hamburg,,DE,public_transport,single_ticket,,,4.25,2.9,2.9,0.17,False,True,False,False,,0
bd217316-cf6f-5bbb-8e36-422a18391fe4,e13c9ab1-5135-5c64-95da-760e9725d67f,e1eb9483-d268-57cf-9b5f-0ef5e1a7fed2,,1,2026-06-26 17:33:00+02:00,2026-06-26 17:42:00+02:00,9,office,Hamburg,,DE,home,Hamburg,,DE,public_transport,single_ticket,,,4.25,2.9,2.9,0.17,False,True,False,False,,0
20f856dc-be79-52b9-ad62-4f379b4a386c,0e096b73-589c-5631-a834-2744e2be91df,e1eb9483-d268-57cf-9b5f-0ef5e1a7fed2,,1,2026-06-28 14:00:00+02:00,2026-06-28 14:09:00+02:00,9,home,Hamburg,,DE,shopping street,Hamburg,,DE,public_transport,single_ticket,,,4.06,2.9,2.9,0.162,False,True,False,False,,0
7a6dbc2f-7b09-5151-8e7b-836a259f640c,10732376-7057-56ef-9137-dcf8a6c161d1,e1eb9483-d268-57cf-9b5f-0ef5e1a7fed2,,1,2026-06-29 07:52:00+02:00,2026-06-29 08:02:00+02:00,10,home,Hamburg,,DE,office,Hamburg,,DE,public_transport,single_ticket,,,4.31,2.9,2.9,0.172,False,True,False,False,,0
e250188f-40b1-5e76-a9e3-d932166c5986,eef05d80-bba2-5161-9455-cf86858b1cf7,e1eb9483-d268-57cf-9b5f-0ef5e1a7fed2,,1,2026-06-29 17:30:00+02:00,2026-06-29 17:40:00+02:00,10,office,Hamburg,,DE,home,Hamburg,,DE,public_transport,single_ticket,,,4.31,2.9,2.9,0.172,False,True,False,False,,0
3854c41d-1661-5c49-a0eb-0ecb61135e81,abfb7ed0-0da5-5941-86e5-77d15f6eda28,e1eb9483-d268-57cf-9b5f-0ef5e1a7fed2,,1,2026-06-30 07:50:00+02:00,2026-06-30 08:02:00+02:00,12,home,Hamburg,,DE,office,Hamburg,,DE,public_transport,single_ticket,,,5.36,2.9,2.9,0.214,False,True,False,False,,0
c2b73748-186a-5095-8cc8-f3ccaaf7a391,82af8475-b575-5ec7-b429-25acc6bd9c96,e1eb9483-d268-57cf-9b5f-0ef5e1a7fed2,,1,2026-06-30 17:18:00+02:00,2026-06-30 17:30:00+02:00,12,office,Hamburg,,DE,home,Hamburg,,DE,public_transport,single_ticket,,,5.36,2.9,2.9,0.214,False,True,False,False,,0
9076c6fb-4167-5fa5-a29a-4ac91a36df2f,c3b4f5d5-4d4d-5ca4-9e0c-39ee2602d96a,e1eb9483-d268-57cf-9b5f-0ef5e1a7fed2,,1,2025-09-14 09:20:00+02:00,2025-09-14 10:30:00+02:00,70,home,Hamburg,,DE,parents' home,Lüneburg,,DE,regional_train,pay-as-you-go,,,56.37,13.77,13.77,1.973,False,True,False,False,,0
d716b211-ee74-53c9-b9fa-43166c4b55b4,aa49efbd-8863-570b-b24d-4b35f041c22c,e1eb9483-d268-57cf-9b5f-0ef5e1a7fed2,,1,2025-09-14 19:00:00+02:00,2025-09-14 20:10:00+02:00,70,parents' home,Lüneburg,,DE,home,Hamburg,,DE,regional_train,pay-as-you-go,,,56.37,13.77,13.77,1.973,False,True,False,False,,0
75910511-7719-5cac-86d1-4af776db88da,3734fe81-6e79-533d-afc9-86cf5e96b885,e1eb9483-d268-57cf-9b5f-0ef5e1a7fed2,,1,2025-10-12 09:14:00+02:00,2025-10-12 10:25:00+02:00,71,home,Hamburg,,DE,parents' home,Lüneburg,,DE,regional_train,pay-as-you-go,,,57.01,13.9,13.9,1.995,False,True,False,False,,0
32b415cf-fe4d-5a48-a1b6-8e79c0bc1380,e5cc84fb-8d0b-54a8-b64a-f317a7f45107,e1eb9483-d268-57cf-9b5f-0ef5e1a7fed2,,1,2025-10-12 19:11:00+02:00,2025-10-12 20:22:00+02:00,71,parents' home,Lüneburg,,DE,home,Hamburg,,DE,regional_train,pay-as-you-go,,,57.01,13.9,13.9,1.995,False,True,False,False,,0
102a99f4-4838-5084-8afe-b8c81cd69738,bdaffb36-01bf-55a4-9672-b2c0ee8f54bb,e1eb9483-d268-57cf-9b5f-0ef5e1a7fed2,,1,2025-10-26 09:28:00+02:00,2025-10-26 10:34:00+02:00,66,home,Hamburg,,DE,parents' home,Lüneburg,,DE,regional_train,pay-as-you-go,,,52.59,13.02,13.02,1.841,False,True,False,False,,0
12da0e46-9f03-53e2-9634-d3dfd99a9834,7f664136-b736-5a85-97ec-56c0ddcb5b47,e1eb9483-d268-57cf-9b5f-0ef5e1a7fed2,,1,2025-10-26 19:00:00+02:00,2025-10-26 20:06:00+02:00,66,parents' home,Lüneburg,,DE,home,Hamburg,,DE,regional_train,pay-as-you-go,,,52.59,13.02,13.02,1.841,False,True,False,False,,0
be68fd37-171a-5f78-a014-4e099ea6dd00,6dc1b48e-fe55-5195-8919-9193e7c36965,e1eb9483-d268-57cf-9b5f-0ef5e1a7fed2,,1,2025-11-09 09:22:00+01:00,2025-11-09 10:33:00+01:00,71,home,Hamburg,,DE,parents' home,Lüneburg,,DE,regional_train,pay-as-you-go,,,56.91,13.88,13.88,1.992,False,True,False,False,,0
0f8bb61f-f12f-5970-9003-cac80caf8ac1,1f9a62c1-b639-56b0-85ed-c555bb7d9a3b,e1eb9483-d268-57cf-9b5f-0ef5e1a7fed2,,1,2025-11-09 19:15:00+01:00,2025-11-09 20:26:00+01:00,71,parents' home,Lüneburg,,DE,home,Hamburg,,DE,regional_train,pay-as-you-go,,,56.91,13.88,13.88,1.992,False,True,False,False,,0
14687148-0ebc-54d6-ab8f-9fa116c2246c,4a8890cb-8309-519b-a1ce-7ba94f45c43d,e1eb9483-d268-57cf-9b5f-0ef5e1a7fed2,,1,2025-11-23 09:18:00+01:00,2025-11-23 10:26:00+01:00,68,home,Hamburg,,DE,parents' home,Lüneburg,,DE,regional_train,pay-as-you-go,,,54.56,13.41,13.41,1.91,False,True,False,False,,0
890785f0-9c33-5a7c-ada3-654437cbdba6,6c63c5ed-3372-53ca-86bd-4406a9d42421,e1eb9483-d268-57cf-9b5f-0ef5e1a7fed2,,1,2025-11-23 19:24:00+01:00,2025-11-23 20:32:00+01:00,68,parents' home,Lüneburg,,DE,home,Hamburg,,DE,regional_train,pay-as-you-go,,,54.56,13.41,13.41,1.91,False,True,False,False,,0
a09a8080-d801-5b09-999c-5b125e3a1752,13c32806-d209-59f1-a3a7-6218ef6a3fc5,e1eb9483-d268-57cf-9b5f-0ef5e1a7fed2,,1,2025-12-07 09:12:00+01:00,2025-12-07 10:23:00+01:00,71,home,Hamburg,,DE,parents' home,Lüneburg,,DE,regional_train,pay-as-you-go,,,57.14,13.93,13.93,2.0,False,True,False,False,,0
5b532b59-41bf-5e44-8627-945e5ba6c972,af1fcb43-d067-59bd-9dc8-21847973f6f1,e1eb9483-d268-57cf-9b5f-0ef5e1a7fed2,,1,2025-12-07 19:10:00+01:00,2025-12-07 20:21:00+01:00,71,parents' home,Lüneburg,,DE,home,Hamburg,,DE,regional_train,pay-as-you-go,,,57.14,13.93,13.93,2.0,False,True,False,False,,0
15deaa05-4801-540f-a7a4-1e9078c2ad1d,5d2cb593-6dea-588e-acfb-2a8be6258ab4,e1eb9483-d268-57cf-9b5f-0ef5e1a7fed2,,1,2026-01-18 09:18:00+01:00,2026-01-18 10:23:00+01:00,65,home,Hamburg,,DE,parents' home,Lüneburg,,DE,regional_train,pay-as-you-go,,,52.34,12.97,12.97,1.832,False,True,False,False,,0
bde65ce8-2bdb-579c-8c44-7074c1e9c601,0499d010-bf61-5297-8e8a-c698fd2eef50,e1eb9483-d268-57cf-9b5f-0ef5e1a7fed2,,1,2026-01-18 19:19:00+01:00,2026-01-18 20:24:00+01:00,65,parents' home,Lüneburg,,DE,home,Hamburg,,DE,regional_train,pay-as-you-go,,,52.34,12.97,12.97,1.832,False,True,False,False,,0
118c838f-337a-5cd2-98a9-e9987a135b26,d7eed2b2-001d-5952-8f35-c9b2151be3f9,e1eb9483-d268-57cf-9b5f-0ef5e1a7fed2,,1,2026-02-15 09:02:00+01:00,2026-02-15 10:10:00+01:00,68,home,Hamburg,,DE,parents' home,Lüneburg,,DE,regional_train,pay-as-you-go,,,54.27,13.35,13.35,1.899,False,True,False,False,,0
5e2161d1-bab0-55fd-94ae-0dc03fab86d8,bfaf9877-353a-5f80-be29-df5ba375646b,e1eb9483-d268-57cf-9b5f-0ef5e1a7fed2,,1,2026-02-15 19:22:00+01:00,2026-02-15 20:30:00+01:00,68,parents' home,Lüneburg,,DE,home,Hamburg,,DE,regional_train,pay-as-you-go,,,54.27,13.35,13.35,1.899,False,True,False,False,,0
27a519de-854a-5108-92d0-174a57469bc0,cc1584ff-807f-5c2c-8cbb-b71ae3222c91,e1eb9483-d268-57cf-9b5f-0ef5e1a7fed2,,1,2026-03-01 09:23:00+02:00,2026-03-01 10:29:00+02:00,66,home,Hamburg,,DE,parents' home,Lüneburg,,DE,regional_train,pay-as-you-go,,,52.8,13.06,13.06,1.848,False,True,False,False,,0
6dd505b1-e5dd-5042-b588-31ebf0aeba84,c848e342-5281-586e-9a6d-9eed5793b92f,e1eb9483-d268-57cf-9b5f-0ef5e1a7fed2,,1,2026-03-01 19:10:00+02:00,2026-03-01 20:16:00+02:00,66,parents' home,Lüneburg,,DE,home,Hamburg,,DE,regional_train,pay-as-you-go,,,52.8,13.06,13.06,1.848,False,True,False,False,,0
f94477d7-2255-5f6e-93f0-04847be9b6fc,8eb2da8e-26e5-5bfd-8b6b-7ef24784a507,e1eb9483-d268-57cf-9b5f-0ef5e1a7fed2,,1,2026-03-15 09:07:00+02:00,2026-03-15 10:17:00+02:00,70,home,Hamburg,,DE,parents' home,Lüneburg,,DE,regional_train,pay-as-you-go,,,55.79,13.66,13.66,1.953,False,True,False,False,,0
32504ce7-3f14-585e-9484-2f94981b6a99,a2e1c208-31f8-5a77-a319-da7c7ee7ce65,e1eb9483-d268-57cf-9b5f-0ef5e1a7fed2,,1,2026-03-15 19:10:00+02:00,2026-03-15 20:20:00+02:00,70,parents' home,Lüneburg,,DE,home,Hamburg,,DE,regional_train,pay-as-you-go,,,55.79,13.66,13.66,1.953,False,True,False,False,,0
fc58a69a-3aa9-5e1e-8114-e6bc8a8a1daa,b21f2260-fafe-5cd6-bd28-8aba8e44e260,e1eb9483-d268-57cf-9b5f-0ef5e1a7fed2,,1,2026-03-29 09:02:00+02:00,2026-03-29 10:11:00+02:00,69,home,Hamburg,,DE,parents' home,Lüneburg,,DE,regional_train,pay-as-you-go,,,54.96,13.49,13.49,1.924,False,True,False,False,,0
2b35cc67-66b7-56d4-a3bf-9c2e93cf97dd,ea8a54f8-47cf-5969-a9b7-878e6ec19f8d,e1eb9483-d268-57cf-9b5f-0ef5e1a7fed2,,1,2026-03-29 19:24:00+02:00,2026-03-29 20:33:00+02:00,69,parents' home,Lüneburg,,DE,home,Hamburg,,DE,regional_train,pay-as-you-go,,,54.96,13.49,13.49,1.924,False,True,False,False,,0
7b81eb20-dc56-5246-b169-66338080ecbd,f67d7486-f2f0-58a3-b443-3c47603c7ba5,e1eb9483-d268-57cf-9b5f-0ef5e1a7fed2,,1,2026-04-12 09:10:00+02:00,2026-04-12 10:18:00+02:00,68,home,Hamburg,,DE,parents' home,Lüneburg,,DE,regional_train,pay-as-you-go,,,54.51,13.4,13.4,1.908,False,True,False,False,,0
858add97-9463-5a3b-91aa-f04d3f86d6f8,8b89c097-953b-5340-b01a-f0d1d8418107,e1eb9483-d268-57cf-9b5f-0ef5e1a7fed2,,1,2026-04-12 19:28:00+02:00,2026-04-12 20:36:00+02:00,68,parents' home,Lüneburg,,DE,home,Hamburg,,DE,regional_train,pay-as-you-go,,,54.51,13.4,13.4,1.908,False,True,False,False,,0
014b4744-159e-55ef-9a7a-469ebd742fc6,30e43c68-be08-5ef6-a7fa-5f92a03a35d9,e1eb9483-d268-57cf-9b5f-0ef5e1a7fed2,,1,2026-04-26 09:11:00+02:00,2026-04-26 10:17:00+02:00,66,home,Hamburg,,DE,parents' home,Lüneburg,,DE,regional_train,pay-as-you-go,,,52.63,13.03,13.03,1.842,False,True,False,False,,0
720ee51d-276b-59f8-82a3-755854f023ce,50baa31a-bd73-5eab-920b-864b00eb1e14,e1eb9483-d268-57cf-9b5f-0ef5e1a7fed2,,1,2026-04-26 19:19:00+02:00,2026-04-26 20:25:00+02:00,66,parents' home,Lüneburg,,DE,home,Hamburg,,DE,regional_train,pay-as-you-go,,,52.63,13.03,13.03,1.842,False,True,False,False,,0
f8ab8958-ab10-5bd5-8f2b-454b2a1fd543,afdbce22-d258-59c6-aa8c-12abe6525756,e1eb9483-d268-57cf-9b5f-0ef5e1a7fed2,,1,2026-05-10 09:02:00+02:00,2026-05-10 10:11:00+02:00,69,home,Hamburg,,DE,parents' home,Lüneburg,,DE,regional_train,pay-as-you-go,,,54.89,13.48,13.48,1.921,False,True,False,False,,0
2398b7b3-7a27-5410-8a93-931cea0babbd,b96bf323-40a9-5a12-9895-7b441aed2fc7,e1eb9483-d268-57cf-9b5f-0ef5e1a7fed2,,1,2026-05-10 19:13:00+02:00,2026-05-10 20:22:00+02:00,69,parents' home,Lüneburg,,DE,home,Hamburg,,DE,regional_train,pay-as-you-go,,,54.89,13.48,13.48,1.921,False,True,False,False,,0
eb450ba1-957f-5f57-a4f3-107fb6b22aae,932924c7-0115-55b5-a86e-6278ab0e1269,e1eb9483-d268-57cf-9b5f-0ef5e1a7fed2,,1,2026-05-24 09:01:00+02:00,2026-05-24 10:08:00+02:00,67,home,Hamburg,,DE,parents' home,Lüneburg,,DE,regional_train,pay-as-you-go,,,53.83,13.27,13.27,1.884,False,True,False,False,,0
bf0640b3-22f0-5f64-8553-01615d44e39b,5e92d08f-61e6-59a1-846a-58e97443e906,e1eb9483-d268-57cf-9b5f-0ef5e1a7fed2,,1,2026-05-24 19:01:00+02:00,2026-05-24 20:08:00+02:00,67,parents' home,Lüneburg,,DE,home,Hamburg,,DE,regional_train,pay-as-you-go,,,53.83,13.27,13.27,1.884,False,True,False,False,,0
bc9119a9-9067-5576-82bc-0e4daca34d69,46d6f56f-f56c-5c23-b6e4-82e13f514a10,e1eb9483-d268-57cf-9b5f-0ef5e1a7fed2,,1,2026-06-21 09:20:00+02:00,2026-06-21 10:27:00+02:00,67,home,Hamburg,,DE,parents' home,Lüneburg,,DE,regional_train,pay-as-you-go,,,53.24,13.15,13.15,1.863,False,True,False,False,,0
e7c42cdb-7b7a-5a6c-8940-102fb5226e2c,b0bf8ec2-08e6-567b-a223-c0929137fdc5,e1eb9483-d268-57cf-9b5f-0ef5e1a7fed2,,1,2026-06-21 19:27:00+02:00,2026-06-21 20:34:00+02:00,67,parents' home,Lüneburg,,DE,home,Hamburg,,DE,regional_train,pay-as-you-go,,,53.24,13.15,13.15,1.863,False,True,False,False,,0
09022d5f-0209-53c1-a394-ea5398388e13,3a9b3e7f-b1c9-502f-aead-76056119df26,725be174-ba53-516d-8beb-a4056cbac517,aeb0c2f2-cec7-5729-a0e8-57df5b01b675,1,2025-07-18 08:19:00+02:00,2025-07-18 08:43:00+02:00,24,home,Dresden,,DE,office,Dresden,,DE,regional_train,subscription,,,11.82,0.0,4.86,0.414,False,True,False,False,,0
8bd2b9ce-14b5-5a27-9149-fd9a57caeca6,a23fa1c8-3449-5c14-a5d7-cb3c56af76bf,725be174-ba53-516d-8beb-a4056cbac517,aeb0c2f2-cec7-5729-a0e8-57df5b01b675,1,2025-07-18 16:50:00+02:00,2025-07-18 17:14:00+02:00,24,office,Dresden,,DE,home,Dresden,,DE,regional_train,subscription,,,11.82,0.0,4.86,0.414,False,True,False,False,,0
68574f98-4901-5e1a-a0b6-34e19732da5f,a83ee29c-ce7d-5132-a592-bedad98c761c,725be174-ba53-516d-8beb-a4056cbac517,aeb0c2f2-cec7-5729-a0e8-57df5b01b675,1,2025-07-24 08:00:00+02:00,2025-07-24 08:21:00+02:00,21,home,Dresden,,DE,office,Dresden,,DE,regional_train,subscription,,,10.73,0.0,4.65,0.376,False,True,False,False,,0
47844f19-4ebd-5620-a1a8-054c2ace7cf7,d59cbc1c-7972-580b-a955-4a5222824c82,725be174-ba53-516d-8beb-a4056cbac517,aeb0c2f2-cec7-5729-a0e8-57df5b01b675,1,2025-07-24 16:55:00+02:00,2025-07-24 17:16:00+02:00,21,office,Dresden,,DE,home,Dresden,,DE,regional_train,subscription,,,10.73,0.0,4.65,0.376,False,True,False,False,,0
35a6b5b5-fb0c-5c4d-a129-457d4516e438,8db05e91-9ad9-5409-8680-b5d8a98b3f89,725be174-ba53-516d-8beb-a4056cbac517,aeb0c2f2-cec7-5729-a0e8-57df5b01b675,1,2025-07-25 08:19:00+02:00,2025-07-25 08:39:00+02:00,20,home,Dresden,,DE,office,Dresden,,DE,regional_train,subscription,,,9.97,0.0,4.49,0.349,False,True,False,False,,0
bc042be9-8613-522f-bcdd-4a64c9b2d607,b784c8e8-9478-5114-9a15-6044d371bd05,725be174-ba53-516d-8beb-a4056cbac517,aeb0c2f2-cec7-5729-a0e8-57df5b01b675,1,2025-07-25 16:38:00+02:00,2025-07-25 16:58:00+02:00,20,office,Dresden,,DE,home,Dresden,,DE,regional_train,subscription,,,9.97,0.0,4.49,0.349,False,True,False,False,,0
30bfa6b2-0493-5360-8b26-5b69496e5d7b,5b155bf2-e015-5a24-b5c8-18e4c8efded5,725be174-ba53-516d-8beb-a4056cbac517,aeb0c2f2-cec7-5729-a0e8-57df5b01b675,1,2025-07-28 08:17:00+02:00,2025-07-28 08:36:00+02:00,19,home,Dresden,,DE,office,Dresden,,DE,regional_train,subscription,,,9.45,0.0,4.39,0.331,False,True,False,False,,0
8c61ddee-2201-567c-8c4f-8da5172af11c,336f4f93-8ea6-51b4-ae52-fb9dde5359d6,725be174-ba53-516d-8beb-a4056cbac517,aeb0c2f2-cec7-5729-a0e8-57df5b01b675,1,2025-07-28 16:40:00+02:00,2025-07-28 16:59:00+02:00,19,office,Dresden,,DE,home,Dresden,,DE,regional_train,subscription,,,9.45,0.0,4.39,0.331,False,True,False,False,,0
eabc2bdf-5366-55ed-960c-9ad53e760e3d,748a386b-54ad-5995-835e-e22e9dcc7ed8,725be174-ba53-516d-8beb-a4056cbac517,aeb0c2f2-cec7-5729-a0e8-57df5b01b675,1,2025-08-18 08:05:00+02:00,2025-08-18 08:27:00+02:00,22,home,Dresden,,DE,office,Dresden,,DE,regional_train,subscription,,,10.83,0.0,4.67,0.379,False,True,False,False,,0
a45777d2-835b-5977-8925-9606dc6b41ac,efca4591-9b64-559f-bfd7-6f244aebc0c2,725be174-ba53-516d-8beb-a4056cbac517,aeb0c2f2-cec7-5729-a0e8-57df5b01b675,1,2025-08-18 16:41:00+02:00,2025-08-18 17:03:00+02:00,22,office,Dresden,,DE,home,Dresden,,DE,regional_train,subscription,,,10.83,0.0,4.67,0.379,False,True,False,False,,0
140f8eb3-0e8f-516a-aec1-16044600488f,ebea685d-7b4c-5251-8435-65ed57c6c7c9,725be174-ba53-516d-8beb-a4056cbac517,aeb0c2f2-cec7-5729-a0e8-57df5b01b675,1,2025-08-26 08:21:00+02:00,2025-08-26 08:42:00+02:00,21,home,Dresden,,DE,office,Dresden,,DE,regional_train,subscription,,,10.61,0.0,4.62,0.371,False,True,False,False,,0
e87c828b-3c81-5407-aa01-4ff6da710cc9,974ebc7c-384f-526e-bcdf-9b7b43be4936,725be174-ba53-516d-8beb-a4056cbac517,aeb0c2f2-cec7-5729-a0e8-57df5b01b675,1,2025-08-26 16:43:00+02:00,2025-08-26 17:04:00+02:00,21,office,Dresden,,DE,home,Dresden,,DE,regional_train,subscription,,,10.61,0.0,4.62,0.371,False,True,False,False,,0
04d15b73-d3f0-5bca-aaf6-f10b52f9c3e0,74801864-3472-53ae-80db-f4b207617796,725be174-ba53-516d-8beb-a4056cbac517,aeb0c2f2-cec7-5729-a0e8-57df5b01b675,1,2025-09-06 13:00:00+02:00,2025-09-06 13:08:00+02:00,8,home,Dresden,,DE,city center,Dresden,,DE,public_transport,subscription,,,3.5,0.0,2.9,0.14,False,True,False,False,,0
0a615495-8eb3-5634-af5e-92ae26c9364b,5acf42e8-b119-5599-93a6-64476bdefced,725be174-ba53-516d-8beb-a4056cbac517,aeb0c2f2-cec7-5729-a0e8-57df5b01b675,1,2025-09-12 08:18:00+02:00,2025-09-12 08:40:00+02:00,22,home,Dresden,,DE,office,Dresden,,DE,regional_train,subscription,,,10.81,0.0,4.66,0.378,False,True,False,False,,0
fd7aa6b2-3bdd-5634-b978-8bac731ed65a,17ca03a5-4a3b-5cf2-9b02-a6b24619d8b2,725be174-ba53-516d-8beb-a4056cbac517,aeb0c2f2-cec7-5729-a0e8-57df5b01b675,1,2025-09-12 16:51:00+02:00,2025-09-12 17:13:00+02:00,22,office,Dresden,,DE,home,Dresden,,DE,regional_train,subscription,,,10.81,0.0,4.66,0.378,False,True,False,False,,0
b29f0b83-f932-5300-8fc1-85e88723c7f4,e06b3498-f0da-5fa7-827b-da9215f99bd2,725be174-ba53-516d-8beb-a4056cbac517,aeb0c2f2-cec7-5729-a0e8-57df5b01b675,1,2025-09-13 16:00:00+02:00,2025-09-13 16:09:00+02:00,9,home,Dresden,,DE,farmers market,Dresden,,DE,public_transport,subscription,,,3.89,0.0,2.9,0.156,False,True,False,False,,0
7d726cbc-75d6-5698-8c24-0a05ed67bf69,bb0da613-9fdc-568b-90e6-a95170c8572c,725be174-ba53-516d-8beb-a4056cbac517,aeb0c2f2-cec7-5729-a0e8-57df5b01b675,1,2025-09-19 08:10:00+02:00,2025-09-19 08:29:00+02:00,19,home,Dresden,,DE,office,Dresden,,DE,regional_train,subscription,,,9.66,0.0,4.43,0.338,False,True,False,False,,0
0551381e-fd24-53a0-8dd4-54ad1b3d58e5,12f9aadb-881d-54cd-9a5b-3a734b271911,725be174-ba53-516d-8beb-a4056cbac517,aeb0c2f2-cec7-5729-a0e8-57df5b01b675,1,2025-09-19 16:54:00+02:00,2025-09-19 17:13:00+02:00,19,office,Dresden,,DE,home,Dresden,,DE,regional_train,subscription,,,9.66,0.0,4.43,0.338,False,True,False,False,,0
83c14020-a4ea-5fd0-9486-38addfc6eee7,9cd5b106-8394-55c8-b176-4360611591ad,725be174-ba53-516d-8beb-a4056cbac517,aeb0c2f2-cec7-5729-a0e8-57df5b01b675,1,2025-09-26 08:17:00+02:00,2025-09-26 08:35:00+02:00,18,home,Dresden,,DE,office,Dresden,,DE,regional_train,subscription,,,9.05,0.0,4.31,0.317,False,True,False,False,,0
d941e0f1-bbc2-56d6-9780-15a44f79c971,7fa2fbf2-a197-53f6-9392-e2f0d3072e30,725be174-ba53-516d-8beb-a4056cbac517,aeb0c2f2-cec7-5729-a0e8-57df5b01b675,1,2025-09-26 16:41:00+02:00,2025-09-26 16:59:00+02:00,18,office,Dresden,,DE,home,Dresden,,DE,regional_train,subscription,,,9.05,0.0,4.31,0.317,False,True,False,False,,0
daafdb57-f856-54aa-b468-4390fc738227,ecd6f3ea-c951-5418-ab72-6daba3b8cbd3,725be174-ba53-516d-8beb-a4056cbac517,aeb0c2f2-cec7-5729-a0e8-57df5b01b675,1,2025-09-28 15:00:00+02:00,2025-09-28 15:12:00+02:00,12,home,Dresden,,DE,city center,Dresden,,DE,public_transport,subscription,,,5.42,0.0,2.9,0.217,False,True,False,False,,0
d3208d3a-2546-5ed1-9fb8-b86ddcddc6bb,854da7b5-f340-5052-bbe6-4673e00b7b5f,725be174-ba53-516d-8beb-a4056cbac517,aeb0c2f2-cec7-5729-a0e8-57df5b01b675,1,2025-09-29 08:14:00+02:00,2025-09-29 08:32:00+02:00,18,home,Dresden,,DE,office,Dresden,,DE,regional_train,subscription,,,9.14,0.0,4.33,0.32,False,True,False,False,,0
a0d53eec-61b5-59bd-b032-12f4ae66513a,56c5fade-dd32-56f2-bb3f-2ad1be03cc8b,725be174-ba53-516d-8beb-a4056cbac517,aeb0c2f2-cec7-5729-a0e8-57df5b01b675,1,2025-09-29 16:33:00+02:00,2025-09-29 16:51:00+02:00,18,office,Dresden,,DE,home,Dresden,,DE,regional_train,subscription,,,9.14,0.0,4.33,0.32,False,True,False,False,,0
2b880294-bcf9-5824-be8d-757557df36c8,4adb3dcf-8382-57f0-914a-5eb36fafd8ae,725be174-ba53-516d-8beb-a4056cbac517,aeb0c2f2-cec7-5729-a0e8-57df5b01b675,1,2025-09-30 08:04:00+02:00,2025-09-30 08:24:00+02:00,20,home,Dresden,,DE,office,Dresden,,DE,regional_train,subscription,,,10.1,0.0,4.52,0.354,False,True,False,False,,0
e3a666de-434e-52f4-b60c-5298075bc953,474bee27-c6f2-509c-bb89-cdb222161251,725be174-ba53-516d-8beb-a4056cbac517,aeb0c2f2-cec7-5729-a0e8-57df5b01b675,1,2025-09-30 16:33:00+02:00,2025-09-30 16:53:00+02:00,20,office,Dresden,,DE,home,Dresden,,DE,regional_train,subscription,,,10.1,0.0,4.52,0.354,False,True,False,False,,0
d1ccdc7a-5035-5d12-b0fe-815ed1b47e9c,a6f2d84f-edb2-5d59-a947-36c579789891,725be174-ba53-516d-8beb-a4056cbac517,aeb0c2f2-cec7-5729-a0e8-57df5b01b675,1,2025-10-02 08:08:00+02:00,2025-10-02 08:27:00+02:00,19,home,Dresden,,DE,office,Dresden,,DE,regional_train,subscription,,,9.45,0.0,4.39,0.331,False,True,False,False,,0
18790d14-e1ee-51e0-af52-a292a034377c,889e19d7-b3ed-5068-bca5-4cc4e5ee8a85,725be174-ba53-516d-8beb-a4056cbac517,aeb0c2f2-cec7-5729-a0e8-57df5b01b675,1,2025-10-02 16:50:00+02:00,2025-10-02 17:09:00+02:00,19,office,Dresden,,DE,home,Dresden,,DE,regional_train,subscription,,,9.45,0.0,4.39,0.331,False,True,False,False,,0
20e186dc-dbfd-5630-88d6-f289c68a029b,da17e43b-1b42-5ad2-96e3-e9c2b33d695f,725be174-ba53-516d-8beb-a4056cbac517,aeb0c2f2-cec7-5729-a0e8-57df5b01b675,1,2025-10-03 08:15:00+02:00,2025-10-03 08:35:00+02:00,20,home,Dresden,,DE,office,Dresden,,DE,regional_train,subscription,,,9.79,0.0,4.46,0.343,False,True,False,False,,0
f287fcd9-a9a6-57be-969d-1d9bd3cbb880,517535e2-de2f-564f-9743-14ed2ecc3195,725be174-ba53-516d-8beb-a4056cbac517,aeb0c2f2-cec7-5729-a0e8-57df5b01b675,1,2025-10-03 16:46:00+02:00,2025-10-03 17:06:00+02:00,20,office,Dresden,,DE,home,Dresden,,DE,regional_train,subscription,,,9.79,0.0,4.46,0.343,False,True,False,False,,0
111183e1-5844-5060-a8de-ec54a901b2e9,0ed34dc7-f77d-5233-b2b2-f183c8de9b93,725be174-ba53-516d-8beb-a4056cbac517,aeb0c2f2-cec7-5729-a0e8-57df5b01b675,1,2025-10-06 08:01:00+02:00,2025-10-06 08:22:00+02:00,21,home,Dresden,,DE,office,Dresden,,DE,regional_train,subscription,,,10.58,0.0,4.62,0.37,False,True,False,False,,0
428d4f80-5278-5d5d-9afa-71904e5f27ed,b2bb490b-1293-5201-8e20-7d11a2400eaa,725be174-ba53-516d-8beb-a4056cbac517,aeb0c2f2-cec7-5729-a0e8-57df5b01b675,1,2025-10-06 16:46:00+02:00,2025-10-06 17:07:00+02:00,21,office,Dresden,,DE,home,Dresden,,DE,regional_train,subscription,,,10.58,0.0,4.62,0.37,False,True,False,False,,0
da6f05eb-89db-5772-a4c3-1a6bc9366f3d,910a7916-109c-5e24-a8f0-428aa7017600,725be174-ba53-516d-8beb-a4056cbac517,aeb0c2f2-cec7-5729-a0e8-57df5b01b675,1,2025-10-08 08:18:00+02:00,2025-10-08 08:37:00+02:00,19,home,Dresden,,DE,office,Dresden,,DE,regional_train,subscription,,,9.68,0.0,4.44,0.339,False,True,False,False,,0
6d27d084-fcf3-5f80-afb1-1b160f484bec,82899b03-f1c9-55f4-b414-9ae8967aaa13,725be174-ba53-516d-8beb-a4056cbac517,aeb0c2f2-cec7-5729-a0e8-57df5b01b675,1,2025-10-08 16:55:00+02:00,2025-10-08 17:14:00+02:00,19,office,Dresden,,DE,home,Dresden,,DE,regional_train,subscription,,,9.68,0.0,4.44,0.339,False,True,False,False,,0
ac882df2-ad92-56e9-af16-038f23cd4367,6dd6810d-d52e-5758-9368-a7b13b612e8c,725be174-ba53-516d-8beb-a4056cbac517,aeb0c2f2-cec7-5729-a0e8-57df5b01b675,1,2025-10-10 08:09:00+02:00,2025-10-10 08:31:00+02:00,22,home,Dresden,,DE,office,Dresden,,DE,regional_train,subscription,,,10.79,0.0,4.66,0.378,False,True,False,False,,0
daed6646-e861-574a-aa13-3de955a341b9,6f0cdda6-ac19-5132-afe3-f2f6d6389d40,725be174-ba53-516d-8beb-a4056cbac517,aeb0c2f2-cec7-5729-a0e8-57df5b01b675,1,2025-10-10 16:42:00+02:00,2025-10-10 17:04:00+02:00,22,office,Dresden,,DE,home,Dresden,,DE,regional_train,subscription,,,10.79,0.0,4.66,0.378,False,True,False,False,,0
c4b4ae6d-8acc-5bb5-8057-69849dd4e38c,16c9f582-9e0d-5112-8536-a3e6c7cae887,725be174-ba53-516d-8beb-a4056cbac517,aeb0c2f2-cec7-5729-a0e8-57df5b01b675,1,2025-10-14 08:17:00+02:00,2025-10-14 08:37:00+02:00,20,home,Dresden,,DE,office,Dresden,,DE,regional_train,subscription,,,9.88,0.0,4.48,0.346,False,True,False,False,,0
096a735c-8b7d-583c-8626-b016b7da8c1d,e16deed5-7b68-56db-a694-0c42226ed19d,725be174-ba53-516d-8beb-a4056cbac517,aeb0c2f2-cec7-5729-a0e8-57df5b01b675,1,2025-10-14 16:35:00+02:00,2025-10-14 16:55:00+02:00,20,office,Dresden,,DE,home,Dresden,,DE,regional_train,subscription,,,9.88,0.0,4.48,0.346,False,True,False,False,,0
56888da1-aa0e-5232-a546-9a0c4f421ea8,8561961b-c11e-5009-8aaa-43ac43e70881,725be174-ba53-516d-8beb-a4056cbac517,aeb0c2f2-cec7-5729-a0e8-57df5b01b675,1,2025-10-15 08:22:00+02:00,2025-10-15 08:43:00+02:00,21,home,Dresden,,DE,office,Dresden,,DE,regional_train,subscription,,,10.28,0.0,4.56,0.36,False,True,False,False,,0
52cdf013-fe1d-5f97-afa7-ca536e1b1633,0e7787f4-1742-5002-be2a-772dccc51647,725be174-ba53-516d-8beb-a4056cbac517,aeb0c2f2-cec7-5729-a0e8-57df5b01b675,1,2025-10-15 16:42:00+02:00,2025-10-15 17:03:00+02:00,21,office,Dresden,,DE,home,Dresden,,DE,regional_train,subscription,,,10.28,0.0,4.56,0.36,False,True,False,False,,0
44234dee-ee6f-54c0-9500-42eb5a2ac0a4,84c91bc0-d0fa-54c0-9dae-d17f2672004e,725be174-ba53-516d-8beb-a4056cbac517,aeb0c2f2-cec7-5729-a0e8-57df5b01b675,1,2025-10-17 08:05:00+02:00,2025-10-17 08:23:00+02:00,18,home,Dresden,,DE,office,Dresden,,DE,regional_train,subscription,,,9.18,0.0,4.34,0.321,False,True,False,False,,0
b7709fa2-410a-536e-9133-efcb9c18b28d,268c6994-c483-53d2-a1fa-86213ee8a5c8,725be174-ba53-516d-8beb-a4056cbac517,aeb0c2f2-cec7-5729-a0e8-57df5b01b675,1,2025-10-17 16:35:00+02:00,2025-10-17 16:53:00+02:00,18,office,Dresden,,DE,home,Dresden,,DE,regional_train,subscription,,,9.18,0.0,4.34,0.321,False,True,False,False,,0
fe461f00-8c22-5416-abb0-371bfb0cbcb8,6d4da9e0-e964-5e59-a07e-3205c6ef2ece,725be174-ba53-516d-8beb-a4056cbac517,aeb0c2f2-cec7-5729-a0e8-57df5b01b675,1,2025-10-22 08:08:00+02:00,2025-10-22 08:29:00+02:00,21,home,Dresden,,DE,office,Dresden,,DE,regional_train,subscription,,,10.64,0.0,4.63,0.372,False,True,False,False,,0
4202fd46-7ab0-54df-99ae-9b974619fc42,bfe1bc04-e150-5783-a964-de649d349c80,725be174-ba53-516d-8beb-a4056cbac517,aeb0c2f2-cec7-5729-a0e8-57df5b01b675,1,2025-10-22 16:51:00+02:00,2025-10-22 17:12:00+02:00,21,office,Dresden,,DE,home,Dresden,,DE,regional_train,subscription,,,10.64,0.0,4.63,0.372,False,True,False,False,,0
535e5c00-9f30-5db8-83ca-f13febdd7509,da1bdf19-1264-5629-b387-02496ff5e068,725be174-ba53-516d-8beb-a4056cbac517,aeb0c2f2-cec7-5729-a0e8-57df5b01b675,1,2025-10-23 08:15:00+02:00,2025-10-23 08:35:00+02:00,20,home,Dresden,,DE,office,Dresden,,DE,regional_train,subscription,,,10.02,0.0,4.5,0.351,False,True,False,False,,0
54259a47-aca6-5bc8-b490-ba37082c9e63,fba5bffe-e528-528f-816c-a47bbc31e84b,725be174-ba53-516d-8beb-a4056cbac517,aeb0c2f2-cec7-5729-a0e8-57df5b01b675,1,2025-10-23 16:45:00+02:00,2025-10-23 17:05:00+02:00,20,office,Dresden,,DE,home,Dresden,,DE,regional_train,subscription,,,10.02,0.0,4.5,0.351,False,True,False,False,,0
56e74004-66e1-5801-8db0-f0c87d73ebd8,fed05a37-8c06-5a6c-98f3-c9c53a4d0281,725be174-ba53-516d-8beb-a4056cbac517,aeb0c2f2-cec7-5729-a0e8-57df5b01b675,1,2025-10-27 08:03:00+02:00,2025-10-27 08:27:00+02:00,24,home,Dresden,,DE,office,Dresden,,DE,regional_train,subscription,,,11.9,0.0,4.88,0.417,False,True,False,False,,0
6561a0d5-28aa-546e-932c-5c249c0b514d,4b2714d6-366a-5c4e-b325-5015b2226483,725be174-ba53-516d-8beb-a4056cbac517,aeb0c2f2-cec7-5729-a0e8-57df5b01b675,1,2025-10-27 16:50:00+02:00,2025-10-27 17:14:00+02:00,24,office,Dresden,,DE,home,Dresden,,DE,regional_train,subscription,,,11.9,0.0,4.88,0.417,False,True,False,False,,0
11366d92-f83b-5700-aaf9-43fb8156bc4b,3e7033c4-f8a3-500e-813b-478c412b4e9e,725be174-ba53-516d-8beb-a4056cbac517,aeb0c2f2-cec7-5729-a0e8-57df5b01b675,1,2025-10-28 08:10:00+02:00,2025-10-28 08:29:00+02:00,19,home,Dresden,,DE,office,Dresden,,DE,regional_train,subscription,,,9.29,0.0,4.36,0.325,False,True,False,False,,0
5d415b8b-684c-584c-8654-b75115620a4c,30e88fc0-081a-5f38-bf84-dfb9b99f82e7,725be174-ba53-516d-8beb-a4056cbac517,aeb0c2f2-cec7-5729-a0e8-57df5b01b675,1,2025-10-28 16:47:00+02:00,2025-10-28 17:06:00+02:00,19,office,Dresden,,DE,home,Dresden,,DE,regional_train,subscription,,,9.29,0.0,4.36,0.325,False,True,False,False,,0
bb630b2c-9646-581e-a99f-e158c61dee1e,27acfb4a-5cb3-5f35-9a2d-b27658d35735,725be174-ba53-516d-8beb-a4056cbac517,aeb0c2f2-cec7-5729-a0e8-57df5b01b675,1,2025-10-29 08:03:00+02:00,2025-10-29 08:26:00+02:00,23,home,Dresden,,DE,office,Dresden,,DE,regional_train,subscription,,,11.39,0.0,4.78,0.399,False,True,False,False,,0
940d8365-d638-5b46-9ee4-26f91c40f648,6ecd0538-4309-501e-8e7c-7fee02c6d87e,725be174-ba53-516d-8beb-a4056cbac517,aeb0c2f2-cec7-5729-a0e8-57df5b01b675,1,2025-10-29 16:47:00+02:00,2025-10-29 17:10:00+02:00,23,office,Dresden,,DE,home,Dresden,,DE,regional_train,subscription,,,11.39,0.0,4.78,0.399,False,True,False,False,,0
712602f5-ee0f-57db-a341-daea689ab4dc,2f62bf45-af31-58aa-8fe1-c3ea225db240,725be174-ba53-516d-8beb-a4056cbac517,aeb0c2f2-cec7-5729-a0e8-57df5b01b675,1,2025-10-30 08:12:00+02:00,2025-10-30 08:34:00+02:00,22,home,Dresden,,DE,office,Dresden,,DE,regional_train,subscription,,,11.16,0.0,4.73,0.391,False,True,False,False,,0
6c4e7d8a-177a-5e11-a753-96641bc3cc23,74b8f6bf-5658-5c6e-b79e-4c8afcccfce8,725be174-ba53-516d-8beb-a4056cbac517,aeb0c2f2-cec7-5729-a0e8-57df5b01b675,1,2025-10-30 16:38:00+02:00,2025-10-30 17:00:00+02:00,22,office,Dresden,,DE,home,Dresden,,DE,regional_train,subscription,,,11.16,0.0,4.73,0.391,False,True,False,False,,0
a57b52e4-32d7-5340-93dd-e1ceb2c99116,3e7d06f4-efe9-5bdf-9e0c-c79240663465,725be174-ba53-516d-8beb-a4056cbac517,aeb0c2f2-cec7-5729-a0e8-57df5b01b675,1,2025-11-03 08:25:00+01:00,2025-11-03 08:45:00+01:00,20,home,Dresden,,DE,office,Dresden,,DE,regional_train,subscription,,,9.76,0.0,4.45,0.342,False,True,False,False,,0
1e467162-5f74-54f4-a4b9-5db1008cb45b,44a7fe8f-5c41-5fa9-bf0b-472c9c5728d5,725be174-ba53-516d-8beb-a4056cbac517,aeb0c2f2-cec7-5729-a0e8-57df5b01b675,1,2025-11-03 16:48:00+01:00,2025-11-03 17:08:00+01:00,20,office,Dresden,,DE,home,Dresden,,DE,regional_train,subscription,,,9.76,0.0,4.45,0.342,False,True,False,False,,0
4aca432e-f5bf-5038-8ab3-4f884b8b8d97,9adf083c-f928-55b2-8a85-34aae4520748,725be174-ba53-516d-8beb-a4056cbac517,aeb0c2f2-cec7-5729-a0e8-57df5b01b675,1,2025-11-04 08:08:00+01:00,2025-11-04 08:31:00+01:00,23,home,Dresden,,DE,office,Dresden,,DE,regional_train,subscription,,,11.61,0.0,4.82,0.406,False,True,False,False,,0
4ea5829b-4089-5e4e-a728-c909e47b6fbd,2c8021f5-4b01-52ef-885e-6aabbe447267,725be174-ba53-516d-8beb-a4056cbac517,aeb0c2f2-cec7-5729-a0e8-57df5b01b675,1,2025-11-04 16:47:00+01:00,2025-11-04 17:10:00+01:00,23,office,Dresden,,DE,home,Dresden,,DE,regional_train,subscription,,,11.61,0.0,4.82,0.406,False,True,False,False,,0
a7990f4d-cbe4-518b-875d-7058c9929eae,e8242655-c376-5054-b923-46d85c2c66a6,725be174-ba53-516d-8beb-a4056cbac517,aeb0c2f2-cec7-5729-a0e8-57df5b01b675,1,2025-11-05 08:25:00+01:00,2025-11-05 08:48:00+01:00,23,home,Dresden,,DE,office,Dresden,,DE,regional_train,subscription,,,11.58,0.0,4.82,0.405,False,True,False,False,,0
9852b1a1-085a-511d-8267-f05a8f7f4b89,bc2fe3e7-8e55-56e9-8942-363e920ef50d,725be174-ba53-516d-8beb-a4056cbac517,aeb0c2f2-cec7-5729-a0e8-57df5b01b675,1,2025-11-05 16:53:00+01:00,2025-11-05 17:16:00+01:00,23,office,Dresden,,DE,home,Dresden,,DE,regional_train,subscription,,,11.58,0.0,4.82,0.405,False,True,False,False,,0
3c74a465-c2e1-529e-8df5-587687e45a3e,74227e38-6de9-58bd-a0ef-5de3a9c2c5c6,725be174-ba53-516d-8beb-a4056cbac517,aeb0c2f2-cec7-5729-a0e8-57df5b01b675,1,2025-11-07 08:06:00+01:00,2025-11-07 08:26:00+01:00,20,home,Dresden,,DE,office,Dresden,,DE,regional_train,subscription,,,9.96,0.0,4.49,0.349,False,True,False,False,,0
ed733ce7-95de-5dde-b2f9-0dcd6f2c2ba2,665e2711-f190-52e1-a7f9-b6a615bcb992,725be174-ba53-516d-8beb-a4056cbac517,aeb0c2f2-cec7-5729-a0e8-57df5b01b675,1,2025-11-07 16:44:00+01:00,2025-11-07 17:04:00+01:00,20,office,Dresden,,DE,home,Dresden,,DE,regional_train,subscription,,,9.96,0.0,4.49,0.349,False,True,False,False,,0
63cf9bd6-1659-544c-85c4-c126ee672192,293c49f5-02cf-5eec-b5da-8e5bd00225e3,725be174-ba53-516d-8beb-a4056cbac517,aeb0c2f2-cec7-5729-a0e8-57df5b01b675,1,2025-11-10 08:14:00+01:00,2025-11-10 08:37:00+01:00,23,home,Dresden,,DE,office,Dresden,,DE,regional_train,subscription,,,11.66,0.0,4.83,0.408,False,True,False,False,,0
73097479-13e5-5c2d-ba79-81deff572bf2,cd2cd501-437d-5cdf-9546-20ce9092478a,725be174-ba53-516d-8beb-a4056cbac517,aeb0c2f2-cec7-5729-a0e8-57df5b01b675,1,2025-11-10 16:45:00+01:00,2025-11-10 17:08:00+01:00,23,office,Dresden,,DE,home,Dresden,,DE,regional_train,subscription,,,11.66,0.0,4.83,0.408,False,True,False,False,,0
1ad8d5ea-7acd-5cf9-8d99-8cf5bceae8d3,cb0966f0-6f3c-5cf8-a1d6-dc645631a876,725be174-ba53-516d-8beb-a4056cbac517,aeb0c2f2-cec7-5729-a0e8-57df5b01b675,1,2025-11-12 08:13:00+01:00,2025-11-12 08:32:00+01:00,19,home,Dresden,,DE,office,Dresden,,DE,regional_train,subscription,,,9.49,0.0,4.4,0.332,False,True,False,False,,0
8c022a0b-3263-579b-8444-54b8eee2ab18,41d7fd39-d056-554b-92f1-0463935dd2b0,725be174-ba53-516d-8beb-a4056cbac517,aeb0c2f2-cec7-5729-a0e8-57df5b01b675,1,2025-11-12 16:37:00+01:00,2025-11-12 16:56:00+01:00,19,office,Dresden,,DE,home,Dresden,,DE,regional_train,subscription,,,9.49,0.0,4.4,0.332,False,True,False,False,,0
0cce985c-a1d6-506e-8916-32021d77c68e,39be5e17-119c-54c1-9198-4bd555dc1d1a,725be174-ba53-516d-8beb-a4056cbac517,aeb0c2f2-cec7-5729-a0e8-57df5b01b675,1,2025-11-13 08:05:00+01:00,2025-11-13 08:25:00+01:00,20,home,Dresden,,DE,office,Dresden,,DE,regional_train,subscription,,,9.81,0.0,4.46,0.343,False,True,False,False,,0
36fc5eed-9917-53ba-83c1-fd8c1bc305ed,87093c20-603c-537c-befb-55c0a4a58abd,725be174-ba53-516d-8beb-a4056cbac517,aeb0c2f2-cec7-5729-a0e8-57df5b01b675,1,2025-11-13 16:37:00+01:00,2025-11-13 16:57:00+01:00,20,office,Dresden,,DE,home,Dresden,,DE,regional_train,subscription,,,9.81,0.0,4.46,0.343,False,True,False,False,,0
e4bcce2b-f99a-53cd-a023-153d866f0806,33911d37-8666-5445-9d6a-a56217fdb219,725be174-ba53-516d-8beb-a4056cbac517,aeb0c2f2-cec7-5729-a0e8-57df5b01b675,1,2025-11-14 08:15:00+01:00,2025-11-14 08:35:00+01:00,20,home,Dresden,,DE,office,Dresden,,DE,regional_train,subscription,,,9.89,0.0,4.48,0.346,False,True,False,False,,0
64afb72f-b79f-5cf2-9d1c-82a1570c9aca,43d1890b-260c-5057-9395-5460de34ef07,725be174-ba53-516d-8beb-a4056cbac517,aeb0c2f2-cec7-5729-a0e8-57df5b01b675,1,2025-11-14 16:34:00+01:00,2025-11-14 16:54:00+01:00,20,office,Dresden,,DE,home,Dresden,,DE,regional_train,subscription,,,9.89,0.0,4.48,0.346,False,True,False,False,,0
25ffc5be-150f-5717-94d1-3dd5470a5df7,ec3a9c6a-89b8-5999-afff-223647e311e9,725be174-ba53-516d-8beb-a4056cbac517,aeb0c2f2-cec7-5729-a0e8-57df5b01b675,1,2025-11-17 08:10:00+01:00,2025-11-17 08:29:00+01:00,19,home,Dresden,,DE,office,Dresden,,DE,regional_train,subscription,,,9.34,0.0,4.37,0.327,False,True,False,False,,0
035eefe1-4355-5b7d-8218-90ac55c093c8,c50d8a72-6f00-534d-91cf-b76148122d8f,725be174-ba53-516d-8beb-a4056cbac517,aeb0c2f2-cec7-5729-a0e8-57df5b01b675,1,2025-11-17 16:31:00+01:00,2025-11-17 16:50:00+01:00,19,office,Dresden,,DE,home,Dresden,,DE,regional_train,subscription,,,9.34,0.0,4.37,0.327,False,True,False,False,,0
0fd8ad9b-5096-575d-991d-db0bad7c98c9,a673d890-c778-528f-b88d-9816e43ec478,725be174-ba53-516d-8beb-a4056cbac517,aeb0c2f2-cec7-5729-a0e8-57df5b01b675,1,2025-11-19 08:06:00+01:00,2025-11-19 08:26:00+01:00,20,home,Dresden,,DE,office,Dresden,,DE,regional_train,subscription,,,10.01,0.0,4.5,0.35,False,True,False,False,,0
d8559647-4c92-5a11-828b-1e6684db27b6,3a256ed1-d4ee-505c-8149-692f0beb134d,725be174-ba53-516d-8beb-a4056cbac517,aeb0c2f2-cec7-5729-a0e8-57df5b01b675,1,2025-11-19 16:51:00+01:00,2025-11-19 17:11:00+01:00,20,office,Dresden,,DE,home,Dresden,,DE,regional_train,subscription,,,10.01,0.0,4.5,0.35,False,True,False,False,,0
26c093d1-f074-5595-9d60-f7d462e9ff9c,126c2b35-7720-56d5-85e3-8d811c60f7e3,725be174-ba53-516d-8beb-a4056cbac517,aeb0c2f2-cec7-5729-a0e8-57df5b01b675,1,2025-11-20 08:03:00+01:00,2025-11-20 08:24:00+01:00,21,home,Dresden,,DE,office,Dresden,,DE,regional_train,subscription,,,10.49,0.0,4.6,0.367,False,True,False,False,,0
598c1794-0ee4-5ff6-b575-a76c6943d404,78d4af5a-7f07-5aeb-84e6-5a6af9c0ec91,725be174-ba53-516d-8beb-a4056cbac517,aeb0c2f2-cec7-5729-a0e8-57df5b01b675,1,2025-11-20 16:40:00+01:00,2025-11-20 17:01:00+01:00,21,office,Dresden,,DE,home,Dresden,,DE,regional_train,subscription,,,10.49,0.0,4.6,0.367,False,True,False,False,,0
8506a616-583b-5409-8c2a-871567e1b119,9fd2ae72-9f69-580e-aa77-1cc6985465a9,725be174-ba53-516d-8beb-a4056cbac517,aeb0c2f2-cec7-5729-a0e8-57df5b01b675,1,2025-11-24 08:20:00+01:00,2025-11-24 08:39:00+01:00,19,home,Dresden,,DE,office,Dresden,,DE,regional_train,subscription,,,9.37,0.0,4.37,0.328,False,True,False,False,,0
a6e624db-2601-5667-b2bd-fa45c0d82493,3b76aff1-5872-5358-947a-a528f3405254,725be174-ba53-516d-8beb-a4056cbac517,aeb0c2f2-cec7-5729-a0e8-57df5b01b675,1,2025-11-24 16:48:00+01:00,2025-11-24 17:07:00+01:00,19,office,Dresden,,DE,home,Dresden,,DE,regional_train,subscription,,,9.37,0.0,4.37,0.328,False,True,False,False,,0
c917764b-e7b2-5aa2-bd5f-46bc98fd7c95,2b9d23ba-03c1-5e0e-93a8-254db4ed719b,725be174-ba53-516d-8beb-a4056cbac517,aeb0c2f2-cec7-5729-a0e8-57df5b01b675,1,2025-11-28 08:12:00+01:00,2025-11-28 08:31:00+01:00,19,home,Dresden,,DE,office,Dresden,,DE,regional_train,subscription,,,9.73,0.0,4.45,0.341,False,True,False,False,,0
a630f062-5cf5-5106-abc8-a24b99ab47d6,d25216fe-8ada-5186-a628-d55150526a08,725be174-ba53-516d-8beb-a4056cbac517,aeb0c2f2-cec7-5729-a0e8-57df5b01b675,1,2025-11-28 16:55:00+01:00,2025-11-28 17:14:00+01:00,19,office,Dresden,,DE,home,Dresden,,DE,regional_train,subscription,,,9.73,0.0,4.45,0.341,False,True,False,False,,0
d9c6382d-5fc7-5247-9edc-157516d7e3d3,3656e294-fecf-5295-ad44-c8eba23f32a6,725be174-ba53-516d-8beb-a4056cbac517,aeb0c2f2-cec7-5729-a0e8-57df5b01b675,1,2025-12-01 08:00:00+01:00,2025-12-01 08:23:00+01:00,23,home,Dresden,,DE,office,Dresden,,DE,regional_train,subscription,,,11.41,0.0,4.78,0.399,False,True,False,False,,0
cdfa4f7a-b24a-5feb-a420-e3edba14bfe7,6214d179-7204-5a29-a35e-7e0e3c3fcb59,725be174-ba53-516d-8beb-a4056cbac517,aeb0c2f2-cec7-5729-a0e8-57df5b01b675,1,2025-12-01 16:53:00+01:00,2025-12-01 17:16:00+01:00,23,office,Dresden,,DE,home,Dresden,,DE,regional_train,subscription,,,11.41,0.0,4.78,0.399,False,True,False,False,,0
e7a7f1ce-0979-548c-842b-711bd58a8d3f,62fcfe51-9e74-59ad-a839-b666598a3737,725be174-ba53-516d-8beb-a4056cbac517,aeb0c2f2-cec7-5729-a0e8-57df5b01b675,1,2025-12-03 08:16:00+01:00,2025-12-03 08:36:00+01:00,20,home,Dresden,,DE,office,Dresden,,DE,regional_train,subscription,,,10.2,0.0,4.54,0.357,False,True,False,False,,0
9cee074a-0994-58ad-b9c2-518a0bc7b36b,d1d44444-78a3-5095-9465-8182941bbe9f,725be174-ba53-516d-8beb-a4056cbac517,aeb0c2f2-cec7-5729-a0e8-57df5b01b675,1,2025-12-03 16:37:00+01:00,2025-12-03 16:57:00+01:00,20,office,Dresden,,DE,home,Dresden,,DE,regional_train,subscription,,,10.2,0.0,4.54,0.357,False,True,False,False,,0
1d3d4c7d-7241-50f7-92ea-6dbd2cede878,101d1533-eb31-5f2f-9ec1-c10caa380940,725be174-ba53-516d-8beb-a4056cbac517,aeb0c2f2-cec7-5729-a0e8-57df5b01b675,1,2025-12-05 08:01:00+01:00,2025-12-05 08:22:00+01:00,21,home,Dresden,,DE,office,Dresden,,DE,regional_train,subscription,,,10.68,0.0,4.64,0.374,False,True,False,False,,0
c48009cd-58e8-5638-8fd2-c61c259c0dd8,14cb9b49-fe4d-5ea0-91c2-e10d21abd350,725be174-ba53-516d-8beb-a4056cbac517,aeb0c2f2-cec7-5729-a0e8-57df5b01b675,1,2025-12-05 16:47:00+01:00,2025-12-05 17:08:00+01:00,21,office,Dresden,,DE,home,Dresden,,DE,regional_train,subscription,,,10.68,0.0,4.64,0.374,False,True,False,False,,0
0e51ffa8-7465-5a9d-b6a8-606c8cbf1454,152d823d-c1eb-58b6-9ee1-94c7cc42dc84,725be174-ba53-516d-8beb-a4056cbac517,aeb0c2f2-cec7-5729-a0e8-57df5b01b675,1,2025-12-06 13:00:00+01:00,2025-12-06 13:13:00+01:00,13,home,Dresden,,DE,farmers market,Dresden,,DE,public_transport,subscription,,,5.71,0.0,2.9,0.228,False,True,False,False,,0
db8cf1be-c00c-5656-9ea8-ba30490e5e92,a1bd85d1-bd34-56f0-88e4-09ce89f15572,725be174-ba53-516d-8beb-a4056cbac517,aeb0c2f2-cec7-5729-a0e8-57df5b01b675,1,2025-12-09 08:08:00+01:00,2025-12-09 08:30:00+01:00,22,home,Dresden,,DE,office,Dresden,,DE,regional_train,subscription,,,10.77,0.0,4.65,0.377,False,True,False,False,,0
384c83b6-5179-5ba2-84d4-41f95ae6b5fc,0314cc8a-ed9e-5c32-9144-11da3e4adee0,725be174-ba53-516d-8beb-a4056cbac517,aeb0c2f2-cec7-5729-a0e8-57df5b01b675,1,2025-12-09 16:48:00+01:00,2025-12-09 17:10:00+01:00,22,office,Dresden,,DE,home,Dresden,,DE,regional_train,subscription,,,10.77,0.0,4.65,0.377,False,True,False,False,,0
780c7486-d430-5c1d-b994-45cf52cc0423,7fb32da0-2775-540e-be0a-ebe9183e7cd3,725be174-ba53-516d-8beb-a4056cbac517,aeb0c2f2-cec7-5729-a0e8-57df5b01b675,1,2025-12-11 08:18:00+01:00,2025-12-11 08:38:00+01:00,20,home,Dresden,,DE,office,Dresden,,DE,regional_train,subscription,,,10.18,0.0,4.54,0.356,False,True,False,False,,0
33ca850b-d677-56e8-af70-690b63a06897,df8bb7f2-7010-53a6-808c-9916d33df62c,725be174-ba53-516d-8beb-a4056cbac517,aeb0c2f2-cec7-5729-a0e8-57df5b01b675,1,2025-12-11 16:43:00+01:00,2025-12-11 17:03:00+01:00,20,office,Dresden,,DE,home,Dresden,,DE,regional_train,subscription,,,10.18,0.0,4.54,0.356,False,True,False,False,,0
e0f85f5d-3337-5a65-bf18-c3ae2f5942a6,bff7c8a6-f0e8-54b2-a9ef-36bd4f34edfe,725be174-ba53-516d-8beb-a4056cbac517,aeb0c2f2-cec7-5729-a0e8-57df5b01b675,1,2025-12-18 08:17:00+01:00,2025-12-18 08:40:00+01:00,23,home,Dresden,,DE,office,Dresden,,DE,regional_train,subscription,,,11.27,0.0,4.75,0.394,False,True,False,False,,0
16970d31-8c04-5e2e-8ac7-81b68fa81c58,f53dd819-ea78-5671-bebf-f69e76a49b63,725be174-ba53-516d-8beb-a4056cbac517,aeb0c2f2-cec7-5729-a0e8-57df5b01b675,1,2025-12-18 16:54:00+01:00,2025-12-18 17:17:00+01:00,23,office,Dresden,,DE,home,Dresden,,DE,regional_train,subscription,,,11.27,0.0,4.75,0.394,False,True,False,False,,0
8d3961db-e65c-5510-8a69-f5ebf1f5e29e,94fc67f6-108c-576b-881b-5320f0de8b00,725be174-ba53-516d-8beb-a4056cbac517,aeb0c2f2-cec7-5729-a0e8-57df5b01b675,1,2025-12-19 08:14:00+01:00,2025-12-19 08:33:00+01:00,19,home,Dresden,,DE,office,Dresden,,DE,regional_train,subscription,,,9.6,0.0,4.42,0.336,False,True,False,False,,0
6149ccbd-56a3-5f3b-aa97-b7ef5fa87fe5,f378b266-3909-5e83-b04b-2ac3d9620cc9,725be174-ba53-516d-8beb-a4056cbac517,aeb0c2f2-cec7-5729-a0e8-57df5b01b675,1,2025-12-19 16:52:00+01:00,2025-12-19 17:11:00+01:00,19,office,Dresden,,DE,home,Dresden,,DE,regional_train,subscription,,,9.6,0.0,4.42,0.336,False,True,False,False,,0
a8d737f4-d62f-5c01-b751-79a8bc18ad8f,756eccd2-9be2-5e82-af52-625190c7eecc,725be174-ba53-516d-8beb-a4056cbac517,aeb0c2f2-cec7-5729-a0e8-57df5b01b675,1,2025-12-26 08:18:00+01:00,2025-12-26 08:37:00+01:00,19,home,Dresden,,DE,office,Dresden,,DE,regional_train,subscription,,,9.53,0.0,4.41,0.334,False,True,False,False,,0
631143b4-5914-570a-a34a-4e404c4363b0,95238471-4273-5e0f-be1d-c2b1a5b42475,725be174-ba53-516d-8beb-a4056cbac517,aeb0c2f2-cec7-5729-a0e8-57df5b01b675,1,2025-12-26 16:41:00+01:00,2025-12-26 17:00:00+01:00,19,office,Dresden,,DE,home,Dresden,,DE,regional_train,subscription,,,9.53,0.0,4.41,0.334,False,True,False,False,,0
a7107956-7525-567c-81f2-2f5a28425727,3182e8ed-1e09-5a6b-a5a8-6204fe35ad0f,725be174-ba53-516d-8beb-a4056cbac517,aeb0c2f2-cec7-5729-a0e8-57df5b01b675,1,2026-01-07 08:01:00+01:00,2026-01-07 08:21:00+01:00,20,home,Dresden,,DE,office,Dresden,,DE,regional_train,subscription,,,9.98,0.0,4.5,0.349,False,True,False,False,,0
7f0c4b28-d0ed-579d-a64e-f33c683d34fa,d4bd7d47-4a9f-5062-9097-6e730aac6ac7,725be174-ba53-516d-8beb-a4056cbac517,aeb0c2f2-cec7-5729-a0e8-57df5b01b675,1,2026-01-07 16:47:00+01:00,2026-01-07 17:07:00+01:00,20,office,Dresden,,DE,home,Dresden,,DE,regional_train,subscription,,,9.98,0.0,4.5,0.349,False,True,False,False,,0
c01b4ed4-2994-57fe-97c3-b30aa6d68de8,77c6c70e-3196-5740-8ec6-36a33bad120d,725be174-ba53-516d-8beb-a4056cbac517,aeb0c2f2-cec7-5729-a0e8-57df5b01b675,1,2026-01-12 08:01:00+01:00,2026-01-12 08:23:00+01:00,22,home,Dresden,,DE,office,Dresden,,DE,regional_train,subscription,,,10.79,0.0,4.66,0.378,False,True,False,False,,0
aec60955-47de-5edd-a122-a7c3c12cfddf,725f8f6e-ae0e-59ce-968e-1752826364e9,725be174-ba53-516d-8beb-a4056cbac517,aeb0c2f2-cec7-5729-a0e8-57df5b01b675,1,2026-01-12 16:50:00+01:00,2026-01-12 17:12:00+01:00,22,office,Dresden,,DE,home,Dresden,,DE,regional_train,subscription,,,10.79,0.0,4.66,0.378,False,True,False,False,,0
bb6898b0-b4b7-5bf2-b703-01947b35a6b3,56d9e74c-2158-5ab9-a083-5cb714a74da2,725be174-ba53-516d-8beb-a4056cbac517,aeb0c2f2-cec7-5729-a0e8-57df5b01b675,1,2026-01-13 08:22:00+01:00,2026-01-13 08:45:00+01:00,23,home,Dresden,,DE,office,Dresden,,DE,regional_train,subscription,,,11.58,0.0,4.82,0.405,False,True,False,False,,0
5f9e9663-1324-5c83-8f41-7dfcba59c917,48226614-55ad-5a6a-923d-02e7714a01e4,725be174-ba53-516d-8beb-a4056cbac517,aeb0c2f2-cec7-5729-a0e8-57df5b01b675,1,2026-01-13 16:33:00+01:00,2026-01-13 16:56:00+01:00,23,office,Dresden,,DE,home,Dresden,,DE,regional_train,subscription,,,11.58,0.0,4.82,0.405,False,True,False,False,,0
160ba7a4-6501-510c-b4b5-6c1ea4fe2a21,bfffdc4f-915d-5409-a64e-21ffebdb5bcc,725be174-ba53-516d-8beb-a4056cbac517,aeb0c2f2-cec7-5729-a0e8-57df5b01b675,1,2026-01-19 08:12:00+01:00,2026-01-19 08:30:00+01:00,18,home,Dresden,,DE,office,Dresden,,DE,regional_train,subscription,,,9.09,0.0,4.32,0.318,False,True,False,False,,0
2b4738e7-a03b-5a13-8fe6-b0a03a16468d,d538e442-a5e8-5ccd-80ab-da923e030b76,725be174-ba53-516d-8beb-a4056cbac517,aeb0c2f2-cec7-5729-a0e8-57df5b01b675,1,2026-01-19 16:46:00+01:00,2026-01-19 17:04:00+01:00,18,office,Dresden,,DE,home,Dresden,,DE,regional_train,subscription,,,9.09,0.0,4.32,0.318,False,True,False,False,,0
a77a66cb-eb4a-5907-be93-8febf7bc68c8,1d34b4e6-a141-5885-8aef-62a82c6f2292,725be174-ba53-516d-8beb-a4056cbac517,aeb0c2f2-cec7-5729-a0e8-57df5b01b675,1,2026-01-20 08:10:00+01:00,2026-01-20 08:31:00+01:00,21,home,Dresden,,DE,office,Dresden,,DE,regional_train,subscription,,,10.35,0.0,4.57,0.362,False,True,False,False,,0
fd09f2d1-d4ac-5d28-8ecb-d5ea0e572833,0953d039-e6af-5edd-a591-82e52523b84f,725be174-ba53-516d-8beb-a4056cbac517,aeb0c2f2-cec7-5729-a0e8-57df5b01b675,1,2026-01-20 16:52:00+01:00,2026-01-20 17:13:00+01:00,21,office,Dresden,,DE,home,Dresden,,DE,regional_train,subscription,,,10.35,0.0,4.57,0.362,False,True,False,False,,0
70a75254-36c5-5b4a-8c99-43a0b44ae1e1,d5e209e5-a542-57d4-a836-7e59a4447ea1,725be174-ba53-516d-8beb-a4056cbac517,aeb0c2f2-cec7-5729-a0e8-57df5b01b675,1,2026-01-21 08:06:00+01:00,2026-01-21 08:28:00+01:00,22,home,Dresden,,DE,office,Dresden,,DE,regional_train,subscription,,,11.18,0.0,4.74,0.391,False,True,False,False,,0
5cb7f427-f25e-55c2-a0e9-950042edda1a,2752992e-772d-55f9-b35b-c15a54507651,725be174-ba53-516d-8beb-a4056cbac517,aeb0c2f2-cec7-5729-a0e8-57df5b01b675,1,2026-01-21 16:35:00+01:00,2026-01-21 16:57:00+01:00,22,office,Dresden,,DE,home,Dresden,,DE,regional_train,subscription,,,11.18,0.0,4.74,0.391,False,True,False,False,,0
f1cec2cb-4ee0-5713-9b6e-ce238bfac655,ecf9f601-b1f3-50ef-8ea7-c8c0d9ad7e60,725be174-ba53-516d-8beb-a4056cbac517,aeb0c2f2-cec7-5729-a0e8-57df5b01b675,1,2026-01-23 08:12:00+01:00,2026-01-23 08:30:00+01:00,18,home,Dresden,,DE,office,Dresden,,DE,regional_train,subscription,,,9.01,0.0,4.3,0.315,False,True,False,False,,0
8e5976a0-29a2-5099-8d91-311443d8879a,b0f7822f-032c-5c00-bc31-31821df1336e,725be174-ba53-516d-8beb-a4056cbac517,aeb0c2f2-cec7-5729-a0e8-57df5b01b675,1,2026-01-23 16:40:00+01:00,2026-01-23 16:58:00+01:00,18,office,Dresden,,DE,home,Dresden,,DE,regional_train,subscription,,,9.01,0.0,4.3,0.315,False,True,False,False,,0
b479c6e8-0f2d-5f31-968e-237766743109,3366b661-8971-5967-8626-8bd1afe1ba46,725be174-ba53-516d-8beb-a4056cbac517,aeb0c2f2-cec7-5729-a0e8-57df5b01b675,1,2026-01-25 12:00:00+01:00,2026-01-25 12:10:00+01:00,10,home,Dresden,,DE,farmers market,Dresden,,DE,public_transport,subscription,,,4.61,0.0,2.9,0.184,False,True,False,False,,0
ba004c40-7d33-5bef-8440-52a36ae17cba,ed25d175-077a-59d0-bba5-1521f6aa4123,725be174-ba53-516d-8beb-a4056cbac517,aeb0c2f2-cec7-5729-a0e8-57df5b01b675,1,2026-01-27 08:06:00+01:00,2026-01-27 08:28:00+01:00,22,home,Dresden,,DE,office,Dresden,,DE,regional_train,subscription,,,11.12,0.0,4.72,0.389,False,True,False,False,,0
43d6dd44-70c5-59b8-b234-fee42dd84923,800f29bf-55a5-5e7a-8d7a-a7d515d94515,725be174-ba53-516d-8beb-a4056cbac517,aeb0c2f2-cec7-5729-a0e8-57df5b01b675,1,2026-01-27 16:48:00+01:00,2026-01-27 17:10:00+01:00,22,office,Dresden,,DE,home,Dresden,,DE,regional_train,subscription,,,11.12,0.0,4.72,0.389,False,True,False,False,,0
f092ec09-ddeb-5767-8761-a1e4f0a61290,485964ea-daf7-5c28-983a-d1497c6dc207,725be174-ba53-516d-8beb-a4056cbac517,aeb0c2f2-cec7-5729-a0e8-57df5b01b675,1,2026-01-29 08:15:00+01:00,2026-01-29 08:36:00+01:00,21,home,Dresden,,DE,office,Dresden,,DE,regional_train,subscription,,,10.44,0.0,4.59,0.365,False,True,False,False,,0
89758f4e-6f47-5fd2-bf60-d85708eb01a3,71a5689e-1ce8-515c-a4d1-68e7a4cb1c1e,725be174-ba53-516d-8beb-a4056cbac517,aeb0c2f2-cec7-5729-a0e8-57df5b01b675,1,2026-01-29 16:35:00+01:00,2026-01-29 16:56:00+01:00,21,office,Dresden,,DE,home,Dresden,,DE,regional_train,subscription,,,10.44,0.0,4.59,0.365,False,True,False,False,,0
b5e18cf1-cad5-5006-80e0-43b979cab1f4,08da2b12-4d4d-5ad4-a24a-c341d98d9cfa,725be174-ba53-516d-8beb-a4056cbac517,aeb0c2f2-cec7-5729-a0e8-57df5b01b675,1,2026-02-01 13:00:00+01:00,2026-02-01 13:13:00+01:00,13,home,Dresden,,DE,farmers market,Dresden,,DE,public_transport,subscription,,,5.71,0.0,2.9,0.228,False,True,False,False,,0
12b78584-c6e7-5fbe-9083-29eabd2c41ff,87596070-eaef-53fb-96a7-c815e24cf826,725be174-ba53-516d-8beb-a4056cbac517,aeb0c2f2-cec7-5729-a0e8-57df5b01b675,1,2026-02-04 08:12:00+01:00,2026-02-04 08:31:00+01:00,19,home,Dresden,,DE,office,Dresden,,DE,regional_train,subscription,,,9.47,0.0,4.39,0.331,False,True,False,False,,0
e3d47f76-dd3e-5098-87b3-a001247d86c9,90221916-dc13-5d2e-a28d-057f697b79f4,725be174-ba53-516d-8beb-a4056cbac517,aeb0c2f2-cec7-5729-a0e8-57df5b01b675,1,2026-02-04 16:45:00+01:00,2026-02-04 17:04:00+01:00,19,office,Dresden,,DE,home,Dresden,,DE,regional_train,subscription,,,9.47,0.0,4.39,0.331,False,True,False,False,,0
a77bcfff-980e-5002-9b88-4dc71be9409b,8d004aec-f308-56dc-8ee8-a48fcc4d7726,725be174-ba53-516d-8beb-a4056cbac517,aeb0c2f2-cec7-5729-a0e8-57df5b01b675,1,2026-02-10 08:17:00+01:00,2026-02-10 08:39:00+01:00,22,home,Dresden,,DE,office,Dresden,,DE,regional_train,subscription,,,10.82,0.0,4.66,0.379,False,True,False,False,,0
d71fdaef-91ff-5593-acea-49494a42f1ba,a0e90abf-1f44-5398-bd9e-dccd73f54eea,725be174-ba53-516d-8beb-a4056cbac517,aeb0c2f2-cec7-5729-a0e8-57df5b01b675,1,2026-02-10 16:36:00+01:00,2026-02-10 16:58:00+01:00,22,office,Dresden,,DE,home,Dresden,,DE,regional_train,subscription,,,10.82,0.0,4.66,0.379,False,True,False,False,,0
0adc7a3e-d700-5c2b-8e72-42fac67d5220,b73aa9fe-1d0f-5521-8611-9d72ef20303a,725be174-ba53-516d-8beb-a4056cbac517,aeb0c2f2-cec7-5729-a0e8-57df5b01b675,1,2026-02-11 08:19:00+01:00,2026-02-11 08:39:00+01:00,20,home,Dresden,,DE,office,Dresden,,DE,regional_train,subscription,,,10.14,0.0,4.53,0.355,False,True,False,False,,0
711d0226-0470-5b08-9a03-00d2d07b1875,2bc28c40-c4c1-5873-8125-939a8f842fcd,725be174-ba53-516d-8beb-a4056cbac517,aeb0c2f2-cec7-5729-a0e8-57df5b01b675,1,2026-02-11 16:43:00+01:00,2026-02-11 17:03:00+01:00,20,office,Dresden,,DE,home,Dresden,,DE,regional_train,subscription,,,10.14,0.0,4.53,0.355,False,True,False,False,,0
7b9df490-23ce-50ce-8572-75c79ab4d8af,0d323917-a573-5393-8ae6-689d463a8c70,725be174-ba53-516d-8beb-a4056cbac517,aeb0c2f2-cec7-5729-a0e8-57df5b01b675,1,2026-02-13 08:07:00+01:00,2026-02-13 08:28:00+01:00,21,home,Dresden,,DE,office,Dresden,,DE,regional_train,subscription,,,10.62,0.0,4.62,0.372,False,True,False,False,,0
45b7c6b0-fe0b-57f2-905d-1938821facbb,24a5b836-a68d-57d5-8eae-be332bb662c9,725be174-ba53-516d-8beb-a4056cbac517,aeb0c2f2-cec7-5729-a0e8-57df5b01b675,1,2026-02-13 16:34:00+01:00,2026-02-13 16:55:00+01:00,21,office,Dresden,,DE,home,Dresden,,DE,regional_train,subscription,,,10.62,0.0,4.62,0.372,False,True,False,False,,0
df208334-b7df-5112-a893-30cf8a73cce8,becade46-fc93-5b72-8475-62a6386bf725,725be174-ba53-516d-8beb-a4056cbac517,aeb0c2f2-cec7-5729-a0e8-57df5b01b675,1,2026-02-15 15:00:00+01:00,2026-02-15 15:08:00+01:00,8,home,Dresden,,DE,farmers market,Dresden,,DE,public_transport,subscription,,,3.5,0.0,2.9,0.14,False,True,False,False,,0
33f7d5f9-ae94-57a4-8734-59ce1025df62,83ee7556-0995-5f87-9115-65e3224c908b,725be174-ba53-516d-8beb-a4056cbac517,aeb0c2f2-cec7-5729-a0e8-57df5b01b675,1,2026-02-18 08:24:00+01:00,2026-02-18 08:43:00+01:00,19,home,Dresden,,DE,office,Dresden,,DE,regional_train,subscription,,,9.4,0.0,4.38,0.329,False,True,False,False,,0
c4c8edd0-acc3-50e2-ad6a-18c86715f501,4af47ee4-6781-596c-b644-11478ee99f8f,725be174-ba53-516d-8beb-a4056cbac517,aeb0c2f2-cec7-5729-a0e8-57df5b01b675,1,2026-02-18 16:36:00+01:00,2026-02-18 16:55:00+01:00,19,office,Dresden,,DE,home,Dresden,,DE,regional_train,subscription,,,9.4,0.0,4.38,0.329,False,True,False,False,,0
e2762cac-517f-5927-b0ae-07aa578944aa,ddc1e122-3b82-59fd-8559-4d528c58d086,725be174-ba53-516d-8beb-a4056cbac517,aeb0c2f2-cec7-5729-a0e8-57df5b01b675,1,2026-02-20 08:01:00+01:00,2026-02-20 08:20:00+01:00,19,home,Dresden,,DE,office,Dresden,,DE,regional_train,subscription,,,9.47,0.0,4.39,0.331,False,True,False,False,,0
4f84df79-2c00-5267-953c-c94916508eee,b40ea73c-6b02-56a1-9aff-58e9e0631051,725be174-ba53-516d-8beb-a4056cbac517,aeb0c2f2-cec7-5729-a0e8-57df5b01b675,1,2026-02-20 16:38:00+01:00,2026-02-20 16:57:00+01:00,19,office,Dresden,,DE,home,Dresden,,DE,regional_train,subscription,,,9.47,0.0,4.39,0.331,False,True,False,False,,0
ed7a63d3-6bef-5202-9b23-252720cc9dcc,761b0a82-3069-574e-a253-9c1645c48ae3,725be174-ba53-516d-8beb-a4056cbac517,aeb0c2f2-cec7-5729-a0e8-57df5b01b675,1,2026-02-24 08:22:00+01:00,2026-02-24 08:45:00+01:00,23,home,Dresden,,DE,office,Dresden,,DE,regional_train,subscription,,,11.68,0.0,4.84,0.409,False,True,False,False,,0
38929037-e995-5bda-aa0b-c01333702ef3,f60a160c-8d1e-5562-9012-f34a25e6db8a,725be174-ba53-516d-8beb-a4056cbac517,aeb0c2f2-cec7-5729-a0e8-57df5b01b675,1,2026-02-24 16:34:00+01:00,2026-02-24 16:57:00+01:00,23,office,Dresden,,DE,home,Dresden,,DE,regional_train,subscription,,,11.68,0.0,4.84,0.409,False,True,False,False,,0
03523ee3-2010-5eb1-b25d-535be35d1a7e,3ad88eb6-56f0-511b-9856-1a26a0f27a62,725be174-ba53-516d-8beb-a4056cbac517,aeb0c2f2-cec7-5729-a0e8-57df5b01b675,1,2026-02-25 08:10:00+01:00,2026-02-25 08:33:00+01:00,23,home,Dresden,,DE,office,Dresden,,DE,regional_train,subscription,,,11.7,0.0,4.84,0.41,False,True,False,False,,0
4c8d309d-ef20-5ad8-83d0-a87dbf79ea20,66ee4a2c-e764-5fc2-8443-5856700ba484,725be174-ba53-516d-8beb-a4056cbac517,aeb0c2f2-cec7-5729-a0e8-57df5b01b675,1,2026-02-25 16:40:00+01:00,2026-02-25 17:03:00+01:00,23,office,Dresden,,DE,home,Dresden,,DE,regional_train,subscription,,,11.7,0.0,4.84,0.41,False,True,False,False,,0
a97c7458-c631-5c7f-a4a4-2dbd7592f425,5a9dc883-c62d-57f0-8dbb-7837228e20af,725be174-ba53-516d-8beb-a4056cbac517,aeb0c2f2-cec7-5729-a0e8-57df5b01b675,1,2026-02-26 08:22:00+01:00,2026-02-26 08:41:00+01:00,19,home,Dresden,,DE,office,Dresden,,DE,regional_train,subscription,,,9.44,0.0,4.39,0.33,False,True,False,False,,0
c5fb6331-5666-593b-89c5-93bfee84f028,2c1c82c6-eaa9-5c36-a695-a75427dc5268,725be174-ba53-516d-8beb-a4056cbac517,aeb0c2f2-cec7-5729-a0e8-57df5b01b675,1,2026-02-26 16:55:00+01:00,2026-02-26 17:14:00+01:00,19,office,Dresden,,DE,home,Dresden,,DE,regional_train,subscription,,,9.44,0.0,4.39,0.33,False,True,False,False,,0
6e8677d9-7757-5e96-b917-03dbf056d4b5,6c82c93a-095a-5f05-9f6f-f5188d619604,725be174-ba53-516d-8beb-a4056cbac517,aeb0c2f2-cec7-5729-a0e8-57df5b01b675,1,2026-02-27 08:02:00+01:00,2026-02-27 08:25:00+01:00,23,home,Dresden,,DE,office,Dresden,,DE,regional_train,subscription,,,11.66,0.0,4.83,0.408,False,True,False,False,,0
700ff256-877d-5dc4-8c17-8cb439123f06,34d60db3-2d5d-5cea-8a19-824f50761795,725be174-ba53-516d-8beb-a4056cbac517,aeb0c2f2-cec7-5729-a0e8-57df5b01b675,1,2026-02-27 16:40:00+01:00,2026-02-27 17:03:00+01:00,23,office,Dresden,,DE,home,Dresden,,DE,regional_train,subscription,,,11.66,0.0,4.83,0.408,False,True,False,False,,0
9a59a768-02e5-5042-8201-d76b94d2a7f3,35e8256c-07c0-5764-ae17-ccc303d3096c,725be174-ba53-516d-8beb-a4056cbac517,aeb0c2f2-cec7-5729-a0e8-57df5b01b675,1,2026-02-28 12:00:00+01:00,2026-02-28 12:07:00+01:00,7,home,Dresden,,DE,farmers market,Dresden,,DE,public_transport,subscription,,,3.31,0.0,2.9,0.132,False,True,False,False,,0
e5815fa4-d007-5730-8550-2aef42b8c934,b4ca247c-5960-502e-ba8c-fd8ad46ebc3c,725be174-ba53-516d-8beb-a4056cbac517,aeb0c2f2-cec7-5729-a0e8-57df5b01b675,1,2026-03-02 08:14:00+02:00,2026-03-02 08:33:00+02:00,19,home,Dresden,,DE,office,Dresden,,DE,regional_train,subscription,,,9.32,0.0,4.36,0.326,False,True,False,False,,0
7c333292-b828-51f2-b3fd-f83ba1d0c819,6601b100-0ce6-53c0-bfd6-e53e4ba6631e,725be174-ba53-516d-8beb-a4056cbac517,aeb0c2f2-cec7-5729-a0e8-57df5b01b675,1,2026-03-02 16:33:00+02:00,2026-03-02 16:52:00+02:00,19,office,Dresden,,DE,home,Dresden,,DE,regional_train,subscription,,,9.32,0.0,4.36,0.326,False,True,False,False,,0
edabef9b-7142-5354-8554-266a4409393a,93962f00-492a-52e4-bd79-ae2e6dca410e,725be174-ba53-516d-8beb-a4056cbac517,aeb0c2f2-cec7-5729-a0e8-57df5b01b675,1,2026-03-04 08:17:00+02:00,2026-03-04 08:38:00+02:00,21,home,Dresden,,DE,office,Dresden,,DE,regional_train,subscription,,,10.31,0.0,4.56,0.361,False,True,False,False,,0
69b4ed35-4621-5f3e-be34-d462842be897,919f9569-8a4d-5a64-9f34-5152b9d3cb15,725be174-ba53-516d-8beb-a4056cbac517,aeb0c2f2-cec7-5729-a0e8-57df5b01b675,1,2026-03-04 16:34:00+02:00,2026-03-04 16:55:00+02:00,21,office,Dresden,,DE,home,Dresden,,DE,regional_train,subscription,,,10.31,0.0,4.56,0.361,False,True,False,False,,0
6e3b48ab-5f9c-5b61-bd6d-fbf88ee2ab4a,62895e9b-0f88-57ae-98b2-c82a875cdb1f,725be174-ba53-516d-8beb-a4056cbac517,aeb0c2f2-cec7-5729-a0e8-57df5b01b675,1,2026-03-05 08:11:00+02:00,2026-03-05 08:32:00+02:00,21,home,Dresden,,DE,office,Dresden,,DE,regional_train,subscription,,,10.53,0.0,4.61,0.369,False,True,False,False,,0
fc120ae0-2efb-5aff-a766-3b47925fb64d,59367e63-77e4-5959-9f4b-fc8567d46062,725be174-ba53-516d-8beb-a4056cbac517,aeb0c2f2-cec7-5729-a0e8-57df5b01b675,1,2026-03-05 16:33:00+02:00,2026-03-05 16:54:00+02:00,21,office,Dresden,,DE,home,Dresden,,DE,regional_train,subscription,,,10.53,0.0,4.61,0.369,False,True,False,False,,0
65065e70-edfc-5d66-a9fb-d38c72a0fb0b,77f75da6-e999-5984-8be6-0f2ac9338492,725be174-ba53-516d-8beb-a4056cbac517,aeb0c2f2-cec7-5729-a0e8-57df5b01b675,1,2026-03-10 08:20:00+02:00,2026-03-10 08:43:00+02:00,23,home,Dresden,,DE,office,Dresden,,DE,regional_train,subscription,,,11.36,0.0,4.77,0.398,False,True,False,False,,0
39a91385-693a-5e55-a64e-8cd1dfdc7e6e,4f7b4cbb-426b-5fe3-8134-81af1b2a2420,725be174-ba53-516d-8beb-a4056cbac517,aeb0c2f2-cec7-5729-a0e8-57df5b01b675,1,2026-03-10 16:55:00+02:00,2026-03-10 17:18:00+02:00,23,office,Dresden,,DE,home,Dresden,,DE,regional_train,subscription,,,11.36,0.0,4.77,0.398,False,True,False,False,,0
9cb71f6a-047f-51ba-b9f5-26103f3e855f,7e9ba468-78fc-5e1d-afbc-79a3ea95bf2a,725be174-ba53-516d-8beb-a4056cbac517,aeb0c2f2-cec7-5729-a0e8-57df5b01b675,1,2026-03-11 08:05:00+02:00,2026-03-11 08:26:00+02:00,21,home,Dresden,,DE,office,Dresden,,DE,regional_train,subscription,,,10.63,0.0,4.63,0.372,False,True,False,False,,0
70c16b26-d292-5bde-8e73-2e23e0ca3ba5,c46500df-0b3f-5756-afd6-2d972f695d42,725be174-ba53-516d-8beb-a4056cbac517,aeb0c2f2-cec7-5729-a0e8-57df5b01b675,1,2026-03-11 16:33:00+02:00,2026-03-11 16:54:00+02:00,21,office,Dresden,,DE,home,Dresden,,DE,regional_train,subscription,,,10.63,0.0,4.63,0.372,False,True,False,False,,0
0637c3b6-77a9-50dd-bbcf-20b7d6b8f85d,0df68c7d-5edf-5e68-8877-abe83964c300,725be174-ba53-516d-8beb-a4056cbac517,aeb0c2f2-cec7-5729-a0e8-57df5b01b675,1,2026-03-12 08:01:00+02:00,2026-03-12 08:22:00+02:00,21,home,Dresden,,DE,office,Dresden,,DE,regional_train,subscription,,,10.53,0.0,4.61,0.369,False,True,False,False,,0
3d5cea25-4919-59d5-bdc1-df3d63264101,b714952f-f8fb-5298-8562-b9a5025dfeb6,725be174-ba53-516d-8beb-a4056cbac517,aeb0c2f2-cec7-5729-a0e8-57df5b01b675,1,2026-03-12 16:50:00+02:00,2026-03-12 17:11:00+02:00,21,office,Dresden,,DE,home,Dresden,,DE,regional_train,subscription,,,10.53,0.0,4.61,0.369,False,True,False,False,,0
6109d46e-b74f-5b3a-bbf0-cbfd0aa77e04,3a80f50d-a89b-56cb-bb5e-1e1667375406,725be174-ba53-516d-8beb-a4056cbac517,aeb0c2f2-cec7-5729-a0e8-57df5b01b675,1,2026-03-13 08:25:00+02:00,2026-03-13 08:48:00+02:00,23,home,Dresden,,DE,office,Dresden,,DE,regional_train,subscription,,,11.68,0.0,4.84,0.409,False,True,False,False,,0
7c9be519-327d-5c57-b7d0-2fce6b36f6df,ec2d29f5-0280-5f99-b1a8-8bbb7fedd577,725be174-ba53-516d-8beb-a4056cbac517,aeb0c2f2-cec7-5729-a0e8-57df5b01b675,1,2026-03-13 16:39:00+02:00,2026-03-13 17:02:00+02:00,23,office,Dresden,,DE,home,Dresden,,DE,regional_train,subscription,,,11.68,0.0,4.84,0.409,False,True,False,False,,0
9b889949-4bbb-51aa-bb3e-15bbc17b5c37,7320ea76-374f-598b-b52e-5cbedc9bc946,725be174-ba53-516d-8beb-a4056cbac517,aeb0c2f2-cec7-5729-a0e8-57df5b01b675,1,2026-03-15 12:00:00+02:00,2026-03-15 12:10:00+02:00,10,home,Dresden,,DE,farmers market,Dresden,,DE,public_transport,subscription,,,4.69,0.0,2.9,0.188,False,True,False,False,,0
43db2d9e-d898-55a4-82e6-064e7c8ac9c8,69a76704-72a6-5583-8cd8-368c7743f65d,725be174-ba53-516d-8beb-a4056cbac517,aeb0c2f2-cec7-5729-a0e8-57df5b01b675,1,2026-03-18 08:20:00+02:00,2026-03-18 08:40:00+02:00,20,home,Dresden,,DE,office,Dresden,,DE,regional_train,subscription,,,10.18,0.0,4.54,0.356,False,True,False,False,,0
03d7f9fd-2d81-5715-a4c5-3220b6fa5056,ba544a79-14b3-597c-a9c2-c9c20a61f9f5,725be174-ba53-516d-8beb-a4056cbac517,aeb0c2f2-cec7-5729-a0e8-57df5b01b675,1,2026-03-18 16:43:00+02:00,2026-03-18 17:03:00+02:00,20,office,Dresden,,DE,home,Dresden,,DE,regional_train,subscription,,,10.18,0.0,4.54,0.356,False,True,False,False,,0
ddfdcb81-0243-52e5-9f57-a49a31a2c4a0,c256568e-3251-5f91-99e4-0c95ef67b498,725be174-ba53-516d-8beb-a4056cbac517,aeb0c2f2-cec7-5729-a0e8-57df5b01b675,1,2026-03-23 08:12:00+02:00,2026-03-23 08:35:00+02:00,23,home,Dresden,,DE,office,Dresden,,DE,regional_train,subscription,,,11.68,0.0,4.84,0.409,False,True,False,False,,0
9ebf0917-c132-51b1-8544-dcafbdae8f0b,969603d0-3819-5547-bff6-72b30af8b99f,725be174-ba53-516d-8beb-a4056cbac517,aeb0c2f2-cec7-5729-a0e8-57df5b01b675,1,2026-03-23 16:31:00+02:00,2026-03-23 16:54:00+02:00,23,office,Dresden,,DE,home,Dresden,,DE,regional_train,subscription,,,11.68,0.0,4.84,0.409,False,True,False,False,,0
875dcaae-41db-58e7-beb8-ff0515e28ac0,c54f8add-a71e-578b-bc29-58250f69cb12,725be174-ba53-516d-8beb-a4056cbac517,aeb0c2f2-cec7-5729-a0e8-57df5b01b675,1,2026-03-25 08:04:00+02:00,2026-03-25 08:24:00+02:00,20,home,Dresden,,DE,office,Dresden,,DE,regional_train,subscription,,,10.19,0.0,4.54,0.357,False,True,False,False,,0
92601f60-1b7f-5d67-95bd-7fbf56e7908d,a9ffdbaf-0360-599d-9967-fa5f2f30b504,725be174-ba53-516d-8beb-a4056cbac517,aeb0c2f2-cec7-5729-a0e8-57df5b01b675,1,2026-03-25 16:33:00+02:00,2026-03-25 16:53:00+02:00,20,office,Dresden,,DE,home,Dresden,,DE,regional_train,subscription,,,10.19,0.0,4.54,0.357,False,True,False,False,,0
2464e2d4-e8d0-52d0-a6c1-2a0996d47e06,04dfd21e-ce8d-5f68-a5f4-ced6ca76d2f8,725be174-ba53-516d-8beb-a4056cbac517,aeb0c2f2-cec7-5729-a0e8-57df5b01b675,1,2026-03-28 11:00:00+02:00,2026-03-28 11:13:00+02:00,13,home,Dresden,,DE,farmers market,Dresden,,DE,public_transport,subscription,,,5.79,0.0,2.9,0.232,False,True,False,False,,0
5b6d0d92-1750-5813-996c-0fa0c42155ec,536f3327-bc43-5f3d-a55d-b0ad81d3a3c9,725be174-ba53-516d-8beb-a4056cbac517,aeb0c2f2-cec7-5729-a0e8-57df5b01b675,1,2026-03-30 08:05:00+02:00,2026-03-30 08:26:00+02:00,21,home,Dresden,,DE,office,Dresden,,DE,regional_train,subscription,,,10.42,0.0,4.58,0.365,False,True,False,False,,0
1f3ae381-4104-5807-91b6-1d321e6ae27f,0c5dd3bf-119c-5aed-b562-8b876d1a8645,725be174-ba53-516d-8beb-a4056cbac517,aeb0c2f2-cec7-5729-a0e8-57df5b01b675,1,2026-03-30 16:47:00+02:00,2026-03-30 17:08:00+02:00,21,office,Dresden,,DE,home,Dresden,,DE,regional_train,subscription,,,10.42,0.0,4.58,0.365,False,True,False,False,,0
c78141e4-fdbe-501b-856b-ece1fe389cb5,21a3dbdf-d708-5ba7-ba02-e97d295cf11b,725be174-ba53-516d-8beb-a4056cbac517,aeb0c2f2-cec7-5729-a0e8-57df5b01b675,1,2026-03-31 08:25:00+02:00,2026-03-31 08:44:00+02:00,19,home,Dresden,,DE,office,Dresden,,DE,regional_train,subscription,,,9.66,0.0,4.43,0.338,False,True,False,False,,0
bdbc6d51-99de-5581-bd53-2f74ba77aa52,9d6c9d9d-367b-5cba-81e2-423e9ce410c4,725be174-ba53-516d-8beb-a4056cbac517,aeb0c2f2-cec7-5729-a0e8-57df5b01b675,1,2026-03-31 16:34:00+02:00,2026-03-31 16:53:00+02:00,19,office,Dresden,,DE,home,Dresden,,DE,regional_train,subscription,,,9.66,0.0,4.43,0.338,False,True,False,False,,0
756ead5f-34cd-5dd4-b048-83be0955e19e,baaf169b-1f2e-515c-bf4f-781ee67a61c9,725be174-ba53-516d-8beb-a4056cbac517,aeb0c2f2-cec7-5729-a0e8-57df5b01b675,1,2026-04-03 08:16:00+02:00,2026-04-03 08:35:00+02:00,19,home,Dresden,,DE,office,Dresden,,DE,regional_train,subscription,,,9.46,0.0,4.39,0.331,False,True,False,False,,0
80bec07a-73b6-5e36-b2f2-b6fafd22369b,3e636e5f-39c4-547b-92cf-4ae01b5e4e01,725be174-ba53-516d-8beb-a4056cbac517,aeb0c2f2-cec7-5729-a0e8-57df5b01b675,1,2026-04-03 16:47:00+02:00,2026-04-03 17:06:00+02:00,19,office,Dresden,,DE,home,Dresden,,DE,regional_train,subscription,,,9.46,0.0,4.39,0.331,False,True,False,False,,0
85a6e085-fff0-581d-9bc7-2c10f0408668,514dfcb2-c7d3-5bcd-a584-21715d1dd065,725be174-ba53-516d-8beb-a4056cbac517,aeb0c2f2-cec7-5729-a0e8-57df5b01b675,1,2026-04-06 08:13:00+02:00,2026-04-06 08:31:00+02:00,18,home,Dresden,,DE,office,Dresden,,DE,regional_train,subscription,,,9.21,0.0,4.34,0.322,False,True,False,False,,0
fd3af59b-181a-5de9-96b4-0bfb44bfd008,df67b58e-00cd-50d8-8017-47a711f60a8d,725be174-ba53-516d-8beb-a4056cbac517,aeb0c2f2-cec7-5729-a0e8-57df5b01b675,1,2026-04-06 16:47:00+02:00,2026-04-06 17:05:00+02:00,18,office,Dresden,,DE,home,Dresden,,DE,regional_train,subscription,,,9.21,0.0,4.34,0.322,False,True,False,False,,0
305f3e5e-d1f0-5b24-b51a-ead68bc220e9,1cf6cd7f-0388-52a2-bf88-5335e83cde7c,725be174-ba53-516d-8beb-a4056cbac517,aeb0c2f2-cec7-5729-a0e8-57df5b01b675,1,2026-04-07 08:03:00+02:00,2026-04-07 08:23:00+02:00,20,home,Dresden,,DE,office,Dresden,,DE,regional_train,subscription,,,10.03,0.0,4.51,0.351,False,True,False,False,,0
b8ccacb2-0ff7-51b4-8a34-074a2092b9b3,4afd5e4c-bfe7-5b1e-9c8c-fe41417ad61e,725be174-ba53-516d-8beb-a4056cbac517,aeb0c2f2-cec7-5729-a0e8-57df5b01b675,1,2026-04-07 16:36:00+02:00,2026-04-07 16:56:00+02:00,20,office,Dresden,,DE,home,Dresden,,DE,regional_train,subscription,,,10.03,0.0,4.51,0.351,False,True,False,False,,0
ca9dd843-1d22-5a98-8979-cb4511b16ecf,6e3b3573-c4f0-511a-a093-e8fe78d3ead5,725be174-ba53-516d-8beb-a4056cbac517,aeb0c2f2-cec7-5729-a0e8-57df5b01b675,1,2026-04-08 08:21:00+02:00,2026-04-08 08:41:00+02:00,20,home,Dresden,,DE,office,Dresden,,DE,regional_train,subscription,,,9.9,0.0,4.48,0.347,False,True,False,False,,0
1ba201af-207c-5952-9351-f7aa8e02515d,dfc34be0-b81d-567a-af0b-d3c9b467e27a,725be174-ba53-516d-8beb-a4056cbac517,aeb0c2f2-cec7-5729-a0e8-57df5b01b675,1,2026-04-08 16:34:00+02:00,2026-04-08 16:54:00+02:00,20,office,Dresden,,DE,home,Dresden,,DE,regional_train,subscription,,,9.9,0.0,4.48,0.347,False,True,False,False,,0
a7b6a224-02cc-538b-b506-783c0cb29978,95d98fd2-dea1-5356-bc0d-c14cd16a4eec,725be174-ba53-516d-8beb-a4056cbac517,aeb0c2f2-cec7-5729-a0e8-57df5b01b675,1,2026-04-09 08:22:00+02:00,2026-04-09 08:42:00+02:00,20,home,Dresden,,DE,office,Dresden,,DE,regional_train,subscription,,,10.09,0.0,4.52,0.353,False,True,False,False,,0
92d95f06-5212-58a5-9658-f62957b04eca,25fd03a4-eeba-5692-a0b9-ce104ac486fb,725be174-ba53-516d-8beb-a4056cbac517,aeb0c2f2-cec7-5729-a0e8-57df5b01b675,1,2026-04-09 16:45:00+02:00,2026-04-09 17:05:00+02:00,20,office,Dresden,,DE,home,Dresden,,DE,regional_train,subscription,,,10.09,0.0,4.52,0.353,False,True,False,False,,0
8d8616c6-8565-5ee0-8274-0ce065f3a49f,55616edb-1340-5dc8-8780-cc612a71e175,725be174-ba53-516d-8beb-a4056cbac517,aeb0c2f2-cec7-5729-a0e8-57df5b01b675,1,2026-04-10 08:18:00+02:00,2026-04-10 08:38:00+02:00,20,home,Dresden,,DE,office,Dresden,,DE,regional_train,subscription,,,9.87,0.0,4.47,0.345,False,True,False,False,,0
ac04ab73-8bb0-5c4d-9cd2-83dd8476dde7,630e4209-44df-5bb6-a581-69dc40d31abc,725be174-ba53-516d-8beb-a4056cbac517,aeb0c2f2-cec7-5729-a0e8-57df5b01b675,1,2026-04-10 16:30:00+02:00,2026-04-10 16:50:00+02:00,20,office,Dresden,,DE,home,Dresden,,DE,regional_train,subscription,,,9.87,0.0,4.47,0.345,False,True,False,False,,0
06e8d1af-978e-5dfb-a184-5117e2ab8082,7059a407-9b30-576b-ac62-15c43964afd1,725be174-ba53-516d-8beb-a4056cbac517,aeb0c2f2-cec7-5729-a0e8-57df5b01b675,1,2026-04-13 08:01:00+02:00,2026-04-13 08:20:00+02:00,19,home,Dresden,,DE,office,Dresden,,DE,regional_train,subscription,,,9.43,0.0,4.39,0.33,False,True,False,False,,0
da42b350-08aa-5dc0-94de-ea7327da278c,d0f7fdf2-cec1-5bee-9c70-214d7f48ff3d,725be174-ba53-516d-8beb-a4056cbac517,aeb0c2f2-cec7-5729-a0e8-57df5b01b675,1,2026-04-13 16:30:00+02:00,2026-04-13 16:49:00+02:00,19,office,Dresden,,DE,home,Dresden,,DE,regional_train,subscription,,,9.43,0.0,4.39,0.33,False,True,False,False,,0
ec469ff9-901e-5aee-b1d2-f6c3524482ca,2d2eb5fe-abfd-58aa-85d0-585a1beb248a,725be174-ba53-516d-8beb-a4056cbac517,aeb0c2f2-cec7-5729-a0e8-57df5b01b675,1,2026-04-14 08:24:00+02:00,2026-04-14 08:46:00+02:00,22,home,Dresden,,DE,office,Dresden,,DE,regional_train,subscription,,,10.91,0.0,4.68,0.382,False,True,False,False,,0
43746f09-8116-5c91-85a8-dd193478343c,461514ae-3172-5b72-906f-b00ad0dfd51c,725be174-ba53-516d-8beb-a4056cbac517,aeb0c2f2-cec7-5729-a0e8-57df5b01b675,1,2026-04-14 16:38:00+02:00,2026-04-14 17:00:00+02:00,22,office,Dresden,,DE,home,Dresden,,DE,regional_train,subscription,,,10.91,0.0,4.68,0.382,False,True,False,False,,0
709aa8ee-a48f-5b40-92fb-1c4737d51211,5755172f-410e-52f4-9212-9cbbdc12a499,725be174-ba53-516d-8beb-a4056cbac517,aeb0c2f2-cec7-5729-a0e8-57df5b01b675,1,2026-04-16 08:11:00+02:00,2026-04-16 08:32:00+02:00,21,home,Dresden,,DE,office,Dresden,,DE,regional_train,subscription,,,10.38,0.0,4.58,0.363,False,True,False,False,,0
5764911c-b88d-5976-b819-a0d293e058d4,4af7f991-6b76-5300-b41d-d929d2a32ba1,725be174-ba53-516d-8beb-a4056cbac517,aeb0c2f2-cec7-5729-a0e8-57df5b01b675,1,2026-04-16 16:35:00+02:00,2026-04-16 16:56:00+02:00,21,office,Dresden,,DE,home,Dresden,,DE,regional_train,subscription,,,10.38,0.0,4.58,0.363,False,True,False,False,,0
51825211-0415-5371-9ba7-c272f1b7aa41,5fae2dd4-a20b-58a6-8560-0b39a2972dad,725be174-ba53-516d-8beb-a4056cbac517,aeb0c2f2-cec7-5729-a0e8-57df5b01b675,1,2026-04-17 08:09:00+02:00,2026-04-17 08:29:00+02:00,20,home,Dresden,,DE,office,Dresden,,DE,regional_train,subscription,,,9.83,0.0,4.47,0.344,False,True,False,False,,0
0db1400a-642f-5607-a9ff-433ff27c0e1d,bdc575f2-1809-5ba9-af51-e9de337b160b,725be174-ba53-516d-8beb-a4056cbac517,aeb0c2f2-cec7-5729-a0e8-57df5b01b675,1,2026-04-17 16:48:00+02:00,2026-04-17 17:08:00+02:00,20,office,Dresden,,DE,home,Dresden,,DE,regional_train,subscription,,,9.83,0.0,4.47,0.344,False,True,False,False,,0
f7d47310-76f3-5410-86ba-aa23a1f2acf0,13ffe561-9893-50b2-ae09-3cc840d99233,725be174-ba53-516d-8beb-a4056cbac517,aeb0c2f2-cec7-5729-a0e8-57df5b01b675,1,2026-04-20 08:05:00+02:00,2026-04-20 08:25:00+02:00,20,home,Dresden,,DE,office,Dresden,,DE,regional_train,subscription,,,10.11,0.0,4.52,0.354,False,True,False,False,,0
48039969-60d1-5416-b6d3-e78348086d89,e04c2af3-de31-52f9-9f6b-7c0a9be6bfae,725be174-ba53-516d-8beb-a4056cbac517,aeb0c2f2-cec7-5729-a0e8-57df5b01b675,1,2026-04-20 16:50:00+02:00,2026-04-20 17:10:00+02:00,20,office,Dresden,,DE,home,Dresden,,DE,regional_train,subscription,,,10.11,0.0,4.52,0.354,False,True,False,False,,0
ce135680-c079-5657-8dea-c62ac6feba19,d65634eb-380c-58f9-a4a2-a8043b9c15ee,725be174-ba53-516d-8beb-a4056cbac517,aeb0c2f2-cec7-5729-a0e8-57df5b01b675,1,2026-04-21 08:03:00+02:00,2026-04-21 08:22:00+02:00,19,home,Dresden,,DE,office,Dresden,,DE,regional_train,subscription,,,9.71,0.0,4.44,0.34,False,True,False,False,,0
2b4c831b-f3fb-5707-bb3a-f1cf5c3ce026,c3d53d14-ca38-5dfc-a20e-f96b5868e6c1,725be174-ba53-516d-8beb-a4056cbac517,aeb0c2f2-cec7-5729-a0e8-57df5b01b675,1,2026-04-21 16:51:00+02:00,2026-04-21 17:10:00+02:00,19,office,Dresden,,DE,home,Dresden,,DE,regional_train,subscription,,,9.71,0.0,4.44,0.34,False,True,False,False,,0
ebe7b82e-e75e-5c04-b03c-2b1478bc152c,43e353b6-d855-5d88-95c1-5a971559b627,725be174-ba53-516d-8beb-a4056cbac517,aeb0c2f2-cec7-5729-a0e8-57df5b01b675,1,2026-04-23 08:04:00+02:00,2026-04-23 08:26:00+02:00,22,home,Dresden,,DE,office,Dresden,,DE,regional_train,subscription,,,11.16,0.0,4.73,0.391,False,True,False,False,,0
1201173e-6d88-520c-9c48-4e076b1864da,1906ec24-629b-5a76-869b-7e603c400b20,725be174-ba53-516d-8beb-a4056cbac517,aeb0c2f2-cec7-5729-a0e8-57df5b01b675,1,2026-04-23 16:34:00+02:00,2026-04-23 16:56:00+02:00,22,office,Dresden,,DE,home,Dresden,,DE,regional_train,subscription,,,11.16,0.0,4.73,0.391,False,True,False,False,,0
4cbb5440-9167-53ee-ad54-39b5ed1401c2,afed15c5-be39-5aa7-ba88-74a97b9ed5e3,725be174-ba53-516d-8beb-a4056cbac517,aeb0c2f2-cec7-5729-a0e8-57df5b01b675,1,2026-04-24 08:03:00+02:00,2026-04-24 08:22:00+02:00,19,home,Dresden,,DE,office,Dresden,,DE,regional_train,subscription,,,9.45,0.0,4.39,0.331,False,True,False,False,,0
0c95bb45-58e8-55b6-9b0a-da298843c7db,6150797b-ea66-5f37-8848-93d60fe25269,725be174-ba53-516d-8beb-a4056cbac517,aeb0c2f2-cec7-5729-a0e8-57df5b01b675,1,2026-04-24 16:51:00+02:00,2026-04-24 17:10:00+02:00,19,office,Dresden,,DE,home,Dresden,,DE,regional_train,subscription,,,9.45,0.0,4.39,0.331,False,True,False,False,,0
6dc77cb7-4415-5ea3-8ab1-c0ac7c9d0d82,e734f2c2-c58c-589f-bd35-177184d9ca24,725be174-ba53-516d-8beb-a4056cbac517,aeb0c2f2-cec7-5729-a0e8-57df5b01b675,1,2026-04-30 08:09:00+02:00,2026-04-30 08:27:00+02:00,18,home,Dresden,,DE,office,Dresden,,DE,regional_train,subscription,,,9.06,0.0,4.31,0.317,False,True,False,False,,0
a185e083-1108-510c-9234-138bbed71606,d8a9dee1-43d4-5603-9152-aee580aa5d76,725be174-ba53-516d-8beb-a4056cbac517,aeb0c2f2-cec7-5729-a0e8-57df5b01b675,1,2026-04-30 16:32:00+02:00,2026-04-30 16:50:00+02:00,18,office,Dresden,,DE,home,Dresden,,DE,regional_train,subscription,,,9.06,0.0,4.31,0.317,False,True,False,False,,0
70815c14-af32-5270-b206-f9dae45c841a,4f46f48f-7598-578d-9d16-c8b370281b74,725be174-ba53-516d-8beb-a4056cbac517,aeb0c2f2-cec7-5729-a0e8-57df5b01b675,1,2026-05-01 08:04:00+02:00,2026-05-01 08:24:00+02:00,20,home,Dresden,,DE,office,Dresden,,DE,regional_train,subscription,,,9.79,0.0,4.46,0.343,False,True,False,False,,0
486d5cd0-166c-5569-a28c-cc8e1e004c92,65fc3e72-7ac5-561a-97ce-732ec74f40e6,725be174-ba53-516d-8beb-a4056cbac517,aeb0c2f2-cec7-5729-a0e8-57df5b01b675,1,2026-05-01 16:49:00+02:00,2026-05-01 17:09:00+02:00,20,office,Dresden,,DE,home,Dresden,,DE,regional_train,subscription,,,9.79,0.0,4.46,0.343,False,True,False,False,,0
7a328fda-c279-5493-bf40-c90c6930faea,ef13bf0f-b248-5d4b-97ad-54ac92d1ceec,725be174-ba53-516d-8beb-a4056cbac517,aeb0c2f2-cec7-5729-a0e8-57df5b01b675,1,2026-05-02 14:00:00+02:00,2026-05-02 14:09:00+02:00,9,home,Dresden,,DE,city center,Dresden,,DE,public_transport,subscription,,,4.24,0.0,2.9,0.17,False,True,False,False,,0
2d20e398-90d2-52b0-b283-7868b28d608b,2321be99-0c6f-5d5e-b4d5-617caeacf2eb,725be174-ba53-516d-8beb-a4056cbac517,aeb0c2f2-cec7-5729-a0e8-57df5b01b675,1,2026-05-04 08:25:00+02:00,2026-05-04 08:48:00+02:00,23,home,Dresden,,DE,office,Dresden,,DE,regional_train,subscription,,,11.72,0.0,4.84,0.41,False,True,False,False,,0
7eabfa70-cfab-5e10-90a6-acd19e45cffb,69f06da9-0e5a-503d-9007-0757b3675146,725be174-ba53-516d-8beb-a4056cbac517,aeb0c2f2-cec7-5729-a0e8-57df5b01b675,1,2026-05-04 16:32:00+02:00,2026-05-04 16:55:00+02:00,23,office,Dresden,,DE,home,Dresden,,DE,regional_train,subscription,,,11.72,0.0,4.84,0.41,False,True,False,False,,0
c8a83413-fd4e-51ff-bd11-4f068ae63dec,f198f979-b692-5a1c-badb-bbd2e94af242,725be174-ba53-516d-8beb-a4056cbac517,aeb0c2f2-cec7-5729-a0e8-57df5b01b675,1,2026-05-07 08:02:00+02:00,2026-05-07 08:21:00+02:00,19,home,Dresden,,DE,office,Dresden,,DE,regional_train,subscription,,,9.27,0.0,4.35,0.324,False,True,False,False,,0
826385a0-f10a-5a99-935f-e23a1a4c3460,0999d9e7-91e2-53ad-b56e-85eadc7e640f,725be174-ba53-516d-8beb-a4056cbac517,aeb0c2f2-cec7-5729-a0e8-57df5b01b675,1,2026-05-07 16:50:00+02:00,2026-05-07 17:09:00+02:00,19,office,Dresden,,DE,home,Dresden,,DE,regional_train,subscription,,,9.27,0.0,4.35,0.324,False,True,False,False,,0
16ba8718-a096-5f9a-afcf-c6382e10ccf6,91c72060-d778-5621-a5c7-3fe9e040120b,725be174-ba53-516d-8beb-a4056cbac517,aeb0c2f2-cec7-5729-a0e8-57df5b01b675,1,2026-05-08 08:22:00+02:00,2026-05-08 08:44:00+02:00,22,home,Dresden,,DE,office,Dresden,,DE,regional_train,subscription,,,11.25,0.0,4.75,0.394,False,True,False,False,,0
43826cde-29d1-5c8b-9320-fab08490a20e,bba58d20-e038-5b67-9ea4-8aed9d1e28ed,725be174-ba53-516d-8beb-a4056cbac517,aeb0c2f2-cec7-5729-a0e8-57df5b01b675,1,2026-05-08 16:44:00+02:00,2026-05-08 17:06:00+02:00,22,office,Dresden,,DE,home,Dresden,,DE,regional_train,subscription,,,11.25,0.0,4.75,0.394,False,True,False,False,,0
328a4d19-c573-5f74-8cc4-523ffab19d3f,b7655e97-0945-502d-ab12-4da97bc7a7cd,725be174-ba53-516d-8beb-a4056cbac517,aeb0c2f2-cec7-5729-a0e8-57df5b01b675,1,2026-05-11 08:06:00+02:00,2026-05-11 08:25:00+02:00,19,home,Dresden,,DE,office,Dresden,,DE,regional_train,subscription,,,9.31,0.0,4.36,0.326,False,True,False,False,,0
4dd4f93d-e3d1-5e09-85e8-08ce3039d33d,c0abf6a7-1de0-585f-99e4-56074ad77ee1,725be174-ba53-516d-8beb-a4056cbac517,aeb0c2f2-cec7-5729-a0e8-57df5b01b675,1,2026-05-11 16:47:00+02:00,2026-05-11 17:06:00+02:00,19,office,Dresden,,DE,home,Dresden,,DE,regional_train,subscription,,,9.31,0.0,4.36,0.326,False,True,False,False,,0
bd60b9aa-4ffa-51bd-a0c1-83e1375bcf13,d6891285-2360-501c-a954-432b4441aaaf,725be174-ba53-516d-8beb-a4056cbac517,aeb0c2f2-cec7-5729-a0e8-57df5b01b675,1,2026-05-12 08:24:00+02:00,2026-05-12 08:47:00+02:00,23,home,Dresden,,DE,office,Dresden,,DE,regional_train,subscription,,,11.37,0.0,4.77,0.398,False,True,False,False,,0
2bfa3487-7233-5f60-a608-1f9e8f6da022,6e5448f0-fcb8-5940-a477-115fa0478cd9,725be174-ba53-516d-8beb-a4056cbac517,aeb0c2f2-cec7-5729-a0e8-57df5b01b675,1,2026-05-12 16:38:00+02:00,2026-05-12 17:01:00+02:00,23,office,Dresden,,DE,home,Dresden,,DE,regional_train,subscription,,,11.37,0.0,4.77,0.398,False,True,False,False,,0
db20a054-5e2f-572f-bc2b-78df888fa99e,7efd6a08-0d28-558c-85e9-3d0009316acd,725be174-ba53-516d-8beb-a4056cbac517,aeb0c2f2-cec7-5729-a0e8-57df5b01b675,1,2026-05-13 08:03:00+02:00,2026-05-13 08:24:00+02:00,21,home,Dresden,,DE,office,Dresden,,DE,regional_train,subscription,,,10.69,0.0,4.64,0.374,False,True,False,False,,0
107c6488-abaa-52fa-b6d1-fadafa747344,d5a2b14b-7e8f-50a4-a8fa-e8459eaf5154,725be174-ba53-516d-8beb-a4056cbac517,aeb0c2f2-cec7-5729-a0e8-57df5b01b675,1,2026-05-13 16:42:00+02:00,2026-05-13 17:03:00+02:00,21,office,Dresden,,DE,home,Dresden,,DE,regional_train,subscription,,,10.69,0.0,4.64,0.374,False,True,False,False,,0
03ba4671-5027-5279-bc99-97a14c0a00a3,cea25729-736b-550d-bdb8-3e05f3e09717,725be174-ba53-516d-8beb-a4056cbac517,aeb0c2f2-cec7-5729-a0e8-57df5b01b675,1,2026-05-19 08:07:00+02:00,2026-05-19 08:31:00+02:00,24,home,Dresden,,DE,office,Dresden,,DE,regional_train,subscription,,,11.78,0.0,4.86,0.412,False,True,False,False,,0
a6398be7-6386-5b99-8416-bedba778a25b,973c6bc1-4d44-5e50-b5b5-4a7f0978b4b3,725be174-ba53-516d-8beb-a4056cbac517,aeb0c2f2-cec7-5729-a0e8-57df5b01b675,1,2026-05-19 16:40:00+02:00,2026-05-19 17:04:00+02:00,24,office,Dresden,,DE,home,Dresden,,DE,regional_train,subscription,,,11.78,0.0,4.86,0.412,False,True,False,False,,0
5587cd2d-ab2e-5edb-9f00-1c0c58fd5ff5,3aa10d73-3df9-5aeb-b036-3dd189d4ef76,725be174-ba53-516d-8beb-a4056cbac517,aeb0c2f2-cec7-5729-a0e8-57df5b01b675,1,2026-05-21 08:06:00+02:00,2026-05-21 08:25:00+02:00,19,home,Dresden,,DE,office,Dresden,,DE,regional_train,subscription,,,9.38,0.0,4.38,0.328,False,True,False,False,,0
adf3cef8-0b29-5c3b-9459-699574566932,e2bf21b2-4ac2-5132-ab85-0ac3fdd6fc07,725be174-ba53-516d-8beb-a4056cbac517,aeb0c2f2-cec7-5729-a0e8-57df5b01b675,1,2026-05-21 16:42:00+02:00,2026-05-21 17:01:00+02:00,19,office,Dresden,,DE,home,Dresden,,DE,regional_train,subscription,,,9.38,0.0,4.38,0.328,False,True,False,False,,0
3ecd8b28-de7d-548c-acf4-1176f00cbc46,91080d4f-5845-5668-8502-d3e5b9e58587,725be174-ba53-516d-8beb-a4056cbac517,aeb0c2f2-cec7-5729-a0e8-57df5b01b675,1,2026-05-22 08:13:00+02:00,2026-05-22 08:33:00+02:00,20,home,Dresden,,DE,office,Dresden,,DE,regional_train,subscription,,,10.25,0.0,4.55,0.359,False,True,False,False,,0
a65fc1ff-4e40-55a6-a1cb-2c62701cf4a7,2c3f9788-7631-5181-9d04-35110a93ea59,725be174-ba53-516d-8beb-a4056cbac517,aeb0c2f2-cec7-5729-a0e8-57df5b01b675,1,2026-05-22 16:31:00+02:00,2026-05-22 16:51:00+02:00,20,office,Dresden,,DE,home,Dresden,,DE,regional_train,subscription,,,10.25,0.0,4.55,0.359,False,True,False,False,,0
ce574d5e-38c7-55e0-a3f0-3d829c43753b,4a59af94-4795-5586-9ce6-2c340cf56df0,725be174-ba53-516d-8beb-a4056cbac517,aeb0c2f2-cec7-5729-a0e8-57df5b01b675,1,2026-05-25 08:04:00+02:00,2026-05-25 08:27:00+02:00,23,home,Dresden,,DE,office,Dresden,,DE,regional_train,subscription,,,11.53,0.0,4.81,0.404,False,True,False,False,,0
a9a105a8-871c-5337-85f7-1da8737170f5,1fb8255e-399d-52f5-bafc-616d1188a612,725be174-ba53-516d-8beb-a4056cbac517,aeb0c2f2-cec7-5729-a0e8-57df5b01b675,1,2026-05-25 16:52:00+02:00,2026-05-25 17:15:00+02:00,23,office,Dresden,,DE,home,Dresden,,DE,regional_train,subscription,,,11.53,0.0,4.81,0.404,False,True,False,False,,0
925953ac-355c-59ff-b968-1d5d02709770,1379cf96-3f28-529c-a314-53d1995e7d15,725be174-ba53-516d-8beb-a4056cbac517,aeb0c2f2-cec7-5729-a0e8-57df5b01b675,1,2026-05-26 08:03:00+02:00,2026-05-26 08:27:00+02:00,24,home,Dresden,,DE,office,Dresden,,DE,regional_train,subscription,,,11.76,0.0,4.85,0.412,False,True,False,False,,0
89f53843-7e8f-5355-afdd-432bca416fe0,5701b0b0-40b0-55d2-9b35-32988b09b7d7,725be174-ba53-516d-8beb-a4056cbac517,aeb0c2f2-cec7-5729-a0e8-57df5b01b675,1,2026-05-26 16:49:00+02:00,2026-05-26 17:13:00+02:00,24,office,Dresden,,DE,home,Dresden,,DE,regional_train,subscription,,,11.76,0.0,4.85,0.412,False,True,False,False,,0
5aeb5e88-6529-588f-806a-9bec432ba455,299d2361-dec6-5bcb-9179-271bec6c1a72,725be174-ba53-516d-8beb-a4056cbac517,aeb0c2f2-cec7-5729-a0e8-57df5b01b675,1,2026-05-27 08:18:00+02:00,2026-05-27 08:37:00+02:00,19,home,Dresden,,DE,office,Dresden,,DE,regional_train,subscription,,,9.56,0.0,4.41,0.335,False,True,False,False,,0
5a763792-dd44-5269-82a6-55928e89a2fb,36a28cfe-c604-5879-9736-7b4056e92e22,725be174-ba53-516d-8beb-a4056cbac517,aeb0c2f2-cec7-5729-a0e8-57df5b01b675,1,2026-05-27 16:37:00+02:00,2026-05-27 16:56:00+02:00,19,office,Dresden,,DE,home,Dresden,,DE,regional_train,subscription,,,9.56,0.0,4.41,0.335,False,True,False,False,,0
35782571-a388-519a-8199-96d9d8ad7fef,d47a9972-54f7-55eb-a34a-11d39ad327d5,725be174-ba53-516d-8beb-a4056cbac517,aeb0c2f2-cec7-5729-a0e8-57df5b01b675,1,2026-05-31 16:00:00+02:00,2026-05-31 16:08:00+02:00,8,home,Dresden,,DE,farmers market,Dresden,,DE,public_transport,subscription,,,3.49,0.0,2.9,0.14,False,True,False,False,,0
b0ff840f-7d64-593a-a775-8072710b9f75,cdedad28-5526-55e0-ab8b-69d0425fc32a,725be174-ba53-516d-8beb-a4056cbac517,aeb0c2f2-cec7-5729-a0e8-57df5b01b675,1,2026-06-10 08:14:00+02:00,2026-06-10 08:34:00+02:00,20,home,Dresden,,DE,office,Dresden,,DE,regional_train,subscription,,,9.99,0.0,4.5,0.35,False,True,False,False,,0
a437ff77-796d-573b-81cf-b685822a3fd4,cb3c3229-faf1-5311-995a-53188f2084a2,725be174-ba53-516d-8beb-a4056cbac517,aeb0c2f2-cec7-5729-a0e8-57df5b01b675,1,2026-06-10 16:47:00+02:00,2026-06-10 17:07:00+02:00,20,office,Dresden,,DE,home,Dresden,,DE,regional_train,subscription,,,9.99,0.0,4.5,0.35,False,True,False,False,,0
ed6c19d5-086f-51bf-9636-a49567628ba8,051a32ca-584a-5026-8654-b9068621daf3,725be174-ba53-516d-8beb-a4056cbac517,aeb0c2f2-cec7-5729-a0e8-57df5b01b675,1,2026-06-11 08:11:00+02:00,2026-06-11 08:30:00+02:00,19,home,Dresden,,DE,office,Dresden,,DE,regional_train,subscription,,,9.46,0.0,4.39,0.331,False,True,False,False,,0
8f23801e-68b5-5de0-badf-57da46e87da5,43a02cfa-b276-5dd2-a784-b1898f63991b,725be174-ba53-516d-8beb-a4056cbac517,aeb0c2f2-cec7-5729-a0e8-57df5b01b675,1,2026-06-11 16:35:00+02:00,2026-06-11 16:54:00+02:00,19,office,Dresden,,DE,home,Dresden,,DE,regional_train,subscription,,,9.46,0.0,4.39,0.331,False,True,False,False,,0
1975fda5-fc41-5d8a-b0c6-2fbc43987ffc,80274371-f4e7-5772-8310-3fd36c07aa8e,725be174-ba53-516d-8beb-a4056cbac517,aeb0c2f2-cec7-5729-a0e8-57df5b01b675,1,2026-06-15 08:09:00+02:00,2026-06-15 08:32:00+02:00,23,home,Dresden,,DE,office,Dresden,,DE,regional_train,subscription,,,11.53,0.0,4.81,0.404,False,True,False,False,,0
b6e5704f-a059-534a-802a-19669a044de4,2fa2a090-c629-5fcb-918f-0a0369113e68,725be174-ba53-516d-8beb-a4056cbac517,aeb0c2f2-cec7-5729-a0e8-57df5b01b675,1,2026-06-15 16:33:00+02:00,2026-06-15 16:56:00+02:00,23,office,Dresden,,DE,home,Dresden,,DE,regional_train,subscription,,,11.53,0.0,4.81,0.404,False,True,False,False,,0
3343f69e-9477-524e-954e-20d478238842,19a71dc4-5694-5e60-a6a8-70cc4382c2fa,725be174-ba53-516d-8beb-a4056cbac517,aeb0c2f2-cec7-5729-a0e8-57df5b01b675,1,2026-06-16 08:11:00+02:00,2026-06-16 08:33:00+02:00,22,home,Dresden,,DE,office,Dresden,,DE,regional_train,subscription,,,11.1,0.0,4.72,0.389,False,True,False,False,,0
fe08ea0b-69e6-56f8-8f3c-f63730fa4e57,13b81a09-5818-557d-b431-e26217f361d9,725be174-ba53-516d-8beb-a4056cbac517,aeb0c2f2-cec7-5729-a0e8-57df5b01b675,1,2026-06-16 16:45:00+02:00,2026-06-16 17:07:00+02:00,22,office,Dresden,,DE,home,Dresden,,DE,regional_train,subscription,,,11.1,0.0,4.72,0.389,False,True,False,False,,0
d2726b96-a962-59a2-8dd1-71dab1e7cfe0,b5f3c9ba-5f64-5802-8392-ff2b9e2d309e,725be174-ba53-516d-8beb-a4056cbac517,aeb0c2f2-cec7-5729-a0e8-57df5b01b675,1,2026-06-18 08:12:00+02:00,2026-06-18 08:32:00+02:00,20,home,Dresden,,DE,office,Dresden,,DE,regional_train,subscription,,,9.79,0.0,4.46,0.343,False,True,False,False,,0
35d2ca1f-6083-5e37-bbcd-99b30a088862,6208fe9b-80d5-525c-9ba4-01a72b9c9c70,725be174-ba53-516d-8beb-a4056cbac517,aeb0c2f2-cec7-5729-a0e8-57df5b01b675,1,2026-06-18 16:42:00+02:00,2026-06-18 17:02:00+02:00,20,office,Dresden,,DE,home,Dresden,,DE,regional_train,subscription,,,9.79,0.0,4.46,0.343,False,True,False,False,,0
cde2e527-707e-5cff-98f6-934a418ce445,82235fca-2d82-5fe2-8789-c1a63414eaba,725be174-ba53-516d-8beb-a4056cbac517,aeb0c2f2-cec7-5729-a0e8-57df5b01b675,1,2026-06-19 08:18:00+02:00,2026-06-19 08:41:00+02:00,23,home,Dresden,,DE,office,Dresden,,DE,regional_train,subscription,,,11.33,0.0,4.77,0.397,False,True,False,False,,0
a933098f-7e21-58e9-bc07-631dc7ccc374,d7c0218d-f1b9-5ee5-9e1a-98a6125d44f9,725be174-ba53-516d-8beb-a4056cbac517,aeb0c2f2-cec7-5729-a0e8-57df5b01b675,1,2026-06-19 16:33:00+02:00,2026-06-19 16:56:00+02:00,23,office,Dresden,,DE,home,Dresden,,DE,regional_train,subscription,,,11.33,0.0,4.77,0.397,False,True,False,False,,0
b407cc76-55e7-5392-98d5-162f2ceee8f8,798512be-4cba-594c-a7ca-5ba31fd39198,725be174-ba53-516d-8beb-a4056cbac517,aeb0c2f2-cec7-5729-a0e8-57df5b01b675,1,2026-06-23 08:03:00+02:00,2026-06-23 08:21:00+02:00,18,home,Dresden,,DE,office,Dresden,,DE,regional_train,subscription,,,9.02,0.0,4.3,0.316,False,True,False,False,,0
7bd6e897-cef6-5f1b-ad2d-8f5780ff3724,d23932f1-c59f-5492-aa3e-99347b4933ee,725be174-ba53-516d-8beb-a4056cbac517,aeb0c2f2-cec7-5729-a0e8-57df5b01b675,1,2026-06-23 16:37:00+02:00,2026-06-23 16:55:00+02:00,18,office,Dresden,,DE,home,Dresden,,DE,regional_train,subscription,,,9.02,0.0,4.3,0.316,False,True,False,False,,0
c05d261c-5a6d-506f-a2a9-3bc8e8339821,e4ab1bed-d8b3-5269-8266-b543ca6c3492,725be174-ba53-516d-8beb-a4056cbac517,aeb0c2f2-cec7-5729-a0e8-57df5b01b675,1,2026-06-26 08:04:00+02:00,2026-06-26 08:26:00+02:00,22,home,Dresden,,DE,office,Dresden,,DE,regional_train,subscription,,,10.83,0.0,4.67,0.379,False,True,False,False,,0
8f8326ef-962f-5348-b955-e6ade5fb0ccd,65f6337d-f982-559c-999f-f6b1a9123fa9,725be174-ba53-516d-8beb-a4056cbac517,aeb0c2f2-cec7-5729-a0e8-57df5b01b675,1,2026-06-26 16:35:00+02:00,2026-06-26 16:57:00+02:00,22,office,Dresden,,DE,home,Dresden,,DE,regional_train,subscription,,,10.83,0.0,4.67,0.379,False,True,False,False,,0
60efa81e-004b-5ac7-8ceb-b1372bcd5100,9ef5ab29-3409-5e5d-bc08-2ed79e44636e,725be174-ba53-516d-8beb-a4056cbac517,aeb0c2f2-cec7-5729-a0e8-57df5b01b675,1,2026-06-30 08:10:00+02:00,2026-06-30 08:32:00+02:00,22,home,Dresden,,DE,office,Dresden,,DE,regional_train,subscription,,,10.88,0.0,4.68,0.381,False,True,False,False,,0
9112072b-c3c7-5453-9355-6e001aaa6c13,01b7e31a-fe48-5fe6-ad50-0b5167e41f73,725be174-ba53-516d-8beb-a4056cbac517,aeb0c2f2-cec7-5729-a0e8-57df5b01b675,1,2026-06-30 16:45:00+02:00,2026-06-30 17:07:00+02:00,22,office,Dresden,,DE,home,Dresden,,DE,regional_train,subscription,,,10.88,0.0,4.68,0.381,False,True,False,False,,0
669dccce-9862-579a-89b5-43946f466542,12566a12-0356-58d5-91e5-0dde34ce69f5,725be174-ba53-516d-8beb-a4056cbac517,edb4897f-a369-5b41-abcf-c2ba5d15da81,1,2025-09-18 08:10:00+02:00,2025-09-18 09:51:00+02:00,101,home,Dresden,,DE,conference venue,Leipzig,,DE,long_distance_train,subscription,,,312.01,37.44,49.92,9.36,False,True,False,False,,0
c47a1fe8-0518-5442-bbe4-56bedda0b212,ea1145c9-9eda-5f17-8e20-3778ad0a4b0b,725be174-ba53-516d-8beb-a4056cbac517,edb4897f-a369-5b41-abcf-c2ba5d15da81,1,2025-09-18 18:20:00+02:00,2025-09-18 20:01:00+02:00,101,conference venue,Leipzig,,DE,home,Dresden,,DE,long_distance_train,subscription,,,312.01,37.44,49.92,9.36,False,True,False,False,,0
23a0f6a3-f0a5-5267-966e-285e5ba61812,e3f75d6c-72c7-5396-a074-15eb18764392,725be174-ba53-516d-8beb-a4056cbac517,edb4897f-a369-5b41-abcf-c2ba5d15da81,1,2026-03-06 08:10:00+02:00,2026-03-06 09:47:00+02:00,97,home,Dresden,,DE,conference venue,Leipzig,,DE,long_distance_train,subscription,,,299.6,35.95,47.94,8.988,False,True,False,False,,0
1e56c22a-ed8e-5885-859e-b044ec127073,2f651175-0b0a-56bd-81d0-3c44e53ca3ca,725be174-ba53-516d-8beb-a4056cbac517,edb4897f-a369-5b41-abcf-c2ba5d15da81,1,2026-03-06 18:20:00+02:00,2026-03-06 19:57:00+02:00,97,conference venue,Leipzig,,DE,home,Dresden,,DE,long_distance_train,subscription,,,299.6,35.95,47.94,8.988,False,True,False,False,,0
54eb0dfd-9cda-57a4-bddc-27bdc6c3c01f,c64bb026-d687-54e4-98de-60bde46902e1,725be174-ba53-516d-8beb-a4056cbac517,7da31b16-f483-5319-8e1a-f14caae0bd41,1,2025-07-15 14:00:00+02:00,2025-07-15 14:18:00+02:00,18,home,Dresden,,DE,riverside path,Dresden,,DE,bike_sharing,subscription,,,3.6,0.0,3.16,0.018,False,True,False,False,,0
12283cd8-2c59-53aa-bb05-b3ad0764fbcb,87bddb31-8a4c-51d2-ae7f-63f24c46eac4,725be174-ba53-516d-8beb-a4056cbac517,7da31b16-f483-5319-8e1a-f14caae0bd41,1,2025-07-30 18:00:00+02:00,2025-07-30 18:10:00+02:00,10,home,Dresden,,DE,riverside path,Dresden,,DE,bike_sharing,subscription,,,2.0,0.0,2.2,0.01,False,True,False,False,,0
13f3cc40-308c-5820-a8f0-27e76df63185,6a8aec26-22b3-5dc4-8c6a-7db75fc86224,725be174-ba53-516d-8beb-a4056cbac517,7da31b16-f483-5319-8e1a-f14caae0bd41,1,2025-08-06 19:00:00+02:00,2025-08-06 19:11:00+02:00,11,home,Dresden,,DE,riverside path,Dresden,,DE,bike_sharing,subscription,,,2.2,0.0,2.32,0.011,False,True,False,False,,0
f1861495-b20e-59c2-ab87-327c86188c44,2ee10c98-a5df-5441-9bcb-6abc15e1c354,725be174-ba53-516d-8beb-a4056cbac517,7da31b16-f483-5319-8e1a-f14caae0bd41,1,2025-09-22 17:00:00+02:00,2025-09-22 17:25:00+02:00,25,home,Dresden,,DE,riverside path,Dresden,,DE,bike_sharing,subscription,,,5.0,0.0,4.0,0.025,False,True,False,False,,0
cc0be176-baf1-5213-bc77-693c93cae0c1,5385a577-8185-5b1c-afa1-995f79cf0e59,725be174-ba53-516d-8beb-a4056cbac517,7da31b16-f483-5319-8e1a-f14caae0bd41,1,2025-12-04 17:00:00+01:00,2025-12-04 17:13:00+01:00,13,home,Dresden,,DE,riverside path,Dresden,,DE,bike_sharing,subscription,,,2.6,0.0,2.56,0.013,False,True,False,False,,0
74a656b6-f987-58de-9039-0a048b3d802a,a04785ff-3a0c-5c9e-9289-3341c01d4d06,725be174-ba53-516d-8beb-a4056cbac517,7da31b16-f483-5319-8e1a-f14caae0bd41,1,2025-12-28 16:00:00+01:00,2025-12-28 16:15:00+01:00,15,home,Dresden,,DE,riverside path,Dresden,,DE,bike_sharing,subscription,,,3.0,0.0,2.8,0.015,False,True,False,False,,0
c0ba288a-2c10-5865-8e89-77c273f579cc,3943ced7-1887-5045-8e7f-1431716f59e8,725be174-ba53-516d-8beb-a4056cbac517,7da31b16-f483-5319-8e1a-f14caae0bd41,1,2026-01-13 19:00:00+01:00,2026-01-13 19:13:00+01:00,13,home,Dresden,,DE,riverside path,Dresden,,DE,bike_sharing,subscription,,,2.6,0.0,2.56,0.013,False,True,False,False,,0
e9145a1e-85cf-5eae-9e06-0a2c9157671a,2ccd4032-0865-55d3-b236-6b362234c59c,725be174-ba53-516d-8beb-a4056cbac517,7da31b16-f483-5319-8e1a-f14caae0bd41,1,2026-03-03 15:00:00+02:00,2026-03-03 15:13:00+02:00,13,home,Dresden,,DE,riverside path,Dresden,,DE,bike_sharing,subscription,,,2.6,0.0,2.56,0.013,False,True,False,False,,0
312c250a-e827-54a0-90b0-f7a86de1a82d,d6546577-886c-5c90-83ea-4542f8f458a9,725be174-ba53-516d-8beb-a4056cbac517,7da31b16-f483-5319-8e1a-f14caae0bd41,1,2026-03-13 15:00:00+02:00,2026-03-13 15:22:00+02:00,22,home,Dresden,,DE,riverside path,Dresden,,DE,bike_sharing,subscription,,,4.4,0.0,3.64,0.022,False,True,False,False,,0
70ccc99e-10c2-5e60-8e93-3643b0079b68,a90161f2-3455-5195-97d0-0e3d8d87089d,725be174-ba53-516d-8beb-a4056cbac517,7da31b16-f483-5319-8e1a-f14caae0bd41,1,2026-03-22 18:00:00+02:00,2026-03-22 18:18:00+02:00,18,home,Dresden,,DE,riverside path,Dresden,,DE,bike_sharing,subscription,,,3.6,0.0,3.16,0.018,False,True,False,False,,0
9387460b-6048-575d-a341-bfec208403c6,e567ad7e-d56e-5699-9a20-8c13cfdaec4c,725be174-ba53-516d-8beb-a4056cbac517,7da31b16-f483-5319-8e1a-f14caae0bd41,1,2026-03-23 12:00:00+02:00,2026-03-23 12:13:00+02:00,13,home,Dresden,,DE,riverside path,Dresden,,DE,bike_sharing,subscription,,,2.6,0.0,2.56,0.013,False,True,False,False,,0
f40dcc6f-71b2-5433-a642-2dd93a668c3d,dd7fe9dd-9354-53a5-b8a5-856127b06a08,725be174-ba53-516d-8beb-a4056cbac517,7da31b16-f483-5319-8e1a-f14caae0bd41,1,2026-03-31 15:00:00+02:00,2026-03-31 15:13:00+02:00,13,home,Dresden,,DE,riverside path,Dresden,,DE,bike_sharing,subscription,,,2.6,0.0,2.56,0.013,False,True,False,False,,0
5c022a8f-0265-51af-9466-fee931588858,3b3633ef-caa1-529a-8e4c-9bf4933603a9,725be174-ba53-516d-8beb-a4056cbac517,7da31b16-f483-5319-8e1a-f14caae0bd41,1,2026-05-03 16:00:00+02:00,2026-05-03 16:19:00+02:00,19,home,Dresden,,DE,riverside path,Dresden,,DE,bike_sharing,subscription,,,3.8,0.0,3.28,0.019,False,True,False,False,,0
1f82c664-c7da-58e6-8e46-d96acd694736,1a845d6d-1025-5f65-b83a-f68742995dc8,725be174-ba53-516d-8beb-a4056cbac517,7da31b16-f483-5319-8e1a-f14caae0bd41,1,2026-05-20 18:00:00+02:00,2026-05-20 18:23:00+02:00,23,home,Dresden,,DE,riverside path,Dresden,,DE,bike_sharing,subscription,,,4.6,0.0,3.76,0.023,False,True,False,False,,0
7f7c5399-b8fe-5edf-ad28-a8b1bfc61a58,db5ee85b-5d0c-5ed6-8470-af9a7b4e71ff,725be174-ba53-516d-8beb-a4056cbac517,7da31b16-f483-5319-8e1a-f14caae0bd41,1,2026-06-10 16:00:00+02:00,2026-06-10 16:19:00+02:00,19,home,Dresden,,DE,riverside path,Dresden,,DE,bike_sharing,subscription,,,3.8,0.0,3.28,0.019,False,True,False,False,,0
dbde7bb3-c70e-5808-a20f-4990326958b6,c868d8e4-afad-5cab-a654-1c7a76925026,932d3626-708a-596b-a1fc-99c2fa1ce9b3,,1,2025-07-02 13:00:00+02:00,2025-07-02 13:21:00+02:00,21,home,Bremen,,DE,riverside promenade,Bremen,,DE,bike_sharing,pay-as-you-go,,,4.62,3.52,3.52,0.023,False,True,False,False,,0
ce613f77-5530-5a9b-835b-164b7d1fe421,cd839d50-1a45-5952-87df-b7dcbae65c68,932d3626-708a-596b-a1fc-99c2fa1ce9b3,,1,2025-07-03 19:00:00+02:00,2025-07-03 19:07:00+02:00,7,home,Bremen,,DE,co-working space,Bremen,,DE,e_scooter,pay-as-you-go,,,1.26,2.75,2.75,0.025,False,True,False,False,,0
09c4d592-1738-5de0-8e55-92327d2a4385,fa93451b-3fb5-52c3-a3df-e72fb552acc8,932d3626-708a-596b-a1fc-99c2fa1ce9b3,,1,2025-07-04 19:00:00+02:00,2025-07-04 19:11:00+02:00,11,home,Bremen,,DE,cafe,Bremen,,DE,e_scooter,pay-as-you-go,,,1.98,3.75,3.75,0.04,False,True,False,False,,0
208ac478-96b2-5b6d-80ca-7ad8a71cbd80,e4d94993-8715-5611-a38a-abf8b126644c,932d3626-708a-596b-a1fc-99c2fa1ce9b3,2cabd1a2-d53c-511a-b6f4-3e39086312da,1,2025-07-07 12:00:00+02:00,2025-07-07 12:24:00+02:00,24,home,Bremen,,DE,print shop,Bremen,,DE,car_sharing,subscription,,,5.72,1.95,5.52,0.858,False,True,False,False,,0
c855e338-1b0c-5934-8e23-f857d41810d8,68c64406-41cd-5063-9cb6-785bc2527c9f,932d3626-708a-596b-a1fc-99c2fa1ce9b3,,1,2025-07-10 17:00:00+02:00,2025-07-10 17:13:00+02:00,13,home,Bremen,,DE,riverside promenade,Bremen,,DE,bike_sharing,pay-as-you-go,,,2.86,2.56,2.56,0.014,False,True,False,False,,0
e01b2c74-4805-5a33-be83-a80f0cef1c4a,a99d0fa8-4156-55aa-8b86-f27c4cc648ed,932d3626-708a-596b-a1fc-99c2fa1ce9b3,2cabd1a2-d53c-511a-b6f4-3e39086312da,1,2025-07-16 10:00:00+02:00,2025-07-16 10:36:00+02:00,36,home,Bremen,,DE,supplier,Bremen,,DE,car_sharing,subscription,,,9.12,3.05,8.2,1.368,False,True,False,False,,0
dcfcef6a-a891-57c3-b391-ca580ec0509f,b75b70d9-4be0-5bd7-b7f2-2c0a456ca560,932d3626-708a-596b-a1fc-99c2fa1ce9b3,2cabd1a2-d53c-511a-b6f4-3e39086312da,1,2025-07-21 09:00:00+02:00,2025-07-21 09:38:00+02:00,38,home,Bremen,,DE,supplier,Bremen,,DE,car_sharing,subscription,,,9.68,3.23,8.65,1.452,False,True,False,False,,0
5775fef9-d29d-5242-ab6c-db237f5787c4,45862ae6-79ea-5b34-a605-09e7bea5d218,932d3626-708a-596b-a1fc-99c2fa1ce9b3,2cabd1a2-d53c-511a-b6f4-3e39086312da,1,2025-07-23 11:00:00+02:00,2025-07-23 11:52:00+02:00,52,home,Bremen,,DE,client studio,Bremen,,DE,car_sharing,subscription,,,13.3,4.44,11.51,1.995,False,True,False,False,,0
231b6a8e-87bd-5f3e-a3a4-fed882bcf72c,ae9d8445-3cea-5b31-86d9-0fa0f21d0faf,932d3626-708a-596b-a1fc-99c2fa1ce9b3,2cabd1a2-d53c-511a-b6f4-3e39086312da,1,2025-07-25 14:00:00+02:00,2025-07-25 14:32:00+02:00,32,home,Bremen,,DE,client studio,Bremen,,DE,car_sharing,subscription,,,8.05,2.7,7.36,1.208,False,True,False,False,,0
10744dbe-4420-5c1a-abbb-f70cd17041fc,1cd37e33-c297-55c7-86ae-772eb4fbbed2,932d3626-708a-596b-a1fc-99c2fa1ce9b3,,1,2025-07-26 11:00:00+02:00,2025-07-26 11:23:00+02:00,23,home,Bremen,,DE,riverside promenade,Bremen,,DE,bike_sharing,pay-as-you-go,,,5.06,3.76,3.76,0.025,False,True,False,False,,0
b6df0193-bdbb-5582-86c6-3e4234b739d1,66f8440b-2a9a-5537-8625-f3b11f3b9fbf,932d3626-708a-596b-a1fc-99c2fa1ce9b3,2cabd1a2-d53c-511a-b6f4-3e39086312da,1,2025-07-29 09:00:00+02:00,2025-07-29 09:31:00+02:00,31,home,Bremen,,DE,client studio,Bremen,,DE,car_sharing,subscription,,,8.33,2.73,7.58,1.25,False,True,False,False,,0
955fe077-7a9f-57ca-ba8f-80e0f037d4be,9f0d4350-3183-5623-98d8-faa21af45018,932d3626-708a-596b-a1fc-99c2fa1ce9b3,,1,2025-07-29 10:00:00+02:00,2025-07-29 10:07:00+02:00,7,home,Bremen,,DE,co-working space,Bremen,,DE,e_scooter,pay-as-you-go,,,1.26,2.75,2.75,0.025,False,True,False,False,,0
f02e8447-2f47-5878-baad-7929372fe253,70c39960-74c5-5dad-a141-0e7b239b5d48,932d3626-708a-596b-a1fc-99c2fa1ce9b3,2cabd1a2-d53c-511a-b6f4-3e39086312da,1,2025-08-01 15:00:00+02:00,2025-08-01 15:47:00+02:00,47,home,Bremen,,DE,supplier,Bremen,,DE,car_sharing,subscription,,,12.15,4.04,10.6,1.823,False,True,False,False,,0
287c61ce-0856-511e-b4ef-1fb652549755,cc32defd-02c5-5d4a-94aa-777b016d01ac,932d3626-708a-596b-a1fc-99c2fa1ce9b3,,1,2025-08-04 16:00:00+02:00,2025-08-04 16:18:00+02:00,18,home,Bremen,,DE,co-working space,Bremen,,DE,e_scooter,pay-as-you-go,,,3.24,5.5,5.5,0.065,False,True,False,False,,0
d611a861-6739-53f7-8180-739cb3df2f40,3b3210c6-68bf-5785-991a-26ad544b367c,932d3626-708a-596b-a1fc-99c2fa1ce9b3,,1,2025-08-08 15:00:00+02:00,2025-08-08 15:11:00+02:00,11,home,Bremen,,DE,studio,Bremen,,DE,e_scooter,pay-as-you-go,,,1.98,3.75,3.75,0.04,False,True,False,False,,0
e907aa52-0a2e-556b-8f2f-bcc8ff46bae3,b59fb5d0-7741-5750-a327-92ceeb0b9cbd,932d3626-708a-596b-a1fc-99c2fa1ce9b3,2cabd1a2-d53c-511a-b6f4-3e39086312da,1,2025-08-14 14:00:00+02:00,2025-08-14 14:32:00+02:00,32,home,Bremen,,DE,client studio,Bremen,,DE,car_sharing,subscription,,,9.27,2.97,8.32,1.39,False,True,False,False,,0
d50df8f5-91b4-5b23-a899-ef08d312d098,e6decf65-f5c9-550a-bfde-7e335bd243c0,932d3626-708a-596b-a1fc-99c2fa1ce9b3,,1,2025-08-29 14:00:00+02:00,2025-08-29 14:09:00+02:00,9,home,Bremen,,DE,studio,Bremen,,DE,e_scooter,pay-as-you-go,,,1.62,3.25,3.25,0.032,False,True,False,False,,0
61e6d8f2-1f87-575f-94a2-914de247c5ba,4935edbd-c15f-5a83-8a81-ee488bbe6e03,932d3626-708a-596b-a1fc-99c2fa1ce9b3,2cabd1a2-d53c-511a-b6f4-3e39086312da,1,2025-09-01 16:00:00+02:00,2025-09-01 16:29:00+02:00,29,home,Bremen,,DE,supplier,Bremen,,DE,car_sharing,subscription,,,5.4,2.02,5.27,0.81,False,True,False,False,,0
3d91cfbe-9c4f-59d1-b8b8-21a82a66daa5,620a1364-d97c-5ef5-84ed-7f27462ae6de,932d3626-708a-596b-a1fc-99c2fa1ce9b3,,1,2025-09-01 15:00:00+02:00,2025-09-01 15:05:00+02:00,5,home,Bremen,,DE,co-working space,Bremen,,DE,e_scooter,pay-as-you-go,,,0.9,2.25,2.25,0.018,False,True,False,False,,0
57c819f2-aa73-5b19-b1ae-13d10894a3ac,40e2e26e-baee-520c-a174-3187ed6807bd,932d3626-708a-596b-a1fc-99c2fa1ce9b3,2cabd1a2-d53c-511a-b6f4-3e39086312da,1,2025-09-02 09:00:00+02:00,2025-09-02 09:27:00+02:00,27,home,Bremen,,DE,client studio,Bremen,,DE,car_sharing,subscription,,,5.71,2.04,5.51,0.856,False,True,False,False,,0
639cce88-a8cf-5b58-8274-a5c88bf59f3d,904b207f-b6d5-5d5e-adca-b5428178ed74,932d3626-708a-596b-a1fc-99c2fa1ce9b3,,1,2025-09-02 12:00:00+02:00,2025-09-02 12:09:00+02:00,9,home,Bremen,,DE,co-working space,Bremen,,DE,e_scooter,pay-as-you-go,,,1.62,3.25,3.25,0.032,False,True,False,False,,0
53bbffd5-66df-5c2b-a9cc-046eb83fa3b5,3329b434-44c7-5cd7-b5db-9de91e74a49b,932d3626-708a-596b-a1fc-99c2fa1ce9b3,,1,2025-09-03 14:00:00+02:00,2025-09-03 14:11:00+02:00,11,home,Bremen,,DE,co-working space,Bremen,,DE,e_scooter,pay-as-you-go,,,1.98,3.75,3.75,0.04,False,True,False,False,,0
98e65a2a-ea72-5ee3-9dd8-43d49d6c39bf,b776c0e3-ac72-5450-b26c-b081970676f0,932d3626-708a-596b-a1fc-99c2fa1ce9b3,,1,2025-09-03 13:00:00+02:00,2025-09-03 13:13:00+02:00,13,home,Bremen,,DE,riverside promenade,Bremen,,DE,bike_sharing,pay-as-you-go,,,2.86,2.56,2.56,0.014,False,True,False,False,,0
85d5611a-ad94-530b-aeb4-bcda14c88fe4,4a2e3e60-8f38-56c2-95f5-065685e0d6c8,932d3626-708a-596b-a1fc-99c2fa1ce9b3,,1,2025-09-04 10:00:00+02:00,2025-09-04 10:17:00+02:00,17,home,Bremen,,DE,co-working space,Bremen,,DE,e_scooter,pay-as-you-go,,,3.06,5.25,5.25,0.061,False,True,False,False,,0
bebd2506-bb1a-5648-b7b7-fe2af6fef61f,3caf1e7a-6daf-5dab-a0c4-2a688101e909,932d3626-708a-596b-a1fc-99c2fa1ce9b3,2cabd1a2-d53c-511a-b6f4-3e39086312da,1,2025-09-05 15:00:00+02:00,2025-09-05 15:29:00+02:00,29,home,Bremen,,DE,supplier,Bremen,,DE,car_sharing,subscription,,,6.87,2.35,6.43,1.03,False,True,False,False,,0
327c86f0-5976-5e83-9928-c8d215e1987e,b45fc321-1f01-5821-9b65-5dca3c15a4aa,932d3626-708a-596b-a1fc-99c2fa1ce9b3,,1,2025-09-05 13:00:00+02:00,2025-09-05 13:06:00+02:00,6,home,Bremen,,DE,studio,Bremen,,DE,e_scooter,pay-as-you-go,,,1.08,2.5,2.5,0.022,False,True,False,False,,0
8d2af13b-0630-5641-9b36-867177542b95,0e00cd84-e5bc-5507-b6fc-05fc9a6aac10,932d3626-708a-596b-a1fc-99c2fa1ce9b3,2cabd1a2-d53c-511a-b6f4-3e39086312da,1,2025-09-07 13:00:00+02:00,2025-09-07 13:39:00+02:00,39,home,Bremen,,DE,supplier,Bremen,,DE,car_sharing,subscription,,,9.16,3.14,8.24,1.374,False,True,False,False,,0
7bcdc17a-d7dd-57a5-9306-f071659a0029,51e52af2-6a69-5ac9-91e8-a2509f87f4b2,932d3626-708a-596b-a1fc-99c2fa1ce9b3,,1,2025-09-07 13:00:00+02:00,2025-09-07 13:12:00+02:00,12,home,Bremen,,DE,studio,Bremen,,DE,e_scooter,pay-as-you-go,,,2.16,4.0,4.0,0.043,False,True,False,False,,0
a50b2864-734c-57c3-8257-cd9d5871aba1,25e2751e-bdcf-551f-a997-0bc9a89df26d,932d3626-708a-596b-a1fc-99c2fa1ce9b3,2cabd1a2-d53c-511a-b6f4-3e39086312da,1,2025-09-09 10:00:00+02:00,2025-09-09 10:35:00+02:00,35,home,Bremen,,DE,print shop,Bremen,,DE,car_sharing,subscription,,,9.27,3.06,8.32,1.39,False,True,False,False,,0
c8f9477b-21d9-509f-914a-f30aec33a56e,e358d097-7a17-5c1b-b21a-17f2be70d83b,932d3626-708a-596b-a1fc-99c2fa1ce9b3,2cabd1a2-d53c-511a-b6f4-3e39086312da,1,2025-09-10 15:00:00+02:00,2025-09-10 15:33:00+02:00,33,home,Bremen,,DE,client studio,Bremen,,DE,car_sharing,subscription,,,8.43,2.81,7.66,1.264,False,True,False,False,,0
3afd1005-7b9c-5dc4-8572-51dd37fc5162,9fe2fc5f-c203-5695-90d7-c669ae464c5a,932d3626-708a-596b-a1fc-99c2fa1ce9b3,,1,2025-09-10 19:00:00+02:00,2025-09-10 19:18:00+02:00,18,home,Bremen,,DE,co-working space,Bremen,,DE,e_scooter,pay-as-you-go,,,3.24,5.5,5.5,0.065,False,True,False,False,,0
ce6c170f-d5ff-515b-9820-0d5c1a3257c7,59c9f1ff-9466-5cdb-b7df-daae8f0c181b,932d3626-708a-596b-a1fc-99c2fa1ce9b3,2cabd1a2-d53c-511a-b6f4-3e39086312da,1,2025-09-11 13:00:00+02:00,2025-09-11 13:34:00+02:00,34,home,Bremen,,DE,print shop,Bremen,,DE,car_sharing,subscription,,,9.37,3.05,8.4,1.405,False,True,False,False,,0
45352f34-40b8-50c3-82df-8586c2512f9e,9ef3a578-2c0d-56c0-8bcf-e845c2a79520,932d3626-708a-596b-a1fc-99c2fa1ce9b3,2cabd1a2-d53c-511a-b6f4-3e39086312da,1,2025-09-12 14:00:00+02:00,2025-09-12 14:47:00+02:00,47,home,Bremen,,DE,supplier,Bremen,,DE,car_sharing,subscription,,,12.87,4.2,11.17,1.93,False,True,False,False,,0
e5c8d9d4-82e8-5ca9-94b9-c1e5e3b8a66f,baff1ffe-c1c0-558f-9279-f1dace91041a,932d3626-708a-596b-a1fc-99c2fa1ce9b3,,1,2025-09-15 16:00:00+02:00,2025-09-15 16:15:00+02:00,15,home,Bremen,,DE,studio,Bremen,,DE,e_scooter,pay-as-you-go,,,2.7,4.75,4.75,0.054,False,True,False,False,,0
3a55dfde-c5e5-5227-bbe3-d03b386238ee,c8ad9867-ff9c-565d-b199-2c3eaa764c79,932d3626-708a-596b-a1fc-99c2fa1ce9b3,,1,2025-09-15 12:00:00+02:00,2025-09-15 12:18:00+02:00,18,home,Bremen,,DE,riverside promenade,Bremen,,DE,bike_sharing,pay-as-you-go,,,3.96,3.16,3.16,0.02,False,True,False,False,,0
432de222-855e-5709-8eea-dec7c76536e8,408a2cb9-94f6-5e1f-ba77-1c7926c5f6e4,932d3626-708a-596b-a1fc-99c2fa1ce9b3,2cabd1a2-d53c-511a-b6f4-3e39086312da,1,2025-09-16 16:00:00+02:00,2025-09-16 16:35:00+02:00,35,home,Bremen,,DE,supplier,Bremen,,DE,car_sharing,subscription,,,9.64,3.14,8.62,1.446,False,True,False,False,,0
990e3fcb-b199-54d9-b698-f790adfffcf2,8e2603a8-39dd-5504-bfd3-e4276fc0837d,932d3626-708a-596b-a1fc-99c2fa1ce9b3,,1,2025-09-16 09:00:00+02:00,2025-09-16 09:22:00+02:00,22,home,Bremen,,DE,riverside promenade,Bremen,,DE,bike_sharing,pay-as-you-go,,,4.84,3.64,3.64,0.024,False,True,False,False,,0
04749b7f-5365-5cd0-bdf2-b3364083d8c3,eb663c66-750e-5702-96ca-b37bc562b95a,932d3626-708a-596b-a1fc-99c2fa1ce9b3,2cabd1a2-d53c-511a-b6f4-3e39086312da,1,2025-09-18 12:00:00+02:00,2025-09-18 12:40:00+02:00,40,home,Bremen,,DE,supplier,Bremen,,DE,car_sharing,subscription,,,8.9,3.11,8.03,1.335,False,True,False,False,,0
b275b273-9d11-5d0d-8a5d-de69290d4316,0513e15c-c6c8-5d22-8559-781b93b582eb,932d3626-708a-596b-a1fc-99c2fa1ce9b3,,1,2025-09-18 09:00:00+02:00,2025-09-18 09:11:00+02:00,11,home,Bremen,,DE,riverside promenade,Bremen,,DE,bike_sharing,pay-as-you-go,,,2.42,2.32,2.32,0.012,False,True,False,False,,0
7e658b49-a688-523f-a371-3b93f1e0d278,c1a487ae-e2fe-5ff5-84fe-a19d9b0dda14,932d3626-708a-596b-a1fc-99c2fa1ce9b3,,1,2025-09-19 20:00:00+02:00,2025-09-19 20:05:00+02:00,5,home,Bremen,,DE,cafe,Bremen,,DE,e_scooter,pay-as-you-go,,,0.9,2.25,2.25,0.018,False,True,False,False,,0
fcf38d11-c807-579f-9fb1-2495d19c2c69,a792ba0f-1239-5616-95ac-ffe79001079f,932d3626-708a-596b-a1fc-99c2fa1ce9b3,,1,2025-09-20 16:00:00+02:00,2025-09-20 16:13:00+02:00,13,home,Bremen,,DE,co-working space,Bremen,,DE,e_scooter,pay-as-you-go,,,2.34,4.25,4.25,0.047,False,True,False,False,,0
c6726e54-ef4c-5226-b9ec-f21a7b3c7780,e8bbe43b-408f-53d1-82d8-2007e996cc93,932d3626-708a-596b-a1fc-99c2fa1ce9b3,,1,2025-09-21 13:00:00+02:00,2025-09-21 13:10:00+02:00,10,home,Bremen,,DE,co-working space,Bremen,,DE,e_scooter,pay-as-you-go,,,1.8,3.5,3.5,0.036,False,True,False,False,,0
c57560ef-8a1e-5467-8b04-2576e5a499bf,87ae5e7d-86c8-5810-9f95-a4a6c0d17bf5,932d3626-708a-596b-a1fc-99c2fa1ce9b3,,1,2025-09-22 16:00:00+02:00,2025-09-22 16:12:00+02:00,12,home,Bremen,,DE,studio,Bremen,,DE,e_scooter,pay-as-you-go,,,2.16,4.0,4.0,0.043,False,True,False,False,,0
157778ad-4d7a-5733-bc2a-8b060472b3b5,c98a3518-5259-512a-afd2-77d6a4d3310a,932d3626-708a-596b-a1fc-99c2fa1ce9b3,2cabd1a2-d53c-511a-b6f4-3e39086312da,1,2025-09-24 15:00:00+02:00,2025-09-24 15:34:00+02:00,34,home,Bremen,,DE,print shop,Bremen,,DE,car_sharing,subscription,,,7.82,2.7,7.18,1.173,False,True,False,False,,0
c55e8ef4-e9f0-5640-8e88-05288450c1e0,d65611f5-c53e-5b83-adeb-c4e8dcd82de6,932d3626-708a-596b-a1fc-99c2fa1ce9b3,,1,2025-09-25 14:00:00+02:00,2025-09-25 14:13:00+02:00,13,home,Bremen,,DE,cafe,Bremen,,DE,e_scooter,pay-as-you-go,,,2.34,4.25,4.25,0.047,False,True,False,False,,0
9b954083-7c05-52f3-a13d-5c7feb4d1335,8daf64fd-b827-545b-845a-e90ba9561876,932d3626-708a-596b-a1fc-99c2fa1ce9b3,2cabd1a2-d53c-511a-b6f4-3e39086312da,1,2025-09-26 16:00:00+02:00,2025-09-26 16:26:00+02:00,26,home,Bremen,,DE,print shop,Bremen,,DE,car_sharing,subscription,,,7.16,2.33,6.66,1.074,False,True,False,False,,0
e28b8bc9-1341-5c7e-b349-6f86506dd892,65fd8db0-b232-58e6-9e9f-19597010a2ab,932d3626-708a-596b-a1fc-99c2fa1ce9b3,,1,2025-09-26 20:00:00+02:00,2025-09-26 20:08:00+02:00,8,home,Bremen,,DE,studio,Bremen,,DE,e_scooter,pay-as-you-go,,,1.44,3.0,3.0,0.029,False,True,False,False,,0
4e027798-7d11-59cc-a68f-70c5b9ceb2d9,ed0c2947-0758-5011-a772-3a0bcdfdc28d,932d3626-708a-596b-a1fc-99c2fa1ce9b3,,1,2025-09-27 12:00:00+02:00,2025-09-27 12:05:00+02:00,5,home,Bremen,,DE,co-working space,Bremen,,DE,e_scooter,pay-as-you-go,,,0.9,2.25,2.25,0.018,False,True,False,False,,0
057cb352-5972-50d1-a5dd-74e141676057,aa0436ba-3957-54ae-bc0f-92eacf7781de,932d3626-708a-596b-a1fc-99c2fa1ce9b3,,1,2025-09-27 14:00:00+02:00,2025-09-27 14:15:00+02:00,15,home,Bremen,,DE,riverside promenade,Bremen,,DE,bike_sharing,pay-as-you-go,,,3.3,2.8,2.8,0.017,False,True,False,False,,0
9dde4bd1-cb74-545e-b760-0bad57532ddc,9fd2dd32-a09d-57f7-9145-9e42c320499e,932d3626-708a-596b-a1fc-99c2fa1ce9b3,2cabd1a2-d53c-511a-b6f4-3e39086312da,1,2025-09-28 10:00:00+02:00,2025-09-28 10:27:00+02:00,27,home,Bremen,,DE,print shop,Bremen,,DE,car_sharing,subscription,,,5.22,1.93,5.12,0.783,False,True,False,False,,0
619a677a-1ee4-5b59-9517-b63592edc271,2887abd0-4ab6-5f46-bb6f-232e9282fd3e,932d3626-708a-596b-a1fc-99c2fa1ce9b3,2cabd1a2-d53c-511a-b6f4-3e39086312da,1,2025-09-29 09:00:00+02:00,2025-09-29 09:47:00+02:00,47,home,Bremen,,DE,client studio,Bremen,,DE,car_sharing,subscription,,,11.78,3.95,10.31,1.767,False,True,False,False,,0
1988a858-e8d3-5d35-ac98-b22cfb124d3a,705cca37-b188-5807-af2d-288da34297cc,932d3626-708a-596b-a1fc-99c2fa1ce9b3,2cabd1a2-d53c-511a-b6f4-3e39086312da,1,2025-09-30 10:00:00+02:00,2025-09-30 10:35:00+02:00,35,home,Bremen,,DE,print shop,Bremen,,DE,car_sharing,subscription,,,7.95,2.76,7.28,1.192,False,True,False,False,,0
519f6d92-2daf-56c2-b04b-7ac7979eff88,1baf1361-66dd-5476-a27c-5dc439fdf012,932d3626-708a-596b-a1fc-99c2fa1ce9b3,,1,2025-09-30 13:00:00+02:00,2025-09-30 13:05:00+02:00,5,home,Bremen,,DE,cafe,Bremen,,DE,e_scooter,pay-as-you-go,,,0.9,2.25,2.25,0.018,False,True,False,False,,0
fde46e71-3af7-57aa-8b34-bc174fd80b0f,d9b2cfcc-da59-5791-befa-46e82a984abd,932d3626-708a-596b-a1fc-99c2fa1ce9b3,2cabd1a2-d53c-511a-b6f4-3e39086312da,1,2025-10-02 12:00:00+02:00,2025-10-02 12:44:00+02:00,44,home,Bremen,,DE,client studio,Bremen,,DE,car_sharing,subscription,,,11.9,3.9,10.4,1.785,False,True,False,False,,0
a08c5124-f56a-568c-b132-aa0ee85100d7,de360407-bd57-54d8-81c2-2653a409a352,932d3626-708a-596b-a1fc-99c2fa1ce9b3,2cabd1a2-d53c-511a-b6f4-3e39086312da,1,2025-10-03 13:00:00+02:00,2025-10-03 13:25:00+02:00,25,home,Bremen,,DE,supplier,Bremen,,DE,car_sharing,subscription,,,6.64,2.19,6.25,0.996,False,True,False,False,,0
5846ff5a-6e6e-5f82-8762-32deb7bdd32a,a0b9dae7-0dc4-51d0-9029-d4fe8123308e,932d3626-708a-596b-a1fc-99c2fa1ce9b3,2cabd1a2-d53c-511a-b6f4-3e39086312da,1,2025-10-04 14:00:00+02:00,2025-10-04 14:43:00+02:00,43,home,Bremen,,DE,supplier,Bremen,,DE,car_sharing,subscription,,,11.55,3.79,10.12,1.733,False,True,False,False,,0
089d96c7-f90a-5cc8-bebc-f342c0cc1333,b1caf5f1-d8b0-5579-8220-e50c2962644b,932d3626-708a-596b-a1fc-99c2fa1ce9b3,,1,2025-10-05 18:00:00+02:00,2025-10-05 18:29:00+02:00,29,home,Bremen,,DE,riverside promenade,Bremen,,DE,bike_sharing,pay-as-you-go,,,6.38,4.48,4.48,0.032,False,True,False,False,,0
1060a786-b6ca-50b8-bc84-ecbcb1e1bf44,59b7d100-1bd1-53ea-b72b-4701e9e23f94,932d3626-708a-596b-a1fc-99c2fa1ce9b3,2cabd1a2-d53c-511a-b6f4-3e39086312da,1,2025-10-06 12:00:00+02:00,2025-10-06 12:43:00+02:00,43,home,Bremen,,DE,client studio,Bremen,,DE,car_sharing,subscription,,,10.01,3.45,8.91,1.501,False,True,False,False,,0
7d2afdcd-657a-5d15-8baf-c3c22d8e23c0,f4933e12-403b-5362-84bd-e6ef5e4ef1de,932d3626-708a-596b-a1fc-99c2fa1ce9b3,,1,2025-10-06 13:00:00+02:00,2025-10-06 13:06:00+02:00,6,home,Bremen,,DE,co-working space,Bremen,,DE,e_scooter,pay-as-you-go,,,1.08,2.5,2.5,0.022,False,True,False,False,,0
ba7b6d95-47d5-548f-b076-57b249e1e1ca,b8f57d2f-a8ed-5973-ab61-3c107a671a45,932d3626-708a-596b-a1fc-99c2fa1ce9b3,2cabd1a2-d53c-511a-b6f4-3e39086312da,1,2025-10-07 15:00:00+02:00,2025-10-07 15:29:00+02:00,29,home,Bremen,,DE,supplier,Bremen,,DE,car_sharing,subscription,,,5.3,2.0,5.19,0.795,False,True,False,False,,0
d62709ed-6b97-5564-b316-9f8601151c1f,a3c382b3-4a25-5430-ad74-3377e6c9761e,932d3626-708a-596b-a1fc-99c2fa1ce9b3,2cabd1a2-d53c-511a-b6f4-3e39086312da,1,2025-10-08 16:00:00+02:00,2025-10-08 16:40:00+02:00,40,home,Bremen,,DE,client studio,Bremen,,DE,car_sharing,subscription,,,9.94,3.35,8.85,1.491,False,True,False,False,,0
dc295f26-a769-592c-bb89-30c4bb4baa66,c76c1fcc-09d8-52a6-8abb-71bb91653465,932d3626-708a-596b-a1fc-99c2fa1ce9b3,2cabd1a2-d53c-511a-b6f4-3e39086312da,1,2025-10-09 13:00:00+02:00,2025-10-09 13:48:00+02:00,48,home,Bremen,,DE,client studio,Bremen,,DE,car_sharing,subscription,,,11.84,4.0,10.35,1.776,False,True,False,False,,0
aec31d60-584e-5f7c-8192-b40d006d95df,a8a3dce5-8161-5320-8978-06301ba5485a,932d3626-708a-596b-a1fc-99c2fa1ce9b3,2cabd1a2-d53c-511a-b6f4-3e39086312da,1,2025-10-10 09:00:00+02:00,2025-10-10 09:39:00+02:00,39,home,Bremen,,DE,client studio,Bremen,,DE,car_sharing,subscription,,,10.6,3.47,9.37,1.59,False,True,False,False,,0
954dab99-d3ec-5d4d-8a16-65ac6e3b2f2f,d72cd184-3bb7-5271-888a-180f6eaf82cd,932d3626-708a-596b-a1fc-99c2fa1ce9b3,,1,2025-10-13 17:00:00+02:00,2025-10-13 17:09:00+02:00,9,home,Bremen,,DE,studio,Bremen,,DE,e_scooter,pay-as-you-go,,,1.62,3.25,3.25,0.032,False,True,False,False,,0
b4f8be6e-7526-5cc7-a3ae-501ea7af9f8d,3e2910c8-8a3e-526c-9130-6b361db7959d,932d3626-708a-596b-a1fc-99c2fa1ce9b3,2cabd1a2-d53c-511a-b6f4-3e39086312da,1,2025-10-14 12:00:00+02:00,2025-10-14 12:50:00+02:00,50,home,Bremen,,DE,print shop,Bremen,,DE,car_sharing,subscription,,,13.0,4.31,11.27,1.95,False,True,False,False,,0
d44d3691-5c53-5cd4-ae47-9ab8fac3a1f5,ad831dbe-3c62-5a1b-880f-768ee011228e,932d3626-708a-596b-a1fc-99c2fa1ce9b3,,1,2025-10-14 20:00:00+02:00,2025-10-14 20:16:00+02:00,16,home,Bremen,,DE,studio,Bremen,,DE,e_scooter,pay-as-you-go,,,2.88,5.0,5.0,0.058,False,True,False,False,,0
27ef87d8-75eb-5ba0-a9ee-be1aece5c932,7a99b732-4faf-5566-9866-e1da05ecbe66,932d3626-708a-596b-a1fc-99c2fa1ce9b3,2cabd1a2-d53c-511a-b6f4-3e39086312da,1,2025-10-15 11:00:00+02:00,2025-10-15 11:41:00+02:00,41,home,Bremen,,DE,client studio,Bremen,,DE,car_sharing,subscription,,,11.88,3.81,10.39,1.782,False,True,False,False,,0
620965b4-cb86-5269-958f-94595f63218b,fde71517-2c3d-54de-bef7-b5624ee25b43,932d3626-708a-596b-a1fc-99c2fa1ce9b3,,1,2025-10-16 14:00:00+02:00,2025-10-16 14:27:00+02:00,27,home,Bremen,,DE,riverside promenade,Bremen,,DE,bike_sharing,pay-as-you-go,,,5.94,4.24,4.24,0.03,False,True,False,False,,0
2bd34dd0-c8d9-5e3b-bda6-15ae990a8a8c,b6152ddd-5929-5861-ba0b-e5056166767f,932d3626-708a-596b-a1fc-99c2fa1ce9b3,2cabd1a2-d53c-511a-b6f4-3e39086312da,1,2025-10-17 15:00:00+02:00,2025-10-17 15:36:00+02:00,36,home,Bremen,,DE,print shop,Bremen,,DE,car_sharing,subscription,,,9.35,3.1,8.39,1.402,False,True,False,False,,0
59d6e632-f477-54b9-969a-c61ec662bbef,4d703680-2ddd-5552-bd96-e2c2b2cf6d78,932d3626-708a-596b-a1fc-99c2fa1ce9b3,,1,2025-10-17 18:00:00+02:00,2025-10-17 18:05:00+02:00,5,home,Bremen,,DE,co-working space,Bremen,,DE,e_scooter,pay-as-you-go,,,0.9,2.25,2.25,0.018,False,True,False,False,,0
6d31d4f1-21ae-5098-ab62-98db1d8d8d70,320cb405-78c0-5aa6-bed1-d2113d7adebd,932d3626-708a-596b-a1fc-99c2fa1ce9b3,,1,2025-10-18 13:00:00+02:00,2025-10-18 13:13:00+02:00,13,home,Bremen,,DE,cafe,Bremen,,DE,e_scooter,pay-as-you-go,,,2.34,4.25,4.25,0.047,False,True,False,False,,0
df12058f-7b90-53b9-a9c9-d361d27506c2,e54a323e-21d2-57d6-b2f1-2b7d09ffc0d3,932d3626-708a-596b-a1fc-99c2fa1ce9b3,2cabd1a2-d53c-511a-b6f4-3e39086312da,1,2025-10-20 11:00:00+02:00,2025-10-20 11:37:00+02:00,37,home,Bremen,,DE,client studio,Bremen,,DE,car_sharing,subscription,,,10.84,3.46,9.56,1.626,False,True,False,False,,0
10e42346-5961-55c9-a03f-8743f2f46f3c,7e880957-646a-5d76-920e-1d23753f2c03,932d3626-708a-596b-a1fc-99c2fa1ce9b3,,1,2025-10-22 19:00:00+02:00,2025-10-22 19:28:00+02:00,28,home,Bremen,,DE,riverside promenade,Bremen,,DE,bike_sharing,pay-as-you-go,,,6.16,4.36,4.36,0.031,False,True,False,False,,0
c7defdd8-f48a-52c3-9e4d-f36505db9614,df4bf464-3142-5aaf-bbff-e7380bc7ba4e,932d3626-708a-596b-a1fc-99c2fa1ce9b3,2cabd1a2-d53c-511a-b6f4-3e39086312da,1,2025-10-23 13:00:00+02:00,2025-10-23 13:37:00+02:00,37,home,Bremen,,DE,client studio,Bremen,,DE,car_sharing,subscription,,,10.09,3.3,8.97,1.513,False,True,False,False,,0
7cfc9306-a8ba-5dd8-a369-b35bc57912b0,bbbdc290-1e60-57e6-9acb-8066c1dea61e,932d3626-708a-596b-a1fc-99c2fa1ce9b3,,1,2025-10-24 12:00:00+02:00,2025-10-24 12:15:00+02:00,15,home,Bremen,,DE,riverside promenade,Bremen,,DE,bike_sharing,pay-as-you-go,,,3.3,2.8,2.8,0.017,False,True,False,False,,0
ec955357-a4d6-56d5-902a-870fdcbcdb33,6acad1a1-3296-5a2f-8ef7-b5fc05b7cb31,932d3626-708a-596b-a1fc-99c2fa1ce9b3,,1,2025-10-25 18:00:00+02:00,2025-10-25 18:07:00+02:00,7,home,Bremen,,DE,co-working space,Bremen,,DE,e_scooter,pay-as-you-go,,,1.26,2.75,2.75,0.025,False,True,False,False,,0
d022bf72-b6bc-534e-8f15-7e2e270c596f,b03ed703-8e33-5d0c-9c2c-65a51185028a,932d3626-708a-596b-a1fc-99c2fa1ce9b3,2cabd1a2-d53c-511a-b6f4-3e39086312da,1,2025-10-26 09:00:00+02:00,2025-10-26 09:43:00+02:00,43,home,Bremen,,DE,client studio,Bremen,,DE,car_sharing,subscription,,,10.44,3.54,9.25,1.566,False,True,False,False,,0
281a0bd9-c4f2-5cf5-af47-047969243301,3a4cfd88-6125-51cd-93e1-314dcedb083d,932d3626-708a-596b-a1fc-99c2fa1ce9b3,2cabd1a2-d53c-511a-b6f4-3e39086312da,1,2025-10-27 10:00:00+02:00,2025-10-27 10:52:00+02:00,52,home,Bremen,,DE,supplier,Bremen,,DE,car_sharing,subscription,,,13.35,4.45,11.55,2.002,False,True,False,False,,0
01c82d71-7d5c-5093-a616-15b8b45d4c55,38205e30-37f6-5912-a7b0-474e1c23e38b,932d3626-708a-596b-a1fc-99c2fa1ce9b3,,1,2025-10-28 16:00:00+02:00,2025-10-28 16:11:00+02:00,11,home,Bremen,,DE,studio,Bremen,,DE,e_scooter,pay-as-you-go,,,1.98,3.75,3.75,0.04,False,True,False,False,,0
122573e4-d389-518c-a4f7-269dbf97897e,a67a94fa-a873-5cbd-9008-e0c742fc71c6,932d3626-708a-596b-a1fc-99c2fa1ce9b3,,1,2025-10-30 16:00:00+02:00,2025-10-30 16:05:00+02:00,5,home,Bremen,,DE,co-working space,Bremen,,DE,e_scooter,pay-as-you-go,,,0.9,2.25,2.25,0.018,False,True,False,False,,0
354536f4-b54f-5522-b086-8fa9ac1d651b,826c1d3a-dd21-5f32-bd53-6546b13b45c4,932d3626-708a-596b-a1fc-99c2fa1ce9b3,,1,2025-10-30 11:00:00+02:00,2025-10-30 11:23:00+02:00,23,home,Bremen,,DE,riverside promenade,Bremen,,DE,bike_sharing,pay-as-you-go,,,5.06,3.76,3.76,0.025,False,True,False,False,,0
2203f10d-2fdf-5bce-99a4-8e355aafe9cc,514a026d-75be-5358-b527-1251fc62a0d0,932d3626-708a-596b-a1fc-99c2fa1ce9b3,2cabd1a2-d53c-511a-b6f4-3e39086312da,1,2025-10-31 13:00:00+02:00,2025-10-31 13:31:00+02:00,31,home,Bremen,,DE,print shop,Bremen,,DE,car_sharing,subscription,,,8.77,2.83,7.93,1.315,False,True,False,False,,0
64b40e30-18db-569d-a9e8-e041cf205fc4,b41e0904-30a5-5c56-bcd7-db0a2dfca82f,932d3626-708a-596b-a1fc-99c2fa1ce9b3,,1,2025-10-31 11:00:00+02:00,2025-10-31 11:14:00+02:00,14,home,Bremen,,DE,cafe,Bremen,,DE,e_scooter,pay-as-you-go,,,2.52,4.5,4.5,0.05,False,True,False,False,,0
51fd9986-d6d8-58a0-a0cd-e76f20690c3e,6294fbd8-4043-5620-89f3-9ecca5c9e99e,932d3626-708a-596b-a1fc-99c2fa1ce9b3,,1,2025-11-02 19:00:00+01:00,2025-11-02 19:12:00+01:00,12,home,Bremen,,DE,co-working space,Bremen,,DE,e_scooter,pay-as-you-go,,,2.16,4.0,4.0,0.043,False,True,False,False,,0
5989f479-fd23-53c2-a020-2d4480e0bbac,4331782e-7324-56e1-83a3-2ff64c669589,932d3626-708a-596b-a1fc-99c2fa1ce9b3,2cabd1a2-d53c-511a-b6f4-3e39086312da,1,2025-11-04 15:00:00+01:00,2025-11-04 15:27:00+01:00,27,home,Bremen,,DE,supplier,Bremen,,DE,car_sharing,subscription,,,7.44,2.42,6.88,1.116,False,True,False,False,,0
75c367a1-ca61-5411-af5a-921122ff8283,802a6cbd-dafb-5625-8208-a88f45025fc6,932d3626-708a-596b-a1fc-99c2fa1ce9b3,,1,2025-11-04 14:00:00+01:00,2025-11-04 14:10:00+01:00,10,home,Bremen,,DE,co-working space,Bremen,,DE,e_scooter,pay-as-you-go,,,1.8,3.5,3.5,0.036,False,True,False,False,,0
67ab8f05-43b3-5de9-9c47-a14ea6b4b41f,513e6c5c-776b-5ed3-b168-db2ef3adc953,932d3626-708a-596b-a1fc-99c2fa1ce9b3,2cabd1a2-d53c-511a-b6f4-3e39086312da,1,2025-11-05 09:00:00+01:00,2025-11-05 09:31:00+01:00,31,home,Bremen,,DE,print shop,Bremen,,DE,car_sharing,subscription,,,9.1,2.91,8.19,1.365,False,True,False,False,,0
3a903c2a-1075-5cb5-9335-4b800aa63b42,0c87a1fe-1d1c-5998-8585-6d692a00c7e2,932d3626-708a-596b-a1fc-99c2fa1ce9b3,,1,2025-11-06 17:00:00+01:00,2025-11-06 17:06:00+01:00,6,home,Bremen,,DE,cafe,Bremen,,DE,e_scooter,pay-as-you-go,,,1.08,2.5,2.5,0.022,False,True,False,False,,0
29121bd2-47f7-5611-aead-869c384c9361,4cac84d0-a10d-58b5-9adb-6b501d56d1b0,932d3626-708a-596b-a1fc-99c2fa1ce9b3,,1,2025-11-07 16:00:00+01:00,2025-11-07 16:12:00+01:00,12,home,Bremen,,DE,cafe,Bremen,,DE,e_scooter,pay-as-you-go,,,2.16,4.0,4.0,0.043,False,True,False,False,,0
9b378efe-74ed-5581-ab3a-f95d77f5543b,555b5213-1292-5e0d-b544-cf6f228af5e1,932d3626-708a-596b-a1fc-99c2fa1ce9b3,2cabd1a2-d53c-511a-b6f4-3e39086312da,1,2025-11-08 09:00:00+01:00,2025-11-08 09:46:00+01:00,46,home,Bremen,,DE,print shop,Bremen,,DE,car_sharing,subscription,,,10.97,3.75,9.67,1.645,False,True,False,False,,0
8702d69d-b07d-5487-ac5e-1e51edd4bf99,7882b6a0-5be6-5345-b679-d62cdc9f1e93,932d3626-708a-596b-a1fc-99c2fa1ce9b3,,1,2025-11-08 09:00:00+01:00,2025-11-08 09:11:00+01:00,11,home,Bremen,,DE,riverside promenade,Bremen,,DE,bike_sharing,pay-as-you-go,,,2.42,2.32,2.32,0.012,False,True,False,False,,0
4583c60e-51f0-5471-9454-af9f732f3d48,e88ed22a-5023-5323-a2bf-b0fdf7b99db1,932d3626-708a-596b-a1fc-99c2fa1ce9b3,,1,2025-11-09 13:00:00+01:00,2025-11-09 13:11:00+01:00,11,home,Bremen,,DE,co-working space,Bremen,,DE,e_scooter,pay-as-you-go,,,1.98,3.75,3.75,0.04,False,True,False,False,,0
d09e14c4-2a80-5ac3-b2e0-064383271d40,65a2b26a-f540-5c82-b65a-c8c87e0a0c80,932d3626-708a-596b-a1fc-99c2fa1ce9b3,,1,2025-11-10 17:00:00+01:00,2025-11-10 17:30:00+01:00,30,home,Bremen,,DE,riverside promenade,Bremen,,DE,bike_sharing,pay-as-you-go,,,6.6,4.6,4.6,0.033,False,True,False,False,,0
be3698e4-df53-549e-8acc-2f58e43f7e43,ccb66626-5aa5-5b9c-8750-e618d4a8a4d5,932d3626-708a-596b-a1fc-99c2fa1ce9b3,2cabd1a2-d53c-511a-b6f4-3e39086312da,1,2025-11-11 16:00:00+01:00,2025-11-11 16:43:00+01:00,43,home,Bremen,,DE,client studio,Bremen,,DE,car_sharing,subscription,,,12.5,4.0,10.88,1.875,False,True,False,False,,0
291e017b-ae4d-56e2-8489-4b26e10070a2,0c8ab427-1928-5407-bb68-25115372161f,932d3626-708a-596b-a1fc-99c2fa1ce9b3,,1,2025-11-11 17:00:00+01:00,2025-11-11 17:13:00+01:00,13,home,Bremen,,DE,cafe,Bremen,,DE,e_scooter,pay-as-you-go,,,2.34,4.25,4.25,0.047,False,True,False,False,,0
27cb9e93-9477-5b14-8995-87874db28e97,400a36f1-ca8e-52a7-a4dc-be88ed0f447a,932d3626-708a-596b-a1fc-99c2fa1ce9b3,2cabd1a2-d53c-511a-b6f4-3e39086312da,1,2025-11-12 15:00:00+01:00,2025-11-12 15:47:00+01:00,47,home,Bremen,,DE,client studio,Bremen,,DE,car_sharing,subscription,,,11.95,3.99,10.44,1.792,False,True,False,False,,0
d34cfb69-d5c1-58aa-bff2-3624ba251050,aa6ab506-b21f-51b3-b4bd-a8052325ae3d,932d3626-708a-596b-a1fc-99c2fa1ce9b3,2cabd1a2-d53c-511a-b6f4-3e39086312da,1,2025-11-13 14:00:00+01:00,2025-11-13 14:31:00+01:00,31,home,Bremen,,DE,client studio,Bremen,,DE,car_sharing,subscription,,,6.24,2.27,5.93,0.936,False,True,False,False,,0
c1e1cb40-0ee2-5e54-bf6f-bf1fec80468d,dbcbcc1f-da9d-5437-944b-0e8a598606ec,932d3626-708a-596b-a1fc-99c2fa1ce9b3,2cabd1a2-d53c-511a-b6f4-3e39086312da,1,2025-11-14 15:00:00+01:00,2025-11-14 15:27:00+01:00,27,home,Bremen,,DE,client studio,Bremen,,DE,car_sharing,subscription,,,5.17,1.91,5.08,0.775,False,True,False,False,,0
03413178-7236-5afa-b8b5-98157134d9b2,499535be-6f08-53a7-a112-b948c48d9b1d,932d3626-708a-596b-a1fc-99c2fa1ce9b3,,1,2025-11-19 15:00:00+01:00,2025-11-19 15:05:00+01:00,5,home,Bremen,,DE,co-working space,Bremen,,DE,e_scooter,pay-as-you-go,,,0.9,2.25,2.25,0.018,False,True,False,False,,0
a8953470-ba24-5d39-be62-ac1cf4ee5355,3191c54c-96e2-5030-97d9-a8b8a8a4f04f,932d3626-708a-596b-a1fc-99c2fa1ce9b3,2cabd1a2-d53c-511a-b6f4-3e39086312da,1,2025-11-20 11:00:00+01:00,2025-11-20 11:29:00+01:00,29,home,Bremen,,DE,print shop,Bremen,,DE,car_sharing,subscription,,,6.58,2.29,6.2,0.987,False,True,False,False,,0
d2e5926c-ec30-5652-8dfe-cbcda44dc271,2d5d8b18-1989-549b-a21f-e4886a77df20,932d3626-708a-596b-a1fc-99c2fa1ce9b3,2cabd1a2-d53c-511a-b6f4-3e39086312da,1,2025-11-21 13:00:00+01:00,2025-11-21 13:47:00+01:00,47,home,Bremen,,DE,client studio,Bremen,,DE,car_sharing,subscription,,,11.82,3.96,10.34,1.773,False,True,False,False,,0
1a299353-ac3c-56f4-80fd-97fe53cacc62,1ecf46dd-74c9-5b32-b57b-4dc97d09efb4,932d3626-708a-596b-a1fc-99c2fa1ce9b3,,1,2025-11-21 13:00:00+01:00,2025-11-21 13:07:00+01:00,7,home,Bremen,,DE,co-working space,Bremen,,DE,e_scooter,pay-as-you-go,,,1.26,2.75,2.75,0.025,False,True,False,False,,0
6abd3561-6b6b-504e-968e-9929ff3676e9,c7d3e7b1-0d0e-5aad-a75c-a2812e5a348e,932d3626-708a-596b-a1fc-99c2fa1ce9b3,,1,2025-11-23 18:00:00+01:00,2025-11-23 18:16:00+01:00,16,home,Bremen,,DE,riverside promenade,Bremen,,DE,bike_sharing,pay-as-you-go,,,3.52,2.92,2.92,0.018,False,True,False,False,,0
f59044dc-ce77-5b2d-bf97-a849ba5ef048,21061bb9-ba63-5558-8be0-1d194854424a,932d3626-708a-596b-a1fc-99c2fa1ce9b3,2cabd1a2-d53c-511a-b6f4-3e39086312da,1,2025-11-24 15:00:00+01:00,2025-11-24 15:46:00+01:00,46,home,Bremen,,DE,client studio,Bremen,,DE,car_sharing,subscription,,,12.27,4.04,10.69,1.84,False,True,False,False,,0
cad2db63-74a2-58dc-b718-3dea19404c88,e7884227-47c0-540b-8ff9-e6bc7b6e5497,932d3626-708a-596b-a1fc-99c2fa1ce9b3,2cabd1a2-d53c-511a-b6f4-3e39086312da,1,2025-11-27 09:00:00+01:00,2025-11-27 09:31:00+01:00,31,home,Bremen,,DE,print shop,Bremen,,DE,car_sharing,subscription,,,7.9,2.64,7.24,1.185,False,True,False,False,,0
280cafe2-636b-5af6-bd08-41a22156b90a,429d045d-de0a-51cb-8917-297409439618,932d3626-708a-596b-a1fc-99c2fa1ce9b3,,1,2025-11-28 09:00:00+01:00,2025-11-28 09:28:00+01:00,28,home,Bremen,,DE,riverside promenade,Bremen,,DE,bike_sharing,pay-as-you-go,,,6.16,4.36,4.36,0.031,False,True,False,False,,0
b71d7a7c-cce3-595f-ac8f-1c6aed971540,658ff428-4da0-54fa-9b6e-fc6e0a159fd3,932d3626-708a-596b-a1fc-99c2fa1ce9b3,,1,2025-11-29 15:00:00+01:00,2025-11-29 15:14:00+01:00,14,home,Bremen,,DE,riverside promenade,Bremen,,DE,bike_sharing,pay-as-you-go,,,3.08,2.68,2.68,0.015,False,True,False,False,,0
3860d7ab-0a36-5a0f-9e88-1667e478f936,52125893-a7dc-5dba-9358-4a22110dcb8b,932d3626-708a-596b-a1fc-99c2fa1ce9b3,2cabd1a2-d53c-511a-b6f4-3e39086312da,1,2025-12-01 15:00:00+01:00,2025-12-01 15:21:00+01:00,21,home,Bremen,,DE,print shop,Bremen,,DE,car_sharing,subscription,,,5.41,1.8,5.27,0.811,False,True,False,False,,0
0af59b3e-2aa0-5b4a-bc59-d1c35aa67c6c,12b22c25-82cf-586e-b9a3-0a0ea30d393d,932d3626-708a-596b-a1fc-99c2fa1ce9b3,,1,2025-12-01 13:00:00+01:00,2025-12-01 13:12:00+01:00,12,home,Bremen,,DE,cafe,Bremen,,DE,e_scooter,pay-as-you-go,,,2.16,4.0,4.0,0.043,False,True,False,False,,0
cf608c29-91c3-5ec1-9ec0-c1983ff4e818,c6660598-b78d-5881-9d20-f5dd1747fd69,932d3626-708a-596b-a1fc-99c2fa1ce9b3,,1,2025-12-02 18:00:00+01:00,2025-12-02 18:15:00+01:00,15,home,Bremen,,DE,co-working space,Bremen,,DE,e_scooter,pay-as-you-go,,,2.7,4.75,4.75,0.054,False,True,False,False,,0
2cfd2f68-1ea6-54bc-b802-4b43a0e4b7ee,ac61533a-2b8f-55de-8a86-73ccff61dec3,932d3626-708a-596b-a1fc-99c2fa1ce9b3,,1,2025-12-03 19:00:00+01:00,2025-12-03 19:10:00+01:00,10,home,Bremen,,DE,co-working space,Bremen,,DE,e_scooter,pay-as-you-go,,,1.8,3.5,3.5,0.036,False,True,False,False,,0
7c4e52a0-4d73-5674-95c6-8d131c9159fb,b593f5d9-8f69-5121-b109-d9cc9eaf556f,932d3626-708a-596b-a1fc-99c2fa1ce9b3,2cabd1a2-d53c-511a-b6f4-3e39086312da,1,2025-12-05 16:00:00+01:00,2025-12-05 16:37:00+01:00,37,home,Bremen,,DE,client studio,Bremen,,DE,car_sharing,subscription,,,10.95,3.49,9.65,1.642,False,True,False,False,,0
0904b7f3-9899-55a4-9ed8-60a548fe6e8a,247c1bca-606d-5569-b5c7-f1880ef1d3f4,932d3626-708a-596b-a1fc-99c2fa1ce9b3,2cabd1a2-d53c-511a-b6f4-3e39086312da,1,2025-12-08 15:00:00+01:00,2025-12-08 15:34:00+01:00,34,home,Bremen,,DE,client studio,Bremen,,DE,car_sharing,subscription,,,8.36,2.82,7.6,1.254,False,True,False,False,,0
e52ddb41-ceee-5ef7-8fef-c649ce9935d8,484aa9f2-8831-5c0e-9dac-c865c01cfe40,932d3626-708a-596b-a1fc-99c2fa1ce9b3,,1,2025-12-08 10:00:00+01:00,2025-12-08 10:17:00+01:00,17,home,Bremen,,DE,co-working space,Bremen,,DE,e_scooter,pay-as-you-go,,,3.06,5.25,5.25,0.061,False,True,False,False,,0
08123723-e004-5dd2-b0e1-55f34a573dcd,75d932ef-afb5-5dc8-b289-490337044046,932d3626-708a-596b-a1fc-99c2fa1ce9b3,2cabd1a2-d53c-511a-b6f4-3e39086312da,1,2025-12-09 09:00:00+01:00,2025-12-09 09:42:00+01:00,42,home,Bremen,,DE,print shop,Bremen,,DE,car_sharing,subscription,,,10.55,3.54,9.33,1.583,False,True,False,False,,0
a167c9ef-87dc-5e6e-853d-994f27d05c1e,4df57c70-6870-5699-a504-fe887c9f4410,932d3626-708a-596b-a1fc-99c2fa1ce9b3,,1,2025-12-09 18:00:00+01:00,2025-12-09 18:10:00+01:00,10,home,Bremen,,DE,cafe,Bremen,,DE,e_scooter,pay-as-you-go,,,1.8,3.5,3.5,0.036,False,True,False,False,,0
e9fc84e7-6d70-5fc7-8219-c932ebd9be13,fb616ebd-1619-5a4c-bd3f-fbf6d5abd194,932d3626-708a-596b-a1fc-99c2fa1ce9b3,2cabd1a2-d53c-511a-b6f4-3e39086312da,1,2025-12-10 13:00:00+01:00,2025-12-10 13:37:00+01:00,37,home,Bremen,,DE,supplier,Bremen,,DE,car_sharing,subscription,,,9.53,3.17,8.53,1.429,False,True,False,False,,0
1205b3f0-7ed0-552e-8bc3-3444af3ed96c,a01df610-8f8a-5692-998c-195d7a1dac06,932d3626-708a-596b-a1fc-99c2fa1ce9b3,,1,2025-12-11 16:00:00+01:00,2025-12-11 16:11:00+01:00,11,home,Bremen,,DE,studio,Bremen,,DE,e_scooter,pay-as-you-go,,,1.98,3.75,3.75,0.04,False,True,False,False,,0
8045e46c-67c3-5204-9019-d8f48e76ceb3,fe0b390d-83d3-5f9e-aaf4-e70677185488,932d3626-708a-596b-a1fc-99c2fa1ce9b3,,1,2025-12-13 16:00:00+01:00,2025-12-13 16:10:00+01:00,10,home,Bremen,,DE,cafe,Bremen,,DE,e_scooter,pay-as-you-go,,,1.8,3.5,3.5,0.036,False,True,False,False,,0
8b8306f9-b507-5901-899e-5bde267a536f,23565674-d8c5-5490-8738-76787e813d1c,932d3626-708a-596b-a1fc-99c2fa1ce9b3,,1,2025-12-14 10:00:00+01:00,2025-12-14 10:17:00+01:00,17,home,Bremen,,DE,co-working space,Bremen,,DE,e_scooter,pay-as-you-go,,,3.06,5.25,5.25,0.061,False,True,False,False,,0
9e4fea1d-5598-5f2a-82f3-791fce67daad,8558a478-1cb2-530d-908a-8f6730b09073,932d3626-708a-596b-a1fc-99c2fa1ce9b3,2cabd1a2-d53c-511a-b6f4-3e39086312da,1,2025-12-15 15:00:00+01:00,2025-12-15 15:24:00+01:00,24,home,Bremen,,DE,supplier,Bremen,,DE,car_sharing,subscription,,,6.73,2.18,6.32,1.01,False,True,False,False,,0
86e6d6d3-9b54-587e-b9b7-bf12905b6a72,bdf15c76-6c54-5cd7-a2f6-a1931039c579,932d3626-708a-596b-a1fc-99c2fa1ce9b3,2cabd1a2-d53c-511a-b6f4-3e39086312da,1,2025-12-16 15:00:00+01:00,2025-12-16 15:39:00+01:00,39,home,Bremen,,DE,print shop,Bremen,,DE,car_sharing,subscription,,,10.0,3.33,8.9,1.5,False,True,False,False,,0
7cabfd16-cc36-5117-8e1e-78b4cf1a1806,aeb6103b-75a4-55b4-a9ce-646d0552a8c2,932d3626-708a-596b-a1fc-99c2fa1ce9b3,,1,2025-12-16 14:00:00+01:00,2025-12-16 14:14:00+01:00,14,home,Bremen,,DE,studio,Bremen,,DE,e_scooter,pay-as-you-go,,,2.52,4.5,4.5,0.05,False,True,False,False,,0
a6ceeb24-dfa6-5cbb-bf7e-cd7a488ac4ca,2227db7d-1deb-50a0-b5cd-061fb4a3998f,932d3626-708a-596b-a1fc-99c2fa1ce9b3,2cabd1a2-d53c-511a-b6f4-3e39086312da,1,2025-12-17 16:00:00+01:00,2025-12-17 16:43:00+01:00,43,home,Bremen,,DE,client studio,Bremen,,DE,car_sharing,subscription,,,10.86,3.64,9.58,1.629,False,True,False,False,,0
82f9b19b-1328-50b3-a0e7-b7e3b4656886,0e43e59f-dd2d-5e60-8b71-8051a9872d36,932d3626-708a-596b-a1fc-99c2fa1ce9b3,,1,2025-12-17 10:00:00+01:00,2025-12-17 10:26:00+01:00,26,home,Bremen,,DE,riverside promenade,Bremen,,DE,bike_sharing,pay-as-you-go,,,5.72,4.12,4.12,0.029,False,True,False,False,,0
2c776bbd-6ca0-5b84-aad8-4be997f0850c,6315c4a4-2203-55e8-b0e9-2c6ee99ccee9,932d3626-708a-596b-a1fc-99c2fa1ce9b3,2cabd1a2-d53c-511a-b6f4-3e39086312da,1,2025-12-19 15:00:00+01:00,2025-12-19 15:28:00+01:00,28,home,Bremen,,DE,print shop,Bremen,,DE,car_sharing,subscription,,,6.61,2.26,6.22,0.992,False,True,False,False,,0
bcfc86e7-f0e8-5a9b-9267-640395ffd1b5,f31ecb67-8788-5d40-aa6f-1a5c86c6a5fe,932d3626-708a-596b-a1fc-99c2fa1ce9b3,,1,2025-12-19 11:00:00+01:00,2025-12-19 11:09:00+01:00,9,home,Bremen,,DE,studio,Bremen,,DE,e_scooter,pay-as-you-go,,,1.62,3.25,3.25,0.032,False,True,False,False,,0
718ec943-35fa-5aba-8f0a-8f049ff69318,5b4a557b-e959-56e9-8801-b6bbba63336f,932d3626-708a-596b-a1fc-99c2fa1ce9b3,2cabd1a2-d53c-511a-b6f4-3e39086312da,1,2025-12-22 09:00:00+01:00,2025-12-22 09:52:00+01:00,52,home,Bremen,,DE,print shop,Bremen,,DE,car_sharing,subscription,,,13.68,4.52,11.81,2.052,False,True,False,False,,0
b35bc141-6846-531f-832e-384839b81233,84edf940-9c73-50d9-8fa5-79b49543c86f,932d3626-708a-596b-a1fc-99c2fa1ce9b3,2cabd1a2-d53c-511a-b6f4-3e39086312da,1,2025-12-23 13:00:00+01:00,2025-12-23 13:33:00+01:00,33,home,Bremen,,DE,supplier,Bremen,,DE,car_sharing,subscription,,,9.62,3.08,8.6,1.443,False,True,False,False,,0
a5cd218f-0d5d-56fc-ad5d-5c54d7fd261b,9b7de3f1-7996-50cd-88f1-55855d9c469b,932d3626-708a-596b-a1fc-99c2fa1ce9b3,2cabd1a2-d53c-511a-b6f4-3e39086312da,1,2025-12-25 14:00:00+01:00,2025-12-25 14:28:00+01:00,28,home,Bremen,,DE,print shop,Bremen,,DE,car_sharing,subscription,,,6.65,2.27,6.25,0.998,False,True,False,False,,0
fbb2932e-6ec3-5ec5-bb1a-c7ebcffff403,01e7e5d5-419b-5a3a-b83a-bb76844f2dc5,932d3626-708a-596b-a1fc-99c2fa1ce9b3,2cabd1a2-d53c-511a-b6f4-3e39086312da,1,2026-01-06 15:00:00+01:00,2026-01-06 15:20:00+01:00,20,home,Bremen,,DE,print shop,Bremen,,DE,car_sharing,subscription,,,5.12,1.71,5.04,0.768,False,True,False,False,,0
281d674b-e4f4-5211-9363-08efc1ff28dc,8e6d5e78-838e-5869-bc58-cf6f5607539e,932d3626-708a-596b-a1fc-99c2fa1ce9b3,,1,2026-01-06 19:00:00+01:00,2026-01-06 19:05:00+01:00,5,home,Bremen,,DE,cafe,Bremen,,DE,e_scooter,pay-as-you-go,,,0.9,2.25,2.25,0.018,False,True,False,False,,0
76fbfc17-c24f-52d3-addb-1b05091e9d8e,38ba3154-364f-5b50-8763-fb0cb4ff7c46,932d3626-708a-596b-a1fc-99c2fa1ce9b3,2cabd1a2-d53c-511a-b6f4-3e39086312da,1,2026-01-07 12:00:00+01:00,2026-01-07 12:32:00+01:00,32,home,Bremen,,DE,supplier,Bremen,,DE,car_sharing,subscription,,,6.94,2.45,6.48,1.041,False,True,False,False,,0
c6118ff4-78fe-5af4-9938-6618e296772d,2c443fc1-ed13-5c94-8036-39d2167d483c,932d3626-708a-596b-a1fc-99c2fa1ce9b3,,1,2026-01-08 12:00:00+01:00,2026-01-08 12:12:00+01:00,12,home,Bremen,,DE,studio,Bremen,,DE,e_scooter,pay-as-you-go,,,2.16,4.0,4.0,0.043,False,True,False,False,,0
1fe6f5f3-3761-5e9a-ab75-ee6192c77976,39381524-fe3c-5a58-b7fd-43a5333c714b,932d3626-708a-596b-a1fc-99c2fa1ce9b3,,1,2026-01-09 15:00:00+01:00,2026-01-09 15:10:00+01:00,10,home,Bremen,,DE,co-working space,Bremen,,DE,e_scooter,pay-as-you-go,,,1.8,3.5,3.5,0.036,False,True,False,False,,0
e89a3309-929f-5cf9-9b07-885bb273aaea,83ec6724-b531-5185-856d-c68263136fd0,932d3626-708a-596b-a1fc-99c2fa1ce9b3,2cabd1a2-d53c-511a-b6f4-3e39086312da,1,2026-01-12 12:00:00+01:00,2026-01-12 12:31:00+01:00,31,home,Bremen,,DE,supplier,Bremen,,DE,car_sharing,subscription,,,8.62,2.8,7.81,1.293,False,True,False,False,,0
c7c3d936-7206-5bb3-a37e-0ae5a9b123e2,16640427-65e3-563f-a15b-ea06379f8a4c,932d3626-708a-596b-a1fc-99c2fa1ce9b3,,1,2026-01-12 18:00:00+01:00,2026-01-12 18:21:00+01:00,21,home,Bremen,,DE,riverside promenade,Bremen,,DE,bike_sharing,pay-as-you-go,,,4.62,3.52,3.52,0.023,False,True,False,False,,0
45261ff4-7e44-5204-be39-fe10d7e351c5,fc52c17a-a6c0-5693-9f62-798af5263ff3,932d3626-708a-596b-a1fc-99c2fa1ce9b3,2cabd1a2-d53c-511a-b6f4-3e39086312da,1,2026-01-13 12:00:00+01:00,2026-01-13 12:28:00+01:00,28,home,Bremen,,DE,print shop,Bremen,,DE,car_sharing,subscription,,,7.47,2.46,6.9,1.12,False,True,False,False,,0
d67ef7d4-bcdf-5919-bdff-8943b4600eee,0c81fd1c-5645-519e-af1b-fde52ee69533,932d3626-708a-596b-a1fc-99c2fa1ce9b3,,1,2026-01-13 13:00:00+01:00,2026-01-13 13:17:00+01:00,17,home,Bremen,,DE,cafe,Bremen,,DE,e_scooter,pay-as-you-go,,,3.06,5.25,5.25,0.061,False,True,False,False,,0
39410074-40a3-56c1-a863-e7f44f5a1717,4b67b573-dc4a-567a-8f66-28427658f615,932d3626-708a-596b-a1fc-99c2fa1ce9b3,,1,2026-01-16 13:00:00+01:00,2026-01-16 13:17:00+01:00,17,home,Bremen,,DE,riverside promenade,Bremen,,DE,bike_sharing,pay-as-you-go,,,3.74,3.04,3.04,0.019,False,True,False,False,,0
482a11ca-b7e7-5d92-9bd4-bdd45ba11eae,85dfd3a6-d1ad-5878-a3af-e208fd448596,932d3626-708a-596b-a1fc-99c2fa1ce9b3,2cabd1a2-d53c-511a-b6f4-3e39086312da,1,2026-01-18 16:00:00+01:00,2026-01-18 16:33:00+01:00,33,home,Bremen,,DE,print shop,Bremen,,DE,car_sharing,subscription,,,7.8,2.67,7.16,1.17,False,True,False,False,,0
1f8d1668-b413-590e-965e-2c1aeb8d5f3f,6355ddc5-d69d-5ba4-ad17-e56781e4c31f,932d3626-708a-596b-a1fc-99c2fa1ce9b3,,1,2026-01-19 13:00:00+01:00,2026-01-19 13:17:00+01:00,17,home,Bremen,,DE,riverside promenade,Bremen,,DE,bike_sharing,pay-as-you-go,,,3.74,3.04,3.04,0.019,False,True,False,False,,0
22d24d30-34f2-55d2-9aa9-829404d0316f,6dfa87b1-e239-5f09-a2b1-bf30dea5ff03,932d3626-708a-596b-a1fc-99c2fa1ce9b3,2cabd1a2-d53c-511a-b6f4-3e39086312da,1,2026-01-21 16:00:00+01:00,2026-01-21 16:46:00+01:00,46,home,Bremen,,DE,supplier,Bremen,,DE,car_sharing,subscription,,,13.12,4.23,11.36,1.968,False,True,False,False,,0
e675b0c9-d1c2-512d-9d0c-9a1112a97cef,e71697b9-7059-5bdc-8fd8-7edda5525439,932d3626-708a-596b-a1fc-99c2fa1ce9b3,2cabd1a2-d53c-511a-b6f4-3e39086312da,1,2026-01-22 14:00:00+01:00,2026-01-22 14:46:00+01:00,46,home,Bremen,,DE,client studio,Bremen,,DE,car_sharing,subscription,,,11.09,3.77,9.76,1.663,False,True,False,False,,0
cda4bcfd-485f-558b-b964-844b2f4167b6,80dc118e-8edd-5823-be31-18e1be721e68,932d3626-708a-596b-a1fc-99c2fa1ce9b3,2cabd1a2-d53c-511a-b6f4-3e39086312da,1,2026-01-23 11:00:00+01:00,2026-01-23 11:30:00+01:00,30,home,Bremen,,DE,print shop,Bremen,,DE,car_sharing,subscription,,,6.22,2.23,5.91,0.933,False,True,False,False,,0
7ea4fb50-32f4-560d-9f0d-e1d36933479e,e9a22de6-5f33-5cee-beb4-b4a902a01787,932d3626-708a-596b-a1fc-99c2fa1ce9b3,,1,2026-01-23 10:00:00+01:00,2026-01-23 10:18:00+01:00,18,home,Bremen,,DE,cafe,Bremen,,DE,e_scooter,pay-as-you-go,,,3.24,5.5,5.5,0.065,False,True,False,False,,0
7f40bebb-cdfe-54fa-b566-17920e87950c,844b0d15-a1ed-5b28-8d86-ccbc97bac5d2,932d3626-708a-596b-a1fc-99c2fa1ce9b3,,1,2026-01-25 15:00:00+01:00,2026-01-25 15:08:00+01:00,8,home,Bremen,,DE,cafe,Bremen,,DE,e_scooter,pay-as-you-go,,,1.44,3.0,3.0,0.029,False,True,False,False,,0
87cd70e1-1f63-5e90-ba42-937a874aa028,035b52bb-3cac-5d43-ac65-bd531094954e,932d3626-708a-596b-a1fc-99c2fa1ce9b3,,1,2026-01-27 19:00:00+01:00,2026-01-27 19:14:00+01:00,14,home,Bremen,,DE,cafe,Bremen,,DE,e_scooter,pay-as-you-go,,,2.52,4.5,4.5,0.05,False,True,False,False,,0
3c6b7a7e-bae8-5141-880c-316f7609d699,773e2aaf-005d-59c8-a3d5-b11329bcf033,932d3626-708a-596b-a1fc-99c2fa1ce9b3,,1,2026-01-27 11:00:00+01:00,2026-01-27 11:29:00+01:00,29,home,Bremen,,DE,riverside promenade,Bremen,,DE,bike_sharing,pay-as-you-go,,,6.38,4.48,4.48,0.032,False,True,False,False,,0
41d02a03-fa72-52af-8d63-76bbb7d20885,edd21d5e-7a21-53bc-827c-66da98089460,932d3626-708a-596b-a1fc-99c2fa1ce9b3,2cabd1a2-d53c-511a-b6f4-3e39086312da,1,2026-01-28 17:00:00+01:00,2026-01-28 17:51:00+01:00,51,home,Bremen,,DE,print shop,Bremen,,DE,car_sharing,subscription,,,12.9,4.32,11.19,1.935,False,True,False,False,,0
e12b1634-7860-535a-b96f-8c10166df8d8,f4eb7345-7800-57d1-9345-1b2920218344,932d3626-708a-596b-a1fc-99c2fa1ce9b3,2cabd1a2-d53c-511a-b6f4-3e39086312da,1,2026-01-29 12:00:00+01:00,2026-01-29 12:44:00+01:00,44,home,Bremen,,DE,print shop,Bremen,,DE,car_sharing,subscription,,,12.49,4.03,10.87,1.873,False,True,False,False,,0
4be4acfc-310c-5079-b8b1-b89b7c2bfa8b,35452b88-1f98-5141-854b-f5ef0f2ac140,932d3626-708a-596b-a1fc-99c2fa1ce9b3,,1,2026-01-29 14:00:00+01:00,2026-01-29 14:12:00+01:00,12,home,Bremen,,DE,cafe,Bremen,,DE,e_scooter,pay-as-you-go,,,2.16,4.0,4.0,0.043,False,True,False,False,,0
925898c6-47d8-5739-bd23-a11fe58f99c2,584b2e64-09f9-5dd6-96fc-f9b6cd89201a,932d3626-708a-596b-a1fc-99c2fa1ce9b3,2cabd1a2-d53c-511a-b6f4-3e39086312da,1,2026-02-02 16:00:00+01:00,2026-02-02 16:32:00+01:00,32,home,Bremen,,DE,print shop,Bremen,,DE,car_sharing,subscription,,,8.19,2.73,7.47,1.228,False,True,False,False,,0
08cbfc49-0223-59c7-8575-f1f9ae0e8439,69001657-dd80-5f05-bfa9-e4860884476c,932d3626-708a-596b-a1fc-99c2fa1ce9b3,,1,2026-02-02 20:00:00+01:00,2026-02-02 20:15:00+01:00,15,home,Bremen,,DE,cafe,Bremen,,DE,e_scooter,pay-as-you-go,,,2.7,4.75,4.75,0.054,False,True,False,False,,0
32545149-0785-587f-a987-add3a2e13957,5c9502c0-b598-50d5-8bd3-d99699add976,932d3626-708a-596b-a1fc-99c2fa1ce9b3,,1,2026-02-02 16:00:00+01:00,2026-02-02 16:22:00+01:00,22,home,Bremen,,DE,riverside promenade,Bremen,,DE,bike_sharing,pay-as-you-go,,,4.84,3.64,3.64,0.024,False,True,False,False,,0
a719fa94-1617-5661-a07e-1c67626cbfa4,203e122b-3ff2-5fb7-a8d0-0c0944085251,932d3626-708a-596b-a1fc-99c2fa1ce9b3,2cabd1a2-d53c-511a-b6f4-3e39086312da,1,2026-02-03 11:00:00+01:00,2026-02-03 11:28:00+01:00,28,home,Bremen,,DE,client studio,Bremen,,DE,car_sharing,subscription,,,8.04,2.58,7.35,1.206,False,True,False,False,,0
3cfb7139-c0ca-5597-96aa-c99904e89f46,eb522677-cdae-5522-becc-707c0470294c,932d3626-708a-596b-a1fc-99c2fa1ce9b3,,1,2026-02-04 14:00:00+01:00,2026-02-04 14:18:00+01:00,18,home,Bremen,,DE,cafe,Bremen,,DE,e_scooter,pay-as-you-go,,,3.24,5.5,5.5,0.065,False,True,False,False,,0
072f5202-9ba1-56b8-bc5a-c0d30a636258,243fdd98-de84-55ed-86a9-059056d160ef,932d3626-708a-596b-a1fc-99c2fa1ce9b3,2cabd1a2-d53c-511a-b6f4-3e39086312da,1,2026-02-05 09:00:00+01:00,2026-02-05 09:30:00+01:00,30,home,Bremen,,DE,print shop,Bremen,,DE,car_sharing,subscription,,,6.38,2.27,6.04,0.957,False,True,False,False,,0
af568f6c-9446-55ad-baf2-c628c978ecc4,8617443f-bad4-5bfe-bc39-80108a674362,932d3626-708a-596b-a1fc-99c2fa1ce9b3,,1,2026-02-05 18:00:00+01:00,2026-02-05 18:17:00+01:00,17,home,Bremen,,DE,studio,Bremen,,DE,e_scooter,pay-as-you-go,,,3.06,5.25,5.25,0.061,False,True,False,False,,0
3f13947b-c4a7-5eaa-a4a4-262de4ec5bbf,968978bd-5819-5abf-a997-90c674790d6a,932d3626-708a-596b-a1fc-99c2fa1ce9b3,2cabd1a2-d53c-511a-b6f4-3e39086312da,1,2026-02-06 12:00:00+01:00,2026-02-06 12:38:00+01:00,38,home,Bremen,,DE,supplier,Bremen,,DE,car_sharing,subscription,,,9.77,3.25,8.72,1.465,False,True,False,False,,0
f1b40356-97fc-526c-abf0-fc5da8d680d0,4029b057-5a0f-5470-add7-de8315134143,932d3626-708a-596b-a1fc-99c2fa1ce9b3,,1,2026-02-06 11:00:00+01:00,2026-02-06 11:10:00+01:00,10,home,Bremen,,DE,co-working space,Bremen,,DE,e_scooter,pay-as-you-go,,,1.8,3.5,3.5,0.036,False,True,False,False,,0
0e912c53-7a97-5120-8dc2-1e0088337850,b0d3d9af-0b54-51f4-a2d6-8921e72894e3,932d3626-708a-596b-a1fc-99c2fa1ce9b3,2cabd1a2-d53c-511a-b6f4-3e39086312da,1,2026-02-07 10:00:00+01:00,2026-02-07 10:54:00+01:00,54,home,Bremen,,DE,print shop,Bremen,,DE,car_sharing,subscription,,,13.55,4.55,11.7,2.033,False,True,False,False,,0
4e5384d8-89bb-56eb-9238-bed48f652710,337ac189-12ac-58bc-80b7-08989167987d,932d3626-708a-596b-a1fc-99c2fa1ce9b3,2cabd1a2-d53c-511a-b6f4-3e39086312da,1,2026-02-09 10:00:00+01:00,2026-02-09 10:38:00+01:00,38,home,Bremen,,DE,supplier,Bremen,,DE,car_sharing,subscription,,,11.27,3.59,9.9,1.69,False,True,False,False,,0
818c8f93-f449-5dbe-b8fc-4975c8b7a664,6d418e45-2cd1-59a2-bd38-4bcb6e0d62c8,932d3626-708a-596b-a1fc-99c2fa1ce9b3,,1,2026-02-09 11:00:00+01:00,2026-02-09 11:14:00+01:00,14,home,Bremen,,DE,co-working space,Bremen,,DE,e_scooter,pay-as-you-go,,,2.52,4.5,4.5,0.05,False,True,False,False,,0
37f8947e-d632-5ecd-975a-ecc8b75081a5,8063a980-729d-523f-8d51-0afab45a5ddb,932d3626-708a-596b-a1fc-99c2fa1ce9b3,2cabd1a2-d53c-511a-b6f4-3e39086312da,1,2026-02-10 16:00:00+01:00,2026-02-10 16:24:00+01:00,24,home,Bremen,,DE,client studio,Bremen,,DE,car_sharing,subscription,,,6.59,2.15,6.21,0.988,False,True,False,False,,0
017b7242-a2cc-5fb9-a5ab-1b5e2cc19969,908d8485-156c-5c2b-90e2-ddc70fc21bf2,932d3626-708a-596b-a1fc-99c2fa1ce9b3,,1,2026-02-10 11:00:00+01:00,2026-02-10 11:26:00+01:00,26,home,Bremen,,DE,riverside promenade,Bremen,,DE,bike_sharing,pay-as-you-go,,,5.72,4.12,4.12,0.029,False,True,False,False,,0
2007f4fc-6cd0-5bf2-bd19-beded44d2405,06bf2125-1fa9-5bb6-9a90-745130a03f0b,932d3626-708a-596b-a1fc-99c2fa1ce9b3,,1,2026-02-12 19:00:00+01:00,2026-02-12 19:30:00+01:00,30,home,Bremen,,DE,riverside promenade,Bremen,,DE,bike_sharing,pay-as-you-go,,,6.6,4.6,4.6,0.033,False,True,False,False,,0
4439750e-19dd-5958-96c7-6965fe1274bd,f94d517e-4816-5252-8f74-6361345513c1,932d3626-708a-596b-a1fc-99c2fa1ce9b3,,1,2026-02-14 13:00:00+01:00,2026-02-14 13:14:00+01:00,14,home,Bremen,,DE,co-working space,Bremen,,DE,e_scooter,pay-as-you-go,,,2.52,4.5,4.5,0.05,False,True,False,False,,0
a7c8545d-60d6-56af-8d81-7ddeb285a258,af389097-40d2-539d-9ab2-6112b9267641,932d3626-708a-596b-a1fc-99c2fa1ce9b3,2cabd1a2-d53c-511a-b6f4-3e39086312da,1,2026-02-15 12:00:00+01:00,2026-02-15 12:45:00+01:00,45,home,Bremen,,DE,client studio,Bremen,,DE,car_sharing,subscription,,,13.96,4.39,12.03,2.094,False,True,False,False,,0
f605ac39-7839-506e-aec9-87c1afac783f,8b4bd7f5-45f1-5104-bfc6-f944fda7b654,932d3626-708a-596b-a1fc-99c2fa1ce9b3,,1,2026-02-15 16:00:00+01:00,2026-02-15 16:05:00+01:00,5,home,Bremen,,DE,co-working space,Bremen,,DE,e_scooter,pay-as-you-go,,,0.9,2.25,2.25,0.018,False,True,False,False,,0
b8eea106-56e3-59bd-84eb-c0295c0a7ca0,bf1c747c-1bb0-53f7-8b16-61ed54921fc6,932d3626-708a-596b-a1fc-99c2fa1ce9b3,2cabd1a2-d53c-511a-b6f4-3e39086312da,1,2026-02-17 10:00:00+01:00,2026-02-17 10:45:00+01:00,45,home,Bremen,,DE,supplier,Bremen,,DE,car_sharing,subscription,,,12.41,4.04,10.8,1.861,False,True,False,False,,0
7e9b9ab8-6b89-5110-99cf-82c6573d0ec4,503359f4-d8a4-5209-ada3-e307805c1a59,932d3626-708a-596b-a1fc-99c2fa1ce9b3,2cabd1a2-d53c-511a-b6f4-3e39086312da,1,2026-02-18 10:00:00+01:00,2026-02-18 10:26:00+01:00,26,home,Bremen,,DE,client studio,Bremen,,DE,car_sharing,subscription,,,6.47,2.18,6.11,0.97,False,True,False,False,,0
3fbfa15a-a6b2-5e35-808a-003c26671abd,c42dbc1e-ea49-5fc2-85d7-72d31099efe6,932d3626-708a-596b-a1fc-99c2fa1ce9b3,,1,2026-02-18 18:00:00+01:00,2026-02-18 18:11:00+01:00,11,home,Bremen,,DE,riverside promenade,Bremen,,DE,bike_sharing,pay-as-you-go,,,2.42,2.32,2.32,0.012,False,True,False,False,,0
9ab49cd4-07c9-5c1a-a6ce-d22273822638,846c5dc6-05bc-5e26-b6e4-42e3b7bd37ae,932d3626-708a-596b-a1fc-99c2fa1ce9b3,,1,2026-02-19 16:00:00+01:00,2026-02-19 16:12:00+01:00,12,home,Bremen,,DE,cafe,Bremen,,DE,e_scooter,pay-as-you-go,,,2.16,4.0,4.0,0.043,False,True,False,False,,0
461cb6ab-2090-53e6-8a82-e8c53ed6a228,6cd4d2dd-7421-5f92-a26e-0b92f0bb5df2,932d3626-708a-596b-a1fc-99c2fa1ce9b3,2cabd1a2-d53c-511a-b6f4-3e39086312da,1,2026-02-20 11:00:00+01:00,2026-02-20 11:25:00+01:00,25,home,Bremen,,DE,print shop,Bremen,,DE,car_sharing,subscription,,,6.47,2.15,6.11,0.97,False,True,False,False,,0
8d38768e-966e-59ab-a99e-92b81c1a5864,45bb770c-2f8d-5baf-a0d1-830e044b3f20,932d3626-708a-596b-a1fc-99c2fa1ce9b3,,1,2026-02-20 17:00:00+01:00,2026-02-20 17:17:00+01:00,17,home,Bremen,,DE,studio,Bremen,,DE,e_scooter,pay-as-you-go,,,3.06,5.25,5.25,0.061,False,True,False,False,,0
8a1a6248-9021-514f-9d51-91209a0c2b92,1ff9b970-dd21-591a-89f2-ee758137eb9c,932d3626-708a-596b-a1fc-99c2fa1ce9b3,2cabd1a2-d53c-511a-b6f4-3e39086312da,1,2026-02-23 11:00:00+01:00,2026-02-23 11:37:00+01:00,37,home,Bremen,,DE,print shop,Bremen,,DE,car_sharing,subscription,,,9.19,3.09,8.26,1.378,False,True,False,False,,0
d9e5a2c4-a412-5d8a-910c-fb9614258dbb,12431e06-2dba-5a20-8f39-351176edd8c2,932d3626-708a-596b-a1fc-99c2fa1ce9b3,,1,2026-02-23 16:00:00+01:00,2026-02-23 16:17:00+01:00,17,home,Bremen,,DE,cafe,Bremen,,DE,e_scooter,pay-as-you-go,,,3.06,5.25,5.25,0.061,False,True,False,False,,0
48a893eb-fa01-5f11-9ab1-f02239a86180,e6446e2f-585d-5883-b545-3ddc98528d46,932d3626-708a-596b-a1fc-99c2fa1ce9b3,,1,2026-02-24 11:00:00+01:00,2026-02-24 11:15:00+01:00,15,home,Bremen,,DE,studio,Bremen,,DE,e_scooter,pay-as-you-go,,,2.7,4.75,4.75,0.054,False,True,False,False,,0
4180b7b7-ac0a-5ece-9e97-26aea7d1120b,ee511b03-fc74-5ef7-8a38-68b1632b41de,932d3626-708a-596b-a1fc-99c2fa1ce9b3,2cabd1a2-d53c-511a-b6f4-3e39086312da,1,2026-02-26 14:00:00+01:00,2026-02-26 14:41:00+01:00,41,home,Bremen,,DE,supplier,Bremen,,DE,car_sharing,subscription,,,11.67,3.76,10.22,1.75,False,True,False,False,,0
412d782e-2b55-5204-bb7e-5e3512166e01,eb216ef8-3ae7-55b6-92ec-b68a1de56564,932d3626-708a-596b-a1fc-99c2fa1ce9b3,2cabd1a2-d53c-511a-b6f4-3e39086312da,1,2026-02-27 13:00:00+01:00,2026-02-27 13:36:00+01:00,36,home,Bremen,,DE,client studio,Bremen,,DE,car_sharing,subscription,,,8.88,3.0,8.02,1.332,False,True,False,False,,0
b09bf236-4847-52c3-8195-803b9a3ea489,7d3eea52-1ddd-5d08-ae6b-5508bdf2438b,932d3626-708a-596b-a1fc-99c2fa1ce9b3,,1,2026-02-27 12:00:00+01:00,2026-02-27 12:11:00+01:00,11,home,Bremen,,DE,co-working space,Bremen,,DE,e_scooter,pay-as-you-go,,,1.98,3.75,3.75,0.04,False,True,False,False,,0
65126d48-42f7-5338-9750-22b0de5e9722,d17f2c20-115e-50e9-97d2-ac9ac4f2f69e,932d3626-708a-596b-a1fc-99c2fa1ce9b3,,1,2026-02-27 12:00:00+01:00,2026-02-27 12:10:00+01:00,10,home,Bremen,,DE,riverside promenade,Bremen,,DE,bike_sharing,pay-as-you-go,,,2.2,2.2,2.2,0.011,False,True,False,False,,0
efce89ca-755f-5bf1-998a-f325760e4508,f7d87bb3-1535-5f9a-9e2e-b36f4557f363,932d3626-708a-596b-a1fc-99c2fa1ce9b3,2cabd1a2-d53c-511a-b6f4-3e39086312da,1,2026-03-01 09:00:00+02:00,2026-03-01 09:34:00+02:00,34,home,Bremen,,DE,supplier,Bremen,,DE,car_sharing,subscription,,,7.43,2.62,6.87,1.114,False,True,False,False,,0
a2fe922b-1224-5d55-940e-683b0b364e20,f43a669f-e057-5a39-a590-f81f359c0d26,932d3626-708a-596b-a1fc-99c2fa1ce9b3,2cabd1a2-d53c-511a-b6f4-3e39086312da,1,2026-03-03 12:00:00+02:00,2026-03-03 12:32:00+02:00,32,home,Bremen,,DE,client studio,Bremen,,DE,car_sharing,subscription,,,8.45,2.79,7.68,1.267,False,True,False,False,,0
501cd42c-031b-5684-a6ef-bb08e9c7c13a,94ec0dd6-230f-5187-8e35-1c8ac749c8ad,932d3626-708a-596b-a1fc-99c2fa1ce9b3,,1,2026-03-03 12:00:00+02:00,2026-03-03 12:30:00+02:00,30,home,Bremen,,DE,riverside promenade,Bremen,,DE,bike_sharing,pay-as-you-go,,,6.6,4.6,4.6,0.033,False,True,False,False,,0
779c1486-31ec-5fc3-8d16-e242d3a16039,0e18b87a-0406-55a7-853c-1360a3b47601,932d3626-708a-596b-a1fc-99c2fa1ce9b3,2cabd1a2-d53c-511a-b6f4-3e39086312da,1,2026-03-05 14:00:00+02:00,2026-03-05 14:41:00+02:00,41,home,Bremen,,DE,print shop,Bremen,,DE,car_sharing,subscription,,,9.35,3.24,8.39,1.402,False,True,False,False,,0
1c35bee1-3972-5074-a528-7e23d692f59f,0d79e1df-97d5-5671-bcf6-7e1d1f32a9b9,932d3626-708a-596b-a1fc-99c2fa1ce9b3,,1,2026-03-06 16:00:00+02:00,2026-03-06 16:11:00+02:00,11,home,Bremen,,DE,cafe,Bremen,,DE,e_scooter,pay-as-you-go,,,1.98,3.75,3.75,0.04,False,True,False,False,,0
5b240281-e529-5c00-b2f8-96e543f03d67,f0c0cf8d-c58e-5397-a223-38d2712e89c1,932d3626-708a-596b-a1fc-99c2fa1ce9b3,2cabd1a2-d53c-511a-b6f4-3e39086312da,1,2026-03-07 16:00:00+02:00,2026-03-07 16:36:00+02:00,36,home,Bremen,,DE,print shop,Bremen,,DE,car_sharing,subscription,,,10.29,3.31,9.13,1.543,False,True,False,False,,0
df4c0e94-366a-5e3a-a54d-a4957d12d661,c0cf69d6-4408-5c90-813d-374b61d8aa3c,932d3626-708a-596b-a1fc-99c2fa1ce9b3,,1,2026-03-07 17:00:00+02:00,2026-03-07 17:19:00+02:00,19,home,Bremen,,DE,riverside promenade,Bremen,,DE,bike_sharing,pay-as-you-go,,,4.18,3.28,3.28,0.021,False,True,False,False,,0
3696dbd7-c8ba-5d38-9f06-380fef2be5da,86f1422a-592a-5653-a7df-af2ade039c35,932d3626-708a-596b-a1fc-99c2fa1ce9b3,2cabd1a2-d53c-511a-b6f4-3e39086312da,1,2026-03-09 09:00:00+02:00,2026-03-09 09:28:00+02:00,28,home,Bremen,,DE,supplier,Bremen,,DE,car_sharing,subscription,,,7.41,2.44,6.85,1.111,False,True,False,False,,0
d5ad8249-a8ec-5915-a17b-ca92a49bd4f3,096b815d-4c5f-577e-ae59-1f77cf00fedf,932d3626-708a-596b-a1fc-99c2fa1ce9b3,,1,2026-03-09 10:00:00+02:00,2026-03-09 10:15:00+02:00,15,home,Bremen,,DE,co-working space,Bremen,,DE,e_scooter,pay-as-you-go,,,2.7,4.75,4.75,0.054,False,True,False,False,,0
6681ece3-cb57-585d-865b-06cc8c073299,b66a269b-1511-575d-a494-a2ab70efb4f1,932d3626-708a-596b-a1fc-99c2fa1ce9b3,2cabd1a2-d53c-511a-b6f4-3e39086312da,1,2026-03-13 15:00:00+02:00,2026-03-13 15:30:00+02:00,30,home,Bremen,,DE,print shop,Bremen,,DE,car_sharing,subscription,,,8.26,2.69,7.53,1.239,False,True,False,False,,0
db6e64b9-3ec3-5e1a-b69b-eafc825d951c,4d4707fa-5f68-532a-8e57-1d50ab1ad080,932d3626-708a-596b-a1fc-99c2fa1ce9b3,2cabd1a2-d53c-511a-b6f4-3e39086312da,1,2026-03-15 14:00:00+02:00,2026-03-15 14:37:00+02:00,37,home,Bremen,,DE,print shop,Bremen,,DE,car_sharing,subscription,,,8.81,3.01,7.96,1.322,False,True,False,False,,0
dea872c0-6b45-59df-b874-78242a08be77,d8da92b9-5433-5c28-8862-c3faf74fa05a,932d3626-708a-596b-a1fc-99c2fa1ce9b3,2cabd1a2-d53c-511a-b6f4-3e39086312da,1,2026-03-16 17:00:00+02:00,2026-03-16 17:43:00+02:00,43,home,Bremen,,DE,supplier,Bremen,,DE,car_sharing,subscription,,,10.45,3.54,9.26,1.567,False,True,False,False,,0
68feecdd-75fc-580d-aa64-60a75153edc5,1737fe10-8a40-5a2a-885f-6e9290551008,932d3626-708a-596b-a1fc-99c2fa1ce9b3,2cabd1a2-d53c-511a-b6f4-3e39086312da,1,2026-03-17 17:00:00+02:00,2026-03-17 17:31:00+02:00,31,home,Bremen,,DE,client studio,Bremen,,DE,car_sharing,subscription,,,8.79,2.84,7.94,1.318,False,True,False,False,,0
43093d49-91ab-5fdc-b70f-7382c89c1b13,7fac211b-d12c-5637-bb94-35f91650edc6,932d3626-708a-596b-a1fc-99c2fa1ce9b3,,1,2026-03-18 13:00:00+02:00,2026-03-18 13:28:00+02:00,28,home,Bremen,,DE,riverside promenade,Bremen,,DE,bike_sharing,pay-as-you-go,,,6.16,4.36,4.36,0.031,False,True,False,False,,0
dc3c728f-253c-5406-8763-2cd98f39a175,ef080b1c-714b-548c-854a-f41b4bfd641f,932d3626-708a-596b-a1fc-99c2fa1ce9b3,2cabd1a2-d53c-511a-b6f4-3e39086312da,1,2026-03-19 17:00:00+02:00,2026-03-19 17:34:00+02:00,34,home,Bremen,,DE,client studio,Bremen,,DE,car_sharing,subscription,,,8.73,2.91,7.9,1.31,False,True,False,False,,0
891e6cbf-0cb1-5ae1-b2e6-bd0fafa787ae,593eaf13-3654-5ab9-a993-88e2b39bd764,932d3626-708a-596b-a1fc-99c2fa1ce9b3,,1,2026-03-19 12:00:00+02:00,2026-03-19 12:16:00+02:00,16,home,Bremen,,DE,co-working space,Bremen,,DE,e_scooter,pay-as-you-go,,,2.88,5.0,5.0,0.058,False,True,False,False,,0
412aef06-c7d1-5d98-b032-0c475cc53f24,56bae0ac-d75e-5595-903b-135b4a26cdc6,932d3626-708a-596b-a1fc-99c2fa1ce9b3,2cabd1a2-d53c-511a-b6f4-3e39086312da,1,2026-03-22 09:00:00+02:00,2026-03-22 09:40:00+02:00,40,home,Bremen,,DE,client studio,Bremen,,DE,car_sharing,subscription,,,10.54,3.48,9.33,1.581,False,True,False,False,,0
568533d8-a513-5ce3-8855-b381737b84fa,4be5a486-34e3-539b-9f7b-c0df1b5c9b52,932d3626-708a-596b-a1fc-99c2fa1ce9b3,2cabd1a2-d53c-511a-b6f4-3e39086312da,1,2026-03-23 13:00:00+02:00,2026-03-23 13:41:00+02:00,41,home,Bremen,,DE,print shop,Bremen,,DE,car_sharing,subscription,,,12.49,3.95,10.87,1.873,False,True,False,False,,0
dca5921f-b75e-568a-ae25-84f52d43f74a,db7aaedf-ad10-528e-8be6-eb8625c49cae,932d3626-708a-596b-a1fc-99c2fa1ce9b3,,1,2026-03-24 16:00:00+02:00,2026-03-24 16:14:00+02:00,14,home,Bremen,,DE,cafe,Bremen,,DE,e_scooter,pay-as-you-go,,,2.52,4.5,4.5,0.05,False,True,False,False,,0
5f1166c1-a9d2-56fd-a31b-717dcea58147,e4f891a6-787b-5fff-926d-be951ac9e825,932d3626-708a-596b-a1fc-99c2fa1ce9b3,2cabd1a2-d53c-511a-b6f4-3e39086312da,1,2026-03-25 10:00:00+02:00,2026-03-25 10:39:00+02:00,39,home,Bremen,,DE,client studio,Bremen,,DE,car_sharing,subscription,,,9.44,3.21,8.46,1.416,False,True,False,False,,0
cd308337-78c6-5003-96a9-927e0a6c340e,60f6b0ae-ea97-551c-bf4b-017092946bea,932d3626-708a-596b-a1fc-99c2fa1ce9b3,,1,2026-03-25 10:00:00+02:00,2026-03-25 10:21:00+02:00,21,home,Bremen,,DE,riverside promenade,Bremen,,DE,bike_sharing,pay-as-you-go,,,4.62,3.52,3.52,0.023,False,True,False,False,,0
c1cfbde4-6929-5352-9642-60244847c03d,f92c8407-7d9a-5b8c-bf57-bce8c57410ba,932d3626-708a-596b-a1fc-99c2fa1ce9b3,,1,2026-03-26 15:00:00+02:00,2026-03-26 15:16:00+02:00,16,home,Bremen,,DE,co-working space,Bremen,,DE,e_scooter,pay-as-you-go,,,2.88,5.0,5.0,0.058,False,True,False,False,,0
625b95dc-4a26-5290-9be2-d40f1c58e3e1,a478b68e-6dea-5c75-82bc-5081eaca9cc7,932d3626-708a-596b-a1fc-99c2fa1ce9b3,2cabd1a2-d53c-511a-b6f4-3e39086312da,1,2026-03-27 17:00:00+02:00,2026-03-27 17:42:00+02:00,42,home,Bremen,,DE,print shop,Bremen,,DE,car_sharing,subscription,,,11.23,3.69,9.87,1.685,False,True,False,False,,0
6a419f2d-bd73-521a-9e59-095683e8a9bf,d75eb557-b252-57b3-9903-58d38c4837d1,932d3626-708a-596b-a1fc-99c2fa1ce9b3,,1,2026-03-27 15:00:00+02:00,2026-03-27 15:05:00+02:00,5,home,Bremen,,DE,cafe,Bremen,,DE,e_scooter,pay-as-you-go,,,0.9,2.25,2.25,0.018,False,True,False,False,,0
3f5273ab-804b-5133-be56-ec3602864911,e4a95f3d-4d41-51cb-9100-d617b69e43f6,932d3626-708a-596b-a1fc-99c2fa1ce9b3,,1,2026-03-29 11:00:00+02:00,2026-03-29 11:05:00+02:00,5,home,Bremen,,DE,studio,Bremen,,DE,e_scooter,pay-as-you-go,,,0.9,2.25,2.25,0.018,False,True,False,False,,0
a4f67de9-535b-5472-943f-8c00b69cc6c9,4d528e64-5d2a-5752-891b-58bd3957a412,932d3626-708a-596b-a1fc-99c2fa1ce9b3,2cabd1a2-d53c-511a-b6f4-3e39086312da,1,2026-03-30 14:00:00+02:00,2026-03-30 14:40:00+02:00,40,home,Bremen,,DE,client studio,Bremen,,DE,car_sharing,subscription,,,9.5,3.25,8.51,1.425,False,True,False,False,,0
35924d89-3b9d-59f3-9a06-3c1b6f3f278b,c9033898-1539-5ae8-b3a9-dd7ec3cd55e4,932d3626-708a-596b-a1fc-99c2fa1ce9b3,,1,2026-03-30 16:00:00+02:00,2026-03-30 16:17:00+02:00,17,home,Bremen,,DE,riverside promenade,Bremen,,DE,bike_sharing,pay-as-you-go,,,3.74,3.04,3.04,0.019,False,True,False,False,,0
1e86108a-5362-5739-b88c-fa33a365baa6,4daca664-6bd0-526b-99d8-1388eb28429f,932d3626-708a-596b-a1fc-99c2fa1ce9b3,2cabd1a2-d53c-511a-b6f4-3e39086312da,1,2026-03-31 12:00:00+02:00,2026-03-31 12:44:00+02:00,44,home,Bremen,,DE,print shop,Bremen,,DE,car_sharing,subscription,,,11.79,3.87,10.31,1.768,False,True,False,False,,0
c94553e8-cc32-5102-b86e-29b049a8ace5,a531424b-1daf-5e9c-8810-74be2af84496,932d3626-708a-596b-a1fc-99c2fa1ce9b3,,1,2026-03-31 14:00:00+02:00,2026-03-31 14:24:00+02:00,24,home,Bremen,,DE,riverside promenade,Bremen,,DE,bike_sharing,pay-as-you-go,,,5.28,3.88,3.88,0.026,False,True,False,False,,0
1fc94150-9ebf-5923-994c-8ddf8b53c154,80199d92-2a63-5206-b3d3-7b4f530d7337,932d3626-708a-596b-a1fc-99c2fa1ce9b3,2cabd1a2-d53c-511a-b6f4-3e39086312da,1,2026-04-01 11:00:00+02:00,2026-04-01 11:48:00+02:00,48,home,Bremen,,DE,print shop,Bremen,,DE,car_sharing,subscription,,,12.32,4.1,10.73,1.848,False,True,False,False,,0
f2ba7b89-ccfe-5f64-870b-8fb68830f315,7733b14c-8b84-548c-ad91-5527578355fc,932d3626-708a-596b-a1fc-99c2fa1ce9b3,2cabd1a2-d53c-511a-b6f4-3e39086312da,1,2026-04-02 13:00:00+02:00,2026-04-02 13:32:00+02:00,32,home,Bremen,,DE,supplier,Bremen,,DE,car_sharing,subscription,,,7.23,2.52,6.71,1.085,False,True,False,False,,0
f3420efe-b84a-5b1e-ae13-e30154798472,83254e62-f3b3-576d-9c52-ef2e7f5864e8,932d3626-708a-596b-a1fc-99c2fa1ce9b3,,1,2026-04-02 20:00:00+02:00,2026-04-02 20:14:00+02:00,14,home,Bremen,,DE,studio,Bremen,,DE,e_scooter,pay-as-you-go,,,2.52,4.5,4.5,0.05,False,True,False,False,,0
b9e07f83-8087-5c90-9534-92cb4c9affff,8a253371-5d12-59a8-8b30-33f1f455afea,932d3626-708a-596b-a1fc-99c2fa1ce9b3,2cabd1a2-d53c-511a-b6f4-3e39086312da,1,2026-04-03 09:00:00+02:00,2026-04-03 09:32:00+02:00,32,home,Bremen,,DE,client studio,Bremen,,DE,car_sharing,subscription,,,7.8,2.64,7.16,1.17,False,True,False,False,,0
058295c5-8177-52ce-9347-edf3c0d2b324,44c1c192-c8b7-54f7-ac85-8adc055ca025,932d3626-708a-596b-a1fc-99c2fa1ce9b3,,1,2026-04-03 17:00:00+02:00,2026-04-03 17:11:00+02:00,11,home,Bremen,,DE,studio,Bremen,,DE,e_scooter,pay-as-you-go,,,1.98,3.75,3.75,0.04,False,True,False,False,,0
70a04fb4-28a9-5c6b-af49-60f8f4836a53,9dd821ac-e852-5cbd-8f91-f01e7373b886,932d3626-708a-596b-a1fc-99c2fa1ce9b3,,1,2026-04-04 09:00:00+02:00,2026-04-04 09:20:00+02:00,20,home,Bremen,,DE,riverside promenade,Bremen,,DE,bike_sharing,pay-as-you-go,,,4.4,3.4,3.4,0.022,False,True,False,False,,0
4f4a6335-2350-5c3a-abba-0452e0a0cbd8,e37338dc-47b7-5788-880b-4e88142c1458,932d3626-708a-596b-a1fc-99c2fa1ce9b3,2cabd1a2-d53c-511a-b6f4-3e39086312da,1,2026-04-08 11:00:00+02:00,2026-04-08 11:43:00+02:00,43,home,Bremen,,DE,print shop,Bremen,,DE,car_sharing,subscription,,,10.99,3.67,9.68,1.649,False,True,False,False,,0
9ca946a8-8393-5320-9501-02da174154a1,597acfa5-cc85-5190-b646-672b941c9f28,932d3626-708a-596b-a1fc-99c2fa1ce9b3,2cabd1a2-d53c-511a-b6f4-3e39086312da,1,2026-04-09 15:00:00+02:00,2026-04-09 15:44:00+02:00,44,home,Bremen,,DE,client studio,Bremen,,DE,car_sharing,subscription,,,12.79,4.1,11.1,1.918,False,True,False,False,,0
c43517f4-a374-5fa5-ba08-303f75cf138f,e4de1aa2-da19-508e-8596-548446a31037,932d3626-708a-596b-a1fc-99c2fa1ce9b3,,1,2026-04-09 15:00:00+02:00,2026-04-09 15:16:00+02:00,16,home,Bremen,,DE,co-working space,Bremen,,DE,e_scooter,pay-as-you-go,,,2.88,5.0,5.0,0.058,False,True,False,False,,0
13c84da8-3ea1-5cbe-a1b3-08fc16ef0114,301b650e-97b0-57a4-a40f-d8223f461227,932d3626-708a-596b-a1fc-99c2fa1ce9b3,2cabd1a2-d53c-511a-b6f4-3e39086312da,1,2026-04-10 17:00:00+02:00,2026-04-10 17:29:00+02:00,29,home,Bremen,,DE,supplier,Bremen,,DE,car_sharing,subscription,,,6.85,2.35,6.41,1.027,False,True,False,False,,0
a8cc386e-06a9-53a4-8fda-66bd001a57bf,c44348bb-679c-511d-ac02-9c4b76120323,932d3626-708a-596b-a1fc-99c2fa1ce9b3,,1,2026-04-10 10:00:00+02:00,2026-04-10 10:25:00+02:00,25,home,Bremen,,DE,riverside promenade,Bremen,,DE,bike_sharing,pay-as-you-go,,,5.5,4.0,4.0,0.028,False,True,False,False,,0
8c28bbff-d838-5797-b3a2-28b0a53353a0,e597dbfc-1891-546c-a427-d1b05aa26f5a,932d3626-708a-596b-a1fc-99c2fa1ce9b3,,1,2026-04-11 14:00:00+02:00,2026-04-11 14:16:00+02:00,16,home,Bremen,,DE,studio,Bremen,,DE,e_scooter,pay-as-you-go,,,2.88,5.0,5.0,0.058,False,True,False,False,,0
dcb9a0ca-1fee-52c7-b33a-10aa5b3783c7,8459d916-ac39-55fa-8336-7242ca740e43,932d3626-708a-596b-a1fc-99c2fa1ce9b3,,1,2026-04-13 20:00:00+02:00,2026-04-13 20:12:00+02:00,12,home,Bremen,,DE,studio,Bremen,,DE,e_scooter,pay-as-you-go,,,2.16,4.0,4.0,0.043,False,True,False,False,,0
23963def-91fd-58ae-a697-fdbe06c3fed7,aac10cbf-605f-532e-9c47-c4c89006a25d,932d3626-708a-596b-a1fc-99c2fa1ce9b3,,1,2026-04-14 10:00:00+02:00,2026-04-14 10:09:00+02:00,9,home,Bremen,,DE,co-working space,Bremen,,DE,e_scooter,pay-as-you-go,,,1.62,3.25,3.25,0.032,False,True,False,False,,0
05403f2b-df77-505f-99ec-e8775ebb6726,5b0d0bd1-779f-5ff2-b4c4-f82f35a28343,932d3626-708a-596b-a1fc-99c2fa1ce9b3,,1,2026-04-14 10:00:00+02:00,2026-04-14 10:23:00+02:00,23,home,Bremen,,DE,riverside promenade,Bremen,,DE,bike_sharing,pay-as-you-go,,,5.06,3.76,3.76,0.025,False,True,False,False,,0
2e99defe-94f1-5b80-9ab5-340e3a37d0ed,d7e8a761-26c0-58a9-88bb-b7e31d3bab34,932d3626-708a-596b-a1fc-99c2fa1ce9b3,,1,2026-04-15 15:00:00+02:00,2026-04-15 15:21:00+02:00,21,home,Bremen,,DE,riverside promenade,Bremen,,DE,bike_sharing,pay-as-you-go,,,4.62,3.52,3.52,0.023,False,True,False,False,,0
42a2b204-3a4b-573d-b787-8caccd6304df,f112ab1b-7a69-54c8-8715-aa3a46b16f18,932d3626-708a-596b-a1fc-99c2fa1ce9b3,,1,2026-04-16 20:00:00+02:00,2026-04-16 20:16:00+02:00,16,home,Bremen,,DE,cafe,Bremen,,DE,e_scooter,pay-as-you-go,,,2.88,5.0,5.0,0.058,False,True,False,False,,0
d0472abb-5a4c-5aac-849f-1d16996f5e72,8b847738-7e05-509c-82d8-4201875ec297,932d3626-708a-596b-a1fc-99c2fa1ce9b3,,1,2026-04-16 15:00:00+02:00,2026-04-16 15:24:00+02:00,24,home,Bremen,,DE,riverside promenade,Bremen,,DE,bike_sharing,pay-as-you-go,,,5.28,3.88,3.88,0.026,False,True,False,False,,0
207df92e-6c0e-54ed-8b0b-9e0d18a62869,fc6327b2-aea9-5a6f-bbf5-4db3c1632cee,932d3626-708a-596b-a1fc-99c2fa1ce9b3,,1,2026-04-18 18:00:00+02:00,2026-04-18 18:20:00+02:00,20,home,Bremen,,DE,riverside promenade,Bremen,,DE,bike_sharing,pay-as-you-go,,,4.4,3.4,3.4,0.022,False,True,False,False,,0
1c9e4935-7c4f-551c-9e11-c84282dff2fc,ef4c5fbc-f54b-5e4a-90aa-152fe8c15290,932d3626-708a-596b-a1fc-99c2fa1ce9b3,,1,2026-04-19 16:00:00+02:00,2026-04-19 16:14:00+02:00,14,home,Bremen,,DE,studio,Bremen,,DE,e_scooter,pay-as-you-go,,,2.52,4.5,4.5,0.05,False,True,False,False,,0
d2f7ac22-f2c2-50f5-a854-2aeb8143a472,d516d0a4-405c-5d55-b302-427248e1c5ff,932d3626-708a-596b-a1fc-99c2fa1ce9b3,,1,2026-04-19 11:00:00+02:00,2026-04-19 11:29:00+02:00,29,home,Bremen,,DE,riverside promenade,Bremen,,DE,bike_sharing,pay-as-you-go,,,6.38,4.48,4.48,0.032,False,True,False,False,,0
edd692d9-d64d-56fb-8f63-a5614a8737e7,9f58e249-d272-5b7f-811b-5cc18da51f82,932d3626-708a-596b-a1fc-99c2fa1ce9b3,,1,2026-04-20 17:00:00+02:00,2026-04-20 17:12:00+02:00,12,home,Bremen,,DE,studio,Bremen,,DE,e_scooter,pay-as-you-go,,,2.16,4.0,4.0,0.043,False,True,False,False,,0
f97dbfdd-83bf-5653-9c78-a0f529895522,0ebca9fe-bfcc-51f5-9b68-3616f5ed851b,932d3626-708a-596b-a1fc-99c2fa1ce9b3,2cabd1a2-d53c-511a-b6f4-3e39086312da,1,2026-04-23 11:00:00+02:00,2026-04-23 11:32:00+02:00,32,home,Bremen,,DE,supplier,Bremen,,DE,car_sharing,subscription,,,8.79,2.86,7.94,1.318,False,True,False,False,,0
37d20360-ad1b-5c0f-a272-000b6addc69c,1a606c59-63a9-5bda-a664-0621da136b8d,932d3626-708a-596b-a1fc-99c2fa1ce9b3,2cabd1a2-d53c-511a-b6f4-3e39086312da,1,2026-04-24 11:00:00+02:00,2026-04-24 11:35:00+02:00,35,home,Bremen,,DE,client studio,Bremen,,DE,car_sharing,subscription,,,8.17,2.81,7.45,1.226,False,True,False,False,,0
3e80ad80-6b27-56f1-91d1-6a9e149070b8,8f3ceb8d-0ff0-50b5-9134-3c3e93389dbc,932d3626-708a-596b-a1fc-99c2fa1ce9b3,2cabd1a2-d53c-511a-b6f4-3e39086312da,1,2026-04-25 16:00:00+02:00,2026-04-25 16:45:00+02:00,45,home,Bremen,,DE,supplier,Bremen,,DE,car_sharing,subscription,,,12.53,4.07,10.9,1.879,False,True,False,False,,0
589d6273-e5ca-58c2-a387-e087fd078055,c586c2f5-db2f-5300-81ab-0122ca76c175,932d3626-708a-596b-a1fc-99c2fa1ce9b3,,1,2026-04-27 19:00:00+02:00,2026-04-27 19:15:00+02:00,15,home,Bremen,,DE,studio,Bremen,,DE,e_scooter,pay-as-you-go,,,2.7,4.75,4.75,0.054,False,True,False,False,,0
a43ca4b8-6430-5067-a613-c334c5f62aba,b582b9cd-55c1-51ec-b609-7897d157a975,932d3626-708a-596b-a1fc-99c2fa1ce9b3,2cabd1a2-d53c-511a-b6f4-3e39086312da,1,2026-04-28 11:00:00+02:00,2026-04-28 11:26:00+02:00,26,home,Bremen,,DE,supplier,Bremen,,DE,car_sharing,subscription,,,5.06,1.86,5.0,0.759,False,True,False,False,,0
868a6434-d612-58d8-a99e-115f30585546,31e3bed9-4f99-5369-943c-af2b48f98a9c,932d3626-708a-596b-a1fc-99c2fa1ce9b3,,1,2026-04-28 18:00:00+02:00,2026-04-28 18:14:00+02:00,14,home,Bremen,,DE,cafe,Bremen,,DE,e_scooter,pay-as-you-go,,,2.52,4.5,4.5,0.05,False,True,False,False,,0
2f778041-53a4-5106-8cfd-19f14072c1c7,76884cb6-5e43-5510-ad14-02325daade75,932d3626-708a-596b-a1fc-99c2fa1ce9b3,2cabd1a2-d53c-511a-b6f4-3e39086312da,1,2026-04-29 12:00:00+02:00,2026-04-29 12:29:00+02:00,29,home,Bremen,,DE,client studio,Bremen,,DE,car_sharing,subscription,,,5.46,2.04,5.31,0.819,False,True,False,False,,0
c2c648d5-465c-58a5-aeab-73633ee242a1,fd73e17a-b963-523f-a007-f178f9ade6ad,932d3626-708a-596b-a1fc-99c2fa1ce9b3,,1,2026-04-29 18:00:00+02:00,2026-04-29 18:17:00+02:00,17,home,Bremen,,DE,co-working space,Bremen,,DE,e_scooter,pay-as-you-go,,,3.06,5.25,5.25,0.061,False,True,False,False,,0
7ca8bb78-62e3-5f02-a7e9-f1438883268b,3de1f39b-8c53-5879-b65c-319239d03859,932d3626-708a-596b-a1fc-99c2fa1ce9b3,,1,2026-04-29 15:00:00+02:00,2026-04-29 15:23:00+02:00,23,home,Bremen,,DE,riverside promenade,Bremen,,DE,bike_sharing,pay-as-you-go,,,5.06,3.76,3.76,0.025,False,True,False,False,,0
603e3aa9-696f-514c-9c11-e8a79174b5c3,cb27f1a9-98fb-5ea3-882f-ad4704d1ab32,932d3626-708a-596b-a1fc-99c2fa1ce9b3,2cabd1a2-d53c-511a-b6f4-3e39086312da,1,2026-04-30 12:00:00+02:00,2026-04-30 12:43:00+02:00,43,home,Bremen,,DE,client studio,Bremen,,DE,car_sharing,subscription,,,10.83,3.63,9.56,1.625,False,True,False,False,,0
07f9ddec-af0a-5d3d-adc1-a1faa03a505c,e9fc281f-825f-5a95-ba51-4116eacc1bc9,932d3626-708a-596b-a1fc-99c2fa1ce9b3,2cabd1a2-d53c-511a-b6f4-3e39086312da,1,2026-05-01 17:00:00+02:00,2026-05-01 17:32:00+02:00,32,home,Bremen,,DE,print shop,Bremen,,DE,car_sharing,subscription,,,9.15,2.95,8.23,1.373,False,True,False,False,,0
4bddffa8-5dab-5af6-ba8f-7f35da6190b7,76fdc3ce-d36c-5782-9706-d39d2a79bd4e,932d3626-708a-596b-a1fc-99c2fa1ce9b3,2cabd1a2-d53c-511a-b6f4-3e39086312da,1,2026-05-04 15:00:00+02:00,2026-05-04 15:27:00+02:00,27,home,Bremen,,DE,supplier,Bremen,,DE,car_sharing,subscription,,,5.92,2.08,5.68,0.888,False,True,False,False,,0
274c48ce-38c3-5227-980b-ab4a5343eb1d,d53ae0c5-27e6-5973-b53a-3c34dbe637ab,932d3626-708a-596b-a1fc-99c2fa1ce9b3,,1,2026-05-04 11:00:00+02:00,2026-05-04 11:14:00+02:00,14,home,Bremen,,DE,cafe,Bremen,,DE,e_scooter,pay-as-you-go,,,2.52,4.5,4.5,0.05,False,True,False,False,,0
cbdb849d-c109-5b78-a239-e29b0d055975,30481ddd-e634-53c4-ad47-9e4dc8cc1e57,932d3626-708a-596b-a1fc-99c2fa1ce9b3,,1,2026-05-04 14:00:00+02:00,2026-05-04 14:13:00+02:00,13,home,Bremen,,DE,riverside promenade,Bremen,,DE,bike_sharing,pay-as-you-go,,,2.86,2.56,2.56,0.014,False,True,False,False,,0
adeeea6d-4a63-5345-b901-692526a92a1c,764dc4ae-db11-5c3b-9404-cd757ba2fbbc,932d3626-708a-596b-a1fc-99c2fa1ce9b3,2cabd1a2-d53c-511a-b6f4-3e39086312da,1,2026-05-05 10:00:00+02:00,2026-05-05 10:38:00+02:00,38,home,Bremen,,DE,print shop,Bremen,,DE,car_sharing,subscription,,,11.41,3.62,10.01,1.712,False,True,False,False,,0
d053f9f8-b38c-5dac-b5c7-3b8dd918c693,d7699181-6656-50c1-8990-f2a3721ab81e,932d3626-708a-596b-a1fc-99c2fa1ce9b3,2cabd1a2-d53c-511a-b6f4-3e39086312da,1,2026-05-06 17:00:00+02:00,2026-05-06 17:45:00+02:00,45,home,Bremen,,DE,print shop,Bremen,,DE,car_sharing,subscription,,,12.01,3.95,10.49,1.801,False,True,False,False,,0
fc6694e6-7396-5110-99a6-35c07c4d0cf8,8ecb859a-fb30-5c99-a915-d563ed46d623,932d3626-708a-596b-a1fc-99c2fa1ce9b3,2cabd1a2-d53c-511a-b6f4-3e39086312da,1,2026-05-07 15:00:00+02:00,2026-05-07 15:31:00+02:00,31,home,Bremen,,DE,supplier,Bremen,,DE,car_sharing,subscription,,,6.45,2.31,6.1,0.968,False,True,False,False,,0
2325d61e-65ea-5fcf-940d-9634d6976bc5,a1ec5aef-7358-55d1-9b7c-04ed40c63ea8,932d3626-708a-596b-a1fc-99c2fa1ce9b3,,1,2026-05-08 15:00:00+02:00,2026-05-08 15:07:00+02:00,7,home,Bremen,,DE,studio,Bremen,,DE,e_scooter,pay-as-you-go,,,1.26,2.75,2.75,0.025,False,True,False,False,,0
9199e9e6-db1f-5b38-9dad-c978bc93d528,f8e9ce11-485f-596a-98e1-9bf3024d3bd5,932d3626-708a-596b-a1fc-99c2fa1ce9b3,,1,2026-05-08 14:00:00+02:00,2026-05-08 14:20:00+02:00,20,home,Bremen,,DE,riverside promenade,Bremen,,DE,bike_sharing,pay-as-you-go,,,4.4,3.4,3.4,0.022,False,True,False,False,,0
55074cea-2bb5-544c-b3a5-edbbeb2d6bdc,740a89a9-099e-53cb-8cdf-4e390509a0b9,932d3626-708a-596b-a1fc-99c2fa1ce9b3,2cabd1a2-d53c-511a-b6f4-3e39086312da,1,2026-05-09 13:00:00+02:00,2026-05-09 13:40:00+02:00,40,home,Bremen,,DE,client studio,Bremen,,DE,car_sharing,subscription,,,9.46,3.24,8.47,1.419,False,True,False,False,,0
d089d503-8488-5b40-b1d9-46621fe1fded,2df4c74a-2869-5ef1-82ad-5061c62c25b7,932d3626-708a-596b-a1fc-99c2fa1ce9b3,2cabd1a2-d53c-511a-b6f4-3e39086312da,1,2026-05-10 09:00:00+02:00,2026-05-10 09:31:00+02:00,31,home,Bremen,,DE,client studio,Bremen,,DE,car_sharing,subscription,,,6.96,2.43,6.5,1.044,False,True,False,False,,0
2193e079-9257-543f-92d1-3f77e7a6c604,61486260-2982-5bbc-90ee-583187f1fd08,932d3626-708a-596b-a1fc-99c2fa1ce9b3,,1,2026-05-11 17:00:00+02:00,2026-05-11 17:12:00+02:00,12,home,Bremen,,DE,cafe,Bremen,,DE,e_scooter,pay-as-you-go,,,2.16,4.0,4.0,0.043,False,True,False,False,,0
95a41bbe-30bc-5dd2-850b-e618a7225e99,3ac76058-3673-5f66-83a7-6c024de216a5,932d3626-708a-596b-a1fc-99c2fa1ce9b3,2cabd1a2-d53c-511a-b6f4-3e39086312da,1,2026-05-12 16:00:00+02:00,2026-05-12 16:41:00+02:00,41,home,Bremen,,DE,supplier,Bremen,,DE,car_sharing,subscription,,,11.2,3.66,9.85,1.68,False,True,False,False,,0
c537e407-e9e6-5821-90f0-ecd58f3e8876,6b885261-87d2-56cb-a964-4ab76d8213b0,932d3626-708a-596b-a1fc-99c2fa1ce9b3,,1,2026-05-13 18:00:00+02:00,2026-05-13 18:23:00+02:00,23,home,Bremen,,DE,riverside promenade,Bremen,,DE,bike_sharing,pay-as-you-go,,,5.06,3.76,3.76,0.025,False,True,False,False,,0
8a6694e5-8e75-5923-9f3a-5a6c5ec47533,3b2763f2-021a-56e2-b81b-8bac7853f669,932d3626-708a-596b-a1fc-99c2fa1ce9b3,,1,2026-05-14 12:00:00+02:00,2026-05-14 12:10:00+02:00,10,home,Bremen,,DE,co-working space,Bremen,,DE,e_scooter,pay-as-you-go,,,1.8,3.5,3.5,0.036,False,True,False,False,,0
d1e635c0-9390-5456-99bb-f8346314a31d,be1d176b-8114-5c13-a183-d5651a31eddf,932d3626-708a-596b-a1fc-99c2fa1ce9b3,,1,2026-05-15 12:00:00+02:00,2026-05-15 12:07:00+02:00,7,home,Bremen,,DE,studio,Bremen,,DE,e_scooter,pay-as-you-go,,,1.26,2.75,2.75,0.025,False,True,False,False,,0
2e838d92-54e1-55c5-8854-de01163a7a9f,8de769e7-1847-5a89-bf9d-8323a9a53e8d,932d3626-708a-596b-a1fc-99c2fa1ce9b3,,1,2026-05-17 13:00:00+02:00,2026-05-17 13:11:00+02:00,11,home,Bremen,,DE,studio,Bremen,,DE,e_scooter,pay-as-you-go,,,1.98,3.75,3.75,0.04,False,True,False,False,,0
80d8ebb5-77f8-5650-ae5e-a525e9576071,67caaff3-e891-594c-bb9b-79ae078903dd,932d3626-708a-596b-a1fc-99c2fa1ce9b3,2cabd1a2-d53c-511a-b6f4-3e39086312da,1,2026-05-18 15:00:00+02:00,2026-05-18 15:32:00+02:00,32,home,Bremen,,DE,print shop,Bremen,,DE,car_sharing,subscription,,,8.84,2.88,7.98,1.326,False,True,False,False,,0
85999298-23c8-509f-9269-e40f279ae984,b82824a1-c898-58c5-824e-4f351bdf978f,932d3626-708a-596b-a1fc-99c2fa1ce9b3,2cabd1a2-d53c-511a-b6f4-3e39086312da,1,2026-05-19 10:00:00+02:00,2026-05-19 10:30:00+02:00,30,home,Bremen,,DE,supplier,Bremen,,DE,car_sharing,subscription,,,7.63,2.55,7.03,1.144,False,True,False,False,,0
4481cc28-97ee-5ffc-badd-6340e11c8bce,7463be1e-4dec-5f03-9903-2ebebbae29f7,932d3626-708a-596b-a1fc-99c2fa1ce9b3,2cabd1a2-d53c-511a-b6f4-3e39086312da,1,2026-05-20 14:00:00+02:00,2026-05-20 14:49:00+02:00,49,home,Bremen,,DE,client studio,Bremen,,DE,car_sharing,subscription,,,13.78,4.46,11.89,2.067,False,True,False,False,,0
e53614aa-5ef5-517c-bf34-1e3e0cebd958,4adbbeb2-2cf7-58e6-b596-93e87d868343,932d3626-708a-596b-a1fc-99c2fa1ce9b3,2cabd1a2-d53c-511a-b6f4-3e39086312da,1,2026-05-21 14:00:00+02:00,2026-05-21 14:40:00+02:00,40,home,Bremen,,DE,client studio,Bremen,,DE,car_sharing,subscription,,,9.19,3.18,8.26,1.378,False,True,False,False,,0
87d2de3f-2375-50ca-82ea-41d10478338a,6065f900-814f-5496-af8d-0d8e967092e2,932d3626-708a-596b-a1fc-99c2fa1ce9b3,,1,2026-05-21 15:00:00+02:00,2026-05-21 15:05:00+02:00,5,home,Bremen,,DE,co-working space,Bremen,,DE,e_scooter,pay-as-you-go,,,0.9,2.25,2.25,0.018,False,True,False,False,,0
61577a60-b500-5fed-a850-c9e0f3b4eace,116f8489-5dd9-5a0f-b486-3fa9b0dc905d,932d3626-708a-596b-a1fc-99c2fa1ce9b3,2cabd1a2-d53c-511a-b6f4-3e39086312da,1,2026-05-22 09:00:00+02:00,2026-05-22 09:30:00+02:00,30,home,Bremen,,DE,print shop,Bremen,,DE,car_sharing,subscription,,,7.53,2.53,6.95,1.129,False,True,False,False,,0
6b8541bf-4fb9-52d1-a41b-7bc4d9421786,d325eb72-3ccc-5db8-aae1-de77c5cd9f9c,932d3626-708a-596b-a1fc-99c2fa1ce9b3,,1,2026-05-23 20:00:00+02:00,2026-05-23 20:10:00+02:00,10,home,Bremen,,DE,studio,Bremen,,DE,e_scooter,pay-as-you-go,,,1.8,3.5,3.5,0.036,False,True,False,False,,0
4b005ed2-6c90-5c40-9fec-5a7b368fda67,5e615705-3373-5e32-96d1-273a48c9978c,932d3626-708a-596b-a1fc-99c2fa1ce9b3,2cabd1a2-d53c-511a-b6f4-3e39086312da,1,2026-05-25 14:00:00+02:00,2026-05-25 14:31:00+02:00,31,home,Bremen,,DE,supplier,Bremen,,DE,car_sharing,subscription,,,7.7,2.59,7.08,1.155,False,True,False,False,,0
500ddcbc-6fab-5b26-ab14-05310f089600,14601816-ceb4-53ce-88e5-efafe1238749,932d3626-708a-596b-a1fc-99c2fa1ce9b3,2cabd1a2-d53c-511a-b6f4-3e39086312da,1,2026-05-26 12:00:00+02:00,2026-05-26 12:38:00+02:00,38,home,Bremen,,DE,supplier,Bremen,,DE,car_sharing,subscription,,,11.04,3.54,9.72,1.656,False,True,False,False,,0
6cc27427-c7f6-58d0-85a7-aebcefe34d81,6424855b-5fc8-5ab9-b5c1-47e0e43e79ca,932d3626-708a-596b-a1fc-99c2fa1ce9b3,,1,2026-05-26 14:00:00+02:00,2026-05-26 14:09:00+02:00,9,home,Bremen,,DE,studio,Bremen,,DE,e_scooter,pay-as-you-go,,,1.62,3.25,3.25,0.032,False,True,False,False,,0
0e001012-f04e-5930-9d70-02b0021ae00a,c0b431fc-1b2c-5b1b-b40e-4fefeb298883,932d3626-708a-596b-a1fc-99c2fa1ce9b3,,1,2026-05-27 14:00:00+02:00,2026-05-27 14:10:00+02:00,10,home,Bremen,,DE,cafe,Bremen,,DE,e_scooter,pay-as-you-go,,,1.8,3.5,3.5,0.036,False,True,False,False,,0
24136bd0-9186-5919-ab0d-eba15fb41f37,1f30c16d-7a1e-57f8-ad56-d2ffbb754eb0,932d3626-708a-596b-a1fc-99c2fa1ce9b3,,1,2026-05-27 14:00:00+02:00,2026-05-27 14:27:00+02:00,27,home,Bremen,,DE,riverside promenade,Bremen,,DE,bike_sharing,pay-as-you-go,,,5.94,4.24,4.24,0.03,False,True,False,False,,0
29bef27e-1612-5555-bfb1-5ac59502a15f,927c3ec5-1625-5921-a05d-c5542485fb83,932d3626-708a-596b-a1fc-99c2fa1ce9b3,,1,2026-05-28 19:00:00+02:00,2026-05-28 19:17:00+02:00,17,home,Bremen,,DE,cafe,Bremen,,DE,e_scooter,pay-as-you-go,,,3.06,5.25,5.25,0.061,False,True,False,False,,0
f403ef0e-f45c-5d35-a57c-e102add27219,8df804ca-6daa-5745-bee2-eeed04faebbc,932d3626-708a-596b-a1fc-99c2fa1ce9b3,,1,2026-05-28 10:00:00+02:00,2026-05-28 10:25:00+02:00,25,home,Bremen,,DE,riverside promenade,Bremen,,DE,bike_sharing,pay-as-you-go,,,5.5,4.0,4.0,0.028,False,True,False,False,,0
dd0ba3da-334e-5e57-ab16-2661c4eb359a,f9737e81-995b-5bdf-8335-e402639d635b,932d3626-708a-596b-a1fc-99c2fa1ce9b3,2cabd1a2-d53c-511a-b6f4-3e39086312da,1,2026-06-01 10:00:00+02:00,2026-06-01 10:34:00+02:00,34,home,Bremen,,DE,print shop,Bremen,,DE,car_sharing,subscription,,,9.33,3.04,8.37,1.399,False,True,False,False,,0
a6efea4c-bc69-5dfc-98e6-ae9681e32a74,8239b424-99ae-5593-9bc9-1f59c1325aaf,932d3626-708a-596b-a1fc-99c2fa1ce9b3,,1,2026-06-02 15:00:00+02:00,2026-06-02 15:14:00+02:00,14,home,Bremen,,DE,riverside promenade,Bremen,,DE,bike_sharing,pay-as-you-go,,,3.08,2.68,2.68,0.015,False,True,False,False,,0
1b641664-8048-5d52-9b32-659ee518e550,3a861608-4795-5502-8b6e-989706efc941,932d3626-708a-596b-a1fc-99c2fa1ce9b3,,1,2026-06-03 19:00:00+02:00,2026-06-03 19:09:00+02:00,9,home,Bremen,,DE,cafe,Bremen,,DE,e_scooter,pay-as-you-go,,,1.62,3.25,3.25,0.032,False,True,False,False,,0
daf5067a-cf1f-5e3b-ae03-4e49a8c38b0c,0c6be83d-2e3c-5630-9b4f-330ce049fbc2,932d3626-708a-596b-a1fc-99c2fa1ce9b3,2cabd1a2-d53c-511a-b6f4-3e39086312da,1,2026-06-04 09:00:00+02:00,2026-06-04 09:32:00+02:00,32,home,Bremen,,DE,print shop,Bremen,,DE,car_sharing,subscription,,,9.39,3.0,8.42,1.409,False,True,False,False,,0
7a554c58-2b39-5e52-bb34-3ae8dab8704a,e0d434ef-fa59-5091-84a4-3e0b90f4473d,932d3626-708a-596b-a1fc-99c2fa1ce9b3,2cabd1a2-d53c-511a-b6f4-3e39086312da,1,2026-06-05 16:00:00+02:00,2026-06-05 16:37:00+02:00,37,home,Bremen,,DE,print shop,Bremen,,DE,car_sharing,subscription,,,10.94,3.49,9.64,1.641,False,True,False,False,,0
dc637651-1cd2-54e6-862e-a2f5a69ccc93,8de94e30-d5df-5726-8969-3ada6b5b6763,932d3626-708a-596b-a1fc-99c2fa1ce9b3,2cabd1a2-d53c-511a-b6f4-3e39086312da,1,2026-06-06 11:00:00+02:00,2026-06-06 11:38:00+02:00,38,home,Bremen,,DE,print shop,Bremen,,DE,car_sharing,subscription,,,8.16,2.89,7.45,1.224,False,True,False,False,,0
4db6cb65-c91f-5256-9535-158dd2c23bb8,6cf6951c-f438-5fe3-8757-c7a03fd1356f,932d3626-708a-596b-a1fc-99c2fa1ce9b3,,1,2026-06-07 11:00:00+02:00,2026-06-07 11:06:00+02:00,6,home,Bremen,,DE,co-working space,Bremen,,DE,e_scooter,pay-as-you-go,,,1.08,2.5,2.5,0.022,False,True,False,False,,0
3d5d326f-84b8-5658-88f1-2560af6fc5bb,6dcbe7d4-bad8-5c4f-8f0c-d8afc465987c,932d3626-708a-596b-a1fc-99c2fa1ce9b3,2cabd1a2-d53c-511a-b6f4-3e39086312da,1,2026-06-10 16:00:00+02:00,2026-06-10 16:54:00+02:00,54,home,Bremen,,DE,print shop,Bremen,,DE,car_sharing,subscription,,,13.74,4.59,11.85,2.061,False,True,False,False,,0
fbbf9bea-62f0-51aa-997e-2638bb6fdbde,57f5fdd2-dc9f-5eb8-ac15-a89885ebfbe8,932d3626-708a-596b-a1fc-99c2fa1ce9b3,2cabd1a2-d53c-511a-b6f4-3e39086312da,1,2026-06-11 10:00:00+02:00,2026-06-11 10:33:00+02:00,33,home,Bremen,,DE,print shop,Bremen,,DE,car_sharing,subscription,,,8.36,2.8,7.6,1.254,False,True,False,False,,0
34daf2f7-b457-559c-b873-f53e034b3378,7ee2dfbd-5e72-5951-83b4-b5baf3b1db01,932d3626-708a-596b-a1fc-99c2fa1ce9b3,2cabd1a2-d53c-511a-b6f4-3e39086312da,1,2026-06-12 11:00:00+02:00,2026-06-12 11:35:00+02:00,35,home,Bremen,,DE,supplier,Bremen,,DE,car_sharing,subscription,,,8.85,2.96,7.99,1.327,False,True,False,False,,0
dd1b2318-5919-5822-bed1-11b2125c8f5b,1ad5c726-17fd-5c0c-9cde-2a00ed63db9c,932d3626-708a-596b-a1fc-99c2fa1ce9b3,,1,2026-06-12 13:00:00+02:00,2026-06-12 13:14:00+02:00,14,home,Bremen,,DE,co-working space,Bremen,,DE,e_scooter,pay-as-you-go,,,2.52,4.5,4.5,0.05,False,True,False,False,,0
72cbb04d-0a85-57ad-86ef-391e3feec735,9fa9f968-0617-5e1f-bfcc-936366101e61,932d3626-708a-596b-a1fc-99c2fa1ce9b3,2cabd1a2-d53c-511a-b6f4-3e39086312da,1,2026-06-13 13:00:00+02:00,2026-06-13 13:44:00+02:00,44,home,Bremen,,DE,supplier,Bremen,,DE,car_sharing,subscription,,,11.53,3.81,10.11,1.729,False,True,False,False,,0
fb92aa0a-9943-5724-b6f0-34bd3d401fd5,bbe69636-417f-5631-8a60-88d09b351957,932d3626-708a-596b-a1fc-99c2fa1ce9b3,,1,2026-06-13 20:00:00+02:00,2026-06-13 20:18:00+02:00,18,home,Bremen,,DE,co-working space,Bremen,,DE,e_scooter,pay-as-you-go,,,3.24,5.5,5.5,0.065,False,True,False,False,,0
c7443bad-1726-5499-b2dc-aa41d37cdbc8,50a5e296-f426-5604-b2e7-27a4a9f9ef24,932d3626-708a-596b-a1fc-99c2fa1ce9b3,,1,2026-06-13 16:00:00+02:00,2026-06-13 16:23:00+02:00,23,home,Bremen,,DE,riverside promenade,Bremen,,DE,bike_sharing,pay-as-you-go,,,5.06,3.76,3.76,0.025,False,True,False,False,,0
0482583b-c20f-5eae-a6e5-358be0a55f63,1a96aa73-6dd5-58ad-9a2f-dad7ff5e7439,932d3626-708a-596b-a1fc-99c2fa1ce9b3,,1,2026-06-14 11:00:00+02:00,2026-06-14 11:07:00+02:00,7,home,Bremen,,DE,cafe,Bremen,,DE,e_scooter,pay-as-you-go,,,1.26,2.75,2.75,0.025,False,True,False,False,,0
b7a7fa06-1c24-51ff-a8f8-3b737fd96cd2,0eddd540-18a3-5858-a264-c6e29c62dbd7,932d3626-708a-596b-a1fc-99c2fa1ce9b3,2cabd1a2-d53c-511a-b6f4-3e39086312da,1,2026-06-15 09:00:00+02:00,2026-06-15 09:32:00+02:00,32,home,Bremen,,DE,print shop,Bremen,,DE,car_sharing,subscription,,,6.49,2.35,6.13,0.974,False,True,False,False,,0
aa5580e9-ecaf-52f1-8755-3f6fc80ff443,938ae541-bf18-5bfb-94d7-4ee874233745,932d3626-708a-596b-a1fc-99c2fa1ce9b3,2cabd1a2-d53c-511a-b6f4-3e39086312da,1,2026-06-17 16:00:00+02:00,2026-06-17 16:45:00+02:00,45,home,Bremen,,DE,client studio,Bremen,,DE,car_sharing,subscription,,,13.59,4.3,11.74,2.038,False,True,False,False,,0
768fc842-a590-547f-a457-8f2f9c870023,ae397116-1deb-512d-b217-8d7d80337c1e,932d3626-708a-596b-a1fc-99c2fa1ce9b3,2cabd1a2-d53c-511a-b6f4-3e39086312da,1,2026-06-18 17:00:00+02:00,2026-06-18 17:51:00+02:00,51,home,Bremen,,DE,supplier,Bremen,,DE,car_sharing,subscription,,,13.69,4.49,11.82,2.053,False,True,False,False,,0
bd452514-4a96-5128-9992-bf4c446c8dc3,82441c60-ab6c-5199-907b-68393241de70,932d3626-708a-596b-a1fc-99c2fa1ce9b3,,1,2026-06-20 20:00:00+02:00,2026-06-20 20:15:00+02:00,15,home,Bremen,,DE,cafe,Bremen,,DE,e_scooter,pay-as-you-go,,,2.7,4.75,4.75,0.054,False,True,False,False,,0
1bea2222-5aa7-51d2-a9b9-aea1f6539054,62180b02-f476-56cf-afb5-64bbb94493ab,932d3626-708a-596b-a1fc-99c2fa1ce9b3,2cabd1a2-d53c-511a-b6f4-3e39086312da,1,2026-06-22 16:00:00+02:00,2026-06-22 16:31:00+02:00,31,home,Bremen,,DE,supplier,Bremen,,DE,car_sharing,subscription,,,7.69,2.59,7.08,1.153,False,True,False,False,,0
3135e288-fee0-501a-8f65-92c365db11c3,4db69180-a921-51cf-a962-6feabc439c48,932d3626-708a-596b-a1fc-99c2fa1ce9b3,,1,2026-06-22 15:00:00+02:00,2026-06-22 15:18:00+02:00,18,home,Bremen,,DE,studio,Bremen,,DE,e_scooter,pay-as-you-go,,,3.24,5.5,5.5,0.065,False,True,False,False,,0
1f70561b-09fa-58cc-ad2f-240538d6f0b5,0d2ac549-3fbf-5a61-8fae-ce9a97495572,932d3626-708a-596b-a1fc-99c2fa1ce9b3,2cabd1a2-d53c-511a-b6f4-3e39086312da,1,2026-06-25 16:00:00+02:00,2026-06-25 16:33:00+02:00,33,home,Bremen,,DE,supplier,Bremen,,DE,car_sharing,subscription,,,6.89,2.47,6.44,1.033,False,True,False,False,,0
564e2dbd-ba02-5316-94d8-bf1a945e70a8,a61babc1-c2a3-5749-8aa5-0de03a1389f6,932d3626-708a-596b-a1fc-99c2fa1ce9b3,,1,2026-06-26 17:00:00+02:00,2026-06-26 17:22:00+02:00,22,home,Bremen,,DE,riverside promenade,Bremen,,DE,bike_sharing,pay-as-you-go,,,4.84,3.64,3.64,0.024,False,True,False,False,,0
4650fcba-d776-5e2e-a05f-3f121430f577,97603138-8af2-5ecf-a147-719670e82c5d,932d3626-708a-596b-a1fc-99c2fa1ce9b3,,1,2026-06-28 11:00:00+02:00,2026-06-28 11:05:00+02:00,5,home,Bremen,,DE,co-working space,Bremen,,DE,e_scooter,pay-as-you-go,,,0.9,2.25,2.25,0.018,False,True,False,False,,0
914aeff3-977b-5952-924d-25944347a66f,e13255e2-5d13-57ff-996b-8f48e3f7786f,932d3626-708a-596b-a1fc-99c2fa1ce9b3,2cabd1a2-d53c-511a-b6f4-3e39086312da,1,2026-06-29 14:00:00+02:00,2026-06-29 14:46:00+02:00,46,home,Bremen,,DE,client studio,Bremen,,DE,car_sharing,subscription,,,13.09,4.22,11.34,1.963,False,True,False,False,,0
70fe1dcf-3a4a-5c72-b249-f2570e6486f3,dd943528-ee29-5e89-a2c7-e8fb663845d2,932d3626-708a-596b-a1fc-99c2fa1ce9b3,,1,2026-06-29 10:00:00+02:00,2026-06-29 10:16:00+02:00,16,home,Bremen,,DE,studio,Bremen,,DE,e_scooter,pay-as-you-go,,,2.88,5.0,5.0,0.058,False,True,False,False,,0
33f7e414-442c-5aa1-b50b-16ac65ecf2ee,5b975c09-864f-59cb-96ea-adf73ac4dc4f,932d3626-708a-596b-a1fc-99c2fa1ce9b3,,1,2025-07-11 10:00:00+02:00,2025-07-11 10:59:00+02:00,59,home,Bremen,,DE,parents' home,Oldenburg,,DE,regional_train,pay-as-you-go,,,47.23,11.95,11.95,1.653,False,True,False,False,,0
0e83869c-1e19-5add-8fa2-1459654fd645,9184c5de-291c-5592-8ac0-5d08c9e08e81,932d3626-708a-596b-a1fc-99c2fa1ce9b3,,1,2025-07-11 18:00:00+02:00,2025-07-11 18:59:00+02:00,59,parents' home,Oldenburg,,DE,home,Bremen,,DE,regional_train,pay-as-you-go,,,47.23,11.95,11.95,1.653,False,True,False,False,,0
cf2587aa-6b6b-54b3-8245-64b5ff365aa5,8397c69f-ad2c-5b4b-8413-2a2e4422cfca,932d3626-708a-596b-a1fc-99c2fa1ce9b3,,1,2025-08-10 10:00:00+02:00,2025-08-10 10:54:00+02:00,54,home,Bremen,,DE,parents' home,Oldenburg,,DE,regional_train,pay-as-you-go,,,43.4,11.18,11.18,1.519,False,True,False,False,,0
30b1c927-fa5b-5369-843d-63ac95d783fc,693ad95a-b903-5e7d-a44b-a5415579635f,932d3626-708a-596b-a1fc-99c2fa1ce9b3,,1,2025-08-10 18:00:00+02:00,2025-08-10 18:54:00+02:00,54,parents' home,Oldenburg,,DE,home,Bremen,,DE,regional_train,pay-as-you-go,,,43.4,11.18,11.18,1.519,False,True,False,False,,0
4b089792-8b83-5e2b-987e-1b24bae55de4,1c2d10d2-274d-59e3-ac28-ef4c48845c77,932d3626-708a-596b-a1fc-99c2fa1ce9b3,,1,2025-09-09 10:00:00+02:00,2025-09-09 10:55:00+02:00,55,home,Bremen,,DE,parents' home,Oldenburg,,DE,regional_train,pay-as-you-go,,,44.21,11.34,11.34,1.547,False,True,False,False,,0
8140616d-32b5-5a9b-9b86-ae67f3354d0e,db4961a6-24a1-56c0-b338-ff28ca8d53f9,932d3626-708a-596b-a1fc-99c2fa1ce9b3,,1,2025-09-09 18:00:00+02:00,2025-09-09 18:55:00+02:00,55,parents' home,Oldenburg,,DE,home,Bremen,,DE,regional_train,pay-as-you-go,,,44.21,11.34,11.34,1.547,False,True,False,False,,0
8e307ca6-cafc-5c64-bbe3-ab0386ac0405,c4c53068-b78f-510b-b76b-15a4e05cc7e7,932d3626-708a-596b-a1fc-99c2fa1ce9b3,,1,2025-10-09 10:00:00+02:00,2025-10-09 10:56:00+02:00,56,home,Bremen,,DE,parents' home,Oldenburg,,DE,regional_train,pay-as-you-go,,,44.9,11.48,11.48,1.572,False,True,False,False,,0
d9ddc8f0-7a92-52b2-9f14-aac0ce9d306a,a3405834-59a8-5300-9932-bdb75758757b,932d3626-708a-596b-a1fc-99c2fa1ce9b3,,1,2025-10-09 18:00:00+02:00,2025-10-09 18:56:00+02:00,56,parents' home,Oldenburg,,DE,home,Bremen,,DE,regional_train,pay-as-you-go,,,44.9,11.48,11.48,1.572,False,True,False,False,,0
cbba27c5-6ab8-55b7-ab8b-692aa1eb433b,5135a785-123c-55f0-9b67-c4433b93ee6e,932d3626-708a-596b-a1fc-99c2fa1ce9b3,,1,2025-11-08 10:00:00+01:00,2025-11-08 10:57:00+01:00,57,home,Bremen,,DE,parents' home,Oldenburg,,DE,regional_train,pay-as-you-go,,,45.66,11.63,11.63,1.598,False,True,False,False,,0
b05f1fc5-fe62-5867-b061-2c5173a43a8c,40bd0e8f-715b-5f3b-8a5b-3c51787cb702,932d3626-708a-596b-a1fc-99c2fa1ce9b3,,1,2025-11-08 18:00:00+01:00,2025-11-08 18:57:00+01:00,57,parents' home,Oldenburg,,DE,home,Bremen,,DE,regional_train,pay-as-you-go,,,45.66,11.63,11.63,1.598,False,True,False,False,,0
aef16640-a03d-5200-b9ff-59407652992d,873a00e7-4030-553b-b49c-6ae39eb6958d,932d3626-708a-596b-a1fc-99c2fa1ce9b3,,1,2025-12-08 10:00:00+01:00,2025-12-08 10:59:00+01:00,59,home,Bremen,,DE,parents' home,Oldenburg,,DE,regional_train,pay-as-you-go,,,47.22,11.94,11.94,1.653,False,True,False,False,,0
6df1bde7-2730-5078-885e-683d39ef173d,48310df1-d294-5ae4-ba00-8aca49f9f8d7,932d3626-708a-596b-a1fc-99c2fa1ce9b3,,1,2025-12-08 18:00:00+01:00,2025-12-08 18:59:00+01:00,59,parents' home,Oldenburg,,DE,home,Bremen,,DE,regional_train,pay-as-you-go,,,47.22,11.94,11.94,1.653,False,True,False,False,,0
ffd015c2-3f39-5e7d-aad2-7c46ee45b77e,3f6f6273-39b3-5cbd-9b6f-b3b6fa9cb6ab,932d3626-708a-596b-a1fc-99c2fa1ce9b3,,1,2026-03-08 10:00:00+02:00,2026-03-08 10:58:00+02:00,58,home,Bremen,,DE,parents' home,Oldenburg,,DE,regional_train,pay-as-you-go,,,46.35,11.77,11.77,1.622,False,True,False,False,,0
5e686887-d909-5693-b048-b05f80804287,757f9aae-9b56-559a-a98f-e54c276c43b5,932d3626-708a-596b-a1fc-99c2fa1ce9b3,,1,2026-03-08 18:00:00+02:00,2026-03-08 18:58:00+02:00,58,parents' home,Oldenburg,,DE,home,Bremen,,DE,regional_train,pay-as-you-go,,,46.35,11.77,11.77,1.622,False,True,False,False,,0
6924f78b-3e1e-543d-b03f-7807253ff27e,1a29e891-a319-575b-9d3e-853925865c49,932d3626-708a-596b-a1fc-99c2fa1ce9b3,,1,2026-05-07 10:00:00+02:00,2026-05-07 10:58:00+02:00,58,home,Bremen,,DE,parents' home,Oldenburg,,DE,regional_train,pay-as-you-go,,,46.07,11.71,11.71,1.612,False,True,False,False,,0
9e34bd97-d59c-54ec-a7cd-23ee14224c36,a70b2a5a-0a46-5fc6-b1fb-6bfd573c8878,932d3626-708a-596b-a1fc-99c2fa1ce9b3,,1,2026-05-07 18:00:00+02:00,2026-05-07 18:58:00+02:00,58,parents' home,Oldenburg,,DE,home,Bremen,,DE,regional_train,pay-as-you-go,,,46.07,11.71,11.71,1.612,False,True,False,False,,0
e7e83f17-606a-5ccf-ba10-c51ebd397dc3,a6db86c0-1cf1-5c63-b540-92dcb104a03c,932d3626-708a-596b-a1fc-99c2fa1ce9b3,,1,2026-06-06 10:00:00+02:00,2026-06-06 10:55:00+02:00,55,home,Bremen,,DE,parents' home,Oldenburg,,DE,regional_train,pay-as-you-go,,,44.13,11.33,11.33,1.545,False,True,False,False,,0
44135917-10cb-57c7-97a7-37e470d27018,e8b4b48c-e355-5f8b-b136-9d42f9260f79,932d3626-708a-596b-a1fc-99c2fa1ce9b3,,1,2026-06-06 18:00:00+02:00,2026-06-06 18:55:00+02:00,55,parents' home,Oldenburg,,DE,home,Bremen,,DE,regional_train,pay-as-you-go,,,44.13,11.33,11.33,1.545,False,True,False,False,,0
e30bcc4b-6b81-59ca-a0fe-734b6e65d5f4,6a0ac69a-3029-529f-b14b-254d45a92738,c0533b37-8d16-5c9a-b16c-8cdbac66ee7e,,1,2025-07-01 17:00:00+02:00,2025-07-01 17:20:00+02:00,20,home,Cologne,,DE,client office,Cologne,,DE,car_sharing,pay-as-you-go,,,6.55,6.17,6.17,0.982,False,True,False,False,,0
094c8695-2cd8-5739-a387-84737642740b,d86c28c8-b72d-5b94-b784-017bb475c1d4,c0533b37-8d16-5c9a-b16c-8cdbac66ee7e,1a84f72e-f10f-51c0-a85e-12239e154748,1,2025-07-07 08:06:00+02:00,2025-07-07 08:20:00+02:00,14,home,Cologne,,DE,office,Cologne,,DE,public_transport,subscription,,,6.22,0.0,2.9,0.249,False,True,False,False,,0
b28a791c-071b-504c-867a-b95615a75959,b6c3efea-9593-5d51-929f-71a81c9c1525,c0533b37-8d16-5c9a-b16c-8cdbac66ee7e,1a84f72e-f10f-51c0-a85e-12239e154748,1,2025-07-07 17:32:00+02:00,2025-07-07 17:46:00+02:00,14,office,Cologne,,DE,home,Cologne,,DE,public_transport,subscription,,,6.22,0.0,2.9,0.249,False,True,False,False,,0
57b096bb-9dfd-594e-b605-c8a325e0e484,645a816a-7037-51d7-afd6-ac06c5ac66ff,c0533b37-8d16-5c9a-b16c-8cdbac66ee7e,,1,2025-07-07 16:00:00+02:00,2025-07-07 16:19:00+02:00,19,home,Cologne,,DE,supermarket,Cologne,,DE,car_sharing,pay-as-you-go,,,4.97,4.93,4.93,0.745,False,True,False,False,,0
e0bde775-a2f9-5fba-8b14-4e2fc32ec074,4d0ee594-5dcb-5d0b-922a-b248de814947,c0533b37-8d16-5c9a-b16c-8cdbac66ee7e,1a84f72e-f10f-51c0-a85e-12239e154748,1,2025-07-08 08:18:00+02:00,2025-07-08 08:35:00+02:00,17,home,Cologne,,DE,office,Cologne,,DE,public_transport,subscription,,,7.78,0.0,2.9,0.311,False,True,False,False,,0
9e1047af-5a6e-5e98-8c22-e11247e77d0d,89ab1999-bb64-59a7-afbb-b326b6284cab,c0533b37-8d16-5c9a-b16c-8cdbac66ee7e,1a84f72e-f10f-51c0-a85e-12239e154748,1,2025-07-08 17:17:00+02:00,2025-07-08 17:34:00+02:00,17,office,Cologne,,DE,home,Cologne,,DE,public_transport,subscription,,,7.78,0.0,2.9,0.311,False,True,False,False,,0
eed5d7a6-e94b-53fc-8b0a-0d028ff72785,ee1cf9af-c9fe-5ff3-9820-f2cc736d47e5,c0533b37-8d16-5c9a-b16c-8cdbac66ee7e,a8a23376-4344-5566-aeff-b7ff1bde0a86,1,2025-07-08 13:00:00+02:00,2025-07-08 13:15:00+02:00,15,home,Cologne,,DE,cafe,Cologne,,DE,e_scooter,subscription,,,2.7,3.3,4.75,0.054,False,True,False,False,,0
1d5ed426-5b37-525c-a13b-4f43bf13376a,dd8b391f-9a59-5ba4-86b3-93962f60f4ea,c0533b37-8d16-5c9a-b16c-8cdbac66ee7e,,1,2025-07-09 15:00:00+02:00,2025-07-09 15:23:00+02:00,23,home,Cologne,,DE,client office,Cologne,,DE,car_sharing,pay-as-you-go,,,7.37,6.82,6.82,1.105,False,True,False,False,,0
4547328a-5456-5663-91eb-cea2359cff41,0d71238b-4a53-5098-bc96-9b1d6e88ab10,c0533b37-8d16-5c9a-b16c-8cdbac66ee7e,1a84f72e-f10f-51c0-a85e-12239e154748,1,2025-07-11 08:20:00+02:00,2025-07-11 08:35:00+02:00,15,home,Cologne,,DE,office,Cologne,,DE,public_transport,subscription,,,6.84,0.0,2.9,0.274,False,True,False,False,,0
72b97444-dbed-5b7a-bcf9-11c3cded1a0b,0b9f306c-252f-511d-940c-6f1c6169aa45,c0533b37-8d16-5c9a-b16c-8cdbac66ee7e,1a84f72e-f10f-51c0-a85e-12239e154748,1,2025-07-11 17:33:00+02:00,2025-07-11 17:48:00+02:00,15,office,Cologne,,DE,home,Cologne,,DE,public_transport,subscription,,,6.84,0.0,2.9,0.274,False,True,False,False,,0
bf380538-936d-5f68-ba92-73498add3fc1,bbd941e5-1fdd-5470-9e31-2a6c70f99ef0,c0533b37-8d16-5c9a-b16c-8cdbac66ee7e,1a84f72e-f10f-51c0-a85e-12239e154748,1,2025-07-15 08:05:00+02:00,2025-07-15 08:22:00+02:00,17,home,Cologne,,DE,office,Cologne,,DE,public_transport,subscription,,,7.68,0.0,2.9,0.307,False,True,False,False,,0
02216456-82a4-51d6-bbeb-feecabf90cbc,c4863b41-7a46-5d9b-938f-a8fea6ea8249,c0533b37-8d16-5c9a-b16c-8cdbac66ee7e,1a84f72e-f10f-51c0-a85e-12239e154748,1,2025-07-15 17:15:00+02:00,2025-07-15 17:32:00+02:00,17,office,Cologne,,DE,home,Cologne,,DE,public_transport,subscription,,,7.68,0.0,2.9,0.307,False,True,False,False,,0
7ffbbfc8-4a81-5ee4-accd-a661a6b55d5e,ad7df9c8-b041-57cf-b2ec-9d9dbe0e7fb3,c0533b37-8d16-5c9a-b16c-8cdbac66ee7e,1a84f72e-f10f-51c0-a85e-12239e154748,1,2025-07-18 08:18:00+02:00,2025-07-18 08:33:00+02:00,15,home,Cologne,,DE,office,Cologne,,DE,public_transport,subscription,,,6.68,0.0,2.9,0.267,False,True,False,False,,0
90abed57-2ee4-5ad7-a2be-b9ccf92fcfcf,85da7d74-1f3b-5960-99b5-1c4d595f151e,c0533b37-8d16-5c9a-b16c-8cdbac66ee7e,1a84f72e-f10f-51c0-a85e-12239e154748,1,2025-07-18 17:35:00+02:00,2025-07-18 17:50:00+02:00,15,office,Cologne,,DE,home,Cologne,,DE,public_transport,subscription,,,6.68,0.0,2.9,0.267,False,True,False,False,,0
f1639128-51d4-539b-8548-e67283b2728c,1062ac4c-aa34-55e5-80e8-5b170af0fbf1,c0533b37-8d16-5c9a-b16c-8cdbac66ee7e,1a84f72e-f10f-51c0-a85e-12239e154748,1,2025-07-22 08:00:00+02:00,2025-07-22 08:15:00+02:00,15,home,Cologne,,DE,office,Cologne,,DE,public_transport,subscription,,,6.82,0.0,2.9,0.273,False,True,False,False,,0
c999b758-a106-5db4-9b72-0ae910f6ea7c,bc9cc15e-8715-5242-8fe2-ba0b4940189c,c0533b37-8d16-5c9a-b16c-8cdbac66ee7e,1a84f72e-f10f-51c0-a85e-12239e154748,1,2025-07-22 17:43:00+02:00,2025-07-22 17:58:00+02:00,15,office,Cologne,,DE,home,Cologne,,DE,public_transport,subscription,,,6.82,0.0,2.9,0.273,False,True,False,False,,0
75c7b739-54d6-5846-a1fe-550dc60d3f76,46336f62-a3aa-54e0-bcc2-13c0cfb039e3,c0533b37-8d16-5c9a-b16c-8cdbac66ee7e,1a84f72e-f10f-51c0-a85e-12239e154748,1,2025-07-24 08:03:00+02:00,2025-07-24 08:18:00+02:00,15,home,Cologne,,DE,office,Cologne,,DE,public_transport,subscription,,,6.59,0.0,2.9,0.264,False,True,False,False,,0
190471ef-52a4-53e2-afb0-7ffbce05f244,f78973c6-2805-5e91-a4b6-9d20ff623d2a,c0533b37-8d16-5c9a-b16c-8cdbac66ee7e,1a84f72e-f10f-51c0-a85e-12239e154748,1,2025-07-24 17:27:00+02:00,2025-07-24 17:42:00+02:00,15,office,Cologne,,DE,home,Cologne,,DE,public_transport,subscription,,,6.59,0.0,2.9,0.264,False,True,False,False,,0
1047083d-88e2-5990-b157-fe714100a866,ccae4632-4624-515d-ac38-89673108da20,c0533b37-8d16-5c9a-b16c-8cdbac66ee7e,1a84f72e-f10f-51c0-a85e-12239e154748,1,2025-07-25 08:11:00+02:00,2025-07-25 08:29:00+02:00,18,home,Cologne,,DE,office,Cologne,,DE,public_transport,subscription,,,7.96,0.0,2.9,0.318,False,True,False,False,,0
b4e5b9ad-76a7-5ea3-b6fe-5d87d7aa08b7,bae680b4-6282-5b90-a20b-a4368ff387aa,c0533b37-8d16-5c9a-b16c-8cdbac66ee7e,1a84f72e-f10f-51c0-a85e-12239e154748,1,2025-07-25 17:20:00+02:00,2025-07-25 17:38:00+02:00,18,office,Cologne,,DE,home,Cologne,,DE,public_transport,subscription,,,7.96,0.0,2.9,0.318,False,True,False,False,,0
8d3c6337-d8e5-5097-a47c-872925285247,c5384fe2-4d3b-58c8-91d9-9d1b9e358943,c0533b37-8d16-5c9a-b16c-8cdbac66ee7e,,1,2025-07-25 18:00:00+02:00,2025-07-25 18:21:00+02:00,21,home,Cologne,,DE,print shop,Cologne,,DE,car_sharing,pay-as-you-go,,,6.96,6.5,6.5,1.044,False,True,False,False,,0
7d5bf91f-fcd4-5e18-a2ba-e0f38ff264e3,e84e85c6-29d1-58ac-b0a7-a7421f0dfddd,c0533b37-8d16-5c9a-b16c-8cdbac66ee7e,a8a23376-4344-5566-aeff-b7ff1bde0a86,1,2025-07-25 14:00:00+02:00,2025-07-25 14:12:00+02:00,12,home,Cologne,,DE,friend's place,Cologne,,DE,e_scooter,subscription,,,2.16,2.64,4.0,0.043,False,True,False,False,,0
5d1faeac-1b61-5d31-8fe1-0f170e0a5d6b,ca592e93-62f7-5a05-8686-43a4e579035d,c0533b37-8d16-5c9a-b16c-8cdbac66ee7e,,1,2025-07-29 17:00:00+02:00,2025-07-29 17:19:00+02:00,19,home,Cologne,,DE,print shop,Cologne,,DE,car_sharing,pay-as-you-go,,,5.66,5.47,5.47,0.849,False,True,False,False,,0
31e30f7f-e5f1-5c46-b2d0-975a54d36f24,71d95996-927a-54ce-8d30-f3979ecc5cda,c0533b37-8d16-5c9a-b16c-8cdbac66ee7e,a8a23376-4344-5566-aeff-b7ff1bde0a86,1,2025-07-29 18:00:00+02:00,2025-07-29 18:08:00+02:00,8,home,Cologne,,DE,cafe,Cologne,,DE,e_scooter,subscription,,,1.44,1.76,3.0,0.029,False,True,False,False,,0
9b98d605-8b30-5965-a17d-7b1f04948832,7df9150d-07e7-53a6-a3e1-91a79a228797,c0533b37-8d16-5c9a-b16c-8cdbac66ee7e,,1,2025-07-30 12:00:00+02:00,2025-07-30 12:18:00+02:00,18,home,Cologne,,DE,client office,Cologne,,DE,car_sharing,pay-as-you-go,,,5.56,5.39,5.39,0.834,False,True,False,False,,0
4619b34a-c9ef-5e7e-8f29-323056dd5717,64a352de-f7ff-5529-bb1c-15761afcccbc,c0533b37-8d16-5c9a-b16c-8cdbac66ee7e,a8a23376-4344-5566-aeff-b7ff1bde0a86,1,2025-07-31 19:00:00+02:00,2025-07-31 19:09:00+02:00,9,home,Cologne,,DE,gym,Cologne,,DE,e_scooter,subscription,,,1.62,1.98,3.25,0.032,False,True,False,False,,0
cd4ffd32-8d0c-5381-a554-cea9cb329241,7ba0de9f-460a-5eee-9b2e-9d0067a47013,c0533b37-8d16-5c9a-b16c-8cdbac66ee7e,1a84f72e-f10f-51c0-a85e-12239e154748,1,2025-08-01 08:02:00+02:00,2025-08-01 08:18:00+02:00,16,home,Cologne,,DE,office,Cologne,,DE,public_transport,subscription,,,7.32,0.0,2.9,0.293,False,True,False,False,,0
790f575a-48a6-5ee1-883f-99945b0bdb8f,cb858690-93e5-5c66-8770-8e0f32421acb,c0533b37-8d16-5c9a-b16c-8cdbac66ee7e,1a84f72e-f10f-51c0-a85e-12239e154748,1,2025-08-01 17:32:00+02:00,2025-08-01 17:48:00+02:00,16,office,Cologne,,DE,home,Cologne,,DE,public_transport,subscription,,,7.32,0.0,2.9,0.293,False,True,False,False,,0
d1ab1d97-0395-5a9b-be0b-ed8ca3ed7ff6,8dba7f30-6cf7-5948-a8ff-f6d413446b1b,c0533b37-8d16-5c9a-b16c-8cdbac66ee7e,,1,2025-08-01 18:00:00+02:00,2025-08-01 18:21:00+02:00,21,home,Cologne,,DE,supermarket,Cologne,,DE,car_sharing,pay-as-you-go,,,6.05,5.78,5.78,0.907,False,True,False,False,,0
524dae24-7c7b-5287-8147-3785ebc88ee9,f7a770fa-ef45-599e-8ee6-e1c90b41eeb3,c0533b37-8d16-5c9a-b16c-8cdbac66ee7e,,1,2025-08-02 15:00:00+02:00,2025-08-02 15:20:00+02:00,20,home,Cologne,,DE,hardware store,Cologne,,DE,car_sharing,pay-as-you-go,,,4.86,4.84,4.84,0.729,False,True,False,False,,0
062a40f5-27f2-5698-a7bd-783f71c42a60,addce176-ce35-55b5-a81f-2d0786903d97,c0533b37-8d16-5c9a-b16c-8cdbac66ee7e,a8a23376-4344-5566-aeff-b7ff1bde0a86,1,2025-08-04 20:00:00+02:00,2025-08-04 20:12:00+02:00,12,home,Cologne,,DE,cafe,Cologne,,DE,e_scooter,subscription,,,2.16,2.64,4.0,0.043,False,True,False,False,,0
fb535cf1-8de3-574e-8fda-a351a0791d4e,d0f9df90-5363-56f8-baea-43ba5ada3d37,c0533b37-8d16-5c9a-b16c-8cdbac66ee7e,1a84f72e-f10f-51c0-a85e-12239e154748,1,2025-08-07 08:00:00+02:00,2025-08-07 08:13:00+02:00,13,home,Cologne,,DE,office,Cologne,,DE,public_transport,subscription,,,6.04,0.0,2.9,0.242,False,True,False,False,,0
163f4931-6731-5f56-a2c6-b4751810a554,b17f9163-f60a-5f0b-aa3f-5b13b989ba31,c0533b37-8d16-5c9a-b16c-8cdbac66ee7e,1a84f72e-f10f-51c0-a85e-12239e154748,1,2025-08-07 17:37:00+02:00,2025-08-07 17:50:00+02:00,13,office,Cologne,,DE,home,Cologne,,DE,public_transport,subscription,,,6.04,0.0,2.9,0.242,False,True,False,False,,0
ea4d46a4-9719-5614-a37b-dd8e3060da42,6a57b812-8241-5f77-b611-6d0d7dbcfee2,c0533b37-8d16-5c9a-b16c-8cdbac66ee7e,1a84f72e-f10f-51c0-a85e-12239e154748,1,2025-08-12 08:13:00+02:00,2025-08-12 08:28:00+02:00,15,home,Cologne,,DE,office,Cologne,,DE,public_transport,subscription,,,6.94,0.0,2.9,0.278,False,True,False,False,,0
ec50cfd6-62aa-51da-bdbf-429470cd1f7e,480a709a-9a2d-5925-9947-5981a4943d99,c0533b37-8d16-5c9a-b16c-8cdbac66ee7e,1a84f72e-f10f-51c0-a85e-12239e154748,1,2025-08-12 17:32:00+02:00,2025-08-12 17:47:00+02:00,15,office,Cologne,,DE,home,Cologne,,DE,public_transport,subscription,,,6.94,0.0,2.9,0.278,False,True,False,False,,0
1a50d80d-2645-51c3-8308-021c9ffcf541,45802086-26aa-588a-aa99-47fbb24ce269,c0533b37-8d16-5c9a-b16c-8cdbac66ee7e,,1,2025-08-15 17:00:00+02:00,2025-08-15 17:24:00+02:00,24,home,Cologne,,DE,supermarket,Cologne,,DE,car_sharing,pay-as-you-go,,,7.73,7.11,7.11,1.159,False,True,False,False,,0
d389659a-3c9c-59ea-a3c3-b77d17ba620e,219bb4a1-3943-58de-8268-73f97eb96f67,c0533b37-8d16-5c9a-b16c-8cdbac66ee7e,,1,2025-08-17 13:00:00+02:00,2025-08-17 13:27:00+02:00,27,home,Cologne,,DE,supermarket,Cologne,,DE,car_sharing,pay-as-you-go,,,7.78,7.15,7.15,1.167,False,True,False,False,,0
83aa7d28-0fcc-5149-aa53-1b2be25a546a,487c70d6-c5cc-54e5-b038-cc13b05d5262,c0533b37-8d16-5c9a-b16c-8cdbac66ee7e,1a84f72e-f10f-51c0-a85e-12239e154748,1,2025-08-18 08:12:00+02:00,2025-08-18 08:29:00+02:00,17,home,Cologne,,DE,office,Cologne,,DE,public_transport,subscription,,,7.66,0.0,2.9,0.306,False,True,False,False,,0
63920429-a197-5425-9e0b-8d0254e23644,e5ee47f4-3f15-56d9-a379-712b3b21d1af,c0533b37-8d16-5c9a-b16c-8cdbac66ee7e,1a84f72e-f10f-51c0-a85e-12239e154748,1,2025-08-18 17:40:00+02:00,2025-08-18 17:57:00+02:00,17,office,Cologne,,DE,home,Cologne,,DE,public_transport,subscription,,,7.66,0.0,2.9,0.306,False,True,False,False,,0
0ffc2397-ae24-5947-a85b-62bfef9e2bfa,e4dc3be0-4d08-5a6d-9a9a-48cd595e6f5a,c0533b37-8d16-5c9a-b16c-8cdbac66ee7e,,1,2025-08-18 13:00:00+02:00,2025-08-18 13:23:00+02:00,23,home,Cologne,,DE,client office,Cologne,,DE,car_sharing,pay-as-you-go,,,7.97,7.3,7.3,1.196,False,True,False,False,,0
5ffd1e50-c7a1-5de5-a491-dc9725b60624,39cfd0fc-25a7-5fee-ac77-a22d3db7b51f,c0533b37-8d16-5c9a-b16c-8cdbac66ee7e,,1,2025-08-21 13:00:00+02:00,2025-08-21 13:18:00+02:00,18,home,Cologne,,DE,print shop,Cologne,,DE,car_sharing,pay-as-you-go,,,4.04,4.19,4.19,0.606,False,True,False,False,,0
b0ca1414-6fb9-51d8-9bcf-eba2ccc42eee,8bd36b8d-046f-5ad7-aef2-c540d1f6074c,c0533b37-8d16-5c9a-b16c-8cdbac66ee7e,,1,2025-08-22 17:00:00+02:00,2025-08-22 17:22:00+02:00,22,home,Cologne,,DE,client office,Cologne,,DE,car_sharing,pay-as-you-go,,,6.62,6.23,6.23,0.993,False,True,False,False,,0
4744b246-3af4-5f1f-9e91-5147cec1e5f6,89ad3ff9-11a2-5e80-9050-5a471056df42,c0533b37-8d16-5c9a-b16c-8cdbac66ee7e,1a84f72e-f10f-51c0-a85e-12239e154748,1,2025-08-25 08:02:00+02:00,2025-08-25 08:18:00+02:00,16,home,Cologne,,DE,office,Cologne,,DE,public_transport,subscription,,,7.0,0.0,2.9,0.28,False,True,False,False,,0
6d609963-ae5a-5b8d-8759-a0a07e53be63,a9e85fd5-1e1b-514b-b6ae-fbae9953d93e,c0533b37-8d16-5c9a-b16c-8cdbac66ee7e,1a84f72e-f10f-51c0-a85e-12239e154748,1,2025-08-25 17:42:00+02:00,2025-08-25 17:58:00+02:00,16,office,Cologne,,DE,home,Cologne,,DE,public_transport,subscription,,,7.0,0.0,2.9,0.28,False,True,False,False,,0
40fe0c13-f6e1-5084-b7ac-83b480131d9a,50c1967e-ad1a-561a-b2a3-9338b26538d2,c0533b37-8d16-5c9a-b16c-8cdbac66ee7e,,1,2025-08-27 15:00:00+02:00,2025-08-27 15:20:00+02:00,20,home,Cologne,,DE,print shop,Cologne,,DE,car_sharing,pay-as-you-go,,,5.28,5.17,5.17,0.792,False,True,False,False,,0
0d605d94-7528-5ceb-87a4-789a2b7275a6,13d62b32-efb5-517e-85c2-026730d63be7,c0533b37-8d16-5c9a-b16c-8cdbac66ee7e,1a84f72e-f10f-51c0-a85e-12239e154748,1,2025-08-28 08:06:00+02:00,2025-08-28 08:21:00+02:00,15,home,Cologne,,DE,office,Cologne,,DE,public_transport,subscription,,,6.62,0.0,2.9,0.265,False,True,False,False,,0
22bc3e74-ed28-5d9a-8bc3-e1daa13b802e,26b87d67-35a0-56c5-b0e7-35baade312f8,c0533b37-8d16-5c9a-b16c-8cdbac66ee7e,1a84f72e-f10f-51c0-a85e-12239e154748,1,2025-08-28 17:28:00+02:00,2025-08-28 17:43:00+02:00,15,office,Cologne,,DE,home,Cologne,,DE,public_transport,subscription,,,6.62,0.0,2.9,0.265,False,True,False,False,,0
012d1a7f-57a4-5f7b-ac88-30ab7f0bb28a,81363efc-b72a-5e71-8ede-8abcad04d118,c0533b37-8d16-5c9a-b16c-8cdbac66ee7e,,1,2025-08-28 18:00:00+02:00,2025-08-28 18:24:00+02:00,24,home,Cologne,,DE,client office,Cologne,,DE,car_sharing,pay-as-you-go,,,7.6,7.0,7.0,1.14,False,True,False,False,,0
dc2bdafc-e7e7-563f-ba96-d3a2bf010b89,6608f5ba-1db1-5f11-8bf0-f685aa34f44b,c0533b37-8d16-5c9a-b16c-8cdbac66ee7e,1a84f72e-f10f-51c0-a85e-12239e154748,1,2025-09-01 08:15:00+02:00,2025-09-01 08:30:00+02:00,15,home,Cologne,,DE,office,Cologne,,DE,public_transport,subscription,,,6.55,0.0,2.9,0.262,False,True,False,False,,0
1eb9401c-3b3d-57cf-9c7c-9dd957e4ca07,70354515-64ca-5d25-ad06-e9836e5d9c29,c0533b37-8d16-5c9a-b16c-8cdbac66ee7e,1a84f72e-f10f-51c0-a85e-12239e154748,1,2025-09-01 17:40:00+02:00,2025-09-01 17:55:00+02:00,15,office,Cologne,,DE,home,Cologne,,DE,public_transport,subscription,,,6.55,0.0,2.9,0.262,False,True,False,False,,0
8a1296b2-cfbc-57b4-b562-fc27657733ea,38a12366-f960-5565-ae29-d604bab4cc83,c0533b37-8d16-5c9a-b16c-8cdbac66ee7e,a8a23376-4344-5566-aeff-b7ff1bde0a86,1,2025-09-01 18:00:00+02:00,2025-09-01 18:08:00+02:00,8,home,Cologne,,DE,cafe,Cologne,,DE,e_scooter,subscription,,,1.44,1.76,3.0,0.029,False,True,False,False,,0
61fa6129-09ff-50c1-93b8-687b2b8ca2d9,22761221-64dc-54c4-9858-2d24b64ed4f5,c0533b37-8d16-5c9a-b16c-8cdbac66ee7e,1a84f72e-f10f-51c0-a85e-12239e154748,1,2025-09-02 08:18:00+02:00,2025-09-02 08:32:00+02:00,14,home,Cologne,,DE,office,Cologne,,DE,public_transport,subscription,,,6.26,0.0,2.9,0.25,False,True,False,False,,0
277ee9d4-c498-5f1a-8e15-272afa566399,d50a7160-b794-546f-8911-0a38b9d4cbcc,c0533b37-8d16-5c9a-b16c-8cdbac66ee7e,1a84f72e-f10f-51c0-a85e-12239e154748,1,2025-09-02 17:44:00+02:00,2025-09-02 17:58:00+02:00,14,office,Cologne,,DE,home,Cologne,,DE,public_transport,subscription,,,6.26,0.0,2.9,0.25,False,True,False,False,,0
a595a4f5-4c4f-5de5-bd7f-e6ec234103ea,5fcc918e-df36-5c17-9b2f-b6a748394f64,c0533b37-8d16-5c9a-b16c-8cdbac66ee7e,,1,2025-09-02 18:00:00+02:00,2025-09-02 18:24:00+02:00,24,home,Cologne,,DE,client office,Cologne,,DE,car_sharing,pay-as-you-go,,,7.37,6.82,6.82,1.105,False,True,False,False,,0
1071550f-622d-5277-815b-b372b10c7223,3f474fe7-f517-57e5-89ed-09db3ef003c2,c0533b37-8d16-5c9a-b16c-8cdbac66ee7e,1a84f72e-f10f-51c0-a85e-12239e154748,1,2025-09-03 08:03:00+02:00,2025-09-03 08:19:00+02:00,16,home,Cologne,,DE,office,Cologne,,DE,public_transport,subscription,,,7.14,0.0,2.9,0.286,False,True,False,False,,0
558619ef-d700-5f9c-a2a4-4cf1597590b8,705ade91-f0ca-59f7-8694-2cf52efc65b2,c0533b37-8d16-5c9a-b16c-8cdbac66ee7e,1a84f72e-f10f-51c0-a85e-12239e154748,1,2025-09-03 17:34:00+02:00,2025-09-03 17:50:00+02:00,16,office,Cologne,,DE,home,Cologne,,DE,public_transport,subscription,,,7.14,0.0,2.9,0.286,False,True,False,False,,0
01fa0c57-3678-57a2-a00f-7397561e496b,f91e7163-bef7-568e-aaee-dc8088d4f875,c0533b37-8d16-5c9a-b16c-8cdbac66ee7e,1a84f72e-f10f-51c0-a85e-12239e154748,1,2025-09-04 08:18:00+02:00,2025-09-04 08:33:00+02:00,15,home,Cologne,,DE,office,Cologne,,DE,public_transport,subscription,,,6.6,0.0,2.9,0.264,False,True,False,False,,0
9a693af5-1f2a-539a-9e45-231720c78cd9,42dce9d8-ab91-5808-b9e5-8a976d847ff2,c0533b37-8d16-5c9a-b16c-8cdbac66ee7e,1a84f72e-f10f-51c0-a85e-12239e154748,1,2025-09-04 17:41:00+02:00,2025-09-04 17:56:00+02:00,15,office,Cologne,,DE,home,Cologne,,DE,public_transport,subscription,,,6.6,0.0,2.9,0.264,False,True,False,False,,0
85b804f3-8b15-52ee-9adb-d1fa890dd05c,bbef64f2-b252-5960-ad2e-3eba2c319f1c,c0533b37-8d16-5c9a-b16c-8cdbac66ee7e,a8a23376-4344-5566-aeff-b7ff1bde0a86,1,2025-09-04 16:00:00+02:00,2025-09-04 16:07:00+02:00,7,home,Cologne,,DE,friend's place,Cologne,,DE,e_scooter,subscription,,,1.26,1.54,2.75,0.025,False,True,False,False,,0
5b8c5d81-d2be-524c-871e-e469e8f74a43,e1be982e-9cfa-578e-8deb-fcf3e51c1c69,c0533b37-8d16-5c9a-b16c-8cdbac66ee7e,1a84f72e-f10f-51c0-a85e-12239e154748,1,2025-09-05 08:02:00+02:00,2025-09-05 08:18:00+02:00,16,home,Cologne,,DE,office,Cologne,,DE,public_transport,subscription,,,7.24,0.0,2.9,0.29,False,True,False,False,,0
0658374a-c517-5c24-a8c7-183b812286e1,02759733-9ec2-552c-a38d-97c9abfdec39,c0533b37-8d16-5c9a-b16c-8cdbac66ee7e,1a84f72e-f10f-51c0-a85e-12239e154748,1,2025-09-05 17:42:00+02:00,2025-09-05 17:58:00+02:00,16,office,Cologne,,DE,home,Cologne,,DE,public_transport,subscription,,,7.24,0.0,2.9,0.29,False,True,False,False,,0
bf115334-9206-5e1c-91b0-c2ea3eead994,3824d108-a20e-5032-8acf-0d0ba82ec5db,c0533b37-8d16-5c9a-b16c-8cdbac66ee7e,,1,2025-09-05 18:00:00+02:00,2025-09-05 18:20:00+02:00,20,home,Cologne,,DE,print shop,Cologne,,DE,car_sharing,pay-as-you-go,,,4.62,4.65,4.65,0.693,False,True,False,False,,0
9dc54436-9c5d-53af-90db-539f8d7fedac,cacab998-8e85-5d1f-b84d-f152689f9834,c0533b37-8d16-5c9a-b16c-8cdbac66ee7e,a8a23376-4344-5566-aeff-b7ff1bde0a86,1,2025-09-05 10:00:00+02:00,2025-09-05 10:08:00+02:00,8,home,Cologne,,DE,friend's place,Cologne,,DE,e_scooter,subscription,,,1.44,1.76,3.0,0.029,False,True,False,False,,0
bdeb02a7-5775-5449-bd06-7225fd8e8af4,4ff0d125-bc07-56ec-8cd1-e795b6b0d7e0,c0533b37-8d16-5c9a-b16c-8cdbac66ee7e,,1,2025-09-06 15:00:00+02:00,2025-09-06 15:35:00+02:00,35,home,Cologne,,DE,Rhine promenade,Cologne,,DE,bike_sharing,pay-as-you-go,,,7.0,5.2,5.2,0.035,False,True,False,False,,0
0f49bf61-51d8-50ca-8482-d36490720880,dec79920-e230-53e7-99b6-d4a2db1f23a1,c0533b37-8d16-5c9a-b16c-8cdbac66ee7e,,1,2025-09-08 18:00:00+02:00,2025-09-08 18:20:00+02:00,20,home,Cologne,,DE,client office,Cologne,,DE,car_sharing,pay-as-you-go,,,5.49,5.34,5.34,0.824,False,True,False,False,,0
c1d9a438-2072-57ff-8a6f-92382b044948,f99c329c-a52e-5069-b259-da936699387e,c0533b37-8d16-5c9a-b16c-8cdbac66ee7e,1a84f72e-f10f-51c0-a85e-12239e154748,1,2025-09-09 08:15:00+02:00,2025-09-09 08:29:00+02:00,14,home,Cologne,,DE,office,Cologne,,DE,public_transport,subscription,,,6.19,0.0,2.9,0.248,False,True,False,False,,0
73d0215f-d9dc-50b4-ad33-faa4a8e95505,88b9505b-bbe8-5814-b450-d4fa38ab210d,c0533b37-8d16-5c9a-b16c-8cdbac66ee7e,1a84f72e-f10f-51c0-a85e-12239e154748,1,2025-09-09 17:37:00+02:00,2025-09-09 17:51:00+02:00,14,office,Cologne,,DE,home,Cologne,,DE,public_transport,subscription,,,6.19,0.0,2.9,0.248,False,True,False,False,,0
4e216bf5-9f41-5095-80c5-18667a751e78,690292d5-ea09-553d-a224-ad9ae79681a9,c0533b37-8d16-5c9a-b16c-8cdbac66ee7e,,1,2025-09-09 12:00:00+02:00,2025-09-09 12:25:00+02:00,25,home,Cologne,,DE,client office,Cologne,,DE,car_sharing,pay-as-you-go,,,7.99,7.31,7.31,1.198,False,True,False,False,,0
c7208443-d987-5927-ae8c-d867c4ad4773,9f59b4b3-4639-58fd-bd50-0ac0a2f2dbbd,c0533b37-8d16-5c9a-b16c-8cdbac66ee7e,a8a23376-4344-5566-aeff-b7ff1bde0a86,1,2025-09-09 20:00:00+02:00,2025-09-09 20:08:00+02:00,8,home,Cologne,,DE,gym,Cologne,,DE,e_scooter,subscription,,,1.44,1.76,3.0,0.029,False,True,False,False,,0
ea2b24a1-0768-52f0-8408-dc7bfb73c129,635c95f2-5dc9-5ae7-8eb1-1a4f920067ba,c0533b37-8d16-5c9a-b16c-8cdbac66ee7e,1a84f72e-f10f-51c0-a85e-12239e154748,1,2025-09-10 08:01:00+02:00,2025-09-10 08:17:00+02:00,16,home,Cologne,,DE,office,Cologne,,DE,public_transport,subscription,,,7.04,0.0,2.9,0.282,False,True,False,False,,0
ffd55b30-af51-5837-8067-a45465b437cc,dd26d0e1-4c31-5418-a753-56bd1d351256,c0533b37-8d16-5c9a-b16c-8cdbac66ee7e,1a84f72e-f10f-51c0-a85e-12239e154748,1,2025-09-10 17:18:00+02:00,2025-09-10 17:34:00+02:00,16,office,Cologne,,DE,home,Cologne,,DE,public_transport,subscription,,,7.04,0.0,2.9,0.282,False,True,False,False,,0
3287ff30-23a0-5921-8f0e-2d95238819b2,68bd916f-a066-510e-a24a-3ec1c6e681f5,c0533b37-8d16-5c9a-b16c-8cdbac66ee7e,,1,2025-09-10 15:00:00+02:00,2025-09-10 15:19:00+02:00,19,home,Cologne,,DE,print shop,Cologne,,DE,car_sharing,pay-as-you-go,,,5.63,5.45,5.45,0.844,False,True,False,False,,0
c927b4b5-18fe-5bce-b910-9ebb479591f6,d4b22bcf-ed22-5797-bbad-1ba85ca3ca1c,c0533b37-8d16-5c9a-b16c-8cdbac66ee7e,1a84f72e-f10f-51c0-a85e-12239e154748,1,2025-09-11 08:17:00+02:00,2025-09-11 08:33:00+02:00,16,home,Cologne,,DE,office,Cologne,,DE,public_transport,subscription,,,6.99,0.0,2.9,0.28,False,True,False,False,,0
30d6133a-6bae-5004-bb6b-c63590257f02,4b9e5ce7-81ea-5ae1-8e62-2134fafb23c2,c0533b37-8d16-5c9a-b16c-8cdbac66ee7e,1a84f72e-f10f-51c0-a85e-12239e154748,1,2025-09-11 17:35:00+02:00,2025-09-11 17:51:00+02:00,16,office,Cologne,,DE,home,Cologne,,DE,public_transport,subscription,,,6.99,0.0,2.9,0.28,False,True,False,False,,0
81c33003-b80c-51bd-870b-bf35354de282,c45fdaa9-590c-5791-b106-062da332652f,c0533b37-8d16-5c9a-b16c-8cdbac66ee7e,,1,2025-09-11 17:00:00+02:00,2025-09-11 17:23:00+02:00,23,home,Cologne,,DE,supermarket,Cologne,,DE,car_sharing,pay-as-you-go,,,6.22,5.91,5.91,0.933,False,True,False,False,,0
4b95a514-c6c6-5b32-93d0-640e1a59b97c,4940fd00-45fc-51e1-9589-bbd30f193ed5,c0533b37-8d16-5c9a-b16c-8cdbac66ee7e,,1,2025-09-13 13:00:00+02:00,2025-09-13 13:24:00+02:00,24,home,Cologne,,DE,hardware store,Cologne,,DE,car_sharing,pay-as-you-go,,,7.08,6.59,6.59,1.062,False,True,False,False,,0
d1f1f18f-880f-5312-8e6c-f9bbb05c4fbd,296d8186-6318-57fd-8894-7dee2e2f20f7,c0533b37-8d16-5c9a-b16c-8cdbac66ee7e,a8a23376-4344-5566-aeff-b7ff1bde0a86,1,2025-09-13 17:00:00+02:00,2025-09-13 17:12:00+02:00,12,home,Cologne,,DE,cafe,Cologne,,DE,e_scooter,subscription,,,2.16,2.64,4.0,0.043,False,True,False,False,,0
0e8d62a8-653a-546e-8af8-31a12e01a11b,f946e4de-84d4-5011-82af-c113ca185b6b,c0533b37-8d16-5c9a-b16c-8cdbac66ee7e,,1,2025-09-14 16:00:00+02:00,2025-09-14 16:23:00+02:00,23,home,Cologne,,DE,Rhine promenade,Cologne,,DE,bike_sharing,pay-as-you-go,,,4.6,3.76,3.76,0.023,False,True,False,False,,0
5908a1fc-1150-5522-81c0-a46487818dd4,28684e92-4ebf-5b16-a96d-52b76cfc9f9d,c0533b37-8d16-5c9a-b16c-8cdbac66ee7e,a8a23376-4344-5566-aeff-b7ff1bde0a86,1,2025-09-14 20:00:00+02:00,2025-09-14 20:13:00+02:00,13,home,Cologne,,DE,friend's place,Cologne,,DE,e_scooter,subscription,,,2.34,2.86,4.25,0.047,False,True,False,False,,0
6924eba1-9039-5eae-a656-1f9a71264a80,9515e30a-ab29-5c58-bd60-aef5aeded5c2,c0533b37-8d16-5c9a-b16c-8cdbac66ee7e,,1,2025-09-15 15:00:00+02:00,2025-09-15 15:17:00+02:00,17,home,Cologne,,DE,print shop,Cologne,,DE,car_sharing,pay-as-you-go,,,5.53,5.37,5.37,0.83,False,True,False,False,,0
b9646fa5-4395-5f59-9bfe-b63f70e497e0,07e545ea-664f-5dfa-b14a-4efdbfa2b6b0,c0533b37-8d16-5c9a-b16c-8cdbac66ee7e,1a84f72e-f10f-51c0-a85e-12239e154748,1,2025-09-16 08:09:00+02:00,2025-09-16 08:23:00+02:00,14,home,Cologne,,DE,office,Cologne,,DE,public_transport,subscription,,,6.33,0.0,2.9,0.253,False,True,False,False,,0
8b9bacc5-579d-5194-80a4-3ce007e4aedd,b9fc04ae-7d43-54be-a265-f9bf8a520b69,c0533b37-8d16-5c9a-b16c-8cdbac66ee7e,1a84f72e-f10f-51c0-a85e-12239e154748,1,2025-09-16 17:41:00+02:00,2025-09-16 17:55:00+02:00,14,office,Cologne,,DE,home,Cologne,,DE,public_transport,subscription,,,6.33,0.0,2.9,0.253,False,True,False,False,,0
673d28c8-9d39-5a51-a914-ce9b7dada462,02e0f8b6-a5ee-5a95-8764-a2fef136acd4,c0533b37-8d16-5c9a-b16c-8cdbac66ee7e,,1,2025-09-16 17:00:00+02:00,2025-09-16 17:22:00+02:00,22,home,Cologne,,DE,client office,Cologne,,DE,car_sharing,pay-as-you-go,,,5.47,5.32,5.32,0.82,False,True,False,False,,0
c54283e2-5fd3-5552-8d74-8ad9647f85b7,39fd18c7-5f1b-51b9-b5a4-54659363618b,c0533b37-8d16-5c9a-b16c-8cdbac66ee7e,,1,2025-09-17 12:00:00+02:00,2025-09-17 12:18:00+02:00,18,home,Cologne,,DE,client office,Cologne,,DE,car_sharing,pay-as-you-go,,,4.3,4.4,4.4,0.645,False,True,False,False,,0
dfb7c9c0-980f-5043-ba60-5f27fb173baa,1cfe3d66-99f8-5f95-8275-f956005a30c3,c0533b37-8d16-5c9a-b16c-8cdbac66ee7e,,1,2025-09-18 12:00:00+02:00,2025-09-18 12:17:00+02:00,17,home,Cologne,,DE,supermarket,Cologne,,DE,car_sharing,pay-as-you-go,,,4.9,4.87,4.87,0.735,False,True,False,False,,0
91f9326a-3294-57da-be4f-bb093b24cd49,c069de50-d631-5233-9400-c727e2aaafce,c0533b37-8d16-5c9a-b16c-8cdbac66ee7e,1a84f72e-f10f-51c0-a85e-12239e154748,1,2025-09-19 08:04:00+02:00,2025-09-19 08:18:00+02:00,14,home,Cologne,,DE,office,Cologne,,DE,public_transport,subscription,,,6.17,0.0,2.9,0.247,False,True,False,False,,0
b44994dd-63b0-5055-9945-7ab1be74a873,12efbc18-8a4a-5004-8844-dd45d7a7d54a,c0533b37-8d16-5c9a-b16c-8cdbac66ee7e,1a84f72e-f10f-51c0-a85e-12239e154748,1,2025-09-19 17:16:00+02:00,2025-09-19 17:30:00+02:00,14,office,Cologne,,DE,home,Cologne,,DE,public_transport,subscription,,,6.17,0.0,2.9,0.247,False,True,False,False,,0
471f46a3-9d19-5392-9b4b-f5eae58a2e8b,89fc9784-3c3f-5cec-a532-3e575e8d4b2a,c0533b37-8d16-5c9a-b16c-8cdbac66ee7e,,1,2025-09-20 12:00:00+02:00,2025-09-20 12:23:00+02:00,23,home,Cologne,,DE,hardware store,Cologne,,DE,car_sharing,pay-as-you-go,,,6.68,6.28,6.28,1.002,False,True,False,False,,0
c1a2e492-1bb4-5d1e-8b8f-639fc0da4ca7,698b4a11-1028-5324-b7fa-b8e69fc24983,c0533b37-8d16-5c9a-b16c-8cdbac66ee7e,1a84f72e-f10f-51c0-a85e-12239e154748,1,2025-09-22 08:07:00+02:00,2025-09-22 08:23:00+02:00,16,home,Cologne,,DE,office,Cologne,,DE,public_transport,subscription,,,7.0,0.0,2.9,0.28,False,True,False,False,,0
8efa30f0-708a-5825-8cab-0d7637efaace,101f7891-789e-5f96-88bd-4797ddfd38f5,c0533b37-8d16-5c9a-b16c-8cdbac66ee7e,1a84f72e-f10f-51c0-a85e-12239e154748,1,2025-09-22 17:29:00+02:00,2025-09-22 17:45:00+02:00,16,office,Cologne,,DE,home,Cologne,,DE,public_transport,subscription,,,7.0,0.0,2.9,0.28,False,True,False,False,,0
76927f65-1dc6-5d96-839a-1f19adc882f5,1fc18e6b-33b1-5cd3-9691-c0e535646213,c0533b37-8d16-5c9a-b16c-8cdbac66ee7e,,1,2025-09-22 11:00:00+02:00,2025-09-22 11:18:00+02:00,18,home,Cologne,,DE,client office,Cologne,,DE,car_sharing,pay-as-you-go,,,4.88,4.86,4.86,0.732,False,True,False,False,,0
07c69763-66b3-5f56-9782-72abde58caff,3cf8b546-2f67-5822-8d97-a5579ecc49fc,c0533b37-8d16-5c9a-b16c-8cdbac66ee7e,a8a23376-4344-5566-aeff-b7ff1bde0a86,1,2025-09-22 11:00:00+02:00,2025-09-22 11:16:00+02:00,16,home,Cologne,,DE,cafe,Cologne,,DE,e_scooter,subscription,,,2.88,3.52,5.0,0.058,False,True,False,False,,0
7f8badad-6cbe-5052-8acb-d620e010336c,8d90a6b3-0490-555c-a1b3-2c7b7354a9ff,c0533b37-8d16-5c9a-b16c-8cdbac66ee7e,,1,2025-09-23 14:00:00+02:00,2025-09-23 14:22:00+02:00,22,home,Cologne,,DE,client office,Cologne,,DE,car_sharing,pay-as-you-go,,,6.62,6.23,6.23,0.993,False,True,False,False,,0
d8272bc2-cf08-5c61-9197-9fd8f51689f4,d2a7ebf9-90ba-5554-8428-e48f48c3d2ba,c0533b37-8d16-5c9a-b16c-8cdbac66ee7e,1a84f72e-f10f-51c0-a85e-12239e154748,1,2025-09-24 08:10:00+02:00,2025-09-24 08:27:00+02:00,17,home,Cologne,,DE,office,Cologne,,DE,public_transport,subscription,,,7.76,0.0,2.9,0.31,False,True,False,False,,0
f467c2e0-d716-5a63-8cb8-504c062c8775,4546f918-cc84-568d-af7f-6aaf04175f51,c0533b37-8d16-5c9a-b16c-8cdbac66ee7e,1a84f72e-f10f-51c0-a85e-12239e154748,1,2025-09-24 17:15:00+02:00,2025-09-24 17:32:00+02:00,17,office,Cologne,,DE,home,Cologne,,DE,public_transport,subscription,,,7.76,0.0,2.9,0.31,False,True,False,False,,0
dd3931ff-e287-5d59-9c24-ba1ec45432f2,845a29fa-76e3-5ba5-a34a-3ad731e3f0f7,c0533b37-8d16-5c9a-b16c-8cdbac66ee7e,,1,2025-09-24 14:00:00+02:00,2025-09-24 14:17:00+02:00,17,home,Cologne,,DE,client office,Cologne,,DE,car_sharing,pay-as-you-go,,,5.19,5.1,5.1,0.779,False,True,False,False,,0
0cb49797-4618-5d47-b653-df74030fad62,31331b34-1049-5c21-b034-01ef3ef5e27d,c0533b37-8d16-5c9a-b16c-8cdbac66ee7e,,1,2025-09-25 15:00:00+02:00,2025-09-25 15:24:00+02:00,24,home,Cologne,,DE,print shop,Cologne,,DE,car_sharing,pay-as-you-go,,,6.37,6.03,6.03,0.956,False,True,False,False,,0
9826b6c1-85aa-5f10-9c8e-606e6261b07c,f44bfe7c-8fc1-566f-a51d-31c7c0b1e06b,c0533b37-8d16-5c9a-b16c-8cdbac66ee7e,1a84f72e-f10f-51c0-a85e-12239e154748,1,2025-09-26 08:03:00+02:00,2025-09-26 08:21:00+02:00,18,home,Cologne,,DE,office,Cologne,,DE,public_transport,subscription,,,7.9,0.0,2.9,0.316,False,True,False,False,,0
448ea83e-ee9f-5f89-9382-6b565bf5e0cb,1a7e5cb7-cf81-5811-ba02-f720412fd4b5,c0533b37-8d16-5c9a-b16c-8cdbac66ee7e,1a84f72e-f10f-51c0-a85e-12239e154748,1,2025-09-26 17:24:00+02:00,2025-09-26 17:42:00+02:00,18,office,Cologne,,DE,home,Cologne,,DE,public_transport,subscription,,,7.9,0.0,2.9,0.316,False,True,False,False,,0
9d023c0c-94ef-5b64-8118-4c8720993d77,dbed78c1-f93d-586e-b881-3bc14c3aa4fa,c0533b37-8d16-5c9a-b16c-8cdbac66ee7e,1a84f72e-f10f-51c0-a85e-12239e154748,1,2025-09-29 08:18:00+02:00,2025-09-29 08:33:00+02:00,15,home,Cologne,,DE,office,Cologne,,DE,public_transport,subscription,,,6.56,0.0,2.9,0.262,False,True,False,False,,0
44fdfb96-bcd3-50fa-978b-881b21facc72,ece1d327-5a89-5d50-9333-def216ddf9c3,c0533b37-8d16-5c9a-b16c-8cdbac66ee7e,1a84f72e-f10f-51c0-a85e-12239e154748,1,2025-09-29 17:21:00+02:00,2025-09-29 17:36:00+02:00,15,office,Cologne,,DE,home,Cologne,,DE,public_transport,subscription,,,6.56,0.0,2.9,0.262,False,True,False,False,,0
94cde2f1-2429-525d-b26f-704f8d992f98,5f992add-414f-57f1-8006-95fa48bb9d6c,c0533b37-8d16-5c9a-b16c-8cdbac66ee7e,1a84f72e-f10f-51c0-a85e-12239e154748,1,2025-10-01 08:16:00+02:00,2025-10-01 08:32:00+02:00,16,home,Cologne,,DE,office,Cologne,,DE,public_transport,subscription,,,7.42,0.0,2.9,0.297,False,True,False,False,,0
033b195e-f7a9-555c-976f-0cd71e1d31bf,8bd05f3d-8bbc-58bc-8dc4-e7a4ccee868f,c0533b37-8d16-5c9a-b16c-8cdbac66ee7e,1a84f72e-f10f-51c0-a85e-12239e154748,1,2025-10-01 17:33:00+02:00,2025-10-01 17:49:00+02:00,16,office,Cologne,,DE,home,Cologne,,DE,public_transport,subscription,,,7.42,0.0,2.9,0.297,False,True,False,False,,0
d4775fc0-4331-5018-a59e-24cd745db70a,cc7cab98-b4fb-5932-929c-2368ddbb770e,c0533b37-8d16-5c9a-b16c-8cdbac66ee7e,1a84f72e-f10f-51c0-a85e-12239e154748,1,2025-10-02 08:13:00+02:00,2025-10-02 08:30:00+02:00,17,home,Cologne,,DE,office,Cologne,,DE,public_transport,subscription,,,7.83,0.0,2.9,0.313,False,True,False,False,,0
7ba99b55-ed91-53c8-9fda-761b23ddf379,3aa8a8d1-6790-5f5f-aa4b-f4d693eebb00,c0533b37-8d16-5c9a-b16c-8cdbac66ee7e,1a84f72e-f10f-51c0-a85e-12239e154748,1,2025-10-02 17:36:00+02:00,2025-10-02 17:53:00+02:00,17,office,Cologne,,DE,home,Cologne,,DE,public_transport,subscription,,,7.83,0.0,2.9,0.313,False,True,False,False,,0
6e7ca2ca-28ae-541d-ab9c-2cb9226435d8,8f8ed73f-cc69-5786-bab5-6663ddcb99d1,c0533b37-8d16-5c9a-b16c-8cdbac66ee7e,,1,2025-10-04 16:00:00+02:00,2025-10-04 16:16:00+02:00,16,home,Cologne,,DE,Rhine promenade,Cologne,,DE,bike_sharing,pay-as-you-go,,,3.2,2.92,2.92,0.016,False,True,False,False,,0
04fac6b0-673c-595c-91c9-7f18394c97d0,1bd5ee7e-78be-51f7-8e34-5555c9471a35,c0533b37-8d16-5c9a-b16c-8cdbac66ee7e,a8a23376-4344-5566-aeff-b7ff1bde0a86,1,2025-10-04 16:00:00+02:00,2025-10-04 16:13:00+02:00,13,home,Cologne,,DE,cafe,Cologne,,DE,e_scooter,subscription,,,2.34,2.86,4.25,0.047,False,True,False,False,,0
84b933a7-8edf-50a3-98a7-03b07e2a0712,d9b4ae41-e541-5005-ac11-01112ee36850,c0533b37-8d16-5c9a-b16c-8cdbac66ee7e,a8a23376-4344-5566-aeff-b7ff1bde0a86,1,2025-10-05 18:00:00+02:00,2025-10-05 18:13:00+02:00,13,home,Cologne,,DE,cafe,Cologne,,DE,e_scooter,subscription,,,2.34,2.86,4.25,0.047,False,True,False,False,,0
e2c0b55a-89af-5693-ad5e-39775fe79240,c60c9ac1-08b9-5fcf-83f1-5267e8344178,c0533b37-8d16-5c9a-b16c-8cdbac66ee7e,1a84f72e-f10f-51c0-a85e-12239e154748,1,2025-10-07 08:02:00+02:00,2025-10-07 08:16:00+02:00,14,home,Cologne,,DE,office,Cologne,,DE,public_transport,subscription,,,6.44,0.0,2.9,0.258,False,True,False,False,,0
8fcac77e-e288-5466-8f16-9b1ebfbb6b51,1dec1380-ecae-5470-92ec-fb9352fcf441,c0533b37-8d16-5c9a-b16c-8cdbac66ee7e,1a84f72e-f10f-51c0-a85e-12239e154748,1,2025-10-07 17:18:00+02:00,2025-10-07 17:32:00+02:00,14,office,Cologne,,DE,home,Cologne,,DE,public_transport,subscription,,,6.44,0.0,2.9,0.258,False,True,False,False,,0
a429c4bb-f386-5d0a-aaeb-af1a7d4465e8,69659826-7894-5e27-882e-bf0f92db422f,c0533b37-8d16-5c9a-b16c-8cdbac66ee7e,1a84f72e-f10f-51c0-a85e-12239e154748,1,2025-10-08 08:05:00+02:00,2025-10-08 08:21:00+02:00,16,home,Cologne,,DE,office,Cologne,,DE,public_transport,subscription,,,7.26,0.0,2.9,0.29,False,True,False,False,,0
e129cc2e-0f6c-5b74-ae75-de1c2cf1a6af,2fbbbcb1-a37e-56e5-a93c-22ff879a97b1,c0533b37-8d16-5c9a-b16c-8cdbac66ee7e,1a84f72e-f10f-51c0-a85e-12239e154748,1,2025-10-08 17:20:00+02:00,2025-10-08 17:36:00+02:00,16,office,Cologne,,DE,home,Cologne,,DE,public_transport,subscription,,,7.26,0.0,2.9,0.29,False,True,False,False,,0
8ba3aced-9f81-575f-b2ac-45e7d714cd92,6ad78503-84c7-5899-a195-35eaea6b3a9e,c0533b37-8d16-5c9a-b16c-8cdbac66ee7e,,1,2025-10-08 13:00:00+02:00,2025-10-08 13:15:00+02:00,15,home,Cologne,,DE,print shop,Cologne,,DE,car_sharing,pay-as-you-go,,,4.09,4.23,4.23,0.613,False,True,False,False,,0
a755ed59-b0dc-5552-9f65-aa5761bed483,6f93b007-53f2-5a81-9527-5cb2a189348c,c0533b37-8d16-5c9a-b16c-8cdbac66ee7e,a8a23376-4344-5566-aeff-b7ff1bde0a86,1,2025-10-08 11:00:00+02:00,2025-10-08 11:15:00+02:00,15,home,Cologne,,DE,friend's place,Cologne,,DE,e_scooter,subscription,,,2.7,3.3,4.75,0.054,False,True,False,False,,0
4f57124f-a700-578e-bb3e-05076accba9a,27bf4d0d-3ef6-59de-893d-9fb429c8b8f6,c0533b37-8d16-5c9a-b16c-8cdbac66ee7e,1a84f72e-f10f-51c0-a85e-12239e154748,1,2025-10-09 08:04:00+02:00,2025-10-09 08:21:00+02:00,17,home,Cologne,,DE,office,Cologne,,DE,public_transport,subscription,,,7.43,0.0,2.9,0.297,False,True,False,False,,0
052b42f9-2795-5ac0-8849-609457216986,ee563ba9-c5e1-5d9c-8f81-e69e63329488,c0533b37-8d16-5c9a-b16c-8cdbac66ee7e,1a84f72e-f10f-51c0-a85e-12239e154748,1,2025-10-09 17:27:00+02:00,2025-10-09 17:44:00+02:00,17,office,Cologne,,DE,home,Cologne,,DE,public_transport,subscription,,,7.43,0.0,2.9,0.297,False,True,False,False,,0
72716880-eafc-5794-b97e-0b8abcdc592f,6a34a089-24dd-5458-a944-38d73436e597,c0533b37-8d16-5c9a-b16c-8cdbac66ee7e,,1,2025-10-09 11:00:00+02:00,2025-10-09 11:22:00+02:00,22,home,Cologne,,DE,print shop,Cologne,,DE,car_sharing,pay-as-you-go,,,6.8,6.37,6.37,1.02,False,True,False,False,,0
d2ee7c3e-a77b-5229-b44a-d6775c805a20,6966df6f-935e-59f5-9bcd-a524b41a12a2,c0533b37-8d16-5c9a-b16c-8cdbac66ee7e,,1,2025-10-10 18:00:00+02:00,2025-10-10 18:21:00+02:00,21,home,Cologne,,DE,print shop,Cologne,,DE,car_sharing,pay-as-you-go,,,6.08,5.8,5.8,0.912,False,True,False,False,,0
19dbc4a9-2924-59c6-bdd3-218075931974,e9ebc042-cd2e-52e2-8e2d-2815663554ae,c0533b37-8d16-5c9a-b16c-8cdbac66ee7e,a8a23376-4344-5566-aeff-b7ff1bde0a86,1,2025-10-10 16:00:00+02:00,2025-10-10 16:09:00+02:00,9,home,Cologne,,DE,friend's place,Cologne,,DE,e_scooter,subscription,,,1.62,1.98,3.25,0.032,False,True,False,False,,0
616cc6b7-1e2d-56c9-88bd-88a9e96ce50c,44b0457e-1aba-57d3-91c3-04712a9f24c7,c0533b37-8d16-5c9a-b16c-8cdbac66ee7e,1a84f72e-f10f-51c0-a85e-12239e154748,1,2025-10-13 08:12:00+02:00,2025-10-13 08:30:00+02:00,18,home,Cologne,,DE,office,Cologne,,DE,public_transport,subscription,,,7.95,0.0,2.9,0.318,False,True,False,False,,0
9c24b41c-e672-574c-8827-d76d150eba7b,658d0d0b-7a53-590a-9241-eea31948d875,c0533b37-8d16-5c9a-b16c-8cdbac66ee7e,1a84f72e-f10f-51c0-a85e-12239e154748,1,2025-10-13 17:16:00+02:00,2025-10-13 17:34:00+02:00,18,office,Cologne,,DE,home,Cologne,,DE,public_transport,subscription,,,7.95,0.0,2.9,0.318,False,True,False,False,,0
084337b2-e498-589f-883a-5abbddae85f0,66f82d8a-d115-5bdb-b95f-bc8b3f128073,c0533b37-8d16-5c9a-b16c-8cdbac66ee7e,1a84f72e-f10f-51c0-a85e-12239e154748,1,2025-10-14 08:13:00+02:00,2025-10-14 08:30:00+02:00,17,home,Cologne,,DE,office,Cologne,,DE,public_transport,subscription,,,7.62,0.0,2.9,0.305,False,True,False,False,,0
77690d4b-91b4-5713-b884-d82146690fdf,2c4f2e2d-f004-52d0-8480-060f3402859f,c0533b37-8d16-5c9a-b16c-8cdbac66ee7e,1a84f72e-f10f-51c0-a85e-12239e154748,1,2025-10-14 17:31:00+02:00,2025-10-14 17:48:00+02:00,17,office,Cologne,,DE,home,Cologne,,DE,public_transport,subscription,,,7.62,0.0,2.9,0.305,False,True,False,False,,0
1cf9d6e3-4fbd-5f06-b048-49d8b7116720,2d8f892e-4238-5bc3-a817-411079413230,c0533b37-8d16-5c9a-b16c-8cdbac66ee7e,1a84f72e-f10f-51c0-a85e-12239e154748,1,2025-10-15 08:04:00+02:00,2025-10-15 08:19:00+02:00,15,home,Cologne,,DE,office,Cologne,,DE,public_transport,subscription,,,6.95,0.0,2.9,0.278,False,True,False,False,,0
ac6e7176-166a-5039-a019-514099b8b9ba,6834e8f7-c84e-55a9-bcc2-be32bd5aefe6,c0533b37-8d16-5c9a-b16c-8cdbac66ee7e,1a84f72e-f10f-51c0-a85e-12239e154748,1,2025-10-15 17:20:00+02:00,2025-10-15 17:35:00+02:00,15,office,Cologne,,DE,home,Cologne,,DE,public_transport,subscription,,,6.95,0.0,2.9,0.278,False,True,False,False,,0
a92c275e-e95a-5b5a-98bc-cb2fcd0857a9,7a7b2663-9c84-591b-bd94-a4ae83bf2ced,c0533b37-8d16-5c9a-b16c-8cdbac66ee7e,1a84f72e-f10f-51c0-a85e-12239e154748,1,2025-10-16 08:05:00+02:00,2025-10-16 08:21:00+02:00,16,home,Cologne,,DE,office,Cologne,,DE,public_transport,subscription,,,7.13,0.0,2.9,0.285,False,True,False,False,,0
87041139-21ef-522f-9a06-913ec3790dfc,ac2dd2d7-821c-57aa-9a3d-3947c9ee3947,c0533b37-8d16-5c9a-b16c-8cdbac66ee7e,1a84f72e-f10f-51c0-a85e-12239e154748,1,2025-10-16 17:39:00+02:00,2025-10-16 17:55:00+02:00,16,office,Cologne,,DE,home,Cologne,,DE,public_transport,subscription,,,7.13,0.0,2.9,0.285,False,True,False,False,,0
1ba67704-ca01-5f34-a2a7-b50b830997fc,ec1c74e6-2541-58c5-b848-5a8a232a94e1,c0533b37-8d16-5c9a-b16c-8cdbac66ee7e,,1,2025-10-16 16:00:00+02:00,2025-10-16 16:22:00+02:00,22,home,Cologne,,DE,supermarket,Cologne,,DE,car_sharing,pay-as-you-go,,,5.53,5.37,5.37,0.83,False,True,False,False,,0
ebd3acb8-a1e9-536c-ae2d-92d037858dac,59377e71-dc43-5122-a082-1010b16497f4,c0533b37-8d16-5c9a-b16c-8cdbac66ee7e,a8a23376-4344-5566-aeff-b7ff1bde0a86,1,2025-10-16 13:00:00+02:00,2025-10-16 13:16:00+02:00,16,home,Cologne,,DE,gym,Cologne,,DE,e_scooter,subscription,,,2.88,3.52,5.0,0.058,False,True,False,False,,0
774d32e0-dbab-527f-810e-02602869a039,f516a708-ae0c-5816-80c0-5a5da867e8f0,c0533b37-8d16-5c9a-b16c-8cdbac66ee7e,1a84f72e-f10f-51c0-a85e-12239e154748,1,2025-10-17 08:09:00+02:00,2025-10-17 08:24:00+02:00,15,home,Cologne,,DE,office,Cologne,,DE,public_transport,subscription,,,6.66,0.0,2.9,0.266,False,True,False,False,,0
4231f8bd-8354-5f42-adf9-58ff495be94f,1bed652d-a214-544d-8b28-3bb16675a4b3,c0533b37-8d16-5c9a-b16c-8cdbac66ee7e,1a84f72e-f10f-51c0-a85e-12239e154748,1,2025-10-17 17:26:00+02:00,2025-10-17 17:41:00+02:00,15,office,Cologne,,DE,home,Cologne,,DE,public_transport,subscription,,,6.66,0.0,2.9,0.266,False,True,False,False,,0
9aff2dda-4068-5f29-995a-a3edb21449be,c5784cd4-8c7f-53e6-8529-17dc0269452a,c0533b37-8d16-5c9a-b16c-8cdbac66ee7e,,1,2025-10-17 13:00:00+02:00,2025-10-17 13:20:00+02:00,20,home,Cologne,,DE,client office,Cologne,,DE,car_sharing,pay-as-you-go,,,5.43,5.29,5.29,0.814,False,True,False,False,,0
92a489d0-d86b-575e-a6bf-c427717a524c,880758e9-13ac-5444-8dc4-067148f13911,c0533b37-8d16-5c9a-b16c-8cdbac66ee7e,,1,2025-10-19 17:00:00+02:00,2025-10-19 17:25:00+02:00,25,home,Cologne,,DE,supermarket,Cologne,,DE,car_sharing,pay-as-you-go,,,7.96,7.29,7.29,1.194,False,True,False,False,,0
2199a2b5-c1d6-59b3-a472-b3c597eed062,7b4b1396-acee-5e97-9eb5-8832d47d7b82,c0533b37-8d16-5c9a-b16c-8cdbac66ee7e,a8a23376-4344-5566-aeff-b7ff1bde0a86,1,2025-10-19 20:00:00+02:00,2025-10-19 20:08:00+02:00,8,home,Cologne,,DE,friend's place,Cologne,,DE,e_scooter,subscription,,,1.44,1.76,3.0,0.029,False,True,False,False,,0
a8342fd7-dc1c-5f4c-bdf5-9bcde6435656,5b98fd19-b1fb-53e9-b32b-1e1f9dc2ecfb,c0533b37-8d16-5c9a-b16c-8cdbac66ee7e,1a84f72e-f10f-51c0-a85e-12239e154748,1,2025-10-20 08:01:00+02:00,2025-10-20 08:15:00+02:00,14,home,Cologne,,DE,office,Cologne,,DE,public_transport,subscription,,,6.35,0.0,2.9,0.254,False,True,False,False,,0
53065949-63c6-5442-ab9e-8890a2d16040,5bb331b0-f939-5f42-9730-b0144b8a9b6a,c0533b37-8d16-5c9a-b16c-8cdbac66ee7e,1a84f72e-f10f-51c0-a85e-12239e154748,1,2025-10-20 17:27:00+02:00,2025-10-20 17:41:00+02:00,14,office,Cologne,,DE,home,Cologne,,DE,public_transport,subscription,,,6.35,0.0,2.9,0.254,False,True,False,False,,0
5fb351d3-acd2-59e3-93ee-6759f4287e47,247fe36d-de2a-5c53-b0e5-0e788a20bbc0,c0533b37-8d16-5c9a-b16c-8cdbac66ee7e,,1,2025-10-20 18:00:00+02:00,2025-10-20 18:25:00+02:00,25,home,Cologne,,DE,print shop,Cologne,,DE,car_sharing,pay-as-you-go,,,7.94,7.27,7.27,1.191,False,True,False,False,,0
79116ff2-5045-5f98-8089-7dc7ec3da062,dffb6ad5-fedc-5f31-8c66-9cce83105a78,c0533b37-8d16-5c9a-b16c-8cdbac66ee7e,1a84f72e-f10f-51c0-a85e-12239e154748,1,2025-10-21 08:12:00+02:00,2025-10-21 08:27:00+02:00,15,home,Cologne,,DE,office,Cologne,,DE,public_transport,subscription,,,6.73,0.0,2.9,0.269,False,True,False,False,,0
d82916e0-c407-5344-9010-21cd39725416,3c3b4970-e3e3-5ddc-9e2c-5934fc265cc6,c0533b37-8d16-5c9a-b16c-8cdbac66ee7e,1a84f72e-f10f-51c0-a85e-12239e154748,1,2025-10-21 17:33:00+02:00,2025-10-21 17:48:00+02:00,15,office,Cologne,,DE,home,Cologne,,DE,public_transport,subscription,,,6.73,0.0,2.9,0.269,False,True,False,False,,0
6b677dc8-79cd-5b57-bba9-1a7f4ff0fb62,ae7dada4-927e-5aeb-98a1-2881c29aef8b,c0533b37-8d16-5c9a-b16c-8cdbac66ee7e,1a84f72e-f10f-51c0-a85e-12239e154748,1,2025-10-22 08:06:00+02:00,2025-10-22 08:23:00+02:00,17,home,Cologne,,DE,office,Cologne,,DE,public_transport,subscription,,,7.65,0.0,2.9,0.306,False,True,False,False,,0
a4ac6c0d-afc8-5a7d-af92-b1e536bd56f7,f24128a8-7501-5f9a-8759-7e15096df498,c0533b37-8d16-5c9a-b16c-8cdbac66ee7e,1a84f72e-f10f-51c0-a85e-12239e154748,1,2025-10-22 17:20:00+02:00,2025-10-22 17:37:00+02:00,17,office,Cologne,,DE,home,Cologne,,DE,public_transport,subscription,,,7.65,0.0,2.9,0.306,False,True,False,False,,0
866da367-faf6-5229-9239-19a9c3b87992,863d517b-d29b-518e-a3ad-339256eca65f,c0533b37-8d16-5c9a-b16c-8cdbac66ee7e,,1,2025-10-22 16:00:00+02:00,2025-10-22 16:17:00+02:00,17,home,Cologne,,DE,supermarket,Cologne,,DE,car_sharing,pay-as-you-go,,,4.35,4.44,4.44,0.652,False,True,False,False,,0
99917edb-59a4-5488-b188-682eda6560de,62c52737-5365-5595-a062-b9d8f891287e,c0533b37-8d16-5c9a-b16c-8cdbac66ee7e,1a84f72e-f10f-51c0-a85e-12239e154748,1,2025-10-23 08:18:00+02:00,2025-10-23 08:35:00+02:00,17,home,Cologne,,DE,office,Cologne,,DE,public_transport,subscription,,,7.47,0.0,2.9,0.299,False,True,False,False,,0
126eb437-9357-5293-a315-fe121e0d807a,834addaa-7f34-5bc6-a32b-70f1a5fa88ac,c0533b37-8d16-5c9a-b16c-8cdbac66ee7e,1a84f72e-f10f-51c0-a85e-12239e154748,1,2025-10-23 17:32:00+02:00,2025-10-23 17:49:00+02:00,17,office,Cologne,,DE,home,Cologne,,DE,public_transport,subscription,,,7.47,0.0,2.9,0.299,False,True,False,False,,0
ac074edb-2b70-50a7-8330-610bc6b5ac2b,21474f43-5b18-5358-9ac0-fcf6f6ab40ff,c0533b37-8d16-5c9a-b16c-8cdbac66ee7e,,1,2025-10-23 12:00:00+02:00,2025-10-23 12:20:00+02:00,20,home,Cologne,,DE,client office,Cologne,,DE,car_sharing,pay-as-you-go,,,5.87,5.64,5.64,0.88,False,True,False,False,,0
72a50ea9-0819-591a-a45e-389ceb37c64a,4bc72f9e-3b75-559d-b4f5-7cd2f2a86126,c0533b37-8d16-5c9a-b16c-8cdbac66ee7e,,1,2025-10-25 16:00:00+02:00,2025-10-25 16:21:00+02:00,21,home,Cologne,,DE,hardware store,Cologne,,DE,car_sharing,pay-as-you-go,,,7.09,6.6,6.6,1.063,False,True,False,False,,0
059a57a8-a5e1-5fa8-8231-c28a034bfa6e,657ebb37-1cf1-5eeb-8639-fd38396d9aee,c0533b37-8d16-5c9a-b16c-8cdbac66ee7e,,1,2025-10-25 11:00:00+02:00,2025-10-25 11:26:00+02:00,26,home,Cologne,,DE,Rhine promenade,Cologne,,DE,bike_sharing,pay-as-you-go,,,5.2,4.12,4.12,0.026,False,True,False,False,,0
95143779-5e84-5b9e-9849-1e3a83e47952,314cab17-a8a0-5f44-8eb9-1d607012199c,c0533b37-8d16-5c9a-b16c-8cdbac66ee7e,1a84f72e-f10f-51c0-a85e-12239e154748,1,2025-10-27 08:16:00+02:00,2025-10-27 08:29:00+02:00,13,home,Cologne,,DE,office,Cologne,,DE,public_transport,subscription,,,6.01,0.0,2.9,0.24,False,True,False,False,,0
681b5558-da77-56cc-a444-c5848e70f0df,a4dc2d82-96eb-5b8c-bf12-761086bd7023,c0533b37-8d16-5c9a-b16c-8cdbac66ee7e,1a84f72e-f10f-51c0-a85e-12239e154748,1,2025-10-27 17:19:00+02:00,2025-10-27 17:32:00+02:00,13,office,Cologne,,DE,home,Cologne,,DE,public_transport,subscription,,,6.01,0.0,2.9,0.24,False,True,False,False,,0
ded668bd-da17-5cc4-94d0-82cc77922d00,fce465e6-9e56-56c1-9a6b-f1ef3d705607,c0533b37-8d16-5c9a-b16c-8cdbac66ee7e,1a84f72e-f10f-51c0-a85e-12239e154748,1,2025-10-28 08:13:00+02:00,2025-10-28 08:29:00+02:00,16,home,Cologne,,DE,office,Cologne,,DE,public_transport,subscription,,,7.32,0.0,2.9,0.293,False,True,False,False,,0
7ff02d8b-73cd-5db0-babc-cfd75306a545,631850da-d432-5895-a5c1-abf7f5b4131f,c0533b37-8d16-5c9a-b16c-8cdbac66ee7e,1a84f72e-f10f-51c0-a85e-12239e154748,1,2025-10-28 17:18:00+02:00,2025-10-28 17:34:00+02:00,16,office,Cologne,,DE,home,Cologne,,DE,public_transport,subscription,,,7.32,0.0,2.9,0.293,False,True,False,False,,0
f9d364df-d1ef-5635-9ec0-2b9e4a8ae773,92990c46-131e-5d8a-916a-431036b6064e,c0533b37-8d16-5c9a-b16c-8cdbac66ee7e,,1,2025-10-28 11:00:00+02:00,2025-10-28 11:23:00+02:00,23,home,Cologne,,DE,client office,Cologne,,DE,car_sharing,pay-as-you-go,,,6.49,6.13,6.13,0.974,False,True,False,False,,0
4b4d0e1f-d605-57a2-842f-d051a07ebe57,6b4ffe6f-f7fd-5be4-80b0-90f4f6156af6,c0533b37-8d16-5c9a-b16c-8cdbac66ee7e,1a84f72e-f10f-51c0-a85e-12239e154748,1,2025-10-29 08:16:00+02:00,2025-10-29 08:30:00+02:00,14,home,Cologne,,DE,office,Cologne,,DE,public_transport,subscription,,,6.33,0.0,2.9,0.253,False,True,False,False,,0
6b2b3779-4874-5e68-90f7-acce25f4c07f,75bae7a9-1b5b-5b84-bc02-d0937690911f,c0533b37-8d16-5c9a-b16c-8cdbac66ee7e,1a84f72e-f10f-51c0-a85e-12239e154748,1,2025-10-29 17:21:00+02:00,2025-10-29 17:35:00+02:00,14,office,Cologne,,DE,home,Cologne,,DE,public_transport,subscription,,,6.33,0.0,2.9,0.253,False,True,False,False,,0
314b1733-2e1f-5e90-a7f9-f74355c2663a,4da3907c-16d9-5143-ab6e-1fda3372161f,c0533b37-8d16-5c9a-b16c-8cdbac66ee7e,,1,2025-10-29 16:00:00+02:00,2025-10-29 16:17:00+02:00,17,home,Cologne,,DE,print shop,Cologne,,DE,car_sharing,pay-as-you-go,,,4.83,4.82,4.82,0.725,False,True,False,False,,0
46d117f4-e1c3-5594-b07b-0bda66cd02e1,bfc7571b-3fc2-585d-8dcd-409caea69e7f,c0533b37-8d16-5c9a-b16c-8cdbac66ee7e,a8a23376-4344-5566-aeff-b7ff1bde0a86,1,2025-10-29 19:00:00+02:00,2025-10-29 19:06:00+02:00,6,home,Cologne,,DE,cafe,Cologne,,DE,e_scooter,subscription,,,1.08,1.32,2.5,0.022,False,True,False,False,,0
fe6ae36a-025e-51b1-8d6a-35f14815b369,76944e9b-e521-5ad5-91fe-293a17b171ac,c0533b37-8d16-5c9a-b16c-8cdbac66ee7e,a8a23376-4344-5566-aeff-b7ff1bde0a86,1,2025-10-30 21:00:00+02:00,2025-10-30 21:06:00+02:00,6,home,Cologne,,DE,cafe,Cologne,,DE,e_scooter,subscription,,,1.08,1.32,2.5,0.022,False,True,False,False,,0
ddbf5305-747b-51ff-aa44-d5362377917c,3e832462-35dc-58ec-8603-21f5fce8b736,c0533b37-8d16-5c9a-b16c-8cdbac66ee7e,1a84f72e-f10f-51c0-a85e-12239e154748,1,2025-10-31 08:16:00+02:00,2025-10-31 08:33:00+02:00,17,home,Cologne,,DE,office,Cologne,,DE,public_transport,subscription,,,7.58,0.0,2.9,0.303,False,True,False,False,,0
b9958200-d9f7-519b-97fa-55f92e40fc8c,a71b4192-0b56-512c-abc1-e5fcf67b6be3,c0533b37-8d16-5c9a-b16c-8cdbac66ee7e,1a84f72e-f10f-51c0-a85e-12239e154748,1,2025-10-31 17:35:00+02:00,2025-10-31 17:52:00+02:00,17,office,Cologne,,DE,home,Cologne,,DE,public_transport,subscription,,,7.58,0.0,2.9,0.303,False,True,False,False,,0
97ec4b35-8456-5167-bad8-a23017765e17,dfbb9dc7-0525-580b-ac24-c2fc68bf34f0,c0533b37-8d16-5c9a-b16c-8cdbac66ee7e,,1,2025-11-02 10:00:00+01:00,2025-11-02 10:19:00+01:00,19,home,Cologne,,DE,supermarket,Cologne,,DE,car_sharing,pay-as-you-go,,,4.2,4.32,4.32,0.63,False,True,False,False,,0
f4aceba8-1032-5bd5-9b59-ead23f2b1188,edb25b70-ae8d-5f4c-9f67-0ffc9ede676e,c0533b37-8d16-5c9a-b16c-8cdbac66ee7e,,1,2025-11-02 11:00:00+01:00,2025-11-02 11:30:00+01:00,30,home,Cologne,,DE,Rhine promenade,Cologne,,DE,bike_sharing,pay-as-you-go,,,6.0,4.6,4.6,0.03,False,True,False,False,,0
e419d5a4-d6fc-5cfd-88a3-30e45220ee58,34653e8a-3768-5f28-b682-213bce161a24,c0533b37-8d16-5c9a-b16c-8cdbac66ee7e,a8a23376-4344-5566-aeff-b7ff1bde0a86,1,2025-11-02 10:00:00+01:00,2025-11-02 10:09:00+01:00,9,home,Cologne,,DE,friend's place,Cologne,,DE,e_scooter,subscription,,,1.62,1.98,3.25,0.032,False,True,False,False,,0
b633e108-2028-552a-bb44-26195f428cc9,7b98c6b9-7bc0-5df6-af67-8e8ad3e3882c,c0533b37-8d16-5c9a-b16c-8cdbac66ee7e,1a84f72e-f10f-51c0-a85e-12239e154748,1,2025-11-03 08:09:00+01:00,2025-11-03 08:23:00+01:00,14,home,Cologne,,DE,office,Cologne,,DE,public_transport,subscription,,,6.19,0.0,2.9,0.248,False,True,False,False,,0
2bfa9a50-04ae-528f-8ba3-bdab19a9234a,9d005a10-4d76-5b02-ad70-d98ad6820776,c0533b37-8d16-5c9a-b16c-8cdbac66ee7e,1a84f72e-f10f-51c0-a85e-12239e154748,1,2025-11-03 17:26:00+01:00,2025-11-03 17:40:00+01:00,14,office,Cologne,,DE,home,Cologne,,DE,public_transport,subscription,,,6.19,0.0,2.9,0.248,False,True,False,False,,0
f1833f5e-7e41-5db6-a87c-11b4200e1d8d,4f7b8694-37e1-5c66-a115-0d11a2d18efd,c0533b37-8d16-5c9a-b16c-8cdbac66ee7e,,1,2025-11-03 13:00:00+01:00,2025-11-03 13:19:00+01:00,19,home,Cologne,,DE,print shop,Cologne,,DE,car_sharing,pay-as-you-go,,,6.11,5.83,5.83,0.916,False,True,False,False,,0
0ea34e04-05c2-50d5-8fd4-b5867c3fe2a5,12826241-821a-55ba-9151-fa2cbf57f5b2,c0533b37-8d16-5c9a-b16c-8cdbac66ee7e,a8a23376-4344-5566-aeff-b7ff1bde0a86,1,2025-11-03 20:00:00+01:00,2025-11-03 20:10:00+01:00,10,home,Cologne,,DE,friend's place,Cologne,,DE,e_scooter,subscription,,,1.8,2.2,3.5,0.036,False,True,False,False,,0
59df7313-dccb-52fd-a573-116645b87438,382e24c6-3cd4-58ac-b7fb-8c26662bcf10,c0533b37-8d16-5c9a-b16c-8cdbac66ee7e,,1,2025-11-04 15:00:00+01:00,2025-11-04 15:18:00+01:00,18,home,Cologne,,DE,client office,Cologne,,DE,car_sharing,pay-as-you-go,,,5.35,5.23,5.23,0.802,False,True,False,False,,0
8230a649-8bc2-5852-874d-34345f8dac8d,c7eea9cd-e952-58d0-8226-ce0f4396822d,c0533b37-8d16-5c9a-b16c-8cdbac66ee7e,1a84f72e-f10f-51c0-a85e-12239e154748,1,2025-11-05 08:05:00+01:00,2025-11-05 08:19:00+01:00,14,home,Cologne,,DE,office,Cologne,,DE,public_transport,subscription,,,6.26,0.0,2.9,0.25,False,True,False,False,,0
9250da2c-fe18-59ec-a429-42a8618f4ad0,8cd6133c-458b-5b74-ae21-b06d8cd07ef3,c0533b37-8d16-5c9a-b16c-8cdbac66ee7e,1a84f72e-f10f-51c0-a85e-12239e154748,1,2025-11-05 17:28:00+01:00,2025-11-05 17:42:00+01:00,14,office,Cologne,,DE,home,Cologne,,DE,public_transport,subscription,,,6.26,0.0,2.9,0.25,False,True,False,False,,0
9132df97-c428-5b8f-8f28-8e159d6b17a7,9bb71e1b-2bfa-52ef-9952-d325ed33e0bc,c0533b37-8d16-5c9a-b16c-8cdbac66ee7e,1a84f72e-f10f-51c0-a85e-12239e154748,1,2025-11-06 08:18:00+01:00,2025-11-06 08:35:00+01:00,17,home,Cologne,,DE,office,Cologne,,DE,public_transport,subscription,,,7.86,0.0,2.9,0.314,False,True,False,False,,0
01c3fddf-e29a-5b0e-9ef1-fc77854194c9,49832b66-a458-5821-a6df-bfd049252190,c0533b37-8d16-5c9a-b16c-8cdbac66ee7e,1a84f72e-f10f-51c0-a85e-12239e154748,1,2025-11-06 17:22:00+01:00,2025-11-06 17:39:00+01:00,17,office,Cologne,,DE,home,Cologne,,DE,public_transport,subscription,,,7.86,0.0,2.9,0.314,False,True,False,False,,0
694a0f20-cc7b-5086-9e1e-1ff9cc3f7b78,ce504e22-abe4-5eb7-a3c2-751829afe975,c0533b37-8d16-5c9a-b16c-8cdbac66ee7e,,1,2025-11-06 18:00:00+01:00,2025-11-06 18:19:00+01:00,19,home,Cologne,,DE,supermarket,Cologne,,DE,car_sharing,pay-as-you-go,,,4.05,4.2,4.2,0.607,False,True,False,False,,0
42ae9dbf-1b14-519c-be28-b970fd616db8,995dddba-6cf6-5a94-b007-840c824bf709,c0533b37-8d16-5c9a-b16c-8cdbac66ee7e,1a84f72e-f10f-51c0-a85e-12239e154748,1,2025-11-07 08:08:00+01:00,2025-11-07 08:25:00+01:00,17,home,Cologne,,DE,office,Cologne,,DE,public_transport,subscription,,,7.47,0.0,2.9,0.299,False,True,False,False,,0
3f8b4266-804c-57d8-bd98-8d997d82ca91,ca37c7a3-cb37-55d1-b483-fe25726ef9ae,c0533b37-8d16-5c9a-b16c-8cdbac66ee7e,1a84f72e-f10f-51c0-a85e-12239e154748,1,2025-11-07 17:29:00+01:00,2025-11-07 17:46:00+01:00,17,office,Cologne,,DE,home,Cologne,,DE,public_transport,subscription,,,7.47,0.0,2.9,0.299,False,True,False,False,,0
bf7ba94a-1709-5b3a-9e87-526706248bfe,14e121f9-307c-5c31-809d-710ef36959f9,c0533b37-8d16-5c9a-b16c-8cdbac66ee7e,,1,2025-11-07 17:00:00+01:00,2025-11-07 17:20:00+01:00,20,home,Cologne,,DE,client office,Cologne,,DE,car_sharing,pay-as-you-go,,,5.6,5.42,5.42,0.84,False,True,False,False,,0
d1cfeeca-c568-5e1c-a735-602dd14001da,d2be0f43-4374-50e6-ab7c-4edb058d75f3,c0533b37-8d16-5c9a-b16c-8cdbac66ee7e,,1,2025-11-08 12:00:00+01:00,2025-11-08 12:17:00+01:00,17,home,Cologne,,DE,supermarket,Cologne,,DE,car_sharing,pay-as-you-go,,,4.02,4.18,4.18,0.603,False,True,False,False,,0
ce347968-7f06-5f89-a59c-d3a4f69982e5,9a73690a-b416-5e1c-a371-4fe83f077e2f,c0533b37-8d16-5c9a-b16c-8cdbac66ee7e,,1,2025-11-08 11:00:00+01:00,2025-11-08 11:20:00+01:00,20,home,Cologne,,DE,Rhine promenade,Cologne,,DE,bike_sharing,pay-as-you-go,,,4.0,3.4,3.4,0.02,False,True,False,False,,0
23712d78-44f5-5e97-b2ca-d3c40c6a2a1e,37cc651d-b086-57ab-ba3a-019256fa5a27,c0533b37-8d16-5c9a-b16c-8cdbac66ee7e,1a84f72e-f10f-51c0-a85e-12239e154748,1,2025-11-10 08:04:00+01:00,2025-11-10 08:20:00+01:00,16,home,Cologne,,DE,office,Cologne,,DE,public_transport,subscription,,,7.11,0.0,2.9,0.284,False,True,False,False,,0
45b59fa4-10c8-50a8-8b1d-36fccccf97de,7b572ed7-03be-529d-bead-4e53a3200e1d,c0533b37-8d16-5c9a-b16c-8cdbac66ee7e,1a84f72e-f10f-51c0-a85e-12239e154748,1,2025-11-10 17:24:00+01:00,2025-11-10 17:40:00+01:00,16,office,Cologne,,DE,home,Cologne,,DE,public_transport,subscription,,,7.11,0.0,2.9,0.284,False,True,False,False,,0
590a632c-ecaf-5368-ae52-edd049e2b1e0,02c5ac42-7dd0-5fd5-a2cc-c49feccf70e9,c0533b37-8d16-5c9a-b16c-8cdbac66ee7e,,1,2025-11-10 14:00:00+01:00,2025-11-10 14:25:00+01:00,25,home,Cologne,,DE,print shop,Cologne,,DE,car_sharing,pay-as-you-go,,,7.62,7.02,7.02,1.143,False,True,False,False,,0
bbe087b7-915e-54e7-83ff-088103596d56,1c0a5e20-8407-582a-9699-517fbee58704,c0533b37-8d16-5c9a-b16c-8cdbac66ee7e,1a84f72e-f10f-51c0-a85e-12239e154748,1,2025-11-11 08:03:00+01:00,2025-11-11 08:18:00+01:00,15,home,Cologne,,DE,office,Cologne,,DE,public_transport,subscription,,,6.74,0.0,2.9,0.27,False,True,False,False,,0
7e1e52e6-1622-5f80-8d2d-3c7859dc817b,e0e6aa78-b344-52fd-9564-42b307d57507,c0533b37-8d16-5c9a-b16c-8cdbac66ee7e,1a84f72e-f10f-51c0-a85e-12239e154748,1,2025-11-11 17:26:00+01:00,2025-11-11 17:41:00+01:00,15,office,Cologne,,DE,home,Cologne,,DE,public_transport,subscription,,,6.74,0.0,2.9,0.27,False,True,False,False,,0
ec76bcb4-9941-5592-922c-e59463387a78,368cdede-3679-5c91-ab76-18cc3de746a3,c0533b37-8d16-5c9a-b16c-8cdbac66ee7e,,1,2025-11-11 18:00:00+01:00,2025-11-11 18:20:00+01:00,20,home,Cologne,,DE,print shop,Cologne,,DE,car_sharing,pay-as-you-go,,,4.76,4.76,4.76,0.714,False,True,False,False,,0
32a15149-b930-5a9e-b73c-ef9c7a945523,ed5d9be9-6d62-5b1d-9d40-506bf0301c04,c0533b37-8d16-5c9a-b16c-8cdbac66ee7e,,1,2025-11-12 14:00:00+01:00,2025-11-12 14:25:00+01:00,25,home,Cologne,,DE,client office,Cologne,,DE,car_sharing,pay-as-you-go,,,6.93,6.47,6.47,1.039,False,True,False,False,,0
0655e63e-866c-5f6a-b4ee-8de7b645e7fd,7d5c325f-bdff-5e7e-8219-574643c049de,c0533b37-8d16-5c9a-b16c-8cdbac66ee7e,1a84f72e-f10f-51c0-a85e-12239e154748,1,2025-11-14 08:03:00+01:00,2025-11-14 08:18:00+01:00,15,home,Cologne,,DE,office,Cologne,,DE,public_transport,subscription,,,6.85,0.0,2.9,0.274,False,True,False,False,,0
7691c4a2-1577-5f82-969f-baf2a5f05f3a,b27df0c4-7b6b-57cb-8ec4-96897b8e20c5,c0533b37-8d16-5c9a-b16c-8cdbac66ee7e,1a84f72e-f10f-51c0-a85e-12239e154748,1,2025-11-14 17:18:00+01:00,2025-11-14 17:33:00+01:00,15,office,Cologne,,DE,home,Cologne,,DE,public_transport,subscription,,,6.85,0.0,2.9,0.274,False,True,False,False,,0
84a5ffbd-5e3b-52aa-82fd-a39547475849,59a24e2e-a029-5c7d-af76-9b30baf3d512,c0533b37-8d16-5c9a-b16c-8cdbac66ee7e,,1,2025-11-14 15:00:00+01:00,2025-11-14 15:17:00+01:00,17,home,Cologne,,DE,supermarket,Cologne,,DE,car_sharing,pay-as-you-go,,,4.93,4.89,4.89,0.739,False,True,False,False,,0
d64bc0c0-f5ec-54b3-b529-176f42d13b51,9fa4912e-0dce-5de2-9716-46c33f628ecf,c0533b37-8d16-5c9a-b16c-8cdbac66ee7e,,1,2025-11-16 16:00:00+01:00,2025-11-16 16:27:00+01:00,27,home,Cologne,,DE,Rhine promenade,Cologne,,DE,bike_sharing,pay-as-you-go,,,5.4,4.24,4.24,0.027,False,True,False,False,,0
a11e2a1b-ab70-50c3-af89-d30ee4af2417,a3392d81-9f6e-5241-bc78-ab328b1e9350,c0533b37-8d16-5c9a-b16c-8cdbac66ee7e,1a84f72e-f10f-51c0-a85e-12239e154748,1,2025-11-17 08:19:00+01:00,2025-11-17 08:35:00+01:00,16,home,Cologne,,DE,office,Cologne,,DE,public_transport,subscription,,,7.29,0.0,2.9,0.292,False,True,False,False,,0
3ec70d66-3e3f-5dd3-a5b8-ef6b47eee56b,bb8d679c-0663-5fb2-a3ea-44fc80236be1,c0533b37-8d16-5c9a-b16c-8cdbac66ee7e,1a84f72e-f10f-51c0-a85e-12239e154748,1,2025-11-17 17:43:00+01:00,2025-11-17 17:59:00+01:00,16,office,Cologne,,DE,home,Cologne,,DE,public_transport,subscription,,,7.29,0.0,2.9,0.292,False,True,False,False,,0
52d8517a-f7d5-57cd-91ef-4ca7e93a04d5,dfed436e-bdef-5490-b32e-2c071cb965c6,c0533b37-8d16-5c9a-b16c-8cdbac66ee7e,1a84f72e-f10f-51c0-a85e-12239e154748,1,2025-11-18 08:10:00+01:00,2025-11-18 08:25:00+01:00,15,home,Cologne,,DE,office,Cologne,,DE,public_transport,subscription,,,6.65,0.0,2.9,0.266,False,True,False,False,,0
21f628b3-af37-5035-a475-61d4b02bb580,7efe957e-e702-5667-aee7-1064c5a7f90e,c0533b37-8d16-5c9a-b16c-8cdbac66ee7e,1a84f72e-f10f-51c0-a85e-12239e154748,1,2025-11-18 17:22:00+01:00,2025-11-18 17:37:00+01:00,15,office,Cologne,,DE,home,Cologne,,DE,public_transport,subscription,,,6.65,0.0,2.9,0.266,False,True,False,False,,0
6c9c5653-e15e-5bcd-aa22-fecc624e53e6,33ed8678-99f1-57d3-971c-3040342c6aa6,c0533b37-8d16-5c9a-b16c-8cdbac66ee7e,,1,2025-11-18 15:00:00+01:00,2025-11-18 15:14:00+01:00,14,home,Cologne,,DE,supermarket,Cologne,,DE,car_sharing,pay-as-you-go,,,4.08,4.22,4.22,0.612,False,True,False,False,,0
e7c07ef1-e5e1-5e0c-bb37-4a27db07ccc8,8ed82113-8de0-5de1-b5ca-521c4a2fee4c,c0533b37-8d16-5c9a-b16c-8cdbac66ee7e,a8a23376-4344-5566-aeff-b7ff1bde0a86,1,2025-11-18 15:00:00+01:00,2025-11-18 15:08:00+01:00,8,home,Cologne,,DE,cafe,Cologne,,DE,e_scooter,subscription,,,1.44,1.76,3.0,0.029,False,True,False,False,,0
488623b6-4d80-51fa-a364-20c55b81d566,3b5e6f7b-c958-5951-8b20-3f209bf88e5a,c0533b37-8d16-5c9a-b16c-8cdbac66ee7e,1a84f72e-f10f-51c0-a85e-12239e154748,1,2025-11-19 08:00:00+01:00,2025-11-19 08:15:00+01:00,15,home,Cologne,,DE,office,Cologne,,DE,public_transport,subscription,,,6.7,0.0,2.9,0.268,False,True,False,False,,0
bc79c602-b79c-58d4-8ea7-750b27dbc8a4,9cde662b-5a18-57ad-a394-09bbdc5f8ba5,c0533b37-8d16-5c9a-b16c-8cdbac66ee7e,1a84f72e-f10f-51c0-a85e-12239e154748,1,2025-11-19 17:30:00+01:00,2025-11-19 17:45:00+01:00,15,office,Cologne,,DE,home,Cologne,,DE,public_transport,subscription,,,6.7,0.0,2.9,0.268,False,True,False,False,,0
524eb7c7-aac4-5416-93f9-527cfef27c71,3a0b828b-e9c4-5b33-8fa9-848d5450e67d,c0533b37-8d16-5c9a-b16c-8cdbac66ee7e,1a84f72e-f10f-51c0-a85e-12239e154748,1,2025-11-21 08:17:00+01:00,2025-11-21 08:33:00+01:00,16,home,Cologne,,DE,office,Cologne,,DE,public_transport,subscription,,,7.36,0.0,2.9,0.294,False,True,False,False,,0
fd5dc976-d531-57af-a1b3-142e5ebc4f28,7bdb8861-1c06-5753-aff5-6ce4ea7ce721,c0533b37-8d16-5c9a-b16c-8cdbac66ee7e,1a84f72e-f10f-51c0-a85e-12239e154748,1,2025-11-21 17:16:00+01:00,2025-11-21 17:32:00+01:00,16,office,Cologne,,DE,home,Cologne,,DE,public_transport,subscription,,,7.36,0.0,2.9,0.294,False,True,False,False,,0
7e110d6f-7246-5e54-8f78-9cc976c04a4c,5dd6a362-2396-5099-945e-b0ad361406a3,c0533b37-8d16-5c9a-b16c-8cdbac66ee7e,,1,2025-11-21 14:00:00+01:00,2025-11-21 14:21:00+01:00,21,home,Cologne,,DE,client office,Cologne,,DE,car_sharing,pay-as-you-go,,,5.89,5.65,5.65,0.883,False,True,False,False,,0
5fbf4688-e28a-5c81-9f67-e6c358c41df2,cb55f3dd-14db-51e5-8f5c-35edbb5d46f9,c0533b37-8d16-5c9a-b16c-8cdbac66ee7e,,1,2025-11-22 11:00:00+01:00,2025-11-22 11:21:00+01:00,21,home,Cologne,,DE,Rhine promenade,Cologne,,DE,bike_sharing,pay-as-you-go,,,4.2,3.52,3.52,0.021,False,True,False,False,,0
238047cc-7bb9-5bc9-905a-24b021fd6038,a999d646-36d4-5dab-8f7f-d8434d255077,c0533b37-8d16-5c9a-b16c-8cdbac66ee7e,,1,2025-11-23 10:00:00+01:00,2025-11-23 10:21:00+01:00,21,home,Cologne,,DE,hardware store,Cologne,,DE,car_sharing,pay-as-you-go,,,6.35,6.02,6.02,0.952,False,True,False,False,,0
0405631a-4fc9-5e80-a97e-fcdc5798c504,42bc8304-0bff-59b2-8af4-adc6a3d3f1f6,c0533b37-8d16-5c9a-b16c-8cdbac66ee7e,,1,2025-11-23 13:00:00+01:00,2025-11-23 13:32:00+01:00,32,home,Cologne,,DE,Rhine promenade,Cologne,,DE,bike_sharing,pay-as-you-go,,,6.4,4.84,4.84,0.032,False,True,False,False,,0
b0c780a6-7147-5b8b-bb0f-fc4ca037948d,513d9f70-a442-5e4b-9f2e-ab3a005833f3,c0533b37-8d16-5c9a-b16c-8cdbac66ee7e,,1,2025-11-24 16:00:00+01:00,2025-11-24 16:17:00+01:00,17,home,Cologne,,DE,supermarket,Cologne,,DE,car_sharing,pay-as-you-go,,,4.57,4.61,4.61,0.685,False,True,False,False,,0
87f6d311-e2ed-5bdc-9e9f-5d7357f146bc,091f0664-a7b9-5f15-83be-47ea9de432ab,c0533b37-8d16-5c9a-b16c-8cdbac66ee7e,1a84f72e-f10f-51c0-a85e-12239e154748,1,2025-11-25 08:04:00+01:00,2025-11-25 08:21:00+01:00,17,home,Cologne,,DE,office,Cologne,,DE,public_transport,subscription,,,7.45,0.0,2.9,0.298,False,True,False,False,,0
4d796cde-1c6d-52d0-b5d2-01fa23770868,45ade472-97a0-50bc-b553-72026fa7bf3c,c0533b37-8d16-5c9a-b16c-8cdbac66ee7e,1a84f72e-f10f-51c0-a85e-12239e154748,1,2025-11-25 17:23:00+01:00,2025-11-25 17:40:00+01:00,17,office,Cologne,,DE,home,Cologne,,DE,public_transport,subscription,,,7.45,0.0,2.9,0.298,False,True,False,False,,0
f2c18d91-4a9b-5a26-8f31-827eff3723da,207441da-1d97-51c5-a6c8-8095b7fa8013,c0533b37-8d16-5c9a-b16c-8cdbac66ee7e,,1,2025-11-25 16:00:00+01:00,2025-11-25 16:19:00+01:00,19,home,Cologne,,DE,client office,Cologne,,DE,car_sharing,pay-as-you-go,,,6.09,5.81,5.81,0.913,False,True,False,False,,0
bbc6a6d5-a66f-57a7-95b8-554c6d06975a,60062bdd-6e04-5c2c-ae8f-4de704f284f1,c0533b37-8d16-5c9a-b16c-8cdbac66ee7e,a8a23376-4344-5566-aeff-b7ff1bde0a86,1,2025-11-25 16:00:00+01:00,2025-11-25 16:15:00+01:00,15,home,Cologne,,DE,friend's place,Cologne,,DE,e_scooter,subscription,,,2.7,3.3,4.75,0.054,False,True,False,False,,0
5ec3a1bf-911b-5ef6-b2a9-e7a16005812c,3d2a5755-29ee-5f40-8644-77fcd7543c5f,c0533b37-8d16-5c9a-b16c-8cdbac66ee7e,1a84f72e-f10f-51c0-a85e-12239e154748,1,2025-11-26 08:06:00+01:00,2025-11-26 08:24:00+01:00,18,home,Cologne,,DE,office,Cologne,,DE,public_transport,subscription,,,7.9,0.0,2.9,0.316,False,True,False,False,,0
b7f643bf-6299-5aa7-a8c8-79dabce42b5d,c47da860-5c36-5f8a-8907-81291403f5f5,c0533b37-8d16-5c9a-b16c-8cdbac66ee7e,1a84f72e-f10f-51c0-a85e-12239e154748,1,2025-11-26 17:36:00+01:00,2025-11-26 17:54:00+01:00,18,office,Cologne,,DE,home,Cologne,,DE,public_transport,subscription,,,7.9,0.0,2.9,0.316,False,True,False,False,,0
e0b7b955-50f9-5a8b-bd5d-d075c3c3f236,7b045e79-5cff-570d-8408-5ce84f2b0a61,c0533b37-8d16-5c9a-b16c-8cdbac66ee7e,a8a23376-4344-5566-aeff-b7ff1bde0a86,1,2025-11-26 19:00:00+01:00,2025-11-26 19:10:00+01:00,10,home,Cologne,,DE,friend's place,Cologne,,DE,e_scooter,subscription,,,1.8,2.2,3.5,0.036,False,True,False,False,,0
4e6ac1fa-fafa-5b24-9526-2abe680547e8,0137ccb4-6f44-5b7a-8806-d9f7e36713e2,c0533b37-8d16-5c9a-b16c-8cdbac66ee7e,1a84f72e-f10f-51c0-a85e-12239e154748,1,2025-11-28 08:05:00+01:00,2025-11-28 08:22:00+01:00,17,home,Cologne,,DE,office,Cologne,,DE,public_transport,subscription,,,7.56,0.0,2.9,0.302,False,True,False,False,,0
83a2bef3-43dc-5119-acb6-b52b4b1cb8d4,0ba79c54-5c78-5876-97d7-a585c719876d,c0533b37-8d16-5c9a-b16c-8cdbac66ee7e,1a84f72e-f10f-51c0-a85e-12239e154748,1,2025-11-28 17:38:00+01:00,2025-11-28 17:55:00+01:00,17,office,Cologne,,DE,home,Cologne,,DE,public_transport,subscription,,,7.56,0.0,2.9,0.302,False,True,False,False,,0
5bec0afd-3563-53a9-8a74-69e85c4781ad,1b29eb20-c173-5e53-b4b2-40c0c2cf124e,c0533b37-8d16-5c9a-b16c-8cdbac66ee7e,,1,2025-11-28 14:00:00+01:00,2025-11-28 14:23:00+01:00,23,home,Cologne,,DE,supermarket,Cologne,,DE,car_sharing,pay-as-you-go,,,5.91,5.67,5.67,0.886,False,True,False,False,,0
c53d626c-6eb6-54ea-9395-18e7e297109c,2f07783d-13c6-54f1-bd99-fbbcab26b32a,c0533b37-8d16-5c9a-b16c-8cdbac66ee7e,a8a23376-4344-5566-aeff-b7ff1bde0a86,1,2025-11-28 10:00:00+01:00,2025-11-28 10:12:00+01:00,12,home,Cologne,,DE,gym,Cologne,,DE,e_scooter,subscription,,,2.16,2.64,4.0,0.043,False,True,False,False,,0
9a8a2f31-653c-5836-a9b7-b1936dc1dc4c,6c15ec5e-6523-5d5f-b1c9-1bf0f3a0d12f,c0533b37-8d16-5c9a-b16c-8cdbac66ee7e,,1,2025-11-29 15:00:00+01:00,2025-11-29 15:20:00+01:00,20,home,Cologne,,DE,supermarket,Cologne,,DE,car_sharing,pay-as-you-go,,,4.84,4.82,4.82,0.726,False,True,False,False,,0
a99eaa0b-b8fc-5566-88d2-5c7dbd487b31,3dcab8df-eddc-55f8-be8b-13f86a903e25,c0533b37-8d16-5c9a-b16c-8cdbac66ee7e,a8a23376-4344-5566-aeff-b7ff1bde0a86,1,2025-11-29 21:00:00+01:00,2025-11-29 21:12:00+01:00,12,home,Cologne,,DE,cafe,Cologne,,DE,e_scooter,subscription,,,2.16,2.64,4.0,0.043,False,True,False,False,,0
536198d3-59d3-54ae-ae45-33220723d93d,2598fc79-53b7-5fc5-9cf7-52f631fa9d4f,c0533b37-8d16-5c9a-b16c-8cdbac66ee7e,,1,2025-11-30 16:00:00+01:00,2025-11-30 16:24:00+01:00,24,home,Cologne,,DE,Rhine promenade,Cologne,,DE,bike_sharing,pay-as-you-go,,,4.8,3.88,3.88,0.024,False,True,False,False,,0
c426dc56-6f77-5939-9aaa-64075d374d69,f280ee97-35c2-5bb9-937c-47239eb5b7f7,c0533b37-8d16-5c9a-b16c-8cdbac66ee7e,a8a23376-4344-5566-aeff-b7ff1bde0a86,1,2025-11-30 12:00:00+01:00,2025-11-30 12:06:00+01:00,6,home,Cologne,,DE,cafe,Cologne,,DE,e_scooter,subscription,,,1.08,1.32,2.5,0.022,False,True,False,False,,0
a43ab04d-36e6-569b-b328-60c94a879311,40828195-e77d-5592-9377-0d4f06ed7034,c0533b37-8d16-5c9a-b16c-8cdbac66ee7e,1a84f72e-f10f-51c0-a85e-12239e154748,1,2025-12-01 08:02:00+01:00,2025-12-01 08:19:00+01:00,17,home,Cologne,,DE,office,Cologne,,DE,public_transport,subscription,,,7.85,0.0,2.9,0.314,False,True,False,False,,0
79cad5ea-5114-5433-8c39-4e01c88f1c67,27e5eb33-e100-5107-9e64-47eaa4cd8cab,c0533b37-8d16-5c9a-b16c-8cdbac66ee7e,1a84f72e-f10f-51c0-a85e-12239e154748,1,2025-12-01 17:37:00+01:00,2025-12-01 17:54:00+01:00,17,office,Cologne,,DE,home,Cologne,,DE,public_transport,subscription,,,7.85,0.0,2.9,0.314,False,True,False,False,,0
881e24d9-b39c-5cda-bdd5-6118e876f69c,19ae2a55-28bc-52b3-bbcd-407a809607fe,c0533b37-8d16-5c9a-b16c-8cdbac66ee7e,1a84f72e-f10f-51c0-a85e-12239e154748,1,2025-12-02 08:02:00+01:00,2025-12-02 08:16:00+01:00,14,home,Cologne,,DE,office,Cologne,,DE,public_transport,subscription,,,6.2,0.0,2.9,0.248,False,True,False,False,,0
16431b4a-b377-5604-8a68-69bd94a085a7,7a3d792a-ba01-5b93-bad3-4cf54610d3ab,c0533b37-8d16-5c9a-b16c-8cdbac66ee7e,1a84f72e-f10f-51c0-a85e-12239e154748,1,2025-12-02 17:26:00+01:00,2025-12-02 17:40:00+01:00,14,office,Cologne,,DE,home,Cologne,,DE,public_transport,subscription,,,6.2,0.0,2.9,0.248,False,True,False,False,,0
a78ee7c9-d66d-5b1d-98ae-e4499cfd2e9e,039657bd-5527-52f5-85d7-861601be71e0,c0533b37-8d16-5c9a-b16c-8cdbac66ee7e,,1,2025-12-02 14:00:00+01:00,2025-12-02 14:18:00+01:00,18,home,Cologne,,DE,supermarket,Cologne,,DE,car_sharing,pay-as-you-go,,,5.08,5.01,5.01,0.762,False,True,False,False,,0
435db9e9-e44b-5f87-a81e-6f54fbbac24d,1eadcb68-96d9-52b2-a444-3fd08099b2c4,c0533b37-8d16-5c9a-b16c-8cdbac66ee7e,1a84f72e-f10f-51c0-a85e-12239e154748,1,2025-12-03 08:10:00+01:00,2025-12-03 08:28:00+01:00,18,home,Cologne,,DE,office,Cologne,,DE,public_transport,subscription,,,7.88,0.0,2.9,0.315,False,True,False,False,,0
c06b684b-f0c9-59fb-9320-366250a2ae66,50d8f739-c193-5c25-b2d3-bd372265b13a,c0533b37-8d16-5c9a-b16c-8cdbac66ee7e,1a84f72e-f10f-51c0-a85e-12239e154748,1,2025-12-03 17:20:00+01:00,2025-12-03 17:38:00+01:00,18,office,Cologne,,DE,home,Cologne,,DE,public_transport,subscription,,,7.88,0.0,2.9,0.315,False,True,False,False,,0
59963886-d37b-54c6-b9b3-1638e3934c56,426a9fec-4229-56a8-9d97-1403d4e7c36c,c0533b37-8d16-5c9a-b16c-8cdbac66ee7e,,1,2025-12-03 13:00:00+01:00,2025-12-03 13:22:00+01:00,22,home,Cologne,,DE,client office,Cologne,,DE,car_sharing,pay-as-you-go,,,6.17,5.87,5.87,0.925,False,True,False,False,,0
327b4fbb-f170-5d62-a8bc-ac570f8d99b8,0b4f5f72-4e6d-5e42-b85b-fba936fda265,c0533b37-8d16-5c9a-b16c-8cdbac66ee7e,1a84f72e-f10f-51c0-a85e-12239e154748,1,2025-12-04 08:17:00+01:00,2025-12-04 08:33:00+01:00,16,home,Cologne,,DE,office,Cologne,,DE,public_transport,subscription,,,7.3,0.0,2.9,0.292,False,True,False,False,,0
459af520-3e7b-5da9-a660-4ba24da6e5c7,594cd66f-7446-5e4b-9677-518163c5d727,c0533b37-8d16-5c9a-b16c-8cdbac66ee7e,1a84f72e-f10f-51c0-a85e-12239e154748,1,2025-12-04 17:43:00+01:00,2025-12-04 17:59:00+01:00,16,office,Cologne,,DE,home,Cologne,,DE,public_transport,subscription,,,7.3,0.0,2.9,0.292,False,True,False,False,,0
c99bfbdf-acb0-596f-a665-92c18daf6e72,2bca8cd0-d5ef-56da-b47c-4afb77ec576e,c0533b37-8d16-5c9a-b16c-8cdbac66ee7e,,1,2025-12-04 11:00:00+01:00,2025-12-04 11:23:00+01:00,23,home,Cologne,,DE,supermarket,Cologne,,DE,car_sharing,pay-as-you-go,,,7.4,6.85,6.85,1.11,False,True,False,False,,0
abb64254-f2e9-5142-95cf-e9bbbf93255a,72e48328-4093-50bd-af9c-be0ec64fbf41,c0533b37-8d16-5c9a-b16c-8cdbac66ee7e,1a84f72e-f10f-51c0-a85e-12239e154748,1,2025-12-05 08:00:00+01:00,2025-12-05 08:17:00+01:00,17,home,Cologne,,DE,office,Cologne,,DE,public_transport,subscription,,,7.46,0.0,2.9,0.298,False,True,False,False,,0
53821f9b-429b-577a-b3cc-0c0822ebc05d,d2b6c510-262d-592a-af3e-6bdd00672bd2,c0533b37-8d16-5c9a-b16c-8cdbac66ee7e,1a84f72e-f10f-51c0-a85e-12239e154748,1,2025-12-05 17:41:00+01:00,2025-12-05 17:58:00+01:00,17,office,Cologne,,DE,home,Cologne,,DE,public_transport,subscription,,,7.46,0.0,2.9,0.298,False,True,False,False,,0
bf9f0ac5-846a-55fc-b5c1-f26709141e17,8c80cd60-eabf-56f7-a670-50f19b4ba936,c0533b37-8d16-5c9a-b16c-8cdbac66ee7e,a8a23376-4344-5566-aeff-b7ff1bde0a86,1,2025-12-05 11:00:00+01:00,2025-12-05 11:07:00+01:00,7,home,Cologne,,DE,friend's place,Cologne,,DE,e_scooter,subscription,,,1.26,1.54,2.75,0.025,False,True,False,False,,0
4defba93-dd6e-529e-83f3-8171c63f227f,c05b9969-6ecd-5633-92bd-c1ec716e3f89,c0533b37-8d16-5c9a-b16c-8cdbac66ee7e,,1,2025-12-06 11:00:00+01:00,2025-12-06 11:22:00+01:00,22,home,Cologne,,DE,Rhine promenade,Cologne,,DE,bike_sharing,pay-as-you-go,,,4.4,3.64,3.64,0.022,False,True,False,False,,0
7659aa4b-5823-5094-96c6-5fa94e9291da,f59e948b-ba70-56cf-89e0-858e6d640c12,c0533b37-8d16-5c9a-b16c-8cdbac66ee7e,1a84f72e-f10f-51c0-a85e-12239e154748,1,2025-12-08 08:01:00+01:00,2025-12-08 08:15:00+01:00,14,home,Cologne,,DE,office,Cologne,,DE,public_transport,subscription,,,6.12,0.0,2.9,0.245,False,True,False,False,,0
ffd035f3-013e-524c-8bc0-01de8c80415f,021640bd-cf59-5a48-9940-63a0374645c4,c0533b37-8d16-5c9a-b16c-8cdbac66ee7e,1a84f72e-f10f-51c0-a85e-12239e154748,1,2025-12-08 17:40:00+01:00,2025-12-08 17:54:00+01:00,14,office,Cologne,,DE,home,Cologne,,DE,public_transport,subscription,,,6.12,0.0,2.9,0.245,False,True,False,False,,0
699c9814-fd0b-5303-acbf-986f71f58007,ffcc8c6e-5a72-56a8-b9c4-0f3531117123,c0533b37-8d16-5c9a-b16c-8cdbac66ee7e,,1,2025-12-08 12:00:00+01:00,2025-12-08 12:19:00+01:00,19,home,Cologne,,DE,client office,Cologne,,DE,car_sharing,pay-as-you-go,,,5.05,4.99,4.99,0.757,False,True,False,False,,0
0f0afd8a-e6fe-53a8-91c9-2cbd2d67043b,ff2bdce9-cf62-51c4-9a17-f6f3b81b575a,c0533b37-8d16-5c9a-b16c-8cdbac66ee7e,1a84f72e-f10f-51c0-a85e-12239e154748,1,2025-12-09 08:14:00+01:00,2025-12-09 08:31:00+01:00,17,home,Cologne,,DE,office,Cologne,,DE,public_transport,subscription,,,7.8,0.0,2.9,0.312,False,True,False,False,,0
73444c5b-8baa-51ae-a596-456157bbe6b0,3862a872-f042-5f90-aa16-38a87260b926,c0533b37-8d16-5c9a-b16c-8cdbac66ee7e,1a84f72e-f10f-51c0-a85e-12239e154748,1,2025-12-09 17:40:00+01:00,2025-12-09 17:57:00+01:00,17,office,Cologne,,DE,home,Cologne,,DE,public_transport,subscription,,,7.8,0.0,2.9,0.312,False,True,False,False,,0
30a63ee4-f17f-52a2-acc4-6775465648e9,e9c972d8-4c5a-5c9a-b235-9f1e7430289e,c0533b37-8d16-5c9a-b16c-8cdbac66ee7e,,1,2025-12-09 16:00:00+01:00,2025-12-09 16:25:00+01:00,25,home,Cologne,,DE,supermarket,Cologne,,DE,car_sharing,pay-as-you-go,,,7.02,6.55,6.55,1.053,False,True,False,False,,0
df709170-0903-5e79-9556-6b29e2829543,e5d829ba-caf9-5bd7-a75b-1f09c867d6ec,c0533b37-8d16-5c9a-b16c-8cdbac66ee7e,a8a23376-4344-5566-aeff-b7ff1bde0a86,1,2025-12-09 16:00:00+01:00,2025-12-09 16:09:00+01:00,9,home,Cologne,,DE,cafe,Cologne,,DE,e_scooter,subscription,,,1.62,1.98,3.25,0.032,False,True,False,False,,0
6be8b28d-b71b-5df8-b55b-37250122d061,e0ac6f21-8fea-5a50-b48d-d5dbfebe97ca,c0533b37-8d16-5c9a-b16c-8cdbac66ee7e,1a84f72e-f10f-51c0-a85e-12239e154748,1,2025-12-10 08:04:00+01:00,2025-12-10 08:18:00+01:00,14,home,Cologne,,DE,office,Cologne,,DE,public_transport,subscription,,,6.28,0.0,2.9,0.251,False,True,False,False,,0
f7811e35-ef44-5732-9469-3361ee85ed1a,d2125449-01ea-55ee-9731-231e923182eb,c0533b37-8d16-5c9a-b16c-8cdbac66ee7e,1a84f72e-f10f-51c0-a85e-12239e154748,1,2025-12-10 17:31:00+01:00,2025-12-10 17:45:00+01:00,14,office,Cologne,,DE,home,Cologne,,DE,public_transport,subscription,,,6.28,0.0,2.9,0.251,False,True,False,False,,0
096dabc0-e207-58fe-93e5-e8bda7b6afee,267e507a-6cd8-5394-8a69-589c82c482c0,c0533b37-8d16-5c9a-b16c-8cdbac66ee7e,1a84f72e-f10f-51c0-a85e-12239e154748,1,2025-12-11 08:16:00+01:00,2025-12-11 08:30:00+01:00,14,home,Cologne,,DE,office,Cologne,,DE,public_transport,subscription,,,6.41,0.0,2.9,0.256,False,True,False,False,,0
50bb5225-fff0-5c7d-a86c-0211961292dc,f391ced9-b015-55ba-bed5-b70cdb322c83,c0533b37-8d16-5c9a-b16c-8cdbac66ee7e,1a84f72e-f10f-51c0-a85e-12239e154748,1,2025-12-11 17:19:00+01:00,2025-12-11 17:33:00+01:00,14,office,Cologne,,DE,home,Cologne,,DE,public_transport,subscription,,,6.41,0.0,2.9,0.256,False,True,False,False,,0
fe2607a2-a118-500e-9a38-fadd35b3ad42,f78a0903-4e79-58e9-957a-f52c48a809a7,c0533b37-8d16-5c9a-b16c-8cdbac66ee7e,1a84f72e-f10f-51c0-a85e-12239e154748,1,2025-12-12 08:05:00+01:00,2025-12-12 08:20:00+01:00,15,home,Cologne,,DE,office,Cologne,,DE,public_transport,subscription,,,6.69,0.0,2.9,0.268,False,True,False,False,,0
3eec2975-447a-5b12-8c9b-1dd1f8bb4a51,5a03a821-d68f-5c3a-bc18-474ebd052fad,c0533b37-8d16-5c9a-b16c-8cdbac66ee7e,1a84f72e-f10f-51c0-a85e-12239e154748,1,2025-12-12 17:36:00+01:00,2025-12-12 17:51:00+01:00,15,office,Cologne,,DE,home,Cologne,,DE,public_transport,subscription,,,6.69,0.0,2.9,0.268,False,True,False,False,,0
d6558e2d-13f2-5e0c-b436-79645bbdb4bb,24fe1dcd-b247-56c8-a028-f2fb8e53078d,c0533b37-8d16-5c9a-b16c-8cdbac66ee7e,,1,2025-12-14 10:00:00+01:00,2025-12-14 10:22:00+01:00,22,home,Cologne,,DE,supermarket,Cologne,,DE,car_sharing,pay-as-you-go,,,6.2,5.9,5.9,0.93,False,True,False,False,,0
0c7509e2-e170-5924-a2c7-1c42c036282a,510cc230-3edb-5f7a-9702-010f1258b950,c0533b37-8d16-5c9a-b16c-8cdbac66ee7e,a8a23376-4344-5566-aeff-b7ff1bde0a86,1,2025-12-14 10:00:00+01:00,2025-12-14 10:10:00+01:00,10,home,Cologne,,DE,gym,Cologne,,DE,e_scooter,subscription,,,1.8,2.2,3.5,0.036,False,True,False,False,,0
7286ea6f-5afd-5b1a-9540-c3ab60eba644,5af198f7-7124-5331-8782-d6b1ec925830,c0533b37-8d16-5c9a-b16c-8cdbac66ee7e,1a84f72e-f10f-51c0-a85e-12239e154748,1,2025-12-15 08:12:00+01:00,2025-12-15 08:29:00+01:00,17,home,Cologne,,DE,office,Cologne,,DE,public_transport,subscription,,,7.69,0.0,2.9,0.308,False,True,False,False,,0
3283ded8-8bbb-582a-975f-ae8bfa52396e,071dedb6-679f-5039-8ef5-e89ead9b1af7,c0533b37-8d16-5c9a-b16c-8cdbac66ee7e,1a84f72e-f10f-51c0-a85e-12239e154748,1,2025-12-15 17:35:00+01:00,2025-12-15 17:52:00+01:00,17,office,Cologne,,DE,home,Cologne,,DE,public_transport,subscription,,,7.69,0.0,2.9,0.308,False,True,False,False,,0
519c6a07-6549-5222-833d-d341c9cd2d4e,b6e00744-b7f8-5cda-97fc-584981af7c6f,c0533b37-8d16-5c9a-b16c-8cdbac66ee7e,1a84f72e-f10f-51c0-a85e-12239e154748,1,2025-12-16 08:15:00+01:00,2025-12-16 08:28:00+01:00,13,home,Cologne,,DE,office,Cologne,,DE,public_transport,subscription,,,6.07,0.0,2.9,0.243,False,True,False,False,,0
f98319f4-e8ac-57e8-b348-771f3ae84cde,08531626-1393-56b0-8cee-bd483de27d76,c0533b37-8d16-5c9a-b16c-8cdbac66ee7e,1a84f72e-f10f-51c0-a85e-12239e154748,1,2025-12-16 17:26:00+01:00,2025-12-16 17:39:00+01:00,13,office,Cologne,,DE,home,Cologne,,DE,public_transport,subscription,,,6.07,0.0,2.9,0.243,False,True,False,False,,0
a98e0a01-68a3-57f4-9fdd-fef06e82c427,806fabf5-7154-5b32-b69b-e76304ca434b,c0533b37-8d16-5c9a-b16c-8cdbac66ee7e,a8a23376-4344-5566-aeff-b7ff1bde0a86,1,2025-12-16 20:00:00+01:00,2025-12-16 20:11:00+01:00,11,home,Cologne,,DE,cafe,Cologne,,DE,e_scooter,subscription,,,1.98,2.42,3.75,0.04,False,True,False,False,,0
0827b588-336d-5c7a-a8a2-e0cd9de84a62,a320f829-970e-5684-8d0b-cd7657d52dfe,c0533b37-8d16-5c9a-b16c-8cdbac66ee7e,1a84f72e-f10f-51c0-a85e-12239e154748,1,2025-12-17 08:06:00+01:00,2025-12-17 08:21:00+01:00,15,home,Cologne,,DE,office,Cologne,,DE,public_transport,subscription,,,6.56,0.0,2.9,0.262,False,True,False,False,,0
a613edc7-70cb-5174-97a7-bca0608f78da,1662a89a-d740-5ff4-b416-3a1270a6d938,c0533b37-8d16-5c9a-b16c-8cdbac66ee7e,1a84f72e-f10f-51c0-a85e-12239e154748,1,2025-12-17 17:35:00+01:00,2025-12-17 17:50:00+01:00,15,office,Cologne,,DE,home,Cologne,,DE,public_transport,subscription,,,6.56,0.0,2.9,0.262,False,True,False,False,,0
4978d811-f2c7-5a4c-819d-453c91fa7742,474c4fa5-3e37-5cb9-a533-d301c987d572,c0533b37-8d16-5c9a-b16c-8cdbac66ee7e,,1,2025-12-17 13:00:00+01:00,2025-12-17 13:14:00+01:00,14,home,Cologne,,DE,client office,Cologne,,DE,car_sharing,pay-as-you-go,,,4.01,4.17,4.17,0.601,False,True,False,False,,0
f365d0b4-972a-514d-af2c-ddd02336b7fe,7b27099e-f9e6-5c38-a160-832203dcdd97,c0533b37-8d16-5c9a-b16c-8cdbac66ee7e,a8a23376-4344-5566-aeff-b7ff1bde0a86,1,2025-12-17 11:00:00+01:00,2025-12-17 11:13:00+01:00,13,home,Cologne,,DE,cafe,Cologne,,DE,e_scooter,subscription,,,2.34,2.86,4.25,0.047,False,True,False,False,,0
db152579-a6be-5dd4-afa3-0b7bc7b1eb03,93a1dd8f-0e8b-5865-baee-79a17f5d702f,c0533b37-8d16-5c9a-b16c-8cdbac66ee7e,1a84f72e-f10f-51c0-a85e-12239e154748,1,2025-12-18 08:05:00+01:00,2025-12-18 08:22:00+01:00,17,home,Cologne,,DE,office,Cologne,,DE,public_transport,subscription,,,7.51,0.0,2.9,0.3,False,True,False,False,,0
218b5d84-e3df-52e9-a7c0-71560f7905bf,ea6ec664-c49e-59f9-933f-9ad6dadf093b,c0533b37-8d16-5c9a-b16c-8cdbac66ee7e,1a84f72e-f10f-51c0-a85e-12239e154748,1,2025-12-18 17:23:00+01:00,2025-12-18 17:40:00+01:00,17,office,Cologne,,DE,home,Cologne,,DE,public_transport,subscription,,,7.51,0.0,2.9,0.3,False,True,False,False,,0
0747e64b-943c-5772-90d7-54ce4d4993b6,89d46734-49c3-5673-93c6-6e3dbdf94fd9,c0533b37-8d16-5c9a-b16c-8cdbac66ee7e,,1,2025-12-18 15:00:00+01:00,2025-12-18 15:22:00+01:00,22,home,Cologne,,DE,print shop,Cologne,,DE,car_sharing,pay-as-you-go,,,5.81,5.59,5.59,0.871,False,True,False,False,,0
ea66ec96-196c-50f9-9162-5b30d82cf2da,bedbcd7a-1e49-506f-afb7-232b9ccbb79a,c0533b37-8d16-5c9a-b16c-8cdbac66ee7e,1a84f72e-f10f-51c0-a85e-12239e154748,1,2025-12-19 08:06:00+01:00,2025-12-19 08:24:00+01:00,18,home,Cologne,,DE,office,Cologne,,DE,public_transport,subscription,,,7.92,0.0,2.9,0.317,False,True,False,False,,0
e7a6e953-0ccf-5b9d-94ae-8fd6d98192bd,445109e8-63ee-551e-b2dd-644a4e493542,c0533b37-8d16-5c9a-b16c-8cdbac66ee7e,1a84f72e-f10f-51c0-a85e-12239e154748,1,2025-12-19 17:18:00+01:00,2025-12-19 17:36:00+01:00,18,office,Cologne,,DE,home,Cologne,,DE,public_transport,subscription,,,7.92,0.0,2.9,0.317,False,True,False,False,,0
378b3283-42ad-5bc5-bc24-bdfab71ac319,cb99671b-ca9b-5570-a225-8d00d772eff3,c0533b37-8d16-5c9a-b16c-8cdbac66ee7e,1a84f72e-f10f-51c0-a85e-12239e154748,1,2025-12-22 08:07:00+01:00,2025-12-22 08:24:00+01:00,17,home,Cologne,,DE,office,Cologne,,DE,public_transport,subscription,,,7.65,0.0,2.9,0.306,False,True,False,False,,0
1d3bb571-bbea-5a1c-b157-18aade4b50ff,51b0b4a9-b509-5756-9f0b-2a78f17ed040,c0533b37-8d16-5c9a-b16c-8cdbac66ee7e,1a84f72e-f10f-51c0-a85e-12239e154748,1,2025-12-22 17:35:00+01:00,2025-12-22 17:52:00+01:00,17,office,Cologne,,DE,home,Cologne,,DE,public_transport,subscription,,,7.65,0.0,2.9,0.306,False,True,False,False,,0
10f72f44-16d7-5999-8c48-df04f6805a15,ac3e2fd2-a8db-5366-b96f-8c3c2c275734,c0533b37-8d16-5c9a-b16c-8cdbac66ee7e,a8a23376-4344-5566-aeff-b7ff1bde0a86,1,2025-12-23 21:00:00+01:00,2025-12-23 21:13:00+01:00,13,home,Cologne,,DE,gym,Cologne,,DE,e_scooter,subscription,,,2.34,2.86,4.25,0.047,False,True,False,False,,0
b0d908a8-562f-5abf-9311-bd45e37b9fa6,d1bab054-9c31-591c-afe7-794fa857acca,c0533b37-8d16-5c9a-b16c-8cdbac66ee7e,,1,2025-12-24 15:00:00+01:00,2025-12-24 15:19:00+01:00,19,home,Cologne,,DE,print shop,Cologne,,DE,car_sharing,pay-as-you-go,,,6.2,5.9,5.9,0.93,False,True,False,False,,0
79384f23-4ebd-52d3-8f42-e5e43a8798c9,2e33ffc8-c9ce-5b6e-9d6c-ff2a7da5abc2,c0533b37-8d16-5c9a-b16c-8cdbac66ee7e,,1,2025-12-25 14:00:00+01:00,2025-12-25 14:22:00+01:00,22,home,Cologne,,DE,supermarket,Cologne,,DE,car_sharing,pay-as-you-go,,,6.68,6.28,6.28,1.002,False,True,False,False,,0
b54f5cf0-d08b-5d8e-bc9d-abe42b592452,e1beb995-8bfd-5dae-a1f5-e249877a0c5b,c0533b37-8d16-5c9a-b16c-8cdbac66ee7e,,1,2025-12-27 15:00:00+01:00,2025-12-27 15:22:00+01:00,22,home,Cologne,,DE,hardware store,Cologne,,DE,car_sharing,pay-as-you-go,,,5.42,5.28,5.28,0.813,False,True,False,False,,0
bfa4f64d-0ed5-5b9e-9ce4-50070738a521,61212ecf-9281-5cae-9bd6-36ce7759fdd8,c0533b37-8d16-5c9a-b16c-8cdbac66ee7e,,1,2025-12-29 12:00:00+01:00,2025-12-29 12:22:00+01:00,22,home,Cologne,,DE,supermarket,Cologne,,DE,car_sharing,pay-as-you-go,,,6.02,5.76,5.76,0.903,False,True,False,False,,0
e8179e67-45ec-5c8b-84af-69ff65739706,54afe2c1-3ec5-5adc-aa7b-e6249d97cbb7,c0533b37-8d16-5c9a-b16c-8cdbac66ee7e,,1,2025-12-31 11:00:00+01:00,2025-12-31 11:20:00+01:00,20,home,Cologne,,DE,print shop,Cologne,,DE,car_sharing,pay-as-you-go,,,5.88,5.65,5.65,0.882,False,True,False,False,,0
711b3092-3179-532c-8fbc-976d72c37c8b,65b79f30-40b6-5573-8ace-2e736d8567d1,c0533b37-8d16-5c9a-b16c-8cdbac66ee7e,1a84f72e-f10f-51c0-a85e-12239e154748,1,2026-01-01 08:08:00+01:00,2026-01-01 08:23:00+01:00,15,home,Cologne,,DE,office,Cologne,,DE,public_transport,subscription,,,6.77,0.0,2.9,0.271,False,True,False,False,,0
a6738a30-e59d-52cd-8c0a-78feadd9a0bd,1b0dce0a-2c1e-5a12-b72b-01ad4884f697,c0533b37-8d16-5c9a-b16c-8cdbac66ee7e,1a84f72e-f10f-51c0-a85e-12239e154748,1,2026-01-01 17:17:00+01:00,2026-01-01 17:32:00+01:00,15,office,Cologne,,DE,home,Cologne,,DE,public_transport,subscription,,,6.77,0.0,2.9,0.271,False,True,False,False,,0
556580b2-f59d-58e3-9992-a4cc511e70b3,eb32020f-f1a4-5ec7-abb7-61591018ec4a,c0533b37-8d16-5c9a-b16c-8cdbac66ee7e,,1,2026-01-04 15:00:00+01:00,2026-01-04 15:23:00+01:00,23,home,Cologne,,DE,Rhine promenade,Cologne,,DE,bike_sharing,pay-as-you-go,,,4.6,3.76,3.76,0.023,False,True,False,False,,0
a5ac5702-fedd-5ba8-b6d5-eb72bac4c1b1,2fa716a6-3674-584e-aa16-4c2a5261a27c,c0533b37-8d16-5c9a-b16c-8cdbac66ee7e,1a84f72e-f10f-51c0-a85e-12239e154748,1,2026-01-06 08:19:00+01:00,2026-01-06 08:34:00+01:00,15,home,Cologne,,DE,office,Cologne,,DE,public_transport,subscription,,,6.7,0.0,2.9,0.268,False,True,False,False,,0
2a4d17f9-764c-5fd2-bc23-3f86ddc76e2a,8700c113-4460-50fd-b4d3-37e020d96531,c0533b37-8d16-5c9a-b16c-8cdbac66ee7e,1a84f72e-f10f-51c0-a85e-12239e154748,1,2026-01-06 17:43:00+01:00,2026-01-06 17:58:00+01:00,15,office,Cologne,,DE,home,Cologne,,DE,public_transport,subscription,,,6.7,0.0,2.9,0.268,False,True,False,False,,0
7e2b850b-1ab2-5449-908a-e83445094df2,0edd4122-2de4-52e0-be0e-67e50d4a2391,c0533b37-8d16-5c9a-b16c-8cdbac66ee7e,,1,2026-01-06 16:00:00+01:00,2026-01-06 16:21:00+01:00,21,home,Cologne,,DE,client office,Cologne,,DE,car_sharing,pay-as-you-go,,,6.0,5.74,5.74,0.9,False,True,False,False,,0
b5b0a8c2-3220-54b1-a5bc-b7997a076e9a,52d8f091-98e8-5f2c-9bcd-15c4e3b23212,c0533b37-8d16-5c9a-b16c-8cdbac66ee7e,1a84f72e-f10f-51c0-a85e-12239e154748,1,2026-01-07 08:12:00+01:00,2026-01-07 08:28:00+01:00,16,home,Cologne,,DE,office,Cologne,,DE,public_transport,subscription,,,7.26,0.0,2.9,0.29,False,True,False,False,,0
aa6fafbf-cfd0-5b2c-99b0-7cd6abf03b52,6da64103-1235-5b6b-8659-e7c9886e3f23,c0533b37-8d16-5c9a-b16c-8cdbac66ee7e,1a84f72e-f10f-51c0-a85e-12239e154748,1,2026-01-07 17:35:00+01:00,2026-01-07 17:51:00+01:00,16,office,Cologne,,DE,home,Cologne,,DE,public_transport,subscription,,,7.26,0.0,2.9,0.29,False,True,False,False,,0
920336c8-a389-5de2-aaab-c8fb234df530,63065daf-e4a2-5ea7-9c12-3865fbec1aef,c0533b37-8d16-5c9a-b16c-8cdbac66ee7e,,1,2026-01-07 12:00:00+01:00,2026-01-07 12:15:00+01:00,15,home,Cologne,,DE,client office,Cologne,,DE,car_sharing,pay-as-you-go,,,4.57,4.61,4.61,0.685,False,True,False,False,,0
8e858ed7-2ee2-5144-a538-6ab784c782da,bff13fc3-516d-5421-9d75-c47049708020,c0533b37-8d16-5c9a-b16c-8cdbac66ee7e,1a84f72e-f10f-51c0-a85e-12239e154748,1,2026-01-09 08:04:00+01:00,2026-01-09 08:21:00+01:00,17,home,Cologne,,DE,office,Cologne,,DE,public_transport,subscription,,,7.74,0.0,2.9,0.31,False,True,False,False,,0
87ed2e7d-a2c1-5071-b85f-2e6d8dfbd6dc,d625c10d-c9e2-5eef-b19c-cd89f1a22143,c0533b37-8d16-5c9a-b16c-8cdbac66ee7e,1a84f72e-f10f-51c0-a85e-12239e154748,1,2026-01-09 17:32:00+01:00,2026-01-09 17:49:00+01:00,17,office,Cologne,,DE,home,Cologne,,DE,public_transport,subscription,,,7.74,0.0,2.9,0.31,False,True,False,False,,0
83d4d389-95df-59af-ba45-be3cf92d6ad2,5954e2cc-34ea-5052-ab98-811d23a198c5,c0533b37-8d16-5c9a-b16c-8cdbac66ee7e,,1,2026-01-09 13:00:00+01:00,2026-01-09 13:17:00+01:00,17,home,Cologne,,DE,print shop,Cologne,,DE,car_sharing,pay-as-you-go,,,5.02,4.97,4.97,0.753,False,True,False,False,,0
984b1f3b-13ea-5fa8-a3da-7408f62014e1,fb73560b-303b-553f-8ae0-6a32416ac797,c0533b37-8d16-5c9a-b16c-8cdbac66ee7e,,1,2026-01-10 15:00:00+01:00,2026-01-10 15:16:00+01:00,16,home,Cologne,,DE,Rhine promenade,Cologne,,DE,bike_sharing,pay-as-you-go,,,3.2,2.92,2.92,0.016,False,True,False,False,,0
4e1ad757-bbe9-57ac-ac44-48298bc23f60,adb2ef92-acd8-5e39-886e-8609a8824a43,c0533b37-8d16-5c9a-b16c-8cdbac66ee7e,a8a23376-4344-5566-aeff-b7ff1bde0a86,1,2026-01-10 15:00:00+01:00,2026-01-10 15:08:00+01:00,8,home,Cologne,,DE,cafe,Cologne,,DE,e_scooter,subscription,,,1.44,1.76,3.0,0.029,False,True,False,False,,0
d3a05315-5d82-5de0-a486-cc7e25e3cfa9,10e9993a-7cce-5e78-9047-567de10b84f7,c0533b37-8d16-5c9a-b16c-8cdbac66ee7e,1a84f72e-f10f-51c0-a85e-12239e154748,1,2026-01-12 08:17:00+01:00,2026-01-12 08:34:00+01:00,17,home,Cologne,,DE,office,Cologne,,DE,public_transport,subscription,,,7.85,0.0,2.9,0.314,False,True,False,False,,0
ab59aac8-e3ec-5a86-ac8a-79a6c35b1c6d,29dc38b5-b86b-56ca-91c2-4db61491acc1,c0533b37-8d16-5c9a-b16c-8cdbac66ee7e,1a84f72e-f10f-51c0-a85e-12239e154748,1,2026-01-12 17:35:00+01:00,2026-01-12 17:52:00+01:00,17,office,Cologne,,DE,home,Cologne,,DE,public_transport,subscription,,,7.85,0.0,2.9,0.314,False,True,False,False,,0
b2c30fa0-cb47-5b0e-be90-e31c90254aa3,ca3fec8f-457f-5b69-a343-289008670ee3,c0533b37-8d16-5c9a-b16c-8cdbac66ee7e,,1,2026-01-13 16:00:00+01:00,2026-01-13 16:19:00+01:00,19,home,Cologne,,DE,client office,Cologne,,DE,car_sharing,pay-as-you-go,,,6.47,6.11,6.11,0.97,False,True,False,False,,0
c35d723c-c5c4-56a9-9ebc-313e0405e460,0ac2b997-0539-5a66-ba5e-4527e47efb9d,c0533b37-8d16-5c9a-b16c-8cdbac66ee7e,,1,2026-01-14 14:00:00+01:00,2026-01-14 14:21:00+01:00,21,home,Cologne,,DE,supermarket,Cologne,,DE,car_sharing,pay-as-you-go,,,6.24,5.93,5.93,0.936,False,True,False,False,,0
e5fe039a-770c-5cf9-804d-70d03cf3aa43,64a5a6fd-c01f-5741-9463-80f684dd81f0,c0533b37-8d16-5c9a-b16c-8cdbac66ee7e,1a84f72e-f10f-51c0-a85e-12239e154748,1,2026-01-15 08:03:00+01:00,2026-01-15 08:20:00+01:00,17,home,Cologne,,DE,office,Cologne,,DE,public_transport,subscription,,,7.58,0.0,2.9,0.303,False,True,False,False,,0
538ac6f3-4e5d-5228-8d54-cf06ff7cf744,7443ef92-73ff-5f97-aa98-8d0818b74149,c0533b37-8d16-5c9a-b16c-8cdbac66ee7e,1a84f72e-f10f-51c0-a85e-12239e154748,1,2026-01-15 17:36:00+01:00,2026-01-15 17:53:00+01:00,17,office,Cologne,,DE,home,Cologne,,DE,public_transport,subscription,,,7.58,0.0,2.9,0.303,False,True,False,False,,0
ccecc449-9226-59fd-be94-9cf280bc7736,20ef19b7-36d6-5c88-9143-32bdba0a7ea4,c0533b37-8d16-5c9a-b16c-8cdbac66ee7e,,1,2026-01-15 13:00:00+01:00,2026-01-15 13:19:00+01:00,19,home,Cologne,,DE,client office,Cologne,,DE,car_sharing,pay-as-you-go,,,4.4,4.48,4.48,0.66,False,True,False,False,,0
9f67b139-e46d-596f-8d0b-8b008e0a5786,9664f3a8-f911-59ca-9574-73722f04f3ed,c0533b37-8d16-5c9a-b16c-8cdbac66ee7e,,1,2026-01-17 12:00:00+01:00,2026-01-17 12:16:00+01:00,16,home,Cologne,,DE,supermarket,Cologne,,DE,car_sharing,pay-as-you-go,,,4.73,4.74,4.74,0.71,False,True,False,False,,0
b9bd7075-a0f3-506f-8e62-5e1fbac2a04a,f0e6d2c9-d5b6-5b71-9afa-1d548e42c9f1,c0533b37-8d16-5c9a-b16c-8cdbac66ee7e,1a84f72e-f10f-51c0-a85e-12239e154748,1,2026-01-19 08:20:00+01:00,2026-01-19 08:35:00+01:00,15,home,Cologne,,DE,office,Cologne,,DE,public_transport,subscription,,,6.8,0.0,2.9,0.272,False,True,False,False,,0
a48d7eb6-d86f-54ef-957a-1612028594e1,c1e48b97-8682-5dd4-bc62-da5cc04507be,c0533b37-8d16-5c9a-b16c-8cdbac66ee7e,1a84f72e-f10f-51c0-a85e-12239e154748,1,2026-01-19 17:26:00+01:00,2026-01-19 17:41:00+01:00,15,office,Cologne,,DE,home,Cologne,,DE,public_transport,subscription,,,6.8,0.0,2.9,0.272,False,True,False,False,,0
544dac27-af31-5422-b6ed-86c86a6fec37,40e84687-1acd-5d5a-b0b6-34cecafa933f,c0533b37-8d16-5c9a-b16c-8cdbac66ee7e,1a84f72e-f10f-51c0-a85e-12239e154748,1,2026-01-20 08:04:00+01:00,2026-01-20 08:18:00+01:00,14,home,Cologne,,DE,office,Cologne,,DE,public_transport,subscription,,,6.21,0.0,2.9,0.248,False,True,False,False,,0
c1b84c34-15ea-5e6b-b7b6-42be7add2d94,aca2bda5-7a90-57de-93f8-c138ec9119d8,c0533b37-8d16-5c9a-b16c-8cdbac66ee7e,1a84f72e-f10f-51c0-a85e-12239e154748,1,2026-01-20 17:35:00+01:00,2026-01-20 17:49:00+01:00,14,office,Cologne,,DE,home,Cologne,,DE,public_transport,subscription,,,6.21,0.0,2.9,0.248,False,True,False,False,,0
c964fe56-2e13-5fa7-8b56-cb964dd99d83,1ddb5f0c-3a98-5115-b153-21ebc052fec4,c0533b37-8d16-5c9a-b16c-8cdbac66ee7e,,1,2026-01-20 15:00:00+01:00,2026-01-20 15:23:00+01:00,23,home,Cologne,,DE,supermarket,Cologne,,DE,car_sharing,pay-as-you-go,,,6.51,6.14,6.14,0.976,False,True,False,False,,0
a7d45d14-9542-5a27-abb4-38aa9a209785,94cfbe8d-9ab2-5328-a057-8444dbada411,c0533b37-8d16-5c9a-b16c-8cdbac66ee7e,1a84f72e-f10f-51c0-a85e-12239e154748,1,2026-01-21 08:08:00+01:00,2026-01-21 08:25:00+01:00,17,home,Cologne,,DE,office,Cologne,,DE,public_transport,subscription,,,7.7,0.0,2.9,0.308,False,True,False,False,,0
f26d8c09-a336-58b5-9df0-37dc0f64a646,a130ad5b-ecc7-5fbb-97bc-4e2a6c0f3279,c0533b37-8d16-5c9a-b16c-8cdbac66ee7e,1a84f72e-f10f-51c0-a85e-12239e154748,1,2026-01-21 17:27:00+01:00,2026-01-21 17:44:00+01:00,17,office,Cologne,,DE,home,Cologne,,DE,public_transport,subscription,,,7.7,0.0,2.9,0.308,False,True,False,False,,0
6ddbb078-1c50-5349-81c6-cfc4146e9035,7bbc78b3-19cd-55ec-a83d-529dcf7eb20b,c0533b37-8d16-5c9a-b16c-8cdbac66ee7e,a8a23376-4344-5566-aeff-b7ff1bde0a86,1,2026-01-21 20:00:00+01:00,2026-01-21 20:07:00+01:00,7,home,Cologne,,DE,cafe,Cologne,,DE,e_scooter,subscription,,,1.26,1.54,2.75,0.025,False,True,False,False,,0
029d4491-59e8-5011-887d-2ff3eb016fb9,64c0f40d-df81-5456-b808-9928acdae387,c0533b37-8d16-5c9a-b16c-8cdbac66ee7e,1a84f72e-f10f-51c0-a85e-12239e154748,1,2026-01-22 08:17:00+01:00,2026-01-22 08:30:00+01:00,13,home,Cologne,,DE,office,Cologne,,DE,public_transport,subscription,,,6.01,0.0,2.9,0.24,False,True,False,False,,0
18e4ba6f-b0f9-54f0-959b-46bad4ba8e5d,ba5d355c-0888-5d27-995e-d219d70f2bf2,c0533b37-8d16-5c9a-b16c-8cdbac66ee7e,1a84f72e-f10f-51c0-a85e-12239e154748,1,2026-01-22 17:39:00+01:00,2026-01-22 17:52:00+01:00,13,office,Cologne,,DE,home,Cologne,,DE,public_transport,subscription,,,6.01,0.0,2.9,0.24,False,True,False,False,,0
7ae83ffe-33bd-5816-8824-38ca0790dfc2,ee9711b9-0783-5a54-abd1-08cb3cafec1c,c0533b37-8d16-5c9a-b16c-8cdbac66ee7e,,1,2026-01-22 15:00:00+01:00,2026-01-22 15:25:00+01:00,25,home,Cologne,,DE,supermarket,Cologne,,DE,car_sharing,pay-as-you-go,,,6.71,6.3,6.3,1.006,False,True,False,False,,0
e27f039f-1879-5fa8-aa9d-7cf2a568b90e,16b49a63-1b29-52ec-b8a9-0ae8ac75dae0,c0533b37-8d16-5c9a-b16c-8cdbac66ee7e,1a84f72e-f10f-51c0-a85e-12239e154748,1,2026-01-23 08:16:00+01:00,2026-01-23 08:31:00+01:00,15,home,Cologne,,DE,office,Cologne,,DE,public_transport,subscription,,,6.74,0.0,2.9,0.27,False,True,False,False,,0
945e011b-e7cb-5ea0-b5a3-8f8566e37003,894d7a3c-b34d-540b-bf46-143c8d144184,c0533b37-8d16-5c9a-b16c-8cdbac66ee7e,1a84f72e-f10f-51c0-a85e-12239e154748,1,2026-01-23 17:31:00+01:00,2026-01-23 17:46:00+01:00,15,office,Cologne,,DE,home,Cologne,,DE,public_transport,subscription,,,6.74,0.0,2.9,0.27,False,True,False,False,,0
c4da39b5-d04c-5659-a0ab-536a313f371c,3cca4980-7e5a-5f6a-837f-7989e1e479eb,c0533b37-8d16-5c9a-b16c-8cdbac66ee7e,,1,2026-01-23 16:00:00+01:00,2026-01-23 16:22:00+01:00,22,home,Cologne,,DE,print shop,Cologne,,DE,car_sharing,pay-as-you-go,,,7.41,6.85,6.85,1.111,False,True,False,False,,0
df9de2cb-82d4-5966-9c51-586ce52eae07,f6abe293-27c8-524e-9599-9cc638d034b0,c0533b37-8d16-5c9a-b16c-8cdbac66ee7e,a8a23376-4344-5566-aeff-b7ff1bde0a86,1,2026-01-23 15:00:00+01:00,2026-01-23 15:11:00+01:00,11,home,Cologne,,DE,friend's place,Cologne,,DE,e_scooter,subscription,,,1.98,2.42,3.75,0.04,False,True,False,False,,0
21b82488-a611-50a7-b130-22720bf51997,68d903fa-5924-5ed7-a025-776d863db768,c0533b37-8d16-5c9a-b16c-8cdbac66ee7e,,1,2026-01-24 13:00:00+01:00,2026-01-24 13:26:00+01:00,26,home,Cologne,,DE,Rhine promenade,Cologne,,DE,bike_sharing,pay-as-you-go,,,5.2,4.12,4.12,0.026,False,True,False,False,,0
4b8f661c-e20e-5ddf-bd78-cd4d1b9717df,22f0aa91-08a4-59fa-9837-a850517c569a,c0533b37-8d16-5c9a-b16c-8cdbac66ee7e,a8a23376-4344-5566-aeff-b7ff1bde0a86,1,2026-01-24 17:00:00+01:00,2026-01-24 17:08:00+01:00,8,home,Cologne,,DE,gym,Cologne,,DE,e_scooter,subscription,,,1.44,1.76,3.0,0.029,False,True,False,False,,0
048b4203-40f8-5984-bbf6-e932ff5260e0,d383bda7-6e91-53a0-b39b-e12a88341b17,c0533b37-8d16-5c9a-b16c-8cdbac66ee7e,,1,2026-01-25 11:00:00+01:00,2026-01-25 11:33:00+01:00,33,home,Cologne,,DE,Rhine promenade,Cologne,,DE,bike_sharing,pay-as-you-go,,,6.6,4.96,4.96,0.033,False,True,False,False,,0
aa8388a3-57e3-5a95-b1e6-b0a81fc34381,0e436b61-3189-56bf-8bab-25c5eca11e20,c0533b37-8d16-5c9a-b16c-8cdbac66ee7e,a8a23376-4344-5566-aeff-b7ff1bde0a86,1,2026-01-25 15:00:00+01:00,2026-01-25 15:08:00+01:00,8,home,Cologne,,DE,friend's place,Cologne,,DE,e_scooter,subscription,,,1.44,1.76,3.0,0.029,False,True,False,False,,0
c5187cb4-8761-54a5-aada-0dcd51e6d446,51b839d3-4978-5817-b9c0-a4b26b3fef99,c0533b37-8d16-5c9a-b16c-8cdbac66ee7e,1a84f72e-f10f-51c0-a85e-12239e154748,1,2026-01-26 08:06:00+01:00,2026-01-26 08:24:00+01:00,18,home,Cologne,,DE,office,Cologne,,DE,public_transport,subscription,,,7.97,0.0,2.9,0.319,False,True,False,False,,0
6bd80352-b069-5aa6-b3bc-cfce9d6c2370,f38b22d6-d9e4-543b-aa05-5ed3c360d580,c0533b37-8d16-5c9a-b16c-8cdbac66ee7e,1a84f72e-f10f-51c0-a85e-12239e154748,1,2026-01-26 17:36:00+01:00,2026-01-26 17:54:00+01:00,18,office,Cologne,,DE,home,Cologne,,DE,public_transport,subscription,,,7.97,0.0,2.9,0.319,False,True,False,False,,0
20f7dabb-10b4-5541-a0e5-9d40ad2c4598,c15fd421-ad38-5609-a8f5-f133df8bac07,c0533b37-8d16-5c9a-b16c-8cdbac66ee7e,,1,2026-01-26 17:00:00+01:00,2026-01-26 17:26:00+01:00,26,home,Cologne,,DE,supermarket,Cologne,,DE,car_sharing,pay-as-you-go,,,7.74,7.11,7.11,1.161,False,True,False,False,,0
42c739e7-7314-5553-b6a2-4d578a87bcc5,578f71f1-4687-520f-9c72-275077ec6637,c0533b37-8d16-5c9a-b16c-8cdbac66ee7e,1a84f72e-f10f-51c0-a85e-12239e154748,1,2026-01-28 08:09:00+01:00,2026-01-28 08:22:00+01:00,13,home,Cologne,,DE,office,Cologne,,DE,public_transport,subscription,,,6.02,0.0,2.9,0.241,False,True,False,False,,0
938b72ef-5fe6-5dfa-bc52-c330b901d84a,85e74adc-45ff-560b-b119-e9f6597845e6,c0533b37-8d16-5c9a-b16c-8cdbac66ee7e,1a84f72e-f10f-51c0-a85e-12239e154748,1,2026-01-28 17:27:00+01:00,2026-01-28 17:40:00+01:00,13,office,Cologne,,DE,home,Cologne,,DE,public_transport,subscription,,,6.02,0.0,2.9,0.241,False,True,False,False,,0
bef146f5-e5a2-5f5e-90c0-8a0441f9a5f0,46af7d0e-68f0-54bb-87e8-f6efec96d354,c0533b37-8d16-5c9a-b16c-8cdbac66ee7e,,1,2026-01-28 11:00:00+01:00,2026-01-28 11:26:00+01:00,26,home,Cologne,,DE,supermarket,Cologne,,DE,car_sharing,pay-as-you-go,,,7.99,7.31,7.31,1.198,False,True,False,False,,0
755beb95-fbb6-5312-8fa0-fb582d6fbb1b,44283f72-3084-5477-99f8-0a333d20c937,c0533b37-8d16-5c9a-b16c-8cdbac66ee7e,1a84f72e-f10f-51c0-a85e-12239e154748,1,2026-01-29 08:10:00+01:00,2026-01-29 08:27:00+01:00,17,home,Cologne,,DE,office,Cologne,,DE,public_transport,subscription,,,7.52,0.0,2.9,0.301,False,True,False,False,,0
bfe803dd-e0bd-5ec9-a758-eef98f194994,2d807244-06c4-5bfc-acef-9b91149e3410,c0533b37-8d16-5c9a-b16c-8cdbac66ee7e,1a84f72e-f10f-51c0-a85e-12239e154748,1,2026-01-29 17:18:00+01:00,2026-01-29 17:35:00+01:00,17,office,Cologne,,DE,home,Cologne,,DE,public_transport,subscription,,,7.52,0.0,2.9,0.301,False,True,False,False,,0
b59063a3-b616-5f0e-9026-a1d9b54039bd,fc2a7580-e8cb-59c8-a3e0-c68e590e094a,c0533b37-8d16-5c9a-b16c-8cdbac66ee7e,a8a23376-4344-5566-aeff-b7ff1bde0a86,1,2026-01-29 15:00:00+01:00,2026-01-29 15:14:00+01:00,14,home,Cologne,,DE,friend's place,Cologne,,DE,e_scooter,subscription,,,2.52,3.08,4.5,0.05,False,True,False,False,,0
e4fdc0fe-3f82-5ee1-9c98-2a0a4fc28630,9b925cca-fe6a-5980-94b1-1cd6e5af9f70,c0533b37-8d16-5c9a-b16c-8cdbac66ee7e,1a84f72e-f10f-51c0-a85e-12239e154748,1,2026-01-30 08:14:00+01:00,2026-01-30 08:30:00+01:00,16,home,Cologne,,DE,office,Cologne,,DE,public_transport,subscription,,,7.38,0.0,2.9,0.295,False,True,False,False,,0
51a63cd5-a155-577a-8a7d-38c625fe20e6,cb41fb6e-ea75-5015-82f9-7227fc699803,c0533b37-8d16-5c9a-b16c-8cdbac66ee7e,1a84f72e-f10f-51c0-a85e-12239e154748,1,2026-01-30 17:41:00+01:00,2026-01-30 17:57:00+01:00,16,office,Cologne,,DE,home,Cologne,,DE,public_transport,subscription,,,7.38,0.0,2.9,0.295,False,True,False,False,,0
5757e025-c955-5367-a3ba-894559f961f5,64aebaba-13e9-56fa-ad6d-795088bbc7ca,c0533b37-8d16-5c9a-b16c-8cdbac66ee7e,,1,2026-01-30 16:00:00+01:00,2026-01-30 16:24:00+01:00,24,home,Cologne,,DE,supermarket,Cologne,,DE,car_sharing,pay-as-you-go,,,7.68,7.07,7.07,1.152,False,True,False,False,,0
3c5766b2-8e07-5621-b55f-f3c7267fad86,bd398d02-e5df-5c0f-9f49-ba818986cf95,c0533b37-8d16-5c9a-b16c-8cdbac66ee7e,,1,2026-01-31 15:00:00+01:00,2026-01-31 15:14:00+01:00,14,home,Cologne,,DE,hardware store,Cologne,,DE,car_sharing,pay-as-you-go,,,4.07,4.22,4.22,0.611,False,True,False,False,,0
5c005422-a946-5047-a77b-ba770d6151e6,7af68915-655c-5c15-8148-b4d60d904861,c0533b37-8d16-5c9a-b16c-8cdbac66ee7e,,1,2026-01-31 14:00:00+01:00,2026-01-31 14:29:00+01:00,29,home,Cologne,,DE,Rhine promenade,Cologne,,DE,bike_sharing,pay-as-you-go,,,5.8,4.48,4.48,0.029,False,True,False,False,,0
3cfd42b2-617e-5f54-bf48-5b7379a984ca,57065d79-274a-572c-9ad3-50f7812520a7,c0533b37-8d16-5c9a-b16c-8cdbac66ee7e,1a84f72e-f10f-51c0-a85e-12239e154748,1,2026-02-02 08:19:00+01:00,2026-02-02 08:37:00+01:00,18,home,Cologne,,DE,office,Cologne,,DE,public_transport,subscription,,,7.96,0.0,2.9,0.318,False,True,False,False,,0
c57cc24b-056b-5743-8e84-bbf16bf3017b,6772995b-fe0e-5c11-868d-b94a9ced2415,c0533b37-8d16-5c9a-b16c-8cdbac66ee7e,1a84f72e-f10f-51c0-a85e-12239e154748,1,2026-02-02 17:24:00+01:00,2026-02-02 17:42:00+01:00,18,office,Cologne,,DE,home,Cologne,,DE,public_transport,subscription,,,7.96,0.0,2.9,0.318,False,True,False,False,,0
d409b63b-97d6-5e55-a192-bb4e96ce9de4,7120d932-2ccb-54b7-b44b-5a5ffae4053c,c0533b37-8d16-5c9a-b16c-8cdbac66ee7e,,1,2026-02-02 13:00:00+01:00,2026-02-02 13:22:00+01:00,22,home,Cologne,,DE,supermarket,Cologne,,DE,car_sharing,pay-as-you-go,,,7.28,6.75,6.75,1.092,False,True,False,False,,0
3b4af69e-caa1-505a-92ec-d066fe50503e,2d7e0566-de3a-5460-a309-f5fb57f40452,c0533b37-8d16-5c9a-b16c-8cdbac66ee7e,1a84f72e-f10f-51c0-a85e-12239e154748,1,2026-02-03 08:01:00+01:00,2026-02-03 08:19:00+01:00,18,home,Cologne,,DE,office,Cologne,,DE,public_transport,subscription,,,7.96,0.0,2.9,0.318,False,True,False,False,,0
e5287d82-2760-5434-bfbb-08efbb500a67,f39fa416-6ff0-52ee-a9c7-401e7b5bdce1,c0533b37-8d16-5c9a-b16c-8cdbac66ee7e,1a84f72e-f10f-51c0-a85e-12239e154748,1,2026-02-03 17:17:00+01:00,2026-02-03 17:35:00+01:00,18,office,Cologne,,DE,home,Cologne,,DE,public_transport,subscription,,,7.96,0.0,2.9,0.318,False,True,False,False,,0
e872a149-838e-5dc7-89cf-cc22e58f8748,68906932-6523-5e5a-9712-55e6df818538,c0533b37-8d16-5c9a-b16c-8cdbac66ee7e,,1,2026-02-03 11:00:00+01:00,2026-02-03 11:22:00+01:00,22,home,Cologne,,DE,client office,Cologne,,DE,car_sharing,pay-as-you-go,,,7.46,6.89,6.89,1.119,False,True,False,False,,0
2e36b28b-e7d4-55ca-b2e5-422fab21b77f,a89d8f6a-b11f-5ae4-8540-81544bbc55b2,c0533b37-8d16-5c9a-b16c-8cdbac66ee7e,a8a23376-4344-5566-aeff-b7ff1bde0a86,1,2026-02-03 19:00:00+01:00,2026-02-03 19:13:00+01:00,13,home,Cologne,,DE,friend's place,Cologne,,DE,e_scooter,subscription,,,2.34,2.86,4.25,0.047,False,True,False,False,,0
ecf4c7d5-6de7-5c7f-afd4-f02533fccf6d,3563de58-5364-59df-a9c8-ca1fcaf1c823,c0533b37-8d16-5c9a-b16c-8cdbac66ee7e,1a84f72e-f10f-51c0-a85e-12239e154748,1,2026-02-04 08:19:00+01:00,2026-02-04 08:34:00+01:00,15,home,Cologne,,DE,office,Cologne,,DE,public_transport,subscription,,,6.55,0.0,2.9,0.262,False,True,False,False,,0
a277e918-bce5-5c65-a5b5-a5eee8fa69bb,0fd5bc18-c8cd-5e51-844d-8f0c4d0b96ab,c0533b37-8d16-5c9a-b16c-8cdbac66ee7e,1a84f72e-f10f-51c0-a85e-12239e154748,1,2026-02-04 17:28:00+01:00,2026-02-04 17:43:00+01:00,15,office,Cologne,,DE,home,Cologne,,DE,public_transport,subscription,,,6.55,0.0,2.9,0.262,False,True,False,False,,0
36cd0714-1833-5fa4-838a-dd5653aa7e37,af06e8d9-15de-5734-bdea-560a0c7a7723,c0533b37-8d16-5c9a-b16c-8cdbac66ee7e,a8a23376-4344-5566-aeff-b7ff1bde0a86,1,2026-02-04 21:00:00+01:00,2026-02-04 21:09:00+01:00,9,home,Cologne,,DE,cafe,Cologne,,DE,e_scooter,subscription,,,1.62,1.98,3.25,0.032,False,True,False,False,,0
9b0c8a57-c5b8-511c-9ec6-2d00b1c91208,59c84234-8122-5130-86e7-1623ee0056ac,c0533b37-8d16-5c9a-b16c-8cdbac66ee7e,1a84f72e-f10f-51c0-a85e-12239e154748,1,2026-02-05 08:03:00+01:00,2026-02-05 08:19:00+01:00,16,home,Cologne,,DE,office,Cologne,,DE,public_transport,subscription,,,7.13,0.0,2.9,0.285,False,True,False,False,,0
6b86e63f-8144-55cf-9688-efd4835035de,40e8a74b-e654-529f-b16a-32caf6af66cf,c0533b37-8d16-5c9a-b16c-8cdbac66ee7e,1a84f72e-f10f-51c0-a85e-12239e154748,1,2026-02-05 17:25:00+01:00,2026-02-05 17:41:00+01:00,16,office,Cologne,,DE,home,Cologne,,DE,public_transport,subscription,,,7.13,0.0,2.9,0.285,False,True,False,False,,0
43facda0-04b3-5eb6-aa60-0c3d48dfcd5a,bd352569-508f-53b4-94e9-9127f17b8005,c0533b37-8d16-5c9a-b16c-8cdbac66ee7e,1a84f72e-f10f-51c0-a85e-12239e154748,1,2026-02-06 08:20:00+01:00,2026-02-06 08:35:00+01:00,15,home,Cologne,,DE,office,Cologne,,DE,public_transport,subscription,,,6.57,0.0,2.9,0.263,False,True,False,False,,0
78f5bc2d-9794-59f6-811a-37cb2515615d,5f2b16c8-54ca-5d7d-af34-b450a8d0184f,c0533b37-8d16-5c9a-b16c-8cdbac66ee7e,1a84f72e-f10f-51c0-a85e-12239e154748,1,2026-02-06 17:36:00+01:00,2026-02-06 17:51:00+01:00,15,office,Cologne,,DE,home,Cologne,,DE,public_transport,subscription,,,6.57,0.0,2.9,0.263,False,True,False,False,,0
a9af85f0-c307-5be8-b14f-34b64a012606,ad8e3e7e-2503-5fcc-9d47-e2f32f0274fb,c0533b37-8d16-5c9a-b16c-8cdbac66ee7e,,1,2026-02-07 13:00:00+01:00,2026-02-07 13:25:00+01:00,25,home,Cologne,,DE,Rhine promenade,Cologne,,DE,bike_sharing,pay-as-you-go,,,5.0,4.0,4.0,0.025,False,True,False,False,,0
87fcd627-ba27-52be-af58-f9a94b50371e,8f15c8f5-1025-5693-9c6e-70de28a97128,c0533b37-8d16-5c9a-b16c-8cdbac66ee7e,1a84f72e-f10f-51c0-a85e-12239e154748,1,2026-02-09 08:03:00+01:00,2026-02-09 08:18:00+01:00,15,home,Cologne,,DE,office,Cologne,,DE,public_transport,subscription,,,6.84,0.0,2.9,0.274,False,True,False,False,,0
a07de5cb-30f9-5704-bf5d-f5b9e699f7bd,08324454-6c3c-5071-845d-1f103cc77eb7,c0533b37-8d16-5c9a-b16c-8cdbac66ee7e,1a84f72e-f10f-51c0-a85e-12239e154748,1,2026-02-09 17:41:00+01:00,2026-02-09 17:56:00+01:00,15,office,Cologne,,DE,home,Cologne,,DE,public_transport,subscription,,,6.84,0.0,2.9,0.274,False,True,False,False,,0
81c8fd9a-2f85-50e1-b513-36a07a17e583,93960039-1614-5cdc-8484-17b686a37a82,c0533b37-8d16-5c9a-b16c-8cdbac66ee7e,1a84f72e-f10f-51c0-a85e-12239e154748,1,2026-02-10 08:03:00+01:00,2026-02-10 08:18:00+01:00,15,home,Cologne,,DE,office,Cologne,,DE,public_transport,subscription,,,6.94,0.0,2.9,0.278,False,True,False,False,,0
9432a807-ae17-543f-93e1-6d43f936f947,0eaacd8b-fc18-57d6-8d12-5a066c0316fc,c0533b37-8d16-5c9a-b16c-8cdbac66ee7e,1a84f72e-f10f-51c0-a85e-12239e154748,1,2026-02-10 17:15:00+01:00,2026-02-10 17:30:00+01:00,15,office,Cologne,,DE,home,Cologne,,DE,public_transport,subscription,,,6.94,0.0,2.9,0.278,False,True,False,False,,0
2b27819b-e681-5100-8da6-9e2475111885,46104aa2-cb89-537a-9621-4e7cd19df5f1,c0533b37-8d16-5c9a-b16c-8cdbac66ee7e,,1,2026-02-11 15:00:00+01:00,2026-02-11 15:14:00+01:00,14,home,Cologne,,DE,client office,Cologne,,DE,car_sharing,pay-as-you-go,,,4.04,4.19,4.19,0.606,False,True,False,False,,0
904894ce-7d83-577e-94e7-54d710af1a2d,47960343-f567-5b40-8e27-29751511b55d,c0533b37-8d16-5c9a-b16c-8cdbac66ee7e,1a84f72e-f10f-51c0-a85e-12239e154748,1,2026-02-12 08:01:00+01:00,2026-02-12 08:18:00+01:00,17,home,Cologne,,DE,office,Cologne,,DE,public_transport,subscription,,,7.8,0.0,2.9,0.312,False,True,False,False,,0
5dda6139-c476-59e9-ad44-b5e960261927,27b0aa53-c191-5eb3-b4d0-f8505cea4802,c0533b37-8d16-5c9a-b16c-8cdbac66ee7e,1a84f72e-f10f-51c0-a85e-12239e154748,1,2026-02-12 17:44:00+01:00,2026-02-12 18:01:00+01:00,17,office,Cologne,,DE,home,Cologne,,DE,public_transport,subscription,,,7.8,0.0,2.9,0.312,False,True,False,False,,0
2e991278-262d-58af-afa5-4f8bf3d7d8a3,300f3eb7-451c-56af-81ba-be711ea61c6a,c0533b37-8d16-5c9a-b16c-8cdbac66ee7e,a8a23376-4344-5566-aeff-b7ff1bde0a86,1,2026-02-12 13:00:00+01:00,2026-02-12 13:08:00+01:00,8,home,Cologne,,DE,gym,Cologne,,DE,e_scooter,subscription,,,1.44,1.76,3.0,0.029,False,True,False,False,,0
786dce63-1da4-52d5-a941-ff04ebddbe24,c0ee99cb-e0dd-5cc5-8878-886ffb8c6820,c0533b37-8d16-5c9a-b16c-8cdbac66ee7e,1a84f72e-f10f-51c0-a85e-12239e154748,1,2026-02-13 08:16:00+01:00,2026-02-13 08:33:00+01:00,17,home,Cologne,,DE,office,Cologne,,DE,public_transport,subscription,,,7.52,0.0,2.9,0.301,False,True,False,False,,0
9f5c6bf1-d161-5907-bc7d-c759abfff454,cbd902c6-7342-5b47-8ccc-1867f21591df,c0533b37-8d16-5c9a-b16c-8cdbac66ee7e,1a84f72e-f10f-51c0-a85e-12239e154748,1,2026-02-13 17:19:00+01:00,2026-02-13 17:36:00+01:00,17,office,Cologne,,DE,home,Cologne,,DE,public_transport,subscription,,,7.52,0.0,2.9,0.301,False,True,False,False,,0
a66e77a5-adc6-5ffc-a73f-42584f5f4a8e,47607ea7-68f3-56c0-b2ac-e5ec1fdf0d94,c0533b37-8d16-5c9a-b16c-8cdbac66ee7e,,1,2026-02-14 13:00:00+01:00,2026-02-14 13:23:00+01:00,23,home,Cologne,,DE,hardware store,Cologne,,DE,car_sharing,pay-as-you-go,,,6.03,5.76,5.76,0.904,False,True,False,False,,0
ed3be543-d1f3-5732-b7e0-84101e54bd15,05c1bf33-fa52-5657-81a5-17d6bf10e29c,c0533b37-8d16-5c9a-b16c-8cdbac66ee7e,,1,2026-02-14 16:00:00+01:00,2026-02-14 16:26:00+01:00,26,home,Cologne,,DE,Rhine promenade,Cologne,,DE,bike_sharing,pay-as-you-go,,,5.2,4.12,4.12,0.026,False,True,False,False,,0
609dc6ac-318b-518c-8f11-61c169a94303,f42a316b-b72f-525a-8355-171b529393de,c0533b37-8d16-5c9a-b16c-8cdbac66ee7e,a8a23376-4344-5566-aeff-b7ff1bde0a86,1,2026-02-15 20:00:00+01:00,2026-02-15 20:15:00+01:00,15,home,Cologne,,DE,gym,Cologne,,DE,e_scooter,subscription,,,2.7,3.3,4.75,0.054,False,True,False,False,,0
6832b2ab-6860-5d57-995a-94aacfda966e,7bc7bdb1-b20a-5959-8770-8a902750f6ac,c0533b37-8d16-5c9a-b16c-8cdbac66ee7e,1a84f72e-f10f-51c0-a85e-12239e154748,1,2026-02-16 08:02:00+01:00,2026-02-16 08:16:00+01:00,14,home,Cologne,,DE,office,Cologne,,DE,public_transport,subscription,,,6.11,0.0,2.9,0.244,False,True,False,False,,0
31e22a83-cd6c-52d3-a149-9498089d2cd2,eb580e23-5da8-5707-8c62-c12742333f51,c0533b37-8d16-5c9a-b16c-8cdbac66ee7e,1a84f72e-f10f-51c0-a85e-12239e154748,1,2026-02-16 17:44:00+01:00,2026-02-16 17:58:00+01:00,14,office,Cologne,,DE,home,Cologne,,DE,public_transport,subscription,,,6.11,0.0,2.9,0.244,False,True,False,False,,0
8f091151-c8d4-57cd-b856-62b3459f02da,149b840b-f50a-517d-a99e-b5cf8b8c714b,c0533b37-8d16-5c9a-b16c-8cdbac66ee7e,,1,2026-02-16 15:00:00+01:00,2026-02-16 15:21:00+01:00,21,home,Cologne,,DE,print shop,Cologne,,DE,car_sharing,pay-as-you-go,,,6.7,6.29,6.29,1.005,False,True,False,False,,0
5bfcdfbe-6f03-55ce-8cc0-de68fcf40f55,4ab95315-3924-54a3-b8cb-d1d7acfc0844,c0533b37-8d16-5c9a-b16c-8cdbac66ee7e,a8a23376-4344-5566-aeff-b7ff1bde0a86,1,2026-02-16 17:00:00+01:00,2026-02-16 17:06:00+01:00,6,home,Cologne,,DE,friend's place,Cologne,,DE,e_scooter,subscription,,,1.08,1.32,2.5,0.022,False,True,False,False,,0
ee177fc9-dbb6-53cb-9354-380031fc3a98,06a59203-a049-55ac-9329-0b53ef7fa3d8,c0533b37-8d16-5c9a-b16c-8cdbac66ee7e,1a84f72e-f10f-51c0-a85e-12239e154748,1,2026-02-17 08:20:00+01:00,2026-02-17 08:37:00+01:00,17,home,Cologne,,DE,office,Cologne,,DE,public_transport,subscription,,,7.85,0.0,2.9,0.314,False,True,False,False,,0
555e81dc-ca31-58bb-ab75-bdd188b81960,d340af8c-d8e9-5ce9-a143-86bc2f258f00,c0533b37-8d16-5c9a-b16c-8cdbac66ee7e,1a84f72e-f10f-51c0-a85e-12239e154748,1,2026-02-17 17:20:00+01:00,2026-02-17 17:37:00+01:00,17,office,Cologne,,DE,home,Cologne,,DE,public_transport,subscription,,,7.85,0.0,2.9,0.314,False,True,False,False,,0
ce8e81ec-38fc-51b9-a876-0b6167423211,14be6151-8964-521d-8c57-803aa785c898,c0533b37-8d16-5c9a-b16c-8cdbac66ee7e,,1,2026-02-17 16:00:00+01:00,2026-02-17 16:15:00+01:00,15,home,Cologne,,DE,supermarket,Cologne,,DE,car_sharing,pay-as-you-go,,,4.15,4.28,4.28,0.623,False,True,False,False,,0
226fef97-78ee-5713-a8b7-cc80df10a260,ac5d4c11-041d-5744-bba6-e8c38f86f26d,c0533b37-8d16-5c9a-b16c-8cdbac66ee7e,1a84f72e-f10f-51c0-a85e-12239e154748,1,2026-02-18 08:19:00+01:00,2026-02-18 08:33:00+01:00,14,home,Cologne,,DE,office,Cologne,,DE,public_transport,subscription,,,6.17,0.0,2.9,0.247,False,True,False,False,,0
bebe15dc-ca93-5464-9ef3-19ec2cc3c092,349d1ce0-a23f-56b4-ae49-81cb4759a3da,c0533b37-8d16-5c9a-b16c-8cdbac66ee7e,1a84f72e-f10f-51c0-a85e-12239e154748,1,2026-02-18 17:28:00+01:00,2026-02-18 17:42:00+01:00,14,office,Cologne,,DE,home,Cologne,,DE,public_transport,subscription,,,6.17,0.0,2.9,0.247,False,True,False,False,,0
66cc8fba-2773-5105-8a31-123cf2303c7f,e2e611d6-381e-549c-b8f3-c03b16c4469c,c0533b37-8d16-5c9a-b16c-8cdbac66ee7e,1a84f72e-f10f-51c0-a85e-12239e154748,1,2026-02-19 08:19:00+01:00,2026-02-19 08:34:00+01:00,15,home,Cologne,,DE,office,Cologne,,DE,public_transport,subscription,,,6.89,0.0,2.9,0.276,False,True,False,False,,0
e36bcf59-8f27-5c3e-8731-0b8a2e1c56e0,d4d991a0-c41e-557d-93a1-646fd21ecb3f,c0533b37-8d16-5c9a-b16c-8cdbac66ee7e,1a84f72e-f10f-51c0-a85e-12239e154748,1,2026-02-19 17:22:00+01:00,2026-02-19 17:37:00+01:00,15,office,Cologne,,DE,home,Cologne,,DE,public_transport,subscription,,,6.89,0.0,2.9,0.276,False,True,False,False,,0
f2f2f54b-b6d3-5b7b-9441-381a00ffe23c,024217d6-2bbd-534c-abea-11d508160378,c0533b37-8d16-5c9a-b16c-8cdbac66ee7e,1a84f72e-f10f-51c0-a85e-12239e154748,1,2026-02-20 08:08:00+01:00,2026-02-20 08:22:00+01:00,14,home,Cologne,,DE,office,Cologne,,DE,public_transport,subscription,,,6.09,0.0,2.9,0.244,False,True,False,False,,0
36cc4f9e-8f56-551e-9278-082217698d27,e190f077-76a9-5759-b000-e778c697ecfe,c0533b37-8d16-5c9a-b16c-8cdbac66ee7e,1a84f72e-f10f-51c0-a85e-12239e154748,1,2026-02-20 17:22:00+01:00,2026-02-20 17:36:00+01:00,14,office,Cologne,,DE,home,Cologne,,DE,public_transport,subscription,,,6.09,0.0,2.9,0.244,False,True,False,False,,0
dbd5335e-42c4-5096-8e88-0f3cab80b907,b01a1283-29dc-58c8-b702-770f3981eab2,c0533b37-8d16-5c9a-b16c-8cdbac66ee7e,,1,2026-02-21 16:00:00+01:00,2026-02-21 16:19:00+01:00,19,home,Cologne,,DE,Rhine promenade,Cologne,,DE,bike_sharing,pay-as-you-go,,,3.8,3.28,3.28,0.019,False,True,False,False,,0
fa3c9e95-67a1-5092-a905-a0bbec7f20c8,969d67c7-dcbe-5595-8ac4-3f1434ae4899,c0533b37-8d16-5c9a-b16c-8cdbac66ee7e,,1,2026-02-22 17:00:00+01:00,2026-02-22 17:18:00+01:00,18,home,Cologne,,DE,hardware store,Cologne,,DE,car_sharing,pay-as-you-go,,,5.52,5.36,5.36,0.828,False,True,False,False,,0
52282de8-bf97-5759-b3f3-046e39e65d07,6a1dc87d-5018-5e6c-a21b-624ccd7e61f8,c0533b37-8d16-5c9a-b16c-8cdbac66ee7e,1a84f72e-f10f-51c0-a85e-12239e154748,1,2026-02-23 08:11:00+01:00,2026-02-23 08:28:00+01:00,17,home,Cologne,,DE,office,Cologne,,DE,public_transport,subscription,,,7.57,0.0,2.9,0.303,False,True,False,False,,0
bfb1b864-212a-55fa-8d5a-0c88c898d635,a0481ad2-a579-5b09-bbc1-2c052bbea456,c0533b37-8d16-5c9a-b16c-8cdbac66ee7e,1a84f72e-f10f-51c0-a85e-12239e154748,1,2026-02-23 17:22:00+01:00,2026-02-23 17:39:00+01:00,17,office,Cologne,,DE,home,Cologne,,DE,public_transport,subscription,,,7.57,0.0,2.9,0.303,False,True,False,False,,0
01e07c31-f610-53ee-9b7a-f12ddfa4b7ed,2dbc913f-882c-5f7b-b4ff-99f1e65e4a23,c0533b37-8d16-5c9a-b16c-8cdbac66ee7e,a8a23376-4344-5566-aeff-b7ff1bde0a86,1,2026-02-23 12:00:00+01:00,2026-02-23 12:07:00+01:00,7,home,Cologne,,DE,cafe,Cologne,,DE,e_scooter,subscription,,,1.26,1.54,2.75,0.025,False,True,False,False,,0
0e5ba689-4a9e-51df-9d36-3ac7e4977784,c69add12-0144-52d9-85d7-98f3977e30c2,c0533b37-8d16-5c9a-b16c-8cdbac66ee7e,1a84f72e-f10f-51c0-a85e-12239e154748,1,2026-02-25 08:18:00+01:00,2026-02-25 08:33:00+01:00,15,home,Cologne,,DE,office,Cologne,,DE,public_transport,subscription,,,6.8,0.0,2.9,0.272,False,True,False,False,,0
13dd8e9d-874f-58db-8a73-d41d738500c9,f828c552-33b4-52db-8561-1fd247ad480a,c0533b37-8d16-5c9a-b16c-8cdbac66ee7e,1a84f72e-f10f-51c0-a85e-12239e154748,1,2026-02-25 17:38:00+01:00,2026-02-25 17:53:00+01:00,15,office,Cologne,,DE,home,Cologne,,DE,public_transport,subscription,,,6.8,0.0,2.9,0.272,False,True,False,False,,0
d6dd3e52-6ff0-56b3-bab6-d166e6af19d2,d8efa451-1d75-5b45-aa82-ecea40aaea3e,c0533b37-8d16-5c9a-b16c-8cdbac66ee7e,a8a23376-4344-5566-aeff-b7ff1bde0a86,1,2026-02-25 18:00:00+01:00,2026-02-25 18:10:00+01:00,10,home,Cologne,,DE,friend's place,Cologne,,DE,e_scooter,subscription,,,1.8,2.2,3.5,0.036,False,True,False,False,,0
323ff3fe-449a-5430-bbc2-9d62fa55977b,93616bd2-80be-5d72-8b0a-c26a398cb3ad,c0533b37-8d16-5c9a-b16c-8cdbac66ee7e,1a84f72e-f10f-51c0-a85e-12239e154748,1,2026-02-26 08:18:00+01:00,2026-02-26 08:35:00+01:00,17,home,Cologne,,DE,office,Cologne,,DE,public_transport,subscription,,,7.52,0.0,2.9,0.301,False,True,False,False,,0
b0c87b14-40a9-535f-a567-446d3216043f,e5525f86-6c63-5d3b-b0d7-c0b7db1cc489,c0533b37-8d16-5c9a-b16c-8cdbac66ee7e,1a84f72e-f10f-51c0-a85e-12239e154748,1,2026-02-26 17:39:00+01:00,2026-02-26 17:56:00+01:00,17,office,Cologne,,DE,home,Cologne,,DE,public_transport,subscription,,,7.52,0.0,2.9,0.301,False,True,False,False,,0
5eec59d7-5982-5846-b905-cabade35ee4e,3437b695-972a-56db-9fec-066a96d5a7f6,c0533b37-8d16-5c9a-b16c-8cdbac66ee7e,,1,2026-02-26 18:00:00+01:00,2026-02-26 18:20:00+01:00,20,home,Cologne,,DE,client office,Cologne,,DE,car_sharing,pay-as-you-go,,,5.91,5.67,5.67,0.886,False,True,False,False,,0
852f9403-8345-512d-8134-9427ab440a4b,e4e6e5f0-5349-5289-b653-7a38c13af155,c0533b37-8d16-5c9a-b16c-8cdbac66ee7e,a8a23376-4344-5566-aeff-b7ff1bde0a86,1,2026-02-26 20:00:00+01:00,2026-02-26 20:14:00+01:00,14,home,Cologne,,DE,friend's place,Cologne,,DE,e_scooter,subscription,,,2.52,3.08,4.5,0.05,False,True,False,False,,0
ff0fa25e-0a52-547c-8f4c-a40f3ecd2bf3,2d1465fc-1514-5ef9-b0d1-2af7c161fe2e,c0533b37-8d16-5c9a-b16c-8cdbac66ee7e,1a84f72e-f10f-51c0-a85e-12239e154748,1,2026-02-27 08:00:00+01:00,2026-02-27 08:15:00+01:00,15,home,Cologne,,DE,office,Cologne,,DE,public_transport,subscription,,,6.59,0.0,2.9,0.264,False,True,False,False,,0
702c5be4-4b6e-537f-9ac5-30936a22ea87,69f6910b-9f73-560e-b7b3-e5d168afa1b9,c0533b37-8d16-5c9a-b16c-8cdbac66ee7e,1a84f72e-f10f-51c0-a85e-12239e154748,1,2026-02-27 17:16:00+01:00,2026-02-27 17:31:00+01:00,15,office,Cologne,,DE,home,Cologne,,DE,public_transport,subscription,,,6.59,0.0,2.9,0.264,False,True,False,False,,0
8dc6c692-78a8-5a28-9e43-d03dd95afb68,14a73ec5-92da-5b41-98e3-7b72777700a0,c0533b37-8d16-5c9a-b16c-8cdbac66ee7e,,1,2026-02-27 18:00:00+01:00,2026-02-27 18:26:00+01:00,26,home,Cologne,,DE,supermarket,Cologne,,DE,car_sharing,pay-as-you-go,,,7.44,6.88,6.88,1.116,False,True,False,False,,0
38a31dec-08d4-5b8d-8569-bad3fa3e7309,bbef4dd1-48ee-596b-a267-9d265bb683b5,c0533b37-8d16-5c9a-b16c-8cdbac66ee7e,1a84f72e-f10f-51c0-a85e-12239e154748,1,2026-03-02 08:03:00+02:00,2026-03-02 08:17:00+02:00,14,home,Cologne,,DE,office,Cologne,,DE,public_transport,subscription,,,6.29,0.0,2.9,0.252,False,True,False,False,,0
297fd60d-e293-58cf-9c03-9eb29f4f87d7,18d7f561-681e-5f01-969c-c590e1a38a61,c0533b37-8d16-5c9a-b16c-8cdbac66ee7e,1a84f72e-f10f-51c0-a85e-12239e154748,1,2026-03-02 17:35:00+02:00,2026-03-02 17:49:00+02:00,14,office,Cologne,,DE,home,Cologne,,DE,public_transport,subscription,,,6.29,0.0,2.9,0.252,False,True,False,False,,0
233de42c-ddf9-52af-8210-21b694b0d632,7fe64dfb-047d-5f09-bcaf-3df83f386521,c0533b37-8d16-5c9a-b16c-8cdbac66ee7e,1a84f72e-f10f-51c0-a85e-12239e154748,1,2026-03-03 08:06:00+02:00,2026-03-03 08:22:00+02:00,16,home,Cologne,,DE,office,Cologne,,DE,public_transport,subscription,,,7.3,0.0,2.9,0.292,False,True,False,False,,0
406b079d-e7d0-5c50-bb83-d6ed37b440bc,c466200e-698a-56e3-a9a7-8d58be3e6ce3,c0533b37-8d16-5c9a-b16c-8cdbac66ee7e,1a84f72e-f10f-51c0-a85e-12239e154748,1,2026-03-03 17:25:00+02:00,2026-03-03 17:41:00+02:00,16,office,Cologne,,DE,home,Cologne,,DE,public_transport,subscription,,,7.3,0.0,2.9,0.292,False,True,False,False,,0
7943014b-ede8-5bcb-9d6d-dd32ffb76149,41b8b5ca-ded5-5b57-a5cb-752b4f938f34,c0533b37-8d16-5c9a-b16c-8cdbac66ee7e,,1,2026-03-03 12:00:00+02:00,2026-03-03 12:21:00+02:00,21,home,Cologne,,DE,client office,Cologne,,DE,car_sharing,pay-as-you-go,,,5.31,5.19,5.19,0.796,False,True,False,False,,0
e8415b97-0789-5d85-9398-dac639820da6,0e70a32d-f2b0-51e0-8b5a-2ae8223e47b2,c0533b37-8d16-5c9a-b16c-8cdbac66ee7e,1a84f72e-f10f-51c0-a85e-12239e154748,1,2026-03-04 08:04:00+02:00,2026-03-04 08:19:00+02:00,15,home,Cologne,,DE,office,Cologne,,DE,public_transport,subscription,,,6.84,0.0,2.9,0.274,False,True,False,False,,0
23236be2-8761-5051-bed4-818358cfdd6a,56adc6ae-81e4-5bcd-bb2e-55301be10208,c0533b37-8d16-5c9a-b16c-8cdbac66ee7e,1a84f72e-f10f-51c0-a85e-12239e154748,1,2026-03-04 17:39:00+02:00,2026-03-04 17:54:00+02:00,15,office,Cologne,,DE,home,Cologne,,DE,public_transport,subscription,,,6.84,0.0,2.9,0.274,False,True,False,False,,0
fe5a0184-a367-57d5-a812-f2ed8cdfdecf,d41fb980-d33b-5286-85cf-98c5c0127309,c0533b37-8d16-5c9a-b16c-8cdbac66ee7e,1a84f72e-f10f-51c0-a85e-12239e154748,1,2026-03-06 08:08:00+02:00,2026-03-06 08:22:00+02:00,14,home,Cologne,,DE,office,Cologne,,DE,public_transport,subscription,,,6.16,0.0,2.9,0.246,False,True,False,False,,0
1052aed6-55eb-51f7-a303-9077957373f8,01f54437-9b14-5d1b-9bd5-1cf3c3148baa,c0533b37-8d16-5c9a-b16c-8cdbac66ee7e,1a84f72e-f10f-51c0-a85e-12239e154748,1,2026-03-06 17:27:00+02:00,2026-03-06 17:41:00+02:00,14,office,Cologne,,DE,home,Cologne,,DE,public_transport,subscription,,,6.16,0.0,2.9,0.246,False,True,False,False,,0
5a409d7f-b0f6-5ef9-9b99-f40b66358e6c,41366bb1-ac49-5edf-a677-e77943db8700,c0533b37-8d16-5c9a-b16c-8cdbac66ee7e,,1,2026-03-06 15:00:00+02:00,2026-03-06 15:21:00+02:00,21,home,Cologne,,DE,client office,Cologne,,DE,car_sharing,pay-as-you-go,,,6.06,5.79,5.79,0.909,False,True,False,False,,0
29852e62-b983-5eb6-b802-4c66820a03a0,86fe4f83-835e-54f6-9b38-257ffb6affff,c0533b37-8d16-5c9a-b16c-8cdbac66ee7e,a8a23376-4344-5566-aeff-b7ff1bde0a86,1,2026-03-06 18:00:00+02:00,2026-03-06 18:07:00+02:00,7,home,Cologne,,DE,friend's place,Cologne,,DE,e_scooter,subscription,,,1.26,1.54,2.75,0.025,False,True,False,False,,0
7adff9f3-6a07-5134-9905-2bc6c09a9cf5,fdf6328e-ce97-5067-9028-00743717780d,c0533b37-8d16-5c9a-b16c-8cdbac66ee7e,,1,2026-03-07 13:00:00+02:00,2026-03-07 13:17:00+02:00,17,home,Cologne,,DE,supermarket,Cologne,,DE,car_sharing,pay-as-you-go,,,4.0,4.16,4.16,0.6,False,True,False,False,,0
1ff1c374-e2f1-5c2f-a790-1019548391d3,74895e2e-522a-509e-b1e3-97b1655493de,c0533b37-8d16-5c9a-b16c-8cdbac66ee7e,,1,2026-03-07 15:00:00+02:00,2026-03-07 15:22:00+02:00,22,home,Cologne,,DE,Rhine promenade,Cologne,,DE,bike_sharing,pay-as-you-go,,,4.4,3.64,3.64,0.022,False,True,False,False,,0
4121f3e0-9831-548e-a6cd-1084cab4a47a,8743d2ac-a217-5e68-b5ef-33a01712286c,c0533b37-8d16-5c9a-b16c-8cdbac66ee7e,,1,2026-03-08 15:00:00+02:00,2026-03-08 15:22:00+02:00,22,home,Cologne,,DE,supermarket,Cologne,,DE,car_sharing,pay-as-you-go,,,6.86,6.42,6.42,1.029,False,True,False,False,,0
a0db3eea-2622-57df-88aa-6d28c7222051,cfac66be-2c2c-548a-b785-3baeb4761313,c0533b37-8d16-5c9a-b16c-8cdbac66ee7e,,1,2026-03-08 14:00:00+02:00,2026-03-08 14:27:00+02:00,27,home,Cologne,,DE,Rhine promenade,Cologne,,DE,bike_sharing,pay-as-you-go,,,5.4,4.24,4.24,0.027,False,True,False,False,,0
e4ad1b6c-348c-5e4b-8a60-7e6281cb357b,027d90c1-3277-530a-9530-4bc698d4e1c8,c0533b37-8d16-5c9a-b16c-8cdbac66ee7e,1a84f72e-f10f-51c0-a85e-12239e154748,1,2026-03-09 08:05:00+02:00,2026-03-09 08:21:00+02:00,16,home,Cologne,,DE,office,Cologne,,DE,public_transport,subscription,,,7.08,0.0,2.9,0.283,False,True,False,False,,0
1f96d003-bb83-5a8a-bc12-26f7e9dc0a9d,1159a716-46b0-51d9-bbc9-d14006a23e93,c0533b37-8d16-5c9a-b16c-8cdbac66ee7e,1a84f72e-f10f-51c0-a85e-12239e154748,1,2026-03-09 17:30:00+02:00,2026-03-09 17:46:00+02:00,16,office,Cologne,,DE,home,Cologne,,DE,public_transport,subscription,,,7.08,0.0,2.9,0.283,False,True,False,False,,0
e5c8309b-5a8d-59d6-93ad-f7364c9fc881,26c959ab-4584-5106-9257-1a3530bace6e,c0533b37-8d16-5c9a-b16c-8cdbac66ee7e,1a84f72e-f10f-51c0-a85e-12239e154748,1,2026-03-11 08:10:00+02:00,2026-03-11 08:25:00+02:00,15,home,Cologne,,DE,office,Cologne,,DE,public_transport,subscription,,,6.72,0.0,2.9,0.269,False,True,False,False,,0
0986be1e-8801-55ce-b08c-6699323644a3,ed586d05-7457-5fa3-a710-607bb503f261,c0533b37-8d16-5c9a-b16c-8cdbac66ee7e,1a84f72e-f10f-51c0-a85e-12239e154748,1,2026-03-11 17:42:00+02:00,2026-03-11 17:57:00+02:00,15,office,Cologne,,DE,home,Cologne,,DE,public_transport,subscription,,,6.72,0.0,2.9,0.269,False,True,False,False,,0
99df4a75-2d73-5a78-aa9d-1c982bfaf20d,f42b1b7c-5cff-5076-8e4c-e5a601b9c5a3,c0533b37-8d16-5c9a-b16c-8cdbac66ee7e,1a84f72e-f10f-51c0-a85e-12239e154748,1,2026-03-12 08:06:00+02:00,2026-03-12 08:24:00+02:00,18,home,Cologne,,DE,office,Cologne,,DE,public_transport,subscription,,,7.93,0.0,2.9,0.317,False,True,False,False,,0
14ff9f1b-d169-5d36-bf69-ee97ec73b5d7,1ed0134f-034b-53ac-a3f4-c6cc9c644417,c0533b37-8d16-5c9a-b16c-8cdbac66ee7e,1a84f72e-f10f-51c0-a85e-12239e154748,1,2026-03-12 17:32:00+02:00,2026-03-12 17:50:00+02:00,18,office,Cologne,,DE,home,Cologne,,DE,public_transport,subscription,,,7.93,0.0,2.9,0.317,False,True,False,False,,0
a7ec9378-9c8a-5e88-bd2f-aa7fd7a0fee9,6a0ab83b-fd19-5a77-a011-e6e45b3a6e4f,c0533b37-8d16-5c9a-b16c-8cdbac66ee7e,,1,2026-03-12 18:00:00+02:00,2026-03-12 18:20:00+02:00,20,home,Cologne,,DE,client office,Cologne,,DE,car_sharing,pay-as-you-go,,,5.99,5.73,5.73,0.898,False,True,False,False,,0
4bc6e2c1-4b2a-5afc-8b2d-33266f406f13,f30d586c-d704-5dcc-850b-9dd1171d4bc1,c0533b37-8d16-5c9a-b16c-8cdbac66ee7e,a8a23376-4344-5566-aeff-b7ff1bde0a86,1,2026-03-12 12:00:00+02:00,2026-03-12 12:16:00+02:00,16,home,Cologne,,DE,cafe,Cologne,,DE,e_scooter,subscription,,,2.88,3.52,5.0,0.058,False,True,False,False,,0
cca79025-bf9f-5e36-94a5-3cb74c94ab63,f1613eb7-c84b-50da-ad08-9ecb370556d1,c0533b37-8d16-5c9a-b16c-8cdbac66ee7e,1a84f72e-f10f-51c0-a85e-12239e154748,1,2026-03-13 08:15:00+02:00,2026-03-13 08:32:00+02:00,17,home,Cologne,,DE,office,Cologne,,DE,public_transport,subscription,,,7.77,0.0,2.9,0.311,False,True,False,False,,0
50166cf3-2a38-54a9-b4b8-bf07cfe6aad1,d03a08d3-e8ca-58fe-9cc4-18c95fc31de5,c0533b37-8d16-5c9a-b16c-8cdbac66ee7e,1a84f72e-f10f-51c0-a85e-12239e154748,1,2026-03-13 17:18:00+02:00,2026-03-13 17:35:00+02:00,17,office,Cologne,,DE,home,Cologne,,DE,public_transport,subscription,,,7.77,0.0,2.9,0.311,False,True,False,False,,0
057e6668-e5ed-5427-871b-48469978939b,62f6918a-bd9e-5f93-8710-7c56f78bc9c1,c0533b37-8d16-5c9a-b16c-8cdbac66ee7e,,1,2026-03-14 11:00:00+02:00,2026-03-14 11:19:00+02:00,19,home,Cologne,,DE,hardware store,Cologne,,DE,car_sharing,pay-as-you-go,,,5.71,5.51,5.51,0.856,False,True,False,False,,0
4a829390-ef27-5b3a-b18a-c46810e6862f,63a2dec8-4c50-5050-8073-3138d1ce4ae2,c0533b37-8d16-5c9a-b16c-8cdbac66ee7e,,1,2026-03-15 15:00:00+02:00,2026-03-15 15:27:00+02:00,27,home,Cologne,,DE,Rhine promenade,Cologne,,DE,bike_sharing,pay-as-you-go,,,5.4,4.24,4.24,0.027,False,True,False,False,,0
76a7c2a9-ba31-5be2-82ed-aa59f99ccbfb,00ea23c4-4375-572f-a383-c8875161d8f2,c0533b37-8d16-5c9a-b16c-8cdbac66ee7e,,1,2026-03-16 14:00:00+02:00,2026-03-16 14:20:00+02:00,20,home,Cologne,,DE,print shop,Cologne,,DE,car_sharing,pay-as-you-go,,,6.03,5.76,5.76,0.904,False,True,False,False,,0
1860a817-484d-5145-b9e1-224fdeb18340,e4e21e5f-dde0-5c3e-80b7-84986371fba5,c0533b37-8d16-5c9a-b16c-8cdbac66ee7e,a8a23376-4344-5566-aeff-b7ff1bde0a86,1,2026-03-16 13:00:00+02:00,2026-03-16 13:07:00+02:00,7,home,Cologne,,DE,friend's place,Cologne,,DE,e_scooter,subscription,,,1.26,1.54,2.75,0.025,False,True,False,False,,0
cde3f815-e47f-5d4e-8125-536d20caa7d7,c4b86cfe-6b44-5d38-a691-2e0bd6fb6677,c0533b37-8d16-5c9a-b16c-8cdbac66ee7e,,1,2026-03-18 16:00:00+02:00,2026-03-18 16:21:00+02:00,21,home,Cologne,,DE,client office,Cologne,,DE,car_sharing,pay-as-you-go,,,5.89,5.65,5.65,0.883,False,True,False,False,,0
55c1a8df-6d2a-5c55-9944-4ba754367cf7,b57f7e76-b6e6-568c-b126-4a45ee4de428,c0533b37-8d16-5c9a-b16c-8cdbac66ee7e,1a84f72e-f10f-51c0-a85e-12239e154748,1,2026-03-19 08:02:00+02:00,2026-03-19 08:17:00+02:00,15,home,Cologne,,DE,office,Cologne,,DE,public_transport,subscription,,,6.95,0.0,2.9,0.278,False,True,False,False,,0
c003b1d0-b82c-5a66-bb55-cd267dcc5a86,481c3426-ab11-514e-aa7a-f435303d5fb9,c0533b37-8d16-5c9a-b16c-8cdbac66ee7e,1a84f72e-f10f-51c0-a85e-12239e154748,1,2026-03-19 17:17:00+02:00,2026-03-19 17:32:00+02:00,15,office,Cologne,,DE,home,Cologne,,DE,public_transport,subscription,,,6.95,0.0,2.9,0.278,False,True,False,False,,0
9925f2e6-d4f3-5eee-973a-5302fae6b988,01e5b9a8-e2d6-5d4a-8743-ee13ae277197,c0533b37-8d16-5c9a-b16c-8cdbac66ee7e,1a84f72e-f10f-51c0-a85e-12239e154748,1,2026-03-20 08:00:00+02:00,2026-03-20 08:17:00+02:00,17,home,Cologne,,DE,office,Cologne,,DE,public_transport,subscription,,,7.55,0.0,2.9,0.302,False,True,False,False,,0
1de1d497-2c0a-5103-9d1d-da7dfa5d4e04,124f2fea-3f1e-5d4c-811b-7507574acad7,c0533b37-8d16-5c9a-b16c-8cdbac66ee7e,1a84f72e-f10f-51c0-a85e-12239e154748,1,2026-03-20 17:35:00+02:00,2026-03-20 17:52:00+02:00,17,office,Cologne,,DE,home,Cologne,,DE,public_transport,subscription,,,7.55,0.0,2.9,0.302,False,True,False,False,,0
59661460-eb38-5a61-8087-94624972b1ad,9211bfe1-1228-5695-b0b8-905c348a7294,c0533b37-8d16-5c9a-b16c-8cdbac66ee7e,,1,2026-03-21 12:00:00+02:00,2026-03-21 12:15:00+02:00,15,home,Cologne,,DE,hardware store,Cologne,,DE,car_sharing,pay-as-you-go,,,4.19,4.31,4.31,0.629,False,True,False,False,,0
bee4a0e5-d9b4-5af9-a9f1-0aa883f66c2a,f3f3c14a-bfcb-55c6-9624-c13ce87a1abc,c0533b37-8d16-5c9a-b16c-8cdbac66ee7e,,1,2026-03-22 16:00:00+02:00,2026-03-22 16:23:00+02:00,23,home,Cologne,,DE,hardware store,Cologne,,DE,car_sharing,pay-as-you-go,,,7.0,6.53,6.53,1.05,False,True,False,False,,0
50ab59d1-c71c-5847-ad94-d295ca909a1d,89f1ccb3-0f06-5de6-b9a0-3900ec002ae0,c0533b37-8d16-5c9a-b16c-8cdbac66ee7e,1a84f72e-f10f-51c0-a85e-12239e154748,1,2026-03-24 08:01:00+02:00,2026-03-24 08:17:00+02:00,16,home,Cologne,,DE,office,Cologne,,DE,public_transport,subscription,,,7.23,0.0,2.9,0.289,False,True,False,False,,0
a499908b-8740-5820-85da-c990ceb895d9,481c03df-b667-5314-854c-75e58cf402ea,c0533b37-8d16-5c9a-b16c-8cdbac66ee7e,1a84f72e-f10f-51c0-a85e-12239e154748,1,2026-03-24 17:25:00+02:00,2026-03-24 17:41:00+02:00,16,office,Cologne,,DE,home,Cologne,,DE,public_transport,subscription,,,7.23,0.0,2.9,0.289,False,True,False,False,,0
25f9ecca-3864-51f5-b521-618c1e18baea,1205060d-3ea6-5b94-8b2b-9c3055c394c5,c0533b37-8d16-5c9a-b16c-8cdbac66ee7e,,1,2026-03-24 12:00:00+02:00,2026-03-24 12:20:00+02:00,20,home,Cologne,,DE,print shop,Cologne,,DE,car_sharing,pay-as-you-go,,,5.15,5.07,5.07,0.773,False,True,False,False,,0
7b457836-afd3-5d11-b2d1-1b39f0839a4c,8e3dea11-9b4a-5c17-bbd8-38a9f77ae4a3,c0533b37-8d16-5c9a-b16c-8cdbac66ee7e,a8a23376-4344-5566-aeff-b7ff1bde0a86,1,2026-03-24 16:00:00+02:00,2026-03-24 16:10:00+02:00,10,home,Cologne,,DE,gym,Cologne,,DE,e_scooter,subscription,,,1.8,2.2,3.5,0.036,False,True,False,False,,0
3d9aedc8-8be9-57d4-a628-bcb6229eac34,95c297d9-9e01-5bfc-9dd4-28cca31ef8b2,c0533b37-8d16-5c9a-b16c-8cdbac66ee7e,1a84f72e-f10f-51c0-a85e-12239e154748,1,2026-03-25 08:05:00+02:00,2026-03-25 08:19:00+02:00,14,home,Cologne,,DE,office,Cologne,,DE,public_transport,subscription,,,6.48,0.0,2.9,0.259,False,True,False,False,,0
6273f61b-8071-57a9-bf1c-351704fa53ef,f82b3fbd-47b6-5495-8927-56369f89ae3f,c0533b37-8d16-5c9a-b16c-8cdbac66ee7e,1a84f72e-f10f-51c0-a85e-12239e154748,1,2026-03-25 17:41:00+02:00,2026-03-25 17:55:00+02:00,14,office,Cologne,,DE,home,Cologne,,DE,public_transport,subscription,,,6.48,0.0,2.9,0.259,False,True,False,False,,0
915e9663-3e85-5d7d-96d7-14ce257668e8,1dedfe8e-996b-5d52-b6ef-aadfab4d3771,c0533b37-8d16-5c9a-b16c-8cdbac66ee7e,1a84f72e-f10f-51c0-a85e-12239e154748,1,2026-03-26 08:03:00+02:00,2026-03-26 08:19:00+02:00,16,home,Cologne,,DE,office,Cologne,,DE,public_transport,subscription,,,7.03,0.0,2.9,0.281,False,True,False,False,,0
a0b17389-77d4-5131-b7d6-e27f19e1dc74,ef0a4d08-473e-5739-b381-fbe7e70cbf7c,c0533b37-8d16-5c9a-b16c-8cdbac66ee7e,1a84f72e-f10f-51c0-a85e-12239e154748,1,2026-03-26 17:19:00+02:00,2026-03-26 17:35:00+02:00,16,office,Cologne,,DE,home,Cologne,,DE,public_transport,subscription,,,7.03,0.0,2.9,0.281,False,True,False,False,,0
45dbf825-d3d7-52ea-9acf-889a693c68f9,038f5101-5f3c-5343-973d-896e71f7a030,c0533b37-8d16-5c9a-b16c-8cdbac66ee7e,1a84f72e-f10f-51c0-a85e-12239e154748,1,2026-03-27 08:14:00+02:00,2026-03-27 08:28:00+02:00,14,home,Cologne,,DE,office,Cologne,,DE,public_transport,subscription,,,6.3,0.0,2.9,0.252,False,True,False,False,,0
7b62231f-f0c2-5163-a101-c161b7d36f1d,051ba8ac-a310-5cc5-8c8e-e1be1454b6ab,c0533b37-8d16-5c9a-b16c-8cdbac66ee7e,1a84f72e-f10f-51c0-a85e-12239e154748,1,2026-03-27 17:21:00+02:00,2026-03-27 17:35:00+02:00,14,office,Cologne,,DE,home,Cologne,,DE,public_transport,subscription,,,6.3,0.0,2.9,0.252,False,True,False,False,,0
19a66332-4a5e-5c8a-8621-b123d873da91,9f65c93f-aadd-523c-8439-2b1f06df71ec,c0533b37-8d16-5c9a-b16c-8cdbac66ee7e,,1,2026-03-28 15:00:00+02:00,2026-03-28 15:20:00+02:00,20,home,Cologne,,DE,supermarket,Cologne,,DE,car_sharing,pay-as-you-go,,,4.75,4.75,4.75,0.713,False,True,False,False,,0
a32268af-c1e9-526c-8974-299002b19f03,0edc9384-99bf-5ee8-a4c1-96563f91492b,c0533b37-8d16-5c9a-b16c-8cdbac66ee7e,a8a23376-4344-5566-aeff-b7ff1bde0a86,1,2026-03-29 11:00:00+02:00,2026-03-29 11:12:00+02:00,12,home,Cologne,,DE,gym,Cologne,,DE,e_scooter,subscription,,,2.16,2.64,4.0,0.043,False,True,False,False,,0
a6de09a0-be39-5d60-9797-8eaffb4f9ed7,1cf31db0-c90e-5f44-9ac7-b8a61e31f65b,c0533b37-8d16-5c9a-b16c-8cdbac66ee7e,1a84f72e-f10f-51c0-a85e-12239e154748,1,2026-03-30 08:19:00+02:00,2026-03-30 08:34:00+02:00,15,home,Cologne,,DE,office,Cologne,,DE,public_transport,subscription,,,6.71,0.0,2.9,0.268,False,True,False,False,,0
3396dbbc-d942-5bc6-b279-911c15a6af31,4707a47f-788a-5d59-83b9-2a3ae3ac2cb5,c0533b37-8d16-5c9a-b16c-8cdbac66ee7e,1a84f72e-f10f-51c0-a85e-12239e154748,1,2026-03-30 17:27:00+02:00,2026-03-30 17:42:00+02:00,15,office,Cologne,,DE,home,Cologne,,DE,public_transport,subscription,,,6.71,0.0,2.9,0.268,False,True,False,False,,0
85845ecc-d82d-56b6-86df-3ab1d5692e26,61a21955-050c-5fe4-abfc-8d3b94a3e174,c0533b37-8d16-5c9a-b16c-8cdbac66ee7e,,1,2026-03-30 12:00:00+02:00,2026-03-30 12:22:00+02:00,22,home,Cologne,,DE,print shop,Cologne,,DE,car_sharing,pay-as-you-go,,,7.13,6.63,6.63,1.069,False,True,False,False,,0
b308c48d-52dc-5c1a-b5c1-8bf591d9e1f8,cd05d313-950d-5468-adc4-2fcdbe94e2a8,c0533b37-8d16-5c9a-b16c-8cdbac66ee7e,a8a23376-4344-5566-aeff-b7ff1bde0a86,1,2026-03-30 10:00:00+02:00,2026-03-30 10:16:00+02:00,16,home,Cologne,,DE,gym,Cologne,,DE,e_scooter,subscription,,,2.88,3.52,5.0,0.058,False,True,False,False,,0
1afe1489-4406-53b5-b011-f6eda73a46fb,1bb2905d-6339-565f-bcd1-7b4906357c1e,c0533b37-8d16-5c9a-b16c-8cdbac66ee7e,,1,2026-03-31 11:00:00+02:00,2026-03-31 11:22:00+02:00,22,home,Cologne,,DE,supermarket,Cologne,,DE,car_sharing,pay-as-you-go,,,5.35,5.23,5.23,0.802,False,True,False,False,,0
af35dfaf-037c-582b-9383-34ecc63ce2dc,540341a0-1edd-5c35-a03b-0a9279266d19,c0533b37-8d16-5c9a-b16c-8cdbac66ee7e,a8a23376-4344-5566-aeff-b7ff1bde0a86,1,2026-03-31 12:00:00+02:00,2026-03-31 12:07:00+02:00,7,home,Cologne,,DE,gym,Cologne,,DE,e_scooter,subscription,,,1.26,1.54,2.75,0.025,False,True,False,False,,0
91104dbc-95e6-556f-b66a-025875d5f0ae,e9589d87-584b-55e2-b2c9-4c83db588429,c0533b37-8d16-5c9a-b16c-8cdbac66ee7e,1a84f72e-f10f-51c0-a85e-12239e154748,1,2026-04-01 08:00:00+02:00,2026-04-01 08:16:00+02:00,16,home,Cologne,,DE,office,Cologne,,DE,public_transport,subscription,,,7.02,0.0,2.9,0.281,False,True,False,False,,0
faa5e405-ea32-556b-b798-6aac8ecad1cb,40ad7b48-7192-578e-b1fe-f3a966f01659,c0533b37-8d16-5c9a-b16c-8cdbac66ee7e,1a84f72e-f10f-51c0-a85e-12239e154748,1,2026-04-01 17:24:00+02:00,2026-04-01 17:40:00+02:00,16,office,Cologne,,DE,home,Cologne,,DE,public_transport,subscription,,,7.02,0.0,2.9,0.281,False,True,False,False,,0
feff364c-5304-5084-ad07-0a5a0a048402,82c4c675-bb20-5667-9170-59ddf577bfb2,c0533b37-8d16-5c9a-b16c-8cdbac66ee7e,a8a23376-4344-5566-aeff-b7ff1bde0a86,1,2026-04-01 16:00:00+02:00,2026-04-01 16:13:00+02:00,13,home,Cologne,,DE,cafe,Cologne,,DE,e_scooter,subscription,,,2.34,2.86,4.25,0.047,False,True,False,False,,0
56c2ae0b-e393-5642-887b-88a7e98d85d2,f760eeea-605a-5022-bb37-ba19f7003401,c0533b37-8d16-5c9a-b16c-8cdbac66ee7e,1a84f72e-f10f-51c0-a85e-12239e154748,1,2026-04-02 08:16:00+02:00,2026-04-02 08:32:00+02:00,16,home,Cologne,,DE,office,Cologne,,DE,public_transport,subscription,,,7.08,0.0,2.9,0.283,False,True,False,False,,0
5cd1e3e4-351f-5ad5-88ea-9d7aa0ef2eed,0b1b5629-71c7-58f2-8074-5ce5b4ccbc88,c0533b37-8d16-5c9a-b16c-8cdbac66ee7e,1a84f72e-f10f-51c0-a85e-12239e154748,1,2026-04-02 17:40:00+02:00,2026-04-02 17:56:00+02:00,16,office,Cologne,,DE,home,Cologne,,DE,public_transport,subscription,,,7.08,0.0,2.9,0.283,False,True,False,False,,0
18ea84d4-ea75-5fe7-b302-8e4b04096912,7c911a71-5f57-5ec3-8368-b3a6a1729a09,c0533b37-8d16-5c9a-b16c-8cdbac66ee7e,1a84f72e-f10f-51c0-a85e-12239e154748,1,2026-04-03 08:00:00+02:00,2026-04-03 08:15:00+02:00,15,home,Cologne,,DE,office,Cologne,,DE,public_transport,subscription,,,6.95,0.0,2.9,0.278,False,True,False,False,,0
690daafa-1bc9-555c-be78-2a9f62796122,0b29f489-fbad-5dba-adec-11c03d133e8a,c0533b37-8d16-5c9a-b16c-8cdbac66ee7e,1a84f72e-f10f-51c0-a85e-12239e154748,1,2026-04-03 17:23:00+02:00,2026-04-03 17:38:00+02:00,15,office,Cologne,,DE,home,Cologne,,DE,public_transport,subscription,,,6.95,0.0,2.9,0.278,False,True,False,False,,0
a7a4013d-f924-5189-895d-ceeb4df853b3,dd599534-97fa-5b4d-b9c0-0127da2a5a17,c0533b37-8d16-5c9a-b16c-8cdbac66ee7e,,1,2026-04-03 17:00:00+02:00,2026-04-03 17:19:00+02:00,19,home,Cologne,,DE,supermarket,Cologne,,DE,car_sharing,pay-as-you-go,,,6.1,5.82,5.82,0.915,False,True,False,False,,0
9616bed2-5668-5544-842f-cbfa05e20506,6ad5772e-ef55-5347-bafc-ea1f48a8367f,c0533b37-8d16-5c9a-b16c-8cdbac66ee7e,,1,2026-04-05 14:00:00+02:00,2026-04-05 14:22:00+02:00,22,home,Cologne,,DE,supermarket,Cologne,,DE,car_sharing,pay-as-you-go,,,5.5,5.35,5.35,0.825,False,True,False,False,,0
7006749f-beb1-5b65-bd4f-97c492f1ef7d,fb80278d-9273-53fa-8250-695c6dc23074,c0533b37-8d16-5c9a-b16c-8cdbac66ee7e,,1,2026-04-06 18:00:00+02:00,2026-04-06 18:22:00+02:00,22,home,Cologne,,DE,print shop,Cologne,,DE,car_sharing,pay-as-you-go,,,6.9,6.45,6.45,1.035,False,True,False,False,,0
3cdad266-793f-59c6-abd7-02fcc6974617,0faac266-bb95-5311-93c9-ab989819cbe3,c0533b37-8d16-5c9a-b16c-8cdbac66ee7e,,1,2026-04-07 17:00:00+02:00,2026-04-07 17:15:00+02:00,15,home,Cologne,,DE,supermarket,Cologne,,DE,car_sharing,pay-as-you-go,,,4.02,4.18,4.18,0.603,False,True,False,False,,0
c7b5fe0d-c197-5dae-84d5-f0b9caa24542,26cadbaf-cb84-51b2-a9c6-8add314d43c8,c0533b37-8d16-5c9a-b16c-8cdbac66ee7e,,1,2026-04-08 13:00:00+02:00,2026-04-08 13:25:00+02:00,25,home,Cologne,,DE,supermarket,Cologne,,DE,car_sharing,pay-as-you-go,,,7.65,7.04,7.04,1.147,False,True,False,False,,0
fac2c6b9-233e-5b49-9a35-bdd56e88448b,eb8629dd-7e60-55d6-aeea-86df7c311d9c,c0533b37-8d16-5c9a-b16c-8cdbac66ee7e,a8a23376-4344-5566-aeff-b7ff1bde0a86,1,2026-04-08 20:00:00+02:00,2026-04-08 20:13:00+02:00,13,home,Cologne,,DE,friend's place,Cologne,,DE,e_scooter,subscription,,,2.34,2.86,4.25,0.047,False,True,False,False,,0
83ffea14-7838-56f4-ab72-3d476edbdb9c,4ea946e2-88b7-50d2-93e7-47b2f31bb404,c0533b37-8d16-5c9a-b16c-8cdbac66ee7e,1a84f72e-f10f-51c0-a85e-12239e154748,1,2026-04-10 08:18:00+02:00,2026-04-10 08:33:00+02:00,15,home,Cologne,,DE,office,Cologne,,DE,public_transport,subscription,,,6.74,0.0,2.9,0.27,False,True,False,False,,0
f28f3302-5af1-5506-a38a-b942a2aec3a4,55984dc9-cff3-5731-a0b0-eccec0a9bd68,c0533b37-8d16-5c9a-b16c-8cdbac66ee7e,1a84f72e-f10f-51c0-a85e-12239e154748,1,2026-04-10 17:24:00+02:00,2026-04-10 17:39:00+02:00,15,office,Cologne,,DE,home,Cologne,,DE,public_transport,subscription,,,6.74,0.0,2.9,0.27,False,True,False,False,,0
6909e49f-ffaa-5453-ae08-e1b7c950e768,9d928418-d0d6-5ba3-aaa4-ebc39e9053f8,c0533b37-8d16-5c9a-b16c-8cdbac66ee7e,,1,2026-04-12 14:00:00+02:00,2026-04-12 14:21:00+02:00,21,home,Cologne,,DE,hardware store,Cologne,,DE,car_sharing,pay-as-you-go,,,5.28,5.17,5.17,0.792,False,True,False,False,,0
05109416-d3dd-597c-b034-fc55c16b2ace,8a9099de-29c4-517e-bec1-cac0875eced2,c0533b37-8d16-5c9a-b16c-8cdbac66ee7e,a8a23376-4344-5566-aeff-b7ff1bde0a86,1,2026-04-12 15:00:00+02:00,2026-04-12 15:15:00+02:00,15,home,Cologne,,DE,gym,Cologne,,DE,e_scooter,subscription,,,2.7,3.3,4.75,0.054,False,True,False,False,,0
d3d4deda-bdfb-5007-ac53-da17daebc6da,7eef195f-3553-5388-9bfa-17b18617a657,c0533b37-8d16-5c9a-b16c-8cdbac66ee7e,1a84f72e-f10f-51c0-a85e-12239e154748,1,2026-04-13 08:09:00+02:00,2026-04-13 08:24:00+02:00,15,home,Cologne,,DE,office,Cologne,,DE,public_transport,subscription,,,6.67,0.0,2.9,0.267,False,True,False,False,,0
e5d24800-5a98-5445-9e6f-438bab286fcd,1cef4b5b-2be9-5e22-a327-38ebbe72998e,c0533b37-8d16-5c9a-b16c-8cdbac66ee7e,1a84f72e-f10f-51c0-a85e-12239e154748,1,2026-04-13 17:21:00+02:00,2026-04-13 17:36:00+02:00,15,office,Cologne,,DE,home,Cologne,,DE,public_transport,subscription,,,6.67,0.0,2.9,0.267,False,True,False,False,,0
936c32c0-4280-5b37-b065-93ae3918569a,3b8b3c70-c3e7-56c1-a24d-aa26491259a4,c0533b37-8d16-5c9a-b16c-8cdbac66ee7e,1a84f72e-f10f-51c0-a85e-12239e154748,1,2026-04-14 08:06:00+02:00,2026-04-14 08:22:00+02:00,16,home,Cologne,,DE,office,Cologne,,DE,public_transport,subscription,,,7.42,0.0,2.9,0.297,False,True,False,False,,0
4785a7bc-6ac5-5c7f-af6a-ad8db9fa1763,1ecbe1c0-2447-53f5-88d7-1981d0069dae,c0533b37-8d16-5c9a-b16c-8cdbac66ee7e,1a84f72e-f10f-51c0-a85e-12239e154748,1,2026-04-14 17:40:00+02:00,2026-04-14 17:56:00+02:00,16,office,Cologne,,DE,home,Cologne,,DE,public_transport,subscription,,,7.42,0.0,2.9,0.297,False,True,False,False,,0
be0714ca-5039-593a-b46f-b16fc8d2af11,b3794e6b-aae4-5fa1-848c-07f9c4e76026,c0533b37-8d16-5c9a-b16c-8cdbac66ee7e,a8a23376-4344-5566-aeff-b7ff1bde0a86,1,2026-04-14 16:00:00+02:00,2026-04-14 16:13:00+02:00,13,home,Cologne,,DE,cafe,Cologne,,DE,e_scooter,subscription,,,2.34,2.86,4.25,0.047,False,True,False,False,,0
c403ac54-e039-5e3f-8d81-efd32e6bf698,fc0f1e16-2df5-5ceb-9ba4-4a84b9ff6b90,c0533b37-8d16-5c9a-b16c-8cdbac66ee7e,1a84f72e-f10f-51c0-a85e-12239e154748,1,2026-04-15 08:20:00+02:00,2026-04-15 08:37:00+02:00,17,home,Cologne,,DE,office,Cologne,,DE,public_transport,subscription,,,7.77,0.0,2.9,0.311,False,True,False,False,,0
42ce982e-fbba-5856-a695-8dfbae36ab85,559fc352-12d2-5e30-927b-f33c651d45d0,c0533b37-8d16-5c9a-b16c-8cdbac66ee7e,1a84f72e-f10f-51c0-a85e-12239e154748,1,2026-04-15 17:35:00+02:00,2026-04-15 17:52:00+02:00,17,office,Cologne,,DE,home,Cologne,,DE,public_transport,subscription,,,7.77,0.0,2.9,0.311,False,True,False,False,,0
d2ba094f-e6c1-5c7e-9a5e-32fdef6b4305,3a758dba-f803-5f99-a531-b1dca5d4c839,c0533b37-8d16-5c9a-b16c-8cdbac66ee7e,,1,2026-04-16 14:00:00+02:00,2026-04-16 14:17:00+02:00,17,home,Cologne,,DE,supermarket,Cologne,,DE,car_sharing,pay-as-you-go,,,4.71,4.72,4.72,0.707,False,True,False,False,,0
7653acb4-bec3-5082-bfad-d4d82929f4e6,d92a4d60-b7e2-5447-9efb-a198b032166b,c0533b37-8d16-5c9a-b16c-8cdbac66ee7e,1a84f72e-f10f-51c0-a85e-12239e154748,1,2026-04-17 08:17:00+02:00,2026-04-17 08:31:00+02:00,14,home,Cologne,,DE,office,Cologne,,DE,public_transport,subscription,,,6.5,0.0,2.9,0.26,False,True,False,False,,0
9d2572cc-947d-5834-9356-252891fe0f1b,4e386118-eb8e-5ff1-8d78-b5bd416af0a9,c0533b37-8d16-5c9a-b16c-8cdbac66ee7e,1a84f72e-f10f-51c0-a85e-12239e154748,1,2026-04-17 17:35:00+02:00,2026-04-17 17:49:00+02:00,14,office,Cologne,,DE,home,Cologne,,DE,public_transport,subscription,,,6.5,0.0,2.9,0.26,False,True,False,False,,0
91e7f72e-546e-5387-9b62-d32ee52cbf99,0df81699-841d-52c0-913b-49fd6fb35f2b,c0533b37-8d16-5c9a-b16c-8cdbac66ee7e,,1,2026-04-18 11:00:00+02:00,2026-04-18 11:16:00+02:00,16,home,Cologne,,DE,supermarket,Cologne,,DE,car_sharing,pay-as-you-go,,,4.23,4.34,4.34,0.635,False,True,False,False,,0
434132c9-3078-592f-a3c7-f85d5d66cb0f,8376c9fd-6d07-5779-bdda-ff11a082e8ce,c0533b37-8d16-5c9a-b16c-8cdbac66ee7e,,1,2026-04-19 16:00:00+02:00,2026-04-19 16:18:00+02:00,18,home,Cologne,,DE,supermarket,Cologne,,DE,car_sharing,pay-as-you-go,,,5.11,5.04,5.04,0.767,False,True,False,False,,0
54ffbc4a-dbbe-5c98-8453-8f3443d19791,a8b2dad8-7867-567f-80dd-11eccca811c7,c0533b37-8d16-5c9a-b16c-8cdbac66ee7e,,1,2026-04-19 16:00:00+02:00,2026-04-19 16:23:00+02:00,23,home,Cologne,,DE,Rhine promenade,Cologne,,DE,bike_sharing,pay-as-you-go,,,4.6,3.76,3.76,0.023,False,True,False,False,,0
9709b92d-dd62-5531-a774-18565784afad,2984bdf9-446b-5375-ba53-76d4030dff24,c0533b37-8d16-5c9a-b16c-8cdbac66ee7e,1a84f72e-f10f-51c0-a85e-12239e154748,1,2026-04-20 08:01:00+02:00,2026-04-20 08:15:00+02:00,14,home,Cologne,,DE,office,Cologne,,DE,public_transport,subscription,,,6.18,0.0,2.9,0.247,False,True,False,False,,0
43f78fa2-5aba-530a-a49b-16ba7f3f13cc,333f5dde-a714-581c-8205-02f031b9152a,c0533b37-8d16-5c9a-b16c-8cdbac66ee7e,1a84f72e-f10f-51c0-a85e-12239e154748,1,2026-04-20 17:24:00+02:00,2026-04-20 17:38:00+02:00,14,office,Cologne,,DE,home,Cologne,,DE,public_transport,subscription,,,6.18,0.0,2.9,0.247,False,True,False,False,,0
928c8829-630c-597c-be69-8ad7d8c2ee2f,9b80fbda-b101-5eaa-b8c4-7f780351625f,c0533b37-8d16-5c9a-b16c-8cdbac66ee7e,,1,2026-04-20 15:00:00+02:00,2026-04-20 15:22:00+02:00,22,home,Cologne,,DE,client office,Cologne,,DE,car_sharing,pay-as-you-go,,,5.75,5.54,5.54,0.862,False,True,False,False,,0
96f9a663-9253-5577-a57d-456555159b11,e1084ac9-03da-56b9-b0ae-1802d97d6823,c0533b37-8d16-5c9a-b16c-8cdbac66ee7e,a8a23376-4344-5566-aeff-b7ff1bde0a86,1,2026-04-20 21:00:00+02:00,2026-04-20 21:12:00+02:00,12,home,Cologne,,DE,cafe,Cologne,,DE,e_scooter,subscription,,,2.16,2.64,4.0,0.043,False,True,False,False,,0
4020d5fa-3d0a-5d84-b112-afb81a9ae937,36859632-0549-50f3-920a-26ac22ead828,c0533b37-8d16-5c9a-b16c-8cdbac66ee7e,1a84f72e-f10f-51c0-a85e-12239e154748,1,2026-04-21 08:09:00+02:00,2026-04-21 08:24:00+02:00,15,home,Cologne,,DE,office,Cologne,,DE,public_transport,subscription,,,6.86,0.0,2.9,0.274,False,True,False,False,,0
c9bf3119-d289-5a3e-a336-ba78825d1718,0cdd684f-dc6d-5452-9504-b2c14d63f4db,c0533b37-8d16-5c9a-b16c-8cdbac66ee7e,1a84f72e-f10f-51c0-a85e-12239e154748,1,2026-04-21 17:18:00+02:00,2026-04-21 17:33:00+02:00,15,office,Cologne,,DE,home,Cologne,,DE,public_transport,subscription,,,6.86,0.0,2.9,0.274,False,True,False,False,,0
8ac4d5ac-fd04-5b6c-bbab-705d553d21db,2e5e339e-939a-5248-8dbe-7f4da1f7454e,c0533b37-8d16-5c9a-b16c-8cdbac66ee7e,,1,2026-04-21 15:00:00+02:00,2026-04-21 15:17:00+02:00,17,home,Cologne,,DE,client office,Cologne,,DE,car_sharing,pay-as-you-go,,,4.82,4.81,4.81,0.723,False,True,False,False,,0
db6942fe-f908-55dc-a475-126046a34e26,948d4fd0-ca53-53a6-b3c6-465b6d908985,c0533b37-8d16-5c9a-b16c-8cdbac66ee7e,a8a23376-4344-5566-aeff-b7ff1bde0a86,1,2026-04-22 18:00:00+02:00,2026-04-22 18:14:00+02:00,14,home,Cologne,,DE,gym,Cologne,,DE,e_scooter,subscription,,,2.52,3.08,4.5,0.05,False,True,False,False,,0
8656984c-9570-5c9a-b675-9dd6cd8670a1,1524650a-30bc-5d1f-afd9-db9e5c9ed767,c0533b37-8d16-5c9a-b16c-8cdbac66ee7e,1a84f72e-f10f-51c0-a85e-12239e154748,1,2026-04-23 08:01:00+02:00,2026-04-23 08:15:00+02:00,14,home,Cologne,,DE,office,Cologne,,DE,public_transport,subscription,,,6.4,0.0,2.9,0.256,False,True,False,False,,0
5018af16-11d0-5865-82b9-a857afb70d13,7b2e737b-3998-5e8f-8406-8e0c5c1c1792,c0533b37-8d16-5c9a-b16c-8cdbac66ee7e,1a84f72e-f10f-51c0-a85e-12239e154748,1,2026-04-23 17:35:00+02:00,2026-04-23 17:49:00+02:00,14,office,Cologne,,DE,home,Cologne,,DE,public_transport,subscription,,,6.4,0.0,2.9,0.256,False,True,False,False,,0
0a3f5d44-1066-5d73-b9f0-2a4130851124,f25bae01-3ff6-5249-add7-5bfdec5c9848,c0533b37-8d16-5c9a-b16c-8cdbac66ee7e,1a84f72e-f10f-51c0-a85e-12239e154748,1,2026-04-24 08:19:00+02:00,2026-04-24 08:35:00+02:00,16,home,Cologne,,DE,office,Cologne,,DE,public_transport,subscription,,,7.34,0.0,2.9,0.294,False,True,False,False,,0
9e2f38a2-df0c-5972-9658-5b179763822e,2917bc2c-3d3b-5ab8-a732-1feb3131899c,c0533b37-8d16-5c9a-b16c-8cdbac66ee7e,1a84f72e-f10f-51c0-a85e-12239e154748,1,2026-04-24 17:21:00+02:00,2026-04-24 17:37:00+02:00,16,office,Cologne,,DE,home,Cologne,,DE,public_transport,subscription,,,7.34,0.0,2.9,0.294,False,True,False,False,,0
b7c304b4-335d-5ba8-813c-28404c2af67e,a746534a-c76c-5b81-a031-d04078e31fee,c0533b37-8d16-5c9a-b16c-8cdbac66ee7e,,1,2026-04-24 17:00:00+02:00,2026-04-24 17:26:00+02:00,26,home,Cologne,,DE,print shop,Cologne,,DE,car_sharing,pay-as-you-go,,,7.59,7.0,7.0,1.138,False,True,False,False,,0
a43487f2-f91b-509c-bc76-b434fe008fb9,a3ecc383-761e-5acc-924d-a7a039019f48,c0533b37-8d16-5c9a-b16c-8cdbac66ee7e,,1,2026-04-25 15:00:00+02:00,2026-04-25 15:25:00+02:00,25,home,Cologne,,DE,supermarket,Cologne,,DE,car_sharing,pay-as-you-go,,,7.39,6.84,6.84,1.108,False,True,False,False,,0
8040b6f5-2dda-5239-adcd-7c345aa24357,23059632-8c2a-5df2-a854-eb68c31f2160,c0533b37-8d16-5c9a-b16c-8cdbac66ee7e,a8a23376-4344-5566-aeff-b7ff1bde0a86,1,2026-04-25 20:00:00+02:00,2026-04-25 20:15:00+02:00,15,home,Cologne,,DE,friend's place,Cologne,,DE,e_scooter,subscription,,,2.7,3.3,4.75,0.054,False,True,False,False,,0
a55451c3-c578-5187-acfb-4f197936bdca,ae95a8db-7d8d-5abe-ac96-e029b25ed8c6,c0533b37-8d16-5c9a-b16c-8cdbac66ee7e,,1,2026-04-26 12:00:00+02:00,2026-04-26 12:23:00+02:00,23,home,Cologne,,DE,supermarket,Cologne,,DE,car_sharing,pay-as-you-go,,,6.92,6.47,6.47,1.038,False,True,False,False,,0
16ff074e-9b5c-51a4-9027-4759a51e0cc1,b48f9503-b54f-5af6-aa6a-fc5fc06bcce8,c0533b37-8d16-5c9a-b16c-8cdbac66ee7e,,1,2026-04-26 16:00:00+02:00,2026-04-26 16:27:00+02:00,27,home,Cologne,,DE,Rhine promenade,Cologne,,DE,bike_sharing,pay-as-you-go,,,5.4,4.24,4.24,0.027,False,True,False,False,,0
7bf93c3e-5018-59d4-bf0d-3ee855f31b61,7dd567b5-3cde-5b28-a56d-b473031cd9c5,c0533b37-8d16-5c9a-b16c-8cdbac66ee7e,1a84f72e-f10f-51c0-a85e-12239e154748,1,2026-04-27 08:16:00+02:00,2026-04-27 08:33:00+02:00,17,home,Cologne,,DE,office,Cologne,,DE,public_transport,subscription,,,7.84,0.0,2.9,0.314,False,True,False,False,,0
98d44ca5-991e-563c-9be7-879e444e3eac,e1a97e9f-460e-55dc-8a10-1111137497ec,c0533b37-8d16-5c9a-b16c-8cdbac66ee7e,1a84f72e-f10f-51c0-a85e-12239e154748,1,2026-04-27 17:34:00+02:00,2026-04-27 17:51:00+02:00,17,office,Cologne,,DE,home,Cologne,,DE,public_transport,subscription,,,7.84,0.0,2.9,0.314,False,True,False,False,,0
fd9c5366-aa81-5036-87b1-9c56fb5bc550,11c5fa78-d5b5-593b-948e-70568464a581,c0533b37-8d16-5c9a-b16c-8cdbac66ee7e,1a84f72e-f10f-51c0-a85e-12239e154748,1,2026-04-28 08:06:00+02:00,2026-04-28 08:22:00+02:00,16,home,Cologne,,DE,office,Cologne,,DE,public_transport,subscription,,,7.06,0.0,2.9,0.282,False,True,False,False,,0
26a7f635-a386-5a57-b2f3-6929a4c02e0c,3f72f334-ed98-566b-81f8-297dc10a8f76,c0533b37-8d16-5c9a-b16c-8cdbac66ee7e,1a84f72e-f10f-51c0-a85e-12239e154748,1,2026-04-28 17:21:00+02:00,2026-04-28 17:37:00+02:00,16,office,Cologne,,DE,home,Cologne,,DE,public_transport,subscription,,,7.06,0.0,2.9,0.282,False,True,False,False,,0
fd6a4531-4ad6-54eb-8977-6b6c2294b695,f5cff305-cc46-5036-89ad-dd1f8b621a9d,c0533b37-8d16-5c9a-b16c-8cdbac66ee7e,,1,2026-04-28 12:00:00+02:00,2026-04-28 12:20:00+02:00,20,home,Cologne,,DE,client office,Cologne,,DE,car_sharing,pay-as-you-go,,,6.79,6.36,6.36,1.018,False,True,False,False,,0
55092f9b-4769-53ce-b232-04b65e33e0c1,f33f4709-0022-5c9d-9d27-f997d4c0f9ab,c0533b37-8d16-5c9a-b16c-8cdbac66ee7e,1a84f72e-f10f-51c0-a85e-12239e154748,1,2026-04-29 08:03:00+02:00,2026-04-29 08:18:00+02:00,15,home,Cologne,,DE,office,Cologne,,DE,public_transport,subscription,,,6.97,0.0,2.9,0.279,False,True,False,False,,0
54e21465-11dd-54e2-bda9-cf74e2a24da2,aa527201-39e0-5309-8972-5f454a642c09,c0533b37-8d16-5c9a-b16c-8cdbac66ee7e,1a84f72e-f10f-51c0-a85e-12239e154748,1,2026-04-29 17:25:00+02:00,2026-04-29 17:40:00+02:00,15,office,Cologne,,DE,home,Cologne,,DE,public_transport,subscription,,,6.97,0.0,2.9,0.279,False,True,False,False,,0
2fa70a87-b55c-5aa2-a889-fcaa6f6993f0,df71271a-a86a-58e3-b0a0-2143e2c96f5f,c0533b37-8d16-5c9a-b16c-8cdbac66ee7e,a8a23376-4344-5566-aeff-b7ff1bde0a86,1,2026-04-29 19:00:00+02:00,2026-04-29 19:10:00+02:00,10,home,Cologne,,DE,gym,Cologne,,DE,e_scooter,subscription,,,1.8,2.2,3.5,0.036,False,True,False,False,,0
51c6225c-ac60-53d7-b233-b4af4aaccbdd,6795a7d7-3fd6-5c7e-aa22-c8ace1302b56,c0533b37-8d16-5c9a-b16c-8cdbac66ee7e,1a84f72e-f10f-51c0-a85e-12239e154748,1,2026-04-30 08:15:00+02:00,2026-04-30 08:29:00+02:00,14,home,Cologne,,DE,office,Cologne,,DE,public_transport,subscription,,,6.45,0.0,2.9,0.258,False,True,False,False,,0
05151a5a-e2f1-5192-94d7-efcf2cdf8550,ee363025-eb9f-5e2b-8819-35968b833944,c0533b37-8d16-5c9a-b16c-8cdbac66ee7e,1a84f72e-f10f-51c0-a85e-12239e154748,1,2026-04-30 17:45:00+02:00,2026-04-30 17:59:00+02:00,14,office,Cologne,,DE,home,Cologne,,DE,public_transport,subscription,,,6.45,0.0,2.9,0.258,False,True,False,False,,0
132a8b04-db1f-57b2-9db5-9de66806b475,e51a2c8f-5143-5c3e-b205-4672a25e7cff,c0533b37-8d16-5c9a-b16c-8cdbac66ee7e,,1,2026-04-30 15:00:00+02:00,2026-04-30 15:22:00+02:00,22,home,Cologne,,DE,supermarket,Cologne,,DE,car_sharing,pay-as-you-go,,,5.76,5.55,5.55,0.864,False,True,False,False,,0
35da7310-cf04-5680-b653-cbe68698230c,054ac40f-40ec-57b4-b9cf-e22aeed220ea,c0533b37-8d16-5c9a-b16c-8cdbac66ee7e,a8a23376-4344-5566-aeff-b7ff1bde0a86,1,2026-04-30 11:00:00+02:00,2026-04-30 11:08:00+02:00,8,home,Cologne,,DE,gym,Cologne,,DE,e_scooter,subscription,,,1.44,1.76,3.0,0.029,False,True,False,False,,0
7b81baab-a8bd-5959-94cd-24be1980b752,07129871-5e2e-596f-890b-6d5c5651fff9,c0533b37-8d16-5c9a-b16c-8cdbac66ee7e,1a84f72e-f10f-51c0-a85e-12239e154748,1,2026-05-01 08:13:00+02:00,2026-05-01 08:27:00+02:00,14,home,Cologne,,DE,office,Cologne,,DE,public_transport,subscription,,,6.43,0.0,2.9,0.257,False,True,False,False,,0
4dc900cc-ee82-56ea-82c2-7c9d8c4a0957,44c90314-ed29-527a-ab0e-8240ac795e85,c0533b37-8d16-5c9a-b16c-8cdbac66ee7e,1a84f72e-f10f-51c0-a85e-12239e154748,1,2026-05-01 17:31:00+02:00,2026-05-01 17:45:00+02:00,14,office,Cologne,,DE,home,Cologne,,DE,public_transport,subscription,,,6.43,0.0,2.9,0.257,False,True,False,False,,0
1aba66c8-2644-5d68-8fef-d080e548ba08,007b23e4-0710-5e7c-b54a-6f8fcc45ce8c,c0533b37-8d16-5c9a-b16c-8cdbac66ee7e,,1,2026-05-01 15:00:00+02:00,2026-05-01 15:24:00+02:00,24,home,Cologne,,DE,print shop,Cologne,,DE,car_sharing,pay-as-you-go,,,6.48,6.12,6.12,0.972,False,True,False,False,,0
0644f70b-a206-5918-8dbe-fa7a72727a9b,650bc2d5-66d8-5f6b-a7cb-bfd635cab25a,c0533b37-8d16-5c9a-b16c-8cdbac66ee7e,,1,2026-05-02 10:00:00+02:00,2026-05-02 10:16:00+02:00,16,home,Cologne,,DE,hardware store,Cologne,,DE,car_sharing,pay-as-you-go,,,4.53,4.58,4.58,0.679,False,True,False,False,,0
9a362b52-f2ce-57f1-a6fe-f156b72887c8,5238d189-6860-5ef0-9283-d37b64a00068,c0533b37-8d16-5c9a-b16c-8cdbac66ee7e,a8a23376-4344-5566-aeff-b7ff1bde0a86,1,2026-05-02 21:00:00+02:00,2026-05-02 21:09:00+02:00,9,home,Cologne,,DE,cafe,Cologne,,DE,e_scooter,subscription,,,1.62,1.98,3.25,0.032,False,True,False,False,,0
82ecc577-d6d2-5789-88b8-a685735eae33,51772ce1-58e4-57c7-b0d5-34b42b11b29b,c0533b37-8d16-5c9a-b16c-8cdbac66ee7e,1a84f72e-f10f-51c0-a85e-12239e154748,1,2026-05-04 08:08:00+02:00,2026-05-04 08:24:00+02:00,16,home,Cologne,,DE,office,Cologne,,DE,public_transport,subscription,,,7.39,0.0,2.9,0.296,False,True,False,False,,0
619d3389-5dd9-5539-8925-746adba561a5,f52ed014-ceac-5d74-8d1c-4a6b417d234d,c0533b37-8d16-5c9a-b16c-8cdbac66ee7e,1a84f72e-f10f-51c0-a85e-12239e154748,1,2026-05-04 17:23:00+02:00,2026-05-04 17:39:00+02:00,16,office,Cologne,,DE,home,Cologne,,DE,public_transport,subscription,,,7.39,0.0,2.9,0.296,False,True,False,False,,0
0f864099-2c3d-53c8-be0b-4040536a633e,23f8084b-dbee-521f-9292-4ccb26ef4a7e,c0533b37-8d16-5c9a-b16c-8cdbac66ee7e,,1,2026-05-04 11:00:00+02:00,2026-05-04 11:18:00+02:00,18,home,Cologne,,DE,client office,Cologne,,DE,car_sharing,pay-as-you-go,,,4.8,4.79,4.79,0.72,False,True,False,False,,0
70bc83f5-08ec-53c1-9171-a89ae260aeb2,40dacdc4-32fa-5187-8105-ae92f69eb68c,c0533b37-8d16-5c9a-b16c-8cdbac66ee7e,a8a23376-4344-5566-aeff-b7ff1bde0a86,1,2026-05-04 10:00:00+02:00,2026-05-04 10:06:00+02:00,6,home,Cologne,,DE,friend's place,Cologne,,DE,e_scooter,subscription,,,1.08,1.32,2.5,0.022,False,True,False,False,,0
cef4f335-7e30-57ab-9cf6-8e800c0dad2e,053bd11b-728c-5763-969b-004a5cd0dfe5,c0533b37-8d16-5c9a-b16c-8cdbac66ee7e,1a84f72e-f10f-51c0-a85e-12239e154748,1,2026-05-05 08:08:00+02:00,2026-05-05 08:25:00+02:00,17,home,Cologne,,DE,office,Cologne,,DE,public_transport,subscription,,,7.68,0.0,2.9,0.307,False,True,False,False,,0
c5d370ad-84a7-52c6-8041-2efcbd0366c6,f3d65209-e7ae-58bd-896d-4ecc39bd6a17,c0533b37-8d16-5c9a-b16c-8cdbac66ee7e,1a84f72e-f10f-51c0-a85e-12239e154748,1,2026-05-05 17:15:00+02:00,2026-05-05 17:32:00+02:00,17,office,Cologne,,DE,home,Cologne,,DE,public_transport,subscription,,,7.68,0.0,2.9,0.307,False,True,False,False,,0
378ad969-3f5f-52b5-92f2-48d9c8b1c29c,ac83ac61-cbe8-5773-bf2f-0aebc9062632,c0533b37-8d16-5c9a-b16c-8cdbac66ee7e,1a84f72e-f10f-51c0-a85e-12239e154748,1,2026-05-06 08:04:00+02:00,2026-05-06 08:20:00+02:00,16,home,Cologne,,DE,office,Cologne,,DE,public_transport,subscription,,,7.28,0.0,2.9,0.291,False,True,False,False,,0
5fa9eae1-ad3b-5661-8415-409bf2c91450,16d2f86d-afcf-56af-8f0d-f6adff2bba29,c0533b37-8d16-5c9a-b16c-8cdbac66ee7e,1a84f72e-f10f-51c0-a85e-12239e154748,1,2026-05-06 17:19:00+02:00,2026-05-06 17:35:00+02:00,16,office,Cologne,,DE,home,Cologne,,DE,public_transport,subscription,,,7.28,0.0,2.9,0.291,False,True,False,False,,0
48f5649f-9b16-5ad3-9668-656f9767f4d8,2444aec4-388e-547e-b7c0-8dabfff80def,c0533b37-8d16-5c9a-b16c-8cdbac66ee7e,,1,2026-05-07 16:00:00+02:00,2026-05-07 16:22:00+02:00,22,home,Cologne,,DE,client office,Cologne,,DE,car_sharing,pay-as-you-go,,,6.39,6.05,6.05,0.958,False,True,False,False,,0
0125ce25-e121-5b7f-86ae-dbec48051513,f38bc9e9-d73b-5b87-b67e-3f364a5c5319,c0533b37-8d16-5c9a-b16c-8cdbac66ee7e,1a84f72e-f10f-51c0-a85e-12239e154748,1,2026-05-08 08:19:00+02:00,2026-05-08 08:35:00+02:00,16,home,Cologne,,DE,office,Cologne,,DE,public_transport,subscription,,,7.16,0.0,2.9,0.286,False,True,False,False,,0
e985814a-981e-53b8-85d0-e2ed2819ae96,d5ee24fb-96b2-5d83-9adf-8f8589b8a5a2,c0533b37-8d16-5c9a-b16c-8cdbac66ee7e,1a84f72e-f10f-51c0-a85e-12239e154748,1,2026-05-08 17:27:00+02:00,2026-05-08 17:43:00+02:00,16,office,Cologne,,DE,home,Cologne,,DE,public_transport,subscription,,,7.16,0.0,2.9,0.286,False,True,False,False,,0
6374f321-b9d5-534f-ad5e-3c295622ebb7,5627d2fb-2365-5e88-a8a4-63412780eda8,c0533b37-8d16-5c9a-b16c-8cdbac66ee7e,,1,2026-05-08 11:00:00+02:00,2026-05-08 11:23:00+02:00,23,home,Cologne,,DE,print shop,Cologne,,DE,car_sharing,pay-as-you-go,,,7.34,6.8,6.8,1.101,False,True,False,False,,0
ebc761dc-6d1d-5a20-b967-304e7a121dac,df647413-d341-5a3d-9c80-3b111bbe0a87,c0533b37-8d16-5c9a-b16c-8cdbac66ee7e,,1,2026-05-10 15:00:00+02:00,2026-05-10 15:25:00+02:00,25,home,Cologne,,DE,Rhine promenade,Cologne,,DE,bike_sharing,pay-as-you-go,,,5.0,4.0,4.0,0.025,False,True,False,False,,0
c7d78b10-89e6-5400-9230-61c4a24536c8,b432d129-8a75-54aa-a847-473a8f6019fe,c0533b37-8d16-5c9a-b16c-8cdbac66ee7e,a8a23376-4344-5566-aeff-b7ff1bde0a86,1,2026-05-10 15:00:00+02:00,2026-05-10 15:15:00+02:00,15,home,Cologne,,DE,cafe,Cologne,,DE,e_scooter,subscription,,,2.7,3.3,4.75,0.054,False,True,False,False,,0
55ba6bb6-8537-50b5-ba2f-760ff88904e5,54711a99-810b-504d-a063-18e6acec6961,c0533b37-8d16-5c9a-b16c-8cdbac66ee7e,1a84f72e-f10f-51c0-a85e-12239e154748,1,2026-05-11 08:19:00+02:00,2026-05-11 08:34:00+02:00,15,home,Cologne,,DE,office,Cologne,,DE,public_transport,subscription,,,6.87,0.0,2.9,0.275,False,True,False,False,,0
0e56ab39-f637-5a46-a0c7-23b3a8f5193f,3bf365a3-c0c3-537d-b439-c7e387b83bb9,c0533b37-8d16-5c9a-b16c-8cdbac66ee7e,1a84f72e-f10f-51c0-a85e-12239e154748,1,2026-05-11 17:36:00+02:00,2026-05-11 17:51:00+02:00,15,office,Cologne,,DE,home,Cologne,,DE,public_transport,subscription,,,6.87,0.0,2.9,0.275,False,True,False,False,,0
c4b2bcba-714c-5998-9c71-8aa3f9ff101e,700d2d54-a556-584d-b0c3-e0953515903e,c0533b37-8d16-5c9a-b16c-8cdbac66ee7e,,1,2026-05-11 16:00:00+02:00,2026-05-11 16:24:00+02:00,24,home,Cologne,,DE,print shop,Cologne,,DE,car_sharing,pay-as-you-go,,,7.08,6.59,6.59,1.062,False,True,False,False,,0
81989e1e-e7e3-594b-b97e-5e24ab1186d1,70891d69-a794-5fd3-a4b9-b8b80238e0b6,c0533b37-8d16-5c9a-b16c-8cdbac66ee7e,a8a23376-4344-5566-aeff-b7ff1bde0a86,1,2026-05-11 11:00:00+02:00,2026-05-11 11:08:00+02:00,8,home,Cologne,,DE,gym,Cologne,,DE,e_scooter,subscription,,,1.44,1.76,3.0,0.029,False,True,False,False,,0
3896e520-9bff-58a1-80a7-5d53e1dc1f7f,ab350d96-12c1-5017-90f9-c6d5ea8e4116,c0533b37-8d16-5c9a-b16c-8cdbac66ee7e,1a84f72e-f10f-51c0-a85e-12239e154748,1,2026-05-12 08:08:00+02:00,2026-05-12 08:24:00+02:00,16,home,Cologne,,DE,office,Cologne,,DE,public_transport,subscription,,,7.29,0.0,2.9,0.292,False,True,False,False,,0
9e2fc8a5-917f-5212-863c-205157212f26,4902b97a-69f3-5142-b04a-94f898779b0d,c0533b37-8d16-5c9a-b16c-8cdbac66ee7e,1a84f72e-f10f-51c0-a85e-12239e154748,1,2026-05-12 17:16:00+02:00,2026-05-12 17:32:00+02:00,16,office,Cologne,,DE,home,Cologne,,DE,public_transport,subscription,,,7.29,0.0,2.9,0.292,False,True,False,False,,0
2d0c5eaa-f214-50d2-b2f3-e6dcded94943,e5eb7c9c-ca2c-5bc6-86ca-2a3e2909f173,c0533b37-8d16-5c9a-b16c-8cdbac66ee7e,a8a23376-4344-5566-aeff-b7ff1bde0a86,1,2026-05-12 19:00:00+02:00,2026-05-12 19:07:00+02:00,7,home,Cologne,,DE,gym,Cologne,,DE,e_scooter,subscription,,,1.26,1.54,2.75,0.025,False,True,False,False,,0
a7ef20a1-c62c-5146-a178-d2b0e7b62e6a,29b7c766-9492-528a-afce-7f96028d7e4e,c0533b37-8d16-5c9a-b16c-8cdbac66ee7e,1a84f72e-f10f-51c0-a85e-12239e154748,1,2026-05-13 08:04:00+02:00,2026-05-13 08:21:00+02:00,17,home,Cologne,,DE,office,Cologne,,DE,public_transport,subscription,,,7.74,0.0,2.9,0.31,False,True,False,False,,0
e18e3de5-8c0c-5986-be73-d449cd599776,7c446f95-e1c3-5758-b432-a499348d0413,c0533b37-8d16-5c9a-b16c-8cdbac66ee7e,1a84f72e-f10f-51c0-a85e-12239e154748,1,2026-05-13 17:29:00+02:00,2026-05-13 17:46:00+02:00,17,office,Cologne,,DE,home,Cologne,,DE,public_transport,subscription,,,7.74,0.0,2.9,0.31,False,True,False,False,,0
32c917de-62d3-5bc5-b992-bd13c44298e6,327c4ac3-acaa-5065-b854-6d43a361fe04,c0533b37-8d16-5c9a-b16c-8cdbac66ee7e,1a84f72e-f10f-51c0-a85e-12239e154748,1,2026-05-14 08:11:00+02:00,2026-05-14 08:27:00+02:00,16,home,Cologne,,DE,office,Cologne,,DE,public_transport,subscription,,,7.05,0.0,2.9,0.282,False,True,False,False,,0
3d86681c-bb9d-51d3-b5c6-edbdf0d22466,61332bc8-cb0e-5680-9e12-678422df155c,c0533b37-8d16-5c9a-b16c-8cdbac66ee7e,1a84f72e-f10f-51c0-a85e-12239e154748,1,2026-05-14 17:33:00+02:00,2026-05-14 17:49:00+02:00,16,office,Cologne,,DE,home,Cologne,,DE,public_transport,subscription,,,7.05,0.0,2.9,0.282,False,True,False,False,,0
6f3ae1fc-0bce-5e64-a848-01f0d770275e,d61110ce-0f1e-51ae-a7ce-d928333b511f,c0533b37-8d16-5c9a-b16c-8cdbac66ee7e,,1,2026-05-14 18:00:00+02:00,2026-05-14 18:24:00+02:00,24,home,Cologne,,DE,client office,Cologne,,DE,car_sharing,pay-as-you-go,,,6.89,6.44,6.44,1.033,False,True,False,False,,0
ed6fae22-ce13-529c-8435-4ab55a0b9fa4,776486be-6532-55d7-a9ef-58c51e61b6c4,c0533b37-8d16-5c9a-b16c-8cdbac66ee7e,1a84f72e-f10f-51c0-a85e-12239e154748,1,2026-05-15 08:04:00+02:00,2026-05-15 08:19:00+02:00,15,home,Cologne,,DE,office,Cologne,,DE,public_transport,subscription,,,6.96,0.0,2.9,0.278,False,True,False,False,,0
86ce374c-c9d4-5f54-9b93-36e8a49da510,66378d83-240e-5f12-8632-e95de97323db,c0533b37-8d16-5c9a-b16c-8cdbac66ee7e,1a84f72e-f10f-51c0-a85e-12239e154748,1,2026-05-15 17:37:00+02:00,2026-05-15 17:52:00+02:00,15,office,Cologne,,DE,home,Cologne,,DE,public_transport,subscription,,,6.96,0.0,2.9,0.278,False,True,False,False,,0
f564fe40-7eda-5409-bd47-c2d13ab94cac,e16e94b2-8766-5802-af61-0c082155208e,c0533b37-8d16-5c9a-b16c-8cdbac66ee7e,,1,2026-05-15 17:00:00+02:00,2026-05-15 17:23:00+02:00,23,home,Cologne,,DE,print shop,Cologne,,DE,car_sharing,pay-as-you-go,,,7.78,7.15,7.15,1.167,False,True,False,False,,0
50bf6d0d-e637-5b3a-8230-e813741d63d7,e3d7ce79-8071-5817-b2d1-841f96fdc342,c0533b37-8d16-5c9a-b16c-8cdbac66ee7e,,1,2026-05-17 17:00:00+02:00,2026-05-17 17:20:00+02:00,20,home,Cologne,,DE,supermarket,Cologne,,DE,car_sharing,pay-as-you-go,,,5.58,5.41,5.41,0.837,False,True,False,False,,0
f72330d9-8866-5f06-a46c-5f6d2db1bdae,c04f98cb-c746-5bd5-a614-9d17068a75f2,c0533b37-8d16-5c9a-b16c-8cdbac66ee7e,a8a23376-4344-5566-aeff-b7ff1bde0a86,1,2026-05-17 10:00:00+02:00,2026-05-17 10:10:00+02:00,10,home,Cologne,,DE,gym,Cologne,,DE,e_scooter,subscription,,,1.8,2.2,3.5,0.036,False,True,False,False,,0
7b9b3ac9-d60f-5077-927c-d9c5d163518f,651db79b-23fe-59d2-b481-15ec7b622a82,c0533b37-8d16-5c9a-b16c-8cdbac66ee7e,1a84f72e-f10f-51c0-a85e-12239e154748,1,2026-05-18 08:16:00+02:00,2026-05-18 08:30:00+02:00,14,home,Cologne,,DE,office,Cologne,,DE,public_transport,subscription,,,6.21,0.0,2.9,0.248,False,True,False,False,,0
af328476-1113-5e2d-a0b7-dcb067292fc7,18f912e4-d032-5ad4-887a-bf8d191113ad,c0533b37-8d16-5c9a-b16c-8cdbac66ee7e,1a84f72e-f10f-51c0-a85e-12239e154748,1,2026-05-18 17:17:00+02:00,2026-05-18 17:31:00+02:00,14,office,Cologne,,DE,home,Cologne,,DE,public_transport,subscription,,,6.21,0.0,2.9,0.248,False,True,False,False,,0
72a34bf4-8db3-508d-9d1d-22fcbf6812ed,f3dbff96-d3f1-5ba7-a58a-7318dcfabe4a,c0533b37-8d16-5c9a-b16c-8cdbac66ee7e,,1,2026-05-18 17:00:00+02:00,2026-05-18 17:19:00+02:00,19,home,Cologne,,DE,supermarket,Cologne,,DE,car_sharing,pay-as-you-go,,,6.26,5.95,5.95,0.939,False,True,False,False,,0
14e0f119-fe02-5c8a-8628-298cd545ea16,39a8d196-7c8e-5bf1-9992-2e080ccd0a5c,c0533b37-8d16-5c9a-b16c-8cdbac66ee7e,1a84f72e-f10f-51c0-a85e-12239e154748,1,2026-05-19 08:08:00+02:00,2026-05-19 08:22:00+02:00,14,home,Cologne,,DE,office,Cologne,,DE,public_transport,subscription,,,6.23,0.0,2.9,0.249,False,True,False,False,,0
1b4a2f40-124e-51cd-800e-3f1625e2520f,023d7105-483d-56df-b533-088cbecb1180,c0533b37-8d16-5c9a-b16c-8cdbac66ee7e,1a84f72e-f10f-51c0-a85e-12239e154748,1,2026-05-19 17:40:00+02:00,2026-05-19 17:54:00+02:00,14,office,Cologne,,DE,home,Cologne,,DE,public_transport,subscription,,,6.23,0.0,2.9,0.249,False,True,False,False,,0
01b6fed9-ea0a-5655-941d-c933c941a713,4371229b-f5c1-577a-8f1d-f84360b78877,c0533b37-8d16-5c9a-b16c-8cdbac66ee7e,a8a23376-4344-5566-aeff-b7ff1bde0a86,1,2026-05-19 15:00:00+02:00,2026-05-19 15:15:00+02:00,15,home,Cologne,,DE,gym,Cologne,,DE,e_scooter,subscription,,,2.7,3.3,4.75,0.054,False,True,False,False,,0
e66d02a9-015c-5677-bd25-b6e11d5e0e63,b94acc70-03d1-50ef-8b2a-00021b51a99b,c0533b37-8d16-5c9a-b16c-8cdbac66ee7e,1a84f72e-f10f-51c0-a85e-12239e154748,1,2026-05-20 08:20:00+02:00,2026-05-20 08:35:00+02:00,15,home,Cologne,,DE,office,Cologne,,DE,public_transport,subscription,,,6.8,0.0,2.9,0.272,False,True,False,False,,0
ec9cb1f6-a30f-5ae3-9d4f-d9477e2dcba2,44f90a03-10ad-5500-adbb-ddebfa5e8241,c0533b37-8d16-5c9a-b16c-8cdbac66ee7e,1a84f72e-f10f-51c0-a85e-12239e154748,1,2026-05-20 17:33:00+02:00,2026-05-20 17:48:00+02:00,15,office,Cologne,,DE,home,Cologne,,DE,public_transport,subscription,,,6.8,0.0,2.9,0.272,False,True,False,False,,0
d1280730-d371-535b-b438-1d7ee5107318,9508f840-4bcd-5773-8433-d737ba6b890f,c0533b37-8d16-5c9a-b16c-8cdbac66ee7e,,1,2026-05-20 18:00:00+02:00,2026-05-20 18:22:00+02:00,22,home,Cologne,,DE,print shop,Cologne,,DE,car_sharing,pay-as-you-go,,,6.51,6.14,6.14,0.976,False,True,False,False,,0
3ff0e6de-5c45-543e-8da2-8ec5c4e2727d,0f253100-8e08-5cbb-a422-d910e2630fa3,c0533b37-8d16-5c9a-b16c-8cdbac66ee7e,a8a23376-4344-5566-aeff-b7ff1bde0a86,1,2026-05-20 13:00:00+02:00,2026-05-20 13:09:00+02:00,9,home,Cologne,,DE,gym,Cologne,,DE,e_scooter,subscription,,,1.62,1.98,3.25,0.032,False,True,False,False,,0
f229884c-8990-5f3a-8099-1359f2da9e66,4999a7fc-8a7d-5907-9b07-407e2049de6e,c0533b37-8d16-5c9a-b16c-8cdbac66ee7e,,1,2026-05-21 17:00:00+02:00,2026-05-21 17:24:00+02:00,24,home,Cologne,,DE,client office,Cologne,,DE,car_sharing,pay-as-you-go,,,6.77,6.35,6.35,1.015,False,True,False,False,,0
4f379e04-dba2-5b41-a9aa-9678bd2d1eeb,1fa9cbbc-9c05-5ef7-a987-07d059d8e6a4,c0533b37-8d16-5c9a-b16c-8cdbac66ee7e,a8a23376-4344-5566-aeff-b7ff1bde0a86,1,2026-05-21 14:00:00+02:00,2026-05-21 14:12:00+02:00,12,home,Cologne,,DE,friend's place,Cologne,,DE,e_scooter,subscription,,,2.16,2.64,4.0,0.043,False,True,False,False,,0
85ee51c0-fb80-51a9-8f67-fa61152f5422,6ce9281d-a418-5061-ab00-bc5d9e5c0273,c0533b37-8d16-5c9a-b16c-8cdbac66ee7e,1a84f72e-f10f-51c0-a85e-12239e154748,1,2026-05-22 08:13:00+02:00,2026-05-22 08:29:00+02:00,16,home,Cologne,,DE,office,Cologne,,DE,public_transport,subscription,,,7.23,0.0,2.9,0.289,False,True,False,False,,0
38996eb1-81ca-52c1-ab34-c19a588bd10e,31ab55c1-959f-5a54-9bf0-8a5bd8193e7d,c0533b37-8d16-5c9a-b16c-8cdbac66ee7e,1a84f72e-f10f-51c0-a85e-12239e154748,1,2026-05-22 17:36:00+02:00,2026-05-22 17:52:00+02:00,16,office,Cologne,,DE,home,Cologne,,DE,public_transport,subscription,,,7.23,0.0,2.9,0.289,False,True,False,False,,0
6059c0f4-d4f6-577b-9bc3-37cd873d0d38,dde2858b-f72e-5bf6-a10b-a248a2103b04,c0533b37-8d16-5c9a-b16c-8cdbac66ee7e,,1,2026-05-22 17:00:00+02:00,2026-05-22 17:24:00+02:00,24,home,Cologne,,DE,client office,Cologne,,DE,car_sharing,pay-as-you-go,,,6.38,6.04,6.04,0.957,False,True,False,False,,0
c06707ad-6572-5563-a311-56a61df7bb52,c008cdec-c080-56d0-be11-2aced387ef12,c0533b37-8d16-5c9a-b16c-8cdbac66ee7e,1a84f72e-f10f-51c0-a85e-12239e154748,1,2026-05-26 08:01:00+02:00,2026-05-26 08:18:00+02:00,17,home,Cologne,,DE,office,Cologne,,DE,public_transport,subscription,,,7.85,0.0,2.9,0.314,False,True,False,False,,0
8cd7d39b-5330-5c13-aded-af9098dd69dc,e690e1b8-9bce-579f-a79a-5f017d81f4ff,c0533b37-8d16-5c9a-b16c-8cdbac66ee7e,1a84f72e-f10f-51c0-a85e-12239e154748,1,2026-05-26 17:19:00+02:00,2026-05-26 17:36:00+02:00,17,office,Cologne,,DE,home,Cologne,,DE,public_transport,subscription,,,7.85,0.0,2.9,0.314,False,True,False,False,,0
b150d2af-37eb-5943-986f-02863bf182a9,8ad5228f-55e6-5c4c-b624-8c02a28f27e0,c0533b37-8d16-5c9a-b16c-8cdbac66ee7e,,1,2026-05-26 17:00:00+02:00,2026-05-26 17:24:00+02:00,24,home,Cologne,,DE,client office,Cologne,,DE,car_sharing,pay-as-you-go,,,6.47,6.11,6.11,0.97,False,True,False,False,,0
85c466af-e752-5966-a023-30e508486770,9222cd17-b2a7-5bc7-b5a7-7c44875fa72f,c0533b37-8d16-5c9a-b16c-8cdbac66ee7e,1a84f72e-f10f-51c0-a85e-12239e154748,1,2026-05-27 08:15:00+02:00,2026-05-27 08:29:00+02:00,14,home,Cologne,,DE,office,Cologne,,DE,public_transport,subscription,,,6.5,0.0,2.9,0.26,False,True,False,False,,0
08691c6a-56b5-5998-9263-b7787f34bce2,0abf2288-8bd8-5c83-8937-d34d0500fefe,c0533b37-8d16-5c9a-b16c-8cdbac66ee7e,1a84f72e-f10f-51c0-a85e-12239e154748,1,2026-05-27 17:16:00+02:00,2026-05-27 17:30:00+02:00,14,office,Cologne,,DE,home,Cologne,,DE,public_transport,subscription,,,6.5,0.0,2.9,0.26,False,True,False,False,,0
ad649ae7-6dfd-5a96-90d3-de2dca5435b4,abf55b3f-b848-5da2-9155-54dc37043f5c,c0533b37-8d16-5c9a-b16c-8cdbac66ee7e,,1,2026-05-27 13:00:00+02:00,2026-05-27 13:20:00+02:00,20,home,Cologne,,DE,print shop,Cologne,,DE,car_sharing,pay-as-you-go,,,6.18,5.88,5.88,0.927,False,True,False,False,,0
73f21a4e-ce7e-51cd-9e86-7389b5b6efcc,2258388f-6fd7-511e-a71f-7ec749229a24,c0533b37-8d16-5c9a-b16c-8cdbac66ee7e,1a84f72e-f10f-51c0-a85e-12239e154748,1,2026-05-28 08:15:00+02:00,2026-05-28 08:29:00+02:00,14,home,Cologne,,DE,office,Cologne,,DE,public_transport,subscription,,,6.23,0.0,2.9,0.249,False,True,False,False,,0
a63d2e93-b506-55bc-a660-2fe713d531b3,40bf8154-8e36-501a-bf04-52f13987aa30,c0533b37-8d16-5c9a-b16c-8cdbac66ee7e,1a84f72e-f10f-51c0-a85e-12239e154748,1,2026-05-28 17:24:00+02:00,2026-05-28 17:38:00+02:00,14,office,Cologne,,DE,home,Cologne,,DE,public_transport,subscription,,,6.23,0.0,2.9,0.249,False,True,False,False,,0
11fcaeed-611e-5947-9009-81fe619b15c2,57fed26f-8046-51af-b4ba-0c1b03a1b8fe,c0533b37-8d16-5c9a-b16c-8cdbac66ee7e,,1,2026-05-28 15:00:00+02:00,2026-05-28 15:21:00+02:00,21,home,Cologne,,DE,print shop,Cologne,,DE,car_sharing,pay-as-you-go,,,7.29,6.76,6.76,1.093,False,True,False,False,,0
72a9de9a-9b9c-5578-8ce3-4a1c4c91471f,7a79ce6c-4521-5cab-9b82-ed4d622cb06f,c0533b37-8d16-5c9a-b16c-8cdbac66ee7e,,1,2026-05-29 11:00:00+02:00,2026-05-29 11:25:00+02:00,25,home,Cologne,,DE,client office,Cologne,,DE,car_sharing,pay-as-you-go,,,7.95,7.28,7.28,1.192,False,True,False,False,,0
528677a5-0152-545f-bbf1-eb630cba516a,df5a04c6-101a-5502-9edf-9e03639b2c9a,c0533b37-8d16-5c9a-b16c-8cdbac66ee7e,,1,2026-05-31 14:00:00+02:00,2026-05-31 14:35:00+02:00,35,home,Cologne,,DE,Rhine promenade,Cologne,,DE,bike_sharing,pay-as-you-go,,,7.0,5.2,5.2,0.035,False,True,False,False,,0
2bd6d46b-118c-5888-b30c-7cbecfea886d,87c2c5b7-4d90-56eb-ae93-2a08edcf0973,c0533b37-8d16-5c9a-b16c-8cdbac66ee7e,a8a23376-4344-5566-aeff-b7ff1bde0a86,1,2026-05-31 10:00:00+02:00,2026-05-31 10:09:00+02:00,9,home,Cologne,,DE,friend's place,Cologne,,DE,e_scooter,subscription,,,1.62,1.98,3.25,0.032,False,True,False,False,,0
b837504b-637f-577c-95b6-1d16189db266,35a7e828-da90-5f56-9960-d6331c2e1a0c,c0533b37-8d16-5c9a-b16c-8cdbac66ee7e,1a84f72e-f10f-51c0-a85e-12239e154748,1,2026-06-02 08:08:00+02:00,2026-06-02 08:23:00+02:00,15,home,Cologne,,DE,office,Cologne,,DE,public_transport,subscription,,,6.94,0.0,2.9,0.278,False,True,False,False,,0
a170d76a-e431-5d61-8ba0-b3eb34579d25,cdd995fa-8dcd-5bd3-b4f6-5319a5cf55d7,c0533b37-8d16-5c9a-b16c-8cdbac66ee7e,1a84f72e-f10f-51c0-a85e-12239e154748,1,2026-06-02 17:28:00+02:00,2026-06-02 17:43:00+02:00,15,office,Cologne,,DE,home,Cologne,,DE,public_transport,subscription,,,6.94,0.0,2.9,0.278,False,True,False,False,,0
28176f85-0b77-526d-b611-c60d2f17a78a,5b663bd3-c984-5e2d-8e1c-aac6869d6bc8,c0533b37-8d16-5c9a-b16c-8cdbac66ee7e,,1,2026-06-03 11:00:00+02:00,2026-06-03 11:24:00+02:00,24,home,Cologne,,DE,client office,Cologne,,DE,car_sharing,pay-as-you-go,,,6.77,6.35,6.35,1.015,False,True,False,False,,0
cc719640-ee54-58e4-8915-8d8265e78e98,a5b06725-ae40-5270-a088-2254758cbd50,c0533b37-8d16-5c9a-b16c-8cdbac66ee7e,a8a23376-4344-5566-aeff-b7ff1bde0a86,1,2026-06-03 14:00:00+02:00,2026-06-03 14:15:00+02:00,15,home,Cologne,,DE,cafe,Cologne,,DE,e_scooter,subscription,,,2.7,3.3,4.75,0.054,False,True,False,False,,0
ddc52c43-5720-59b5-ad74-e5f2623f4830,1ce94df6-1521-515e-9f4c-23134aa90b02,c0533b37-8d16-5c9a-b16c-8cdbac66ee7e,1a84f72e-f10f-51c0-a85e-12239e154748,1,2026-06-04 08:08:00+02:00,2026-06-04 08:25:00+02:00,17,home,Cologne,,DE,office,Cologne,,DE,public_transport,subscription,,,7.85,0.0,2.9,0.314,False,True,False,False,,0
bb94da27-13de-5714-8c22-ad05108030b5,0e176799-7b6b-55cf-b00f-8cd83ef85fd4,c0533b37-8d16-5c9a-b16c-8cdbac66ee7e,1a84f72e-f10f-51c0-a85e-12239e154748,1,2026-06-04 17:35:00+02:00,2026-06-04 17:52:00+02:00,17,office,Cologne,,DE,home,Cologne,,DE,public_transport,subscription,,,7.85,0.0,2.9,0.314,False,True,False,False,,0
fcd7fc84-ccc4-5341-8ac5-50ec307a0481,b85b2c72-5cfa-55c8-adf3-abc8c16de7f7,c0533b37-8d16-5c9a-b16c-8cdbac66ee7e,1a84f72e-f10f-51c0-a85e-12239e154748,1,2026-06-05 08:16:00+02:00,2026-06-05 08:30:00+02:00,14,home,Cologne,,DE,office,Cologne,,DE,public_transport,subscription,,,6.29,0.0,2.9,0.252,False,True,False,False,,0
f4c0f894-2fe8-5a32-ad09-2914dc095915,ea4a9a0f-3f34-5c5c-8dd6-ac7269b56754,c0533b37-8d16-5c9a-b16c-8cdbac66ee7e,1a84f72e-f10f-51c0-a85e-12239e154748,1,2026-06-05 17:33:00+02:00,2026-06-05 17:47:00+02:00,14,office,Cologne,,DE,home,Cologne,,DE,public_transport,subscription,,,6.29,0.0,2.9,0.252,False,True,False,False,,0
94af1f23-cdd7-57b5-b419-2e134eaa82ff,4e930c08-b599-5066-9fbb-e6085c0bcf9c,c0533b37-8d16-5c9a-b16c-8cdbac66ee7e,,1,2026-06-05 18:00:00+02:00,2026-06-05 18:23:00+02:00,23,home,Cologne,,DE,client office,Cologne,,DE,car_sharing,pay-as-you-go,,,6.98,6.51,6.51,1.047,False,True,False,False,,0
2985f1dc-141a-54c3-abd3-17d3db9eb744,37acf307-f52f-5435-b3ca-b0d3209b1f9c,c0533b37-8d16-5c9a-b16c-8cdbac66ee7e,a8a23376-4344-5566-aeff-b7ff1bde0a86,1,2026-06-05 11:00:00+02:00,2026-06-05 11:06:00+02:00,6,home,Cologne,,DE,gym,Cologne,,DE,e_scooter,subscription,,,1.08,1.32,2.5,0.022,False,True,False,False,,0
36fd6c33-aa7f-5ae1-b936-c7dc411b0d3d,b898eb9d-141a-5044-8271-bdded8e28c34,c0533b37-8d16-5c9a-b16c-8cdbac66ee7e,1a84f72e-f10f-51c0-a85e-12239e154748,1,2026-06-08 08:02:00+02:00,2026-06-08 08:18:00+02:00,16,home,Cologne,,DE,office,Cologne,,DE,public_transport,subscription,,,7.19,0.0,2.9,0.288,False,True,False,False,,0
a2f4e978-c68b-5890-a719-7f4f331d678c,8dd903db-8537-5d0b-a172-ce429ecf66d6,c0533b37-8d16-5c9a-b16c-8cdbac66ee7e,1a84f72e-f10f-51c0-a85e-12239e154748,1,2026-06-08 17:37:00+02:00,2026-06-08 17:53:00+02:00,16,office,Cologne,,DE,home,Cologne,,DE,public_transport,subscription,,,7.19,0.0,2.9,0.288,False,True,False,False,,0
d4a1f6c2-10ba-5ce5-af14-e6c9ea5c3b13,86cb93ef-9d13-5a0a-ad31-b80f027b060d,c0533b37-8d16-5c9a-b16c-8cdbac66ee7e,,1,2026-06-09 17:00:00+02:00,2026-06-09 17:24:00+02:00,24,home,Cologne,,DE,supermarket,Cologne,,DE,car_sharing,pay-as-you-go,,,7.35,6.81,6.81,1.102,False,True,False,False,,0
ba291fce-277a-5213-ad69-76795bcd880d,f5edeaf0-1690-5752-98f7-c1efe43c0059,c0533b37-8d16-5c9a-b16c-8cdbac66ee7e,a8a23376-4344-5566-aeff-b7ff1bde0a86,1,2026-06-09 18:00:00+02:00,2026-06-09 18:13:00+02:00,13,home,Cologne,,DE,friend's place,Cologne,,DE,e_scooter,subscription,,,2.34,2.86,4.25,0.047,False,True,False,False,,0
8af79137-c089-5b09-866d-254a171fad5a,6a4bcb44-bb7b-5521-8a84-f36708f2843d,c0533b37-8d16-5c9a-b16c-8cdbac66ee7e,,1,2026-06-10 13:00:00+02:00,2026-06-10 13:18:00+02:00,18,home,Cologne,,DE,supermarket,Cologne,,DE,car_sharing,pay-as-you-go,,,4.95,4.91,4.91,0.743,False,True,False,False,,0
749324c3-bd0e-5786-97ac-6494244fbd38,1654dffb-85a4-5e7d-b401-60fab28043ae,c0533b37-8d16-5c9a-b16c-8cdbac66ee7e,1a84f72e-f10f-51c0-a85e-12239e154748,1,2026-06-11 08:20:00+02:00,2026-06-11 08:35:00+02:00,15,home,Cologne,,DE,office,Cologne,,DE,public_transport,subscription,,,6.56,0.0,2.9,0.262,False,True,False,False,,0
efe343fb-33d9-5748-81fa-5377b7517482,7712ba94-dbab-59ec-ac82-7d96e7d51ded,c0533b37-8d16-5c9a-b16c-8cdbac66ee7e,1a84f72e-f10f-51c0-a85e-12239e154748,1,2026-06-11 17:34:00+02:00,2026-06-11 17:49:00+02:00,15,office,Cologne,,DE,home,Cologne,,DE,public_transport,subscription,,,6.56,0.0,2.9,0.262,False,True,False,False,,0
cd0bed73-cddf-5f95-adaa-ae30979cadfe,17a8a677-fa2a-56a1-98a5-071d10410568,c0533b37-8d16-5c9a-b16c-8cdbac66ee7e,,1,2026-06-11 13:00:00+02:00,2026-06-11 13:24:00+02:00,24,home,Cologne,,DE,client office,Cologne,,DE,car_sharing,pay-as-you-go,,,7.06,6.58,6.58,1.059,False,True,False,False,,0
0074190c-0357-529e-9d97-a68a6e699b60,3b629a09-2b27-5867-a466-9521486c2b5f,c0533b37-8d16-5c9a-b16c-8cdbac66ee7e,1a84f72e-f10f-51c0-a85e-12239e154748,1,2026-06-12 08:09:00+02:00,2026-06-12 08:26:00+02:00,17,home,Cologne,,DE,office,Cologne,,DE,public_transport,subscription,,,7.65,0.0,2.9,0.306,False,True,False,False,,0
5b6cded2-ca83-5ec1-b340-830adb277225,1c6f97fc-fa5b-5202-85a6-dea0fdbc5cac,c0533b37-8d16-5c9a-b16c-8cdbac66ee7e,1a84f72e-f10f-51c0-a85e-12239e154748,1,2026-06-12 17:32:00+02:00,2026-06-12 17:49:00+02:00,17,office,Cologne,,DE,home,Cologne,,DE,public_transport,subscription,,,7.65,0.0,2.9,0.306,False,True,False,False,,0
720857ea-8570-5d05-aa4b-ca05bcde64d6,7253a00d-2573-56bb-895e-f137500d0899,c0533b37-8d16-5c9a-b16c-8cdbac66ee7e,,1,2026-06-12 16:00:00+02:00,2026-06-12 16:27:00+02:00,27,home,Cologne,,DE,client office,Cologne,,DE,car_sharing,pay-as-you-go,,,7.71,7.09,7.09,1.156,False,True,False,False,,0
7f710400-3e6e-51dc-a46d-20505928f98d,c33cddc1-0c03-587f-924d-d396c5c3ecb5,c0533b37-8d16-5c9a-b16c-8cdbac66ee7e,,1,2026-06-14 11:00:00+02:00,2026-06-14 11:19:00+02:00,19,home,Cologne,,DE,hardware store,Cologne,,DE,car_sharing,pay-as-you-go,,,4.32,4.41,4.41,0.648,False,True,False,False,,0
f20ff3f6-e0df-5c5a-b711-04277fe6f18f,b852a387-8e70-52e6-b209-89ef4e114da8,c0533b37-8d16-5c9a-b16c-8cdbac66ee7e,,1,2026-06-14 11:00:00+02:00,2026-06-14 11:25:00+02:00,25,home,Cologne,,DE,Rhine promenade,Cologne,,DE,bike_sharing,pay-as-you-go,,,5.0,4.0,4.0,0.025,False,True,False,False,,0
9d00bb86-9b8f-5e72-92ed-a037393e9cff,07109d11-0af1-5361-b02a-d499e37b160a,c0533b37-8d16-5c9a-b16c-8cdbac66ee7e,a8a23376-4344-5566-aeff-b7ff1bde0a86,1,2026-06-14 13:00:00+02:00,2026-06-14 13:06:00+02:00,6,home,Cologne,,DE,friend's place,Cologne,,DE,e_scooter,subscription,,,1.08,1.32,2.5,0.022,False,True,False,False,,0
52ca98c6-4c91-5bfc-b20b-c45ba85d15c5,71831ac8-9bc4-57e0-9a6a-1f8acd3f3984,c0533b37-8d16-5c9a-b16c-8cdbac66ee7e,,1,2026-06-15 16:00:00+02:00,2026-06-15 16:22:00+02:00,22,home,Cologne,,DE,client office,Cologne,,DE,car_sharing,pay-as-you-go,,,6.0,5.74,5.74,0.9,False,True,False,False,,0
5e9d4253-f10e-56a5-be36-72a076f26eee,086aad0f-9aea-5f48-b88a-91aa20c5425c,c0533b37-8d16-5c9a-b16c-8cdbac66ee7e,a8a23376-4344-5566-aeff-b7ff1bde0a86,1,2026-06-15 19:00:00+02:00,2026-06-15 19:15:00+02:00,15,home,Cologne,,DE,cafe,Cologne,,DE,e_scooter,subscription,,,2.7,3.3,4.75,0.054,False,True,False,False,,0
940e8750-75a9-5158-a62f-ec5f2a3dde27,7dbcb40d-5568-594d-a35c-0e681f28a9c8,c0533b37-8d16-5c9a-b16c-8cdbac66ee7e,1a84f72e-f10f-51c0-a85e-12239e154748,1,2026-06-16 08:16:00+02:00,2026-06-16 08:34:00+02:00,18,home,Cologne,,DE,office,Cologne,,DE,public_transport,subscription,,,7.98,0.0,2.9,0.319,False,True,False,False,,0
0188688c-cdf2-577b-a5cf-730db89a22b4,b5638e69-1d92-5cdf-ae2a-b7dc8589c7e0,c0533b37-8d16-5c9a-b16c-8cdbac66ee7e,1a84f72e-f10f-51c0-a85e-12239e154748,1,2026-06-16 17:34:00+02:00,2026-06-16 17:52:00+02:00,18,office,Cologne,,DE,home,Cologne,,DE,public_transport,subscription,,,7.98,0.0,2.9,0.319,False,True,False,False,,0
28403587-9d62-5314-beba-bd3547f799a8,397431e4-f1e0-5938-b115-22a2f8e8c43a,c0533b37-8d16-5c9a-b16c-8cdbac66ee7e,1a84f72e-f10f-51c0-a85e-12239e154748,1,2026-06-17 08:00:00+02:00,2026-06-17 08:14:00+02:00,14,home,Cologne,,DE,office,Cologne,,DE,public_transport,subscription,,,6.47,0.0,2.9,0.259,False,True,False,False,,0
0fb4e712-bfec-507e-9502-f13e88dc523b,08b4b7ba-7275-5755-9987-a50d662ae7a7,c0533b37-8d16-5c9a-b16c-8cdbac66ee7e,1a84f72e-f10f-51c0-a85e-12239e154748,1,2026-06-17 17:23:00+02:00,2026-06-17 17:37:00+02:00,14,office,Cologne,,DE,home,Cologne,,DE,public_transport,subscription,,,6.47,0.0,2.9,0.259,False,True,False,False,,0
4461d14a-d3b1-5a59-8f6c-7eaed6ab6c82,aadec262-4648-59aa-93b7-865cbc88b3e3,c0533b37-8d16-5c9a-b16c-8cdbac66ee7e,,1,2026-06-17 13:00:00+02:00,2026-06-17 13:22:00+02:00,22,home,Cologne,,DE,supermarket,Cologne,,DE,car_sharing,pay-as-you-go,,,6.77,6.35,6.35,1.015,False,True,False,False,,0
86a581a7-34ed-5db1-9281-19776dc4b83a,9586e3af-0351-5226-bc69-a1254818677b,c0533b37-8d16-5c9a-b16c-8cdbac66ee7e,1a84f72e-f10f-51c0-a85e-12239e154748,1,2026-06-18 08:04:00+02:00,2026-06-18 08:22:00+02:00,18,home,Cologne,,DE,office,Cologne,,DE,public_transport,subscription,,,7.99,0.0,2.9,0.32,False,True,False,False,,0
8f970e32-58fd-5771-9f04-92b80b7eba40,602818a9-0c03-53e7-a126-b3c022604753,c0533b37-8d16-5c9a-b16c-8cdbac66ee7e,1a84f72e-f10f-51c0-a85e-12239e154748,1,2026-06-18 17:31:00+02:00,2026-06-18 17:49:00+02:00,18,office,Cologne,,DE,home,Cologne,,DE,public_transport,subscription,,,7.99,0.0,2.9,0.32,False,True,False,False,,0
75cd9df9-da9c-5255-bc76-5f3cc0607f6b,85d9ecac-c63e-5c96-85a0-f236a08a5252,c0533b37-8d16-5c9a-b16c-8cdbac66ee7e,,1,2026-06-18 13:00:00+02:00,2026-06-18 13:21:00+02:00,21,home,Cologne,,DE,print shop,Cologne,,DE,car_sharing,pay-as-you-go,,,5.98,5.72,5.72,0.897,False,True,False,False,,0
ae41b825-0cbc-5472-ab94-f0bc92cde215,5e5dc166-21c1-50fe-97c6-c212d841ad44,c0533b37-8d16-5c9a-b16c-8cdbac66ee7e,1a84f72e-f10f-51c0-a85e-12239e154748,1,2026-06-19 08:04:00+02:00,2026-06-19 08:20:00+02:00,16,home,Cologne,,DE,office,Cologne,,DE,public_transport,subscription,,,7.35,0.0,2.9,0.294,False,True,False,False,,0
e721e48e-bbca-5380-8426-0cfe43f28852,c5a490eb-29ac-551b-9618-0d7c1626db87,c0533b37-8d16-5c9a-b16c-8cdbac66ee7e,1a84f72e-f10f-51c0-a85e-12239e154748,1,2026-06-19 17:22:00+02:00,2026-06-19 17:38:00+02:00,16,office,Cologne,,DE,home,Cologne,,DE,public_transport,subscription,,,7.35,0.0,2.9,0.294,False,True,False,False,,0
09d218c6-0e10-5817-9b31-a334bdbf7d18,7f8751a5-26ca-5771-943f-d71b99371772,c0533b37-8d16-5c9a-b16c-8cdbac66ee7e,,1,2026-06-19 17:00:00+02:00,2026-06-19 17:17:00+02:00,17,home,Cologne,,DE,client office,Cologne,,DE,car_sharing,pay-as-you-go,,,4.17,4.29,4.29,0.625,False,True,False,False,,0
dcf18f09-7181-5efd-ae87-78bbdb19084c,7fd26876-54a1-5cce-bd79-76652b93fccc,c0533b37-8d16-5c9a-b16c-8cdbac66ee7e,,1,2026-06-21 11:00:00+02:00,2026-06-21 11:22:00+02:00,22,home,Cologne,,DE,hardware store,Cologne,,DE,car_sharing,pay-as-you-go,,,6.65,6.25,6.25,0.998,False,True,False,False,,0
1fb89218-4d28-566f-9b64-c6fd7d70bab3,a1ce26b1-6d9e-554f-81fd-978010fa2b4c,c0533b37-8d16-5c9a-b16c-8cdbac66ee7e,1a84f72e-f10f-51c0-a85e-12239e154748,1,2026-06-22 08:04:00+02:00,2026-06-22 08:21:00+02:00,17,home,Cologne,,DE,office,Cologne,,DE,public_transport,subscription,,,7.54,0.0,2.9,0.302,False,True,False,False,,0
bd9b49aa-4fa4-551a-ae00-1757938bd0fb,953d1b1a-a177-5ee1-ba67-e8a25e1ad135,c0533b37-8d16-5c9a-b16c-8cdbac66ee7e,1a84f72e-f10f-51c0-a85e-12239e154748,1,2026-06-22 17:32:00+02:00,2026-06-22 17:49:00+02:00,17,office,Cologne,,DE,home,Cologne,,DE,public_transport,subscription,,,7.54,0.0,2.9,0.302,False,True,False,False,,0
b827f766-59b7-5158-b339-6477da512101,12cf4254-25b8-5c3e-b90d-e5d2e3c51618,c0533b37-8d16-5c9a-b16c-8cdbac66ee7e,,1,2026-06-22 11:00:00+02:00,2026-06-22 11:21:00+02:00,21,home,Cologne,,DE,print shop,Cologne,,DE,car_sharing,pay-as-you-go,,,5.93,5.68,5.68,0.889,False,True,False,False,,0
dd1ff201-932c-57fa-b577-185a08b1a8f5,c70a92cb-144b-5b6c-aa5d-ec462b292b49,c0533b37-8d16-5c9a-b16c-8cdbac66ee7e,1a84f72e-f10f-51c0-a85e-12239e154748,1,2026-06-23 08:13:00+02:00,2026-06-23 08:29:00+02:00,16,home,Cologne,,DE,office,Cologne,,DE,public_transport,subscription,,,7.19,0.0,2.9,0.288,False,True,False,False,,0
fea67207-4366-5ebe-b39e-326c92d6f3ef,3ad295e1-0b01-527a-8ddf-b6aa71352dd1,c0533b37-8d16-5c9a-b16c-8cdbac66ee7e,1a84f72e-f10f-51c0-a85e-12239e154748,1,2026-06-23 17:31:00+02:00,2026-06-23 17:47:00+02:00,16,office,Cologne,,DE,home,Cologne,,DE,public_transport,subscription,,,7.19,0.0,2.9,0.288,False,True,False,False,,0
471df62d-b033-5adc-988f-d8c9ac5f8cdb,bb1978dc-3a57-55e5-ac5a-c5069d214e2d,c0533b37-8d16-5c9a-b16c-8cdbac66ee7e,a8a23376-4344-5566-aeff-b7ff1bde0a86,1,2026-06-23 10:00:00+02:00,2026-06-23 10:10:00+02:00,10,home,Cologne,,DE,friend's place,Cologne,,DE,e_scooter,subscription,,,1.8,2.2,3.5,0.036,False,True,False,False,,0
d8b98fbe-bcee-5b68-a553-806db92a3dcb,71c013b9-d541-5580-9403-a521200c3530,c0533b37-8d16-5c9a-b16c-8cdbac66ee7e,1a84f72e-f10f-51c0-a85e-12239e154748,1,2026-06-24 08:03:00+02:00,2026-06-24 08:17:00+02:00,14,home,Cologne,,DE,office,Cologne,,DE,public_transport,subscription,,,6.16,0.0,2.9,0.246,False,True,False,False,,0
b78878d0-7f4d-5cd0-abf4-50a616aced6c,4bfe32c4-fc01-5409-8193-8fc7b6ea1f11,c0533b37-8d16-5c9a-b16c-8cdbac66ee7e,1a84f72e-f10f-51c0-a85e-12239e154748,1,2026-06-24 17:17:00+02:00,2026-06-24 17:31:00+02:00,14,office,Cologne,,DE,home,Cologne,,DE,public_transport,subscription,,,6.16,0.0,2.9,0.246,False,True,False,False,,0
fdb94da1-45b8-55df-ac1f-6734a9f1e685,4d3d5f64-e3c5-5908-b94d-d33439c11b8e,c0533b37-8d16-5c9a-b16c-8cdbac66ee7e,,1,2026-06-24 14:00:00+02:00,2026-06-24 14:22:00+02:00,22,home,Cologne,,DE,print shop,Cologne,,DE,car_sharing,pay-as-you-go,,,6.14,5.85,5.85,0.921,False,True,False,False,,0
9d7ea8b9-f0d6-5d91-8b54-c6e73defb3c8,b23ba1fe-6784-5f5f-9ea9-20e6fda89998,c0533b37-8d16-5c9a-b16c-8cdbac66ee7e,a8a23376-4344-5566-aeff-b7ff1bde0a86,1,2026-06-24 18:00:00+02:00,2026-06-24 18:08:00+02:00,8,home,Cologne,,DE,gym,Cologne,,DE,e_scooter,subscription,,,1.44,1.76,3.0,0.029,False,True,False,False,,0
e9faa156-380c-55fd-858c-ecaabdb4764c,444ded71-c36e-57c1-8709-e4f708196526,c0533b37-8d16-5c9a-b16c-8cdbac66ee7e,1a84f72e-f10f-51c0-a85e-12239e154748,1,2026-06-25 08:16:00+02:00,2026-06-25 08:33:00+02:00,17,home,Cologne,,DE,office,Cologne,,DE,public_transport,subscription,,,7.78,0.0,2.9,0.311,False,True,False,False,,0
50c0ca69-5b6c-5d43-92a6-928d99f8ec81,6fa49f25-b835-5aa5-b643-b02853ba1041,c0533b37-8d16-5c9a-b16c-8cdbac66ee7e,1a84f72e-f10f-51c0-a85e-12239e154748,1,2026-06-25 17:17:00+02:00,2026-06-25 17:34:00+02:00,17,office,Cologne,,DE,home,Cologne,,DE,public_transport,subscription,,,7.78,0.0,2.9,0.311,False,True,False,False,,0
5ff23c4b-2950-55fb-994f-3faebe0efc08,1c121751-cf41-5d70-a862-ef88908e9d70,c0533b37-8d16-5c9a-b16c-8cdbac66ee7e,,1,2026-06-28 14:00:00+02:00,2026-06-28 14:17:00+02:00,17,home,Cologne,,DE,Rhine promenade,Cologne,,DE,bike_sharing,pay-as-you-go,,,3.4,3.04,3.04,0.017,False,True,False,False,,0
acd64dec-6b78-5c12-958b-7f9b190dc96f,f18c9fe6-f5fa-5961-b3db-82225a0b7fc3,c0533b37-8d16-5c9a-b16c-8cdbac66ee7e,8aa1fada-f22e-5c35-ad9a-05873e36a974,1,2025-09-25 08:15:00+02:00,2025-09-25 09:26:00+02:00,71,home,Cologne,,DE,conference venue,Berlin,,DE,long_distance_train,subscription,,,219.55,26.35,35.13,6.587,False,True,False,False,,0
33e31f35-11ea-5846-8dab-51cc023de6a8,5d188aae-ab65-5502-8895-0c7773cfc8ff,c0533b37-8d16-5c9a-b16c-8cdbac66ee7e,8aa1fada-f22e-5c35-ad9a-05873e36a974,1,2025-09-25 18:30:00+02:00,2025-09-25 19:41:00+02:00,71,conference venue,Berlin,,DE,home,Cologne,,DE,long_distance_train,subscription,,,219.55,26.35,35.13,6.587,False,True,False,False,,0
d986b722-9c74-514e-bbab-68336b241dd0,094f6fc5-6ac6-5b7e-ae01-49ee33533464,c0533b37-8d16-5c9a-b16c-8cdbac66ee7e,8aa1fada-f22e-5c35-ad9a-05873e36a974,1,2026-02-12 08:15:00+01:00,2026-02-12 10:08:00+01:00,113,home,Cologne,,DE,conference venue,Munich,,DE,long_distance_train,subscription,,,350.93,42.11,56.15,10.528,False,True,False,False,,0
85be6437-afd7-550a-bdfc-32ba61100d74,7be32d38-e325-5e98-920d-46e028faa14c,c0533b37-8d16-5c9a-b16c-8cdbac66ee7e,8aa1fada-f22e-5c35-ad9a-05873e36a974,1,2026-02-12 18:30:00+01:00,2026-02-12 20:23:00+01:00,113,conference venue,Munich,,DE,home,Cologne,,DE,long_distance_train,subscription,,,350.93,42.11,56.15,10.528,False,True,False,False,,0
