trip_id,user_id,started_at,ended_at,duration_minutes,origin_label,origin_city,origin_postal_code,origin_country_code,destination_label,destination_city,destination_postal_code,destination_country_code,trip_purpose,trip_purpose_other,main_transport_mode,main_transport_mode_other,estimated_distance_km,is_commute,is_intermodal,is_recurring_pattern
092ae37d-8dec-5f03-9d34-3d46e663ed44,38bb9fdb-7d90-55a0-98d8-f9935f1aec70,2024-07-01 07:57:00+01:00,2024-07-01 08:19:00+01:00,21,home,Berlin,,DE,office,Berlin,,DE,commute,,public_transport,,7.97,True,True,True
2113b2a5-4e89-5b2e-ac64-a1c8a735929c,38bb9fdb-7d90-55a0-98d8-f9935f1aec70,2024-07-01 17:05:00+01:00,2024-07-01 17:26:00+01:00,20,office,Berlin,,DE,home,Berlin,,DE,home_return,,public_transport,,9.13,True,True,True
0e039e5c-6251-5656-8230-6c6f787dfc7c,38bb9fdb-7d90-55a0-98d8-f9935f1aec70,2024-07-03 07:54:00+01:00,2024-07-03 08:18:00+01:00,23,home,Berlin,,DE,office,Berlin,,DE,commute,,public_transport,,8.88,True,True,True
8c77c98c-7ef0-565f-8639-282f7c8c7dcb,38bb9fdb-7d90-55a0-98d8-f9935f1aec70,2024-07-03 17:27:00+01:00,2024-07-03 17:48:00+01:00,18,office,Berlin,,DE,home,Berlin,,DE,home_return,,public_transport,,7.96,True,True,True
551c0676-5c29-5794-97bd-f6c8d98d9cca,38bb9fdb-7d90-55a0-98d8-f9935f1aec70,2024-07-04 07:56:00+01:00,2024-07-04 08:23:00+01:00,22,home,Berlin,,DE,office,Berlin,,DE,commute,,public_transport,,8.49,True,True,True
cb596c6e-7dac-5fa8-82c0-21bebf96f5f4,38bb9fdb-7d90-55a0-98d8-f9935f1aec70,2024-07-04 17:05:00+01:00,2024-07-04 17:37:00+01:00,27,office,Berlin,,DE,home,Berlin,,DE,home_return,,public_transport,,9.76,True,True,True
7985e95e-0f1d-51f5-a2b0-5b549c57a5fa,38bb9fdb-7d90-55a0-98d8-f9935f1aec70,2024-07-05 12:39:00+01:00,2024-07-05 13:15:00+01:00,36,office,Berlin,,DE,supermarket,Berlin,,DE,errands,,walking,,3.0,False,False,False
a5fa62de-b74e-56e5-a91c-b3f61b2f14d2,38bb9fdb-7d90-55a0-98d8-f9935f1aec70,2024-07-06 10:48:00+01:00,2024-07-06 11:05:00+01:00,14,home,Berlin,,DE,city_center,Berlin,,DE,leisure,,public_transport,,4.32,False,True,False
69806a91-530d-5ef3-a264-81ab430abce9,38bb9fdb-7d90-55a0-98d8-f9935f1aec70,2024-07-06 15:45:00+01:00,2024-07-06 16:01:00+01:00,15,city_center,Berlin,,DE,home,Berlin,,DE,home_return,,public_transport,,4.35,False,True,False
59d83ef8-57e7-5da7-b5fe-6e812e8d9b6e,38bb9fdb-7d90-55a0-98d8-f9935f1aec70,2024-07-07 10:59:00+01:00,2024-07-07 11:26:00+01:00,22,home,Berlin,,DE,city_center,Berlin,,DE,social,,public_transport,,7.99,False,True,False
99ea0e75-a513-5f71-ad4a-371cae82f67f,38bb9fdb-7d90-55a0-98d8-f9935f1aec70,2024-07-07 15:41:00+01:00,2024-07-07 16:07:00+01:00,24,city_center,Berlin,,DE,home,Berlin,,DE,home_return,,public_transport,,8.14,False,True,False
1c983601-7b21-54d6-8900-d858b0a1b03a,38bb9fdb-7d90-55a0-98d8-f9935f1aec70,2024-07-08 07:44:00+01:00,2024-07-08 08:10:00+01:00,23,home,Berlin,,DE,office,Berlin,,DE,commute,,public_transport,,8.71,True,True,True
ae5e25dd-2168-5cd5-8f72-214eeffab4af,38bb9fdb-7d90-55a0-98d8-f9935f1aec70,2024-07-08 17:56:00+01:00,2024-07-08 18:20:00+01:00,21,office,Berlin,,DE,home,Berlin,,DE,home_return,,public_transport,,8.64,True,True,True
855aee70-2036-5035-bde6-e058b5c2d8a7,38bb9fdb-7d90-55a0-98d8-f9935f1aec70,2024-07-09 08:07:00+01:00,2024-07-09 08:34:00+01:00,25,home,Berlin,,DE,office,Berlin,,DE,commute,,public_transport,,9.36,True,True,True
800d1c31-502a-5e55-b2a2-908c22181b74,38bb9fdb-7d90-55a0-98d8-f9935f1aec70,2024-07-09 17:31:00+01:00,2024-07-09 17:50:00+01:00,18,office,Berlin,,DE,home,Berlin,,DE,home_return,,public_transport,,7.9,True,True,True
7526d482-6e78-540d-a340-99788d35eecc,38bb9fdb-7d90-55a0-98d8-f9935f1aec70,2024-07-10 08:04:00+01:00,2024-07-10 08:34:00+01:00,25,home,Berlin,,DE,office,Berlin,,DE,commute,,public_transport,,9.05,True,True,True
d69107ed-1c39-55aa-8130-a79bf3b673b5,38bb9fdb-7d90-55a0-98d8-f9935f1aec70,2024-07-10 18:00:00+01:00,2024-07-10 18:30:00+01:00,25,office,Berlin,,DE,home,Berlin,,DE,home_return,,public_transport,,9.08,True,True,True
767ae08c-805c-51e4-8c6e-ae39383827d2,38bb9fdb-7d90-55a0-98d8-f9935f1aec70,2024-07-12 12:38:00+01:00,2024-07-12 13:16:00+01:00,38,office,Berlin,,DE,supermarket,Berlin,,DE,errands,,walking,,3.2,False,False,False
7defdb1a-7a22-5187-95a2-7fa825e2d9bc,38bb9fdb-7d90-55a0-98d8-f9935f1aec70,2024-07-13 11:51:00+01:00,2024-07-13 12:13:00+01:00,17,home,Berlin,,DE,city_center,Berlin,,DE,leisure,,public_transport,,4.28,False,True,False
0b266e7b-537d-5c78-9840-742771b9feb9,38bb9fdb-7d90-55a0-98d8-f9935f1aec70,2024-07-13 15:19:00+01:00,2024-07-13 15:40:00+01:00,16,city_center,Berlin,,DE,home,Berlin,,DE,home_return,,public_transport,,4.13,False,True,False
9c57131f-45ca-5023-9153-5fe95f696f25,38bb9fdb-7d90-55a0-98d8-f9935f1aec70,2024-07-15 08:03:00+01:00,2024-07-15 08:28:00+01:00,22,home,Berlin,,DE,office,Berlin,,DE,commute,,public_transport,,8.21,True,True,True
912c62fc-3b00-5334-9465-8e9a0bbbcaeb,38bb9fdb-7d90-55a0-98d8-f9935f1aec70,2024-07-15 17:36:00+01:00,2024-07-15 18:02:00+01:00,22,office,Berlin,,DE,home,Berlin,,DE,home_return,,public_transport,,8.35,True,True,True
5671c19b-2e12-59b5-be8d-cff5d149af62,38bb9fdb-7d90-55a0-98d8-f9935f1aec70,2024-07-16 08:10:00+01:00,2024-07-16 08:37:00+01:00,22,home,Berlin,,DE,office,Berlin,,DE,commute,,public_transport,,8.22,True,True,True
c61a4643-d6c2-5e31-8aa6-c90182305625,38bb9fdb-7d90-55a0-98d8-f9935f1aec70,2024-07-16 17:13:00+01:00,2024-07-16 17:40:00+01:00,25,office,Berlin,,DE,home,Berlin,,DE,home_return,,public_transport,,8.87,True,True,True
90400d4b-3f34-5195-8cdc-91e39635a0d9,38bb9fdb-7d90-55a0-98d8-f9935f1aec70,2024-07-17 08:13:00+01:00,2024-07-17 08:35:00+01:00,21,home,Berlin,,DE,office,Berlin,,DE,commute,,public_transport,,8.44,True,True,True
00328058-6141-5adb-a345-3d6107aa5dc4,38bb9fdb-7d90-55a0-98d8-f9935f1aec70,2024-07-17 17:14:00+01:00,2024-07-17 17:35:00+01:00,20,office,Berlin,,DE,home,Berlin,,DE,home_return,,public_transport,,8.63,True,True,True
dc6b4ffc-b9cc-53a3-a6ec-e33787c1d99e,38bb9fdb-7d90-55a0-98d8-f9935f1aec70,2024-07-18 07:55:00+01:00,2024-07-18 08:20:00+01:00,20,home,Berlin,,DE,office,Berlin,,DE,commute,,public_transport,,7.95,True,True,True
5b5f5f55-b361-5fe7-b5c3-1c6fb031799e,38bb9fdb-7d90-55a0-98d8-f9935f1aec70,2024-07-18 17:36:00+01:00,2024-07-18 18:04:00+01:00,24,office,Berlin,,DE,home,Berlin,,DE,home_return,,public_transport,,9.52,True,True,True
7ca86fb8-fd8e-5481-992f-874564918f7e,38bb9fdb-7d90-55a0-98d8-f9935f1aec70,2024-07-20 11:26:00+01:00,2024-07-20 11:46:00+01:00,19,home,Berlin,,DE,city_center,Berlin,,DE,leisure,,public_transport,,6.12,False,True,False
3d71e134-c657-5497-b8e8-395a441bde3b,38bb9fdb-7d90-55a0-98d8-f9935f1aec70,2024-07-20 15:43:00+01:00,2024-07-20 16:00:00+01:00,15,city_center,Berlin,,DE,home,Berlin,,DE,home_return,,public_transport,,5.82,False,True,False
67b2c0b2-bdc0-5572-ad52-b88c4445d068,38bb9fdb-7d90-55a0-98d8-f9935f1aec70,2024-07-21 10:59:00+01:00,2024-07-21 11:24:00+01:00,21,home,Berlin,,DE,city_center,Berlin,,DE,shopping,,public_transport,,6.09,False,True,False
60fe7a9d-d3ac-54e9-8500-c4b23ad4d3a1,38bb9fdb-7d90-55a0-98d8-f9935f1aec70,2024-07-21 16:49:00+01:00,2024-07-21 17:11:00+01:00,17,city_center,Berlin,,DE,home,Berlin,,DE,home_return,,public_transport,,5.75,False,True,False
c3d5eb56-a785-5188-83f6-5ba2b6c2f39e,38bb9fdb-7d90-55a0-98d8-f9935f1aec70,2024-07-22 07:55:00+01:00,2024-07-22 08:23:00+01:00,26,home,Berlin,,DE,office,Berlin,,DE,commute,,public_transport,,9.62,True,True,True
a73b87d6-72a1-5aee-aaeb-8997174fc7d9,38bb9fdb-7d90-55a0-98d8-f9935f1aec70,2024-07-22 17:10:00+01:00,2024-07-22 17:41:00+01:00,28,office,Berlin,,DE,home,Berlin,,DE,home_return,,public_transport,,9.8,True,True,True
cefa1c2a-69de-5b45-ae4c-9c49b7393c8f,38bb9fdb-7d90-55a0-98d8-f9935f1aec70,2024-07-24 08:11:00+01:00,2024-07-24 08:35:00+01:00,23,home,Berlin,,DE,office,Berlin,,DE,commute,,public_transport,,9.2,True,True,True
274d0e97-c2bd-5cca-8499-57c91db3fb72,38bb9fdb-7d90-55a0-98d8-f9935f1aec70,2024-07-24 17:47:00+01:00,2024-07-24 18:12:00+01:00,21,office,Berlin,,DE,home,Berlin,,DE,home_return,,public_transport,,8.69,True,True,True
7e38793e-0d56-5885-95ff-79861a028cda,38bb9fdb-7d90-55a0-98d8-f9935f1aec70,2024-07-29 12:22:00+01:00,2024-07-29 13:06:00+01:00,44,office,Berlin,,DE,supermarket,Berlin,,DE,errands,,walking,,3.7,False,False,False
c84f2708-32bc-58f7-902d-9389db516430,38bb9fdb-7d90-55a0-98d8-f9935f1aec70,2024-07-30 12:33:00+01:00,2024-07-30 13:09:00+01:00,36,office,Berlin,,DE,supermarket,Berlin,,DE,errands,,walking,,3.0,False,False,False
33fcedb0-a0ad-54db-8896-36e1be088fde,38bb9fdb-7d90-55a0-98d8-f9935f1aec70,2024-07-31 08:00:00+01:00,2024-07-31 08:25:00+01:00,22,home,Berlin,,DE,office,Berlin,,DE,commute,,public_transport,,8.27,True,True,True
32af56c6-45f8-51d2-9115-51c746de2119,38bb9fdb-7d90-55a0-98d8-f9935f1aec70,2024-07-31 17:59:00+01:00,2024-07-31 18:30:00+01:00,26,office,Berlin,,DE,home,Berlin,,DE,home_return,,public_transport,,9.67,True,True,True
ad41152f-dd28-5bd2-aeda-a944d9d5f6a8,38bb9fdb-7d90-55a0-98d8-f9935f1aec70,2024-07-31 12:23:00+01:00,2024-07-31 12:42:00+01:00,19,office,Berlin,,DE,supermarket,Berlin,,DE,errands,,walking,,1.6,False,False,False
0bf9d8f5-6118-53de-acc8-996ff83bc7e4,38bb9fdb-7d90-55a0-98d8-f9935f1aec70,2024-08-01 12:24:00+01:00,2024-08-01 12:44:00+01:00,20,office,Berlin,,DE,supermarket,Berlin,,DE,errands,,walking,,1.7,False,False,False
1286b2e6-b214-5390-a4b9-e0ae412132ed,38bb9fdb-7d90-55a0-98d8-f9935f1aec70,2024-08-02 08:19:00+01:00,2024-08-02 08:47:00+01:00,23,home,Berlin,,DE,office,Berlin,,DE,commute,,public_transport,,9.05,True,True,True
49df6c45-83b9-5730-b7de-3e93e02570d5,38bb9fdb-7d90-55a0-98d8-f9935f1aec70,2024-08-02 17:19:00+01:00,2024-08-02 17:42:00+01:00,21,office,Berlin,,DE,home,Berlin,,DE,home_return,,public_transport,,9.06,True,True,True
7c65acc5-271f-550f-9e51-02d4e8b39914,38bb9fdb-7d90-55a0-98d8-f9935f1aec70,2024-08-04 11:31:00+01:00,2024-08-04 11:52:00+01:00,18,home,Berlin,,DE,city_center,Berlin,,DE,social,,public_transport,,4.87,False,True,False
3b349115-6313-5362-8237-00feec9d4897,38bb9fdb-7d90-55a0-98d8-f9935f1aec70,2024-08-04 15:32:00+01:00,2024-08-04 15:51:00+01:00,18,city_center,Berlin,,DE,home,Berlin,,DE,home_return,,public_transport,,4.99,False,True,False
4e5f9678-61ff-54d6-8b50-aa10db489e48,38bb9fdb-7d90-55a0-98d8-f9935f1aec70,2024-08-05 08:01:00+01:00,2024-08-05 08:24:00+01:00,20,home,Berlin,,DE,office,Berlin,,DE,commute,,public_transport,,7.98,True,True,True
99d925b5-1859-56c1-abd7-24982a19296c,38bb9fdb-7d90-55a0-98d8-f9935f1aec70,2024-08-05 17:45:00+01:00,2024-08-05 18:09:00+01:00,23,office,Berlin,,DE,home,Berlin,,DE,home_return,,public_transport,,8.69,True,True,True
a7888c46-e4c3-5d67-ab0b-bcbc80665bab,38bb9fdb-7d90-55a0-98d8-f9935f1aec70,2024-08-06 12:32:00+01:00,2024-08-06 12:57:00+01:00,25,office,Berlin,,DE,supermarket,Berlin,,DE,errands,,walking,,2.1,False,False,False
8b75d31a-44ed-5509-b0bf-c0768798fad5,38bb9fdb-7d90-55a0-98d8-f9935f1aec70,2024-08-08 07:42:00+01:00,2024-08-08 08:07:00+01:00,23,home,Berlin,,DE,office,Berlin,,DE,commute,,public_transport,,9.22,True,True,True
cd5def26-4680-52f8-9951-a1be8110d41f,38bb9fdb-7d90-55a0-98d8-f9935f1aec70,2024-08-08 17:35:00+01:00,2024-08-08 18:03:00+01:00,23,office,Berlin,,DE,home,Berlin,,DE,home_return,,public_transport,,8.63,True,True,True
9ac40347-58eb-573d-ac83-667849c0977b,38bb9fdb-7d90-55a0-98d8-f9935f1aec70,2024-08-11 11:34:00+01:00,2024-08-11 11:58:00+01:00,20,home,Berlin,,DE,city_center,Berlin,,DE,social,,public_transport,,5.93,False,True,False
77317831-f345-57c9-8662-f2cac3fe91e4,38bb9fdb-7d90-55a0-98d8-f9935f1aec70,2024-08-11 16:50:00+01:00,2024-08-11 17:10:00+01:00,18,city_center,Berlin,,DE,home,Berlin,,DE,home_return,,public_transport,,5.71,False,True,False
ffe35bbd-2341-5d20-a055-5497b917dda5,38bb9fdb-7d90-55a0-98d8-f9935f1aec70,2024-08-13 08:09:00+01:00,2024-08-13 08:33:00+01:00,22,home,Berlin,,DE,office,Berlin,,DE,commute,,public_transport,,8.38,True,True,True
cf1f6f31-8bc1-58d7-9d04-1c60b3c5c81e,38bb9fdb-7d90-55a0-98d8-f9935f1aec70,2024-08-13 17:25:00+01:00,2024-08-13 17:53:00+01:00,25,office,Berlin,,DE,home,Berlin,,DE,home_return,,public_transport,,9.15,True,True,True
420c889b-191d-5b99-ba83-706875fa6d2c,38bb9fdb-7d90-55a0-98d8-f9935f1aec70,2024-08-14 08:01:00+01:00,2024-08-14 08:24:00+01:00,20,home,Berlin,,DE,office,Berlin,,DE,commute,,public_transport,,9.07,True,True,True
7556206f-2f23-5943-a0f0-e17084022121,38bb9fdb-7d90-55a0-98d8-f9935f1aec70,2024-08-14 17:16:00+01:00,2024-08-14 17:45:00+01:00,26,office,Berlin,,DE,home,Berlin,,DE,home_return,,public_transport,,9.67,True,True,True
5693c1cb-bb12-5f0f-8e8d-a6d6572bfb4e,38bb9fdb-7d90-55a0-98d8-f9935f1aec70,2024-08-15 08:04:00+01:00,2024-08-15 08:27:00+01:00,22,home,Berlin,,DE,office,Berlin,,DE,commute,,public_transport,,8.78,True,True,True
27ad4a57-8437-59a8-8718-a8f7108b2769,38bb9fdb-7d90-55a0-98d8-f9935f1aec70,2024-08-15 17:59:00+01:00,2024-08-15 18:23:00+01:00,22,office,Berlin,,DE,home,Berlin,,DE,home_return,,public_transport,,8.02,True,True,True
ac78972b-20db-5753-a7fe-53ffaf82b75f,38bb9fdb-7d90-55a0-98d8-f9935f1aec70,2024-08-15 12:25:00+01:00,2024-08-15 13:01:00+01:00,36,office,Berlin,,DE,supermarket,Berlin,,DE,errands,,walking,,3.0,False,False,False
452fd229-5f31-5d59-8bcb-582be88437f1,38bb9fdb-7d90-55a0-98d8-f9935f1aec70,2024-08-16 07:59:00+01:00,2024-08-16 08:24:00+01:00,22,home,Berlin,,DE,office,Berlin,,DE,commute,,public_transport,,8.23,True,True,True
341ee80e-ec3d-5119-acfc-ab6245ebd8a0,38bb9fdb-7d90-55a0-98d8-f9935f1aec70,2024-08-16 17:08:00+01:00,2024-08-16 17:37:00+01:00,25,office,Berlin,,DE,home,Berlin,,DE,home_return,,public_transport,,8.61,True,True,True
cf0bf84f-c409-5a79-9cb9-98237af95639,38bb9fdb-7d90-55a0-98d8-f9935f1aec70,2024-08-18 10:38:00+01:00,2024-08-18 11:02:00+01:00,19,home,Berlin,,DE,city_center,Berlin,,DE,leisure,,public_transport,,6.61,False,True,False
d9b153ef-3e86-52ab-a658-471db9fea27d,38bb9fdb-7d90-55a0-98d8-f9935f1aec70,2024-08-18 15:41:00+01:00,2024-08-18 16:03:00+01:00,20,city_center,Berlin,,DE,home,Berlin,,DE,home_return,,public_transport,,6.58,False,True,False
81a19982-a763-5d95-a812-218511463ee6,38bb9fdb-7d90-55a0-98d8-f9935f1aec70,2024-08-19 07:50:00+01:00,2024-08-19 08:18:00+01:00,23,home,Berlin,,DE,office,Berlin,,DE,commute,,public_transport,,9.38,True,True,True
210b9c7e-e08c-501c-aada-f6d171348060,38bb9fdb-7d90-55a0-98d8-f9935f1aec70,2024-08-19 17:48:00+01:00,2024-08-19 18:11:00+01:00,21,office,Berlin,,DE,home,Berlin,,DE,home_return,,public_transport,,9.09,True,True,True
99af2935-8236-53ce-9459-e9c16d355fbd,38bb9fdb-7d90-55a0-98d8-f9935f1aec70,2024-08-19 12:34:00+01:00,2024-08-19 13:22:00+01:00,48,office,Berlin,,DE,supermarket,Berlin,,DE,errands,,walking,,4.0,False,False,False
8d5e0663-4dc7-5f73-b836-057c9e7d5b3a,38bb9fdb-7d90-55a0-98d8-f9935f1aec70,2024-08-21 08:04:00+01:00,2024-08-21 08:29:00+01:00,24,home,Berlin,,DE,office,Berlin,,DE,commute,,public_transport,,8.37,True,True,True
4d5175c4-0520-5ebd-943d-9a079ddd6a8a,38bb9fdb-7d90-55a0-98d8-f9935f1aec70,2024-08-21 17:56:00+01:00,2024-08-21 18:22:00+01:00,24,office,Berlin,,DE,home,Berlin,,DE,home_return,,public_transport,,9.47,True,True,True
e07ab3f1-30fa-5994-a1f6-599110b61ec9,38bb9fdb-7d90-55a0-98d8-f9935f1aec70,2024-08-22 07:47:00+01:00,2024-08-22 08:18:00+01:00,26,home,Berlin,,DE,office,Berlin,,DE,commute,,public_transport,,9.21,True,True,True
9ccb7c4a-dc14-5752-b6be-b50025d765b3,38bb9fdb-7d90-55a0-98d8-f9935f1aec70,2024-08-22 18:00:00+01:00,2024-08-22 18:28:00+01:00,23,office,Berlin,,DE,home,Berlin,,DE,home_return,,public_transport,,8.9,True,True,True
e17fe428-2150-5fe5-999c-7da8e359497c,38bb9fdb-7d90-55a0-98d8-f9935f1aec70,2024-08-23 08:10:00+01:00,2024-08-23 08:37:00+01:00,24,home,Berlin,,DE,office,Berlin,,DE,commute,,public_transport,,8.46,True,True,True
5030d503-5a8e-55f0-b6bb-053be925788e,38bb9fdb-7d90-55a0-98d8-f9935f1aec70,2024-08-23 17:40:00+01:00,2024-08-23 18:04:00+01:00,21,office,Berlin,,DE,home,Berlin,,DE,home_return,,public_transport,,8.7,True,True,True
5ad8d8a8-63b4-5b38-afd8-1e272524fd5d,38bb9fdb-7d90-55a0-98d8-f9935f1aec70,2024-08-25 11:28:00+01:00,2024-08-25 11:44:00+01:00,12,home,Berlin,,DE,city_center,Berlin,,DE,errands,,public_transport,,3.75,False,True,False
d2213de1-8b73-5b21-9336-2e5e175a219d,38bb9fdb-7d90-55a0-98d8-f9935f1aec70,2024-08-25 16:09:00+01:00,2024-08-25 16:25:00+01:00,12,city_center,Berlin,,DE,home,Berlin,,DE,home_return,,public_transport,,3.68,False,True,False
be861d41-44ab-557f-8ccf-a528a5f1b3bd,38bb9fdb-7d90-55a0-98d8-f9935f1aec70,2024-08-26 07:41:00+01:00,2024-08-26 08:11:00+01:00,26,home,Berlin,,DE,office,Berlin,,DE,commute,,public_transport,,9.61,True,True,True
75aa2680-0e8e-5d22-88a8-7bc0b0841b47,38bb9fdb-7d90-55a0-98d8-f9935f1aec70,2024-08-26 17:19:00+01:00,2024-08-26 17:49:00+01:00,26,office,Berlin,,DE,home,Berlin,,DE,home_return,,public_transport,,9.67,True,True,True
1f9aebfc-38a4-52a2-9c25-726a41608f6e,38bb9fdb-7d90-55a0-98d8-f9935f1aec70,2024-08-27 08:11:00+01:00,2024-08-27 08:34:00+01:00,22,home,Berlin,,DE,office,Berlin,,DE,commute,,public_transport,,9.37,True,True,True
60daf267-1f09-5e98-8c66-a4858f2c4958,38bb9fdb-7d90-55a0-98d8-f9935f1aec70,2024-08-27 17:51:00+01:00,2024-08-27 18:19:00+01:00,24,office,Berlin,,DE,home,Berlin,,DE,home_return,,public_transport,,9.11,True,True,True
32de02bb-95d4-57ca-b6c4-9a68a0602ceb,38bb9fdb-7d90-55a0-98d8-f9935f1aec70,2024-08-28 08:17:00+01:00,2024-08-28 08:41:00+01:00,20,home,Berlin,,DE,office,Berlin,,DE,commute,,public_transport,,9.11,True,True,True
cbe6af93-cebd-59e1-beb8-30e2cd89c9ce,38bb9fdb-7d90-55a0-98d8-f9935f1aec70,2024-08-28 17:03:00+01:00,2024-08-28 17:28:00+01:00,21,office,Berlin,,DE,home,Berlin,,DE,home_return,,public_transport,,8.6,True,True,True
075389c8-1701-596d-83d0-a86488f08fee,38bb9fdb-7d90-55a0-98d8-f9935f1aec70,2024-08-29 08:06:00+01:00,2024-08-29 08:30:00+01:00,23,home,Berlin,,DE,office,Berlin,,DE,commute,,public_transport,,9.13,True,True,True
f8de8749-6c04-5b89-90cc-f77697a11ecd,38bb9fdb-7d90-55a0-98d8-f9935f1aec70,2024-08-29 18:00:00+01:00,2024-08-29 18:25:00+01:00,24,office,Berlin,,DE,home,Berlin,,DE,home_return,,public_transport,,8.24,True,True,True
55c90102-9f91-5401-b1e9-dca61a82ca05,38bb9fdb-7d90-55a0-98d8-f9935f1aec70,2024-08-30 12:19:00+01:00,2024-08-30 12:37:00+01:00,18,office,Berlin,,DE,supermarket,Berlin,,DE,errands,,walking,,1.5,False,False,False
2b259d34-a614-52f6-b8e8-902ae2d35288,38bb9fdb-7d90-55a0-98d8-f9935f1aec70,2024-08-31 11:29:00+01:00,2024-08-31 11:57:00+01:00,23,home,Berlin,,DE,city_center,Berlin,,DE,errands,,public_transport,,9.39,False,True,False
16995522-aecb-5c29-8397-85126b8f9883,38bb9fdb-7d90-55a0-98d8-f9935f1aec70,2024-08-31 16:35:00+01:00,2024-08-31 17:04:00+01:00,27,city_center,Berlin,,DE,home,Berlin,,DE,home_return,,public_transport,,9.7,False,True,False
beb8f2fd-2f2c-587a-a7ef-778e1496792e,38bb9fdb-7d90-55a0-98d8-f9935f1aec70,2024-09-01 11:13:00+01:00,2024-09-01 11:36:00+01:00,19,home,Berlin,,DE,city_center,Berlin,,DE,shopping,,public_transport,,3.36,False,True,False
150ba477-5367-5606-b306-9b609c040127,38bb9fdb-7d90-55a0-98d8-f9935f1aec70,2024-09-01 15:25:00+01:00,2024-09-01 15:41:00+01:00,14,city_center,Berlin,,DE,home,Berlin,,DE,home_return,,public_transport,,2.92,False,True,False
f1be56e7-63a9-59b1-bb31-a73634ca0ccc,38bb9fdb-7d90-55a0-98d8-f9935f1aec70,2024-09-02 08:18:00+01:00,2024-09-02 08:49:00+01:00,26,home,Berlin,,DE,office,Berlin,,DE,commute,,public_transport,,9.59,True,True,True
4d30ddcd-46c1-56c2-a731-4a672091baba,38bb9fdb-7d90-55a0-98d8-f9935f1aec70,2024-09-02 17:27:00+01:00,2024-09-02 17:49:00+01:00,19,office,Berlin,,DE,home,Berlin,,DE,home_return,,public_transport,,8.2,True,True,True
5dbd3cd5-f6db-548c-a94e-d7691e463bdf,38bb9fdb-7d90-55a0-98d8-f9935f1aec70,2024-09-03 08:03:00+01:00,2024-09-03 08:28:00+01:00,23,home,Berlin,,DE,office,Berlin,,DE,commute,,public_transport,,8.79,True,True,True
2d39bec4-f32c-53bf-80a8-eb0eac6e1127,38bb9fdb-7d90-55a0-98d8-f9935f1aec70,2024-09-03 17:41:00+01:00,2024-09-03 18:12:00+01:00,26,office,Berlin,,DE,home,Berlin,,DE,home_return,,public_transport,,9.4,True,True,True
1a8043cf-89d1-5225-a929-3f45b82c13a7,38bb9fdb-7d90-55a0-98d8-f9935f1aec70,2024-09-04 08:00:00+01:00,2024-09-04 08:25:00+01:00,24,home,Berlin,,DE,office,Berlin,,DE,commute,,public_transport,,8.99,True,True,True
459dde0a-846f-5c08-aa10-385762aa8a66,38bb9fdb-7d90-55a0-98d8-f9935f1aec70,2024-09-04 17:48:00+01:00,2024-09-04 18:14:00+01:00,22,office,Berlin,,DE,home,Berlin,,DE,home_return,,public_transport,,8.69,True,True,True
d150b749-9b5d-5598-ae7a-06b1aef57631,38bb9fdb-7d90-55a0-98d8-f9935f1aec70,2024-09-05 08:02:00+01:00,2024-09-05 08:30:00+01:00,23,home,Berlin,,DE,office,Berlin,,DE,commute,,public_transport,,8.8,True,True,True
a46f9500-6d6d-5d84-b6bc-39c0d3c18db5,38bb9fdb-7d90-55a0-98d8-f9935f1aec70,2024-09-05 17:00:00+01:00,2024-09-05 17:24:00+01:00,22,office,Berlin,,DE,home,Berlin,,DE,home_return,,public_transport,,8.41,True,True,True
4b962ae8-2c0d-5eb8-b150-d5c4cfe607af,38bb9fdb-7d90-55a0-98d8-f9935f1aec70,2024-09-06 08:11:00+01:00,2024-09-06 08:34:00+01:00,20,home,Berlin,,DE,office,Berlin,,DE,commute,,public_transport,,8.8,True,True,True
46b63dfe-c7a1-53dc-8a50-8a2ad59d3780,38bb9fdb-7d90-55a0-98d8-f9935f1aec70,2024-09-06 17:19:00+01:00,2024-09-06 17:47:00+01:00,23,office,Berlin,,DE,home,Berlin,,DE,home_return,,public_transport,,9.07,True,True,True
045d01cc-5549-5595-bf6d-d44f6e9c0518,38bb9fdb-7d90-55a0-98d8-f9935f1aec70,2024-09-08 10:39:00+01:00,2024-09-08 11:00:00+01:00,19,home,Berlin,,DE,city_center,Berlin,,DE,shopping,,public_transport,,7.48,False,True,False
835b9318-c9fa-548f-b5f5-dbdc515d822e,38bb9fdb-7d90-55a0-98d8-f9935f1aec70,2024-09-08 16:35:00+01:00,2024-09-08 16:58:00+01:00,21,city_center,Berlin,,DE,home,Berlin,,DE,home_return,,public_transport,,7.68,False,True,False
05c8ff2f-9fb9-5f38-b874-e7a16f2469af,38bb9fdb-7d90-55a0-98d8-f9935f1aec70,2024-09-09 08:17:00+01:00,2024-09-09 08:45:00+01:00,25,home,Berlin,,DE,office,Berlin,,DE,commute,,public_transport,,8.64,True,True,True
bd2c4667-6190-5ad4-9de0-defbb7ee7bbe,38bb9fdb-7d90-55a0-98d8-f9935f1aec70,2024-09-09 17:18:00+01:00,2024-09-09 17:42:00+01:00,23,office,Berlin,,DE,home,Berlin,,DE,home_return,,public_transport,,9.28,True,True,True
b5b58cfe-f108-5cff-b6f4-6daa81fcf79c,38bb9fdb-7d90-55a0-98d8-f9935f1aec70,2024-09-09 12:16:00+01:00,2024-09-09 12:29:00+01:00,13,office,Berlin,,DE,supermarket,Berlin,,DE,errands,,walking,,1.1,False,False,False
b8073980-2f0e-5cf8-8441-ac97e8abacd2,38bb9fdb-7d90-55a0-98d8-f9935f1aec70,2024-09-10 08:11:00+01:00,2024-09-10 08:34:00+01:00,20,home,Berlin,,DE,office,Berlin,,DE,commute,,public_transport,,7.99,True,True,True
b22ced3b-351e-57b7-b9ef-101d3d36bc83,38bb9fdb-7d90-55a0-98d8-f9935f1aec70,2024-09-10 17:11:00+01:00,2024-09-10 17:35:00+01:00,20,office,Berlin,,DE,home,Berlin,,DE,home_return,,public_transport,,8.45,True,True,True
61a7df1d-41be-5b9e-a4be-89e4e4ffbcbc,38bb9fdb-7d90-55a0-98d8-f9935f1aec70,2024-09-10 12:33:00+01:00,2024-09-10 13:03:00+01:00,30,office,Berlin,,DE,supermarket,Berlin,,DE,errands,,walking,,2.5,False,False,False
6ac95aa0-64a2-53c6-8d3a-160a675c9c5f,38bb9fdb-7d90-55a0-98d8-f9935f1aec70,2024-09-11 12:24:00+01:00,2024-09-11 12:56:00+01:00,32,office,Berlin,,DE,supermarket,Berlin,,DE,errands,,walking,,2.7,False,False,False
fe104bb4-2a8b-56a3-bd0c-c3d49fa374f8,38bb9fdb-7d90-55a0-98d8-f9935f1aec70,2024-09-12 08:06:00+01:00,2024-09-12 08:33:00+01:00,25,home,Berlin,,DE,office,Berlin,,DE,commute,,public_transport,,9.12,True,True,True
a641cdea-5c09-5ff6-98e3-19bc1652ed08,38bb9fdb-7d90-55a0-98d8-f9935f1aec70,2024-09-12 17:58:00+01:00,2024-09-12 18:25:00+01:00,23,office,Berlin,,DE,home,Berlin,,DE,home_return,,public_transport,,8.67,True,True,True
8727f2f7-eb4e-517e-acd0-b0658eccdb00,38bb9fdb-7d90-55a0-98d8-f9935f1aec70,2024-09-13 07:53:00+01:00,2024-09-13 08:15:00+01:00,21,home,Berlin,,DE,office,Berlin,,DE,commute,,public_transport,,8.95,True,True,True
d2b7570b-91d2-5da7-a37c-7d45101a1f97,38bb9fdb-7d90-55a0-98d8-f9935f1aec70,2024-09-13 17:04:00+01:00,2024-09-13 17:30:00+01:00,21,office,Berlin,,DE,home,Berlin,,DE,home_return,,public_transport,,8.23,True,True,True
d738f567-6287-502c-be40-013e26b05492,38bb9fdb-7d90-55a0-98d8-f9935f1aec70,2024-09-13 12:24:00+01:00,2024-09-13 12:47:00+01:00,23,office,Berlin,,DE,supermarket,Berlin,,DE,errands,,walking,,1.9,False,False,False
0b037431-9db1-5b2d-9d85-7c622ae084bb,38bb9fdb-7d90-55a0-98d8-f9935f1aec70,2024-09-14 11:40:00+01:00,2024-09-14 12:02:00+01:00,20,home,Berlin,,DE,city_center,Berlin,,DE,shopping,,public_transport,,7.61,False,True,False
6bff437f-2033-57fc-bb8f-878bfa07572f,38bb9fdb-7d90-55a0-98d8-f9935f1aec70,2024-09-14 16:09:00+01:00,2024-09-14 16:32:00+01:00,20,city_center,Berlin,,DE,home,Berlin,,DE,home_return,,public_transport,,7.59,False,True,False
0f15229a-1aa1-5b6e-9f3d-959cba2b2370,38bb9fdb-7d90-55a0-98d8-f9935f1aec70,2024-09-15 11:16:00+01:00,2024-09-15 11:34:00+01:00,15,home,Berlin,,DE,city_center,Berlin,,DE,shopping,,public_transport,,4.01,False,True,False
fdce6ee5-ae68-5615-bdfd-0267ca0a7793,38bb9fdb-7d90-55a0-98d8-f9935f1aec70,2024-09-15 15:59:00+01:00,2024-09-15 16:18:00+01:00,16,city_center,Berlin,,DE,home,Berlin,,DE,home_return,,public_transport,,4.08,False,True,False
e91f5943-3d50-5ba1-9ea9-6ddc88c52196,38bb9fdb-7d90-55a0-98d8-f9935f1aec70,2024-09-16 07:42:00+01:00,2024-09-16 08:09:00+01:00,22,home,Berlin,,DE,office,Berlin,,DE,commute,,public_transport,,8.12,True,True,True
82580dc4-5074-5c15-9905-b9e9cc767337,38bb9fdb-7d90-55a0-98d8-f9935f1aec70,2024-09-16 17:43:00+01:00,2024-09-16 18:08:00+01:00,24,office,Berlin,,DE,home,Berlin,,DE,home_return,,public_transport,,8.38,True,True,True
11c1a0b6-20c3-55da-b9d4-cfe525dcc71e,38bb9fdb-7d90-55a0-98d8-f9935f1aec70,2024-09-17 07:51:00+01:00,2024-09-17 08:15:00+01:00,21,home,Berlin,,DE,office,Berlin,,DE,commute,,public_transport,,7.99,True,True,True
3a9dc40f-a426-5465-a75d-1e7f85be2d5d,38bb9fdb-7d90-55a0-98d8-f9935f1aec70,2024-09-17 17:40:00+01:00,2024-09-17 18:09:00+01:00,25,office,Berlin,,DE,home,Berlin,,DE,home_return,,public_transport,,9.07,True,True,True
0bfe7176-e218-597d-b027-356e58ff1f2a,38bb9fdb-7d90-55a0-98d8-f9935f1aec70,2024-09-18 08:01:00+01:00,2024-09-18 08:30:00+01:00,25,home,Berlin,,DE,office,Berlin,,DE,commute,,public_transport,,9.5,True,True,True
c1c50d95-f5af-50c2-b0a2-2a98b6613ed7,38bb9fdb-7d90-55a0-98d8-f9935f1aec70,2024-09-18 17:29:00+01:00,2024-09-18 17:54:00+01:00,24,office,Berlin,,DE,home,Berlin,,DE,home_return,,public_transport,,8.97,True,True,True
e1ba538a-6f3b-5d2c-9ef9-7136be5e84af,38bb9fdb-7d90-55a0-98d8-f9935f1aec70,2024-09-19 08:14:00+01:00,2024-09-19 08:41:00+01:00,22,home,Berlin,,DE,office,Berlin,,DE,commute,,public_transport,,9.34,True,True,True
8f421ba9-cf99-5413-8977-6da646687784,38bb9fdb-7d90-55a0-98d8-f9935f1aec70,2024-09-19 17:40:00+01:00,2024-09-19 18:05:00+01:00,22,office,Berlin,,DE,home,Berlin,,DE,home_return,,public_transport,,9.05,True,True,True
7bac2e76-4d92-5347-bcc6-e223b45492c6,38bb9fdb-7d90-55a0-98d8-f9935f1aec70,2024-09-20 07:47:00+01:00,2024-09-20 08:14:00+01:00,25,home,Berlin,,DE,office,Berlin,,DE,commute,,public_transport,,9.25,True,True,True
a67d8a5a-bf68-54f1-b425-67c6ef5df1fd,38bb9fdb-7d90-55a0-98d8-f9935f1aec70,2024-09-20 17:00:00+01:00,2024-09-20 17:22:00+01:00,21,office,Berlin,,DE,home,Berlin,,DE,home_return,,public_transport,,8.32,True,True,True
3d0efa67-79e0-5fa0-a7bc-19b3563b7c18,38bb9fdb-7d90-55a0-98d8-f9935f1aec70,2024-09-20 12:30:00+01:00,2024-09-20 13:12:00+01:00,42,office,Berlin,,DE,supermarket,Berlin,,DE,errands,,walking,,3.5,False,False,False
592c16ac-a44c-5619-ac4f-2ff6f015d866,38bb9fdb-7d90-55a0-98d8-f9935f1aec70,2024-09-21 11:46:00+01:00,2024-09-21 12:12:00+01:00,22,home,Berlin,,DE,city_center,Berlin,,DE,errands,,public_transport,,7.71,False,True,False
5a30e3a9-14e8-5da8-8dc2-2a692259230d,38bb9fdb-7d90-55a0-98d8-f9935f1aec70,2024-09-21 15:49:00+01:00,2024-09-21 16:15:00+01:00,24,city_center,Berlin,,DE,home,Berlin,,DE,home_return,,public_transport,,7.89,False,True,False
27d5ac89-3e87-5325-83af-283dddd83482,38bb9fdb-7d90-55a0-98d8-f9935f1aec70,2024-09-22 10:43:00+01:00,2024-09-22 11:05:00+01:00,21,home,Berlin,,DE,city_center,Berlin,,DE,errands,,public_transport,,8.21,False,True,False
59913583-9c53-5e7a-a25d-4f8edeb3639f,38bb9fdb-7d90-55a0-98d8-f9935f1aec70,2024-09-22 15:38:00+01:00,2024-09-22 16:06:00+01:00,24,city_center,Berlin,,DE,home,Berlin,,DE,home_return,,public_transport,,8.48,False,True,False
178f3a57-705a-5d93-9f0e-34c7d8e98d5d,38bb9fdb-7d90-55a0-98d8-f9935f1aec70,2024-09-23 08:01:00+01:00,2024-09-23 08:30:00+01:00,25,home,Berlin,,DE,office,Berlin,,DE,commute,,public_transport,,8.96,True,True,True
b5706cbf-e5a6-58bf-ad4b-9d7179fef2fe,38bb9fdb-7d90-55a0-98d8-f9935f1aec70,2024-09-23 17:44:00+01:00,2024-09-23 18:09:00+01:00,21,office,Berlin,,DE,home,Berlin,,DE,home_return,,public_transport,,9.16,True,True,True
2e77efeb-2241-5582-892f-f94aa9bfa6b9,38bb9fdb-7d90-55a0-98d8-f9935f1aec70,2024-09-24 08:04:00+01:00,2024-09-24 08:31:00+01:00,25,home,Berlin,,DE,office,Berlin,,DE,commute,,public_transport,,9.42,True,True,True
57472e93-f5c8-5091-9e09-f165b6e613bd,38bb9fdb-7d90-55a0-98d8-f9935f1aec70,2024-09-24 17:32:00+01:00,2024-09-24 17:56:00+01:00,23,office,Berlin,,DE,home,Berlin,,DE,home_return,,public_transport,,8.14,True,True,True
453eb1ea-e1c2-58ab-85fa-388d308d17b4,38bb9fdb-7d90-55a0-98d8-f9935f1aec70,2024-09-25 07:49:00+01:00,2024-09-25 08:13:00+01:00,22,home,Berlin,,DE,office,Berlin,,DE,commute,,public_transport,,8.62,True,True,True
3a727585-870c-56e5-a8de-e9ce1605bc9c,38bb9fdb-7d90-55a0-98d8-f9935f1aec70,2024-09-25 17:16:00+01:00,2024-09-25 17:43:00+01:00,26,office,Berlin,,DE,home,Berlin,,DE,home_return,,public_transport,,9.47,True,True,True
ed18ba13-44c3-5827-857e-e70dbe2d13e1,38bb9fdb-7d90-55a0-98d8-f9935f1aec70,2024-09-26 08:00:00+01:00,2024-09-26 08:31:00+01:00,27,home,Berlin,,DE,office,Berlin,,DE,commute,,public_transport,,8.91,True,True,True
71c11a1c-c792-5c12-bc54-8e199f170a2c,38bb9fdb-7d90-55a0-98d8-f9935f1aec70,2024-09-26 17:04:00+01:00,2024-09-26 17:32:00+01:00,25,office,Berlin,,DE,home,Berlin,,DE,home_return,,public_transport,,8.33,True,True,True
4d8544c6-0994-5e32-aa66-6a9b705c4281,38bb9fdb-7d90-55a0-98d8-f9935f1aec70,2024-09-27 08:20:00+01:00,2024-09-27 08:43:00+01:00,21,home,Berlin,,DE,office,Berlin,,DE,commute,,public_transport,,8.08,True,True,True
6bf699ae-4cc5-5f89-a6d5-458cd58da79f,38bb9fdb-7d90-55a0-98d8-f9935f1aec70,2024-09-27 17:02:00+01:00,2024-09-27 17:26:00+01:00,21,office,Berlin,,DE,home,Berlin,,DE,home_return,,public_transport,,9.22,True,True,True
92fdd7d4-0c61-5066-b1b2-109b6ef907f5,38bb9fdb-7d90-55a0-98d8-f9935f1aec70,2024-09-27 12:33:00+01:00,2024-09-27 13:04:00+01:00,31,office,Berlin,,DE,supermarket,Berlin,,DE,errands,,walking,,2.6,False,False,False
f9cbd549-91ac-513c-922e-4ece4ec9f445,38bb9fdb-7d90-55a0-98d8-f9935f1aec70,2024-09-28 11:19:00+01:00,2024-09-28 11:37:00+01:00,13,home,Berlin,,DE,city_center,Berlin,,DE,errands,,public_transport,,3.86,False,True,False
50b101a7-064e-53d6-80e2-93200761b459,38bb9fdb-7d90-55a0-98d8-f9935f1aec70,2024-09-28 15:59:00+01:00,2024-09-28 16:17:00+01:00,17,city_center,Berlin,,DE,home,Berlin,,DE,home_return,,public_transport,,4.14,False,True,False
a61ff612-bacb-595c-a1be-3bcbb716a674,38bb9fdb-7d90-55a0-98d8-f9935f1aec70,2024-09-29 10:09:00+01:00,2024-09-29 10:29:00+01:00,15,home,Berlin,,DE,city_center,Berlin,,DE,social,,public_transport,,4.66,False,True,False
317ddb56-2797-55a5-819a-fc0f1d0f88e1,38bb9fdb-7d90-55a0-98d8-f9935f1aec70,2024-09-29 15:54:00+01:00,2024-09-29 16:12:00+01:00,15,city_center,Berlin,,DE,home,Berlin,,DE,home_return,,public_transport,,4.66,False,True,False
f76438bf-020f-5578-8aa4-fb43efb3fece,38bb9fdb-7d90-55a0-98d8-f9935f1aec70,2024-09-30 07:55:00+01:00,2024-09-30 08:22:00+01:00,24,home,Berlin,,DE,office,Berlin,,DE,commute,,public_transport,,8.91,True,True,True
125ea994-18d5-57ba-bafa-37ff34207131,38bb9fdb-7d90-55a0-98d8-f9935f1aec70,2024-09-30 17:53:00+01:00,2024-09-30 18:22:00+01:00,24,office,Berlin,,DE,home,Berlin,,DE,home_return,,public_transport,,8.53,True,True,True
d5336c84-3f2b-585a-91e0-3ec81ed1a76f,38bb9fdb-7d90-55a0-98d8-f9935f1aec70,2024-10-01 08:11:00+01:00,2024-10-01 08:39:00+01:00,26,home,Berlin,,DE,office,Berlin,,DE,commute,,public_transport,,9.66,True,True,True
84934694-0724-55de-a0f8-f81127e8ab9f,38bb9fdb-7d90-55a0-98d8-f9935f1aec70,2024-10-01 17:40:00+01:00,2024-10-01 18:04:00+01:00,22,office,Berlin,,DE,home,Berlin,,DE,home_return,,public_transport,,8.51,True,True,True
8757b5e3-b757-58e5-b0a4-cb4980769567,38bb9fdb-7d90-55a0-98d8-f9935f1aec70,2024-10-02 08:08:00+01:00,2024-10-02 08:30:00+01:00,20,home,Berlin,,DE,office,Berlin,,DE,commute,,public_transport,,8.28,True,True,True
36a7be33-e195-5dd2-8dab-e9c97350e072,38bb9fdb-7d90-55a0-98d8-f9935f1aec70,2024-10-02 17:47:00+01:00,2024-10-02 18:15:00+01:00,23,office,Berlin,,DE,home,Berlin,,DE,home_return,,public_transport,,8.5,True,True,True
8f905cfe-1deb-5e79-85b5-e46b8480bbeb,38bb9fdb-7d90-55a0-98d8-f9935f1aec70,2024-10-03 07:50:00+01:00,2024-10-03 08:20:00+01:00,26,home,Berlin,,DE,office,Berlin,,DE,commute,,public_transport,,8.76,True,True,True
09d11648-972e-515c-949f-7f0b1bd973e4,38bb9fdb-7d90-55a0-98d8-f9935f1aec70,2024-10-03 17:55:00+01:00,2024-10-03 18:15:00+01:00,19,office,Berlin,,DE,home,Berlin,,DE,home_return,,public_transport,,8.18,True,True,True
7a67c7cc-5b69-51e5-95e6-becccd053ca6,38bb9fdb-7d90-55a0-98d8-f9935f1aec70,2024-10-04 08:05:00+01:00,2024-10-04 08:31:00+01:00,23,home,Berlin,,DE,office,Berlin,,DE,commute,,public_transport,,9.12,True,True,True
6f715c67-03f9-5779-bb81-87e5b5efc843,38bb9fdb-7d90-55a0-98d8-f9935f1aec70,2024-10-04 17:16:00+01:00,2024-10-04 17:42:00+01:00,23,office,Berlin,,DE,home,Berlin,,DE,home_return,,public_transport,,8.64,True,True,True
e40aa34c-f54c-585e-b915-9c3aaa5af9c8,38bb9fdb-7d90-55a0-98d8-f9935f1aec70,2024-10-06 11:19:00+01:00,2024-10-06 11:38:00+01:00,14,home,Berlin,,DE,city_center,Berlin,,DE,leisure,,public_transport,,4.31,False,True,False
b9732cb5-4d89-5905-9cc8-4369a6f4260a,38bb9fdb-7d90-55a0-98d8-f9935f1aec70,2024-10-06 15:08:00+01:00,2024-10-06 15:28:00+01:00,17,city_center,Berlin,,DE,home,Berlin,,DE,home_return,,public_transport,,4.45,False,True,False
3f3d5ff7-9b35-5c18-913f-77575b20bfbd,38bb9fdb-7d90-55a0-98d8-f9935f1aec70,2024-10-07 07:42:00+01:00,2024-10-07 08:03:00+01:00,20,home,Berlin,,DE,office,Berlin,,DE,commute,,public_transport,,7.96,True,True,True
2a3ab1ea-6fb8-5dad-80d9-ae316ac4cc3b,38bb9fdb-7d90-55a0-98d8-f9935f1aec70,2024-10-07 17:24:00+01:00,2024-10-07 17:52:00+01:00,23,office,Berlin,,DE,home,Berlin,,DE,home_return,,public_transport,,8.9,True,True,True
a97c7385-a469-57d9-96ef-23eba31d58f2,38bb9fdb-7d90-55a0-98d8-f9935f1aec70,2024-10-08 07:46:00+01:00,2024-10-08 08:10:00+01:00,21,home,Berlin,,DE,office,Berlin,,DE,commute,,public_transport,,8.52,True,True,True
254450f2-96c6-5c80-a58f-22c15886ab40,38bb9fdb-7d90-55a0-98d8-f9935f1aec70,2024-10-08 17:28:00+01:00,2024-10-08 17:50:00+01:00,19,office,Berlin,,DE,home,Berlin,,DE,home_return,,public_transport,,8.32,True,True,True
cc0a473a-ae23-508d-8167-da9aec54ef3c,38bb9fdb-7d90-55a0-98d8-f9935f1aec70,2024-10-09 08:02:00+01:00,2024-10-09 08:29:00+01:00,26,home,Berlin,,DE,office,Berlin,,DE,commute,,public_transport,,9.65,True,True,True
9d175aba-8706-5c1b-af0f-5098583a357a,38bb9fdb-7d90-55a0-98d8-f9935f1aec70,2024-10-09 17:05:00+01:00,2024-10-09 17:37:00+01:00,27,office,Berlin,,DE,home,Berlin,,DE,home_return,,public_transport,,9.57,True,True,True
4b6d475a-99b3-53f6-8f22-ccc01bf4c8ec,38bb9fdb-7d90-55a0-98d8-f9935f1aec70,2024-10-09 12:19:00+01:00,2024-10-09 12:43:00+01:00,24,office,Berlin,,DE,supermarket,Berlin,,DE,errands,,walking,,2.0,False,False,False
770de79b-27f9-5433-acec-fefc1b04839b,38bb9fdb-7d90-55a0-98d8-f9935f1aec70,2024-10-10 08:15:00+01:00,2024-10-10 08:38:00+01:00,21,home,Berlin,,DE,office,Berlin,,DE,commute,,public_transport,,9.15,True,True,True
374395a4-1f73-50b4-a35d-824f5581c665,38bb9fdb-7d90-55a0-98d8-f9935f1aec70,2024-10-10 17:57:00+01:00,2024-10-10 18:22:00+01:00,23,office,Berlin,,DE,home,Berlin,,DE,home_return,,public_transport,,8.35,True,True,True
595467ae-4193-55de-82ba-bbf1dc36b303,38bb9fdb-7d90-55a0-98d8-f9935f1aec70,2024-10-11 07:41:00+01:00,2024-10-11 08:04:00+01:00,21,home,Berlin,,DE,office,Berlin,,DE,commute,,public_transport,,8.16,True,True,True
35be8b2f-6abd-5fc5-975e-bb8314b08046,38bb9fdb-7d90-55a0-98d8-f9935f1aec70,2024-10-11 17:16:00+01:00,2024-10-11 17:42:00+01:00,21,office,Berlin,,DE,home,Berlin,,DE,home_return,,public_transport,,7.98,True,True,True
f059e8a1-6b04-5f81-a1c2-cafdfb5c09fc,38bb9fdb-7d90-55a0-98d8-f9935f1aec70,2024-10-11 12:26:00+01:00,2024-10-11 12:54:00+01:00,28,office,Berlin,,DE,supermarket,Berlin,,DE,errands,,walking,,2.3,False,False,False
20937481-cfef-5a0a-8bb0-a9502972379d,38bb9fdb-7d90-55a0-98d8-f9935f1aec70,2024-10-12 11:33:00+01:00,2024-10-12 11:58:00+01:00,20,home,Berlin,,DE,city_center,Berlin,,DE,leisure,,public_transport,,6.37,False,True,False
02788c59-e081-5bf8-a4dc-1a942ce76f88,38bb9fdb-7d90-55a0-98d8-f9935f1aec70,2024-10-12 16:22:00+01:00,2024-10-12 16:44:00+01:00,18,city_center,Berlin,,DE,home,Berlin,,DE,home_return,,public_transport,,6.26,False,True,False
bde8f1ef-84d7-5a8b-be14-c3365e4f8dba,38bb9fdb-7d90-55a0-98d8-f9935f1aec70,2024-10-13 10:09:00+01:00,2024-10-13 10:23:00+01:00,12,home,Berlin,,DE,city_center,Berlin,,DE,errands,,public_transport,,3.36,False,True,False
9423036b-9675-5de8-9441-13c90ad5118c,38bb9fdb-7d90-55a0-98d8-f9935f1aec70,2024-10-13 15:35:00+01:00,2024-10-13 15:52:00+01:00,14,city_center,Berlin,,DE,home,Berlin,,DE,home_return,,public_transport,,3.58,False,True,False
aaa9408b-997f-5402-8a75-068ced7cc13a,38bb9fdb-7d90-55a0-98d8-f9935f1aec70,2024-10-14 08:12:00+01:00,2024-10-14 08:35:00+01:00,22,home,Berlin,,DE,office,Berlin,,DE,commute,,public_transport,,8.45,True,True,True
f794e624-3754-5a62-8fac-837b76e828f4,38bb9fdb-7d90-55a0-98d8-f9935f1aec70,2024-10-14 17:49:00+01:00,2024-10-14 18:19:00+01:00,26,office,Berlin,,DE,home,Berlin,,DE,home_return,,public_transport,,9.17,True,True,True
f1fe66fc-f07f-5084-856b-bef840f147f7,38bb9fdb-7d90-55a0-98d8-f9935f1aec70,2024-10-15 08:06:00+01:00,2024-10-15 08:32:00+01:00,23,home,Berlin,,DE,office,Berlin,,DE,commute,,public_transport,,8.73,True,True,True
a582b7a3-db20-54ba-ad79-7f5b12a8aec8,38bb9fdb-7d90-55a0-98d8-f9935f1aec70,2024-10-15 17:09:00+01:00,2024-10-15 17:34:00+01:00,24,office,Berlin,,DE,home,Berlin,,DE,home_return,,public_transport,,8.72,True,True,True
61126ba3-f07d-51ab-bf76-db8d653196d6,38bb9fdb-7d90-55a0-98d8-f9935f1aec70,2024-10-15 12:38:00+01:00,2024-10-15 12:54:00+01:00,16,office,Berlin,,DE,supermarket,Berlin,,DE,errands,,walking,,1.3,False,False,False
d5b9ce24-8915-56f9-afd8-941ded6dfbaf,38bb9fdb-7d90-55a0-98d8-f9935f1aec70,2024-10-16 08:15:00+01:00,2024-10-16 08:41:00+01:00,22,home,Berlin,,DE,office,Berlin,,DE,commute,,public_transport,,8.11,True,True,True
425a4315-2e28-5fc8-8716-9d62fe2e5a19,38bb9fdb-7d90-55a0-98d8-f9935f1aec70,2024-10-16 17:48:00+01:00,2024-10-16 18:17:00+01:00,28,office,Berlin,,DE,home,Berlin,,DE,home_return,,public_transport,,9.42,True,True,True
675b9d95-1567-5971-9882-fb6fb49a7d6c,38bb9fdb-7d90-55a0-98d8-f9935f1aec70,2024-10-17 07:53:00+01:00,2024-10-17 08:17:00+01:00,23,home,Berlin,,DE,office,Berlin,,DE,commute,,public_transport,,8.85,True,True,True
701a9344-5205-5269-8e82-29172173b6af,38bb9fdb-7d90-55a0-98d8-f9935f1aec70,2024-10-17 17:07:00+01:00,2024-10-17 17:35:00+01:00,24,office,Berlin,,DE,home,Berlin,,DE,home_return,,public_transport,,9.06,True,True,True
4ce3b248-2ad3-5b33-bc0d-c59a7c02a5c6,38bb9fdb-7d90-55a0-98d8-f9935f1aec70,2024-10-18 08:15:00+01:00,2024-10-18 08:42:00+01:00,24,home,Berlin,,DE,office,Berlin,,DE,commute,,public_transport,,8.96,True,True,True
21906bc3-06da-56d2-ac10-f173721b152f,38bb9fdb-7d90-55a0-98d8-f9935f1aec70,2024-10-18 17:48:00+01:00,2024-10-18 18:09:00+01:00,20,office,Berlin,,DE,home,Berlin,,DE,home_return,,public_transport,,8.25,True,True,True
a7b51459-952d-5d49-abaf-327154eed334,38bb9fdb-7d90-55a0-98d8-f9935f1aec70,2024-10-18 12:17:00+01:00,2024-10-18 12:53:00+01:00,36,office,Berlin,,DE,supermarket,Berlin,,DE,errands,,walking,,3.0,False,False,False
1da9f921-2892-597b-a57c-e96f859cf835,38bb9fdb-7d90-55a0-98d8-f9935f1aec70,2024-10-20 10:48:00+01:00,2024-10-20 11:11:00+01:00,20,home,Berlin,,DE,city_center,Berlin,,DE,social,,public_transport,,7.86,False,True,False
f8c455d6-6d3c-5e68-a3ef-615f36c1d887,38bb9fdb-7d90-55a0-98d8-f9935f1aec70,2024-10-20 15:41:00+01:00,2024-10-20 16:06:00+01:00,24,city_center,Berlin,,DE,home,Berlin,,DE,home_return,,public_transport,,8.18,False,True,False
24523804-f8f0-5f94-8084-68875b145a55,38bb9fdb-7d90-55a0-98d8-f9935f1aec70,2024-10-21 07:43:00+01:00,2024-10-21 08:10:00+01:00,23,home,Berlin,,DE,office,Berlin,,DE,commute,,public_transport,,9.11,True,True,True
317637cf-5e2b-57d0-9d5c-70034c5a3eed,38bb9fdb-7d90-55a0-98d8-f9935f1aec70,2024-10-21 17:17:00+01:00,2024-10-21 17:42:00+01:00,22,office,Berlin,,DE,home,Berlin,,DE,home_return,,public_transport,,8.68,True,True,True
f939a51f-d21d-5ea7-86b0-e0918c39e748,38bb9fdb-7d90-55a0-98d8-f9935f1aec70,2024-10-22 07:59:00+01:00,2024-10-22 08:24:00+01:00,20,home,Berlin,,DE,office,Berlin,,DE,commute,,public_transport,,8.56,True,True,True
b0485fce-6942-55e1-b802-355996244f08,38bb9fdb-7d90-55a0-98d8-f9935f1aec70,2024-10-22 18:00:00+01:00,2024-10-22 18:23:00+01:00,20,office,Berlin,,DE,home,Berlin,,DE,home_return,,public_transport,,8.1,True,True,True
d7e06bf9-373a-5cfb-ac1e-eb0c33157d75,38bb9fdb-7d90-55a0-98d8-f9935f1aec70,2024-10-22 12:28:00+01:00,2024-10-22 12:58:00+01:00,30,office,Berlin,,DE,supermarket,Berlin,,DE,errands,,walking,,2.5,False,False,False
9870123d-0f03-5526-b557-da72176b0465,38bb9fdb-7d90-55a0-98d8-f9935f1aec70,2024-10-23 08:12:00+01:00,2024-10-23 08:38:00+01:00,23,home,Berlin,,DE,office,Berlin,,DE,commute,,public_transport,,9.03,True,True,True
8141fe52-1575-548a-9fe5-cf79742f3016,38bb9fdb-7d90-55a0-98d8-f9935f1aec70,2024-10-23 17:02:00+01:00,2024-10-23 17:28:00+01:00,25,office,Berlin,,DE,home,Berlin,,DE,home_return,,public_transport,,9.5,True,True,True
7cc3232c-7eb5-5ae6-bdd3-2a2f9204a022,38bb9fdb-7d90-55a0-98d8-f9935f1aec70,2024-10-24 08:06:00+01:00,2024-10-24 08:30:00+01:00,21,home,Berlin,,DE,office,Berlin,,DE,commute,,public_transport,,8.97,True,True,True
1f3e1255-5ff4-5283-b58e-2ca2dd61bdea,38bb9fdb-7d90-55a0-98d8-f9935f1aec70,2024-10-24 17:29:00+01:00,2024-10-24 17:56:00+01:00,26,office,Berlin,,DE,home,Berlin,,DE,home_return,,public_transport,,9.66,True,True,True
6a241b43-032f-5fd6-9ca9-39785c5384ea,38bb9fdb-7d90-55a0-98d8-f9935f1aec70,2024-10-24 12:27:00+01:00,2024-10-24 12:55:00+01:00,28,office,Berlin,,DE,supermarket,Berlin,,DE,errands,,walking,,2.3,False,False,False
939d8a80-20f9-5fc4-9c44-91064f0759ca,38bb9fdb-7d90-55a0-98d8-f9935f1aec70,2024-10-25 08:01:00+01:00,2024-10-25 08:26:00+01:00,24,home,Berlin,,DE,office,Berlin,,DE,commute,,public_transport,,8.61,True,True,True
1f76b5ce-ae85-5412-9e52-e0e592c44acf,38bb9fdb-7d90-55a0-98d8-f9935f1aec70,2024-10-25 17:32:00+01:00,2024-10-25 17:59:00+01:00,24,office,Berlin,,DE,home,Berlin,,DE,home_return,,public_transport,,8.38,True,True,True
3ad760a6-7e55-5378-b48b-34ab8968296c,38bb9fdb-7d90-55a0-98d8-f9935f1aec70,2024-10-27 10:22:00+01:00,2024-10-27 10:37:00+01:00,14,home,Berlin,,DE,city_center,Berlin,,DE,social,,public_transport,,3.77,False,True,False
b40c177c-24e0-5e7c-b1fd-7e2427bac002,38bb9fdb-7d90-55a0-98d8-f9935f1aec70,2024-10-27 16:38:00+01:00,2024-10-27 16:59:00+01:00,16,city_center,Berlin,,DE,home,Berlin,,DE,home_return,,public_transport,,3.89,False,True,False
cca199b7-163f-5e80-b275-deea5d4460a5,38bb9fdb-7d90-55a0-98d8-f9935f1aec70,2024-10-28 08:16:00+01:00,2024-10-28 08:47:00+01:00,28,home,Berlin,,DE,office,Berlin,,DE,commute,,public_transport,,9.82,True,True,True
516d2291-71db-578b-aaf2-92f733fc0f64,38bb9fdb-7d90-55a0-98d8-f9935f1aec70,2024-10-28 17:09:00+01:00,2024-10-28 17:37:00+01:00,25,office,Berlin,,DE,home,Berlin,,DE,home_return,,public_transport,,9.11,True,True,True
e37acd46-c880-5759-8e82-ef8d53bf6d61,38bb9fdb-7d90-55a0-98d8-f9935f1aec70,2024-10-29 08:09:00+01:00,2024-10-29 08:30:00+01:00,18,home,Berlin,,DE,office,Berlin,,DE,commute,,public_transport,,7.77,True,True,True
c6f690ae-c606-5afd-b147-f256759f47f9,38bb9fdb-7d90-55a0-98d8-f9935f1aec70,2024-10-29 17:54:00+01:00,2024-10-29 18:22:00+01:00,24,office,Berlin,,DE,home,Berlin,,DE,home_return,,public_transport,,9.41,True,True,True
29fa4dfb-fab3-52fd-9e7f-7095cfb41b29,38bb9fdb-7d90-55a0-98d8-f9935f1aec70,2024-10-30 08:08:00+01:00,2024-10-30 08:33:00+01:00,23,home,Berlin,,DE,office,Berlin,,DE,commute,,public_transport,,9.39,True,True,True
dfb1f7d6-5ead-5c04-8821-0aefc13ceed5,38bb9fdb-7d90-55a0-98d8-f9935f1aec70,2024-10-30 17:09:00+01:00,2024-10-30 17:37:00+01:00,25,office,Berlin,,DE,home,Berlin,,DE,home_return,,public_transport,,8.93,True,True,True
f3085e1f-b771-52c4-a2e5-7a754485a538,38bb9fdb-7d90-55a0-98d8-f9935f1aec70,2024-10-30 12:16:00+01:00,2024-10-30 12:51:00+01:00,35,office,Berlin,,DE,supermarket,Berlin,,DE,errands,,walking,,2.9,False,False,False
7339dd1f-68b3-5730-988a-c704a14921dd,38bb9fdb-7d90-55a0-98d8-f9935f1aec70,2024-10-31 08:13:00+01:00,2024-10-31 08:37:00+01:00,21,home,Berlin,,DE,office,Berlin,,DE,commute,,public_transport,,8.6,True,True,True
0405bd17-e52f-5922-b0f4-6b90351e0b85,38bb9fdb-7d90-55a0-98d8-f9935f1aec70,2024-10-31 17:43:00+01:00,2024-10-31 18:09:00+01:00,23,office,Berlin,,DE,home,Berlin,,DE,home_return,,public_transport,,9.19,True,True,True
8aaf6977-f9a1-5eba-82c5-115d0a301815,38bb9fdb-7d90-55a0-98d8-f9935f1aec70,2024-10-31 12:24:00+01:00,2024-10-31 13:00:00+01:00,36,office,Berlin,,DE,supermarket,Berlin,,DE,errands,,walking,,3.0,False,False,False
6dba8185-1158-5e69-aa23-b8095269ca3e,38bb9fdb-7d90-55a0-98d8-f9935f1aec70,2024-11-01 08:18:00+01:00,2024-11-01 08:48:00+01:00,25,home,Berlin,,DE,office,Berlin,,DE,commute,,public_transport,,9.54,True,True,True
760f7dd4-87a8-55e7-9ac5-2309b767d583,38bb9fdb-7d90-55a0-98d8-f9935f1aec70,2024-11-01 17:19:00+01:00,2024-11-01 17:46:00+01:00,23,office,Berlin,,DE,home,Berlin,,DE,home_return,,public_transport,,9.4,True,True,True
e86d65ea-a485-5d42-978c-fd98adc7638d,38bb9fdb-7d90-55a0-98d8-f9935f1aec70,2024-11-02 11:44:00+01:00,2024-11-02 12:08:00+01:00,19,home,Berlin,,DE,city_center,Berlin,,DE,shopping,,public_transport,,6.62,False,True,False
bb892581-e918-526d-acb5-5f700cc07b40,38bb9fdb-7d90-55a0-98d8-f9935f1aec70,2024-11-02 16:25:00+01:00,2024-11-02 16:46:00+01:00,18,city_center,Berlin,,DE,home,Berlin,,DE,home_return,,public_transport,,6.56,False,True,False
1f0facdb-164e-5e31-b601-c28e92a1914f,38bb9fdb-7d90-55a0-98d8-f9935f1aec70,2024-11-04 07:52:00+01:00,2024-11-04 08:14:00+01:00,21,home,Berlin,,DE,office,Berlin,,DE,commute,,public_transport,,9.01,True,True,True
1f805d92-36c6-5657-acf7-35ffada51ad3,38bb9fdb-7d90-55a0-98d8-f9935f1aec70,2024-11-04 17:32:00+01:00,2024-11-04 18:00:00+01:00,23,office,Berlin,,DE,home,Berlin,,DE,home_return,,public_transport,,9.21,True,True,True
45566745-67c1-553a-8482-1c6c479cc011,38bb9fdb-7d90-55a0-98d8-f9935f1aec70,2024-11-05 08:04:00+01:00,2024-11-05 08:30:00+01:00,21,home,Berlin,,DE,office,Berlin,,DE,commute,,public_transport,,8.2,True,True,True
5841ac5d-b16d-539d-a5f7-1c2b1689aeaa,38bb9fdb-7d90-55a0-98d8-f9935f1aec70,2024-11-05 17:28:00+01:00,2024-11-05 17:53:00+01:00,23,office,Berlin,,DE,home,Berlin,,DE,home_return,,public_transport,,8.4,True,True,True
16b4f7cc-5e67-506f-9cd5-fcf558f4e0cd,38bb9fdb-7d90-55a0-98d8-f9935f1aec70,2024-11-06 07:54:00+01:00,2024-11-06 08:23:00+01:00,25,home,Berlin,,DE,office,Berlin,,DE,commute,,public_transport,,9.33,True,True,True
7c04954a-a843-5d54-aecc-d4c3192a9cdb,38bb9fdb-7d90-55a0-98d8-f9935f1aec70,2024-11-06 17:43:00+01:00,2024-11-06 18:13:00+01:00,26,office,Berlin,,DE,home,Berlin,,DE,home_return,,public_transport,,8.61,True,True,True
71c3ca6c-2095-5602-9850-4669f61a0f9a,38bb9fdb-7d90-55a0-98d8-f9935f1aec70,2024-11-07 07:50:00+01:00,2024-11-07 08:18:00+01:00,26,home,Berlin,,DE,office,Berlin,,DE,commute,,public_transport,,8.94,True,True,True
d54d7a24-439d-5d3c-bee4-63e9e6e3d9ad,38bb9fdb-7d90-55a0-98d8-f9935f1aec70,2024-11-07 17:30:00+01:00,2024-11-07 17:54:00+01:00,23,office,Berlin,,DE,home,Berlin,,DE,home_return,,public_transport,,8.18,True,True,True
ac22e836-7259-5336-b16c-e118283bec4b,38bb9fdb-7d90-55a0-98d8-f9935f1aec70,2024-11-08 07:50:00+01:00,2024-11-08 08:17:00+01:00,25,home,Berlin,,DE,office,Berlin,,DE,commute,,public_transport,,8.42,True,True,True
dfb15fc0-5853-53a0-81b5-9e7da01acba6,38bb9fdb-7d90-55a0-98d8-f9935f1aec70,2024-11-08 17:58:00+01:00,2024-11-08 18:25:00+01:00,24,office,Berlin,,DE,home,Berlin,,DE,home_return,,public_transport,,8.3,True,True,True
d89824b5-64e8-5c6e-840b-a9762e9d84ad,38bb9fdb-7d90-55a0-98d8-f9935f1aec70,2024-11-09 10:10:00+01:00,2024-11-09 10:28:00+01:00,17,home,Berlin,,DE,city_center,Berlin,,DE,errands,,public_transport,,5.35,False,True,False
256688f0-be94-5cbc-8832-464938eb6bb4,38bb9fdb-7d90-55a0-98d8-f9935f1aec70,2024-11-09 16:23:00+01:00,2024-11-09 16:39:00+01:00,15,city_center,Berlin,,DE,home,Berlin,,DE,home_return,,public_transport,,5.17,False,True,False
e99da685-0ad9-52dc-bc37-0138714536f4,38bb9fdb-7d90-55a0-98d8-f9935f1aec70,2024-11-11 08:10:00+01:00,2024-11-11 08:29:00+01:00,18,home,Berlin,,DE,office,Berlin,,DE,commute,,public_transport,,7.83,True,True,True
87ace9c1-4fe1-5460-a84a-f11511f84a29,38bb9fdb-7d90-55a0-98d8-f9935f1aec70,2024-11-11 17:09:00+01:00,2024-11-11 17:37:00+01:00,23,office,Berlin,,DE,home,Berlin,,DE,home_return,,public_transport,,8.41,True,True,True
fd478a4c-c25d-5219-a77a-d7d06180c895,38bb9fdb-7d90-55a0-98d8-f9935f1aec70,2024-11-12 07:55:00+01:00,2024-11-12 08:20:00+01:00,21,home,Berlin,,DE,office,Berlin,,DE,commute,,public_transport,,8.14,True,True,True
91792da4-04ed-558d-ac05-d7f20d0bb4c6,38bb9fdb-7d90-55a0-98d8-f9935f1aec70,2024-11-12 17:31:00+01:00,2024-11-12 17:58:00+01:00,22,office,Berlin,,DE,home,Berlin,,DE,home_return,,public_transport,,9.18,True,True,True
a9689b09-bec8-50b8-9985-063d00eee4c2,38bb9fdb-7d90-55a0-98d8-f9935f1aec70,2024-11-13 08:02:00+01:00,2024-11-13 08:24:00+01:00,21,home,Berlin,,DE,office,Berlin,,DE,commute,,public_transport,,7.98,True,True,True
2c500dea-36dc-5a98-abee-cb67a4f0ceb0,38bb9fdb-7d90-55a0-98d8-f9935f1aec70,2024-11-13 17:33:00+01:00,2024-11-13 18:02:00+01:00,24,office,Berlin,,DE,home,Berlin,,DE,home_return,,public_transport,,8.71,True,True,True
dc78854f-75d5-5d43-9e4a-60025467b0c8,38bb9fdb-7d90-55a0-98d8-f9935f1aec70,2024-11-14 08:03:00+01:00,2024-11-14 08:25:00+01:00,21,home,Berlin,,DE,office,Berlin,,DE,commute,,public_transport,,8.77,True,True,True
6a9b7f1c-2a44-52e2-9c3e-2b2613b3212f,38bb9fdb-7d90-55a0-98d8-f9935f1aec70,2024-11-14 17:40:00+01:00,2024-11-14 18:05:00+01:00,22,office,Berlin,,DE,home,Berlin,,DE,home_return,,public_transport,,9.05,True,True,True
98c8fffd-9c29-5db6-b4df-1b4d284ffe2c,38bb9fdb-7d90-55a0-98d8-f9935f1aec70,2024-11-15 08:09:00+01:00,2024-11-15 08:36:00+01:00,25,home,Berlin,,DE,office,Berlin,,DE,commute,,public_transport,,9.14,True,True,True
fd6178bb-0ee5-5a09-829b-00b360bfdaf2,38bb9fdb-7d90-55a0-98d8-f9935f1aec70,2024-11-15 17:49:00+01:00,2024-11-15 18:09:00+01:00,18,office,Berlin,,DE,home,Berlin,,DE,home_return,,public_transport,,7.73,True,True,True
02defa0a-c26c-5e97-bf15-13d8b7fd56ca,38bb9fdb-7d90-55a0-98d8-f9935f1aec70,2024-11-16 11:44:00+01:00,2024-11-16 12:08:00+01:00,22,home,Berlin,,DE,city_center,Berlin,,DE,errands,,public_transport,,9.11,False,True,False
36b0bd81-bce5-5f1b-a940-9d62e2a89176,38bb9fdb-7d90-55a0-98d8-f9935f1aec70,2024-11-16 16:50:00+01:00,2024-11-16 17:18:00+01:00,25,city_center,Berlin,,DE,home,Berlin,,DE,home_return,,public_transport,,9.36,False,True,False
c712c098-b0a9-5a5a-9a7d-738c5f34eb3e,38bb9fdb-7d90-55a0-98d8-f9935f1aec70,2024-11-18 08:08:00+01:00,2024-11-18 08:32:00+01:00,22,home,Berlin,,DE,office,Berlin,,DE,commute,,public_transport,,8.59,True,True,True
7133caf1-029b-5933-a7dd-abe5413c06c9,38bb9fdb-7d90-55a0-98d8-f9935f1aec70,2024-11-18 17:59:00+01:00,2024-11-18 18:23:00+01:00,23,office,Berlin,,DE,home,Berlin,,DE,home_return,,public_transport,,8.8,True,True,True
cce2d157-14ce-555b-beb6-1c2f3eddbf4f,38bb9fdb-7d90-55a0-98d8-f9935f1aec70,2024-11-18 12:41:00+01:00,2024-11-18 13:15:00+01:00,34,office,Berlin,,DE,supermarket,Berlin,,DE,errands,,walking,,2.8,False,False,False
1ceac3b7-40ea-5262-9a2a-5e1601e255be,38bb9fdb-7d90-55a0-98d8-f9935f1aec70,2024-11-19 08:00:00+01:00,2024-11-19 08:27:00+01:00,22,home,Berlin,,DE,office,Berlin,,DE,commute,,public_transport,,8.17,True,True,True
1c718b7b-0b9e-574e-9fe9-d2491dff9d20,38bb9fdb-7d90-55a0-98d8-f9935f1aec70,2024-11-19 17:28:00+01:00,2024-11-19 17:51:00+01:00,20,office,Berlin,,DE,home,Berlin,,DE,home_return,,public_transport,,8.14,True,True,True
ef63f7e8-72af-551d-9152-08f20afd2d3a,38bb9fdb-7d90-55a0-98d8-f9935f1aec70,2024-11-20 07:43:00+01:00,2024-11-20 08:11:00+01:00,25,home,Berlin,,DE,office,Berlin,,DE,commute,,public_transport,,9.34,True,True,True
d0915856-a81d-55bf-ad72-195b99b6ecbc,38bb9fdb-7d90-55a0-98d8-f9935f1aec70,2024-11-20 17:10:00+01:00,2024-11-20 17:38:00+01:00,23,office,Berlin,,DE,home,Berlin,,DE,home_return,,public_transport,,9.13,True,True,True
392a098f-b079-5c6a-8d50-06da951a12d3,38bb9fdb-7d90-55a0-98d8-f9935f1aec70,2024-11-21 08:03:00+01:00,2024-11-21 08:29:00+01:00,25,home,Berlin,,DE,office,Berlin,,DE,commute,,public_transport,,8.6,True,True,True
f8a43754-7aa1-5afe-8212-2d176a94079c,38bb9fdb-7d90-55a0-98d8-f9935f1aec70,2024-11-21 18:00:00+01:00,2024-11-21 18:25:00+01:00,24,office,Berlin,,DE,home,Berlin,,DE,home_return,,public_transport,,9.1,True,True,True
db3a5eac-4595-5282-9069-383ef5a9b456,38bb9fdb-7d90-55a0-98d8-f9935f1aec70,2024-11-22 07:55:00+01:00,2024-11-22 08:19:00+01:00,22,home,Berlin,,DE,office,Berlin,,DE,commute,,public_transport,,8.85,True,True,True
b9f38ae7-6311-5a50-8906-67501039d40d,38bb9fdb-7d90-55a0-98d8-f9935f1aec70,2024-11-22 17:35:00+01:00,2024-11-22 18:01:00+01:00,22,office,Berlin,,DE,home,Berlin,,DE,home_return,,public_transport,,8.62,True,True,True
0ddb8405-b31a-5aa3-9eac-caaa03ffb9b1,38bb9fdb-7d90-55a0-98d8-f9935f1aec70,2024-11-25 07:44:00+01:00,2024-11-25 08:14:00+01:00,26,home,Berlin,,DE,office,Berlin,,DE,commute,,public_transport,,8.58,True,True,True
502a4ecf-0019-5b78-8f40-c362293ac231,38bb9fdb-7d90-55a0-98d8-f9935f1aec70,2024-11-25 17:54:00+01:00,2024-11-25 18:20:00+01:00,25,office,Berlin,,DE,home,Berlin,,DE,home_return,,public_transport,,9.39,True,True,True
85100685-0271-5812-af1a-07d5f5fb669c,38bb9fdb-7d90-55a0-98d8-f9935f1aec70,2024-11-26 08:20:00+01:00,2024-11-26 08:41:00+01:00,19,home,Berlin,,DE,office,Berlin,,DE,commute,,public_transport,,8.04,True,True,True
9f9c9880-2466-556c-bc57-1db878b819bc,38bb9fdb-7d90-55a0-98d8-f9935f1aec70,2024-11-26 17:08:00+01:00,2024-11-26 17:34:00+01:00,23,office,Berlin,,DE,home,Berlin,,DE,home_return,,public_transport,,8.34,True,True,True
33e192e0-e568-5142-a0f2-728c0599b654,38bb9fdb-7d90-55a0-98d8-f9935f1aec70,2024-11-27 08:19:00+01:00,2024-11-27 08:46:00+01:00,23,home,Berlin,,DE,office,Berlin,,DE,commute,,public_transport,,8.91,True,True,True
6f7de6c4-c14e-5dbb-a5f1-181dca74d8b3,38bb9fdb-7d90-55a0-98d8-f9935f1aec70,2024-11-27 17:33:00+01:00,2024-11-27 17:59:00+01:00,21,office,Berlin,,DE,home,Berlin,,DE,home_return,,public_transport,,8.94,True,True,True
e25faf24-7a7d-5d4c-be28-41f039b94454,38bb9fdb-7d90-55a0-98d8-f9935f1aec70,2024-11-28 08:13:00+01:00,2024-11-28 08:44:00+01:00,26,home,Berlin,,DE,office,Berlin,,DE,commute,,public_transport,,8.93,True,True,True
9eeac9db-976a-5a08-a086-5096ca8dbcee,38bb9fdb-7d90-55a0-98d8-f9935f1aec70,2024-11-28 17:08:00+01:00,2024-11-28 17:34:00+01:00,25,office,Berlin,,DE,home,Berlin,,DE,home_return,,public_transport,,8.58,True,True,True
571681dd-bb05-565b-a927-e42f82c027e7,38bb9fdb-7d90-55a0-98d8-f9935f1aec70,2024-11-29 07:54:00+01:00,2024-11-29 08:22:00+01:00,25,home,Berlin,,DE,office,Berlin,,DE,commute,,public_transport,,8.58,True,True,True
38271b2d-6829-5882-85ab-d0b8e3977e62,38bb9fdb-7d90-55a0-98d8-f9935f1aec70,2024-11-29 17:40:00+01:00,2024-11-29 18:05:00+01:00,22,office,Berlin,,DE,home,Berlin,,DE,home_return,,public_transport,,8.36,True,True,True
a6cdb057-bece-5c4f-83b8-f5d17b727dbd,38bb9fdb-7d90-55a0-98d8-f9935f1aec70,2024-11-29 12:33:00+01:00,2024-11-29 13:08:00+01:00,35,office,Berlin,,DE,supermarket,Berlin,,DE,errands,,walking,,2.9,False,False,False
2c0dba0b-c4de-53a0-8a41-09c524ac400e,38bb9fdb-7d90-55a0-98d8-f9935f1aec70,2024-11-30 11:47:00+01:00,2024-11-30 12:05:00+01:00,17,home,Berlin,,DE,city_center,Berlin,,DE,shopping,,public_transport,,7.05,False,True,False
0c084698-cae6-521f-9a5e-c2f0aeadb35d,38bb9fdb-7d90-55a0-98d8-f9935f1aec70,2024-11-30 16:22:00+01:00,2024-11-30 16:45:00+01:00,21,city_center,Berlin,,DE,home,Berlin,,DE,home_return,,public_transport,,7.42,False,True,False
bf609d57-632b-54a2-8c18-0007f89a822d,38bb9fdb-7d90-55a0-98d8-f9935f1aec70,2024-12-01 11:53:00+01:00,2024-12-01 12:16:00+01:00,20,home,Berlin,,DE,city_center,Berlin,,DE,errands,,public_transport,,7.21,False,True,False
e0a18388-489e-5ca6-8a8e-7b1c335ff5f8,38bb9fdb-7d90-55a0-98d8-f9935f1aec70,2024-12-01 16:43:00+01:00,2024-12-01 17:05:00+01:00,18,city_center,Berlin,,DE,home,Berlin,,DE,home_return,,public_transport,,7.09,False,True,False
3d5655a4-e44d-5b7f-bf27-6970dd9fd54a,38bb9fdb-7d90-55a0-98d8-f9935f1aec70,2024-12-03 08:18:00+01:00,2024-12-03 08:46:00+01:00,25,home,Berlin,,DE,office,Berlin,,DE,commute,,public_transport,,8.56,True,True,True
0812b7aa-1f79-5937-8413-e91c30ca1d9e,38bb9fdb-7d90-55a0-98d8-f9935f1aec70,2024-12-03 17:25:00+01:00,2024-12-03 17:51:00+01:00,21,office,Berlin,,DE,home,Berlin,,DE,home_return,,public_transport,,9.17,True,True,True
6bc54c61-1acc-5467-aaff-3f82dfa73639,38bb9fdb-7d90-55a0-98d8-f9935f1aec70,2024-12-04 07:49:00+01:00,2024-12-04 08:17:00+01:00,24,home,Berlin,,DE,office,Berlin,,DE,commute,,public_transport,,8.79,True,True,True
37da242e-3377-54bb-a367-8df6d846dd0b,38bb9fdb-7d90-55a0-98d8-f9935f1aec70,2024-12-04 17:55:00+01:00,2024-12-04 18:25:00+01:00,25,office,Berlin,,DE,home,Berlin,,DE,home_return,,public_transport,,8.89,True,True,True
b26b2f31-ae7b-52a8-a0fc-807285439e77,38bb9fdb-7d90-55a0-98d8-f9935f1aec70,2024-12-05 08:09:00+01:00,2024-12-05 08:32:00+01:00,22,home,Berlin,,DE,office,Berlin,,DE,commute,,public_transport,,9.35,True,True,True
28903a6d-e2f5-5dab-940a-fe64169b2aba,38bb9fdb-7d90-55a0-98d8-f9935f1aec70,2024-12-05 17:29:00+01:00,2024-12-05 17:51:00+01:00,19,office,Berlin,,DE,home,Berlin,,DE,home_return,,public_transport,,8.34,True,True,True
34707f39-6d0f-56dd-92b0-c1717fb7004c,38bb9fdb-7d90-55a0-98d8-f9935f1aec70,2024-12-06 08:10:00+01:00,2024-12-06 08:32:00+01:00,21,home,Berlin,,DE,office,Berlin,,DE,commute,,public_transport,,9.12,True,True,True
05332018-75cb-5705-8e3d-bfa57e72eb68,38bb9fdb-7d90-55a0-98d8-f9935f1aec70,2024-12-06 17:46:00+01:00,2024-12-06 18:09:00+01:00,22,office,Berlin,,DE,home,Berlin,,DE,home_return,,public_transport,,9.33,True,True,True
19bae266-b847-52f4-9dc9-49914a41eb87,38bb9fdb-7d90-55a0-98d8-f9935f1aec70,2024-12-07 10:49:00+01:00,2024-12-07 11:14:00+01:00,22,home,Berlin,,DE,city_center,Berlin,,DE,leisure,,public_transport,,6.94,False,True,False
5dafd8ec-8564-5b64-937b-7f10f496f3a5,38bb9fdb-7d90-55a0-98d8-f9935f1aec70,2024-12-07 16:19:00+01:00,2024-12-07 16:37:00+01:00,17,city_center,Berlin,,DE,home,Berlin,,DE,home_return,,public_transport,,6.51,False,True,False
2381a880-fcb3-5a33-a0c5-e1bef4a86ab8,38bb9fdb-7d90-55a0-98d8-f9935f1aec70,2024-12-09 07:49:00+01:00,2024-12-09 08:16:00+01:00,22,home,Berlin,,DE,office,Berlin,,DE,commute,,public_transport,,9.32,True,True,True
f2bcae95-523e-5af2-a34b-4681e4ae2199,38bb9fdb-7d90-55a0-98d8-f9935f1aec70,2024-12-09 17:45:00+01:00,2024-12-09 18:09:00+01:00,20,office,Berlin,,DE,home,Berlin,,DE,home_return,,public_transport,,7.91,True,True,True
66fa5b18-36d2-5ba7-ae9b-7244b012f6f7,38bb9fdb-7d90-55a0-98d8-f9935f1aec70,2024-12-10 08:00:00+01:00,2024-12-10 08:29:00+01:00,26,home,Berlin,,DE,office,Berlin,,DE,commute,,public_transport,,9.73,True,True,True
0e9c3304-5cd2-565f-ac21-0f75662670c0,38bb9fdb-7d90-55a0-98d8-f9935f1aec70,2024-12-10 17:32:00+01:00,2024-12-10 17:59:00+01:00,24,office,Berlin,,DE,home,Berlin,,DE,home_return,,public_transport,,8.88,True,True,True
dac03238-d944-5d99-95c6-3e4088996fd9,38bb9fdb-7d90-55a0-98d8-f9935f1aec70,2024-12-10 12:18:00+01:00,2024-12-10 12:42:00+01:00,24,office,Berlin,,DE,supermarket,Berlin,,DE,errands,,walking,,2.0,False,False,False
6fdd9367-a1a3-5f61-838d-652fb812a66d,38bb9fdb-7d90-55a0-98d8-f9935f1aec70,2024-12-11 08:20:00+01:00,2024-12-11 08:49:00+01:00,24,home,Berlin,,DE,office,Berlin,,DE,commute,,public_transport,,9.29,True,True,True
95fc7c3f-b4e1-5d78-b09b-ba2674a50342,38bb9fdb-7d90-55a0-98d8-f9935f1aec70,2024-12-11 17:37:00+01:00,2024-12-11 18:07:00+01:00,25,office,Berlin,,DE,home,Berlin,,DE,home_return,,public_transport,,9.27,True,True,True
fcd55365-f435-50d3-94fc-3ebe61779cf9,38bb9fdb-7d90-55a0-98d8-f9935f1aec70,2024-12-12 08:16:00+01:00,2024-12-12 08:38:00+01:00,21,home,Berlin,,DE,office,Berlin,,DE,commute,,public_transport,,8.21,True,True,True
662e9003-ec26-54fb-9ae4-541b7e5141f6,38bb9fdb-7d90-55a0-98d8-f9935f1aec70,2024-12-12 17:26:00+01:00,2024-12-12 17:55:00+01:00,24,office,Berlin,,DE,home,Berlin,,DE,home_return,,public_transport,,8.8,True,True,True
93df6528-6c3e-5582-a763-4cc29cfdd9e4,38bb9fdb-7d90-55a0-98d8-f9935f1aec70,2024-12-13 07:48:00+01:00,2024-12-13 08:14:00+01:00,22,home,Berlin,,DE,office,Berlin,,DE,commute,,public_transport,,8.13,True,True,True
695440e9-aabb-5743-b418-dfe46350ed04,38bb9fdb-7d90-55a0-98d8-f9935f1aec70,2024-12-13 17:11:00+01:00,2024-12-13 17:38:00+01:00,22,office,Berlin,,DE,home,Berlin,,DE,home_return,,public_transport,,8.45,True,True,True
a3231e9b-1443-58c6-a067-e7f1dbd8a3bd,38bb9fdb-7d90-55a0-98d8-f9935f1aec70,2024-12-16 07:52:00+01:00,2024-12-16 08:16:00+01:00,21,home,Berlin,,DE,office,Berlin,,DE,commute,,public_transport,,8.78,True,True,True
60abd3c5-7ea8-5f75-b86a-2c9f7dd1e8a8,38bb9fdb-7d90-55a0-98d8-f9935f1aec70,2024-12-16 17:19:00+01:00,2024-12-16 17:48:00+01:00,25,office,Berlin,,DE,home,Berlin,,DE,home_return,,public_transport,,9.57,True,True,True
61f32fbb-cd1d-5065-927f-e5e56b8d253d,38bb9fdb-7d90-55a0-98d8-f9935f1aec70,2024-12-17 07:57:00+01:00,2024-12-17 08:25:00+01:00,23,home,Berlin,,DE,office,Berlin,,DE,commute,,public_transport,,9.25,True,True,True
3fb3992a-4dd5-5844-bb6a-63725b5e1d13,38bb9fdb-7d90-55a0-98d8-f9935f1aec70,2024-12-17 17:52:00+01:00,2024-12-17 18:19:00+01:00,25,office,Berlin,,DE,home,Berlin,,DE,home_return,,public_transport,,9.6,True,True,True
444f7548-91c6-5f03-8991-6f6d921b169b,38bb9fdb-7d90-55a0-98d8-f9935f1aec70,2024-12-18 08:08:00+01:00,2024-12-18 08:32:00+01:00,22,home,Berlin,,DE,office,Berlin,,DE,commute,,public_transport,,8.53,True,True,True
06dc62f9-0209-5d67-9316-e3b40f1efd7c,38bb9fdb-7d90-55a0-98d8-f9935f1aec70,2024-12-18 17:59:00+01:00,2024-12-18 18:22:00+01:00,22,office,Berlin,,DE,home,Berlin,,DE,home_return,,public_transport,,8.82,True,True,True
849db10c-a48f-548e-aa30-6ba47b30a733,38bb9fdb-7d90-55a0-98d8-f9935f1aec70,2024-12-19 08:13:00+01:00,2024-12-19 08:35:00+01:00,21,home,Berlin,,DE,office,Berlin,,DE,commute,,public_transport,,8.93,True,True,True
280abb5e-216f-574d-ad2b-f0fae5bbcc56,38bb9fdb-7d90-55a0-98d8-f9935f1aec70,2024-12-19 17:06:00+01:00,2024-12-19 17:35:00+01:00,24,office,Berlin,,DE,home,Berlin,,DE,home_return,,public_transport,,9.19,True,True,True
43b4bc29-f4a1-5ce2-aad4-3fc4afdb980c,38bb9fdb-7d90-55a0-98d8-f9935f1aec70,2024-12-20 08:10:00+01:00,2024-12-20 08:34:00+01:00,21,home,Berlin,,DE,office,Berlin,,DE,commute,,public_transport,,9.22,True,True,True
49d02122-ef4b-5126-8f4d-2f49e7792a6c,38bb9fdb-7d90-55a0-98d8-f9935f1aec70,2024-12-20 17:58:00+01:00,2024-12-20 18:25:00+01:00,25,office,Berlin,,DE,home,Berlin,,DE,home_return,,public_transport,,9.1,True,True,True
13a62f7b-c7ec-5e60-8a86-2e0f471ab865,38bb9fdb-7d90-55a0-98d8-f9935f1aec70,2024-12-25 08:11:00+01:00,2024-12-25 08:40:00+01:00,26,home,Berlin,,DE,office,Berlin,,DE,commute,,public_transport,,8.89,True,True,True
9d3ee7f9-c5b0-5162-8e83-2218051dd30f,38bb9fdb-7d90-55a0-98d8-f9935f1aec70,2024-12-25 17:36:00+01:00,2024-12-25 18:02:00+01:00,23,office,Berlin,,DE,home,Berlin,,DE,home_return,,public_transport,,8.09,True,True,True
5d6b1d9f-064d-5008-9ba0-f98dad7c7ffc,38bb9fdb-7d90-55a0-98d8-f9935f1aec70,2024-12-26 07:48:00+01:00,2024-12-26 08:14:00+01:00,24,home,Berlin,,DE,office,Berlin,,DE,commute,,public_transport,,8.9,True,True,True
68da5b8e-43df-53f2-9620-98023103e210,38bb9fdb-7d90-55a0-98d8-f9935f1aec70,2024-12-26 17:46:00+01:00,2024-12-26 18:08:00+01:00,20,office,Berlin,,DE,home,Berlin,,DE,home_return,,public_transport,,8.24,True,True,True
0d65efe8-5d65-5ab2-b211-8190d3e5be7d,38bb9fdb-7d90-55a0-98d8-f9935f1aec70,2024-12-28 11:45:00+01:00,2024-12-28 12:09:00+01:00,20,home,Berlin,,DE,city_center,Berlin,,DE,errands,,public_transport,,7.1,False,True,False
cb742290-f402-58fc-bc45-0943a5b5b6fc,38bb9fdb-7d90-55a0-98d8-f9935f1aec70,2024-12-28 15:23:00+01:00,2024-12-28 15:43:00+01:00,18,city_center,Berlin,,DE,home,Berlin,,DE,home_return,,public_transport,,6.89,False,True,False
c516bb31-dbad-57ac-bf16-4189530767da,38bb9fdb-7d90-55a0-98d8-f9935f1aec70,2024-12-29 10:42:00+01:00,2024-12-29 11:01:00+01:00,18,home,Berlin,,DE,city_center,Berlin,,DE,shopping,,public_transport,,5.89,False,True,False
a3479665-5647-5607-a623-cb998ac72985,38bb9fdb-7d90-55a0-98d8-f9935f1aec70,2024-12-29 15:46:00+01:00,2024-12-29 16:03:00+01:00,16,city_center,Berlin,,DE,home,Berlin,,DE,home_return,,public_transport,,5.71,False,True,False
9f97889d-f186-5df0-a447-6f9739b066b1,38bb9fdb-7d90-55a0-98d8-f9935f1aec70,2024-12-31 07:59:00+01:00,2024-12-31 08:26:00+01:00,24,home,Berlin,,DE,office,Berlin,,DE,commute,,public_transport,,9.43,True,True,True
a928f2d0-474e-5a37-9ac6-91f8fb560eba,38bb9fdb-7d90-55a0-98d8-f9935f1aec70,2024-12-31 17:08:00+01:00,2024-12-31 17:35:00+01:00,22,office,Berlin,,DE,home,Berlin,,DE,home_return,,public_transport,,8.28,True,True,True
1b3251f9-4c6c-5d23-9f90-168d61f9b708,38bb9fdb-7d90-55a0-98d8-f9935f1aec70,2025-01-01 07:53:00+01:00,2025-01-01 08:25:00+01:00,27,home,Berlin,,DE,office,Berlin,,DE,commute,,public_transport,,9.43,True,True,True
ff3fef91-292f-5814-870e-c9a9fa280e21,38bb9fdb-7d90-55a0-98d8-f9935f1aec70,2025-01-01 17:28:00+01:00,2025-01-01 17:52:00+01:00,19,office,Berlin,,DE,home,Berlin,,DE,home_return,,public_transport,,7.91,True,True,True
4e7893ea-12dc-5531-9f29-1035a4460825,38bb9fdb-7d90-55a0-98d8-f9935f1aec70,2025-01-02 08:14:00+01:00,2025-01-02 08:41:00+01:00,22,home,Berlin,,DE,office,Berlin,,DE,commute,,public_transport,,8.23,True,True,True
00bffe0a-33fa-55db-83d0-773b872da0a4,38bb9fdb-7d90-55a0-98d8-f9935f1aec70,2025-01-02 17:45:00+01:00,2025-01-02 18:12:00+01:00,22,office,Berlin,,DE,home,Berlin,,DE,home_return,,public_transport,,8.91,True,True,True
4c151cd1-f985-531a-849a-34d38a184ed4,38bb9fdb-7d90-55a0-98d8-f9935f1aec70,2025-01-02 12:28:00+01:00,2025-01-02 12:45:00+01:00,17,office,Berlin,,DE,supermarket,Berlin,,DE,errands,,walking,,1.4,False,False,False
3a73800c-022a-55bb-848b-a9a966013d3a,38bb9fdb-7d90-55a0-98d8-f9935f1aec70,2025-01-06 07:53:00+01:00,2025-01-06 08:19:00+01:00,23,home,Berlin,,DE,office,Berlin,,DE,commute,,public_transport,,9.21,True,True,True
5f0a52fe-44fd-5c3b-8295-e07dc153b6ae,38bb9fdb-7d90-55a0-98d8-f9935f1aec70,2025-01-06 17:03:00+01:00,2025-01-06 17:26:00+01:00,19,office,Berlin,,DE,home,Berlin,,DE,home_return,,public_transport,,8.51,True,True,True
415eac90-6c70-5bf0-8a49-fc43e824b791,38bb9fdb-7d90-55a0-98d8-f9935f1aec70,2025-01-07 08:06:00+01:00,2025-01-07 08:38:00+01:00,28,home,Berlin,,DE,office,Berlin,,DE,commute,,public_transport,,9.54,True,True,True
919ffab2-1d63-585b-851d-b10749a81005,38bb9fdb-7d90-55a0-98d8-f9935f1aec70,2025-01-07 17:24:00+01:00,2025-01-07 17:53:00+01:00,24,office,Berlin,,DE,home,Berlin,,DE,home_return,,public_transport,,9.49,True,True,True
a6139ae8-ca21-5211-9eda-1c89ec44a2e7,38bb9fdb-7d90-55a0-98d8-f9935f1aec70,2025-01-08 08:05:00+01:00,2025-01-08 08:34:00+01:00,27,home,Berlin,,DE,office,Berlin,,DE,commute,,public_transport,,9.81,True,True,True
c36f2eeb-f446-5963-a904-9fa2570ba32c,38bb9fdb-7d90-55a0-98d8-f9935f1aec70,2025-01-08 17:19:00+01:00,2025-01-08 17:48:00+01:00,25,office,Berlin,,DE,home,Berlin,,DE,home_return,,public_transport,,9.31,True,True,True
b9c76b86-2e55-542c-ab09-3379de11516f,38bb9fdb-7d90-55a0-98d8-f9935f1aec70,2025-01-09 07:57:00+01:00,2025-01-09 08:21:00+01:00,23,home,Berlin,,DE,office,Berlin,,DE,commute,,public_transport,,8.51,True,True,True
6a859db7-4957-5213-9556-7d3e8aa15655,38bb9fdb-7d90-55a0-98d8-f9935f1aec70,2025-01-09 17:39:00+01:00,2025-01-09 18:05:00+01:00,25,office,Berlin,,DE,home,Berlin,,DE,home_return,,public_transport,,9.11,True,True,True
d307ec87-6f88-502a-b9d4-331e0831363f,38bb9fdb-7d90-55a0-98d8-f9935f1aec70,2025-01-09 12:29:00+01:00,2025-01-09 13:03:00+01:00,34,office,Berlin,,DE,supermarket,Berlin,,DE,errands,,walking,,2.8,False,False,False
d993a96a-9e38-517d-8b05-2b4415847eb8,38bb9fdb-7d90-55a0-98d8-f9935f1aec70,2025-01-10 07:42:00+01:00,2025-01-10 08:05:00+01:00,21,home,Berlin,,DE,office,Berlin,,DE,commute,,public_transport,,8.07,True,True,True
035740d4-a1dc-5c4e-9ba9-8e67562eb7ac,38bb9fdb-7d90-55a0-98d8-f9935f1aec70,2025-01-10 17:08:00+01:00,2025-01-10 17:35:00+01:00,22,office,Berlin,,DE,home,Berlin,,DE,home_return,,public_transport,,9.09,True,True,True
7805805d-5a64-55f8-b56c-46266c69de6f,38bb9fdb-7d90-55a0-98d8-f9935f1aec70,2025-01-12 11:24:00+01:00,2025-01-12 11:41:00+01:00,14,home,Berlin,,DE,city_center,Berlin,,DE,social,,public_transport,,4.69,False,True,False
3132e2d6-e513-5dda-a62e-539306a95951,38bb9fdb-7d90-55a0-98d8-f9935f1aec70,2025-01-12 16:15:00+01:00,2025-01-12 16:38:00+01:00,19,city_center,Berlin,,DE,home,Berlin,,DE,home_return,,public_transport,,5.08,False,True,False
897da17e-e517-513c-8ae3-f9eadd0b8e94,38bb9fdb-7d90-55a0-98d8-f9935f1aec70,2025-01-14 08:13:00+01:00,2025-01-14 08:36:00+01:00,21,home,Berlin,,DE,office,Berlin,,DE,commute,,public_transport,,8.5,True,True,True
0fc08d30-7b45-5c95-93ad-1c787ff0b8b6,38bb9fdb-7d90-55a0-98d8-f9935f1aec70,2025-01-14 17:34:00+01:00,2025-01-14 18:01:00+01:00,24,office,Berlin,,DE,home,Berlin,,DE,home_return,,public_transport,,8.57,True,True,True
1fd43068-b6e9-5a3f-8240-737c6088886d,38bb9fdb-7d90-55a0-98d8-f9935f1aec70,2025-01-14 12:16:00+01:00,2025-01-14 12:45:00+01:00,29,office,Berlin,,DE,supermarket,Berlin,,DE,errands,,walking,,2.4,False,False,False
b726b101-3b2f-57b4-a7e0-f0af71100270,38bb9fdb-7d90-55a0-98d8-f9935f1aec70,2025-01-15 07:48:00+01:00,2025-01-15 08:14:00+01:00,23,home,Berlin,,DE,office,Berlin,,DE,commute,,public_transport,,8.85,True,True,True
f7d735ab-a2b3-5798-9e80-ae0369957f3b,38bb9fdb-7d90-55a0-98d8-f9935f1aec70,2025-01-15 17:54:00+01:00,2025-01-15 18:18:00+01:00,22,office,Berlin,,DE,home,Berlin,,DE,home_return,,public_transport,,9.31,True,True,True
88e6cebe-75aa-56d7-8818-1f55f7abf38e,38bb9fdb-7d90-55a0-98d8-f9935f1aec70,2025-01-16 07:44:00+01:00,2025-01-16 08:10:00+01:00,21,home,Berlin,,DE,office,Berlin,,DE,commute,,public_transport,,8.05,True,True,True
f49ca03c-f1e9-5fdc-bf00-123c93a3c28e,38bb9fdb-7d90-55a0-98d8-f9935f1aec70,2025-01-16 17:58:00+01:00,2025-01-16 18:22:00+01:00,23,office,Berlin,,DE,home,Berlin,,DE,home_return,,public_transport,,8.39,True,True,True
01880962-95fb-5efe-8e4c-2eacb4300266,38bb9fdb-7d90-55a0-98d8-f9935f1aec70,2025-01-17 08:10:00+01:00,2025-01-17 08:36:00+01:00,24,home,Berlin,,DE,office,Berlin,,DE,commute,,public_transport,,9.24,True,True,True
f7c42138-090a-5bb3-97db-cbf20d9c7971,38bb9fdb-7d90-55a0-98d8-f9935f1aec70,2025-01-17 17:20:00+01:00,2025-01-17 17:48:00+01:00,23,office,Berlin,,DE,home,Berlin,,DE,home_return,,public_transport,,8.39,True,True,True
e6df50cc-4fce-5a58-a4fa-f252cb697321,38bb9fdb-7d90-55a0-98d8-f9935f1aec70,2025-01-18 10:12:00+01:00,2025-01-18 10:42:00+01:00,27,home,Berlin,,DE,city_center,Berlin,,DE,errands,,public_transport,,9.26,False,True,False
c67d16c8-1b57-59e2-8ad9-3cc802b17c27,38bb9fdb-7d90-55a0-98d8-f9935f1aec70,2025-01-18 15:47:00+01:00,2025-01-18 16:12:00+01:00,23,city_center,Berlin,,DE,home,Berlin,,DE,home_return,,public_transport,,8.92,False,True,False
d9f8dcce-ece8-5ee1-afb1-deefa06ec108,38bb9fdb-7d90-55a0-98d8-f9935f1aec70,2025-01-19 10:37:00+01:00,2025-01-19 11:00:00+01:00,19,home,Berlin,,DE,city_center,Berlin,,DE,errands,,public_transport,,6.66,False,True,False
daf7920b-20f4-52c7-b268-4a79e6f2962b,38bb9fdb-7d90-55a0-98d8-f9935f1aec70,2025-01-19 15:31:00+01:00,2025-01-19 15:54:00+01:00,20,city_center,Berlin,,DE,home,Berlin,,DE,home_return,,public_transport,,6.66,False,True,False
f127af8b-b780-5e74-8e48-182b9c498e4b,38bb9fdb-7d90-55a0-98d8-f9935f1aec70,2025-01-20 08:11:00+01:00,2025-01-20 08:38:00+01:00,24,home,Berlin,,DE,office,Berlin,,DE,commute,,public_transport,,9.51,True,True,True
9fdc8d12-0d4d-5bbc-8d81-5ddff12f04a5,38bb9fdb-7d90-55a0-98d8-f9935f1aec70,2025-01-20 17:31:00+01:00,2025-01-20 17:58:00+01:00,26,office,Berlin,,DE,home,Berlin,,DE,home_return,,public_transport,,9.32,True,True,True
2dd2a3c6-39cd-52ec-ba98-464669adff8f,38bb9fdb-7d90-55a0-98d8-f9935f1aec70,2025-01-22 12:35:00+01:00,2025-01-22 12:52:00+01:00,17,office,Berlin,,DE,supermarket,Berlin,,DE,errands,,walking,,1.4,False,False,False
14e7b0e3-9bf4-5425-8b68-40e6394e24f1,38bb9fdb-7d90-55a0-98d8-f9935f1aec70,2025-01-23 08:12:00+01:00,2025-01-23 08:39:00+01:00,22,home,Berlin,,DE,office,Berlin,,DE,commute,,public_transport,,8.0,True,True,True
b8b07a54-750f-544f-bc4b-afbf845abaf8,38bb9fdb-7d90-55a0-98d8-f9935f1aec70,2025-01-23 17:01:00+01:00,2025-01-23 17:24:00+01:00,22,office,Berlin,,DE,home,Berlin,,DE,home_return,,public_transport,,8.88,True,True,True
ba91a254-180c-59b5-b73e-82956f22f57e,38bb9fdb-7d90-55a0-98d8-f9935f1aec70,2025-01-24 08:12:00+01:00,2025-01-24 08:36:00+01:00,22,home,Berlin,,DE,office,Berlin,,DE,commute,,public_transport,,8.37,True,True,True
96ea97d9-4ee6-56fb-8835-ed8c5546765d,38bb9fdb-7d90-55a0-98d8-f9935f1aec70,2025-01-24 17:09:00+01:00,2025-01-24 17:35:00+01:00,23,office,Berlin,,DE,home,Berlin,,DE,home_return,,public_transport,,8.33,True,True,True
51551de9-bf35-513a-be4b-96ff16512e2a,38bb9fdb-7d90-55a0-98d8-f9935f1aec70,2025-01-25 10:58:00+01:00,2025-01-25 11:19:00+01:00,19,home,Berlin,,DE,city_center,Berlin,,DE,errands,,public_transport,,5.52,False,True,False
842dd437-d917-5c1f-a3c3-b6ebaf053f50,38bb9fdb-7d90-55a0-98d8-f9935f1aec70,2025-01-25 16:45:00+01:00,2025-01-25 17:03:00+01:00,17,city_center,Berlin,,DE,home,Berlin,,DE,home_return,,public_transport,,5.3,False,True,False
2fbf5152-ec64-5a1a-9d6a-6a598947f2a6,38bb9fdb-7d90-55a0-98d8-f9935f1aec70,2025-01-26 11:21:00+01:00,2025-01-26 11:44:00+01:00,19,home,Berlin,,DE,city_center,Berlin,,DE,leisure,,public_transport,,6.71,False,True,False
4e074ded-06cc-51d1-a522-933724160c27,38bb9fdb-7d90-55a0-98d8-f9935f1aec70,2025-01-26 16:22:00+01:00,2025-01-26 16:45:00+01:00,22,city_center,Berlin,,DE,home,Berlin,,DE,home_return,,public_transport,,6.89,False,True,False
93d2f2d3-b44a-5d93-b456-6def7da42118,38bb9fdb-7d90-55a0-98d8-f9935f1aec70,2025-01-27 08:16:00+01:00,2025-01-27 08:39:00+01:00,22,home,Berlin,,DE,office,Berlin,,DE,commute,,public_transport,,8.26,True,True,True
762f751c-28cf-5c18-bc7b-ddf260b435c5,38bb9fdb-7d90-55a0-98d8-f9935f1aec70,2025-01-27 17:34:00+01:00,2025-01-27 17:56:00+01:00,19,office,Berlin,,DE,home,Berlin,,DE,home_return,,public_transport,,8.07,True,True,True
76f77a9c-c481-53bb-9393-d6f48e88378e,38bb9fdb-7d90-55a0-98d8-f9935f1aec70,2025-01-28 08:05:00+01:00,2025-01-28 08:32:00+01:00,22,home,Berlin,,DE,office,Berlin,,DE,commute,,public_transport,,9.13,True,True,True
d54afe54-bdff-5232-9e33-7b6f6e9775a3,38bb9fdb-7d90-55a0-98d8-f9935f1aec70,2025-01-28 17:24:00+01:00,2025-01-28 17:53:00+01:00,25,office,Berlin,,DE,home,Berlin,,DE,home_return,,public_transport,,9.46,True,True,True
96ed63a6-2311-5195-bf7c-cac7123ff304,38bb9fdb-7d90-55a0-98d8-f9935f1aec70,2025-01-28 12:38:00+01:00,2025-01-28 13:26:00+01:00,48,office,Berlin,,DE,supermarket,Berlin,,DE,errands,,walking,,4.0,False,False,False
2d106225-dd68-5101-8b47-a9adf9360148,38bb9fdb-7d90-55a0-98d8-f9935f1aec70,2025-01-29 07:46:00+01:00,2025-01-29 08:13:00+01:00,24,home,Berlin,,DE,office,Berlin,,DE,commute,,public_transport,,8.73,True,True,True
6a7e7e51-7e82-5622-b95c-f03feb8efd70,38bb9fdb-7d90-55a0-98d8-f9935f1aec70,2025-01-29 17:38:00+01:00,2025-01-29 18:04:00+01:00,25,office,Berlin,,DE,home,Berlin,,DE,home_return,,public_transport,,9.14,True,True,True
010b5fca-8689-5583-b379-01486e3ecc58,38bb9fdb-7d90-55a0-98d8-f9935f1aec70,2025-01-30 08:15:00+01:00,2025-01-30 08:43:00+01:00,23,home,Berlin,,DE,office,Berlin,,DE,commute,,public_transport,,8.4,True,True,True
48d83afb-ffb6-5dcc-babc-91bcad8c66a6,38bb9fdb-7d90-55a0-98d8-f9935f1aec70,2025-01-30 17:39:00+01:00,2025-01-30 17:59:00+01:00,19,office,Berlin,,DE,home,Berlin,,DE,home_return,,public_transport,,7.87,True,True,True
ef7d917c-0501-567e-96bd-62e22767a372,38bb9fdb-7d90-55a0-98d8-f9935f1aec70,2025-01-31 08:04:00+01:00,2025-01-31 08:29:00+01:00,24,home,Berlin,,DE,office,Berlin,,DE,commute,,public_transport,,9.03,True,True,True
acd578bd-642e-5375-b981-dfad02068a43,38bb9fdb-7d90-55a0-98d8-f9935f1aec70,2025-01-31 17:48:00+01:00,2025-01-31 18:10:00+01:00,20,office,Berlin,,DE,home,Berlin,,DE,home_return,,public_transport,,8.53,True,True,True
1b793d17-e3fe-5d3e-837a-06e0394ea2d6,38bb9fdb-7d90-55a0-98d8-f9935f1aec70,2025-02-01 10:45:00+01:00,2025-02-01 11:05:00+01:00,17,home,Berlin,,DE,city_center,Berlin,,DE,leisure,,public_transport,,3.69,False,True,False
afcd140f-c16d-516e-b78c-bd8e7a8bcbc5,38bb9fdb-7d90-55a0-98d8-f9935f1aec70,2025-02-01 15:01:00+01:00,2025-02-01 15:17:00+01:00,15,city_center,Berlin,,DE,home,Berlin,,DE,home_return,,public_transport,,3.55,False,True,False
e263c905-1b35-5cf0-a869-8e870bec99a5,38bb9fdb-7d90-55a0-98d8-f9935f1aec70,2025-02-03 08:13:00+01:00,2025-02-03 08:36:00+01:00,21,home,Berlin,,DE,office,Berlin,,DE,commute,,public_transport,,8.25,True,True,True
a7388527-8219-5a2a-a79b-2deb3a407abc,38bb9fdb-7d90-55a0-98d8-f9935f1aec70,2025-02-03 17:09:00+01:00,2025-02-03 17:34:00+01:00,21,office,Berlin,,DE,home,Berlin,,DE,home_return,,public_transport,,8.32,True,True,True
682aaeaf-b7b9-5f0d-b7f8-f9301a6dffb5,38bb9fdb-7d90-55a0-98d8-f9935f1aec70,2025-02-04 08:20:00+01:00,2025-02-04 08:47:00+01:00,23,home,Berlin,,DE,office,Berlin,,DE,commute,,public_transport,,9.4,True,True,True
f42d7bab-6c2b-5436-bc0c-531d0603a94f,38bb9fdb-7d90-55a0-98d8-f9935f1aec70,2025-02-04 18:00:00+01:00,2025-02-04 18:29:00+01:00,25,office,Berlin,,DE,home,Berlin,,DE,home_return,,public_transport,,8.75,True,True,True
978520fe-3544-56a3-acf4-710f0f2f6ad4,38bb9fdb-7d90-55a0-98d8-f9935f1aec70,2025-02-05 08:18:00+01:00,2025-02-05 08:43:00+01:00,23,home,Berlin,,DE,office,Berlin,,DE,commute,,public_transport,,9.22,True,True,True
9cf2a7a0-3c77-5481-9db6-c830288dcd2c,38bb9fdb-7d90-55a0-98d8-f9935f1aec70,2025-02-05 17:25:00+01:00,2025-02-05 17:52:00+01:00,23,office,Berlin,,DE,home,Berlin,,DE,home_return,,public_transport,,8.39,True,True,True
e37e2a8f-2a57-5220-bba6-7562b8117e69,38bb9fdb-7d90-55a0-98d8-f9935f1aec70,2025-02-06 08:05:00+01:00,2025-02-06 08:32:00+01:00,25,home,Berlin,,DE,office,Berlin,,DE,commute,,public_transport,,8.66,True,True,True
1394b5c9-c4ce-5711-a633-d426c3702a60,38bb9fdb-7d90-55a0-98d8-f9935f1aec70,2025-02-06 17:43:00+01:00,2025-02-06 18:10:00+01:00,23,office,Berlin,,DE,home,Berlin,,DE,home_return,,public_transport,,8.86,True,True,True
5db98b8b-c985-5e2a-95b7-813a2536644d,38bb9fdb-7d90-55a0-98d8-f9935f1aec70,2025-02-07 07:44:00+01:00,2025-02-07 08:14:00+01:00,26,home,Berlin,,DE,office,Berlin,,DE,commute,,public_transport,,9.52,True,True,True
13772ca2-4341-5cdd-9518-0f8a8e68b651,38bb9fdb-7d90-55a0-98d8-f9935f1aec70,2025-02-07 17:19:00+01:00,2025-02-07 17:47:00+01:00,24,office,Berlin,,DE,home,Berlin,,DE,home_return,,public_transport,,8.4,True,True,True
827c0ec8-6fad-5de5-8bdc-916b2ad4f877,38bb9fdb-7d90-55a0-98d8-f9935f1aec70,2025-02-07 12:30:00+01:00,2025-02-07 13:18:00+01:00,48,office,Berlin,,DE,supermarket,Berlin,,DE,errands,,walking,,4.0,False,False,False
c3ffb9af-378a-5ffb-900e-b97bd8770464,38bb9fdb-7d90-55a0-98d8-f9935f1aec70,2025-02-08 11:09:00+01:00,2025-02-08 11:40:00+01:00,26,home,Berlin,,DE,city_center,Berlin,,DE,errands,,public_transport,,9.53,False,True,False
df221451-7833-51ba-904c-f713f1f96bb2,38bb9fdb-7d90-55a0-98d8-f9935f1aec70,2025-02-08 16:57:00+01:00,2025-02-08 17:23:00+01:00,23,city_center,Berlin,,DE,home,Berlin,,DE,home_return,,public_transport,,9.28,False,True,False
579328fd-a383-5d28-9149-d69794c52e9f,38bb9fdb-7d90-55a0-98d8-f9935f1aec70,2025-02-10 08:05:00+01:00,2025-02-10 08:30:00+01:00,21,home,Berlin,,DE,office,Berlin,,DE,commute,,public_transport,,8.8,True,True,True
3b085c7e-1ba3-551a-a59a-4cd02fc169c1,38bb9fdb-7d90-55a0-98d8-f9935f1aec70,2025-02-10 17:14:00+01:00,2025-02-10 17:42:00+01:00,23,office,Berlin,,DE,home,Berlin,,DE,home_return,,public_transport,,8.25,True,True,True
ff12858a-0286-5176-be8d-5d43a6041fb3,38bb9fdb-7d90-55a0-98d8-f9935f1aec70,2025-02-11 08:17:00+01:00,2025-02-11 08:39:00+01:00,21,home,Berlin,,DE,office,Berlin,,DE,commute,,public_transport,,8.59,True,True,True
4333efa0-f216-534a-be57-a1a77f334bde,38bb9fdb-7d90-55a0-98d8-f9935f1aec70,2025-02-11 17:58:00+01:00,2025-02-11 18:20:00+01:00,20,office,Berlin,,DE,home,Berlin,,DE,home_return,,public_transport,,8.26,True,True,True
3eb7edac-8201-5cbb-98f3-c408c3373cb8,38bb9fdb-7d90-55a0-98d8-f9935f1aec70,2025-02-12 08:02:00+01:00,2025-02-12 08:28:00+01:00,22,home,Berlin,,DE,office,Berlin,,DE,commute,,public_transport,,8.74,True,True,True
20875878-af79-5962-9c04-ca742a34439b,38bb9fdb-7d90-55a0-98d8-f9935f1aec70,2025-02-12 17:51:00+01:00,2025-02-12 18:16:00+01:00,22,office,Berlin,,DE,home,Berlin,,DE,home_return,,public_transport,,8.35,True,True,True
dba85506-5c0c-5881-8d24-c62c42acd235,38bb9fdb-7d90-55a0-98d8-f9935f1aec70,2025-02-13 07:55:00+01:00,2025-02-13 08:23:00+01:00,25,home,Berlin,,DE,office,Berlin,,DE,commute,,public_transport,,9.61,True,True,True
6a5131a7-f5c4-54b2-9a34-3811c4f5b6df,38bb9fdb-7d90-55a0-98d8-f9935f1aec70,2025-02-13 17:14:00+01:00,2025-02-13 17:42:00+01:00,26,office,Berlin,,DE,home,Berlin,,DE,home_return,,public_transport,,9.64,True,True,True
497b3c65-75ec-5365-b27f-011529fab48a,38bb9fdb-7d90-55a0-98d8-f9935f1aec70,2025-02-15 10:00:00+01:00,2025-02-15 10:19:00+01:00,18,home,Berlin,,DE,city_center,Berlin,,DE,errands,,public_transport,,6.81,False,True,False
438f8d7e-4856-5f02-9b8b-3ab0e8f57268,38bb9fdb-7d90-55a0-98d8-f9935f1aec70,2025-02-15 16:42:00+01:00,2025-02-15 17:01:00+01:00,16,city_center,Berlin,,DE,home,Berlin,,DE,home_return,,public_transport,,6.65,False,True,False
29328bb2-08bd-5428-8b44-5245d2f6e441,38bb9fdb-7d90-55a0-98d8-f9935f1aec70,2025-02-16 11:07:00+01:00,2025-02-16 11:31:00+01:00,20,home,Berlin,,DE,city_center,Berlin,,DE,errands,,public_transport,,7.47,False,True,False
4a322cb9-37fe-5e75-a30a-7070ad743cf5,38bb9fdb-7d90-55a0-98d8-f9935f1aec70,2025-02-16 16:15:00+01:00,2025-02-16 16:39:00+01:00,20,city_center,Berlin,,DE,home,Berlin,,DE,home_return,,public_transport,,7.49,False,True,False
a2edf716-8765-5e88-ab78-559a068dd7fa,38bb9fdb-7d90-55a0-98d8-f9935f1aec70,2025-02-17 07:59:00+01:00,2025-02-17 08:24:00+01:00,23,home,Berlin,,DE,office,Berlin,,DE,commute,,public_transport,,9.1,True,True,True
b73d0706-087d-5a76-a48b-f6226b68bdee,38bb9fdb-7d90-55a0-98d8-f9935f1aec70,2025-02-17 17:07:00+01:00,2025-02-17 17:35:00+01:00,23,office,Berlin,,DE,home,Berlin,,DE,home_return,,public_transport,,8.42,True,True,True
d6e37d30-53a0-5b51-bec3-39f36c6abbc5,38bb9fdb-7d90-55a0-98d8-f9935f1aec70,2025-02-18 08:11:00+01:00,2025-02-18 08:37:00+01:00,24,home,Berlin,,DE,office,Berlin,,DE,commute,,public_transport,,8.78,True,True,True
d5f90188-f6bb-594c-9ac3-2d07ba089776,38bb9fdb-7d90-55a0-98d8-f9935f1aec70,2025-02-18 17:08:00+01:00,2025-02-18 17:35:00+01:00,22,office,Berlin,,DE,home,Berlin,,DE,home_return,,public_transport,,8.74,True,True,True
0f6e5e52-2001-528d-b0b3-f1f8b486c474,38bb9fdb-7d90-55a0-98d8-f9935f1aec70,2025-02-19 12:45:00+01:00,2025-02-19 13:26:00+01:00,41,office,Berlin,,DE,supermarket,Berlin,,DE,errands,,walking,,3.4,False,False,False
1b1a5155-7816-53f7-a5cb-50c877e87790,38bb9fdb-7d90-55a0-98d8-f9935f1aec70,2025-02-20 08:11:00+01:00,2025-02-20 08:37:00+01:00,22,home,Berlin,,DE,office,Berlin,,DE,commute,,public_transport,,8.66,True,True,True
f56c8205-cb4a-5de8-9e70-458f485ad4a7,38bb9fdb-7d90-55a0-98d8-f9935f1aec70,2025-02-20 17:50:00+01:00,2025-02-20 18:14:00+01:00,21,office,Berlin,,DE,home,Berlin,,DE,home_return,,public_transport,,8.71,True,True,True
1aedf171-c040-5d35-aed7-d5d8de1578c9,38bb9fdb-7d90-55a0-98d8-f9935f1aec70,2025-02-21 08:11:00+01:00,2025-02-21 08:33:00+01:00,21,home,Berlin,,DE,office,Berlin,,DE,commute,,public_transport,,8.67,True,True,True
5a9b1f90-f85c-506b-8913-951809b2571d,38bb9fdb-7d90-55a0-98d8-f9935f1aec70,2025-02-21 17:23:00+01:00,2025-02-21 17:51:00+01:00,24,office,Berlin,,DE,home,Berlin,,DE,home_return,,public_transport,,8.99,True,True,True
10e2a090-14ca-553a-9e95-5acaa99f8807,38bb9fdb-7d90-55a0-98d8-f9935f1aec70,2025-02-22 10:38:00+01:00,2025-02-22 11:01:00+01:00,20,home,Berlin,,DE,city_center,Berlin,,DE,social,,public_transport,,8.35,False,True,False
befc6f6d-bfb4-55e5-9df7-f04bb8098b2d,38bb9fdb-7d90-55a0-98d8-f9935f1aec70,2025-02-22 16:44:00+01:00,2025-02-22 17:11:00+01:00,26,city_center,Berlin,,DE,home,Berlin,,DE,home_return,,public_transport,,8.86,False,True,False
44115184-7793-5055-b23d-496ab39006fc,38bb9fdb-7d90-55a0-98d8-f9935f1aec70,2025-02-23 11:50:00+01:00,2025-02-23 12:15:00+01:00,23,home,Berlin,,DE,city_center,Berlin,,DE,shopping,,public_transport,,8.6,False,True,False
0f978cdf-a9c2-59c2-83ff-fc652d9bc232,38bb9fdb-7d90-55a0-98d8-f9935f1aec70,2025-02-23 16:40:00+01:00,2025-02-23 17:02:00+01:00,21,city_center,Berlin,,DE,home,Berlin,,DE,home_return,,public_transport,,8.41,False,True,False
70cef041-ddfa-5fd5-82a7-32565199ade5,38bb9fdb-7d90-55a0-98d8-f9935f1aec70,2025-02-24 07:50:00+01:00,2025-02-24 08:18:00+01:00,25,home,Berlin,,DE,office,Berlin,,DE,commute,,public_transport,,9.06,True,True,True
4d2165f4-d871-5cf1-869f-79a24a975a0d,38bb9fdb-7d90-55a0-98d8-f9935f1aec70,2025-02-24 17:32:00+01:00,2025-02-24 17:57:00+01:00,24,office,Berlin,,DE,home,Berlin,,DE,home_return,,public_transport,,9.44,True,True,True
d26d68c1-e11a-56a9-ad11-7685c6d225c4,38bb9fdb-7d90-55a0-98d8-f9935f1aec70,2025-02-25 07:57:00+01:00,2025-02-25 08:18:00+01:00,19,home,Berlin,,DE,office,Berlin,,DE,commute,,public_transport,,7.84,True,True,True
933050b1-d671-5f56-8d0f-b2dfc4c960d3,38bb9fdb-7d90-55a0-98d8-f9935f1aec70,2025-02-25 17:53:00+01:00,2025-02-25 18:22:00+01:00,25,office,Berlin,,DE,home,Berlin,,DE,home_return,,public_transport,,9.28,True,True,True
6d1b5395-05e6-5a16-a8f0-a166f2603f7a,38bb9fdb-7d90-55a0-98d8-f9935f1aec70,2025-02-26 08:08:00+01:00,2025-02-26 08:32:00+01:00,23,home,Berlin,,DE,office,Berlin,,DE,commute,,public_transport,,8.74,True,True,True
e388417b-357e-5858-bc87-b4aa0a36bb6a,38bb9fdb-7d90-55a0-98d8-f9935f1aec70,2025-02-26 17:44:00+01:00,2025-02-26 18:10:00+01:00,22,office,Berlin,,DE,home,Berlin,,DE,home_return,,public_transport,,9.08,True,True,True
44ed013c-3c68-55c5-aabc-7ccbd53b54cd,38bb9fdb-7d90-55a0-98d8-f9935f1aec70,2025-02-26 12:38:00+01:00,2025-02-26 13:18:00+01:00,40,office,Berlin,,DE,supermarket,Berlin,,DE,errands,,walking,,3.3,False,False,False
aa7364e7-76df-59de-8711-b251c501806d,38bb9fdb-7d90-55a0-98d8-f9935f1aec70,2025-02-27 08:02:00+01:00,2025-02-27 08:29:00+01:00,23,home,Berlin,,DE,office,Berlin,,DE,commute,,public_transport,,9.03,True,True,True
c3dcc553-7f9c-52de-9e33-c354c137f475,38bb9fdb-7d90-55a0-98d8-f9935f1aec70,2025-02-27 17:13:00+01:00,2025-02-27 17:37:00+01:00,21,office,Berlin,,DE,home,Berlin,,DE,home_return,,public_transport,,8.56,True,True,True
bde9b26a-e931-5f5a-b98d-0ed704314125,38bb9fdb-7d90-55a0-98d8-f9935f1aec70,2025-02-28 08:01:00+01:00,2025-02-28 08:24:00+01:00,22,home,Berlin,,DE,office,Berlin,,DE,commute,,public_transport,,8.72,True,True,True
7470e48f-0561-5239-8957-bd42cd111353,38bb9fdb-7d90-55a0-98d8-f9935f1aec70,2025-02-28 17:29:00+01:00,2025-02-28 17:57:00+01:00,26,office,Berlin,,DE,home,Berlin,,DE,home_return,,public_transport,,9.4,True,True,True
970d88d2-17e3-5370-af8a-4be5871ea830,38bb9fdb-7d90-55a0-98d8-f9935f1aec70,2025-02-28 12:21:00+01:00,2025-02-28 13:08:00+01:00,47,office,Berlin,,DE,supermarket,Berlin,,DE,errands,,walking,,3.9,False,False,False
64215f86-fd13-5bc8-835c-15eab84aa176,38bb9fdb-7d90-55a0-98d8-f9935f1aec70,2025-03-03 07:57:00+01:00,2025-03-03 08:20:00+01:00,22,home,Berlin,,DE,office,Berlin,,DE,commute,,public_transport,,9.29,True,True,True
458345d5-b712-56fc-89ef-37e81b9d1a2d,38bb9fdb-7d90-55a0-98d8-f9935f1aec70,2025-03-03 17:10:00+01:00,2025-03-03 17:35:00+01:00,23,office,Berlin,,DE,home,Berlin,,DE,home_return,,public_transport,,9.47,True,True,True
fa7562cd-ef11-572d-92b7-4969c24e7e55,38bb9fdb-7d90-55a0-98d8-f9935f1aec70,2025-03-03 12:21:00+01:00,2025-03-03 12:37:00+01:00,16,office,Berlin,,DE,supermarket,Berlin,,DE,errands,,walking,,1.3,False,False,False
b04f587e-e927-5726-9b3a-3cd8671e7367,38bb9fdb-7d90-55a0-98d8-f9935f1aec70,2025-03-04 08:08:00+01:00,2025-03-04 08:35:00+01:00,26,home,Berlin,,DE,office,Berlin,,DE,commute,,public_transport,,8.64,True,True,True
6e96e513-ce35-5bdf-9250-f72d42e89c75,38bb9fdb-7d90-55a0-98d8-f9935f1aec70,2025-03-04 17:08:00+01:00,2025-03-04 17:31:00+01:00,22,office,Berlin,,DE,home,Berlin,,DE,home_return,,public_transport,,8.66,True,True,True
c9bef77f-a107-50f2-acd4-21b296f3870b,38bb9fdb-7d90-55a0-98d8-f9935f1aec70,2025-03-04 12:43:00+01:00,2025-03-04 13:06:00+01:00,23,office,Berlin,,DE,supermarket,Berlin,,DE,errands,,walking,,1.9,False,False,False
1b30fda5-3c1f-5ff3-947a-f3f838628245,38bb9fdb-7d90-55a0-98d8-f9935f1aec70,2025-03-05 07:48:00+01:00,2025-03-05 08:14:00+01:00,25,home,Berlin,,DE,office,Berlin,,DE,commute,,public_transport,,9.38,True,True,True
626650ea-2969-57d4-ad71-c12fb6989c3f,38bb9fdb-7d90-55a0-98d8-f9935f1aec70,2025-03-05 17:41:00+01:00,2025-03-05 18:04:00+01:00,21,office,Berlin,,DE,home,Berlin,,DE,home_return,,public_transport,,8.0,True,True,True
b8543719-0214-579c-9e74-e090403694fc,38bb9fdb-7d90-55a0-98d8-f9935f1aec70,2025-03-06 07:53:00+01:00,2025-03-06 08:16:00+01:00,22,home,Berlin,,DE,office,Berlin,,DE,commute,,public_transport,,8.98,True,True,True
a026d6fb-8a50-5425-96c3-0abd076a876e,38bb9fdb-7d90-55a0-98d8-f9935f1aec70,2025-03-06 17:27:00+01:00,2025-03-06 17:52:00+01:00,22,office,Berlin,,DE,home,Berlin,,DE,home_return,,public_transport,,8.53,True,True,True
fece15f7-5f17-5b72-bf0a-578e5db21c02,38bb9fdb-7d90-55a0-98d8-f9935f1aec70,2025-03-07 07:58:00+01:00,2025-03-07 08:24:00+01:00,23,home,Berlin,,DE,office,Berlin,,DE,commute,,public_transport,,9.11,True,True,True
aebff06d-4527-51d7-8f01-794d02000fd0,38bb9fdb-7d90-55a0-98d8-f9935f1aec70,2025-03-07 17:12:00+01:00,2025-03-07 17:37:00+01:00,24,office,Berlin,,DE,home,Berlin,,DE,home_return,,public_transport,,9.0,True,True,True
2db22787-b5ab-5566-bad6-40b7f8c3a5d0,38bb9fdb-7d90-55a0-98d8-f9935f1aec70,2025-03-08 11:03:00+01:00,2025-03-08 11:22:00+01:00,18,home,Berlin,,DE,city_center,Berlin,,DE,social,,public_transport,,5.52,False,True,False
21babc0d-e547-5a87-ac2b-6b76efaa63d3,38bb9fdb-7d90-55a0-98d8-f9935f1aec70,2025-03-08 16:59:00+01:00,2025-03-08 17:20:00+01:00,16,city_center,Berlin,,DE,home,Berlin,,DE,home_return,,public_transport,,5.42,False,True,False
7eddc69d-c033-5d3e-8155-9e6db96ec7ec,38bb9fdb-7d90-55a0-98d8-f9935f1aec70,2025-03-09 11:38:00+01:00,2025-03-09 11:53:00+01:00,14,home,Berlin,,DE,city_center,Berlin,,DE,errands,,public_transport,,3.93,False,True,False
5fbbc091-ae1e-5a3d-ac69-0f4781c491f5,38bb9fdb-7d90-55a0-98d8-f9935f1aec70,2025-03-09 15:05:00+01:00,2025-03-09 15:26:00+01:00,17,city_center,Berlin,,DE,home,Berlin,,DE,home_return,,public_transport,,4.18,False,True,False
03301f65-63bb-59ee-a00e-94a98226f4cd,38bb9fdb-7d90-55a0-98d8-f9935f1aec70,2025-03-10 08:06:00+01:00,2025-03-10 08:33:00+01:00,22,home,Berlin,,DE,office,Berlin,,DE,commute,,public_transport,,8.78,True,True,True
f84e1ddc-7f78-5ace-88e8-e1359b4c23ca,38bb9fdb-7d90-55a0-98d8-f9935f1aec70,2025-03-10 17:05:00+01:00,2025-03-10 17:31:00+01:00,24,office,Berlin,,DE,home,Berlin,,DE,home_return,,public_transport,,8.43,True,True,True
6a061859-438c-56a4-88f6-385fc579e8dc,38bb9fdb-7d90-55a0-98d8-f9935f1aec70,2025-03-11 07:44:00+01:00,2025-03-11 08:07:00+01:00,21,home,Berlin,,DE,office,Berlin,,DE,commute,,public_transport,,8.73,True,True,True
7b0abb38-1a2f-541b-80dc-ba3a58641b8a,38bb9fdb-7d90-55a0-98d8-f9935f1aec70,2025-03-11 17:27:00+01:00,2025-03-11 17:49:00+01:00,21,office,Berlin,,DE,home,Berlin,,DE,home_return,,public_transport,,8.1,True,True,True
73018576-c0f0-5cea-bdcb-a1783a036d06,38bb9fdb-7d90-55a0-98d8-f9935f1aec70,2025-03-12 07:48:00+01:00,2025-03-12 08:11:00+01:00,20,home,Berlin,,DE,office,Berlin,,DE,commute,,public_transport,,8.07,True,True,True
e4d59bad-3122-5243-8c08-14f401353885,38bb9fdb-7d90-55a0-98d8-f9935f1aec70,2025-03-12 17:46:00+01:00,2025-03-12 18:13:00+01:00,24,office,Berlin,,DE,home,Berlin,,DE,home_return,,public_transport,,9.29,True,True,True
31039f9a-2afd-5997-905f-a504f456cba8,38bb9fdb-7d90-55a0-98d8-f9935f1aec70,2025-03-12 12:25:00+01:00,2025-03-12 13:09:00+01:00,44,office,Berlin,,DE,supermarket,Berlin,,DE,errands,,walking,,3.7,False,False,False
029c3845-3f12-5395-b681-8282a6ad2841,38bb9fdb-7d90-55a0-98d8-f9935f1aec70,2025-03-13 08:16:00+01:00,2025-03-13 08:42:00+01:00,21,home,Berlin,,DE,office,Berlin,,DE,commute,,public_transport,,8.04,True,True,True
557b5f77-fec1-50e7-b18d-d3a62c2dde5d,38bb9fdb-7d90-55a0-98d8-f9935f1aec70,2025-03-13 17:36:00+01:00,2025-03-13 18:00:00+01:00,23,office,Berlin,,DE,home,Berlin,,DE,home_return,,public_transport,,8.82,True,True,True
8e785713-6f91-5f94-b4a7-01a0d5cd6276,38bb9fdb-7d90-55a0-98d8-f9935f1aec70,2025-03-14 07:40:00+01:00,2025-03-14 08:06:00+01:00,24,home,Berlin,,DE,office,Berlin,,DE,commute,,public_transport,,9.16,True,True,True
0409e71e-0f77-5615-9c10-bbd94832d0be,38bb9fdb-7d90-55a0-98d8-f9935f1aec70,2025-03-14 17:58:00+01:00,2025-03-14 18:24:00+01:00,25,office,Berlin,,DE,home,Berlin,,DE,home_return,,public_transport,,8.77,True,True,True
4e1d4fb1-0a8b-57d6-bdec-75e51aa085ef,38bb9fdb-7d90-55a0-98d8-f9935f1aec70,2025-03-16 11:57:00+01:00,2025-03-16 12:14:00+01:00,16,home,Berlin,,DE,city_center,Berlin,,DE,errands,,public_transport,,5.04,False,True,False
1f1726bc-6962-5e77-9841-b3c268454316,38bb9fdb-7d90-55a0-98d8-f9935f1aec70,2025-03-16 15:15:00+01:00,2025-03-16 15:34:00+01:00,17,city_center,Berlin,,DE,home,Berlin,,DE,home_return,,public_transport,,5.15,False,True,False
57d37429-b329-5939-97a8-446a431bf31a,38bb9fdb-7d90-55a0-98d8-f9935f1aec70,2025-03-17 08:05:00+01:00,2025-03-17 08:31:00+01:00,23,home,Berlin,,DE,office,Berlin,,DE,commute,,public_transport,,8.17,True,True,True
49341a2c-3d35-5963-9c04-c9a9c20a670d,38bb9fdb-7d90-55a0-98d8-f9935f1aec70,2025-03-17 17:05:00+01:00,2025-03-17 17:27:00+01:00,20,office,Berlin,,DE,home,Berlin,,DE,home_return,,public_transport,,8.22,True,True,True
325b449f-cfb6-5276-bd8a-d847a6064ebf,38bb9fdb-7d90-55a0-98d8-f9935f1aec70,2025-03-18 08:03:00+01:00,2025-03-18 08:29:00+01:00,24,home,Berlin,,DE,office,Berlin,,DE,commute,,public_transport,,8.48,True,True,True
42a18e9a-72c1-57a9-9547-850597cd5303,38bb9fdb-7d90-55a0-98d8-f9935f1aec70,2025-03-18 17:50:00+01:00,2025-03-18 18:13:00+01:00,19,office,Berlin,,DE,home,Berlin,,DE,home_return,,public_transport,,8.48,True,True,True
df2726a2-63dd-5b4c-8d53-2f1bf51168fd,38bb9fdb-7d90-55a0-98d8-f9935f1aec70,2025-03-19 07:40:00+01:00,2025-03-19 08:07:00+01:00,23,home,Berlin,,DE,office,Berlin,,DE,commute,,public_transport,,9.05,True,True,True
975bbcb8-02a7-50ac-8538-56989aa8459b,38bb9fdb-7d90-55a0-98d8-f9935f1aec70,2025-03-19 17:06:00+01:00,2025-03-19 17:36:00+01:00,26,office,Berlin,,DE,home,Berlin,,DE,home_return,,public_transport,,9.35,True,True,True
7b906357-3cca-529f-a474-400cca6f7f87,38bb9fdb-7d90-55a0-98d8-f9935f1aec70,2025-03-19 12:37:00+01:00,2025-03-19 13:25:00+01:00,48,office,Berlin,,DE,supermarket,Berlin,,DE,errands,,walking,,4.0,False,False,False
78101a7f-d200-54f5-8308-90dc810a88d3,38bb9fdb-7d90-55a0-98d8-f9935f1aec70,2025-03-21 08:03:00+01:00,2025-03-21 08:30:00+01:00,22,home,Berlin,,DE,office,Berlin,,DE,commute,,public_transport,,8.6,True,True,True
5108c618-89c8-50b9-b13a-b5021189f173,38bb9fdb-7d90-55a0-98d8-f9935f1aec70,2025-03-21 17:52:00+01:00,2025-03-21 18:14:00+01:00,21,office,Berlin,,DE,home,Berlin,,DE,home_return,,public_transport,,8.22,True,True,True
c3134918-4f04-56c4-8f14-bab44e3e4665,38bb9fdb-7d90-55a0-98d8-f9935f1aec70,2025-03-22 11:58:00+01:00,2025-03-22 12:17:00+01:00,16,home,Berlin,,DE,city_center,Berlin,,DE,shopping,,public_transport,,4.61,False,True,False
9d2b506e-d04a-5815-b923-c6da94133c60,38bb9fdb-7d90-55a0-98d8-f9935f1aec70,2025-03-22 15:34:00+01:00,2025-03-22 15:55:00+01:00,19,city_center,Berlin,,DE,home,Berlin,,DE,home_return,,public_transport,,4.89,False,True,False
4951a816-551b-510c-93ee-8711893b8a00,38bb9fdb-7d90-55a0-98d8-f9935f1aec70,2025-03-24 08:09:00+01:00,2025-03-24 08:34:00+01:00,22,home,Berlin,,DE,office,Berlin,,DE,commute,,public_transport,,8.3,True,True,True
f6357b64-3711-5c83-9b4c-b12c8a06621c,38bb9fdb-7d90-55a0-98d8-f9935f1aec70,2025-03-24 17:19:00+01:00,2025-03-24 17:42:00+01:00,22,office,Berlin,,DE,home,Berlin,,DE,home_return,,public_transport,,8.33,True,True,True
ec7ad6c4-a7c0-58fb-a38d-55f8fa3c2612,38bb9fdb-7d90-55a0-98d8-f9935f1aec70,2025-03-25 07:42:00+01:00,2025-03-25 08:07:00+01:00,23,home,Berlin,,DE,office,Berlin,,DE,commute,,public_transport,,9.1,True,True,True
c159dd88-aead-5cfe-bfb5-3f70492ae2ea,38bb9fdb-7d90-55a0-98d8-f9935f1aec70,2025-03-25 17:22:00+01:00,2025-03-25 17:45:00+01:00,20,office,Berlin,,DE,home,Berlin,,DE,home_return,,public_transport,,8.12,True,True,True
888ab40d-6d45-5546-ba0b-0208fef225f8,38bb9fdb-7d90-55a0-98d8-f9935f1aec70,2025-03-27 07:55:00+01:00,2025-03-27 08:17:00+01:00,20,home,Berlin,,DE,office,Berlin,,DE,commute,,public_transport,,8.89,True,True,True
7732a291-e17a-532f-9b90-828c106585e8,38bb9fdb-7d90-55a0-98d8-f9935f1aec70,2025-03-27 17:49:00+01:00,2025-03-27 18:12:00+01:00,19,office,Berlin,,DE,home,Berlin,,DE,home_return,,public_transport,,7.9,True,True,True
0363c087-343a-545b-a651-c59aea256fad,38bb9fdb-7d90-55a0-98d8-f9935f1aec70,2025-03-28 07:56:00+01:00,2025-03-28 08:17:00+01:00,20,home,Berlin,,DE,office,Berlin,,DE,commute,,public_transport,,8.64,True,True,True
3edeec9f-3bf3-5017-b367-6e8a92b14c55,38bb9fdb-7d90-55a0-98d8-f9935f1aec70,2025-03-28 17:51:00+01:00,2025-03-28 18:18:00+01:00,24,office,Berlin,,DE,home,Berlin,,DE,home_return,,public_transport,,9.04,True,True,True
533b8ade-a405-5329-8c69-baa88448feb9,38bb9fdb-7d90-55a0-98d8-f9935f1aec70,2025-03-29 11:45:00+01:00,2025-03-29 12:14:00+01:00,25,home,Berlin,,DE,city_center,Berlin,,DE,errands,,public_transport,,9.37,False,True,False
6d257f5f-8780-5af4-9473-6ebc4ec9ec7b,38bb9fdb-7d90-55a0-98d8-f9935f1aec70,2025-03-29 15:22:00+01:00,2025-03-29 15:50:00+01:00,25,city_center,Berlin,,DE,home,Berlin,,DE,home_return,,public_transport,,9.37,False,True,False
85c75fc0-fb44-5f06-991d-37efc57c1dd3,38bb9fdb-7d90-55a0-98d8-f9935f1aec70,2025-04-01 08:06:00+01:00,2025-04-01 08:29:00+01:00,22,home,Berlin,,DE,office,Berlin,,DE,commute,,public_transport,,8.37,True,True,True
f92b37cc-db94-5522-9eee-fe93d888229a,38bb9fdb-7d90-55a0-98d8-f9935f1aec70,2025-04-01 17:12:00+01:00,2025-04-01 17:37:00+01:00,23,office,Berlin,,DE,home,Berlin,,DE,home_return,,public_transport,,8.39,True,True,True
06e4da90-fde1-5554-ad4d-79bfc470c7e2,38bb9fdb-7d90-55a0-98d8-f9935f1aec70,2025-04-02 08:02:00+01:00,2025-04-02 08:33:00+01:00,28,home,Berlin,,DE,office,Berlin,,DE,commute,,public_transport,,9.86,True,True,True
298ac7bd-aafc-5c4e-8fe6-2b5374e904ff,38bb9fdb-7d90-55a0-98d8-f9935f1aec70,2025-04-02 17:24:00+01:00,2025-04-02 17:48:00+01:00,19,office,Berlin,,DE,home,Berlin,,DE,home_return,,public_transport,,8.5,True,True,True
5c7c06e2-1353-5160-8014-37ca057ed284,38bb9fdb-7d90-55a0-98d8-f9935f1aec70,2025-04-03 08:10:00+01:00,2025-04-03 08:37:00+01:00,25,home,Berlin,,DE,office,Berlin,,DE,commute,,public_transport,,8.39,True,True,True
89b3eeac-52f3-5131-84fc-fd14daf4e846,38bb9fdb-7d90-55a0-98d8-f9935f1aec70,2025-04-03 17:42:00+01:00,2025-04-03 18:06:00+01:00,23,office,Berlin,,DE,home,Berlin,,DE,home_return,,public_transport,,8.28,True,True,True
7451426a-fac4-5dc5-ad2f-7af5c96bb3ab,38bb9fdb-7d90-55a0-98d8-f9935f1aec70,2025-04-04 08:04:00+01:00,2025-04-04 08:30:00+01:00,24,home,Berlin,,DE,office,Berlin,,DE,commute,,public_transport,,9.58,True,True,True
fd990ed4-e7ec-54f3-9956-178c0efbfdb8,38bb9fdb-7d90-55a0-98d8-f9935f1aec70,2025-04-04 17:51:00+01:00,2025-04-04 18:17:00+01:00,21,office,Berlin,,DE,home,Berlin,,DE,home_return,,public_transport,,8.7,True,True,True
1158b62b-3268-50cf-a42d-503b8783ad40,38bb9fdb-7d90-55a0-98d8-f9935f1aec70,2025-04-07 08:11:00+01:00,2025-04-07 08:30:00+01:00,18,home,Berlin,,DE,office,Berlin,,DE,commute,,public_transport,,8.01,True,True,True
9c1d1142-243f-5bef-a4ce-5d51488b41df,38bb9fdb-7d90-55a0-98d8-f9935f1aec70,2025-04-07 17:14:00+01:00,2025-04-07 17:42:00+01:00,25,office,Berlin,,DE,home,Berlin,,DE,home_return,,public_transport,,8.53,True,True,True
6ecca661-389d-5eba-a655-97b4e469dc13,38bb9fdb-7d90-55a0-98d8-f9935f1aec70,2025-04-08 08:00:00+01:00,2025-04-08 08:25:00+01:00,23,home,Berlin,,DE,office,Berlin,,DE,commute,,public_transport,,9.12,True,True,True
d87e466e-1954-57a6-b9ba-118b9d04f8d0,38bb9fdb-7d90-55a0-98d8-f9935f1aec70,2025-04-08 17:55:00+01:00,2025-04-08 18:21:00+01:00,22,office,Berlin,,DE,home,Berlin,,DE,home_return,,public_transport,,9.21,True,True,True
8d872c44-f45e-5e18-908a-0b2bc57fa08b,38bb9fdb-7d90-55a0-98d8-f9935f1aec70,2025-04-09 08:07:00+01:00,2025-04-09 08:35:00+01:00,25,home,Berlin,,DE,office,Berlin,,DE,commute,,public_transport,,9.61,True,True,True
5d5cbcda-4d95-537e-9836-044e815adb1b,38bb9fdb-7d90-55a0-98d8-f9935f1aec70,2025-04-09 17:44:00+01:00,2025-04-09 18:10:00+01:00,23,office,Berlin,,DE,home,Berlin,,DE,home_return,,public_transport,,9.49,True,True,True
edb95e0a-0ad6-5e77-ac8b-f9bb33ae450c,38bb9fdb-7d90-55a0-98d8-f9935f1aec70,2025-04-10 07:58:00+01:00,2025-04-10 08:26:00+01:00,23,home,Berlin,,DE,office,Berlin,,DE,commute,,public_transport,,8.54,True,True,True
7332b4b8-4e2e-5f04-9384-feb32ab17f2d,38bb9fdb-7d90-55a0-98d8-f9935f1aec70,2025-04-10 17:36:00+01:00,2025-04-10 18:04:00+01:00,23,office,Berlin,,DE,home,Berlin,,DE,home_return,,public_transport,,9.52,True,True,True
eb3ba383-e46b-506a-925e-9b6b8addba77,38bb9fdb-7d90-55a0-98d8-f9935f1aec70,2025-04-11 07:44:00+01:00,2025-04-11 08:10:00+01:00,24,home,Berlin,,DE,office,Berlin,,DE,commute,,public_transport,,8.47,True,True,True
f04e232d-126b-5554-96b9-319e30641ba7,38bb9fdb-7d90-55a0-98d8-f9935f1aec70,2025-04-11 17:52:00+01:00,2025-04-11 18:21:00+01:00,26,office,Berlin,,DE,home,Berlin,,DE,home_return,,public_transport,,9.58,True,True,True
06357b94-45bf-58d5-b9cb-635aec72282e,38bb9fdb-7d90-55a0-98d8-f9935f1aec70,2025-04-12 11:40:00+01:00,2025-04-12 11:57:00+01:00,13,home,Berlin,,DE,city_center,Berlin,,DE,shopping,,public_transport,,3.08,False,True,False
d297507a-946b-5f9c-9fa1-ff5141c872a8,38bb9fdb-7d90-55a0-98d8-f9935f1aec70,2025-04-12 15:53:00+01:00,2025-04-12 16:16:00+01:00,19,city_center,Berlin,,DE,home,Berlin,,DE,home_return,,public_transport,,3.6,False,True,False
67a4aa24-3f72-5c0d-bd23-0e5f1a117fe2,38bb9fdb-7d90-55a0-98d8-f9935f1aec70,2025-04-13 11:40:00+01:00,2025-04-13 11:59:00+01:00,17,home,Berlin,,DE,city_center,Berlin,,DE,errands,,public_transport,,5.33,False,True,False
aa3c99c4-bfd3-516f-a58a-93013d090769,38bb9fdb-7d90-55a0-98d8-f9935f1aec70,2025-04-13 15:09:00+01:00,2025-04-13 15:25:00+01:00,15,city_center,Berlin,,DE,home,Berlin,,DE,home_return,,public_transport,,5.14,False,True,False
910f54c6-d002-5637-a3b9-0927b421153a,38bb9fdb-7d90-55a0-98d8-f9935f1aec70,2025-04-14 07:50:00+01:00,2025-04-14 08:11:00+01:00,20,home,Berlin,,DE,office,Berlin,,DE,commute,,public_transport,,8.0,True,True,True
ad779c2f-9e51-5322-9164-bd9ce37434e1,38bb9fdb-7d90-55a0-98d8-f9935f1aec70,2025-04-14 17:05:00+01:00,2025-04-14 17:36:00+01:00,27,office,Berlin,,DE,home,Berlin,,DE,home_return,,public_transport,,9.71,True,True,True
eb7d3af5-edec-51aa-8a10-876e93459764,38bb9fdb-7d90-55a0-98d8-f9935f1aec70,2025-04-15 08:07:00+01:00,2025-04-15 08:33:00+01:00,24,home,Berlin,,DE,office,Berlin,,DE,commute,,public_transport,,9.0,True,True,True
13db2348-5a9c-5880-a497-5e5dfb894009,38bb9fdb-7d90-55a0-98d8-f9935f1aec70,2025-04-15 17:35:00+01:00,2025-04-15 18:03:00+01:00,25,office,Berlin,,DE,home,Berlin,,DE,home_return,,public_transport,,8.8,True,True,True
c815f18c-390d-5c71-aaa0-c489e6353af4,38bb9fdb-7d90-55a0-98d8-f9935f1aec70,2025-04-16 08:15:00+01:00,2025-04-16 08:37:00+01:00,19,home,Berlin,,DE,office,Berlin,,DE,commute,,public_transport,,8.29,True,True,True
b0455ffa-8962-507d-a746-350b8a812fe7,38bb9fdb-7d90-55a0-98d8-f9935f1aec70,2025-04-16 17:52:00+01:00,2025-04-16 18:14:00+01:00,20,office,Berlin,,DE,home,Berlin,,DE,home_return,,public_transport,,8.02,True,True,True
a989195b-1211-5557-ae39-95c493fe5c7a,38bb9fdb-7d90-55a0-98d8-f9935f1aec70,2025-04-17 08:10:00+01:00,2025-04-17 08:38:00+01:00,24,home,Berlin,,DE,office,Berlin,,DE,commute,,public_transport,,9.47,True,True,True
27ad42c9-40c2-5b74-bf3d-57112cf74a3b,38bb9fdb-7d90-55a0-98d8-f9935f1aec70,2025-04-17 17:16:00+01:00,2025-04-17 17:41:00+01:00,23,office,Berlin,,DE,home,Berlin,,DE,home_return,,public_transport,,9.4,True,True,True
ec23cd76-cea1-53b1-b74c-1987bcb1c98d,38bb9fdb-7d90-55a0-98d8-f9935f1aec70,2025-04-18 08:08:00+01:00,2025-04-18 08:31:00+01:00,20,home,Berlin,,DE,office,Berlin,,DE,commute,,public_transport,,7.99,True,True,True
f557ff73-2076-5ed0-9e13-b3e4935ad7be,38bb9fdb-7d90-55a0-98d8-f9935f1aec70,2025-04-18 17:44:00+01:00,2025-04-18 18:08:00+01:00,21,office,Berlin,,DE,home,Berlin,,DE,home_return,,public_transport,,8.19,True,True,True
1df80a7d-7207-5c71-80b4-782de478778e,38bb9fdb-7d90-55a0-98d8-f9935f1aec70,2025-04-20 11:44:00+01:00,2025-04-20 12:05:00+01:00,17,home,Berlin,,DE,city_center,Berlin,,DE,errands,,public_transport,,3.42,False,True,False
d8f4d1b0-b85d-5212-96c5-98a99e7f1559,38bb9fdb-7d90-55a0-98d8-f9935f1aec70,2025-04-20 15:30:00+01:00,2025-04-20 15:44:00+01:00,13,city_center,Berlin,,DE,home,Berlin,,DE,home_return,,public_transport,,3.03,False,True,False
ea84dbd6-e25b-510d-a331-860cc4d72aab,38bb9fdb-7d90-55a0-98d8-f9935f1aec70,2025-04-21 08:19:00+01:00,2025-04-21 08:47:00+01:00,24,home,Berlin,,DE,office,Berlin,,DE,commute,,public_transport,,9.33,True,True,True
cdabe570-fc3e-5608-ba9e-37c94764a1fa,38bb9fdb-7d90-55a0-98d8-f9935f1aec70,2025-04-21 17:13:00+01:00,2025-04-21 17:38:00+01:00,21,office,Berlin,,DE,home,Berlin,,DE,home_return,,public_transport,,9.25,True,True,True
d6bc5dbf-760f-5a78-b1e2-0c3cc19c5958,38bb9fdb-7d90-55a0-98d8-f9935f1aec70,2025-04-22 07:49:00+01:00,2025-04-22 08:11:00+01:00,21,home,Berlin,,DE,office,Berlin,,DE,commute,,public_transport,,9.05,True,True,True
2260158f-2590-5d8d-8467-39a48e77a9f9,38bb9fdb-7d90-55a0-98d8-f9935f1aec70,2025-04-22 17:35:00+01:00,2025-04-22 18:03:00+01:00,24,office,Berlin,,DE,home,Berlin,,DE,home_return,,public_transport,,8.97,True,True,True
054f8863-2b32-5fee-95f5-fb998820d3f9,38bb9fdb-7d90-55a0-98d8-f9935f1aec70,2025-04-22 12:33:00+01:00,2025-04-22 13:10:00+01:00,37,office,Berlin,,DE,supermarket,Berlin,,DE,errands,,walking,,3.1,False,False,False
5a5eebc4-95b3-5c85-b58c-5f7205481820,38bb9fdb-7d90-55a0-98d8-f9935f1aec70,2025-04-23 07:49:00+01:00,2025-04-23 08:15:00+01:00,25,home,Berlin,,DE,office,Berlin,,DE,commute,,public_transport,,8.86,True,True,True
6c94ba8c-e54c-5ad7-a390-d333beb1ad6b,38bb9fdb-7d90-55a0-98d8-f9935f1aec70,2025-04-23 17:06:00+01:00,2025-04-23 17:37:00+01:00,28,office,Berlin,,DE,home,Berlin,,DE,home_return,,public_transport,,9.2,True,True,True
b57f2caf-14a1-579d-b15c-e6e43ad74bfc,38bb9fdb-7d90-55a0-98d8-f9935f1aec70,2025-04-24 08:10:00+01:00,2025-04-24 08:35:00+01:00,23,home,Berlin,,DE,office,Berlin,,DE,commute,,public_transport,,8.88,True,True,True
de1a8480-7c32-531f-9146-7e2fd3bff11e,38bb9fdb-7d90-55a0-98d8-f9935f1aec70,2025-04-24 17:25:00+01:00,2025-04-24 17:55:00+01:00,27,office,Berlin,,DE,home,Berlin,,DE,home_return,,public_transport,,9.33,True,True,True
f3ce1212-e426-5cff-aa23-0376e6a165ee,38bb9fdb-7d90-55a0-98d8-f9935f1aec70,2025-04-24 12:23:00+01:00,2025-04-24 12:52:00+01:00,29,office,Berlin,,DE,supermarket,Berlin,,DE,errands,,walking,,2.4,False,False,False
8acb04a9-df7f-5acd-ba2e-c8b1e8edb434,38bb9fdb-7d90-55a0-98d8-f9935f1aec70,2025-04-26 11:49:00+01:00,2025-04-26 12:04:00+01:00,13,home,Berlin,,DE,city_center,Berlin,,DE,errands,,public_transport,,4.49,False,True,False
072eae7b-4cfc-5e5e-9fbe-dab024a5cef3,38bb9fdb-7d90-55a0-98d8-f9935f1aec70,2025-04-26 16:35:00+01:00,2025-04-26 16:57:00+01:00,19,city_center,Berlin,,DE,home,Berlin,,DE,home_return,,public_transport,,5.02,False,True,False
53d3409c-44fd-502c-b90f-50335acee3f1,38bb9fdb-7d90-55a0-98d8-f9935f1aec70,2025-04-28 08:06:00+01:00,2025-04-28 08:34:00+01:00,25,home,Berlin,,DE,office,Berlin,,DE,commute,,public_transport,,8.94,True,True,True
2a8953d8-2b20-5f19-9f04-879b86a1c86b,38bb9fdb-7d90-55a0-98d8-f9935f1aec70,2025-04-28 17:10:00+01:00,2025-04-28 17:36:00+01:00,22,office,Berlin,,DE,home,Berlin,,DE,home_return,,public_transport,,8.75,True,True,True
415da641-f7c3-5860-896b-3c8dbb5f6948,38bb9fdb-7d90-55a0-98d8-f9935f1aec70,2025-04-29 07:52:00+01:00,2025-04-29 08:12:00+01:00,19,home,Berlin,,DE,office,Berlin,,DE,commute,,public_transport,,7.83,True,True,True
6c7c7ed4-5322-58fa-85f5-6b74879abd37,38bb9fdb-7d90-55a0-98d8-f9935f1aec70,2025-04-29 17:58:00+01:00,2025-04-29 18:23:00+01:00,22,office,Berlin,,DE,home,Berlin,,DE,home_return,,public_transport,,8.74,True,True,True
533275d6-52ae-583b-bc2e-f9235b1eccb7,38bb9fdb-7d90-55a0-98d8-f9935f1aec70,2025-04-30 07:41:00+01:00,2025-04-30 08:05:00+01:00,20,home,Berlin,,DE,office,Berlin,,DE,commute,,public_transport,,8.07,True,True,True
bb4aaa09-ae65-5455-888d-90d7c7b207fa,38bb9fdb-7d90-55a0-98d8-f9935f1aec70,2025-04-30 17:37:00+01:00,2025-04-30 18:04:00+01:00,24,office,Berlin,,DE,home,Berlin,,DE,home_return,,public_transport,,9.43,True,True,True
b0fd6df7-6f9f-5f99-ba5e-c3456b938638,38bb9fdb-7d90-55a0-98d8-f9935f1aec70,2025-05-01 07:50:00+01:00,2025-05-01 08:17:00+01:00,25,home,Berlin,,DE,office,Berlin,,DE,commute,,public_transport,,8.87,True,True,True
5d20197e-e570-52f5-bbe6-00b5400088a1,38bb9fdb-7d90-55a0-98d8-f9935f1aec70,2025-05-01 17:43:00+01:00,2025-05-01 18:11:00+01:00,23,office,Berlin,,DE,home,Berlin,,DE,home_return,,public_transport,,8.91,True,True,True
e44f41e3-6c08-5afb-bbba-899e1bec56b5,38bb9fdb-7d90-55a0-98d8-f9935f1aec70,2025-05-02 07:48:00+01:00,2025-05-02 08:09:00+01:00,20,home,Berlin,,DE,office,Berlin,,DE,commute,,public_transport,,7.94,True,True,True
7e6810ed-18b2-5617-b24d-caf165564eb9,38bb9fdb-7d90-55a0-98d8-f9935f1aec70,2025-05-02 18:00:00+01:00,2025-05-02 18:28:00+01:00,25,office,Berlin,,DE,home,Berlin,,DE,home_return,,public_transport,,9.13,True,True,True
dbb2f1d9-9fef-5c8c-abdc-f1729397a305,38bb9fdb-7d90-55a0-98d8-f9935f1aec70,2025-05-03 10:38:00+01:00,2025-05-03 10:59:00+01:00,17,home,Berlin,,DE,city_center,Berlin,,DE,errands,,public_transport,,4.76,False,True,False
d51e9a72-f371-5b83-88fb-1d1e8f04a379,38bb9fdb-7d90-55a0-98d8-f9935f1aec70,2025-05-03 15:00:00+01:00,2025-05-03 15:20:00+01:00,17,city_center,Berlin,,DE,home,Berlin,,DE,home_return,,public_transport,,4.68,False,True,False
6d561d9d-24d4-500f-8dec-8c72faa0fd29,38bb9fdb-7d90-55a0-98d8-f9935f1aec70,2025-05-05 08:10:00+01:00,2025-05-05 08:40:00+01:00,27,home,Berlin,,DE,office,Berlin,,DE,commute,,public_transport,,9.44,True,True,True
d4721bf7-e628-591c-9e05-f7c55862bea7,38bb9fdb-7d90-55a0-98d8-f9935f1aec70,2025-05-05 17:45:00+01:00,2025-05-05 18:09:00+01:00,22,office,Berlin,,DE,home,Berlin,,DE,home_return,,public_transport,,8.34,True,True,True
fbaff852-93ec-5fa7-b633-75440515c89c,38bb9fdb-7d90-55a0-98d8-f9935f1aec70,2025-05-06 08:18:00+01:00,2025-05-06 08:44:00+01:00,24,home,Berlin,,DE,office,Berlin,,DE,commute,,public_transport,,9.31,True,True,True
a9c5d9d1-eacb-5ccf-9333-4e7a27f30be9,38bb9fdb-7d90-55a0-98d8-f9935f1aec70,2025-05-06 17:18:00+01:00,2025-05-06 17:46:00+01:00,24,office,Berlin,,DE,home,Berlin,,DE,home_return,,public_transport,,9.11,True,True,True
f09c812d-9903-57b4-8311-e6e8cde5472f,38bb9fdb-7d90-55a0-98d8-f9935f1aec70,2025-05-07 08:01:00+01:00,2025-05-07 08:29:00+01:00,23,home,Berlin,,DE,office,Berlin,,DE,commute,,public_transport,,9.26,True,True,True
00f7562d-fa6a-5055-acd8-d96ea24307b6,38bb9fdb-7d90-55a0-98d8-f9935f1aec70,2025-05-07 18:00:00+01:00,2025-05-07 18:26:00+01:00,24,office,Berlin,,DE,home,Berlin,,DE,home_return,,public_transport,,8.9,True,True,True
46129553-2226-588d-825d-ecc0eb4c7b18,38bb9fdb-7d90-55a0-98d8-f9935f1aec70,2025-05-08 07:48:00+01:00,2025-05-08 08:17:00+01:00,24,home,Berlin,,DE,office,Berlin,,DE,commute,,public_transport,,8.36,True,True,True
e6f17f43-5f64-5168-bea8-b1cb05321e6b,38bb9fdb-7d90-55a0-98d8-f9935f1aec70,2025-05-08 17:43:00+01:00,2025-05-08 18:07:00+01:00,22,office,Berlin,,DE,home,Berlin,,DE,home_return,,public_transport,,8.29,True,True,True
44137c38-552f-5ec7-bff3-90024238b717,38bb9fdb-7d90-55a0-98d8-f9935f1aec70,2025-05-09 08:01:00+01:00,2025-05-09 08:30:00+01:00,25,home,Berlin,,DE,office,Berlin,,DE,commute,,public_transport,,9.43,True,True,True
15fb6bfd-fab5-532d-8ee1-612441cc5851,38bb9fdb-7d90-55a0-98d8-f9935f1aec70,2025-05-09 17:55:00+01:00,2025-05-09 18:21:00+01:00,21,office,Berlin,,DE,home,Berlin,,DE,home_return,,public_transport,,8.61,True,True,True
63eefe3c-e57d-5bad-a6f6-00be3f44a624,38bb9fdb-7d90-55a0-98d8-f9935f1aec70,2025-05-10 11:07:00+01:00,2025-05-10 11:29:00+01:00,20,home,Berlin,,DE,city_center,Berlin,,DE,errands,,public_transport,,8.57,False,True,False
944e13cd-45c7-549b-a1e2-b69e2f7a7a73,38bb9fdb-7d90-55a0-98d8-f9935f1aec70,2025-05-10 15:25:00+01:00,2025-05-10 15:53:00+01:00,24,city_center,Berlin,,DE,home,Berlin,,DE,home_return,,public_transport,,8.95,False,True,False
da53c8e9-303f-57d4-a73f-b28254f1d876,38bb9fdb-7d90-55a0-98d8-f9935f1aec70,2025-05-12 08:01:00+01:00,2025-05-12 08:20:00+01:00,18,home,Berlin,,DE,office,Berlin,,DE,commute,,public_transport,,7.8,True,True,True
3feaa8f3-d2d6-5509-bfa9-d3d88a206bf2,38bb9fdb-7d90-55a0-98d8-f9935f1aec70,2025-05-12 17:48:00+01:00,2025-05-12 18:13:00+01:00,23,office,Berlin,,DE,home,Berlin,,DE,home_return,,public_transport,,8.47,True,True,True
5b5a71e5-7f4e-5788-8f51-522370dc9676,38bb9fdb-7d90-55a0-98d8-f9935f1aec70,2025-05-13 08:20:00+01:00,2025-05-13 08:46:00+01:00,22,home,Berlin,,DE,office,Berlin,,DE,commute,,public_transport,,8.9,True,True,True
46c34cf1-9126-597b-8bad-7d2f1bbc9150,38bb9fdb-7d90-55a0-98d8-f9935f1aec70,2025-05-13 17:12:00+01:00,2025-05-13 17:40:00+01:00,25,office,Berlin,,DE,home,Berlin,,DE,home_return,,public_transport,,8.34,True,True,True
805adf36-bbe2-5480-909c-3092e0c73dc0,38bb9fdb-7d90-55a0-98d8-f9935f1aec70,2025-05-14 12:22:00+01:00,2025-05-14 13:00:00+01:00,38,office,Berlin,,DE,supermarket,Berlin,,DE,errands,,walking,,3.2,False,False,False
ffe42eac-d071-552e-beba-46fd264f6fc7,38bb9fdb-7d90-55a0-98d8-f9935f1aec70,2025-05-15 08:04:00+01:00,2025-05-15 08:27:00+01:00,22,home,Berlin,,DE,office,Berlin,,DE,commute,,public_transport,,8.26,True,True,True
9abbf0f5-bcaf-5fd4-b2b9-c84b011e73b6,38bb9fdb-7d90-55a0-98d8-f9935f1aec70,2025-05-15 17:18:00+01:00,2025-05-15 17:45:00+01:00,22,office,Berlin,,DE,home,Berlin,,DE,home_return,,public_transport,,8.43,True,True,True
b3e98923-ede3-511a-a460-2039b3147128,38bb9fdb-7d90-55a0-98d8-f9935f1aec70,2025-05-16 08:11:00+01:00,2025-05-16 08:34:00+01:00,19,home,Berlin,,DE,office,Berlin,,DE,commute,,public_transport,,8.24,True,True,True
2595f562-3651-524c-a4c5-9daeb5a02f84,38bb9fdb-7d90-55a0-98d8-f9935f1aec70,2025-05-16 17:08:00+01:00,2025-05-16 17:32:00+01:00,19,office,Berlin,,DE,home,Berlin,,DE,home_return,,public_transport,,8.04,True,True,True
be659e8c-bf90-5cee-b560-f4f68c1f849d,38bb9fdb-7d90-55a0-98d8-f9935f1aec70,2025-05-18 11:38:00+01:00,2025-05-18 12:02:00+01:00,23,home,Berlin,,DE,city_center,Berlin,,DE,shopping,,public_transport,,8.78,False,True,False
96abfd4f-57e3-5f20-9115-1bac21c2fc55,38bb9fdb-7d90-55a0-98d8-f9935f1aec70,2025-05-18 16:23:00+01:00,2025-05-18 16:45:00+01:00,21,city_center,Berlin,,DE,home,Berlin,,DE,home_return,,public_transport,,8.69,False,True,False
f39f4c24-646b-551c-8ebb-41b65f1a41e3,38bb9fdb-7d90-55a0-98d8-f9935f1aec70,2025-05-19 08:10:00+01:00,2025-05-19 08:31:00+01:00,20,home,Berlin,,DE,office,Berlin,,DE,commute,,public_transport,,8.68,True,True,True
4ff9d477-0d41-5fcb-8933-074977c8e262,38bb9fdb-7d90-55a0-98d8-f9935f1aec70,2025-05-19 17:42:00+01:00,2025-05-19 18:07:00+01:00,23,office,Berlin,,DE,home,Berlin,,DE,home_return,,public_transport,,9.08,True,True,True
33534b9a-028b-5563-b5a1-a1412b3ba843,38bb9fdb-7d90-55a0-98d8-f9935f1aec70,2025-05-20 07:58:00+01:00,2025-05-20 08:22:00+01:00,22,home,Berlin,,DE,office,Berlin,,DE,commute,,public_transport,,8.87,True,True,True
a90c7cb1-968d-50cb-8483-107eab27e462,38bb9fdb-7d90-55a0-98d8-f9935f1aec70,2025-05-20 17:53:00+01:00,2025-05-20 18:18:00+01:00,21,office,Berlin,,DE,home,Berlin,,DE,home_return,,public_transport,,9.04,True,True,True
f1817484-e810-5bf7-86ef-562c0538d3dc,38bb9fdb-7d90-55a0-98d8-f9935f1aec70,2025-05-20 12:21:00+01:00,2025-05-20 12:51:00+01:00,30,office,Berlin,,DE,supermarket,Berlin,,DE,errands,,walking,,2.5,False,False,False
7c75b6c2-67b4-5b65-ba96-a43248e5ec15,38bb9fdb-7d90-55a0-98d8-f9935f1aec70,2025-05-21 07:40:00+01:00,2025-05-21 08:11:00+01:00,26,home,Berlin,,DE,office,Berlin,,DE,commute,,public_transport,,8.61,True,True,True
bd580b58-9484-5c21-98ea-1730d6aee41f,38bb9fdb-7d90-55a0-98d8-f9935f1aec70,2025-05-21 17:05:00+01:00,2025-05-21 17:28:00+01:00,22,office,Berlin,,DE,home,Berlin,,DE,home_return,,public_transport,,8.23,True,True,True
73c63778-cb83-500f-b070-0b3c61eb2d2f,38bb9fdb-7d90-55a0-98d8-f9935f1aec70,2025-05-22 07:56:00+01:00,2025-05-22 08:23:00+01:00,25,home,Berlin,,DE,office,Berlin,,DE,commute,,public_transport,,9.55,True,True,True
5ef9f658-96d9-54e7-8f0c-c6170db8ec35,38bb9fdb-7d90-55a0-98d8-f9935f1aec70,2025-05-22 17:23:00+01:00,2025-05-22 17:45:00+01:00,21,office,Berlin,,DE,home,Berlin,,DE,home_return,,public_transport,,9.13,True,True,True
97bd0dc2-7f08-5e8e-8832-dcccadb0a88b,38bb9fdb-7d90-55a0-98d8-f9935f1aec70,2025-05-25 11:19:00+01:00,2025-05-25 11:42:00+01:00,20,home,Berlin,,DE,city_center,Berlin,,DE,errands,,public_transport,,5.52,False,True,False
4693974f-10ab-58e5-9e22-0069e97ff4ff,38bb9fdb-7d90-55a0-98d8-f9935f1aec70,2025-05-25 15:23:00+01:00,2025-05-25 15:43:00+01:00,16,city_center,Berlin,,DE,home,Berlin,,DE,home_return,,public_transport,,5.17,False,True,False
8aa4c8b9-7471-552a-8dc9-3dfa79756e95,38bb9fdb-7d90-55a0-98d8-f9935f1aec70,2025-05-26 08:06:00+01:00,2025-05-26 08:30:00+01:00,23,home,Berlin,,DE,office,Berlin,,DE,commute,,public_transport,,9.33,True,True,True
3053b2b4-9307-5795-91f3-a24c70244679,38bb9fdb-7d90-55a0-98d8-f9935f1aec70,2025-05-26 18:00:00+01:00,2025-05-26 18:27:00+01:00,22,office,Berlin,,DE,home,Berlin,,DE,home_return,,public_transport,,8.99,True,True,True
ce0f1b3c-4c84-5f48-a377-104cb8a30ee9,38bb9fdb-7d90-55a0-98d8-f9935f1aec70,2025-05-27 08:02:00+01:00,2025-05-27 08:30:00+01:00,26,home,Berlin,,DE,office,Berlin,,DE,commute,,public_transport,,9.12,True,True,True
6b399e3b-6349-54f5-b50a-a46a454328a4,38bb9fdb-7d90-55a0-98d8-f9935f1aec70,2025-05-27 17:56:00+01:00,2025-05-27 18:21:00+01:00,22,office,Berlin,,DE,home,Berlin,,DE,home_return,,public_transport,,8.66,True,True,True
aafea041-bb22-56c6-805b-5361ed6acb0c,38bb9fdb-7d90-55a0-98d8-f9935f1aec70,2025-05-27 12:31:00+01:00,2025-05-27 13:14:00+01:00,43,office,Berlin,,DE,supermarket,Berlin,,DE,errands,,walking,,3.6,False,False,False
de831978-21e7-54be-ac69-7d504cf8c498,38bb9fdb-7d90-55a0-98d8-f9935f1aec70,2025-05-28 08:01:00+01:00,2025-05-28 08:29:00+01:00,23,home,Berlin,,DE,office,Berlin,,DE,commute,,public_transport,,8.82,True,True,True
631bb2ab-1a29-5561-9c68-329c8c8f12d0,38bb9fdb-7d90-55a0-98d8-f9935f1aec70,2025-05-28 17:15:00+01:00,2025-05-28 17:42:00+01:00,23,office,Berlin,,DE,home,Berlin,,DE,home_return,,public_transport,,8.99,True,True,True
df95c5d0-1118-568d-87ae-c08c357c44ad,38bb9fdb-7d90-55a0-98d8-f9935f1aec70,2025-05-29 07:40:00+01:00,2025-05-29 08:07:00+01:00,23,home,Berlin,,DE,office,Berlin,,DE,commute,,public_transport,,8.98,True,True,True
c45901ad-973b-56cb-af66-3538f75996cf,38bb9fdb-7d90-55a0-98d8-f9935f1aec70,2025-05-29 17:04:00+01:00,2025-05-29 17:32:00+01:00,25,office,Berlin,,DE,home,Berlin,,DE,home_return,,public_transport,,9.51,True,True,True
be0cc252-d955-56e7-9d90-d882b784547a,38bb9fdb-7d90-55a0-98d8-f9935f1aec70,2025-05-29 12:35:00+01:00,2025-05-29 12:55:00+01:00,20,office,Berlin,,DE,supermarket,Berlin,,DE,errands,,walking,,1.7,False,False,False
ca120eb5-7141-5afd-8a19-a961ed7c52a1,38bb9fdb-7d90-55a0-98d8-f9935f1aec70,2025-05-30 08:08:00+01:00,2025-05-30 08:34:00+01:00,22,home,Berlin,,DE,office,Berlin,,DE,commute,,public_transport,,8.09,True,True,True
82851977-5c18-5b96-a325-86713f5a4917,38bb9fdb-7d90-55a0-98d8-f9935f1aec70,2025-05-30 17:31:00+01:00,2025-05-30 17:54:00+01:00,19,office,Berlin,,DE,home,Berlin,,DE,home_return,,public_transport,,7.96,True,True,True
fed05672-026b-5212-bee1-4f1e2560cef0,38bb9fdb-7d90-55a0-98d8-f9935f1aec70,2025-05-31 11:53:00+01:00,2025-05-31 12:12:00+01:00,15,home,Berlin,,DE,city_center,Berlin,,DE,shopping,,public_transport,,3.46,False,True,False
967ccda7-69cb-5aca-8549-065973b15575,38bb9fdb-7d90-55a0-98d8-f9935f1aec70,2025-05-31 15:46:00+01:00,2025-05-31 16:05:00+01:00,15,city_center,Berlin,,DE,home,Berlin,,DE,home_return,,public_transport,,3.46,False,True,False
9fcb09c2-5067-589a-8c63-b7c5fe2d5e8e,38bb9fdb-7d90-55a0-98d8-f9935f1aec70,2025-06-02 08:03:00+01:00,2025-06-02 08:25:00+01:00,20,home,Berlin,,DE,office,Berlin,,DE,commute,,public_transport,,8.8,True,True,True
f1df417e-e6af-5e79-acb8-f59a79e1b7de,38bb9fdb-7d90-55a0-98d8-f9935f1aec70,2025-06-02 17:40:00+01:00,2025-06-02 18:06:00+01:00,21,office,Berlin,,DE,home,Berlin,,DE,home_return,,public_transport,,8.44,True,True,True
c8c2b726-bf0d-5bbd-bac0-ea2460fa1b1d,38bb9fdb-7d90-55a0-98d8-f9935f1aec70,2025-06-02 12:30:00+01:00,2025-06-02 13:14:00+01:00,44,office,Berlin,,DE,supermarket,Berlin,,DE,errands,,walking,,3.7,False,False,False
1ceb5432-5ff3-5f55-a115-360acde500ff,38bb9fdb-7d90-55a0-98d8-f9935f1aec70,2025-06-03 07:46:00+01:00,2025-06-03 08:11:00+01:00,24,home,Berlin,,DE,office,Berlin,,DE,commute,,public_transport,,9.2,True,True,True
509e8935-f209-5a31-9988-77d538658acd,38bb9fdb-7d90-55a0-98d8-f9935f1aec70,2025-06-03 17:29:00+01:00,2025-06-03 17:51:00+01:00,19,office,Berlin,,DE,home,Berlin,,DE,home_return,,public_transport,,8.35,True,True,True
dabfe175-c61c-54d1-99c7-8dd548e41180,38bb9fdb-7d90-55a0-98d8-f9935f1aec70,2025-06-04 08:17:00+01:00,2025-06-04 08:48:00+01:00,27,home,Berlin,,DE,office,Berlin,,DE,commute,,public_transport,,9.56,True,True,True
877339db-4236-5495-b14f-3704dcb86ff5,38bb9fdb-7d90-55a0-98d8-f9935f1aec70,2025-06-04 17:08:00+01:00,2025-06-04 17:32:00+01:00,23,office,Berlin,,DE,home,Berlin,,DE,home_return,,public_transport,,9.35,True,True,True
e64baf36-cc3f-56bf-854d-7d8d206ed70c,38bb9fdb-7d90-55a0-98d8-f9935f1aec70,2025-06-05 07:51:00+01:00,2025-06-05 08:13:00+01:00,20,home,Berlin,,DE,office,Berlin,,DE,commute,,public_transport,,9.19,True,True,True
490ebed2-978b-5a0f-a07c-fe9a1817739f,38bb9fdb-7d90-55a0-98d8-f9935f1aec70,2025-06-05 17:38:00+01:00,2025-06-05 18:05:00+01:00,23,office,Berlin,,DE,home,Berlin,,DE,home_return,,public_transport,,9.02,True,True,True
646c0d6b-540b-5a77-a815-0b15e4b91e2e,38bb9fdb-7d90-55a0-98d8-f9935f1aec70,2025-06-06 08:05:00+01:00,2025-06-06 08:35:00+01:00,26,home,Berlin,,DE,office,Berlin,,DE,commute,,public_transport,,8.71,True,True,True
241ad67d-b94f-5a3b-8c42-9e056ac63096,38bb9fdb-7d90-55a0-98d8-f9935f1aec70,2025-06-06 17:38:00+01:00,2025-06-06 18:05:00+01:00,24,office,Berlin,,DE,home,Berlin,,DE,home_return,,public_transport,,8.46,True,True,True
c346b1cc-24b0-565a-8818-222837daf722,38bb9fdb-7d90-55a0-98d8-f9935f1aec70,2025-06-07 10:25:00+01:00,2025-06-07 10:53:00+01:00,25,home,Berlin,,DE,city_center,Berlin,,DE,social,,public_transport,,8.26,False,True,False
74b69e35-c040-59d6-bc62-b88cd07005bc,38bb9fdb-7d90-55a0-98d8-f9935f1aec70,2025-06-07 15:16:00+01:00,2025-06-07 15:41:00+01:00,23,city_center,Berlin,,DE,home,Berlin,,DE,home_return,,public_transport,,8.06,False,True,False
e7a9c015-1d29-5c0b-b9ec-6ea3d1fda6b7,38bb9fdb-7d90-55a0-98d8-f9935f1aec70,2025-06-09 08:02:00+01:00,2025-06-09 08:29:00+01:00,23,home,Berlin,,DE,office,Berlin,,DE,commute,,public_transport,,8.28,True,True,True
9d4a0e37-e34a-5665-b5bc-c7a5c93bb157,38bb9fdb-7d90-55a0-98d8-f9935f1aec70,2025-06-09 17:34:00+01:00,2025-06-09 18:00:00+01:00,25,office,Berlin,,DE,home,Berlin,,DE,home_return,,public_transport,,9.58,True,True,True
2985f4ff-768d-5bcc-8a83-52be77a35964,38bb9fdb-7d90-55a0-98d8-f9935f1aec70,2025-06-09 12:36:00+01:00,2025-06-09 12:53:00+01:00,17,office,Berlin,,DE,supermarket,Berlin,,DE,errands,,walking,,1.4,False,False,False
02325bc8-3104-5efe-95a6-780765f0b170,38bb9fdb-7d90-55a0-98d8-f9935f1aec70,2025-06-10 07:58:00+01:00,2025-06-10 08:22:00+01:00,23,home,Berlin,,DE,office,Berlin,,DE,commute,,public_transport,,9.2,True,True,True
80f558b7-e6dc-5151-988a-c3dea518f2e7,38bb9fdb-7d90-55a0-98d8-f9935f1aec70,2025-06-10 17:48:00+01:00,2025-06-10 18:12:00+01:00,20,office,Berlin,,DE,home,Berlin,,DE,home_return,,public_transport,,8.25,True,True,True
a37512ff-e75f-58bd-a16d-e5cfd5d83c12,38bb9fdb-7d90-55a0-98d8-f9935f1aec70,2025-06-11 08:15:00+01:00,2025-06-11 08:43:00+01:00,25,home,Berlin,,DE,office,Berlin,,DE,commute,,public_transport,,9.46,True,True,True
f8adf309-137e-5b91-83c6-1a1d27e372ad,38bb9fdb-7d90-55a0-98d8-f9935f1aec70,2025-06-11 17:24:00+01:00,2025-06-11 17:53:00+01:00,26,office,Berlin,,DE,home,Berlin,,DE,home_return,,public_transport,,8.45,True,True,True
54925d8d-646b-5f07-9c96-98336c41cc8e,38bb9fdb-7d90-55a0-98d8-f9935f1aec70,2025-06-11 12:21:00+01:00,2025-06-11 12:59:00+01:00,38,office,Berlin,,DE,supermarket,Berlin,,DE,errands,,walking,,3.2,False,False,False
a12cf346-3e85-5e9f-a4db-d34be1b2b08e,38bb9fdb-7d90-55a0-98d8-f9935f1aec70,2025-06-12 07:54:00+01:00,2025-06-12 08:23:00+01:00,26,home,Berlin,,DE,office,Berlin,,DE,commute,,public_transport,,9.57,True,True,True
c313d3bb-53e8-5683-9d6d-ea99801d0049,38bb9fdb-7d90-55a0-98d8-f9935f1aec70,2025-06-12 17:38:00+01:00,2025-06-12 18:03:00+01:00,23,office,Berlin,,DE,home,Berlin,,DE,home_return,,public_transport,,8.88,True,True,True
d14c22b8-ec71-58b9-985c-9fb70dfec6d3,38bb9fdb-7d90-55a0-98d8-f9935f1aec70,2025-06-13 07:51:00+01:00,2025-06-13 08:11:00+01:00,19,home,Berlin,,DE,office,Berlin,,DE,commute,,public_transport,,8.12,True,True,True
51d9382b-cc7a-5137-80c6-b80bb3c02ab8,38bb9fdb-7d90-55a0-98d8-f9935f1aec70,2025-06-13 17:08:00+01:00,2025-06-13 17:32:00+01:00,23,office,Berlin,,DE,home,Berlin,,DE,home_return,,public_transport,,8.96,True,True,True
3647cf92-4028-59ee-87ae-991b1368a750,38bb9fdb-7d90-55a0-98d8-f9935f1aec70,2025-06-14 11:16:00+01:00,2025-06-14 11:39:00+01:00,18,home,Berlin,,DE,city_center,Berlin,,DE,shopping,,public_transport,,4.21,False,True,False
4ca29191-ac29-5c38-be46-1106c237a629,38bb9fdb-7d90-55a0-98d8-f9935f1aec70,2025-06-14 15:38:00+01:00,2025-06-14 15:54:00+01:00,13,city_center,Berlin,,DE,home,Berlin,,DE,home_return,,public_transport,,3.76,False,True,False
c31169f1-439c-5e96-861f-5107d30932de,38bb9fdb-7d90-55a0-98d8-f9935f1aec70,2025-06-16 08:13:00+01:00,2025-06-16 08:42:00+01:00,25,home,Berlin,,DE,office,Berlin,,DE,commute,,public_transport,,9.55,True,True,True
3b961b5e-6151-5bab-9926-ded7f0e67d8a,38bb9fdb-7d90-55a0-98d8-f9935f1aec70,2025-06-16 17:22:00+01:00,2025-06-16 17:45:00+01:00,20,office,Berlin,,DE,home,Berlin,,DE,home_return,,public_transport,,8.47,True,True,True
e00d7b54-5775-51a3-869e-acc8e4392538,38bb9fdb-7d90-55a0-98d8-f9935f1aec70,2025-06-17 08:10:00+01:00,2025-06-17 08:34:00+01:00,23,home,Berlin,,DE,office,Berlin,,DE,commute,,public_transport,,8.97,True,True,True
44ed5876-ad67-5fa0-8c88-9450a0e0eb80,38bb9fdb-7d90-55a0-98d8-f9935f1aec70,2025-06-17 17:15:00+01:00,2025-06-17 17:42:00+01:00,22,office,Berlin,,DE,home,Berlin,,DE,home_return,,public_transport,,8.5,True,True,True
82509ba9-983d-5a5e-9bce-6b90d899c180,38bb9fdb-7d90-55a0-98d8-f9935f1aec70,2025-06-17 12:27:00+01:00,2025-06-17 13:11:00+01:00,44,office,Berlin,,DE,supermarket,Berlin,,DE,errands,,walking,,3.7,False,False,False
b730bd95-d67b-5ae4-b328-0c7d63f45702,38bb9fdb-7d90-55a0-98d8-f9935f1aec70,2025-06-18 08:14:00+01:00,2025-06-18 08:41:00+01:00,22,home,Berlin,,DE,office,Berlin,,DE,commute,,public_transport,,8.56,True,True,True
e2c419bf-78ae-52de-9ec7-6b0a8023719b,38bb9fdb-7d90-55a0-98d8-f9935f1aec70,2025-06-18 17:51:00+01:00,2025-06-18 18:19:00+01:00,25,office,Berlin,,DE,home,Berlin,,DE,home_return,,public_transport,,8.75,True,True,True
ecd97839-f285-5971-b27b-77ce11670b70,38bb9fdb-7d90-55a0-98d8-f9935f1aec70,2025-06-19 07:50:00+01:00,2025-06-19 08:19:00+01:00,24,home,Berlin,,DE,office,Berlin,,DE,commute,,public_transport,,9.43,True,True,True
8a46e266-cb7f-5138-9e80-0946475c2e90,38bb9fdb-7d90-55a0-98d8-f9935f1aec70,2025-06-19 17:42:00+01:00,2025-06-19 18:07:00+01:00,21,office,Berlin,,DE,home,Berlin,,DE,home_return,,public_transport,,8.12,True,True,True
0b92a7c1-48de-5e24-97bb-cf9cc0e9dd84,38bb9fdb-7d90-55a0-98d8-f9935f1aec70,2025-06-20 08:07:00+01:00,2025-06-20 08:33:00+01:00,24,home,Berlin,,DE,office,Berlin,,DE,commute,,public_transport,,9.4,True,True,True
570baf61-e917-58b6-81d3-1ed6cc58d69a,38bb9fdb-7d90-55a0-98d8-f9935f1aec70,2025-06-20 17:02:00+01:00,2025-06-20 17:27:00+01:00,22,office,Berlin,,DE,home,Berlin,,DE,home_return,,public_transport,,8.99,True,True,True
4e93c9e4-661b-569e-bad2-b6aa23c5e639,38bb9fdb-7d90-55a0-98d8-f9935f1aec70,2025-06-21 10:57:00+01:00,2025-06-21 11:12:00+01:00,14,home,Berlin,,DE,city_center,Berlin,,DE,errands,,public_transport,,4.53,False,True,False
0ca19a18-ad4f-5748-9816-893d9bb8f6da,38bb9fdb-7d90-55a0-98d8-f9935f1aec70,2025-06-21 15:15:00+01:00,2025-06-21 15:35:00+01:00,15,city_center,Berlin,,DE,home,Berlin,,DE,home_return,,public_transport,,4.49,False,True,False
9006b8f7-4abd-5b67-99e6-4655866e5b9e,38bb9fdb-7d90-55a0-98d8-f9935f1aec70,2025-06-24 07:58:00+01:00,2025-06-24 08:20:00+01:00,21,home,Berlin,,DE,office,Berlin,,DE,commute,,public_transport,,8.63,True,True,True
26fd9c4e-7542-52f2-aaa1-c71f6f1e31b4,38bb9fdb-7d90-55a0-98d8-f9935f1aec70,2025-06-24 17:24:00+01:00,2025-06-24 17:51:00+01:00,23,office,Berlin,,DE,home,Berlin,,DE,home_return,,public_transport,,9.4,True,True,True
b0dac798-03f9-500b-bd60-e484ad1b5b01,38bb9fdb-7d90-55a0-98d8-f9935f1aec70,2025-06-25 08:14:00+01:00,2025-06-25 08:42:00+01:00,25,home,Berlin,,DE,office,Berlin,,DE,commute,,public_transport,,9.39,True,True,True
b1da10de-33e2-5d6c-bcfa-383db6da0b09,38bb9fdb-7d90-55a0-98d8-f9935f1aec70,2025-06-25 17:50:00+01:00,2025-06-25 18:16:00+01:00,25,office,Berlin,,DE,home,Berlin,,DE,home_return,,public_transport,,9.54,True,True,True
ee423ddf-4331-5384-8e4a-6c4d8f05faba,38bb9fdb-7d90-55a0-98d8-f9935f1aec70,2025-06-26 08:18:00+01:00,2025-06-26 08:40:00+01:00,21,home,Berlin,,DE,office,Berlin,,DE,commute,,public_transport,,7.95,True,True,True
1a773ef9-200e-5310-94ce-706974497187,38bb9fdb-7d90-55a0-98d8-f9935f1aec70,2025-06-26 17:57:00+01:00,2025-06-26 18:22:00+01:00,20,office,Berlin,,DE,home,Berlin,,DE,home_return,,public_transport,,8.94,True,True,True
db7e7720-3a64-5a5f-8295-b65806b6f2c7,38bb9fdb-7d90-55a0-98d8-f9935f1aec70,2025-06-27 07:47:00+01:00,2025-06-27 08:13:00+01:00,25,home,Berlin,,DE,office,Berlin,,DE,commute,,public_transport,,8.66,True,True,True
9ebbebbc-df61-5b6b-ae2f-e5273ec9529d,38bb9fdb-7d90-55a0-98d8-f9935f1aec70,2025-06-27 17:35:00+01:00,2025-06-27 18:03:00+01:00,25,office,Berlin,,DE,home,Berlin,,DE,home_return,,public_transport,,9.58,True,True,True
fb2f4b04-088e-5e67-b0ef-bb6b6801492c,38bb9fdb-7d90-55a0-98d8-f9935f1aec70,2025-06-28 10:45:00+01:00,2025-06-28 11:06:00+01:00,20,home,Berlin,,DE,city_center,Berlin,,DE,shopping,,public_transport,,6.87,False,True,False
f12a65a6-888a-512d-82b2-1adaec677ae1,38bb9fdb-7d90-55a0-98d8-f9935f1aec70,2025-06-28 15:08:00+01:00,2025-06-28 15:30:00+01:00,18,city_center,Berlin,,DE,home,Berlin,,DE,home_return,,public_transport,,6.76,False,True,False
fd3bae89-c0d5-54f6-82c7-4adc34e22fbe,38bb9fdb-7d90-55a0-98d8-f9935f1aec70,2025-06-30 08:16:00+01:00,2025-06-30 08:39:00+01:00,19,home,Berlin,,DE,office,Berlin,,DE,commute,,public_transport,,8.04,True,True,True
0ee786f6-55d6-5624-bde7-ff1c1a50500c,38bb9fdb-7d90-55a0-98d8-f9935f1aec70,2025-06-30 17:50:00+01:00,2025-06-30 18:17:00+01:00,23,office,Berlin,,DE,home,Berlin,,DE,home_return,,public_transport,,8.51,True,True,True
58abdcfa-fdf7-5d0d-bfaf-5faab3570bea,38bb9fdb-7d90-55a0-98d8-f9935f1aec70,2025-07-01 08:10:00+01:00,2025-07-01 08:35:00+01:00,22,home,Berlin,,DE,office,Berlin,,DE,commute,,public_transport,,8.46,True,True,True
571f11ad-dfc3-5f3c-9cc3-7effa2283a90,38bb9fdb-7d90-55a0-98d8-f9935f1aec70,2025-07-01 17:41:00+01:00,2025-07-01 18:08:00+01:00,25,office,Berlin,,DE,home,Berlin,,DE,home_return,,public_transport,,8.47,True,True,True
5f2c3bb8-fef7-5d59-8e41-7b9dad5c0636,38bb9fdb-7d90-55a0-98d8-f9935f1aec70,2025-07-02 07:44:00+01:00,2025-07-02 08:11:00+01:00,26,home,Berlin,,DE,office,Berlin,,DE,commute,,public_transport,,9.27,True,True,True
6b69f59e-6e9a-57bc-92b6-5a99ecfebff4,38bb9fdb-7d90-55a0-98d8-f9935f1aec70,2025-07-02 17:49:00+01:00,2025-07-02 18:19:00+01:00,25,office,Berlin,,DE,home,Berlin,,DE,home_return,,public_transport,,8.99,True,True,True
0c35aea6-e972-538d-a330-894c96720306,38bb9fdb-7d90-55a0-98d8-f9935f1aec70,2025-07-03 07:49:00+01:00,2025-07-03 08:17:00+01:00,23,home,Berlin,,DE,office,Berlin,,DE,commute,,public_transport,,9.03,True,True,True
ce230e3b-43e1-5593-a4c2-aea1b7f169f4,38bb9fdb-7d90-55a0-98d8-f9935f1aec70,2025-07-03 17:29:00+01:00,2025-07-03 17:53:00+01:00,21,office,Berlin,,DE,home,Berlin,,DE,home_return,,public_transport,,8.31,True,True,True
3a32182f-66fb-5bac-8dae-b2cd587f1689,38bb9fdb-7d90-55a0-98d8-f9935f1aec70,2025-07-04 08:19:00+01:00,2025-07-04 08:46:00+01:00,25,home,Berlin,,DE,office,Berlin,,DE,commute,,public_transport,,9.37,True,True,True
a56b2f4e-5586-5aa2-9b27-9dab4b29c18a,38bb9fdb-7d90-55a0-98d8-f9935f1aec70,2025-07-04 18:00:00+01:00,2025-07-04 18:27:00+01:00,25,office,Berlin,,DE,home,Berlin,,DE,home_return,,public_transport,,8.53,True,True,True
cfe4a55d-ade7-508c-b459-3801f1d304b2,38bb9fdb-7d90-55a0-98d8-f9935f1aec70,2025-07-05 10:29:00+01:00,2025-07-05 10:46:00+01:00,16,home,Berlin,,DE,city_center,Berlin,,DE,errands,,public_transport,,4.32,False,True,False
60866703-d930-58aa-a06f-e6b01167bf85,38bb9fdb-7d90-55a0-98d8-f9935f1aec70,2025-07-05 16:06:00+01:00,2025-07-05 16:27:00+01:00,17,city_center,Berlin,,DE,home,Berlin,,DE,home_return,,public_transport,,4.41,False,True,False
b05fc5bf-19e5-5db4-8f04-9baff7f4da1c,38bb9fdb-7d90-55a0-98d8-f9935f1aec70,2025-07-09 07:56:00+01:00,2025-07-09 08:24:00+01:00,24,home,Berlin,,DE,office,Berlin,,DE,commute,,public_transport,,8.53,True,True,True
8714a6eb-ce6d-5cb3-bbc0-b67700f8e4f2,38bb9fdb-7d90-55a0-98d8-f9935f1aec70,2025-07-09 17:41:00+01:00,2025-07-09 18:04:00+01:00,20,office,Berlin,,DE,home,Berlin,,DE,home_return,,public_transport,,8.36,True,True,True
20748f9f-d57d-5367-93bb-ecc4de0b945d,38bb9fdb-7d90-55a0-98d8-f9935f1aec70,2025-07-10 08:02:00+01:00,2025-07-10 08:28:00+01:00,21,home,Berlin,,DE,office,Berlin,,DE,commute,,public_transport,,8.35,True,True,True
d4b9d4a3-1755-5757-9de2-4421a022710a,38bb9fdb-7d90-55a0-98d8-f9935f1aec70,2025-07-10 17:28:00+01:00,2025-07-10 17:51:00+01:00,20,office,Berlin,,DE,home,Berlin,,DE,home_return,,public_transport,,9.12,True,True,True
7d0d766c-9fe3-5aad-b6bc-1606d748d1fc,38bb9fdb-7d90-55a0-98d8-f9935f1aec70,2025-07-11 07:47:00+01:00,2025-07-11 08:14:00+01:00,24,home,Berlin,,DE,office,Berlin,,DE,commute,,public_transport,,9.21,True,True,True
987a35ef-92d6-568e-a54a-e6be7e0e1bc2,38bb9fdb-7d90-55a0-98d8-f9935f1aec70,2025-07-11 17:30:00+01:00,2025-07-11 17:55:00+01:00,21,office,Berlin,,DE,home,Berlin,,DE,home_return,,public_transport,,8.62,True,True,True
28be85ac-d6c7-5699-a48e-acfd5ad5c285,38bb9fdb-7d90-55a0-98d8-f9935f1aec70,2025-07-11 12:20:00+01:00,2025-07-11 12:52:00+01:00,32,office,Berlin,,DE,supermarket,Berlin,,DE,errands,,walking,,2.7,False,False,False
01231ef4-4bcc-5139-a8ec-dbf7aaea4ce4,38bb9fdb-7d90-55a0-98d8-f9935f1aec70,2025-07-12 10:07:00+01:00,2025-07-12 10:40:00+01:00,28,home,Berlin,,DE,city_center,Berlin,,DE,social,,public_transport,,9.35,False,True,False
1fbb0656-0263-59c2-abc7-680b9db889c6,38bb9fdb-7d90-55a0-98d8-f9935f1aec70,2025-07-12 16:16:00+01:00,2025-07-12 16:46:00+01:00,27,city_center,Berlin,,DE,home,Berlin,,DE,home_return,,public_transport,,9.24,False,True,False
42f67687-852b-57a4-b42e-9077298e9d32,38bb9fdb-7d90-55a0-98d8-f9935f1aec70,2025-07-13 11:51:00+01:00,2025-07-13 12:13:00+01:00,18,home,Berlin,,DE,city_center,Berlin,,DE,errands,,public_transport,,6.93,False,True,False
62e48244-741a-5732-881f-bec6d46b8496,38bb9fdb-7d90-55a0-98d8-f9935f1aec70,2025-07-13 16:41:00+01:00,2025-07-13 17:08:00+01:00,22,city_center,Berlin,,DE,home,Berlin,,DE,home_return,,public_transport,,7.17,False,True,False
3cef7188-6e47-5631-b118-304ee4cf8639,38bb9fdb-7d90-55a0-98d8-f9935f1aec70,2025-07-16 08:04:00+01:00,2025-07-16 08:31:00+01:00,22,home,Berlin,,DE,office,Berlin,,DE,commute,,public_transport,,8.32,True,True,True
c58005d5-7f9d-5648-b699-5fb3e59dcbed,38bb9fdb-7d90-55a0-98d8-f9935f1aec70,2025-07-16 17:26:00+01:00,2025-07-16 17:51:00+01:00,23,office,Berlin,,DE,home,Berlin,,DE,home_return,,public_transport,,8.84,True,True,True
b5c84553-538e-5735-bc80-5f6fde44ce88,38bb9fdb-7d90-55a0-98d8-f9935f1aec70,2025-07-18 08:10:00+01:00,2025-07-18 08:40:00+01:00,25,home,Berlin,,DE,office,Berlin,,DE,commute,,public_transport,,8.48,True,True,True
01867f71-9041-5715-8d10-90f5566e4e2b,38bb9fdb-7d90-55a0-98d8-f9935f1aec70,2025-07-18 17:49:00+01:00,2025-07-18 18:15:00+01:00,22,office,Berlin,,DE,home,Berlin,,DE,home_return,,public_transport,,9.36,True,True,True
1693548a-e652-5912-b457-33e3fe1c6d2f,38bb9fdb-7d90-55a0-98d8-f9935f1aec70,2025-07-18 12:22:00+01:00,2025-07-18 12:53:00+01:00,31,office,Berlin,,DE,supermarket,Berlin,,DE,errands,,walking,,2.6,False,False,False
b8ccb3ad-017b-5eb6-9e89-f25142f0d887,38bb9fdb-7d90-55a0-98d8-f9935f1aec70,2025-07-19 11:15:00+01:00,2025-07-19 11:42:00+01:00,22,home,Berlin,,DE,city_center,Berlin,,DE,shopping,,public_transport,,8.2,False,True,False
59f8d1e6-909e-5961-a62c-cb7326c39ea8,38bb9fdb-7d90-55a0-98d8-f9935f1aec70,2025-07-19 15:17:00+01:00,2025-07-19 15:40:00+01:00,22,city_center,Berlin,,DE,home,Berlin,,DE,home_return,,public_transport,,8.22,False,True,False
d7ea0a60-3847-5553-8e00-6fd3992ff7ee,38bb9fdb-7d90-55a0-98d8-f9935f1aec70,2025-07-21 07:40:00+01:00,2025-07-21 08:00:00+01:00,19,home,Berlin,,DE,office,Berlin,,DE,commute,,public_transport,,8.1,True,True,True
6a6b3003-6697-5b7d-8bba-6398b8519b49,38bb9fdb-7d90-55a0-98d8-f9935f1aec70,2025-07-21 17:51:00+01:00,2025-07-21 18:14:00+01:00,21,office,Berlin,,DE,home,Berlin,,DE,home_return,,public_transport,,8.24,True,True,True
92b132c5-b6a2-50bf-98b5-4263188010e1,38bb9fdb-7d90-55a0-98d8-f9935f1aec70,2025-07-23 08:05:00+01:00,2025-07-23 08:33:00+01:00,23,home,Berlin,,DE,office,Berlin,,DE,commute,,public_transport,,8.94,True,True,True
75a43196-96e1-519f-962f-d567ef99b075,38bb9fdb-7d90-55a0-98d8-f9935f1aec70,2025-07-23 17:35:00+01:00,2025-07-23 18:04:00+01:00,24,office,Berlin,,DE,home,Berlin,,DE,home_return,,public_transport,,8.73,True,True,True
77e30253-d375-5f0b-8ea8-39b15bd7b95b,38bb9fdb-7d90-55a0-98d8-f9935f1aec70,2025-07-24 07:47:00+01:00,2025-07-24 08:11:00+01:00,22,home,Berlin,,DE,office,Berlin,,DE,commute,,public_transport,,9.19,True,True,True
e94b47a8-f58d-5702-a7f1-51814735a16c,38bb9fdb-7d90-55a0-98d8-f9935f1aec70,2025-07-24 17:50:00+01:00,2025-07-24 18:12:00+01:00,21,office,Berlin,,DE,home,Berlin,,DE,home_return,,public_transport,,8.69,True,True,True
b5844f1d-c5d0-5b1c-bddc-cffe2ca21b9d,38bb9fdb-7d90-55a0-98d8-f9935f1aec70,2025-07-25 12:44:00+01:00,2025-07-25 13:01:00+01:00,17,office,Berlin,,DE,supermarket,Berlin,,DE,errands,,walking,,1.4,False,False,False
e337c73e-2daf-500c-8071-6c8850ef6fe3,38bb9fdb-7d90-55a0-98d8-f9935f1aec70,2025-07-26 10:10:00+01:00,2025-07-26 10:31:00+01:00,17,home,Berlin,,DE,city_center,Berlin,,DE,shopping,,public_transport,,4.74,False,True,False
d699d458-192b-502b-894f-e589d6c58d19,38bb9fdb-7d90-55a0-98d8-f9935f1aec70,2025-07-26 16:06:00+01:00,2025-07-26 16:27:00+01:00,20,city_center,Berlin,,DE,home,Berlin,,DE,home_return,,public_transport,,4.97,False,True,False
f9916ddf-640c-5784-873d-6f146d9df284,38bb9fdb-7d90-55a0-98d8-f9935f1aec70,2025-07-28 07:52:00+01:00,2025-07-28 08:21:00+01:00,24,home,Berlin,,DE,office,Berlin,,DE,commute,,public_transport,,8.78,True,True,True
b68e4b33-ccb8-5fe4-92ea-d65cd7f7b862,38bb9fdb-7d90-55a0-98d8-f9935f1aec70,2025-07-28 17:38:00+01:00,2025-07-28 18:04:00+01:00,21,office,Berlin,,DE,home,Berlin,,DE,home_return,,public_transport,,8.0,True,True,True
7ef2cda2-29c4-5c59-a82a-3274017454da,38bb9fdb-7d90-55a0-98d8-f9935f1aec70,2025-07-28 12:15:00+01:00,2025-07-28 12:35:00+01:00,20,office,Berlin,,DE,supermarket,Berlin,,DE,errands,,walking,,1.7,False,False,False
97e63b7c-7f6f-5804-b8ce-ac12944d2bc0,38bb9fdb-7d90-55a0-98d8-f9935f1aec70,2025-07-30 08:05:00+01:00,2025-07-30 08:32:00+01:00,26,home,Berlin,,DE,office,Berlin,,DE,commute,,public_transport,,9.25,True,True,True
12fe5954-bac4-5840-aa49-7e0617d7bf19,38bb9fdb-7d90-55a0-98d8-f9935f1aec70,2025-07-30 17:46:00+01:00,2025-07-30 18:13:00+01:00,24,office,Berlin,,DE,home,Berlin,,DE,home_return,,public_transport,,8.99,True,True,True
725e7595-bfc1-550d-9a8c-859ca2aa73ed,38bb9fdb-7d90-55a0-98d8-f9935f1aec70,2025-08-01 07:40:00+01:00,2025-08-01 08:03:00+01:00,22,home,Berlin,,DE,office,Berlin,,DE,commute,,public_transport,,8.63,True,True,True
28e35fff-bb9f-5d4f-9e59-cd7d3e425611,38bb9fdb-7d90-55a0-98d8-f9935f1aec70,2025-08-01 17:21:00+01:00,2025-08-01 17:50:00+01:00,26,office,Berlin,,DE,home,Berlin,,DE,home_return,,public_transport,,9.08,True,True,True
192c74f8-a49f-524a-912c-f13ba2eac843,38bb9fdb-7d90-55a0-98d8-f9935f1aec70,2025-08-04 07:55:00+01:00,2025-08-04 08:26:00+01:00,27,home,Berlin,,DE,office,Berlin,,DE,commute,,public_transport,,9.15,True,True,True
5c55a9fd-4f33-5904-91d6-116db05dc486,38bb9fdb-7d90-55a0-98d8-f9935f1aec70,2025-08-04 17:55:00+01:00,2025-08-04 18:17:00+01:00,21,office,Berlin,,DE,home,Berlin,,DE,home_return,,public_transport,,9.23,True,True,True
0772b369-38b5-54d6-8af6-f84abd661874,38bb9fdb-7d90-55a0-98d8-f9935f1aec70,2025-08-06 08:02:00+01:00,2025-08-06 08:25:00+01:00,20,home,Berlin,,DE,office,Berlin,,DE,commute,,public_transport,,8.36,True,True,True
d31769fa-3ed9-566a-9bca-5bc1b5fd97d0,38bb9fdb-7d90-55a0-98d8-f9935f1aec70,2025-08-06 17:43:00+01:00,2025-08-06 18:11:00+01:00,23,office,Berlin,,DE,home,Berlin,,DE,home_return,,public_transport,,8.26,True,True,True
f3b37630-7032-5d00-b1ea-d85d93e86728,38bb9fdb-7d90-55a0-98d8-f9935f1aec70,2025-08-07 07:57:00+01:00,2025-08-07 08:24:00+01:00,25,home,Berlin,,DE,office,Berlin,,DE,commute,,public_transport,,9.53,True,True,True
43f1f03d-d97e-511a-9439-3b83311d40da,38bb9fdb-7d90-55a0-98d8-f9935f1aec70,2025-08-07 17:47:00+01:00,2025-08-07 18:09:00+01:00,20,office,Berlin,,DE,home,Berlin,,DE,home_return,,public_transport,,8.11,True,True,True
c3672a99-0488-563e-ba7a-b69282c73676,38bb9fdb-7d90-55a0-98d8-f9935f1aec70,2025-08-08 07:46:00+01:00,2025-08-08 08:10:00+01:00,20,home,Berlin,,DE,office,Berlin,,DE,commute,,public_transport,,8.13,True,True,True
c97990b6-7924-57e4-a4b0-989d95313fb3,38bb9fdb-7d90-55a0-98d8-f9935f1aec70,2025-08-08 17:34:00+01:00,2025-08-08 18:02:00+01:00,25,office,Berlin,,DE,home,Berlin,,DE,home_return,,public_transport,,9.41,True,True,True
fb275d77-1e07-5439-9b60-ffcb1be6a112,38bb9fdb-7d90-55a0-98d8-f9935f1aec70,2025-08-11 08:12:00+01:00,2025-08-11 08:36:00+01:00,19,home,Berlin,,DE,office,Berlin,,DE,commute,,public_transport,,8.53,True,True,True
9cbcc02d-d8c0-50eb-8176-36eb5409882b,38bb9fdb-7d90-55a0-98d8-f9935f1aec70,2025-08-11 17:27:00+01:00,2025-08-11 17:54:00+01:00,22,office,Berlin,,DE,home,Berlin,,DE,home_return,,public_transport,,8.8,True,True,True
87d15a31-aa82-580c-b486-dcdcc2ee5865,38bb9fdb-7d90-55a0-98d8-f9935f1aec70,2025-08-12 07:47:00+01:00,2025-08-12 08:09:00+01:00,21,home,Berlin,,DE,office,Berlin,,DE,commute,,public_transport,,8.51,True,True,True
675560bd-605f-5210-a704-e66a6814f33a,38bb9fdb-7d90-55a0-98d8-f9935f1aec70,2025-08-12 17:37:00+01:00,2025-08-12 18:00:00+01:00,20,office,Berlin,,DE,home,Berlin,,DE,home_return,,public_transport,,8.15,True,True,True
cab09e28-f3e4-57ac-9241-70b6b238ba5a,38bb9fdb-7d90-55a0-98d8-f9935f1aec70,2025-08-15 08:03:00+01:00,2025-08-15 08:27:00+01:00,20,home,Berlin,,DE,office,Berlin,,DE,commute,,public_transport,,8.5,True,True,True
6230721b-c8fb-58cd-beaa-2f1e42318fb7,38bb9fdb-7d90-55a0-98d8-f9935f1aec70,2025-08-15 17:36:00+01:00,2025-08-15 18:03:00+01:00,24,office,Berlin,,DE,home,Berlin,,DE,home_return,,public_transport,,8.46,True,True,True
8069691c-86a7-59dd-8ee7-14a2a2091995,38bb9fdb-7d90-55a0-98d8-f9935f1aec70,2025-08-17 11:00:00+01:00,2025-08-17 11:23:00+01:00,19,home,Berlin,,DE,city_center,Berlin,,DE,social,,public_transport,,8.12,False,True,False
b732ff5b-52db-50c1-b7b5-39656c227563,38bb9fdb-7d90-55a0-98d8-f9935f1aec70,2025-08-17 16:54:00+01:00,2025-08-17 17:21:00+01:00,24,city_center,Berlin,,DE,home,Berlin,,DE,home_return,,public_transport,,8.52,False,True,False
c8cefd7d-697f-5822-8eab-628d35e3fae0,38bb9fdb-7d90-55a0-98d8-f9935f1aec70,2025-08-19 07:50:00+01:00,2025-08-19 08:19:00+01:00,25,home,Berlin,,DE,office,Berlin,,DE,commute,,public_transport,,8.91,True,True,True
42d79fce-5c59-5db1-94a2-a6f97c5fc0bb,38bb9fdb-7d90-55a0-98d8-f9935f1aec70,2025-08-19 17:47:00+01:00,2025-08-19 18:13:00+01:00,21,office,Berlin,,DE,home,Berlin,,DE,home_return,,public_transport,,8.11,True,True,True
e33c4a39-2d9e-5bfd-834d-8dbcad54be6a,38bb9fdb-7d90-55a0-98d8-f9935f1aec70,2025-08-21 08:18:00+01:00,2025-08-21 08:45:00+01:00,22,home,Berlin,,DE,office,Berlin,,DE,commute,,public_transport,,8.99,True,True,True
04d6279f-387d-59cb-9048-24da44f56ea0,38bb9fdb-7d90-55a0-98d8-f9935f1aec70,2025-08-21 17:22:00+01:00,2025-08-21 17:52:00+01:00,26,office,Berlin,,DE,home,Berlin,,DE,home_return,,public_transport,,9.41,True,True,True
8a119ccb-9f99-52de-b95b-b341bc9a052c,38bb9fdb-7d90-55a0-98d8-f9935f1aec70,2025-08-23 10:53:00+01:00,2025-08-23 11:07:00+01:00,13,home,Berlin,,DE,city_center,Berlin,,DE,shopping,,public_transport,,3.86,False,True,False
c6159dc4-9cf6-5e7a-baa2-1bae891aa156,38bb9fdb-7d90-55a0-98d8-f9935f1aec70,2025-08-23 15:43:00+01:00,2025-08-23 16:01:00+01:00,15,city_center,Berlin,,DE,home,Berlin,,DE,home_return,,public_transport,,4.01,False,True,False
73487d7f-1408-5ad2-859b-7c4d628eb261,38bb9fdb-7d90-55a0-98d8-f9935f1aec70,2025-08-25 08:03:00+01:00,2025-08-25 08:30:00+01:00,23,home,Berlin,,DE,office,Berlin,,DE,commute,,public_transport,,9.4,True,True,True
e6d70958-1c1d-5010-8aed-d12d4a4ec2d1,38bb9fdb-7d90-55a0-98d8-f9935f1aec70,2025-08-25 17:01:00+01:00,2025-08-25 17:26:00+01:00,22,office,Berlin,,DE,home,Berlin,,DE,home_return,,public_transport,,8.36,True,True,True
d8018712-29be-5d40-9482-3df99a7b2f99,38bb9fdb-7d90-55a0-98d8-f9935f1aec70,2025-08-27 12:32:00+01:00,2025-08-27 13:15:00+01:00,43,office,Berlin,,DE,supermarket,Berlin,,DE,errands,,walking,,3.6,False,False,False
c90ea531-61a9-5c4b-9361-c52e17954ac8,38bb9fdb-7d90-55a0-98d8-f9935f1aec70,2025-08-28 07:45:00+01:00,2025-08-28 08:10:00+01:00,24,home,Berlin,,DE,office,Berlin,,DE,commute,,public_transport,,8.95,True,True,True
e191992e-4d12-5635-b252-a2b3561cd08b,38bb9fdb-7d90-55a0-98d8-f9935f1aec70,2025-08-28 17:19:00+01:00,2025-08-28 17:48:00+01:00,25,office,Berlin,,DE,home,Berlin,,DE,home_return,,public_transport,,9.57,True,True,True
b708e8a9-8de8-5287-ab4a-76fb65c2788e,38bb9fdb-7d90-55a0-98d8-f9935f1aec70,2025-08-28 12:15:00+01:00,2025-08-28 12:57:00+01:00,42,office,Berlin,,DE,supermarket,Berlin,,DE,errands,,walking,,3.5,False,False,False
55e1e14f-6035-58bc-9420-d6d760fa33b7,38bb9fdb-7d90-55a0-98d8-f9935f1aec70,2025-08-29 08:10:00+01:00,2025-08-29 08:39:00+01:00,26,home,Berlin,,DE,office,Berlin,,DE,commute,,public_transport,,9.63,True,True,True
8991e8a5-a20a-530d-b795-c40a37a53e99,38bb9fdb-7d90-55a0-98d8-f9935f1aec70,2025-08-29 18:00:00+01:00,2025-08-29 18:25:00+01:00,20,office,Berlin,,DE,home,Berlin,,DE,home_return,,public_transport,,8.07,True,True,True
f369d420-4ee4-530d-aec6-c40c9ae35f95,38bb9fdb-7d90-55a0-98d8-f9935f1aec70,2025-08-31 11:56:00+01:00,2025-08-31 12:18:00+01:00,21,home,Berlin,,DE,city_center,Berlin,,DE,shopping,,public_transport,,7.3,False,True,False
7a1c3e0d-a286-5d00-ab87-f7af4ba6721d,38bb9fdb-7d90-55a0-98d8-f9935f1aec70,2025-08-31 15:46:00+01:00,2025-08-31 16:04:00+01:00,17,city_center,Berlin,,DE,home,Berlin,,DE,home_return,,public_transport,,6.96,False,True,False
0fd8ecd3-cd70-57bf-acbb-844b1c08866e,38bb9fdb-7d90-55a0-98d8-f9935f1aec70,2025-09-01 08:02:00+01:00,2025-09-01 08:32:00+01:00,26,home,Berlin,,DE,office,Berlin,,DE,commute,,public_transport,,9.55,True,True,True
3f32b268-8369-5c76-a404-fbbb359b1fed,38bb9fdb-7d90-55a0-98d8-f9935f1aec70,2025-09-01 17:00:00+01:00,2025-09-01 17:27:00+01:00,22,office,Berlin,,DE,home,Berlin,,DE,home_return,,public_transport,,8.77,True,True,True
f98a29ff-ff56-5f4a-babf-cb22b84c8170,38bb9fdb-7d90-55a0-98d8-f9935f1aec70,2025-09-01 12:28:00+01:00,2025-09-01 12:53:00+01:00,25,office,Berlin,,DE,supermarket,Berlin,,DE,errands,,walking,,2.1,False,False,False
89766a15-7119-5e09-88f4-4dbc6e829e3b,38bb9fdb-7d90-55a0-98d8-f9935f1aec70,2025-09-02 08:04:00+01:00,2025-09-02 08:25:00+01:00,20,home,Berlin,,DE,office,Berlin,,DE,commute,,public_transport,,8.26,True,True,True
fa04e25d-8687-5933-a1d1-3c8e9f0301eb,38bb9fdb-7d90-55a0-98d8-f9935f1aec70,2025-09-02 17:48:00+01:00,2025-09-02 18:13:00+01:00,22,office,Berlin,,DE,home,Berlin,,DE,home_return,,public_transport,,8.34,True,True,True
36e17e3c-b5bc-5756-a78f-5f7dfcae3d7f,38bb9fdb-7d90-55a0-98d8-f9935f1aec70,2025-09-03 07:44:00+01:00,2025-09-03 08:10:00+01:00,22,home,Berlin,,DE,office,Berlin,,DE,commute,,public_transport,,8.63,True,True,True
683d4704-a938-5952-b76d-698575cc4ba4,38bb9fdb-7d90-55a0-98d8-f9935f1aec70,2025-09-03 17:39:00+01:00,2025-09-03 18:01:00+01:00,20,office,Berlin,,DE,home,Berlin,,DE,home_return,,public_transport,,8.19,True,True,True
ad6df8c3-cfb4-5e15-bd1b-bffc3f59f95e,38bb9fdb-7d90-55a0-98d8-f9935f1aec70,2025-09-04 07:57:00+01:00,2025-09-04 08:18:00+01:00,20,home,Berlin,,DE,office,Berlin,,DE,commute,,public_transport,,8.03,True,True,True
a4fd2d82-6c55-5299-a74b-8b11ac741dd8,38bb9fdb-7d90-55a0-98d8-f9935f1aec70,2025-09-04 17:31:00+01:00,2025-09-04 17:58:00+01:00,23,office,Berlin,,DE,home,Berlin,,DE,home_return,,public_transport,,8.41,True,True,True
c6b9d77d-a4c3-57ba-9db9-f5be9b89a9ee,38bb9fdb-7d90-55a0-98d8-f9935f1aec70,2025-09-05 07:49:00+01:00,2025-09-05 08:14:00+01:00,24,home,Berlin,,DE,office,Berlin,,DE,commute,,public_transport,,8.66,True,True,True
7c291784-b3df-52b6-9c51-c92e4111f07d,38bb9fdb-7d90-55a0-98d8-f9935f1aec70,2025-09-05 17:57:00+01:00,2025-09-05 18:19:00+01:00,21,office,Berlin,,DE,home,Berlin,,DE,home_return,,public_transport,,8.27,True,True,True
4a1ee9d2-4607-50eb-8cd2-eccef19ec82a,38bb9fdb-7d90-55a0-98d8-f9935f1aec70,2025-09-06 10:31:00+01:00,2025-09-06 10:56:00+01:00,21,home,Berlin,,DE,city_center,Berlin,,DE,errands,,public_transport,,8.1,False,True,False
6d4372de-a5b4-54c7-8402-d5241e46d29b,38bb9fdb-7d90-55a0-98d8-f9935f1aec70,2025-09-06 15:12:00+01:00,2025-09-06 15:39:00+01:00,23,city_center,Berlin,,DE,home,Berlin,,DE,home_return,,public_transport,,8.35,False,True,False
57470bf4-3dc1-5526-b14c-34593e3e7386,38bb9fdb-7d90-55a0-98d8-f9935f1aec70,2025-09-08 07:42:00+01:00,2025-09-08 08:04:00+01:00,21,home,Berlin,,DE,office,Berlin,,DE,commute,,public_transport,,8.17,True,True,True
8ad2414a-4854-5d7a-9c4e-4af187ab76c1,38bb9fdb-7d90-55a0-98d8-f9935f1aec70,2025-09-08 17:12:00+01:00,2025-09-08 17:38:00+01:00,24,office,Berlin,,DE,home,Berlin,,DE,home_return,,public_transport,,9.03,True,True,True
e802c450-0be2-5ae0-a296-694e3afbca39,38bb9fdb-7d90-55a0-98d8-f9935f1aec70,2025-09-09 07:57:00+01:00,2025-09-09 08:18:00+01:00,19,home,Berlin,,DE,office,Berlin,,DE,commute,,public_transport,,7.78,True,True,True
2960b547-55b1-5d3d-8e94-419e748472fb,38bb9fdb-7d90-55a0-98d8-f9935f1aec70,2025-09-09 17:50:00+01:00,2025-09-09 18:14:00+01:00,22,office,Berlin,,DE,home,Berlin,,DE,home_return,,public_transport,,8.1,True,True,True
6bbfe2fc-b850-5858-b28a-a7ae91228df4,38bb9fdb-7d90-55a0-98d8-f9935f1aec70,2025-09-09 12:17:00+01:00,2025-09-09 12:35:00+01:00,18,office,Berlin,,DE,supermarket,Berlin,,DE,errands,,walking,,1.5,False,False,False
41f8a4e5-2593-550e-a96e-46d363dbd5c1,38bb9fdb-7d90-55a0-98d8-f9935f1aec70,2025-09-10 08:20:00+01:00,2025-09-10 08:47:00+01:00,25,home,Berlin,,DE,office,Berlin,,DE,commute,,public_transport,,9.57,True,True,True
0e7624ad-3a8a-5383-a82c-57fc5dbf963b,38bb9fdb-7d90-55a0-98d8-f9935f1aec70,2025-09-10 17:08:00+01:00,2025-09-10 17:37:00+01:00,24,office,Berlin,,DE,home,Berlin,,DE,home_return,,public_transport,,9.32,True,True,True
4320502b-2641-5592-90cc-cf5dd67d788d,38bb9fdb-7d90-55a0-98d8-f9935f1aec70,2025-09-11 07:52:00+01:00,2025-09-11 08:15:00+01:00,21,home,Berlin,,DE,office,Berlin,,DE,commute,,public_transport,,8.55,True,True,True
03820791-9758-5c18-be8c-fe9ac91a9af5,38bb9fdb-7d90-55a0-98d8-f9935f1aec70,2025-09-11 17:45:00+01:00,2025-09-11 18:08:00+01:00,19,office,Berlin,,DE,home,Berlin,,DE,home_return,,public_transport,,7.86,True,True,True
2bb5caf0-cb0e-5de8-afa5-5ce050c733fe,38bb9fdb-7d90-55a0-98d8-f9935f1aec70,2025-09-12 07:57:00+01:00,2025-09-12 08:24:00+01:00,22,home,Berlin,,DE,office,Berlin,,DE,commute,,public_transport,,9.07,True,True,True
b6bb62e8-4b08-5456-910e-7e0985ebb4ad,38bb9fdb-7d90-55a0-98d8-f9935f1aec70,2025-09-12 17:28:00+01:00,2025-09-12 17:53:00+01:00,22,office,Berlin,,DE,home,Berlin,,DE,home_return,,public_transport,,8.74,True,True,True
2e925cca-214f-54bc-98d2-8711ab815d65,38bb9fdb-7d90-55a0-98d8-f9935f1aec70,2025-09-13 11:19:00+01:00,2025-09-13 11:43:00+01:00,22,home,Berlin,,DE,city_center,Berlin,,DE,leisure,,public_transport,,7.94,False,True,False
7e3f7cb8-03cf-5b41-8cde-1e4a9b1ca13e,38bb9fdb-7d90-55a0-98d8-f9935f1aec70,2025-09-13 15:08:00+01:00,2025-09-13 15:32:00+01:00,20,city_center,Berlin,,DE,home,Berlin,,DE,home_return,,public_transport,,7.8,False,True,False
94434f98-0041-5245-a7e4-f13772ffef20,38bb9fdb-7d90-55a0-98d8-f9935f1aec70,2025-09-15 07:58:00+01:00,2025-09-15 08:20:00+01:00,21,home,Berlin,,DE,office,Berlin,,DE,commute,,public_transport,,8.15,True,True,True
abc58cf7-092c-5811-8381-939cd0a3c5fb,38bb9fdb-7d90-55a0-98d8-f9935f1aec70,2025-09-15 17:02:00+01:00,2025-09-15 17:23:00+01:00,20,office,Berlin,,DE,home,Berlin,,DE,home_return,,public_transport,,8.78,True,True,True
b7dd0bbc-0918-574d-84f5-862c8ff5a074,38bb9fdb-7d90-55a0-98d8-f9935f1aec70,2025-09-16 08:04:00+01:00,2025-09-16 08:32:00+01:00,23,home,Berlin,,DE,office,Berlin,,DE,commute,,public_transport,,8.82,True,True,True
1dcc2ec9-8e07-5ab0-bdd6-58ff25d0b9c5,38bb9fdb-7d90-55a0-98d8-f9935f1aec70,2025-09-16 17:38:00+01:00,2025-09-16 18:02:00+01:00,22,office,Berlin,,DE,home,Berlin,,DE,home_return,,public_transport,,8.46,True,True,True
b6a5c3ed-aafa-5d05-868a-faf903976fae,38bb9fdb-7d90-55a0-98d8-f9935f1aec70,2025-09-17 08:20:00+01:00,2025-09-17 08:48:00+01:00,24,home,Berlin,,DE,office,Berlin,,DE,commute,,public_transport,,8.9,True,True,True
5dbf6e6c-b316-59a4-8d07-2432036326af,38bb9fdb-7d90-55a0-98d8-f9935f1aec70,2025-09-17 17:03:00+01:00,2025-09-17 17:28:00+01:00,24,office,Berlin,,DE,home,Berlin,,DE,home_return,,public_transport,,9.27,True,True,True
364f2bd5-d888-5371-9d80-867d8947f44d,38bb9fdb-7d90-55a0-98d8-f9935f1aec70,2025-09-19 07:54:00+01:00,2025-09-19 08:20:00+01:00,21,home,Berlin,,DE,office,Berlin,,DE,commute,,public_transport,,8.1,True,True,True
91d9f20b-b8d3-58a0-80be-883f7f09d5cf,38bb9fdb-7d90-55a0-98d8-f9935f1aec70,2025-09-19 18:00:00+01:00,2025-09-19 18:30:00+01:00,26,office,Berlin,,DE,home,Berlin,,DE,home_return,,public_transport,,9.11,True,True,True
82991e5e-b551-59e0-973a-b879b79dd8ab,38bb9fdb-7d90-55a0-98d8-f9935f1aec70,2025-09-22 07:46:00+01:00,2025-09-22 08:11:00+01:00,21,home,Berlin,,DE,office,Berlin,,DE,commute,,public_transport,,8.55,True,True,True
e7b4de36-0259-555c-af5f-9d862abb2d0e,38bb9fdb-7d90-55a0-98d8-f9935f1aec70,2025-09-22 17:34:00+01:00,2025-09-22 18:03:00+01:00,26,office,Berlin,,DE,home,Berlin,,DE,home_return,,public_transport,,9.19,True,True,True
dee1d8fa-4057-5d39-bb06-4316ccadb79c,38bb9fdb-7d90-55a0-98d8-f9935f1aec70,2025-09-23 08:06:00+01:00,2025-09-23 08:32:00+01:00,23,home,Berlin,,DE,office,Berlin,,DE,commute,,public_transport,,9.36,True,True,True
2545199f-b2ed-5ee0-b5ef-c73e7160c294,38bb9fdb-7d90-55a0-98d8-f9935f1aec70,2025-09-23 17:13:00+01:00,2025-09-23 17:39:00+01:00,23,office,Berlin,,DE,home,Berlin,,DE,home_return,,public_transport,,8.86,True,True,True
edb38cbb-b504-5e80-a1ac-91c8cdbb77b0,38bb9fdb-7d90-55a0-98d8-f9935f1aec70,2025-09-24 07:42:00+01:00,2025-09-24 08:07:00+01:00,20,home,Berlin,,DE,office,Berlin,,DE,commute,,public_transport,,7.89,True,True,True
81da7fd2-8403-5811-aec8-166d27394e26,38bb9fdb-7d90-55a0-98d8-f9935f1aec70,2025-09-24 17:00:00+01:00,2025-09-24 17:23:00+01:00,20,office,Berlin,,DE,home,Berlin,,DE,home_return,,public_transport,,9.12,True,True,True
c7458c2d-f450-51af-8000-ca96f98ad0ec,38bb9fdb-7d90-55a0-98d8-f9935f1aec70,2025-09-25 08:15:00+01:00,2025-09-25 08:41:00+01:00,21,home,Berlin,,DE,office,Berlin,,DE,commute,,public_transport,,8.33,True,True,True
4626cd9f-2c3c-53d0-bff0-2f635756ce34,38bb9fdb-7d90-55a0-98d8-f9935f1aec70,2025-09-25 17:22:00+01:00,2025-09-25 17:47:00+01:00,20,office,Berlin,,DE,home,Berlin,,DE,home_return,,public_transport,,7.87,True,True,True
9309447a-e96f-5497-a085-7899723858bd,38bb9fdb-7d90-55a0-98d8-f9935f1aec70,2025-09-26 08:16:00+01:00,2025-09-26 08:45:00+01:00,26,home,Berlin,,DE,office,Berlin,,DE,commute,,public_transport,,9.12,True,True,True
17f10a30-1a66-59e5-971d-b40f39fe6a70,38bb9fdb-7d90-55a0-98d8-f9935f1aec70,2025-09-26 17:52:00+01:00,2025-09-26 18:16:00+01:00,23,office,Berlin,,DE,home,Berlin,,DE,home_return,,public_transport,,8.4,True,True,True
66c33d75-a7f0-5b1b-807b-d569027abf2f,38bb9fdb-7d90-55a0-98d8-f9935f1aec70,2025-09-29 12:26:00+01:00,2025-09-29 13:06:00+01:00,40,office,Berlin,,DE,supermarket,Berlin,,DE,errands,,walking,,3.3,False,False,False
375b0d85-466a-5e0b-9010-1681b0318b8a,38bb9fdb-7d90-55a0-98d8-f9935f1aec70,2025-09-30 07:47:00+01:00,2025-09-30 08:16:00+01:00,24,home,Berlin,,DE,office,Berlin,,DE,commute,,public_transport,,9.55,True,True,True
b3068f52-7d10-5821-9365-b27de2afcb0c,38bb9fdb-7d90-55a0-98d8-f9935f1aec70,2025-09-30 17:40:00+01:00,2025-09-30 18:03:00+01:00,22,office,Berlin,,DE,home,Berlin,,DE,home_return,,public_transport,,8.86,True,True,True
b06ab1cc-97f9-51a4-af00-6ff3b3d52db4,38bb9fdb-7d90-55a0-98d8-f9935f1aec70,2025-10-01 07:49:00+01:00,2025-10-01 08:20:00+01:00,27,home,Berlin,,DE,office,Berlin,,DE,commute,,public_transport,,9.4,True,True,True
ef732f12-cf1c-599a-adbf-5c23f5fbddfe,38bb9fdb-7d90-55a0-98d8-f9935f1aec70,2025-10-01 17:36:00+01:00,2025-10-01 18:02:00+01:00,23,office,Berlin,,DE,home,Berlin,,DE,home_return,,public_transport,,9.2,True,True,True
25263c9b-a1e4-5711-91c2-c7c0a9afbc7f,38bb9fdb-7d90-55a0-98d8-f9935f1aec70,2025-10-01 12:30:00+01:00,2025-10-01 12:54:00+01:00,24,office,Berlin,,DE,supermarket,Berlin,,DE,errands,,walking,,2.0,False,False,False
e0eb5828-b40e-539b-be95-01873d2366c2,38bb9fdb-7d90-55a0-98d8-f9935f1aec70,2025-10-03 07:48:00+01:00,2025-10-03 08:13:00+01:00,23,home,Berlin,,DE,office,Berlin,,DE,commute,,public_transport,,8.79,True,True,True
0d394e74-6d6a-5ffe-8589-2ccd45f6aa6e,38bb9fdb-7d90-55a0-98d8-f9935f1aec70,2025-10-03 17:12:00+01:00,2025-10-03 17:42:00+01:00,25,office,Berlin,,DE,home,Berlin,,DE,home_return,,public_transport,,9.14,True,True,True
393f0563-2067-5435-af60-9ed3423a8b7a,38bb9fdb-7d90-55a0-98d8-f9935f1aec70,2025-10-03 12:25:00+01:00,2025-10-03 13:05:00+01:00,40,office,Berlin,,DE,supermarket,Berlin,,DE,errands,,walking,,3.3,False,False,False
15fd7ce0-c45e-5b56-bd09-e748eafd5d24,38bb9fdb-7d90-55a0-98d8-f9935f1aec70,2025-10-05 10:44:00+01:00,2025-10-05 11:03:00+01:00,18,home,Berlin,,DE,city_center,Berlin,,DE,shopping,,public_transport,,5.75,False,True,False
9c0310b0-2211-5c98-87aa-9a2cb12ca4a8,38bb9fdb-7d90-55a0-98d8-f9935f1aec70,2025-10-05 15:21:00+01:00,2025-10-05 15:43:00+01:00,18,city_center,Berlin,,DE,home,Berlin,,DE,home_return,,public_transport,,5.8,False,True,False
ced77a60-3ab7-553f-b860-c67428310cdc,38bb9fdb-7d90-55a0-98d8-f9935f1aec70,2025-10-06 07:54:00+01:00,2025-10-06 08:16:00+01:00,21,home,Berlin,,DE,office,Berlin,,DE,commute,,public_transport,,9.27,True,True,True
46bf98ae-690c-5013-8551-78e1f4c14778,38bb9fdb-7d90-55a0-98d8-f9935f1aec70,2025-10-06 18:00:00+01:00,2025-10-06 18:21:00+01:00,18,office,Berlin,,DE,home,Berlin,,DE,home_return,,public_transport,,7.76,True,True,True
31c96b30-004f-575a-8fb2-d075ca72d66a,38bb9fdb-7d90-55a0-98d8-f9935f1aec70,2025-10-07 07:41:00+01:00,2025-10-07 08:05:00+01:00,22,home,Berlin,,DE,office,Berlin,,DE,commute,,public_transport,,8.7,True,True,True
34e7d9b0-3c0c-5b45-8edb-50bc479d6e93,38bb9fdb-7d90-55a0-98d8-f9935f1aec70,2025-10-07 17:16:00+01:00,2025-10-07 17:42:00+01:00,24,office,Berlin,,DE,home,Berlin,,DE,home_return,,public_transport,,8.97,True,True,True
910c7954-f27b-5936-98bb-9b0f9bb6d850,38bb9fdb-7d90-55a0-98d8-f9935f1aec70,2025-10-08 08:13:00+01:00,2025-10-08 08:36:00+01:00,20,home,Berlin,,DE,office,Berlin,,DE,commute,,public_transport,,9.2,True,True,True
8aadc2f4-2a70-516b-9f01-826765d1b501,38bb9fdb-7d90-55a0-98d8-f9935f1aec70,2025-10-08 17:17:00+01:00,2025-10-08 17:41:00+01:00,23,office,Berlin,,DE,home,Berlin,,DE,home_return,,public_transport,,9.0,True,True,True
ac29982e-9f00-5fb0-bf6d-aad627c17c94,38bb9fdb-7d90-55a0-98d8-f9935f1aec70,2025-10-09 08:03:00+01:00,2025-10-09 08:27:00+01:00,20,home,Berlin,,DE,office,Berlin,,DE,commute,,public_transport,,9.16,True,True,True
f1a2bd2e-0dfa-59d6-ac3b-353e401f529a,38bb9fdb-7d90-55a0-98d8-f9935f1aec70,2025-10-09 17:45:00+01:00,2025-10-09 18:12:00+01:00,22,office,Berlin,,DE,home,Berlin,,DE,home_return,,public_transport,,8.55,True,True,True
63014b67-0c28-5129-a952-7b80a4ef32c1,38bb9fdb-7d90-55a0-98d8-f9935f1aec70,2025-10-10 07:41:00+01:00,2025-10-10 08:08:00+01:00,24,home,Berlin,,DE,office,Berlin,,DE,commute,,public_transport,,8.83,True,True,True
29d79fe3-434c-5503-8f58-11cd818feb22,38bb9fdb-7d90-55a0-98d8-f9935f1aec70,2025-10-10 17:10:00+01:00,2025-10-10 17:37:00+01:00,24,office,Berlin,,DE,home,Berlin,,DE,home_return,,public_transport,,8.75,True,True,True
830bcd9b-443d-5a98-b3ce-39e5eb3ad2fd,38bb9fdb-7d90-55a0-98d8-f9935f1aec70,2025-10-12 11:52:00+01:00,2025-10-12 12:20:00+01:00,27,home,Berlin,,DE,city_center,Berlin,,DE,shopping,,public_transport,,8.88,False,True,False
de9f0e3b-fef3-5715-a4cb-019c4493429e,38bb9fdb-7d90-55a0-98d8-f9935f1aec70,2025-10-12 15:35:00+01:00,2025-10-12 16:02:00+01:00,23,city_center,Berlin,,DE,home,Berlin,,DE,home_return,,public_transport,,8.5,False,True,False
030be230-1f18-5222-b4d5-9267c2ac289f,38bb9fdb-7d90-55a0-98d8-f9935f1aec70,2025-10-13 08:19:00+01:00,2025-10-13 08:46:00+01:00,23,home,Berlin,,DE,office,Berlin,,DE,commute,,public_transport,,8.58,True,True,True
66ec6f1c-4c9a-5d52-bf80-da42bbcce465,38bb9fdb-7d90-55a0-98d8-f9935f1aec70,2025-10-13 17:19:00+01:00,2025-10-13 17:43:00+01:00,19,office,Berlin,,DE,home,Berlin,,DE,home_return,,public_transport,,8.02,True,True,True
12e5f7ca-7627-568c-bc3e-c9531be04d72,38bb9fdb-7d90-55a0-98d8-f9935f1aec70,2025-10-14 07:52:00+01:00,2025-10-14 08:22:00+01:00,25,home,Berlin,,DE,office,Berlin,,DE,commute,,public_transport,,9.17,True,True,True
22e79363-46b5-552f-a30e-27e07c3c73d6,38bb9fdb-7d90-55a0-98d8-f9935f1aec70,2025-10-14 17:58:00+01:00,2025-10-14 18:26:00+01:00,23,office,Berlin,,DE,home,Berlin,,DE,home_return,,public_transport,,8.72,True,True,True
96172202-ad28-5b93-8e59-b923874e5bf7,38bb9fdb-7d90-55a0-98d8-f9935f1aec70,2025-10-15 07:47:00+01:00,2025-10-15 08:16:00+01:00,27,home,Berlin,,DE,office,Berlin,,DE,commute,,public_transport,,9.75,True,True,True
f25aa06f-204d-5897-b17c-bfd31ccb20d5,38bb9fdb-7d90-55a0-98d8-f9935f1aec70,2025-10-15 17:56:00+01:00,2025-10-15 18:25:00+01:00,26,office,Berlin,,DE,home,Berlin,,DE,home_return,,public_transport,,9.38,True,True,True
d44653e8-50f5-52d4-b95e-9df7b7f684fa,38bb9fdb-7d90-55a0-98d8-f9935f1aec70,2025-10-16 07:57:00+01:00,2025-10-16 08:19:00+01:00,20,home,Berlin,,DE,office,Berlin,,DE,commute,,public_transport,,9.24,True,True,True
a44fed8a-7759-59b4-88b2-58a961949fa3,38bb9fdb-7d90-55a0-98d8-f9935f1aec70,2025-10-16 17:39:00+01:00,2025-10-16 18:06:00+01:00,22,office,Berlin,,DE,home,Berlin,,DE,home_return,,public_transport,,9.15,True,True,True
949a7335-1a1c-5b4e-b4a8-08754aa37535,38bb9fdb-7d90-55a0-98d8-f9935f1aec70,2025-10-17 08:10:00+01:00,2025-10-17 08:39:00+01:00,25,home,Berlin,,DE,office,Berlin,,DE,commute,,public_transport,,8.79,True,True,True
c4ad392d-68aa-5589-a51e-c2c85618e38d,38bb9fdb-7d90-55a0-98d8-f9935f1aec70,2025-10-17 17:54:00+01:00,2025-10-17 18:17:00+01:00,21,office,Berlin,,DE,home,Berlin,,DE,home_return,,public_transport,,8.47,True,True,True
4ad07eb0-c334-5e9d-ac5f-02cee1517a48,38bb9fdb-7d90-55a0-98d8-f9935f1aec70,2025-10-17 12:15:00+01:00,2025-10-17 12:55:00+01:00,40,office,Berlin,,DE,supermarket,Berlin,,DE,errands,,walking,,3.3,False,False,False
ae481add-4e9a-5098-8ef6-fecbc8238ec7,38bb9fdb-7d90-55a0-98d8-f9935f1aec70,2025-10-19 11:36:00+01:00,2025-10-19 12:01:00+01:00,21,home,Berlin,,DE,city_center,Berlin,,DE,social,,public_transport,,7.52,False,True,False
947271af-ac8f-5c04-b5b5-7f63ffae805b,38bb9fdb-7d90-55a0-98d8-f9935f1aec70,2025-10-19 16:02:00+01:00,2025-10-19 16:26:00+01:00,22,city_center,Berlin,,DE,home,Berlin,,DE,home_return,,public_transport,,7.62,False,True,False
5fe73b44-77e4-592f-98df-9ab37c347297,38bb9fdb-7d90-55a0-98d8-f9935f1aec70,2025-10-20 08:04:00+01:00,2025-10-20 08:32:00+01:00,23,home,Berlin,,DE,office,Berlin,,DE,commute,,public_transport,,8.97,True,True,True
3cb93cd6-d6bc-5e27-97a8-f060de239358,38bb9fdb-7d90-55a0-98d8-f9935f1aec70,2025-10-20 17:56:00+01:00,2025-10-20 18:18:00+01:00,21,office,Berlin,,DE,home,Berlin,,DE,home_return,,public_transport,,8.64,True,True,True
14c3a0ca-54bf-5da3-9048-768015cf1ee3,38bb9fdb-7d90-55a0-98d8-f9935f1aec70,2025-10-22 07:42:00+01:00,2025-10-22 08:04:00+01:00,21,home,Berlin,,DE,office,Berlin,,DE,commute,,public_transport,,8.52,True,True,True
02d15f52-e1b0-5f7b-b4a4-9e240404438c,38bb9fdb-7d90-55a0-98d8-f9935f1aec70,2025-10-22 17:56:00+01:00,2025-10-22 18:22:00+01:00,22,office,Berlin,,DE,home,Berlin,,DE,home_return,,public_transport,,8.7,True,True,True
20cb0a5b-0aa0-55df-a6f7-7961005afba6,38bb9fdb-7d90-55a0-98d8-f9935f1aec70,2025-10-23 07:49:00+01:00,2025-10-23 08:16:00+01:00,26,home,Berlin,,DE,office,Berlin,,DE,commute,,public_transport,,9.25,True,True,True
67634067-3305-5a8d-a5a2-447a39ae37fb,38bb9fdb-7d90-55a0-98d8-f9935f1aec70,2025-10-23 17:49:00+01:00,2025-10-23 18:16:00+01:00,22,office,Berlin,,DE,home,Berlin,,DE,home_return,,public_transport,,8.19,True,True,True
992f290f-52c2-582d-bd10-4397cb526884,38bb9fdb-7d90-55a0-98d8-f9935f1aec70,2025-10-24 08:17:00+01:00,2025-10-24 08:43:00+01:00,22,home,Berlin,,DE,office,Berlin,,DE,commute,,public_transport,,8.29,True,True,True
252048b4-a40e-5bdf-af51-60bb5c318e65,38bb9fdb-7d90-55a0-98d8-f9935f1aec70,2025-10-24 17:41:00+01:00,2025-10-24 18:04:00+01:00,22,office,Berlin,,DE,home,Berlin,,DE,home_return,,public_transport,,8.48,True,True,True
e9691dde-ce43-5209-9fa9-52283a2521bd,38bb9fdb-7d90-55a0-98d8-f9935f1aec70,2025-10-26 10:48:00+01:00,2025-10-26 11:12:00+01:00,22,home,Berlin,,DE,city_center,Berlin,,DE,social,,public_transport,,7.78,False,True,False
3b143a12-d7f3-507f-a247-0c1eb54fb4c8,38bb9fdb-7d90-55a0-98d8-f9935f1aec70,2025-10-26 16:12:00+01:00,2025-10-26 16:40:00+01:00,26,city_center,Berlin,,DE,home,Berlin,,DE,home_return,,public_transport,,8.1,False,True,False
848982ea-2c48-543f-bf7b-5ac4e9423334,38bb9fdb-7d90-55a0-98d8-f9935f1aec70,2025-10-27 08:06:00+01:00,2025-10-27 08:34:00+01:00,24,home,Berlin,,DE,office,Berlin,,DE,commute,,public_transport,,9.15,True,True,True
a9d3b427-161b-53f3-9520-cb91a589f6aa,38bb9fdb-7d90-55a0-98d8-f9935f1aec70,2025-10-27 17:57:00+01:00,2025-10-27 18:23:00+01:00,21,office,Berlin,,DE,home,Berlin,,DE,home_return,,public_transport,,8.28,True,True,True
2930f2fc-1706-56b9-8be7-72c2f14de49f,38bb9fdb-7d90-55a0-98d8-f9935f1aec70,2025-10-27 12:30:00+01:00,2025-10-27 13:00:00+01:00,30,office,Berlin,,DE,supermarket,Berlin,,DE,errands,,walking,,2.5,False,False,False
76d38c81-b572-5905-adcd-842588f2b40a,38bb9fdb-7d90-55a0-98d8-f9935f1aec70,2025-10-29 08:10:00+01:00,2025-10-29 08:39:00+01:00,24,home,Berlin,,DE,office,Berlin,,DE,commute,,public_transport,,8.96,True,True,True
ad6aaa4a-7e96-5c0d-add8-7beb51f5b70b,38bb9fdb-7d90-55a0-98d8-f9935f1aec70,2025-10-29 17:35:00+01:00,2025-10-29 17:58:00+01:00,21,office,Berlin,,DE,home,Berlin,,DE,home_return,,public_transport,,8.26,True,True,True
730fb4db-2f6c-57e1-a9da-f554246ce896,38bb9fdb-7d90-55a0-98d8-f9935f1aec70,2025-10-29 12:16:00+01:00,2025-10-29 12:52:00+01:00,36,office,Berlin,,DE,supermarket,Berlin,,DE,errands,,walking,,3.0,False,False,False
d4e63b95-c088-5a92-b32d-b2cf24aeeb00,38bb9fdb-7d90-55a0-98d8-f9935f1aec70,2025-10-31 07:45:00+01:00,2025-10-31 08:07:00+01:00,20,home,Berlin,,DE,office,Berlin,,DE,commute,,public_transport,,8.36,True,True,True
1db0c7f9-7ec4-5fe3-aae6-37570f5d96e7,38bb9fdb-7d90-55a0-98d8-f9935f1aec70,2025-10-31 17:42:00+01:00,2025-10-31 18:08:00+01:00,21,office,Berlin,,DE,home,Berlin,,DE,home_return,,public_transport,,8.37,True,True,True
de13afb4-d332-571b-888f-012bf5cb6692,38bb9fdb-7d90-55a0-98d8-f9935f1aec70,2025-11-03 08:03:00+01:00,2025-11-03 08:32:00+01:00,25,home,Berlin,,DE,office,Berlin,,DE,commute,,public_transport,,8.75,True,True,True
21bebca5-0149-5b0c-9dc1-d73e18855f15,38bb9fdb-7d90-55a0-98d8-f9935f1aec70,2025-11-03 17:30:00+01:00,2025-11-03 17:55:00+01:00,22,office,Berlin,,DE,home,Berlin,,DE,home_return,,public_transport,,8.11,True,True,True
f1824d29-6bf3-5f87-b088-122aef5fc1dc,38bb9fdb-7d90-55a0-98d8-f9935f1aec70,2025-11-04 07:43:00+01:00,2025-11-04 08:14:00+01:00,26,home,Berlin,,DE,office,Berlin,,DE,commute,,public_transport,,8.61,True,True,True
d3ffe1dd-5e20-5876-837f-abfa95eae954,38bb9fdb-7d90-55a0-98d8-f9935f1aec70,2025-11-04 17:44:00+01:00,2025-11-04 18:10:00+01:00,23,office,Berlin,,DE,home,Berlin,,DE,home_return,,public_transport,,8.86,True,True,True
a683ebc9-8904-522e-a4b9-85a578a0fe0f,38bb9fdb-7d90-55a0-98d8-f9935f1aec70,2025-11-05 08:19:00+01:00,2025-11-05 08:46:00+01:00,22,home,Berlin,,DE,office,Berlin,,DE,commute,,public_transport,,8.77,True,True,True
cf15691e-92e8-549d-9b9d-cea91fb73109,38bb9fdb-7d90-55a0-98d8-f9935f1aec70,2025-11-05 17:31:00+01:00,2025-11-05 17:56:00+01:00,20,office,Berlin,,DE,home,Berlin,,DE,home_return,,public_transport,,8.93,True,True,True
af0fdf7d-6ed8-5b2b-bcc7-0f8ab0591d27,38bb9fdb-7d90-55a0-98d8-f9935f1aec70,2025-11-06 08:09:00+01:00,2025-11-06 08:32:00+01:00,21,home,Berlin,,DE,office,Berlin,,DE,commute,,public_transport,,8.16,True,True,True
9d5882d4-875d-5b1e-a7be-aada96b310f3,38bb9fdb-7d90-55a0-98d8-f9935f1aec70,2025-11-06 17:26:00+01:00,2025-11-06 17:50:00+01:00,22,office,Berlin,,DE,home,Berlin,,DE,home_return,,public_transport,,9.34,True,True,True
23a533e1-9d4e-51ed-b530-1017b67c2ee5,38bb9fdb-7d90-55a0-98d8-f9935f1aec70,2025-11-07 07:59:00+01:00,2025-11-07 08:22:00+01:00,22,home,Berlin,,DE,office,Berlin,,DE,commute,,public_transport,,9.13,True,True,True
c414be5a-deb6-5d16-869c-7b3fd88f5c3c,38bb9fdb-7d90-55a0-98d8-f9935f1aec70,2025-11-07 17:25:00+01:00,2025-11-07 17:50:00+01:00,24,office,Berlin,,DE,home,Berlin,,DE,home_return,,public_transport,,8.71,True,True,True
7b75b6b2-342b-5420-8f56-5fdb8cec0112,38bb9fdb-7d90-55a0-98d8-f9935f1aec70,2025-11-10 07:42:00+01:00,2025-11-10 08:11:00+01:00,25,home,Berlin,,DE,office,Berlin,,DE,commute,,public_transport,,8.91,True,True,True
6bd8dba4-b026-5cb9-afaa-247b1116c4a3,38bb9fdb-7d90-55a0-98d8-f9935f1aec70,2025-11-10 17:21:00+01:00,2025-11-10 17:47:00+01:00,25,office,Berlin,,DE,home,Berlin,,DE,home_return,,public_transport,,9.12,True,True,True
4da9ca1d-fd5f-5f2c-815e-2b06d5c05d13,38bb9fdb-7d90-55a0-98d8-f9935f1aec70,2025-11-11 08:14:00+01:00,2025-11-11 08:41:00+01:00,24,home,Berlin,,DE,office,Berlin,,DE,commute,,public_transport,,8.65,True,True,True
0ba8681e-d6f5-58a8-bea7-7f47c00ac964,38bb9fdb-7d90-55a0-98d8-f9935f1aec70,2025-11-11 17:22:00+01:00,2025-11-11 17:44:00+01:00,21,office,Berlin,,DE,home,Berlin,,DE,home_return,,public_transport,,9.22,True,True,True
163dfb85-243c-5689-b14c-f67ed6a6d178,38bb9fdb-7d90-55a0-98d8-f9935f1aec70,2025-11-12 08:18:00+01:00,2025-11-12 08:44:00+01:00,23,home,Berlin,,DE,office,Berlin,,DE,commute,,public_transport,,8.39,True,True,True
a88896cf-970b-5848-9e9a-777bc7a314b7,38bb9fdb-7d90-55a0-98d8-f9935f1aec70,2025-11-12 17:02:00+01:00,2025-11-12 17:24:00+01:00,20,office,Berlin,,DE,home,Berlin,,DE,home_return,,public_transport,,8.28,True,True,True
4ab54755-175e-5f43-94ab-2190b3113bb5,38bb9fdb-7d90-55a0-98d8-f9935f1aec70,2025-11-13 07:51:00+01:00,2025-11-13 08:19:00+01:00,26,home,Berlin,,DE,office,Berlin,,DE,commute,,public_transport,,9.12,True,True,True
7e358cd1-6a7e-5a37-844e-a9105badea78,38bb9fdb-7d90-55a0-98d8-f9935f1aec70,2025-11-13 17:01:00+01:00,2025-11-13 17:26:00+01:00,23,office,Berlin,,DE,home,Berlin,,DE,home_return,,public_transport,,8.75,True,True,True
1562ee89-29dd-5292-9841-af4e392985d4,38bb9fdb-7d90-55a0-98d8-f9935f1aec70,2025-11-14 08:00:00+01:00,2025-11-14 08:31:00+01:00,26,home,Berlin,,DE,office,Berlin,,DE,commute,,public_transport,,9.06,True,True,True
f4efe66b-b040-5c60-a135-bc56af60ece0,38bb9fdb-7d90-55a0-98d8-f9935f1aec70,2025-11-14 17:46:00+01:00,2025-11-14 18:10:00+01:00,19,office,Berlin,,DE,home,Berlin,,DE,home_return,,public_transport,,8.02,True,True,True
235e8323-6ee8-5bf8-94ce-78606641680a,38bb9fdb-7d90-55a0-98d8-f9935f1aec70,2025-11-15 10:42:00+01:00,2025-11-15 11:09:00+01:00,22,home,Berlin,,DE,city_center,Berlin,,DE,leisure,,public_transport,,8.63,False,True,False
18dc21f3-2399-54cd-877c-3d216b4ec173,38bb9fdb-7d90-55a0-98d8-f9935f1aec70,2025-11-15 16:35:00+01:00,2025-11-15 17:02:00+01:00,24,city_center,Berlin,,DE,home,Berlin,,DE,home_return,,public_transport,,8.79,False,True,False
f11f16d5-101f-5911-a4b4-b11179e4e4c7,38bb9fdb-7d90-55a0-98d8-f9935f1aec70,2025-11-16 10:35:00+01:00,2025-11-16 10:52:00+01:00,16,home,Berlin,,DE,city_center,Berlin,,DE,shopping,,public_transport,,4.22,False,True,False
e64cad7d-c5d8-5f77-9560-90816e387166,38bb9fdb-7d90-55a0-98d8-f9935f1aec70,2025-11-16 15:20:00+01:00,2025-11-16 15:39:00+01:00,14,city_center,Berlin,,DE,home,Berlin,,DE,home_return,,public_transport,,4.03,False,True,False
5522ddfd-98ec-5cb7-ad93-493b656c6638,38bb9fdb-7d90-55a0-98d8-f9935f1aec70,2025-11-17 08:15:00+01:00,2025-11-17 08:39:00+01:00,21,home,Berlin,,DE,office,Berlin,,DE,commute,,public_transport,,8.76,True,True,True
6f2ed127-6622-5bea-9f6a-0c53b8fc080b,38bb9fdb-7d90-55a0-98d8-f9935f1aec70,2025-11-17 17:19:00+01:00,2025-11-17 17:42:00+01:00,19,office,Berlin,,DE,home,Berlin,,DE,home_return,,public_transport,,8.03,True,True,True
bf7d8260-13f0-54f3-b683-6ef0215a4ef9,38bb9fdb-7d90-55a0-98d8-f9935f1aec70,2025-11-17 12:16:00+01:00,2025-11-17 13:00:00+01:00,44,office,Berlin,,DE,supermarket,Berlin,,DE,errands,,walking,,3.7,False,False,False
64151a7a-989d-523c-94a0-20a83b02ebfe,38bb9fdb-7d90-55a0-98d8-f9935f1aec70,2025-11-19 08:17:00+01:00,2025-11-19 08:46:00+01:00,25,home,Berlin,,DE,office,Berlin,,DE,commute,,public_transport,,9.08,True,True,True
c3a95374-1fcf-53bf-a912-20a0441fa2de,38bb9fdb-7d90-55a0-98d8-f9935f1aec70,2025-11-19 17:52:00+01:00,2025-11-19 18:19:00+01:00,22,office,Berlin,,DE,home,Berlin,,DE,home_return,,public_transport,,8.43,True,True,True
0fb26155-c444-508b-972e-4648f87e1103,38bb9fdb-7d90-55a0-98d8-f9935f1aec70,2025-11-20 07:45:00+01:00,2025-11-20 08:13:00+01:00,24,home,Berlin,,DE,office,Berlin,,DE,commute,,public_transport,,8.92,True,True,True
d6f59db0-5234-5150-90cb-45cb7e860fbb,38bb9fdb-7d90-55a0-98d8-f9935f1aec70,2025-11-20 17:41:00+01:00,2025-11-20 18:08:00+01:00,25,office,Berlin,,DE,home,Berlin,,DE,home_return,,public_transport,,8.67,True,True,True
904deff8-7276-5943-9337-6efba422fef3,38bb9fdb-7d90-55a0-98d8-f9935f1aec70,2025-11-20 12:23:00+01:00,2025-11-20 13:07:00+01:00,44,office,Berlin,,DE,supermarket,Berlin,,DE,errands,,walking,,3.7,False,False,False
09a5f4a9-b19a-5b49-881a-ee7d4130cda4,38bb9fdb-7d90-55a0-98d8-f9935f1aec70,2025-11-21 08:01:00+01:00,2025-11-21 08:31:00+01:00,26,home,Berlin,,DE,office,Berlin,,DE,commute,,public_transport,,9.27,True,True,True
84fc3294-6a4d-5da7-becb-1089a23121a0,38bb9fdb-7d90-55a0-98d8-f9935f1aec70,2025-11-21 17:07:00+01:00,2025-11-21 17:30:00+01:00,21,office,Berlin,,DE,home,Berlin,,DE,home_return,,public_transport,,7.99,True,True,True
a7ac2594-f925-5283-8968-a9b603858525,38bb9fdb-7d90-55a0-98d8-f9935f1aec70,2025-11-23 10:41:00+01:00,2025-11-23 11:00:00+01:00,16,home,Berlin,,DE,city_center,Berlin,,DE,leisure,,public_transport,,5.44,False,True,False
c89b1c2c-c604-52e6-bd4f-58dc7d3661ab,38bb9fdb-7d90-55a0-98d8-f9935f1aec70,2025-11-23 15:51:00+01:00,2025-11-23 16:10:00+01:00,17,city_center,Berlin,,DE,home,Berlin,,DE,home_return,,public_transport,,5.52,False,True,False
957044ee-191b-596a-8916-cb5424d7719d,38bb9fdb-7d90-55a0-98d8-f9935f1aec70,2025-11-24 08:01:00+01:00,2025-11-24 08:30:00+01:00,25,home,Berlin,,DE,office,Berlin,,DE,commute,,public_transport,,8.8,True,True,True
68c4909c-6952-5587-bd8e-1ebbb3e9e1a8,38bb9fdb-7d90-55a0-98d8-f9935f1aec70,2025-11-24 17:50:00+01:00,2025-11-24 18:17:00+01:00,25,office,Berlin,,DE,home,Berlin,,DE,home_return,,public_transport,,8.85,True,True,True
684ab52c-1493-5949-a8b6-f75837a1a19c,38bb9fdb-7d90-55a0-98d8-f9935f1aec70,2025-11-24 12:33:00+01:00,2025-11-24 13:19:00+01:00,46,office,Berlin,,DE,supermarket,Berlin,,DE,errands,,walking,,3.8,False,False,False
42528438-53e8-5aca-8261-4040a224fa7e,38bb9fdb-7d90-55a0-98d8-f9935f1aec70,2025-11-25 08:00:00+01:00,2025-11-25 08:26:00+01:00,24,home,Berlin,,DE,office,Berlin,,DE,commute,,public_transport,,9.0,True,True,True
ca79107a-098d-5045-8b18-a0f9c89952e0,38bb9fdb-7d90-55a0-98d8-f9935f1aec70,2025-11-25 17:38:00+01:00,2025-11-25 18:05:00+01:00,23,office,Berlin,,DE,home,Berlin,,DE,home_return,,public_transport,,8.71,True,True,True
4450ca0a-bff7-5f0d-9ba4-b9cd78c55333,38bb9fdb-7d90-55a0-98d8-f9935f1aec70,2025-11-27 08:20:00+01:00,2025-11-27 08:47:00+01:00,25,home,Berlin,,DE,office,Berlin,,DE,commute,,public_transport,,9.01,True,True,True
1e2bf1ae-2da1-5d93-a9c6-e3abe9e2ca77,38bb9fdb-7d90-55a0-98d8-f9935f1aec70,2025-11-27 17:39:00+01:00,2025-11-27 18:02:00+01:00,20,office,Berlin,,DE,home,Berlin,,DE,home_return,,public_transport,,8.27,True,True,True
c1343a26-13d7-5dad-b4fa-5018dbf1e4ad,38bb9fdb-7d90-55a0-98d8-f9935f1aec70,2025-11-28 08:07:00+01:00,2025-11-28 08:34:00+01:00,26,home,Berlin,,DE,office,Berlin,,DE,commute,,public_transport,,9.67,True,True,True
6adadeff-68df-5fa0-9036-3470682be9cb,38bb9fdb-7d90-55a0-98d8-f9935f1aec70,2025-11-28 17:32:00+01:00,2025-11-28 17:55:00+01:00,20,office,Berlin,,DE,home,Berlin,,DE,home_return,,public_transport,,8.65,True,True,True
0fab6b5b-1ad1-5dea-affe-6ce517c031d2,38bb9fdb-7d90-55a0-98d8-f9935f1aec70,2025-11-30 10:14:00+01:00,2025-11-30 10:37:00+01:00,21,home,Berlin,,DE,city_center,Berlin,,DE,shopping,,public_transport,,6.82,False,True,False
e7b124a4-d7d9-53a2-919b-3dae048ce70c,38bb9fdb-7d90-55a0-98d8-f9935f1aec70,2025-11-30 16:15:00+01:00,2025-11-30 16:37:00+01:00,18,city_center,Berlin,,DE,home,Berlin,,DE,home_return,,public_transport,,6.59,False,True,False
813c5195-937a-59a3-bbf9-75e22cba16ba,38bb9fdb-7d90-55a0-98d8-f9935f1aec70,2025-12-01 07:51:00+01:00,2025-12-01 08:17:00+01:00,22,home,Berlin,,DE,office,Berlin,,DE,commute,,public_transport,,8.36,True,True,True
2c1825ef-9eb0-518b-ab3b-625e28eab810,38bb9fdb-7d90-55a0-98d8-f9935f1aec70,2025-12-01 17:26:00+01:00,2025-12-01 17:51:00+01:00,23,office,Berlin,,DE,home,Berlin,,DE,home_return,,public_transport,,8.63,True,True,True
79306ecc-279d-5e98-a391-7f03b8325ac3,38bb9fdb-7d90-55a0-98d8-f9935f1aec70,2025-12-01 12:38:00+01:00,2025-12-01 12:50:00+01:00,12,office,Berlin,,DE,supermarket,Berlin,,DE,errands,,walking,,1.0,False,False,False
1378c057-9ce8-561a-a3a8-68b770211bd4,38bb9fdb-7d90-55a0-98d8-f9935f1aec70,2025-12-02 07:48:00+01:00,2025-12-02 08:19:00+01:00,27,home,Berlin,,DE,office,Berlin,,DE,commute,,public_transport,,9.76,True,True,True
8f270273-3f2c-5008-b98c-57663fa3ad4d,38bb9fdb-7d90-55a0-98d8-f9935f1aec70,2025-12-02 17:44:00+01:00,2025-12-02 18:09:00+01:00,23,office,Berlin,,DE,home,Berlin,,DE,home_return,,public_transport,,9.38,True,True,True
e6a712de-c782-5798-9a04-ee12310a0ab5,38bb9fdb-7d90-55a0-98d8-f9935f1aec70,2025-12-03 07:54:00+01:00,2025-12-03 08:22:00+01:00,23,home,Berlin,,DE,office,Berlin,,DE,commute,,public_transport,,8.66,True,True,True
f7af3401-0154-57ff-a696-58498149571c,38bb9fdb-7d90-55a0-98d8-f9935f1aec70,2025-12-03 17:45:00+01:00,2025-12-03 18:13:00+01:00,23,office,Berlin,,DE,home,Berlin,,DE,home_return,,public_transport,,9.16,True,True,True
fe295040-afcc-5cb5-a4b1-e6382a8209a5,38bb9fdb-7d90-55a0-98d8-f9935f1aec70,2025-12-03 12:30:00+01:00,2025-12-03 12:43:00+01:00,13,office,Berlin,,DE,supermarket,Berlin,,DE,errands,,walking,,1.1,False,False,False
489b6fba-4a10-558d-9161-15b4d9825e03,38bb9fdb-7d90-55a0-98d8-f9935f1aec70,2025-12-04 07:45:00+01:00,2025-12-04 08:12:00+01:00,24,home,Berlin,,DE,office,Berlin,,DE,commute,,public_transport,,8.85,True,True,True
68b8b97d-2482-59c0-96fa-1fd93e74bbde,38bb9fdb-7d90-55a0-98d8-f9935f1aec70,2025-12-04 17:56:00+01:00,2025-12-04 18:19:00+01:00,22,office,Berlin,,DE,home,Berlin,,DE,home_return,,public_transport,,8.1,True,True,True
dfd6dfb9-647e-5819-a482-119ef3d3f27f,38bb9fdb-7d90-55a0-98d8-f9935f1aec70,2025-12-05 08:01:00+01:00,2025-12-05 08:27:00+01:00,22,home,Berlin,,DE,office,Berlin,,DE,commute,,public_transport,,8.79,True,True,True
237c876f-6aa5-572d-8b1d-2dd147d9ad66,38bb9fdb-7d90-55a0-98d8-f9935f1aec70,2025-12-05 17:46:00+01:00,2025-12-05 18:10:00+01:00,21,office,Berlin,,DE,home,Berlin,,DE,home_return,,public_transport,,8.61,True,True,True
b4382a8d-8ca4-5479-9678-f28335c23ba1,38bb9fdb-7d90-55a0-98d8-f9935f1aec70,2025-12-05 12:38:00+01:00,2025-12-05 13:24:00+01:00,46,office,Berlin,,DE,supermarket,Berlin,,DE,errands,,walking,,3.8,False,False,False
2d286cb8-6c6a-50e8-9039-405d3c5f0a93,38bb9fdb-7d90-55a0-98d8-f9935f1aec70,2025-12-07 11:13:00+01:00,2025-12-07 11:39:00+01:00,21,home,Berlin,,DE,city_center,Berlin,,DE,social,,public_transport,,7.21,False,True,False
fa7c9bf6-c6de-5fe2-baf6-09305da45ca2,38bb9fdb-7d90-55a0-98d8-f9935f1aec70,2025-12-07 16:02:00+01:00,2025-12-07 16:25:00+01:00,20,city_center,Berlin,,DE,home,Berlin,,DE,home_return,,public_transport,,7.1,False,True,False
8cb8076a-ef74-5946-98ff-2ea924d09d25,38bb9fdb-7d90-55a0-98d8-f9935f1aec70,2025-12-08 07:56:00+01:00,2025-12-08 08:21:00+01:00,23,home,Berlin,,DE,office,Berlin,,DE,commute,,public_transport,,8.44,True,True,True
fa95299c-8270-529f-92e4-a1c7f2875080,38bb9fdb-7d90-55a0-98d8-f9935f1aec70,2025-12-08 17:42:00+01:00,2025-12-08 18:11:00+01:00,26,office,Berlin,,DE,home,Berlin,,DE,home_return,,public_transport,,9.41,True,True,True
238d5073-e9a2-5677-9cf2-a746f16a82da,38bb9fdb-7d90-55a0-98d8-f9935f1aec70,2025-12-09 07:42:00+01:00,2025-12-09 08:05:00+01:00,21,home,Berlin,,DE,office,Berlin,,DE,commute,,public_transport,,8.71,True,True,True
44db3192-24a2-58e2-b0f6-aad47807e2f2,38bb9fdb-7d90-55a0-98d8-f9935f1aec70,2025-12-09 17:53:00+01:00,2025-12-09 18:22:00+01:00,25,office,Berlin,,DE,home,Berlin,,DE,home_return,,public_transport,,9.41,True,True,True
185dece1-5ced-5eeb-a4e8-1c3b25a4d266,38bb9fdb-7d90-55a0-98d8-f9935f1aec70,2025-12-10 08:02:00+01:00,2025-12-10 08:23:00+01:00,20,home,Berlin,,DE,office,Berlin,,DE,commute,,public_transport,,8.07,True,True,True
b64a00c7-e7b5-568c-aa62-5db64681f466,38bb9fdb-7d90-55a0-98d8-f9935f1aec70,2025-12-10 17:30:00+01:00,2025-12-10 17:57:00+01:00,22,office,Berlin,,DE,home,Berlin,,DE,home_return,,public_transport,,8.73,True,True,True
491f96c1-3485-5e66-9e06-7287b14309d0,38bb9fdb-7d90-55a0-98d8-f9935f1aec70,2025-12-11 08:13:00+01:00,2025-12-11 08:37:00+01:00,20,home,Berlin,,DE,office,Berlin,,DE,commute,,public_transport,,8.17,True,True,True
f74c402a-bad1-5450-a594-07a24bc5dd55,38bb9fdb-7d90-55a0-98d8-f9935f1aec70,2025-12-11 17:33:00+01:00,2025-12-11 17:59:00+01:00,21,office,Berlin,,DE,home,Berlin,,DE,home_return,,public_transport,,8.38,True,True,True
d48bbbd5-64aa-50cd-bdcb-d575fbc4b36d,38bb9fdb-7d90-55a0-98d8-f9935f1aec70,2025-12-12 07:57:00+01:00,2025-12-12 08:20:00+01:00,22,home,Berlin,,DE,office,Berlin,,DE,commute,,public_transport,,9.28,True,True,True
331b13d3-69eb-5b56-9032-41112a9a3386,38bb9fdb-7d90-55a0-98d8-f9935f1aec70,2025-12-12 17:29:00+01:00,2025-12-12 18:00:00+01:00,26,office,Berlin,,DE,home,Berlin,,DE,home_return,,public_transport,,9.14,True,True,True
48523f7b-56b7-54b8-b320-32353b6e1a94,38bb9fdb-7d90-55a0-98d8-f9935f1aec70,2025-12-15 07:40:00+01:00,2025-12-15 08:01:00+01:00,20,home,Berlin,,DE,office,Berlin,,DE,commute,,public_transport,,7.83,True,True,True
be1aff8b-c53d-5240-a371-33902671ab74,38bb9fdb-7d90-55a0-98d8-f9935f1aec70,2025-12-15 17:22:00+01:00,2025-12-15 17:45:00+01:00,21,office,Berlin,,DE,home,Berlin,,DE,home_return,,public_transport,,8.82,True,True,True
86402184-8b9e-5108-9daf-35439b398ba7,38bb9fdb-7d90-55a0-98d8-f9935f1aec70,2025-12-17 08:18:00+01:00,2025-12-17 08:41:00+01:00,22,home,Berlin,,DE,office,Berlin,,DE,commute,,public_transport,,8.26,True,True,True
1c793ada-6d92-5b3f-8772-201c47863b31,38bb9fdb-7d90-55a0-98d8-f9935f1aec70,2025-12-17 17:24:00+01:00,2025-12-17 17:56:00+01:00,27,office,Berlin,,DE,home,Berlin,,DE,home_return,,public_transport,,9.25,True,True,True
48d1d3fc-8929-5b29-8b91-ed3052f69167,38bb9fdb-7d90-55a0-98d8-f9935f1aec70,2025-12-18 07:58:00+01:00,2025-12-18 08:28:00+01:00,26,home,Berlin,,DE,office,Berlin,,DE,commute,,public_transport,,8.63,True,True,True
c921222f-0723-59c0-a393-f5dcd388e3a5,38bb9fdb-7d90-55a0-98d8-f9935f1aec70,2025-12-18 17:27:00+01:00,2025-12-18 17:53:00+01:00,23,office,Berlin,,DE,home,Berlin,,DE,home_return,,public_transport,,8.41,True,True,True
1fe91308-6147-5458-bd66-11afeda2f1e6,38bb9fdb-7d90-55a0-98d8-f9935f1aec70,2025-12-19 08:04:00+01:00,2025-12-19 08:25:00+01:00,18,home,Berlin,,DE,office,Berlin,,DE,commute,,public_transport,,7.79,True,True,True
e7c53c38-3873-5a6b-85be-ce437f6be88c,38bb9fdb-7d90-55a0-98d8-f9935f1aec70,2025-12-19 17:59:00+01:00,2025-12-19 18:22:00+01:00,19,office,Berlin,,DE,home,Berlin,,DE,home_return,,public_transport,,7.91,True,True,True
b1fb694d-1489-57dd-8bc3-e73b4fa8116c,38bb9fdb-7d90-55a0-98d8-f9935f1aec70,2025-12-20 11:56:00+01:00,2025-12-20 12:14:00+01:00,17,home,Berlin,,DE,city_center,Berlin,,DE,leisure,,public_transport,,6.83,False,True,False
7b1ef741-7798-53a9-877e-5d5841b711c0,38bb9fdb-7d90-55a0-98d8-f9935f1aec70,2025-12-20 16:13:00+01:00,2025-12-20 16:37:00+01:00,23,city_center,Berlin,,DE,home,Berlin,,DE,home_return,,public_transport,,7.37,False,True,False
d440e9ba-3964-56d2-bc91-518b09ad1c16,38bb9fdb-7d90-55a0-98d8-f9935f1aec70,2025-12-21 11:25:00+01:00,2025-12-21 11:49:00+01:00,21,home,Berlin,,DE,city_center,Berlin,,DE,leisure,,public_transport,,7.32,False,True,False
6d01debe-9cc3-5eb5-ab6f-7399e4005c38,38bb9fdb-7d90-55a0-98d8-f9935f1aec70,2025-12-21 16:13:00+01:00,2025-12-21 16:39:00+01:00,22,city_center,Berlin,,DE,home,Berlin,,DE,home_return,,public_transport,,7.37,False,True,False
d849573e-f369-52be-9a75-d026199105dd,38bb9fdb-7d90-55a0-98d8-f9935f1aec70,2025-12-22 07:44:00+01:00,2025-12-22 08:08:00+01:00,20,home,Berlin,,DE,office,Berlin,,DE,commute,,public_transport,,8.81,True,True,True
bdfd8b7e-da8f-5b19-b50c-ee829c5ae18d,38bb9fdb-7d90-55a0-98d8-f9935f1aec70,2025-12-22 17:22:00+01:00,2025-12-22 17:45:00+01:00,22,office,Berlin,,DE,home,Berlin,,DE,home_return,,public_transport,,8.83,True,True,True
aceb0fd8-7ecb-52f9-92da-0701b5122353,38bb9fdb-7d90-55a0-98d8-f9935f1aec70,2025-12-24 08:09:00+01:00,2025-12-24 08:30:00+01:00,19,home,Berlin,,DE,office,Berlin,,DE,commute,,public_transport,,7.92,True,True,True
54cf7fd6-4d5b-512b-8945-5ba5a74caffb,38bb9fdb-7d90-55a0-98d8-f9935f1aec70,2025-12-24 17:24:00+01:00,2025-12-24 17:51:00+01:00,23,office,Berlin,,DE,home,Berlin,,DE,home_return,,public_transport,,8.14,True,True,True
068c885e-c9a8-5a9b-bc9c-3af12bafab3b,38bb9fdb-7d90-55a0-98d8-f9935f1aec70,2025-12-25 08:20:00+01:00,2025-12-25 08:39:00+01:00,18,home,Berlin,,DE,office,Berlin,,DE,commute,,public_transport,,7.9,True,True,True
ffa00e83-1a50-5bec-a1a4-1d4daf791df9,38bb9fdb-7d90-55a0-98d8-f9935f1aec70,2025-12-25 17:37:00+01:00,2025-12-25 18:06:00+01:00,24,office,Berlin,,DE,home,Berlin,,DE,home_return,,public_transport,,9.17,True,True,True
4d8d1043-1c56-5813-ac4d-70064dbad324,38bb9fdb-7d90-55a0-98d8-f9935f1aec70,2025-12-26 07:41:00+01:00,2025-12-26 08:03:00+01:00,21,home,Berlin,,DE,office,Berlin,,DE,commute,,public_transport,,9.08,True,True,True
e4c6fa08-26b0-5d5a-9738-ea7f7daeb19f,38bb9fdb-7d90-55a0-98d8-f9935f1aec70,2025-12-26 17:41:00+01:00,2025-12-26 18:07:00+01:00,21,office,Berlin,,DE,home,Berlin,,DE,home_return,,public_transport,,8.18,True,True,True
706557ed-ae24-5f78-9ca9-15b42c9e6b95,38bb9fdb-7d90-55a0-98d8-f9935f1aec70,2025-12-28 11:00:00+01:00,2025-12-28 11:18:00+01:00,16,home,Berlin,,DE,city_center,Berlin,,DE,leisure,,public_transport,,3.93,False,True,False
eeda7466-842e-5aec-ae3b-9c3a2c714d09,38bb9fdb-7d90-55a0-98d8-f9935f1aec70,2025-12-28 15:16:00+01:00,2025-12-28 15:35:00+01:00,16,city_center,Berlin,,DE,home,Berlin,,DE,home_return,,public_transport,,3.98,False,True,False
93465754-b11b-5132-a4f9-ac1340ad83a9,38bb9fdb-7d90-55a0-98d8-f9935f1aec70,2025-12-30 07:46:00+01:00,2025-12-30 08:11:00+01:00,20,home,Berlin,,DE,office,Berlin,,DE,commute,,public_transport,,8.03,True,True,True
3e665f0d-ee7b-5c35-abf9-7c9d14fae70e,38bb9fdb-7d90-55a0-98d8-f9935f1aec70,2025-12-30 17:27:00+01:00,2025-12-30 17:55:00+01:00,24,office,Berlin,,DE,home,Berlin,,DE,home_return,,public_transport,,9.35,True,True,True
79bab929-e630-5f21-8edf-6f57b36d32b5,38bb9fdb-7d90-55a0-98d8-f9935f1aec70,2025-12-31 07:53:00+01:00,2025-12-31 08:16:00+01:00,20,home,Berlin,,DE,office,Berlin,,DE,commute,,public_transport,,8.09,True,True,True
c79ac085-f8e9-568c-ba2a-cce9430a1f25,38bb9fdb-7d90-55a0-98d8-f9935f1aec70,2025-12-31 17:48:00+01:00,2025-12-31 18:15:00+01:00,22,office,Berlin,,DE,home,Berlin,,DE,home_return,,public_transport,,8.39,True,True,True
f8161480-f003-555a-851e-fdb0a25ada05,38bb9fdb-7d90-55a0-98d8-f9935f1aec70,2026-01-01 08:20:00+01:00,2026-01-01 08:46:00+01:00,25,home,Berlin,,DE,office,Berlin,,DE,commute,,public_transport,,8.47,True,True,True
6187fdea-e275-541a-bd15-d16c88cb5a91,38bb9fdb-7d90-55a0-98d8-f9935f1aec70,2026-01-01 17:00:00+01:00,2026-01-01 17:27:00+01:00,22,office,Berlin,,DE,home,Berlin,,DE,home_return,,public_transport,,8.12,True,True,True
94bb0b33-3d5a-5372-aa0e-8b974fab3f1b,38bb9fdb-7d90-55a0-98d8-f9935f1aec70,2026-01-02 07:48:00+01:00,2026-01-02 08:18:00+01:00,25,home,Berlin,,DE,office,Berlin,,DE,commute,,public_transport,,9.28,True,True,True
5275c72b-b684-5123-bdd6-8617dc78d673,38bb9fdb-7d90-55a0-98d8-f9935f1aec70,2026-01-02 17:11:00+01:00,2026-01-02 17:35:00+01:00,22,office,Berlin,,DE,home,Berlin,,DE,home_return,,public_transport,,8.29,True,True,True
ab6e98f4-09a2-59fd-9fcc-a6df8b9bd754,38bb9fdb-7d90-55a0-98d8-f9935f1aec70,2026-01-03 10:44:00+01:00,2026-01-03 11:07:00+01:00,21,home,Berlin,,DE,city_center,Berlin,,DE,shopping,,public_transport,,8.47,False,True,False
6f21bf5e-f95f-5153-901a-e6f678fbd600,38bb9fdb-7d90-55a0-98d8-f9935f1aec70,2026-01-03 16:07:00+01:00,2026-01-03 16:35:00+01:00,23,city_center,Berlin,,DE,home,Berlin,,DE,home_return,,public_transport,,8.65,False,True,False
2f158e86-da47-5278-8a30-7f7d2a2816e1,38bb9fdb-7d90-55a0-98d8-f9935f1aec70,2026-01-04 10:35:00+01:00,2026-01-04 10:57:00+01:00,20,home,Berlin,,DE,city_center,Berlin,,DE,social,,public_transport,,7.12,False,True,False
55388f59-82e8-58bb-8be5-f2ddeb3aea12,38bb9fdb-7d90-55a0-98d8-f9935f1aec70,2026-01-04 16:56:00+01:00,2026-01-04 17:14:00+01:00,17,city_center,Berlin,,DE,home,Berlin,,DE,home_return,,public_transport,,6.89,False,True,False
86d6b8b4-31ce-58c0-86fb-eb98b2f91bc3,38bb9fdb-7d90-55a0-98d8-f9935f1aec70,2026-01-05 07:56:00+01:00,2026-01-05 08:22:00+01:00,22,home,Berlin,,DE,office,Berlin,,DE,commute,,public_transport,,8.28,True,True,True
efd9314c-a50e-5359-bfca-b4250f3c02fe,38bb9fdb-7d90-55a0-98d8-f9935f1aec70,2026-01-05 17:59:00+01:00,2026-01-05 18:22:00+01:00,22,office,Berlin,,DE,home,Berlin,,DE,home_return,,public_transport,,9.03,True,True,True
4857220f-a676-590f-aaac-2c656d649c2e,38bb9fdb-7d90-55a0-98d8-f9935f1aec70,2026-01-05 12:38:00+01:00,2026-01-05 13:22:00+01:00,44,office,Berlin,,DE,supermarket,Berlin,,DE,errands,,walking,,3.7,False,False,False
beefea2c-4e16-50d5-9bb3-ef5092f32f3b,38bb9fdb-7d90-55a0-98d8-f9935f1aec70,2026-01-06 08:00:00+01:00,2026-01-06 08:21:00+01:00,19,home,Berlin,,DE,office,Berlin,,DE,commute,,public_transport,,8.35,True,True,True
5b5abea2-2847-5f75-a244-e444287a7a76,38bb9fdb-7d90-55a0-98d8-f9935f1aec70,2026-01-06 17:55:00+01:00,2026-01-06 18:22:00+01:00,26,office,Berlin,,DE,home,Berlin,,DE,home_return,,public_transport,,9.33,True,True,True
d183e526-ec88-5161-b118-778cb7b6ea0a,38bb9fdb-7d90-55a0-98d8-f9935f1aec70,2026-01-07 08:19:00+01:00,2026-01-07 08:42:00+01:00,21,home,Berlin,,DE,office,Berlin,,DE,commute,,public_transport,,8.16,True,True,True
a12428e6-3a8e-58ae-92e4-43dd5c423456,38bb9fdb-7d90-55a0-98d8-f9935f1aec70,2026-01-07 17:22:00+01:00,2026-01-07 17:43:00+01:00,19,office,Berlin,,DE,home,Berlin,,DE,home_return,,public_transport,,8.0,True,True,True
8d6397a7-2503-5ac4-96b8-d33289c5150d,38bb9fdb-7d90-55a0-98d8-f9935f1aec70,2026-01-08 08:09:00+01:00,2026-01-08 08:30:00+01:00,18,home,Berlin,,DE,office,Berlin,,DE,commute,,public_transport,,7.94,True,True,True
6fd23508-fb17-5487-89d6-f0e62b0d1e5f,38bb9fdb-7d90-55a0-98d8-f9935f1aec70,2026-01-08 17:10:00+01:00,2026-01-08 17:41:00+01:00,26,office,Berlin,,DE,home,Berlin,,DE,home_return,,public_transport,,8.69,True,True,True
68116d16-bc36-5b54-ac39-b004085cfe13,38bb9fdb-7d90-55a0-98d8-f9935f1aec70,2026-01-09 08:06:00+01:00,2026-01-09 08:31:00+01:00,23,home,Berlin,,DE,office,Berlin,,DE,commute,,public_transport,,8.41,True,True,True
28b61aa0-d39e-5d4f-b73b-459077b3b10d,38bb9fdb-7d90-55a0-98d8-f9935f1aec70,2026-01-09 17:17:00+01:00,2026-01-09 17:41:00+01:00,22,office,Berlin,,DE,home,Berlin,,DE,home_return,,public_transport,,9.21,True,True,True
2479f053-642b-5b27-a573-28c2478dd985,38bb9fdb-7d90-55a0-98d8-f9935f1aec70,2026-01-10 11:56:00+01:00,2026-01-10 12:17:00+01:00,20,home,Berlin,,DE,city_center,Berlin,,DE,social,,public_transport,,8.92,False,True,False
760dac33-bce0-5938-a7bc-08bf07be1ccc,38bb9fdb-7d90-55a0-98d8-f9935f1aec70,2026-01-10 16:00:00+01:00,2026-01-10 16:28:00+01:00,24,city_center,Berlin,,DE,home,Berlin,,DE,home_return,,public_transport,,9.31,False,True,False
30239133-eb4f-5812-9ba2-9250f013dce6,38bb9fdb-7d90-55a0-98d8-f9935f1aec70,2026-01-11 10:57:00+01:00,2026-01-11 11:20:00+01:00,22,home,Berlin,,DE,city_center,Berlin,,DE,leisure,,public_transport,,8.31,False,True,False
fe5b9b9e-a312-5150-be03-e89615af5e32,38bb9fdb-7d90-55a0-98d8-f9935f1aec70,2026-01-11 15:52:00+01:00,2026-01-11 16:15:00+01:00,20,city_center,Berlin,,DE,home,Berlin,,DE,home_return,,public_transport,,8.15,False,True,False
519660cb-cd17-51b6-9d09-d8a3603d31a3,38bb9fdb-7d90-55a0-98d8-f9935f1aec70,2026-01-12 07:59:00+01:00,2026-01-12 08:27:00+01:00,23,home,Berlin,,DE,office,Berlin,,DE,commute,,public_transport,,8.11,True,True,True
f71292cc-07c1-52b2-a057-7e1598a91be8,38bb9fdb-7d90-55a0-98d8-f9935f1aec70,2026-01-12 17:29:00+01:00,2026-01-12 17:51:00+01:00,18,office,Berlin,,DE,home,Berlin,,DE,home_return,,public_transport,,7.77,True,True,True
9b1b7464-4549-52a5-8b44-f6876db71057,38bb9fdb-7d90-55a0-98d8-f9935f1aec70,2026-01-13 07:40:00+01:00,2026-01-13 08:05:00+01:00,22,home,Berlin,,DE,office,Berlin,,DE,commute,,public_transport,,8.97,True,True,True
737a892a-9f8d-567f-afca-d01e78169ceb,38bb9fdb-7d90-55a0-98d8-f9935f1aec70,2026-01-13 17:48:00+01:00,2026-01-13 18:18:00+01:00,25,office,Berlin,,DE,home,Berlin,,DE,home_return,,public_transport,,8.68,True,True,True
97394c3b-6449-59c1-bcdb-a932711336ad,38bb9fdb-7d90-55a0-98d8-f9935f1aec70,2026-01-14 08:01:00+01:00,2026-01-14 08:28:00+01:00,24,home,Berlin,,DE,office,Berlin,,DE,commute,,public_transport,,8.97,True,True,True
c2b377be-f439-56bf-8797-262a4a812684,38bb9fdb-7d90-55a0-98d8-f9935f1aec70,2026-01-14 17:23:00+01:00,2026-01-14 17:44:00+01:00,18,office,Berlin,,DE,home,Berlin,,DE,home_return,,public_transport,,7.87,True,True,True
2b6c4bed-9841-52aa-ac76-15da85b059f8,38bb9fdb-7d90-55a0-98d8-f9935f1aec70,2026-01-16 07:55:00+01:00,2026-01-16 08:28:00+01:00,28,home,Berlin,,DE,office,Berlin,,DE,commute,,public_transport,,9.78,True,True,True
46e39eb5-96b7-5be6-b807-eece62251cc1,38bb9fdb-7d90-55a0-98d8-f9935f1aec70,2026-01-16 17:48:00+01:00,2026-01-16 18:15:00+01:00,24,office,Berlin,,DE,home,Berlin,,DE,home_return,,public_transport,,9.17,True,True,True
ab8969a4-8309-5d98-a57f-87e68a26155d,38bb9fdb-7d90-55a0-98d8-f9935f1aec70,2026-01-17 10:44:00+01:00,2026-01-17 11:00:00+01:00,15,home,Berlin,,DE,city_center,Berlin,,DE,shopping,,public_transport,,3.19,False,True,False
933e2b64-71c2-5d0f-bc2d-7d4e96a5b661,38bb9fdb-7d90-55a0-98d8-f9935f1aec70,2026-01-17 16:08:00+01:00,2026-01-17 16:26:00+01:00,15,city_center,Berlin,,DE,home,Berlin,,DE,home_return,,public_transport,,3.19,False,True,False
d37cc686-935a-5420-b53c-d472b57ebba2,38bb9fdb-7d90-55a0-98d8-f9935f1aec70,2026-01-18 10:24:00+01:00,2026-01-18 10:45:00+01:00,20,home,Berlin,,DE,city_center,Berlin,,DE,leisure,,public_transport,,7.44,False,True,False
b47a1aac-9ad3-582c-83d1-5d6af78eb741,38bb9fdb-7d90-55a0-98d8-f9935f1aec70,2026-01-18 15:22:00+01:00,2026-01-18 15:44:00+01:00,21,city_center,Berlin,,DE,home,Berlin,,DE,home_return,,public_transport,,7.55,False,True,False
641bea7d-3806-51e6-b28f-6138d695388f,38bb9fdb-7d90-55a0-98d8-f9935f1aec70,2026-01-19 07:49:00+01:00,2026-01-19 08:11:00+01:00,21,home,Berlin,,DE,office,Berlin,,DE,commute,,public_transport,,8.17,True,True,True
ec56cfb9-573f-537d-97d4-9ac95053d4ca,38bb9fdb-7d90-55a0-98d8-f9935f1aec70,2026-01-19 17:34:00+01:00,2026-01-19 18:03:00+01:00,25,office,Berlin,,DE,home,Berlin,,DE,home_return,,public_transport,,9.52,True,True,True
6bec4dab-c75f-5d36-b1dd-fa8da71993e4,38bb9fdb-7d90-55a0-98d8-f9935f1aec70,2026-01-20 07:54:00+01:00,2026-01-20 08:18:00+01:00,21,home,Berlin,,DE,office,Berlin,,DE,commute,,public_transport,,8.07,True,True,True
d0e25d0a-1d9b-500d-9cc7-f564401d5437,38bb9fdb-7d90-55a0-98d8-f9935f1aec70,2026-01-20 17:41:00+01:00,2026-01-20 18:10:00+01:00,24,office,Berlin,,DE,home,Berlin,,DE,home_return,,public_transport,,8.68,True,True,True
6d88c502-9b67-5799-86a0-6ae9fea1d04d,38bb9fdb-7d90-55a0-98d8-f9935f1aec70,2026-01-21 07:59:00+01:00,2026-01-21 08:23:00+01:00,20,home,Berlin,,DE,office,Berlin,,DE,commute,,public_transport,,8.06,True,True,True
9e7d48cd-29ae-5c8d-b135-e7fe5011c0bf,38bb9fdb-7d90-55a0-98d8-f9935f1aec70,2026-01-21 17:54:00+01:00,2026-01-21 18:22:00+01:00,24,office,Berlin,,DE,home,Berlin,,DE,home_return,,public_transport,,8.58,True,True,True
7203dbe5-924e-52e8-b685-9e3c954e8ea2,38bb9fdb-7d90-55a0-98d8-f9935f1aec70,2026-01-22 07:51:00+01:00,2026-01-22 08:15:00+01:00,22,home,Berlin,,DE,office,Berlin,,DE,commute,,public_transport,,8.86,True,True,True
5f502077-844f-565a-a6b1-b6c12f67c2b1,38bb9fdb-7d90-55a0-98d8-f9935f1aec70,2026-01-22 17:20:00+01:00,2026-01-22 17:43:00+01:00,20,office,Berlin,,DE,home,Berlin,,DE,home_return,,public_transport,,8.04,True,True,True
f1c5d0b1-f37c-535b-89f6-2298f5d5df14,38bb9fdb-7d90-55a0-98d8-f9935f1aec70,2026-01-24 11:08:00+01:00,2026-01-24 11:34:00+01:00,22,home,Berlin,,DE,city_center,Berlin,,DE,social,,public_transport,,5.74,False,True,False
b067dd04-6f21-5ecd-8654-05d569a72779,38bb9fdb-7d90-55a0-98d8-f9935f1aec70,2026-01-24 16:38:00+01:00,2026-01-24 16:57:00+01:00,16,city_center,Berlin,,DE,home,Berlin,,DE,home_return,,public_transport,,5.24,False,True,False
ff9ef55c-0f38-517f-a8b3-dfb995204d54,38bb9fdb-7d90-55a0-98d8-f9935f1aec70,2026-01-26 07:58:00+01:00,2026-01-26 08:26:00+01:00,23,home,Berlin,,DE,office,Berlin,,DE,commute,,public_transport,,8.8,True,True,True
f1518815-521d-5b4e-8d23-c7a3af2d5a69,38bb9fdb-7d90-55a0-98d8-f9935f1aec70,2026-01-26 17:46:00+01:00,2026-01-26 18:12:00+01:00,25,office,Berlin,,DE,home,Berlin,,DE,home_return,,public_transport,,9.35,True,True,True
3a5f351f-23d2-5646-9938-4ff0f56417d1,38bb9fdb-7d90-55a0-98d8-f9935f1aec70,2026-01-27 07:59:00+01:00,2026-01-27 08:24:00+01:00,23,home,Berlin,,DE,office,Berlin,,DE,commute,,public_transport,,8.91,True,True,True
a0267b69-cf27-5532-9ac4-f8209a3e518d,38bb9fdb-7d90-55a0-98d8-f9935f1aec70,2026-01-27 17:03:00+01:00,2026-01-27 17:26:00+01:00,18,office,Berlin,,DE,home,Berlin,,DE,home_return,,public_transport,,7.92,True,True,True
03772fa7-693f-5493-9e63-5413db6fc237,38bb9fdb-7d90-55a0-98d8-f9935f1aec70,2026-01-28 08:14:00+01:00,2026-01-28 08:40:00+01:00,25,home,Berlin,,DE,office,Berlin,,DE,commute,,public_transport,,8.3,True,True,True
4a3839ee-19bb-5ca9-8d3c-9c727c969972,38bb9fdb-7d90-55a0-98d8-f9935f1aec70,2026-01-28 17:31:00+01:00,2026-01-28 17:57:00+01:00,25,office,Berlin,,DE,home,Berlin,,DE,home_return,,public_transport,,8.83,True,True,True
9b7d9134-a0f3-558d-b6da-07f48e709ee0,38bb9fdb-7d90-55a0-98d8-f9935f1aec70,2026-01-29 08:03:00+01:00,2026-01-29 08:27:00+01:00,21,home,Berlin,,DE,office,Berlin,,DE,commute,,public_transport,,9.11,True,True,True
6981f419-988b-5340-b54c-ccb526ff1956,38bb9fdb-7d90-55a0-98d8-f9935f1aec70,2026-01-29 17:55:00+01:00,2026-01-29 18:23:00+01:00,24,office,Berlin,,DE,home,Berlin,,DE,home_return,,public_transport,,9.55,True,True,True
4aa911bb-bd0d-5dff-b63d-b2b1bd248c5d,38bb9fdb-7d90-55a0-98d8-f9935f1aec70,2026-01-30 08:07:00+01:00,2026-01-30 08:33:00+01:00,21,home,Berlin,,DE,office,Berlin,,DE,commute,,public_transport,,8.27,True,True,True
befa2f95-460e-5ed2-ae01-b551aba579cd,38bb9fdb-7d90-55a0-98d8-f9935f1aec70,2026-01-30 17:19:00+01:00,2026-01-30 17:44:00+01:00,22,office,Berlin,,DE,home,Berlin,,DE,home_return,,public_transport,,8.21,True,True,True
23cd17b0-7b8b-5604-97e8-afe1afaa4511,38bb9fdb-7d90-55a0-98d8-f9935f1aec70,2026-02-01 10:53:00+01:00,2026-02-01 11:17:00+01:00,19,home,Berlin,,DE,city_center,Berlin,,DE,shopping,,public_transport,,5.78,False,True,False
a0bab59e-a846-5e22-9134-1c7690f8867e,38bb9fdb-7d90-55a0-98d8-f9935f1aec70,2026-02-01 15:17:00+01:00,2026-02-01 15:39:00+01:00,19,city_center,Berlin,,DE,home,Berlin,,DE,home_return,,public_transport,,5.85,False,True,False
d1e294c2-d941-5355-9733-b21928b1f403,38bb9fdb-7d90-55a0-98d8-f9935f1aec70,2026-02-03 08:15:00+01:00,2026-02-03 08:35:00+01:00,19,home,Berlin,,DE,office,Berlin,,DE,commute,,public_transport,,8.24,True,True,True
dc6d8db1-2cf4-5035-b916-546c7fdda02b,38bb9fdb-7d90-55a0-98d8-f9935f1aec70,2026-02-03 17:40:00+01:00,2026-02-03 18:05:00+01:00,22,office,Berlin,,DE,home,Berlin,,DE,home_return,,public_transport,,8.44,True,True,True
0fe5dbd2-ed71-5c59-b9d4-dfb643d620e4,38bb9fdb-7d90-55a0-98d8-f9935f1aec70,2026-02-04 07:47:00+01:00,2026-02-04 08:11:00+01:00,23,home,Berlin,,DE,office,Berlin,,DE,commute,,public_transport,,8.43,True,True,True
cfefc734-d8a0-59ac-b763-d6495259d077,38bb9fdb-7d90-55a0-98d8-f9935f1aec70,2026-02-04 17:30:00+01:00,2026-02-04 18:01:00+01:00,27,office,Berlin,,DE,home,Berlin,,DE,home_return,,public_transport,,8.92,True,True,True
bc8414df-c778-585d-aa55-6107be8d37ce,38bb9fdb-7d90-55a0-98d8-f9935f1aec70,2026-02-05 07:41:00+01:00,2026-02-05 08:02:00+01:00,20,home,Berlin,,DE,office,Berlin,,DE,commute,,public_transport,,8.9,True,True,True
fb1c011e-f7fe-5062-bda9-b61aa0cd4115,38bb9fdb-7d90-55a0-98d8-f9935f1aec70,2026-02-05 17:44:00+01:00,2026-02-05 18:07:00+01:00,20,office,Berlin,,DE,home,Berlin,,DE,home_return,,public_transport,,8.55,True,True,True
eea9424f-5f5c-588b-831c-a979b53b475d,38bb9fdb-7d90-55a0-98d8-f9935f1aec70,2026-02-06 07:58:00+01:00,2026-02-06 08:25:00+01:00,22,home,Berlin,,DE,office,Berlin,,DE,commute,,public_transport,,8.13,True,True,True
5feeafcd-be55-5c48-882a-a5bf8d1ab359,38bb9fdb-7d90-55a0-98d8-f9935f1aec70,2026-02-06 17:48:00+01:00,2026-02-06 18:17:00+01:00,24,office,Berlin,,DE,home,Berlin,,DE,home_return,,public_transport,,9.03,True,True,True
eadda78d-bb32-5883-a8ce-291ee8a24fc2,38bb9fdb-7d90-55a0-98d8-f9935f1aec70,2026-02-09 08:03:00+01:00,2026-02-09 08:27:00+01:00,22,home,Berlin,,DE,office,Berlin,,DE,commute,,public_transport,,8.96,True,True,True
37213142-03c1-54e5-960b-33fe2bf53a2d,38bb9fdb-7d90-55a0-98d8-f9935f1aec70,2026-02-09 17:23:00+01:00,2026-02-09 17:45:00+01:00,20,office,Berlin,,DE,home,Berlin,,DE,home_return,,public_transport,,8.63,True,True,True
551d8784-2f48-542c-978b-52ad31903f56,38bb9fdb-7d90-55a0-98d8-f9935f1aec70,2026-02-10 08:15:00+01:00,2026-02-10 08:44:00+01:00,24,home,Berlin,,DE,office,Berlin,,DE,commute,,public_transport,,8.57,True,True,True
6afb257e-f9e2-5140-b720-c32a8a3f4895,38bb9fdb-7d90-55a0-98d8-f9935f1aec70,2026-02-10 17:44:00+01:00,2026-02-10 18:12:00+01:00,24,office,Berlin,,DE,home,Berlin,,DE,home_return,,public_transport,,9.16,True,True,True
a426c1ee-0b6b-59c5-9ba3-41cf4bcf6f10,38bb9fdb-7d90-55a0-98d8-f9935f1aec70,2026-02-10 12:15:00+01:00,2026-02-10 12:32:00+01:00,17,office,Berlin,,DE,supermarket,Berlin,,DE,errands,,walking,,1.4,False,False,False
3183cae8-333b-5b72-9fd2-53911b72dede,38bb9fdb-7d90-55a0-98d8-f9935f1aec70,2026-02-11 08:08:00+01:00,2026-02-11 08:32:00+01:00,21,home,Berlin,,DE,office,Berlin,,DE,commute,,public_transport,,8.49,True,True,True
fe3abd7d-5db7-5055-be6e-93c5a33aa81b,38bb9fdb-7d90-55a0-98d8-f9935f1aec70,2026-02-11 17:47:00+01:00,2026-02-11 18:11:00+01:00,22,office,Berlin,,DE,home,Berlin,,DE,home_return,,public_transport,,8.46,True,True,True
fbe2fe9c-755e-5b1a-89e1-bb08309b7f56,38bb9fdb-7d90-55a0-98d8-f9935f1aec70,2026-02-12 08:07:00+01:00,2026-02-12 08:32:00+01:00,24,home,Berlin,,DE,office,Berlin,,DE,commute,,public_transport,,9.49,True,True,True
181067a4-c8a8-54e8-aa81-1d683060f8f9,38bb9fdb-7d90-55a0-98d8-f9935f1aec70,2026-02-12 17:27:00+01:00,2026-02-12 17:53:00+01:00,21,office,Berlin,,DE,home,Berlin,,DE,home_return,,public_transport,,8.65,True,True,True
b262cb63-a609-58c2-85fb-5658e1954969,38bb9fdb-7d90-55a0-98d8-f9935f1aec70,2026-02-13 07:59:00+01:00,2026-02-13 08:25:00+01:00,25,home,Berlin,,DE,office,Berlin,,DE,commute,,public_transport,,8.34,True,True,True
c760a98e-1118-53bc-9e90-cbf4f4eb2a4d,38bb9fdb-7d90-55a0-98d8-f9935f1aec70,2026-02-13 17:57:00+01:00,2026-02-13 18:20:00+01:00,22,office,Berlin,,DE,home,Berlin,,DE,home_return,,public_transport,,8.24,True,True,True
c1d0e767-3f66-5f9e-93d1-43fea0f654de,38bb9fdb-7d90-55a0-98d8-f9935f1aec70,2026-02-16 08:12:00+01:00,2026-02-16 08:39:00+01:00,22,home,Berlin,,DE,office,Berlin,,DE,commute,,public_transport,,8.34,True,True,True
4f423f34-0c63-51ba-97c2-30482e0e6b4f,38bb9fdb-7d90-55a0-98d8-f9935f1aec70,2026-02-16 17:37:00+01:00,2026-02-16 18:03:00+01:00,24,office,Berlin,,DE,home,Berlin,,DE,home_return,,public_transport,,8.36,True,True,True
018e08d9-075f-5fc0-ad9d-c45e56ad27f0,38bb9fdb-7d90-55a0-98d8-f9935f1aec70,2026-02-17 07:46:00+01:00,2026-02-17 08:13:00+01:00,23,home,Berlin,,DE,office,Berlin,,DE,commute,,public_transport,,8.13,True,True,True
4c9ef56d-5035-5dc5-bbaa-dc7918e75974,38bb9fdb-7d90-55a0-98d8-f9935f1aec70,2026-02-17 17:28:00+01:00,2026-02-17 17:55:00+01:00,24,office,Berlin,,DE,home,Berlin,,DE,home_return,,public_transport,,8.97,True,True,True
90f026c2-54e3-5356-9c07-3ad37784987f,38bb9fdb-7d90-55a0-98d8-f9935f1aec70,2026-02-18 08:00:00+01:00,2026-02-18 08:23:00+01:00,21,home,Berlin,,DE,office,Berlin,,DE,commute,,public_transport,,8.49,True,True,True
3b12f627-fe32-54da-9302-6af680b279f2,38bb9fdb-7d90-55a0-98d8-f9935f1aec70,2026-02-18 17:18:00+01:00,2026-02-18 17:42:00+01:00,21,office,Berlin,,DE,home,Berlin,,DE,home_return,,public_transport,,8.4,True,True,True
52aabed9-ece5-5b5f-b742-6d6a18ec33ec,38bb9fdb-7d90-55a0-98d8-f9935f1aec70,2026-02-19 08:08:00+01:00,2026-02-19 08:33:00+01:00,21,home,Berlin,,DE,office,Berlin,,DE,commute,,public_transport,,9.02,True,True,True
c16482c4-41aa-5c5d-a4f8-efe85826560f,38bb9fdb-7d90-55a0-98d8-f9935f1aec70,2026-02-19 17:53:00+01:00,2026-02-19 18:18:00+01:00,22,office,Berlin,,DE,home,Berlin,,DE,home_return,,public_transport,,8.16,True,True,True
1bfbf3fe-d6ba-53ad-8bfe-bddc0e1d64f5,38bb9fdb-7d90-55a0-98d8-f9935f1aec70,2026-02-20 08:08:00+01:00,2026-02-20 08:30:00+01:00,21,home,Berlin,,DE,office,Berlin,,DE,commute,,public_transport,,8.1,True,True,True
992d7398-1c02-5105-a898-3604e121ac78,38bb9fdb-7d90-55a0-98d8-f9935f1aec70,2026-02-20 17:37:00+01:00,2026-02-20 18:01:00+01:00,22,office,Berlin,,DE,home,Berlin,,DE,home_return,,public_transport,,8.57,True,True,True
6ba565d5-0bdc-52f8-8898-b9458f1ce5fe,38bb9fdb-7d90-55a0-98d8-f9935f1aec70,2026-02-21 10:15:00+01:00,2026-02-21 10:37:00+01:00,18,home,Berlin,,DE,city_center,Berlin,,DE,errands,,public_transport,,6.88,False,True,False
aaf5b0b4-23b3-547c-afb0-9e206b4ef711,38bb9fdb-7d90-55a0-98d8-f9935f1aec70,2026-02-21 16:31:00+01:00,2026-02-21 16:54:00+01:00,19,city_center,Berlin,,DE,home,Berlin,,DE,home_return,,public_transport,,6.98,False,True,False
978d367e-6460-5ba7-88e4-787c9d928282,38bb9fdb-7d90-55a0-98d8-f9935f1aec70,2026-02-23 08:12:00+01:00,2026-02-23 08:37:00+01:00,24,home,Berlin,,DE,office,Berlin,,DE,commute,,public_transport,,9.54,True,True,True
e9f19a38-2463-5105-9139-6fa0b91db1b9,38bb9fdb-7d90-55a0-98d8-f9935f1aec70,2026-02-23 17:14:00+01:00,2026-02-23 17:37:00+01:00,22,office,Berlin,,DE,home,Berlin,,DE,home_return,,public_transport,,8.73,True,True,True
c6920913-151e-569e-8222-7578d17f1b55,38bb9fdb-7d90-55a0-98d8-f9935f1aec70,2026-02-24 07:51:00+01:00,2026-02-24 08:15:00+01:00,22,home,Berlin,,DE,office,Berlin,,DE,commute,,public_transport,,8.03,True,True,True
c422cd5e-3652-5738-bf7f-d1dd403c155d,38bb9fdb-7d90-55a0-98d8-f9935f1aec70,2026-02-24 17:48:00+01:00,2026-02-24 18:18:00+01:00,26,office,Berlin,,DE,home,Berlin,,DE,home_return,,public_transport,,9.22,True,True,True
6589079d-d395-58c7-a431-4af106c3e87d,38bb9fdb-7d90-55a0-98d8-f9935f1aec70,2026-02-25 07:56:00+01:00,2026-02-25 08:25:00+01:00,24,home,Berlin,,DE,office,Berlin,,DE,commute,,public_transport,,8.92,True,True,True
10273114-6267-5b44-b866-2ecc376f5842,38bb9fdb-7d90-55a0-98d8-f9935f1aec70,2026-02-25 17:02:00+01:00,2026-02-25 17:29:00+01:00,26,office,Berlin,,DE,home,Berlin,,DE,home_return,,public_transport,,9.62,True,True,True
031ba7ca-8c91-58c0-8986-6c7fcb1f1509,38bb9fdb-7d90-55a0-98d8-f9935f1aec70,2026-02-26 07:42:00+01:00,2026-02-26 08:11:00+01:00,26,home,Berlin,,DE,office,Berlin,,DE,commute,,public_transport,,8.95,True,True,True
9904a28b-9d96-5f1d-afde-93d1ea39da06,38bb9fdb-7d90-55a0-98d8-f9935f1aec70,2026-02-26 17:27:00+01:00,2026-02-26 17:55:00+01:00,24,office,Berlin,,DE,home,Berlin,,DE,home_return,,public_transport,,8.46,True,True,True
4bba36cf-652c-5e6e-89ff-44192d4f98e2,38bb9fdb-7d90-55a0-98d8-f9935f1aec70,2026-02-27 08:14:00+01:00,2026-02-27 08:39:00+01:00,23,home,Berlin,,DE,office,Berlin,,DE,commute,,public_transport,,8.88,True,True,True
d75f24fb-0dac-5a15-a39c-0f8622d82744,38bb9fdb-7d90-55a0-98d8-f9935f1aec70,2026-02-27 17:31:00+01:00,2026-02-27 17:57:00+01:00,23,office,Berlin,,DE,home,Berlin,,DE,home_return,,public_transport,,8.69,True,True,True
522ef2e5-34de-5db5-87e7-c97c46e60b36,38bb9fdb-7d90-55a0-98d8-f9935f1aec70,2026-02-28 11:47:00+01:00,2026-02-28 12:11:00+01:00,19,home,Berlin,,DE,city_center,Berlin,,DE,social,,public_transport,,6.83,False,True,False
51d0d739-6a42-5a23-8dd7-b3b86cd3b05e,38bb9fdb-7d90-55a0-98d8-f9935f1aec70,2026-02-28 16:54:00+01:00,2026-02-28 17:16:00+01:00,18,city_center,Berlin,,DE,home,Berlin,,DE,home_return,,public_transport,,6.79,False,True,False
a6a787a2-71f1-54c3-b9c1-96be42e6383a,38bb9fdb-7d90-55a0-98d8-f9935f1aec70,2026-03-01 10:31:00+01:00,2026-03-01 10:51:00+01:00,19,home,Berlin,,DE,city_center,Berlin,,DE,social,,public_transport,,5.38,False,True,False
60a43e74-b83b-5802-84da-fa0abdc275c8,38bb9fdb-7d90-55a0-98d8-f9935f1aec70,2026-03-01 15:08:00+01:00,2026-03-01 15:24:00+01:00,14,city_center,Berlin,,DE,home,Berlin,,DE,home_return,,public_transport,,4.96,False,True,False
e39c4f7e-de46-57bf-8502-ea033e7c95c4,38bb9fdb-7d90-55a0-98d8-f9935f1aec70,2026-03-02 08:07:00+01:00,2026-03-02 08:33:00+01:00,23,home,Berlin,,DE,office,Berlin,,DE,commute,,public_transport,,8.71,True,True,True
c12109d9-2857-59bb-a0a8-9c4588a5536d,38bb9fdb-7d90-55a0-98d8-f9935f1aec70,2026-03-02 17:01:00+01:00,2026-03-02 17:26:00+01:00,21,office,Berlin,,DE,home,Berlin,,DE,home_return,,public_transport,,8.63,True,True,True
8fa930a2-0d3e-5bb7-b431-3a4d1a5ce7c9,38bb9fdb-7d90-55a0-98d8-f9935f1aec70,2026-03-02 12:37:00+01:00,2026-03-02 13:07:00+01:00,30,office,Berlin,,DE,supermarket,Berlin,,DE,errands,,walking,,2.5,False,False,False
f4cd2e06-3a66-53a7-bb5b-1667c82a3f06,38bb9fdb-7d90-55a0-98d8-f9935f1aec70,2026-03-03 08:01:00+01:00,2026-03-03 08:25:00+01:00,20,home,Berlin,,DE,office,Berlin,,DE,commute,,public_transport,,8.6,True,True,True
85e8b55c-3d2e-5dd0-9d81-ed328e0fff65,38bb9fdb-7d90-55a0-98d8-f9935f1aec70,2026-03-03 17:50:00+01:00,2026-03-03 18:16:00+01:00,24,office,Berlin,,DE,home,Berlin,,DE,home_return,,public_transport,,9.07,True,True,True
2c7dcefc-5569-5783-9326-fdd03336fd6f,38bb9fdb-7d90-55a0-98d8-f9935f1aec70,2026-03-03 12:27:00+01:00,2026-03-03 13:15:00+01:00,48,office,Berlin,,DE,supermarket,Berlin,,DE,errands,,walking,,4.0,False,False,False
41252487-9339-5ec9-8661-7b0854d0d529,38bb9fdb-7d90-55a0-98d8-f9935f1aec70,2026-03-04 08:17:00+01:00,2026-03-04 08:42:00+01:00,24,home,Berlin,,DE,office,Berlin,,DE,commute,,public_transport,,9.49,True,True,True
91bee720-3876-5eae-86fe-890ee8660724,38bb9fdb-7d90-55a0-98d8-f9935f1aec70,2026-03-04 17:27:00+01:00,2026-03-04 17:54:00+01:00,24,office,Berlin,,DE,home,Berlin,,DE,home_return,,public_transport,,8.97,True,True,True
deea25e3-d53b-5b8b-8bc9-59d7102d9a6e,38bb9fdb-7d90-55a0-98d8-f9935f1aec70,2026-03-05 08:06:00+01:00,2026-03-05 08:34:00+01:00,24,home,Berlin,,DE,office,Berlin,,DE,commute,,public_transport,,8.62,True,True,True
a68f241a-8147-5fe4-9924-ec3b5b01b164,38bb9fdb-7d90-55a0-98d8-f9935f1aec70,2026-03-05 17:56:00+01:00,2026-03-05 18:22:00+01:00,24,office,Berlin,,DE,home,Berlin,,DE,home_return,,public_transport,,8.99,True,True,True
49c350d2-0885-5a2c-ab44-1b6a21901f03,38bb9fdb-7d90-55a0-98d8-f9935f1aec70,2026-03-06 08:09:00+01:00,2026-03-06 08:40:00+01:00,26,home,Berlin,,DE,office,Berlin,,DE,commute,,public_transport,,9.39,True,True,True
793c541f-0310-5516-82a3-71061d2ca801,38bb9fdb-7d90-55a0-98d8-f9935f1aec70,2026-03-06 17:59:00+01:00,2026-03-06 18:26:00+01:00,22,office,Berlin,,DE,home,Berlin,,DE,home_return,,public_transport,,9.38,True,True,True
d5792312-81e9-54f8-9a77-819989ac9887,38bb9fdb-7d90-55a0-98d8-f9935f1aec70,2026-03-07 11:48:00+01:00,2026-03-07 12:10:00+01:00,21,home,Berlin,,DE,city_center,Berlin,,DE,shopping,,public_transport,,7.98,False,True,False
e5fb0095-12f7-506f-b04e-b77bc41b9b7e,38bb9fdb-7d90-55a0-98d8-f9935f1aec70,2026-03-07 16:48:00+01:00,2026-03-07 17:12:00+01:00,22,city_center,Berlin,,DE,home,Berlin,,DE,home_return,,public_transport,,8.03,False,True,False
a866e358-77fa-575c-a92d-78e4815adc15,38bb9fdb-7d90-55a0-98d8-f9935f1aec70,2026-03-09 07:52:00+01:00,2026-03-09 08:18:00+01:00,23,home,Berlin,,DE,office,Berlin,,DE,commute,,public_transport,,8.29,True,True,True
e5c21fd2-a133-5f58-ad47-5cc0bbcb20b8,38bb9fdb-7d90-55a0-98d8-f9935f1aec70,2026-03-09 17:27:00+01:00,2026-03-09 17:53:00+01:00,24,office,Berlin,,DE,home,Berlin,,DE,home_return,,public_transport,,8.92,True,True,True
b483eb4a-55e2-5273-9e97-263f78bd3730,38bb9fdb-7d90-55a0-98d8-f9935f1aec70,2026-03-09 12:40:00+01:00,2026-03-09 13:02:00+01:00,22,office,Berlin,,DE,supermarket,Berlin,,DE,errands,,walking,,1.8,False,False,False
20917874-2569-50c6-b6f1-a43c66b42426,38bb9fdb-7d90-55a0-98d8-f9935f1aec70,2026-03-10 07:42:00+01:00,2026-03-10 08:05:00+01:00,22,home,Berlin,,DE,office,Berlin,,DE,commute,,public_transport,,8.84,True,True,True
4d8f9a86-663a-5f52-b7ed-16c75925daaa,38bb9fdb-7d90-55a0-98d8-f9935f1aec70,2026-03-10 17:20:00+01:00,2026-03-10 17:52:00+01:00,28,office,Berlin,,DE,home,Berlin,,DE,home_return,,public_transport,,9.74,True,True,True
6684005e-9187-5830-9918-e6c18a3a282d,38bb9fdb-7d90-55a0-98d8-f9935f1aec70,2026-03-11 07:48:00+01:00,2026-03-11 08:18:00+01:00,25,home,Berlin,,DE,office,Berlin,,DE,commute,,public_transport,,8.84,True,True,True
364083f9-eb15-515f-b66c-573d9a5c283f,38bb9fdb-7d90-55a0-98d8-f9935f1aec70,2026-03-11 17:53:00+01:00,2026-03-11 18:21:00+01:00,23,office,Berlin,,DE,home,Berlin,,DE,home_return,,public_transport,,8.85,True,True,True
2bd85ea3-391d-594e-98c3-f00bf325b411,38bb9fdb-7d90-55a0-98d8-f9935f1aec70,2026-03-12 08:00:00+01:00,2026-03-12 08:27:00+01:00,23,home,Berlin,,DE,office,Berlin,,DE,commute,,public_transport,,8.35,True,True,True
58c31e50-516e-5ea1-a619-dadbc3948fda,38bb9fdb-7d90-55a0-98d8-f9935f1aec70,2026-03-12 17:59:00+01:00,2026-03-12 18:21:00+01:00,20,office,Berlin,,DE,home,Berlin,,DE,home_return,,public_transport,,8.94,True,True,True
a2c9673b-bcb4-5e60-8c6d-7ea7516e5581,38bb9fdb-7d90-55a0-98d8-f9935f1aec70,2026-03-13 07:43:00+01:00,2026-03-13 08:06:00+01:00,22,home,Berlin,,DE,office,Berlin,,DE,commute,,public_transport,,9.26,True,True,True
6e515b2a-3fdd-5e2a-8637-fda36054d5fb,38bb9fdb-7d90-55a0-98d8-f9935f1aec70,2026-03-13 17:43:00+01:00,2026-03-13 18:06:00+01:00,21,office,Berlin,,DE,home,Berlin,,DE,home_return,,public_transport,,8.54,True,True,True
c2478bcc-ebac-5804-9b36-46f2c6dea9ba,38bb9fdb-7d90-55a0-98d8-f9935f1aec70,2026-03-15 11:47:00+01:00,2026-03-15 12:15:00+01:00,27,home,Berlin,,DE,city_center,Berlin,,DE,leisure,,public_transport,,9.8,False,True,False
125e10de-707a-5eb0-b150-b4d7949044b6,38bb9fdb-7d90-55a0-98d8-f9935f1aec70,2026-03-15 16:40:00+01:00,2026-03-15 17:07:00+01:00,23,city_center,Berlin,,DE,home,Berlin,,DE,home_return,,public_transport,,9.42,False,True,False
d1277c6c-4473-53b3-8fff-cb6525c0d0cc,38bb9fdb-7d90-55a0-98d8-f9935f1aec70,2026-03-16 07:47:00+01:00,2026-03-16 08:11:00+01:00,20,home,Berlin,,DE,office,Berlin,,DE,commute,,public_transport,,8.43,True,True,True
6e95ac54-32ed-5c32-8ec8-242c8012d669,38bb9fdb-7d90-55a0-98d8-f9935f1aec70,2026-03-16 17:25:00+01:00,2026-03-16 17:52:00+01:00,24,office,Berlin,,DE,home,Berlin,,DE,home_return,,public_transport,,9.47,True,True,True
96c22d5d-ccbd-566d-ab16-12ca969d97eb,38bb9fdb-7d90-55a0-98d8-f9935f1aec70,2026-03-17 07:50:00+01:00,2026-03-17 08:18:00+01:00,24,home,Berlin,,DE,office,Berlin,,DE,commute,,public_transport,,8.51,True,True,True
c0a3b87c-8802-589b-9778-c03dca861356,38bb9fdb-7d90-55a0-98d8-f9935f1aec70,2026-03-17 17:05:00+01:00,2026-03-17 17:35:00+01:00,26,office,Berlin,,DE,home,Berlin,,DE,home_return,,public_transport,,8.71,True,True,True
a630bbaf-248c-5fcb-b327-34dc4ffa5ec6,38bb9fdb-7d90-55a0-98d8-f9935f1aec70,2026-03-18 07:46:00+01:00,2026-03-18 08:13:00+01:00,22,home,Berlin,,DE,office,Berlin,,DE,commute,,public_transport,,8.59,True,True,True
3c58aebf-c2f8-52c2-ab99-e6d20556f715,38bb9fdb-7d90-55a0-98d8-f9935f1aec70,2026-03-18 17:46:00+01:00,2026-03-18 18:15:00+01:00,25,office,Berlin,,DE,home,Berlin,,DE,home_return,,public_transport,,8.85,True,True,True
b5b14b3f-4954-5c53-ab81-48abc9f59387,38bb9fdb-7d90-55a0-98d8-f9935f1aec70,2026-03-19 08:08:00+01:00,2026-03-19 08:30:00+01:00,18,home,Berlin,,DE,office,Berlin,,DE,commute,,public_transport,,8.02,True,True,True
d67a38b1-8851-5e65-a296-eead4f93f37c,38bb9fdb-7d90-55a0-98d8-f9935f1aec70,2026-03-19 17:36:00+01:00,2026-03-19 18:03:00+01:00,22,office,Berlin,,DE,home,Berlin,,DE,home_return,,public_transport,,8.44,True,True,True
5855805c-acb5-5351-90d8-bb0f0fb7e64d,38bb9fdb-7d90-55a0-98d8-f9935f1aec70,2026-03-20 08:18:00+01:00,2026-03-20 08:44:00+01:00,23,home,Berlin,,DE,office,Berlin,,DE,commute,,public_transport,,8.31,True,True,True
14f1fd7e-e3a5-5035-9b84-9a235f3dd6ac,38bb9fdb-7d90-55a0-98d8-f9935f1aec70,2026-03-20 17:08:00+01:00,2026-03-20 17:37:00+01:00,26,office,Berlin,,DE,home,Berlin,,DE,home_return,,public_transport,,9.59,True,True,True
7040bdac-7247-5026-885e-eb6ad7c9043d,38bb9fdb-7d90-55a0-98d8-f9935f1aec70,2026-03-21 12:00:00+01:00,2026-03-21 12:19:00+01:00,18,home,Berlin,,DE,city_center,Berlin,,DE,errands,,public_transport,,4.31,False,True,False
c50bd69c-5e29-510d-8597-6839deedb725,38bb9fdb-7d90-55a0-98d8-f9935f1aec70,2026-03-21 16:58:00+01:00,2026-03-21 17:18:00+01:00,18,city_center,Berlin,,DE,home,Berlin,,DE,home_return,,public_transport,,4.3,False,True,False
512d24a0-78be-5c56-a7ff-2d903fb5d81b,38bb9fdb-7d90-55a0-98d8-f9935f1aec70,2026-03-23 07:50:00+01:00,2026-03-23 08:18:00+01:00,23,home,Berlin,,DE,office,Berlin,,DE,commute,,public_transport,,9.07,True,True,True
8cf7b552-2930-524b-8f51-1cce4cc4f412,38bb9fdb-7d90-55a0-98d8-f9935f1aec70,2026-03-23 17:23:00+01:00,2026-03-23 17:47:00+01:00,23,office,Berlin,,DE,home,Berlin,,DE,home_return,,public_transport,,8.26,True,True,True
07fbab00-31bb-5f8e-915a-6c3608da5f1a,38bb9fdb-7d90-55a0-98d8-f9935f1aec70,2026-03-24 08:11:00+01:00,2026-03-24 08:39:00+01:00,26,home,Berlin,,DE,office,Berlin,,DE,commute,,public_transport,,9.0,True,True,True
b7bdd1ba-0a36-5f91-80aa-3a39fdf5316a,38bb9fdb-7d90-55a0-98d8-f9935f1aec70,2026-03-24 17:17:00+01:00,2026-03-24 17:42:00+01:00,23,office,Berlin,,DE,home,Berlin,,DE,home_return,,public_transport,,9.27,True,True,True
67967938-715d-55ae-812c-8516e8535c66,38bb9fdb-7d90-55a0-98d8-f9935f1aec70,2026-03-25 07:52:00+01:00,2026-03-25 08:15:00+01:00,21,home,Berlin,,DE,office,Berlin,,DE,commute,,public_transport,,9.09,True,True,True
d47b70ab-b3da-507f-97dc-c9b5a9fd9006,38bb9fdb-7d90-55a0-98d8-f9935f1aec70,2026-03-25 17:15:00+01:00,2026-03-25 17:45:00+01:00,27,office,Berlin,,DE,home,Berlin,,DE,home_return,,public_transport,,9.75,True,True,True
75b7c98c-5c44-5f15-8766-28d53b903186,38bb9fdb-7d90-55a0-98d8-f9935f1aec70,2026-03-26 08:00:00+01:00,2026-03-26 08:25:00+01:00,23,home,Berlin,,DE,office,Berlin,,DE,commute,,public_transport,,8.8,True,True,True
4a29b1ed-451d-5b9c-b9d7-63aae479cb6c,38bb9fdb-7d90-55a0-98d8-f9935f1aec70,2026-03-26 17:47:00+01:00,2026-03-26 18:12:00+01:00,20,office,Berlin,,DE,home,Berlin,,DE,home_return,,public_transport,,8.78,True,True,True
0939ee57-0d11-55b4-9347-c886f9a47199,38bb9fdb-7d90-55a0-98d8-f9935f1aec70,2026-03-27 08:18:00+01:00,2026-03-27 08:50:00+01:00,27,home,Berlin,,DE,office,Berlin,,DE,commute,,public_transport,,9.72,True,True,True
525733c1-effc-57fc-b014-5230df936ae9,38bb9fdb-7d90-55a0-98d8-f9935f1aec70,2026-03-27 17:00:00+01:00,2026-03-27 17:29:00+01:00,26,office,Berlin,,DE,home,Berlin,,DE,home_return,,public_transport,,9.54,True,True,True
68de3821-7bec-5a6d-8376-79eec43235d4,38bb9fdb-7d90-55a0-98d8-f9935f1aec70,2026-03-28 11:14:00+01:00,2026-03-28 11:42:00+01:00,24,home,Berlin,,DE,city_center,Berlin,,DE,leisure,,public_transport,,9.04,False,True,False
7e4530ad-143b-5b2d-8f74-471cae87eca1,38bb9fdb-7d90-55a0-98d8-f9935f1aec70,2026-03-28 16:52:00+01:00,2026-03-28 17:18:00+01:00,21,city_center,Berlin,,DE,home,Berlin,,DE,home_return,,public_transport,,8.81,False,True,False
948c34ff-7ba4-572e-b7ad-bf2f83a88710,38bb9fdb-7d90-55a0-98d8-f9935f1aec70,2026-03-29 11:03:00+01:00,2026-03-29 11:26:00+01:00,20,home,Berlin,,DE,city_center,Berlin,,DE,social,,public_transport,,5.3,False,True,False
3ba9a266-9a6f-56d7-aa35-decadfa49422,38bb9fdb-7d90-55a0-98d8-f9935f1aec70,2026-03-29 15:36:00+01:00,2026-03-29 15:55:00+01:00,16,city_center,Berlin,,DE,home,Berlin,,DE,home_return,,public_transport,,4.92,False,True,False
fd8226c5-5ab3-50ad-b6f4-884b867326d6,38bb9fdb-7d90-55a0-98d8-f9935f1aec70,2026-03-30 08:11:00+01:00,2026-03-30 08:33:00+01:00,18,home,Berlin,,DE,office,Berlin,,DE,commute,,public_transport,,7.94,True,True,True
58cbce87-ba68-5c18-81b1-16b4001854f5,38bb9fdb-7d90-55a0-98d8-f9935f1aec70,2026-03-30 17:14:00+01:00,2026-03-30 17:39:00+01:00,23,office,Berlin,,DE,home,Berlin,,DE,home_return,,public_transport,,8.31,True,True,True
f1a4eb2c-4e3f-512b-bd3f-636ca46a28d9,38bb9fdb-7d90-55a0-98d8-f9935f1aec70,2026-03-31 07:42:00+01:00,2026-03-31 08:13:00+01:00,26,home,Berlin,,DE,office,Berlin,,DE,commute,,public_transport,,9.67,True,True,True
85dd8962-8cf0-5a36-888b-09bcdb67aa9c,38bb9fdb-7d90-55a0-98d8-f9935f1aec70,2026-03-31 17:54:00+01:00,2026-03-31 18:16:00+01:00,19,office,Berlin,,DE,home,Berlin,,DE,home_return,,public_transport,,8.49,True,True,True
13281616-14cb-517f-b4d4-034a7fd66796,38bb9fdb-7d90-55a0-98d8-f9935f1aec70,2026-04-01 08:12:00+01:00,2026-04-01 08:37:00+01:00,20,home,Berlin,,DE,office,Berlin,,DE,commute,,public_transport,,8.18,True,True,True
fb6c5f8e-005c-5f77-903b-7ca79f0c1a1b,38bb9fdb-7d90-55a0-98d8-f9935f1aec70,2026-04-01 17:00:00+01:00,2026-04-01 17:31:00+01:00,27,office,Berlin,,DE,home,Berlin,,DE,home_return,,public_transport,,9.8,True,True,True
f629ea38-c9a8-5864-9e63-38042f10870d,38bb9fdb-7d90-55a0-98d8-f9935f1aec70,2026-04-02 08:01:00+01:00,2026-04-02 08:24:00+01:00,22,home,Berlin,,DE,office,Berlin,,DE,commute,,public_transport,,8.18,True,True,True
b8a25374-c0ba-5ad4-becc-90ffaa857767,38bb9fdb-7d90-55a0-98d8-f9935f1aec70,2026-04-02 18:00:00+01:00,2026-04-02 18:22:00+01:00,21,office,Berlin,,DE,home,Berlin,,DE,home_return,,public_transport,,8.7,True,True,True
568a3415-fb51-5dbb-97c7-583862968c3f,38bb9fdb-7d90-55a0-98d8-f9935f1aec70,2026-04-03 07:57:00+01:00,2026-04-03 08:20:00+01:00,22,home,Berlin,,DE,office,Berlin,,DE,commute,,public_transport,,8.59,True,True,True
88ba3091-d7b1-587b-990a-23960cf00ba5,38bb9fdb-7d90-55a0-98d8-f9935f1aec70,2026-04-03 17:20:00+01:00,2026-04-03 17:50:00+01:00,25,office,Berlin,,DE,home,Berlin,,DE,home_return,,public_transport,,9.57,True,True,True
1fe87171-d468-519e-852e-962a61950f8a,38bb9fdb-7d90-55a0-98d8-f9935f1aec70,2026-04-05 11:10:00+01:00,2026-04-05 11:35:00+01:00,21,home,Berlin,,DE,city_center,Berlin,,DE,leisure,,public_transport,,8.25,False,True,False
635376ea-6b4b-5f74-902d-0d4d90de5630,38bb9fdb-7d90-55a0-98d8-f9935f1aec70,2026-04-05 15:30:00+01:00,2026-04-05 15:54:00+01:00,23,city_center,Berlin,,DE,home,Berlin,,DE,home_return,,public_transport,,8.36,False,True,False
88d0b013-293a-5591-9438-05d54fa5ee3f,38bb9fdb-7d90-55a0-98d8-f9935f1aec70,2026-04-06 08:05:00+01:00,2026-04-06 08:29:00+01:00,22,home,Berlin,,DE,office,Berlin,,DE,commute,,public_transport,,8.57,True,True,True
60f0b6dd-3890-5cc1-a9d6-c8ea6d6f0f96,38bb9fdb-7d90-55a0-98d8-f9935f1aec70,2026-04-06 17:27:00+01:00,2026-04-06 17:55:00+01:00,23,office,Berlin,,DE,home,Berlin,,DE,home_return,,public_transport,,8.81,True,True,True
487ebe33-eccc-5e44-8356-ee7e8b4fe41a,38bb9fdb-7d90-55a0-98d8-f9935f1aec70,2026-04-07 08:11:00+01:00,2026-04-07 08:36:00+01:00,22,home,Berlin,,DE,office,Berlin,,DE,commute,,public_transport,,8.81,True,True,True
589d22aa-4670-5b58-be67-1276a5633afa,38bb9fdb-7d90-55a0-98d8-f9935f1aec70,2026-04-07 17:48:00+01:00,2026-04-07 18:11:00+01:00,21,office,Berlin,,DE,home,Berlin,,DE,home_return,,public_transport,,8.6,True,True,True
c85ee5db-6297-505f-8742-cb5c05882de4,38bb9fdb-7d90-55a0-98d8-f9935f1aec70,2026-04-09 07:49:00+01:00,2026-04-09 08:15:00+01:00,21,home,Berlin,,DE,office,Berlin,,DE,commute,,public_transport,,8.2,True,True,True
50afaed5-c9f5-54a2-ae1b-ed6d14b9dfc1,38bb9fdb-7d90-55a0-98d8-f9935f1aec70,2026-04-09 17:05:00+01:00,2026-04-09 17:32:00+01:00,25,office,Berlin,,DE,home,Berlin,,DE,home_return,,public_transport,,8.93,True,True,True
bb426bb0-3691-58c6-a1cb-fd26c4f89623,38bb9fdb-7d90-55a0-98d8-f9935f1aec70,2026-04-10 08:07:00+01:00,2026-04-10 08:31:00+01:00,23,home,Berlin,,DE,office,Berlin,,DE,commute,,public_transport,,8.39,True,True,True
abb21c62-09a7-5c76-b855-1be61a70db60,38bb9fdb-7d90-55a0-98d8-f9935f1aec70,2026-04-10 17:32:00+01:00,2026-04-10 17:59:00+01:00,22,office,Berlin,,DE,home,Berlin,,DE,home_return,,public_transport,,8.79,True,True,True
7029def2-709e-519b-8658-e4961925a76b,38bb9fdb-7d90-55a0-98d8-f9935f1aec70,2026-04-14 08:05:00+01:00,2026-04-14 08:30:00+01:00,22,home,Berlin,,DE,office,Berlin,,DE,commute,,public_transport,,9.16,True,True,True
37e64c8d-13a9-5b99-8eb8-355a8ea70610,38bb9fdb-7d90-55a0-98d8-f9935f1aec70,2026-04-14 17:48:00+01:00,2026-04-14 18:14:00+01:00,23,office,Berlin,,DE,home,Berlin,,DE,home_return,,public_transport,,9.15,True,True,True
52a10b43-be2e-5a31-96e2-32daefe3e9ba,38bb9fdb-7d90-55a0-98d8-f9935f1aec70,2026-04-15 07:45:00+01:00,2026-04-15 08:08:00+01:00,22,home,Berlin,,DE,office,Berlin,,DE,commute,,public_transport,,8.35,True,True,True
f1647186-970e-5632-9bd7-a11dcbf866ae,38bb9fdb-7d90-55a0-98d8-f9935f1aec70,2026-04-15 17:25:00+01:00,2026-04-15 17:49:00+01:00,20,office,Berlin,,DE,home,Berlin,,DE,home_return,,public_transport,,7.88,True,True,True
2ebff8ee-aa81-56fe-938b-8ed4a132c122,38bb9fdb-7d90-55a0-98d8-f9935f1aec70,2026-04-16 08:11:00+01:00,2026-04-16 08:40:00+01:00,24,home,Berlin,,DE,office,Berlin,,DE,commute,,public_transport,,9.26,True,True,True
8073e272-1032-5b67-865f-23afb8e615ca,38bb9fdb-7d90-55a0-98d8-f9935f1aec70,2026-04-16 17:44:00+01:00,2026-04-16 18:08:00+01:00,23,office,Berlin,,DE,home,Berlin,,DE,home_return,,public_transport,,9.05,True,True,True
289f47d5-a2b5-5e4b-8158-76ef0a28e1e2,38bb9fdb-7d90-55a0-98d8-f9935f1aec70,2026-04-16 12:15:00+01:00,2026-04-16 12:31:00+01:00,16,office,Berlin,,DE,supermarket,Berlin,,DE,errands,,walking,,1.3,False,False,False
11e45633-9b5e-5c45-aee6-8db21dd05f25,38bb9fdb-7d90-55a0-98d8-f9935f1aec70,2026-04-17 08:10:00+01:00,2026-04-17 08:38:00+01:00,24,home,Berlin,,DE,office,Berlin,,DE,commute,,public_transport,,8.24,True,True,True
649e6233-1381-591c-80ab-6700e38e04c5,38bb9fdb-7d90-55a0-98d8-f9935f1aec70,2026-04-17 17:34:00+01:00,2026-04-17 17:59:00+01:00,21,office,Berlin,,DE,home,Berlin,,DE,home_return,,public_transport,,9.15,True,True,True
16d74a7f-dbb6-5f67-8d0b-94396528ca4a,38bb9fdb-7d90-55a0-98d8-f9935f1aec70,2026-04-18 11:02:00+01:00,2026-04-18 11:31:00+01:00,24,home,Berlin,,DE,city_center,Berlin,,DE,errands,,public_transport,,9.14,False,True,False
dc859a67-b4cc-5f31-a12f-3da54ca6baf4,38bb9fdb-7d90-55a0-98d8-f9935f1aec70,2026-04-18 15:37:00+01:00,2026-04-18 16:02:00+01:00,24,city_center,Berlin,,DE,home,Berlin,,DE,home_return,,public_transport,,9.16,False,True,False
e229ddd5-05e3-5271-a5a6-3c9a6932f36a,38bb9fdb-7d90-55a0-98d8-f9935f1aec70,2026-04-19 10:53:00+01:00,2026-04-19 11:23:00+01:00,25,home,Berlin,,DE,city_center,Berlin,,DE,errands,,public_transport,,8.88,False,True,False
63bf957b-de19-5a5c-bfe9-b8943bc51fd0,38bb9fdb-7d90-55a0-98d8-f9935f1aec70,2026-04-19 15:37:00+01:00,2026-04-19 16:04:00+01:00,22,city_center,Berlin,,DE,home,Berlin,,DE,home_return,,public_transport,,8.7,False,True,False
49027d73-68dd-5708-9fe1-f1d304e71e5a,38bb9fdb-7d90-55a0-98d8-f9935f1aec70,2026-04-20 08:11:00+01:00,2026-04-20 08:33:00+01:00,21,home,Berlin,,DE,office,Berlin,,DE,commute,,public_transport,,8.88,True,True,True
ccb1905c-a0bf-53fc-8448-ead14a772de8,38bb9fdb-7d90-55a0-98d8-f9935f1aec70,2026-04-20 17:04:00+01:00,2026-04-20 17:30:00+01:00,22,office,Berlin,,DE,home,Berlin,,DE,home_return,,public_transport,,8.42,True,True,True
a49fe522-eedf-55fb-a313-93fc4aa30320,38bb9fdb-7d90-55a0-98d8-f9935f1aec70,2026-04-21 08:07:00+01:00,2026-04-21 08:31:00+01:00,22,home,Berlin,,DE,office,Berlin,,DE,commute,,public_transport,,8.63,True,True,True
e2557d8b-96d7-5c57-83db-8758b57fcd49,38bb9fdb-7d90-55a0-98d8-f9935f1aec70,2026-04-21 17:32:00+01:00,2026-04-21 18:02:00+01:00,27,office,Berlin,,DE,home,Berlin,,DE,home_return,,public_transport,,9.03,True,True,True
e666ea9f-4f20-5c34-b5be-7e3308589393,38bb9fdb-7d90-55a0-98d8-f9935f1aec70,2026-04-22 07:58:00+01:00,2026-04-22 08:25:00+01:00,23,home,Berlin,,DE,office,Berlin,,DE,commute,,public_transport,,8.84,True,True,True
f9f757b3-a2d1-56a3-8ee8-9e5f6d254dab,38bb9fdb-7d90-55a0-98d8-f9935f1aec70,2026-04-22 17:47:00+01:00,2026-04-22 18:13:00+01:00,24,office,Berlin,,DE,home,Berlin,,DE,home_return,,public_transport,,9.12,True,True,True
54e3f6b7-28b2-5218-9781-f2b9cf379ffc,38bb9fdb-7d90-55a0-98d8-f9935f1aec70,2026-04-23 07:48:00+01:00,2026-04-23 08:12:00+01:00,20,home,Berlin,,DE,office,Berlin,,DE,commute,,public_transport,,8.77,True,True,True
9ca0de2c-7806-5485-819d-1a5437b960e3,38bb9fdb-7d90-55a0-98d8-f9935f1aec70,2026-04-23 17:31:00+01:00,2026-04-23 17:55:00+01:00,23,office,Berlin,,DE,home,Berlin,,DE,home_return,,public_transport,,8.75,True,True,True
4d8ccee4-fd96-51dd-a850-e846f0707e94,38bb9fdb-7d90-55a0-98d8-f9935f1aec70,2026-04-24 07:51:00+01:00,2026-04-24 08:19:00+01:00,27,home,Berlin,,DE,office,Berlin,,DE,commute,,public_transport,,9.36,True,True,True
159c85d4-cd05-5918-bca7-1e36a6a262c7,38bb9fdb-7d90-55a0-98d8-f9935f1aec70,2026-04-24 17:07:00+01:00,2026-04-24 17:30:00+01:00,21,office,Berlin,,DE,home,Berlin,,DE,home_return,,public_transport,,8.38,True,True,True
065e6991-7714-5865-a16b-c4359cdcafd5,38bb9fdb-7d90-55a0-98d8-f9935f1aec70,2026-04-27 07:49:00+01:00,2026-04-27 08:20:00+01:00,26,home,Berlin,,DE,office,Berlin,,DE,commute,,public_transport,,9.11,True,True,True
b118faef-bdd9-564d-a9c7-6bdd2f43f030,38bb9fdb-7d90-55a0-98d8-f9935f1aec70,2026-04-27 17:59:00+01:00,2026-04-27 18:27:00+01:00,27,office,Berlin,,DE,home,Berlin,,DE,home_return,,public_transport,,9.44,True,True,True
1a74bba0-1714-537b-b883-dcd2da6335bb,38bb9fdb-7d90-55a0-98d8-f9935f1aec70,2026-04-28 07:46:00+01:00,2026-04-28 08:07:00+01:00,20,home,Berlin,,DE,office,Berlin,,DE,commute,,public_transport,,9.06,True,True,True
b274d825-48c1-50a2-acf4-50252b2e0876,38bb9fdb-7d90-55a0-98d8-f9935f1aec70,2026-04-28 17:13:00+01:00,2026-04-28 17:37:00+01:00,21,office,Berlin,,DE,home,Berlin,,DE,home_return,,public_transport,,8.13,True,True,True
93221e73-bb60-5cae-b5e9-041c30523103,38bb9fdb-7d90-55a0-98d8-f9935f1aec70,2026-04-29 07:49:00+01:00,2026-04-29 08:12:00+01:00,21,home,Berlin,,DE,office,Berlin,,DE,commute,,public_transport,,9.17,True,True,True
df05b3f5-1115-522f-b142-d469b7a5d6e5,38bb9fdb-7d90-55a0-98d8-f9935f1aec70,2026-04-29 17:26:00+01:00,2026-04-29 17:50:00+01:00,20,office,Berlin,,DE,home,Berlin,,DE,home_return,,public_transport,,8.06,True,True,True
3a2d87a4-4ee1-546b-a5ff-392ebd125d13,38bb9fdb-7d90-55a0-98d8-f9935f1aec70,2026-04-30 08:06:00+01:00,2026-04-30 08:33:00+01:00,25,home,Berlin,,DE,office,Berlin,,DE,commute,,public_transport,,8.77,True,True,True
b74e1147-3945-5b7d-8d7b-d6f81597b1e2,38bb9fdb-7d90-55a0-98d8-f9935f1aec70,2026-04-30 17:50:00+01:00,2026-04-30 18:20:00+01:00,26,office,Berlin,,DE,home,Berlin,,DE,home_return,,public_transport,,9.14,True,True,True
5d2ff27c-946f-5747-9364-9d4c5a1954cf,38bb9fdb-7d90-55a0-98d8-f9935f1aec70,2026-05-01 08:03:00+01:00,2026-05-01 08:28:00+01:00,24,home,Berlin,,DE,office,Berlin,,DE,commute,,public_transport,,8.9,True,True,True
6b7d0483-3dc5-5924-ae3b-306cb59b6002,38bb9fdb-7d90-55a0-98d8-f9935f1aec70,2026-05-01 17:04:00+01:00,2026-05-01 17:27:00+01:00,21,office,Berlin,,DE,home,Berlin,,DE,home_return,,public_transport,,8.73,True,True,True
1e088183-47e5-5316-bcd6-373bbffba542,38bb9fdb-7d90-55a0-98d8-f9935f1aec70,2026-05-02 11:55:00+01:00,2026-05-02 12:28:00+01:00,28,home,Berlin,,DE,city_center,Berlin,,DE,social,,public_transport,,9.68,False,True,False
364c61af-3691-59d9-8a5b-308089973735,38bb9fdb-7d90-55a0-98d8-f9935f1aec70,2026-05-02 15:53:00+01:00,2026-05-02 16:25:00+01:00,27,city_center,Berlin,,DE,home,Berlin,,DE,home_return,,public_transport,,9.52,False,True,False
bbe71793-b5f2-5bd4-9ce0-1f86896c86cf,38bb9fdb-7d90-55a0-98d8-f9935f1aec70,2026-05-04 07:57:00+01:00,2026-05-04 08:23:00+01:00,24,home,Berlin,,DE,office,Berlin,,DE,commute,,public_transport,,8.67,True,True,True
c7114eb2-a031-52ff-9220-15828a949844,38bb9fdb-7d90-55a0-98d8-f9935f1aec70,2026-05-04 17:13:00+01:00,2026-05-04 17:42:00+01:00,24,office,Berlin,,DE,home,Berlin,,DE,home_return,,public_transport,,8.82,True,True,True
55871560-9946-5f77-92bc-aeaa1953f866,38bb9fdb-7d90-55a0-98d8-f9935f1aec70,2026-05-05 08:05:00+01:00,2026-05-05 08:30:00+01:00,24,home,Berlin,,DE,office,Berlin,,DE,commute,,public_transport,,9.21,True,True,True
3f4a1f51-09a1-5823-801c-dea790ec4931,38bb9fdb-7d90-55a0-98d8-f9935f1aec70,2026-05-05 17:46:00+01:00,2026-05-05 18:18:00+01:00,27,office,Berlin,,DE,home,Berlin,,DE,home_return,,public_transport,,8.89,True,True,True
3c8897ce-c1f1-5ea9-8532-e09a5907ef12,38bb9fdb-7d90-55a0-98d8-f9935f1aec70,2026-05-06 08:13:00+01:00,2026-05-06 08:35:00+01:00,21,home,Berlin,,DE,office,Berlin,,DE,commute,,public_transport,,8.74,True,True,True
c6757604-9e92-58e7-adb6-837b894199ad,38bb9fdb-7d90-55a0-98d8-f9935f1aec70,2026-05-06 17:37:00+01:00,2026-05-06 18:06:00+01:00,26,office,Berlin,,DE,home,Berlin,,DE,home_return,,public_transport,,9.49,True,True,True
cda048df-6703-52cd-a8a6-bcd277fe0616,38bb9fdb-7d90-55a0-98d8-f9935f1aec70,2026-05-07 08:03:00+01:00,2026-05-07 08:24:00+01:00,20,home,Berlin,,DE,office,Berlin,,DE,commute,,public_transport,,7.92,True,True,True
5ad591b3-a934-5035-9579-7232c45c1870,38bb9fdb-7d90-55a0-98d8-f9935f1aec70,2026-05-07 17:07:00+01:00,2026-05-07 17:32:00+01:00,24,office,Berlin,,DE,home,Berlin,,DE,home_return,,public_transport,,9.05,True,True,True
16369519-3895-5400-8383-ca1aa874c4e9,38bb9fdb-7d90-55a0-98d8-f9935f1aec70,2026-05-08 08:16:00+01:00,2026-05-08 08:49:00+01:00,28,home,Berlin,,DE,office,Berlin,,DE,commute,,public_transport,,9.9,True,True,True
12f660af-25b2-5abe-a1de-e00a382c4513,38bb9fdb-7d90-55a0-98d8-f9935f1aec70,2026-05-08 17:19:00+01:00,2026-05-08 17:49:00+01:00,25,office,Berlin,,DE,home,Berlin,,DE,home_return,,public_transport,,8.55,True,True,True
69e40a5b-504c-57c6-a5f7-22289bd39821,38bb9fdb-7d90-55a0-98d8-f9935f1aec70,2026-05-09 11:06:00+01:00,2026-05-09 11:26:00+01:00,17,home,Berlin,,DE,city_center,Berlin,,DE,shopping,,public_transport,,4.61,False,True,False
0673c54c-0253-5347-857f-2744096539f7,38bb9fdb-7d90-55a0-98d8-f9935f1aec70,2026-05-09 15:18:00+01:00,2026-05-09 15:34:00+01:00,15,city_center,Berlin,,DE,home,Berlin,,DE,home_return,,public_transport,,4.47,False,True,False
0d28378f-98c8-5933-bde5-8eb1957aeea9,38bb9fdb-7d90-55a0-98d8-f9935f1aec70,2026-05-10 10:57:00+01:00,2026-05-10 11:17:00+01:00,16,home,Berlin,,DE,city_center,Berlin,,DE,social,,public_transport,,3.81,False,True,False
d9a05a27-948c-5c14-a319-5ebee5aace18,38bb9fdb-7d90-55a0-98d8-f9935f1aec70,2026-05-10 16:06:00+01:00,2026-05-10 16:28:00+01:00,17,city_center,Berlin,,DE,home,Berlin,,DE,home_return,,public_transport,,3.85,False,True,False
a1707b2d-9aac-5eba-a503-d6507c5d2b98,38bb9fdb-7d90-55a0-98d8-f9935f1aec70,2026-05-11 08:11:00+01:00,2026-05-11 08:33:00+01:00,20,home,Berlin,,DE,office,Berlin,,DE,commute,,public_transport,,8.53,True,True,True
896d2e88-bfb0-5ad9-a279-ecc846b695d3,38bb9fdb-7d90-55a0-98d8-f9935f1aec70,2026-05-11 17:45:00+01:00,2026-05-11 18:16:00+01:00,26,office,Berlin,,DE,home,Berlin,,DE,home_return,,public_transport,,8.54,True,True,True
a505bb7b-5ecf-5e3d-baf2-ca06dda4bf32,38bb9fdb-7d90-55a0-98d8-f9935f1aec70,2026-05-11 12:30:00+01:00,2026-05-11 12:49:00+01:00,19,office,Berlin,,DE,supermarket,Berlin,,DE,errands,,walking,,1.6,False,False,False
3cc25ac9-ff83-539d-a304-df72ef7738de,38bb9fdb-7d90-55a0-98d8-f9935f1aec70,2026-05-12 07:47:00+01:00,2026-05-12 08:09:00+01:00,21,home,Berlin,,DE,office,Berlin,,DE,commute,,public_transport,,8.8,True,True,True
6c6a615d-7c14-5efd-8946-741205565247,38bb9fdb-7d90-55a0-98d8-f9935f1aec70,2026-05-12 17:33:00+01:00,2026-05-12 17:57:00+01:00,21,office,Berlin,,DE,home,Berlin,,DE,home_return,,public_transport,,8.33,True,True,True
ac43c909-1750-590c-8b49-2c685ea1b381,38bb9fdb-7d90-55a0-98d8-f9935f1aec70,2026-05-13 08:17:00+01:00,2026-05-13 08:46:00+01:00,26,home,Berlin,,DE,office,Berlin,,DE,commute,,public_transport,,8.56,True,True,True
45c93b0c-7a34-5d6f-af91-222c705bbbd2,38bb9fdb-7d90-55a0-98d8-f9935f1aec70,2026-05-13 17:52:00+01:00,2026-05-13 18:17:00+01:00,20,office,Berlin,,DE,home,Berlin,,DE,home_return,,public_transport,,8.08,True,True,True
197b7384-1ac3-577a-93f4-4233ffc353b4,38bb9fdb-7d90-55a0-98d8-f9935f1aec70,2026-05-14 08:16:00+01:00,2026-05-14 08:43:00+01:00,23,home,Berlin,,DE,office,Berlin,,DE,commute,,public_transport,,8.85,True,True,True
df3f94d9-a276-5f38-aee9-c9a3125e0f9b,38bb9fdb-7d90-55a0-98d8-f9935f1aec70,2026-05-14 17:38:00+01:00,2026-05-14 18:05:00+01:00,23,office,Berlin,,DE,home,Berlin,,DE,home_return,,public_transport,,9.11,True,True,True
205243f7-51ff-55b4-b046-ed13858c7342,38bb9fdb-7d90-55a0-98d8-f9935f1aec70,2026-05-15 07:45:00+01:00,2026-05-15 08:13:00+01:00,24,home,Berlin,,DE,office,Berlin,,DE,commute,,public_transport,,9.18,True,True,True
4b79e2fb-cafd-58ea-adaa-fc8b7c4b1438,38bb9fdb-7d90-55a0-98d8-f9935f1aec70,2026-05-15 17:21:00+01:00,2026-05-15 17:52:00+01:00,27,office,Berlin,,DE,home,Berlin,,DE,home_return,,public_transport,,9.71,True,True,True
b1660aab-9f25-5adf-bd2a-609e9544a276,38bb9fdb-7d90-55a0-98d8-f9935f1aec70,2026-05-18 07:59:00+01:00,2026-05-18 08:24:00+01:00,20,home,Berlin,,DE,office,Berlin,,DE,commute,,public_transport,,8.95,True,True,True
e8fb2f10-66c3-5269-92a0-de8b43167d23,38bb9fdb-7d90-55a0-98d8-f9935f1aec70,2026-05-18 17:34:00+01:00,2026-05-18 18:02:00+01:00,23,office,Berlin,,DE,home,Berlin,,DE,home_return,,public_transport,,9.36,True,True,True
5e80e0bb-40dc-5c06-8b39-bf7d80d23f53,38bb9fdb-7d90-55a0-98d8-f9935f1aec70,2026-05-19 08:14:00+01:00,2026-05-19 08:35:00+01:00,19,home,Berlin,,DE,office,Berlin,,DE,commute,,public_transport,,7.74,True,True,True
e4bfbf45-c3f4-5137-9511-e9144c3b1940,38bb9fdb-7d90-55a0-98d8-f9935f1aec70,2026-05-19 17:56:00+01:00,2026-05-19 18:23:00+01:00,22,office,Berlin,,DE,home,Berlin,,DE,home_return,,public_transport,,9.0,True,True,True
ad612283-ddbd-5eb7-a7f0-798e83ffa347,38bb9fdb-7d90-55a0-98d8-f9935f1aec70,2026-05-22 08:00:00+01:00,2026-05-22 08:23:00+01:00,22,home,Berlin,,DE,office,Berlin,,DE,commute,,public_transport,,9.24,True,True,True
e90bd84d-5986-5faa-ad4e-689848191f8d,38bb9fdb-7d90-55a0-98d8-f9935f1aec70,2026-05-22 17:11:00+01:00,2026-05-22 17:37:00+01:00,23,office,Berlin,,DE,home,Berlin,,DE,home_return,,public_transport,,8.48,True,True,True
5eee951a-674c-5392-9ddb-bca3a8518b0c,38bb9fdb-7d90-55a0-98d8-f9935f1aec70,2026-05-23 10:03:00+01:00,2026-05-23 10:26:00+01:00,22,home,Berlin,,DE,city_center,Berlin,,DE,social,,public_transport,,9.35,False,True,False
427dfb68-ef26-57fb-b535-4b396b20681b,38bb9fdb-7d90-55a0-98d8-f9935f1aec70,2026-05-23 15:52:00+01:00,2026-05-23 16:14:00+01:00,21,city_center,Berlin,,DE,home,Berlin,,DE,home_return,,public_transport,,9.22,False,True,False
02679d32-5d03-5228-b69c-2da5df405a19,38bb9fdb-7d90-55a0-98d8-f9935f1aec70,2026-05-24 11:03:00+01:00,2026-05-24 11:23:00+01:00,19,home,Berlin,,DE,city_center,Berlin,,DE,social,,public_transport,,6.91,False,True,False
af68c3e8-100c-5005-b7ad-f78903605a73,38bb9fdb-7d90-55a0-98d8-f9935f1aec70,2026-05-24 15:40:00+01:00,2026-05-24 16:01:00+01:00,17,city_center,Berlin,,DE,home,Berlin,,DE,home_return,,public_transport,,6.77,False,True,False
580c4ec8-105d-5c58-bc0f-194303441f30,38bb9fdb-7d90-55a0-98d8-f9935f1aec70,2026-05-25 07:41:00+01:00,2026-05-25 08:07:00+01:00,25,home,Berlin,,DE,office,Berlin,,DE,commute,,public_transport,,9.55,True,True,True
0f5c995e-c872-5745-9d3e-d76df645d775,38bb9fdb-7d90-55a0-98d8-f9935f1aec70,2026-05-25 17:50:00+01:00,2026-05-25 18:15:00+01:00,21,office,Berlin,,DE,home,Berlin,,DE,home_return,,public_transport,,8.75,True,True,True
a8761dd9-c655-5bd9-9bce-d038b92b13d4,38bb9fdb-7d90-55a0-98d8-f9935f1aec70,2026-05-26 08:03:00+01:00,2026-05-26 08:28:00+01:00,23,home,Berlin,,DE,office,Berlin,,DE,commute,,public_transport,,9.44,True,True,True
e8b3a627-f022-562b-ac68-38548f2665cc,38bb9fdb-7d90-55a0-98d8-f9935f1aec70,2026-05-26 17:58:00+01:00,2026-05-26 18:25:00+01:00,23,office,Berlin,,DE,home,Berlin,,DE,home_return,,public_transport,,8.68,True,True,True
ee9b6f21-587d-5c1b-b4e7-f64bd4f9fb60,38bb9fdb-7d90-55a0-98d8-f9935f1aec70,2026-05-27 07:43:00+01:00,2026-05-27 08:09:00+01:00,21,home,Berlin,,DE,office,Berlin,,DE,commute,,public_transport,,8.16,True,True,True
e6506ccf-6df1-57e2-8aea-118945d730c6,38bb9fdb-7d90-55a0-98d8-f9935f1aec70,2026-05-27 17:22:00+01:00,2026-05-27 17:48:00+01:00,21,office,Berlin,,DE,home,Berlin,,DE,home_return,,public_transport,,8.89,True,True,True
b2564924-ad5c-5c5b-91e1-a012c2327e99,38bb9fdb-7d90-55a0-98d8-f9935f1aec70,2026-05-28 07:45:00+01:00,2026-05-28 08:08:00+01:00,21,home,Berlin,,DE,office,Berlin,,DE,commute,,public_transport,,8.05,True,True,True
bcdd1050-0ba1-50e9-ab3b-39f65f1e6332,38bb9fdb-7d90-55a0-98d8-f9935f1aec70,2026-05-28 17:56:00+01:00,2026-05-28 18:26:00+01:00,27,office,Berlin,,DE,home,Berlin,,DE,home_return,,public_transport,,9.79,True,True,True
9b2b7617-9fab-57ac-881c-afe6d12588bc,38bb9fdb-7d90-55a0-98d8-f9935f1aec70,2026-05-29 08:08:00+01:00,2026-05-29 08:36:00+01:00,25,home,Berlin,,DE,office,Berlin,,DE,commute,,public_transport,,9.57,True,True,True
4cb6e453-a6f1-54d6-8c48-f77ce8a81243,38bb9fdb-7d90-55a0-98d8-f9935f1aec70,2026-05-29 17:38:00+01:00,2026-05-29 18:06:00+01:00,26,office,Berlin,,DE,home,Berlin,,DE,home_return,,public_transport,,8.97,True,True,True
068b40d7-e27f-5c53-ae2b-08e8cd33f268,38bb9fdb-7d90-55a0-98d8-f9935f1aec70,2026-05-29 12:43:00+01:00,2026-05-29 13:12:00+01:00,29,office,Berlin,,DE,supermarket,Berlin,,DE,errands,,walking,,2.4,False,False,False
4065b6e3-4282-5cdb-a45a-3316c3d2594d,38bb9fdb-7d90-55a0-98d8-f9935f1aec70,2026-05-30 11:37:00+01:00,2026-05-30 11:56:00+01:00,18,home,Berlin,,DE,city_center,Berlin,,DE,errands,,public_transport,,6.55,False,True,False
f516fffe-3494-57ab-b39d-0bc59c8d7dea,38bb9fdb-7d90-55a0-98d8-f9935f1aec70,2026-05-30 16:54:00+01:00,2026-05-30 17:15:00+01:00,20,city_center,Berlin,,DE,home,Berlin,,DE,home_return,,public_transport,,6.71,False,True,False
33545891-7726-5ef5-9466-b307e8a850b0,38bb9fdb-7d90-55a0-98d8-f9935f1aec70,2026-06-01 07:51:00+01:00,2026-06-01 08:14:00+01:00,22,home,Berlin,,DE,office,Berlin,,DE,commute,,public_transport,,8.54,True,True,True
0d22612b-fc78-549f-bb19-bb3929c29953,38bb9fdb-7d90-55a0-98d8-f9935f1aec70,2026-06-01 17:12:00+01:00,2026-06-01 17:35:00+01:00,22,office,Berlin,,DE,home,Berlin,,DE,home_return,,public_transport,,8.58,True,True,True
dcb1f368-88fa-54dc-af6a-7f2478498fe7,38bb9fdb-7d90-55a0-98d8-f9935f1aec70,2026-06-02 08:19:00+01:00,2026-06-02 08:43:00+01:00,22,home,Berlin,,DE,office,Berlin,,DE,commute,,public_transport,,8.32,True,True,True
16f8b647-b272-541a-ab59-b3a2a00640b9,38bb9fdb-7d90-55a0-98d8-f9935f1aec70,2026-06-02 17:23:00+01:00,2026-06-02 17:49:00+01:00,21,office,Berlin,,DE,home,Berlin,,DE,home_return,,public_transport,,8.67,True,True,True
e63dc3db-b8b5-5037-93f3-5a16d2438f04,38bb9fdb-7d90-55a0-98d8-f9935f1aec70,2026-06-03 07:57:00+01:00,2026-06-03 08:23:00+01:00,21,home,Berlin,,DE,office,Berlin,,DE,commute,,public_transport,,8.51,True,True,True
2dc335dd-d984-5f2a-ac4f-0c00bdd87758,38bb9fdb-7d90-55a0-98d8-f9935f1aec70,2026-06-03 17:43:00+01:00,2026-06-03 18:08:00+01:00,24,office,Berlin,,DE,home,Berlin,,DE,home_return,,public_transport,,9.25,True,True,True
c653be10-ecfd-5cf6-8632-f26204407fc6,38bb9fdb-7d90-55a0-98d8-f9935f1aec70,2026-06-04 07:54:00+01:00,2026-06-04 08:20:00+01:00,23,home,Berlin,,DE,office,Berlin,,DE,commute,,public_transport,,9.46,True,True,True
d3feb9d2-b7bb-5987-a33e-409f14734316,38bb9fdb-7d90-55a0-98d8-f9935f1aec70,2026-06-04 17:44:00+01:00,2026-06-04 18:15:00+01:00,26,office,Berlin,,DE,home,Berlin,,DE,home_return,,public_transport,,9.28,True,True,True
a2797f1c-b7ea-5883-84f6-2360b7c63007,38bb9fdb-7d90-55a0-98d8-f9935f1aec70,2026-06-04 12:36:00+01:00,2026-06-04 13:04:00+01:00,28,office,Berlin,,DE,supermarket,Berlin,,DE,errands,,walking,,2.3,False,False,False
a7347298-75f3-5ca6-895e-2cc156aedbd7,38bb9fdb-7d90-55a0-98d8-f9935f1aec70,2026-06-06 10:15:00+01:00,2026-06-06 10:43:00+01:00,25,home,Berlin,,DE,city_center,Berlin,,DE,shopping,,public_transport,,9.8,False,True,False
015da072-2e76-5d2f-b08e-9a9754e9cae8,38bb9fdb-7d90-55a0-98d8-f9935f1aec70,2026-06-06 15:05:00+01:00,2026-06-06 15:33:00+01:00,25,city_center,Berlin,,DE,home,Berlin,,DE,home_return,,public_transport,,9.86,False,True,False
de35c085-4873-56ed-b812-1ea1374c0d62,38bb9fdb-7d90-55a0-98d8-f9935f1aec70,2026-06-07 10:24:00+01:00,2026-06-07 10:46:00+01:00,21,home,Berlin,,DE,city_center,Berlin,,DE,errands,,public_transport,,5.35,False,True,False
e7d56c96-67fe-5080-97df-63d1feed4936,38bb9fdb-7d90-55a0-98d8-f9935f1aec70,2026-06-07 15:28:00+01:00,2026-06-07 15:47:00+01:00,18,city_center,Berlin,,DE,home,Berlin,,DE,home_return,,public_transport,,5.14,False,True,False
0d4ac97b-69a6-5e17-a660-7606308a893b,38bb9fdb-7d90-55a0-98d8-f9935f1aec70,2026-06-08 07:44:00+01:00,2026-06-08 08:08:00+01:00,20,home,Berlin,,DE,office,Berlin,,DE,commute,,public_transport,,8.34,True,True,True
d6cf7ebd-c120-5d17-8df3-b609705c0e3b,38bb9fdb-7d90-55a0-98d8-f9935f1aec70,2026-06-08 17:51:00+01:00,2026-06-08 18:14:00+01:00,20,office,Berlin,,DE,home,Berlin,,DE,home_return,,public_transport,,7.87,True,True,True
31698d6a-4aa0-5c07-8023-b69d39b60a75,38bb9fdb-7d90-55a0-98d8-f9935f1aec70,2026-06-09 08:01:00+01:00,2026-06-09 08:25:00+01:00,23,home,Berlin,,DE,office,Berlin,,DE,commute,,public_transport,,9.33,True,True,True
aeb3f99e-0782-54fb-a771-7a25cf49b0c6,38bb9fdb-7d90-55a0-98d8-f9935f1aec70,2026-06-09 17:48:00+01:00,2026-06-09 18:11:00+01:00,22,office,Berlin,,DE,home,Berlin,,DE,home_return,,public_transport,,8.8,True,True,True
b0903888-9a86-5c9b-b59a-c532d0286f63,38bb9fdb-7d90-55a0-98d8-f9935f1aec70,2026-06-09 12:25:00+01:00,2026-06-09 12:38:00+01:00,13,office,Berlin,,DE,supermarket,Berlin,,DE,errands,,walking,,1.1,False,False,False
3e8a32dc-ce4d-57f5-a9ac-d5ce5463ece0,38bb9fdb-7d90-55a0-98d8-f9935f1aec70,2026-06-10 07:43:00+01:00,2026-06-10 08:10:00+01:00,24,home,Berlin,,DE,office,Berlin,,DE,commute,,public_transport,,9.27,True,True,True
9fff7494-69e4-578e-9ba6-598cb7959b15,38bb9fdb-7d90-55a0-98d8-f9935f1aec70,2026-06-10 17:06:00+01:00,2026-06-10 17:33:00+01:00,24,office,Berlin,,DE,home,Berlin,,DE,home_return,,public_transport,,8.85,True,True,True
30fd352f-2583-5e32-b358-21f17d7a7006,38bb9fdb-7d90-55a0-98d8-f9935f1aec70,2026-06-11 08:18:00+01:00,2026-06-11 08:44:00+01:00,22,home,Berlin,,DE,office,Berlin,,DE,commute,,public_transport,,8.66,True,True,True
45803e05-501e-5e40-b790-d11dfd4f6a6f,38bb9fdb-7d90-55a0-98d8-f9935f1aec70,2026-06-11 17:56:00+01:00,2026-06-11 18:19:00+01:00,22,office,Berlin,,DE,home,Berlin,,DE,home_return,,public_transport,,9.09,True,True,True
a69b07d6-60d3-583a-9049-edd7ed627f24,38bb9fdb-7d90-55a0-98d8-f9935f1aec70,2026-06-12 08:18:00+01:00,2026-06-12 08:44:00+01:00,24,home,Berlin,,DE,office,Berlin,,DE,commute,,public_transport,,8.36,True,True,True
38cb9702-679b-5fc2-94e8-24cbd47cfc48,38bb9fdb-7d90-55a0-98d8-f9935f1aec70,2026-06-12 17:32:00+01:00,2026-06-12 17:58:00+01:00,21,office,Berlin,,DE,home,Berlin,,DE,home_return,,public_transport,,8.15,True,True,True
ca181b3f-37f2-5df2-ac3f-3a3a496dd596,38bb9fdb-7d90-55a0-98d8-f9935f1aec70,2026-06-14 11:05:00+01:00,2026-06-14 11:26:00+01:00,18,home,Berlin,,DE,city_center,Berlin,,DE,errands,,public_transport,,5.13,False,True,False
d5f93830-d6e0-513f-9d94-321457fddd41,38bb9fdb-7d90-55a0-98d8-f9935f1aec70,2026-06-14 16:09:00+01:00,2026-06-14 16:27:00+01:00,15,city_center,Berlin,,DE,home,Berlin,,DE,home_return,,public_transport,,4.9,False,True,False
4ec6c6a7-ced3-5054-8573-400446bd9e5a,38bb9fdb-7d90-55a0-98d8-f9935f1aec70,2026-06-15 08:13:00+01:00,2026-06-15 08:38:00+01:00,24,home,Berlin,,DE,office,Berlin,,DE,commute,,public_transport,,9.51,True,True,True
7c8c6959-d048-5c7e-b06d-17b5437503d7,38bb9fdb-7d90-55a0-98d8-f9935f1aec70,2026-06-15 17:35:00+01:00,2026-06-15 18:02:00+01:00,25,office,Berlin,,DE,home,Berlin,,DE,home_return,,public_transport,,9.47,True,True,True
4e09dfe6-4d52-53b9-bbbe-5b138157836b,38bb9fdb-7d90-55a0-98d8-f9935f1aec70,2026-06-16 07:52:00+01:00,2026-06-16 08:19:00+01:00,23,home,Berlin,,DE,office,Berlin,,DE,commute,,public_transport,,8.23,True,True,True
66092a38-896d-5209-ad3a-268583008772,38bb9fdb-7d90-55a0-98d8-f9935f1aec70,2026-06-16 17:37:00+01:00,2026-06-16 18:01:00+01:00,21,office,Berlin,,DE,home,Berlin,,DE,home_return,,public_transport,,8.43,True,True,True
bde202cf-d096-5b48-af4f-f260f8ec89d7,38bb9fdb-7d90-55a0-98d8-f9935f1aec70,2026-06-17 07:42:00+01:00,2026-06-17 08:11:00+01:00,27,home,Berlin,,DE,office,Berlin,,DE,commute,,public_transport,,9.51,True,True,True
3abc5bfb-f20d-5693-9fe7-462d44958c5f,38bb9fdb-7d90-55a0-98d8-f9935f1aec70,2026-06-17 17:13:00+01:00,2026-06-17 17:41:00+01:00,25,office,Berlin,,DE,home,Berlin,,DE,home_return,,public_transport,,8.96,True,True,True
45fde008-c461-5fc8-84ba-ace7f6e88151,38bb9fdb-7d90-55a0-98d8-f9935f1aec70,2026-06-18 07:40:00+01:00,2026-06-18 08:03:00+01:00,22,home,Berlin,,DE,office,Berlin,,DE,commute,,public_transport,,9.17,True,True,True
65626e6f-550e-5112-803a-e9f97aba31f9,38bb9fdb-7d90-55a0-98d8-f9935f1aec70,2026-06-18 17:28:00+01:00,2026-06-18 17:51:00+01:00,20,office,Berlin,,DE,home,Berlin,,DE,home_return,,public_transport,,8.08,True,True,True
0df91fbc-9277-5dd1-af4d-27fe340d0819,38bb9fdb-7d90-55a0-98d8-f9935f1aec70,2026-06-18 12:20:00+01:00,2026-06-18 12:39:00+01:00,19,office,Berlin,,DE,supermarket,Berlin,,DE,errands,,walking,,1.6,False,False,False
ca4d565d-50e0-5361-a225-f293c146e73f,38bb9fdb-7d90-55a0-98d8-f9935f1aec70,2026-06-19 08:15:00+01:00,2026-06-19 08:38:00+01:00,21,home,Berlin,,DE,office,Berlin,,DE,commute,,public_transport,,8.3,True,True,True
74f21ab0-5e53-5fc1-aedc-2c0f2dd810d7,38bb9fdb-7d90-55a0-98d8-f9935f1aec70,2026-06-19 17:01:00+01:00,2026-06-19 17:23:00+01:00,21,office,Berlin,,DE,home,Berlin,,DE,home_return,,public_transport,,9.25,True,True,True
9c9b416a-3d9d-5449-a115-67526078dcb4,38bb9fdb-7d90-55a0-98d8-f9935f1aec70,2026-06-20 11:24:00+01:00,2026-06-20 11:49:00+01:00,20,home,Berlin,,DE,city_center,Berlin,,DE,shopping,,public_transport,,5.56,False,True,False
9b3e499e-dbdc-5e55-a134-f1849051adff,38bb9fdb-7d90-55a0-98d8-f9935f1aec70,2026-06-20 16:52:00+01:00,2026-06-20 17:11:00+01:00,17,city_center,Berlin,,DE,home,Berlin,,DE,home_return,,public_transport,,5.37,False,True,False
82266e66-ad33-5e30-9777-a8865a58330f,38bb9fdb-7d90-55a0-98d8-f9935f1aec70,2026-06-21 10:40:00+01:00,2026-06-21 11:04:00+01:00,22,home,Berlin,,DE,city_center,Berlin,,DE,shopping,,public_transport,,5.76,False,True,False
6c2128e1-10b3-5577-8210-033e2b1a2588,38bb9fdb-7d90-55a0-98d8-f9935f1aec70,2026-06-21 16:37:00+01:00,2026-06-21 16:57:00+01:00,15,city_center,Berlin,,DE,home,Berlin,,DE,home_return,,public_transport,,5.2,False,True,False
63b54585-05c3-55be-bbe5-0574d72e37db,38bb9fdb-7d90-55a0-98d8-f9935f1aec70,2026-06-22 08:20:00+01:00,2026-06-22 08:52:00+01:00,27,home,Berlin,,DE,office,Berlin,,DE,commute,,public_transport,,8.74,True,True,True
de58c550-f4fe-5f8e-86cd-3e06e2083be1,38bb9fdb-7d90-55a0-98d8-f9935f1aec70,2026-06-22 17:13:00+01:00,2026-06-22 17:41:00+01:00,23,office,Berlin,,DE,home,Berlin,,DE,home_return,,public_transport,,9.36,True,True,True
b6d2f8f3-29ab-5fa3-ba59-696e4b38a62c,38bb9fdb-7d90-55a0-98d8-f9935f1aec70,2026-06-23 08:12:00+01:00,2026-06-23 08:37:00+01:00,23,home,Berlin,,DE,office,Berlin,,DE,commute,,public_transport,,8.97,True,True,True
535998ef-8be4-5c74-9a90-8f9b0bb1c263,38bb9fdb-7d90-55a0-98d8-f9935f1aec70,2026-06-23 17:44:00+01:00,2026-06-23 18:12:00+01:00,24,office,Berlin,,DE,home,Berlin,,DE,home_return,,public_transport,,8.69,True,True,True
3f1bea3d-11ee-5789-8014-20387127cea9,38bb9fdb-7d90-55a0-98d8-f9935f1aec70,2026-06-24 07:42:00+01:00,2026-06-24 08:14:00+01:00,28,home,Berlin,,DE,office,Berlin,,DE,commute,,public_transport,,9.24,True,True,True
5697d94a-68a7-5d73-b028-da7b2c6dd5c6,38bb9fdb-7d90-55a0-98d8-f9935f1aec70,2026-06-24 17:19:00+01:00,2026-06-24 17:45:00+01:00,24,office,Berlin,,DE,home,Berlin,,DE,home_return,,public_transport,,8.75,True,True,True
43082e0b-9dd4-51d6-9dbe-f588ab594b27,38bb9fdb-7d90-55a0-98d8-f9935f1aec70,2026-06-25 07:45:00+01:00,2026-06-25 08:09:00+01:00,22,home,Berlin,,DE,office,Berlin,,DE,commute,,public_transport,,8.25,True,True,True
f6a8e124-dfc2-5720-a4cf-c69f832c9e00,38bb9fdb-7d90-55a0-98d8-f9935f1aec70,2026-06-25 17:39:00+01:00,2026-06-25 18:05:00+01:00,22,office,Berlin,,DE,home,Berlin,,DE,home_return,,public_transport,,8.68,True,True,True
d990403e-ec9e-5ed6-801a-40e8ea557594,38bb9fdb-7d90-55a0-98d8-f9935f1aec70,2026-06-26 07:51:00+01:00,2026-06-26 08:13:00+01:00,21,home,Berlin,,DE,office,Berlin,,DE,commute,,public_transport,,8.46,True,True,True
8c3186ed-9508-5389-a020-47aa55f0022d,38bb9fdb-7d90-55a0-98d8-f9935f1aec70,2026-06-26 17:53:00+01:00,2026-06-26 18:17:00+01:00,23,office,Berlin,,DE,home,Berlin,,DE,home_return,,public_transport,,8.26,True,True,True
98861c90-05e1-50ee-a264-a7b4cb0e4678,38bb9fdb-7d90-55a0-98d8-f9935f1aec70,2026-06-27 11:09:00+01:00,2026-06-27 11:24:00+01:00,12,home,Berlin,,DE,city_center,Berlin,,DE,leisure,,public_transport,,3.08,False,True,False
1a2e9f74-4c2f-5631-81a7-98371f4c91ed,38bb9fdb-7d90-55a0-98d8-f9935f1aec70,2026-06-27 16:35:00+01:00,2026-06-27 16:52:00+01:00,14,city_center,Berlin,,DE,home,Berlin,,DE,home_return,,public_transport,,3.25,False,True,False
a303e1d1-6165-5bc0-ba92-cfb4fb20b475,38bb9fdb-7d90-55a0-98d8-f9935f1aec70,2026-06-29 08:14:00+01:00,2026-06-29 08:38:00+01:00,21,home,Berlin,,DE,office,Berlin,,DE,commute,,public_transport,,9.08,True,True,True
bdc25479-9743-53c1-ba70-d34995e3f461,38bb9fdb-7d90-55a0-98d8-f9935f1aec70,2026-06-29 17:25:00+01:00,2026-06-29 17:50:00+01:00,24,office,Berlin,,DE,home,Berlin,,DE,home_return,,public_transport,,8.67,True,True,True
2b666913-d4c0-55e8-95d9-4f9a000fce9c,be6f3d9a-713a-5a56-bd77-5b27feea6827,2024-07-01 07:52:00+01:00,2024-07-01 08:33:00+01:00,39,home,Frankfurt,,DE,office,Offenbach,,DE,commute,,regional_train,,34.61,True,True,True
6ff49eeb-aa18-50c2-8bc6-7cda0946f67e,be6f3d9a-713a-5a56-bd77-5b27feea6827,2024-07-01 17:20:00+01:00,2024-07-01 18:04:00+01:00,40,office,Offenbach,,DE,home,Frankfurt,,DE,home_return,,regional_train,,34.65,True,True,True
fa4f9f29-e9f3-5255-bbaf-f762c9b4583b,be6f3d9a-713a-5a56-bd77-5b27feea6827,2024-07-02 07:06:00+01:00,2024-07-02 10:14:00+01:00,183,home,Frankfurt,,DE,client_site,Hamburg,,DE,business,,long_distance_train,,490.08,False,True,False
f0bd9d0d-96cd-5474-8c43-83818dac863b,be6f3d9a-713a-5a56-bd77-5b27feea6827,2024-07-02 10:49:00+01:00,2024-07-02 11:08:00+01:00,16,client_site,Hamburg,,DE,client_office,Hamburg,,DE,business,,public_transport,,6.04,False,True,False
7a20a33d-66f8-5327-9e5f-552658f1cfc0,be6f3d9a-713a-5a56-bd77-5b27feea6827,2024-07-02 17:56:00+01:00,2024-07-02 21:06:00+01:00,185,client_site,Hamburg,,DE,home,Frankfurt,,DE,home_return,,long_distance_train,,490.31,False,True,False
488b0aeb-ade1-53df-acdb-869415e38a65,be6f3d9a-713a-5a56-bd77-5b27feea6827,2024-07-04 07:01:00+01:00,2024-07-04 10:07:00+01:00,181,home,Frankfurt,,DE,client_site,Hamburg,,DE,business,,long_distance_train,,476.88,False,True,False
199ac0aa-88e9-5ebc-b94e-811ae61e671b,be6f3d9a-713a-5a56-bd77-5b27feea6827,2024-07-04 11:30:00+01:00,2024-07-04 11:48:00+01:00,16,client_site,Hamburg,,DE,client_office,Hamburg,,DE,business,,public_transport,,4.3,False,True,False
0684f121-e797-5b03-b329-1fa2de278f2f,be6f3d9a-713a-5a56-bd77-5b27feea6827,2024-07-04 17:51:00+01:00,2024-07-04 20:52:00+01:00,178,client_site,Hamburg,,DE,home,Frankfurt,,DE,home_return,,long_distance_train,,476.55,False,True,False
53cb9952-9cb7-5840-8349-bc3fe9076512,be6f3d9a-713a-5a56-bd77-5b27feea6827,2024-07-05 07:18:00+01:00,2024-07-05 08:35:00+01:00,76,home,Frankfurt,,DE,client_site,Cologne,,DE,business,,long_distance_train,,184.71,False,True,False
ed8e5ec8-c900-5ef1-9c58-b76a264caec6,be6f3d9a-713a-5a56-bd77-5b27feea6827,2024-07-05 10:48:00+01:00,2024-07-05 11:01:00+01:00,12,client_site,Cologne,,DE,client_office,Cologne,,DE,business,,public_transport,,3.38,False,True,False
23f025fb-1f92-553d-a525-e19d579ba92c,be6f3d9a-713a-5a56-bd77-5b27feea6827,2024-07-05 17:30:00+01:00,2024-07-05 18:50:00+01:00,76,client_site,Cologne,,DE,home,Frankfurt,,DE,home_return,,long_distance_train,,184.78,False,True,False
57c95b7a-2209-5b0c-b0d7-11e5f444cae7,be6f3d9a-713a-5a56-bd77-5b27feea6827,2024-07-07 13:35:00+01:00,2024-07-07 13:53:00+01:00,16,home,Frankfurt,,DE,city_center,Frankfurt,,DE,leisure,,public_transport,,4.53,False,True,False
981093dd-bede-5306-baff-9152ea8d0c75,be6f3d9a-713a-5a56-bd77-5b27feea6827,2024-07-07 16:26:00+01:00,2024-07-07 16:45:00+01:00,15,city_center,Frankfurt,,DE,home,Frankfurt,,DE,home_return,,public_transport,,4.49,False,True,False
ce7f9397-771c-5d5f-b678-d2f838f2db65,be6f3d9a-713a-5a56-bd77-5b27feea6827,2024-07-13 13:12:00+01:00,2024-07-13 13:31:00+01:00,14,home,Frankfurt,,DE,city_center,Frankfurt,,DE,leisure,,public_transport,,3.9,False,True,False
a5be03ef-53ab-586b-9f96-198d57e4afd3,be6f3d9a-713a-5a56-bd77-5b27feea6827,2024-07-13 16:11:00+01:00,2024-07-13 16:32:00+01:00,17,city_center,Frankfurt,,DE,home,Frankfurt,,DE,home_return,,public_transport,,4.19,False,True,False
3db15e8a-72fc-5ef5-99bc-c3bbe0553b9b,be6f3d9a-713a-5a56-bd77-5b27feea6827,2024-07-17 07:58:00+01:00,2024-07-17 08:46:00+01:00,46,home,Frankfurt,,DE,office,Offenbach,,DE,commute,,regional_train,,37.28,True,True,True
941007f2-19d7-5a9c-a373-e7209a1b315d,be6f3d9a-713a-5a56-bd77-5b27feea6827,2024-07-17 16:36:00+01:00,2024-07-17 17:25:00+01:00,47,office,Offenbach,,DE,home,Frankfurt,,DE,home_return,,regional_train,,37.37,True,True,True
dd15e649-24e6-5a02-ae96-3540259a35f8,be6f3d9a-713a-5a56-bd77-5b27feea6827,2024-07-20 13:55:00+01:00,2024-07-20 14:16:00+01:00,16,home,Frankfurt,,DE,city_center,Frankfurt,,DE,leisure,,public_transport,,5.55,False,True,False
96274328-18df-5a49-a5b9-5577f1b4b51f,be6f3d9a-713a-5a56-bd77-5b27feea6827,2024-07-20 16:47:00+01:00,2024-07-20 17:05:00+01:00,15,city_center,Frankfurt,,DE,home,Frankfurt,,DE,home_return,,public_transport,,5.5,False,True,False
d5376aa7-1874-5cde-8802-f5203f299924,be6f3d9a-713a-5a56-bd77-5b27feea6827,2024-07-21 12:05:00+01:00,2024-07-21 12:21:00+01:00,12,home,Frankfurt,,DE,city_center,Frankfurt,,DE,leisure,,public_transport,,3.38,False,True,False
086d9f38-cae0-5a41-a17c-1693e189c6c9,be6f3d9a-713a-5a56-bd77-5b27feea6827,2024-07-21 17:35:00+01:00,2024-07-21 17:47:00+01:00,11,city_center,Frankfurt,,DE,home,Frankfurt,,DE,home_return,,public_transport,,3.28,False,True,False
f1441080-faba-58dc-bf9d-930ba2691b0f,be6f3d9a-713a-5a56-bd77-5b27feea6827,2024-07-24 07:52:00+01:00,2024-07-24 08:39:00+01:00,43,home,Frankfurt,,DE,office,Offenbach,,DE,commute,,regional_train,,36.42,True,True,True
de7024ae-6abc-52ef-a354-d38239c573b8,be6f3d9a-713a-5a56-bd77-5b27feea6827,2024-07-24 17:23:00+01:00,2024-07-24 18:09:00+01:00,41,office,Offenbach,,DE,home,Frankfurt,,DE,home_return,,regional_train,,36.29,True,True,True
c7f92af0-0b2e-5c78-bffa-a686bd62d23d,be6f3d9a-713a-5a56-bd77-5b27feea6827,2024-07-26 08:06:00+01:00,2024-07-26 08:50:00+01:00,42,home,Frankfurt,,DE,office,Offenbach,,DE,commute,,regional_train,,38.44,True,True,True
2f641325-d8fc-597a-a2b8-04f4082511fd,be6f3d9a-713a-5a56-bd77-5b27feea6827,2024-07-26 16:32:00+01:00,2024-07-26 17:21:00+01:00,45,office,Offenbach,,DE,home,Frankfurt,,DE,home_return,,regional_train,,38.66,True,True,True
06c75315-d550-5fe7-adcd-8c4cdabd2e8d,be6f3d9a-713a-5a56-bd77-5b27feea6827,2024-07-31 08:09:00+01:00,2024-07-31 08:45:00+01:00,34,home,Frankfurt,,DE,office,Offenbach,,DE,commute,,regional_train,,30.43,True,True,True
7dca6d3a-c640-53f9-9e32-f0c7c84117e7,be6f3d9a-713a-5a56-bd77-5b27feea6827,2024-07-31 16:45:00+01:00,2024-07-31 17:23:00+01:00,37,office,Offenbach,,DE,home,Frankfurt,,DE,home_return,,regional_train,,30.61,True,True,True
61cfd351-aa9e-557a-8946-049a4dd66b59,be6f3d9a-713a-5a56-bd77-5b27feea6827,2024-08-05 07:58:00+01:00,2024-08-05 08:41:00+01:00,40,home,Frankfurt,,DE,office,Offenbach,,DE,commute,,regional_train,,32.45,True,True,True
facf45fb-80cb-528e-bf7a-a47a1994faab,be6f3d9a-713a-5a56-bd77-5b27feea6827,2024-08-05 16:42:00+01:00,2024-08-05 17:29:00+01:00,43,office,Offenbach,,DE,home,Frankfurt,,DE,home_return,,regional_train,,32.65,True,True,True
ff27af40-8f00-5da3-896c-afadf8e6a623,be6f3d9a-713a-5a56-bd77-5b27feea6827,2024-08-07 07:55:00+01:00,2024-08-07 08:34:00+01:00,37,home,Frankfurt,,DE,office,Offenbach,,DE,commute,,regional_train,,34.49,True,True,True
d0052fbe-b7a2-5789-8d18-687ec5f83c09,be6f3d9a-713a-5a56-bd77-5b27feea6827,2024-08-07 17:22:00+01:00,2024-08-07 18:02:00+01:00,39,office,Offenbach,,DE,home,Frankfurt,,DE,home_return,,regional_train,,34.65,True,True,True
3566614e-a7fd-55b9-b56e-774b042ab416,be6f3d9a-713a-5a56-bd77-5b27feea6827,2024-08-10 13:58:00+01:00,2024-08-10 14:14:00+01:00,15,home,Frankfurt,,DE,city_center,Frankfurt,,DE,leisure,,public_transport,,4.81,False,True,False
16ba8672-f610-5955-9f7b-49ae1d74a844,be6f3d9a-713a-5a56-bd77-5b27feea6827,2024-08-10 17:20:00+01:00,2024-08-10 17:39:00+01:00,17,city_center,Frankfurt,,DE,home,Frankfurt,,DE,home_return,,public_transport,,4.9,False,True,False
674a6ca0-a09f-54c0-83d1-91c4df33aebd,be6f3d9a-713a-5a56-bd77-5b27feea6827,2024-08-22 07:54:00+01:00,2024-08-22 08:34:00+01:00,39,home,Frankfurt,,DE,office,Offenbach,,DE,commute,,regional_train,,34.33,True,True,True
dc438b76-f09c-5173-9392-36a6916157d5,be6f3d9a-713a-5a56-bd77-5b27feea6827,2024-08-22 17:16:00+01:00,2024-08-22 18:00:00+01:00,41,office,Offenbach,,DE,home,Frankfurt,,DE,home_return,,regional_train,,34.51,True,True,True
9c43f85f-c39a-5ccc-946e-f6146ef55ea7,be6f3d9a-713a-5a56-bd77-5b27feea6827,2024-08-24 12:53:00+01:00,2024-08-24 13:10:00+01:00,16,home,Frankfurt,,DE,city_center,Frankfurt,,DE,leisure,,public_transport,,5.81,False,True,False
cc0d084c-dd0d-58c6-874e-44cadb853bb9,be6f3d9a-713a-5a56-bd77-5b27feea6827,2024-08-24 17:33:00+01:00,2024-08-24 17:54:00+01:00,16,city_center,Frankfurt,,DE,home,Frankfurt,,DE,home_return,,public_transport,,5.72,False,True,False
b8023b30-68c2-5678-9448-3d02834115da,be6f3d9a-713a-5a56-bd77-5b27feea6827,2024-08-30 06:52:00+01:00,2024-08-30 08:14:00+01:00,80,home,Frankfurt,,DE,client_site,Stuttgart,,DE,business,,long_distance_train,,196.08,False,True,False
0af338fc-cd8e-568a-a3cd-c37d45591694,be6f3d9a-713a-5a56-bd77-5b27feea6827,2024-08-30 11:20:00+01:00,2024-08-30 11:35:00+01:00,14,client_site,Stuttgart,,DE,client_office,Stuttgart,,DE,business,,public_transport,,4.86,False,True,False
585f1f65-a956-5f25-a221-874e261bb12c,be6f3d9a-713a-5a56-bd77-5b27feea6827,2024-08-30 17:59:00+01:00,2024-08-30 19:21:00+01:00,80,client_site,Stuttgart,,DE,home,Frankfurt,,DE,home_return,,long_distance_train,,196.09,False,True,False
0d38110e-f225-56a2-ad25-315155190f28,be6f3d9a-713a-5a56-bd77-5b27feea6827,2024-09-03 07:03:00+01:00,2024-09-03 08:24:00+01:00,77,home,Frankfurt,,DE,client_site,Stuttgart,,DE,business,,long_distance_train,,196.07,False,True,False
c280cd96-b0ff-5685-8115-3a255e71802d,be6f3d9a-713a-5a56-bd77-5b27feea6827,2024-09-03 17:57:00+01:00,2024-09-03 19:20:00+01:00,79,client_site,Stuttgart,,DE,home,Frankfurt,,DE,home_return,,long_distance_train,,196.17,False,True,False
e4c707fb-e404-532c-bca0-f20fd612d795,be6f3d9a-713a-5a56-bd77-5b27feea6827,2024-09-06 07:53:00+01:00,2024-09-06 08:38:00+01:00,42,home,Frankfurt,,DE,office,Offenbach,,DE,commute,,regional_train,,38.05,True,True,True
d83d80fb-7d04-5a7d-93cb-ea45ea974da3,be6f3d9a-713a-5a56-bd77-5b27feea6827,2024-09-06 17:08:00+01:00,2024-09-06 17:53:00+01:00,41,office,Offenbach,,DE,home,Frankfurt,,DE,home_return,,regional_train,,37.99,True,True,True
8ece1ebd-d6bb-50d0-b68a-e662d06ecef2,be6f3d9a-713a-5a56-bd77-5b27feea6827,2024-09-08 13:33:00+01:00,2024-09-08 13:58:00+01:00,21,home,Frankfurt,,DE,city_center,Frankfurt,,DE,leisure,,public_transport,,6.38,False,True,False
caf31125-652a-5ab5-89e5-074c9263c9c6,be6f3d9a-713a-5a56-bd77-5b27feea6827,2024-09-08 17:35:00+01:00,2024-09-08 17:57:00+01:00,17,city_center,Frankfurt,,DE,home,Frankfurt,,DE,home_return,,public_transport,,6.03,False,True,False
68c7c5c5-0713-5e16-84db-4da6b242960e,be6f3d9a-713a-5a56-bd77-5b27feea6827,2024-09-10 07:07:00+01:00,2024-09-10 08:27:00+01:00,77,home,Frankfurt,,DE,client_site,Cologne,,DE,business,,long_distance_train,,184.49,False,True,False
d6e1df17-6b76-5ba4-85bc-47f8019839ad,be6f3d9a-713a-5a56-bd77-5b27feea6827,2024-09-10 11:14:00+01:00,2024-09-10 11:36:00+01:00,18,client_site,Cologne,,DE,client_office,Cologne,,DE,business,,public_transport,,5.64,False,True,False
7daf3f21-0b20-5fad-acca-38cb8d84ea13,be6f3d9a-713a-5a56-bd77-5b27feea6827,2024-09-10 17:45:00+01:00,2024-09-10 19:06:00+01:00,78,client_site,Cologne,,DE,home,Frankfurt,,DE,home_return,,long_distance_train,,184.6,False,True,False
cebf712a-aded-5635-916c-2d395bee280f,be6f3d9a-713a-5a56-bd77-5b27feea6827,2024-09-12 08:06:00+01:00,2024-09-12 08:53:00+01:00,42,home,Frankfurt,,DE,office,Offenbach,,DE,commute,,regional_train,,35.41,True,True,True
3d76e126-acc4-592c-9207-db8750d89fb2,be6f3d9a-713a-5a56-bd77-5b27feea6827,2024-09-12 17:23:00+01:00,2024-09-12 18:04:00+01:00,40,office,Offenbach,,DE,home,Frankfurt,,DE,home_return,,regional_train,,35.24,True,True,True
922b4390-6bf7-5101-b158-40d1a1a38f72,be6f3d9a-713a-5a56-bd77-5b27feea6827,2024-09-13 08:13:00+01:00,2024-09-13 09:00:00+01:00,43,home,Frankfurt,,DE,office,Offenbach,,DE,commute,,regional_train,,36.73,True,True,True
d8818c16-24d3-53c5-afb9-a788e6049e1e,be6f3d9a-713a-5a56-bd77-5b27feea6827,2024-09-13 16:57:00+01:00,2024-09-13 17:45:00+01:00,43,office,Offenbach,,DE,home,Frankfurt,,DE,home_return,,regional_train,,36.68,True,True,True
7feb9f67-1b93-56cd-aecc-3463149ce175,be6f3d9a-713a-5a56-bd77-5b27feea6827,2024-09-17 08:09:00+01:00,2024-09-17 08:57:00+01:00,45,home,Frankfurt,,DE,office,Offenbach,,DE,commute,,regional_train,,37.46,True,True,True
74f61c90-4151-508e-a9dc-c12eddd7715b,be6f3d9a-713a-5a56-bd77-5b27feea6827,2024-09-17 17:29:00+01:00,2024-09-17 18:16:00+01:00,46,office,Offenbach,,DE,home,Frankfurt,,DE,home_return,,regional_train,,37.5,True,True,True
8aeef523-ec27-5926-b816-2e68a545a927,be6f3d9a-713a-5a56-bd77-5b27feea6827,2024-09-18 08:07:00+01:00,2024-09-18 08:48:00+01:00,38,home,Frankfurt,,DE,office,Offenbach,,DE,commute,,regional_train,,31.34,True,True,True
4a55bd8b-7f5f-5bba-801d-10d9f6794530,be6f3d9a-713a-5a56-bd77-5b27feea6827,2024-09-18 16:40:00+01:00,2024-09-18 17:16:00+01:00,34,office,Offenbach,,DE,home,Frankfurt,,DE,home_return,,regional_train,,31.03,True,True,True
63f0003d-870d-5992-bf21-a0030fab212e,be6f3d9a-713a-5a56-bd77-5b27feea6827,2024-09-19 06:53:00+01:00,2024-09-19 09:23:00+01:00,148,home,Frankfurt,,DE,client_site,Munich,,DE,business,,long_distance_train,,390.81,False,True,False
ad63fb2f-8db8-56bf-9a7f-ddfef96d06e2,be6f3d9a-713a-5a56-bd77-5b27feea6827,2024-09-19 11:25:00+01:00,2024-09-19 11:48:00+01:00,18,client_site,Munich,,DE,client_office,Munich,,DE,business,,public_transport,,6.59,False,True,False
8a755377-c9b7-567a-92a5-bb0231adb9fd,be6f3d9a-713a-5a56-bd77-5b27feea6827,2024-09-19 18:10:00+01:00,2024-09-19 20:40:00+01:00,146,client_site,Munich,,DE,home,Frankfurt,,DE,home_return,,long_distance_train,,390.64,False,True,False
eec55e48-b29f-5df6-8aab-519df7e7abb1,be6f3d9a-713a-5a56-bd77-5b27feea6827,2024-09-20 07:10:00+01:00,2024-09-20 09:41:00+01:00,150,home,Frankfurt,,DE,client_site,Munich,,DE,business,,long_distance_train,,396.08,False,True,False
72a277be-be55-593b-bbd0-5cf60f44e0dd,be6f3d9a-713a-5a56-bd77-5b27feea6827,2024-09-20 17:30:00+01:00,2024-09-20 20:01:00+01:00,150,client_site,Munich,,DE,home,Frankfurt,,DE,home_return,,long_distance_train,,396.12,False,True,False
362f99b2-6932-5f5b-8f8f-9b69eebd5ecb,be6f3d9a-713a-5a56-bd77-5b27feea6827,2024-09-22 13:37:00+01:00,2024-09-22 13:57:00+01:00,17,home,Frankfurt,,DE,city_center,Frankfurt,,DE,leisure,,public_transport,,5.23,False,True,False
30163193-2c64-56eb-bbaa-64c27f434f54,be6f3d9a-713a-5a56-bd77-5b27feea6827,2024-09-22 16:43:00+01:00,2024-09-22 17:06:00+01:00,20,city_center,Frankfurt,,DE,home,Frankfurt,,DE,home_return,,public_transport,,5.49,False,True,False
0677f6ad-e892-5389-9961-be7440c682e3,be6f3d9a-713a-5a56-bd77-5b27feea6827,2024-09-24 07:55:00+01:00,2024-09-24 08:38:00+01:00,39,home,Frankfurt,,DE,office,Offenbach,,DE,commute,,regional_train,,34.18,True,True,True
deddad1a-6275-5b19-a060-fafba75a153a,be6f3d9a-713a-5a56-bd77-5b27feea6827,2024-09-24 17:26:00+01:00,2024-09-24 18:07:00+01:00,40,office,Offenbach,,DE,home,Frankfurt,,DE,home_return,,regional_train,,34.25,True,True,True
d27c6162-d1fd-5476-881e-595893a0a39e,be6f3d9a-713a-5a56-bd77-5b27feea6827,2024-09-25 07:19:00+01:00,2024-09-25 10:29:00+01:00,185,home,Frankfurt,,DE,client_site,Hamburg,,DE,business,,long_distance_train,,487.43,False,True,False
548720dc-1d5e-5c7e-ac17-f0b8a99e4c59,be6f3d9a-713a-5a56-bd77-5b27feea6827,2024-09-25 11:30:00+01:00,2024-09-25 11:53:00+01:00,20,client_site,Hamburg,,DE,client_office,Hamburg,,DE,business,,public_transport,,6.66,False,True,False
ec68148b-16c4-5eff-8003-c26351a268ff,be6f3d9a-713a-5a56-bd77-5b27feea6827,2024-09-25 18:21:00+01:00,2024-09-25 21:28:00+01:00,185,client_site,Hamburg,,DE,home,Frankfurt,,DE,home_return,,long_distance_train,,487.42,False,True,False
e4163341-0e76-56e7-ac64-04562a865d2b,be6f3d9a-713a-5a56-bd77-5b27feea6827,2024-09-27 07:10:00+01:00,2024-09-27 08:39:00+01:00,88,home,Frankfurt,,DE,client_site,Stuttgart,,DE,business,,long_distance_train,,213.99,False,True,False
1be38ff4-bd41-59dd-9c89-6501b6108e6a,be6f3d9a-713a-5a56-bd77-5b27feea6827,2024-09-27 10:39:00+01:00,2024-09-27 10:59:00+01:00,15,client_site,Stuttgart,,DE,client_office,Stuttgart,,DE,business,,public_transport,,3.56,False,True,False
9e008594-6c30-521d-a40e-04ab7f750b86,be6f3d9a-713a-5a56-bd77-5b27feea6827,2024-09-27 18:01:00+01:00,2024-09-27 19:33:00+01:00,87,client_site,Stuttgart,,DE,home,Frankfurt,,DE,home_return,,long_distance_train,,213.87,False,True,False
a8872df5-9915-5a87-9c57-a4595af6e933,be6f3d9a-713a-5a56-bd77-5b27feea6827,2024-10-01 08:15:00+01:00,2024-10-01 08:58:00+01:00,39,home,Frankfurt,,DE,office,Offenbach,,DE,commute,,regional_train,,32.38,True,True,True
63ff8cbd-47ee-550b-b166-691351b7eb16,be6f3d9a-713a-5a56-bd77-5b27feea6827,2024-10-01 16:31:00+01:00,2024-10-01 17:17:00+01:00,42,office,Offenbach,,DE,home,Frankfurt,,DE,home_return,,regional_train,,32.62,True,True,True
e46de629-2619-5950-b949-5149eb272841,be6f3d9a-713a-5a56-bd77-5b27feea6827,2024-10-02 06:47:00+01:00,2024-10-02 10:20:00+01:00,209,home,Frankfurt,,DE,client_site,Berlin,,DE,business,,long_distance_train,,557.9,False,True,False
4a81087a-b266-5b68-8141-02c15bde8d14,be6f3d9a-713a-5a56-bd77-5b27feea6827,2024-10-02 18:25:00+01:00,2024-10-02 21:57:00+01:00,207,client_site,Berlin,,DE,home,Frankfurt,,DE,home_return,,long_distance_train,,557.75,False,True,False
404406a2-83a7-59a4-a843-7b7c20522477,be6f3d9a-713a-5a56-bd77-5b27feea6827,2024-10-07 07:53:00+01:00,2024-10-07 08:30:00+01:00,36,home,Frankfurt,,DE,office,Offenbach,,DE,commute,,regional_train,,32.78,True,True,True
da20075a-ba23-510c-b5eb-69e43380456a,be6f3d9a-713a-5a56-bd77-5b27feea6827,2024-10-07 17:07:00+01:00,2024-10-07 17:48:00+01:00,40,office,Offenbach,,DE,home,Frankfurt,,DE,home_return,,regional_train,,33.13,True,True,True
35711520-0c01-58b5-9d61-6162d0ca900c,be6f3d9a-713a-5a56-bd77-5b27feea6827,2024-10-08 07:16:00+01:00,2024-10-08 10:55:00+01:00,214,home,Frankfurt,,DE,client_site,Berlin,,DE,business,,long_distance_train,,573.61,False,True,False
6e4cecc6-a0a1-5bd3-8727-e7005ac2f7a4,be6f3d9a-713a-5a56-bd77-5b27feea6827,2024-10-08 17:57:00+01:00,2024-10-08 21:33:00+01:00,214,client_site,Berlin,,DE,home,Frankfurt,,DE,home_return,,long_distance_train,,573.64,False,True,False
72a7db3a-5a9a-5c4a-81d4-e67c5d66937f,be6f3d9a-713a-5a56-bd77-5b27feea6827,2024-10-09 08:02:00+01:00,2024-10-09 08:46:00+01:00,41,home,Frankfurt,,DE,office,Offenbach,,DE,commute,,regional_train,,34.76,True,True,True
83682283-07a1-5b48-ad7b-7ba241c966e8,be6f3d9a-713a-5a56-bd77-5b27feea6827,2024-10-09 17:01:00+01:00,2024-10-09 17:41:00+01:00,37,office,Offenbach,,DE,home,Frankfurt,,DE,home_return,,regional_train,,34.42,True,True,True
be977f24-3411-5474-add4-002f99d150fe,be6f3d9a-713a-5a56-bd77-5b27feea6827,2024-10-14 06:53:00+01:00,2024-10-14 08:14:00+01:00,77,home,Frankfurt,,DE,client_site,Cologne,,DE,business,,long_distance_train,,190.29,False,True,False
daf27a63-7bec-5eca-ae2f-3097b0b7fb35,be6f3d9a-713a-5a56-bd77-5b27feea6827,2024-10-14 17:39:00+01:00,2024-10-14 18:58:00+01:00,77,client_site,Cologne,,DE,home,Frankfurt,,DE,home_return,,long_distance_train,,190.35,False,True,False
8b6a00b0-d9a5-50a6-9ed9-3edf1ceb06f6,be6f3d9a-713a-5a56-bd77-5b27feea6827,2024-10-15 07:05:00+01:00,2024-10-15 10:22:00+01:00,195,home,Frankfurt,,DE,client_site,Hamburg,,DE,business,,long_distance_train,,511.72,False,True,False
077e4faa-aeef-5f59-b2e3-3b83538bee5a,be6f3d9a-713a-5a56-bd77-5b27feea6827,2024-10-15 11:13:00+01:00,2024-10-15 11:31:00+01:00,14,client_site,Hamburg,,DE,client_office,Hamburg,,DE,business,,public_transport,,4.0,False,True,False
64f63c4f-9547-5f7c-8067-59256e68f1ee,be6f3d9a-713a-5a56-bd77-5b27feea6827,2024-10-15 18:03:00+01:00,2024-10-15 21:17:00+01:00,192,client_site,Hamburg,,DE,home,Frankfurt,,DE,home_return,,long_distance_train,,511.38,False,True,False
a77852bb-7875-5008-a04f-b83b07b9ba48,be6f3d9a-713a-5a56-bd77-5b27feea6827,2024-10-16 08:10:00+01:00,2024-10-16 08:54:00+01:00,41,home,Frankfurt,,DE,office,Offenbach,,DE,commute,,regional_train,,34.05,True,True,True
a71fcae6-1216-5317-91ea-25a773083e2b,be6f3d9a-713a-5a56-bd77-5b27feea6827,2024-10-16 16:40:00+01:00,2024-10-16 17:23:00+01:00,39,office,Offenbach,,DE,home,Frankfurt,,DE,home_return,,regional_train,,33.85,True,True,True
58d8e3f3-2244-5b68-8003-90bc9e873b4d,be6f3d9a-713a-5a56-bd77-5b27feea6827,2024-10-17 06:52:00+01:00,2024-10-17 10:04:00+01:00,187,home,Frankfurt,,DE,client_site,Hamburg,,DE,business,,long_distance_train,,508.44,False,True,False
148a9bf2-99bb-5f8a-98d6-0d8355e0d954,be6f3d9a-713a-5a56-bd77-5b27feea6827,2024-10-17 18:24:00+01:00,2024-10-17 21:42:00+01:00,194,client_site,Hamburg,,DE,home,Frankfurt,,DE,home_return,,long_distance_train,,509.05,False,True,False
e03cb2e6-213c-5835-83c6-fa145ba9410b,be6f3d9a-713a-5a56-bd77-5b27feea6827,2024-10-18 07:10:00+01:00,2024-10-18 09:38:00+01:00,143,home,Frankfurt,,DE,client_site,Munich,,DE,business,,long_distance_train,,376.85,False,True,False
fc5badae-b2fb-5c19-ab82-0dfcd2034299,be6f3d9a-713a-5a56-bd77-5b27feea6827,2024-10-18 11:10:00+01:00,2024-10-18 11:29:00+01:00,18,client_site,Munich,,DE,client_office,Munich,,DE,business,,public_transport,,6.5,False,True,False
65e30323-2034-5d21-b511-d106f856c943,be6f3d9a-713a-5a56-bd77-5b27feea6827,2024-10-18 18:01:00+01:00,2024-10-18 20:28:00+01:00,145,client_site,Munich,,DE,home,Frankfurt,,DE,home_return,,long_distance_train,,377.07,False,True,False
1cff6aec-2eb6-56b2-8bff-7057959c0aac,be6f3d9a-713a-5a56-bd77-5b27feea6827,2024-10-23 07:56:00+01:00,2024-10-23 08:38:00+01:00,41,home,Frankfurt,,DE,office,Offenbach,,DE,commute,,regional_train,,37.26,True,True,True
0eb2eaab-3471-5f07-9794-53b4e0eb35b0,be6f3d9a-713a-5a56-bd77-5b27feea6827,2024-10-23 17:12:00+01:00,2024-10-23 17:58:00+01:00,41,office,Offenbach,,DE,home,Frankfurt,,DE,home_return,,regional_train,,37.33,True,True,True
bdd9a0e9-4632-5cc9-817b-d4dd99efe21c,be6f3d9a-713a-5a56-bd77-5b27feea6827,2024-10-24 08:10:00+01:00,2024-10-24 08:56:00+01:00,42,home,Frankfurt,,DE,office,Offenbach,,DE,commute,,regional_train,,38.25,True,True,True
15e4e416-ca16-5216-acd8-99e28365e815,be6f3d9a-713a-5a56-bd77-5b27feea6827,2024-10-24 16:38:00+01:00,2024-10-24 17:23:00+01:00,40,office,Offenbach,,DE,home,Frankfurt,,DE,home_return,,regional_train,,38.08,True,True,True
5d3c35e5-b14a-5e35-8e5e-deb3ec4b803f,be6f3d9a-713a-5a56-bd77-5b27feea6827,2024-10-25 08:02:00+01:00,2024-10-25 08:45:00+01:00,42,home,Frankfurt,,DE,office,Offenbach,,DE,commute,,regional_train,,36.41,True,True,True
04abb268-a530-5158-829c-7fde74549c84,be6f3d9a-713a-5a56-bd77-5b27feea6827,2024-10-25 17:07:00+01:00,2024-10-25 17:52:00+01:00,44,office,Offenbach,,DE,home,Frankfurt,,DE,home_return,,regional_train,,36.62,True,True,True
8ff5408c-d45a-5bdb-801e-b36c516caf42,be6f3d9a-713a-5a56-bd77-5b27feea6827,2024-10-26 12:15:00+01:00,2024-10-26 12:33:00+01:00,16,home,Frankfurt,,DE,city_center,Frankfurt,,DE,leisure,,public_transport,,5.24,False,True,False
f73a4d89-1fea-5bfb-b5e3-70c19a6e2a02,be6f3d9a-713a-5a56-bd77-5b27feea6827,2024-10-26 16:57:00+01:00,2024-10-26 17:15:00+01:00,16,city_center,Frankfurt,,DE,home,Frankfurt,,DE,home_return,,public_transport,,5.28,False,True,False
04479779-d6d0-5e5a-b907-e592785fbaf6,be6f3d9a-713a-5a56-bd77-5b27feea6827,2024-10-28 06:42:00+01:00,2024-10-28 10:15:00+01:00,210,home,Frankfurt,,DE,client_site,Berlin,,DE,business,,long_distance_train,,567.86,False,True,False
65022dc2-088f-5352-9bb1-69c24467ff57,be6f3d9a-713a-5a56-bd77-5b27feea6827,2024-10-28 11:30:00+01:00,2024-10-28 11:48:00+01:00,17,client_site,Berlin,,DE,client_office,Berlin,,DE,business,,public_transport,,4.58,False,True,False
39f949cb-2cb4-5322-8edf-9cd49836128a,be6f3d9a-713a-5a56-bd77-5b27feea6827,2024-10-28 18:03:00+01:00,2024-10-28 21:40:00+01:00,212,client_site,Berlin,,DE,home,Frankfurt,,DE,home_return,,long_distance_train,,567.96,False,True,False
8fd1f240-7a57-5f9c-b16f-8640dfd05dd8,be6f3d9a-713a-5a56-bd77-5b27feea6827,2024-11-01 06:42:00+01:00,2024-11-01 09:16:00+01:00,151,home,Frankfurt,,DE,client_site,Munich,,DE,business,,long_distance_train,,399.19,False,True,False
c2be4c52-9334-549e-9d33-820a8360ae3d,be6f3d9a-713a-5a56-bd77-5b27feea6827,2024-11-01 11:05:00+01:00,2024-11-01 11:22:00+01:00,15,client_site,Munich,,DE,client_office,Munich,,DE,business,,public_transport,,3.33,False,True,False
7e3b5395-0c58-51f9-be36-ee8ae1771976,be6f3d9a-713a-5a56-bd77-5b27feea6827,2024-11-01 17:57:00+01:00,2024-11-01 20:33:00+01:00,152,client_site,Munich,,DE,home,Frankfurt,,DE,home_return,,long_distance_train,,399.13,False,True,False
84008640-b980-5991-a6c3-8c39bce6d351,be6f3d9a-713a-5a56-bd77-5b27feea6827,2024-11-02 14:00:00+01:00,2024-11-02 14:17:00+01:00,15,home,Frankfurt,,DE,city_center,Frankfurt,,DE,leisure,,public_transport,,4.58,False,True,False
c916d1af-3571-5990-a374-e36e7ae33dfc,be6f3d9a-713a-5a56-bd77-5b27feea6827,2024-11-02 16:09:00+01:00,2024-11-02 16:27:00+01:00,16,city_center,Frankfurt,,DE,home,Frankfurt,,DE,home_return,,public_transport,,4.6,False,True,False
8e15504f-b1a3-58f0-9888-a1f91f642c0f,be6f3d9a-713a-5a56-bd77-5b27feea6827,2024-11-05 07:07:00+01:00,2024-11-05 10:12:00+01:00,183,home,Frankfurt,,DE,client_site,Hamburg,,DE,business,,long_distance_train,,484.77,False,True,False
60fa7908-4c9c-5cb0-9fa4-6c3f6c65e8a3,be6f3d9a-713a-5a56-bd77-5b27feea6827,2024-11-05 11:05:00+01:00,2024-11-05 11:19:00+01:00,13,client_site,Hamburg,,DE,client_office,Hamburg,,DE,business,,public_transport,,3.08,False,True,False
4a8969be-c19b-53a0-903a-c5c95e5d7892,be6f3d9a-713a-5a56-bd77-5b27feea6827,2024-11-05 17:51:00+01:00,2024-11-05 20:53:00+01:00,180,client_site,Hamburg,,DE,home,Frankfurt,,DE,home_return,,long_distance_train,,484.52,False,True,False
57aa8823-160f-5de5-b445-4021a2de1346,be6f3d9a-713a-5a56-bd77-5b27feea6827,2024-11-06 06:46:00+01:00,2024-11-06 09:54:00+01:00,183,home,Frankfurt,,DE,client_site,Hamburg,,DE,business,,long_distance_train,,487.76,False,True,False
d02b56be-3fdc-5791-b1c8-79aa94de0b57,be6f3d9a-713a-5a56-bd77-5b27feea6827,2024-11-06 11:01:00+01:00,2024-11-06 11:26:00+01:00,20,client_site,Hamburg,,DE,client_office,Hamburg,,DE,business,,public_transport,,6.19,False,True,False
8cdf9c3f-f6f1-507b-b4ba-f9055b8b3333,be6f3d9a-713a-5a56-bd77-5b27feea6827,2024-11-06 18:05:00+01:00,2024-11-06 21:06:00+01:00,180,client_site,Hamburg,,DE,home,Frankfurt,,DE,home_return,,long_distance_train,,487.53,False,True,False
dc8cee85-4eae-500d-acea-792c1608b2aa,be6f3d9a-713a-5a56-bd77-5b27feea6827,2024-11-07 08:08:00+01:00,2024-11-07 08:54:00+01:00,41,home,Frankfurt,,DE,office,Offenbach,,DE,commute,,regional_train,,34.33,True,True,True
faef2833-6c48-569c-bc53-3dea8ce6a156,be6f3d9a-713a-5a56-bd77-5b27feea6827,2024-11-07 17:24:00+01:00,2024-11-07 18:05:00+01:00,38,office,Offenbach,,DE,home,Frankfurt,,DE,home_return,,regional_train,,34.01,True,True,True
02a61f87-6998-5814-83b5-07187a4783b4,be6f3d9a-713a-5a56-bd77-5b27feea6827,2024-11-08 07:57:00+01:00,2024-11-08 08:38:00+01:00,38,home,Frankfurt,,DE,office,Offenbach,,DE,commute,,regional_train,,31.87,True,True,True
28e553dd-a7f3-5d50-95e1-d1d8aaf848e2,be6f3d9a-713a-5a56-bd77-5b27feea6827,2024-11-08 16:45:00+01:00,2024-11-08 17:24:00+01:00,35,office,Offenbach,,DE,home,Frankfurt,,DE,home_return,,regional_train,,31.72,True,True,True
b5a291c3-61ba-5d7d-aa04-19167b715635,be6f3d9a-713a-5a56-bd77-5b27feea6827,2024-11-11 08:15:00+01:00,2024-11-11 08:59:00+01:00,42,home,Frankfurt,,DE,office,Offenbach,,DE,commute,,regional_train,,35.13,True,True,True
a89b8ed0-4196-597a-8eae-44580bfebd03,be6f3d9a-713a-5a56-bd77-5b27feea6827,2024-11-11 17:24:00+01:00,2024-11-11 18:08:00+01:00,41,office,Offenbach,,DE,home,Frankfurt,,DE,home_return,,regional_train,,35.1,True,True,True
cc4624ac-d524-5a94-b265-a0bddbc95512,be6f3d9a-713a-5a56-bd77-5b27feea6827,2024-11-12 07:47:00+01:00,2024-11-12 08:27:00+01:00,37,home,Frankfurt,,DE,office,Offenbach,,DE,commute,,regional_train,,32.91,True,True,True
089cc5c3-ad35-5db8-b4ea-33496c0ecce1,be6f3d9a-713a-5a56-bd77-5b27feea6827,2024-11-12 17:01:00+01:00,2024-11-12 17:43:00+01:00,38,office,Offenbach,,DE,home,Frankfurt,,DE,home_return,,regional_train,,32.94,True,True,True
e1e6dd3a-b8da-51e8-95a3-d512c4fad7a0,be6f3d9a-713a-5a56-bd77-5b27feea6827,2024-11-13 08:06:00+01:00,2024-11-13 08:50:00+01:00,43,home,Frankfurt,,DE,office,Offenbach,,DE,commute,,regional_train,,35.9,True,True,True
875f5bef-edd9-5cf1-8764-4e3d70f2214b,be6f3d9a-713a-5a56-bd77-5b27feea6827,2024-11-13 17:09:00+01:00,2024-11-13 17:54:00+01:00,44,office,Offenbach,,DE,home,Frankfurt,,DE,home_return,,regional_train,,36.0,True,True,True
ebadbe57-77af-5ea3-8574-f280402f434f,be6f3d9a-713a-5a56-bd77-5b27feea6827,2024-11-15 06:42:00+01:00,2024-11-15 08:10:00+01:00,83,home,Frankfurt,,DE,client_site,Cologne,,DE,business,,long_distance_train,,194.65,False,True,False
8cb11831-4fa5-5d17-9676-26dd1bfb526c,be6f3d9a-713a-5a56-bd77-5b27feea6827,2024-11-15 10:38:00+01:00,2024-11-15 11:00:00+01:00,18,client_site,Cologne,,DE,client_office,Cologne,,DE,business,,public_transport,,4.48,False,True,False
50d6d3ed-b758-5110-a057-ddc73e4683a8,be6f3d9a-713a-5a56-bd77-5b27feea6827,2024-11-15 17:40:00+01:00,2024-11-15 19:00:00+01:00,78,client_site,Cologne,,DE,home,Frankfurt,,DE,home_return,,long_distance_train,,194.28,False,True,False
6e0d3afc-42f3-58df-94b6-436683d251ac,be6f3d9a-713a-5a56-bd77-5b27feea6827,2024-11-19 07:16:00+01:00,2024-11-19 09:57:00+01:00,156,home,Frankfurt,,DE,client_site,Munich,,DE,business,,long_distance_train,,402.43,False,True,False
b622190e-a144-5428-ae8d-d6d6939df886,be6f3d9a-713a-5a56-bd77-5b27feea6827,2024-11-19 11:09:00+01:00,2024-11-19 11:24:00+01:00,14,client_site,Munich,,DE,client_office,Munich,,DE,business,,public_transport,,4.57,False,True,False
fd81acdb-275b-57f9-b6d3-c88fe48b9b00,be6f3d9a-713a-5a56-bd77-5b27feea6827,2024-11-19 17:51:00+01:00,2024-11-19 20:27:00+01:00,153,client_site,Munich,,DE,home,Frankfurt,,DE,home_return,,long_distance_train,,402.13,False,True,False
61cd54cf-8a62-5252-be53-108c21faae38,be6f3d9a-713a-5a56-bd77-5b27feea6827,2024-11-20 07:07:00+01:00,2024-11-20 10:28:00+01:00,196,home,Frankfurt,,DE,client_site,Berlin,,DE,business,,long_distance_train,,521.88,False,True,False
b8eaf96c-a108-5759-a324-8489105e3e3b,be6f3d9a-713a-5a56-bd77-5b27feea6827,2024-11-20 10:30:00+01:00,2024-11-20 10:53:00+01:00,21,client_site,Berlin,,DE,client_office,Berlin,,DE,business,,public_transport,,6.55,False,True,False
7c73710f-e2ba-530a-9e28-8afe976bf43d,be6f3d9a-713a-5a56-bd77-5b27feea6827,2024-11-20 17:53:00+01:00,2024-11-20 21:10:00+01:00,195,client_site,Berlin,,DE,home,Frankfurt,,DE,home_return,,long_distance_train,,521.87,False,True,False
c5bfa033-193a-5e3e-aa58-d38c6502b903,be6f3d9a-713a-5a56-bd77-5b27feea6827,2024-11-21 07:08:00+01:00,2024-11-21 08:33:00+01:00,81,home,Frankfurt,,DE,client_site,Stuttgart,,DE,business,,long_distance_train,,207.73,False,True,False
05cda422-5952-5bf6-adc8-769fef658774,be6f3d9a-713a-5a56-bd77-5b27feea6827,2024-11-21 18:15:00+01:00,2024-11-21 19:36:00+01:00,80,client_site,Stuttgart,,DE,home,Frankfurt,,DE,home_return,,long_distance_train,,207.72,False,True,False
5bd5e2cb-c2a5-5d8d-a393-158740385ae3,be6f3d9a-713a-5a56-bd77-5b27feea6827,2024-11-22 08:06:00+01:00,2024-11-22 08:44:00+01:00,35,home,Frankfurt,,DE,office,Offenbach,,DE,commute,,regional_train,,30.72,True,True,True
fb6c550d-88f6-53e2-93af-934e69ce3869,be6f3d9a-713a-5a56-bd77-5b27feea6827,2024-11-22 17:01:00+01:00,2024-11-22 17:40:00+01:00,37,office,Offenbach,,DE,home,Frankfurt,,DE,home_return,,regional_train,,30.93,True,True,True
9e7cc9b7-b9c0-5434-8619-f85db5ac1b88,be6f3d9a-713a-5a56-bd77-5b27feea6827,2024-11-26 07:48:00+01:00,2024-11-26 08:27:00+01:00,36,home,Frankfurt,,DE,office,Offenbach,,DE,commute,,regional_train,,31.55,True,True,True
d2689990-5879-59de-ad13-0efd2f5d115f,be6f3d9a-713a-5a56-bd77-5b27feea6827,2024-11-26 17:19:00+01:00,2024-11-26 17:57:00+01:00,35,office,Offenbach,,DE,home,Frankfurt,,DE,home_return,,regional_train,,31.49,True,True,True
8b2b5c78-c423-5df6-9589-e4e8afbdfc2b,be6f3d9a-713a-5a56-bd77-5b27feea6827,2024-11-27 07:54:00+01:00,2024-11-27 08:39:00+01:00,43,home,Frankfurt,,DE,office,Offenbach,,DE,commute,,regional_train,,35.74,True,True,True
5bc7bf24-b4e1-5134-bb27-d83688183557,be6f3d9a-713a-5a56-bd77-5b27feea6827,2024-11-27 17:16:00+01:00,2024-11-27 18:00:00+01:00,43,office,Offenbach,,DE,home,Frankfurt,,DE,home_return,,regional_train,,35.64,True,True,True
47d07722-f04e-5441-9d1f-4a54e6c6df56,be6f3d9a-713a-5a56-bd77-5b27feea6827,2024-11-28 07:51:00+01:00,2024-11-28 08:39:00+01:00,47,home,Frankfurt,,DE,office,Offenbach,,DE,commute,,regional_train,,39.36,True,True,True
a02d140c-03cf-5b6f-928a-932b5e191f61,be6f3d9a-713a-5a56-bd77-5b27feea6827,2024-11-28 17:02:00+01:00,2024-11-28 17:50:00+01:00,43,office,Offenbach,,DE,home,Frankfurt,,DE,home_return,,regional_train,,39.1,True,True,True
b4ad09b6-9d5b-582f-814c-70077ce9216d,be6f3d9a-713a-5a56-bd77-5b27feea6827,2024-11-29 06:42:00+01:00,2024-11-29 09:06:00+01:00,142,home,Frankfurt,,DE,client_site,Munich,,DE,business,,long_distance_train,,378.24,False,True,False
9e3dc0ae-808e-5adc-a346-bacba226fea0,be6f3d9a-713a-5a56-bd77-5b27feea6827,2024-11-29 17:35:00+01:00,2024-11-29 20:03:00+01:00,143,client_site,Munich,,DE,home,Frankfurt,,DE,home_return,,long_distance_train,,378.26,False,True,False
cda7e816-946c-59e5-90df-eb67aa1f6fe4,be6f3d9a-713a-5a56-bd77-5b27feea6827,2024-12-01 13:01:00+01:00,2024-12-01 13:16:00+01:00,14,home,Frankfurt,,DE,city_center,Frankfurt,,DE,leisure,,public_transport,,3.99,False,True,False
2364f772-8563-513a-8f8a-9fce8bc9e5ea,be6f3d9a-713a-5a56-bd77-5b27feea6827,2024-12-01 16:34:00+01:00,2024-12-01 16:55:00+01:00,17,city_center,Frankfurt,,DE,home,Frankfurt,,DE,home_return,,public_transport,,4.18,False,True,False
3da58ea6-7323-5504-83b7-a4b8ffa09f7f,be6f3d9a-713a-5a56-bd77-5b27feea6827,2024-12-02 08:06:00+01:00,2024-12-02 08:44:00+01:00,34,home,Frankfurt,,DE,office,Offenbach,,DE,commute,,regional_train,,30.35,True,True,True
bd69168d-c219-5a43-9d94-14aeb010bd95,be6f3d9a-713a-5a56-bd77-5b27feea6827,2024-12-02 17:08:00+01:00,2024-12-02 17:46:00+01:00,34,office,Offenbach,,DE,home,Frankfurt,,DE,home_return,,regional_train,,30.38,True,True,True
8a108fcb-5610-55a4-9a69-e5438b1f2830,be6f3d9a-713a-5a56-bd77-5b27feea6827,2024-12-03 08:02:00+01:00,2024-12-03 08:41:00+01:00,36,home,Frankfurt,,DE,office,Offenbach,,DE,commute,,regional_train,,30.64,True,True,True
b88efceb-5b4a-5ae4-8d93-c0282f346da3,be6f3d9a-713a-5a56-bd77-5b27feea6827,2024-12-03 16:53:00+01:00,2024-12-03 17:34:00+01:00,36,office,Offenbach,,DE,home,Frankfurt,,DE,home_return,,regional_train,,30.68,True,True,True
ba671160-b64e-5f4e-885d-aaccb6fde30b,be6f3d9a-713a-5a56-bd77-5b27feea6827,2024-12-04 08:13:00+01:00,2024-12-04 08:57:00+01:00,39,home,Frankfurt,,DE,office,Offenbach,,DE,commute,,regional_train,,34.48,True,True,True
1372a643-f20e-5ee6-b87a-8ab98ed5a832,be6f3d9a-713a-5a56-bd77-5b27feea6827,2024-12-04 17:07:00+01:00,2024-12-04 17:50:00+01:00,41,office,Offenbach,,DE,home,Frankfurt,,DE,home_return,,regional_train,,34.61,True,True,True
b2f5bf9d-4089-5bc5-9645-00c59fa9e6b6,be6f3d9a-713a-5a56-bd77-5b27feea6827,2024-12-05 08:04:00+01:00,2024-12-05 08:53:00+01:00,47,home,Frankfurt,,DE,office,Offenbach,,DE,commute,,regional_train,,40.54,True,True,True
89881844-6a7f-57b0-8f84-a7b5f169bd3a,be6f3d9a-713a-5a56-bd77-5b27feea6827,2024-12-05 16:39:00+01:00,2024-12-05 17:29:00+01:00,45,office,Offenbach,,DE,home,Frankfurt,,DE,home_return,,regional_train,,40.4,True,True,True
747ee330-9088-5c8c-a2b0-8b59af263057,be6f3d9a-713a-5a56-bd77-5b27feea6827,2024-12-09 07:48:00+01:00,2024-12-09 08:33:00+01:00,41,home,Frankfurt,,DE,office,Offenbach,,DE,commute,,regional_train,,37.0,True,True,True
54115369-fe6e-5b74-87bf-d32912b2bf0b,be6f3d9a-713a-5a56-bd77-5b27feea6827,2024-12-09 17:30:00+01:00,2024-12-09 18:15:00+01:00,40,office,Offenbach,,DE,home,Frankfurt,,DE,home_return,,regional_train,,36.88,True,True,True
a80404dc-590c-59fc-9d98-53894f181a96,be6f3d9a-713a-5a56-bd77-5b27feea6827,2024-12-10 07:46:00+01:00,2024-12-10 08:37:00+01:00,47,home,Frankfurt,,DE,office,Offenbach,,DE,commute,,regional_train,,40.67,True,True,True
f5b72e4c-cecb-5c5c-8878-85509d974132,be6f3d9a-713a-5a56-bd77-5b27feea6827,2024-12-10 17:04:00+01:00,2024-12-10 17:54:00+01:00,48,office,Offenbach,,DE,home,Frankfurt,,DE,home_return,,regional_train,,40.76,True,True,True
25cc4684-c526-5849-940c-cb2b29578129,be6f3d9a-713a-5a56-bd77-5b27feea6827,2024-12-13 06:53:00+01:00,2024-12-13 09:21:00+01:00,143,home,Frankfurt,,DE,client_site,Munich,,DE,business,,long_distance_train,,379.25,False,True,False
12f14ae4-783b-5f7d-854a-f6c4fb6b557b,be6f3d9a-713a-5a56-bd77-5b27feea6827,2024-12-13 18:03:00+01:00,2024-12-13 20:33:00+01:00,147,client_site,Munich,,DE,home,Frankfurt,,DE,home_return,,long_distance_train,,379.69,False,True,False
0c76cf80-7cd3-5053-a39c-9c8a6e8bfa20,be6f3d9a-713a-5a56-bd77-5b27feea6827,2024-12-15 12:30:00+01:00,2024-12-15 12:51:00+01:00,18,home,Frankfurt,,DE,city_center,Frankfurt,,DE,leisure,,public_transport,,3.23,False,True,False
2cae4298-47cb-5ee9-846d-6b0762a8fa7c,be6f3d9a-713a-5a56-bd77-5b27feea6827,2024-12-15 16:34:00+01:00,2024-12-15 16:51:00+01:00,15,city_center,Frankfurt,,DE,home,Frankfurt,,DE,home_return,,public_transport,,3.02,False,True,False
4ae8be81-921d-5756-b224-5dccb5b0d4ad,be6f3d9a-713a-5a56-bd77-5b27feea6827,2024-12-16 07:02:00+01:00,2024-12-16 09:28:00+01:00,143,home,Frankfurt,,DE,client_site,Munich,,DE,business,,long_distance_train,,373.27,False,True,False
22099954-e8f0-5a04-970d-c1b70fa2e7b0,be6f3d9a-713a-5a56-bd77-5b27feea6827,2024-12-16 18:05:00+01:00,2024-12-16 20:30:00+01:00,140,client_site,Munich,,DE,home,Frankfurt,,DE,home_return,,long_distance_train,,373.02,False,True,False
1e39199c-78db-5c46-973a-cb3739c5efee,be6f3d9a-713a-5a56-bd77-5b27feea6827,2024-12-18 06:57:00+01:00,2024-12-18 10:25:00+01:00,203,home,Frankfurt,,DE,client_site,Berlin,,DE,business,,long_distance_train,,533.67,False,True,False
3d0fc316-c0a7-5eab-bed0-238065d0c6c8,be6f3d9a-713a-5a56-bd77-5b27feea6827,2024-12-18 18:30:00+01:00,2024-12-18 21:54:00+01:00,200,client_site,Berlin,,DE,home,Frankfurt,,DE,home_return,,long_distance_train,,533.44,False,True,False
778d6686-f649-50c1-b972-470829cb1a5e,be6f3d9a-713a-5a56-bd77-5b27feea6827,2024-12-19 07:08:00+01:00,2024-12-19 08:30:00+01:00,77,home,Frankfurt,,DE,client_site,Cologne,,DE,business,,long_distance_train,,191.73,False,True,False
5c849c7e-d2d5-5805-8889-601e76a4f6e8,be6f3d9a-713a-5a56-bd77-5b27feea6827,2024-12-19 17:55:00+01:00,2024-12-19 19:14:00+01:00,75,client_site,Cologne,,DE,home,Frankfurt,,DE,home_return,,long_distance_train,,191.61,False,True,False
dabe362f-c068-5c10-bf94-09722982be83,be6f3d9a-713a-5a56-bd77-5b27feea6827,2024-12-20 07:50:00+01:00,2024-12-20 08:32:00+01:00,37,home,Frankfurt,,DE,office,Offenbach,,DE,commute,,regional_train,,32.33,True,True,True
6ebe9cbd-1f12-551d-a0dc-026b80811db1,be6f3d9a-713a-5a56-bd77-5b27feea6827,2024-12-20 17:16:00+01:00,2024-12-20 17:55:00+01:00,36,office,Offenbach,,DE,home,Frankfurt,,DE,home_return,,regional_train,,32.24,True,True,True
c0fc3dbe-3fd3-5f81-8078-92176d64f83e,be6f3d9a-713a-5a56-bd77-5b27feea6827,2024-12-21 13:17:00+01:00,2024-12-21 13:34:00+01:00,13,home,Frankfurt,,DE,city_center,Frankfurt,,DE,leisure,,public_transport,,4.16,False,True,False
d78d724f-1617-5e46-bfdb-75709c058c44,be6f3d9a-713a-5a56-bd77-5b27feea6827,2024-12-21 17:56:00+01:00,2024-12-21 18:14:00+01:00,13,city_center,Frankfurt,,DE,home,Frankfurt,,DE,home_return,,public_transport,,4.21,False,True,False
e3e2b3a0-4212-5175-ba84-25ea7227ee69,be6f3d9a-713a-5a56-bd77-5b27feea6827,2024-12-23 06:41:00+01:00,2024-12-23 09:06:00+01:00,144,home,Frankfurt,,DE,client_site,Munich,,DE,business,,long_distance_train,,387.67,False,True,False
9ec8c6c2-90c2-5963-bdd8-b861deb92abf,be6f3d9a-713a-5a56-bd77-5b27feea6827,2024-12-23 17:47:00+01:00,2024-12-23 20:17:00+01:00,149,client_site,Munich,,DE,home,Frankfurt,,DE,home_return,,long_distance_train,,388.18,False,True,False
d42614d5-710e-5c41-9963-661661a3d2dc,be6f3d9a-713a-5a56-bd77-5b27feea6827,2024-12-24 07:01:00+01:00,2024-12-24 09:32:00+01:00,149,home,Frankfurt,,DE,client_site,Munich,,DE,business,,long_distance_train,,394.28,False,True,False
f104f284-4cee-5930-bd81-b8ac2ce809b9,be6f3d9a-713a-5a56-bd77-5b27feea6827,2024-12-24 10:40:00+01:00,2024-12-24 10:56:00+01:00,14,client_site,Munich,,DE,client_office,Munich,,DE,business,,public_transport,,4.41,False,True,False
8baaaa42-4d62-553b-b1d7-0f57eb947063,be6f3d9a-713a-5a56-bd77-5b27feea6827,2024-12-24 18:14:00+01:00,2024-12-24 20:47:00+01:00,152,client_site,Munich,,DE,home,Frankfurt,,DE,home_return,,long_distance_train,,394.61,False,True,False
2c607700-289d-5e92-afc6-4b77d05b95c7,be6f3d9a-713a-5a56-bd77-5b27feea6827,2024-12-25 07:06:00+01:00,2024-12-25 10:25:00+01:00,198,home,Frankfurt,,DE,client_site,Berlin,,DE,business,,long_distance_train,,527.07,False,True,False
6b5c770f-19ef-5a1a-9b1d-a175eff71dc4,be6f3d9a-713a-5a56-bd77-5b27feea6827,2024-12-25 10:48:00+01:00,2024-12-25 11:11:00+01:00,19,client_site,Berlin,,DE,client_office,Berlin,,DE,business,,public_transport,,4.42,False,True,False
df7ccbfc-f1ea-58aa-b351-ac08b4c565a5,be6f3d9a-713a-5a56-bd77-5b27feea6827,2024-12-25 18:15:00+01:00,2024-12-25 21:35:00+01:00,198,client_site,Berlin,,DE,home,Frankfurt,,DE,home_return,,long_distance_train,,527.06,False,True,False
7b18b008-0013-5078-b874-f957cc3776ac,be6f3d9a-713a-5a56-bd77-5b27feea6827,2024-12-27 07:56:00+01:00,2024-12-27 08:39:00+01:00,42,home,Frankfurt,,DE,office,Offenbach,,DE,commute,,regional_train,,34.26,True,True,True
46a23266-720a-52ba-8a41-159a859d7f9b,be6f3d9a-713a-5a56-bd77-5b27feea6827,2024-12-27 16:41:00+01:00,2024-12-27 17:23:00+01:00,40,office,Offenbach,,DE,home,Frankfurt,,DE,home_return,,regional_train,,34.05,True,True,True
f1a6a2be-2303-5ebe-b1e5-638d4a7330da,be6f3d9a-713a-5a56-bd77-5b27feea6827,2024-12-28 12:38:00+01:00,2024-12-28 12:55:00+01:00,16,home,Frankfurt,,DE,city_center,Frankfurt,,DE,leisure,,public_transport,,5.32,False,True,False
2b819cb5-243c-560b-bea3-bcee567ab042,be6f3d9a-713a-5a56-bd77-5b27feea6827,2024-12-28 17:03:00+01:00,2024-12-28 17:25:00+01:00,21,city_center,Frankfurt,,DE,home,Frankfurt,,DE,home_return,,public_transport,,5.79,False,True,False
cbf477a3-deda-545a-9ece-1077382d92be,be6f3d9a-713a-5a56-bd77-5b27feea6827,2024-12-31 08:10:00+01:00,2024-12-31 08:50:00+01:00,39,home,Frankfurt,,DE,office,Offenbach,,DE,commute,,regional_train,,35.08,True,True,True
eca1d132-92ea-50e7-8444-a213030c5635,be6f3d9a-713a-5a56-bd77-5b27feea6827,2024-12-31 16:57:00+01:00,2024-12-31 17:37:00+01:00,39,office,Offenbach,,DE,home,Frankfurt,,DE,home_return,,regional_train,,35.08,True,True,True
80674593-5b80-5fb6-93e6-3786485ebe47,be6f3d9a-713a-5a56-bd77-5b27feea6827,2025-01-06 07:15:00+01:00,2025-01-06 10:24:00+01:00,184,home,Frankfurt,,DE,client_site,Hamburg,,DE,business,,long_distance_train,,488.06,False,True,False
8662e14f-3165-5a2d-9608-e3de5d688407,be6f3d9a-713a-5a56-bd77-5b27feea6827,2025-01-06 11:15:00+01:00,2025-01-06 11:33:00+01:00,16,client_site,Hamburg,,DE,client_office,Hamburg,,DE,business,,public_transport,,3.21,False,True,False
f3e2beb5-3bca-5eb7-8c0a-7d6aec75823c,be6f3d9a-713a-5a56-bd77-5b27feea6827,2025-01-06 17:45:00+01:00,2025-01-06 20:47:00+01:00,181,client_site,Hamburg,,DE,home,Frankfurt,,DE,home_return,,long_distance_train,,487.86,False,True,False
1fedf745-5083-54c3-b0d4-cabe449ca758,be6f3d9a-713a-5a56-bd77-5b27feea6827,2025-01-07 08:14:00+01:00,2025-01-07 08:54:00+01:00,38,home,Frankfurt,,DE,office,Offenbach,,DE,commute,,regional_train,,31.77,True,True,True
07f47c4b-3c84-5c1c-8ecb-a920443f3a51,be6f3d9a-713a-5a56-bd77-5b27feea6827,2025-01-07 16:39:00+01:00,2025-01-07 17:20:00+01:00,37,office,Offenbach,,DE,home,Frankfurt,,DE,home_return,,regional_train,,31.63,True,True,True
b6f891c6-c240-5bbd-aa03-f8ba23ed6c76,be6f3d9a-713a-5a56-bd77-5b27feea6827,2025-01-08 08:15:00+01:00,2025-01-08 08:53:00+01:00,37,home,Frankfurt,,DE,office,Offenbach,,DE,commute,,regional_train,,31.94,True,True,True
38e38efb-df7f-513d-88e0-7769b7b6edcf,be6f3d9a-713a-5a56-bd77-5b27feea6827,2025-01-08 16:57:00+01:00,2025-01-08 17:39:00+01:00,37,office,Offenbach,,DE,home,Frankfurt,,DE,home_return,,regional_train,,31.91,True,True,True
1e70cce5-a2a0-5d33-bc16-f0436a5f42a4,be6f3d9a-713a-5a56-bd77-5b27feea6827,2025-01-10 06:55:00+01:00,2025-01-10 10:16:00+01:00,197,home,Frankfurt,,DE,client_site,Berlin,,DE,business,,long_distance_train,,529.03,False,True,False
be6bc9f9-8a96-5b26-a14c-2f52456a16a3,be6f3d9a-713a-5a56-bd77-5b27feea6827,2025-01-10 11:17:00+01:00,2025-01-10 11:40:00+01:00,19,client_site,Berlin,,DE,client_office,Berlin,,DE,business,,public_transport,,5.94,False,True,False
fb594461-ce6c-54f7-8d7f-c47f4e839ed9,be6f3d9a-713a-5a56-bd77-5b27feea6827,2025-01-10 17:51:00+01:00,2025-01-10 21:11:00+01:00,199,client_site,Berlin,,DE,home,Frankfurt,,DE,home_return,,long_distance_train,,529.11,False,True,False
75e9ac83-2c87-5fd6-a80d-a50581eca2d2,be6f3d9a-713a-5a56-bd77-5b27feea6827,2025-01-11 12:04:00+01:00,2025-01-11 12:21:00+01:00,15,home,Frankfurt,,DE,city_center,Frankfurt,,DE,leisure,,public_transport,,5.97,False,True,False
93569690-109b-59e7-969b-9923444337fc,be6f3d9a-713a-5a56-bd77-5b27feea6827,2025-01-11 17:46:00+01:00,2025-01-11 18:11:00+01:00,21,city_center,Frankfurt,,DE,home,Frankfurt,,DE,home_return,,public_transport,,6.5,False,True,False
4fd74239-b51a-5a5e-9fc8-b9a17654727c,be6f3d9a-713a-5a56-bd77-5b27feea6827,2025-01-14 07:47:00+01:00,2025-01-14 08:31:00+01:00,42,home,Frankfurt,,DE,office,Offenbach,,DE,commute,,regional_train,,32.49,True,True,True
c3519bc5-7006-52fe-bba9-6b6eda1d9227,be6f3d9a-713a-5a56-bd77-5b27feea6827,2025-01-14 16:55:00+01:00,2025-01-14 17:35:00+01:00,38,office,Offenbach,,DE,home,Frankfurt,,DE,home_return,,regional_train,,32.22,True,True,True
b2339769-ab33-538c-b342-66511b8ef626,be6f3d9a-713a-5a56-bd77-5b27feea6827,2025-01-16 07:05:00+01:00,2025-01-16 08:30:00+01:00,82,home,Frankfurt,,DE,client_site,Stuttgart,,DE,business,,long_distance_train,,204.27,False,True,False
e8d412bd-5319-54fe-8143-14310c1dd6f0,be6f3d9a-713a-5a56-bd77-5b27feea6827,2025-01-16 10:34:00+01:00,2025-01-16 10:51:00+01:00,14,client_site,Stuttgart,,DE,client_office,Stuttgart,,DE,business,,public_transport,,3.12,False,True,False
462c12b0-c17b-5f28-bccf-ac9117771400,be6f3d9a-713a-5a56-bd77-5b27feea6827,2025-01-16 17:48:00+01:00,2025-01-16 19:11:00+01:00,81,client_site,Stuttgart,,DE,home,Frankfurt,,DE,home_return,,long_distance_train,,204.22,False,True,False
ef22240d-b851-51f9-9143-414e77a4aa2d,be6f3d9a-713a-5a56-bd77-5b27feea6827,2025-01-17 08:05:00+01:00,2025-01-17 08:49:00+01:00,43,home,Frankfurt,,DE,office,Offenbach,,DE,commute,,regional_train,,36.43,True,True,True
ff2d25ae-00ce-5954-aab6-b69148833734,be6f3d9a-713a-5a56-bd77-5b27feea6827,2025-01-17 17:06:00+01:00,2025-01-17 17:52:00+01:00,42,office,Offenbach,,DE,home,Frankfurt,,DE,home_return,,regional_train,,36.35,True,True,True
b5d23693-69e8-588f-a55e-2b20789ff751,be6f3d9a-713a-5a56-bd77-5b27feea6827,2025-01-20 07:05:00+01:00,2025-01-20 10:40:00+01:00,211,home,Frankfurt,,DE,client_site,Berlin,,DE,business,,long_distance_train,,562.61,False,True,False
e9ebb110-0f58-57c0-ab51-cce4f8a2d8e4,be6f3d9a-713a-5a56-bd77-5b27feea6827,2025-01-20 18:14:00+01:00,2025-01-20 21:47:00+01:00,208,client_site,Berlin,,DE,home,Frankfurt,,DE,home_return,,long_distance_train,,562.36,False,True,False
4aaa2499-29a6-5337-a2b7-c7125febdccb,be6f3d9a-713a-5a56-bd77-5b27feea6827,2025-01-21 07:57:00+01:00,2025-01-21 08:42:00+01:00,44,home,Frankfurt,,DE,office,Offenbach,,DE,commute,,regional_train,,36.79,True,True,True
aa1bc61b-e7d1-5354-880c-c49e4319978e,be6f3d9a-713a-5a56-bd77-5b27feea6827,2025-01-21 16:39:00+01:00,2025-01-21 17:23:00+01:00,43,office,Offenbach,,DE,home,Frankfurt,,DE,home_return,,regional_train,,36.73,True,True,True
73126313-2400-5fd4-82d9-6dbc6130cf52,be6f3d9a-713a-5a56-bd77-5b27feea6827,2025-01-22 06:49:00+01:00,2025-01-22 10:03:00+01:00,189,home,Frankfurt,,DE,client_site,Hamburg,,DE,business,,long_distance_train,,508.83,False,True,False
75b6ab61-7ab1-5071-b774-0df773b55789,be6f3d9a-713a-5a56-bd77-5b27feea6827,2025-01-22 18:11:00+01:00,2025-01-22 21:28:00+01:00,193,client_site,Hamburg,,DE,home,Frankfurt,,DE,home_return,,long_distance_train,,509.18,False,True,False
fb88b18f-b6e5-5d3a-98fa-dc08195243ea,be6f3d9a-713a-5a56-bd77-5b27feea6827,2025-01-23 07:58:00+01:00,2025-01-23 08:47:00+01:00,45,home,Frankfurt,,DE,office,Offenbach,,DE,commute,,regional_train,,39.53,True,True,True
5bcc6124-27bf-55b3-84ec-af304a03d78b,be6f3d9a-713a-5a56-bd77-5b27feea6827,2025-01-23 17:09:00+01:00,2025-01-23 18:01:00+01:00,47,office,Offenbach,,DE,home,Frankfurt,,DE,home_return,,regional_train,,39.77,True,True,True
6ca7ab31-48ba-584c-a56f-c3534fa33300,be6f3d9a-713a-5a56-bd77-5b27feea6827,2025-01-25 13:10:00+01:00,2025-01-25 13:31:00+01:00,20,home,Frankfurt,,DE,city_center,Frankfurt,,DE,leisure,,public_transport,,6.42,False,True,False
c1fbf1e4-8558-5ef7-9b94-a456ca629a49,be6f3d9a-713a-5a56-bd77-5b27feea6827,2025-01-25 16:58:00+01:00,2025-01-25 17:19:00+01:00,19,city_center,Frankfurt,,DE,home,Frankfurt,,DE,home_return,,public_transport,,6.3,False,True,False
4970c4cd-aea7-526d-8dd6-85a19d41dd29,be6f3d9a-713a-5a56-bd77-5b27feea6827,2025-01-27 07:59:00+01:00,2025-01-27 08:47:00+01:00,45,home,Frankfurt,,DE,office,Offenbach,,DE,commute,,regional_train,,38.11,True,True,True
4a033f02-47d7-5a27-a56c-7b25b5a91594,be6f3d9a-713a-5a56-bd77-5b27feea6827,2025-01-27 16:58:00+01:00,2025-01-27 17:43:00+01:00,44,office,Offenbach,,DE,home,Frankfurt,,DE,home_return,,regional_train,,38.06,True,True,True
04088afc-49b8-5fc6-913f-b2dae6becd3d,be6f3d9a-713a-5a56-bd77-5b27feea6827,2025-01-28 07:58:00+01:00,2025-01-28 08:42:00+01:00,42,home,Frankfurt,,DE,office,Offenbach,,DE,commute,,regional_train,,33.71,True,True,True
0a9c633b-faf4-5ab6-b39d-968cbffce44e,be6f3d9a-713a-5a56-bd77-5b27feea6827,2025-01-28 17:02:00+01:00,2025-01-28 17:45:00+01:00,40,office,Offenbach,,DE,home,Frankfurt,,DE,home_return,,regional_train,,33.57,True,True,True
e39bbd72-e751-5e9f-9b93-759fcc48d208,be6f3d9a-713a-5a56-bd77-5b27feea6827,2025-01-31 06:55:00+01:00,2025-01-31 09:31:00+01:00,154,home,Frankfurt,,DE,client_site,Munich,,DE,business,,long_distance_train,,402.41,False,True,False
4cc91b8a-f1c6-5169-bb7c-69a014125f9a,be6f3d9a-713a-5a56-bd77-5b27feea6827,2025-01-31 10:55:00+01:00,2025-01-31 11:13:00+01:00,14,client_site,Munich,,DE,client_office,Munich,,DE,business,,public_transport,,3.36,False,True,False
6f667e54-35f6-5c51-a8d4-1d3e5e5363e7,be6f3d9a-713a-5a56-bd77-5b27feea6827,2025-01-31 17:52:00+01:00,2025-01-31 20:28:00+01:00,152,client_site,Munich,,DE,home,Frankfurt,,DE,home_return,,long_distance_train,,402.15,False,True,False
fb2d19af-22f7-567a-aa29-290e8a528d83,be6f3d9a-713a-5a56-bd77-5b27feea6827,2025-02-01 13:58:00+01:00,2025-02-01 14:15:00+01:00,13,home,Frankfurt,,DE,city_center,Frankfurt,,DE,leisure,,public_transport,,3.1,False,True,False
c961e9e7-c9ae-5b86-9d6e-460cd152dc77,be6f3d9a-713a-5a56-bd77-5b27feea6827,2025-02-01 16:40:00+01:00,2025-02-01 16:58:00+01:00,16,city_center,Frankfurt,,DE,home,Frankfurt,,DE,home_return,,public_transport,,3.32,False,True,False
4fe3553e-5002-5d65-b39c-112eac4f00ea,be6f3d9a-713a-5a56-bd77-5b27feea6827,2025-02-03 07:10:00+01:00,2025-02-03 09:42:00+01:00,147,home,Frankfurt,,DE,client_site,Munich,,DE,business,,long_distance_train,,394.27,False,True,False
8e1e0669-f587-5089-a7f5-84d7123811df,be6f3d9a-713a-5a56-bd77-5b27feea6827,2025-02-03 17:54:00+01:00,2025-02-03 20:32:00+01:00,154,client_site,Munich,,DE,home,Frankfurt,,DE,home_return,,long_distance_train,,394.88,False,True,False
68500e80-d12f-5ecf-b6d9-adcffcd7c3f1,be6f3d9a-713a-5a56-bd77-5b27feea6827,2025-02-04 07:07:00+01:00,2025-02-04 10:19:00+01:00,191,home,Frankfurt,,DE,client_site,Hamburg,,DE,business,,long_distance_train,,511.85,False,True,False
9372bbb5-2c9b-573e-93ed-1f08062b17d4,be6f3d9a-713a-5a56-bd77-5b27feea6827,2025-02-04 11:25:00+01:00,2025-02-04 11:45:00+01:00,15,client_site,Hamburg,,DE,client_office,Hamburg,,DE,business,,public_transport,,3.14,False,True,False
a2de02f0-c8f1-5ca1-8b8a-ea62662e1ecb,be6f3d9a-713a-5a56-bd77-5b27feea6827,2025-02-04 18:27:00+01:00,2025-02-04 21:44:00+01:00,196,client_site,Hamburg,,DE,home,Frankfurt,,DE,home_return,,long_distance_train,,512.23,False,True,False
9cf61021-4bfc-5796-a68b-fa39c9bdd1fe,be6f3d9a-713a-5a56-bd77-5b27feea6827,2025-02-06 08:00:00+01:00,2025-02-06 08:51:00+01:00,49,home,Frankfurt,,DE,office,Offenbach,,DE,commute,,regional_train,,40.71,True,True,True
c3fbfb6d-5087-5599-98c2-68584dfe1801,be6f3d9a-713a-5a56-bd77-5b27feea6827,2025-02-06 16:57:00+01:00,2025-02-06 17:49:00+01:00,48,office,Offenbach,,DE,home,Frankfurt,,DE,home_return,,regional_train,,40.65,True,True,True
3ac93cd9-b4d1-5073-b17c-0fb373630184,be6f3d9a-713a-5a56-bd77-5b27feea6827,2025-02-08 13:14:00+01:00,2025-02-08 13:32:00+01:00,15,home,Frankfurt,,DE,city_center,Frankfurt,,DE,leisure,,public_transport,,5.44,False,True,False
216c8ee4-82d3-5025-9e51-61f783365d8d,be6f3d9a-713a-5a56-bd77-5b27feea6827,2025-02-08 17:54:00+01:00,2025-02-08 18:11:00+01:00,14,city_center,Frankfurt,,DE,home,Frankfurt,,DE,home_return,,public_transport,,5.41,False,True,False
f0b5d7fe-fa74-5c7b-b163-18561a8b2d38,be6f3d9a-713a-5a56-bd77-5b27feea6827,2025-02-11 06:48:00+01:00,2025-02-11 08:18:00+01:00,85,home,Frankfurt,,DE,client_site,Stuttgart,,DE,business,,long_distance_train,,213.74,False,True,False
7e9c35fd-28c6-59c2-bbb0-cba6e316cbf2,be6f3d9a-713a-5a56-bd77-5b27feea6827,2025-02-11 10:56:00+01:00,2025-02-11 11:21:00+01:00,20,client_site,Stuttgart,,DE,client_office,Stuttgart,,DE,business,,public_transport,,6.76,False,True,False
ed791bcb-a1cb-58c2-9d94-9693fda111d6,be6f3d9a-713a-5a56-bd77-5b27feea6827,2025-02-11 17:52:00+01:00,2025-02-11 19:23:00+01:00,86,client_site,Stuttgart,,DE,home,Frankfurt,,DE,home_return,,long_distance_train,,213.9,False,True,False
09a17602-1c75-5fed-a927-786427b2e23d,be6f3d9a-713a-5a56-bd77-5b27feea6827,2025-02-12 07:54:00+01:00,2025-02-12 08:41:00+01:00,43,home,Frankfurt,,DE,office,Offenbach,,DE,commute,,regional_train,,33.93,True,True,True
97aa5240-ac73-5a61-bab2-c35e7be2603c,be6f3d9a-713a-5a56-bd77-5b27feea6827,2025-02-12 16:59:00+01:00,2025-02-12 17:42:00+01:00,38,office,Offenbach,,DE,home,Frankfurt,,DE,home_return,,regional_train,,33.63,True,True,True
1279bc50-2425-5560-97ee-f8047edbaebf,be6f3d9a-713a-5a56-bd77-5b27feea6827,2025-02-13 07:59:00+01:00,2025-02-13 08:46:00+01:00,42,home,Frankfurt,,DE,office,Offenbach,,DE,commute,,regional_train,,40.02,True,True,True
49c4286f-80ce-57a1-a0a2-05c226190813,be6f3d9a-713a-5a56-bd77-5b27feea6827,2025-02-13 16:57:00+01:00,2025-02-13 17:48:00+01:00,47,office,Offenbach,,DE,home,Frankfurt,,DE,home_return,,regional_train,,40.47,True,True,True
88bfce5d-7ea0-5456-bf4b-f5ee430f7694,be6f3d9a-713a-5a56-bd77-5b27feea6827,2025-02-16 13:47:00+01:00,2025-02-16 14:10:00+01:00,18,home,Frankfurt,,DE,city_center,Frankfurt,,DE,leisure,,public_transport,,3.43,False,True,False
0ec2f2d0-4cf0-5884-a227-29dd04ad289a,be6f3d9a-713a-5a56-bd77-5b27feea6827,2025-02-16 16:13:00+01:00,2025-02-16 16:32:00+01:00,14,city_center,Frankfurt,,DE,home,Frankfurt,,DE,home_return,,public_transport,,3.14,False,True,False
081f46e7-f863-50c9-a377-c41326ff0fe6,be6f3d9a-713a-5a56-bd77-5b27feea6827,2025-02-18 06:53:00+01:00,2025-02-18 10:28:00+01:00,211,home,Frankfurt,,DE,client_site,Berlin,,DE,business,,long_distance_train,,567.9,False,True,False
57939e53-a1e6-503c-9a79-c71cdce000ea,be6f3d9a-713a-5a56-bd77-5b27feea6827,2025-02-18 18:30:00+01:00,2025-02-18 22:08:00+01:00,214,client_site,Berlin,,DE,home,Frankfurt,,DE,home_return,,long_distance_train,,568.23,False,True,False
2f2ea920-f39e-5f1f-abcc-8d865f561ba6,be6f3d9a-713a-5a56-bd77-5b27feea6827,2025-02-20 07:52:00+01:00,2025-02-20 08:34:00+01:00,39,home,Frankfurt,,DE,office,Offenbach,,DE,commute,,regional_train,,34.31,True,True,True
b880affa-8608-5455-a7fe-3e3f0a3ccd72,be6f3d9a-713a-5a56-bd77-5b27feea6827,2025-02-20 17:27:00+01:00,2025-02-20 18:07:00+01:00,38,office,Offenbach,,DE,home,Frankfurt,,DE,home_return,,regional_train,,34.25,True,True,True
ae4526c6-0f66-5020-89f5-2fa3c2353138,be6f3d9a-713a-5a56-bd77-5b27feea6827,2025-02-21 08:10:00+01:00,2025-02-21 08:52:00+01:00,37,home,Frankfurt,,DE,office,Offenbach,,DE,commute,,regional_train,,30.89,True,True,True
53d192d7-991b-5456-949c-78bfb72a1b07,be6f3d9a-713a-5a56-bd77-5b27feea6827,2025-02-21 16:40:00+01:00,2025-02-21 17:21:00+01:00,39,office,Offenbach,,DE,home,Frankfurt,,DE,home_return,,regional_train,,31.05,True,True,True
2a055df3-5b5b-5e2c-9212-acbafda6f72b,be6f3d9a-713a-5a56-bd77-5b27feea6827,2025-02-24 07:58:00+01:00,2025-02-24 08:45:00+01:00,45,home,Frankfurt,,DE,office,Offenbach,,DE,commute,,regional_train,,40.35,True,True,True
f0d763ed-d941-58ee-a13a-77e4d3cddffe,be6f3d9a-713a-5a56-bd77-5b27feea6827,2025-02-24 16:50:00+01:00,2025-02-24 17:37:00+01:00,46,office,Offenbach,,DE,home,Frankfurt,,DE,home_return,,regional_train,,40.39,True,True,True
3155034b-8f67-5546-9cb5-9e195e51388c,be6f3d9a-713a-5a56-bd77-5b27feea6827,2025-02-25 07:05:00+01:00,2025-02-25 09:41:00+01:00,153,home,Frankfurt,,DE,client_site,Munich,,DE,business,,long_distance_train,,398.13,False,True,False
eba84138-f7e3-5975-a58e-9fc298c5caba,be6f3d9a-713a-5a56-bd77-5b27feea6827,2025-02-25 10:35:00+01:00,2025-02-25 10:53:00+01:00,13,client_site,Munich,,DE,client_office,Munich,,DE,business,,public_transport,,3.93,False,True,False
bcea0772-29c1-5631-a723-3efd7e9254f4,be6f3d9a-713a-5a56-bd77-5b27feea6827,2025-02-25 18:09:00+01:00,2025-02-25 20:44:00+01:00,154,client_site,Munich,,DE,home,Frankfurt,,DE,home_return,,long_distance_train,,398.15,False,True,False
cdc3b867-f71e-5d6f-9372-78a9083e8827,be6f3d9a-713a-5a56-bd77-5b27feea6827,2025-02-26 07:20:00+01:00,2025-02-26 10:37:00+01:00,195,home,Frankfurt,,DE,client_site,Hamburg,,DE,business,,long_distance_train,,517.63,False,True,False
97817488-1c7b-5419-8845-04c3d5ddc0ca,be6f3d9a-713a-5a56-bd77-5b27feea6827,2025-02-26 11:23:00+01:00,2025-02-26 11:44:00+01:00,17,client_site,Hamburg,,DE,client_office,Hamburg,,DE,business,,public_transport,,3.82,False,True,False
2c681081-4bf0-566b-8001-9cabbee09609,be6f3d9a-713a-5a56-bd77-5b27feea6827,2025-02-26 18:12:00+01:00,2025-02-26 21:27:00+01:00,193,client_site,Hamburg,,DE,home,Frankfurt,,DE,home_return,,long_distance_train,,517.51,False,True,False
a1142b3a-8646-5bab-b568-1f9d046c9509,be6f3d9a-713a-5a56-bd77-5b27feea6827,2025-02-28 06:47:00+01:00,2025-02-28 08:12:00+01:00,83,home,Frankfurt,,DE,client_site,Stuttgart,,DE,business,,long_distance_train,,213.26,False,True,False
fb349356-53f5-5fa6-b6ca-0a109ac8d8b3,be6f3d9a-713a-5a56-bd77-5b27feea6827,2025-02-28 11:23:00+01:00,2025-02-28 11:37:00+01:00,13,client_site,Stuttgart,,DE,client_office,Stuttgart,,DE,business,,public_transport,,4.01,False,True,False
80187375-6616-538c-9764-5dc0692a20f9,be6f3d9a-713a-5a56-bd77-5b27feea6827,2025-02-28 18:01:00+01:00,2025-02-28 19:28:00+01:00,83,client_site,Stuttgart,,DE,home,Frankfurt,,DE,home_return,,long_distance_train,,213.29,False,True,False
2b82f13e-2b64-5bb6-a756-b86706234aa6,be6f3d9a-713a-5a56-bd77-5b27feea6827,2025-03-03 07:50:00+01:00,2025-03-03 08:26:00+01:00,35,home,Frankfurt,,DE,office,Offenbach,,DE,commute,,regional_train,,30.56,True,True,True
20744b87-475f-53b5-9ffb-fbefb7c176cd,be6f3d9a-713a-5a56-bd77-5b27feea6827,2025-03-03 16:51:00+01:00,2025-03-03 17:33:00+01:00,37,office,Offenbach,,DE,home,Frankfurt,,DE,home_return,,regional_train,,30.69,True,True,True
5a0a93a2-e386-5cb9-87f1-5ee7ac448992,be6f3d9a-713a-5a56-bd77-5b27feea6827,2025-03-04 06:47:00+01:00,2025-03-04 08:05:00+01:00,77,home,Frankfurt,,DE,client_site,Cologne,,DE,business,,long_distance_train,,195.21,False,True,False
00cddd78-a8b4-541a-8968-8001ea6db779,be6f3d9a-713a-5a56-bd77-5b27feea6827,2025-03-04 17:43:00+01:00,2025-03-04 19:00:00+01:00,75,client_site,Cologne,,DE,home,Frankfurt,,DE,home_return,,long_distance_train,,195.05,False,True,False
7a5e18c8-f59b-574d-b4ab-39109d3aaffd,be6f3d9a-713a-5a56-bd77-5b27feea6827,2025-03-05 06:48:00+01:00,2025-03-05 09:21:00+01:00,152,home,Frankfurt,,DE,client_site,Munich,,DE,business,,long_distance_train,,401.66,False,True,False
98b65ea9-8cd8-5396-b21d-26182bd90095,be6f3d9a-713a-5a56-bd77-5b27feea6827,2025-03-05 11:17:00+01:00,2025-03-05 11:37:00+01:00,16,client_site,Munich,,DE,client_office,Munich,,DE,business,,public_transport,,4.14,False,True,False
df3aaf3e-f660-59c0-bd5e-1148f5c5870f,be6f3d9a-713a-5a56-bd77-5b27feea6827,2025-03-05 17:46:00+01:00,2025-03-05 20:25:00+01:00,156,client_site,Munich,,DE,home,Frankfurt,,DE,home_return,,long_distance_train,,401.98,False,True,False
50f5aca9-1181-5060-9f20-d57163e42246,be6f3d9a-713a-5a56-bd77-5b27feea6827,2025-03-06 06:53:00+01:00,2025-03-06 08:13:00+01:00,76,home,Frankfurt,,DE,client_site,Cologne,,DE,business,,long_distance_train,,187.19,False,True,False
cbbb0930-2467-5e5e-a8b8-553681cd82a3,be6f3d9a-713a-5a56-bd77-5b27feea6827,2025-03-06 18:22:00+01:00,2025-03-06 19:40:00+01:00,74,client_site,Cologne,,DE,home,Frankfurt,,DE,home_return,,long_distance_train,,187.03,False,True,False
d8264c15-4ce8-59a3-97b4-819095db51ff,be6f3d9a-713a-5a56-bd77-5b27feea6827,2025-03-07 07:47:00+01:00,2025-03-07 08:36:00+01:00,44,home,Frankfurt,,DE,office,Offenbach,,DE,commute,,regional_train,,37.25,True,True,True
152d94a7-2be9-5c49-8d3c-fec376bfe420,be6f3d9a-713a-5a56-bd77-5b27feea6827,2025-03-07 16:56:00+01:00,2025-03-07 17:44:00+01:00,43,office,Offenbach,,DE,home,Frankfurt,,DE,home_return,,regional_train,,37.26,True,True,True
c3a7bcaf-1d36-5348-b782-0c350a6b1f3d,be6f3d9a-713a-5a56-bd77-5b27feea6827,2025-03-08 12:41:00+01:00,2025-03-08 12:54:00+01:00,11,home,Frankfurt,,DE,city_center,Frankfurt,,DE,leisure,,public_transport,,3.2,False,True,False
ef86f4f0-ddcc-52a3-8214-4bb71099bb62,be6f3d9a-713a-5a56-bd77-5b27feea6827,2025-03-08 17:24:00+01:00,2025-03-08 17:38:00+01:00,11,city_center,Frankfurt,,DE,home,Frankfurt,,DE,home_return,,public_transport,,3.21,False,True,False
59b290d8-4851-5d6f-b34c-8a90d7b1260d,be6f3d9a-713a-5a56-bd77-5b27feea6827,2025-03-10 07:16:00+01:00,2025-03-10 10:41:00+01:00,200,home,Frankfurt,,DE,client_site,Berlin,,DE,business,,long_distance_train,,533.1,False,True,False
ae141333-d591-57d3-811c-d097e8d8dcfb,be6f3d9a-713a-5a56-bd77-5b27feea6827,2025-03-10 10:43:00+01:00,2025-03-10 11:04:00+01:00,16,client_site,Berlin,,DE,client_office,Berlin,,DE,business,,public_transport,,3.69,False,True,False
33aa5cab-319a-5b49-abb2-ca3f40be8e92,be6f3d9a-713a-5a56-bd77-5b27feea6827,2025-03-10 18:21:00+01:00,2025-03-10 21:44:00+01:00,199,client_site,Berlin,,DE,home,Frankfurt,,DE,home_return,,long_distance_train,,533.01,False,True,False
484973ef-cb7b-5168-9d88-373ce53a2017,be6f3d9a-713a-5a56-bd77-5b27feea6827,2025-03-12 07:11:00+01:00,2025-03-12 09:43:00+01:00,151,home,Frankfurt,,DE,client_site,Munich,,DE,business,,long_distance_train,,404.43,False,True,False
fdeef759-646b-5604-87dd-abbff863e07c,be6f3d9a-713a-5a56-bd77-5b27feea6827,2025-03-12 10:54:00+01:00,2025-03-12 11:10:00+01:00,15,client_site,Munich,,DE,client_office,Munich,,DE,business,,public_transport,,3.97,False,True,False
e536fc65-aa8e-5ff9-b146-884cfadf9c8e,be6f3d9a-713a-5a56-bd77-5b27feea6827,2025-03-12 18:24:00+01:00,2025-03-12 20:59:00+01:00,151,client_site,Munich,,DE,home,Frankfurt,,DE,home_return,,long_distance_train,,404.38,False,True,False
c328fb54-f630-5b9b-99e4-ba9fefc40e64,be6f3d9a-713a-5a56-bd77-5b27feea6827,2025-03-13 08:14:00+01:00,2025-03-13 08:58:00+01:00,43,home,Frankfurt,,DE,office,Offenbach,,DE,commute,,regional_train,,39.72,True,True,True
bd0de901-4cdc-5578-b868-cf9f750dab2e,be6f3d9a-713a-5a56-bd77-5b27feea6827,2025-03-13 16:36:00+01:00,2025-03-13 17:23:00+01:00,44,office,Offenbach,,DE,home,Frankfurt,,DE,home_return,,regional_train,,39.84,True,True,True
d47b960a-43f8-5291-a915-1ba2fdf5ab11,be6f3d9a-713a-5a56-bd77-5b27feea6827,2025-03-14 07:55:00+01:00,2025-03-14 08:39:00+01:00,41,home,Frankfurt,,DE,office,Offenbach,,DE,commute,,regional_train,,36.29,True,True,True
bfdd6a5f-65cc-5572-9b46-1782edae20c8,be6f3d9a-713a-5a56-bd77-5b27feea6827,2025-03-14 16:59:00+01:00,2025-03-14 17:44:00+01:00,44,office,Offenbach,,DE,home,Frankfurt,,DE,home_return,,regional_train,,36.59,True,True,True
d97fb806-9ea3-5b16-9156-422da041f4e7,be6f3d9a-713a-5a56-bd77-5b27feea6827,2025-03-16 13:45:00+01:00,2025-03-16 14:02:00+01:00,14,home,Frankfurt,,DE,city_center,Frankfurt,,DE,leisure,,public_transport,,3.68,False,True,False
e1e45c8a-beac-5c27-91da-51dee4660f12,be6f3d9a-713a-5a56-bd77-5b27feea6827,2025-03-16 17:32:00+01:00,2025-03-16 17:48:00+01:00,14,city_center,Frankfurt,,DE,home,Frankfurt,,DE,home_return,,public_transport,,3.66,False,True,False
1296320d-f97c-5b1b-997f-b2d975db84a5,be6f3d9a-713a-5a56-bd77-5b27feea6827,2025-03-18 07:46:00+01:00,2025-03-18 08:30:00+01:00,43,home,Frankfurt,,DE,office,Offenbach,,DE,commute,,regional_train,,37.71,True,True,True
4bf85157-1fdc-54ba-a389-f61ae2adfebf,be6f3d9a-713a-5a56-bd77-5b27feea6827,2025-03-18 16:49:00+01:00,2025-03-18 17:38:00+01:00,44,office,Offenbach,,DE,home,Frankfurt,,DE,home_return,,regional_train,,37.83,True,True,True
3bb29a37-86eb-50f8-93b6-e793413b4bfe,be6f3d9a-713a-5a56-bd77-5b27feea6827,2025-03-21 07:17:00+01:00,2025-03-21 10:56:00+01:00,215,home,Frankfurt,,DE,client_site,Berlin,,DE,business,,long_distance_train,,568.87,False,True,False
a53d80d8-4a05-5c26-90a5-93e1b3a7e6c3,be6f3d9a-713a-5a56-bd77-5b27feea6827,2025-03-21 18:03:00+01:00,2025-03-21 21:42:00+01:00,215,client_site,Berlin,,DE,home,Frankfurt,,DE,home_return,,long_distance_train,,568.85,False,True,False
8b30086f-d76a-5abd-8478-7bd6c3231c98,be6f3d9a-713a-5a56-bd77-5b27feea6827,2025-03-24 06:45:00+01:00,2025-03-24 10:20:00+01:00,213,home,Frankfurt,,DE,client_site,Berlin,,DE,business,,long_distance_train,,563.58,False,True,False
ad529499-f302-5853-a043-9def643bdbc2,be6f3d9a-713a-5a56-bd77-5b27feea6827,2025-03-24 17:43:00+01:00,2025-03-24 21:14:00+01:00,207,client_site,Berlin,,DE,home,Frankfurt,,DE,home_return,,long_distance_train,,563.04,False,True,False
4bcc6ae6-551e-5125-a548-d740347bb59e,be6f3d9a-713a-5a56-bd77-5b27feea6827,2025-03-25 07:04:00+01:00,2025-03-25 10:11:00+01:00,185,home,Frankfurt,,DE,client_site,Hamburg,,DE,business,,long_distance_train,,492.2,False,True,False
a7934e86-2f97-5246-b452-d375c92c77b4,be6f3d9a-713a-5a56-bd77-5b27feea6827,2025-03-25 18:02:00+01:00,2025-03-25 21:13:00+01:00,188,client_site,Hamburg,,DE,home,Frankfurt,,DE,home_return,,long_distance_train,,492.41,False,True,False
7deec13f-f94d-5f1d-a359-38ca549d1f57,be6f3d9a-713a-5a56-bd77-5b27feea6827,2025-03-27 07:03:00+01:00,2025-03-27 10:09:00+01:00,181,home,Frankfurt,,DE,client_site,Hamburg,,DE,business,,long_distance_train,,479.93,False,True,False
8bb133d1-d67a-55ba-abb0-84a4b8cb0549,be6f3d9a-713a-5a56-bd77-5b27feea6827,2025-03-27 17:42:00+01:00,2025-03-27 20:47:00+01:00,182,client_site,Hamburg,,DE,home,Frankfurt,,DE,home_return,,long_distance_train,,480.09,False,True,False
2731cabb-e733-52fc-a85d-1107c9ccfc08,be6f3d9a-713a-5a56-bd77-5b27feea6827,2025-03-28 07:48:00+01:00,2025-03-28 08:30:00+01:00,38,home,Frankfurt,,DE,office,Offenbach,,DE,commute,,regional_train,,35.16,True,True,True
cfc3c11d-249f-500b-afde-53169d393664,be6f3d9a-713a-5a56-bd77-5b27feea6827,2025-03-28 16:31:00+01:00,2025-03-28 17:14:00+01:00,40,office,Offenbach,,DE,home,Frankfurt,,DE,home_return,,regional_train,,35.31,True,True,True
62005fc5-d41a-5e44-a01e-278aa5e2a253,be6f3d9a-713a-5a56-bd77-5b27feea6827,2025-03-30 12:19:00+01:00,2025-03-30 12:35:00+01:00,13,home,Frankfurt,,DE,city_center,Frankfurt,,DE,leisure,,public_transport,,4.29,False,True,False
0a103a49-8643-5ce5-aadf-4d13cce1afee,be6f3d9a-713a-5a56-bd77-5b27feea6827,2025-03-30 16:34:00+01:00,2025-03-30 16:53:00+01:00,15,city_center,Frankfurt,,DE,home,Frankfurt,,DE,home_return,,public_transport,,4.41,False,True,False
f1d4a7f5-04eb-5362-aaa3-eb913d2496fa,be6f3d9a-713a-5a56-bd77-5b27feea6827,2025-03-31 08:04:00+01:00,2025-03-31 08:49:00+01:00,40,home,Frankfurt,,DE,office,Offenbach,,DE,commute,,regional_train,,34.79,True,True,True
3ce4f3b4-3b06-58e5-ada5-7e1da05ffb20,be6f3d9a-713a-5a56-bd77-5b27feea6827,2025-03-31 17:13:00+01:00,2025-03-31 17:52:00+01:00,38,office,Offenbach,,DE,home,Frankfurt,,DE,home_return,,regional_train,,34.57,True,True,True
2fe68026-3295-5cce-8ceb-291134ed45bf,be6f3d9a-713a-5a56-bd77-5b27feea6827,2025-04-01 06:55:00+01:00,2025-04-01 09:28:00+01:00,151,home,Frankfurt,,DE,client_site,Munich,,DE,business,,long_distance_train,,395.74,False,True,False
b19a7505-f552-589d-a29b-17d6609391d9,be6f3d9a-713a-5a56-bd77-5b27feea6827,2025-04-01 17:55:00+01:00,2025-04-01 20:27:00+01:00,149,client_site,Munich,,DE,home,Frankfurt,,DE,home_return,,long_distance_train,,395.59,False,True,False
ebeedbe3-d34f-5313-b59e-f741e5a556b6,be6f3d9a-713a-5a56-bd77-5b27feea6827,2025-04-02 06:58:00+01:00,2025-04-02 09:59:00+01:00,180,home,Frankfurt,,DE,client_site,Hamburg,,DE,business,,long_distance_train,,486.05,False,True,False
68a5691a-5659-5b6c-a333-2c0e10a97252,be6f3d9a-713a-5a56-bd77-5b27feea6827,2025-04-02 11:00:00+01:00,2025-04-02 11:19:00+01:00,17,client_site,Hamburg,,DE,client_office,Hamburg,,DE,business,,public_transport,,5.61,False,True,False
2b63e1c8-7fa8-5249-9664-bd2a4c644b90,be6f3d9a-713a-5a56-bd77-5b27feea6827,2025-04-02 18:13:00+01:00,2025-04-02 21:16:00+01:00,179,client_site,Hamburg,,DE,home,Frankfurt,,DE,home_return,,long_distance_train,,486.02,False,True,False
d73f60b2-af42-57f2-ae09-ce697f76b0bf,be6f3d9a-713a-5a56-bd77-5b27feea6827,2025-04-03 06:41:00+01:00,2025-04-03 08:01:00+01:00,79,home,Frankfurt,,DE,client_site,Stuttgart,,DE,business,,long_distance_train,,203.11,False,True,False
27345177-2ce4-5378-9f6e-df6e621a18db,be6f3d9a-713a-5a56-bd77-5b27feea6827,2025-04-03 17:30:00+01:00,2025-04-03 18:57:00+01:00,82,client_site,Stuttgart,,DE,home,Frankfurt,,DE,home_return,,long_distance_train,,203.32,False,True,False
413dff4f-9c53-5ece-ae77-744688d7bbe9,be6f3d9a-713a-5a56-bd77-5b27feea6827,2025-04-05 13:27:00+01:00,2025-04-05 13:48:00+01:00,16,home,Frankfurt,,DE,city_center,Frankfurt,,DE,leisure,,public_transport,,3.03,False,True,False
a4bd72d7-1145-5cf5-86bf-e460edefad08,be6f3d9a-713a-5a56-bd77-5b27feea6827,2025-04-05 17:36:00+01:00,2025-04-05 17:53:00+01:00,14,city_center,Frankfurt,,DE,home,Frankfurt,,DE,home_return,,public_transport,,2.86,False,True,False
09f299c6-adbc-5496-a493-4cc6573859da,be6f3d9a-713a-5a56-bd77-5b27feea6827,2025-04-07 08:06:00+01:00,2025-04-07 08:49:00+01:00,42,home,Frankfurt,,DE,office,Offenbach,,DE,commute,,regional_train,,36.36,True,True,True
8ac68f66-1301-5c08-9fe9-195c7708a53b,be6f3d9a-713a-5a56-bd77-5b27feea6827,2025-04-07 16:49:00+01:00,2025-04-07 17:38:00+01:00,44,office,Offenbach,,DE,home,Frankfurt,,DE,home_return,,regional_train,,36.43,True,True,True
41a9ff32-b59e-5c0b-91b2-e76adbda907b,be6f3d9a-713a-5a56-bd77-5b27feea6827,2025-04-08 06:41:00+01:00,2025-04-08 08:02:00+01:00,79,home,Frankfurt,,DE,client_site,Cologne,,DE,business,,long_distance_train,,195.16,False,True,False
66a520d3-58b0-56f4-a602-714373925bfd,be6f3d9a-713a-5a56-bd77-5b27feea6827,2025-04-08 10:45:00+01:00,2025-04-08 11:06:00+01:00,17,client_site,Cologne,,DE,client_office,Cologne,,DE,business,,public_transport,,4.82,False,True,False
a620afd7-6cc9-5a49-9d54-ef1835854e02,be6f3d9a-713a-5a56-bd77-5b27feea6827,2025-04-08 18:17:00+01:00,2025-04-08 19:43:00+01:00,82,client_site,Cologne,,DE,home,Frankfurt,,DE,home_return,,long_distance_train,,195.37,False,True,False
3b1975d8-ef47-578d-9cc8-2a8bdcc75c1f,be6f3d9a-713a-5a56-bd77-5b27feea6827,2025-04-13 13:53:00+01:00,2025-04-13 14:13:00+01:00,17,home,Frankfurt,,DE,city_center,Frankfurt,,DE,leisure,,public_transport,,5.46,False,True,False
3c7b0a10-7e21-5509-9edf-99e76d8ed49f,be6f3d9a-713a-5a56-bd77-5b27feea6827,2025-04-13 16:05:00+01:00,2025-04-13 16:27:00+01:00,17,city_center,Frankfurt,,DE,home,Frankfurt,,DE,home_return,,public_transport,,5.43,False,True,False
c4a549cb-ac1a-5589-b3c1-f3d3e1180d54,be6f3d9a-713a-5a56-bd77-5b27feea6827,2025-04-15 07:45:00+01:00,2025-04-15 08:29:00+01:00,40,home,Frankfurt,,DE,office,Offenbach,,DE,commute,,regional_train,,31.85,True,True,True
9334e46f-60c3-5a96-adb5-3ad81123349a,be6f3d9a-713a-5a56-bd77-5b27feea6827,2025-04-15 17:03:00+01:00,2025-04-15 17:42:00+01:00,37,office,Offenbach,,DE,home,Frankfurt,,DE,home_return,,regional_train,,31.68,True,True,True
32fffe47-e64e-5260-849a-35334d42136e,be6f3d9a-713a-5a56-bd77-5b27feea6827,2025-04-17 07:17:00+01:00,2025-04-17 09:43:00+01:00,145,home,Frankfurt,,DE,client_site,Munich,,DE,business,,long_distance_train,,381.69,False,True,False
015d8c2a-5d54-563f-b504-80b4ee2beef5,be6f3d9a-713a-5a56-bd77-5b27feea6827,2025-04-17 17:30:00+01:00,2025-04-17 19:58:00+01:00,145,client_site,Munich,,DE,home,Frankfurt,,DE,home_return,,long_distance_train,,381.69,False,True,False
a5ebee92-fe39-5eab-9324-65e1200370e6,be6f3d9a-713a-5a56-bd77-5b27feea6827,2025-04-21 07:58:00+01:00,2025-04-21 08:40:00+01:00,40,home,Frankfurt,,DE,office,Offenbach,,DE,commute,,regional_train,,37.89,True,True,True
0346042a-4a10-5519-b0e6-5f00536365f6,be6f3d9a-713a-5a56-bd77-5b27feea6827,2025-04-21 17:29:00+01:00,2025-04-21 18:17:00+01:00,44,office,Offenbach,,DE,home,Frankfurt,,DE,home_return,,regional_train,,38.34,True,True,True
a6c8baa9-3f17-599b-ba4e-bc2794d4bc5a,be6f3d9a-713a-5a56-bd77-5b27feea6827,2025-04-22 07:54:00+01:00,2025-04-22 08:37:00+01:00,39,home,Frankfurt,,DE,office,Offenbach,,DE,commute,,regional_train,,33.23,True,True,True
7d80916c-b110-5a0d-a39d-8dc276817696,be6f3d9a-713a-5a56-bd77-5b27feea6827,2025-04-22 16:50:00+01:00,2025-04-22 17:29:00+01:00,37,office,Offenbach,,DE,home,Frankfurt,,DE,home_return,,regional_train,,33.05,True,True,True
a0aea293-9e51-51dc-80f6-eb5df3857766,be6f3d9a-713a-5a56-bd77-5b27feea6827,2025-04-23 07:54:00+01:00,2025-04-23 08:37:00+01:00,38,home,Frankfurt,,DE,office,Offenbach,,DE,commute,,regional_train,,33.67,True,True,True
7093db1f-fad2-505a-a286-e6ad5b089cc1,be6f3d9a-713a-5a56-bd77-5b27feea6827,2025-04-23 17:20:00+01:00,2025-04-23 18:01:00+01:00,39,office,Offenbach,,DE,home,Frankfurt,,DE,home_return,,regional_train,,33.73,True,True,True
02cb423e-63ea-5769-8aa3-0041a7f58ce2,be6f3d9a-713a-5a56-bd77-5b27feea6827,2025-04-25 07:59:00+01:00,2025-04-25 08:41:00+01:00,41,home,Frankfurt,,DE,office,Offenbach,,DE,commute,,regional_train,,34.4,True,True,True
5660ee34-f89d-59e5-9a04-cd13223d4c00,be6f3d9a-713a-5a56-bd77-5b27feea6827,2025-04-25 16:31:00+01:00,2025-04-25 17:12:00+01:00,39,office,Offenbach,,DE,home,Frankfurt,,DE,home_return,,regional_train,,34.29,True,True,True
02bc8af0-41cf-540b-8cdb-79b2f6e7c349,be6f3d9a-713a-5a56-bd77-5b27feea6827,2025-04-27 12:16:00+01:00,2025-04-27 12:36:00+01:00,17,home,Frankfurt,,DE,city_center,Frankfurt,,DE,leisure,,public_transport,,4.78,False,True,False
60c619cd-4240-53c8-a0b8-41fe2ca736aa,be6f3d9a-713a-5a56-bd77-5b27feea6827,2025-04-27 17:48:00+01:00,2025-04-27 18:05:00+01:00,16,city_center,Frankfurt,,DE,home,Frankfurt,,DE,home_return,,public_transport,,4.75,False,True,False
65301a87-dca7-5255-8c74-49f2ecb48d15,be6f3d9a-713a-5a56-bd77-5b27feea6827,2025-04-29 08:05:00+01:00,2025-04-29 08:48:00+01:00,40,home,Frankfurt,,DE,office,Offenbach,,DE,commute,,regional_train,,33.46,True,True,True
16a0ac0f-8389-5cc3-aa2d-01286d6ee54f,be6f3d9a-713a-5a56-bd77-5b27feea6827,2025-04-29 17:14:00+01:00,2025-04-29 17:58:00+01:00,39,office,Offenbach,,DE,home,Frankfurt,,DE,home_return,,regional_train,,33.28,True,True,True
8338987b-65c6-5fc4-8c08-c11bd57efcd7,be6f3d9a-713a-5a56-bd77-5b27feea6827,2025-04-30 07:49:00+01:00,2025-04-30 08:30:00+01:00,39,home,Frankfurt,,DE,office,Offenbach,,DE,commute,,regional_train,,32.78,True,True,True
8b1d93c0-7cc9-5bf6-89b6-cce1bcfd8ea6,be6f3d9a-713a-5a56-bd77-5b27feea6827,2025-04-30 17:13:00+01:00,2025-04-30 17:54:00+01:00,38,office,Offenbach,,DE,home,Frankfurt,,DE,home_return,,regional_train,,32.65,True,True,True
430f1d08-810d-5766-a7b1-40f9436b77bd,be6f3d9a-713a-5a56-bd77-5b27feea6827,2025-05-02 07:49:00+01:00,2025-05-02 08:25:00+01:00,35,home,Frankfurt,,DE,office,Offenbach,,DE,commute,,regional_train,,31.0,True,True,True
30527688-61b2-5164-af01-1a6b82fc0d0a,be6f3d9a-713a-5a56-bd77-5b27feea6827,2025-05-02 16:36:00+01:00,2025-05-02 17:18:00+01:00,38,office,Offenbach,,DE,home,Frankfurt,,DE,home_return,,regional_train,,31.34,True,True,True
4ac2efc3-57a1-5e39-a7e4-7b47dc3f74cf,be6f3d9a-713a-5a56-bd77-5b27feea6827,2025-05-04 12:23:00+01:00,2025-05-04 12:44:00+01:00,16,home,Frankfurt,,DE,city_center,Frankfurt,,DE,leisure,,public_transport,,4.74,False,True,False
3a6a688c-7f39-5718-b552-67154531c1e9,be6f3d9a-713a-5a56-bd77-5b27feea6827,2025-05-04 17:18:00+01:00,2025-05-04 17:38:00+01:00,15,city_center,Frankfurt,,DE,home,Frankfurt,,DE,home_return,,public_transport,,4.69,False,True,False
5c687511-988c-52d7-82d4-aad8ef6b85e7,be6f3d9a-713a-5a56-bd77-5b27feea6827,2025-05-05 06:55:00+01:00,2025-05-05 09:25:00+01:00,145,home,Frankfurt,,DE,client_site,Munich,,DE,business,,long_distance_train,,380.42,False,True,False
daf6c590-43a2-55d5-a8f1-06120acd0e23,be6f3d9a-713a-5a56-bd77-5b27feea6827,2025-05-05 10:36:00+01:00,2025-05-05 10:53:00+01:00,14,client_site,Munich,,DE,client_office,Munich,,DE,business,,public_transport,,3.96,False,True,False
6246f0e8-97af-566b-a336-9129d6cb4c10,be6f3d9a-713a-5a56-bd77-5b27feea6827,2025-05-05 18:14:00+01:00,2025-05-05 20:42:00+01:00,144,client_site,Munich,,DE,home,Frankfurt,,DE,home_return,,long_distance_train,,380.29,False,True,False
b715785f-d321-5fc9-9172-3167ad84a7ad,be6f3d9a-713a-5a56-bd77-5b27feea6827,2025-05-06 08:03:00+01:00,2025-05-06 08:50:00+01:00,42,home,Frankfurt,,DE,office,Offenbach,,DE,commute,,regional_train,,34.68,True,True,True
61b9b5fa-f3e7-5bb1-993f-0414c16abb03,be6f3d9a-713a-5a56-bd77-5b27feea6827,2025-05-06 17:28:00+01:00,2025-05-06 18:17:00+01:00,45,office,Offenbach,,DE,home,Frankfurt,,DE,home_return,,regional_train,,34.98,True,True,True
54d0a00b-d2ae-5516-aeab-058b996b9b19,be6f3d9a-713a-5a56-bd77-5b27feea6827,2025-05-07 08:01:00+01:00,2025-05-07 08:45:00+01:00,41,home,Frankfurt,,DE,office,Offenbach,,DE,commute,,regional_train,,32.37,True,True,True
b29f2c8d-1de9-5ef7-84c8-4bb6fec31edd,be6f3d9a-713a-5a56-bd77-5b27feea6827,2025-05-07 17:03:00+01:00,2025-05-07 17:41:00+01:00,36,office,Offenbach,,DE,home,Frankfurt,,DE,home_return,,regional_train,,31.98,True,True,True
53a2cddc-c541-568c-bc59-8a7f6c12381d,be6f3d9a-713a-5a56-bd77-5b27feea6827,2025-05-08 08:10:00+01:00,2025-05-08 09:00:00+01:00,47,home,Frankfurt,,DE,office,Offenbach,,DE,commute,,regional_train,,38.34,True,True,True
6ffd969b-0795-5808-b38c-a8862cdd5898,be6f3d9a-713a-5a56-bd77-5b27feea6827,2025-05-08 16:34:00+01:00,2025-05-08 17:25:00+01:00,47,office,Offenbach,,DE,home,Frankfurt,,DE,home_return,,regional_train,,38.31,True,True,True
915e9447-61df-5f5f-ad60-227f77eef49b,be6f3d9a-713a-5a56-bd77-5b27feea6827,2025-05-09 08:01:00+01:00,2025-05-09 08:48:00+01:00,45,home,Frankfurt,,DE,office,Offenbach,,DE,commute,,regional_train,,38.08,True,True,True
01a31d98-7ca9-595c-982c-e52da5a5dc5a,be6f3d9a-713a-5a56-bd77-5b27feea6827,2025-05-09 17:07:00+01:00,2025-05-09 17:56:00+01:00,44,office,Offenbach,,DE,home,Frankfurt,,DE,home_return,,regional_train,,38.06,True,True,True
00ba3664-6639-513b-adbe-fbe945745665,be6f3d9a-713a-5a56-bd77-5b27feea6827,2025-05-10 13:33:00+01:00,2025-05-10 13:47:00+01:00,13,home,Frankfurt,,DE,city_center,Frankfurt,,DE,leisure,,public_transport,,2.74,False,True,False
dbcc6808-48c0-54d8-bd69-5de9a5680cb3,be6f3d9a-713a-5a56-bd77-5b27feea6827,2025-05-10 17:26:00+01:00,2025-05-10 17:42:00+01:00,14,city_center,Frankfurt,,DE,home,Frankfurt,,DE,home_return,,public_transport,,2.84,False,True,False
e7928edd-4a14-52dd-b431-bd57292c54de,be6f3d9a-713a-5a56-bd77-5b27feea6827,2025-05-12 08:14:00+01:00,2025-05-12 08:59:00+01:00,44,home,Frankfurt,,DE,office,Offenbach,,DE,commute,,regional_train,,40.62,True,True,True
e80f0a54-8f71-55e7-8e30-49dcbbbaee97,be6f3d9a-713a-5a56-bd77-5b27feea6827,2025-05-12 17:17:00+01:00,2025-05-12 18:09:00+01:00,47,office,Offenbach,,DE,home,Frankfurt,,DE,home_return,,regional_train,,40.93,True,True,True
6802ba6f-5b11-5088-bf5a-ff58a9f44693,be6f3d9a-713a-5a56-bd77-5b27feea6827,2025-05-13 07:08:00+01:00,2025-05-13 10:18:00+01:00,185,home,Frankfurt,,DE,client_site,Hamburg,,DE,business,,long_distance_train,,485.2,False,True,False
6ef6572c-7a64-51f3-a425-206b8f8ef792,be6f3d9a-713a-5a56-bd77-5b27feea6827,2025-05-13 11:13:00+01:00,2025-05-13 11:29:00+01:00,14,client_site,Hamburg,,DE,client_office,Hamburg,,DE,business,,public_transport,,4.65,False,True,False
731949bb-bdcf-5eab-b626-3f4df694ab8b,be6f3d9a-713a-5a56-bd77-5b27feea6827,2025-05-13 18:03:00+01:00,2025-05-13 21:07:00+01:00,179,client_site,Hamburg,,DE,home,Frankfurt,,DE,home_return,,long_distance_train,,484.67,False,True,False
49e77b36-f878-5b91-a330-4911c9b72c6d,be6f3d9a-713a-5a56-bd77-5b27feea6827,2025-05-14 07:49:00+01:00,2025-05-14 08:29:00+01:00,36,home,Frankfurt,,DE,office,Offenbach,,DE,commute,,regional_train,,30.87,True,True,True
98129897-d317-521d-b289-8c56e92fa02c,be6f3d9a-713a-5a56-bd77-5b27feea6827,2025-05-14 17:25:00+01:00,2025-05-14 18:05:00+01:00,35,office,Offenbach,,DE,home,Frankfurt,,DE,home_return,,regional_train,,30.77,True,True,True
c8f4b581-eb96-57e7-a82a-2a423bca2342,be6f3d9a-713a-5a56-bd77-5b27feea6827,2025-05-16 08:02:00+01:00,2025-05-16 08:49:00+01:00,43,home,Frankfurt,,DE,office,Offenbach,,DE,commute,,regional_train,,37.13,True,True,True
762e17bb-ff59-5aa9-8342-d484e3ef40fd,be6f3d9a-713a-5a56-bd77-5b27feea6827,2025-05-16 16:54:00+01:00,2025-05-16 17:40:00+01:00,44,office,Offenbach,,DE,home,Frankfurt,,DE,home_return,,regional_train,,37.18,True,True,True
2fc20416-2725-59fc-bb3f-6a9edb06a58b,be6f3d9a-713a-5a56-bd77-5b27feea6827,2025-05-17 12:29:00+01:00,2025-05-17 12:43:00+01:00,13,home,Frankfurt,,DE,city_center,Frankfurt,,DE,leisure,,public_transport,,3.21,False,True,False
33eb5c7e-b10f-5247-9208-a9526b24941e,be6f3d9a-713a-5a56-bd77-5b27feea6827,2025-05-17 18:00:00+01:00,2025-05-17 18:21:00+01:00,17,city_center,Frankfurt,,DE,home,Frankfurt,,DE,home_return,,public_transport,,3.51,False,True,False
33ba9440-8109-5d97-9ada-97495f3cf92a,be6f3d9a-713a-5a56-bd77-5b27feea6827,2025-05-18 12:36:00+01:00,2025-05-18 13:02:00+01:00,21,home,Frankfurt,,DE,city_center,Frankfurt,,DE,leisure,,public_transport,,6.5,False,True,False
4f7e8f7c-2fc3-5d93-8735-650b6171f357,be6f3d9a-713a-5a56-bd77-5b27feea6827,2025-05-18 17:04:00+01:00,2025-05-18 17:29:00+01:00,20,city_center,Frankfurt,,DE,home,Frankfurt,,DE,home_return,,public_transport,,6.43,False,True,False
35b50e99-832a-5a0f-b200-adc7f9eaf484,be6f3d9a-713a-5a56-bd77-5b27feea6827,2025-05-19 06:56:00+01:00,2025-05-19 08:23:00+01:00,83,home,Frankfurt,,DE,client_site,Stuttgart,,DE,business,,long_distance_train,,213.42,False,True,False
76df5fca-2fd4-5629-915f-f1e2d8af8e11,be6f3d9a-713a-5a56-bd77-5b27feea6827,2025-05-19 10:38:00+01:00,2025-05-19 11:02:00+01:00,21,client_site,Stuttgart,,DE,client_office,Stuttgart,,DE,business,,public_transport,,6.2,False,True,False
d48a83f4-fec7-5e66-a8a6-a7f831521b8f,be6f3d9a-713a-5a56-bd77-5b27feea6827,2025-05-19 18:12:00+01:00,2025-05-19 19:38:00+01:00,82,client_site,Stuttgart,,DE,home,Frankfurt,,DE,home_return,,long_distance_train,,213.36,False,True,False
7aed1038-de67-5441-9e39-e82539da3e58,be6f3d9a-713a-5a56-bd77-5b27feea6827,2025-05-22 07:18:00+01:00,2025-05-22 10:01:00+01:00,158,home,Frankfurt,,DE,client_site,Munich,,DE,business,,long_distance_train,,410.6,False,True,False
9b4c072a-f043-503c-b7cd-a5d41696793a,be6f3d9a-713a-5a56-bd77-5b27feea6827,2025-05-22 10:36:00+01:00,2025-05-22 10:56:00+01:00,17,client_site,Munich,,DE,client_office,Munich,,DE,business,,public_transport,,5.67,False,True,False
c9a5c2cb-611b-50f4-9616-2e0383d904cb,be6f3d9a-713a-5a56-bd77-5b27feea6827,2025-05-22 17:49:00+01:00,2025-05-22 20:27:00+01:00,156,client_site,Munich,,DE,home,Frankfurt,,DE,home_return,,long_distance_train,,410.4,False,True,False
18b31e4b-1b6b-57b7-bc03-79711ec64089,be6f3d9a-713a-5a56-bd77-5b27feea6827,2025-05-23 07:04:00+01:00,2025-05-23 10:17:00+01:00,188,home,Frankfurt,,DE,client_site,Hamburg,,DE,business,,long_distance_train,,495.58,False,True,False
95a1d64e-4b22-5996-8542-16ae187651fa,be6f3d9a-713a-5a56-bd77-5b27feea6827,2025-05-23 10:38:00+01:00,2025-05-23 10:53:00+01:00,13,client_site,Hamburg,,DE,client_office,Hamburg,,DE,business,,public_transport,,4.12,False,True,False
c3171832-9648-50f2-afe9-b792f1656cb2,be6f3d9a-713a-5a56-bd77-5b27feea6827,2025-05-23 17:37:00+01:00,2025-05-23 20:48:00+01:00,188,client_site,Hamburg,,DE,home,Frankfurt,,DE,home_return,,long_distance_train,,495.62,False,True,False
94f7231c-f477-5b74-93a1-cc4c9e33d581,be6f3d9a-713a-5a56-bd77-5b27feea6827,2025-05-26 06:54:00+01:00,2025-05-26 09:31:00+01:00,152,home,Frankfurt,,DE,client_site,Munich,,DE,business,,long_distance_train,,396.4,False,True,False
1ac442c0-85f6-5a07-9405-87b68ba4fca3,be6f3d9a-713a-5a56-bd77-5b27feea6827,2025-05-26 17:30:00+01:00,2025-05-26 19:59:00+01:00,148,client_site,Munich,,DE,home,Frankfurt,,DE,home_return,,long_distance_train,,396.0,False,True,False
629f655f-9a5f-5f89-b400-26f56567310d,be6f3d9a-713a-5a56-bd77-5b27feea6827,2025-05-27 07:00:00+01:00,2025-05-27 10:07:00+01:00,185,home,Frankfurt,,DE,client_site,Hamburg,,DE,business,,long_distance_train,,483.34,False,True,False
7fc11e4e-dbaa-51c5-b521-62b7956d3b3a,be6f3d9a-713a-5a56-bd77-5b27feea6827,2025-05-27 11:12:00+01:00,2025-05-27 11:31:00+01:00,16,client_site,Hamburg,,DE,client_office,Hamburg,,DE,business,,public_transport,,4.41,False,True,False
de280461-91aa-569a-889f-1914844449b7,be6f3d9a-713a-5a56-bd77-5b27feea6827,2025-05-27 17:43:00+01:00,2025-05-27 20:51:00+01:00,185,client_site,Hamburg,,DE,home,Frankfurt,,DE,home_return,,long_distance_train,,483.33,False,True,False
00541126-557b-551d-b27e-3289c41fb1f3,be6f3d9a-713a-5a56-bd77-5b27feea6827,2025-05-28 07:56:00+01:00,2025-05-28 08:37:00+01:00,39,home,Frankfurt,,DE,office,Offenbach,,DE,commute,,regional_train,,33.66,True,True,True
a9e54bf7-19d6-582c-87b6-1e6922e907bc,be6f3d9a-713a-5a56-bd77-5b27feea6827,2025-05-28 16:47:00+01:00,2025-05-28 17:26:00+01:00,38,office,Offenbach,,DE,home,Frankfurt,,DE,home_return,,regional_train,,33.57,True,True,True
81d3d759-065a-5492-b855-9935d13d079a,be6f3d9a-713a-5a56-bd77-5b27feea6827,2025-05-30 07:49:00+01:00,2025-05-30 08:32:00+01:00,40,home,Frankfurt,,DE,office,Offenbach,,DE,commute,,regional_train,,32.8,True,True,True
ef50558a-fb11-504a-b50e-cef73a5e5446,be6f3d9a-713a-5a56-bd77-5b27feea6827,2025-05-30 16:43:00+01:00,2025-05-30 17:23:00+01:00,38,office,Offenbach,,DE,home,Frankfurt,,DE,home_return,,regional_train,,32.59,True,True,True
62f5535a-a677-53e1-858c-1233f03e76fe,be6f3d9a-713a-5a56-bd77-5b27feea6827,2025-05-31 13:37:00+01:00,2025-05-31 13:56:00+01:00,15,home,Frankfurt,,DE,city_center,Frankfurt,,DE,leisure,,public_transport,,4.58,False,True,False
6a88fa71-77e2-5d32-b147-f6e36dc01360,be6f3d9a-713a-5a56-bd77-5b27feea6827,2025-05-31 16:34:00+01:00,2025-05-31 16:48:00+01:00,13,city_center,Frankfurt,,DE,home,Frankfurt,,DE,home_return,,public_transport,,4.37,False,True,False
9079cef8-8c8e-5421-807e-3d0329ac136f,be6f3d9a-713a-5a56-bd77-5b27feea6827,2025-06-02 07:59:00+01:00,2025-06-02 08:41:00+01:00,40,home,Frankfurt,,DE,office,Offenbach,,DE,commute,,regional_train,,34.51,True,True,True
af53e956-c076-5ed4-a6e8-e6975f0175a3,be6f3d9a-713a-5a56-bd77-5b27feea6827,2025-06-02 17:04:00+01:00,2025-06-02 17:50:00+01:00,41,office,Offenbach,,DE,home,Frankfurt,,DE,home_return,,regional_train,,34.6,True,True,True
21b5d1ec-efff-524c-a226-112f0e4c1017,be6f3d9a-713a-5a56-bd77-5b27feea6827,2025-06-04 07:53:00+01:00,2025-06-04 08:38:00+01:00,44,home,Frankfurt,,DE,office,Offenbach,,DE,commute,,regional_train,,39.23,True,True,True
5ac97b88-4e11-51d0-8a7f-488ce95d6a9c,be6f3d9a-713a-5a56-bd77-5b27feea6827,2025-06-04 17:23:00+01:00,2025-06-04 18:12:00+01:00,48,office,Offenbach,,DE,home,Frankfurt,,DE,home_return,,regional_train,,39.52,True,True,True
e9097d4a-6d0b-5cca-b009-e2c2c1760085,be6f3d9a-713a-5a56-bd77-5b27feea6827,2025-06-06 08:02:00+01:00,2025-06-06 08:54:00+01:00,47,home,Frankfurt,,DE,office,Offenbach,,DE,commute,,regional_train,,41.09,True,True,True
10ff41a6-d3df-54eb-8d80-38f347b4efe2,be6f3d9a-713a-5a56-bd77-5b27feea6827,2025-06-06 16:46:00+01:00,2025-06-06 17:31:00+01:00,43,office,Offenbach,,DE,home,Frankfurt,,DE,home_return,,regional_train,,40.75,True,True,True
ee842f15-c5a5-5700-861f-f6fe47ed9a96,be6f3d9a-713a-5a56-bd77-5b27feea6827,2025-06-07 12:35:00+01:00,2025-06-07 12:57:00+01:00,17,home,Frankfurt,,DE,city_center,Frankfurt,,DE,leisure,,public_transport,,5.82,False,True,False
9ded043d-7714-5f0c-a4ea-50fbe90c2c8d,be6f3d9a-713a-5a56-bd77-5b27feea6827,2025-06-07 17:13:00+01:00,2025-06-07 17:34:00+01:00,18,city_center,Frankfurt,,DE,home,Frankfurt,,DE,home_return,,public_transport,,5.96,False,True,False
2330cbb6-90d3-5192-a96d-d81ecbe6b514,be6f3d9a-713a-5a56-bd77-5b27feea6827,2025-06-08 13:38:00+01:00,2025-06-08 14:00:00+01:00,17,home,Frankfurt,,DE,city_center,Frankfurt,,DE,leisure,,public_transport,,5.31,False,True,False
fe87103b-bbf3-5b9b-b553-39bc4b145b9a,be6f3d9a-713a-5a56-bd77-5b27feea6827,2025-06-08 17:47:00+01:00,2025-06-08 18:05:00+01:00,14,city_center,Frankfurt,,DE,home,Frankfurt,,DE,home_return,,public_transport,,5.08,False,True,False
31e0535d-6956-5d5d-b303-6212e5a66319,be6f3d9a-713a-5a56-bd77-5b27feea6827,2025-06-09 07:10:00+01:00,2025-06-09 09:49:00+01:00,155,home,Frankfurt,,DE,client_site,Munich,,DE,business,,long_distance_train,,410.9,False,True,False
afedcc5d-4d7c-5db0-85a6-b01f150b7183,be6f3d9a-713a-5a56-bd77-5b27feea6827,2025-06-09 17:47:00+01:00,2025-06-09 20:25:00+01:00,157,client_site,Munich,,DE,home,Frankfurt,,DE,home_return,,long_distance_train,,411.06,False,True,False
e559f279-897a-55af-899b-c350b0e2ac15,be6f3d9a-713a-5a56-bd77-5b27feea6827,2025-06-10 07:11:00+01:00,2025-06-10 10:36:00+01:00,203,home,Frankfurt,,DE,client_site,Berlin,,DE,business,,long_distance_train,,535.82,False,True,False
e52b7435-5b2e-5974-8789-3f84e6d83d48,be6f3d9a-713a-5a56-bd77-5b27feea6827,2025-06-10 17:44:00+01:00,2025-06-10 21:09:00+01:00,200,client_site,Berlin,,DE,home,Frankfurt,,DE,home_return,,long_distance_train,,535.58,False,True,False
7372e854-f17b-532e-9e59-84d92c1aa018,be6f3d9a-713a-5a56-bd77-5b27feea6827,2025-06-11 07:46:00+01:00,2025-06-11 08:33:00+01:00,44,home,Frankfurt,,DE,office,Offenbach,,DE,commute,,regional_train,,38.09,True,True,True
8fb753c5-275f-5e7f-88d2-11ad208887c5,be6f3d9a-713a-5a56-bd77-5b27feea6827,2025-06-11 17:24:00+01:00,2025-06-11 18:08:00+01:00,43,office,Offenbach,,DE,home,Frankfurt,,DE,home_return,,regional_train,,38.06,True,True,True
62d501bb-49cc-5af5-b726-4f0dc2d2761d,be6f3d9a-713a-5a56-bd77-5b27feea6827,2025-06-12 08:01:00+01:00,2025-06-12 08:44:00+01:00,38,home,Frankfurt,,DE,office,Offenbach,,DE,commute,,regional_train,,35.04,True,True,True
c5793267-b635-55dd-851a-99e84c521089,be6f3d9a-713a-5a56-bd77-5b27feea6827,2025-06-12 17:22:00+01:00,2025-06-12 18:07:00+01:00,41,office,Offenbach,,DE,home,Frankfurt,,DE,home_return,,regional_train,,35.19,True,True,True
05536280-54c8-5a3b-a1a4-ba1479727f68,be6f3d9a-713a-5a56-bd77-5b27feea6827,2025-06-13 07:03:00+01:00,2025-06-13 10:33:00+01:00,207,home,Frankfurt,,DE,client_site,Berlin,,DE,business,,long_distance_train,,554.61,False,True,False
84164f2e-07c7-5dc6-bfd6-39b1f3041649,be6f3d9a-713a-5a56-bd77-5b27feea6827,2025-06-13 18:09:00+01:00,2025-06-13 21:41:00+01:00,209,client_site,Berlin,,DE,home,Frankfurt,,DE,home_return,,long_distance_train,,554.78,False,True,False
237ad845-2a02-5fe7-ba92-49390f707de0,be6f3d9a-713a-5a56-bd77-5b27feea6827,2025-06-15 13:43:00+01:00,2025-06-15 14:07:00+01:00,19,home,Frankfurt,,DE,city_center,Frankfurt,,DE,leisure,,public_transport,,5.4,False,True,False
f23e02bb-cf98-5a77-ba3e-2864333e29bb,be6f3d9a-713a-5a56-bd77-5b27feea6827,2025-06-15 17:31:00+01:00,2025-06-15 17:49:00+01:00,13,city_center,Frankfurt,,DE,home,Frankfurt,,DE,home_return,,public_transport,,4.9,False,True,False
550446a2-8c26-52f5-9b93-c43460a286ee,be6f3d9a-713a-5a56-bd77-5b27feea6827,2025-06-16 07:47:00+01:00,2025-06-16 08:38:00+01:00,49,home,Frankfurt,,DE,office,Offenbach,,DE,commute,,regional_train,,41.24,True,True,True
6f1a76aa-9ebd-5ac7-8945-3db0d2e80333,be6f3d9a-713a-5a56-bd77-5b27feea6827,2025-06-16 17:06:00+01:00,2025-06-16 18:00:00+01:00,49,office,Offenbach,,DE,home,Frankfurt,,DE,home_return,,regional_train,,41.21,True,True,True
17b2252b-bffb-5a4a-b141-3081fab664be,be6f3d9a-713a-5a56-bd77-5b27feea6827,2025-06-18 07:13:00+01:00,2025-06-18 08:40:00+01:00,82,home,Frankfurt,,DE,client_site,Stuttgart,,DE,business,,long_distance_train,,207.88,False,True,False
267b4e32-baec-53a3-929f-a8a96eadfaed,be6f3d9a-713a-5a56-bd77-5b27feea6827,2025-06-18 11:19:00+01:00,2025-06-18 11:36:00+01:00,14,client_site,Stuttgart,,DE,client_office,Stuttgart,,DE,business,,public_transport,,3.79,False,True,False
70be6681-e1b4-55be-b3c8-55aa53ea64c0,be6f3d9a-713a-5a56-bd77-5b27feea6827,2025-06-18 17:37:00+01:00,2025-06-18 19:04:00+01:00,83,client_site,Stuttgart,,DE,home,Frankfurt,,DE,home_return,,long_distance_train,,207.97,False,True,False
db320752-515c-5b1b-ba94-f465b7fa6e53,be6f3d9a-713a-5a56-bd77-5b27feea6827,2025-06-24 08:09:00+01:00,2025-06-24 08:54:00+01:00,43,home,Frankfurt,,DE,office,Offenbach,,DE,commute,,regional_train,,36.3,True,True,True
30eda340-1484-5d85-b4fb-96703c816ccf,be6f3d9a-713a-5a56-bd77-5b27feea6827,2025-06-24 17:20:00+01:00,2025-06-24 18:01:00+01:00,40,office,Offenbach,,DE,home,Frankfurt,,DE,home_return,,regional_train,,36.08,True,True,True
1e04728d-3af5-5ee1-a2ff-5704d794a602,be6f3d9a-713a-5a56-bd77-5b27feea6827,2025-06-25 08:13:00+01:00,2025-06-25 08:59:00+01:00,42,home,Frankfurt,,DE,office,Offenbach,,DE,commute,,regional_train,,35.71,True,True,True
34e6c2ec-8bf8-51e3-83f1-4b317fd511a1,be6f3d9a-713a-5a56-bd77-5b27feea6827,2025-06-25 16:37:00+01:00,2025-06-25 17:25:00+01:00,44,office,Offenbach,,DE,home,Frankfurt,,DE,home_return,,regional_train,,35.95,True,True,True
7e843e98-455f-52fb-aab3-106017ff465b,be6f3d9a-713a-5a56-bd77-5b27feea6827,2025-06-26 06:41:00+01:00,2025-06-26 09:20:00+01:00,157,home,Frankfurt,,DE,client_site,Munich,,DE,business,,long_distance_train,,406.1,False,True,False
577e2ad8-191c-5620-9315-5f02b9090960,be6f3d9a-713a-5a56-bd77-5b27feea6827,2025-06-26 10:57:00+01:00,2025-06-26 11:16:00+01:00,14,client_site,Munich,,DE,client_office,Munich,,DE,business,,public_transport,,4.26,False,True,False
3f9ba445-fd6e-5058-a1f8-eeea77928b3c,be6f3d9a-713a-5a56-bd77-5b27feea6827,2025-06-26 17:48:00+01:00,2025-06-26 20:28:00+01:00,157,client_site,Munich,,DE,home,Frankfurt,,DE,home_return,,long_distance_train,,406.09,False,True,False
eb038f18-b873-571c-ae6a-1a55af9d498b,be6f3d9a-713a-5a56-bd77-5b27feea6827,2025-06-28 12:45:00+01:00,2025-06-28 13:10:00+01:00,21,home,Frankfurt,,DE,city_center,Frankfurt,,DE,leisure,,public_transport,,6.06,False,True,False
530a2aca-891e-5ae7-83cd-e5a55ee37fe7,be6f3d9a-713a-5a56-bd77-5b27feea6827,2025-06-28 16:55:00+01:00,2025-06-28 17:16:00+01:00,19,city_center,Frankfurt,,DE,home,Frankfurt,,DE,home_return,,public_transport,,5.88,False,True,False
80b27450-8c80-53d4-8309-5b1aeee04bcc,be6f3d9a-713a-5a56-bd77-5b27feea6827,2025-07-01 08:03:00+01:00,2025-07-01 08:44:00+01:00,37,home,Frankfurt,,DE,office,Offenbach,,DE,commute,,regional_train,,30.62,True,True,True
8dc631d1-0c32-5980-9f5b-7b0e5ad74396,be6f3d9a-713a-5a56-bd77-5b27feea6827,2025-07-01 16:41:00+01:00,2025-07-01 17:17:00+01:00,35,office,Offenbach,,DE,home,Frankfurt,,DE,home_return,,regional_train,,30.56,True,True,True
ca2a360f-a9f2-54e6-bf29-ae09d092acd9,be6f3d9a-713a-5a56-bd77-5b27feea6827,2025-07-02 08:01:00+01:00,2025-07-02 08:47:00+01:00,42,home,Frankfurt,,DE,office,Offenbach,,DE,commute,,regional_train,,36.04,True,True,True
eccd36e1-1395-521d-8ece-e0f67efa9226,be6f3d9a-713a-5a56-bd77-5b27feea6827,2025-07-02 16:54:00+01:00,2025-07-02 17:34:00+01:00,38,office,Offenbach,,DE,home,Frankfurt,,DE,home_return,,regional_train,,35.68,True,True,True
82f323c2-8761-5462-adc9-fa7c908e0066,be6f3d9a-713a-5a56-bd77-5b27feea6827,2025-07-05 12:40:00+01:00,2025-07-05 12:58:00+01:00,17,home,Frankfurt,,DE,city_center,Frankfurt,,DE,leisure,,public_transport,,6.13,False,True,False
745cdc0d-0b1d-5a2f-ab24-0a8a2ab25a05,be6f3d9a-713a-5a56-bd77-5b27feea6827,2025-07-05 17:02:00+01:00,2025-07-05 17:28:00+01:00,23,city_center,Frankfurt,,DE,home,Frankfurt,,DE,home_return,,public_transport,,6.63,False,True,False
ce25c2f2-a244-58e4-9b4f-8fb1e028a281,be6f3d9a-713a-5a56-bd77-5b27feea6827,2025-07-06 12:13:00+01:00,2025-07-06 12:31:00+01:00,16,home,Frankfurt,,DE,city_center,Frankfurt,,DE,leisure,,public_transport,,5.11,False,True,False
83147e9e-97d5-5945-a473-fe556d36b9bc,be6f3d9a-713a-5a56-bd77-5b27feea6827,2025-07-06 17:10:00+01:00,2025-07-06 17:29:00+01:00,18,city_center,Frankfurt,,DE,home,Frankfurt,,DE,home_return,,public_transport,,5.34,False,True,False
6adb826d-7356-52bf-bf22-e182369e7ff3,be6f3d9a-713a-5a56-bd77-5b27feea6827,2025-07-07 06:52:00+01:00,2025-07-07 08:11:00+01:00,78,home,Frankfurt,,DE,client_site,Cologne,,DE,business,,long_distance_train,,191.6,False,True,False
ab93c055-99ca-58b5-9e02-fc7009b5562a,be6f3d9a-713a-5a56-bd77-5b27feea6827,2025-07-07 10:57:00+01:00,2025-07-07 11:20:00+01:00,19,client_site,Cologne,,DE,client_office,Cologne,,DE,business,,public_transport,,6.53,False,True,False
343affce-d2d3-5450-9e35-4540ce33150c,be6f3d9a-713a-5a56-bd77-5b27feea6827,2025-07-07 17:37:00+01:00,2025-07-07 18:58:00+01:00,80,client_site,Cologne,,DE,home,Frankfurt,,DE,home_return,,long_distance_train,,191.67,False,True,False
efdea542-e9f7-5fa3-9b9f-bc52d35f6769,be6f3d9a-713a-5a56-bd77-5b27feea6827,2025-07-10 07:47:00+01:00,2025-07-10 08:25:00+01:00,37,home,Frankfurt,,DE,office,Offenbach,,DE,commute,,regional_train,,34.08,True,True,True
57b05a21-e04a-5599-ae2b-6470b2539e5b,be6f3d9a-713a-5a56-bd77-5b27feea6827,2025-07-10 17:02:00+01:00,2025-07-10 17:48:00+01:00,41,office,Offenbach,,DE,home,Frankfurt,,DE,home_return,,regional_train,,34.31,True,True,True
053f0479-56a0-5687-b4ff-ea60fd039ac4,be6f3d9a-713a-5a56-bd77-5b27feea6827,2025-07-11 06:42:00+01:00,2025-07-11 10:21:00+01:00,214,home,Frankfurt,,DE,client_site,Berlin,,DE,business,,long_distance_train,,570.4,False,True,False
6aabb31c-f761-541d-b8a1-e805a945ee4e,be6f3d9a-713a-5a56-bd77-5b27feea6827,2025-07-11 18:12:00+01:00,2025-07-11 21:45:00+01:00,212,client_site,Berlin,,DE,home,Frankfurt,,DE,home_return,,long_distance_train,,570.25,False,True,False
b9d21ccd-c938-58a9-9d2a-123bcb19e30c,be6f3d9a-713a-5a56-bd77-5b27feea6827,2025-07-18 06:53:00+01:00,2025-07-18 08:16:00+01:00,78,home,Frankfurt,,DE,client_site,Cologne,,DE,business,,long_distance_train,,197.46,False,True,False
9bd224b4-cc40-5f09-b090-a57e31f72fc0,be6f3d9a-713a-5a56-bd77-5b27feea6827,2025-07-18 17:32:00+01:00,2025-07-18 18:55:00+01:00,79,client_site,Cologne,,DE,home,Frankfurt,,DE,home_return,,long_distance_train,,197.55,False,True,False
5bb0d187-e40b-5e9b-9b19-7f765c2ccdfe,be6f3d9a-713a-5a56-bd77-5b27feea6827,2025-07-19 13:07:00+01:00,2025-07-19 13:25:00+01:00,15,home,Frankfurt,,DE,city_center,Frankfurt,,DE,leisure,,public_transport,,4.21,False,True,False
b6d587dd-3a61-5216-815e-ba0a02d10d43,be6f3d9a-713a-5a56-bd77-5b27feea6827,2025-07-19 17:52:00+01:00,2025-07-19 18:12:00+01:00,16,city_center,Frankfurt,,DE,home,Frankfurt,,DE,home_return,,public_transport,,4.23,False,True,False
9c03ea3a-df68-58ad-b746-ac0f5c056265,be6f3d9a-713a-5a56-bd77-5b27feea6827,2025-07-25 08:06:00+01:00,2025-07-25 08:56:00+01:00,48,home,Frankfurt,,DE,office,Offenbach,,DE,commute,,regional_train,,40.78,True,True,True
65861c2b-bc9c-5dbc-a736-68fcf111785b,be6f3d9a-713a-5a56-bd77-5b27feea6827,2025-07-25 17:00:00+01:00,2025-07-25 17:52:00+01:00,47,office,Offenbach,,DE,home,Frankfurt,,DE,home_return,,regional_train,,40.7,True,True,True
421cd218-d210-50c4-b291-32e9d2ac57b3,be6f3d9a-713a-5a56-bd77-5b27feea6827,2025-07-26 13:04:00+01:00,2025-07-26 13:22:00+01:00,14,home,Frankfurt,,DE,city_center,Frankfurt,,DE,leisure,,public_transport,,3.96,False,True,False
7ac2f2e2-ce96-59b0-b885-6c0b34a00b2c,be6f3d9a-713a-5a56-bd77-5b27feea6827,2025-07-26 17:38:00+01:00,2025-07-26 17:57:00+01:00,15,city_center,Frankfurt,,DE,home,Frankfurt,,DE,home_return,,public_transport,,4.03,False,True,False
3c9b9aec-2acc-57a0-97c4-cc76eff9f04c,be6f3d9a-713a-5a56-bd77-5b27feea6827,2025-08-01 08:05:00+01:00,2025-08-01 08:50:00+01:00,40,home,Frankfurt,,DE,office,Offenbach,,DE,commute,,regional_train,,32.84,True,True,True
3db0e5e0-79ee-568d-bd8c-2d01a32eb4e4,be6f3d9a-713a-5a56-bd77-5b27feea6827,2025-08-01 17:08:00+01:00,2025-08-01 17:51:00+01:00,42,office,Offenbach,,DE,home,Frankfurt,,DE,home_return,,regional_train,,33.02,True,True,True
00e1474c-e2b3-5d68-a092-8b020a0b456b,be6f3d9a-713a-5a56-bd77-5b27feea6827,2025-08-02 13:56:00+01:00,2025-08-02 14:17:00+01:00,20,home,Frankfurt,,DE,city_center,Frankfurt,,DE,leisure,,public_transport,,5.77,False,True,False
86955c7c-fa05-55ab-9a53-667a4d9afa24,be6f3d9a-713a-5a56-bd77-5b27feea6827,2025-08-02 17:06:00+01:00,2025-08-02 17:27:00+01:00,19,city_center,Frankfurt,,DE,home,Frankfurt,,DE,home_return,,public_transport,,5.75,False,True,False
a567b352-5e4f-514f-9e8d-2e64720d6c39,be6f3d9a-713a-5a56-bd77-5b27feea6827,2025-08-07 08:09:00+01:00,2025-08-07 08:57:00+01:00,44,home,Frankfurt,,DE,office,Offenbach,,DE,commute,,regional_train,,39.39,True,True,True
3384dca3-9346-5c80-8bf6-1cd06f1bd992,be6f3d9a-713a-5a56-bd77-5b27feea6827,2025-08-07 16:32:00+01:00,2025-08-07 17:18:00+01:00,44,office,Offenbach,,DE,home,Frankfurt,,DE,home_return,,regional_train,,39.4,True,True,True
ea1560bc-f369-53f7-ad4a-f99467f3f5c6,be6f3d9a-713a-5a56-bd77-5b27feea6827,2025-08-08 08:11:00+01:00,2025-08-08 08:59:00+01:00,46,home,Frankfurt,,DE,office,Offenbach,,DE,commute,,regional_train,,38.61,True,True,True
4ad33d4c-e9f9-5681-bf2b-710c9eae11ec,be6f3d9a-713a-5a56-bd77-5b27feea6827,2025-08-08 17:26:00+01:00,2025-08-08 18:09:00+01:00,42,office,Offenbach,,DE,home,Frankfurt,,DE,home_return,,regional_train,,38.25,True,True,True
6595016e-1e5c-56ce-a8f6-c6bace87c6c2,be6f3d9a-713a-5a56-bd77-5b27feea6827,2025-08-11 06:49:00+01:00,2025-08-11 08:10:00+01:00,77,home,Frankfurt,,DE,client_site,Cologne,,DE,business,,long_distance_train,,192.71,False,True,False
f87728ac-3429-5ea7-a095-56a775724078,be6f3d9a-713a-5a56-bd77-5b27feea6827,2025-08-11 17:49:00+01:00,2025-08-11 19:07:00+01:00,77,client_site,Cologne,,DE,home,Frankfurt,,DE,home_return,,long_distance_train,,192.68,False,True,False
b0077363-42de-54ca-ae38-e8c16ef34191,be6f3d9a-713a-5a56-bd77-5b27feea6827,2025-08-12 08:03:00+01:00,2025-08-12 08:47:00+01:00,43,home,Frankfurt,,DE,office,Offenbach,,DE,commute,,regional_train,,40.54,True,True,True
f09f19e9-7ffa-52ea-b7bf-3bbd5695250e,be6f3d9a-713a-5a56-bd77-5b27feea6827,2025-08-12 16:56:00+01:00,2025-08-12 17:47:00+01:00,46,office,Offenbach,,DE,home,Frankfurt,,DE,home_return,,regional_train,,40.72,True,True,True
dd3abb7f-aa96-579a-8806-a4c069812b1c,be6f3d9a-713a-5a56-bd77-5b27feea6827,2025-08-18 07:10:00+01:00,2025-08-18 10:17:00+01:00,184,home,Frankfurt,,DE,client_site,Hamburg,,DE,business,,long_distance_train,,491.11,False,True,False
524f19b3-4186-5a1b-b757-3b7c9e5f8838,be6f3d9a-713a-5a56-bd77-5b27feea6827,2025-08-18 17:35:00+01:00,2025-08-18 20:42:00+01:00,183,client_site,Hamburg,,DE,home,Frankfurt,,DE,home_return,,long_distance_train,,491.1,False,True,False
1160345d-3a7c-59a1-a975-452358bc0008,be6f3d9a-713a-5a56-bd77-5b27feea6827,2025-08-19 07:10:00+01:00,2025-08-19 08:35:00+01:00,83,home,Frankfurt,,DE,client_site,Stuttgart,,DE,business,,long_distance_train,,207.14,False,True,False
c5ec4c78-5592-5b7d-b1b4-1e31ad7af160,be6f3d9a-713a-5a56-bd77-5b27feea6827,2025-08-19 11:17:00+01:00,2025-08-19 11:35:00+01:00,15,client_site,Stuttgart,,DE,client_office,Stuttgart,,DE,business,,public_transport,,4.34,False,True,False
f94e769b-345a-58b3-8936-58b415962066,be6f3d9a-713a-5a56-bd77-5b27feea6827,2025-08-19 18:08:00+01:00,2025-08-19 19:33:00+01:00,83,client_site,Stuttgart,,DE,home,Frankfurt,,DE,home_return,,long_distance_train,,207.08,False,True,False
80c01fd6-ae1f-59c4-8913-5392faf13350,be6f3d9a-713a-5a56-bd77-5b27feea6827,2025-08-25 08:07:00+01:00,2025-08-25 08:42:00+01:00,34,home,Frankfurt,,DE,office,Offenbach,,DE,commute,,regional_train,,31.36,True,True,True
961cf590-a0b5-5ca1-aa28-2120d6db2fc7,be6f3d9a-713a-5a56-bd77-5b27feea6827,2025-08-25 17:17:00+01:00,2025-08-25 17:52:00+01:00,34,office,Offenbach,,DE,home,Frankfurt,,DE,home_return,,regional_train,,31.35,True,True,True
33be8055-b9e2-52cb-996b-487fc1b9ebfd,be6f3d9a-713a-5a56-bd77-5b27feea6827,2025-08-26 08:00:00+01:00,2025-08-26 08:50:00+01:00,46,home,Frankfurt,,DE,office,Offenbach,,DE,commute,,regional_train,,39.09,True,True,True
0c33c14c-8865-5f1c-8f2c-c1f82d0f7c2f,be6f3d9a-713a-5a56-bd77-5b27feea6827,2025-08-26 16:48:00+01:00,2025-08-26 17:38:00+01:00,47,office,Offenbach,,DE,home,Frankfurt,,DE,home_return,,regional_train,,39.19,True,True,True
c05adedf-5e50-5574-b840-09cf1a0ad19c,be6f3d9a-713a-5a56-bd77-5b27feea6827,2025-08-28 07:51:00+01:00,2025-08-28 08:38:00+01:00,44,home,Frankfurt,,DE,office,Offenbach,,DE,commute,,regional_train,,36.23,True,True,True
5deae5fa-ba9f-585a-bded-3ec080346bc7,be6f3d9a-713a-5a56-bd77-5b27feea6827,2025-08-28 16:46:00+01:00,2025-08-28 17:31:00+01:00,42,office,Offenbach,,DE,home,Frankfurt,,DE,home_return,,regional_train,,36.09,True,True,True
1895c649-f4ec-5e9d-941c-70b58836aa2a,be6f3d9a-713a-5a56-bd77-5b27feea6827,2025-08-30 13:46:00+01:00,2025-08-30 14:02:00+01:00,14,home,Frankfurt,,DE,city_center,Frankfurt,,DE,leisure,,public_transport,,4.69,False,True,False
25b34b05-613c-5374-a5fe-cddc544da697,be6f3d9a-713a-5a56-bd77-5b27feea6827,2025-08-30 16:08:00+01:00,2025-08-30 16:23:00+01:00,13,city_center,Frankfurt,,DE,home,Frankfurt,,DE,home_return,,public_transport,,4.58,False,True,False
8bb12c7c-24a2-56bf-9a3a-6452cff87e04,be6f3d9a-713a-5a56-bd77-5b27feea6827,2025-08-31 12:12:00+01:00,2025-08-31 12:28:00+01:00,14,home,Frankfurt,,DE,city_center,Frankfurt,,DE,leisure,,public_transport,,4.42,False,True,False
507fcd24-bead-5e04-9f07-9368cbf1a8e0,be6f3d9a-713a-5a56-bd77-5b27feea6827,2025-08-31 17:21:00+01:00,2025-08-31 17:38:00+01:00,16,city_center,Frankfurt,,DE,home,Frankfurt,,DE,home_return,,public_transport,,4.66,False,True,False
e80eaec6-cdc0-5703-aee9-e28cd604793d,be6f3d9a-713a-5a56-bd77-5b27feea6827,2025-09-01 06:59:00+01:00,2025-09-01 08:26:00+01:00,84,home,Frankfurt,,DE,client_site,Stuttgart,,DE,business,,long_distance_train,,206.65,False,True,False
640bb0fd-ce78-583a-9a2c-62c58d9cd78c,be6f3d9a-713a-5a56-bd77-5b27feea6827,2025-09-01 17:42:00+01:00,2025-09-01 19:04:00+01:00,80,client_site,Stuttgart,,DE,home,Frankfurt,,DE,home_return,,long_distance_train,,206.29,False,True,False
25f39b63-fd9f-5efa-90ed-42ae337d58ca,be6f3d9a-713a-5a56-bd77-5b27feea6827,2025-09-02 07:13:00+01:00,2025-09-02 09:42:00+01:00,146,home,Frankfurt,,DE,client_site,Munich,,DE,business,,long_distance_train,,378.31,False,True,False
0df1d065-b225-5e20-8ad5-df981bc36289,be6f3d9a-713a-5a56-bd77-5b27feea6827,2025-09-02 18:08:00+01:00,2025-09-02 20:40:00+01:00,147,client_site,Munich,,DE,home,Frankfurt,,DE,home_return,,long_distance_train,,378.36,False,True,False
708d18b3-34d5-5987-9cf4-385efe855850,be6f3d9a-713a-5a56-bd77-5b27feea6827,2025-09-03 07:51:00+01:00,2025-09-03 08:37:00+01:00,44,home,Frankfurt,,DE,office,Offenbach,,DE,commute,,regional_train,,38.76,True,True,True
340db86a-7c60-53d7-a51e-f65cdfc4ba42,be6f3d9a-713a-5a56-bd77-5b27feea6827,2025-09-03 17:00:00+01:00,2025-09-03 17:43:00+01:00,42,office,Offenbach,,DE,home,Frankfurt,,DE,home_return,,regional_train,,38.56,True,True,True
f3878af5-e2b5-50cf-a44c-2b674785c42c,be6f3d9a-713a-5a56-bd77-5b27feea6827,2025-09-04 07:54:00+01:00,2025-09-04 08:38:00+01:00,39,home,Frankfurt,,DE,office,Offenbach,,DE,commute,,regional_train,,35.31,True,True,True
5a4a1e01-f162-5939-9f66-e4ebb7ac3134,be6f3d9a-713a-5a56-bd77-5b27feea6827,2025-09-04 17:19:00+01:00,2025-09-04 18:05:00+01:00,43,office,Offenbach,,DE,home,Frankfurt,,DE,home_return,,regional_train,,35.63,True,True,True
cea41db1-765e-5d98-91f5-63b1c0cae165,be6f3d9a-713a-5a56-bd77-5b27feea6827,2025-09-05 07:51:00+01:00,2025-09-05 08:40:00+01:00,46,home,Frankfurt,,DE,office,Offenbach,,DE,commute,,regional_train,,37.17,True,True,True
796485d9-a155-59be-8d0a-ea4e386ea269,be6f3d9a-713a-5a56-bd77-5b27feea6827,2025-09-05 17:23:00+01:00,2025-09-05 18:10:00+01:00,44,office,Offenbach,,DE,home,Frankfurt,,DE,home_return,,regional_train,,36.96,True,True,True
618f2cbe-c16b-5f8d-aa5a-10587de7b723,be6f3d9a-713a-5a56-bd77-5b27feea6827,2025-09-08 07:59:00+01:00,2025-09-08 08:41:00+01:00,38,home,Frankfurt,,DE,office,Offenbach,,DE,commute,,regional_train,,34.22,True,True,True
f023384a-5906-5d10-93f4-45c8fe47fd69,be6f3d9a-713a-5a56-bd77-5b27feea6827,2025-09-08 17:05:00+01:00,2025-09-08 17:49:00+01:00,42,office,Offenbach,,DE,home,Frankfurt,,DE,home_return,,regional_train,,34.51,True,True,True
d2b4dc4f-37dc-590b-a2ee-991182e7d94b,be6f3d9a-713a-5a56-bd77-5b27feea6827,2025-09-09 07:03:00+01:00,2025-09-09 09:29:00+01:00,143,home,Frankfurt,,DE,client_site,Munich,,DE,business,,long_distance_train,,380.61,False,True,False
386604a4-8d72-59c8-860c-24f7be8cbfea,be6f3d9a-713a-5a56-bd77-5b27feea6827,2025-09-09 18:28:00+01:00,2025-09-09 21:00:00+01:00,147,client_site,Munich,,DE,home,Frankfurt,,DE,home_return,,long_distance_train,,380.96,False,True,False
a63abe95-0706-50ed-a9ed-659ce6bd5aae,be6f3d9a-713a-5a56-bd77-5b27feea6827,2025-09-12 08:03:00+01:00,2025-09-12 08:49:00+01:00,42,home,Frankfurt,,DE,office,Offenbach,,DE,commute,,regional_train,,31.5,True,True,True
e76168be-e473-5fd9-9706-72ed75d319e7,be6f3d9a-713a-5a56-bd77-5b27feea6827,2025-09-12 17:10:00+01:00,2025-09-12 17:52:00+01:00,37,office,Offenbach,,DE,home,Frankfurt,,DE,home_return,,regional_train,,31.14,True,True,True
dcaf1901-72c0-5f06-9acf-c849c9810037,be6f3d9a-713a-5a56-bd77-5b27feea6827,2025-09-13 13:54:00+01:00,2025-09-13 14:14:00+01:00,18,home,Frankfurt,,DE,city_center,Frankfurt,,DE,leisure,,public_transport,,3.13,False,True,False
079ec272-2f8a-5332-9c86-180807dbb96e,be6f3d9a-713a-5a56-bd77-5b27feea6827,2025-09-13 16:16:00+01:00,2025-09-13 16:31:00+01:00,14,city_center,Frankfurt,,DE,home,Frankfurt,,DE,home_return,,public_transport,,2.85,False,True,False
d21b8e5e-3f5c-5f64-9faf-0881e34f5b38,be6f3d9a-713a-5a56-bd77-5b27feea6827,2025-09-15 06:57:00+01:00,2025-09-15 09:36:00+01:00,154,home,Frankfurt,,DE,client_site,Munich,,DE,business,,long_distance_train,,406.8,False,True,False
f407932c-8e20-5900-bc60-e57cd982799b,be6f3d9a-713a-5a56-bd77-5b27feea6827,2025-09-15 11:27:00+01:00,2025-09-15 11:52:00+01:00,20,client_site,Munich,,DE,client_office,Munich,,DE,business,,public_transport,,5.67,False,True,False
1181e471-b8ab-55d4-922b-70d3af579859,be6f3d9a-713a-5a56-bd77-5b27feea6827,2025-09-15 17:53:00+01:00,2025-09-15 20:33:00+01:00,156,client_site,Munich,,DE,home,Frankfurt,,DE,home_return,,long_distance_train,,406.98,False,True,False
27cfd969-cc8b-5f6c-ad26-e26ae65761e2,be6f3d9a-713a-5a56-bd77-5b27feea6827,2025-09-16 08:09:00+01:00,2025-09-16 08:48:00+01:00,38,home,Frankfurt,,DE,office,Offenbach,,DE,commute,,regional_train,,32.54,True,True,True
a90640b3-abb6-52d8-b5f2-8ffc33f937f9,be6f3d9a-713a-5a56-bd77-5b27feea6827,2025-09-16 16:32:00+01:00,2025-09-16 17:13:00+01:00,36,office,Offenbach,,DE,home,Frankfurt,,DE,home_return,,regional_train,,32.42,True,True,True
20e0e77e-f291-5ba2-8a0e-35e8019dede2,be6f3d9a-713a-5a56-bd77-5b27feea6827,2025-09-18 07:48:00+01:00,2025-09-18 08:31:00+01:00,42,home,Frankfurt,,DE,office,Offenbach,,DE,commute,,regional_train,,36.5,True,True,True
fba7d0f3-e12e-5026-b3f4-d3e590a411fc,be6f3d9a-713a-5a56-bd77-5b27feea6827,2025-09-18 16:59:00+01:00,2025-09-18 17:46:00+01:00,45,office,Offenbach,,DE,home,Frankfurt,,DE,home_return,,regional_train,,36.7,True,True,True
78976f45-505e-5f59-8283-44523d0467c7,be6f3d9a-713a-5a56-bd77-5b27feea6827,2025-09-19 06:41:00+01:00,2025-09-19 08:04:00+01:00,81,home,Frankfurt,,DE,client_site,Cologne,,DE,business,,long_distance_train,,193.39,False,True,False
83f44d5f-9022-5915-8c16-94687a861a39,be6f3d9a-713a-5a56-bd77-5b27feea6827,2025-09-19 11:30:00+01:00,2025-09-19 11:53:00+01:00,21,client_site,Cologne,,DE,client_office,Cologne,,DE,business,,public_transport,,6.53,False,True,False
70a24ee9-9140-59e8-8762-f674d643fa3d,be6f3d9a-713a-5a56-bd77-5b27feea6827,2025-09-19 18:17:00+01:00,2025-09-19 19:35:00+01:00,75,client_site,Cologne,,DE,home,Frankfurt,,DE,home_return,,long_distance_train,,192.9,False,True,False
d7510aeb-07c0-5bba-bb90-14f496bfe1f8,be6f3d9a-713a-5a56-bd77-5b27feea6827,2025-09-20 12:28:00+01:00,2025-09-20 12:43:00+01:00,13,home,Frankfurt,,DE,city_center,Frankfurt,,DE,leisure,,public_transport,,3.88,False,True,False
d4bc489c-e2ae-52d8-905a-bda77d63308a,be6f3d9a-713a-5a56-bd77-5b27feea6827,2025-09-20 16:37:00+01:00,2025-09-20 16:54:00+01:00,16,city_center,Frankfurt,,DE,home,Frankfurt,,DE,home_return,,public_transport,,4.08,False,True,False
cb520590-dd28-5319-8512-e896ea19755e,be6f3d9a-713a-5a56-bd77-5b27feea6827,2025-09-24 07:57:00+01:00,2025-09-24 08:45:00+01:00,44,home,Frankfurt,,DE,office,Offenbach,,DE,commute,,regional_train,,39.28,True,True,True
69cc6ed3-7b7f-54e2-ba5a-44f901a51ab5,be6f3d9a-713a-5a56-bd77-5b27feea6827,2025-09-24 17:21:00+01:00,2025-09-24 18:09:00+01:00,45,office,Offenbach,,DE,home,Frankfurt,,DE,home_return,,regional_train,,39.31,True,True,True
71ce6645-6c20-52de-b9d7-4538aba27937,be6f3d9a-713a-5a56-bd77-5b27feea6827,2025-09-26 07:53:00+01:00,2025-09-26 08:37:00+01:00,43,home,Frankfurt,,DE,office,Offenbach,,DE,commute,,regional_train,,38.58,True,True,True
724b3464-05de-5a1b-8fe9-5752d4ff237e,be6f3d9a-713a-5a56-bd77-5b27feea6827,2025-09-26 17:10:00+01:00,2025-09-26 17:56:00+01:00,41,office,Offenbach,,DE,home,Frankfurt,,DE,home_return,,regional_train,,38.46,True,True,True
50e8741d-433c-5fe6-af8d-363907f18495,be6f3d9a-713a-5a56-bd77-5b27feea6827,2025-09-29 07:56:00+01:00,2025-09-29 08:36:00+01:00,36,home,Frankfurt,,DE,office,Offenbach,,DE,commute,,regional_train,,31.44,True,True,True
d94ba40e-88bd-58fd-8322-32203ba85471,be6f3d9a-713a-5a56-bd77-5b27feea6827,2025-09-29 16:51:00+01:00,2025-09-29 17:29:00+01:00,35,office,Offenbach,,DE,home,Frankfurt,,DE,home_return,,regional_train,,31.41,True,True,True
64902cc6-64f8-51cc-b37d-cb0708371672,be6f3d9a-713a-5a56-bd77-5b27feea6827,2025-09-30 08:10:00+01:00,2025-09-30 08:52:00+01:00,38,home,Frankfurt,,DE,office,Offenbach,,DE,commute,,regional_train,,30.91,True,True,True
b0378b4b-8e3b-54f3-bfe1-156b2ab11efb,be6f3d9a-713a-5a56-bd77-5b27feea6827,2025-09-30 17:00:00+01:00,2025-09-30 17:39:00+01:00,36,office,Offenbach,,DE,home,Frankfurt,,DE,home_return,,regional_train,,30.72,True,True,True
76d1c036-40cf-582e-84c4-8f5e16ee7233,be6f3d9a-713a-5a56-bd77-5b27feea6827,2025-10-01 08:14:00+01:00,2025-10-01 08:55:00+01:00,36,home,Frankfurt,,DE,office,Offenbach,,DE,commute,,regional_train,,30.92,True,True,True
7a023466-8145-54e8-97e0-017dd4bc0711,be6f3d9a-713a-5a56-bd77-5b27feea6827,2025-10-01 16:57:00+01:00,2025-10-01 17:40:00+01:00,39,office,Offenbach,,DE,home,Frankfurt,,DE,home_return,,regional_train,,31.19,True,True,True
d2c4466c-2dfc-5e2d-bde1-cc1449370283,be6f3d9a-713a-5a56-bd77-5b27feea6827,2025-10-02 07:18:00+01:00,2025-10-02 10:38:00+01:00,198,home,Frankfurt,,DE,client_site,Hamburg,,DE,business,,long_distance_train,,514.98,False,True,False
f7cb1858-bc6e-531f-b4b3-6ae73c77c3ad,be6f3d9a-713a-5a56-bd77-5b27feea6827,2025-10-02 11:12:00+01:00,2025-10-02 11:29:00+01:00,16,client_site,Hamburg,,DE,client_office,Hamburg,,DE,business,,public_transport,,3.5,False,True,False
b7a72b03-5483-5bfe-944a-96b95434976b,be6f3d9a-713a-5a56-bd77-5b27feea6827,2025-10-02 18:19:00+01:00,2025-10-02 21:34:00+01:00,191,client_site,Hamburg,,DE,home,Frankfurt,,DE,home_return,,long_distance_train,,514.43,False,True,False
0694f466-b74c-5677-b8d1-fa2c500f3f02,be6f3d9a-713a-5a56-bd77-5b27feea6827,2025-10-03 06:51:00+01:00,2025-10-03 09:53:00+01:00,180,home,Frankfurt,,DE,client_site,Hamburg,,DE,business,,long_distance_train,,479.0,False,True,False
0518602d-e61e-50f9-be30-1a18b8442a05,be6f3d9a-713a-5a56-bd77-5b27feea6827,2025-10-03 10:39:00+01:00,2025-10-03 10:59:00+01:00,17,client_site,Hamburg,,DE,client_office,Hamburg,,DE,business,,public_transport,,5.64,False,True,False
2f4cdbd3-ebdc-5c21-bf19-d7a1c2814851,be6f3d9a-713a-5a56-bd77-5b27feea6827,2025-10-03 17:40:00+01:00,2025-10-03 20:46:00+01:00,182,client_site,Hamburg,,DE,home,Frankfurt,,DE,home_return,,long_distance_train,,479.1,False,True,False
f93c2366-631b-5d5b-b9c2-ac8ceefdd4cc,be6f3d9a-713a-5a56-bd77-5b27feea6827,2025-10-07 08:09:00+01:00,2025-10-07 08:51:00+01:00,39,home,Frankfurt,,DE,office,Offenbach,,DE,commute,,regional_train,,32.02,True,True,True
711bc68b-fbc4-568d-8194-5ef2f806914d,be6f3d9a-713a-5a56-bd77-5b27feea6827,2025-10-07 17:22:00+01:00,2025-10-07 18:06:00+01:00,39,office,Offenbach,,DE,home,Frankfurt,,DE,home_return,,regional_train,,32.01,True,True,True
5f003c86-cc31-55fa-a9fa-6e6715a8e3b3,be6f3d9a-713a-5a56-bd77-5b27feea6827,2025-10-08 07:17:00+01:00,2025-10-08 08:46:00+01:00,87,home,Frankfurt,,DE,client_site,Stuttgart,,DE,business,,long_distance_train,,208.53,False,True,False
604692f3-e3fb-5e08-9ea4-4256c4a18584,be6f3d9a-713a-5a56-bd77-5b27feea6827,2025-10-08 11:22:00+01:00,2025-10-08 11:44:00+01:00,18,client_site,Stuttgart,,DE,client_office,Stuttgart,,DE,business,,public_transport,,4.41,False,True,False
69961018-f8c2-5340-bd90-e567d21981b5,be6f3d9a-713a-5a56-bd77-5b27feea6827,2025-10-08 18:11:00+01:00,2025-10-08 19:34:00+01:00,82,client_site,Stuttgart,,DE,home,Frankfurt,,DE,home_return,,long_distance_train,,208.15,False,True,False
aab3935b-79d3-5e9a-a523-6ddccd25f873,be6f3d9a-713a-5a56-bd77-5b27feea6827,2025-10-09 07:58:00+01:00,2025-10-09 08:42:00+01:00,40,home,Frankfurt,,DE,office,Offenbach,,DE,commute,,regional_train,,37.15,True,True,True
adc4626f-46fe-52c7-b5d1-14080079ddbe,be6f3d9a-713a-5a56-bd77-5b27feea6827,2025-10-09 16:56:00+01:00,2025-10-09 17:44:00+01:00,43,office,Offenbach,,DE,home,Frankfurt,,DE,home_return,,regional_train,,37.51,True,True,True
3868e5ed-6320-59d8-bbaa-6b55030050ff,be6f3d9a-713a-5a56-bd77-5b27feea6827,2025-10-10 07:48:00+01:00,2025-10-10 08:30:00+01:00,41,home,Frankfurt,,DE,office,Offenbach,,DE,commute,,regional_train,,37.57,True,True,True
ad07a010-7472-5934-887d-77e9597f5e54,be6f3d9a-713a-5a56-bd77-5b27feea6827,2025-10-10 16:38:00+01:00,2025-10-10 17:23:00+01:00,41,office,Offenbach,,DE,home,Frankfurt,,DE,home_return,,regional_train,,37.5,True,True,True
ff7fb3ac-161e-5835-b4cd-6e800fc79e46,be6f3d9a-713a-5a56-bd77-5b27feea6827,2025-10-13 08:08:00+01:00,2025-10-13 08:53:00+01:00,41,home,Frankfurt,,DE,office,Offenbach,,DE,commute,,regional_train,,35.05,True,True,True
06e5536c-9544-5849-b4fa-f1034d5887a8,be6f3d9a-713a-5a56-bd77-5b27feea6827,2025-10-13 17:19:00+01:00,2025-10-13 18:06:00+01:00,42,office,Offenbach,,DE,home,Frankfurt,,DE,home_return,,regional_train,,35.13,True,True,True
c478ea47-f040-540f-811e-271202801f80,be6f3d9a-713a-5a56-bd77-5b27feea6827,2025-10-14 07:14:00+01:00,2025-10-14 10:30:00+01:00,195,home,Frankfurt,,DE,client_site,Hamburg,,DE,business,,long_distance_train,,517.51,False,True,False
4f2e5409-db82-582a-8672-a16b3ce2ff50,be6f3d9a-713a-5a56-bd77-5b27feea6827,2025-10-14 11:07:00+01:00,2025-10-14 11:33:00+01:00,21,client_site,Hamburg,,DE,client_office,Hamburg,,DE,business,,public_transport,,6.6,False,True,False
0efc41ec-ee44-5680-a0e7-7fce7427df82,be6f3d9a-713a-5a56-bd77-5b27feea6827,2025-10-14 17:59:00+01:00,2025-10-14 21:13:00+01:00,193,client_site,Hamburg,,DE,home,Frankfurt,,DE,home_return,,long_distance_train,,517.34,False,True,False
211b10e4-6cdd-5371-b28f-eedaca3d506e,be6f3d9a-713a-5a56-bd77-5b27feea6827,2025-10-15 08:06:00+01:00,2025-10-15 08:55:00+01:00,46,home,Frankfurt,,DE,office,Offenbach,,DE,commute,,regional_train,,39.97,True,True,True
b06dff69-97a3-54d4-a37a-c15b30a71e6f,be6f3d9a-713a-5a56-bd77-5b27feea6827,2025-10-15 16:31:00+01:00,2025-10-15 17:17:00+01:00,43,office,Offenbach,,DE,home,Frankfurt,,DE,home_return,,regional_train,,39.73,True,True,True
afa2ce5b-3d58-568d-8467-0f855f8d80f9,be6f3d9a-713a-5a56-bd77-5b27feea6827,2025-10-16 07:48:00+01:00,2025-10-16 08:26:00+01:00,34,home,Frankfurt,,DE,office,Offenbach,,DE,commute,,regional_train,,30.63,True,True,True
4068ce8c-9543-5848-9053-5bcde6c1bf41,be6f3d9a-713a-5a56-bd77-5b27feea6827,2025-10-16 16:35:00+01:00,2025-10-16 17:12:00+01:00,35,office,Offenbach,,DE,home,Frankfurt,,DE,home_return,,regional_train,,30.82,True,True,True
8c196e07-b46d-5a05-bd0c-15f7121f88c0,be6f3d9a-713a-5a56-bd77-5b27feea6827,2025-10-17 08:07:00+01:00,2025-10-17 09:00:00+01:00,48,home,Frankfurt,,DE,office,Offenbach,,DE,commute,,regional_train,,40.95,True,True,True
9788f0e3-ff23-5148-8161-b70d16269f6d,be6f3d9a-713a-5a56-bd77-5b27feea6827,2025-10-17 16:32:00+01:00,2025-10-17 17:19:00+01:00,45,office,Offenbach,,DE,home,Frankfurt,,DE,home_return,,regional_train,,40.74,True,True,True
c3611840-2ab8-5da2-96f1-d3d5c742da9c,be6f3d9a-713a-5a56-bd77-5b27feea6827,2025-10-20 06:45:00+01:00,2025-10-20 08:08:00+01:00,80,home,Frankfurt,,DE,client_site,Cologne,,DE,business,,long_distance_train,,199.95,False,True,False
880bd6e9-18d6-551f-939b-a840f972018c,be6f3d9a-713a-5a56-bd77-5b27feea6827,2025-10-20 10:46:00+01:00,2025-10-20 11:09:00+01:00,22,client_site,Cologne,,DE,client_office,Cologne,,DE,business,,public_transport,,6.83,False,True,False
995f022f-624c-5949-85ae-12edaecaf109,be6f3d9a-713a-5a56-bd77-5b27feea6827,2025-10-20 17:57:00+01:00,2025-10-20 19:23:00+01:00,81,client_site,Cologne,,DE,home,Frankfurt,,DE,home_return,,long_distance_train,,199.95,False,True,False
b3949aeb-441f-5e5e-81f5-21c997b5591e,be6f3d9a-713a-5a56-bd77-5b27feea6827,2025-10-22 07:56:00+01:00,2025-10-22 08:42:00+01:00,42,home,Frankfurt,,DE,office,Offenbach,,DE,commute,,regional_train,,38.74,True,True,True
720ee11b-26d4-5bdd-98db-6b516ce4ce0e,be6f3d9a-713a-5a56-bd77-5b27feea6827,2025-10-22 17:14:00+01:00,2025-10-22 17:59:00+01:00,44,office,Offenbach,,DE,home,Frankfurt,,DE,home_return,,regional_train,,38.89,True,True,True
0c605cc3-610f-5d8f-9391-51ede27b0b07,be6f3d9a-713a-5a56-bd77-5b27feea6827,2025-10-24 07:06:00+01:00,2025-10-24 08:30:00+01:00,80,home,Frankfurt,,DE,client_site,Stuttgart,,DE,business,,long_distance_train,,198.78,False,True,False
4992e962-3951-5eb0-85c8-6c9e527e93be,be6f3d9a-713a-5a56-bd77-5b27feea6827,2025-10-24 17:50:00+01:00,2025-10-24 19:10:00+01:00,77,client_site,Stuttgart,,DE,home,Frankfurt,,DE,home_return,,long_distance_train,,198.61,False,True,False
b78feb36-ce23-5f72-b95b-d0fdcc266917,be6f3d9a-713a-5a56-bd77-5b27feea6827,2025-10-30 08:11:00+01:00,2025-10-30 08:53:00+01:00,38,home,Frankfurt,,DE,office,Offenbach,,DE,commute,,regional_train,,33.77,True,True,True
f668a23e-99b8-5ec1-9fb1-320ec07aa43e,be6f3d9a-713a-5a56-bd77-5b27feea6827,2025-10-30 17:14:00+01:00,2025-10-30 17:55:00+01:00,37,office,Offenbach,,DE,home,Frankfurt,,DE,home_return,,regional_train,,33.68,True,True,True
7079bfa4-e625-5dd6-afd7-acea408755ce,be6f3d9a-713a-5a56-bd77-5b27feea6827,2025-11-03 07:56:00+01:00,2025-11-03 08:48:00+01:00,48,home,Frankfurt,,DE,office,Offenbach,,DE,commute,,regional_train,,41.06,True,True,True
205cc763-7e1f-589f-b901-334e3b8afaa8,be6f3d9a-713a-5a56-bd77-5b27feea6827,2025-11-03 16:31:00+01:00,2025-11-03 17:21:00+01:00,45,office,Offenbach,,DE,home,Frankfurt,,DE,home_return,,regional_train,,40.86,True,True,True
4bb7f7bb-e4cc-5b87-8574-96b803ae7a4a,be6f3d9a-713a-5a56-bd77-5b27feea6827,2025-11-05 07:11:00+01:00,2025-11-05 10:40:00+01:00,204,home,Frankfurt,,DE,client_site,Berlin,,DE,business,,long_distance_train,,551.69,False,True,False
5cf4ba12-4bb6-51be-899d-ddd5c3a3c05e,be6f3d9a-713a-5a56-bd77-5b27feea6827,2025-11-05 18:24:00+01:00,2025-11-05 21:54:00+01:00,208,client_site,Berlin,,DE,home,Frankfurt,,DE,home_return,,long_distance_train,,552.05,False,True,False
1c887f09-0517-5224-858d-f00c99e80422,be6f3d9a-713a-5a56-bd77-5b27feea6827,2025-11-06 08:09:00+01:00,2025-11-06 08:54:00+01:00,40,home,Frankfurt,,DE,office,Offenbach,,DE,commute,,regional_train,,32.37,True,True,True
34b98a51-d01f-56f7-a615-85af67180133,be6f3d9a-713a-5a56-bd77-5b27feea6827,2025-11-06 17:18:00+01:00,2025-11-06 18:01:00+01:00,40,office,Offenbach,,DE,home,Frankfurt,,DE,home_return,,regional_train,,32.31,True,True,True
0a2d8c69-ccdd-51d5-a31f-c822eaef5e91,be6f3d9a-713a-5a56-bd77-5b27feea6827,2025-11-07 08:15:00+01:00,2025-11-07 09:05:00+01:00,45,home,Frankfurt,,DE,office,Offenbach,,DE,commute,,regional_train,,39.9,True,True,True
33c8cdd4-a0e1-5fd1-bb4e-ce401702d856,be6f3d9a-713a-5a56-bd77-5b27feea6827,2025-11-07 16:55:00+01:00,2025-11-07 17:42:00+01:00,43,office,Offenbach,,DE,home,Frankfurt,,DE,home_return,,regional_train,,39.71,True,True,True
a9ae65d6-b39a-5800-bbec-376a2c9bd598,be6f3d9a-713a-5a56-bd77-5b27feea6827,2025-11-09 12:51:00+01:00,2025-11-09 13:14:00+01:00,20,home,Frankfurt,,DE,city_center,Frankfurt,,DE,leisure,,public_transport,,6.42,False,True,False
fa4bc81f-def2-5c31-9796-d67facfe3c78,be6f3d9a-713a-5a56-bd77-5b27feea6827,2025-11-09 17:23:00+01:00,2025-11-09 17:48:00+01:00,21,city_center,Frankfurt,,DE,home,Frankfurt,,DE,home_return,,public_transport,,6.49,False,True,False
52ddf175-e120-5899-9c7e-2c5a57020ceb,be6f3d9a-713a-5a56-bd77-5b27feea6827,2025-11-10 07:45:00+01:00,2025-11-10 08:27:00+01:00,37,home,Frankfurt,,DE,office,Offenbach,,DE,commute,,regional_train,,32.39,True,True,True
6a7c1216-64a9-5f23-9a78-a50f2be1ec75,be6f3d9a-713a-5a56-bd77-5b27feea6827,2025-11-10 16:35:00+01:00,2025-11-10 17:15:00+01:00,39,office,Offenbach,,DE,home,Frankfurt,,DE,home_return,,regional_train,,32.55,True,True,True
fdc6c07e-62b1-5619-b8ac-870f986ac73e,be6f3d9a-713a-5a56-bd77-5b27feea6827,2025-11-11 06:45:00+01:00,2025-11-11 08:09:00+01:00,79,home,Frankfurt,,DE,client_site,Cologne,,DE,business,,long_distance_train,,193.14,False,True,False
c32e9463-b360-5403-96e3-64f424b5a9f0,be6f3d9a-713a-5a56-bd77-5b27feea6827,2025-11-11 18:05:00+01:00,2025-11-11 19:24:00+01:00,77,client_site,Cologne,,DE,home,Frankfurt,,DE,home_return,,long_distance_train,,193.04,False,True,False
dcc80b5f-8665-5697-bff4-23589e2ef68a,be6f3d9a-713a-5a56-bd77-5b27feea6827,2025-11-12 08:07:00+01:00,2025-11-12 08:49:00+01:00,39,home,Frankfurt,,DE,office,Offenbach,,DE,commute,,regional_train,,35.27,True,True,True
fbaf7d6a-c695-529f-8a90-173dccfe3ea4,be6f3d9a-713a-5a56-bd77-5b27feea6827,2025-11-12 16:31:00+01:00,2025-11-12 17:16:00+01:00,43,office,Offenbach,,DE,home,Frankfurt,,DE,home_return,,regional_train,,35.56,True,True,True
4042b975-e121-512b-b6b1-ec3aa2c169f2,be6f3d9a-713a-5a56-bd77-5b27feea6827,2025-11-13 07:59:00+01:00,2025-11-13 08:42:00+01:00,38,home,Frankfurt,,DE,office,Offenbach,,DE,commute,,regional_train,,32.39,True,True,True
16c6e20b-ca45-5ad8-a583-fc307faafb60,be6f3d9a-713a-5a56-bd77-5b27feea6827,2025-11-13 17:25:00+01:00,2025-11-13 18:07:00+01:00,38,office,Offenbach,,DE,home,Frankfurt,,DE,home_return,,regional_train,,32.36,True,True,True
0e80b447-7af4-5d01-878b-dc606d4fccfb,be6f3d9a-713a-5a56-bd77-5b27feea6827,2025-11-14 07:06:00+01:00,2025-11-14 09:43:00+01:00,153,home,Frankfurt,,DE,client_site,Munich,,DE,business,,long_distance_train,,399.97,False,True,False
a628a735-b98a-53cc-bf8a-19e629559d8d,be6f3d9a-713a-5a56-bd77-5b27feea6827,2025-11-14 11:15:00+01:00,2025-11-14 11:37:00+01:00,17,client_site,Munich,,DE,client_office,Munich,,DE,business,,public_transport,,3.95,False,True,False
56033b53-1131-5119-9c38-a10ce8fec137,be6f3d9a-713a-5a56-bd77-5b27feea6827,2025-11-14 18:04:00+01:00,2025-11-14 20:37:00+01:00,152,client_site,Munich,,DE,home,Frankfurt,,DE,home_return,,long_distance_train,,399.84,False,True,False
8498cadb-6ad6-59f4-8bd7-0f444914a34e,be6f3d9a-713a-5a56-bd77-5b27feea6827,2025-11-17 08:01:00+01:00,2025-11-17 08:44:00+01:00,42,home,Frankfurt,,DE,office,Offenbach,,DE,commute,,regional_train,,37.89,True,True,True
a9069a22-83e6-5db0-98d1-375327b1e8ee,be6f3d9a-713a-5a56-bd77-5b27feea6827,2025-11-17 17:24:00+01:00,2025-11-17 18:11:00+01:00,46,office,Offenbach,,DE,home,Frankfurt,,DE,home_return,,regional_train,,38.29,True,True,True
bcecef6f-4630-5d3c-a389-162da284b128,be6f3d9a-713a-5a56-bd77-5b27feea6827,2025-11-19 06:53:00+01:00,2025-11-19 10:04:00+01:00,190,home,Frankfurt,,DE,client_site,Hamburg,,DE,business,,long_distance_train,,508.28,False,True,False
7883994d-ce2d-5379-a4c3-a5d258da5a7d,be6f3d9a-713a-5a56-bd77-5b27feea6827,2025-11-19 18:18:00+01:00,2025-11-19 21:32:00+01:00,191,client_site,Hamburg,,DE,home,Frankfurt,,DE,home_return,,long_distance_train,,508.35,False,True,False
a187007f-4960-5c51-be0f-6f8313c5ee24,be6f3d9a-713a-5a56-bd77-5b27feea6827,2025-11-21 06:48:00+01:00,2025-11-21 10:19:00+01:00,209,home,Frankfurt,,DE,client_site,Berlin,,DE,business,,long_distance_train,,554.04,False,True,False
2a757da1-954b-5c4b-a9e9-85ad2eb9e36b,be6f3d9a-713a-5a56-bd77-5b27feea6827,2025-11-21 10:49:00+01:00,2025-11-21 11:08:00+01:00,16,client_site,Berlin,,DE,client_office,Berlin,,DE,business,,public_transport,,5.55,False,True,False
7e580434-edad-51dc-8bd9-405f021cc2ff,be6f3d9a-713a-5a56-bd77-5b27feea6827,2025-11-21 17:58:00+01:00,2025-11-21 21:24:00+01:00,204,client_site,Berlin,,DE,home,Frankfurt,,DE,home_return,,long_distance_train,,553.69,False,True,False
d97b896b-51ba-59c4-82c7-8ce1b597f741,be6f3d9a-713a-5a56-bd77-5b27feea6827,2025-11-22 13:21:00+01:00,2025-11-22 13:42:00+01:00,16,home,Frankfurt,,DE,city_center,Frankfurt,,DE,leisure,,public_transport,,4.36,False,True,False
c2ecb9ce-e274-5ed0-805c-4228b2072a91,be6f3d9a-713a-5a56-bd77-5b27feea6827,2025-11-22 17:14:00+01:00,2025-11-22 17:35:00+01:00,16,city_center,Frankfurt,,DE,home,Frankfurt,,DE,home_return,,public_transport,,4.35,False,True,False
81223f10-5704-5f4c-9af3-7e1e8307622d,be6f3d9a-713a-5a56-bd77-5b27feea6827,2025-11-25 07:17:00+01:00,2025-11-25 10:47:00+01:00,207,home,Frankfurt,,DE,client_site,Berlin,,DE,business,,long_distance_train,,556.56,False,True,False
329bfd07-08db-53d0-b92d-610c1d8c247b,be6f3d9a-713a-5a56-bd77-5b27feea6827,2025-11-25 18:11:00+01:00,2025-11-25 21:42:00+01:00,209,client_site,Berlin,,DE,home,Frankfurt,,DE,home_return,,long_distance_train,,556.68,False,True,False
1b4d1789-a636-51d2-9553-37c3c5ace868,be6f3d9a-713a-5a56-bd77-5b27feea6827,2025-11-27 06:54:00+01:00,2025-11-27 09:59:00+01:00,184,home,Frankfurt,,DE,client_site,Hamburg,,DE,business,,long_distance_train,,484.5,False,True,False
814fc0d3-acbe-53a1-b0f8-29a66f27f260,be6f3d9a-713a-5a56-bd77-5b27feea6827,2025-11-27 11:28:00+01:00,2025-11-27 11:49:00+01:00,16,client_site,Hamburg,,DE,client_office,Hamburg,,DE,business,,public_transport,,4.56,False,True,False
bb16948e-22df-5258-a470-c0f21eb19945,be6f3d9a-713a-5a56-bd77-5b27feea6827,2025-11-27 18:17:00+01:00,2025-11-27 21:25:00+01:00,184,client_site,Hamburg,,DE,home,Frankfurt,,DE,home_return,,long_distance_train,,484.52,False,True,False
df42acab-fd4b-5de0-9b39-289b2b799379,be6f3d9a-713a-5a56-bd77-5b27feea6827,2025-11-29 13:48:00+01:00,2025-11-29 14:11:00+01:00,22,home,Frankfurt,,DE,city_center,Frankfurt,,DE,leisure,,public_transport,,6.73,False,True,False
e7f7257f-2057-5227-9a82-051474219a4d,be6f3d9a-713a-5a56-bd77-5b27feea6827,2025-11-29 17:06:00+01:00,2025-11-29 17:28:00+01:00,20,city_center,Frankfurt,,DE,home,Frankfurt,,DE,home_return,,public_transport,,6.58,False,True,False
aefbe8a6-f617-5b51-90d2-996949382fe8,be6f3d9a-713a-5a56-bd77-5b27feea6827,2025-12-01 07:18:00+01:00,2025-12-01 08:41:00+01:00,81,home,Frankfurt,,DE,client_site,Stuttgart,,DE,business,,long_distance_train,,198.22,False,True,False
bc632bb6-1da7-54bd-bafb-a422db7be20b,be6f3d9a-713a-5a56-bd77-5b27feea6827,2025-12-01 18:27:00+01:00,2025-12-01 19:47:00+01:00,79,client_site,Stuttgart,,DE,home,Frankfurt,,DE,home_return,,long_distance_train,,198.11,False,True,False
25ed9362-a50b-5610-a5c5-6db8272bac7a,be6f3d9a-713a-5a56-bd77-5b27feea6827,2025-12-02 06:46:00+01:00,2025-12-02 08:09:00+01:00,80,home,Frankfurt,,DE,client_site,Cologne,,DE,business,,long_distance_train,,190.6,False,True,False
d788f285-a810-5d40-93cd-ec3167524041,be6f3d9a-713a-5a56-bd77-5b27feea6827,2025-12-02 10:58:00+01:00,2025-12-02 11:17:00+01:00,14,client_site,Cologne,,DE,client_office,Cologne,,DE,business,,public_transport,,4.62,False,True,False
8adb0ea8-d96e-5d14-a27d-3d1c36b5e19d,be6f3d9a-713a-5a56-bd77-5b27feea6827,2025-12-02 18:08:00+01:00,2025-12-02 19:30:00+01:00,77,client_site,Cologne,,DE,home,Frankfurt,,DE,home_return,,long_distance_train,,190.37,False,True,False
5db49d5e-4f48-52d6-9b3e-01e776dd4121,be6f3d9a-713a-5a56-bd77-5b27feea6827,2025-12-08 07:11:00+01:00,2025-12-08 08:38:00+01:00,83,home,Frankfurt,,DE,client_site,Stuttgart,,DE,business,,long_distance_train,,206.81,False,True,False
34404c14-6ad5-58b1-bf22-ba9e12d70530,be6f3d9a-713a-5a56-bd77-5b27feea6827,2025-12-08 17:49:00+01:00,2025-12-08 19:15:00+01:00,83,client_site,Stuttgart,,DE,home,Frankfurt,,DE,home_return,,long_distance_train,,206.79,False,True,False
71064480-0f8b-5914-957f-d654c18baccc,be6f3d9a-713a-5a56-bd77-5b27feea6827,2025-12-09 08:09:00+01:00,2025-12-09 08:55:00+01:00,43,home,Frankfurt,,DE,office,Offenbach,,DE,commute,,regional_train,,35.33,True,True,True
906c7113-299e-5c3a-a071-db986dd6cbc9,be6f3d9a-713a-5a56-bd77-5b27feea6827,2025-12-09 17:02:00+01:00,2025-12-09 17:43:00+01:00,40,office,Offenbach,,DE,home,Frankfurt,,DE,home_return,,regional_train,,35.14,True,True,True
c496ca36-6a64-516a-a88d-ec6e1bb715f5,be6f3d9a-713a-5a56-bd77-5b27feea6827,2025-12-10 07:55:00+01:00,2025-12-10 08:40:00+01:00,43,home,Frankfurt,,DE,office,Offenbach,,DE,commute,,regional_train,,39.5,True,True,True
cb237ec0-0542-50b3-86e3-7a0f159c9466,be6f3d9a-713a-5a56-bd77-5b27feea6827,2025-12-10 16:36:00+01:00,2025-12-10 17:23:00+01:00,42,office,Offenbach,,DE,home,Frankfurt,,DE,home_return,,regional_train,,39.41,True,True,True
86326846-396c-57b0-85fa-a984bf12af0f,be6f3d9a-713a-5a56-bd77-5b27feea6827,2025-12-13 12:41:00+01:00,2025-12-13 13:03:00+01:00,20,home,Frankfurt,,DE,city_center,Frankfurt,,DE,leisure,,public_transport,,5.75,False,True,False
0676e6d9-4969-5189-9581-571ce0ba65bb,be6f3d9a-713a-5a56-bd77-5b27feea6827,2025-12-13 17:18:00+01:00,2025-12-13 17:42:00+01:00,19,city_center,Frankfurt,,DE,home,Frankfurt,,DE,home_return,,public_transport,,5.62,False,True,False
a130b869-33cc-5145-abd7-2ed588812e62,be6f3d9a-713a-5a56-bd77-5b27feea6827,2025-12-16 06:59:00+01:00,2025-12-16 10:27:00+01:00,205,home,Frankfurt,,DE,client_site,Berlin,,DE,business,,long_distance_train,,547.31,False,True,False
718622c6-618a-51c6-ab0d-16897aaf217a,be6f3d9a-713a-5a56-bd77-5b27feea6827,2025-12-16 11:06:00+01:00,2025-12-16 11:22:00+01:00,12,client_site,Berlin,,DE,client_office,Berlin,,DE,business,,public_transport,,3.79,False,True,False
51b5710c-e4bb-56fe-bf69-dad8507273f6,be6f3d9a-713a-5a56-bd77-5b27feea6827,2025-12-16 17:56:00+01:00,2025-12-16 21:27:00+01:00,207,client_site,Berlin,,DE,home,Frankfurt,,DE,home_return,,long_distance_train,,547.49,False,True,False
b9dfa24c-ce86-58c0-b45b-eea86bdc694a,be6f3d9a-713a-5a56-bd77-5b27feea6827,2025-12-17 06:56:00+01:00,2025-12-17 09:58:00+01:00,179,home,Frankfurt,,DE,client_site,Hamburg,,DE,business,,long_distance_train,,479.35,False,True,False
32b6a00e-1fcf-505f-a08c-d84f95c2a824,be6f3d9a-713a-5a56-bd77-5b27feea6827,2025-12-17 11:17:00+01:00,2025-12-17 11:37:00+01:00,15,client_site,Hamburg,,DE,client_office,Hamburg,,DE,business,,public_transport,,4.87,False,True,False
810f19ef-1e16-57f2-8d95-90d38e17ff2c,be6f3d9a-713a-5a56-bd77-5b27feea6827,2025-12-17 17:47:00+01:00,2025-12-17 20:51:00+01:00,181,client_site,Hamburg,,DE,home,Frankfurt,,DE,home_return,,long_distance_train,,479.42,False,True,False
0f72916d-f2b9-5ecd-b61b-53d3cd4d6393,be6f3d9a-713a-5a56-bd77-5b27feea6827,2025-12-24 07:55:00+01:00,2025-12-24 08:33:00+01:00,35,home,Frankfurt,,DE,office,Offenbach,,DE,commute,,regional_train,,30.93,True,True,True
48a6a40c-ae2e-5d4d-9c86-71aad26880f5,be6f3d9a-713a-5a56-bd77-5b27feea6827,2025-12-24 16:38:00+01:00,2025-12-24 17:19:00+01:00,37,office,Offenbach,,DE,home,Frankfurt,,DE,home_return,,regional_train,,31.1,True,True,True
bedc8684-dbe9-5672-b0fa-2c70472c5293,be6f3d9a-713a-5a56-bd77-5b27feea6827,2025-12-31 08:12:00+01:00,2025-12-31 09:02:00+01:00,47,home,Frankfurt,,DE,office,Offenbach,,DE,commute,,regional_train,,38.89,True,True,True
9b1a3337-7aba-53c9-a4b3-3c73cf70d964,be6f3d9a-713a-5a56-bd77-5b27feea6827,2025-12-31 16:53:00+01:00,2025-12-31 17:37:00+01:00,42,office,Offenbach,,DE,home,Frankfurt,,DE,home_return,,regional_train,,38.48,True,True,True
7c3bcaf7-2bbd-561d-b1a8-9172c38c0212,be6f3d9a-713a-5a56-bd77-5b27feea6827,2026-01-04 12:02:00+01:00,2026-01-04 12:24:00+01:00,18,home,Frankfurt,,DE,city_center,Frankfurt,,DE,leisure,,public_transport,,5.82,False,True,False
ca46ecfa-b4aa-539f-8551-5b4ba2f60d3b,be6f3d9a-713a-5a56-bd77-5b27feea6827,2026-01-04 17:02:00+01:00,2026-01-04 17:24:00+01:00,21,city_center,Frankfurt,,DE,home,Frankfurt,,DE,home_return,,public_transport,,6.1,False,True,False
7a726f46-0a21-53ba-ab6a-95f7a783e2b9,be6f3d9a-713a-5a56-bd77-5b27feea6827,2026-01-05 07:46:00+01:00,2026-01-05 08:33:00+01:00,44,home,Frankfurt,,DE,office,Offenbach,,DE,commute,,regional_train,,35.41,True,True,True
6f72f45a-6593-53a9-bf3f-f04049471b30,be6f3d9a-713a-5a56-bd77-5b27feea6827,2026-01-05 17:01:00+01:00,2026-01-05 17:43:00+01:00,41,office,Offenbach,,DE,home,Frankfurt,,DE,home_return,,regional_train,,35.16,True,True,True
000bbc40-c542-5baf-9f74-7906b3d620a9,be6f3d9a-713a-5a56-bd77-5b27feea6827,2026-01-09 06:52:00+01:00,2026-01-09 08:22:00+01:00,86,home,Frankfurt,,DE,client_site,Stuttgart,,DE,business,,long_distance_train,,207.28,False,True,False
0e4c467d-2e41-5dc4-bd67-a4e281d7478b,be6f3d9a-713a-5a56-bd77-5b27feea6827,2026-01-09 11:17:00+01:00,2026-01-09 11:38:00+01:00,19,client_site,Stuttgart,,DE,client_office,Stuttgart,,DE,business,,public_transport,,6.39,False,True,False
8f191a74-f354-593d-9b08-b35745242142,be6f3d9a-713a-5a56-bd77-5b27feea6827,2026-01-09 17:51:00+01:00,2026-01-09 19:22:00+01:00,87,client_site,Stuttgart,,DE,home,Frankfurt,,DE,home_return,,long_distance_train,,207.31,False,True,False
324d5d24-98b6-598c-afc6-9627e5771371,be6f3d9a-713a-5a56-bd77-5b27feea6827,2026-01-11 12:49:00+01:00,2026-01-11 13:07:00+01:00,14,home,Frankfurt,,DE,city_center,Frankfurt,,DE,leisure,,public_transport,,5.05,False,True,False
97d4c6f8-a189-581f-baf2-0834059909d1,be6f3d9a-713a-5a56-bd77-5b27feea6827,2026-01-11 17:49:00+01:00,2026-01-11 18:11:00+01:00,19,city_center,Frankfurt,,DE,home,Frankfurt,,DE,home_return,,public_transport,,5.38,False,True,False
f5f1eae9-02c3-53c7-a940-d8db8d07bed7,be6f3d9a-713a-5a56-bd77-5b27feea6827,2026-01-12 08:14:00+01:00,2026-01-12 09:04:00+01:00,45,home,Frankfurt,,DE,office,Offenbach,,DE,commute,,regional_train,,39.19,True,True,True
812f816f-6319-5fd6-aba7-cb29ed79a507,be6f3d9a-713a-5a56-bd77-5b27feea6827,2026-01-12 17:19:00+01:00,2026-01-12 18:02:00+01:00,42,office,Offenbach,,DE,home,Frankfurt,,DE,home_return,,regional_train,,38.91,True,True,True
d873de48-d329-58f7-b494-d813531cc227,be6f3d9a-713a-5a56-bd77-5b27feea6827,2026-01-15 07:52:00+01:00,2026-01-15 08:31:00+01:00,37,home,Frankfurt,,DE,office,Offenbach,,DE,commute,,regional_train,,33.71,True,True,True
591101a0-0077-5f38-8e34-62a168b3a2f1,be6f3d9a-713a-5a56-bd77-5b27feea6827,2026-01-15 16:47:00+01:00,2026-01-15 17:30:00+01:00,40,office,Offenbach,,DE,home,Frankfurt,,DE,home_return,,regional_train,,33.84,True,True,True
44ba899c-fc10-5247-9681-a940f9be1457,be6f3d9a-713a-5a56-bd77-5b27feea6827,2026-01-17 12:03:00+01:00,2026-01-17 12:25:00+01:00,20,home,Frankfurt,,DE,city_center,Frankfurt,,DE,leisure,,public_transport,,6.65,False,True,False
ba9f0306-7959-5328-8d6f-159ec6136b8d,be6f3d9a-713a-5a56-bd77-5b27feea6827,2026-01-17 16:57:00+01:00,2026-01-17 17:19:00+01:00,18,city_center,Frankfurt,,DE,home,Frankfurt,,DE,home_return,,public_transport,,6.52,False,True,False
86948504-32b5-5a2c-a6f2-4d6bbec27706,be6f3d9a-713a-5a56-bd77-5b27feea6827,2026-01-18 13:04:00+01:00,2026-01-18 13:24:00+01:00,19,home,Frankfurt,,DE,city_center,Frankfurt,,DE,leisure,,public_transport,,6.66,False,True,False
7590ddd6-dc68-5ed4-b2f4-42a98453c2cc,be6f3d9a-713a-5a56-bd77-5b27feea6827,2026-01-18 16:26:00+01:00,2026-01-18 16:50:00+01:00,19,city_center,Frankfurt,,DE,home,Frankfurt,,DE,home_return,,public_transport,,6.64,False,True,False
59380c17-7bbb-5135-87b4-459c099455d8,be6f3d9a-713a-5a56-bd77-5b27feea6827,2026-01-19 07:47:00+01:00,2026-01-19 08:28:00+01:00,38,home,Frankfurt,,DE,office,Offenbach,,DE,commute,,regional_train,,32.7,True,True,True
eebf062e-fca8-51a8-8117-2f99afa155ee,be6f3d9a-713a-5a56-bd77-5b27feea6827,2026-01-19 17:30:00+01:00,2026-01-19 18:10:00+01:00,36,office,Offenbach,,DE,home,Frankfurt,,DE,home_return,,regional_train,,32.52,True,True,True
2b10fefa-36f3-5075-b43e-3725ef7904a2,be6f3d9a-713a-5a56-bd77-5b27feea6827,2026-01-20 08:11:00+01:00,2026-01-20 09:00:00+01:00,46,home,Frankfurt,,DE,office,Offenbach,,DE,commute,,regional_train,,40.55,True,True,True
1628980b-afce-57da-a504-cb7b9dfc24f9,be6f3d9a-713a-5a56-bd77-5b27feea6827,2026-01-20 17:14:00+01:00,2026-01-20 18:07:00+01:00,49,office,Offenbach,,DE,home,Frankfurt,,DE,home_return,,regional_train,,40.69,True,True,True
f895b5b8-cff8-55a6-b953-cd460686013b,be6f3d9a-713a-5a56-bd77-5b27feea6827,2026-01-21 07:00:00+01:00,2026-01-21 10:33:00+01:00,211,home,Frankfurt,,DE,client_site,Berlin,,DE,business,,long_distance_train,,561.55,False,True,False
75221a16-896c-511d-bb31-d3ae5bb22690,be6f3d9a-713a-5a56-bd77-5b27feea6827,2026-01-21 11:14:00+01:00,2026-01-21 11:33:00+01:00,14,client_site,Berlin,,DE,client_office,Berlin,,DE,business,,public_transport,,3.34,False,True,False
cc0b8078-9d02-5bfb-9b73-be83a8acab2e,be6f3d9a-713a-5a56-bd77-5b27feea6827,2026-01-21 18:25:00+01:00,2026-01-21 21:58:00+01:00,208,client_site,Berlin,,DE,home,Frankfurt,,DE,home_return,,long_distance_train,,561.27,False,True,False
da8b4fcb-d80a-5d2c-a065-a83d8286a0e2,be6f3d9a-713a-5a56-bd77-5b27feea6827,2026-01-22 07:13:00+01:00,2026-01-22 10:15:00+01:00,180,home,Frankfurt,,DE,client_site,Hamburg,,DE,business,,long_distance_train,,477.81,False,True,False
09650e2c-4934-5c4e-8b27-26c4116cbc30,be6f3d9a-713a-5a56-bd77-5b27feea6827,2026-01-22 18:20:00+01:00,2026-01-22 21:22:00+01:00,179,client_site,Hamburg,,DE,home,Frankfurt,,DE,home_return,,long_distance_train,,477.72,False,True,False
26e00bc3-8d9c-5785-a249-b913e4ce2ae5,be6f3d9a-713a-5a56-bd77-5b27feea6827,2026-01-25 12:03:00+01:00,2026-01-25 12:20:00+01:00,15,home,Frankfurt,,DE,city_center,Frankfurt,,DE,leisure,,public_transport,,2.88,False,True,False
b75df7f9-7bec-58b5-b082-1525f148b4d1,be6f3d9a-713a-5a56-bd77-5b27feea6827,2026-01-25 16:05:00+01:00,2026-01-25 16:24:00+01:00,14,city_center,Frankfurt,,DE,home,Frankfurt,,DE,home_return,,public_transport,,2.88,False,True,False
be0a8136-977d-5618-aa8a-e7da42aa7e97,be6f3d9a-713a-5a56-bd77-5b27feea6827,2026-01-26 06:45:00+01:00,2026-01-26 10:20:00+01:00,211,home,Frankfurt,,DE,client_site,Berlin,,DE,business,,long_distance_train,,570.39,False,True,False
fce5d13a-bb62-504a-8644-d9d1202e946a,be6f3d9a-713a-5a56-bd77-5b27feea6827,2026-01-26 10:58:00+01:00,2026-01-26 11:17:00+01:00,18,client_site,Berlin,,DE,client_office,Berlin,,DE,business,,public_transport,,6.36,False,True,False
d03b7da0-8488-5c07-9189-75f9f8903d3d,be6f3d9a-713a-5a56-bd77-5b27feea6827,2026-01-26 18:00:00+01:00,2026-01-26 21:36:00+01:00,213,client_site,Berlin,,DE,home,Frankfurt,,DE,home_return,,long_distance_train,,570.53,False,True,False
8999ceb6-9a27-5b3d-91ed-2ca9d126d500,be6f3d9a-713a-5a56-bd77-5b27feea6827,2026-01-30 06:49:00+01:00,2026-01-30 09:55:00+01:00,185,home,Frankfurt,,DE,client_site,Hamburg,,DE,business,,long_distance_train,,494.45,False,True,False
b8a9399e-49d8-5b13-8a7a-8bbcff90f903,be6f3d9a-713a-5a56-bd77-5b27feea6827,2026-01-30 10:45:00+01:00,2026-01-30 11:03:00+01:00,15,client_site,Hamburg,,DE,client_office,Hamburg,,DE,business,,public_transport,,5.1,False,True,False
7be332a8-0cff-58dc-a1d5-c7d25d9e5a23,be6f3d9a-713a-5a56-bd77-5b27feea6827,2026-01-30 17:59:00+01:00,2026-01-30 21:12:00+01:00,188,client_site,Hamburg,,DE,home,Frankfurt,,DE,home_return,,long_distance_train,,494.74,False,True,False
e2960654-e71e-5539-a691-5328daaef5af,be6f3d9a-713a-5a56-bd77-5b27feea6827,2026-01-31 12:41:00+01:00,2026-01-31 13:07:00+01:00,21,home,Frankfurt,,DE,city_center,Frankfurt,,DE,leisure,,public_transport,,6.55,False,True,False
fd1d2b37-04ca-50dc-acb2-937ae3b68278,be6f3d9a-713a-5a56-bd77-5b27feea6827,2026-01-31 17:48:00+01:00,2026-01-31 18:13:00+01:00,21,city_center,Frankfurt,,DE,home,Frankfurt,,DE,home_return,,public_transport,,6.61,False,True,False
60b03e6a-361b-532e-8af9-807caa639927,be6f3d9a-713a-5a56-bd77-5b27feea6827,2026-02-02 08:11:00+01:00,2026-02-02 08:53:00+01:00,39,home,Frankfurt,,DE,office,Offenbach,,DE,commute,,regional_train,,36.87,True,True,True
1f3f4b60-d71f-5176-a4bd-650fa0fbf745,be6f3d9a-713a-5a56-bd77-5b27feea6827,2026-02-02 17:00:00+01:00,2026-02-02 17:46:00+01:00,41,office,Offenbach,,DE,home,Frankfurt,,DE,home_return,,regional_train,,37.11,True,True,True
5f4c85bb-5a1d-537b-af45-6d986fe432f3,be6f3d9a-713a-5a56-bd77-5b27feea6827,2026-02-04 06:57:00+01:00,2026-02-04 08:19:00+01:00,79,home,Frankfurt,,DE,client_site,Stuttgart,,DE,business,,long_distance_train,,196.94,False,True,False
cd98eed4-4fed-52f6-9faa-642c8b2c43ae,be6f3d9a-713a-5a56-bd77-5b27feea6827,2026-02-04 17:46:00+01:00,2026-02-04 19:13:00+01:00,82,client_site,Stuttgart,,DE,home,Frankfurt,,DE,home_return,,long_distance_train,,197.13,False,True,False
81c67812-8499-552d-be46-c55c21767caa,be6f3d9a-713a-5a56-bd77-5b27feea6827,2026-02-05 06:56:00+01:00,2026-02-05 10:29:00+01:00,212,home,Frankfurt,,DE,client_site,Berlin,,DE,business,,long_distance_train,,563.37,False,True,False
b22c89de-14f0-58eb-bbe9-a606eee2a1d4,be6f3d9a-713a-5a56-bd77-5b27feea6827,2026-02-05 10:59:00+01:00,2026-02-05 11:13:00+01:00,11,client_site,Berlin,,DE,client_office,Berlin,,DE,business,,public_transport,,3.4,False,True,False
92c15c01-7594-5014-a13e-b2e3d0844a6f,be6f3d9a-713a-5a56-bd77-5b27feea6827,2026-02-05 17:52:00+01:00,2026-02-05 21:25:00+01:00,212,client_site,Berlin,,DE,home,Frankfurt,,DE,home_return,,long_distance_train,,563.39,False,True,False
0d04cfa3-bec8-58aa-a741-c177b88c6bc1,be6f3d9a-713a-5a56-bd77-5b27feea6827,2026-02-06 08:13:00+01:00,2026-02-06 08:59:00+01:00,44,home,Frankfurt,,DE,office,Offenbach,,DE,commute,,regional_train,,39.15,True,True,True
d3f292d7-9c0a-51b7-b47a-e05ba19327a3,be6f3d9a-713a-5a56-bd77-5b27feea6827,2026-02-06 16:42:00+01:00,2026-02-06 17:32:00+01:00,45,office,Offenbach,,DE,home,Frankfurt,,DE,home_return,,regional_train,,39.21,True,True,True
2510285e-5843-53cb-9010-0c3abcc43cf3,be6f3d9a-713a-5a56-bd77-5b27feea6827,2026-02-09 06:54:00+01:00,2026-02-09 08:14:00+01:00,78,home,Frankfurt,,DE,client_site,Cologne,,DE,business,,long_distance_train,,188.34,False,True,False
df8a3341-4508-54b7-aa98-16c0abfe966d,be6f3d9a-713a-5a56-bd77-5b27feea6827,2026-02-09 11:10:00+01:00,2026-02-09 11:25:00+01:00,13,client_site,Cologne,,DE,client_office,Cologne,,DE,business,,public_transport,,3.41,False,True,False
e8b4e6e6-5445-514d-9f19-2219f6d3c956,be6f3d9a-713a-5a56-bd77-5b27feea6827,2026-02-09 18:09:00+01:00,2026-02-09 19:27:00+01:00,77,client_site,Cologne,,DE,home,Frankfurt,,DE,home_return,,long_distance_train,,188.25,False,True,False
cad22758-622b-51c4-b575-411094be79d3,be6f3d9a-713a-5a56-bd77-5b27feea6827,2026-02-10 07:58:00+01:00,2026-02-10 08:47:00+01:00,47,home,Frankfurt,,DE,office,Offenbach,,DE,commute,,regional_train,,40.09,True,True,True
21cd5962-9c6f-52b3-b443-ee6caf95e390,be6f3d9a-713a-5a56-bd77-5b27feea6827,2026-02-10 16:49:00+01:00,2026-02-10 17:40:00+01:00,46,office,Offenbach,,DE,home,Frankfurt,,DE,home_return,,regional_train,,39.98,True,True,True
f2c11bf5-7746-5281-9b62-2a88f5aabcaf,be6f3d9a-713a-5a56-bd77-5b27feea6827,2026-02-11 06:44:00+01:00,2026-02-11 08:03:00+01:00,77,home,Frankfurt,,DE,client_site,Cologne,,DE,business,,long_distance_train,,192.54,False,True,False
9da59fa1-a673-5e28-943e-a79c81af191b,be6f3d9a-713a-5a56-bd77-5b27feea6827,2026-02-11 11:30:00+01:00,2026-02-11 11:52:00+01:00,20,client_site,Cologne,,DE,client_office,Cologne,,DE,business,,public_transport,,6.72,False,True,False
868c42ad-5fd0-54ba-a1df-544fd1e696c7,be6f3d9a-713a-5a56-bd77-5b27feea6827,2026-02-11 17:55:00+01:00,2026-02-11 19:13:00+01:00,75,client_site,Cologne,,DE,home,Frankfurt,,DE,home_return,,long_distance_train,,192.32,False,True,False
87995cf9-70d6-5880-b792-cb5a6077e172,be6f3d9a-713a-5a56-bd77-5b27feea6827,2026-02-12 07:48:00+01:00,2026-02-12 08:34:00+01:00,44,home,Frankfurt,,DE,office,Offenbach,,DE,commute,,regional_train,,39.83,True,True,True
dea5d16c-c2ee-5224-853f-e0b08936c9f2,be6f3d9a-713a-5a56-bd77-5b27feea6827,2026-02-12 16:39:00+01:00,2026-02-12 17:27:00+01:00,47,office,Offenbach,,DE,home,Frankfurt,,DE,home_return,,regional_train,,40.07,True,True,True
ee94f489-b7a5-5173-8547-b778206f53ff,be6f3d9a-713a-5a56-bd77-5b27feea6827,2026-02-16 06:47:00+01:00,2026-02-16 08:08:00+01:00,79,home,Frankfurt,,DE,client_site,Stuttgart,,DE,business,,long_distance_train,,200.57,False,True,False
3ed4e5ec-333d-5947-84ba-78eda2670f28,be6f3d9a-713a-5a56-bd77-5b27feea6827,2026-02-16 18:28:00+01:00,2026-02-16 19:51:00+01:00,82,client_site,Stuttgart,,DE,home,Frankfurt,,DE,home_return,,long_distance_train,,200.8,False,True,False
ad5cc8cc-c1ac-5bbe-8c4d-d9719ebb76bb,be6f3d9a-713a-5a56-bd77-5b27feea6827,2026-02-17 08:03:00+01:00,2026-02-17 08:50:00+01:00,43,home,Frankfurt,,DE,office,Offenbach,,DE,commute,,regional_train,,35.63,True,True,True
d6eb14fd-b6a9-5a8a-83de-97ad8df1832a,be6f3d9a-713a-5a56-bd77-5b27feea6827,2026-02-17 16:44:00+01:00,2026-02-17 17:30:00+01:00,41,office,Offenbach,,DE,home,Frankfurt,,DE,home_return,,regional_train,,35.47,True,True,True
5f87519f-c6de-59a7-abd1-6c5a1deceed7,be6f3d9a-713a-5a56-bd77-5b27feea6827,2026-02-18 08:00:00+01:00,2026-02-18 08:49:00+01:00,45,home,Frankfurt,,DE,office,Offenbach,,DE,commute,,regional_train,,39.48,True,True,True
cb76943b-5a1e-57c2-9ece-47b1fe02c810,be6f3d9a-713a-5a56-bd77-5b27feea6827,2026-02-18 16:36:00+01:00,2026-02-18 17:25:00+01:00,46,office,Offenbach,,DE,home,Frankfurt,,DE,home_return,,regional_train,,39.54,True,True,True
140e18e2-5d97-5c72-a52a-2c2751331a9b,be6f3d9a-713a-5a56-bd77-5b27feea6827,2026-02-19 07:53:00+01:00,2026-02-19 08:36:00+01:00,42,home,Frankfurt,,DE,office,Offenbach,,DE,commute,,regional_train,,37.47,True,True,True
5b4c1600-67cd-59d3-9430-a5b79e1be1f2,be6f3d9a-713a-5a56-bd77-5b27feea6827,2026-02-19 17:01:00+01:00,2026-02-19 17:48:00+01:00,42,office,Offenbach,,DE,home,Frankfurt,,DE,home_return,,regional_train,,37.52,True,True,True
2c686b0e-fa5d-55a9-886a-1594dff8d871,be6f3d9a-713a-5a56-bd77-5b27feea6827,2026-02-20 07:16:00+01:00,2026-02-20 08:41:00+01:00,81,home,Frankfurt,,DE,client_site,Stuttgart,,DE,business,,long_distance_train,,205.87,False,True,False
b063e546-3b33-5600-90e4-fc211bc7bcd6,be6f3d9a-713a-5a56-bd77-5b27feea6827,2026-02-20 11:11:00+01:00,2026-02-20 11:33:00+01:00,21,client_site,Stuttgart,,DE,client_office,Stuttgart,,DE,business,,public_transport,,6.42,False,True,False
ebafed1f-9540-5813-949e-5baded8edba0,be6f3d9a-713a-5a56-bd77-5b27feea6827,2026-02-20 17:45:00+01:00,2026-02-20 19:13:00+01:00,83,client_site,Stuttgart,,DE,home,Frankfurt,,DE,home_return,,long_distance_train,,206.08,False,True,False
57943c3b-0173-54f1-86d1-4d29ffd4bc21,be6f3d9a-713a-5a56-bd77-5b27feea6827,2026-02-28 12:03:00+01:00,2026-02-28 12:24:00+01:00,18,home,Frankfurt,,DE,city_center,Frankfurt,,DE,leisure,,public_transport,,5.2,False,True,False
fcfdaea0-3779-538d-9ce3-6c7496cf8257,be6f3d9a-713a-5a56-bd77-5b27feea6827,2026-02-28 17:42:00+01:00,2026-02-28 18:01:00+01:00,16,city_center,Frankfurt,,DE,home,Frankfurt,,DE,home_return,,public_transport,,5.02,False,True,False
caa76acb-0dec-5b6b-9de2-34c06e0b2fb4,be6f3d9a-713a-5a56-bd77-5b27feea6827,2026-03-03 07:20:00+01:00,2026-03-03 09:51:00+01:00,149,home,Frankfurt,,DE,client_site,Munich,,DE,business,,long_distance_train,,386.06,False,True,False
2dd3bf2f-d505-5562-9860-4e6a269e0afd,be6f3d9a-713a-5a56-bd77-5b27feea6827,2026-03-03 18:11:00+01:00,2026-03-03 20:42:00+01:00,148,client_site,Munich,,DE,home,Frankfurt,,DE,home_return,,long_distance_train,,385.99,False,True,False
9b3aac59-9839-53cb-8632-ccbf55c93ff3,be6f3d9a-713a-5a56-bd77-5b27feea6827,2026-03-04 07:01:00+01:00,2026-03-04 08:27:00+01:00,84,home,Frankfurt,,DE,client_site,Stuttgart,,DE,business,,long_distance_train,,212.03,False,True,False
7c46b81d-f1cc-537c-9c79-ed4319559e68,be6f3d9a-713a-5a56-bd77-5b27feea6827,2026-03-04 10:35:00+01:00,2026-03-04 10:59:00+01:00,20,client_site,Stuttgart,,DE,client_office,Stuttgart,,DE,business,,public_transport,,6.49,False,True,False
205d2ea9-178f-5bf6-ada8-21addf123904,be6f3d9a-713a-5a56-bd77-5b27feea6827,2026-03-04 18:18:00+01:00,2026-03-04 19:45:00+01:00,83,client_site,Stuttgart,,DE,home,Frankfurt,,DE,home_return,,long_distance_train,,211.93,False,True,False
6311438f-7cdb-52bd-a395-e037f3d42c58,be6f3d9a-713a-5a56-bd77-5b27feea6827,2026-03-08 13:56:00+01:00,2026-03-08 14:18:00+01:00,19,home,Frankfurt,,DE,city_center,Frankfurt,,DE,leisure,,public_transport,,5.26,False,True,False
cc8852ea-2e93-599f-9041-c0ea3a646485,be6f3d9a-713a-5a56-bd77-5b27feea6827,2026-03-08 17:08:00+01:00,2026-03-08 17:24:00+01:00,15,city_center,Frankfurt,,DE,home,Frankfurt,,DE,home_return,,public_transport,,5.03,False,True,False
6ae56e63-f9ad-5379-9f34-e0bc577a56e9,be6f3d9a-713a-5a56-bd77-5b27feea6827,2026-03-09 07:05:00+01:00,2026-03-09 08:27:00+01:00,79,home,Frankfurt,,DE,client_site,Cologne,,DE,business,,long_distance_train,,198.55,False,True,False
46821c38-4dbf-5109-a4ec-3e1026b882c6,be6f3d9a-713a-5a56-bd77-5b27feea6827,2026-03-09 10:36:00+01:00,2026-03-09 11:00:00+01:00,21,client_site,Cologne,,DE,client_office,Cologne,,DE,business,,public_transport,,6.64,False,True,False
8110bcfe-38b9-536c-a8e4-6a8d0a49a014,be6f3d9a-713a-5a56-bd77-5b27feea6827,2026-03-09 17:35:00+01:00,2026-03-09 18:54:00+01:00,78,client_site,Cologne,,DE,home,Frankfurt,,DE,home_return,,long_distance_train,,198.47,False,True,False
1bf5c34a-6081-5443-bfba-67fdd6409981,be6f3d9a-713a-5a56-bd77-5b27feea6827,2026-03-10 06:54:00+01:00,2026-03-10 10:16:00+01:00,200,home,Frankfurt,,DE,client_site,Berlin,,DE,business,,long_distance_train,,523.18,False,True,False
8ced71d5-b1bd-50f0-bd9a-90a85c71b2cd,be6f3d9a-713a-5a56-bd77-5b27feea6827,2026-03-10 10:39:00+01:00,2026-03-10 10:59:00+01:00,19,client_site,Berlin,,DE,client_office,Berlin,,DE,business,,public_transport,,6.04,False,True,False
803c05e0-38c5-5d05-a856-20c33a60704b,be6f3d9a-713a-5a56-bd77-5b27feea6827,2026-03-10 18:00:00+01:00,2026-03-10 21:22:00+01:00,197,client_site,Berlin,,DE,home,Frankfurt,,DE,home_return,,long_distance_train,,523.01,False,True,False
15cb4e28-6de8-5e7c-a91b-bde0d8b411e8,be6f3d9a-713a-5a56-bd77-5b27feea6827,2026-03-11 07:17:00+01:00,2026-03-11 10:34:00+01:00,193,home,Frankfurt,,DE,client_site,Hamburg,,DE,business,,long_distance_train,,511.08,False,True,False
9cd66b5c-71b5-59a6-9ce2-649b0085f050,be6f3d9a-713a-5a56-bd77-5b27feea6827,2026-03-11 17:53:00+01:00,2026-03-11 21:06:00+01:00,190,client_site,Hamburg,,DE,home,Frankfurt,,DE,home_return,,long_distance_train,,510.81,False,True,False
060f3cbd-394b-53d0-9e65-4eb204b72729,be6f3d9a-713a-5a56-bd77-5b27feea6827,2026-03-12 07:47:00+01:00,2026-03-12 08:30:00+01:00,41,home,Frankfurt,,DE,office,Offenbach,,DE,commute,,regional_train,,36.19,True,True,True
f1ccd8a7-9a89-59ba-b86f-b352517c8063,be6f3d9a-713a-5a56-bd77-5b27feea6827,2026-03-12 17:07:00+01:00,2026-03-12 17:57:00+01:00,45,office,Offenbach,,DE,home,Frankfurt,,DE,home_return,,regional_train,,36.49,True,True,True
feabb666-4474-5cac-a534-6d70e9a85f0c,be6f3d9a-713a-5a56-bd77-5b27feea6827,2026-03-13 07:52:00+01:00,2026-03-13 08:44:00+01:00,47,home,Frankfurt,,DE,office,Offenbach,,DE,commute,,regional_train,,39.45,True,True,True
76922f3c-4aec-55d9-a308-d5fa4909b67a,be6f3d9a-713a-5a56-bd77-5b27feea6827,2026-03-13 16:44:00+01:00,2026-03-13 17:30:00+01:00,45,office,Offenbach,,DE,home,Frankfurt,,DE,home_return,,regional_train,,39.24,True,True,True
fe12249c-0001-5711-8364-824c973016bf,be6f3d9a-713a-5a56-bd77-5b27feea6827,2026-03-16 07:08:00+01:00,2026-03-16 10:07:00+01:00,176,home,Frankfurt,,DE,client_site,Hamburg,,DE,business,,long_distance_train,,470.05,False,True,False
dbfdf97b-6b1f-503b-8b9e-82de69cb2755,be6f3d9a-713a-5a56-bd77-5b27feea6827,2026-03-16 17:34:00+01:00,2026-03-16 20:33:00+01:00,176,client_site,Hamburg,,DE,home,Frankfurt,,DE,home_return,,long_distance_train,,470.1,False,True,False
7aeee7cd-53ca-5915-9a61-ae3789ae6efa,be6f3d9a-713a-5a56-bd77-5b27feea6827,2026-03-20 08:02:00+01:00,2026-03-20 08:44:00+01:00,40,home,Frankfurt,,DE,office,Offenbach,,DE,commute,,regional_train,,35.25,True,True,True
f58cb44d-ff0c-538a-8913-f058b0c1ab7e,be6f3d9a-713a-5a56-bd77-5b27feea6827,2026-03-20 17:26:00+01:00,2026-03-20 18:13:00+01:00,42,office,Offenbach,,DE,home,Frankfurt,,DE,home_return,,regional_train,,35.45,True,True,True
228d9883-b861-5330-a0ef-c642a44883d7,be6f3d9a-713a-5a56-bd77-5b27feea6827,2026-03-23 08:03:00+01:00,2026-03-23 08:52:00+01:00,44,home,Frankfurt,,DE,office,Offenbach,,DE,commute,,regional_train,,38.49,True,True,True
53291e3b-e398-5770-b53f-6c28a58d52c9,be6f3d9a-713a-5a56-bd77-5b27feea6827,2026-03-23 16:56:00+01:00,2026-03-23 17:45:00+01:00,47,office,Offenbach,,DE,home,Frankfurt,,DE,home_return,,regional_train,,38.75,True,True,True
b10dc740-93f5-5b71-ab63-80ebe13086c3,be6f3d9a-713a-5a56-bd77-5b27feea6827,2026-03-25 08:08:00+01:00,2026-03-25 08:56:00+01:00,44,home,Frankfurt,,DE,office,Offenbach,,DE,commute,,regional_train,,40.17,True,True,True
7ba2629b-0c4e-59e6-87a9-432c18036650,be6f3d9a-713a-5a56-bd77-5b27feea6827,2026-03-25 17:30:00+01:00,2026-03-25 18:22:00+01:00,48,office,Offenbach,,DE,home,Frankfurt,,DE,home_return,,regional_train,,40.5,True,True,True
5197c053-8d82-5c04-a3b1-9b7367871d54,be6f3d9a-713a-5a56-bd77-5b27feea6827,2026-03-26 06:59:00+01:00,2026-03-26 10:23:00+01:00,201,home,Frankfurt,,DE,client_site,Berlin,,DE,business,,long_distance_train,,531.51,False,True,False
759f6de0-fcaf-57b2-afdc-9f1b48837670,be6f3d9a-713a-5a56-bd77-5b27feea6827,2026-03-26 10:44:00+01:00,2026-03-26 11:01:00+01:00,16,client_site,Berlin,,DE,client_office,Berlin,,DE,business,,public_transport,,4.4,False,True,False
25231176-252b-5b8f-87d3-a3059f880131,be6f3d9a-713a-5a56-bd77-5b27feea6827,2026-03-26 18:18:00+01:00,2026-03-26 21:40:00+01:00,197,client_site,Berlin,,DE,home,Frankfurt,,DE,home_return,,long_distance_train,,531.15,False,True,False
d63666ec-4518-5e5a-99b0-b38eb6dc7314,be6f3d9a-713a-5a56-bd77-5b27feea6827,2026-03-28 13:07:00+01:00,2026-03-28 13:22:00+01:00,12,home,Frankfurt,,DE,city_center,Frankfurt,,DE,leisure,,public_transport,,2.54,False,True,False
850c333c-2ff4-59a3-8a87-ab7ca5b0e25b,be6f3d9a-713a-5a56-bd77-5b27feea6827,2026-03-28 17:55:00+01:00,2026-03-28 18:12:00+01:00,16,city_center,Frankfurt,,DE,home,Frankfurt,,DE,home_return,,public_transport,,2.93,False,True,False
2e84e8b3-1246-5dd7-a080-653d67516a29,be6f3d9a-713a-5a56-bd77-5b27feea6827,2026-03-29 12:23:00+01:00,2026-03-29 12:46:00+01:00,22,home,Frankfurt,,DE,city_center,Frankfurt,,DE,leisure,,public_transport,,5.64,False,True,False
88c837d7-1387-5269-afe9-fb5d4a418b6d,be6f3d9a-713a-5a56-bd77-5b27feea6827,2026-03-29 17:56:00+01:00,2026-03-29 18:17:00+01:00,19,city_center,Frankfurt,,DE,home,Frankfurt,,DE,home_return,,public_transport,,5.41,False,True,False
2f357c22-f3e5-536c-9b84-be69dcb3a229,be6f3d9a-713a-5a56-bd77-5b27feea6827,2026-03-31 07:08:00+01:00,2026-03-31 10:25:00+01:00,192,home,Frankfurt,,DE,client_site,Hamburg,,DE,business,,long_distance_train,,509.28,False,True,False
b4408cde-f977-5c4a-a736-d42d80e6d603,be6f3d9a-713a-5a56-bd77-5b27feea6827,2026-03-31 17:37:00+01:00,2026-03-31 20:49:00+01:00,189,client_site,Hamburg,,DE,home,Frankfurt,,DE,home_return,,long_distance_train,,509.06,False,True,False
a0719268-2544-5498-a007-26ecb304cd56,be6f3d9a-713a-5a56-bd77-5b27feea6827,2026-04-02 07:18:00+01:00,2026-04-02 09:53:00+01:00,152,home,Frankfurt,,DE,client_site,Munich,,DE,business,,long_distance_train,,392.94,False,True,False
6b2e0310-3bce-53ab-a4d7-9dd3f9e1f80c,be6f3d9a-713a-5a56-bd77-5b27feea6827,2026-04-02 18:05:00+01:00,2026-04-02 20:38:00+01:00,152,client_site,Munich,,DE,home,Frankfurt,,DE,home_return,,long_distance_train,,392.89,False,True,False
ee4e531c-a109-567f-9d4b-aefa3ec6bb07,be6f3d9a-713a-5a56-bd77-5b27feea6827,2026-04-03 06:55:00+01:00,2026-04-03 10:01:00+01:00,182,home,Frankfurt,,DE,client_site,Hamburg,,DE,business,,long_distance_train,,487.0,False,True,False
5cbf18d6-2c4f-5b12-b8c3-5834ff3a24e4,be6f3d9a-713a-5a56-bd77-5b27feea6827,2026-04-03 11:00:00+01:00,2026-04-03 11:25:00+01:00,20,client_site,Hamburg,,DE,client_office,Hamburg,,DE,business,,public_transport,,6.7,False,True,False
0ea92dd4-77ef-514f-bb46-b2a0ad7c53fc,be6f3d9a-713a-5a56-bd77-5b27feea6827,2026-04-03 18:03:00+01:00,2026-04-03 21:13:00+01:00,185,client_site,Hamburg,,DE,home,Frankfurt,,DE,home_return,,long_distance_train,,487.27,False,True,False
0c314150-5507-541a-aa20-7a07e894f888,be6f3d9a-713a-5a56-bd77-5b27feea6827,2026-04-07 07:54:00+01:00,2026-04-07 08:40:00+01:00,42,home,Frankfurt,,DE,office,Offenbach,,DE,commute,,regional_train,,38.49,True,True,True
f1a653ee-67d5-5e3e-81a9-7fc59301900f,be6f3d9a-713a-5a56-bd77-5b27feea6827,2026-04-07 17:01:00+01:00,2026-04-07 17:48:00+01:00,42,office,Offenbach,,DE,home,Frankfurt,,DE,home_return,,regional_train,,38.4,True,True,True
0bccfa2e-c887-5d7e-8066-ea1dd9d55ce2,be6f3d9a-713a-5a56-bd77-5b27feea6827,2026-04-09 07:46:00+01:00,2026-04-09 08:28:00+01:00,41,home,Frankfurt,,DE,office,Offenbach,,DE,commute,,regional_train,,37.47,True,True,True
da83fcdd-a93f-5393-a821-9ac58931ea5d,be6f3d9a-713a-5a56-bd77-5b27feea6827,2026-04-09 17:07:00+01:00,2026-04-09 17:54:00+01:00,45,office,Offenbach,,DE,home,Frankfurt,,DE,home_return,,regional_train,,37.82,True,True,True
bdb4bc44-0e53-59a6-b366-5bb8dd9e7036,be6f3d9a-713a-5a56-bd77-5b27feea6827,2026-04-11 12:24:00+01:00,2026-04-11 12:44:00+01:00,16,home,Frankfurt,,DE,city_center,Frankfurt,,DE,leisure,,public_transport,,4.12,False,True,False
86ac7b83-4eb0-5f7e-a157-c1f9033afeb7,be6f3d9a-713a-5a56-bd77-5b27feea6827,2026-04-11 17:07:00+01:00,2026-04-11 17:25:00+01:00,17,city_center,Frankfurt,,DE,home,Frankfurt,,DE,home_return,,public_transport,,4.16,False,True,False
3eb1a6af-5f9f-5af8-ba66-c32022639a67,be6f3d9a-713a-5a56-bd77-5b27feea6827,2026-04-12 13:54:00+01:00,2026-04-12 14:15:00+01:00,19,home,Frankfurt,,DE,city_center,Frankfurt,,DE,leisure,,public_transport,,6.53,False,True,False
90d044f9-b76d-534b-970d-9a65fc34c384,be6f3d9a-713a-5a56-bd77-5b27feea6827,2026-04-12 17:13:00+01:00,2026-04-12 17:33:00+01:00,16,city_center,Frankfurt,,DE,home,Frankfurt,,DE,home_return,,public_transport,,6.29,False,True,False
291dc524-b026-561f-b547-e44c1663da73,be6f3d9a-713a-5a56-bd77-5b27feea6827,2026-04-14 07:01:00+01:00,2026-04-14 10:13:00+01:00,190,home,Frankfurt,,DE,client_site,Hamburg,,DE,business,,long_distance_train,,501.81,False,True,False
7002b188-3829-52b9-97e1-be43c932ef53,be6f3d9a-713a-5a56-bd77-5b27feea6827,2026-04-14 17:32:00+01:00,2026-04-14 20:47:00+01:00,190,client_site,Hamburg,,DE,home,Frankfurt,,DE,home_return,,long_distance_train,,501.78,False,True,False
4310e59e-7b38-5cbe-ac7f-457158845805,be6f3d9a-713a-5a56-bd77-5b27feea6827,2026-04-15 08:12:00+01:00,2026-04-15 08:55:00+01:00,40,home,Frankfurt,,DE,office,Offenbach,,DE,commute,,regional_train,,36.42,True,True,True
caed2dc9-0fa7-5e53-8e42-fd05e870cfe5,be6f3d9a-713a-5a56-bd77-5b27feea6827,2026-04-15 16:30:00+01:00,2026-04-15 17:15:00+01:00,42,office,Offenbach,,DE,home,Frankfurt,,DE,home_return,,regional_train,,36.65,True,True,True
27bdf601-2294-5d75-b2f6-5fbf0ec45005,be6f3d9a-713a-5a56-bd77-5b27feea6827,2026-04-16 06:40:00+01:00,2026-04-16 08:02:00+01:00,78,home,Frankfurt,,DE,client_site,Stuttgart,,DE,business,,long_distance_train,,199.58,False,True,False
30d4816f-40e8-5184-803b-b00f46532b43,be6f3d9a-713a-5a56-bd77-5b27feea6827,2026-04-16 17:34:00+01:00,2026-04-16 18:55:00+01:00,77,client_site,Stuttgart,,DE,home,Frankfurt,,DE,home_return,,long_distance_train,,199.45,False,True,False
a71848cc-e42c-55f0-ae82-84b9a77e3bc1,be6f3d9a-713a-5a56-bd77-5b27feea6827,2026-04-17 08:15:00+01:00,2026-04-17 09:04:00+01:00,45,home,Frankfurt,,DE,office,Offenbach,,DE,commute,,regional_train,,38.4,True,True,True
19711fe2-20d0-5fb1-8510-1725cfbf0fa4,be6f3d9a-713a-5a56-bd77-5b27feea6827,2026-04-17 16:48:00+01:00,2026-04-17 17:34:00+01:00,45,office,Offenbach,,DE,home,Frankfurt,,DE,home_return,,regional_train,,38.45,True,True,True
b279ee3b-026e-565d-9edf-e1ad4e5ff4b9,be6f3d9a-713a-5a56-bd77-5b27feea6827,2026-04-20 07:11:00+01:00,2026-04-20 09:43:00+01:00,151,home,Frankfurt,,DE,client_site,Munich,,DE,business,,long_distance_train,,394.95,False,True,False
4016c916-d2b4-5445-906b-86a2942afb12,be6f3d9a-713a-5a56-bd77-5b27feea6827,2026-04-20 11:23:00+01:00,2026-04-20 11:36:00+01:00,12,client_site,Munich,,DE,client_office,Munich,,DE,business,,public_transport,,3.43,False,True,False
e087770b-401c-5075-afcc-54cc4d5a6b6e,be6f3d9a-713a-5a56-bd77-5b27feea6827,2026-04-20 18:09:00+01:00,2026-04-20 20:45:00+01:00,152,client_site,Munich,,DE,home,Frankfurt,,DE,home_return,,long_distance_train,,395.09,False,True,False
68d9a745-74de-5483-977a-83f9e3e75c48,be6f3d9a-713a-5a56-bd77-5b27feea6827,2026-04-21 06:52:00+01:00,2026-04-21 08:14:00+01:00,81,home,Frankfurt,,DE,client_site,Cologne,,DE,business,,long_distance_train,,195.99,False,True,False
f942d8f7-b5f3-54f0-8240-e27d73d4ae2c,be6f3d9a-713a-5a56-bd77-5b27feea6827,2026-04-21 17:51:00+01:00,2026-04-21 19:11:00+01:00,78,client_site,Cologne,,DE,home,Frankfurt,,DE,home_return,,long_distance_train,,195.71,False,True,False
65b9512b-4bcb-5881-a2a5-2eea7485f28b,be6f3d9a-713a-5a56-bd77-5b27feea6827,2026-04-22 06:49:00+01:00,2026-04-22 09:17:00+01:00,146,home,Frankfurt,,DE,client_site,Munich,,DE,business,,long_distance_train,,388.41,False,True,False
09f426f2-eb7f-5236-a7e4-7528acdd4274,be6f3d9a-713a-5a56-bd77-5b27feea6827,2026-04-22 10:58:00+01:00,2026-04-22 11:18:00+01:00,18,client_site,Munich,,DE,client_office,Munich,,DE,business,,public_transport,,5.42,False,True,False
d7c8eff2-ceba-5aea-b612-06c6695919d8,be6f3d9a-713a-5a56-bd77-5b27feea6827,2026-04-22 17:48:00+01:00,2026-04-22 20:15:00+01:00,144,client_site,Munich,,DE,home,Frankfurt,,DE,home_return,,long_distance_train,,388.22,False,True,False
e3a05632-8ca3-5e13-ba08-e1a17f90b1ce,be6f3d9a-713a-5a56-bd77-5b27feea6827,2026-04-23 08:04:00+01:00,2026-04-23 08:49:00+01:00,42,home,Frankfurt,,DE,office,Offenbach,,DE,commute,,regional_train,,36.2,True,True,True
1230c13b-326e-539b-8743-35b537666a90,be6f3d9a-713a-5a56-bd77-5b27feea6827,2026-04-23 16:39:00+01:00,2026-04-23 17:22:00+01:00,42,office,Offenbach,,DE,home,Frankfurt,,DE,home_return,,regional_train,,36.18,True,True,True
30ff3c31-448b-5c65-aec0-0cb8a3d07781,be6f3d9a-713a-5a56-bd77-5b27feea6827,2026-04-26 13:20:00+01:00,2026-04-26 13:37:00+01:00,16,home,Frankfurt,,DE,city_center,Frankfurt,,DE,leisure,,public_transport,,3.78,False,True,False
b293f0a8-2378-509c-a694-d7ea6a2fda35,be6f3d9a-713a-5a56-bd77-5b27feea6827,2026-04-26 17:56:00+01:00,2026-04-26 18:14:00+01:00,14,city_center,Frankfurt,,DE,home,Frankfurt,,DE,home_return,,public_transport,,3.64,False,True,False
f773a0a4-1b5d-5b96-a28d-aebd137f902a,be6f3d9a-713a-5a56-bd77-5b27feea6827,2026-04-27 08:06:00+01:00,2026-04-27 08:53:00+01:00,43,home,Frankfurt,,DE,office,Offenbach,,DE,commute,,regional_train,,38.29,True,True,True
46af6504-a446-5079-9ca6-176b46d5a375,be6f3d9a-713a-5a56-bd77-5b27feea6827,2026-04-27 17:27:00+01:00,2026-04-27 18:12:00+01:00,42,office,Offenbach,,DE,home,Frankfurt,,DE,home_return,,regional_train,,38.3,True,True,True
b4d36d66-2766-5433-bb4e-9660103c92e3,be6f3d9a-713a-5a56-bd77-5b27feea6827,2026-04-29 07:50:00+01:00,2026-04-29 08:29:00+01:00,36,home,Frankfurt,,DE,office,Offenbach,,DE,commute,,regional_train,,32.92,True,True,True
fab19e9f-338f-523f-822e-13d637d45801,be6f3d9a-713a-5a56-bd77-5b27feea6827,2026-04-29 16:59:00+01:00,2026-04-29 17:45:00+01:00,44,office,Offenbach,,DE,home,Frankfurt,,DE,home_return,,regional_train,,33.59,True,True,True
533aa215-55d3-58a5-acb4-adaf21d0df98,be6f3d9a-713a-5a56-bd77-5b27feea6827,2026-04-30 07:05:00+01:00,2026-04-30 10:28:00+01:00,199,home,Frankfurt,,DE,client_site,Berlin,,DE,business,,long_distance_train,,532.75,False,True,False
f1a05757-f3f0-50ad-9d59-1ef3a453fb6e,be6f3d9a-713a-5a56-bd77-5b27feea6827,2026-04-30 10:50:00+01:00,2026-04-30 11:07:00+01:00,12,client_site,Berlin,,DE,client_office,Berlin,,DE,business,,public_transport,,4.03,False,True,False
d76753c8-01dc-5ab6-a2fb-16bf97de8ffa,be6f3d9a-713a-5a56-bd77-5b27feea6827,2026-04-30 17:43:00+01:00,2026-04-30 21:07:00+01:00,199,client_site,Berlin,,DE,home,Frankfurt,,DE,home_return,,long_distance_train,,532.78,False,True,False
1394ac82-6a1d-5e25-8a48-cc956fe0f89f,be6f3d9a-713a-5a56-bd77-5b27feea6827,2026-05-04 08:02:00+01:00,2026-05-04 08:47:00+01:00,40,home,Frankfurt,,DE,office,Offenbach,,DE,commute,,regional_train,,35.37,True,True,True
8b8ff449-89ae-5909-bc43-882f23b17347,be6f3d9a-713a-5a56-bd77-5b27feea6827,2026-05-04 16:42:00+01:00,2026-05-04 17:27:00+01:00,43,office,Offenbach,,DE,home,Frankfurt,,DE,home_return,,regional_train,,35.57,True,True,True
aef03e93-acd8-51d3-b118-e7ef1c298c43,be6f3d9a-713a-5a56-bd77-5b27feea6827,2026-05-05 07:45:00+01:00,2026-05-05 08:31:00+01:00,44,home,Frankfurt,,DE,office,Offenbach,,DE,commute,,regional_train,,40.31,True,True,True
786077a8-a73c-5c83-a774-5754f2457589,be6f3d9a-713a-5a56-bd77-5b27feea6827,2026-05-05 17:17:00+01:00,2026-05-05 18:08:00+01:00,47,office,Offenbach,,DE,home,Frankfurt,,DE,home_return,,regional_train,,40.59,True,True,True
84703556-40b1-5dcc-9a25-c21bbb28b8eb,be6f3d9a-713a-5a56-bd77-5b27feea6827,2026-05-06 07:52:00+01:00,2026-05-06 08:33:00+01:00,37,home,Frankfurt,,DE,office,Offenbach,,DE,commute,,regional_train,,33.65,True,True,True
f14107aa-d530-5256-9ee3-31ed2bb28e2a,be6f3d9a-713a-5a56-bd77-5b27feea6827,2026-05-06 17:29:00+01:00,2026-05-06 18:11:00+01:00,41,office,Offenbach,,DE,home,Frankfurt,,DE,home_return,,regional_train,,33.95,True,True,True
ce94bced-e7a7-59b8-b8a2-fbc31810c8ad,be6f3d9a-713a-5a56-bd77-5b27feea6827,2026-05-07 08:12:00+01:00,2026-05-07 08:48:00+01:00,35,home,Frankfurt,,DE,office,Offenbach,,DE,commute,,regional_train,,30.5,True,True,True
a0583b04-6cde-5c75-b138-cb6653d594f6,be6f3d9a-713a-5a56-bd77-5b27feea6827,2026-05-07 17:27:00+01:00,2026-05-07 18:06:00+01:00,37,office,Offenbach,,DE,home,Frankfurt,,DE,home_return,,regional_train,,30.66,True,True,True
d4e75014-ed0b-58d8-a839-2f1ec5e82318,be6f3d9a-713a-5a56-bd77-5b27feea6827,2026-05-08 07:17:00+01:00,2026-05-08 08:42:00+01:00,82,home,Frankfurt,,DE,client_site,Cologne,,DE,business,,long_distance_train,,198.64,False,True,False
0f79ecf9-e78d-50aa-92c0-26e87ee7681f,be6f3d9a-713a-5a56-bd77-5b27feea6827,2026-05-08 11:05:00+01:00,2026-05-08 11:23:00+01:00,16,client_site,Cologne,,DE,client_office,Cologne,,DE,business,,public_transport,,3.32,False,True,False
eb5f8f7d-0154-5ac2-bde5-8b1ad4fc3cec,be6f3d9a-713a-5a56-bd77-5b27feea6827,2026-05-08 18:04:00+01:00,2026-05-08 19:29:00+01:00,80,client_site,Cologne,,DE,home,Frankfurt,,DE,home_return,,long_distance_train,,198.56,False,True,False
2b54e491-a05a-5b89-8d32-831b3c6fdfb3,be6f3d9a-713a-5a56-bd77-5b27feea6827,2026-05-13 06:42:00+01:00,2026-05-13 08:05:00+01:00,79,home,Frankfurt,,DE,client_site,Stuttgart,,DE,business,,long_distance_train,,196.52,False,True,False
008bdb54-64fa-5f05-b2ec-fc64e445eb1c,be6f3d9a-713a-5a56-bd77-5b27feea6827,2026-05-13 18:07:00+01:00,2026-05-13 19:32:00+01:00,81,client_site,Stuttgart,,DE,home,Frankfurt,,DE,home_return,,long_distance_train,,196.74,False,True,False
29de41bc-44a5-503a-a556-65574de12dd5,be6f3d9a-713a-5a56-bd77-5b27feea6827,2026-05-14 07:16:00+01:00,2026-05-14 09:55:00+01:00,158,home,Frankfurt,,DE,client_site,Munich,,DE,business,,long_distance_train,,411.33,False,True,False
e716fae5-d0b7-552e-930f-07b44885b73d,be6f3d9a-713a-5a56-bd77-5b27feea6827,2026-05-14 10:49:00+01:00,2026-05-14 11:09:00+01:00,19,client_site,Munich,,DE,client_office,Munich,,DE,business,,public_transport,,3.67,False,True,False
c6b97c7e-9147-5eda-bca6-5eebeaf58a13,be6f3d9a-713a-5a56-bd77-5b27feea6827,2026-05-14 18:20:00+01:00,2026-05-14 20:57:00+01:00,154,client_site,Munich,,DE,home,Frankfurt,,DE,home_return,,long_distance_train,,411.04,False,True,False
b940f728-ecaa-54d3-8053-2e0b134b9214,be6f3d9a-713a-5a56-bd77-5b27feea6827,2026-05-20 08:01:00+01:00,2026-05-20 08:46:00+01:00,42,home,Frankfurt,,DE,office,Offenbach,,DE,commute,,regional_train,,35.91,True,True,True
dddced5d-34e8-5f4d-82f9-0989dc955324,be6f3d9a-713a-5a56-bd77-5b27feea6827,2026-05-20 16:33:00+01:00,2026-05-20 17:19:00+01:00,43,office,Offenbach,,DE,home,Frankfurt,,DE,home_return,,regional_train,,36.0,True,True,True
48f371fd-4557-5da2-9daf-eb941c618c2a,be6f3d9a-713a-5a56-bd77-5b27feea6827,2026-05-21 08:09:00+01:00,2026-05-21 08:57:00+01:00,45,home,Frankfurt,,DE,office,Offenbach,,DE,commute,,regional_train,,38.5,True,True,True
28067931-bf7b-5a41-b6a8-55997c64984d,be6f3d9a-713a-5a56-bd77-5b27feea6827,2026-05-21 16:38:00+01:00,2026-05-21 17:26:00+01:00,47,office,Offenbach,,DE,home,Frankfurt,,DE,home_return,,regional_train,,38.68,True,True,True
5b446cca-92e0-5a23-879e-4801798d4748,be6f3d9a-713a-5a56-bd77-5b27feea6827,2026-05-22 07:10:00+01:00,2026-05-22 08:33:00+01:00,80,home,Frankfurt,,DE,client_site,Stuttgart,,DE,business,,long_distance_train,,198.56,False,True,False
1d017228-db44-5178-8c14-e7ed4615fba3,be6f3d9a-713a-5a56-bd77-5b27feea6827,2026-05-22 11:24:00+01:00,2026-05-22 11:43:00+01:00,16,client_site,Stuttgart,,DE,client_office,Stuttgart,,DE,business,,public_transport,,5.82,False,True,False
9624de82-76fb-5de4-9592-7f4df5f7f078,be6f3d9a-713a-5a56-bd77-5b27feea6827,2026-05-22 17:52:00+01:00,2026-05-22 19:16:00+01:00,80,client_site,Stuttgart,,DE,home,Frankfurt,,DE,home_return,,long_distance_train,,198.6,False,True,False
200a4799-3421-5559-809c-58f1158d030f,be6f3d9a-713a-5a56-bd77-5b27feea6827,2026-05-23 13:25:00+01:00,2026-05-23 13:46:00+01:00,18,home,Frankfurt,,DE,city_center,Frankfurt,,DE,leisure,,public_transport,,4.81,False,True,False
efb55b8b-5906-51f2-8bef-3f96269fe281,be6f3d9a-713a-5a56-bd77-5b27feea6827,2026-05-23 17:54:00+01:00,2026-05-23 18:11:00+01:00,16,city_center,Frankfurt,,DE,home,Frankfurt,,DE,home_return,,public_transport,,4.62,False,True,False
46c78b94-7650-5c11-8603-8016b937b3c5,be6f3d9a-713a-5a56-bd77-5b27feea6827,2026-05-24 13:13:00+01:00,2026-05-24 13:28:00+01:00,14,home,Frankfurt,,DE,city_center,Frankfurt,,DE,leisure,,public_transport,,3.01,False,True,False
fb45a780-b944-5716-88db-669b164bbbe8,be6f3d9a-713a-5a56-bd77-5b27feea6827,2026-05-24 16:01:00+01:00,2026-05-24 16:18:00+01:00,12,city_center,Frankfurt,,DE,home,Frankfurt,,DE,home_return,,public_transport,,2.87,False,True,False
7781206e-44c7-5764-bfd4-b5c62c50ee5b,be6f3d9a-713a-5a56-bd77-5b27feea6827,2026-05-28 08:14:00+01:00,2026-05-28 08:52:00+01:00,37,home,Frankfurt,,DE,office,Offenbach,,DE,commute,,regional_train,,31.93,True,True,True
2dad03d9-0b8c-515e-9eb7-84c35f5670b2,be6f3d9a-713a-5a56-bd77-5b27feea6827,2026-05-28 16:35:00+01:00,2026-05-28 17:14:00+01:00,37,office,Offenbach,,DE,home,Frankfurt,,DE,home_return,,regional_train,,32.01,True,True,True
07023b93-35f7-531c-a58a-ec0d67b125da,be6f3d9a-713a-5a56-bd77-5b27feea6827,2026-05-29 07:51:00+01:00,2026-05-29 08:36:00+01:00,41,home,Frankfurt,,DE,office,Offenbach,,DE,commute,,regional_train,,37.04,True,True,True
f6801e0b-7cf2-5826-bd39-6d66e7fd8fbc,be6f3d9a-713a-5a56-bd77-5b27feea6827,2026-05-29 16:41:00+01:00,2026-05-29 17:32:00+01:00,46,office,Offenbach,,DE,home,Frankfurt,,DE,home_return,,regional_train,,37.36,True,True,True
cd5042ac-5d63-5bb1-af85-7c0efdd67775,be6f3d9a-713a-5a56-bd77-5b27feea6827,2026-05-30 12:00:00+01:00,2026-05-30 12:18:00+01:00,15,home,Frankfurt,,DE,city_center,Frankfurt,,DE,leisure,,public_transport,,3.55,False,True,False
12817750-8123-5e5a-98ed-9101cf156f09,be6f3d9a-713a-5a56-bd77-5b27feea6827,2026-05-30 17:09:00+01:00,2026-05-30 17:24:00+01:00,14,city_center,Frankfurt,,DE,home,Frankfurt,,DE,home_return,,public_transport,,3.46,False,True,False
a25f6fa4-dbc7-5ae0-ad66-77ddcc8a7ac1,be6f3d9a-713a-5a56-bd77-5b27feea6827,2026-05-31 12:41:00+01:00,2026-05-31 12:58:00+01:00,13,home,Frankfurt,,DE,city_center,Frankfurt,,DE,leisure,,public_transport,,3.44,False,True,False
47eaf174-8d54-5363-b288-cf39c5e9e0ea,be6f3d9a-713a-5a56-bd77-5b27feea6827,2026-05-31 17:15:00+01:00,2026-05-31 17:30:00+01:00,12,city_center,Frankfurt,,DE,home,Frankfurt,,DE,home_return,,public_transport,,3.35,False,True,False
e89fc816-145d-5c89-8916-4405b2b9ee3c,be6f3d9a-713a-5a56-bd77-5b27feea6827,2026-06-01 07:13:00+01:00,2026-06-01 10:47:00+01:00,211,home,Frankfurt,,DE,client_site,Berlin,,DE,business,,long_distance_train,,561.77,False,True,False
69e2d7bf-e6f2-5b0b-94a1-b149c28dddad,be6f3d9a-713a-5a56-bd77-5b27feea6827,2026-06-01 11:01:00+01:00,2026-06-01 11:23:00+01:00,17,client_site,Berlin,,DE,client_office,Berlin,,DE,business,,public_transport,,3.19,False,True,False
e2b064c9-302a-5f24-a7ae-addcc2816ad8,be6f3d9a-713a-5a56-bd77-5b27feea6827,2026-06-01 17:57:00+01:00,2026-06-01 21:30:00+01:00,209,client_site,Berlin,,DE,home,Frankfurt,,DE,home_return,,long_distance_train,,561.61,False,True,False
c2c7e0c9-98c5-5e1a-9d35-df59edaf7ab1,be6f3d9a-713a-5a56-bd77-5b27feea6827,2026-06-02 08:14:00+01:00,2026-06-02 09:04:00+01:00,45,home,Frankfurt,,DE,office,Offenbach,,DE,commute,,regional_train,,36.88,True,True,True
17736240-9d0d-5e5a-90d5-e92259dcc57b,be6f3d9a-713a-5a56-bd77-5b27feea6827,2026-06-02 16:34:00+01:00,2026-06-02 17:21:00+01:00,44,office,Offenbach,,DE,home,Frankfurt,,DE,home_return,,regional_train,,36.8,True,True,True
4e6e2167-ab40-5a0f-8ba6-b8bf008274a9,be6f3d9a-713a-5a56-bd77-5b27feea6827,2026-06-06 12:05:00+01:00,2026-06-06 12:24:00+01:00,15,home,Frankfurt,,DE,city_center,Frankfurt,,DE,leisure,,public_transport,,4.99,False,True,False
15d2d2f4-0d9c-5dac-8dd6-fe859331d994,be6f3d9a-713a-5a56-bd77-5b27feea6827,2026-06-06 17:41:00+01:00,2026-06-06 18:06:00+01:00,21,city_center,Frankfurt,,DE,home,Frankfurt,,DE,home_return,,public_transport,,5.44,False,True,False
38284407-14f5-5341-9947-654c46291dbf,be6f3d9a-713a-5a56-bd77-5b27feea6827,2026-06-08 06:41:00+01:00,2026-06-08 08:10:00+01:00,85,home,Frankfurt,,DE,client_site,Stuttgart,,DE,business,,long_distance_train,,203.48,False,True,False
fd340432-763e-5cb7-8a09-3ab358a098a2,be6f3d9a-713a-5a56-bd77-5b27feea6827,2026-06-08 17:55:00+01:00,2026-06-08 19:16:00+01:00,79,client_site,Stuttgart,,DE,home,Frankfurt,,DE,home_return,,long_distance_train,,202.99,False,True,False
a8059709-ca6d-5fc0-b190-80d643f70bdf,be6f3d9a-713a-5a56-bd77-5b27feea6827,2026-06-09 08:00:00+01:00,2026-06-09 08:37:00+01:00,36,home,Frankfurt,,DE,office,Offenbach,,DE,commute,,regional_train,,30.65,True,True,True
f1854edc-c0fc-581a-a17d-969e6ed33abc,be6f3d9a-713a-5a56-bd77-5b27feea6827,2026-06-09 16:40:00+01:00,2026-06-09 17:23:00+01:00,38,office,Offenbach,,DE,home,Frankfurt,,DE,home_return,,regional_train,,30.81,True,True,True
6f5494ea-bb17-5836-b583-00a37c6b991b,be6f3d9a-713a-5a56-bd77-5b27feea6827,2026-06-10 07:07:00+01:00,2026-06-10 08:33:00+01:00,82,home,Frankfurt,,DE,client_site,Cologne,,DE,business,,long_distance_train,,195.38,False,True,False
2d100526-d5ba-5aaf-89cd-34b2422aca0f,be6f3d9a-713a-5a56-bd77-5b27feea6827,2026-06-10 10:34:00+01:00,2026-06-10 10:59:00+01:00,20,client_site,Cologne,,DE,client_office,Cologne,,DE,business,,public_transport,,6.6,False,True,False
80e48ef5-db3f-5f18-81fc-bc9cb54a663f,be6f3d9a-713a-5a56-bd77-5b27feea6827,2026-06-10 17:45:00+01:00,2026-06-10 19:05:00+01:00,78,client_site,Cologne,,DE,home,Frankfurt,,DE,home_return,,long_distance_train,,195.02,False,True,False
73b5b62a-67c6-524c-b742-2f26f2b15b24,be6f3d9a-713a-5a56-bd77-5b27feea6827,2026-06-11 07:01:00+01:00,2026-06-11 10:34:00+01:00,209,home,Frankfurt,,DE,client_site,Berlin,,DE,business,,long_distance_train,,556.12,False,True,False
30b34a56-29b1-5295-ace3-b4d112022bec,be6f3d9a-713a-5a56-bd77-5b27feea6827,2026-06-11 10:51:00+01:00,2026-06-11 11:10:00+01:00,17,client_site,Berlin,,DE,client_office,Berlin,,DE,business,,public_transport,,4.97,False,True,False
3afc0893-fa8c-5bb9-89db-253fc0a7eb3d,be6f3d9a-713a-5a56-bd77-5b27feea6827,2026-06-11 18:00:00+01:00,2026-06-11 21:31:00+01:00,207,client_site,Berlin,,DE,home,Frankfurt,,DE,home_return,,long_distance_train,,555.89,False,True,False
fa46f2f1-361d-5b43-9cae-6ede3aade87f,be6f3d9a-713a-5a56-bd77-5b27feea6827,2026-06-16 08:10:00+01:00,2026-06-16 08:52:00+01:00,40,home,Frankfurt,,DE,office,Offenbach,,DE,commute,,regional_train,,34.2,True,True,True
61be915a-ceec-5ad7-8b50-d8398ea8b46b,be6f3d9a-713a-5a56-bd77-5b27feea6827,2026-06-16 17:20:00+01:00,2026-06-16 18:05:00+01:00,43,office,Offenbach,,DE,home,Frankfurt,,DE,home_return,,regional_train,,34.4,True,True,True
0c639c21-01e4-5072-8b31-d8c3ce061a25,be6f3d9a-713a-5a56-bd77-5b27feea6827,2026-06-18 06:41:00+01:00,2026-06-18 08:06:00+01:00,81,home,Frankfurt,,DE,client_site,Cologne,,DE,business,,long_distance_train,,190.48,False,True,False
79b21d24-b282-5906-8cf2-2d189e0af983,be6f3d9a-713a-5a56-bd77-5b27feea6827,2026-06-18 17:35:00+01:00,2026-06-18 18:54:00+01:00,76,client_site,Cologne,,DE,home,Frankfurt,,DE,home_return,,long_distance_train,,190.05,False,True,False
1e37fff2-ace5-538e-8e71-c900ae443330,be6f3d9a-713a-5a56-bd77-5b27feea6827,2026-06-19 08:07:00+01:00,2026-06-19 08:53:00+01:00,45,home,Frankfurt,,DE,office,Offenbach,,DE,commute,,regional_train,,38.76,True,True,True
89df8a3e-5309-5911-ba68-7b9bea428d58,be6f3d9a-713a-5a56-bd77-5b27feea6827,2026-06-19 16:44:00+01:00,2026-06-19 17:32:00+01:00,43,office,Offenbach,,DE,home,Frankfurt,,DE,home_return,,regional_train,,38.55,True,True,True
ca027ebc-bad8-5698-a699-f51aab3b77e2,be6f3d9a-713a-5a56-bd77-5b27feea6827,2026-06-20 12:40:00+01:00,2026-06-20 12:57:00+01:00,12,home,Frankfurt,,DE,city_center,Frankfurt,,DE,leisure,,public_transport,,3.71,False,True,False
716132b4-7547-5f4d-9cb4-74f9034b2a41,be6f3d9a-713a-5a56-bd77-5b27feea6827,2026-06-20 17:43:00+01:00,2026-06-20 18:05:00+01:00,17,city_center,Frankfurt,,DE,home,Frankfurt,,DE,home_return,,public_transport,,4.12,False,True,False
ef21316c-08c7-5bff-9e21-82577fb4e03f,be6f3d9a-713a-5a56-bd77-5b27feea6827,2026-06-21 13:53:00+01:00,2026-06-21 14:11:00+01:00,15,home,Frankfurt,,DE,city_center,Frankfurt,,DE,leisure,,public_transport,,3.02,False,True,False
039ccada-6c56-55d1-87d5-5349de5e42d7,be6f3d9a-713a-5a56-bd77-5b27feea6827,2026-06-21 16:48:00+01:00,2026-06-21 17:04:00+01:00,15,city_center,Frankfurt,,DE,home,Frankfurt,,DE,home_return,,public_transport,,3.05,False,True,False
02753724-238e-5622-b698-d1f574387fd9,be6f3d9a-713a-5a56-bd77-5b27feea6827,2026-06-22 07:06:00+01:00,2026-06-22 10:24:00+01:00,196,home,Frankfurt,,DE,client_site,Berlin,,DE,business,,long_distance_train,,522.76,False,True,False
55fef3bd-6b79-5cad-84f5-2f376b625b10,be6f3d9a-713a-5a56-bd77-5b27feea6827,2026-06-22 10:58:00+01:00,2026-06-22 11:14:00+01:00,13,client_site,Berlin,,DE,client_office,Berlin,,DE,business,,public_transport,,3.22,False,True,False
66283f52-8878-51ab-a5c0-4d54cae3a228,be6f3d9a-713a-5a56-bd77-5b27feea6827,2026-06-22 17:42:00+01:00,2026-06-22 21:00:00+01:00,196,client_site,Berlin,,DE,home,Frankfurt,,DE,home_return,,long_distance_train,,522.8,False,True,False
28292fc1-fd0e-5bfd-9047-5e43664a0fb3,be6f3d9a-713a-5a56-bd77-5b27feea6827,2026-06-23 07:55:00+01:00,2026-06-23 08:36:00+01:00,38,home,Frankfurt,,DE,office,Offenbach,,DE,commute,,regional_train,,31.18,True,True,True
4e10b48f-7ce9-5e2c-a2ee-53106fab3973,be6f3d9a-713a-5a56-bd77-5b27feea6827,2026-06-23 16:54:00+01:00,2026-06-23 17:34:00+01:00,37,office,Offenbach,,DE,home,Frankfurt,,DE,home_return,,regional_train,,31.11,True,True,True
e02bc101-8cf4-59f4-b859-e57540837df0,be6f3d9a-713a-5a56-bd77-5b27feea6827,2026-06-25 07:16:00+01:00,2026-06-25 10:40:00+01:00,202,home,Frankfurt,,DE,client_site,Berlin,,DE,business,,long_distance_train,,539.16,False,True,False
e6a0d9ec-6c5e-54d7-a3fe-f5c5a141ddf1,be6f3d9a-713a-5a56-bd77-5b27feea6827,2026-06-25 17:38:00+01:00,2026-06-25 21:00:00+01:00,200,client_site,Berlin,,DE,home,Frankfurt,,DE,home_return,,long_distance_train,,539.01,False,True,False
6cb37cbf-57a8-558c-a487-57eb0aeb526d,be6f3d9a-713a-5a56-bd77-5b27feea6827,2026-06-26 07:55:00+01:00,2026-06-26 08:36:00+01:00,36,home,Frankfurt,,DE,office,Offenbach,,DE,commute,,regional_train,,31.22,True,True,True
48b019d1-57f2-5975-a45d-66b464f43ec4,be6f3d9a-713a-5a56-bd77-5b27feea6827,2026-06-26 16:56:00+01:00,2026-06-26 17:35:00+01:00,37,office,Offenbach,,DE,home,Frankfurt,,DE,home_return,,regional_train,,31.38,True,True,True
1dcd36d9-e5ed-5a32-817e-fa2db0898340,be6f3d9a-713a-5a56-bd77-5b27feea6827,2026-06-27 12:20:00+01:00,2026-06-27 12:38:00+01:00,15,home,Frankfurt,,DE,city_center,Frankfurt,,DE,leisure,,public_transport,,3.65,False,True,False
28496012-9d13-579a-9f5c-4c0ce7af9246,be6f3d9a-713a-5a56-bd77-5b27feea6827,2026-06-27 16:07:00+01:00,2026-06-27 16:24:00+01:00,16,city_center,Frankfurt,,DE,home,Frankfurt,,DE,home_return,,public_transport,,3.68,False,True,False
18f9b8b4-d485-5f98-a4cb-9c6db58d69f9,be6f3d9a-713a-5a56-bd77-5b27feea6827,2026-06-29 08:15:00+01:00,2026-06-29 09:05:00+01:00,45,home,Frankfurt,,DE,office,Offenbach,,DE,commute,,regional_train,,38.59,True,True,True
d0de0aaf-84c7-5172-94f6-004a4334ceeb,be6f3d9a-713a-5a56-bd77-5b27feea6827,2026-06-29 16:54:00+01:00,2026-06-29 17:40:00+01:00,45,office,Offenbach,,DE,home,Frankfurt,,DE,home_return,,regional_train,,38.58,True,True,True
eabdaa2c-073a-5c25-ac19-e9ac47c48be7,d90794d2-efac-5b8d-b1cd-01244a890cb2,2024-07-01 09:15:00+01:00,2024-07-01 09:33:00+01:00,17,home,Cologne,,DE,office,Cologne,,DE,commute,,public_transport,,5.84,True,True,True
8b680bfe-ed96-5e99-95f5-c2e5b33c593d,d90794d2-efac-5b8d-b1cd-01244a890cb2,2024-07-01 15:32:00+01:00,2024-07-01 15:51:00+01:00,18,office,Cologne,,DE,home,Cologne,,DE,home_return,,public_transport,,5.91,True,True,True
aa1ccd27-3131-5379-bbbb-51f78e99e2c7,d90794d2-efac-5b8d-b1cd-01244a890cb2,2024-07-01 13:02:00+01:00,2024-07-01 13:15:00+01:00,13,home,Cologne,,DE,shops,Cologne,,DE,errands,,e_scooter,,3.2,False,False,False
b7279259-2235-54b3-83cd-740fc3b49e60,d90794d2-efac-5b8d-b1cd-01244a890cb2,2024-07-02 09:04:00+01:00,2024-07-02 09:27:00+01:00,18,home,Cologne,,DE,office,Cologne,,DE,commute,,public_transport,,6.24,True,True,True
a68afdcd-597f-5a3f-96f8-13246d71d55f,d90794d2-efac-5b8d-b1cd-01244a890cb2,2024-07-02 16:05:00+01:00,2024-07-02 16:26:00+01:00,19,office,Cologne,,DE,home,Cologne,,DE,home_return,,public_transport,,6.34,True,True,True
fdb71cf8-9b45-5863-9304-a4196ce1779b,d90794d2-efac-5b8d-b1cd-01244a890cb2,2024-07-03 08:55:00+01:00,2024-07-03 09:16:00+01:00,20,home,Cologne,,DE,office,Cologne,,DE,commute,,public_transport,,7.41,True,True,True
52e5b5e9-e49b-5d34-89f7-f80cad65b7e7,d90794d2-efac-5b8d-b1cd-01244a890cb2,2024-07-03 16:11:00+01:00,2024-07-03 16:33:00+01:00,20,office,Cologne,,DE,home,Cologne,,DE,home_return,,public_transport,,7.5,True,True,True
02f3affd-5c98-5e39-8826-9275a7ca4278,d90794d2-efac-5b8d-b1cd-01244a890cb2,2024-07-03 13:17:00+01:00,2024-07-03 13:29:00+01:00,12,home,Cologne,,DE,shops,Cologne,,DE,errands,,e_scooter,,3.0,False,False,False
3f471dfb-719e-5188-860b-ed537afb48ae,d90794d2-efac-5b8d-b1cd-01244a890cb2,2024-07-04 09:17:00+01:00,2024-07-04 09:43:00+01:00,24,home,Cologne,,DE,office,Cologne,,DE,commute,,public_transport,,7.55,True,True,True
99cd3ebb-05d9-5298-bb16-e26f4a00c197,d90794d2-efac-5b8d-b1cd-01244a890cb2,2024-07-04 16:22:00+01:00,2024-07-04 16:45:00+01:00,21,office,Cologne,,DE,home,Cologne,,DE,home_return,,public_transport,,7.29,True,True,True
82a0b5df-0b4e-5f18-bada-d7dfe5650bed,d90794d2-efac-5b8d-b1cd-01244a890cb2,2024-07-05 08:49:00+01:00,2024-07-05 09:11:00+01:00,19,home,Cologne,,DE,office,Cologne,,DE,commute,,public_transport,,6.83,True,True,True
f3a43437-4659-5103-9b29-00aebbb1f602,d90794d2-efac-5b8d-b1cd-01244a890cb2,2024-07-05 16:30:00+01:00,2024-07-05 16:57:00+01:00,23,office,Cologne,,DE,home,Cologne,,DE,home_return,,public_transport,,7.1,True,True,True
acafb59f-65df-5f1f-9046-315672441071,d90794d2-efac-5b8d-b1cd-01244a890cb2,2024-07-06 12:11:00+01:00,2024-07-06 12:22:00+01:00,11,home,Cologne,,DE,friend's place,Cologne,,DE,social,,e_scooter,,2.7,False,False,False
842bf386-43d5-542d-a3f1-2eabcb29901b,d90794d2-efac-5b8d-b1cd-01244a890cb2,2024-07-08 08:30:00+01:00,2024-07-08 08:52:00+01:00,21,home,Cologne,,DE,office,Cologne,,DE,commute,,public_transport,,6.32,True,True,True
3f931999-4c89-5f4e-907d-3deb78dd8d24,d90794d2-efac-5b8d-b1cd-01244a890cb2,2024-07-08 16:29:00+01:00,2024-07-08 16:55:00+01:00,21,office,Cologne,,DE,home,Cologne,,DE,home_return,,public_transport,,6.25,True,True,True
409a4ee1-de66-5df2-91ae-d9ceb586c7dd,d90794d2-efac-5b8d-b1cd-01244a890cb2,2024-07-08 13:11:00+01:00,2024-07-08 13:19:00+01:00,8,home,Cologne,,DE,shops,Cologne,,DE,errands,,e_scooter,,1.9,False,False,False
41534a97-7fee-5722-80d7-00cbce11c587,d90794d2-efac-5b8d-b1cd-01244a890cb2,2024-07-10 08:31:00+01:00,2024-07-10 08:49:00+01:00,17,home,Cologne,,DE,office,Cologne,,DE,commute,,public_transport,,6.38,True,True,True
cf22ff3d-355a-5956-8dea-b92efd3d8730,d90794d2-efac-5b8d-b1cd-01244a890cb2,2024-07-10 15:46:00+01:00,2024-07-10 16:08:00+01:00,20,office,Cologne,,DE,home,Cologne,,DE,home_return,,public_transport,,6.67,True,True,True
fa8dc2db-d393-5396-b4b2-00b7da2135df,d90794d2-efac-5b8d-b1cd-01244a890cb2,2024-07-13 12:32:00+01:00,2024-07-13 12:39:00+01:00,7,home,Cologne,,DE,friend's place,Cologne,,DE,social,,e_scooter,,1.8,False,False,False
50cc3f10-05da-5d2c-b4f0-80220390617a,d90794d2-efac-5b8d-b1cd-01244a890cb2,2024-07-15 09:00:00+01:00,2024-07-15 09:22:00+01:00,20,home,Cologne,,DE,office,Cologne,,DE,commute,,public_transport,,7.08,True,True,True
4911f81b-fd86-5e6f-a174-72099cb29e9d,d90794d2-efac-5b8d-b1cd-01244a890cb2,2024-07-15 16:13:00+01:00,2024-07-15 16:37:00+01:00,20,office,Cologne,,DE,home,Cologne,,DE,home_return,,public_transport,,7.11,True,True,True
049ae8d6-1145-5172-bc73-ca0791113772,d90794d2-efac-5b8d-b1cd-01244a890cb2,2024-07-17 09:19:00+01:00,2024-07-17 09:41:00+01:00,18,home,Cologne,,DE,office,Cologne,,DE,commute,,public_transport,,5.97,True,True,True
cf6ff6ba-65bd-5ab0-8da3-fb3f707d2de3,d90794d2-efac-5b8d-b1cd-01244a890cb2,2024-07-17 15:47:00+01:00,2024-07-17 16:05:00+01:00,16,office,Cologne,,DE,home,Cologne,,DE,home_return,,public_transport,,5.81,True,True,True
67aa6277-bea7-51de-a345-f14e514cde06,d90794d2-efac-5b8d-b1cd-01244a890cb2,2024-07-18 09:25:00+01:00,2024-07-18 09:53:00+01:00,23,home,Cologne,,DE,office,Cologne,,DE,commute,,public_transport,,7.39,True,True,True
6a5dfc9a-9de1-5b57-9bd2-e00f271b84e7,d90794d2-efac-5b8d-b1cd-01244a890cb2,2024-07-18 16:01:00+01:00,2024-07-18 16:22:00+01:00,20,office,Cologne,,DE,home,Cologne,,DE,home_return,,public_transport,,7.07,True,True,True
8257e48a-13fb-5311-8b45-a57070d81735,d90794d2-efac-5b8d-b1cd-01244a890cb2,2024-07-18 13:22:00+01:00,2024-07-18 13:30:00+01:00,8,home,Cologne,,DE,shops,Cologne,,DE,errands,,e_scooter,,1.9,False,False,False
fa0ed7fa-b680-572d-ab8b-1ff5ee84378a,d90794d2-efac-5b8d-b1cd-01244a890cb2,2024-07-19 08:53:00+01:00,2024-07-19 09:17:00+01:00,21,home,Cologne,,DE,office,Cologne,,DE,commute,,public_transport,,7.2,True,True,True
42aa27a7-e40f-5cb5-9a61-cff9a1b5d3e2,d90794d2-efac-5b8d-b1cd-01244a890cb2,2024-07-19 15:52:00+01:00,2024-07-19 16:15:00+01:00,20,office,Cologne,,DE,home,Cologne,,DE,home_return,,public_transport,,7.11,True,True,True
9b509100-5793-535e-8274-3cebe6ee0711,d90794d2-efac-5b8d-b1cd-01244a890cb2,2024-07-20 12:36:00+01:00,2024-07-20 12:50:00+01:00,14,home,Cologne,,DE,friend's place,Cologne,,DE,social,,e_scooter,,3.5,False,False,False
b78ba944-5996-5628-bc14-3a07d78039b1,d90794d2-efac-5b8d-b1cd-01244a890cb2,2024-07-22 08:38:00+01:00,2024-07-22 09:00:00+01:00,18,home,Cologne,,DE,office,Cologne,,DE,commute,,public_transport,,6.28,True,True,True
1fad00fa-c5a1-59c4-af05-d99795fbb730,d90794d2-efac-5b8d-b1cd-01244a890cb2,2024-07-22 16:04:00+01:00,2024-07-22 16:21:00+01:00,16,office,Cologne,,DE,home,Cologne,,DE,home_return,,public_transport,,6.17,True,True,True
ba54c1d7-e3dd-56d7-b6a8-958b79a7e215,d90794d2-efac-5b8d-b1cd-01244a890cb2,2024-07-24 09:17:00+01:00,2024-07-24 09:42:00+01:00,23,home,Cologne,,DE,office,Cologne,,DE,commute,,public_transport,,7.35,True,True,True
92ba6174-8c48-55f1-b560-b861140fa13d,d90794d2-efac-5b8d-b1cd-01244a890cb2,2024-07-24 16:20:00+01:00,2024-07-24 16:43:00+01:00,22,office,Cologne,,DE,home,Cologne,,DE,home_return,,public_transport,,7.25,True,True,True
30dc7556-8512-5ca0-b48d-47913c69224f,d90794d2-efac-5b8d-b1cd-01244a890cb2,2024-07-27 13:00:00+01:00,2024-07-27 13:12:00+01:00,12,home,Cologne,,DE,friend's place,Cologne,,DE,social,,e_scooter,,2.9,False,False,False
22c3898f-cf21-55de-8662-505d1b2e580a,d90794d2-efac-5b8d-b1cd-01244a890cb2,2024-07-29 09:21:00+01:00,2024-07-29 09:50:00+01:00,24,home,Cologne,,DE,office,Cologne,,DE,commute,,public_transport,,7.45,True,True,True
b45916f8-0b79-5861-8cd1-67167aff667f,d90794d2-efac-5b8d-b1cd-01244a890cb2,2024-07-29 15:55:00+01:00,2024-07-29 16:20:00+01:00,21,office,Cologne,,DE,home,Cologne,,DE,home_return,,public_transport,,7.24,True,True,True
e6dba422-f8b6-5315-adc6-f1d7224ae7c8,d90794d2-efac-5b8d-b1cd-01244a890cb2,2024-07-30 08:39:00+01:00,2024-07-30 09:04:00+01:00,23,home,Cologne,,DE,office,Cologne,,DE,commute,,public_transport,,7.31,True,True,True
a882cc41-6c67-5572-9291-e7cbcdd205af,d90794d2-efac-5b8d-b1cd-01244a890cb2,2024-07-30 16:27:00+01:00,2024-07-30 16:48:00+01:00,20,office,Cologne,,DE,home,Cologne,,DE,home_return,,public_transport,,7.06,True,True,True
86985758-843a-519b-ba1d-a4f45732b07b,d90794d2-efac-5b8d-b1cd-01244a890cb2,2024-08-02 09:30:00+01:00,2024-08-02 09:48:00+01:00,17,home,Cologne,,DE,office,Cologne,,DE,commute,,public_transport,,6.78,True,True,True
75d514ec-9c28-508c-831f-34d38b927370,d90794d2-efac-5b8d-b1cd-01244a890cb2,2024-08-02 15:43:00+01:00,2024-08-02 16:03:00+01:00,19,office,Cologne,,DE,home,Cologne,,DE,home_return,,public_transport,,6.99,True,True,True
95026c12-b1e2-5164-807f-ad3131967c2e,d90794d2-efac-5b8d-b1cd-01244a890cb2,2024-08-03 12:24:00+01:00,2024-08-03 12:40:00+01:00,16,home,Cologne,,DE,friend's place,Cologne,,DE,social,,e_scooter,,3.9,False,False,False
7135c30a-eabe-5ed9-ab75-5921defdaa86,d90794d2-efac-5b8d-b1cd-01244a890cb2,2024-08-05 09:07:00+01:00,2024-08-05 09:30:00+01:00,18,home,Cologne,,DE,office,Cologne,,DE,commute,,public_transport,,6.54,True,True,True
764eee1b-1ca0-5539-bfd1-83bec6f2cf2f,d90794d2-efac-5b8d-b1cd-01244a890cb2,2024-08-05 16:01:00+01:00,2024-08-05 16:22:00+01:00,18,office,Cologne,,DE,home,Cologne,,DE,home_return,,public_transport,,6.48,True,True,True
6938c1e5-29a8-5794-bb1d-b6943b04adab,d90794d2-efac-5b8d-b1cd-01244a890cb2,2024-08-07 13:09:00+01:00,2024-08-07 13:20:00+01:00,11,home,Cologne,,DE,shops,Cologne,,DE,errands,,e_scooter,,2.7,False,False,False
79fba849-2e4b-553a-8a09-679c4325b4fe,d90794d2-efac-5b8d-b1cd-01244a890cb2,2024-08-11 11:11:00+01:00,2024-08-11 11:19:00+01:00,8,home,Cologne,,DE,friend's place,Cologne,,DE,social,,e_scooter,,2.1,False,False,False
37341f36-9761-5595-9209-bd00055a1862,d90794d2-efac-5b8d-b1cd-01244a890cb2,2024-08-14 08:32:00+01:00,2024-08-14 08:55:00+01:00,19,home,Cologne,,DE,office,Cologne,,DE,commute,,public_transport,,7.58,True,True,True
6fcb2dce-519e-56c2-996e-b38e4c518dee,d90794d2-efac-5b8d-b1cd-01244a890cb2,2024-08-14 15:56:00+01:00,2024-08-14 16:25:00+01:00,24,office,Cologne,,DE,home,Cologne,,DE,home_return,,public_transport,,7.89,True,True,True
a743b6e2-aa80-5cab-8ddd-cbc8528af84a,d90794d2-efac-5b8d-b1cd-01244a890cb2,2024-08-19 09:14:00+01:00,2024-08-19 09:35:00+01:00,17,home,Cologne,,DE,office,Cologne,,DE,commute,,public_transport,,6.74,True,True,True
6255065b-b308-5398-8be4-9e44915a1d63,d90794d2-efac-5b8d-b1cd-01244a890cb2,2024-08-19 15:40:00+01:00,2024-08-19 16:02:00+01:00,18,office,Cologne,,DE,home,Cologne,,DE,home_return,,public_transport,,6.83,True,True,True
0c8fd7f6-450a-5dad-a0b7-010cbd6f57da,d90794d2-efac-5b8d-b1cd-01244a890cb2,2024-08-21 13:21:00+01:00,2024-08-21 13:33:00+01:00,12,home,Cologne,,DE,shops,Cologne,,DE,errands,,e_scooter,,2.9,False,False,False
aa059bc0-1e3a-5f21-99b5-03bf39ba160e,d90794d2-efac-5b8d-b1cd-01244a890cb2,2024-08-22 08:49:00+01:00,2024-08-22 09:14:00+01:00,20,home,Cologne,,DE,office,Cologne,,DE,commute,,public_transport,,6.66,True,True,True
b37a48f3-cd16-5d48-97db-91b8c18ee3c0,d90794d2-efac-5b8d-b1cd-01244a890cb2,2024-08-22 15:44:00+01:00,2024-08-22 16:04:00+01:00,19,office,Cologne,,DE,home,Cologne,,DE,home_return,,public_transport,,6.54,True,True,True
6806dde7-de56-5c07-99b3-bf32e25d1bb6,d90794d2-efac-5b8d-b1cd-01244a890cb2,2024-08-26 09:14:00+01:00,2024-08-26 09:38:00+01:00,20,home,Cologne,,DE,office,Cologne,,DE,commute,,public_transport,,6.86,True,True,True
c4138ca7-f6f7-56b5-9b2e-56d8890f8c06,d90794d2-efac-5b8d-b1cd-01244a890cb2,2024-08-26 15:47:00+01:00,2024-08-26 16:07:00+01:00,19,office,Cologne,,DE,home,Cologne,,DE,home_return,,public_transport,,6.76,True,True,True
f10f2e8f-6b81-52b6-b9cf-1b0d0beadf13,d90794d2-efac-5b8d-b1cd-01244a890cb2,2024-08-30 09:06:00+01:00,2024-08-30 09:27:00+01:00,16,home,Cologne,,DE,office,Cologne,,DE,commute,,public_transport,,6.02,True,True,True
87c36ba6-614c-591f-8f1c-0ef017dfdfdb,d90794d2-efac-5b8d-b1cd-01244a890cb2,2024-08-30 15:46:00+01:00,2024-08-30 16:09:00+01:00,21,office,Cologne,,DE,home,Cologne,,DE,home_return,,public_transport,,6.41,True,True,True
b9bde842-87f1-5698-b877-8deeb1b2f999,d90794d2-efac-5b8d-b1cd-01244a890cb2,2024-08-30 12:42:00+01:00,2024-08-30 12:46:00+01:00,4,home,Cologne,,DE,shops,Cologne,,DE,errands,,e_scooter,,1.1,False,False,False
fa6b159b-9cf0-559f-bece-386a34e87eb8,d90794d2-efac-5b8d-b1cd-01244a890cb2,2024-08-31 11:01:00+01:00,2024-08-31 11:14:00+01:00,13,home,Cologne,,DE,friend's place,Cologne,,DE,social,,e_scooter,,3.3,False,False,False
e22ab9ac-70dc-5d32-83af-8ec231983566,d90794d2-efac-5b8d-b1cd-01244a890cb2,2024-09-01 11:34:00+01:00,2024-09-01 11:45:00+01:00,11,home,Cologne,,DE,friend's place,Cologne,,DE,social,,e_scooter,,2.8,False,False,False
638b3092-a402-5688-aef1-fc16424ad866,d90794d2-efac-5b8d-b1cd-01244a890cb2,2024-09-01 09:17:00+01:00,2024-09-01 09:45:00+01:00,28,home,Cologne,,DE,furniture_store,Cologne,,DE,shopping,,car_sharing,,13.8,False,False,False
8eb54045-0e03-5504-80f1-bfdbb63ad8cf,d90794d2-efac-5b8d-b1cd-01244a890cb2,2024-09-02 08:43:00+01:00,2024-09-02 09:05:00+01:00,18,home,Cologne,,DE,office,Cologne,,DE,commute,,public_transport,,6.64,True,True,True
2011645b-287c-553e-93c6-d0ce50d9642d,d90794d2-efac-5b8d-b1cd-01244a890cb2,2024-09-02 15:41:00+01:00,2024-09-02 16:07:00+01:00,21,office,Cologne,,DE,home,Cologne,,DE,home_return,,public_transport,,6.95,True,True,True
8f20606b-160a-5837-a0b5-35cd4f0fa2ad,d90794d2-efac-5b8d-b1cd-01244a890cb2,2024-09-02 13:24:00+01:00,2024-09-02 13:35:00+01:00,11,home,Cologne,,DE,shops,Cologne,,DE,errands,,e_scooter,,2.7,False,False,False
62e97e44-b47e-551d-b231-ef2002cac208,d90794d2-efac-5b8d-b1cd-01244a890cb2,2024-09-03 12:34:00+01:00,2024-09-03 12:43:00+01:00,9,home,Cologne,,DE,shops,Cologne,,DE,errands,,e_scooter,,2.3,False,False,False
9329deec-cd69-5cd2-87f1-8ab70a7b5ecf,d90794d2-efac-5b8d-b1cd-01244a890cb2,2024-09-04 09:23:00+01:00,2024-09-04 09:48:00+01:00,22,home,Cologne,,DE,office,Cologne,,DE,commute,,public_transport,,7.4,True,True,True
18982aa1-7e1e-5f57-971c-6284e4fd9d71,d90794d2-efac-5b8d-b1cd-01244a890cb2,2024-09-04 16:18:00+01:00,2024-09-04 16:43:00+01:00,21,office,Cologne,,DE,home,Cologne,,DE,home_return,,public_transport,,7.22,True,True,True
ea2fd3f3-e086-59cc-a01d-6e0367643463,d90794d2-efac-5b8d-b1cd-01244a890cb2,2024-09-13 08:35:00+01:00,2024-09-13 08:55:00+01:00,19,home,Cologne,,DE,office,Cologne,,DE,commute,,public_transport,,6.08,True,True,True
f7f3dd5f-740b-5de6-b40a-c111f3df859f,d90794d2-efac-5b8d-b1cd-01244a890cb2,2024-09-13 15:55:00+01:00,2024-09-13 16:17:00+01:00,19,office,Cologne,,DE,home,Cologne,,DE,home_return,,public_transport,,6.0,True,True,True
02b64880-eecf-5b41-9b30-fb4f8af81404,d90794d2-efac-5b8d-b1cd-01244a890cb2,2024-09-16 09:14:00+01:00,2024-09-16 09:40:00+01:00,21,home,Cologne,,DE,office,Cologne,,DE,commute,,public_transport,,7.53,True,True,True
69150097-e3ae-59e3-a770-2ca1737486dd,d90794d2-efac-5b8d-b1cd-01244a890cb2,2024-09-16 16:20:00+01:00,2024-09-16 16:43:00+01:00,22,office,Cologne,,DE,home,Cologne,,DE,home_return,,public_transport,,7.54,True,True,True
66c4450a-9a66-5d87-a44f-344f4e282265,d90794d2-efac-5b8d-b1cd-01244a890cb2,2024-09-18 09:29:00+01:00,2024-09-18 09:51:00+01:00,17,home,Cologne,,DE,office,Cologne,,DE,commute,,public_transport,,6.84,True,True,True
26e5a410-8897-5893-a1e0-587506164997,d90794d2-efac-5b8d-b1cd-01244a890cb2,2024-09-18 16:29:00+01:00,2024-09-18 16:54:00+01:00,20,office,Cologne,,DE,home,Cologne,,DE,home_return,,public_transport,,7.07,True,True,True
b8008b87-f357-53c6-9c66-b8cb718a147f,d90794d2-efac-5b8d-b1cd-01244a890cb2,2024-09-19 09:13:00+01:00,2024-09-19 09:37:00+01:00,20,home,Cologne,,DE,office,Cologne,,DE,commute,,public_transport,,6.48,True,True,True
f5f0b926-0e8a-5fb3-a56a-d6cf5dc9cee6,d90794d2-efac-5b8d-b1cd-01244a890cb2,2024-09-19 15:42:00+01:00,2024-09-19 16:07:00+01:00,23,office,Cologne,,DE,home,Cologne,,DE,home_return,,public_transport,,6.78,True,True,True
8a9a9cbf-6a3d-5ef0-8f97-c40d47c6db36,d90794d2-efac-5b8d-b1cd-01244a890cb2,2024-09-20 09:15:00+01:00,2024-09-20 09:39:00+01:00,20,home,Cologne,,DE,office,Cologne,,DE,commute,,public_transport,,7.09,True,True,True
05ba9275-fe2a-5d2e-9499-4dc3b37f390e,d90794d2-efac-5b8d-b1cd-01244a890cb2,2024-09-20 15:41:00+01:00,2024-09-20 16:07:00+01:00,23,office,Cologne,,DE,home,Cologne,,DE,home_return,,public_transport,,7.28,True,True,True
cec951c2-401f-580a-afe8-ac631a523100,d90794d2-efac-5b8d-b1cd-01244a890cb2,2024-09-22 12:03:00+01:00,2024-09-22 12:15:00+01:00,12,home,Cologne,,DE,friend's place,Cologne,,DE,social,,e_scooter,,3.1,False,False,False
d9514db7-5ea9-5be2-aaf4-ffe90755c39e,d90794d2-efac-5b8d-b1cd-01244a890cb2,2024-09-25 08:37:00+01:00,2024-09-25 08:59:00+01:00,18,home,Cologne,,DE,office,Cologne,,DE,commute,,public_transport,,5.96,True,True,True
9145c9d0-ddbf-53e6-9f1a-ce15ef8f1641,d90794d2-efac-5b8d-b1cd-01244a890cb2,2024-09-25 15:42:00+01:00,2024-09-25 16:04:00+01:00,18,office,Cologne,,DE,home,Cologne,,DE,home_return,,public_transport,,5.91,True,True,True
720bc556-4c97-5d1c-939e-9f996945945f,d90794d2-efac-5b8d-b1cd-01244a890cb2,2024-09-28 12:02:00+01:00,2024-09-28 12:12:00+01:00,10,home,Cologne,,DE,friend's place,Cologne,,DE,social,,e_scooter,,2.6,False,False,False
58934860-2343-5307-a323-9b954ff96bde,d90794d2-efac-5b8d-b1cd-01244a890cb2,2024-09-30 09:21:00+01:00,2024-09-30 09:39:00+01:00,17,home,Cologne,,DE,office,Cologne,,DE,commute,,public_transport,,6.28,True,True,True
6de8dcca-02a8-56c4-8e72-b8060c480a46,d90794d2-efac-5b8d-b1cd-01244a890cb2,2024-09-30 16:05:00+01:00,2024-09-30 16:26:00+01:00,20,office,Cologne,,DE,home,Cologne,,DE,home_return,,public_transport,,6.57,True,True,True
bfdc1892-651b-5d72-a934-1a4b8481de7f,d90794d2-efac-5b8d-b1cd-01244a890cb2,2024-10-01 09:06:00+01:00,2024-10-01 09:31:00+01:00,20,home,Cologne,,DE,office,Cologne,,DE,commute,,public_transport,,7.43,True,True,True
791106ec-b5fe-5d86-8f29-b15bee816f35,d90794d2-efac-5b8d-b1cd-01244a890cb2,2024-10-01 15:48:00+01:00,2024-10-01 16:12:00+01:00,19,office,Cologne,,DE,home,Cologne,,DE,home_return,,public_transport,,7.43,True,True,True
01a5694b-5d43-5050-be1d-43503ebabd22,d90794d2-efac-5b8d-b1cd-01244a890cb2,2024-10-03 09:07:00+01:00,2024-10-03 09:26:00+01:00,15,home,Cologne,,DE,office,Cologne,,DE,commute,,public_transport,,5.71,True,True,True
bf7c04a5-df97-5b93-9e76-802decc84b4e,d90794d2-efac-5b8d-b1cd-01244a890cb2,2024-10-03 16:09:00+01:00,2024-10-03 16:32:00+01:00,18,office,Cologne,,DE,home,Cologne,,DE,home_return,,public_transport,,5.9,True,True,True
ae816289-ca3d-5f81-80d0-80b64c84aaf4,d90794d2-efac-5b8d-b1cd-01244a890cb2,2024-10-04 08:36:00+01:00,2024-10-04 08:57:00+01:00,19,home,Cologne,,DE,office,Cologne,,DE,commute,,public_transport,,6.72,True,True,True
07851ffa-30c1-5dc7-b2d8-c0906dd9ae7e,d90794d2-efac-5b8d-b1cd-01244a890cb2,2024-10-04 15:40:00+01:00,2024-10-04 16:03:00+01:00,20,office,Cologne,,DE,home,Cologne,,DE,home_return,,public_transport,,6.79,True,True,True
0043dead-a1a0-5e15-a6f7-bf70844abc15,d90794d2-efac-5b8d-b1cd-01244a890cb2,2024-10-07 08:35:00+01:00,2024-10-07 08:57:00+01:00,20,home,Cologne,,DE,office,Cologne,,DE,commute,,public_transport,,6.16,True,True,True
23b982d4-295b-5e96-9e44-9dfb525ddc07,d90794d2-efac-5b8d-b1cd-01244a890cb2,2024-10-07 15:54:00+01:00,2024-10-07 16:15:00+01:00,20,office,Cologne,,DE,home,Cologne,,DE,home_return,,public_transport,,6.2,True,True,True
8aba7ffd-3518-5a1d-a036-82d7593cf18f,d90794d2-efac-5b8d-b1cd-01244a890cb2,2024-10-10 09:09:00+01:00,2024-10-10 09:30:00+01:00,19,home,Cologne,,DE,office,Cologne,,DE,commute,,public_transport,,6.73,True,True,True
afc74d4f-f599-50b9-a5c7-dcc4204f01c3,d90794d2-efac-5b8d-b1cd-01244a890cb2,2024-10-10 16:15:00+01:00,2024-10-10 16:38:00+01:00,19,office,Cologne,,DE,home,Cologne,,DE,home_return,,public_transport,,6.8,True,True,True
79a47803-e2be-58a8-a909-69c162a9f15a,d90794d2-efac-5b8d-b1cd-01244a890cb2,2024-10-11 08:47:00+01:00,2024-10-11 09:07:00+01:00,18,home,Cologne,,DE,office,Cologne,,DE,commute,,public_transport,,6.41,True,True,True
8e6c337d-4b19-551f-8993-cfcc5d5ed957,d90794d2-efac-5b8d-b1cd-01244a890cb2,2024-10-11 16:26:00+01:00,2024-10-11 16:48:00+01:00,17,office,Cologne,,DE,home,Cologne,,DE,home_return,,public_transport,,6.25,True,True,True
6131feb4-9b6e-5ca6-8db3-8df114811606,d90794d2-efac-5b8d-b1cd-01244a890cb2,2024-10-14 09:16:00+01:00,2024-10-14 09:38:00+01:00,18,home,Cologne,,DE,office,Cologne,,DE,commute,,public_transport,,6.65,True,True,True
75f939f1-9811-5c03-a224-08fc0dfcc5d1,d90794d2-efac-5b8d-b1cd-01244a890cb2,2024-10-14 15:44:00+01:00,2024-10-14 16:09:00+01:00,22,office,Cologne,,DE,home,Cologne,,DE,home_return,,public_transport,,6.93,True,True,True
c2e269b8-f881-5f29-aa26-3a224188c36f,d90794d2-efac-5b8d-b1cd-01244a890cb2,2024-10-18 08:35:00+01:00,2024-10-18 09:00:00+01:00,20,home,Cologne,,DE,office,Cologne,,DE,commute,,public_transport,,7.21,True,True,True
6ca7497b-b3a0-5e2a-9764-e87141ff6588,d90794d2-efac-5b8d-b1cd-01244a890cb2,2024-10-18 15:33:00+01:00,2024-10-18 15:57:00+01:00,21,office,Cologne,,DE,home,Cologne,,DE,home_return,,public_transport,,7.26,True,True,True
731861ba-1347-58e7-b9a2-4d601342587e,d90794d2-efac-5b8d-b1cd-01244a890cb2,2024-10-21 08:44:00+01:00,2024-10-21 09:10:00+01:00,21,home,Cologne,,DE,office,Cologne,,DE,commute,,public_transport,,6.95,True,True,True
6b9fe06a-37bb-54ff-bb42-f5dd0c22c29a,d90794d2-efac-5b8d-b1cd-01244a890cb2,2024-10-21 16:20:00+01:00,2024-10-21 16:43:00+01:00,21,office,Cologne,,DE,home,Cologne,,DE,home_return,,public_transport,,6.91,True,True,True
46310dc6-0607-5e6d-9fcd-8a40ca681a5c,d90794d2-efac-5b8d-b1cd-01244a890cb2,2024-10-23 09:08:00+01:00,2024-10-23 09:27:00+01:00,18,home,Cologne,,DE,office,Cologne,,DE,commute,,public_transport,,7.37,True,True,True
75aab555-9510-5786-b1e0-8b1353a3a169,d90794d2-efac-5b8d-b1cd-01244a890cb2,2024-10-23 16:20:00+01:00,2024-10-23 16:43:00+01:00,19,office,Cologne,,DE,home,Cologne,,DE,home_return,,public_transport,,7.5,True,True,True
71507d18-3377-50fd-89a7-8931c934d028,d90794d2-efac-5b8d-b1cd-01244a890cb2,2024-10-24 08:41:00+01:00,2024-10-24 09:02:00+01:00,19,home,Cologne,,DE,office,Cologne,,DE,commute,,public_transport,,6.77,True,True,True
04f4cc76-ec34-5444-85ca-581d2b162373,d90794d2-efac-5b8d-b1cd-01244a890cb2,2024-10-24 16:02:00+01:00,2024-10-24 16:22:00+01:00,19,office,Cologne,,DE,home,Cologne,,DE,home_return,,public_transport,,6.82,True,True,True
df6a3e60-c0fa-5471-a76d-9d48c0641235,d90794d2-efac-5b8d-b1cd-01244a890cb2,2024-10-26 11:47:00+01:00,2024-10-26 11:59:00+01:00,12,home,Cologne,,DE,friend's place,Cologne,,DE,social,,e_scooter,,3.0,False,False,False
feee874d-70f0-5c77-a061-c318be2e064e,d90794d2-efac-5b8d-b1cd-01244a890cb2,2024-10-27 11:14:00+01:00,2024-10-27 11:22:00+01:00,8,home,Cologne,,DE,friend's place,Cologne,,DE,social,,e_scooter,,1.9,False,False,False
c3ad88c5-224a-59ee-947a-f20e067a3f45,d90794d2-efac-5b8d-b1cd-01244a890cb2,2024-10-28 12:38:00+01:00,2024-10-28 12:52:00+01:00,14,home,Cologne,,DE,shops,Cologne,,DE,errands,,e_scooter,,3.5,False,False,False
4a18e06c-6065-520e-bc25-a635f1751aa8,d90794d2-efac-5b8d-b1cd-01244a890cb2,2024-11-09 11:52:00+01:00,2024-11-09 12:04:00+01:00,12,home,Cologne,,DE,friend's place,Cologne,,DE,social,,e_scooter,,3.0,False,False,False
83e69fbe-9eaf-59af-9711-6bd8cc181bf5,d90794d2-efac-5b8d-b1cd-01244a890cb2,2024-11-10 12:36:00+01:00,2024-11-10 12:47:00+01:00,11,home,Cologne,,DE,friend's place,Cologne,,DE,social,,e_scooter,,2.7,False,False,False
90137dcb-f4e7-54b2-83a8-570154164fc0,d90794d2-efac-5b8d-b1cd-01244a890cb2,2024-11-14 08:31:00+01:00,2024-11-14 08:55:00+01:00,21,home,Cologne,,DE,office,Cologne,,DE,commute,,public_transport,,6.49,True,True,True
3b2062f6-97e7-5072-ad9d-5a7589a76ea8,d90794d2-efac-5b8d-b1cd-01244a890cb2,2024-11-14 15:59:00+01:00,2024-11-14 16:19:00+01:00,18,office,Cologne,,DE,home,Cologne,,DE,home_return,,public_transport,,6.28,True,True,True
4da6c6d6-fa9a-503d-9519-1fbe9a5de29e,d90794d2-efac-5b8d-b1cd-01244a890cb2,2024-11-15 09:27:00+01:00,2024-11-15 09:47:00+01:00,17,home,Cologne,,DE,office,Cologne,,DE,commute,,public_transport,,7.27,True,True,True
52358650-5f66-5279-bcd1-8ae38dc91b9d,d90794d2-efac-5b8d-b1cd-01244a890cb2,2024-11-15 15:59:00+01:00,2024-11-15 16:24:00+01:00,21,office,Cologne,,DE,home,Cologne,,DE,home_return,,public_transport,,7.59,True,True,True
1b6d3d20-21af-542a-b09c-f1aec9786631,d90794d2-efac-5b8d-b1cd-01244a890cb2,2024-11-17 12:48:00+01:00,2024-11-17 13:04:00+01:00,16,home,Cologne,,DE,friend's place,Cologne,,DE,social,,e_scooter,,4.0,False,False,False
c961e336-bf74-5dc8-a200-23709914cbb9,d90794d2-efac-5b8d-b1cd-01244a890cb2,2024-11-18 08:40:00+01:00,2024-11-18 09:03:00+01:00,18,home,Cologne,,DE,office,Cologne,,DE,commute,,public_transport,,7.31,True,True,True
992166bb-32f4-524e-a72b-4b7fe8662f31,d90794d2-efac-5b8d-b1cd-01244a890cb2,2024-11-18 15:31:00+01:00,2024-11-18 15:53:00+01:00,19,office,Cologne,,DE,home,Cologne,,DE,home_return,,public_transport,,7.42,True,True,True
54159c64-7bfe-5477-a11f-c126d7d9da32,d90794d2-efac-5b8d-b1cd-01244a890cb2,2024-11-21 08:37:00+01:00,2024-11-21 09:03:00+01:00,22,home,Cologne,,DE,office,Cologne,,DE,commute,,public_transport,,7.04,True,True,True
16ba8d79-eb89-5f0a-a706-e11b1c335191,d90794d2-efac-5b8d-b1cd-01244a890cb2,2024-11-21 15:32:00+01:00,2024-11-21 15:57:00+01:00,20,office,Cologne,,DE,home,Cologne,,DE,home_return,,public_transport,,6.85,True,True,True
ea1f99a2-e4a3-59cd-a45a-4821187a2940,d90794d2-efac-5b8d-b1cd-01244a890cb2,2024-11-22 08:51:00+01:00,2024-11-22 09:13:00+01:00,19,home,Cologne,,DE,office,Cologne,,DE,commute,,public_transport,,7.22,True,True,True
4702dbf2-eebb-594d-a870-5a0760799fc5,d90794d2-efac-5b8d-b1cd-01244a890cb2,2024-11-22 16:18:00+01:00,2024-11-22 16:40:00+01:00,18,office,Cologne,,DE,home,Cologne,,DE,home_return,,public_transport,,7.13,True,True,True
b8e3c043-1cf1-5eed-8c39-514a4ad6cf4e,d90794d2-efac-5b8d-b1cd-01244a890cb2,2024-11-23 11:17:00+01:00,2024-11-23 11:23:00+01:00,6,home,Cologne,,DE,friend's place,Cologne,,DE,social,,e_scooter,,1.5,False,False,False
f2a42b58-7426-5320-99aa-ef557092c485,d90794d2-efac-5b8d-b1cd-01244a890cb2,2024-11-25 08:46:00+01:00,2024-11-25 09:03:00+01:00,16,home,Cologne,,DE,office,Cologne,,DE,commute,,public_transport,,6.63,True,True,True
7f13ae39-3fc1-5321-bcbc-78b5a0d50388,d90794d2-efac-5b8d-b1cd-01244a890cb2,2024-11-25 15:32:00+01:00,2024-11-25 15:51:00+01:00,18,office,Cologne,,DE,home,Cologne,,DE,home_return,,public_transport,,6.76,True,True,True
1deb16e8-48f4-54bb-bada-db0680243d74,d90794d2-efac-5b8d-b1cd-01244a890cb2,2024-11-26 08:37:00+01:00,2024-11-26 09:01:00+01:00,21,home,Cologne,,DE,office,Cologne,,DE,commute,,public_transport,,7.14,True,True,True
bf496097-e6f8-55e3-9a53-a823ee5ae9ff,d90794d2-efac-5b8d-b1cd-01244a890cb2,2024-11-26 15:53:00+01:00,2024-11-26 16:19:00+01:00,23,office,Cologne,,DE,home,Cologne,,DE,home_return,,public_transport,,7.32,True,True,True
18ca2fab-b067-59e2-a576-efcbb7862868,d90794d2-efac-5b8d-b1cd-01244a890cb2,2024-11-29 09:15:00+01:00,2024-11-29 09:43:00+01:00,23,home,Cologne,,DE,office,Cologne,,DE,commute,,public_transport,,7.31,True,True,True
d0c9724c-db39-51b0-aa14-61b51260f3d2,d90794d2-efac-5b8d-b1cd-01244a890cb2,2024-11-29 15:45:00+01:00,2024-11-29 16:07:00+01:00,18,office,Cologne,,DE,home,Cologne,,DE,home_return,,public_transport,,6.85,True,True,True
780c69ab-54e0-5a08-871b-1204b509156c,d90794d2-efac-5b8d-b1cd-01244a890cb2,2024-12-01 10:42:00+01:00,2024-12-01 11:04:00+01:00,22,home,Cologne,,DE,furniture_store,Cologne,,DE,shopping,,car_sharing,,10.9,False,False,False
3cc9d080-53af-5f9c-a80f-a6ea0c708007,d90794d2-efac-5b8d-b1cd-01244a890cb2,2024-12-02 08:44:00+01:00,2024-12-02 09:03:00+01:00,17,home,Cologne,,DE,office,Cologne,,DE,commute,,public_transport,,6.05,True,True,True
fa46cfd0-488d-56a5-8510-0746de9310f7,d90794d2-efac-5b8d-b1cd-01244a890cb2,2024-12-02 15:39:00+01:00,2024-12-02 16:03:00+01:00,19,office,Cologne,,DE,home,Cologne,,DE,home_return,,public_transport,,6.2,True,True,True
7a72eb0a-944a-58dc-bcf8-de53b34c7bf0,d90794d2-efac-5b8d-b1cd-01244a890cb2,2024-12-04 09:00:00+01:00,2024-12-04 09:25:00+01:00,22,home,Cologne,,DE,office,Cologne,,DE,commute,,public_transport,,6.43,True,True,True
a59c39e0-d0be-5b6e-bdd0-3d33067646a5,d90794d2-efac-5b8d-b1cd-01244a890cb2,2024-12-04 15:33:00+01:00,2024-12-04 15:54:00+01:00,19,office,Cologne,,DE,home,Cologne,,DE,home_return,,public_transport,,6.29,True,True,True
46884a8f-b741-5165-9783-780f69460b69,d90794d2-efac-5b8d-b1cd-01244a890cb2,2024-12-05 08:49:00+01:00,2024-12-05 09:17:00+01:00,24,home,Cologne,,DE,office,Cologne,,DE,commute,,public_transport,,6.89,True,True,True
8cd34dea-54ea-502b-8df7-bbc77347ff5e,d90794d2-efac-5b8d-b1cd-01244a890cb2,2024-12-05 15:55:00+01:00,2024-12-05 16:15:00+01:00,18,office,Cologne,,DE,home,Cologne,,DE,home_return,,public_transport,,6.44,True,True,True
e122a0f9-1099-56fe-b400-d6bed8ebae05,d90794d2-efac-5b8d-b1cd-01244a890cb2,2024-12-06 08:50:00+01:00,2024-12-06 09:09:00+01:00,18,home,Cologne,,DE,office,Cologne,,DE,commute,,public_transport,,6.16,True,True,True
2a92c411-51fc-59ed-b501-a20da84c1193,d90794d2-efac-5b8d-b1cd-01244a890cb2,2024-12-06 16:20:00+01:00,2024-12-06 16:41:00+01:00,17,office,Cologne,,DE,home,Cologne,,DE,home_return,,public_transport,,6.05,True,True,True
3c5aa673-c8d7-5980-b53c-b3b47a82a092,d90794d2-efac-5b8d-b1cd-01244a890cb2,2024-12-06 13:21:00+01:00,2024-12-06 13:35:00+01:00,14,home,Cologne,,DE,shops,Cologne,,DE,errands,,e_scooter,,3.4,False,False,False
41efc444-f767-52bc-9218-2ec4e802bb27,d90794d2-efac-5b8d-b1cd-01244a890cb2,2024-12-07 12:00:00+01:00,2024-12-07 12:06:00+01:00,6,home,Cologne,,DE,friend's place,Cologne,,DE,social,,e_scooter,,1.6,False,False,False
378448e5-2e91-5d90-9fff-dafa9fca26b4,d90794d2-efac-5b8d-b1cd-01244a890cb2,2024-12-10 08:32:00+01:00,2024-12-10 08:50:00+01:00,17,home,Cologne,,DE,office,Cologne,,DE,commute,,public_transport,,6.67,True,True,True
888eb9a6-6d2e-5b2b-8e3e-ffa53dc8963e,d90794d2-efac-5b8d-b1cd-01244a890cb2,2024-12-10 16:07:00+01:00,2024-12-10 16:27:00+01:00,19,office,Cologne,,DE,home,Cologne,,DE,home_return,,public_transport,,6.88,True,True,True
ce457f99-2a8d-5975-b3b4-838c3e7cccde,d90794d2-efac-5b8d-b1cd-01244a890cb2,2024-12-11 09:01:00+01:00,2024-12-11 09:27:00+01:00,21,home,Cologne,,DE,office,Cologne,,DE,commute,,public_transport,,6.77,True,True,True
a0909f9d-8b46-5d95-9d90-a6800a190119,d90794d2-efac-5b8d-b1cd-01244a890cb2,2024-12-11 15:34:00+01:00,2024-12-11 15:54:00+01:00,19,office,Cologne,,DE,home,Cologne,,DE,home_return,,public_transport,,6.49,True,True,True
c657b714-3e8c-53f8-b85a-da5bb6e43e3d,d90794d2-efac-5b8d-b1cd-01244a890cb2,2024-12-12 09:02:00+01:00,2024-12-12 09:24:00+01:00,19,home,Cologne,,DE,office,Cologne,,DE,commute,,public_transport,,7.15,True,True,True
da1a3a83-5c5c-5b78-ad30-316e82d51d09,d90794d2-efac-5b8d-b1cd-01244a890cb2,2024-12-12 16:24:00+01:00,2024-12-12 16:48:00+01:00,20,office,Cologne,,DE,home,Cologne,,DE,home_return,,public_transport,,7.29,True,True,True
660cc565-2b65-5ad8-8d5c-530edc6d3ec4,d90794d2-efac-5b8d-b1cd-01244a890cb2,2024-12-17 08:39:00+01:00,2024-12-17 08:57:00+01:00,17,home,Cologne,,DE,office,Cologne,,DE,commute,,public_transport,,6.18,True,True,True
79543759-6399-54ae-a4db-695720c43473,d90794d2-efac-5b8d-b1cd-01244a890cb2,2024-12-17 15:37:00+01:00,2024-12-17 15:58:00+01:00,19,office,Cologne,,DE,home,Cologne,,DE,home_return,,public_transport,,6.39,True,True,True
973f48fd-4098-5014-bea8-a5748452b4fb,d90794d2-efac-5b8d-b1cd-01244a890cb2,2024-12-17 13:14:00+01:00,2024-12-17 13:26:00+01:00,12,home,Cologne,,DE,shops,Cologne,,DE,errands,,e_scooter,,2.9,False,False,False
5c356888-f663-5456-9e91-f35caa9348e5,d90794d2-efac-5b8d-b1cd-01244a890cb2,2024-12-18 08:56:00+01:00,2024-12-18 09:23:00+01:00,22,home,Cologne,,DE,office,Cologne,,DE,commute,,public_transport,,6.92,True,True,True
795fd309-a849-5342-98be-d64115fe83e6,d90794d2-efac-5b8d-b1cd-01244a890cb2,2024-12-18 15:49:00+01:00,2024-12-18 16:12:00+01:00,19,office,Cologne,,DE,home,Cologne,,DE,home_return,,public_transport,,6.71,True,True,True
04336d9f-7057-5788-ba58-f5beaf2bdf6b,d90794d2-efac-5b8d-b1cd-01244a890cb2,2024-12-19 08:33:00+01:00,2024-12-19 08:56:00+01:00,20,home,Cologne,,DE,office,Cologne,,DE,commute,,public_transport,,6.62,True,True,True
a091846e-ab67-5586-867a-706e6ee3f4e9,d90794d2-efac-5b8d-b1cd-01244a890cb2,2024-12-19 16:22:00+01:00,2024-12-19 16:48:00+01:00,22,office,Cologne,,DE,home,Cologne,,DE,home_return,,public_transport,,6.69,True,True,True
00068b07-a464-513f-be78-7a3fc41ca54f,d90794d2-efac-5b8d-b1cd-01244a890cb2,2024-12-24 08:40:00+01:00,2024-12-24 09:06:00+01:00,22,home,Cologne,,DE,office,Cologne,,DE,commute,,public_transport,,7.58,True,True,True
eb3cec0d-e89b-5708-bdf5-d9ee8f31bfcd,d90794d2-efac-5b8d-b1cd-01244a890cb2,2024-12-24 15:51:00+01:00,2024-12-24 16:16:00+01:00,23,office,Cologne,,DE,home,Cologne,,DE,home_return,,public_transport,,7.62,True,True,True
200ac47e-868d-52fd-b3ac-30c70f351ee5,d90794d2-efac-5b8d-b1cd-01244a890cb2,2024-12-25 08:41:00+01:00,2024-12-25 09:05:00+01:00,21,home,Cologne,,DE,office,Cologne,,DE,commute,,public_transport,,6.45,True,True,True
62980e41-cb9e-5238-9cef-63ad3e236862,d90794d2-efac-5b8d-b1cd-01244a890cb2,2024-12-25 16:21:00+01:00,2024-12-25 16:40:00+01:00,18,office,Cologne,,DE,home,Cologne,,DE,home_return,,public_transport,,6.18,True,True,True
97714b6c-b46f-57b7-8f04-e99a1ea19a78,d90794d2-efac-5b8d-b1cd-01244a890cb2,2024-12-27 09:17:00+01:00,2024-12-27 09:42:00+01:00,21,home,Cologne,,DE,office,Cologne,,DE,commute,,public_transport,,7.16,True,True,True
764c8c4e-d39b-51c1-93dd-8efab24530e6,d90794d2-efac-5b8d-b1cd-01244a890cb2,2024-12-27 16:07:00+01:00,2024-12-27 16:32:00+01:00,21,office,Cologne,,DE,home,Cologne,,DE,home_return,,public_transport,,7.24,True,True,True
88dc90d6-a004-58fc-b55f-e0002bfbb7b9,d90794d2-efac-5b8d-b1cd-01244a890cb2,2024-12-28 12:15:00+01:00,2024-12-28 12:31:00+01:00,16,home,Cologne,,DE,friend's place,Cologne,,DE,social,,e_scooter,,3.9,False,False,False
826322a8-668e-554b-a80a-858a1f45883c,d90794d2-efac-5b8d-b1cd-01244a890cb2,2024-12-29 09:52:00+01:00,2024-12-29 10:09:00+01:00,17,home,Cologne,,DE,furniture_store,Cologne,,DE,shopping,,car_sharing,,8.3,False,False,False
242f6cf7-f82d-5e6d-8b68-2c2c368f89fc,d90794d2-efac-5b8d-b1cd-01244a890cb2,2024-12-30 12:56:00+01:00,2024-12-30 13:08:00+01:00,12,home,Cologne,,DE,shops,Cologne,,DE,errands,,e_scooter,,3.1,False,False,False
a86bbefb-1223-57b8-8be4-bf477e01bb85,d90794d2-efac-5b8d-b1cd-01244a890cb2,2025-01-01 09:07:00+01:00,2025-01-01 09:27:00+01:00,19,home,Cologne,,DE,office,Cologne,,DE,commute,,public_transport,,6.51,True,True,True
78bbf93b-bac2-5947-8463-7c994389338e,d90794d2-efac-5b8d-b1cd-01244a890cb2,2025-01-01 16:12:00+01:00,2025-01-01 16:31:00+01:00,16,office,Cologne,,DE,home,Cologne,,DE,home_return,,public_transport,,6.17,True,True,True
7071f3a9-8493-5992-8ecb-35cd4aef62eb,d90794d2-efac-5b8d-b1cd-01244a890cb2,2025-01-02 08:45:00+01:00,2025-01-02 09:07:00+01:00,21,home,Cologne,,DE,office,Cologne,,DE,commute,,public_transport,,7.47,True,True,True
f14b8072-b728-5027-897a-edaed91fd82b,d90794d2-efac-5b8d-b1cd-01244a890cb2,2025-01-02 15:47:00+01:00,2025-01-02 16:12:00+01:00,21,office,Cologne,,DE,home,Cologne,,DE,home_return,,public_transport,,7.35,True,True,True
544e9749-3ef2-52b8-9ba3-62b9e530dc8c,d90794d2-efac-5b8d-b1cd-01244a890cb2,2025-01-09 08:41:00+01:00,2025-01-09 09:02:00+01:00,17,home,Cologne,,DE,office,Cologne,,DE,commute,,public_transport,,6.92,True,True,True
e431e566-0951-54b1-a10b-a4ff0b017839,d90794d2-efac-5b8d-b1cd-01244a890cb2,2025-01-09 16:11:00+01:00,2025-01-09 16:31:00+01:00,19,office,Cologne,,DE,home,Cologne,,DE,home_return,,public_transport,,7.05,True,True,True
532ea3fe-02a1-5072-abf9-a342e85e46c3,d90794d2-efac-5b8d-b1cd-01244a890cb2,2025-01-10 09:12:00+01:00,2025-01-10 09:32:00+01:00,16,home,Cologne,,DE,office,Cologne,,DE,commute,,public_transport,,6.82,True,True,True
1d3caf18-48c2-5df3-afa9-def6b5b20825,d90794d2-efac-5b8d-b1cd-01244a890cb2,2025-01-10 15:40:00+01:00,2025-01-10 16:03:00+01:00,20,office,Cologne,,DE,home,Cologne,,DE,home_return,,public_transport,,7.11,True,True,True
a6c08522-83e5-52c0-84d7-e06a0357bc38,d90794d2-efac-5b8d-b1cd-01244a890cb2,2025-01-11 10:51:00+01:00,2025-01-11 11:21:00+01:00,30,home,Cologne,,DE,furniture_store,Cologne,,DE,shopping,,car_sharing,,14.8,False,False,False
4c685327-19bc-539f-bf7b-9b64a6411c5b,d90794d2-efac-5b8d-b1cd-01244a890cb2,2025-01-13 09:18:00+01:00,2025-01-13 09:43:00+01:00,24,home,Cologne,,DE,office,Cologne,,DE,commute,,public_transport,,7.59,True,True,True
1c04c7ae-3c51-58bf-bf96-97eeb8623d44,d90794d2-efac-5b8d-b1cd-01244a890cb2,2025-01-13 15:51:00+01:00,2025-01-13 16:18:00+01:00,22,office,Cologne,,DE,home,Cologne,,DE,home_return,,public_transport,,7.39,True,True,True
1f3df539-1c48-575e-80dc-e93f44e312c8,d90794d2-efac-5b8d-b1cd-01244a890cb2,2025-01-15 08:52:00+01:00,2025-01-15 09:21:00+01:00,24,home,Cologne,,DE,office,Cologne,,DE,commute,,public_transport,,7.62,True,True,True
91d7c322-2b4a-5ca8-ac7e-117c8f6c8d17,d90794d2-efac-5b8d-b1cd-01244a890cb2,2025-01-15 16:16:00+01:00,2025-01-15 16:42:00+01:00,25,office,Cologne,,DE,home,Cologne,,DE,home_return,,public_transport,,7.69,True,True,True
ace69ed2-aa5d-5c34-8317-97fe80031377,d90794d2-efac-5b8d-b1cd-01244a890cb2,2025-01-16 09:14:00+01:00,2025-01-16 09:35:00+01:00,18,home,Cologne,,DE,office,Cologne,,DE,commute,,public_transport,,6.64,True,True,True
1d1b04f0-e6d7-5729-91d4-e04d39c33416,d90794d2-efac-5b8d-b1cd-01244a890cb2,2025-01-16 16:24:00+01:00,2025-01-16 16:47:00+01:00,22,office,Cologne,,DE,home,Cologne,,DE,home_return,,public_transport,,7.06,True,True,True
c558ec95-88f6-58a4-8094-4f9812a55a0b,d90794d2-efac-5b8d-b1cd-01244a890cb2,2025-01-24 08:32:00+01:00,2025-01-24 08:52:00+01:00,17,home,Cologne,,DE,office,Cologne,,DE,commute,,public_transport,,7.13,True,True,True
e2d8fe32-ac9f-5c17-b69f-647358eecd8e,d90794d2-efac-5b8d-b1cd-01244a890cb2,2025-01-24 16:12:00+01:00,2025-01-24 16:39:00+01:00,23,office,Cologne,,DE,home,Cologne,,DE,home_return,,public_transport,,7.68,True,True,True
827f2e22-49a0-5ef5-96fc-f64c7ed48c30,d90794d2-efac-5b8d-b1cd-01244a890cb2,2025-01-24 12:59:00+01:00,2025-01-24 13:06:00+01:00,7,home,Cologne,,DE,shops,Cologne,,DE,errands,,e_scooter,,1.8,False,False,False
39141ac9-332a-543f-ab38-b39237f326d5,d90794d2-efac-5b8d-b1cd-01244a890cb2,2025-01-27 09:05:00+01:00,2025-01-27 09:30:00+01:00,20,home,Cologne,,DE,office,Cologne,,DE,commute,,public_transport,,6.85,True,True,True
a9b2c3c8-ffa6-587f-a38f-ac4b8eb09e74,d90794d2-efac-5b8d-b1cd-01244a890cb2,2025-01-27 16:20:00+01:00,2025-01-27 16:42:00+01:00,19,office,Cologne,,DE,home,Cologne,,DE,home_return,,public_transport,,6.73,True,True,True
79fdefc0-9d22-5c39-94a4-a0965fbc727f,d90794d2-efac-5b8d-b1cd-01244a890cb2,2025-01-28 09:30:00+01:00,2025-01-28 09:54:00+01:00,22,home,Cologne,,DE,office,Cologne,,DE,commute,,public_transport,,6.36,True,True,True
14825b32-5002-52e1-8168-fb859dd4b8e3,d90794d2-efac-5b8d-b1cd-01244a890cb2,2025-01-28 16:22:00+01:00,2025-01-28 16:43:00+01:00,18,office,Cologne,,DE,home,Cologne,,DE,home_return,,public_transport,,6.09,True,True,True
aca43813-ed42-5f01-b65a-db98264526d3,d90794d2-efac-5b8d-b1cd-01244a890cb2,2025-01-31 12:41:00+01:00,2025-01-31 12:48:00+01:00,7,home,Cologne,,DE,shops,Cologne,,DE,errands,,e_scooter,,1.7,False,False,False
ac2dec32-6861-592a-9ca2-dbcb3aaee3ca,d90794d2-efac-5b8d-b1cd-01244a890cb2,2025-02-03 08:46:00+01:00,2025-02-03 09:03:00+01:00,16,home,Cologne,,DE,office,Cologne,,DE,commute,,public_transport,,5.87,True,True,True
0098dfa2-9f7b-510a-ab5a-d1c0fb5b4835,d90794d2-efac-5b8d-b1cd-01244a890cb2,2025-02-03 15:43:00+01:00,2025-02-03 16:00:00+01:00,16,office,Cologne,,DE,home,Cologne,,DE,home_return,,public_transport,,5.81,True,True,True
627dfee0-2d47-51dd-8777-e8f935bd6506,d90794d2-efac-5b8d-b1cd-01244a890cb2,2025-02-10 08:56:00+01:00,2025-02-10 09:15:00+01:00,18,home,Cologne,,DE,office,Cologne,,DE,commute,,public_transport,,7.33,True,True,True
b3a22948-3d9d-5c24-891c-55f1401c06d6,d90794d2-efac-5b8d-b1cd-01244a890cb2,2025-02-10 15:36:00+01:00,2025-02-10 16:00:00+01:00,23,office,Cologne,,DE,home,Cologne,,DE,home_return,,public_transport,,7.75,True,True,True
a0827457-e182-5af4-9c68-66da81040b59,d90794d2-efac-5b8d-b1cd-01244a890cb2,2025-02-10 12:55:00+01:00,2025-02-10 13:07:00+01:00,12,home,Cologne,,DE,shops,Cologne,,DE,errands,,e_scooter,,3.0,False,False,False
08540f43-00ca-506b-b765-f5f75c2bd643,d90794d2-efac-5b8d-b1cd-01244a890cb2,2025-02-11 09:05:00+01:00,2025-02-11 09:25:00+01:00,17,home,Cologne,,DE,office,Cologne,,DE,commute,,public_transport,,6.73,True,True,True
32d55ede-298e-5145-98d5-2eeb9a642c94,d90794d2-efac-5b8d-b1cd-01244a890cb2,2025-02-11 16:11:00+01:00,2025-02-11 16:33:00+01:00,21,office,Cologne,,DE,home,Cologne,,DE,home_return,,public_transport,,7.09,True,True,True
0c22a9d6-2c0b-5ff7-8336-5d5a5db32867,d90794d2-efac-5b8d-b1cd-01244a890cb2,2025-02-11 13:15:00+01:00,2025-02-11 13:21:00+01:00,6,home,Cologne,,DE,shops,Cologne,,DE,errands,,e_scooter,,1.5,False,False,False
dceaf533-880b-584d-92ad-854e1233d6bf,d90794d2-efac-5b8d-b1cd-01244a890cb2,2025-02-19 08:48:00+01:00,2025-02-19 09:12:00+01:00,19,home,Cologne,,DE,office,Cologne,,DE,commute,,public_transport,,7.31,True,True,True
990fda53-7b60-5a5b-921e-de82d966260c,d90794d2-efac-5b8d-b1cd-01244a890cb2,2025-02-19 16:07:00+01:00,2025-02-19 16:29:00+01:00,21,office,Cologne,,DE,home,Cologne,,DE,home_return,,public_transport,,7.37,True,True,True
22b19f12-4c20-59cf-b362-9f7af25e3236,d90794d2-efac-5b8d-b1cd-01244a890cb2,2025-02-20 13:07:00+01:00,2025-02-20 13:12:00+01:00,5,home,Cologne,,DE,shops,Cologne,,DE,errands,,e_scooter,,1.3,False,False,False
0e0e5fc3-0537-5729-bc29-d7cf64dd82dd,d90794d2-efac-5b8d-b1cd-01244a890cb2,2025-02-21 08:41:00+01:00,2025-02-21 09:00:00+01:00,17,home,Cologne,,DE,office,Cologne,,DE,commute,,public_transport,,6.01,True,True,True
ddc8a3e9-96fa-56fb-8a3d-d4d636018eb3,d90794d2-efac-5b8d-b1cd-01244a890cb2,2025-02-21 15:32:00+01:00,2025-02-21 15:52:00+01:00,19,office,Cologne,,DE,home,Cologne,,DE,home_return,,public_transport,,6.12,True,True,True
c088d936-d449-5e45-80f4-e38998311763,d90794d2-efac-5b8d-b1cd-01244a890cb2,2025-02-22 11:14:00+01:00,2025-02-22 11:22:00+01:00,8,home,Cologne,,DE,friend's place,Cologne,,DE,social,,e_scooter,,2.0,False,False,False
b1349881-bbd8-5192-b541-2fdbebaa95a1,d90794d2-efac-5b8d-b1cd-01244a890cb2,2025-02-24 08:43:00+01:00,2025-02-24 09:03:00+01:00,19,home,Cologne,,DE,office,Cologne,,DE,commute,,public_transport,,6.1,True,True,True
acb9e175-faf3-5e90-a57b-015c2f2a8fa2,d90794d2-efac-5b8d-b1cd-01244a890cb2,2025-02-24 15:50:00+01:00,2025-02-24 16:14:00+01:00,19,office,Cologne,,DE,home,Cologne,,DE,home_return,,public_transport,,6.11,True,True,True
a278b352-17c2-5ce2-bc78-8b8045cf0cf7,d90794d2-efac-5b8d-b1cd-01244a890cb2,2025-02-25 08:43:00+01:00,2025-02-25 09:03:00+01:00,18,home,Cologne,,DE,office,Cologne,,DE,commute,,public_transport,,6.92,True,True,True
57500406-d07d-5d70-b9d5-319a48d539cf,d90794d2-efac-5b8d-b1cd-01244a890cb2,2025-02-25 16:30:00+01:00,2025-02-25 16:48:00+01:00,17,office,Cologne,,DE,home,Cologne,,DE,home_return,,public_transport,,6.83,True,True,True
6bcd9242-f830-532f-8dc7-110c04992d8d,d90794d2-efac-5b8d-b1cd-01244a890cb2,2025-02-28 08:48:00+01:00,2025-02-28 09:11:00+01:00,19,home,Cologne,,DE,office,Cologne,,DE,commute,,public_transport,,6.12,True,True,True
13dfb309-83d4-5bb6-9971-3a273d2956e3,d90794d2-efac-5b8d-b1cd-01244a890cb2,2025-02-28 16:00:00+01:00,2025-02-28 16:24:00+01:00,19,office,Cologne,,DE,home,Cologne,,DE,home_return,,public_transport,,6.09,True,True,True
93825dfa-801b-58ac-a23a-138bcaa4040c,d90794d2-efac-5b8d-b1cd-01244a890cb2,2025-03-01 12:50:00+01:00,2025-03-01 12:58:00+01:00,8,home,Cologne,,DE,friend's place,Cologne,,DE,social,,e_scooter,,2.0,False,False,False
07bcce1d-17f8-574f-98e0-d36ed3d6422d,d90794d2-efac-5b8d-b1cd-01244a890cb2,2025-03-03 08:31:00+01:00,2025-03-03 08:55:00+01:00,20,home,Cologne,,DE,office,Cologne,,DE,commute,,public_transport,,7.48,True,True,True
184d46bc-5d74-53a2-b5b4-ea1a72771355,d90794d2-efac-5b8d-b1cd-01244a890cb2,2025-03-03 16:30:00+01:00,2025-03-03 16:52:00+01:00,20,office,Cologne,,DE,home,Cologne,,DE,home_return,,public_transport,,7.43,True,True,True
b3611311-a8f1-5983-8f26-2512ba7d07c6,d90794d2-efac-5b8d-b1cd-01244a890cb2,2025-03-05 09:21:00+01:00,2025-03-05 09:41:00+01:00,19,home,Cologne,,DE,office,Cologne,,DE,commute,,public_transport,,7.07,True,True,True
15e24fc0-3028-538d-a9f8-25fc64ca3233,d90794d2-efac-5b8d-b1cd-01244a890cb2,2025-03-05 16:26:00+01:00,2025-03-05 16:52:00+01:00,23,office,Cologne,,DE,home,Cologne,,DE,home_return,,public_transport,,7.36,True,True,True
8cc74d8d-2f37-5bde-a18c-6c2ed283fbc7,d90794d2-efac-5b8d-b1cd-01244a890cb2,2025-03-10 09:19:00+01:00,2025-03-10 09:42:00+01:00,18,home,Cologne,,DE,office,Cologne,,DE,commute,,public_transport,,5.9,True,True,True
dae2ea27-db98-58da-9b0d-513d660fcdaa,d90794d2-efac-5b8d-b1cd-01244a890cb2,2025-03-10 16:00:00+01:00,2025-03-10 16:21:00+01:00,18,office,Cologne,,DE,home,Cologne,,DE,home_return,,public_transport,,5.87,True,True,True
01638aea-2a39-5ce1-b0a7-8cf3c95cc231,d90794d2-efac-5b8d-b1cd-01244a890cb2,2025-03-12 09:23:00+01:00,2025-03-12 09:44:00+01:00,18,home,Cologne,,DE,office,Cologne,,DE,commute,,public_transport,,6.49,True,True,True
4319b4c8-9dcb-5c09-8c39-2506166835e4,d90794d2-efac-5b8d-b1cd-01244a890cb2,2025-03-12 16:00:00+01:00,2025-03-12 16:23:00+01:00,20,office,Cologne,,DE,home,Cologne,,DE,home_return,,public_transport,,6.6,True,True,True
81e2231b-ac10-5779-88c7-26cbe1919d10,d90794d2-efac-5b8d-b1cd-01244a890cb2,2025-03-14 09:05:00+01:00,2025-03-14 09:29:00+01:00,19,home,Cologne,,DE,office,Cologne,,DE,commute,,public_transport,,6.3,True,True,True
f72b637f-08a9-5c29-902b-0c4ec6f0a924,d90794d2-efac-5b8d-b1cd-01244a890cb2,2025-03-14 15:44:00+01:00,2025-03-14 16:04:00+01:00,16,office,Cologne,,DE,home,Cologne,,DE,home_return,,public_transport,,6.09,True,True,True
5a2d6567-3f8a-5449-ae7b-aae8f12e315c,d90794d2-efac-5b8d-b1cd-01244a890cb2,2025-03-15 12:10:00+01:00,2025-03-15 12:23:00+01:00,13,home,Cologne,,DE,friend's place,Cologne,,DE,social,,e_scooter,,3.2,False,False,False
50ae193a-52e0-5081-bb0f-427e8e491cc5,d90794d2-efac-5b8d-b1cd-01244a890cb2,2025-03-17 09:28:00+01:00,2025-03-17 09:49:00+01:00,18,home,Cologne,,DE,office,Cologne,,DE,commute,,public_transport,,6.27,True,True,True
549de8c5-e023-5672-b98c-cb47894082c9,d90794d2-efac-5b8d-b1cd-01244a890cb2,2025-03-17 16:26:00+01:00,2025-03-17 16:48:00+01:00,19,office,Cologne,,DE,home,Cologne,,DE,home_return,,public_transport,,6.41,True,True,True
2605ebac-df78-5312-8031-e29010b53cdf,d90794d2-efac-5b8d-b1cd-01244a890cb2,2025-03-18 09:08:00+01:00,2025-03-18 09:27:00+01:00,17,home,Cologne,,DE,office,Cologne,,DE,commute,,public_transport,,6.22,True,True,True
cdf8368e-7b76-5a7b-948a-8675ed5c636c,d90794d2-efac-5b8d-b1cd-01244a890cb2,2025-03-18 16:14:00+01:00,2025-03-18 16:34:00+01:00,19,office,Cologne,,DE,home,Cologne,,DE,home_return,,public_transport,,6.39,True,True,True
2247cb4f-81de-5e3a-ac25-856ea70b484b,d90794d2-efac-5b8d-b1cd-01244a890cb2,2025-03-20 12:44:00+01:00,2025-03-20 12:53:00+01:00,9,home,Cologne,,DE,shops,Cologne,,DE,errands,,e_scooter,,2.3,False,False,False
6591511d-2ac9-5c01-a77d-fa82e0718c48,d90794d2-efac-5b8d-b1cd-01244a890cb2,2025-03-21 08:52:00+01:00,2025-03-21 09:19:00+01:00,22,home,Cologne,,DE,office,Cologne,,DE,commute,,public_transport,,6.85,True,True,True
e8bd4784-a84f-5b90-a3e1-d3fffc4d2da9,d90794d2-efac-5b8d-b1cd-01244a890cb2,2025-03-21 15:31:00+01:00,2025-03-21 15:56:00+01:00,20,office,Cologne,,DE,home,Cologne,,DE,home_return,,public_transport,,6.67,True,True,True
a89ac261-dc11-502d-8960-8a909e3f0817,d90794d2-efac-5b8d-b1cd-01244a890cb2,2025-03-22 12:34:00+01:00,2025-03-22 12:42:00+01:00,8,home,Cologne,,DE,friend's place,Cologne,,DE,social,,e_scooter,,1.9,False,False,False
ad4e04f6-0566-5b5c-a1a1-6452c1015bb8,d90794d2-efac-5b8d-b1cd-01244a890cb2,2025-03-24 08:58:00+01:00,2025-03-24 09:17:00+01:00,18,home,Cologne,,DE,office,Cologne,,DE,commute,,public_transport,,5.95,True,True,True
83a5f1a1-aec1-56df-842a-396e3d3b9206,d90794d2-efac-5b8d-b1cd-01244a890cb2,2025-03-24 16:16:00+01:00,2025-03-24 16:39:00+01:00,20,office,Cologne,,DE,home,Cologne,,DE,home_return,,public_transport,,6.19,True,True,True
4eff9598-ed31-5a9f-8992-8b689a6a4cc2,d90794d2-efac-5b8d-b1cd-01244a890cb2,2025-03-26 08:40:00+01:00,2025-03-26 09:02:00+01:00,18,home,Cologne,,DE,office,Cologne,,DE,commute,,public_transport,,6.43,True,True,True
fb129cb2-1ab5-5cd1-b680-bfc426625d34,d90794d2-efac-5b8d-b1cd-01244a890cb2,2025-03-26 16:18:00+01:00,2025-03-26 16:38:00+01:00,16,office,Cologne,,DE,home,Cologne,,DE,home_return,,public_transport,,6.25,True,True,True
d8f2f18c-0a68-5a95-8424-1ee791749e3f,d90794d2-efac-5b8d-b1cd-01244a890cb2,2025-04-06 12:33:00+01:00,2025-04-06 12:41:00+01:00,8,home,Cologne,,DE,friend's place,Cologne,,DE,social,,e_scooter,,2.0,False,False,False
7142d630-f56f-5b1b-825a-2ffbee2e4ee4,d90794d2-efac-5b8d-b1cd-01244a890cb2,2025-04-07 09:19:00+01:00,2025-04-07 09:43:00+01:00,19,home,Cologne,,DE,office,Cologne,,DE,commute,,public_transport,,6.45,True,True,True
e6e246f4-569c-5bc9-8058-56906eff7bce,d90794d2-efac-5b8d-b1cd-01244a890cb2,2025-04-07 16:14:00+01:00,2025-04-07 16:38:00+01:00,19,office,Cologne,,DE,home,Cologne,,DE,home_return,,public_transport,,6.43,True,True,True
67855623-7c7a-5593-bade-e12f0d8f9baa,d90794d2-efac-5b8d-b1cd-01244a890cb2,2025-04-07 13:28:00+01:00,2025-04-07 13:37:00+01:00,9,home,Cologne,,DE,shops,Cologne,,DE,errands,,e_scooter,,2.2,False,False,False
d2452bd9-6be0-5e73-af0b-4e0113520b36,d90794d2-efac-5b8d-b1cd-01244a890cb2,2025-04-09 09:26:00+01:00,2025-04-09 09:44:00+01:00,17,home,Cologne,,DE,office,Cologne,,DE,commute,,public_transport,,6.07,True,True,True
d029caae-32ef-5d71-8d05-5066da468443,d90794d2-efac-5b8d-b1cd-01244a890cb2,2025-04-09 16:08:00+01:00,2025-04-09 16:30:00+01:00,17,office,Cologne,,DE,home,Cologne,,DE,home_return,,public_transport,,6.07,True,True,True
3c2ab8eb-c7d5-5f5d-b15d-26ca188ad8e2,d90794d2-efac-5b8d-b1cd-01244a890cb2,2025-04-11 08:41:00+01:00,2025-04-11 09:00:00+01:00,17,home,Cologne,,DE,office,Cologne,,DE,commute,,public_transport,,6.01,True,True,True
fe84f2ff-d653-5c48-85f7-85af7989a645,d90794d2-efac-5b8d-b1cd-01244a890cb2,2025-04-11 16:20:00+01:00,2025-04-11 16:42:00+01:00,17,office,Cologne,,DE,home,Cologne,,DE,home_return,,public_transport,,6.06,True,True,True
7a4d9bb0-9438-5be8-bacf-d2dc1b99f4a4,d90794d2-efac-5b8d-b1cd-01244a890cb2,2025-04-13 11:58:00+01:00,2025-04-13 12:12:00+01:00,14,home,Cologne,,DE,friend's place,Cologne,,DE,social,,e_scooter,,3.4,False,False,False
4a338372-6bb1-54c2-b569-0dc9f853d3ef,d90794d2-efac-5b8d-b1cd-01244a890cb2,2025-04-14 13:19:00+01:00,2025-04-14 13:31:00+01:00,12,home,Cologne,,DE,shops,Cologne,,DE,errands,,e_scooter,,2.9,False,False,False
26501c50-788f-575f-a4c6-5475945edaca,d90794d2-efac-5b8d-b1cd-01244a890cb2,2025-04-15 12:31:00+01:00,2025-04-15 12:43:00+01:00,12,home,Cologne,,DE,shops,Cologne,,DE,errands,,e_scooter,,3.0,False,False,False
9f3cc709-ba0c-5c07-a06e-5216586e2c9c,d90794d2-efac-5b8d-b1cd-01244a890cb2,2025-04-16 09:10:00+01:00,2025-04-16 09:31:00+01:00,19,home,Cologne,,DE,office,Cologne,,DE,commute,,public_transport,,7.06,True,True,True
137255f5-6e86-5733-9f84-0b952abac91c,d90794d2-efac-5b8d-b1cd-01244a890cb2,2025-04-16 16:21:00+01:00,2025-04-16 16:49:00+01:00,23,office,Cologne,,DE,home,Cologne,,DE,home_return,,public_transport,,7.41,True,True,True
83b27b9e-90a2-589e-a480-b62355c8442c,d90794d2-efac-5b8d-b1cd-01244a890cb2,2025-04-16 13:08:00+01:00,2025-04-16 13:18:00+01:00,10,home,Cologne,,DE,shops,Cologne,,DE,errands,,e_scooter,,2.6,False,False,False
685cc8e0-81ed-5a54-8975-edbf5c3c185a,d90794d2-efac-5b8d-b1cd-01244a890cb2,2025-04-17 08:54:00+01:00,2025-04-17 09:21:00+01:00,22,home,Cologne,,DE,office,Cologne,,DE,commute,,public_transport,,6.72,True,True,True
1640c08d-10ea-5de3-aaf4-f4cc76ffc399,d90794d2-efac-5b8d-b1cd-01244a890cb2,2025-04-17 16:18:00+01:00,2025-04-17 16:42:00+01:00,19,office,Cologne,,DE,home,Cologne,,DE,home_return,,public_transport,,6.53,True,True,True
74323787-19c7-514b-b7c5-e39ff668a65c,d90794d2-efac-5b8d-b1cd-01244a890cb2,2025-04-20 12:37:00+01:00,2025-04-20 12:45:00+01:00,8,home,Cologne,,DE,friend's place,Cologne,,DE,social,,e_scooter,,1.9,False,False,False
30e0f29c-911a-59bc-8a8f-3e53c11b6821,d90794d2-efac-5b8d-b1cd-01244a890cb2,2025-04-21 08:32:00+01:00,2025-04-21 08:53:00+01:00,20,home,Cologne,,DE,office,Cologne,,DE,commute,,public_transport,,6.61,True,True,True
5910c731-0808-5936-8eb4-1356cd982255,d90794d2-efac-5b8d-b1cd-01244a890cb2,2025-04-21 15:30:00+01:00,2025-04-21 15:55:00+01:00,21,office,Cologne,,DE,home,Cologne,,DE,home_return,,public_transport,,6.67,True,True,True
94f68d58-e052-5ed9-b06e-ac5173915681,d90794d2-efac-5b8d-b1cd-01244a890cb2,2025-04-22 09:03:00+01:00,2025-04-22 09:21:00+01:00,17,home,Cologne,,DE,office,Cologne,,DE,commute,,public_transport,,6.67,True,True,True
ffebf9e2-0565-5c20-a2ae-9827e71f9a54,d90794d2-efac-5b8d-b1cd-01244a890cb2,2025-04-22 15:39:00+01:00,2025-04-22 16:01:00+01:00,19,office,Cologne,,DE,home,Cologne,,DE,home_return,,public_transport,,6.78,True,True,True
53a44941-9e3c-5b39-b85b-7280c3d0f84b,d90794d2-efac-5b8d-b1cd-01244a890cb2,2025-04-22 12:40:00+01:00,2025-04-22 12:47:00+01:00,7,home,Cologne,,DE,shops,Cologne,,DE,errands,,e_scooter,,1.8,False,False,False
ea374657-78eb-5f9d-bec7-441778c345d4,d90794d2-efac-5b8d-b1cd-01244a890cb2,2025-04-23 09:15:00+01:00,2025-04-23 09:36:00+01:00,17,home,Cologne,,DE,office,Cologne,,DE,commute,,public_transport,,5.85,True,True,True
5ca18c20-6833-5c75-bf86-a9a7c2507272,d90794d2-efac-5b8d-b1cd-01244a890cb2,2025-04-23 15:56:00+01:00,2025-04-23 16:19:00+01:00,19,office,Cologne,,DE,home,Cologne,,DE,home_return,,public_transport,,6.08,True,True,True
c65e175a-f743-51f6-8b12-25f9de76c868,d90794d2-efac-5b8d-b1cd-01244a890cb2,2025-04-24 09:10:00+01:00,2025-04-24 09:34:00+01:00,19,home,Cologne,,DE,office,Cologne,,DE,commute,,public_transport,,7.03,True,True,True
a6e622e8-6bca-5dd4-8add-fb77670f1267,d90794d2-efac-5b8d-b1cd-01244a890cb2,2025-04-24 15:34:00+01:00,2025-04-24 15:58:00+01:00,23,office,Cologne,,DE,home,Cologne,,DE,home_return,,public_transport,,7.29,True,True,True
1d1ab1c4-530c-5cf7-89b9-4ac56b271f67,d90794d2-efac-5b8d-b1cd-01244a890cb2,2025-04-27 12:49:00+01:00,2025-04-27 13:02:00+01:00,13,home,Cologne,,DE,friend's place,Cologne,,DE,social,,e_scooter,,3.3,False,False,False
510b412d-4ccb-51ec-8d6d-3de3c0338c26,d90794d2-efac-5b8d-b1cd-01244a890cb2,2025-04-29 09:15:00+01:00,2025-04-29 09:34:00+01:00,18,home,Cologne,,DE,office,Cologne,,DE,commute,,public_transport,,6.22,True,True,True
08fcbc86-7f0c-5b0a-b010-d70b6aae8bd4,d90794d2-efac-5b8d-b1cd-01244a890cb2,2025-04-29 15:45:00+01:00,2025-04-29 16:06:00+01:00,17,office,Cologne,,DE,home,Cologne,,DE,home_return,,public_transport,,6.13,True,True,True
f61982b5-7e73-5bb6-a969-3442ddd1155b,d90794d2-efac-5b8d-b1cd-01244a890cb2,2025-04-30 09:12:00+01:00,2025-04-30 09:32:00+01:00,17,home,Cologne,,DE,office,Cologne,,DE,commute,,public_transport,,6.71,True,True,True
a79a5154-9858-59b0-946e-a668757f77e1,d90794d2-efac-5b8d-b1cd-01244a890cb2,2025-04-30 15:45:00+01:00,2025-04-30 16:07:00+01:00,20,office,Cologne,,DE,home,Cologne,,DE,home_return,,public_transport,,6.98,True,True,True
4621653f-7fee-54a7-8eb1-31dbde2d7986,d90794d2-efac-5b8d-b1cd-01244a890cb2,2025-05-02 08:35:00+01:00,2025-05-02 08:57:00+01:00,18,home,Cologne,,DE,office,Cologne,,DE,commute,,public_transport,,7.04,True,True,True
d6de08d6-98fa-56ac-9715-4946a7d03542,d90794d2-efac-5b8d-b1cd-01244a890cb2,2025-05-02 16:10:00+01:00,2025-05-02 16:34:00+01:00,21,office,Cologne,,DE,home,Cologne,,DE,home_return,,public_transport,,7.34,True,True,True
24e523aa-efc3-5c8c-b851-0edab1c57072,d90794d2-efac-5b8d-b1cd-01244a890cb2,2025-05-03 11:29:00+01:00,2025-05-03 11:39:00+01:00,10,home,Cologne,,DE,friend's place,Cologne,,DE,social,,e_scooter,,2.5,False,False,False
312e9a02-c290-5364-8830-1855eedfe1b6,d90794d2-efac-5b8d-b1cd-01244a890cb2,2025-05-05 09:16:00+01:00,2025-05-05 09:38:00+01:00,18,home,Cologne,,DE,office,Cologne,,DE,commute,,public_transport,,7.21,True,True,True
012b14a2-9130-5cd4-a20f-0a383eb0db79,d90794d2-efac-5b8d-b1cd-01244a890cb2,2025-05-05 16:20:00+01:00,2025-05-05 16:47:00+01:00,22,office,Cologne,,DE,home,Cologne,,DE,home_return,,public_transport,,7.56,True,True,True
2b705376-0fad-56ac-8a6c-79eae6d9be92,d90794d2-efac-5b8d-b1cd-01244a890cb2,2025-05-06 12:36:00+01:00,2025-05-06 12:42:00+01:00,6,home,Cologne,,DE,shops,Cologne,,DE,errands,,e_scooter,,1.6,False,False,False
750d01e5-4b4c-538d-a93a-d241c77cc11b,d90794d2-efac-5b8d-b1cd-01244a890cb2,2025-05-08 08:51:00+01:00,2025-05-08 09:16:00+01:00,20,home,Cologne,,DE,office,Cologne,,DE,commute,,public_transport,,7.65,True,True,True
dfa617d0-6bb5-589d-a2dd-f99414c03ab4,d90794d2-efac-5b8d-b1cd-01244a890cb2,2025-05-08 15:33:00+01:00,2025-05-08 15:57:00+01:00,21,office,Cologne,,DE,home,Cologne,,DE,home_return,,public_transport,,7.68,True,True,True
94ee2e1d-5b79-56a5-ac0f-1d7244ea153e,d90794d2-efac-5b8d-b1cd-01244a890cb2,2025-05-08 12:45:00+01:00,2025-05-08 12:57:00+01:00,12,home,Cologne,,DE,shops,Cologne,,DE,errands,,e_scooter,,3.1,False,False,False
a80cdc73-2efa-5f11-8016-d58b3d11d4cf,d90794d2-efac-5b8d-b1cd-01244a890cb2,2025-05-09 09:22:00+01:00,2025-05-09 09:47:00+01:00,22,home,Cologne,,DE,office,Cologne,,DE,commute,,public_transport,,7.81,True,True,True
0d01bc83-10cc-54df-bc6d-ce22c5a56bdb,d90794d2-efac-5b8d-b1cd-01244a890cb2,2025-05-09 16:26:00+01:00,2025-05-09 16:49:00+01:00,21,office,Cologne,,DE,home,Cologne,,DE,home_return,,public_transport,,7.73,True,True,True
f3be844f-6522-5fab-92fd-3d897215b1b9,d90794d2-efac-5b8d-b1cd-01244a890cb2,2025-05-10 11:58:00+01:00,2025-05-10 12:11:00+01:00,13,home,Cologne,,DE,friend's place,Cologne,,DE,social,,e_scooter,,3.3,False,False,False
6a3cf9ff-fc14-5cb7-9b90-7358cf95f106,d90794d2-efac-5b8d-b1cd-01244a890cb2,2025-05-14 08:55:00+01:00,2025-05-14 09:19:00+01:00,23,home,Cologne,,DE,office,Cologne,,DE,commute,,public_transport,,6.64,True,True,True
b42d08b6-dd8c-5266-956d-69db8f32fd28,d90794d2-efac-5b8d-b1cd-01244a890cb2,2025-05-14 16:24:00+01:00,2025-05-14 16:44:00+01:00,19,office,Cologne,,DE,home,Cologne,,DE,home_return,,public_transport,,6.29,True,True,True
3e7c8fab-ebf5-501c-9b14-d65d93d21ac0,d90794d2-efac-5b8d-b1cd-01244a890cb2,2025-05-16 08:59:00+01:00,2025-05-16 09:26:00+01:00,22,home,Cologne,,DE,office,Cologne,,DE,commute,,public_transport,,6.83,True,True,True
212b0ae5-3c4e-503f-95b9-109a079cadbb,d90794d2-efac-5b8d-b1cd-01244a890cb2,2025-05-16 16:03:00+01:00,2025-05-16 16:21:00+01:00,16,office,Cologne,,DE,home,Cologne,,DE,home_return,,public_transport,,6.28,True,True,True
2e127867-25a7-5d40-a709-0d21d6d6bcdf,d90794d2-efac-5b8d-b1cd-01244a890cb2,2025-05-16 13:07:00+01:00,2025-05-16 13:19:00+01:00,12,home,Cologne,,DE,shops,Cologne,,DE,errands,,e_scooter,,3.0,False,False,False
cc193d2c-4921-5b8d-bef8-a1a80de54680,d90794d2-efac-5b8d-b1cd-01244a890cb2,2025-05-18 12:58:00+01:00,2025-05-18 13:10:00+01:00,12,home,Cologne,,DE,friend's place,Cologne,,DE,social,,e_scooter,,3.0,False,False,False
b8e9207c-3f6e-530e-930c-02df5e665ea4,d90794d2-efac-5b8d-b1cd-01244a890cb2,2025-05-19 09:01:00+01:00,2025-05-19 09:23:00+01:00,17,home,Cologne,,DE,office,Cologne,,DE,commute,,public_transport,,6.81,True,True,True
e8ae135a-4409-5006-96e6-5832a8139726,d90794d2-efac-5b8d-b1cd-01244a890cb2,2025-05-19 16:16:00+01:00,2025-05-19 16:44:00+01:00,23,office,Cologne,,DE,home,Cologne,,DE,home_return,,public_transport,,7.29,True,True,True
9ed4ac56-2c21-5077-946f-c13dcdf852fe,d90794d2-efac-5b8d-b1cd-01244a890cb2,2025-05-21 13:21:00+01:00,2025-05-21 13:31:00+01:00,10,home,Cologne,,DE,shops,Cologne,,DE,errands,,e_scooter,,2.5,False,False,False
228b4336-b2bf-54ff-a489-1ea5bc420cbf,d90794d2-efac-5b8d-b1cd-01244a890cb2,2025-05-23 08:44:00+01:00,2025-05-23 09:08:00+01:00,21,home,Cologne,,DE,office,Cologne,,DE,commute,,public_transport,,7.02,True,True,True
9157dbfe-4de5-5033-b61d-9175837a318a,d90794d2-efac-5b8d-b1cd-01244a890cb2,2025-05-23 16:07:00+01:00,2025-05-23 16:29:00+01:00,20,office,Cologne,,DE,home,Cologne,,DE,home_return,,public_transport,,6.94,True,True,True
f986b2b1-adba-5b94-b2af-ad2aafcfc695,d90794d2-efac-5b8d-b1cd-01244a890cb2,2025-05-25 09:42:00+01:00,2025-05-25 10:01:00+01:00,19,home,Cologne,,DE,furniture_store,Cologne,,DE,shopping,,car_sharing,,9.5,False,False,False
a0e130c9-60c7-562d-8e63-f46152da2fb1,d90794d2-efac-5b8d-b1cd-01244a890cb2,2025-05-26 08:32:00+01:00,2025-05-26 08:53:00+01:00,18,home,Cologne,,DE,office,Cologne,,DE,commute,,public_transport,,6.35,True,True,True
29130ea0-cdeb-52b6-bad5-fa9fc4e91945,d90794d2-efac-5b8d-b1cd-01244a890cb2,2025-05-26 16:04:00+01:00,2025-05-26 16:27:00+01:00,20,office,Cologne,,DE,home,Cologne,,DE,home_return,,public_transport,,6.51,True,True,True
2650dffd-b226-52cd-8605-f72f05a5f7e6,d90794d2-efac-5b8d-b1cd-01244a890cb2,2025-05-27 08:55:00+01:00,2025-05-27 09:18:00+01:00,22,home,Cologne,,DE,office,Cologne,,DE,commute,,public_transport,,6.99,True,True,True
748f86cf-ec17-51d6-af3b-e7223a2576d6,d90794d2-efac-5b8d-b1cd-01244a890cb2,2025-05-27 15:36:00+01:00,2025-05-27 15:57:00+01:00,20,office,Cologne,,DE,home,Cologne,,DE,home_return,,public_transport,,6.82,True,True,True
c352f349-2ac4-5c97-b2df-811963c3491b,d90794d2-efac-5b8d-b1cd-01244a890cb2,2025-05-28 12:53:00+01:00,2025-05-28 13:06:00+01:00,13,home,Cologne,,DE,shops,Cologne,,DE,errands,,e_scooter,,3.2,False,False,False
833fd6bd-37ce-56cb-9edb-6f0653ad0bf7,d90794d2-efac-5b8d-b1cd-01244a890cb2,2025-05-29 12:31:00+01:00,2025-05-29 12:44:00+01:00,13,home,Cologne,,DE,shops,Cologne,,DE,errands,,e_scooter,,3.2,False,False,False
c0bf6e22-db82-52b6-a125-effd7b3b55e0,d90794d2-efac-5b8d-b1cd-01244a890cb2,2025-05-30 12:43:00+01:00,2025-05-30 12:57:00+01:00,14,home,Cologne,,DE,shops,Cologne,,DE,errands,,e_scooter,,3.4,False,False,False
6ad12f48-a310-5c74-b12b-47a8bda1fa45,d90794d2-efac-5b8d-b1cd-01244a890cb2,2025-05-31 12:54:00+01:00,2025-05-31 13:02:00+01:00,8,home,Cologne,,DE,friend's place,Cologne,,DE,social,,e_scooter,,2.0,False,False,False
c6198149-75f8-50cb-b810-0278766c54a7,d90794d2-efac-5b8d-b1cd-01244a890cb2,2025-05-31 10:10:00+01:00,2025-05-31 10:29:00+01:00,19,home,Cologne,,DE,furniture_store,Cologne,,DE,shopping,,car_sharing,,9.3,False,False,False
8f4f3adb-3407-50b7-acac-1b63ef0f81d9,d90794d2-efac-5b8d-b1cd-01244a890cb2,2025-06-06 13:05:00+01:00,2025-06-06 13:12:00+01:00,7,home,Cologne,,DE,shops,Cologne,,DE,errands,,e_scooter,,1.8,False,False,False
2b6f5381-fa6d-5149-9aea-5b3e955c291d,d90794d2-efac-5b8d-b1cd-01244a890cb2,2025-06-08 12:01:00+01:00,2025-06-08 12:10:00+01:00,9,home,Cologne,,DE,friend's place,Cologne,,DE,social,,e_scooter,,2.2,False,False,False
ee62326b-8fcd-5386-83a8-76a0dec3d9d3,d90794d2-efac-5b8d-b1cd-01244a890cb2,2025-06-12 08:53:00+01:00,2025-06-12 09:19:00+01:00,21,home,Cologne,,DE,office,Cologne,,DE,commute,,public_transport,,6.29,True,True,True
a6845915-764e-5d3c-b3fe-3f165206ef64,d90794d2-efac-5b8d-b1cd-01244a890cb2,2025-06-12 16:02:00+01:00,2025-06-12 16:23:00+01:00,20,office,Cologne,,DE,home,Cologne,,DE,home_return,,public_transport,,6.23,True,True,True
826c8ba2-d0cc-5903-b4e9-bd07de3f1caa,d90794d2-efac-5b8d-b1cd-01244a890cb2,2025-06-13 08:58:00+01:00,2025-06-13 09:18:00+01:00,18,home,Cologne,,DE,office,Cologne,,DE,commute,,public_transport,,5.92,True,True,True
71589dec-802f-5729-ba94-d08a3a74250a,d90794d2-efac-5b8d-b1cd-01244a890cb2,2025-06-13 16:08:00+01:00,2025-06-13 16:32:00+01:00,20,office,Cologne,,DE,home,Cologne,,DE,home_return,,public_transport,,6.09,True,True,True
c153bffe-0a17-5ee8-adbd-35c6a7812f00,d90794d2-efac-5b8d-b1cd-01244a890cb2,2025-06-15 12:17:00+01:00,2025-06-15 12:29:00+01:00,12,home,Cologne,,DE,friend's place,Cologne,,DE,social,,e_scooter,,2.9,False,False,False
c87db7f0-1059-51f2-8a24-b6d7059eba66,d90794d2-efac-5b8d-b1cd-01244a890cb2,2025-06-17 12:39:00+01:00,2025-06-17 12:48:00+01:00,9,home,Cologne,,DE,shops,Cologne,,DE,errands,,e_scooter,,2.3,False,False,False
e05e63b1-86ca-5e03-847c-5fcf1b3923e6,d90794d2-efac-5b8d-b1cd-01244a890cb2,2025-06-18 09:30:00+01:00,2025-06-18 09:51:00+01:00,16,home,Cologne,,DE,office,Cologne,,DE,commute,,public_transport,,6.29,True,True,True
4f9c2f81-9db4-552d-8fcf-3877880f17fb,d90794d2-efac-5b8d-b1cd-01244a890cb2,2025-06-18 15:31:00+01:00,2025-06-18 15:58:00+01:00,22,office,Cologne,,DE,home,Cologne,,DE,home_return,,public_transport,,6.79,True,True,True
15018d3f-b6a7-5a15-8c10-86939340f59b,d90794d2-efac-5b8d-b1cd-01244a890cb2,2025-06-19 08:42:00+01:00,2025-06-19 09:03:00+01:00,19,home,Cologne,,DE,office,Cologne,,DE,commute,,public_transport,,6.28,True,True,True
f5d093cb-cbad-5000-885a-bc23662184a9,d90794d2-efac-5b8d-b1cd-01244a890cb2,2025-06-19 15:39:00+01:00,2025-06-19 16:02:00+01:00,18,office,Cologne,,DE,home,Cologne,,DE,home_return,,public_transport,,6.21,True,True,True
94a12108-dac8-5586-8290-369f531b763e,d90794d2-efac-5b8d-b1cd-01244a890cb2,2025-06-24 09:17:00+01:00,2025-06-24 09:39:00+01:00,20,home,Cologne,,DE,office,Cologne,,DE,commute,,public_transport,,6.73,True,True,True
398271bc-7a6c-55dc-b2d4-6289fa9053cc,d90794d2-efac-5b8d-b1cd-01244a890cb2,2025-06-24 15:44:00+01:00,2025-06-24 16:09:00+01:00,22,office,Cologne,,DE,home,Cologne,,DE,home_return,,public_transport,,6.83,True,True,True
3474df0a-c190-5f81-aedd-ac2839574cad,d90794d2-efac-5b8d-b1cd-01244a890cb2,2025-06-26 12:48:00+01:00,2025-06-26 13:00:00+01:00,12,home,Cologne,,DE,shops,Cologne,,DE,errands,,e_scooter,,3.0,False,False,False
5081ec11-1f35-512e-8c2f-fa2d07bd6be0,d90794d2-efac-5b8d-b1cd-01244a890cb2,2025-06-29 12:18:00+01:00,2025-06-29 12:31:00+01:00,13,home,Cologne,,DE,friend's place,Cologne,,DE,social,,e_scooter,,3.2,False,False,False
bfefac5c-18ab-52fb-81b6-964eb965aa20,d90794d2-efac-5b8d-b1cd-01244a890cb2,2025-06-29 10:40:00+01:00,2025-06-29 11:06:00+01:00,26,home,Cologne,,DE,furniture_store,Cologne,,DE,shopping,,car_sharing,,13.0,False,False,False
911aff7d-3f0b-5e8e-8e54-71295d0cdf2d,d90794d2-efac-5b8d-b1cd-01244a890cb2,2025-07-02 08:54:00+01:00,2025-07-02 09:17:00+01:00,22,home,Cologne,,DE,office,Cologne,,DE,commute,,public_transport,,7.42,True,True,True
9c33bed9-901b-5643-aa83-6fd59ed0c1ca,d90794d2-efac-5b8d-b1cd-01244a890cb2,2025-07-02 15:43:00+01:00,2025-07-02 16:06:00+01:00,19,office,Cologne,,DE,home,Cologne,,DE,home_return,,public_transport,,7.14,True,True,True
30ebf4b1-d220-5a80-a91b-685797a65a9d,d90794d2-efac-5b8d-b1cd-01244a890cb2,2025-07-06 12:39:00+01:00,2025-07-06 12:53:00+01:00,14,home,Cologne,,DE,friend's place,Cologne,,DE,social,,e_scooter,,3.6,False,False,False
c7158003-fd6d-5a01-9087-99928e133b43,d90794d2-efac-5b8d-b1cd-01244a890cb2,2025-07-07 08:49:00+01:00,2025-07-07 09:11:00+01:00,21,home,Cologne,,DE,office,Cologne,,DE,commute,,public_transport,,7.38,True,True,True
0f231851-24e6-5c00-bd80-0852a30ff0bf,d90794d2-efac-5b8d-b1cd-01244a890cb2,2025-07-07 16:23:00+01:00,2025-07-07 16:44:00+01:00,19,office,Cologne,,DE,home,Cologne,,DE,home_return,,public_transport,,7.12,True,True,True
82f54961-7adf-5db3-8af9-1926c44d2c69,d90794d2-efac-5b8d-b1cd-01244a890cb2,2025-07-10 12:54:00+01:00,2025-07-10 13:08:00+01:00,14,home,Cologne,,DE,shops,Cologne,,DE,errands,,e_scooter,,3.4,False,False,False
89257b8a-c084-5af7-9b21-317fcdede53e,d90794d2-efac-5b8d-b1cd-01244a890cb2,2025-07-11 09:22:00+01:00,2025-07-11 09:42:00+01:00,19,home,Cologne,,DE,office,Cologne,,DE,commute,,public_transport,,7.05,True,True,True
e8fdfad3-fbfe-5a4d-90a8-256f339ebc02,d90794d2-efac-5b8d-b1cd-01244a890cb2,2025-07-11 15:34:00+01:00,2025-07-11 15:53:00+01:00,16,office,Cologne,,DE,home,Cologne,,DE,home_return,,public_transport,,6.75,True,True,True
4a680a15-fcc1-52c1-b519-48ae41b4fc71,d90794d2-efac-5b8d-b1cd-01244a890cb2,2025-07-12 11:06:00+01:00,2025-07-12 11:19:00+01:00,13,home,Cologne,,DE,friend's place,Cologne,,DE,social,,e_scooter,,3.3,False,False,False
f50d99e5-19c5-50ff-bc10-ef9319b41c3d,d90794d2-efac-5b8d-b1cd-01244a890cb2,2025-07-16 09:10:00+01:00,2025-07-16 09:32:00+01:00,18,home,Cologne,,DE,office,Cologne,,DE,commute,,public_transport,,6.35,True,True,True
f1352e81-bd90-5478-866d-ead46d6331c4,d90794d2-efac-5b8d-b1cd-01244a890cb2,2025-07-16 16:08:00+01:00,2025-07-16 16:32:00+01:00,20,office,Cologne,,DE,home,Cologne,,DE,home_return,,public_transport,,6.57,True,True,True
d70b0d2d-61a0-55b1-bdb2-cc4ea4cc6310,d90794d2-efac-5b8d-b1cd-01244a890cb2,2025-07-18 08:31:00+01:00,2025-07-18 08:53:00+01:00,18,home,Cologne,,DE,office,Cologne,,DE,commute,,public_transport,,6.08,True,True,True
d39d2455-d88d-53fa-a07f-0f35cda010d7,d90794d2-efac-5b8d-b1cd-01244a890cb2,2025-07-18 16:22:00+01:00,2025-07-18 16:43:00+01:00,20,office,Cologne,,DE,home,Cologne,,DE,home_return,,public_transport,,6.29,True,True,True
f8a0e975-40cc-564c-8c59-9dd1aba15607,d90794d2-efac-5b8d-b1cd-01244a890cb2,2025-07-19 09:02:00+01:00,2025-07-19 09:28:00+01:00,26,home,Cologne,,DE,furniture_store,Cologne,,DE,shopping,,car_sharing,,12.8,False,False,False
007ce943-a13a-5643-8ce4-8d78acfdcfc1,d90794d2-efac-5b8d-b1cd-01244a890cb2,2025-07-21 08:42:00+01:00,2025-07-21 09:03:00+01:00,19,home,Cologne,,DE,office,Cologne,,DE,commute,,public_transport,,6.27,True,True,True
97507276-21ab-5e80-9760-952304118d88,d90794d2-efac-5b8d-b1cd-01244a890cb2,2025-07-21 15:50:00+01:00,2025-07-21 16:12:00+01:00,20,office,Cologne,,DE,home,Cologne,,DE,home_return,,public_transport,,6.36,True,True,True
30a1109f-de95-569e-af7f-fa4fb52cf06d,d90794d2-efac-5b8d-b1cd-01244a890cb2,2025-07-22 08:35:00+01:00,2025-07-22 08:56:00+01:00,19,home,Cologne,,DE,office,Cologne,,DE,commute,,public_transport,,6.83,True,True,True
0c75bfdc-fbf7-5e1f-98aa-be121448cbff,d90794d2-efac-5b8d-b1cd-01244a890cb2,2025-07-22 15:35:00+01:00,2025-07-22 15:52:00+01:00,16,office,Cologne,,DE,home,Cologne,,DE,home_return,,public_transport,,6.57,True,True,True
4d5c53c2-4d16-5c44-a6bd-a1d801932a2c,d90794d2-efac-5b8d-b1cd-01244a890cb2,2025-07-24 09:04:00+01:00,2025-07-24 09:22:00+01:00,17,home,Cologne,,DE,office,Cologne,,DE,commute,,public_transport,,6.56,True,True,True
6c171c94-d053-5e39-98ff-247bdaca5d63,d90794d2-efac-5b8d-b1cd-01244a890cb2,2025-07-24 15:58:00+01:00,2025-07-24 16:21:00+01:00,20,office,Cologne,,DE,home,Cologne,,DE,home_return,,public_transport,,6.73,True,True,True
2691bdb7-0836-50ff-9dd9-15f83f047028,d90794d2-efac-5b8d-b1cd-01244a890cb2,2025-07-26 09:37:00+01:00,2025-07-26 10:04:00+01:00,27,home,Cologne,,DE,furniture_store,Cologne,,DE,shopping,,car_sharing,,13.6,False,False,False
9704cf88-50ee-55a9-bf44-b5deac8d6650,d90794d2-efac-5b8d-b1cd-01244a890cb2,2025-07-27 09:06:00+01:00,2025-07-27 09:22:00+01:00,16,home,Cologne,,DE,furniture_store,Cologne,,DE,shopping,,car_sharing,,7.8,False,False,False
e3c438ad-da1c-5d1f-88ac-6975d225aa74,d90794d2-efac-5b8d-b1cd-01244a890cb2,2025-07-28 08:36:00+01:00,2025-07-28 08:59:00+01:00,21,home,Cologne,,DE,office,Cologne,,DE,commute,,public_transport,,6.52,True,True,True
2153d824-20eb-5728-a675-92195e82a98c,d90794d2-efac-5b8d-b1cd-01244a890cb2,2025-07-28 16:17:00+01:00,2025-07-28 16:41:00+01:00,22,office,Cologne,,DE,home,Cologne,,DE,home_return,,public_transport,,6.59,True,True,True
3b7c18d6-4754-54f8-8259-f3a2bb652dbd,d90794d2-efac-5b8d-b1cd-01244a890cb2,2025-07-28 13:10:00+01:00,2025-07-28 13:22:00+01:00,12,home,Cologne,,DE,shops,Cologne,,DE,errands,,e_scooter,,3.1,False,False,False
0b580417-60b7-5771-ab6f-e3f36718c213,d90794d2-efac-5b8d-b1cd-01244a890cb2,2025-08-06 08:45:00+01:00,2025-08-06 09:09:00+01:00,22,home,Cologne,,DE,office,Cologne,,DE,commute,,public_transport,,7.54,True,True,True
b3f0f941-4c53-5fbc-bd79-0cc47f45403f,d90794d2-efac-5b8d-b1cd-01244a890cb2,2025-08-06 15:50:00+01:00,2025-08-06 16:16:00+01:00,21,office,Cologne,,DE,home,Cologne,,DE,home_return,,public_transport,,7.42,True,True,True
58fa1d3e-4e61-5446-8cba-818be51ba5b2,d90794d2-efac-5b8d-b1cd-01244a890cb2,2025-08-07 09:07:00+01:00,2025-08-07 09:33:00+01:00,22,home,Cologne,,DE,office,Cologne,,DE,commute,,public_transport,,7.43,True,True,True
3e6424ec-83e6-5a20-9cb5-8092912fbc19,d90794d2-efac-5b8d-b1cd-01244a890cb2,2025-08-07 15:37:00+01:00,2025-08-07 16:04:00+01:00,23,office,Cologne,,DE,home,Cologne,,DE,home_return,,public_transport,,7.53,True,True,True
e52d250d-ed08-537a-8681-25e4ec8dca6d,d90794d2-efac-5b8d-b1cd-01244a890cb2,2025-08-10 11:48:00+01:00,2025-08-10 12:02:00+01:00,14,home,Cologne,,DE,friend's place,Cologne,,DE,social,,e_scooter,,3.4,False,False,False
141244c6-4395-58e0-a156-1cbea6786b48,d90794d2-efac-5b8d-b1cd-01244a890cb2,2025-08-10 09:23:00+01:00,2025-08-10 09:50:00+01:00,27,home,Cologne,,DE,furniture_store,Cologne,,DE,shopping,,car_sharing,,13.4,False,False,False
9145eb74-ac81-58ec-85d2-709ddf230b6d,d90794d2-efac-5b8d-b1cd-01244a890cb2,2025-08-11 08:35:00+01:00,2025-08-11 08:58:00+01:00,20,home,Cologne,,DE,office,Cologne,,DE,commute,,public_transport,,6.99,True,True,True
cb8a9f6b-6a14-56fd-a288-c0cfe5e062b0,d90794d2-efac-5b8d-b1cd-01244a890cb2,2025-08-11 15:51:00+01:00,2025-08-11 16:14:00+01:00,22,office,Cologne,,DE,home,Cologne,,DE,home_return,,public_transport,,7.16,True,True,True
f5eaf593-c889-5101-824d-cccabf2472c6,d90794d2-efac-5b8d-b1cd-01244a890cb2,2025-08-12 09:11:00+01:00,2025-08-12 09:31:00+01:00,15,home,Cologne,,DE,office,Cologne,,DE,commute,,public_transport,,5.76,True,True,True
06b72765-9626-5076-a120-18370c0f87ed,d90794d2-efac-5b8d-b1cd-01244a890cb2,2025-08-12 16:06:00+01:00,2025-08-12 16:32:00+01:00,21,office,Cologne,,DE,home,Cologne,,DE,home_return,,public_transport,,6.19,True,True,True
6946549d-ad08-57a5-8873-1220f1904826,d90794d2-efac-5b8d-b1cd-01244a890cb2,2025-08-14 09:04:00+01:00,2025-08-14 09:27:00+01:00,22,home,Cologne,,DE,office,Cologne,,DE,commute,,public_transport,,7.22,True,True,True
b5363d04-418f-5613-9358-37864ff5b443,d90794d2-efac-5b8d-b1cd-01244a890cb2,2025-08-14 15:38:00+01:00,2025-08-14 16:00:00+01:00,19,office,Cologne,,DE,home,Cologne,,DE,home_return,,public_transport,,6.96,True,True,True
29069527-5139-5c41-aded-9353560192d5,d90794d2-efac-5b8d-b1cd-01244a890cb2,2025-08-18 09:11:00+01:00,2025-08-18 09:38:00+01:00,24,home,Cologne,,DE,office,Cologne,,DE,commute,,public_transport,,7.93,True,True,True
1d234cad-594b-50b3-b37a-ad56ebf9f025,d90794d2-efac-5b8d-b1cd-01244a890cb2,2025-08-18 16:09:00+01:00,2025-08-18 16:30:00+01:00,20,office,Cologne,,DE,home,Cologne,,DE,home_return,,public_transport,,7.6,True,True,True
0d02d2a3-609f-5b3b-9e89-f9014bec9476,d90794d2-efac-5b8d-b1cd-01244a890cb2,2025-08-22 09:27:00+01:00,2025-08-22 09:48:00+01:00,17,home,Cologne,,DE,office,Cologne,,DE,commute,,public_transport,,6.08,True,True,True
3ad08139-5b55-55bd-902f-979ee45058ea,d90794d2-efac-5b8d-b1cd-01244a890cb2,2025-08-22 16:19:00+01:00,2025-08-22 16:41:00+01:00,17,office,Cologne,,DE,home,Cologne,,DE,home_return,,public_transport,,6.07,True,True,True
686c8ddf-3555-5b3e-9bee-a7e13be9be77,d90794d2-efac-5b8d-b1cd-01244a890cb2,2025-08-23 12:32:00+01:00,2025-08-23 12:44:00+01:00,12,home,Cologne,,DE,friend's place,Cologne,,DE,social,,e_scooter,,3.0,False,False,False
8854e180-3ef5-5a56-a8a8-1c92361fa2fc,d90794d2-efac-5b8d-b1cd-01244a890cb2,2025-08-25 09:09:00+01:00,2025-08-25 09:32:00+01:00,19,home,Cologne,,DE,office,Cologne,,DE,commute,,public_transport,,6.23,True,True,True
ceeeb8dd-d4e4-59b1-9ae4-9d016ceeb123,d90794d2-efac-5b8d-b1cd-01244a890cb2,2025-08-25 15:39:00+01:00,2025-08-25 16:01:00+01:00,17,office,Cologne,,DE,home,Cologne,,DE,home_return,,public_transport,,6.05,True,True,True
d84193e8-dfa7-57d2-8655-876fe526b491,d90794d2-efac-5b8d-b1cd-01244a890cb2,2025-08-28 09:13:00+01:00,2025-08-28 09:33:00+01:00,19,home,Cologne,,DE,office,Cologne,,DE,commute,,public_transport,,7.03,True,True,True
206d87dd-bf2e-5271-9e9e-b6c7286cb4fa,d90794d2-efac-5b8d-b1cd-01244a890cb2,2025-08-28 16:26:00+01:00,2025-08-28 16:52:00+01:00,23,office,Cologne,,DE,home,Cologne,,DE,home_return,,public_transport,,7.32,True,True,True
0bc74786-c2b1-5398-b434-6e51d495038e,d90794d2-efac-5b8d-b1cd-01244a890cb2,2025-08-30 09:21:00+01:00,2025-08-30 09:44:00+01:00,23,home,Cologne,,DE,furniture_store,Cologne,,DE,shopping,,car_sharing,,11.7,False,False,False
e61b2d85-62be-55c3-9a8d-6c2d94fb4103,d90794d2-efac-5b8d-b1cd-01244a890cb2,2025-09-01 08:46:00+01:00,2025-09-01 09:10:00+01:00,20,home,Cologne,,DE,office,Cologne,,DE,commute,,public_transport,,6.62,True,True,True
fd992051-bc0d-5134-80c3-92b7ac6a7aaf,d90794d2-efac-5b8d-b1cd-01244a890cb2,2025-09-01 15:42:00+01:00,2025-09-01 16:07:00+01:00,20,office,Cologne,,DE,home,Cologne,,DE,home_return,,public_transport,,6.62,True,True,True
015da091-97ca-5374-8140-ac63fa290527,d90794d2-efac-5b8d-b1cd-01244a890cb2,2025-09-04 09:25:00+01:00,2025-09-04 09:54:00+01:00,24,home,Cologne,,DE,office,Cologne,,DE,commute,,public_transport,,6.96,True,True,True
bb7d9652-7a1a-5e7d-bb44-79c5028bf97b,d90794d2-efac-5b8d-b1cd-01244a890cb2,2025-09-04 16:29:00+01:00,2025-09-04 16:49:00+01:00,16,office,Cologne,,DE,home,Cologne,,DE,home_return,,public_transport,,6.31,True,True,True
de286b51-c86a-5892-b880-e5426ac84d8f,d90794d2-efac-5b8d-b1cd-01244a890cb2,2025-09-04 12:50:00+01:00,2025-09-04 13:01:00+01:00,11,home,Cologne,,DE,shops,Cologne,,DE,errands,,e_scooter,,2.7,False,False,False
7a529c62-7680-54e9-8ab3-e00056504519,d90794d2-efac-5b8d-b1cd-01244a890cb2,2025-09-12 09:30:00+01:00,2025-09-12 09:54:00+01:00,20,home,Cologne,,DE,office,Cologne,,DE,commute,,public_transport,,7.42,True,True,True
66017825-276c-54c4-8bcd-5a6a328d3dea,d90794d2-efac-5b8d-b1cd-01244a890cb2,2025-09-12 15:31:00+01:00,2025-09-12 15:57:00+01:00,23,office,Cologne,,DE,home,Cologne,,DE,home_return,,public_transport,,7.63,True,True,True
3be178b9-0ccc-56a7-a558-274729ef4fed,d90794d2-efac-5b8d-b1cd-01244a890cb2,2025-09-13 10:02:00+01:00,2025-09-13 10:18:00+01:00,16,home,Cologne,,DE,furniture_store,Cologne,,DE,shopping,,car_sharing,,8.2,False,False,False
f501c675-f20d-5430-9625-3c5e4b3ed9cc,d90794d2-efac-5b8d-b1cd-01244a890cb2,2025-09-14 11:00:00+01:00,2025-09-14 11:09:00+01:00,9,home,Cologne,,DE,friend's place,Cologne,,DE,social,,e_scooter,,2.2,False,False,False
c512892a-4a12-5958-9360-32fd49969aec,d90794d2-efac-5b8d-b1cd-01244a890cb2,2025-09-15 09:02:00+01:00,2025-09-15 09:24:00+01:00,21,home,Cologne,,DE,office,Cologne,,DE,commute,,public_transport,,7.12,True,True,True
393e42b0-fd28-5f87-b1a6-97233221de44,d90794d2-efac-5b8d-b1cd-01244a890cb2,2025-09-15 16:08:00+01:00,2025-09-15 16:33:00+01:00,20,office,Cologne,,DE,home,Cologne,,DE,home_return,,public_transport,,7.07,True,True,True
02ae12e5-40bd-5bd8-9346-1441a2bf33a4,d90794d2-efac-5b8d-b1cd-01244a890cb2,2025-09-16 08:35:00+01:00,2025-09-16 08:55:00+01:00,17,home,Cologne,,DE,office,Cologne,,DE,commute,,public_transport,,7.05,True,True,True
0d57acfd-047e-5a1c-a2bc-14531aa5680c,d90794d2-efac-5b8d-b1cd-01244a890cb2,2025-09-16 15:48:00+01:00,2025-09-16 16:09:00+01:00,18,office,Cologne,,DE,home,Cologne,,DE,home_return,,public_transport,,7.14,True,True,True
d8328615-dd0a-5c6d-8a1b-3e7bb87aabec,d90794d2-efac-5b8d-b1cd-01244a890cb2,2025-09-17 08:43:00+01:00,2025-09-17 09:06:00+01:00,18,home,Cologne,,DE,office,Cologne,,DE,commute,,public_transport,,6.84,True,True,True
691539a3-414a-5c88-84e6-06d7d2e71ca4,d90794d2-efac-5b8d-b1cd-01244a890cb2,2025-09-17 16:21:00+01:00,2025-09-17 16:41:00+01:00,19,office,Cologne,,DE,home,Cologne,,DE,home_return,,public_transport,,6.96,True,True,True
5593d44b-c3c1-5132-8133-90fcce4bad5c,d90794d2-efac-5b8d-b1cd-01244a890cb2,2025-09-20 11:11:00+01:00,2025-09-20 11:25:00+01:00,14,home,Cologne,,DE,friend's place,Cologne,,DE,social,,e_scooter,,3.4,False,False,False
27bd66b9-8d75-5309-8705-eec5473c2426,d90794d2-efac-5b8d-b1cd-01244a890cb2,2025-09-24 08:38:00+01:00,2025-09-24 08:58:00+01:00,17,home,Cologne,,DE,office,Cologne,,DE,commute,,public_transport,,6.87,True,True,True
55f23a79-1946-5bd5-8290-fff126cb6bc8,d90794d2-efac-5b8d-b1cd-01244a890cb2,2025-09-24 16:24:00+01:00,2025-09-24 16:47:00+01:00,20,office,Cologne,,DE,home,Cologne,,DE,home_return,,public_transport,,7.2,True,True,True
b848a8f2-cece-5925-9ed5-228bffd2a9be,d90794d2-efac-5b8d-b1cd-01244a890cb2,2025-10-04 12:33:00+01:00,2025-10-04 12:45:00+01:00,12,home,Cologne,,DE,friend's place,Cologne,,DE,social,,e_scooter,,3.1,False,False,False
aa5991f0-1bbc-502c-b0fc-34bf145d5dbb,d90794d2-efac-5b8d-b1cd-01244a890cb2,2025-10-07 09:09:00+01:00,2025-10-07 09:36:00+01:00,23,home,Cologne,,DE,office,Cologne,,DE,commute,,public_transport,,6.51,True,True,True
0c7be129-a329-50d5-ba3b-86d39a8eec04,d90794d2-efac-5b8d-b1cd-01244a890cb2,2025-10-07 15:31:00+01:00,2025-10-07 15:50:00+01:00,18,office,Cologne,,DE,home,Cologne,,DE,home_return,,public_transport,,6.09,True,True,True
6c602e5a-2a1a-5748-8018-2498597ddaab,d90794d2-efac-5b8d-b1cd-01244a890cb2,2025-10-08 09:11:00+01:00,2025-10-08 09:28:00+01:00,15,home,Cologne,,DE,office,Cologne,,DE,commute,,public_transport,,5.99,True,True,True
3fd89594-3d4d-5529-b66e-5ce454cff445,d90794d2-efac-5b8d-b1cd-01244a890cb2,2025-10-08 16:26:00+01:00,2025-10-08 16:49:00+01:00,22,office,Cologne,,DE,home,Cologne,,DE,home_return,,public_transport,,6.63,True,True,True
d720910a-4289-5b68-a1c2-bfe13182791c,d90794d2-efac-5b8d-b1cd-01244a890cb2,2025-10-09 08:51:00+01:00,2025-10-09 09:14:00+01:00,19,home,Cologne,,DE,office,Cologne,,DE,commute,,public_transport,,5.94,True,True,True
1a7c62b8-cdaf-5159-939f-d3e708f9327c,d90794d2-efac-5b8d-b1cd-01244a890cb2,2025-10-09 15:41:00+01:00,2025-10-09 16:03:00+01:00,19,office,Cologne,,DE,home,Cologne,,DE,home_return,,public_transport,,5.96,True,True,True
68512412-cbc7-5f86-9b18-619e005b53ff,d90794d2-efac-5b8d-b1cd-01244a890cb2,2025-10-10 09:15:00+01:00,2025-10-10 09:36:00+01:00,19,home,Cologne,,DE,office,Cologne,,DE,commute,,public_transport,,6.93,True,True,True
97789644-acc4-5853-9214-a287b2858870,d90794d2-efac-5b8d-b1cd-01244a890cb2,2025-10-10 16:27:00+01:00,2025-10-10 16:51:00+01:00,21,office,Cologne,,DE,home,Cologne,,DE,home_return,,public_transport,,7.0,True,True,True
e4ae2895-cb72-5040-83fd-e7b529865654,d90794d2-efac-5b8d-b1cd-01244a890cb2,2025-10-11 12:05:00+01:00,2025-10-11 12:15:00+01:00,10,home,Cologne,,DE,friend's place,Cologne,,DE,social,,e_scooter,,2.4,False,False,False
b26bebcc-805e-535b-b631-71f59c15a34f,d90794d2-efac-5b8d-b1cd-01244a890cb2,2025-10-13 13:22:00+01:00,2025-10-13 13:28:00+01:00,6,home,Cologne,,DE,shops,Cologne,,DE,errands,,e_scooter,,1.5,False,False,False
7154d970-a5ff-50a1-96ba-db2fc0211747,d90794d2-efac-5b8d-b1cd-01244a890cb2,2025-10-16 08:39:00+01:00,2025-10-16 09:02:00+01:00,20,home,Cologne,,DE,office,Cologne,,DE,commute,,public_transport,,6.37,True,True,True
16fa1d27-0336-5c0b-9109-f60167e99684,d90794d2-efac-5b8d-b1cd-01244a890cb2,2025-10-16 15:33:00+01:00,2025-10-16 15:51:00+01:00,17,office,Cologne,,DE,home,Cologne,,DE,home_return,,public_transport,,6.07,True,True,True
78ec2f6e-5b90-5551-b7fa-9f361a74e9bc,d90794d2-efac-5b8d-b1cd-01244a890cb2,2025-10-22 08:59:00+01:00,2025-10-22 09:23:00+01:00,21,home,Cologne,,DE,office,Cologne,,DE,commute,,public_transport,,6.65,True,True,True
357e87a1-6a06-5b8a-8db7-e865af9a8f68,d90794d2-efac-5b8d-b1cd-01244a890cb2,2025-10-22 15:47:00+01:00,2025-10-22 16:13:00+01:00,21,office,Cologne,,DE,home,Cologne,,DE,home_return,,public_transport,,6.66,True,True,True
5569232b-9da8-5373-8f6f-17e6d5b05909,d90794d2-efac-5b8d-b1cd-01244a890cb2,2025-10-27 08:41:00+01:00,2025-10-27 09:05:00+01:00,20,home,Cologne,,DE,office,Cologne,,DE,commute,,public_transport,,6.94,True,True,True
e1f4a93a-326f-5dcb-8848-ff7ccb8a2409,d90794d2-efac-5b8d-b1cd-01244a890cb2,2025-10-27 15:59:00+01:00,2025-10-27 16:21:00+01:00,20,office,Cologne,,DE,home,Cologne,,DE,home_return,,public_transport,,6.94,True,True,True
4acfe2e1-2c6c-51d0-9052-e30a0815d090,d90794d2-efac-5b8d-b1cd-01244a890cb2,2025-10-30 09:06:00+01:00,2025-10-30 09:30:00+01:00,20,home,Cologne,,DE,office,Cologne,,DE,commute,,public_transport,,6.98,True,True,True
9e169439-8aaa-5645-8406-d37c9dd10035,d90794d2-efac-5b8d-b1cd-01244a890cb2,2025-10-30 15:36:00+01:00,2025-10-30 16:00:00+01:00,19,office,Cologne,,DE,home,Cologne,,DE,home_return,,public_transport,,6.89,True,True,True
848fd5d3-86ec-5df2-a7a6-80c42bb40ba8,d90794d2-efac-5b8d-b1cd-01244a890cb2,2025-11-06 08:59:00+01:00,2025-11-06 09:22:00+01:00,21,home,Cologne,,DE,office,Cologne,,DE,commute,,public_transport,,7.21,True,True,True
a9fc75ed-67bb-5367-b91b-76c43b265bf5,d90794d2-efac-5b8d-b1cd-01244a890cb2,2025-11-06 15:55:00+01:00,2025-11-06 16:22:00+01:00,22,office,Cologne,,DE,home,Cologne,,DE,home_return,,public_transport,,7.31,True,True,True
efd64c90-c25b-5985-bb6b-faa88b1cddbc,d90794d2-efac-5b8d-b1cd-01244a890cb2,2025-11-09 12:17:00+01:00,2025-11-09 12:32:00+01:00,15,home,Cologne,,DE,friend's place,Cologne,,DE,social,,e_scooter,,3.7,False,False,False
e5c9b1aa-76ce-5398-a15d-0d1a2cbeabdd,d90794d2-efac-5b8d-b1cd-01244a890cb2,2025-11-11 08:33:00+01:00,2025-11-11 08:58:00+01:00,20,home,Cologne,,DE,office,Cologne,,DE,commute,,public_transport,,6.09,True,True,True
14047b5d-49ed-5d0f-9e1d-22c2086bd549,d90794d2-efac-5b8d-b1cd-01244a890cb2,2025-11-11 16:03:00+01:00,2025-11-11 16:25:00+01:00,20,office,Cologne,,DE,home,Cologne,,DE,home_return,,public_transport,,6.12,True,True,True
6ebd6a8a-bfb5-5dfc-8048-94bc70e235ba,d90794d2-efac-5b8d-b1cd-01244a890cb2,2025-11-12 09:05:00+01:00,2025-11-12 09:25:00+01:00,18,home,Cologne,,DE,office,Cologne,,DE,commute,,public_transport,,6.81,True,True,True
a9637e30-8577-5f2b-b8ff-ba08d2776d87,d90794d2-efac-5b8d-b1cd-01244a890cb2,2025-11-12 16:21:00+01:00,2025-11-12 16:46:00+01:00,23,office,Cologne,,DE,home,Cologne,,DE,home_return,,public_transport,,7.25,True,True,True
5103e9f3-f7f9-5c7c-8f91-7ad01a1f5551,d90794d2-efac-5b8d-b1cd-01244a890cb2,2025-11-20 09:15:00+01:00,2025-11-20 09:38:00+01:00,20,home,Cologne,,DE,office,Cologne,,DE,commute,,public_transport,,7.17,True,True,True
ef3e6aea-705f-5a73-aba0-8386a94a8108,d90794d2-efac-5b8d-b1cd-01244a890cb2,2025-11-20 16:10:00+01:00,2025-11-20 16:32:00+01:00,21,office,Cologne,,DE,home,Cologne,,DE,home_return,,public_transport,,7.28,True,True,True
dd0e5bbd-bd9e-51d8-9b62-0bc6044767cd,d90794d2-efac-5b8d-b1cd-01244a890cb2,2025-11-21 09:11:00+01:00,2025-11-21 09:36:00+01:00,20,home,Cologne,,DE,office,Cologne,,DE,commute,,public_transport,,7.52,True,True,True
f66afe78-83fe-57ec-99b1-e9e62c0cb982,d90794d2-efac-5b8d-b1cd-01244a890cb2,2025-11-21 15:59:00+01:00,2025-11-21 16:25:00+01:00,24,office,Cologne,,DE,home,Cologne,,DE,home_return,,public_transport,,7.87,True,True,True
03cceda5-9e6c-5676-8b50-35b97bf1fd29,d90794d2-efac-5b8d-b1cd-01244a890cb2,2025-11-23 12:22:00+01:00,2025-11-23 12:36:00+01:00,14,home,Cologne,,DE,friend's place,Cologne,,DE,social,,e_scooter,,3.4,False,False,False
92609ee2-1ebe-55a6-96ae-6d7dbe158ea1,d90794d2-efac-5b8d-b1cd-01244a890cb2,2025-11-25 08:49:00+01:00,2025-11-25 09:10:00+01:00,16,home,Cologne,,DE,office,Cologne,,DE,commute,,public_transport,,5.73,True,True,True
381da982-1df0-5f80-9f52-4c20623b513d,d90794d2-efac-5b8d-b1cd-01244a890cb2,2025-11-25 16:09:00+01:00,2025-11-25 16:34:00+01:00,20,office,Cologne,,DE,home,Cologne,,DE,home_return,,public_transport,,6.07,True,True,True
b1afe6de-a964-564b-8b05-8e7ba5ee01d4,d90794d2-efac-5b8d-b1cd-01244a890cb2,2025-11-26 08:35:00+01:00,2025-11-26 08:55:00+01:00,16,home,Cologne,,DE,office,Cologne,,DE,commute,,public_transport,,6.64,True,True,True
7c20e81d-6083-5a76-87c9-c06d9beb08a4,d90794d2-efac-5b8d-b1cd-01244a890cb2,2025-11-26 15:39:00+01:00,2025-11-26 15:57:00+01:00,16,office,Cologne,,DE,home,Cologne,,DE,home_return,,public_transport,,6.67,True,True,True
790eb713-0080-52c0-aa60-853fa26f905e,d90794d2-efac-5b8d-b1cd-01244a890cb2,2025-11-29 12:35:00+01:00,2025-11-29 12:47:00+01:00,12,home,Cologne,,DE,friend's place,Cologne,,DE,social,,e_scooter,,3.0,False,False,False
ed70c210-d8cf-5666-aaf0-99e156afaf22,d90794d2-efac-5b8d-b1cd-01244a890cb2,2025-12-01 12:32:00+01:00,2025-12-01 12:42:00+01:00,10,home,Cologne,,DE,shops,Cologne,,DE,errands,,e_scooter,,2.5,False,False,False
b8f9faf1-794c-51c0-8a5d-683f6b07e17c,d90794d2-efac-5b8d-b1cd-01244a890cb2,2025-12-06 11:55:00+01:00,2025-12-06 12:07:00+01:00,12,home,Cologne,,DE,friend's place,Cologne,,DE,social,,e_scooter,,2.9,False,False,False
e7faffd9-0855-5452-b042-7274ab1499ff,d90794d2-efac-5b8d-b1cd-01244a890cb2,2025-12-07 12:23:00+01:00,2025-12-07 12:31:00+01:00,8,home,Cologne,,DE,friend's place,Cologne,,DE,social,,e_scooter,,1.9,False,False,False
b9d3f410-0f0f-58ad-8cba-5324441e5208,d90794d2-efac-5b8d-b1cd-01244a890cb2,2025-12-08 12:48:00+01:00,2025-12-08 13:00:00+01:00,12,home,Cologne,,DE,shops,Cologne,,DE,errands,,e_scooter,,2.9,False,False,False
dc68ede7-77b2-524e-b319-5c758d01b2d8,d90794d2-efac-5b8d-b1cd-01244a890cb2,2025-12-09 09:05:00+01:00,2025-12-09 09:28:00+01:00,21,home,Cologne,,DE,office,Cologne,,DE,commute,,public_transport,,6.16,True,True,True
2bf17e1e-5af6-5d49-a735-59b1b1215c7e,d90794d2-efac-5b8d-b1cd-01244a890cb2,2025-12-09 16:25:00+01:00,2025-12-09 16:45:00+01:00,18,office,Cologne,,DE,home,Cologne,,DE,home_return,,public_transport,,5.87,True,True,True
f36863ae-4d16-5ca0-abc4-4e9095108932,d90794d2-efac-5b8d-b1cd-01244a890cb2,2025-12-10 09:07:00+01:00,2025-12-10 09:33:00+01:00,23,home,Cologne,,DE,office,Cologne,,DE,commute,,public_transport,,7.64,True,True,True
74096eb8-dd49-5467-addb-3616258eb41e,d90794d2-efac-5b8d-b1cd-01244a890cb2,2025-12-10 16:23:00+01:00,2025-12-10 16:47:00+01:00,23,office,Cologne,,DE,home,Cologne,,DE,home_return,,public_transport,,7.65,True,True,True
50a01b06-5bac-5d57-b3cd-de918c08451d,d90794d2-efac-5b8d-b1cd-01244a890cb2,2025-12-12 09:01:00+01:00,2025-12-12 09:27:00+01:00,24,home,Cologne,,DE,office,Cologne,,DE,commute,,public_transport,,7.45,True,True,True
33c430e1-8e0d-59e8-9a56-502e57afc1e2,d90794d2-efac-5b8d-b1cd-01244a890cb2,2025-12-12 15:37:00+01:00,2025-12-12 15:59:00+01:00,19,office,Cologne,,DE,home,Cologne,,DE,home_return,,public_transport,,7.05,True,True,True
ab1822b5-f5e3-56c2-b740-a5b20012c326,d90794d2-efac-5b8d-b1cd-01244a890cb2,2025-12-14 11:33:00+01:00,2025-12-14 11:47:00+01:00,14,home,Cologne,,DE,friend's place,Cologne,,DE,social,,e_scooter,,3.6,False,False,False
14b8e964-b565-5911-96b6-0845ef7e52d4,d90794d2-efac-5b8d-b1cd-01244a890cb2,2025-12-15 13:29:00+01:00,2025-12-15 13:43:00+01:00,14,home,Cologne,,DE,shops,Cologne,,DE,errands,,e_scooter,,3.5,False,False,False
29c276db-0fce-589e-b270-08d36ce84d31,d90794d2-efac-5b8d-b1cd-01244a890cb2,2025-12-16 09:00:00+01:00,2025-12-16 09:19:00+01:00,18,home,Cologne,,DE,office,Cologne,,DE,commute,,public_transport,,6.88,True,True,True
5b00fba3-a1eb-503a-ad02-c4b6f24860bb,d90794d2-efac-5b8d-b1cd-01244a890cb2,2025-12-16 16:09:00+01:00,2025-12-16 16:30:00+01:00,20,office,Cologne,,DE,home,Cologne,,DE,home_return,,public_transport,,7.07,True,True,True
1ddf521c-bf4a-53cf-9370-a687d5b22ba2,d90794d2-efac-5b8d-b1cd-01244a890cb2,2025-12-17 08:38:00+01:00,2025-12-17 08:57:00+01:00,18,home,Cologne,,DE,office,Cologne,,DE,commute,,public_transport,,6.26,True,True,True
4bef7012-36c8-57f2-a730-cc379df6fe37,d90794d2-efac-5b8d-b1cd-01244a890cb2,2025-12-17 15:46:00+01:00,2025-12-17 16:02:00+01:00,15,office,Cologne,,DE,home,Cologne,,DE,home_return,,public_transport,,6.06,True,True,True
622f07e4-5616-5267-83a0-6442b8210492,d90794d2-efac-5b8d-b1cd-01244a890cb2,2025-12-18 08:37:00+01:00,2025-12-18 09:01:00+01:00,20,home,Cologne,,DE,office,Cologne,,DE,commute,,public_transport,,6.48,True,True,True
f32799c0-c3f7-574a-8587-a8c33d96064f,d90794d2-efac-5b8d-b1cd-01244a890cb2,2025-12-18 16:06:00+01:00,2025-12-18 16:28:00+01:00,19,office,Cologne,,DE,home,Cologne,,DE,home_return,,public_transport,,6.38,True,True,True
e61c6392-aec7-54dc-af47-df6f1d4d96f2,d90794d2-efac-5b8d-b1cd-01244a890cb2,2025-12-23 08:38:00+01:00,2025-12-23 09:00:00+01:00,18,home,Cologne,,DE,office,Cologne,,DE,commute,,public_transport,,7.11,True,True,True
bc172a05-d11b-543f-977b-ea1ab59af978,d90794d2-efac-5b8d-b1cd-01244a890cb2,2025-12-23 15:32:00+01:00,2025-12-23 15:57:00+01:00,20,office,Cologne,,DE,home,Cologne,,DE,home_return,,public_transport,,7.37,True,True,True
f5b32705-2b1c-570c-aa35-91361b9d555a,d90794d2-efac-5b8d-b1cd-01244a890cb2,2025-12-28 09:12:00+01:00,2025-12-28 09:22:00+01:00,10,home,Cologne,,DE,furniture_store,Cologne,,DE,shopping,,car_sharing,,5.1,False,False,False
d165f8fe-eaab-5a8a-9ab2-2a1cd21a80e7,d90794d2-efac-5b8d-b1cd-01244a890cb2,2025-12-30 09:16:00+01:00,2025-12-30 09:35:00+01:00,18,home,Cologne,,DE,office,Cologne,,DE,commute,,public_transport,,5.88,True,True,True
bc3d4b49-fc59-5f06-94dc-3b5faf405f8d,d90794d2-efac-5b8d-b1cd-01244a890cb2,2025-12-30 15:42:00+01:00,2025-12-30 16:00:00+01:00,17,office,Cologne,,DE,home,Cologne,,DE,home_return,,public_transport,,5.81,True,True,True
637e4475-1dc5-5602-8dc9-49ffc7fd7625,d90794d2-efac-5b8d-b1cd-01244a890cb2,2025-12-31 08:33:00+01:00,2025-12-31 08:58:00+01:00,20,home,Cologne,,DE,office,Cologne,,DE,commute,,public_transport,,6.14,True,True,True
f9725c1d-7149-5c48-8fd5-cb9b22834564,d90794d2-efac-5b8d-b1cd-01244a890cb2,2025-12-31 16:01:00+01:00,2025-12-31 16:21:00+01:00,18,office,Cologne,,DE,home,Cologne,,DE,home_return,,public_transport,,6.01,True,True,True
3da4673d-39c8-5edf-9a63-7885efbd870e,d90794d2-efac-5b8d-b1cd-01244a890cb2,2026-01-01 08:52:00+01:00,2026-01-01 09:15:00+01:00,20,home,Cologne,,DE,office,Cologne,,DE,commute,,public_transport,,6.67,True,True,True
77417a56-cf15-59f8-aeb9-fddca80d7440,d90794d2-efac-5b8d-b1cd-01244a890cb2,2026-01-01 16:15:00+01:00,2026-01-01 16:33:00+01:00,17,office,Cologne,,DE,home,Cologne,,DE,home_return,,public_transport,,6.46,True,True,True
081ead60-3e51-5d39-b4aa-c7fcd378a110,d90794d2-efac-5b8d-b1cd-01244a890cb2,2026-01-02 09:21:00+01:00,2026-01-02 09:43:00+01:00,18,home,Cologne,,DE,office,Cologne,,DE,commute,,public_transport,,7.44,True,True,True
b3183c52-7d58-501a-8b8e-4e5cac5b5c40,d90794d2-efac-5b8d-b1cd-01244a890cb2,2026-01-02 16:21:00+01:00,2026-01-02 16:47:00+01:00,23,office,Cologne,,DE,home,Cologne,,DE,home_return,,public_transport,,7.82,True,True,True
5d45f518-7fd0-5fac-a898-182b93e9cd8e,d90794d2-efac-5b8d-b1cd-01244a890cb2,2026-01-04 09:17:00+01:00,2026-01-04 09:32:00+01:00,15,home,Cologne,,DE,furniture_store,Cologne,,DE,shopping,,car_sharing,,7.4,False,False,False
71cef1a2-8006-52c8-a679-266c907d8905,d90794d2-efac-5b8d-b1cd-01244a890cb2,2026-01-05 12:55:00+01:00,2026-01-05 13:09:00+01:00,14,home,Cologne,,DE,shops,Cologne,,DE,errands,,e_scooter,,3.4,False,False,False
a2604c98-a6d6-5763-a78c-e3e75a08b84a,d90794d2-efac-5b8d-b1cd-01244a890cb2,2026-01-06 09:10:00+01:00,2026-01-06 09:31:00+01:00,20,home,Cologne,,DE,office,Cologne,,DE,commute,,public_transport,,7.56,True,True,True
46b3930f-c07b-536c-bdbf-ccbb34527811,d90794d2-efac-5b8d-b1cd-01244a890cb2,2026-01-06 16:07:00+01:00,2026-01-06 16:29:00+01:00,19,office,Cologne,,DE,home,Cologne,,DE,home_return,,public_transport,,7.44,True,True,True
25ae1e3d-f2cf-592b-81d3-5317f305900f,d90794d2-efac-5b8d-b1cd-01244a890cb2,2026-01-07 09:19:00+01:00,2026-01-07 09:42:00+01:00,18,home,Cologne,,DE,office,Cologne,,DE,commute,,public_transport,,6.25,True,True,True
7b622560-50c4-54f6-a04b-c97c6a3d2506,d90794d2-efac-5b8d-b1cd-01244a890cb2,2026-01-07 16:24:00+01:00,2026-01-07 16:47:00+01:00,18,office,Cologne,,DE,home,Cologne,,DE,home_return,,public_transport,,6.2,True,True,True
a7393728-66bc-593a-b55b-b936fa95af10,d90794d2-efac-5b8d-b1cd-01244a890cb2,2026-01-08 12:32:00+01:00,2026-01-08 12:44:00+01:00,12,home,Cologne,,DE,shops,Cologne,,DE,errands,,e_scooter,,3.0,False,False,False
5c216877-9a01-5b40-8786-691871d69f30,d90794d2-efac-5b8d-b1cd-01244a890cb2,2026-01-09 13:11:00+01:00,2026-01-09 13:21:00+01:00,10,home,Cologne,,DE,shops,Cologne,,DE,errands,,e_scooter,,2.5,False,False,False
12e98909-7cf4-5680-8bc3-85ca011d1deb,d90794d2-efac-5b8d-b1cd-01244a890cb2,2026-01-18 11:36:00+01:00,2026-01-18 11:44:00+01:00,8,home,Cologne,,DE,friend's place,Cologne,,DE,social,,e_scooter,,2.0,False,False,False
04f5f66a-430b-5597-bd2b-02f13e941d82,d90794d2-efac-5b8d-b1cd-01244a890cb2,2026-01-26 08:46:00+01:00,2026-01-26 09:06:00+01:00,18,home,Cologne,,DE,office,Cologne,,DE,commute,,public_transport,,7.16,True,True,True
ddd82ccc-3c17-5df2-ada5-7427f59431c1,d90794d2-efac-5b8d-b1cd-01244a890cb2,2026-01-26 15:59:00+01:00,2026-01-26 16:26:00+01:00,22,office,Cologne,,DE,home,Cologne,,DE,home_return,,public_transport,,7.5,True,True,True
963cece4-186b-51ed-8964-a4f7ea7d3f17,d90794d2-efac-5b8d-b1cd-01244a890cb2,2026-01-26 13:23:00+01:00,2026-01-26 13:31:00+01:00,8,home,Cologne,,DE,shops,Cologne,,DE,errands,,e_scooter,,2.0,False,False,False
143f0bd7-3901-579d-9f94-744b7c832406,d90794d2-efac-5b8d-b1cd-01244a890cb2,2026-01-27 13:10:00+01:00,2026-01-27 13:22:00+01:00,12,home,Cologne,,DE,shops,Cologne,,DE,errands,,e_scooter,,3.0,False,False,False
248afc61-b42f-5ad0-816b-1bce499bdea1,d90794d2-efac-5b8d-b1cd-01244a890cb2,2026-01-30 09:14:00+01:00,2026-01-30 09:39:00+01:00,20,home,Cologne,,DE,office,Cologne,,DE,commute,,public_transport,,6.59,True,True,True
0b2220be-e642-5ba6-8c0e-7a36f58f318e,d90794d2-efac-5b8d-b1cd-01244a890cb2,2026-01-30 16:19:00+01:00,2026-01-30 16:40:00+01:00,20,office,Cologne,,DE,home,Cologne,,DE,home_return,,public_transport,,6.55,True,True,True
416854fa-f882-50c5-9137-9680600c7ca7,d90794d2-efac-5b8d-b1cd-01244a890cb2,2026-01-31 12:04:00+01:00,2026-01-31 12:18:00+01:00,14,home,Cologne,,DE,friend's place,Cologne,,DE,social,,e_scooter,,3.6,False,False,False
933c326a-546d-53a1-b3a7-c47eb616c3d8,d90794d2-efac-5b8d-b1cd-01244a890cb2,2026-02-05 08:58:00+01:00,2026-02-05 09:26:00+01:00,23,home,Cologne,,DE,office,Cologne,,DE,commute,,public_transport,,7.42,True,True,True
e9c65bb7-4133-5a07-a736-1fe774f384f9,d90794d2-efac-5b8d-b1cd-01244a890cb2,2026-02-05 16:29:00+01:00,2026-02-05 16:56:00+01:00,22,office,Cologne,,DE,home,Cologne,,DE,home_return,,public_transport,,7.4,True,True,True
72134d87-79dd-5631-a02e-2dad7a896a97,d90794d2-efac-5b8d-b1cd-01244a890cb2,2026-02-06 13:04:00+01:00,2026-02-06 13:08:00+01:00,4,home,Cologne,,DE,shops,Cologne,,DE,errands,,e_scooter,,1.1,False,False,False
89986a62-343a-5f0e-bd4b-8787a3129100,d90794d2-efac-5b8d-b1cd-01244a890cb2,2026-02-08 12:47:00+01:00,2026-02-08 13:01:00+01:00,14,home,Cologne,,DE,friend's place,Cologne,,DE,social,,e_scooter,,3.6,False,False,False
1d9efb9f-0942-5181-bcee-cc54ecbbfc12,d90794d2-efac-5b8d-b1cd-01244a890cb2,2026-02-09 09:18:00+01:00,2026-02-09 09:38:00+01:00,18,home,Cologne,,DE,office,Cologne,,DE,commute,,public_transport,,6.46,True,True,True
5467fa2a-379d-58d0-b55f-fc63e107cc10,d90794d2-efac-5b8d-b1cd-01244a890cb2,2026-02-09 16:01:00+01:00,2026-02-09 16:23:00+01:00,20,office,Cologne,,DE,home,Cologne,,DE,home_return,,public_transport,,6.71,True,True,True
ba95a2c9-3714-54a1-b0b8-3a63f29b4095,d90794d2-efac-5b8d-b1cd-01244a890cb2,2026-02-14 11:45:00+01:00,2026-02-14 11:51:00+01:00,6,home,Cologne,,DE,friend's place,Cologne,,DE,social,,e_scooter,,1.6,False,False,False
3c78d9f2-91f1-516c-a317-4734112406e9,d90794d2-efac-5b8d-b1cd-01244a890cb2,2026-02-15 09:14:00+01:00,2026-02-15 09:36:00+01:00,22,home,Cologne,,DE,furniture_store,Cologne,,DE,shopping,,car_sharing,,10.8,False,False,False
1a4db196-d464-5644-b93c-9fea69fcc919,d90794d2-efac-5b8d-b1cd-01244a890cb2,2026-02-16 09:11:00+01:00,2026-02-16 09:37:00+01:00,21,home,Cologne,,DE,office,Cologne,,DE,commute,,public_transport,,7.54,True,True,True
cbbe0162-55c3-5605-b725-093ea54c9e51,d90794d2-efac-5b8d-b1cd-01244a890cb2,2026-02-16 15:51:00+01:00,2026-02-16 16:15:00+01:00,20,office,Cologne,,DE,home,Cologne,,DE,home_return,,public_transport,,7.49,True,True,True
3581854f-4a2e-5c7e-812e-83755f8f82de,d90794d2-efac-5b8d-b1cd-01244a890cb2,2026-02-18 09:26:00+01:00,2026-02-18 09:49:00+01:00,20,home,Cologne,,DE,office,Cologne,,DE,commute,,public_transport,,7.15,True,True,True
1a151b54-ef89-5c4a-94cd-b82842ed678d,d90794d2-efac-5b8d-b1cd-01244a890cb2,2026-02-18 15:54:00+01:00,2026-02-18 16:18:00+01:00,21,office,Cologne,,DE,home,Cologne,,DE,home_return,,public_transport,,7.12,True,True,True
e6c574cd-2d29-5540-a140-a6bc60851598,d90794d2-efac-5b8d-b1cd-01244a890cb2,2026-02-19 08:39:00+01:00,2026-02-19 09:01:00+01:00,17,home,Cologne,,DE,office,Cologne,,DE,commute,,public_transport,,6.56,True,True,True
63866a42-2b89-5ebb-aaad-9635f62eaa51,d90794d2-efac-5b8d-b1cd-01244a890cb2,2026-02-19 15:54:00+01:00,2026-02-19 16:19:00+01:00,22,office,Cologne,,DE,home,Cologne,,DE,home_return,,public_transport,,7.04,True,True,True
007e76d3-c243-5a7c-bd6e-54c15d400467,d90794d2-efac-5b8d-b1cd-01244a890cb2,2026-02-21 10:41:00+01:00,2026-02-21 11:10:00+01:00,29,home,Cologne,,DE,furniture_store,Cologne,,DE,shopping,,car_sharing,,14.7,False,False,False
d536ee3f-7d65-534c-a90e-767ff59987d4,d90794d2-efac-5b8d-b1cd-01244a890cb2,2026-02-22 12:29:00+01:00,2026-02-22 12:39:00+01:00,10,home,Cologne,,DE,friend's place,Cologne,,DE,social,,e_scooter,,2.5,False,False,False
858da388-15c7-5a70-a379-78f08738c2b4,d90794d2-efac-5b8d-b1cd-01244a890cb2,2026-02-24 09:18:00+01:00,2026-02-24 09:38:00+01:00,19,home,Cologne,,DE,office,Cologne,,DE,commute,,public_transport,,6.77,True,True,True
0b99b254-f717-58a5-9580-6997e35d84ba,d90794d2-efac-5b8d-b1cd-01244a890cb2,2026-02-24 16:09:00+01:00,2026-02-24 16:26:00+01:00,16,office,Cologne,,DE,home,Cologne,,DE,home_return,,public_transport,,6.49,True,True,True
1a6b14eb-fdd6-519f-a533-0a84fa29cf12,d90794d2-efac-5b8d-b1cd-01244a890cb2,2026-03-02 09:16:00+01:00,2026-03-02 09:37:00+01:00,19,home,Cologne,,DE,office,Cologne,,DE,commute,,public_transport,,6.27,True,True,True
b355c832-0f0a-52fb-9cc5-1fbb78ff428d,d90794d2-efac-5b8d-b1cd-01244a890cb2,2026-03-02 15:32:00+01:00,2026-03-02 15:53:00+01:00,16,office,Cologne,,DE,home,Cologne,,DE,home_return,,public_transport,,6.05,True,True,True
416a905e-80b9-5bcc-b100-5e2ca203a298,d90794d2-efac-5b8d-b1cd-01244a890cb2,2026-03-03 13:28:00+01:00,2026-03-03 13:34:00+01:00,6,home,Cologne,,DE,shops,Cologne,,DE,errands,,e_scooter,,1.4,False,False,False
8ed5cce9-f5e5-5ed9-80d4-f72f95903668,d90794d2-efac-5b8d-b1cd-01244a890cb2,2026-03-05 08:57:00+01:00,2026-03-05 09:18:00+01:00,19,home,Cologne,,DE,office,Cologne,,DE,commute,,public_transport,,6.9,True,True,True
fe9da0fe-e2c6-5b75-aa76-f8b57c7ade28,d90794d2-efac-5b8d-b1cd-01244a890cb2,2026-03-05 15:47:00+01:00,2026-03-05 16:12:00+01:00,21,office,Cologne,,DE,home,Cologne,,DE,home_return,,public_transport,,7.18,True,True,True
fe01f62e-6175-5ad5-b3b0-497b5748f0db,d90794d2-efac-5b8d-b1cd-01244a890cb2,2026-03-07 10:29:00+01:00,2026-03-07 10:49:00+01:00,20,home,Cologne,,DE,furniture_store,Cologne,,DE,shopping,,car_sharing,,10.2,False,False,False
fa62f49e-40eb-591b-b66b-ad1f3cb3ba8d,d90794d2-efac-5b8d-b1cd-01244a890cb2,2026-03-12 12:47:00+01:00,2026-03-12 12:52:00+01:00,5,home,Cologne,,DE,shops,Cologne,,DE,errands,,e_scooter,,1.2,False,False,False
5ce47de9-7730-5e65-a101-8c5d2c2381d7,d90794d2-efac-5b8d-b1cd-01244a890cb2,2026-03-13 12:50:00+01:00,2026-03-13 12:56:00+01:00,6,home,Cologne,,DE,shops,Cologne,,DE,errands,,e_scooter,,1.6,False,False,False
13f77ff7-5c5d-55b4-87d6-63cd22c29344,d90794d2-efac-5b8d-b1cd-01244a890cb2,2026-03-22 11:33:00+01:00,2026-03-22 11:43:00+01:00,10,home,Cologne,,DE,friend's place,Cologne,,DE,social,,e_scooter,,2.4,False,False,False
996542b3-9676-5e82-81a3-f4784ea5b352,d90794d2-efac-5b8d-b1cd-01244a890cb2,2026-03-23 08:38:00+01:00,2026-03-23 09:00:00+01:00,21,home,Cologne,,DE,office,Cologne,,DE,commute,,public_transport,,6.33,True,True,True
635b1acd-c53e-59f1-9db0-dfe0992f3eef,d90794d2-efac-5b8d-b1cd-01244a890cb2,2026-03-23 16:19:00+01:00,2026-03-23 16:43:00+01:00,20,office,Cologne,,DE,home,Cologne,,DE,home_return,,public_transport,,6.22,True,True,True
36e0fbad-c380-538e-9b5a-e1902c5a4833,d90794d2-efac-5b8d-b1cd-01244a890cb2,2026-03-23 13:00:00+01:00,2026-03-23 13:05:00+01:00,5,home,Cologne,,DE,shops,Cologne,,DE,errands,,e_scooter,,1.3,False,False,False
cd31628e-356f-5495-ac70-80b11e43f3fd,d90794d2-efac-5b8d-b1cd-01244a890cb2,2026-03-24 13:04:00+01:00,2026-03-24 13:16:00+01:00,12,home,Cologne,,DE,shops,Cologne,,DE,errands,,e_scooter,,3.1,False,False,False
b5fa5ac6-c6d6-52bd-ae61-b6f208ab5c5f,d90794d2-efac-5b8d-b1cd-01244a890cb2,2026-03-28 11:41:00+01:00,2026-03-28 11:53:00+01:00,12,home,Cologne,,DE,friend's place,Cologne,,DE,social,,e_scooter,,2.9,False,False,False
5f8f9a78-4555-5ee0-9545-8666a53d4942,d90794d2-efac-5b8d-b1cd-01244a890cb2,2026-03-28 09:06:00+01:00,2026-03-28 09:26:00+01:00,20,home,Cologne,,DE,furniture_store,Cologne,,DE,shopping,,car_sharing,,9.9,False,False,False
2943a25e-38cf-572a-8043-d43ea80d3750,d90794d2-efac-5b8d-b1cd-01244a890cb2,2026-04-01 08:54:00+01:00,2026-04-01 09:19:00+01:00,20,home,Cologne,,DE,office,Cologne,,DE,commute,,public_transport,,7.52,True,True,True
3b0666bf-ae67-5357-bff3-621f6fa6b7f6,d90794d2-efac-5b8d-b1cd-01244a890cb2,2026-04-01 15:57:00+01:00,2026-04-01 16:19:00+01:00,18,office,Cologne,,DE,home,Cologne,,DE,home_return,,public_transport,,7.28,True,True,True
415a2cf8-66f2-5bf1-9144-ae52e07e5781,d90794d2-efac-5b8d-b1cd-01244a890cb2,2026-04-01 12:49:00+01:00,2026-04-01 13:01:00+01:00,12,home,Cologne,,DE,shops,Cologne,,DE,errands,,e_scooter,,3.0,False,False,False
2ce7f625-04b3-546f-8f4a-8990dbad473c,d90794d2-efac-5b8d-b1cd-01244a890cb2,2026-04-04 11:39:00+01:00,2026-04-04 11:49:00+01:00,10,home,Cologne,,DE,friend's place,Cologne,,DE,social,,e_scooter,,2.6,False,False,False
a9eb8691-bc4e-5dd4-87b6-ecc068cc4fe1,d90794d2-efac-5b8d-b1cd-01244a890cb2,2026-04-05 12:17:00+01:00,2026-04-05 12:28:00+01:00,11,home,Cologne,,DE,friend's place,Cologne,,DE,social,,e_scooter,,2.8,False,False,False
aacaba96-2278-531d-b938-d8ed020b6366,d90794d2-efac-5b8d-b1cd-01244a890cb2,2026-04-09 09:14:00+01:00,2026-04-09 09:35:00+01:00,18,home,Cologne,,DE,office,Cologne,,DE,commute,,public_transport,,6.53,True,True,True
f743e3c7-bee0-5a97-b045-c419df170d6e,d90794d2-efac-5b8d-b1cd-01244a890cb2,2026-04-09 15:52:00+01:00,2026-04-09 16:12:00+01:00,16,office,Cologne,,DE,home,Cologne,,DE,home_return,,public_transport,,6.33,True,True,True
6d93aeab-0c14-5378-b72b-5dbb241adacd,d90794d2-efac-5b8d-b1cd-01244a890cb2,2026-04-10 09:18:00+01:00,2026-04-10 09:41:00+01:00,19,home,Cologne,,DE,office,Cologne,,DE,commute,,public_transport,,6.48,True,True,True
d7391521-c24e-59af-bdaf-6e8a39d86ea0,d90794d2-efac-5b8d-b1cd-01244a890cb2,2026-04-10 16:00:00+01:00,2026-04-10 16:20:00+01:00,17,office,Cologne,,DE,home,Cologne,,DE,home_return,,public_transport,,6.33,True,True,True
acccd55e-5db6-5f18-aabd-e40da4528e26,d90794d2-efac-5b8d-b1cd-01244a890cb2,2026-04-11 12:30:00+01:00,2026-04-11 12:38:00+01:00,8,home,Cologne,,DE,friend's place,Cologne,,DE,social,,e_scooter,,1.9,False,False,False
a4d872ea-90a0-5d80-8dd0-26abc5a91bc6,d90794d2-efac-5b8d-b1cd-01244a890cb2,2026-04-11 10:49:00+01:00,2026-04-11 11:17:00+01:00,28,home,Cologne,,DE,furniture_store,Cologne,,DE,shopping,,car_sharing,,14.1,False,False,False
7d647dc3-8471-5c12-8691-ac4d9a6956b5,d90794d2-efac-5b8d-b1cd-01244a890cb2,2026-04-14 09:04:00+01:00,2026-04-14 09:32:00+01:00,23,home,Cologne,,DE,office,Cologne,,DE,commute,,public_transport,,7.45,True,True,True
28ed5ae6-b608-5f79-8caa-c97a6b2a4b1a,d90794d2-efac-5b8d-b1cd-01244a890cb2,2026-04-14 16:00:00+01:00,2026-04-14 16:23:00+01:00,21,office,Cologne,,DE,home,Cologne,,DE,home_return,,public_transport,,7.35,True,True,True
8eadb9a8-b717-5949-93e8-688564887a42,d90794d2-efac-5b8d-b1cd-01244a890cb2,2026-04-14 13:26:00+01:00,2026-04-14 13:36:00+01:00,10,home,Cologne,,DE,shops,Cologne,,DE,errands,,e_scooter,,2.4,False,False,False
5625e6e6-9397-56d3-a083-affff8b7f9d3,d90794d2-efac-5b8d-b1cd-01244a890cb2,2026-04-16 08:58:00+01:00,2026-04-16 09:24:00+01:00,23,home,Cologne,,DE,office,Cologne,,DE,commute,,public_transport,,7.57,True,True,True
944e7cf4-da92-53fa-87b7-5f6e23609404,d90794d2-efac-5b8d-b1cd-01244a890cb2,2026-04-16 16:10:00+01:00,2026-04-16 16:32:00+01:00,21,office,Cologne,,DE,home,Cologne,,DE,home_return,,public_transport,,7.34,True,True,True
895375dc-12fd-565b-8c9c-6f2352c2f5d8,d90794d2-efac-5b8d-b1cd-01244a890cb2,2026-04-16 12:44:00+01:00,2026-04-16 12:53:00+01:00,9,home,Cologne,,DE,shops,Cologne,,DE,errands,,e_scooter,,2.3,False,False,False
8a7589e1-cded-5804-abe0-f64e8486e20d,d90794d2-efac-5b8d-b1cd-01244a890cb2,2026-04-21 08:40:00+01:00,2026-04-21 09:03:00+01:00,18,home,Cologne,,DE,office,Cologne,,DE,commute,,public_transport,,7.15,True,True,True
9b32cd21-92e2-5333-8c96-96c559317853,d90794d2-efac-5b8d-b1cd-01244a890cb2,2026-04-21 15:38:00+01:00,2026-04-21 16:01:00+01:00,21,office,Cologne,,DE,home,Cologne,,DE,home_return,,public_transport,,7.39,True,True,True
2b3391e0-26ae-52d6-bcf5-827ebb4496a7,d90794d2-efac-5b8d-b1cd-01244a890cb2,2026-04-22 09:30:00+01:00,2026-04-22 09:52:00+01:00,18,home,Cologne,,DE,office,Cologne,,DE,commute,,public_transport,,6.96,True,True,True
2109a2b8-a540-50e9-b842-729a968a4d92,d90794d2-efac-5b8d-b1cd-01244a890cb2,2026-04-22 16:11:00+01:00,2026-04-22 16:37:00+01:00,23,office,Cologne,,DE,home,Cologne,,DE,home_return,,public_transport,,7.41,True,True,True
cb18438d-eda2-53b5-b931-298a33f1f959,d90794d2-efac-5b8d-b1cd-01244a890cb2,2026-04-23 12:42:00+01:00,2026-04-23 12:47:00+01:00,5,home,Cologne,,DE,shops,Cologne,,DE,errands,,e_scooter,,1.3,False,False,False
bea398e9-510f-52b7-aad3-d07c517e6044,d90794d2-efac-5b8d-b1cd-01244a890cb2,2026-04-28 13:19:00+01:00,2026-04-28 13:27:00+01:00,8,home,Cologne,,DE,shops,Cologne,,DE,errands,,e_scooter,,2.1,False,False,False
e4d25865-0a59-5a09-983e-a260b9e1bf67,d90794d2-efac-5b8d-b1cd-01244a890cb2,2026-04-29 09:11:00+01:00,2026-04-29 09:34:00+01:00,19,home,Cologne,,DE,office,Cologne,,DE,commute,,public_transport,,7.07,True,True,True
6c4f3696-6543-58c7-83fb-8b175dd9b2f8,d90794d2-efac-5b8d-b1cd-01244a890cb2,2026-04-29 15:42:00+01:00,2026-04-29 16:07:00+01:00,21,office,Cologne,,DE,home,Cologne,,DE,home_return,,public_transport,,7.19,True,True,True
b88c0c3c-e0af-54b1-a15b-fcc5196b466f,d90794d2-efac-5b8d-b1cd-01244a890cb2,2026-05-01 09:21:00+01:00,2026-05-01 09:47:00+01:00,22,home,Cologne,,DE,office,Cologne,,DE,commute,,public_transport,,7.1,True,True,True
9cb7c1af-16ac-5d53-ae8c-dafe6824547c,d90794d2-efac-5b8d-b1cd-01244a890cb2,2026-05-01 16:22:00+01:00,2026-05-01 16:41:00+01:00,17,office,Cologne,,DE,home,Cologne,,DE,home_return,,public_transport,,6.62,True,True,True
67f67814-cb6e-56c5-bd7e-9304a9ba24cf,d90794d2-efac-5b8d-b1cd-01244a890cb2,2026-05-04 08:44:00+01:00,2026-05-04 09:03:00+01:00,16,home,Cologne,,DE,office,Cologne,,DE,commute,,public_transport,,6.71,True,True,True
7d7a7e8c-9f21-5723-8d40-3591d7f385e0,d90794d2-efac-5b8d-b1cd-01244a890cb2,2026-05-04 16:24:00+01:00,2026-05-04 16:46:00+01:00,21,office,Cologne,,DE,home,Cologne,,DE,home_return,,public_transport,,7.11,True,True,True
a137fec5-d578-51d6-87be-eb5cb7ee6eec,d90794d2-efac-5b8d-b1cd-01244a890cb2,2026-05-05 08:48:00+01:00,2026-05-05 09:09:00+01:00,17,home,Cologne,,DE,office,Cologne,,DE,commute,,public_transport,,6.52,True,True,True
4fd0b472-22b4-59df-912a-c02edda23c76,d90794d2-efac-5b8d-b1cd-01244a890cb2,2026-05-05 15:41:00+01:00,2026-05-05 16:02:00+01:00,18,office,Cologne,,DE,home,Cologne,,DE,home_return,,public_transport,,6.55,True,True,True
7b85ed70-03a2-5d5a-9b9c-701af87989b5,d90794d2-efac-5b8d-b1cd-01244a890cb2,2026-05-08 08:43:00+01:00,2026-05-08 09:03:00+01:00,19,home,Cologne,,DE,office,Cologne,,DE,commute,,public_transport,,6.9,True,True,True
fc494b2e-ce20-54bc-949f-f0de86eac2ef,d90794d2-efac-5b8d-b1cd-01244a890cb2,2026-05-08 16:13:00+01:00,2026-05-08 16:37:00+01:00,21,office,Cologne,,DE,home,Cologne,,DE,home_return,,public_transport,,7.04,True,True,True
92507a94-e5a4-558b-971d-a66336bfc513,d90794d2-efac-5b8d-b1cd-01244a890cb2,2026-05-09 12:04:00+01:00,2026-05-09 12:14:00+01:00,10,home,Cologne,,DE,friend's place,Cologne,,DE,social,,e_scooter,,2.6,False,False,False
a904d53d-d2de-5787-be73-4f5b5982efb4,d90794d2-efac-5b8d-b1cd-01244a890cb2,2026-05-15 09:00:00+01:00,2026-05-15 09:21:00+01:00,17,home,Cologne,,DE,office,Cologne,,DE,commute,,public_transport,,7.36,True,True,True
40bf67e6-d342-5948-b6a3-99fedf86947f,d90794d2-efac-5b8d-b1cd-01244a890cb2,2026-05-15 16:23:00+01:00,2026-05-15 16:44:00+01:00,17,office,Cologne,,DE,home,Cologne,,DE,home_return,,public_transport,,7.42,True,True,True
85943873-c929-575e-ac44-1051c41772e1,d90794d2-efac-5b8d-b1cd-01244a890cb2,2026-05-19 09:05:00+01:00,2026-05-19 09:26:00+01:00,19,home,Cologne,,DE,office,Cologne,,DE,commute,,public_transport,,6.32,True,True,True
892ddbcb-f8b9-5bcd-a6aa-4ff15e68dbbc,d90794d2-efac-5b8d-b1cd-01244a890cb2,2026-05-19 15:45:00+01:00,2026-05-19 16:05:00+01:00,19,office,Cologne,,DE,home,Cologne,,DE,home_return,,public_transport,,6.3,True,True,True
43f97096-07f7-54f0-8a22-a69c6a9612fe,d90794d2-efac-5b8d-b1cd-01244a890cb2,2026-05-24 12:58:00+01:00,2026-05-24 13:10:00+01:00,12,home,Cologne,,DE,friend's place,Cologne,,DE,social,,e_scooter,,2.9,False,False,False
873956fe-1558-520e-8f4a-18194278e627,d90794d2-efac-5b8d-b1cd-01244a890cb2,2026-05-25 08:41:00+01:00,2026-05-25 09:01:00+01:00,19,home,Cologne,,DE,office,Cologne,,DE,commute,,public_transport,,6.1,True,True,True
0c003b70-542c-586a-9303-1a3473a29f1d,d90794d2-efac-5b8d-b1cd-01244a890cb2,2026-05-25 16:03:00+01:00,2026-05-25 16:20:00+01:00,16,office,Cologne,,DE,home,Cologne,,DE,home_return,,public_transport,,5.9,True,True,True
5874ad67-2fbd-5f8e-9db1-5c008924ddba,d90794d2-efac-5b8d-b1cd-01244a890cb2,2026-05-25 13:08:00+01:00,2026-05-25 13:20:00+01:00,12,home,Cologne,,DE,shops,Cologne,,DE,errands,,e_scooter,,3.1,False,False,False
42532f7a-cf45-5253-baf8-6c7f542a1f01,d90794d2-efac-5b8d-b1cd-01244a890cb2,2026-05-28 08:48:00+01:00,2026-05-28 09:06:00+01:00,17,home,Cologne,,DE,office,Cologne,,DE,commute,,public_transport,,5.92,True,True,True
2ea95aca-6761-5892-8df0-1448b41a799d,d90794d2-efac-5b8d-b1cd-01244a890cb2,2026-05-28 16:28:00+01:00,2026-05-28 16:54:00+01:00,23,office,Cologne,,DE,home,Cologne,,DE,home_return,,public_transport,,6.38,True,True,True
d634ad31-43af-554b-918f-c27951ddad0d,d90794d2-efac-5b8d-b1cd-01244a890cb2,2026-05-29 12:33:00+01:00,2026-05-29 12:42:00+01:00,9,home,Cologne,,DE,shops,Cologne,,DE,errands,,e_scooter,,2.3,False,False,False
0e6b7878-15b5-57f1-ac6d-e98cc638c8b0,d90794d2-efac-5b8d-b1cd-01244a890cb2,2026-05-30 12:38:00+01:00,2026-05-30 12:52:00+01:00,14,home,Cologne,,DE,friend's place,Cologne,,DE,social,,e_scooter,,3.5,False,False,False
28a91aa2-b5ba-5dc1-bec9-10145664bb05,d90794d2-efac-5b8d-b1cd-01244a890cb2,2026-05-31 12:50:00+01:00,2026-05-31 12:59:00+01:00,9,home,Cologne,,DE,friend's place,Cologne,,DE,social,,e_scooter,,2.3,False,False,False
618ae3fd-6f73-5d00-b801-c3b81e335c73,d90794d2-efac-5b8d-b1cd-01244a890cb2,2026-06-01 13:16:00+01:00,2026-06-01 13:20:00+01:00,4,home,Cologne,,DE,shops,Cologne,,DE,errands,,e_scooter,,1.0,False,False,False
257b73a2-650c-5031-b211-f77cec15e80b,d90794d2-efac-5b8d-b1cd-01244a890cb2,2026-06-02 08:55:00+01:00,2026-06-02 09:19:00+01:00,21,home,Cologne,,DE,office,Cologne,,DE,commute,,public_transport,,7.38,True,True,True
6d640253-7f9f-5f32-93f3-43ecac100fdd,d90794d2-efac-5b8d-b1cd-01244a890cb2,2026-06-02 16:30:00+01:00,2026-06-02 16:50:00+01:00,19,office,Cologne,,DE,home,Cologne,,DE,home_return,,public_transport,,7.28,True,True,True
fe9917a1-034c-5a92-aa8b-9c4d68303bb6,d90794d2-efac-5b8d-b1cd-01244a890cb2,2026-06-03 09:27:00+01:00,2026-06-03 09:45:00+01:00,17,home,Cologne,,DE,office,Cologne,,DE,commute,,public_transport,,6.48,True,True,True
beb80b88-9402-5726-bb16-55da1bcceccd,d90794d2-efac-5b8d-b1cd-01244a890cb2,2026-06-03 16:27:00+01:00,2026-06-03 16:54:00+01:00,24,office,Cologne,,DE,home,Cologne,,DE,home_return,,public_transport,,7.0,True,True,True
7c3e0f06-dec9-59aa-aa6b-71b6cb230e45,d90794d2-efac-5b8d-b1cd-01244a890cb2,2026-06-06 11:41:00+01:00,2026-06-06 11:51:00+01:00,10,home,Cologne,,DE,friend's place,Cologne,,DE,social,,e_scooter,,2.6,False,False,False
02c67575-7ed7-5fdc-a0ff-07c997cb51d9,d90794d2-efac-5b8d-b1cd-01244a890cb2,2026-06-09 13:18:00+01:00,2026-06-09 13:30:00+01:00,12,home,Cologne,,DE,shops,Cologne,,DE,errands,,e_scooter,,2.9,False,False,False
6d3f0758-9010-554d-ba34-6710ecf0ec0c,d90794d2-efac-5b8d-b1cd-01244a890cb2,2026-06-14 09:55:00+01:00,2026-06-14 10:10:00+01:00,15,home,Cologne,,DE,furniture_store,Cologne,,DE,shopping,,car_sharing,,7.3,False,False,False
57c182db-8359-5afd-8869-574c03ac2bed,d90794d2-efac-5b8d-b1cd-01244a890cb2,2026-06-16 09:13:00+01:00,2026-06-16 09:36:00+01:00,18,home,Cologne,,DE,office,Cologne,,DE,commute,,public_transport,,6.67,True,True,True
b80782da-a152-5f9f-9793-5b91701df6d6,d90794d2-efac-5b8d-b1cd-01244a890cb2,2026-06-16 15:31:00+01:00,2026-06-16 15:52:00+01:00,19,office,Cologne,,DE,home,Cologne,,DE,home_return,,public_transport,,6.84,True,True,True
5821c2fc-e5d1-5141-908a-e4e6be73bab2,d90794d2-efac-5b8d-b1cd-01244a890cb2,2026-06-18 08:38:00+01:00,2026-06-18 09:02:00+01:00,20,home,Cologne,,DE,office,Cologne,,DE,commute,,public_transport,,6.95,True,True,True
0cb86215-253d-548b-85a3-6791b6205ee2,d90794d2-efac-5b8d-b1cd-01244a890cb2,2026-06-18 16:18:00+01:00,2026-06-18 16:43:00+01:00,20,office,Cologne,,DE,home,Cologne,,DE,home_return,,public_transport,,6.98,True,True,True
9808dc00-41d4-5536-aea1-ae7083cfc328,d90794d2-efac-5b8d-b1cd-01244a890cb2,2026-06-19 08:35:00+01:00,2026-06-19 08:56:00+01:00,16,home,Cologne,,DE,office,Cologne,,DE,commute,,public_transport,,5.68,True,True,True
4a5a1517-5ce5-5435-9f3f-b12671eaa407,d90794d2-efac-5b8d-b1cd-01244a890cb2,2026-06-19 15:38:00+01:00,2026-06-19 16:00:00+01:00,19,office,Cologne,,DE,home,Cologne,,DE,home_return,,public_transport,,5.97,True,True,True
d7f0ecdd-f65b-5b87-b5b3-419ffd57dadd,d90794d2-efac-5b8d-b1cd-01244a890cb2,2026-06-23 09:20:00+01:00,2026-06-23 09:43:00+01:00,18,home,Cologne,,DE,office,Cologne,,DE,commute,,public_transport,,6.86,True,True,True
6b58aa8a-24bd-5580-8d7c-901851889340,d90794d2-efac-5b8d-b1cd-01244a890cb2,2026-06-23 15:35:00+01:00,2026-06-23 15:56:00+01:00,19,office,Cologne,,DE,home,Cologne,,DE,home_return,,public_transport,,6.99,True,True,True
67b752bb-2997-566e-a27d-e66687b68d5d,d90794d2-efac-5b8d-b1cd-01244a890cb2,2026-06-24 08:51:00+01:00,2026-06-24 09:12:00+01:00,20,home,Cologne,,DE,office,Cologne,,DE,commute,,public_transport,,7.55,True,True,True
ba0e27a4-4fae-5690-9de1-96bbc3a0bdfc,d90794d2-efac-5b8d-b1cd-01244a890cb2,2026-06-24 16:26:00+01:00,2026-06-24 16:51:00+01:00,22,office,Cologne,,DE,home,Cologne,,DE,home_return,,public_transport,,7.66,True,True,True
86d895d2-9b5a-5968-bae7-32688bbe617d,d90794d2-efac-5b8d-b1cd-01244a890cb2,2026-06-26 09:23:00+01:00,2026-06-26 09:45:00+01:00,17,home,Cologne,,DE,office,Cologne,,DE,commute,,public_transport,,6.59,True,True,True
ac06f5b0-261a-51a2-8de5-125e328a9fcb,d90794d2-efac-5b8d-b1cd-01244a890cb2,2026-06-26 16:24:00+01:00,2026-06-26 16:45:00+01:00,18,office,Cologne,,DE,home,Cologne,,DE,home_return,,public_transport,,6.62,True,True,True
7414af5f-e5c2-5515-9bde-f101ac8ff1cf,d90794d2-efac-5b8d-b1cd-01244a890cb2,2026-06-26 13:30:00+01:00,2026-06-26 13:40:00+01:00,10,home,Cologne,,DE,shops,Cologne,,DE,errands,,e_scooter,,2.4,False,False,False
db18e304-b318-5ed6-a290-1487bb3d311b,d90794d2-efac-5b8d-b1cd-01244a890cb2,2026-06-27 12:58:00+01:00,2026-06-27 13:08:00+01:00,10,home,Cologne,,DE,friend's place,Cologne,,DE,social,,e_scooter,,2.5,False,False,False
8c748bb4-0374-525f-bcdb-9075d3d658f9,d90794d2-efac-5b8d-b1cd-01244a890cb2,2026-06-28 11:21:00+01:00,2026-06-28 11:27:00+01:00,6,home,Cologne,,DE,friend's place,Cologne,,DE,social,,e_scooter,,1.6,False,False,False
d1c450be-9579-5f9a-b06d-f18996431cb6,671fbc5b-99f1-505f-aaaa-1c682f552803,2024-07-01 11:36:00+01:00,2024-07-01 11:40:00+01:00,4,home,Munich,,DE,neighborhood,Munich,,DE,leisure,,bicycle,,0.9,False,False,False
51e3a70f-ad9f-54f0-b71e-57fc986a18f5,671fbc5b-99f1-505f-aaaa-1c682f552803,2024-07-02 09:46:00+01:00,2024-07-02 09:54:00+01:00,8,home,Munich,,DE,neighborhood,Munich,,DE,errands,,bicycle,,2.1,False,False,False
37fe8675-3b4b-5edb-9e27-9905711c7ee8,671fbc5b-99f1-505f-aaaa-1c682f552803,2024-07-03 12:56:00+01:00,2024-07-03 13:02:00+01:00,6,home,Munich,,DE,neighborhood,Munich,,DE,leisure,,bicycle,,1.5,False,False,False
cf2c821d-adde-586b-beae-cb360f4867f5,671fbc5b-99f1-505f-aaaa-1c682f552803,2024-07-05 12:36:00+01:00,2024-07-05 12:42:00+01:00,6,home,Munich,,DE,neighborhood,Munich,,DE,leisure,,walking,,0.5,False,False,False
a50f9b53-aed0-5cff-8d74-550a4a6b8257,671fbc5b-99f1-505f-aaaa-1c682f552803,2024-07-06 12:10:00+01:00,2024-07-06 12:18:00+01:00,8,home,Munich,,DE,neighborhood,Munich,,DE,leisure,,walking,,0.7,False,False,False
0d4cb28d-fac0-589d-a5ed-ae42af205dfc,671fbc5b-99f1-505f-aaaa-1c682f552803,2024-07-07 10:58:00+01:00,2024-07-07 11:10:00+01:00,12,home,Munich,,DE,neighborhood,Munich,,DE,errands,,walking,,1.0,False,False,False
e21ddeee-9443-5b7a-8801-3b9a5878ce9a,671fbc5b-99f1-505f-aaaa-1c682f552803,2024-07-07 10:55:00+01:00,2024-07-07 11:27:00+01:00,32,home,Munich,,DE,hardware_store,Munich,,DE,shopping,,car_sharing,,16.2,False,False,False
74732a2e-db34-54b6-8c25-803a9414ed96,671fbc5b-99f1-505f-aaaa-1c682f552803,2024-07-10 10:45:00+01:00,2024-07-10 11:08:00+01:00,23,home,Munich,,DE,neighborhood,Munich,,DE,shopping,,walking,,1.9,False,False,False
3f665ec2-4ac1-5510-b48a-5cce84228a9c,671fbc5b-99f1-505f-aaaa-1c682f552803,2024-07-14 12:18:00+01:00,2024-07-14 12:22:00+01:00,4,home,Munich,,DE,neighborhood,Munich,,DE,errands,,bicycle,,1.0,False,False,False
c7af6403-a350-588f-95ff-6cf887784048,671fbc5b-99f1-505f-aaaa-1c682f552803,2024-07-17 10:26:00+01:00,2024-07-17 10:39:00+01:00,13,home,Munich,,DE,neighborhood,Munich,,DE,errands,,walking,,1.1,False,False,False
b6663d91-951a-5a7a-9e26-d4270a372190,671fbc5b-99f1-505f-aaaa-1c682f552803,2024-07-18 09:49:00+01:00,2024-07-18 10:18:00+01:00,29,home,Munich,,DE,neighborhood,Munich,,DE,shopping,,walking,,2.4,False,False,False
ad867435-0cbe-5eda-baec-fbea31b02ff8,671fbc5b-99f1-505f-aaaa-1c682f552803,2024-07-20 12:37:00+01:00,2024-07-20 12:41:00+01:00,4,home,Munich,,DE,neighborhood,Munich,,DE,leisure,,bicycle,,1.1,False,False,False
3a8477b3-4300-595c-9298-1e4803cf1975,671fbc5b-99f1-505f-aaaa-1c682f552803,2024-07-21 12:00:00+01:00,2024-07-21 12:19:00+01:00,19,home,Munich,,DE,neighborhood,Munich,,DE,errands,,walking,,1.6,False,False,False
9432d503-f817-5d2f-8ab2-7be8f2baefb1,671fbc5b-99f1-505f-aaaa-1c682f552803,2024-07-23 12:50:00+01:00,2024-07-23 12:57:00+01:00,7,home,Munich,,DE,neighborhood,Munich,,DE,leisure,,walking,,0.6,False,False,False
9cc0dc63-2625-5581-a6a5-fc5226791a18,671fbc5b-99f1-505f-aaaa-1c682f552803,2024-07-25 13:00:00+01:00,2024-07-25 13:04:00+01:00,4,home,Munich,,DE,neighborhood,Munich,,DE,leisure,,bicycle,,0.8,False,False,False
6ea01e63-fafb-5fc7-b0f6-b44f0db8ad0c,671fbc5b-99f1-505f-aaaa-1c682f552803,2024-07-26 10:39:00+01:00,2024-07-26 10:51:00+01:00,12,home,Munich,,DE,neighborhood,Munich,,DE,errands,,bicycle,,2.9,False,False,False
46d15ec8-cceb-5e5d-8c22-1d9ad6b7b065,671fbc5b-99f1-505f-aaaa-1c682f552803,2024-07-28 09:45:00+01:00,2024-07-28 09:57:00+01:00,12,home,Munich,,DE,neighborhood,Munich,,DE,errands,,bicycle,,2.9,False,False,False
617ff33e-0eb9-5c85-89ac-635e5e5b2ae4,671fbc5b-99f1-505f-aaaa-1c682f552803,2024-07-30 12:55:00+01:00,2024-07-30 13:05:00+01:00,10,home,Munich,,DE,neighborhood,Munich,,DE,errands,,bicycle,,2.6,False,False,False
4f9f5422-9d52-59fb-ae9f-7530193f625e,671fbc5b-99f1-505f-aaaa-1c682f552803,2024-07-31 11:55:00+01:00,2024-07-31 12:06:00+01:00,11,home,Munich,,DE,neighborhood,Munich,,DE,shopping,,bicycle,,2.7,False,False,False
7a3408b4-5895-5d21-8336-4acc0b52d1ee,671fbc5b-99f1-505f-aaaa-1c682f552803,2024-08-01 09:25:00+01:00,2024-08-01 09:32:00+01:00,7,home,Munich,,DE,neighborhood,Munich,,DE,leisure,,walking,,0.6,False,False,False
f2c5cc9e-8c17-5e66-82cd-9803debf9952,671fbc5b-99f1-505f-aaaa-1c682f552803,2024-08-03 09:12:00+01:00,2024-08-03 09:25:00+01:00,13,home,Munich,,DE,neighborhood,Munich,,DE,errands,,walking,,1.1,False,False,False
41b0915a-390e-5a94-8503-4ff9e32d0984,671fbc5b-99f1-505f-aaaa-1c682f552803,2024-08-04 11:56:00+01:00,2024-08-04 12:24:00+01:00,28,home,Munich,,DE,neighborhood,Munich,,DE,shopping,,walking,,2.3,False,False,False
89f9246b-7702-5857-bb45-5c50729db563,671fbc5b-99f1-505f-aaaa-1c682f552803,2024-08-05 11:58:00+01:00,2024-08-05 12:02:00+01:00,4,home,Munich,,DE,neighborhood,Munich,,DE,leisure,,bicycle,,0.6,False,False,False
944d4e1d-44e3-5702-b09a-1adc8e306c0a,671fbc5b-99f1-505f-aaaa-1c682f552803,2024-08-08 10:27:00+01:00,2024-08-08 10:33:00+01:00,6,home,Munich,,DE,neighborhood,Munich,,DE,errands,,bicycle,,1.4,False,False,False
3909d2b3-49f8-592f-86cc-c8937af9bfd0,671fbc5b-99f1-505f-aaaa-1c682f552803,2024-08-09 11:44:00+01:00,2024-08-09 12:19:00+01:00,35,home,Munich,,DE,neighborhood,Munich,,DE,errands,,walking,,2.9,False,False,False
7a03ad31-7cce-5102-b501-7be900b2eeee,671fbc5b-99f1-505f-aaaa-1c682f552803,2024-08-10 10:52:00+01:00,2024-08-10 11:00:00+01:00,8,home,Munich,,DE,neighborhood,Munich,,DE,leisure,,bicycle,,1.9,False,False,False
ebfa97a6-60e4-54c9-81cb-57a867446183,671fbc5b-99f1-505f-aaaa-1c682f552803,2024-08-11 12:03:00+01:00,2024-08-11 12:29:00+01:00,26,home,Munich,,DE,neighborhood,Munich,,DE,errands,,walking,,2.2,False,False,False
a98dbfd8-5a0e-54d5-9803-cac813b266c3,671fbc5b-99f1-505f-aaaa-1c682f552803,2024-08-12 09:48:00+01:00,2024-08-12 10:21:00+01:00,33,home,Munich,,DE,hardware_store,Munich,,DE,shopping,,car_sharing,,16.3,False,False,False
8c14fdae-f1c9-534d-aa31-7f282ad0debb,671fbc5b-99f1-505f-aaaa-1c682f552803,2024-08-13 07:52:00+01:00,2024-08-13 08:18:00+01:00,24,home,Munich,,DE,office,Munich,,DE,commute,,public_transport,,9.46,True,True,True
43860dc1-f9c9-52e6-980f-1b58ac9ecf62,671fbc5b-99f1-505f-aaaa-1c682f552803,2024-08-13 16:50:00+01:00,2024-08-13 17:17:00+01:00,25,office,Munich,,DE,home,Munich,,DE,home_return,,public_transport,,9.51,True,True,True
4875b890-3012-502c-aad5-f89e92cefe01,671fbc5b-99f1-505f-aaaa-1c682f552803,2024-08-14 09:47:00+01:00,2024-08-14 09:55:00+01:00,8,home,Munich,,DE,neighborhood,Munich,,DE,shopping,,bicycle,,2.0,False,False,False
e87d4ed9-91f9-5f69-ab9b-acd06d03e797,671fbc5b-99f1-505f-aaaa-1c682f552803,2024-08-15 09:03:00+01:00,2024-08-15 09:34:00+01:00,31,home,Munich,,DE,neighborhood,Munich,,DE,shopping,,walking,,2.6,False,False,False
c13e1c60-0df0-5550-973c-f37afc9bd574,671fbc5b-99f1-505f-aaaa-1c682f552803,2024-08-18 09:22:00+01:00,2024-08-18 09:54:00+01:00,32,home,Munich,,DE,neighborhood,Munich,,DE,leisure,,walking,,2.7,False,False,False
cea100b8-5177-5cdd-ba26-fe7669e2bb9a,671fbc5b-99f1-505f-aaaa-1c682f552803,2024-08-19 10:25:00+01:00,2024-08-19 10:51:00+01:00,26,home,Munich,,DE,neighborhood,Munich,,DE,shopping,,walking,,2.2,False,False,False
9a4b0a59-4dcc-5126-9327-f689649915a3,671fbc5b-99f1-505f-aaaa-1c682f552803,2024-08-21 09:59:00+01:00,2024-08-21 10:10:00+01:00,11,home,Munich,,DE,neighborhood,Munich,,DE,errands,,walking,,0.9,False,False,False
00796d8f-71c8-58c1-a375-0ea69cc48f60,671fbc5b-99f1-505f-aaaa-1c682f552803,2024-08-21 09:58:00+01:00,2024-08-21 10:38:00+01:00,40,home,Munich,,DE,hardware_store,Munich,,DE,shopping,,car_sharing,,19.8,False,False,False
e30d2b38-1576-5d36-a28f-655bed825c4c,671fbc5b-99f1-505f-aaaa-1c682f552803,2024-08-23 12:52:00+01:00,2024-08-23 13:16:00+01:00,24,home,Munich,,DE,neighborhood,Munich,,DE,leisure,,walking,,2.0,False,False,False
f31ab93f-4087-57b0-9eee-f7de8877dc57,671fbc5b-99f1-505f-aaaa-1c682f552803,2024-08-24 11:29:00+01:00,2024-08-24 11:40:00+01:00,11,home,Munich,,DE,repair_shop_area,Munich,,DE,errands,,bike_sharing,,2.8,False,False,False
f3a205d9-95f7-5490-bd0d-a7c91fa21545,671fbc5b-99f1-505f-aaaa-1c682f552803,2024-08-29 11:25:00+01:00,2024-08-29 11:49:00+01:00,24,home,Munich,,DE,neighborhood,Munich,,DE,shopping,,walking,,2.0,False,False,False
dfacc338-3b62-5081-9d9d-f35605e994bf,671fbc5b-99f1-505f-aaaa-1c682f552803,2024-08-30 09:12:00+01:00,2024-08-30 09:19:00+01:00,7,home,Munich,,DE,neighborhood,Munich,,DE,leisure,,bicycle,,1.8,False,False,False
a78eeb3b-d825-5f6c-9826-2bde02b57b64,671fbc5b-99f1-505f-aaaa-1c682f552803,2024-09-01 12:50:00+01:00,2024-09-01 13:24:00+01:00,34,home,Munich,,DE,neighborhood,Munich,,DE,errands,,walking,,2.8,False,False,False
9351daaa-de68-5fd3-ab1f-68a9bc0cef1a,671fbc5b-99f1-505f-aaaa-1c682f552803,2024-09-02 09:35:00+01:00,2024-09-02 09:39:00+01:00,4,home,Munich,,DE,neighborhood,Munich,,DE,errands,,bicycle,,0.7,False,False,False
402b743c-4ab4-5b74-b35a-dcd079f5e089,671fbc5b-99f1-505f-aaaa-1c682f552803,2024-09-02 07:43:00+01:00,2024-09-02 08:08:00+01:00,23,home,Munich,,DE,office,Munich,,DE,commute,,public_transport,,9.37,True,True,True
142bc2a2-a3ae-5e62-a2ad-0c54c418b772,671fbc5b-99f1-505f-aaaa-1c682f552803,2024-09-02 17:30:00+01:00,2024-09-02 17:56:00+01:00,23,office,Munich,,DE,home,Munich,,DE,home_return,,public_transport,,9.32,True,True,True
d5aeea4d-ffac-5bd5-81b3-6f512018f11e,671fbc5b-99f1-505f-aaaa-1c682f552803,2024-09-10 11:08:00+01:00,2024-09-10 11:40:00+01:00,32,home,Munich,,DE,neighborhood,Munich,,DE,errands,,walking,,2.7,False,False,False
54b481e7-f426-51d3-b1dd-7db94780b696,671fbc5b-99f1-505f-aaaa-1c682f552803,2024-09-11 10:28:00+01:00,2024-09-11 11:04:00+01:00,36,home,Munich,,DE,neighborhood,Munich,,DE,shopping,,walking,,3.0,False,False,False
b925e195-1c91-517f-a5e5-1fa0ce0d397d,671fbc5b-99f1-505f-aaaa-1c682f552803,2024-09-12 11:36:00+01:00,2024-09-12 12:10:00+01:00,34,home,Munich,,DE,neighborhood,Munich,,DE,shopping,,walking,,2.8,False,False,False
7a014be9-dd0a-54f1-8678-5fad9a8f2faa,671fbc5b-99f1-505f-aaaa-1c682f552803,2024-09-15 12:11:00+01:00,2024-09-15 12:23:00+01:00,12,home,Munich,,DE,neighborhood,Munich,,DE,shopping,,bicycle,,2.9,False,False,False
2e5f569e-35e9-54f5-88df-b5bffbe9f9b8,671fbc5b-99f1-505f-aaaa-1c682f552803,2024-09-17 12:25:00+01:00,2024-09-17 12:36:00+01:00,11,home,Munich,,DE,neighborhood,Munich,,DE,errands,,walking,,0.9,False,False,False
c2635ffe-fbba-55e0-b5e8-5c6a8ef180e0,671fbc5b-99f1-505f-aaaa-1c682f552803,2024-09-18 12:35:00+01:00,2024-09-18 13:07:00+01:00,32,home,Munich,,DE,neighborhood,Munich,,DE,leisure,,walking,,2.7,False,False,False
5c41d75b-56b0-505b-98bc-af03c01754b3,671fbc5b-99f1-505f-aaaa-1c682f552803,2024-09-20 11:28:00+01:00,2024-09-20 11:45:00+01:00,17,home,Munich,,DE,neighborhood,Munich,,DE,leisure,,walking,,1.4,False,False,False
78b626c2-bda6-59f7-8df1-a84d4cfe1475,671fbc5b-99f1-505f-aaaa-1c682f552803,2024-09-23 10:56:00+01:00,2024-09-23 11:20:00+01:00,24,home,Munich,,DE,neighborhood,Munich,,DE,errands,,walking,,2.0,False,False,False
14dbd673-c110-551b-9935-75f34fe824b2,671fbc5b-99f1-505f-aaaa-1c682f552803,2024-09-24 10:05:00+01:00,2024-09-24 10:19:00+01:00,14,home,Munich,,DE,neighborhood,Munich,,DE,errands,,walking,,1.2,False,False,False
a5988f8d-e7bf-5478-89da-45a75bf2541f,671fbc5b-99f1-505f-aaaa-1c682f552803,2024-09-26 11:42:00+01:00,2024-09-26 11:49:00+01:00,7,home,Munich,,DE,neighborhood,Munich,,DE,errands,,bicycle,,1.8,False,False,False
cdb3ee8f-a0bb-5aa6-bbcb-10e2a9d3a761,671fbc5b-99f1-505f-aaaa-1c682f552803,2024-09-28 09:21:00+01:00,2024-09-28 09:26:00+01:00,5,home,Munich,,DE,neighborhood,Munich,,DE,shopping,,bicycle,,1.3,False,False,False
536f9c84-c16d-5aa9-a400-d86c4887e88b,671fbc5b-99f1-505f-aaaa-1c682f552803,2024-09-29 12:04:00+01:00,2024-09-29 12:17:00+01:00,13,home,Munich,,DE,neighborhood,Munich,,DE,leisure,,walking,,1.1,False,False,False
94545ac8-0200-5919-9896-36c231df0f90,671fbc5b-99f1-505f-aaaa-1c682f552803,2024-09-30 10:02:00+01:00,2024-09-30 10:24:00+01:00,22,home,Munich,,DE,neighborhood,Munich,,DE,leisure,,walking,,1.8,False,False,False
6fb06ca0-2b43-5910-80f9-278d570ee799,671fbc5b-99f1-505f-aaaa-1c682f552803,2024-10-01 12:37:00+01:00,2024-10-01 13:05:00+01:00,28,home,Munich,,DE,neighborhood,Munich,,DE,shopping,,walking,,2.3,False,False,False
7cee114f-37e5-5276-8ff9-150d274e9b11,671fbc5b-99f1-505f-aaaa-1c682f552803,2024-10-02 10:39:00+01:00,2024-10-02 10:46:00+01:00,7,home,Munich,,DE,neighborhood,Munich,,DE,shopping,,bicycle,,1.7,False,False,False
216cb53a-8a96-5140-ac36-e81d145ae786,671fbc5b-99f1-505f-aaaa-1c682f552803,2024-10-05 11:24:00+01:00,2024-10-05 11:37:00+01:00,13,home,Munich,,DE,neighborhood,Munich,,DE,leisure,,walking,,1.1,False,False,False
ce1658c8-ff53-5ae5-bf72-5a7b8edc5bc0,671fbc5b-99f1-505f-aaaa-1c682f552803,2024-10-08 11:26:00+01:00,2024-10-08 11:52:00+01:00,26,home,Munich,,DE,neighborhood,Munich,,DE,leisure,,walking,,2.2,False,False,False
9ea8bd8f-3bdd-5de6-bdf6-3393c87d22b1,671fbc5b-99f1-505f-aaaa-1c682f552803,2024-10-09 11:32:00+01:00,2024-10-09 11:49:00+01:00,17,home,Munich,,DE,neighborhood,Munich,,DE,errands,,walking,,1.4,False,False,False
316b142d-c437-55b8-9621-99a10e90c8ee,671fbc5b-99f1-505f-aaaa-1c682f552803,2024-10-11 10:01:00+01:00,2024-10-11 10:37:00+01:00,36,home,Munich,,DE,neighborhood,Munich,,DE,leisure,,walking,,3.0,False,False,False
a132947e-07b2-567e-8e4c-cb5edce23bcd,671fbc5b-99f1-505f-aaaa-1c682f552803,2024-10-12 11:50:00+01:00,2024-10-12 12:20:00+01:00,30,home,Munich,,DE,neighborhood,Munich,,DE,leisure,,walking,,2.5,False,False,False
49a73591-9c25-5a54-a66d-ebd6fd61441d,671fbc5b-99f1-505f-aaaa-1c682f552803,2024-10-14 10:55:00+01:00,2024-10-14 11:23:00+01:00,28,home,Munich,,DE,neighborhood,Munich,,DE,shopping,,walking,,2.3,False,False,False
f4022fb4-3d0c-5d49-9685-1dc9d06c97a5,671fbc5b-99f1-505f-aaaa-1c682f552803,2024-10-17 10:34:00+01:00,2024-10-17 11:08:00+01:00,34,home,Munich,,DE,neighborhood,Munich,,DE,shopping,,walking,,2.8,False,False,False
1d3c91cb-3377-5dc2-954f-e2052741d034,671fbc5b-99f1-505f-aaaa-1c682f552803,2024-10-18 10:11:00+01:00,2024-10-18 10:17:00+01:00,6,home,Munich,,DE,neighborhood,Munich,,DE,shopping,,bicycle,,1.4,False,False,False
ef291c9f-6859-5b66-98fa-f1bb87f72b0d,671fbc5b-99f1-505f-aaaa-1c682f552803,2024-10-19 12:47:00+01:00,2024-10-19 12:57:00+01:00,10,home,Munich,,DE,neighborhood,Munich,,DE,shopping,,bicycle,,2.6,False,False,False
803ed9dd-2b08-5e44-965c-a9bc5841ffad,671fbc5b-99f1-505f-aaaa-1c682f552803,2024-10-21 12:30:00+01:00,2024-10-21 12:36:00+01:00,6,home,Munich,,DE,neighborhood,Munich,,DE,errands,,bicycle,,1.4,False,False,False
0d2b4dd1-3683-57fd-873c-4ad5027871e2,671fbc5b-99f1-505f-aaaa-1c682f552803,2024-10-22 09:49:00+01:00,2024-10-22 10:05:00+01:00,16,home,Munich,,DE,neighborhood,Munich,,DE,leisure,,walking,,1.3,False,False,False
4875cb15-36ab-5805-9355-76819eee37fd,671fbc5b-99f1-505f-aaaa-1c682f552803,2024-10-24 12:57:00+01:00,2024-10-24 13:19:00+01:00,22,home,Munich,,DE,neighborhood,Munich,,DE,leisure,,walking,,1.8,False,False,False
c3ccc065-812c-5488-99ea-d064dbd8ef01,671fbc5b-99f1-505f-aaaa-1c682f552803,2024-10-26 11:49:00+01:00,2024-10-26 12:01:00+01:00,12,home,Munich,,DE,neighborhood,Munich,,DE,errands,,walking,,1.0,False,False,False
bcee7e49-8c02-58db-b1b9-9e598ae7de0f,671fbc5b-99f1-505f-aaaa-1c682f552803,2024-10-30 09:45:00+01:00,2024-10-30 09:56:00+01:00,11,home,Munich,,DE,neighborhood,Munich,,DE,shopping,,walking,,0.9,False,False,False
737998c9-247e-5bc9-a037-864806df875b,671fbc5b-99f1-505f-aaaa-1c682f552803,2024-10-31 12:04:00+01:00,2024-10-31 12:17:00+01:00,13,home,Munich,,DE,neighborhood,Munich,,DE,leisure,,walking,,1.1,False,False,False
95118a5a-a49f-5c20-8f7a-9384bf6c660f,671fbc5b-99f1-505f-aaaa-1c682f552803,2024-11-01 09:38:00+01:00,2024-11-01 09:51:00+01:00,13,home,Munich,,DE,neighborhood,Munich,,DE,shopping,,walking,,1.1,False,False,False
04feece9-fb38-5972-96ac-4c7361e1c5dc,671fbc5b-99f1-505f-aaaa-1c682f552803,2024-11-04 09:58:00+01:00,2024-11-04 10:15:00+01:00,17,home,Munich,,DE,neighborhood,Munich,,DE,leisure,,walking,,1.4,False,False,False
bd014868-fd46-50a9-a4c1-a6cd3e0b5563,671fbc5b-99f1-505f-aaaa-1c682f552803,2024-11-05 09:11:00+01:00,2024-11-05 09:18:00+01:00,7,home,Munich,,DE,neighborhood,Munich,,DE,shopping,,walking,,0.6,False,False,False
d83fe517-919f-5a83-80b8-4d01af647b79,671fbc5b-99f1-505f-aaaa-1c682f552803,2024-11-07 10:41:00+01:00,2024-11-07 11:01:00+01:00,20,home,Munich,,DE,neighborhood,Munich,,DE,errands,,walking,,1.7,False,False,False
98f74f62-c244-59c5-8d14-aebe11531edc,671fbc5b-99f1-505f-aaaa-1c682f552803,2024-11-11 10:23:00+01:00,2024-11-11 10:41:00+01:00,18,home,Munich,,DE,neighborhood,Munich,,DE,leisure,,walking,,1.5,False,False,False
3abf7548-a806-53f6-9bcf-a7e77a1af841,671fbc5b-99f1-505f-aaaa-1c682f552803,2024-11-12 09:36:00+01:00,2024-11-12 10:02:00+01:00,26,home,Munich,,DE,neighborhood,Munich,,DE,errands,,walking,,2.2,False,False,False
59134e46-80c0-5cd5-bae6-4016472877a2,671fbc5b-99f1-505f-aaaa-1c682f552803,2024-11-13 11:23:00+01:00,2024-11-13 11:59:00+01:00,36,home,Munich,,DE,neighborhood,Munich,,DE,shopping,,walking,,3.0,False,False,False
cbc4831a-6ad7-5667-a9da-b16f1ba30308,671fbc5b-99f1-505f-aaaa-1c682f552803,2024-11-15 10:26:00+01:00,2024-11-15 10:32:00+01:00,6,home,Munich,,DE,neighborhood,Munich,,DE,errands,,bicycle,,1.4,False,False,False
f3605437-9616-5afa-90af-9a59f9cd2a6d,671fbc5b-99f1-505f-aaaa-1c682f552803,2024-11-18 09:29:00+01:00,2024-11-18 10:08:00+01:00,39,home,Munich,,DE,hardware_store,Munich,,DE,shopping,,car_sharing,,19.4,False,False,False
91e19667-3f70-5e8d-bf71-b89e839cb392,671fbc5b-99f1-505f-aaaa-1c682f552803,2024-11-20 12:18:00+01:00,2024-11-20 12:43:00+01:00,25,home,Munich,,DE,neighborhood,Munich,,DE,leisure,,walking,,2.1,False,False,False
9a842076-e126-5f1b-ac41-967f6c45ecdd,671fbc5b-99f1-505f-aaaa-1c682f552803,2024-11-21 11:01:00+01:00,2024-11-21 11:09:00+01:00,8,home,Munich,,DE,neighborhood,Munich,,DE,shopping,,bicycle,,1.9,False,False,False
236d7ed0-5948-5fc8-ac73-34381b16abf0,671fbc5b-99f1-505f-aaaa-1c682f552803,2024-11-22 09:18:00+01:00,2024-11-22 09:23:00+01:00,5,home,Munich,,DE,neighborhood,Munich,,DE,errands,,bicycle,,1.3,False,False,False
e31f28c7-4a52-5b63-a1e8-c9e82cdd656d,671fbc5b-99f1-505f-aaaa-1c682f552803,2024-11-24 11:25:00+01:00,2024-11-24 11:44:00+01:00,19,home,Munich,,DE,neighborhood,Munich,,DE,shopping,,walking,,1.6,False,False,False
a2d21707-70b3-5ceb-a8a7-daefbae90e4b,671fbc5b-99f1-505f-aaaa-1c682f552803,2024-11-25 12:26:00+01:00,2024-11-25 12:49:00+01:00,23,home,Munich,,DE,neighborhood,Munich,,DE,errands,,walking,,1.9,False,False,False
2fe74d87-81ec-5f31-9124-292181a76b7b,671fbc5b-99f1-505f-aaaa-1c682f552803,2024-11-26 09:03:00+01:00,2024-11-26 09:15:00+01:00,12,home,Munich,,DE,neighborhood,Munich,,DE,errands,,bicycle,,2.9,False,False,False
11978fd7-46d1-5555-beaf-7a59b7aad5bb,671fbc5b-99f1-505f-aaaa-1c682f552803,2024-11-27 11:26:00+01:00,2024-11-27 11:42:00+01:00,16,home,Munich,,DE,neighborhood,Munich,,DE,errands,,walking,,1.3,False,False,False
958465c8-641c-5468-9c24-fad198783fc2,671fbc5b-99f1-505f-aaaa-1c682f552803,2024-11-30 12:17:00+01:00,2024-11-30 12:21:00+01:00,4,home,Munich,,DE,neighborhood,Munich,,DE,errands,,bicycle,,0.7,False,False,False
bf25f800-e2ee-5dd1-967e-2f17172da60e,671fbc5b-99f1-505f-aaaa-1c682f552803,2024-12-02 10:00:00+01:00,2024-12-02 10:23:00+01:00,23,home,Munich,,DE,neighborhood,Munich,,DE,shopping,,walking,,1.9,False,False,False
19f6c053-a7f2-5401-a2a6-9e27b74e4a4c,671fbc5b-99f1-505f-aaaa-1c682f552803,2024-12-06 11:30:00+01:00,2024-12-06 11:37:00+01:00,7,home,Munich,,DE,neighborhood,Munich,,DE,errands,,walking,,0.6,False,False,False
9589ba2b-6f27-561b-98cc-937a92b920ed,671fbc5b-99f1-505f-aaaa-1c682f552803,2024-12-06 10:06:00+01:00,2024-12-06 10:20:00+01:00,14,home,Munich,,DE,repair_shop_area,Munich,,DE,errands,,bike_sharing,,3.4,False,False,False
cf785302-8932-559b-8348-5d5022aaadbd,671fbc5b-99f1-505f-aaaa-1c682f552803,2024-12-07 07:38:00+01:00,2024-12-07 08:05:00+01:00,23,home,Munich,,DE,office,Munich,,DE,commute,,public_transport,,8.94,True,True,True
e5b77617-aae6-5a2c-b238-dafba42d019d,671fbc5b-99f1-505f-aaaa-1c682f552803,2024-12-07 17:04:00+01:00,2024-12-07 17:30:00+01:00,22,office,Munich,,DE,home,Munich,,DE,home_return,,public_transport,,8.89,True,True,True
063d663a-9e80-5756-ab32-fa58d5b475bc,671fbc5b-99f1-505f-aaaa-1c682f552803,2024-12-08 10:47:00+01:00,2024-12-08 11:03:00+01:00,16,home,Munich,,DE,neighborhood,Munich,,DE,errands,,walking,,1.3,False,False,False
5e0bc1ec-7505-563f-9d87-5a474a148f17,671fbc5b-99f1-505f-aaaa-1c682f552803,2024-12-12 11:24:00+01:00,2024-12-12 11:28:00+01:00,4,home,Munich,,DE,neighborhood,Munich,,DE,shopping,,bicycle,,0.8,False,False,False
c765eb80-e5f3-5605-b100-3cbb78875776,671fbc5b-99f1-505f-aaaa-1c682f552803,2024-12-13 12:04:00+01:00,2024-12-13 12:21:00+01:00,17,home,Munich,,DE,neighborhood,Munich,,DE,errands,,walking,,1.4,False,False,False
bdae6e80-67f8-557a-9c95-28788d678d19,671fbc5b-99f1-505f-aaaa-1c682f552803,2024-12-14 10:00:00+01:00,2024-12-14 10:12:00+01:00,12,home,Munich,,DE,neighborhood,Munich,,DE,errands,,walking,,1.0,False,False,False
68307740-9fad-5527-be36-348f4cf8798a,671fbc5b-99f1-505f-aaaa-1c682f552803,2024-12-15 11:36:00+01:00,2024-12-15 11:59:00+01:00,23,home,Munich,,DE,neighborhood,Munich,,DE,leisure,,walking,,1.9,False,False,False
3f299c06-6d23-58e9-ac69-979c2f527eb7,671fbc5b-99f1-505f-aaaa-1c682f552803,2024-12-17 10:05:00+01:00,2024-12-17 10:09:00+01:00,4,home,Munich,,DE,neighborhood,Munich,,DE,errands,,bicycle,,1.1,False,False,False
22ffe2d9-6c74-57d6-b0bc-c5ded33899dc,671fbc5b-99f1-505f-aaaa-1c682f552803,2024-12-22 10:47:00+01:00,2024-12-22 10:55:00+01:00,8,home,Munich,,DE,neighborhood,Munich,,DE,errands,,bicycle,,2.0,False,False,False
39fe873d-092c-59dd-9b3d-6f69217c3e34,671fbc5b-99f1-505f-aaaa-1c682f552803,2024-12-25 10:54:00+01:00,2024-12-25 11:05:00+01:00,11,home,Munich,,DE,neighborhood,Munich,,DE,errands,,bicycle,,2.7,False,False,False
82b03435-17e2-5a1f-bc44-cc8a9286e1a3,671fbc5b-99f1-505f-aaaa-1c682f552803,2024-12-26 10:29:00+01:00,2024-12-26 10:34:00+01:00,5,home,Munich,,DE,neighborhood,Munich,,DE,errands,,bicycle,,1.3,False,False,False
dfc92e56-19e3-50e1-af9c-6a3264cac696,671fbc5b-99f1-505f-aaaa-1c682f552803,2024-12-28 10:50:00+01:00,2024-12-28 10:55:00+01:00,5,home,Munich,,DE,neighborhood,Munich,,DE,leisure,,bicycle,,1.3,False,False,False
45ca96cf-00bb-5ef7-b381-8258ecdabaa5,671fbc5b-99f1-505f-aaaa-1c682f552803,2024-12-29 12:43:00+01:00,2024-12-29 12:47:00+01:00,4,home,Munich,,DE,neighborhood,Munich,,DE,leisure,,bicycle,,0.6,False,False,False
9fe41773-ee4f-50b1-8467-bffc4c335fe4,671fbc5b-99f1-505f-aaaa-1c682f552803,2024-12-30 11:15:00+01:00,2024-12-30 11:33:00+01:00,18,home,Munich,,DE,neighborhood,Munich,,DE,shopping,,walking,,1.5,False,False,False
aef7dedb-cb38-5e3d-8de3-e1d3e92b6179,671fbc5b-99f1-505f-aaaa-1c682f552803,2025-01-02 09:48:00+01:00,2025-01-02 10:05:00+01:00,17,home,Munich,,DE,neighborhood,Munich,,DE,leisure,,walking,,1.4,False,False,False
7024b231-5725-5fc6-afe3-8240c68beb04,671fbc5b-99f1-505f-aaaa-1c682f552803,2025-01-06 11:47:00+01:00,2025-01-06 12:01:00+01:00,14,home,Munich,,DE,neighborhood,Munich,,DE,errands,,walking,,1.2,False,False,False
35c4b175-98a6-5a0f-b99a-3c444c1e72e0,671fbc5b-99f1-505f-aaaa-1c682f552803,2025-01-11 11:45:00+01:00,2025-01-11 12:15:00+01:00,30,home,Munich,,DE,neighborhood,Munich,,DE,shopping,,walking,,2.5,False,False,False
9d3eb210-a441-5ed5-a6f3-f5c69f2825c0,671fbc5b-99f1-505f-aaaa-1c682f552803,2025-01-12 12:35:00+01:00,2025-01-12 12:42:00+01:00,7,home,Munich,,DE,neighborhood,Munich,,DE,leisure,,walking,,0.6,False,False,False
d01b1a90-f17a-51df-95df-af3792a4542b,671fbc5b-99f1-505f-aaaa-1c682f552803,2025-01-14 10:54:00+01:00,2025-01-14 11:12:00+01:00,18,home,Munich,,DE,neighborhood,Munich,,DE,leisure,,walking,,1.5,False,False,False
0459451e-bfcf-55f6-927b-24286aeba287,671fbc5b-99f1-505f-aaaa-1c682f552803,2025-01-15 12:23:00+01:00,2025-01-15 12:35:00+01:00,12,home,Munich,,DE,neighborhood,Munich,,DE,errands,,bicycle,,3.0,False,False,False
b2164f39-4a5e-51a8-9b98-ddc4ed12d09a,671fbc5b-99f1-505f-aaaa-1c682f552803,2025-01-15 10:56:00+01:00,2025-01-15 11:09:00+01:00,13,home,Munich,,DE,repair_shop_area,Munich,,DE,errands,,bike_sharing,,3.3,False,False,False
e319de19-909d-5e43-a0bf-84f8a5e95b18,671fbc5b-99f1-505f-aaaa-1c682f552803,2025-01-16 10:44:00+01:00,2025-01-16 10:56:00+01:00,12,home,Munich,,DE,neighborhood,Munich,,DE,leisure,,walking,,1.0,False,False,False
b66ade17-94c0-5aa8-ab94-db99627ff81b,671fbc5b-99f1-505f-aaaa-1c682f552803,2025-01-18 11:36:00+01:00,2025-01-18 11:46:00+01:00,10,home,Munich,,DE,neighborhood,Munich,,DE,leisure,,bicycle,,2.4,False,False,False
7e234272-51c9-5e43-a0b7-d9e95d29ff7f,671fbc5b-99f1-505f-aaaa-1c682f552803,2025-01-19 09:20:00+01:00,2025-01-19 09:37:00+01:00,17,home,Munich,,DE,neighborhood,Munich,,DE,errands,,walking,,1.4,False,False,False
f6749773-36a9-5b9e-bf06-2fe483d4b6ea,671fbc5b-99f1-505f-aaaa-1c682f552803,2025-01-20 10:09:00+01:00,2025-01-20 10:22:00+01:00,13,home,Munich,,DE,neighborhood,Munich,,DE,shopping,,walking,,1.1,False,False,False
043adf78-ea4e-534f-8600-92bf3ade6c7e,671fbc5b-99f1-505f-aaaa-1c682f552803,2025-01-21 12:27:00+01:00,2025-01-21 12:39:00+01:00,12,home,Munich,,DE,neighborhood,Munich,,DE,shopping,,bicycle,,2.9,False,False,False
4dea9ee8-c326-5a65-9bdf-dd3b8fbd34e8,671fbc5b-99f1-505f-aaaa-1c682f552803,2025-01-22 10:14:00+01:00,2025-01-22 10:25:00+01:00,11,home,Munich,,DE,neighborhood,Munich,,DE,errands,,walking,,0.9,False,False,False
cdde29b0-2ebc-5efb-84b5-c5a3c0d2db06,671fbc5b-99f1-505f-aaaa-1c682f552803,2025-01-27 09:58:00+01:00,2025-01-27 10:04:00+01:00,6,home,Munich,,DE,neighborhood,Munich,,DE,shopping,,bicycle,,1.4,False,False,False
1bff54ff-e3c8-56e8-97ca-4e63718f2ac1,671fbc5b-99f1-505f-aaaa-1c682f552803,2025-01-28 09:46:00+01:00,2025-01-28 10:08:00+01:00,22,home,Munich,,DE,neighborhood,Munich,,DE,errands,,walking,,1.8,False,False,False
e709510d-5eb2-5aaf-bd4f-bea94689b8ac,671fbc5b-99f1-505f-aaaa-1c682f552803,2025-01-29 10:12:00+01:00,2025-01-29 10:18:00+01:00,6,home,Munich,,DE,neighborhood,Munich,,DE,shopping,,bicycle,,1.5,False,False,False
1c1a0a51-4867-5345-a879-d2fe9dbb0ca1,671fbc5b-99f1-505f-aaaa-1c682f552803,2025-01-30 11:26:00+01:00,2025-01-30 11:51:00+01:00,25,home,Munich,,DE,neighborhood,Munich,,DE,errands,,walking,,2.1,False,False,False
ab2130c1-eac4-5145-9950-2170adef35c5,671fbc5b-99f1-505f-aaaa-1c682f552803,2025-01-31 09:10:00+01:00,2025-01-31 09:16:00+01:00,6,home,Munich,,DE,neighborhood,Munich,,DE,errands,,bicycle,,1.6,False,False,False
74e297a5-3d5a-57fc-a454-b27a9702abd3,671fbc5b-99f1-505f-aaaa-1c682f552803,2025-02-02 10:14:00+01:00,2025-02-02 10:45:00+01:00,31,home,Munich,,DE,neighborhood,Munich,,DE,shopping,,walking,,2.6,False,False,False
e82f5240-65d1-51f4-b6b3-bfed0c5de0ee,671fbc5b-99f1-505f-aaaa-1c682f552803,2025-02-03 10:04:00+01:00,2025-02-03 10:16:00+01:00,12,home,Munich,,DE,neighborhood,Munich,,DE,shopping,,bicycle,,2.9,False,False,False
960f3a11-d2eb-5d4c-a43f-ed562c5ef1aa,671fbc5b-99f1-505f-aaaa-1c682f552803,2025-02-04 09:36:00+01:00,2025-02-04 09:46:00+01:00,10,home,Munich,,DE,neighborhood,Munich,,DE,leisure,,walking,,0.8,False,False,False
4b263dff-c70a-5836-aa73-994eac723b07,671fbc5b-99f1-505f-aaaa-1c682f552803,2025-02-05 09:38:00+01:00,2025-02-05 09:45:00+01:00,7,home,Munich,,DE,neighborhood,Munich,,DE,errands,,walking,,0.6,False,False,False
c423c942-02dc-5b49-bbad-813324e3c0a4,671fbc5b-99f1-505f-aaaa-1c682f552803,2025-02-06 12:37:00+01:00,2025-02-06 13:09:00+01:00,32,home,Munich,,DE,neighborhood,Munich,,DE,errands,,walking,,2.7,False,False,False
04813778-66c7-569e-b0d3-9c4e4be9f31a,671fbc5b-99f1-505f-aaaa-1c682f552803,2025-02-06 07:42:00+01:00,2025-02-06 08:11:00+01:00,26,home,Munich,,DE,office,Munich,,DE,commute,,public_transport,,10.86,True,True,True
a9a716fb-e71b-523e-aec9-c20a71d59e11,671fbc5b-99f1-505f-aaaa-1c682f552803,2025-02-06 17:27:00+01:00,2025-02-06 17:58:00+01:00,26,office,Munich,,DE,home,Munich,,DE,home_return,,public_transport,,10.88,True,True,True
acbd5c1c-30d7-596c-a13f-17c06153c1a8,671fbc5b-99f1-505f-aaaa-1c682f552803,2025-02-07 09:12:00+01:00,2025-02-07 09:28:00+01:00,16,home,Munich,,DE,repair_shop_area,Munich,,DE,errands,,bike_sharing,,3.9,False,False,False
5a856f9d-8690-5572-882e-f67da126a1c6,671fbc5b-99f1-505f-aaaa-1c682f552803,2025-02-09 11:07:00+01:00,2025-02-09 11:37:00+01:00,30,home,Munich,,DE,neighborhood,Munich,,DE,leisure,,walking,,2.5,False,False,False
6e4c3898-dfa0-5270-967e-c6b481e341ee,671fbc5b-99f1-505f-aaaa-1c682f552803,2025-02-10 12:09:00+01:00,2025-02-10 12:21:00+01:00,12,home,Munich,,DE,neighborhood,Munich,,DE,leisure,,bicycle,,2.9,False,False,False
90cb8bf0-0e17-5339-8382-50898555aa24,671fbc5b-99f1-505f-aaaa-1c682f552803,2025-02-11 11:25:00+01:00,2025-02-11 11:36:00+01:00,11,home,Munich,,DE,neighborhood,Munich,,DE,errands,,walking,,0.9,False,False,False
e8231aa1-d00b-59ad-99d6-ed59bb003498,671fbc5b-99f1-505f-aaaa-1c682f552803,2025-02-12 11:47:00+01:00,2025-02-12 12:11:00+01:00,24,home,Munich,,DE,neighborhood,Munich,,DE,leisure,,walking,,2.0,False,False,False
71681432-c409-587e-a5a6-d0205949c1ca,671fbc5b-99f1-505f-aaaa-1c682f552803,2025-02-13 09:55:00+01:00,2025-02-13 10:29:00+01:00,34,home,Munich,,DE,neighborhood,Munich,,DE,errands,,walking,,2.8,False,False,False
45efc6d1-0aa3-5b29-8220-3068fb68a1ec,671fbc5b-99f1-505f-aaaa-1c682f552803,2025-02-14 11:51:00+01:00,2025-02-14 12:10:00+01:00,19,home,Munich,,DE,neighborhood,Munich,,DE,shopping,,walking,,1.6,False,False,False
ff71bebd-62d4-5d9f-ae5c-0363498f772d,671fbc5b-99f1-505f-aaaa-1c682f552803,2025-02-15 09:10:00+01:00,2025-02-15 09:39:00+01:00,29,home,Munich,,DE,neighborhood,Munich,,DE,leisure,,walking,,2.4,False,False,False
b53f9b56-53c4-5d8b-bb9d-ff226683f978,671fbc5b-99f1-505f-aaaa-1c682f552803,2025-02-17 09:11:00+01:00,2025-02-17 09:36:00+01:00,25,home,Munich,,DE,neighborhood,Munich,,DE,leisure,,walking,,2.1,False,False,False
80084f05-8af4-5c1b-a48c-9743a93f80ee,671fbc5b-99f1-505f-aaaa-1c682f552803,2025-02-18 12:37:00+01:00,2025-02-18 13:02:00+01:00,25,home,Munich,,DE,neighborhood,Munich,,DE,errands,,walking,,2.1,False,False,False
3af91fff-db30-5ad1-84ba-38d8ae2f7040,671fbc5b-99f1-505f-aaaa-1c682f552803,2025-02-19 12:02:00+01:00,2025-02-19 12:28:00+01:00,26,home,Munich,,DE,neighborhood,Munich,,DE,leisure,,walking,,2.2,False,False,False
5fb641b8-60f9-5a73-8175-8dc240e026b9,671fbc5b-99f1-505f-aaaa-1c682f552803,2025-02-20 07:37:00+01:00,2025-02-20 08:07:00+01:00,25,home,Munich,,DE,office,Munich,,DE,commute,,public_transport,,11.57,True,True,True
9406143c-4e78-5868-b16a-5640f0a4959b,671fbc5b-99f1-505f-aaaa-1c682f552803,2025-02-20 16:49:00+01:00,2025-02-20 17:17:00+01:00,27,office,Munich,,DE,home,Munich,,DE,home_return,,public_transport,,11.77,True,True,True
a4a39bd2-6896-5a79-96ce-59115bc0156b,671fbc5b-99f1-505f-aaaa-1c682f552803,2025-02-22 11:13:00+01:00,2025-02-22 11:26:00+01:00,13,home,Munich,,DE,neighborhood,Munich,,DE,leisure,,walking,,1.1,False,False,False
15a2d28f-09ca-5178-a20d-42f1a0089c86,671fbc5b-99f1-505f-aaaa-1c682f552803,2025-02-24 11:48:00+01:00,2025-02-24 11:58:00+01:00,10,home,Munich,,DE,neighborhood,Munich,,DE,errands,,walking,,0.8,False,False,False
52e69d5c-4fc5-562e-94a0-c435b509b2ae,671fbc5b-99f1-505f-aaaa-1c682f552803,2025-02-25 10:18:00+01:00,2025-02-25 10:30:00+01:00,12,home,Munich,,DE,neighborhood,Munich,,DE,shopping,,walking,,1.0,False,False,False
2fffe069-0daa-56a3-b1d0-ae3da57a27da,671fbc5b-99f1-505f-aaaa-1c682f552803,2025-02-28 09:39:00+01:00,2025-02-28 10:11:00+01:00,32,home,Munich,,DE,neighborhood,Munich,,DE,leisure,,walking,,2.7,False,False,False
bb507a06-0159-50e2-90c7-f36543a2a89d,671fbc5b-99f1-505f-aaaa-1c682f552803,2025-03-01 11:58:00+01:00,2025-03-01 12:06:00+01:00,8,home,Munich,,DE,neighborhood,Munich,,DE,errands,,bicycle,,2.1,False,False,False
a58d58d9-69f1-52b5-b1ca-6b725c95e32f,671fbc5b-99f1-505f-aaaa-1c682f552803,2025-03-02 12:10:00+01:00,2025-03-02 12:14:00+01:00,4,home,Munich,,DE,neighborhood,Munich,,DE,errands,,bicycle,,0.6,False,False,False
76a9e9cd-63d1-5c3e-baf3-b1517838b65f,671fbc5b-99f1-505f-aaaa-1c682f552803,2025-03-03 10:41:00+01:00,2025-03-03 10:46:00+01:00,5,home,Munich,,DE,neighborhood,Munich,,DE,errands,,bicycle,,1.3,False,False,False
a1b5f74e-86d5-560d-aad8-0c7f43136ac0,671fbc5b-99f1-505f-aaaa-1c682f552803,2025-03-03 09:53:00+01:00,2025-03-03 10:11:00+01:00,18,home,Munich,,DE,repair_shop_area,Munich,,DE,errands,,bike_sharing,,4.5,False,False,False
9ea93869-ae3d-54f3-a61c-25f424d3874a,671fbc5b-99f1-505f-aaaa-1c682f552803,2025-03-04 08:14:00+01:00,2025-03-04 08:42:00+01:00,23,home,Munich,,DE,office,Munich,,DE,commute,,public_transport,,10.06,True,True,True
272f16b9-9de7-59d2-bd74-150dc746adb4,671fbc5b-99f1-505f-aaaa-1c682f552803,2025-03-04 17:19:00+01:00,2025-03-04 17:46:00+01:00,26,office,Munich,,DE,home,Munich,,DE,home_return,,public_transport,,10.24,True,True,True
8f328686-d8e5-536e-a05a-af2452a1b0d5,671fbc5b-99f1-505f-aaaa-1c682f552803,2025-03-05 12:58:00+01:00,2025-03-05 13:29:00+01:00,31,home,Munich,,DE,neighborhood,Munich,,DE,errands,,walking,,2.6,False,False,False
5141acb3-d915-5039-970b-139af7c9d611,671fbc5b-99f1-505f-aaaa-1c682f552803,2025-03-10 10:51:00+01:00,2025-03-10 11:10:00+01:00,19,home,Munich,,DE,neighborhood,Munich,,DE,shopping,,walking,,1.6,False,False,False
7442a48a-ab21-5e08-8cc4-c09117e799d3,671fbc5b-99f1-505f-aaaa-1c682f552803,2025-03-10 07:39:00+01:00,2025-03-10 08:08:00+01:00,27,home,Munich,,DE,office,Munich,,DE,commute,,public_transport,,9.38,True,True,True
b2e141b5-9fad-57cf-9f98-0115dd8f8f3e,671fbc5b-99f1-505f-aaaa-1c682f552803,2025-03-10 17:15:00+01:00,2025-03-10 17:43:00+01:00,23,office,Munich,,DE,home,Munich,,DE,home_return,,public_transport,,9.08,True,True,True
bf93cda2-d95c-5af3-968d-865c8d0af2ec,671fbc5b-99f1-505f-aaaa-1c682f552803,2025-03-11 12:08:00+01:00,2025-03-11 12:40:00+01:00,32,home,Munich,,DE,neighborhood,Munich,,DE,shopping,,walking,,2.7,False,False,False
01f86a7f-c42b-5557-a694-2b1024464936,671fbc5b-99f1-505f-aaaa-1c682f552803,2025-03-13 09:11:00+01:00,2025-03-13 09:17:00+01:00,6,home,Munich,,DE,neighborhood,Munich,,DE,leisure,,bicycle,,1.5,False,False,False
a420d92e-19f4-5b1c-8966-77a921cfcb06,671fbc5b-99f1-505f-aaaa-1c682f552803,2025-03-19 12:03:00+01:00,2025-03-19 12:31:00+01:00,28,home,Munich,,DE,neighborhood,Munich,,DE,shopping,,walking,,2.3,False,False,False
922ffda1-46c6-5029-b503-aaaee4055918,671fbc5b-99f1-505f-aaaa-1c682f552803,2025-03-20 11:36:00+01:00,2025-03-20 11:54:00+01:00,18,home,Munich,,DE,neighborhood,Munich,,DE,leisure,,walking,,1.5,False,False,False
3e16a166-cbd9-5820-85a3-b9693dfa892e,671fbc5b-99f1-505f-aaaa-1c682f552803,2025-03-22 10:51:00+01:00,2025-03-22 10:59:00+01:00,8,home,Munich,,DE,neighborhood,Munich,,DE,shopping,,bicycle,,2.0,False,False,False
6273a0fa-8fdc-5b10-8182-76aee740ae70,671fbc5b-99f1-505f-aaaa-1c682f552803,2025-03-23 10:08:00+01:00,2025-03-23 10:32:00+01:00,24,home,Munich,,DE,neighborhood,Munich,,DE,shopping,,walking,,2.0,False,False,False
02589b94-58e1-55f3-a4fd-8f39f80094df,671fbc5b-99f1-505f-aaaa-1c682f552803,2025-03-25 12:20:00+01:00,2025-03-25 12:28:00+01:00,8,home,Munich,,DE,neighborhood,Munich,,DE,shopping,,bicycle,,1.9,False,False,False
50df300d-8706-52d7-adfe-5be3c351c49f,671fbc5b-99f1-505f-aaaa-1c682f552803,2025-03-28 10:13:00+01:00,2025-03-28 10:31:00+01:00,18,home,Munich,,DE,neighborhood,Munich,,DE,leisure,,walking,,1.5,False,False,False
e0cd3d6b-c41c-57a7-a20a-95ab7e735cda,671fbc5b-99f1-505f-aaaa-1c682f552803,2025-03-29 10:14:00+01:00,2025-03-29 10:36:00+01:00,22,home,Munich,,DE,neighborhood,Munich,,DE,shopping,,walking,,1.8,False,False,False
c2b9cf64-1374-5d50-91f0-d9199b57b94d,671fbc5b-99f1-505f-aaaa-1c682f552803,2025-03-30 12:44:00+01:00,2025-03-30 13:09:00+01:00,25,home,Munich,,DE,neighborhood,Munich,,DE,errands,,walking,,2.1,False,False,False
6a0e9dff-977f-5ff3-ac65-d131379c969b,671fbc5b-99f1-505f-aaaa-1c682f552803,2025-03-31 09:10:00+01:00,2025-03-31 09:20:00+01:00,10,home,Munich,,DE,neighborhood,Munich,,DE,leisure,,walking,,0.8,False,False,False
9984829b-7826-594a-89ff-e5a97dd68a02,671fbc5b-99f1-505f-aaaa-1c682f552803,2025-04-02 12:44:00+01:00,2025-04-02 12:48:00+01:00,4,home,Munich,,DE,neighborhood,Munich,,DE,shopping,,bicycle,,1.1,False,False,False
e0b58e78-6e99-5135-bf6a-06283f41f775,671fbc5b-99f1-505f-aaaa-1c682f552803,2025-04-03 11:21:00+01:00,2025-04-03 11:30:00+01:00,9,home,Munich,,DE,neighborhood,Munich,,DE,errands,,bicycle,,2.2,False,False,False
a48ee783-353b-5144-8145-b275f20620ab,671fbc5b-99f1-505f-aaaa-1c682f552803,2025-04-05 12:21:00+01:00,2025-04-05 12:55:00+01:00,34,home,Munich,,DE,neighborhood,Munich,,DE,leisure,,walking,,2.8,False,False,False
97212f22-ed07-5168-8ed5-3f1c964fee52,671fbc5b-99f1-505f-aaaa-1c682f552803,2025-04-12 12:44:00+01:00,2025-04-12 13:04:00+01:00,20,home,Munich,,DE,neighborhood,Munich,,DE,shopping,,walking,,1.7,False,False,False
cc2441a8-03bf-57da-a9cb-cea3f145748d,671fbc5b-99f1-505f-aaaa-1c682f552803,2025-04-13 09:59:00+01:00,2025-04-13 10:25:00+01:00,26,home,Munich,,DE,neighborhood,Munich,,DE,leisure,,walking,,2.2,False,False,False
860d6569-5b9b-54cf-9d5c-74ab2959386b,671fbc5b-99f1-505f-aaaa-1c682f552803,2025-04-16 10:36:00+01:00,2025-04-16 10:52:00+01:00,16,home,Munich,,DE,neighborhood,Munich,,DE,errands,,walking,,1.3,False,False,False
36ac8499-b55e-50ea-abdb-67130a685b51,671fbc5b-99f1-505f-aaaa-1c682f552803,2025-04-19 11:45:00+01:00,2025-04-19 11:49:00+01:00,4,home,Munich,,DE,neighborhood,Munich,,DE,shopping,,bicycle,,1.1,False,False,False
244778a3-ddd9-5deb-b71e-f53191fddf33,671fbc5b-99f1-505f-aaaa-1c682f552803,2025-04-21 10:23:00+01:00,2025-04-21 10:36:00+01:00,13,home,Munich,,DE,neighborhood,Munich,,DE,errands,,walking,,1.1,False,False,False
995c1350-094f-5eed-a72f-997e0f5be191,671fbc5b-99f1-505f-aaaa-1c682f552803,2025-04-22 10:13:00+01:00,2025-04-22 10:44:00+01:00,31,home,Munich,,DE,neighborhood,Munich,,DE,leisure,,walking,,2.6,False,False,False
359c31de-a3e8-5451-9400-4764ac9fd5a0,671fbc5b-99f1-505f-aaaa-1c682f552803,2025-04-27 11:38:00+01:00,2025-04-27 12:01:00+01:00,23,home,Munich,,DE,neighborhood,Munich,,DE,leisure,,walking,,1.9,False,False,False
6a6d08f6-a091-5af2-afea-1f6d9e6efe06,671fbc5b-99f1-505f-aaaa-1c682f552803,2025-04-28 11:54:00+01:00,2025-04-28 12:20:00+01:00,26,home,Munich,,DE,neighborhood,Munich,,DE,leisure,,walking,,2.2,False,False,False
b92c10a3-cceb-5297-a7fd-66f3887b2bd9,671fbc5b-99f1-505f-aaaa-1c682f552803,2025-04-30 12:38:00+01:00,2025-04-30 12:49:00+01:00,11,home,Munich,,DE,neighborhood,Munich,,DE,shopping,,bicycle,,2.8,False,False,False
9c3b132f-8b3c-5ef6-a1a1-6c4e3ba6d0c0,671fbc5b-99f1-505f-aaaa-1c682f552803,2025-05-01 11:43:00+01:00,2025-05-01 12:03:00+01:00,20,home,Munich,,DE,neighborhood,Munich,,DE,errands,,walking,,1.7,False,False,False
48cbca43-8b44-5c3e-8aca-ad9e2227b6e5,671fbc5b-99f1-505f-aaaa-1c682f552803,2025-05-03 11:59:00+01:00,2025-05-03 12:16:00+01:00,17,home,Munich,,DE,neighborhood,Munich,,DE,shopping,,walking,,1.4,False,False,False
43976e43-53fd-527c-9be8-75ae356001b4,671fbc5b-99f1-505f-aaaa-1c682f552803,2025-05-04 11:16:00+01:00,2025-05-04 11:20:00+01:00,4,home,Munich,,DE,neighborhood,Munich,,DE,errands,,bicycle,,1.1,False,False,False
0d3c5a9d-9a9b-5e02-abba-a314aafa445a,671fbc5b-99f1-505f-aaaa-1c682f552803,2025-05-07 12:27:00+01:00,2025-05-07 12:49:00+01:00,22,home,Munich,,DE,neighborhood,Munich,,DE,shopping,,walking,,1.8,False,False,False
7bf273d4-cfbd-5699-883c-c041cd9db878,671fbc5b-99f1-505f-aaaa-1c682f552803,2025-05-08 09:47:00+01:00,2025-05-08 10:18:00+01:00,31,home,Munich,,DE,neighborhood,Munich,,DE,leisure,,walking,,2.6,False,False,False
d4498ef4-c32a-5a1a-ac33-d95d46f9f291,671fbc5b-99f1-505f-aaaa-1c682f552803,2025-05-09 12:57:00+01:00,2025-05-09 13:28:00+01:00,31,home,Munich,,DE,neighborhood,Munich,,DE,leisure,,walking,,2.6,False,False,False
417d6a2a-cd41-5a63-a722-9d85ec5e7d26,671fbc5b-99f1-505f-aaaa-1c682f552803,2025-05-10 10:31:00+01:00,2025-05-10 10:54:00+01:00,23,home,Munich,,DE,neighborhood,Munich,,DE,leisure,,walking,,1.9,False,False,False
e016ef7e-9633-5967-ab82-81ebb458ab4a,671fbc5b-99f1-505f-aaaa-1c682f552803,2025-05-11 10:36:00+01:00,2025-05-11 10:43:00+01:00,7,home,Munich,,DE,neighborhood,Munich,,DE,errands,,bicycle,,1.7,False,False,False
1c4ec553-c423-54e5-a589-9f33f4157be5,671fbc5b-99f1-505f-aaaa-1c682f552803,2025-05-12 11:30:00+01:00,2025-05-12 12:00:00+01:00,30,home,Munich,,DE,neighborhood,Munich,,DE,shopping,,walking,,2.5,False,False,False
4ef37241-d8ec-5b4f-86bc-2f846f2ba497,671fbc5b-99f1-505f-aaaa-1c682f552803,2025-05-16 10:27:00+01:00,2025-05-16 10:38:00+01:00,11,home,Munich,,DE,neighborhood,Munich,,DE,errands,,bicycle,,2.8,False,False,False
78fefbf2-2cf1-56d9-9070-c67eb7792a66,671fbc5b-99f1-505f-aaaa-1c682f552803,2025-05-17 10:15:00+01:00,2025-05-17 10:20:00+01:00,5,home,Munich,,DE,neighborhood,Munich,,DE,leisure,,bicycle,,1.2,False,False,False
eb4ece64-b414-5611-a9f3-7b3d0e22e935,671fbc5b-99f1-505f-aaaa-1c682f552803,2025-05-21 12:09:00+01:00,2025-05-21 12:16:00+01:00,7,home,Munich,,DE,neighborhood,Munich,,DE,errands,,bicycle,,1.8,False,False,False
cc304689-9707-5118-bf76-6390b34601f4,671fbc5b-99f1-505f-aaaa-1c682f552803,2025-05-24 12:50:00+01:00,2025-05-24 13:15:00+01:00,25,home,Munich,,DE,neighborhood,Munich,,DE,errands,,walking,,2.1,False,False,False
8560cf81-1b9c-52bb-bd2d-2e8491795264,671fbc5b-99f1-505f-aaaa-1c682f552803,2025-05-26 11:07:00+01:00,2025-05-26 11:41:00+01:00,34,home,Munich,,DE,neighborhood,Munich,,DE,errands,,walking,,2.8,False,False,False
c1c3fc67-42d4-50ca-986d-ef7cd924e353,671fbc5b-99f1-505f-aaaa-1c682f552803,2025-05-29 12:33:00+01:00,2025-05-29 13:09:00+01:00,36,home,Munich,,DE,neighborhood,Munich,,DE,shopping,,walking,,3.0,False,False,False
95643f67-bc8b-502b-9498-5219aaf17c72,671fbc5b-99f1-505f-aaaa-1c682f552803,2025-06-01 10:34:00+01:00,2025-06-01 10:54:00+01:00,20,home,Munich,,DE,neighborhood,Munich,,DE,leisure,,walking,,1.7,False,False,False
d407a75c-d87d-5e4d-a50a-23b95db11815,671fbc5b-99f1-505f-aaaa-1c682f552803,2025-06-02 11:40:00+01:00,2025-06-02 12:10:00+01:00,30,home,Munich,,DE,neighborhood,Munich,,DE,shopping,,walking,,2.5,False,False,False
ce3c1139-8069-5998-8166-ece37bad8d38,671fbc5b-99f1-505f-aaaa-1c682f552803,2025-06-03 10:21:00+01:00,2025-06-03 10:31:00+01:00,10,home,Munich,,DE,neighborhood,Munich,,DE,errands,,bicycle,,2.4,False,False,False
ec0ac832-4767-570d-8926-5726386d8ac5,671fbc5b-99f1-505f-aaaa-1c682f552803,2025-06-06 09:31:00+01:00,2025-06-06 10:03:00+01:00,32,home,Munich,,DE,neighborhood,Munich,,DE,errands,,walking,,2.7,False,False,False
033049e2-bb8f-5adf-bdf5-20862e708f95,671fbc5b-99f1-505f-aaaa-1c682f552803,2025-06-08 10:16:00+01:00,2025-06-08 10:32:00+01:00,16,home,Munich,,DE,neighborhood,Munich,,DE,errands,,walking,,1.3,False,False,False
f976bd86-81dc-5c72-81d0-15d0dab5bbdf,671fbc5b-99f1-505f-aaaa-1c682f552803,2025-06-10 09:55:00+01:00,2025-06-10 10:29:00+01:00,34,home,Munich,,DE,neighborhood,Munich,,DE,shopping,,walking,,2.8,False,False,False
fcc2ae4e-1c35-53e4-941b-c7a09893edd0,671fbc5b-99f1-505f-aaaa-1c682f552803,2025-06-11 12:00:00+01:00,2025-06-11 12:30:00+01:00,30,home,Munich,,DE,neighborhood,Munich,,DE,errands,,walking,,2.5,False,False,False
55a07839-7968-5eba-9760-9ccd54349985,671fbc5b-99f1-505f-aaaa-1c682f552803,2025-06-13 10:25:00+01:00,2025-06-13 10:29:00+01:00,4,home,Munich,,DE,neighborhood,Munich,,DE,leisure,,bicycle,,1.1,False,False,False
6249c807-9a7b-53f9-9f6b-36bc1a616d6f,671fbc5b-99f1-505f-aaaa-1c682f552803,2025-06-14 10:37:00+01:00,2025-06-14 11:09:00+01:00,32,home,Munich,,DE,neighborhood,Munich,,DE,leisure,,walking,,2.7,False,False,False
b014cedf-c12a-5f7c-863b-619aad931cf8,671fbc5b-99f1-505f-aaaa-1c682f552803,2025-06-16 10:47:00+01:00,2025-06-16 10:51:00+01:00,4,home,Munich,,DE,neighborhood,Munich,,DE,shopping,,bicycle,,0.9,False,False,False
a5e688df-c322-52e4-84b5-c01342491896,671fbc5b-99f1-505f-aaaa-1c682f552803,2025-06-16 09:45:00+01:00,2025-06-16 10:08:00+01:00,23,home,Munich,,DE,repair_shop_area,Munich,,DE,errands,,bike_sharing,,5.7,False,False,False
62969699-7b01-57b3-8717-8845eb9cb9cb,671fbc5b-99f1-505f-aaaa-1c682f552803,2025-06-17 10:45:00+01:00,2025-06-17 10:55:00+01:00,10,home,Munich,,DE,neighborhood,Munich,,DE,errands,,bicycle,,2.5,False,False,False
7cb74e29-bd02-5718-bc06-b08a6adcf3e7,671fbc5b-99f1-505f-aaaa-1c682f552803,2025-06-21 09:02:00+01:00,2025-06-21 09:12:00+01:00,10,home,Munich,,DE,neighborhood,Munich,,DE,leisure,,walking,,0.8,False,False,False
fb2e1215-f031-571e-a297-1e992753ec8f,671fbc5b-99f1-505f-aaaa-1c682f552803,2025-06-22 10:06:00+01:00,2025-06-22 10:10:00+01:00,4,home,Munich,,DE,neighborhood,Munich,,DE,shopping,,bicycle,,0.8,False,False,False
4a921087-10f9-5177-aa85-6a5833f194d7,671fbc5b-99f1-505f-aaaa-1c682f552803,2025-06-23 11:27:00+01:00,2025-06-23 11:39:00+01:00,12,home,Munich,,DE,neighborhood,Munich,,DE,leisure,,walking,,1.0,False,False,False
45bc4c6f-37a9-5286-99c9-8eceaae35b65,671fbc5b-99f1-505f-aaaa-1c682f552803,2025-06-25 10:39:00+01:00,2025-06-25 10:50:00+01:00,11,home,Munich,,DE,repair_shop_area,Munich,,DE,errands,,bike_sharing,,2.7,False,False,False
2cff71e4-1cb7-5c60-ba04-525fd046bc41,671fbc5b-99f1-505f-aaaa-1c682f552803,2025-06-27 12:32:00+01:00,2025-06-27 13:03:00+01:00,31,home,Munich,,DE,neighborhood,Munich,,DE,leisure,,walking,,2.6,False,False,False
de89b295-1314-5c65-8664-3f648915b346,671fbc5b-99f1-505f-aaaa-1c682f552803,2025-06-28 11:44:00+01:00,2025-06-28 12:16:00+01:00,32,home,Munich,,DE,neighborhood,Munich,,DE,leisure,,walking,,2.7,False,False,False
884fa74d-acbe-5f73-ac1d-16d7dd78108e,671fbc5b-99f1-505f-aaaa-1c682f552803,2025-07-03 10:12:00+01:00,2025-07-03 10:25:00+01:00,13,home,Munich,,DE,neighborhood,Munich,,DE,leisure,,walking,,1.1,False,False,False
c2f6f1b9-0906-539b-9aa9-cbec4162b723,671fbc5b-99f1-505f-aaaa-1c682f552803,2025-07-05 09:05:00+01:00,2025-07-05 09:36:00+01:00,31,home,Munich,,DE,neighborhood,Munich,,DE,errands,,walking,,2.6,False,False,False
0de84726-d493-5e62-a3a6-02655dd8b0a6,671fbc5b-99f1-505f-aaaa-1c682f552803,2025-07-09 11:56:00+01:00,2025-07-09 12:00:00+01:00,4,home,Munich,,DE,neighborhood,Munich,,DE,leisure,,bicycle,,0.5,False,False,False
feaf8335-60b7-5bc1-b9a6-2da850461ea4,671fbc5b-99f1-505f-aaaa-1c682f552803,2025-07-10 12:35:00+01:00,2025-07-10 12:52:00+01:00,17,home,Munich,,DE,neighborhood,Munich,,DE,shopping,,walking,,1.4,False,False,False
7d0300c6-cfa8-5774-8d20-876921206024,671fbc5b-99f1-505f-aaaa-1c682f552803,2025-07-11 09:36:00+01:00,2025-07-11 10:01:00+01:00,25,home,Munich,,DE,neighborhood,Munich,,DE,leisure,,walking,,2.1,False,False,False
c8f470d6-cf3d-5a5e-94a3-ad3dc37a8d01,671fbc5b-99f1-505f-aaaa-1c682f552803,2025-07-12 12:41:00+01:00,2025-07-12 13:10:00+01:00,29,home,Munich,,DE,neighborhood,Munich,,DE,shopping,,walking,,2.4,False,False,False
910bfd62-d2fb-59f0-b6a8-dfc7bc09e463,671fbc5b-99f1-505f-aaaa-1c682f552803,2025-07-15 09:13:00+01:00,2025-07-15 09:20:00+01:00,7,home,Munich,,DE,neighborhood,Munich,,DE,errands,,bicycle,,1.8,False,False,False
dae6fd72-88c1-5aad-9919-9f13039c8ebe,671fbc5b-99f1-505f-aaaa-1c682f552803,2025-07-16 11:19:00+01:00,2025-07-16 11:39:00+01:00,20,home,Munich,,DE,neighborhood,Munich,,DE,leisure,,walking,,1.7,False,False,False
bf2bb8bd-7ced-52cb-b1d3-4690d7714b7b,671fbc5b-99f1-505f-aaaa-1c682f552803,2025-07-18 09:34:00+01:00,2025-07-18 09:44:00+01:00,10,home,Munich,,DE,neighborhood,Munich,,DE,errands,,bicycle,,2.5,False,False,False
ff1361e0-5eed-5b33-8485-6e83317dca65,671fbc5b-99f1-505f-aaaa-1c682f552803,2025-07-19 10:20:00+01:00,2025-07-19 10:27:00+01:00,7,home,Munich,,DE,neighborhood,Munich,,DE,errands,,bicycle,,1.7,False,False,False
580819f4-604b-5c90-91fb-916f4126dace,671fbc5b-99f1-505f-aaaa-1c682f552803,2025-07-20 09:55:00+01:00,2025-07-20 10:01:00+01:00,6,home,Munich,,DE,neighborhood,Munich,,DE,shopping,,walking,,0.5,False,False,False
44dc67ac-d912-5486-9015-7addc894e5c7,671fbc5b-99f1-505f-aaaa-1c682f552803,2025-07-21 11:18:00+01:00,2025-07-21 11:26:00+01:00,8,home,Munich,,DE,neighborhood,Munich,,DE,leisure,,walking,,0.7,False,False,False
724a494d-72cc-5765-be7a-e1e52570e4e0,671fbc5b-99f1-505f-aaaa-1c682f552803,2025-07-22 09:06:00+01:00,2025-07-22 09:17:00+01:00,11,home,Munich,,DE,neighborhood,Munich,,DE,leisure,,walking,,0.9,False,False,False
7326c77a-aafd-5c60-bec6-811313cb4c79,671fbc5b-99f1-505f-aaaa-1c682f552803,2025-07-24 09:31:00+01:00,2025-07-24 09:56:00+01:00,25,home,Munich,,DE,hardware_store,Munich,,DE,shopping,,car_sharing,,12.4,False,False,False
b2786166-3d9e-5423-ac69-08fdf00e108e,671fbc5b-99f1-505f-aaaa-1c682f552803,2025-07-27 10:27:00+01:00,2025-07-27 10:45:00+01:00,18,home,Munich,,DE,neighborhood,Munich,,DE,errands,,walking,,1.5,False,False,False
b3c93722-675b-5488-846e-e8a73490cf91,671fbc5b-99f1-505f-aaaa-1c682f552803,2025-07-29 12:46:00+01:00,2025-07-29 13:17:00+01:00,31,home,Munich,,DE,neighborhood,Munich,,DE,errands,,walking,,2.6,False,False,False
2f170056-7b4b-5b42-8710-b61f247fb3ff,671fbc5b-99f1-505f-aaaa-1c682f552803,2025-07-29 10:17:00+01:00,2025-07-29 10:36:00+01:00,19,home,Munich,,DE,repair_shop_area,Munich,,DE,errands,,bike_sharing,,4.7,False,False,False
e1d53199-c373-5d61-b6f4-d5139b62d5da,671fbc5b-99f1-505f-aaaa-1c682f552803,2025-08-01 10:31:00+01:00,2025-08-01 10:43:00+01:00,12,home,Munich,,DE,neighborhood,Munich,,DE,shopping,,bicycle,,2.9,False,False,False
ae50cd12-9d98-560b-9f4f-cabd4ead0e52,671fbc5b-99f1-505f-aaaa-1c682f552803,2025-08-02 11:28:00+01:00,2025-08-02 11:32:00+01:00,4,home,Munich,,DE,neighborhood,Munich,,DE,errands,,bicycle,,0.8,False,False,False
5c6fad1f-5e4d-5f88-8775-1162208f1b85,671fbc5b-99f1-505f-aaaa-1c682f552803,2025-08-04 11:52:00+01:00,2025-08-04 12:00:00+01:00,8,home,Munich,,DE,neighborhood,Munich,,DE,leisure,,bicycle,,1.9,False,False,False
48a2d22f-7cc8-5304-a087-15ea8b4087f0,671fbc5b-99f1-505f-aaaa-1c682f552803,2025-08-09 12:58:00+01:00,2025-08-09 13:07:00+01:00,9,home,Munich,,DE,neighborhood,Munich,,DE,errands,,bicycle,,2.3,False,False,False
2c35fa28-d542-5fac-9571-a44a47a4fc2a,671fbc5b-99f1-505f-aaaa-1c682f552803,2025-08-11 11:09:00+01:00,2025-08-11 11:28:00+01:00,19,home,Munich,,DE,neighborhood,Munich,,DE,errands,,walking,,1.6,False,False,False
ce177c0a-495d-5c80-84d5-3e257f2722d5,671fbc5b-99f1-505f-aaaa-1c682f552803,2025-08-12 09:43:00+01:00,2025-08-12 09:54:00+01:00,11,home,Munich,,DE,neighborhood,Munich,,DE,errands,,walking,,0.9,False,False,False
55b19cbc-4fbc-5e34-ab8f-a1b75a4055cc,671fbc5b-99f1-505f-aaaa-1c682f552803,2025-08-14 08:05:00+01:00,2025-08-14 08:31:00+01:00,23,home,Munich,,DE,office,Munich,,DE,commute,,public_transport,,8.88,True,True,True
c762b6e3-1474-5724-bec4-e50e3cb7c382,671fbc5b-99f1-505f-aaaa-1c682f552803,2025-08-14 16:55:00+01:00,2025-08-14 17:21:00+01:00,21,office,Munich,,DE,home,Munich,,DE,home_return,,public_transport,,8.72,True,True,True
1fcdcd62-03fa-525a-92a5-8baf0f77927a,671fbc5b-99f1-505f-aaaa-1c682f552803,2025-08-16 11:28:00+01:00,2025-08-16 11:58:00+01:00,30,home,Munich,,DE,neighborhood,Munich,,DE,errands,,walking,,2.5,False,False,False
2002ff40-d940-5652-ab7e-b4ab03fb0b19,671fbc5b-99f1-505f-aaaa-1c682f552803,2025-08-17 12:09:00+01:00,2025-08-17 12:29:00+01:00,20,home,Munich,,DE,neighborhood,Munich,,DE,shopping,,walking,,1.7,False,False,False
6ab63504-c2b2-5a57-869a-550851fa368f,671fbc5b-99f1-505f-aaaa-1c682f552803,2025-08-18 07:51:00+01:00,2025-08-18 08:25:00+01:00,33,home,Munich,,DE,office,Munich,,DE,commute,,public_transport,,12.36,True,True,True
550b6968-4c48-5f41-8f4a-c6ec2037b698,671fbc5b-99f1-505f-aaaa-1c682f552803,2025-08-18 17:25:00+01:00,2025-08-18 17:55:00+01:00,27,office,Munich,,DE,home,Munich,,DE,home_return,,public_transport,,11.91,True,True,True
a1354cb2-fc9c-58bb-9db2-27a5c1597950,671fbc5b-99f1-505f-aaaa-1c682f552803,2025-08-19 11:11:00+01:00,2025-08-19 11:19:00+01:00,8,home,Munich,,DE,neighborhood,Munich,,DE,leisure,,bicycle,,2.0,False,False,False
bf8449ef-ae46-5861-a3c5-1b207e169473,671fbc5b-99f1-505f-aaaa-1c682f552803,2025-08-22 09:36:00+01:00,2025-08-22 09:40:00+01:00,4,home,Munich,,DE,neighborhood,Munich,,DE,shopping,,bicycle,,1.1,False,False,False
5aed2b0e-7d98-5805-86e3-a631747e9a38,671fbc5b-99f1-505f-aaaa-1c682f552803,2025-08-23 09:17:00+01:00,2025-08-23 09:48:00+01:00,31,home,Munich,,DE,neighborhood,Munich,,DE,leisure,,walking,,2.6,False,False,False
35b41e6c-eecd-5aa8-8c6f-323464cf1996,671fbc5b-99f1-505f-aaaa-1c682f552803,2025-08-24 11:35:00+01:00,2025-08-24 11:41:00+01:00,6,home,Munich,,DE,neighborhood,Munich,,DE,shopping,,bicycle,,1.4,False,False,False
39a7f610-2b7f-5cd6-b40a-b227e6c6fe80,671fbc5b-99f1-505f-aaaa-1c682f552803,2025-08-25 09:24:00+01:00,2025-08-25 09:35:00+01:00,11,home,Munich,,DE,neighborhood,Munich,,DE,errands,,walking,,0.9,False,False,False
5517d306-2ba4-5db9-ab11-f0c8946a7ba6,671fbc5b-99f1-505f-aaaa-1c682f552803,2025-08-26 11:56:00+01:00,2025-08-26 12:25:00+01:00,29,home,Munich,,DE,neighborhood,Munich,,DE,shopping,,walking,,2.4,False,False,False
678afefc-7994-5492-9e77-51bf87717360,671fbc5b-99f1-505f-aaaa-1c682f552803,2025-08-27 07:55:00+01:00,2025-08-27 08:32:00+01:00,32,home,Munich,,DE,office,Munich,,DE,commute,,public_transport,,12.8,True,True,True
25253879-9d3c-5be3-b637-1ab137928b29,671fbc5b-99f1-505f-aaaa-1c682f552803,2025-08-27 17:01:00+01:00,2025-08-27 17:32:00+01:00,29,office,Munich,,DE,home,Munich,,DE,home_return,,public_transport,,12.56,True,True,True
7fd3a11a-bd76-5f18-bbb3-681482cc07bd,671fbc5b-99f1-505f-aaaa-1c682f552803,2025-08-28 10:19:00+01:00,2025-08-28 10:54:00+01:00,35,home,Munich,,DE,neighborhood,Munich,,DE,errands,,walking,,2.9,False,False,False
14d14516-cda6-5e85-b210-0e8de37e5549,671fbc5b-99f1-505f-aaaa-1c682f552803,2025-08-29 12:17:00+01:00,2025-08-29 12:28:00+01:00,11,home,Munich,,DE,neighborhood,Munich,,DE,shopping,,walking,,0.9,False,False,False
7ab6b0c0-2282-5ec3-a471-4509cbe64891,671fbc5b-99f1-505f-aaaa-1c682f552803,2025-09-02 10:44:00+01:00,2025-09-02 10:51:00+01:00,7,home,Munich,,DE,neighborhood,Munich,,DE,errands,,walking,,0.6,False,False,False
1e8ea5db-e914-5c1f-a738-4864ebbf1489,671fbc5b-99f1-505f-aaaa-1c682f552803,2025-09-03 12:52:00+01:00,2025-09-03 12:56:00+01:00,4,home,Munich,,DE,neighborhood,Munich,,DE,errands,,bicycle,,0.7,False,False,False
d5f983ca-3885-5007-a2e2-d39532c4701c,671fbc5b-99f1-505f-aaaa-1c682f552803,2025-09-08 11:47:00+01:00,2025-09-08 11:54:00+01:00,7,home,Munich,,DE,neighborhood,Munich,,DE,errands,,walking,,0.6,False,False,False
e33bfe91-27a2-508e-9f04-6f80e7af8fa3,671fbc5b-99f1-505f-aaaa-1c682f552803,2025-09-10 11:07:00+01:00,2025-09-10 11:20:00+01:00,13,home,Munich,,DE,neighborhood,Munich,,DE,shopping,,walking,,1.1,False,False,False
4a814a8b-a9da-5050-ad73-8bc5a28c74de,671fbc5b-99f1-505f-aaaa-1c682f552803,2025-09-11 10:29:00+01:00,2025-09-11 10:40:00+01:00,11,home,Munich,,DE,neighborhood,Munich,,DE,shopping,,walking,,0.9,False,False,False
07ca6641-b328-52d5-9389-fe8368f7c2aa,671fbc5b-99f1-505f-aaaa-1c682f552803,2025-09-12 12:11:00+01:00,2025-09-12 12:27:00+01:00,16,home,Munich,,DE,neighborhood,Munich,,DE,shopping,,walking,,1.3,False,False,False
80b34b26-625f-551c-a33b-eb05e71cc7aa,671fbc5b-99f1-505f-aaaa-1c682f552803,2025-09-14 12:20:00+01:00,2025-09-14 12:26:00+01:00,6,home,Munich,,DE,neighborhood,Munich,,DE,leisure,,bicycle,,1.4,False,False,False
00b21564-f940-5b8c-8b5a-5a6111af1467,671fbc5b-99f1-505f-aaaa-1c682f552803,2025-09-17 11:49:00+01:00,2025-09-17 12:09:00+01:00,20,home,Munich,,DE,neighborhood,Munich,,DE,errands,,walking,,1.7,False,False,False
7024c2a5-0173-5529-915a-1065d3244434,671fbc5b-99f1-505f-aaaa-1c682f552803,2025-09-19 09:32:00+01:00,2025-09-19 09:48:00+01:00,16,home,Munich,,DE,neighborhood,Munich,,DE,errands,,walking,,1.3,False,False,False
750f3b13-2565-5e73-8fe8-fb728ae826c0,671fbc5b-99f1-505f-aaaa-1c682f552803,2025-09-23 10:42:00+01:00,2025-09-23 11:12:00+01:00,30,home,Munich,,DE,neighborhood,Munich,,DE,shopping,,walking,,2.5,False,False,False
45974f8b-b459-526e-9fd1-b5567934fbd4,671fbc5b-99f1-505f-aaaa-1c682f552803,2025-09-24 11:06:00+01:00,2025-09-24 11:15:00+01:00,9,home,Munich,,DE,neighborhood,Munich,,DE,errands,,bicycle,,2.2,False,False,False
e6ad0d8d-7a37-55f8-a8c7-2961c1e55efc,671fbc5b-99f1-505f-aaaa-1c682f552803,2025-09-27 10:10:00+01:00,2025-09-27 10:14:00+01:00,4,home,Munich,,DE,neighborhood,Munich,,DE,shopping,,bicycle,,0.7,False,False,False
0dd7ff3c-f525-595f-a542-02c936f06f3b,671fbc5b-99f1-505f-aaaa-1c682f552803,2025-09-28 08:55:00+01:00,2025-09-28 09:17:00+01:00,22,home,Munich,,DE,repair_shop_area,Munich,,DE,errands,,bike_sharing,,5.4,False,False,False
79fe3fa8-8d8e-58d1-90b5-1804ee21fc88,671fbc5b-99f1-505f-aaaa-1c682f552803,2025-10-01 11:15:00+01:00,2025-10-01 11:20:00+01:00,5,home,Munich,,DE,neighborhood,Munich,,DE,leisure,,bicycle,,1.3,False,False,False
9c7f9181-76e4-57e7-b9ae-d1fa3330bccd,671fbc5b-99f1-505f-aaaa-1c682f552803,2025-10-03 09:51:00+01:00,2025-10-03 09:55:00+01:00,4,home,Munich,,DE,neighborhood,Munich,,DE,errands,,bicycle,,0.7,False,False,False
4f1baa4f-1175-509c-b441-faa38ac0c475,671fbc5b-99f1-505f-aaaa-1c682f552803,2025-10-05 12:28:00+01:00,2025-10-05 12:42:00+01:00,14,home,Munich,,DE,neighborhood,Munich,,DE,errands,,walking,,1.2,False,False,False
5edd1b75-8ea7-5fe4-9246-486ec9c25770,671fbc5b-99f1-505f-aaaa-1c682f552803,2025-10-08 11:55:00+01:00,2025-10-08 12:31:00+01:00,36,home,Munich,,DE,neighborhood,Munich,,DE,shopping,,walking,,3.0,False,False,False
afebd0aa-3b1d-5f5a-a844-8e339f2a5452,671fbc5b-99f1-505f-aaaa-1c682f552803,2025-10-09 10:59:00+01:00,2025-10-09 11:07:00+01:00,8,home,Munich,,DE,neighborhood,Munich,,DE,shopping,,bicycle,,2.1,False,False,False
38850346-0d01-514d-9e92-821a06d540a6,671fbc5b-99f1-505f-aaaa-1c682f552803,2025-10-09 07:43:00+01:00,2025-10-09 08:09:00+01:00,23,home,Munich,,DE,office,Munich,,DE,commute,,public_transport,,9.23,True,True,True
6cab7299-8720-5f4e-b85a-4c93d4f3dfe0,671fbc5b-99f1-505f-aaaa-1c682f552803,2025-10-09 17:15:00+01:00,2025-10-09 17:41:00+01:00,24,office,Munich,,DE,home,Munich,,DE,home_return,,public_transport,,9.29,True,True,True
802991e2-4faf-5b8c-943c-dd437531ab9c,671fbc5b-99f1-505f-aaaa-1c682f552803,2025-10-10 07:59:00+01:00,2025-10-10 08:23:00+01:00,22,home,Munich,,DE,office,Munich,,DE,commute,,public_transport,,9.16,True,True,True
ca4f89bb-1ece-5e79-9fb9-e7b66b40b66c,671fbc5b-99f1-505f-aaaa-1c682f552803,2025-10-10 17:30:00+01:00,2025-10-10 17:59:00+01:00,24,office,Munich,,DE,home,Munich,,DE,home_return,,public_transport,,9.4,True,True,True
a736e926-ceb5-511c-8697-5db3b3541bf6,671fbc5b-99f1-505f-aaaa-1c682f552803,2025-10-13 11:17:00+01:00,2025-10-13 11:37:00+01:00,20,home,Munich,,DE,neighborhood,Munich,,DE,errands,,walking,,1.7,False,False,False
8c3aaeda-e0b7-52cc-963c-2a2d46919bb6,671fbc5b-99f1-505f-aaaa-1c682f552803,2025-10-15 12:03:00+01:00,2025-10-15 12:07:00+01:00,4,home,Munich,,DE,neighborhood,Munich,,DE,shopping,,bicycle,,0.5,False,False,False
6ba8adbf-99bf-5790-b132-37c86ab25395,671fbc5b-99f1-505f-aaaa-1c682f552803,2025-10-16 12:42:00+01:00,2025-10-16 12:50:00+01:00,8,home,Munich,,DE,neighborhood,Munich,,DE,leisure,,bicycle,,2.1,False,False,False
b6a3fe4f-50c7-553f-96ce-a80938d7efa8,671fbc5b-99f1-505f-aaaa-1c682f552803,2025-10-17 10:40:00+01:00,2025-10-17 11:15:00+01:00,35,home,Munich,,DE,neighborhood,Munich,,DE,shopping,,walking,,2.9,False,False,False
2b1db4ea-533d-543a-b275-79806111afb1,671fbc5b-99f1-505f-aaaa-1c682f552803,2025-10-18 10:41:00+01:00,2025-10-18 11:12:00+01:00,31,home,Munich,,DE,neighborhood,Munich,,DE,shopping,,walking,,2.6,False,False,False
48279e18-272d-5c29-ab33-5a78c11b761a,671fbc5b-99f1-505f-aaaa-1c682f552803,2025-10-19 10:02:00+01:00,2025-10-19 10:26:00+01:00,24,home,Munich,,DE,neighborhood,Munich,,DE,shopping,,walking,,2.0,False,False,False
5ab455a6-a11f-5511-909d-0282ac71d51d,671fbc5b-99f1-505f-aaaa-1c682f552803,2025-10-22 09:50:00+01:00,2025-10-22 10:24:00+01:00,34,home,Munich,,DE,neighborhood,Munich,,DE,leisure,,walking,,2.8,False,False,False
66d7f7bf-6411-5b0a-8378-74e2114cb6fd,671fbc5b-99f1-505f-aaaa-1c682f552803,2025-10-23 12:37:00+01:00,2025-10-23 13:07:00+01:00,30,home,Munich,,DE,neighborhood,Munich,,DE,errands,,walking,,2.5,False,False,False
79b7eb42-1dbe-5291-b83b-2be64e3dbe86,671fbc5b-99f1-505f-aaaa-1c682f552803,2025-10-25 12:09:00+01:00,2025-10-25 12:15:00+01:00,6,home,Munich,,DE,neighborhood,Munich,,DE,leisure,,walking,,0.5,False,False,False
8ebf00bf-bfe3-5d9e-b32d-768345c9856f,671fbc5b-99f1-505f-aaaa-1c682f552803,2025-10-26 12:53:00+01:00,2025-10-26 13:04:00+01:00,11,home,Munich,,DE,neighborhood,Munich,,DE,errands,,walking,,0.9,False,False,False
baf77a2a-02a6-5686-bb8b-62c58ed6c614,671fbc5b-99f1-505f-aaaa-1c682f552803,2025-10-28 12:40:00+01:00,2025-10-28 12:51:00+01:00,11,home,Munich,,DE,neighborhood,Munich,,DE,leisure,,bicycle,,2.7,False,False,False
f1222964-f491-5354-be11-3bdb2ea9fe05,671fbc5b-99f1-505f-aaaa-1c682f552803,2025-10-30 11:09:00+01:00,2025-10-30 11:45:00+01:00,36,home,Munich,,DE,neighborhood,Munich,,DE,shopping,,walking,,3.0,False,False,False
23a50d47-a83f-595f-8cca-bb19e84b8755,671fbc5b-99f1-505f-aaaa-1c682f552803,2025-11-01 12:52:00+01:00,2025-11-01 13:21:00+01:00,29,home,Munich,,DE,neighborhood,Munich,,DE,leisure,,walking,,2.4,False,False,False
633e2789-2518-5ac7-b0fa-a8bb55b2eff4,671fbc5b-99f1-505f-aaaa-1c682f552803,2025-11-02 10:32:00+01:00,2025-11-02 10:54:00+01:00,22,home,Munich,,DE,neighborhood,Munich,,DE,leisure,,walking,,1.8,False,False,False
30f29099-ace6-503f-9ef1-af50207c710f,671fbc5b-99f1-505f-aaaa-1c682f552803,2025-11-04 12:14:00+01:00,2025-11-04 12:44:00+01:00,30,home,Munich,,DE,neighborhood,Munich,,DE,shopping,,walking,,2.5,False,False,False
c3e27962-fe20-510f-bc35-2f67fc4c240e,671fbc5b-99f1-505f-aaaa-1c682f552803,2025-11-05 10:53:00+01:00,2025-11-05 11:00:00+01:00,7,home,Munich,,DE,neighborhood,Munich,,DE,errands,,walking,,0.6,False,False,False
d125967e-44b9-5826-b5cd-562afc7de0af,671fbc5b-99f1-505f-aaaa-1c682f552803,2025-11-06 11:03:00+01:00,2025-11-06 11:13:00+01:00,10,home,Munich,,DE,neighborhood,Munich,,DE,shopping,,bicycle,,2.5,False,False,False
0a5ec82a-8000-5ec5-8e31-89b21fae973b,671fbc5b-99f1-505f-aaaa-1c682f552803,2025-11-07 09:58:00+01:00,2025-11-07 10:18:00+01:00,20,home,Munich,,DE,neighborhood,Munich,,DE,shopping,,walking,,1.7,False,False,False
cb6d272f-6e5f-5aa7-87e7-184835288bda,671fbc5b-99f1-505f-aaaa-1c682f552803,2025-11-09 09:44:00+01:00,2025-11-09 09:48:00+01:00,4,home,Munich,,DE,neighborhood,Munich,,DE,leisure,,bicycle,,0.6,False,False,False
224ed8ae-b8e6-5df3-ab21-c97aa667c4e6,671fbc5b-99f1-505f-aaaa-1c682f552803,2025-11-10 11:12:00+01:00,2025-11-10 11:18:00+01:00,6,home,Munich,,DE,neighborhood,Munich,,DE,leisure,,bicycle,,1.6,False,False,False
86409c58-c078-5e85-9001-649d8b0944c4,671fbc5b-99f1-505f-aaaa-1c682f552803,2025-11-11 09:52:00+01:00,2025-11-11 10:03:00+01:00,11,home,Munich,,DE,neighborhood,Munich,,DE,errands,,bicycle,,2.7,False,False,False
fbc031d7-6f07-51d8-a18a-dc16f0a91cd3,671fbc5b-99f1-505f-aaaa-1c682f552803,2025-11-12 11:01:00+01:00,2025-11-12 11:29:00+01:00,28,home,Munich,,DE,neighborhood,Munich,,DE,leisure,,walking,,2.3,False,False,False
87c3cd15-be7c-5936-8def-0f15978cd0ca,671fbc5b-99f1-505f-aaaa-1c682f552803,2025-11-13 11:35:00+01:00,2025-11-13 11:57:00+01:00,22,home,Munich,,DE,neighborhood,Munich,,DE,errands,,walking,,1.8,False,False,False
eb9350d5-1627-55a0-964d-0e33f1234ba7,671fbc5b-99f1-505f-aaaa-1c682f552803,2025-11-15 12:19:00+01:00,2025-11-15 12:45:00+01:00,26,home,Munich,,DE,neighborhood,Munich,,DE,errands,,walking,,2.2,False,False,False
3df5ed8c-6c52-54ff-8e88-fc49bebb8edb,671fbc5b-99f1-505f-aaaa-1c682f552803,2025-11-18 10:20:00+01:00,2025-11-18 10:33:00+01:00,13,home,Munich,,DE,neighborhood,Munich,,DE,errands,,walking,,1.1,False,False,False
b02fffda-9051-5978-84b0-000cc5b4e765,671fbc5b-99f1-505f-aaaa-1c682f552803,2025-11-19 11:07:00+01:00,2025-11-19 11:31:00+01:00,24,home,Munich,,DE,neighborhood,Munich,,DE,shopping,,walking,,2.0,False,False,False
1482dc1c-5b28-581c-a4cd-a695104fea7f,671fbc5b-99f1-505f-aaaa-1c682f552803,2025-11-21 12:40:00+01:00,2025-11-21 12:52:00+01:00,12,home,Munich,,DE,neighborhood,Munich,,DE,leisure,,walking,,1.0,False,False,False
3da04ffe-7efc-5dcd-8379-83e7c54977e6,671fbc5b-99f1-505f-aaaa-1c682f552803,2025-11-23 12:32:00+01:00,2025-11-23 12:40:00+01:00,8,home,Munich,,DE,neighborhood,Munich,,DE,leisure,,walking,,0.7,False,False,False
d6c294b9-b4d3-54cb-9ad0-8e32f584575e,671fbc5b-99f1-505f-aaaa-1c682f552803,2025-11-24 09:40:00+01:00,2025-11-24 09:51:00+01:00,11,home,Munich,,DE,neighborhood,Munich,,DE,shopping,,walking,,0.9,False,False,False
ff57b1c1-d569-5b47-a64f-3df80a210bfc,671fbc5b-99f1-505f-aaaa-1c682f552803,2025-11-25 10:35:00+01:00,2025-11-25 10:58:00+01:00,23,home,Munich,,DE,neighborhood,Munich,,DE,errands,,walking,,1.9,False,False,False
83199dcd-1907-54a5-a020-4d22681ccab1,671fbc5b-99f1-505f-aaaa-1c682f552803,2025-11-25 10:43:00+01:00,2025-11-25 11:19:00+01:00,36,home,Munich,,DE,hardware_store,Munich,,DE,shopping,,car_sharing,,17.9,False,False,False
a21eac84-ec78-5973-9f1b-8c48cc0daa31,671fbc5b-99f1-505f-aaaa-1c682f552803,2025-11-26 11:25:00+01:00,2025-11-26 11:37:00+01:00,12,home,Munich,,DE,neighborhood,Munich,,DE,shopping,,walking,,1.0,False,False,False
b93b2631-8454-541c-9793-8db6f9e1d6b0,671fbc5b-99f1-505f-aaaa-1c682f552803,2025-11-27 09:15:00+01:00,2025-11-27 09:35:00+01:00,20,home,Munich,,DE,neighborhood,Munich,,DE,leisure,,walking,,1.7,False,False,False
c5be607c-9b8b-5015-89b5-5797ce322474,671fbc5b-99f1-505f-aaaa-1c682f552803,2025-12-01 10:04:00+01:00,2025-12-01 10:35:00+01:00,31,home,Munich,,DE,neighborhood,Munich,,DE,leisure,,walking,,2.6,False,False,False
2441f6dc-a5f9-5549-969d-642a7f1cdbc7,671fbc5b-99f1-505f-aaaa-1c682f552803,2025-12-02 10:50:00+01:00,2025-12-02 11:04:00+01:00,14,home,Munich,,DE,neighborhood,Munich,,DE,errands,,walking,,1.2,False,False,False
0f7165ce-cb8f-5f23-ae33-b7d42035af5a,671fbc5b-99f1-505f-aaaa-1c682f552803,2025-12-02 10:54:00+01:00,2025-12-02 11:06:00+01:00,12,home,Munich,,DE,repair_shop_area,Munich,,DE,errands,,bike_sharing,,2.9,False,False,False
391bcba4-81b4-5ea3-a067-e4e9f1965691,671fbc5b-99f1-505f-aaaa-1c682f552803,2025-12-03 11:37:00+01:00,2025-12-03 11:48:00+01:00,11,home,Munich,,DE,neighborhood,Munich,,DE,shopping,,walking,,0.9,False,False,False
bf24bc5a-3245-5dd3-a53e-aaa650ca801d,671fbc5b-99f1-505f-aaaa-1c682f552803,2025-12-04 10:58:00+01:00,2025-12-04 11:22:00+01:00,24,home,Munich,,DE,neighborhood,Munich,,DE,shopping,,walking,,2.0,False,False,False
637b00fa-0602-5bbf-96dd-19d55132e9c4,671fbc5b-99f1-505f-aaaa-1c682f552803,2025-12-05 09:56:00+01:00,2025-12-05 10:19:00+01:00,23,home,Munich,,DE,neighborhood,Munich,,DE,leisure,,walking,,1.9,False,False,False
e849f949-e7ba-5f69-9b90-ae40d57b6bad,671fbc5b-99f1-505f-aaaa-1c682f552803,2025-12-06 10:47:00+01:00,2025-12-06 10:57:00+01:00,10,home,Munich,,DE,neighborhood,Munich,,DE,leisure,,bicycle,,2.6,False,False,False
fa6acede-e497-53ad-bbad-9fa69edc57b9,671fbc5b-99f1-505f-aaaa-1c682f552803,2025-12-07 11:30:00+01:00,2025-12-07 11:46:00+01:00,16,home,Munich,,DE,neighborhood,Munich,,DE,leisure,,walking,,1.3,False,False,False
b48e2096-3425-550b-bb38-186e05b202ad,671fbc5b-99f1-505f-aaaa-1c682f552803,2025-12-09 12:12:00+01:00,2025-12-09 12:41:00+01:00,29,home,Munich,,DE,neighborhood,Munich,,DE,leisure,,walking,,2.4,False,False,False
a244348e-8f15-57e7-b0f6-7b074773d245,671fbc5b-99f1-505f-aaaa-1c682f552803,2025-12-09 08:32:00+01:00,2025-12-09 08:41:00+01:00,9,home,Munich,,DE,repair_shop_area,Munich,,DE,errands,,bike_sharing,,2.2,False,False,False
ebde574a-8651-5757-8550-5bca3b7e13c7,671fbc5b-99f1-505f-aaaa-1c682f552803,2025-12-11 12:45:00+01:00,2025-12-11 13:02:00+01:00,17,home,Munich,,DE,neighborhood,Munich,,DE,errands,,walking,,1.4,False,False,False
f4d82bbf-9039-5f02-9b9b-e2b6956a1e65,671fbc5b-99f1-505f-aaaa-1c682f552803,2025-12-13 10:02:00+01:00,2025-12-13 10:13:00+01:00,11,home,Munich,,DE,neighborhood,Munich,,DE,leisure,,walking,,0.9,False,False,False
4917e97d-936c-562a-9efe-40529599aabf,671fbc5b-99f1-505f-aaaa-1c682f552803,2025-12-14 09:29:00+01:00,2025-12-14 10:00:00+01:00,31,home,Munich,,DE,neighborhood,Munich,,DE,shopping,,walking,,2.6,False,False,False
81ff2759-ce9a-574a-bb47-a322590281e0,671fbc5b-99f1-505f-aaaa-1c682f552803,2025-12-17 09:49:00+01:00,2025-12-17 10:01:00+01:00,12,home,Munich,,DE,neighborhood,Munich,,DE,errands,,walking,,1.0,False,False,False
3ffde871-6a45-5d75-88d7-2ee8376e95e4,671fbc5b-99f1-505f-aaaa-1c682f552803,2025-12-18 10:28:00+01:00,2025-12-18 10:58:00+01:00,30,home,Munich,,DE,neighborhood,Munich,,DE,shopping,,walking,,2.5,False,False,False
67e1073d-1d12-5b0e-b49b-e6b17d62772c,671fbc5b-99f1-505f-aaaa-1c682f552803,2025-12-21 11:33:00+01:00,2025-12-21 11:44:00+01:00,11,home,Munich,,DE,neighborhood,Munich,,DE,shopping,,bicycle,,2.8,False,False,False
cd42a654-5d93-59ec-a18b-26b325fcdab9,671fbc5b-99f1-505f-aaaa-1c682f552803,2025-12-22 10:19:00+01:00,2025-12-22 10:27:00+01:00,8,home,Munich,,DE,neighborhood,Munich,,DE,shopping,,walking,,0.7,False,False,False
e5d466e8-ffb8-5c9e-8142-b1ae460092ef,671fbc5b-99f1-505f-aaaa-1c682f552803,2025-12-25 11:59:00+01:00,2025-12-25 12:17:00+01:00,18,home,Munich,,DE,neighborhood,Munich,,DE,errands,,walking,,1.5,False,False,False
bd13d0c8-b6da-520b-b1f2-6fceda5a0194,671fbc5b-99f1-505f-aaaa-1c682f552803,2025-12-26 10:21:00+01:00,2025-12-26 10:56:00+01:00,35,home,Munich,,DE,neighborhood,Munich,,DE,errands,,walking,,2.9,False,False,False
cfb96ec1-f15c-5004-a0e2-d99f3b7ecd4b,671fbc5b-99f1-505f-aaaa-1c682f552803,2025-12-27 09:06:00+01:00,2025-12-27 09:17:00+01:00,11,home,Munich,,DE,neighborhood,Munich,,DE,shopping,,bicycle,,2.8,False,False,False
a2b31d5c-b97f-5955-9b65-0643973a374a,671fbc5b-99f1-505f-aaaa-1c682f552803,2025-12-28 12:45:00+01:00,2025-12-28 12:49:00+01:00,4,home,Munich,,DE,neighborhood,Munich,,DE,shopping,,bicycle,,0.9,False,False,False
8ad2bb95-edb3-54a8-8767-df51540497d9,671fbc5b-99f1-505f-aaaa-1c682f552803,2025-12-29 11:56:00+01:00,2025-12-29 12:06:00+01:00,10,home,Munich,,DE,neighborhood,Munich,,DE,errands,,walking,,0.8,False,False,False
b54a695f-6c9f-51fc-b59f-7ea1a12e261d,671fbc5b-99f1-505f-aaaa-1c682f552803,2025-12-31 12:37:00+01:00,2025-12-31 12:47:00+01:00,10,home,Munich,,DE,neighborhood,Munich,,DE,leisure,,bicycle,,2.6,False,False,False
cfc4a088-9dbf-5de7-8d18-023ef752d703,671fbc5b-99f1-505f-aaaa-1c682f552803,2026-01-02 11:19:00+01:00,2026-01-02 11:31:00+01:00,12,home,Munich,,DE,neighborhood,Munich,,DE,errands,,bicycle,,2.9,False,False,False
e6b2d9bf-ad25-5402-91b4-d7c371491302,671fbc5b-99f1-505f-aaaa-1c682f552803,2026-01-05 09:50:00+01:00,2026-01-05 09:58:00+01:00,8,home,Munich,,DE,neighborhood,Munich,,DE,errands,,bicycle,,2.1,False,False,False
c9818a8c-f5dc-595e-a7d7-61672e2b3d4e,671fbc5b-99f1-505f-aaaa-1c682f552803,2026-01-06 09:14:00+01:00,2026-01-06 09:18:00+01:00,4,home,Munich,,DE,neighborhood,Munich,,DE,errands,,bicycle,,0.7,False,False,False
9c10da07-3249-529e-a4ea-7ae33726c065,671fbc5b-99f1-505f-aaaa-1c682f552803,2026-01-07 11:42:00+01:00,2026-01-07 12:14:00+01:00,32,home,Munich,,DE,neighborhood,Munich,,DE,shopping,,walking,,2.7,False,False,False
548153cd-a8d7-514c-a1d6-a2bcca5ea699,671fbc5b-99f1-505f-aaaa-1c682f552803,2026-01-13 09:46:00+01:00,2026-01-13 10:09:00+01:00,23,home,Munich,,DE,neighborhood,Munich,,DE,leisure,,walking,,1.9,False,False,False
f74b1602-06c7-5b6e-98de-24aa7e6904c3,671fbc5b-99f1-505f-aaaa-1c682f552803,2026-01-15 09:48:00+01:00,2026-01-15 09:59:00+01:00,11,home,Munich,,DE,neighborhood,Munich,,DE,shopping,,walking,,0.9,False,False,False
8a4e2f3f-76ec-5023-b4da-ce326da70e6c,671fbc5b-99f1-505f-aaaa-1c682f552803,2026-01-17 09:02:00+01:00,2026-01-17 09:10:00+01:00,8,home,Munich,,DE,neighborhood,Munich,,DE,errands,,bicycle,,1.9,False,False,False
0550d57c-4ded-5cfa-b0e2-3e60450db98c,671fbc5b-99f1-505f-aaaa-1c682f552803,2026-01-18 09:00:00+01:00,2026-01-18 09:10:00+01:00,10,home,Munich,,DE,neighborhood,Munich,,DE,leisure,,walking,,0.8,False,False,False
22dee73e-8074-5dcb-b07a-b839d66705b7,671fbc5b-99f1-505f-aaaa-1c682f552803,2026-01-20 09:59:00+01:00,2026-01-20 10:03:00+01:00,4,home,Munich,,DE,neighborhood,Munich,,DE,shopping,,bicycle,,0.6,False,False,False
9eff2d95-fa99-556b-b59e-842d4f8c7769,671fbc5b-99f1-505f-aaaa-1c682f552803,2026-01-21 09:45:00+01:00,2026-01-21 09:49:00+01:00,4,home,Munich,,DE,neighborhood,Munich,,DE,errands,,bicycle,,1.0,False,False,False
ca784765-6a2d-5202-947f-e37eb382236c,671fbc5b-99f1-505f-aaaa-1c682f552803,2026-01-22 09:11:00+01:00,2026-01-22 09:21:00+01:00,10,home,Munich,,DE,neighborhood,Munich,,DE,leisure,,bicycle,,2.6,False,False,False
b3e3d12f-8ffe-5845-940d-8bd375a9a539,671fbc5b-99f1-505f-aaaa-1c682f552803,2026-01-23 09:28:00+01:00,2026-01-23 09:46:00+01:00,18,home,Munich,,DE,neighborhood,Munich,,DE,shopping,,walking,,1.5,False,False,False
4b00760f-ea28-56ec-8902-bd82d630cc1f,671fbc5b-99f1-505f-aaaa-1c682f552803,2026-01-25 09:28:00+01:00,2026-01-25 09:45:00+01:00,17,home,Munich,,DE,repair_shop_area,Munich,,DE,errands,,bike_sharing,,4.3,False,False,False
067f422d-9134-578e-bc46-639d42c00109,671fbc5b-99f1-505f-aaaa-1c682f552803,2026-01-26 12:39:00+01:00,2026-01-26 12:58:00+01:00,19,home,Munich,,DE,neighborhood,Munich,,DE,errands,,walking,,1.6,False,False,False
fbecfb80-5376-5c2d-aecb-58715f22485e,671fbc5b-99f1-505f-aaaa-1c682f552803,2026-01-27 10:06:00+01:00,2026-01-27 10:10:00+01:00,4,home,Munich,,DE,neighborhood,Munich,,DE,leisure,,bicycle,,0.5,False,False,False
982bfe59-82ef-56ab-b7e8-45ce716ff0ee,671fbc5b-99f1-505f-aaaa-1c682f552803,2026-01-29 09:45:00+01:00,2026-01-29 10:14:00+01:00,29,home,Munich,,DE,neighborhood,Munich,,DE,leisure,,walking,,2.4,False,False,False
806d865f-3a2f-5188-9cd3-d7acccf7b85b,671fbc5b-99f1-505f-aaaa-1c682f552803,2026-01-30 10:48:00+01:00,2026-01-30 11:22:00+01:00,34,home,Munich,,DE,neighborhood,Munich,,DE,shopping,,walking,,2.8,False,False,False
3626e46d-cafd-5931-83bc-8f7a96b11a32,671fbc5b-99f1-505f-aaaa-1c682f552803,2026-01-31 12:27:00+01:00,2026-01-31 12:41:00+01:00,14,home,Munich,,DE,neighborhood,Munich,,DE,errands,,walking,,1.2,False,False,False
6d47543f-c398-56a5-a0a8-625946ba61ef,671fbc5b-99f1-505f-aaaa-1c682f552803,2026-02-01 11:38:00+01:00,2026-02-01 11:46:00+01:00,8,home,Munich,,DE,neighborhood,Munich,,DE,shopping,,walking,,0.7,False,False,False
891c769c-6912-5951-86d8-c0c97af4989c,671fbc5b-99f1-505f-aaaa-1c682f552803,2026-02-02 10:18:00+01:00,2026-02-02 10:41:00+01:00,23,home,Munich,,DE,neighborhood,Munich,,DE,leisure,,walking,,1.9,False,False,False
6810ddbb-2283-5aa0-bfe4-e48630f1cb73,671fbc5b-99f1-505f-aaaa-1c682f552803,2026-02-03 11:08:00+01:00,2026-02-03 11:38:00+01:00,30,home,Munich,,DE,neighborhood,Munich,,DE,leisure,,walking,,2.5,False,False,False
251be94b-a649-5961-b711-1932e7d59212,671fbc5b-99f1-505f-aaaa-1c682f552803,2026-02-04 10:34:00+01:00,2026-02-04 10:39:00+01:00,5,home,Munich,,DE,neighborhood,Munich,,DE,shopping,,bicycle,,1.2,False,False,False
4553b5e1-a5c2-5b84-a17a-8b49506ca725,671fbc5b-99f1-505f-aaaa-1c682f552803,2026-02-05 09:50:00+01:00,2026-02-05 10:16:00+01:00,26,home,Munich,,DE,neighborhood,Munich,,DE,shopping,,walking,,2.2,False,False,False
f0cbaf0c-82e8-5918-a4b5-a6d5b83825d4,671fbc5b-99f1-505f-aaaa-1c682f552803,2026-02-08 10:22:00+01:00,2026-02-08 10:50:00+01:00,28,home,Munich,,DE,neighborhood,Munich,,DE,shopping,,walking,,2.3,False,False,False
e761ebac-4454-50f4-b430-bd192ad82fe7,671fbc5b-99f1-505f-aaaa-1c682f552803,2026-02-09 10:49:00+01:00,2026-02-09 10:53:00+01:00,4,home,Munich,,DE,neighborhood,Munich,,DE,errands,,bicycle,,0.7,False,False,False
df2ad145-e69b-57ca-afd0-93df3771441e,671fbc5b-99f1-505f-aaaa-1c682f552803,2026-02-10 10:07:00+01:00,2026-02-10 10:13:00+01:00,6,home,Munich,,DE,neighborhood,Munich,,DE,leisure,,bicycle,,1.6,False,False,False
61d0c6c1-7d83-5e72-8682-40c824713793,671fbc5b-99f1-505f-aaaa-1c682f552803,2026-02-12 09:33:00+01:00,2026-02-12 10:05:00+01:00,32,home,Munich,,DE,neighborhood,Munich,,DE,shopping,,walking,,2.7,False,False,False
04c65e95-2943-56f6-8b06-00d43208c4db,671fbc5b-99f1-505f-aaaa-1c682f552803,2026-02-15 10:55:00+01:00,2026-02-15 11:29:00+01:00,34,home,Munich,,DE,neighborhood,Munich,,DE,leisure,,walking,,2.8,False,False,False
207ddd42-5f36-517b-ac19-69294b56bb0c,671fbc5b-99f1-505f-aaaa-1c682f552803,2026-02-18 10:26:00+01:00,2026-02-18 10:58:00+01:00,32,home,Munich,,DE,neighborhood,Munich,,DE,errands,,walking,,2.7,False,False,False
816859c6-4801-5126-a046-17cddb99fbad,671fbc5b-99f1-505f-aaaa-1c682f552803,2026-02-20 11:29:00+01:00,2026-02-20 11:43:00+01:00,14,home,Munich,,DE,repair_shop_area,Munich,,DE,errands,,bike_sharing,,3.6,False,False,False
5ae7dc19-b2ee-5fd9-8d5d-8956b46457e1,671fbc5b-99f1-505f-aaaa-1c682f552803,2026-02-21 10:45:00+01:00,2026-02-21 11:13:00+01:00,28,home,Munich,,DE,neighborhood,Munich,,DE,leisure,,walking,,2.3,False,False,False
ae5017b8-0eee-52b2-8ea4-183fd560e2d1,671fbc5b-99f1-505f-aaaa-1c682f552803,2026-02-23 11:33:00+01:00,2026-02-23 11:43:00+01:00,10,home,Munich,,DE,neighborhood,Munich,,DE,errands,,bicycle,,2.4,False,False,False
611c6bd3-4575-5087-9eb5-6a86f5890c50,671fbc5b-99f1-505f-aaaa-1c682f552803,2026-02-28 11:45:00+01:00,2026-02-28 12:04:00+01:00,19,home,Munich,,DE,neighborhood,Munich,,DE,shopping,,walking,,1.6,False,False,False
0ac60177-6ccf-5062-b484-2ea47cfb19a3,671fbc5b-99f1-505f-aaaa-1c682f552803,2026-03-07 12:17:00+01:00,2026-03-07 12:49:00+01:00,32,home,Munich,,DE,neighborhood,Munich,,DE,errands,,walking,,2.7,False,False,False
329cd367-8248-5047-873a-4151354856fc,671fbc5b-99f1-505f-aaaa-1c682f552803,2026-03-07 10:46:00+01:00,2026-03-07 11:16:00+01:00,30,home,Munich,,DE,hardware_store,Munich,,DE,shopping,,car_sharing,,15.2,False,False,False
cef640ed-90b3-5b96-ab08-f94e4fd59950,671fbc5b-99f1-505f-aaaa-1c682f552803,2026-03-08 09:40:00+01:00,2026-03-08 09:58:00+01:00,18,home,Munich,,DE,neighborhood,Munich,,DE,errands,,walking,,1.5,False,False,False
540a2636-b668-56b7-a793-b886b635bfa6,671fbc5b-99f1-505f-aaaa-1c682f552803,2026-03-09 12:17:00+01:00,2026-03-09 12:28:00+01:00,11,home,Munich,,DE,neighborhood,Munich,,DE,errands,,bicycle,,2.7,False,False,False
af112901-c69d-566e-8f8c-cf394eb92fb3,671fbc5b-99f1-505f-aaaa-1c682f552803,2026-03-10 11:36:00+01:00,2026-03-10 11:41:00+01:00,5,home,Munich,,DE,neighborhood,Munich,,DE,leisure,,bicycle,,1.2,False,False,False
7efed8dd-cd2a-5ea1-9f15-0cf572534101,671fbc5b-99f1-505f-aaaa-1c682f552803,2026-03-11 09:00:00+01:00,2026-03-11 09:22:00+01:00,22,home,Munich,,DE,neighborhood,Munich,,DE,leisure,,walking,,1.8,False,False,False
2d238405-e4f6-576a-a068-60852ba65705,671fbc5b-99f1-505f-aaaa-1c682f552803,2026-03-12 12:18:00+01:00,2026-03-12 12:29:00+01:00,11,home,Munich,,DE,neighborhood,Munich,,DE,leisure,,bicycle,,2.8,False,False,False
ec3fc797-c407-5352-a25b-2a5728ba1b23,671fbc5b-99f1-505f-aaaa-1c682f552803,2026-03-14 12:40:00+01:00,2026-03-14 12:46:00+01:00,6,home,Munich,,DE,neighborhood,Munich,,DE,errands,,bicycle,,1.5,False,False,False
a02a8b79-35c4-5ed9-9e0e-bff891df4a53,671fbc5b-99f1-505f-aaaa-1c682f552803,2026-03-18 09:23:00+01:00,2026-03-18 09:33:00+01:00,10,home,Munich,,DE,neighborhood,Munich,,DE,leisure,,bicycle,,2.6,False,False,False
3d1d04ef-8c50-5ea2-a94e-d2d5a5f12ebd,671fbc5b-99f1-505f-aaaa-1c682f552803,2026-03-19 10:45:00+01:00,2026-03-19 11:09:00+01:00,24,home,Munich,,DE,neighborhood,Munich,,DE,shopping,,walking,,2.0,False,False,False
a42bd90b-c647-5637-8f92-4817a08a2dcf,671fbc5b-99f1-505f-aaaa-1c682f552803,2026-03-23 10:23:00+01:00,2026-03-23 10:28:00+01:00,5,home,Munich,,DE,neighborhood,Munich,,DE,errands,,bicycle,,1.2,False,False,False
b75268b8-902b-5c5f-af1c-3aa365eed42c,671fbc5b-99f1-505f-aaaa-1c682f552803,2026-03-23 10:39:00+01:00,2026-03-23 10:49:00+01:00,10,home,Munich,,DE,repair_shop_area,Munich,,DE,errands,,bike_sharing,,2.6,False,False,False
38b61152-318c-51f5-8929-58f0f5c7de9e,671fbc5b-99f1-505f-aaaa-1c682f552803,2026-03-24 10:10:00+01:00,2026-03-24 10:18:00+01:00,8,home,Munich,,DE,neighborhood,Munich,,DE,errands,,bicycle,,2.1,False,False,False
1fdafc3a-8b99-5578-a0ae-5b0f4d1530df,671fbc5b-99f1-505f-aaaa-1c682f552803,2026-03-25 12:39:00+01:00,2026-03-25 13:03:00+01:00,24,home,Munich,,DE,neighborhood,Munich,,DE,errands,,walking,,2.0,False,False,False
de6354a7-221c-5696-b9a2-d01f03de21e6,671fbc5b-99f1-505f-aaaa-1c682f552803,2026-03-26 10:01:00+01:00,2026-03-26 10:11:00+01:00,10,home,Munich,,DE,neighborhood,Munich,,DE,shopping,,walking,,0.8,False,False,False
9d857b74-ed35-5e3d-9399-0ea4c556cb47,671fbc5b-99f1-505f-aaaa-1c682f552803,2026-03-28 10:37:00+01:00,2026-03-28 10:42:00+01:00,5,home,Munich,,DE,neighborhood,Munich,,DE,shopping,,bicycle,,1.3,False,False,False
09806c56-58ba-5095-9d80-259e8083c868,671fbc5b-99f1-505f-aaaa-1c682f552803,2026-03-29 08:17:00+01:00,2026-03-29 08:44:00+01:00,25,home,Munich,,DE,office,Munich,,DE,commute,,public_transport,,9.55,True,True,True
f4dbeb23-0626-576f-b5ba-e79f3b12506f,671fbc5b-99f1-505f-aaaa-1c682f552803,2026-03-29 17:12:00+01:00,2026-03-29 17:38:00+01:00,21,office,Munich,,DE,home,Munich,,DE,home_return,,public_transport,,9.21,True,True,True
5fc73ded-f536-5567-b526-de4dc63f2daf,671fbc5b-99f1-505f-aaaa-1c682f552803,2026-03-31 10:55:00+01:00,2026-03-31 11:06:00+01:00,11,home,Munich,,DE,neighborhood,Munich,,DE,leisure,,bicycle,,2.8,False,False,False
4c8096a2-a61f-5698-9aa0-d2e92991a12a,671fbc5b-99f1-505f-aaaa-1c682f552803,2026-04-02 10:18:00+01:00,2026-04-02 10:23:00+01:00,5,home,Munich,,DE,neighborhood,Munich,,DE,errands,,bicycle,,1.3,False,False,False
ab30dece-6ef3-5fff-a1cc-5efcb53a0985,671fbc5b-99f1-505f-aaaa-1c682f552803,2026-04-05 11:19:00+01:00,2026-04-05 11:28:00+01:00,9,home,Munich,,DE,neighborhood,Munich,,DE,errands,,bicycle,,2.3,False,False,False
3c7c4a5d-fd49-566e-a171-559a3c3bcf0e,671fbc5b-99f1-505f-aaaa-1c682f552803,2026-04-06 10:42:00+01:00,2026-04-06 10:48:00+01:00,6,home,Munich,,DE,neighborhood,Munich,,DE,leisure,,bicycle,,1.4,False,False,False
e177475a-9f6a-5100-b924-03ada180f78b,671fbc5b-99f1-505f-aaaa-1c682f552803,2026-04-07 12:18:00+01:00,2026-04-07 12:28:00+01:00,10,home,Munich,,DE,neighborhood,Munich,,DE,shopping,,bicycle,,2.5,False,False,False
75f7d4b2-18a7-5c2c-8b90-e03c9e2244ad,671fbc5b-99f1-505f-aaaa-1c682f552803,2026-04-10 09:47:00+01:00,2026-04-10 10:11:00+01:00,24,home,Munich,,DE,neighborhood,Munich,,DE,errands,,walking,,2.0,False,False,False
52ef832a-bace-5049-b9ea-1ad98ade7347,671fbc5b-99f1-505f-aaaa-1c682f552803,2026-04-11 11:29:00+01:00,2026-04-11 11:41:00+01:00,12,home,Munich,,DE,neighborhood,Munich,,DE,leisure,,bicycle,,2.9,False,False,False
6670bf6b-12b8-5328-99bf-69a529d34ae6,671fbc5b-99f1-505f-aaaa-1c682f552803,2026-04-14 11:02:00+01:00,2026-04-14 11:12:00+01:00,10,home,Munich,,DE,neighborhood,Munich,,DE,leisure,,bicycle,,2.4,False,False,False
36b696ae-313f-5dd9-824a-0264eb1003cd,671fbc5b-99f1-505f-aaaa-1c682f552803,2026-04-15 10:17:00+01:00,2026-04-15 10:47:00+01:00,30,home,Munich,,DE,neighborhood,Munich,,DE,errands,,walking,,2.5,False,False,False
f48981e0-3f52-5e55-af11-79abeb788fc0,671fbc5b-99f1-505f-aaaa-1c682f552803,2026-04-17 12:15:00+01:00,2026-04-17 12:37:00+01:00,22,home,Munich,,DE,neighborhood,Munich,,DE,shopping,,walking,,1.8,False,False,False
8e2bd3b8-b5b3-5982-9be7-95b62d4a0f85,671fbc5b-99f1-505f-aaaa-1c682f552803,2026-04-27 09:38:00+01:00,2026-04-27 09:50:00+01:00,12,home,Munich,,DE,neighborhood,Munich,,DE,errands,,bicycle,,2.9,False,False,False
9fb981dd-2f12-5a4b-9504-c6f66a78e3b4,671fbc5b-99f1-505f-aaaa-1c682f552803,2026-04-29 12:51:00+01:00,2026-04-29 13:03:00+01:00,12,home,Munich,,DE,neighborhood,Munich,,DE,shopping,,bicycle,,2.9,False,False,False
a68722c3-daef-59ac-817c-1ae1c47bfe6e,671fbc5b-99f1-505f-aaaa-1c682f552803,2026-05-02 11:40:00+01:00,2026-05-02 12:05:00+01:00,25,home,Munich,,DE,neighborhood,Munich,,DE,errands,,walking,,2.1,False,False,False
8063e9ec-17e4-5b40-b124-4f83be4c1744,671fbc5b-99f1-505f-aaaa-1c682f552803,2026-05-03 12:13:00+01:00,2026-05-03 12:48:00+01:00,35,home,Munich,,DE,neighborhood,Munich,,DE,shopping,,walking,,2.9,False,False,False
590b99e7-4f0d-52fd-9ddf-6827c74a16a8,671fbc5b-99f1-505f-aaaa-1c682f552803,2026-05-04 11:05:00+01:00,2026-05-04 11:18:00+01:00,13,home,Munich,,DE,neighborhood,Munich,,DE,leisure,,walking,,1.1,False,False,False
54315e9c-db07-57da-87df-a63c3c2c2926,671fbc5b-99f1-505f-aaaa-1c682f552803,2026-05-05 12:37:00+01:00,2026-05-05 13:03:00+01:00,26,home,Munich,,DE,neighborhood,Munich,,DE,leisure,,walking,,2.2,False,False,False
a9023c48-af23-5098-8a12-3eb22dbcd4de,671fbc5b-99f1-505f-aaaa-1c682f552803,2026-05-06 09:15:00+01:00,2026-05-06 09:35:00+01:00,20,home,Munich,,DE,neighborhood,Munich,,DE,errands,,walking,,1.7,False,False,False
ad2fc926-b7b2-589e-a18e-2f10122780bd,671fbc5b-99f1-505f-aaaa-1c682f552803,2026-05-07 12:10:00+01:00,2026-05-07 12:19:00+01:00,9,home,Munich,,DE,neighborhood,Munich,,DE,shopping,,bicycle,,2.2,False,False,False
be7f315a-b1df-5047-b9a4-94ec1eb3229f,671fbc5b-99f1-505f-aaaa-1c682f552803,2026-05-08 12:07:00+01:00,2026-05-08 12:14:00+01:00,7,home,Munich,,DE,neighborhood,Munich,,DE,errands,,walking,,0.6,False,False,False
79b3ba4e-03a5-5d77-9b40-fe0d7537e6ee,671fbc5b-99f1-505f-aaaa-1c682f552803,2026-05-09 11:06:00+01:00,2026-05-09 11:30:00+01:00,24,home,Munich,,DE,neighborhood,Munich,,DE,leisure,,walking,,2.0,False,False,False
0b98336b-94ae-5afa-9ec9-ed6ccf5da401,671fbc5b-99f1-505f-aaaa-1c682f552803,2026-05-11 10:22:00+01:00,2026-05-11 10:53:00+01:00,31,home,Munich,,DE,neighborhood,Munich,,DE,errands,,walking,,2.6,False,False,False
f0116d1b-e81e-55d4-a17d-785f99cad1b3,671fbc5b-99f1-505f-aaaa-1c682f552803,2026-05-13 09:42:00+01:00,2026-05-13 09:51:00+01:00,9,home,Munich,,DE,neighborhood,Munich,,DE,shopping,,bicycle,,2.2,False,False,False
eb4642d5-4e72-5d4e-91c0-7859947011bd,671fbc5b-99f1-505f-aaaa-1c682f552803,2026-05-14 11:22:00+01:00,2026-05-14 11:46:00+01:00,24,home,Munich,,DE,neighborhood,Munich,,DE,leisure,,walking,,2.0,False,False,False
7c34afb0-20cd-541b-a784-2bb3d78cd0ac,671fbc5b-99f1-505f-aaaa-1c682f552803,2026-05-16 11:51:00+01:00,2026-05-16 12:21:00+01:00,30,home,Munich,,DE,neighborhood,Munich,,DE,leisure,,walking,,2.5,False,False,False
49a5a867-a482-5a0f-a380-cd338a9f61a3,671fbc5b-99f1-505f-aaaa-1c682f552803,2026-05-17 10:12:00+01:00,2026-05-17 10:32:00+01:00,20,home,Munich,,DE,neighborhood,Munich,,DE,errands,,walking,,1.7,False,False,False
229c0771-d9e7-5ffb-9563-bcf77be29551,671fbc5b-99f1-505f-aaaa-1c682f552803,2026-05-18 10:10:00+01:00,2026-05-18 10:15:00+01:00,5,home,Munich,,DE,neighborhood,Munich,,DE,errands,,bicycle,,1.3,False,False,False
7189d68d-3918-5b5e-9e09-0848c9831588,671fbc5b-99f1-505f-aaaa-1c682f552803,2026-05-19 09:06:00+01:00,2026-05-19 09:10:00+01:00,4,home,Munich,,DE,neighborhood,Munich,,DE,shopping,,bicycle,,0.7,False,False,False
5c644b55-ac0d-540b-b7b9-7d460b94a363,671fbc5b-99f1-505f-aaaa-1c682f552803,2026-05-22 10:48:00+01:00,2026-05-22 11:03:00+01:00,15,home,Munich,,DE,repair_shop_area,Munich,,DE,errands,,bike_sharing,,3.8,False,False,False
ce6f185a-1bad-569e-a1ce-2ed947bcb994,671fbc5b-99f1-505f-aaaa-1c682f552803,2026-05-24 12:04:00+01:00,2026-05-24 12:28:00+01:00,24,home,Munich,,DE,neighborhood,Munich,,DE,errands,,walking,,2.0,False,False,False
bcdd51b3-4af1-53dc-9cf9-e714fd462be8,671fbc5b-99f1-505f-aaaa-1c682f552803,2026-05-27 11:22:00+01:00,2026-05-27 11:29:00+01:00,7,home,Munich,,DE,neighborhood,Munich,,DE,leisure,,bicycle,,1.8,False,False,False
05f0ff13-4f76-5c83-bf82-0cacbe8cffa1,671fbc5b-99f1-505f-aaaa-1c682f552803,2026-05-30 12:39:00+01:00,2026-05-30 12:43:00+01:00,4,home,Munich,,DE,neighborhood,Munich,,DE,errands,,bicycle,,0.7,False,False,False
f18f25d4-d12c-5628-84b7-519249f63d83,671fbc5b-99f1-505f-aaaa-1c682f552803,2026-05-31 09:41:00+01:00,2026-05-31 10:04:00+01:00,23,home,Munich,,DE,neighborhood,Munich,,DE,leisure,,walking,,1.9,False,False,False
ddd9f1be-458e-5c95-886e-c2a8e5ad71af,671fbc5b-99f1-505f-aaaa-1c682f552803,2026-06-01 11:52:00+01:00,2026-06-01 12:04:00+01:00,12,home,Munich,,DE,neighborhood,Munich,,DE,errands,,bicycle,,3.0,False,False,False
f86cef2e-03af-5042-8551-b9695b40bf0c,671fbc5b-99f1-505f-aaaa-1c682f552803,2026-06-02 10:33:00+01:00,2026-06-02 10:53:00+01:00,20,home,Munich,,DE,neighborhood,Munich,,DE,shopping,,walking,,1.7,False,False,False
283b45a6-d9ad-5026-84b7-d235bc24ec69,671fbc5b-99f1-505f-aaaa-1c682f552803,2026-06-05 11:26:00+01:00,2026-06-05 11:30:00+01:00,4,home,Munich,,DE,neighborhood,Munich,,DE,leisure,,bicycle,,0.7,False,False,False
dea967f8-435f-5f07-aa1b-173197d03508,671fbc5b-99f1-505f-aaaa-1c682f552803,2026-06-07 10:36:00+01:00,2026-06-07 10:45:00+01:00,9,home,Munich,,DE,neighborhood,Munich,,DE,errands,,bicycle,,2.3,False,False,False
99bcd7b3-bfe2-53b6-8c77-da244818e2c2,671fbc5b-99f1-505f-aaaa-1c682f552803,2026-06-10 10:40:00+01:00,2026-06-10 10:56:00+01:00,16,home,Munich,,DE,neighborhood,Munich,,DE,errands,,walking,,1.3,False,False,False
b1f92085-c68b-5cf2-b173-69dec83491de,671fbc5b-99f1-505f-aaaa-1c682f552803,2026-06-10 10:33:00+01:00,2026-06-10 10:50:00+01:00,17,home,Munich,,DE,hardware_store,Munich,,DE,shopping,,car_sharing,,8.7,False,False,False
9dcd4ef5-8311-5be5-bd6d-279836c21247,671fbc5b-99f1-505f-aaaa-1c682f552803,2026-06-12 07:32:00+01:00,2026-06-12 08:01:00+01:00,28,home,Munich,,DE,office,Munich,,DE,commute,,public_transport,,9.99,True,True,True
31e849ff-c4ec-5406-9b72-6a0b1d44ac8c,671fbc5b-99f1-505f-aaaa-1c682f552803,2026-06-12 16:45:00+01:00,2026-06-12 17:08:00+01:00,21,office,Munich,,DE,home,Munich,,DE,home_return,,public_transport,,9.34,True,True,True
ff51f438-0cc4-5e2a-9078-a7226ee95ccf,671fbc5b-99f1-505f-aaaa-1c682f552803,2026-06-13 12:13:00+01:00,2026-06-13 12:25:00+01:00,12,home,Munich,,DE,neighborhood,Munich,,DE,leisure,,walking,,1.0,False,False,False
b7b603c6-77d8-5e04-9388-78764680a69c,671fbc5b-99f1-505f-aaaa-1c682f552803,2026-06-14 09:10:00+01:00,2026-06-14 09:41:00+01:00,31,home,Munich,,DE,neighborhood,Munich,,DE,errands,,walking,,2.6,False,False,False
8013077a-015c-5c26-80a5-ee71a2ee278c,671fbc5b-99f1-505f-aaaa-1c682f552803,2026-06-15 12:59:00+01:00,2026-06-15 13:33:00+01:00,34,home,Munich,,DE,neighborhood,Munich,,DE,leisure,,walking,,2.8,False,False,False
da8485d3-bbaa-5af4-a233-275219f07a8d,671fbc5b-99f1-505f-aaaa-1c682f552803,2026-06-18 11:23:00+01:00,2026-06-18 11:31:00+01:00,8,home,Munich,,DE,neighborhood,Munich,,DE,errands,,bicycle,,1.9,False,False,False
f2d1a93b-ee25-54d3-b038-96ed7378a7ab,671fbc5b-99f1-505f-aaaa-1c682f552803,2026-06-19 12:15:00+01:00,2026-06-19 12:47:00+01:00,32,home,Munich,,DE,neighborhood,Munich,,DE,leisure,,walking,,2.7,False,False,False
08834108-9026-5427-93ea-8306ebca7604,671fbc5b-99f1-505f-aaaa-1c682f552803,2026-06-21 10:00:00+01:00,2026-06-21 10:18:00+01:00,18,home,Munich,,DE,neighborhood,Munich,,DE,leisure,,walking,,1.5,False,False,False
1c042dc7-1f59-567e-945f-f983e7082a27,671fbc5b-99f1-505f-aaaa-1c682f552803,2026-06-22 12:41:00+01:00,2026-06-22 12:47:00+01:00,6,home,Munich,,DE,neighborhood,Munich,,DE,shopping,,walking,,0.5,False,False,False
960c8d7e-def7-5ae9-a7e1-7ba87e2980b2,671fbc5b-99f1-505f-aaaa-1c682f552803,2026-06-23 10:33:00+01:00,2026-06-23 11:03:00+01:00,30,home,Munich,,DE,neighborhood,Munich,,DE,shopping,,walking,,2.5,False,False,False
e693d7ab-5f92-5872-a1df-f605d14c1e26,671fbc5b-99f1-505f-aaaa-1c682f552803,2026-06-24 11:42:00+01:00,2026-06-24 11:46:00+01:00,4,home,Munich,,DE,neighborhood,Munich,,DE,errands,,bicycle,,1.1,False,False,False
ecf7ae8f-bb2e-542b-9174-d600a2543498,671fbc5b-99f1-505f-aaaa-1c682f552803,2026-06-26 10:23:00+01:00,2026-06-26 10:27:00+01:00,4,home,Munich,,DE,neighborhood,Munich,,DE,leisure,,bicycle,,1.0,False,False,False
dab20c38-5f71-5385-b99d-17a784fec599,b31247a7-eb90-533a-bff7-1f0d37d28adc,2026-05-18 08:03:00+01:00,2026-05-18 08:25:00+01:00,19,home,Düsseldorf,,DE,office,Düsseldorf,,DE,commute,,public_transport,,6.44,True,True,True
d22728ff-7fff-577c-b309-f05e601cd244,b31247a7-eb90-533a-bff7-1f0d37d28adc,2026-05-18 15:55:00+01:00,2026-05-18 16:19:00+01:00,20,office,Düsseldorf,,DE,home,Düsseldorf,,DE,home_return,,public_transport,,6.45,True,True,True
a97fec08-01f3-5e71-9309-aa65b1b3866e,b31247a7-eb90-533a-bff7-1f0d37d28adc,2026-05-19 07:55:00+01:00,2026-05-19 08:19:00+01:00,19,home,Düsseldorf,,DE,office,Düsseldorf,,DE,commute,,public_transport,,5.94,True,True,True
b2c6cf5e-c784-5315-b170-74210d352051,b31247a7-eb90-533a-bff7-1f0d37d28adc,2026-05-19 16:05:00+01:00,2026-05-19 16:25:00+01:00,16,office,Düsseldorf,,DE,home,Düsseldorf,,DE,home_return,,public_transport,,5.73,True,True,True
cb3fc5df-d435-5bd1-b02b-17e34cdd8888,b31247a7-eb90-533a-bff7-1f0d37d28adc,2026-05-20 08:08:00+01:00,2026-05-20 08:29:00+01:00,20,home,Düsseldorf,,DE,office,Düsseldorf,,DE,commute,,public_transport,,6.18,True,True,True
39218895-44a1-515d-b964-e51b12693687,b31247a7-eb90-533a-bff7-1f0d37d28adc,2026-05-20 15:45:00+01:00,2026-05-20 16:06:00+01:00,20,office,Düsseldorf,,DE,home,Düsseldorf,,DE,home_return,,public_transport,,6.17,True,True,True
566e8491-4157-5119-a7eb-291e3617a41f,b31247a7-eb90-533a-bff7-1f0d37d28adc,2026-05-21 07:58:00+01:00,2026-05-21 08:18:00+01:00,18,home,Düsseldorf,,DE,office,Düsseldorf,,DE,commute,,public_transport,,6.38,True,True,True
08941d3a-c9e9-5ca4-a338-7a2842f695df,b31247a7-eb90-533a-bff7-1f0d37d28adc,2026-05-21 16:08:00+01:00,2026-05-21 16:25:00+01:00,15,office,Düsseldorf,,DE,home,Düsseldorf,,DE,home_return,,public_transport,,6.18,True,True,True
921ccfaf-8084-5f9c-bab2-2c75080720f9,b31247a7-eb90-533a-bff7-1f0d37d28adc,2026-05-24 12:11:00+01:00,2026-05-24 12:28:00+01:00,15,home,Düsseldorf,,DE,city_center,Düsseldorf,,DE,leisure,,public_transport,,2.46,False,True,False
b33afe9e-fa11-5872-88b8-9580df052ddd,b31247a7-eb90-533a-bff7-1f0d37d28adc,2026-05-27 08:03:00+01:00,2026-05-27 08:25:00+01:00,18,home,Düsseldorf,,DE,office,Düsseldorf,,DE,commute,,public_transport,,6.32,True,True,True
361784d8-e0f2-5ab5-b881-dba612334611,b31247a7-eb90-533a-bff7-1f0d37d28adc,2026-05-27 15:45:00+01:00,2026-05-27 16:08:00+01:00,21,office,Düsseldorf,,DE,home,Düsseldorf,,DE,home_return,,public_transport,,6.6,True,True,True
c9eb3c02-bdca-515c-ba4d-630f23546bbe,b31247a7-eb90-533a-bff7-1f0d37d28adc,2026-05-29 07:52:00+01:00,2026-05-29 08:08:00+01:00,15,home,Düsseldorf,,DE,office,Düsseldorf,,DE,commute,,public_transport,,5.51,True,True,True
d2419337-669b-52b6-b07f-f8939223a604,b31247a7-eb90-533a-bff7-1f0d37d28adc,2026-05-29 15:30:00+01:00,2026-05-29 15:51:00+01:00,19,office,Düsseldorf,,DE,home,Düsseldorf,,DE,home_return,,public_transport,,5.95,True,True,True
d7512245-40d5-5027-b63d-723f4fc84b62,b31247a7-eb90-533a-bff7-1f0d37d28adc,2026-05-30 11:17:00+01:00,2026-05-30 11:32:00+01:00,14,home,Düsseldorf,,DE,city_center,Düsseldorf,,DE,leisure,,public_transport,,2.56,False,True,False
56633a1b-d4a1-559d-aeb3-2b2c4a8a8c76,b31247a7-eb90-533a-bff7-1f0d37d28adc,2026-06-02 07:55:00+01:00,2026-06-02 08:19:00+01:00,21,home,Düsseldorf,,DE,office,Düsseldorf,,DE,commute,,public_transport,,6.77,True,True,True
aafc9469-69bf-5734-9a6c-09d6f8305aa6,b31247a7-eb90-533a-bff7-1f0d37d28adc,2026-06-02 16:14:00+01:00,2026-06-02 16:38:00+01:00,23,office,Düsseldorf,,DE,home,Düsseldorf,,DE,home_return,,public_transport,,6.82,True,True,True
12a0da95-c370-5f40-80bb-2f6c295e2af3,b31247a7-eb90-533a-bff7-1f0d37d28adc,2026-06-03 08:07:00+01:00,2026-06-03 08:31:00+01:00,19,home,Düsseldorf,,DE,office,Düsseldorf,,DE,commute,,public_transport,,6.24,True,True,True
fea39ad7-3d48-54b1-b879-735548b49351,b31247a7-eb90-533a-bff7-1f0d37d28adc,2026-06-03 15:37:00+01:00,2026-06-03 16:02:00+01:00,21,office,Düsseldorf,,DE,home,Düsseldorf,,DE,home_return,,public_transport,,6.44,True,True,True
f0287d1d-51c5-5727-aea0-0a6cc3c0e2b6,b31247a7-eb90-533a-bff7-1f0d37d28adc,2026-06-05 08:09:00+01:00,2026-06-05 08:34:00+01:00,23,home,Düsseldorf,,DE,office,Düsseldorf,,DE,commute,,public_transport,,6.29,True,True,True
e543155e-25d6-528b-b8ff-0bd64dc8daf2,b31247a7-eb90-533a-bff7-1f0d37d28adc,2026-06-05 16:01:00+01:00,2026-06-05 16:24:00+01:00,21,office,Düsseldorf,,DE,home,Düsseldorf,,DE,home_return,,public_transport,,6.09,True,True,True
fe9cf417-1acc-520c-8cff-8996f1db46be,b31247a7-eb90-533a-bff7-1f0d37d28adc,2026-06-08 07:57:00+01:00,2026-06-08 08:16:00+01:00,15,home,Düsseldorf,,DE,office,Düsseldorf,,DE,commute,,public_transport,,5.52,True,True,True
d288d905-144b-58f3-89e1-dcf1f9b00eea,b31247a7-eb90-533a-bff7-1f0d37d28adc,2026-06-08 16:21:00+01:00,2026-06-08 16:38:00+01:00,14,office,Düsseldorf,,DE,home,Düsseldorf,,DE,home_return,,public_transport,,5.49,True,True,True
bdb40583-329c-5acc-93e7-7f9c3a94737f,b31247a7-eb90-533a-bff7-1f0d37d28adc,2026-06-09 08:04:00+01:00,2026-06-09 08:23:00+01:00,16,home,Düsseldorf,,DE,office,Düsseldorf,,DE,commute,,public_transport,,5.69,True,True,True
79b1bc1b-e671-5489-a0ec-362028b6abc4,b31247a7-eb90-533a-bff7-1f0d37d28adc,2026-06-09 15:48:00+01:00,2026-06-09 16:12:00+01:00,20,office,Düsseldorf,,DE,home,Düsseldorf,,DE,home_return,,public_transport,,6.04,True,True,True
44d9358f-cfa1-5b51-a7e0-f912f4e4e7b9,b31247a7-eb90-533a-bff7-1f0d37d28adc,2026-06-10 08:13:00+01:00,2026-06-10 08:33:00+01:00,16,home,Düsseldorf,,DE,office,Düsseldorf,,DE,commute,,public_transport,,5.61,True,True,True
a0eae9df-d8b6-5f0b-b13c-1b2b2f880082,b31247a7-eb90-533a-bff7-1f0d37d28adc,2026-06-10 16:18:00+01:00,2026-06-10 16:37:00+01:00,15,office,Düsseldorf,,DE,home,Düsseldorf,,DE,home_return,,public_transport,,5.65,True,True,True
a098527d-fa8a-5664-9f1f-a32feac0f089,b31247a7-eb90-533a-bff7-1f0d37d28adc,2026-06-11 08:11:00+01:00,2026-06-11 08:34:00+01:00,22,home,Düsseldorf,,DE,office,Düsseldorf,,DE,commute,,public_transport,,7.04,True,True,True
1cb53af8-89f0-5eec-9601-ed4bac658976,b31247a7-eb90-533a-bff7-1f0d37d28adc,2026-06-11 15:45:00+01:00,2026-06-11 16:09:00+01:00,19,office,Düsseldorf,,DE,home,Düsseldorf,,DE,home_return,,public_transport,,6.71,True,True,True
3fe37c52-747f-5ddc-bb68-c03b509e6c0f,b31247a7-eb90-533a-bff7-1f0d37d28adc,2026-06-12 08:10:00+01:00,2026-06-12 08:37:00+01:00,24,home,Düsseldorf,,DE,office,Düsseldorf,,DE,commute,,public_transport,,7.01,True,True,True
6e9fcd7b-0239-5d9c-a771-0a3fd38673cb,b31247a7-eb90-533a-bff7-1f0d37d28adc,2026-06-12 16:16:00+01:00,2026-06-12 16:38:00+01:00,19,office,Düsseldorf,,DE,home,Düsseldorf,,DE,home_return,,public_transport,,6.64,True,True,True
c77cd84f-60ec-5442-b6f8-006efd2e648f,b31247a7-eb90-533a-bff7-1f0d37d28adc,2026-06-15 08:03:00+01:00,2026-06-15 08:28:00+01:00,21,home,Düsseldorf,,DE,office,Düsseldorf,,DE,commute,,public_transport,,6.9,True,True,True
7ffb840c-6ea8-5109-a5ed-29868791f8a4,b31247a7-eb90-533a-bff7-1f0d37d28adc,2026-06-15 16:23:00+01:00,2026-06-15 16:48:00+01:00,20,office,Düsseldorf,,DE,home,Düsseldorf,,DE,home_return,,public_transport,,6.8,True,True,True
23ed4283-8019-5237-b488-7421b26d0a21,b31247a7-eb90-533a-bff7-1f0d37d28adc,2026-06-16 08:01:00+01:00,2026-06-16 08:28:00+01:00,22,home,Düsseldorf,,DE,office,Düsseldorf,,DE,commute,,public_transport,,6.96,True,True,True
4c5b6baf-d9e3-5c64-a761-3098510f3171,b31247a7-eb90-533a-bff7-1f0d37d28adc,2026-06-16 16:22:00+01:00,2026-06-16 16:50:00+01:00,23,office,Düsseldorf,,DE,home,Düsseldorf,,DE,home_return,,public_transport,,6.99,True,True,True
392d79b4-c952-50b6-b9ad-40aa633f9675,b31247a7-eb90-533a-bff7-1f0d37d28adc,2026-06-17 07:58:00+01:00,2026-06-17 08:16:00+01:00,16,home,Düsseldorf,,DE,office,Düsseldorf,,DE,commute,,public_transport,,5.73,True,True,True
e1bf4106-fffd-5c6f-a281-efc8ae3bd760,b31247a7-eb90-533a-bff7-1f0d37d28adc,2026-06-17 16:17:00+01:00,2026-06-17 16:38:00+01:00,17,office,Düsseldorf,,DE,home,Düsseldorf,,DE,home_return,,public_transport,,5.79,True,True,True
18bddeb9-9114-51bb-8e03-9a0298da8dd8,b31247a7-eb90-533a-bff7-1f0d37d28adc,2026-06-18 08:03:00+01:00,2026-06-18 08:27:00+01:00,23,home,Düsseldorf,,DE,office,Düsseldorf,,DE,commute,,public_transport,,6.75,True,True,True
2f901df2-d9ef-5414-890d-5af41c771b2b,b31247a7-eb90-533a-bff7-1f0d37d28adc,2026-06-18 16:28:00+01:00,2026-06-18 16:55:00+01:00,22,office,Düsseldorf,,DE,home,Düsseldorf,,DE,home_return,,public_transport,,6.76,True,True,True
c6c9bf6e-c654-59c0-bd6e-2ee22b3fe9b8,b31247a7-eb90-533a-bff7-1f0d37d28adc,2026-06-19 08:07:00+01:00,2026-06-19 08:31:00+01:00,20,home,Düsseldorf,,DE,office,Düsseldorf,,DE,commute,,public_transport,,5.94,True,True,True
3ef6d7f6-51d5-5b26-a9de-f364e4ae4095,b31247a7-eb90-533a-bff7-1f0d37d28adc,2026-06-19 16:28:00+01:00,2026-06-19 16:47:00+01:00,17,office,Düsseldorf,,DE,home,Düsseldorf,,DE,home_return,,public_transport,,5.75,True,True,True
1880e3ee-b822-5a9c-a169-9407112d1e32,b31247a7-eb90-533a-bff7-1f0d37d28adc,2026-06-22 07:50:00+01:00,2026-06-22 08:12:00+01:00,20,home,Düsseldorf,,DE,office,Düsseldorf,,DE,commute,,public_transport,,6.41,True,True,True
b64c44ea-0cd6-544d-9ca5-31656e655570,b31247a7-eb90-533a-bff7-1f0d37d28adc,2026-06-22 16:15:00+01:00,2026-06-22 16:36:00+01:00,17,office,Düsseldorf,,DE,home,Düsseldorf,,DE,home_return,,public_transport,,6.13,True,True,True
b822f09a-aeb8-5e51-8de4-b474eae778ca,b31247a7-eb90-533a-bff7-1f0d37d28adc,2026-06-23 07:49:00+01:00,2026-06-23 08:10:00+01:00,17,home,Düsseldorf,,DE,office,Düsseldorf,,DE,commute,,public_transport,,6.16,True,True,True
63c9b42d-1a82-5ca2-8abb-313ecf29eea5,b31247a7-eb90-533a-bff7-1f0d37d28adc,2026-06-23 16:04:00+01:00,2026-06-23 16:28:00+01:00,19,office,Düsseldorf,,DE,home,Düsseldorf,,DE,home_return,,public_transport,,6.31,True,True,True
0a8c2373-5be8-5c89-b11a-a885c24d8708,b31247a7-eb90-533a-bff7-1f0d37d28adc,2026-06-24 07:46:00+01:00,2026-06-24 08:06:00+01:00,18,home,Düsseldorf,,DE,office,Düsseldorf,,DE,commute,,public_transport,,6.09,True,True,True
ec66bb98-ddab-5668-ac84-4395d2074130,b31247a7-eb90-533a-bff7-1f0d37d28adc,2026-06-24 15:46:00+01:00,2026-06-24 16:07:00+01:00,18,office,Düsseldorf,,DE,home,Düsseldorf,,DE,home_return,,public_transport,,6.12,True,True,True
54034921-01bd-56ad-9c15-ae32e080fce3,b31247a7-eb90-533a-bff7-1f0d37d28adc,2026-06-26 08:15:00+01:00,2026-06-26 08:36:00+01:00,18,home,Düsseldorf,,DE,office,Düsseldorf,,DE,commute,,public_transport,,6.64,True,True,True
5a87c1d6-a32f-5f9a-b9df-b4d77f021566,b31247a7-eb90-533a-bff7-1f0d37d28adc,2026-06-26 16:13:00+01:00,2026-06-26 16:34:00+01:00,17,office,Düsseldorf,,DE,home,Düsseldorf,,DE,home_return,,public_transport,,6.61,True,True,True
9c8c0ae8-e418-5b0b-9354-ea7deefc936a,b31247a7-eb90-533a-bff7-1f0d37d28adc,2026-06-28 12:19:00+01:00,2026-06-28 12:35:00+01:00,14,home,Düsseldorf,,DE,city_center,Düsseldorf,,DE,leisure,,public_transport,,1.74,False,True,False
9f5938ef-f6a5-50e5-8258-b538f9321826,b31247a7-eb90-533a-bff7-1f0d37d28adc,2026-06-29 07:46:00+01:00,2026-06-29 08:04:00+01:00,17,home,Düsseldorf,,DE,office,Düsseldorf,,DE,commute,,public_transport,,6.48,True,True,True
bb5041c8-63ad-5ee1-94ad-b2ea3f7a4629,b31247a7-eb90-533a-bff7-1f0d37d28adc,2026-06-29 15:38:00+01:00,2026-06-29 16:02:00+01:00,21,office,Düsseldorf,,DE,home,Düsseldorf,,DE,home_return,,public_transport,,6.8,True,True,True
423deba7-409a-5e3c-8e40-0eee23edf2b6,99cb2bd6-228b-566d-a250-16290da30521,2024-07-04 15:46:00+01:00,2024-07-04 16:09:00+01:00,23,home,Stuttgart,,DE,supermarket,Stuttgart,,DE,shopping,,car_sharing,,11.7,False,False,False
f7738178-3fe8-5d39-915e-a2da65cbaeda,99cb2bd6-228b-566d-a250-16290da30521,2024-07-05 08:08:00+01:00,2024-07-05 08:35:00+01:00,23,home,Stuttgart,,DE,office,Stuttgart,,DE,commute,,public_transport,,7.87,True,True,True
ae4a7356-20aa-5ca4-a20a-e5748ca43c45,99cb2bd6-228b-566d-a250-16290da30521,2024-07-05 14:24:00+01:00,2024-07-05 14:47:00+01:00,20,office,Stuttgart,,DE,home,Stuttgart,,DE,home_return,,public_transport,,7.54,True,True,True
82a31fe9-9c0f-5cf7-ab84-dcb19297c20f,99cb2bd6-228b-566d-a250-16290da30521,2024-07-06 11:54:00+01:00,2024-07-06 12:07:00+01:00,13,home,Stuttgart,,DE,family_outing_spot,Stuttgart,,DE,leisure,,car_sharing,,6.6,False,False,False
7bb9951a-acaf-53e2-8a35-0c520e8413f6,99cb2bd6-228b-566d-a250-16290da30521,2024-07-07 11:00:00+01:00,2024-07-07 11:25:00+01:00,25,home,Stuttgart,,DE,family_outing_spot,Stuttgart,,DE,social,,car_sharing,,12.7,False,False,False
c5a719ff-5f69-52ed-8c04-954b063b2596,99cb2bd6-228b-566d-a250-16290da30521,2024-07-07 10:46:00+01:00,2024-07-07 11:03:00+01:00,17,home,Stuttgart,,DE,park,Stuttgart,,DE,leisure,,bicycle,,4.2,False,False,False
8652afaf-ec71-5169-b6dc-1daaa4186f08,99cb2bd6-228b-566d-a250-16290da30521,2024-07-09 06:55:00+01:00,2024-07-09 07:03:00+01:00,8,home,Stuttgart,,DE,school,Stuttgart,,DE,childcare,,bicycle,,1.9,False,False,False
ac8c5b63-c98b-5138-ae66-77ac63f2c0f0,99cb2bd6-228b-566d-a250-16290da30521,2024-07-11 06:49:00+01:00,2024-07-11 06:56:00+01:00,7,home,Stuttgart,,DE,school,Stuttgart,,DE,childcare,,bicycle,,1.7,False,False,False
3797b4dd-9062-5365-9852-5cc2b515d59e,99cb2bd6-228b-566d-a250-16290da30521,2024-07-12 07:43:00+01:00,2024-07-12 07:47:00+01:00,4,home,Stuttgart,,DE,school,Stuttgart,,DE,childcare,,bicycle,,0.9,False,False,False
3d7ffb72-f115-550b-b894-9577e7dcebbe,99cb2bd6-228b-566d-a250-16290da30521,2024-07-12 08:14:00+01:00,2024-07-12 08:42:00+01:00,25,home,Stuttgart,,DE,office,Stuttgart,,DE,commute,,public_transport,,8.25,True,True,True
7a0d44b4-08d8-5d43-b18e-c22f20caeb65,99cb2bd6-228b-566d-a250-16290da30521,2024-07-12 13:43:00+01:00,2024-07-12 14:11:00+01:00,23,office,Stuttgart,,DE,home,Stuttgart,,DE,home_return,,public_transport,,8.1,True,True,True
30f3d04d-af62-5c10-b2cf-09190e1a5de9,99cb2bd6-228b-566d-a250-16290da30521,2024-07-14 11:52:00+01:00,2024-07-14 12:27:00+01:00,35,home,Stuttgart,,DE,family_outing_spot,Stuttgart,,DE,social,,car_sharing,,17.7,False,False,False
c0cc6a73-1330-5fcb-99af-104e13e280b1,99cb2bd6-228b-566d-a250-16290da30521,2024-07-15 15:54:00+01:00,2024-07-15 16:04:00+01:00,10,home,Stuttgart,,DE,supermarket,Stuttgart,,DE,shopping,,car_sharing,,4.9,False,False,False
9753c59b-06d1-50ea-895a-232d76a57595,99cb2bd6-228b-566d-a250-16290da30521,2024-07-19 08:20:00+01:00,2024-07-19 08:43:00+01:00,20,home,Stuttgart,,DE,office,Stuttgart,,DE,commute,,public_transport,,7.51,True,True,True
a4284c2b-8868-55bd-90aa-6b38d1d074b1,99cb2bd6-228b-566d-a250-16290da30521,2024-07-19 14:26:00+01:00,2024-07-19 14:51:00+01:00,20,office,Stuttgart,,DE,home,Stuttgart,,DE,home_return,,public_transport,,7.5,True,True,True
8ac903f6-8f64-5e0d-b511-6147c6bf996b,99cb2bd6-228b-566d-a250-16290da30521,2024-07-20 10:32:00+01:00,2024-07-20 10:47:00+01:00,15,home,Stuttgart,,DE,family_outing_spot,Stuttgart,,DE,social,,car_sharing,,7.5,False,False,False
f87dc4fc-83b5-5ac2-8724-654fa3f3bf1b,99cb2bd6-228b-566d-a250-16290da30521,2024-07-21 09:11:00+01:00,2024-07-21 09:19:00+01:00,8,home,Stuttgart,,DE,park,Stuttgart,,DE,leisure,,bicycle,,1.9,False,False,False
26e87bb2-8b13-5cf2-88bc-05891851ba92,99cb2bd6-228b-566d-a250-16290da30521,2024-07-22 16:09:00+01:00,2024-07-22 16:24:00+01:00,15,home,Stuttgart,,DE,supermarket,Stuttgart,,DE,shopping,,car_sharing,,7.7,False,False,False
739cce3d-a96b-5c20-9603-c83483b41c49,99cb2bd6-228b-566d-a250-16290da30521,2024-07-23 06:54:00+01:00,2024-07-23 06:58:00+01:00,4,home,Stuttgart,,DE,school,Stuttgart,,DE,childcare,,bicycle,,1.1,False,False,False
d30be676-053d-5f0f-b062-47455b77d653,99cb2bd6-228b-566d-a250-16290da30521,2024-07-24 15:53:00+01:00,2024-07-24 16:07:00+01:00,14,home,Stuttgart,,DE,supermarket,Stuttgart,,DE,shopping,,car_sharing,,6.9,False,False,False
84573d31-34b4-52e6-8213-300b78b46d27,99cb2bd6-228b-566d-a250-16290da30521,2024-07-25 08:12:00+01:00,2024-07-25 08:40:00+01:00,23,home,Stuttgart,,DE,office,Stuttgart,,DE,commute,,public_transport,,7.72,True,True,True
3b8dd4d6-4924-5700-bb2a-ae5fe9cc536c,99cb2bd6-228b-566d-a250-16290da30521,2024-07-25 13:42:00+01:00,2024-07-25 14:06:00+01:00,22,office,Stuttgart,,DE,home,Stuttgart,,DE,home_return,,public_transport,,7.68,True,True,True
21cd09ca-88de-589d-8e80-b71be95cd4dc,99cb2bd6-228b-566d-a250-16290da30521,2024-07-27 09:20:00+01:00,2024-07-27 09:33:00+01:00,13,home,Stuttgart,,DE,park,Stuttgart,,DE,leisure,,bicycle,,3.3,False,False,False
f70db4ef-b80e-57f9-ab9b-135981897eb3,99cb2bd6-228b-566d-a250-16290da30521,2024-07-28 09:03:00+01:00,2024-07-28 09:21:00+01:00,18,home,Stuttgart,,DE,park,Stuttgart,,DE,leisure,,bicycle,,4.6,False,False,False
0ba33ea9-7c8e-595c-a8d9-80a78c02fc0e,99cb2bd6-228b-566d-a250-16290da30521,2024-07-31 15:58:00+01:00,2024-07-31 16:19:00+01:00,21,home,Stuttgart,,DE,supermarket,Stuttgart,,DE,shopping,,car_sharing,,10.6,False,False,False
3e60928f-4b15-508f-98e0-c7971c7e9e73,99cb2bd6-228b-566d-a250-16290da30521,2024-08-01 07:30:00+01:00,2024-08-01 07:36:00+01:00,6,home,Stuttgart,,DE,school,Stuttgart,,DE,childcare,,bicycle,,1.4,False,False,False
277fb7f2-14dd-584c-bec9-aa9ce8f4064e,99cb2bd6-228b-566d-a250-16290da30521,2024-08-02 07:22:00+01:00,2024-08-02 07:26:00+01:00,4,home,Stuttgart,,DE,school,Stuttgart,,DE,childcare,,bicycle,,0.9,False,False,False
ea172c65-d984-542c-ad79-b5584a8bc8f6,99cb2bd6-228b-566d-a250-16290da30521,2024-08-02 15:39:00+01:00,2024-08-02 15:55:00+01:00,16,home,Stuttgart,,DE,supermarket,Stuttgart,,DE,shopping,,car_sharing,,7.9,False,False,False
face6121-05bd-5bfa-b7d2-2bcda6ed87aa,99cb2bd6-228b-566d-a250-16290da30521,2024-08-03 11:45:00+01:00,2024-08-03 12:06:00+01:00,21,home,Stuttgart,,DE,family_outing_spot,Stuttgart,,DE,errands,,car_sharing,,10.7,False,False,False
79fd807a-d076-5cc9-92ea-2808176b6add,99cb2bd6-228b-566d-a250-16290da30521,2024-08-05 06:34:00+01:00,2024-08-05 06:40:00+01:00,6,home,Stuttgart,,DE,school,Stuttgart,,DE,childcare,,bicycle,,1.4,False,False,False
265ee7f1-e29d-5e07-958f-48201e2c48e1,99cb2bd6-228b-566d-a250-16290da30521,2024-08-05 15:37:00+01:00,2024-08-05 15:55:00+01:00,18,home,Stuttgart,,DE,supermarket,Stuttgart,,DE,shopping,,car_sharing,,8.9,False,False,False
79e7053b-ffcf-54cc-96bc-708709e1be98,99cb2bd6-228b-566d-a250-16290da30521,2024-08-08 08:07:00+01:00,2024-08-08 08:33:00+01:00,21,home,Stuttgart,,DE,office,Stuttgart,,DE,commute,,public_transport,,8.2,True,True,True
bab2cf44-7328-5d05-b5e6-e4916cfc48ab,99cb2bd6-228b-566d-a250-16290da30521,2024-08-08 13:58:00+01:00,2024-08-08 14:26:00+01:00,25,office,Stuttgart,,DE,home,Stuttgart,,DE,home_return,,public_transport,,8.52,True,True,True
6aed336f-5f54-5d2f-b834-3183f85a9256,99cb2bd6-228b-566d-a250-16290da30521,2024-08-09 15:56:00+01:00,2024-08-09 16:16:00+01:00,20,home,Stuttgart,,DE,supermarket,Stuttgart,,DE,shopping,,car_sharing,,10.1,False,False,False
6ef2debc-e2ac-54a3-8dcf-46e814324750,99cb2bd6-228b-566d-a250-16290da30521,2024-08-10 11:44:00+01:00,2024-08-10 12:12:00+01:00,28,home,Stuttgart,,DE,family_outing_spot,Stuttgart,,DE,leisure,,car_sharing,,13.9,False,False,False
4dad4bb4-66cd-51c4-9f0b-951424103112,99cb2bd6-228b-566d-a250-16290da30521,2024-08-11 09:26:00+01:00,2024-08-11 09:37:00+01:00,11,home,Stuttgart,,DE,park,Stuttgart,,DE,leisure,,bicycle,,2.8,False,False,False
75a0c6fd-7c87-59eb-bb75-d23b47204bd2,99cb2bd6-228b-566d-a250-16290da30521,2024-08-12 06:56:00+01:00,2024-08-12 07:02:00+01:00,6,home,Stuttgart,,DE,school,Stuttgart,,DE,childcare,,bicycle,,1.6,False,False,False
8a04f51d-30d8-5fd0-afa0-b4edc851a528,99cb2bd6-228b-566d-a250-16290da30521,2024-08-12 08:03:00+01:00,2024-08-12 08:27:00+01:00,20,home,Stuttgart,,DE,office,Stuttgart,,DE,commute,,public_transport,,7.82,True,True,True
968b1254-9686-592d-97fb-3bc3c53b3af2,99cb2bd6-228b-566d-a250-16290da30521,2024-08-12 14:22:00+01:00,2024-08-12 14:49:00+01:00,22,office,Stuttgart,,DE,home,Stuttgart,,DE,home_return,,public_transport,,7.91,True,True,True
85f5f119-0322-5e97-a796-48503d77003b,99cb2bd6-228b-566d-a250-16290da30521,2024-08-14 16:13:00+01:00,2024-08-14 16:30:00+01:00,17,home,Stuttgart,,DE,supermarket,Stuttgart,,DE,shopping,,car_sharing,,8.3,False,False,False
a7bf9e7a-1701-5816-99c0-7c693670a304,99cb2bd6-228b-566d-a250-16290da30521,2024-08-15 07:40:00+01:00,2024-08-15 07:47:00+01:00,7,home,Stuttgart,,DE,school,Stuttgart,,DE,childcare,,bicycle,,1.7,False,False,False
b5a46c06-6695-5141-bc50-b1185faa0b2a,99cb2bd6-228b-566d-a250-16290da30521,2024-08-16 07:24:00+01:00,2024-08-16 07:32:00+01:00,8,home,Stuttgart,,DE,school,Stuttgart,,DE,childcare,,bicycle,,2.0,False,False,False
348982e1-f9a1-5a5d-a18b-87c62eca7926,99cb2bd6-228b-566d-a250-16290da30521,2024-08-17 11:40:00+01:00,2024-08-17 12:09:00+01:00,29,home,Stuttgart,,DE,family_outing_spot,Stuttgart,,DE,social,,car_sharing,,14.7,False,False,False
837ed28d-f315-5ffb-b3dc-c390029a1582,99cb2bd6-228b-566d-a250-16290da30521,2024-08-18 11:45:00+01:00,2024-08-18 12:19:00+01:00,34,home,Stuttgart,,DE,family_outing_spot,Stuttgart,,DE,social,,car_sharing,,17.1,False,False,False
188942c4-1d36-5329-a22f-1ad6997db4e2,99cb2bd6-228b-566d-a250-16290da30521,2024-08-20 07:13:00+01:00,2024-08-20 07:17:00+01:00,4,home,Stuttgart,,DE,school,Stuttgart,,DE,childcare,,bicycle,,1.0,False,False,False
fed4f046-8456-5f1e-a837-e4b96bc33391,99cb2bd6-228b-566d-a250-16290da30521,2024-08-21 07:54:00+01:00,2024-08-21 08:24:00+01:00,25,home,Stuttgart,,DE,office,Stuttgart,,DE,commute,,public_transport,,8.1,True,True,True
8e71fe4e-6c6b-58c5-baa0-12ece85a1417,99cb2bd6-228b-566d-a250-16290da30521,2024-08-21 14:24:00+01:00,2024-08-21 14:51:00+01:00,23,office,Stuttgart,,DE,home,Stuttgart,,DE,home_return,,public_transport,,7.96,True,True,True
96fd0bc9-264c-5d70-bb5b-7044b9745b8e,99cb2bd6-228b-566d-a250-16290da30521,2024-08-21 15:56:00+01:00,2024-08-21 16:08:00+01:00,12,home,Stuttgart,,DE,supermarket,Stuttgart,,DE,shopping,,car_sharing,,5.8,False,False,False
6c205b41-e0ce-554c-8d53-f6e37cea715f,99cb2bd6-228b-566d-a250-16290da30521,2024-08-24 10:01:00+01:00,2024-08-24 10:22:00+01:00,21,home,Stuttgart,,DE,family_outing_spot,Stuttgart,,DE,errands,,car_sharing,,10.3,False,False,False
38281b49-db8d-5a3a-b70b-d5998155eb53,99cb2bd6-228b-566d-a250-16290da30521,2024-08-27 07:35:00+01:00,2024-08-27 07:40:00+01:00,5,home,Stuttgart,,DE,school,Stuttgart,,DE,childcare,,bicycle,,1.3,False,False,False
3d54f972-b0f1-54b5-a29f-b2000b6ba9fe,99cb2bd6-228b-566d-a250-16290da30521,2024-08-28 07:45:00+01:00,2024-08-28 08:08:00+01:00,21,home,Stuttgart,,DE,office,Stuttgart,,DE,commute,,public_transport,,7.34,True,True,True
37ea7129-387f-53a8-ad14-4bbfdea5e932,99cb2bd6-228b-566d-a250-16290da30521,2024-08-28 14:15:00+01:00,2024-08-28 14:37:00+01:00,19,office,Stuttgart,,DE,home,Stuttgart,,DE,home_return,,public_transport,,7.14,True,True,True
de902647-b059-57bb-8fb5-4e44217e6b29,99cb2bd6-228b-566d-a250-16290da30521,2024-08-29 06:54:00+01:00,2024-08-29 07:03:00+01:00,9,home,Stuttgart,,DE,school,Stuttgart,,DE,childcare,,bicycle,,2.2,False,False,False
d46e270b-9f30-50f0-940f-fb096711d974,99cb2bd6-228b-566d-a250-16290da30521,2024-09-02 07:11:00+01:00,2024-09-02 07:17:00+01:00,6,home,Stuttgart,,DE,school,Stuttgart,,DE,childcare,,bicycle,,1.6,False,False,False
01dfa8cc-6355-52ed-b50b-83eeaf861f5b,99cb2bd6-228b-566d-a250-16290da30521,2024-09-03 16:10:00+01:00,2024-09-03 16:17:00+01:00,7,home,Stuttgart,,DE,supermarket,Stuttgart,,DE,shopping,,car_sharing,,3.3,False,False,False
657081a9-bc2d-5cee-96e1-4c179881a02b,99cb2bd6-228b-566d-a250-16290da30521,2024-09-05 07:59:00+01:00,2024-09-05 08:23:00+01:00,21,home,Stuttgart,,DE,office,Stuttgart,,DE,commute,,public_transport,,8.01,True,True,True
6e139c07-a879-58ea-b30b-534e1e3d76bf,99cb2bd6-228b-566d-a250-16290da30521,2024-09-05 13:48:00+01:00,2024-09-05 14:18:00+01:00,25,office,Stuttgart,,DE,home,Stuttgart,,DE,home_return,,public_transport,,8.3,True,True,True
aa2dc98a-8a27-5c7c-9e95-06c7e7ae6759,99cb2bd6-228b-566d-a250-16290da30521,2024-09-05 15:44:00+01:00,2024-09-05 16:04:00+01:00,20,home,Stuttgart,,DE,supermarket,Stuttgart,,DE,shopping,,car_sharing,,9.9,False,False,False
2953d783-b39e-5973-be07-a8aba3fd2193,99cb2bd6-228b-566d-a250-16290da30521,2024-09-06 06:53:00+01:00,2024-09-06 07:01:00+01:00,8,home,Stuttgart,,DE,school,Stuttgart,,DE,childcare,,bicycle,,2.0,False,False,False
13a2273b-a0bf-58d3-932a-4fd6e1eb812b,99cb2bd6-228b-566d-a250-16290da30521,2024-09-06 07:48:00+01:00,2024-09-06 08:13:00+01:00,21,home,Stuttgart,,DE,office,Stuttgart,,DE,commute,,public_transport,,7.4,True,True,True
9a374531-a7b6-5d77-b106-ada1698cd091,99cb2bd6-228b-566d-a250-16290da30521,2024-09-06 13:43:00+01:00,2024-09-06 14:06:00+01:00,19,office,Stuttgart,,DE,home,Stuttgart,,DE,home_return,,public_transport,,7.3,True,True,True
8c27188a-8426-5144-af6a-3d24a1d69e49,99cb2bd6-228b-566d-a250-16290da30521,2024-09-07 10:18:00+01:00,2024-09-07 10:55:00+01:00,37,home,Stuttgart,,DE,family_outing_spot,Stuttgart,,DE,social,,car_sharing,,18.7,False,False,False
0015a887-9c58-5d01-a05b-f43f37e6c55f,99cb2bd6-228b-566d-a250-16290da30521,2024-09-07 10:11:00+01:00,2024-09-07 10:23:00+01:00,12,home,Stuttgart,,DE,park,Stuttgart,,DE,leisure,,bicycle,,3.0,False,False,False
a7dbc302-3d7f-5fdb-83a1-eba586fb3ac9,99cb2bd6-228b-566d-a250-16290da30521,2024-09-08 11:46:00+01:00,2024-09-08 11:57:00+01:00,11,home,Stuttgart,,DE,family_outing_spot,Stuttgart,,DE,social,,car_sharing,,5.6,False,False,False
60aff634-65d0-575f-9515-d8369fc75851,99cb2bd6-228b-566d-a250-16290da30521,2024-09-10 07:45:00+01:00,2024-09-10 08:09:00+01:00,21,home,Stuttgart,,DE,office,Stuttgart,,DE,commute,,public_transport,,7.38,True,True,True
3a679fee-b4e6-536f-9e9b-ed683a346302,99cb2bd6-228b-566d-a250-16290da30521,2024-09-10 13:52:00+01:00,2024-09-10 14:14:00+01:00,20,office,Stuttgart,,DE,home,Stuttgart,,DE,home_return,,public_transport,,7.28,True,True,True
688b94e9-8467-55de-aec9-58fd4f3fa4b3,99cb2bd6-228b-566d-a250-16290da30521,2024-09-11 06:41:00+01:00,2024-09-11 06:47:00+01:00,6,home,Stuttgart,,DE,school,Stuttgart,,DE,childcare,,bicycle,,1.5,False,False,False
4112b944-0910-5bc1-bd60-c754a3d9397a,99cb2bd6-228b-566d-a250-16290da30521,2024-09-12 08:02:00+01:00,2024-09-12 08:28:00+01:00,21,home,Stuttgart,,DE,office,Stuttgart,,DE,commute,,public_transport,,8.06,True,True,True
3e6bd456-a310-5a25-8c3d-3f349d12015e,99cb2bd6-228b-566d-a250-16290da30521,2024-09-12 13:35:00+01:00,2024-09-12 14:00:00+01:00,20,office,Stuttgart,,DE,home,Stuttgart,,DE,home_return,,public_transport,,7.96,True,True,True
a2202c99-635a-51b5-9550-fd6371327ceb,99cb2bd6-228b-566d-a250-16290da30521,2024-09-12 15:30:00+01:00,2024-09-12 15:36:00+01:00,6,home,Stuttgart,,DE,supermarket,Stuttgart,,DE,shopping,,car_sharing,,3.0,False,False,False
ab4babd2-94cc-55a6-81c5-c65cee6b5f02,99cb2bd6-228b-566d-a250-16290da30521,2024-09-13 08:05:00+01:00,2024-09-13 08:30:00+01:00,22,home,Stuttgart,,DE,office,Stuttgart,,DE,commute,,public_transport,,8.02,True,True,True
930e5ca8-6a72-54fd-9074-04c72abd7299,99cb2bd6-228b-566d-a250-16290da30521,2024-09-13 13:36:00+01:00,2024-09-13 14:03:00+01:00,24,office,Stuttgart,,DE,home,Stuttgart,,DE,home_return,,public_transport,,8.21,True,True,True
b3090760-a46c-52f3-b5a5-85a36e7fdffa,99cb2bd6-228b-566d-a250-16290da30521,2024-09-15 11:02:00+01:00,2024-09-15 11:29:00+01:00,27,home,Stuttgart,,DE,family_outing_spot,Stuttgart,,DE,social,,car_sharing,,13.4,False,False,False
eceeb53c-1167-5cdd-b9e4-edde0d92fad7,99cb2bd6-228b-566d-a250-16290da30521,2024-09-15 09:16:00+01:00,2024-09-15 09:32:00+01:00,16,home,Stuttgart,,DE,park,Stuttgart,,DE,leisure,,bicycle,,3.9,False,False,False
64eb48d3-f49a-5774-bb2e-7e23a9f75342,99cb2bd6-228b-566d-a250-16290da30521,2024-09-16 08:20:00+01:00,2024-09-16 08:45:00+01:00,24,home,Stuttgart,,DE,office,Stuttgart,,DE,commute,,public_transport,,7.98,True,True,True
dbe40857-4764-59d6-98a4-78c101b142d8,99cb2bd6-228b-566d-a250-16290da30521,2024-09-16 13:57:00+01:00,2024-09-16 14:19:00+01:00,21,office,Stuttgart,,DE,home,Stuttgart,,DE,home_return,,public_transport,,7.75,True,True,True
7be6db6b-b76c-5afb-9d79-50a5019e45b3,99cb2bd6-228b-566d-a250-16290da30521,2024-09-17 06:29:00+01:00,2024-09-17 06:37:00+01:00,8,home,Stuttgart,,DE,school,Stuttgart,,DE,childcare,,bicycle,,1.9,False,False,False
abcc7a4a-d130-5de8-a099-5a376acc367a,99cb2bd6-228b-566d-a250-16290da30521,2024-09-17 08:09:00+01:00,2024-09-17 08:34:00+01:00,21,home,Stuttgart,,DE,office,Stuttgart,,DE,commute,,public_transport,,7.7,True,True,True
21598666-6b5a-51ff-8a7c-3dd98c42e1e6,99cb2bd6-228b-566d-a250-16290da30521,2024-09-17 14:30:00+01:00,2024-09-17 14:53:00+01:00,20,office,Stuttgart,,DE,home,Stuttgart,,DE,home_return,,public_transport,,7.59,True,True,True
115508c5-1581-5f85-acc5-d28b044236d0,99cb2bd6-228b-566d-a250-16290da30521,2024-09-18 06:19:00+01:00,2024-09-18 06:27:00+01:00,8,home,Stuttgart,,DE,school,Stuttgart,,DE,childcare,,bicycle,,1.9,False,False,False
69989496-df9c-551a-84e5-ef2b2525f9e6,99cb2bd6-228b-566d-a250-16290da30521,2024-09-18 15:44:00+01:00,2024-09-18 16:02:00+01:00,18,home,Stuttgart,,DE,supermarket,Stuttgart,,DE,shopping,,car_sharing,,9.1,False,False,False
e5dd0e18-53c0-538b-84b1-3ba82e8d8fb6,99cb2bd6-228b-566d-a250-16290da30521,2024-09-19 06:41:00+01:00,2024-09-19 06:45:00+01:00,4,home,Stuttgart,,DE,school,Stuttgart,,DE,childcare,,bicycle,,0.9,False,False,False
37c48729-5776-50ca-af12-cfbc54edcb3f,99cb2bd6-228b-566d-a250-16290da30521,2024-09-20 07:41:00+01:00,2024-09-20 08:08:00+01:00,22,home,Stuttgart,,DE,office,Stuttgart,,DE,commute,,public_transport,,7.94,True,True,True
28d5fdd5-802d-5663-a827-9d97d4a035e9,99cb2bd6-228b-566d-a250-16290da30521,2024-09-20 13:39:00+01:00,2024-09-20 14:02:00+01:00,19,office,Stuttgart,,DE,home,Stuttgart,,DE,home_return,,public_transport,,7.72,True,True,True
61b33c88-f4ba-5754-a510-b1cbabec54c8,99cb2bd6-228b-566d-a250-16290da30521,2024-09-20 15:43:00+01:00,2024-09-20 16:00:00+01:00,17,home,Stuttgart,,DE,supermarket,Stuttgart,,DE,shopping,,car_sharing,,8.6,False,False,False
f0c666d7-656b-5bc7-b6ae-398d09f2a1e5,99cb2bd6-228b-566d-a250-16290da30521,2024-09-21 09:50:00+01:00,2024-09-21 09:59:00+01:00,9,home,Stuttgart,,DE,park,Stuttgart,,DE,leisure,,bicycle,,2.2,False,False,False
5242b0f1-d84d-5b3a-a809-0252017d3af6,99cb2bd6-228b-566d-a250-16290da30521,2024-09-22 11:44:00+01:00,2024-09-22 12:03:00+01:00,19,home,Stuttgart,,DE,family_outing_spot,Stuttgart,,DE,errands,,car_sharing,,9.6,False,False,False
6d42aebd-e073-5d5b-be39-5ce055750ead,99cb2bd6-228b-566d-a250-16290da30521,2024-09-23 07:03:00+01:00,2024-09-23 07:11:00+01:00,8,home,Stuttgart,,DE,school,Stuttgart,,DE,childcare,,bicycle,,1.9,False,False,False
5127fa6c-22c2-562e-822f-cffd2237429e,99cb2bd6-228b-566d-a250-16290da30521,2024-09-24 07:03:00+01:00,2024-09-24 07:11:00+01:00,8,home,Stuttgart,,DE,school,Stuttgart,,DE,childcare,,bicycle,,2.1,False,False,False
d0b2c724-745d-5685-a1dc-3866815d6f6f,99cb2bd6-228b-566d-a250-16290da30521,2024-09-26 06:48:00+01:00,2024-09-26 06:56:00+01:00,8,home,Stuttgart,,DE,school,Stuttgart,,DE,childcare,,bicycle,,2.0,False,False,False
4114ee30-eb1e-5ca8-8529-ecd937a908eb,99cb2bd6-228b-566d-a250-16290da30521,2024-09-26 07:53:00+01:00,2024-09-26 08:20:00+01:00,22,home,Stuttgart,,DE,office,Stuttgart,,DE,commute,,public_transport,,7.28,True,True,True
29168217-19b3-5599-8a75-c6ed672738eb,99cb2bd6-228b-566d-a250-16290da30521,2024-09-26 13:41:00+01:00,2024-09-26 14:03:00+01:00,21,office,Stuttgart,,DE,home,Stuttgart,,DE,home_return,,public_transport,,7.18,True,True,True
376dc336-6f21-59f2-b10e-6f0738c8a1d6,99cb2bd6-228b-566d-a250-16290da30521,2024-09-27 16:13:00+01:00,2024-09-27 16:24:00+01:00,11,home,Stuttgart,,DE,supermarket,Stuttgart,,DE,shopping,,car_sharing,,5.6,False,False,False
a453395d-4e6a-5447-a02d-abbc5f7bacbd,99cb2bd6-228b-566d-a250-16290da30521,2024-09-28 11:08:00+01:00,2024-09-28 11:32:00+01:00,24,home,Stuttgart,,DE,family_outing_spot,Stuttgart,,DE,leisure,,car_sharing,,12.2,False,False,False
e63cc0ca-402b-54f5-a53d-3be31230bd14,99cb2bd6-228b-566d-a250-16290da30521,2024-09-28 10:00:00+01:00,2024-09-28 10:04:00+01:00,4,home,Stuttgart,,DE,park,Stuttgart,,DE,leisure,,bicycle,,1.0,False,False,False
f346ad36-7180-5c26-811b-b9e387991a8d,99cb2bd6-228b-566d-a250-16290da30521,2024-09-29 09:35:00+01:00,2024-09-29 09:54:00+01:00,19,home,Stuttgart,,DE,park,Stuttgart,,DE,leisure,,bicycle,,4.7,False,False,False
0e3e62f3-19d5-50e3-8e29-d0e5f1bd093c,99cb2bd6-228b-566d-a250-16290da30521,2024-09-30 07:58:00+01:00,2024-09-30 08:19:00+01:00,18,home,Stuttgart,,DE,office,Stuttgart,,DE,commute,,public_transport,,7.78,True,True,True
c98c9a4a-b412-55d5-886f-3abd44a5858f,99cb2bd6-228b-566d-a250-16290da30521,2024-09-30 13:46:00+01:00,2024-09-30 14:13:00+01:00,22,office,Stuttgart,,DE,home,Stuttgart,,DE,home_return,,public_transport,,8.11,True,True,True
58648fc3-ef60-5079-a8c8-563af9d339b7,99cb2bd6-228b-566d-a250-16290da30521,2024-10-01 07:43:00+01:00,2024-10-01 07:47:00+01:00,4,home,Stuttgart,,DE,school,Stuttgart,,DE,childcare,,bicycle,,0.9,False,False,False
57a09f1a-127f-5898-b6c8-4c9080506e1b,99cb2bd6-228b-566d-a250-16290da30521,2024-10-01 07:55:00+01:00,2024-10-01 08:19:00+01:00,20,home,Stuttgart,,DE,office,Stuttgart,,DE,commute,,public_transport,,7.45,True,True,True
cb6107ab-2044-551e-ab5a-4a558c3cef04,99cb2bd6-228b-566d-a250-16290da30521,2024-10-01 13:42:00+01:00,2024-10-01 14:06:00+01:00,21,office,Stuttgart,,DE,home,Stuttgart,,DE,home_return,,public_transport,,7.56,True,True,True
9db732a3-03f3-549f-96d4-e2a498a47d7d,99cb2bd6-228b-566d-a250-16290da30521,2024-10-01 16:04:00+01:00,2024-10-01 16:23:00+01:00,19,home,Stuttgart,,DE,supermarket,Stuttgart,,DE,shopping,,car_sharing,,9.5,False,False,False
f5cdb814-c931-58af-a662-fe39c2127164,99cb2bd6-228b-566d-a250-16290da30521,2024-10-02 07:29:00+01:00,2024-10-02 07:34:00+01:00,5,home,Stuttgart,,DE,school,Stuttgart,,DE,childcare,,bicycle,,1.2,False,False,False
806343e3-8c05-59e1-a58c-349523be4550,99cb2bd6-228b-566d-a250-16290da30521,2024-10-02 07:54:00+01:00,2024-10-02 08:17:00+01:00,21,home,Stuttgart,,DE,office,Stuttgart,,DE,commute,,public_transport,,7.25,True,True,True
ce977e30-032a-5f01-9ba8-7a76651d9a83,99cb2bd6-228b-566d-a250-16290da30521,2024-10-02 14:30:00+01:00,2024-10-02 14:54:00+01:00,19,office,Stuttgart,,DE,home,Stuttgart,,DE,home_return,,public_transport,,7.01,True,True,True
d5d79166-807f-5dac-9231-b19108dde4b2,99cb2bd6-228b-566d-a250-16290da30521,2024-10-03 07:35:00+01:00,2024-10-03 07:42:00+01:00,7,home,Stuttgart,,DE,school,Stuttgart,,DE,childcare,,bicycle,,1.7,False,False,False
d440a919-f18d-5af9-87a0-53ee55c91e82,99cb2bd6-228b-566d-a250-16290da30521,2024-10-03 08:09:00+01:00,2024-10-03 08:35:00+01:00,21,home,Stuttgart,,DE,office,Stuttgart,,DE,commute,,public_transport,,7.3,True,True,True
f50b2ff9-8f3f-535b-9149-d4ebda4d1aca,99cb2bd6-228b-566d-a250-16290da30521,2024-10-03 13:30:00+01:00,2024-10-03 13:56:00+01:00,21,office,Stuttgart,,DE,home,Stuttgart,,DE,home_return,,public_transport,,7.31,True,True,True
93f4e888-0b29-520b-a094-f560b7a26fec,99cb2bd6-228b-566d-a250-16290da30521,2024-10-03 15:34:00+01:00,2024-10-03 15:55:00+01:00,21,home,Stuttgart,,DE,supermarket,Stuttgart,,DE,shopping,,car_sharing,,10.3,False,False,False
79d927fc-49ad-53c0-bd84-359f195f2890,99cb2bd6-228b-566d-a250-16290da30521,2024-10-04 06:40:00+01:00,2024-10-04 06:47:00+01:00,7,home,Stuttgart,,DE,school,Stuttgart,,DE,childcare,,bicycle,,1.8,False,False,False
d1146b04-a853-54f6-a0b0-5d8f4bd8c531,99cb2bd6-228b-566d-a250-16290da30521,2024-10-04 07:43:00+01:00,2024-10-04 08:09:00+01:00,23,home,Stuttgart,,DE,office,Stuttgart,,DE,commute,,public_transport,,7.55,True,True,True
0e36dfad-8482-55cf-a9b8-0a5eab4a46ff,99cb2bd6-228b-566d-a250-16290da30521,2024-10-04 14:14:00+01:00,2024-10-04 14:39:00+01:00,24,office,Stuttgart,,DE,home,Stuttgart,,DE,home_return,,public_transport,,7.59,True,True,True
8a583aea-8a69-5581-8bcc-43cae3207258,99cb2bd6-228b-566d-a250-16290da30521,2024-10-05 10:12:00+01:00,2024-10-05 10:31:00+01:00,19,home,Stuttgart,,DE,family_outing_spot,Stuttgart,,DE,leisure,,car_sharing,,9.3,False,False,False
974c466e-ad5c-572a-9dd3-d8ba5a8165f5,99cb2bd6-228b-566d-a250-16290da30521,2024-10-05 10:01:00+01:00,2024-10-05 10:11:00+01:00,10,home,Stuttgart,,DE,park,Stuttgart,,DE,leisure,,bicycle,,2.6,False,False,False
3535e206-d020-5db6-ac63-101aad011c65,99cb2bd6-228b-566d-a250-16290da30521,2024-10-06 11:15:00+01:00,2024-10-06 11:33:00+01:00,18,home,Stuttgart,,DE,family_outing_spot,Stuttgart,,DE,social,,car_sharing,,8.8,False,False,False
68dbefd3-ee9b-5071-a351-fc1897f3c56a,99cb2bd6-228b-566d-a250-16290da30521,2024-10-06 09:51:00+01:00,2024-10-06 10:11:00+01:00,20,home,Stuttgart,,DE,park,Stuttgart,,DE,leisure,,bicycle,,4.9,False,False,False
8bd0cc97-0f18-5b90-b965-4ba7c24482a1,99cb2bd6-228b-566d-a250-16290da30521,2024-10-07 07:21:00+01:00,2024-10-07 07:29:00+01:00,8,home,Stuttgart,,DE,school,Stuttgart,,DE,childcare,,bicycle,,2.0,False,False,False
2d958c37-03f2-5adc-8850-39dbfa3e9c6c,99cb2bd6-228b-566d-a250-16290da30521,2024-10-07 07:42:00+01:00,2024-10-07 08:05:00+01:00,18,home,Stuttgart,,DE,office,Stuttgart,,DE,commute,,public_transport,,7.07,True,True,True
a7c07325-7260-5670-be5b-9eb73abfc321,99cb2bd6-228b-566d-a250-16290da30521,2024-10-07 14:12:00+01:00,2024-10-07 14:35:00+01:00,21,office,Stuttgart,,DE,home,Stuttgart,,DE,home_return,,public_transport,,7.3,True,True,True
a4fc48c5-949e-52dc-b0d7-ecc8d8ffefe5,99cb2bd6-228b-566d-a250-16290da30521,2024-10-07 16:09:00+01:00,2024-10-07 16:27:00+01:00,18,home,Stuttgart,,DE,supermarket,Stuttgart,,DE,shopping,,car_sharing,,9.0,False,False,False
207e24e5-fc72-5d58-b7af-341fe2535e2a,99cb2bd6-228b-566d-a250-16290da30521,2024-10-08 08:14:00+01:00,2024-10-08 08:32:00+01:00,17,home,Stuttgart,,DE,office,Stuttgart,,DE,commute,,public_transport,,7.16,True,True,True
142b93e4-4dd9-54ec-9ee2-bce18901a59f,99cb2bd6-228b-566d-a250-16290da30521,2024-10-08 14:11:00+01:00,2024-10-08 14:36:00+01:00,21,office,Stuttgart,,DE,home,Stuttgart,,DE,home_return,,public_transport,,7.44,True,True,True
e6fd1c18-e452-5776-9653-14479439fea6,99cb2bd6-228b-566d-a250-16290da30521,2024-10-08 15:45:00+01:00,2024-10-08 15:55:00+01:00,10,home,Stuttgart,,DE,supermarket,Stuttgart,,DE,shopping,,car_sharing,,4.9,False,False,False
40f000bc-c09c-5cd8-a202-13f8c96fea31,99cb2bd6-228b-566d-a250-16290da30521,2024-10-09 07:07:00+01:00,2024-10-09 07:15:00+01:00,8,home,Stuttgart,,DE,school,Stuttgart,,DE,childcare,,bicycle,,2.0,False,False,False
f17884c1-3b4b-51f4-b227-f1c80899d10f,99cb2bd6-228b-566d-a250-16290da30521,2024-10-09 07:51:00+01:00,2024-10-09 08:14:00+01:00,20,home,Stuttgart,,DE,office,Stuttgart,,DE,commute,,public_transport,,7.36,True,True,True
da3681c7-beb1-5795-8850-34b08338ee77,99cb2bd6-228b-566d-a250-16290da30521,2024-10-09 13:57:00+01:00,2024-10-09 14:21:00+01:00,19,office,Stuttgart,,DE,home,Stuttgart,,DE,home_return,,public_transport,,7.27,True,True,True
dbecb2f5-6ae1-5f95-aeb5-91e7661d00f7,99cb2bd6-228b-566d-a250-16290da30521,2024-10-10 07:29:00+01:00,2024-10-10 07:36:00+01:00,7,home,Stuttgart,,DE,school,Stuttgart,,DE,childcare,,bicycle,,1.8,False,False,False
d03c4228-ef67-59b9-bbe5-0fe668ae0f3b,99cb2bd6-228b-566d-a250-16290da30521,2024-10-10 08:20:00+01:00,2024-10-10 08:43:00+01:00,21,home,Stuttgart,,DE,office,Stuttgart,,DE,commute,,public_transport,,8.11,True,True,True
8b3211df-7fe4-5703-a641-1161d489d3fe,99cb2bd6-228b-566d-a250-16290da30521,2024-10-10 14:06:00+01:00,2024-10-10 14:30:00+01:00,22,office,Stuttgart,,DE,home,Stuttgart,,DE,home_return,,public_transport,,8.25,True,True,True
359ce60d-6efc-55e7-8ebf-d2484336bdb9,99cb2bd6-228b-566d-a250-16290da30521,2024-10-11 06:26:00+01:00,2024-10-11 06:34:00+01:00,8,home,Stuttgart,,DE,school,Stuttgart,,DE,childcare,,bicycle,,2.0,False,False,False
abebde54-8eb2-5715-864d-ba4bb010b1ee,99cb2bd6-228b-566d-a250-16290da30521,2024-10-11 08:05:00+01:00,2024-10-11 08:25:00+01:00,19,home,Stuttgart,,DE,office,Stuttgart,,DE,commute,,public_transport,,7.48,True,True,True
d4383cbe-af7c-5ebe-863f-61723d0e1406,99cb2bd6-228b-566d-a250-16290da30521,2024-10-11 14:18:00+01:00,2024-10-11 14:45:00+01:00,24,office,Stuttgart,,DE,home,Stuttgart,,DE,home_return,,public_transport,,7.94,True,True,True
86d2844c-5d34-5065-a3ab-e1d893c8d8b1,99cb2bd6-228b-566d-a250-16290da30521,2024-10-12 10:53:00+01:00,2024-10-12 11:22:00+01:00,29,home,Stuttgart,,DE,family_outing_spot,Stuttgart,,DE,errands,,car_sharing,,14.3,False,False,False
4b217939-96cc-5a72-8e5b-f91971725f24,99cb2bd6-228b-566d-a250-16290da30521,2024-10-12 09:47:00+01:00,2024-10-12 10:03:00+01:00,16,home,Stuttgart,,DE,park,Stuttgart,,DE,leisure,,bicycle,,4.1,False,False,False
52498749-332b-5ba9-b741-d1396d279aa1,99cb2bd6-228b-566d-a250-16290da30521,2024-10-13 10:20:00+01:00,2024-10-13 10:47:00+01:00,27,home,Stuttgart,,DE,family_outing_spot,Stuttgart,,DE,errands,,car_sharing,,13.7,False,False,False
33301115-1004-5035-af1b-d8c813f5357f,99cb2bd6-228b-566d-a250-16290da30521,2024-10-14 08:07:00+01:00,2024-10-14 08:31:00+01:00,21,home,Stuttgart,,DE,office,Stuttgart,,DE,commute,,public_transport,,8.12,True,True,True
db7c35e1-c595-58c0-a7d4-8c3e3d595d63,99cb2bd6-228b-566d-a250-16290da30521,2024-10-14 14:07:00+01:00,2024-10-14 14:32:00+01:00,21,office,Stuttgart,,DE,home,Stuttgart,,DE,home_return,,public_transport,,8.1,True,True,True
4541b6cb-bc28-53ac-944c-b30065b8ddec,99cb2bd6-228b-566d-a250-16290da30521,2024-10-16 07:45:00+01:00,2024-10-16 07:50:00+01:00,5,home,Stuttgart,,DE,school,Stuttgart,,DE,childcare,,bicycle,,1.2,False,False,False
4ac3caca-11dd-5bd0-a3e7-9621f70c102f,99cb2bd6-228b-566d-a250-16290da30521,2024-10-16 07:49:00+01:00,2024-10-16 08:10:00+01:00,20,home,Stuttgart,,DE,office,Stuttgart,,DE,commute,,public_transport,,8.19,True,True,True
07886941-220a-5ae4-aa16-48285b0a7733,99cb2bd6-228b-566d-a250-16290da30521,2024-10-16 13:59:00+01:00,2024-10-16 14:29:00+01:00,26,office,Stuttgart,,DE,home,Stuttgart,,DE,home_return,,public_transport,,8.65,True,True,True
b57c5f09-2d72-5f8d-8e1c-0b267527a8d1,99cb2bd6-228b-566d-a250-16290da30521,2024-10-17 06:49:00+01:00,2024-10-17 06:53:00+01:00,4,home,Stuttgart,,DE,school,Stuttgart,,DE,childcare,,bicycle,,1.1,False,False,False
04750721-79fa-5ef9-8a34-59fc143f13fa,99cb2bd6-228b-566d-a250-16290da30521,2024-10-18 06:46:00+01:00,2024-10-18 06:53:00+01:00,7,home,Stuttgart,,DE,school,Stuttgart,,DE,childcare,,bicycle,,1.8,False,False,False
c870c657-42a8-57b7-8ed4-c259ed80e3c7,99cb2bd6-228b-566d-a250-16290da30521,2024-10-18 08:05:00+01:00,2024-10-18 08:30:00+01:00,20,home,Stuttgart,,DE,office,Stuttgart,,DE,commute,,public_transport,,8.05,True,True,True
1e5f4d13-0048-5130-9c22-0f2770756314,99cb2bd6-228b-566d-a250-16290da30521,2024-10-18 14:10:00+01:00,2024-10-18 14:38:00+01:00,23,office,Stuttgart,,DE,home,Stuttgart,,DE,home_return,,public_transport,,8.35,True,True,True
09011537-a439-5d82-beff-e56b0943b455,99cb2bd6-228b-566d-a250-16290da30521,2024-10-18 16:25:00+01:00,2024-10-18 16:33:00+01:00,8,home,Stuttgart,,DE,supermarket,Stuttgart,,DE,shopping,,car_sharing,,3.9,False,False,False
61369d65-6d08-5ce3-b2d5-b1e9422b4f14,99cb2bd6-228b-566d-a250-16290da30521,2024-10-19 10:40:00+01:00,2024-10-19 10:50:00+01:00,10,home,Stuttgart,,DE,park,Stuttgart,,DE,leisure,,bicycle,,2.6,False,False,False
1a5f1661-d719-5bf6-980c-fa04e054f8bf,99cb2bd6-228b-566d-a250-16290da30521,2024-10-20 10:31:00+01:00,2024-10-20 10:55:00+01:00,24,home,Stuttgart,,DE,family_outing_spot,Stuttgart,,DE,leisure,,car_sharing,,11.9,False,False,False
1cc38494-89a8-53c9-820e-62f2c97bfb7d,99cb2bd6-228b-566d-a250-16290da30521,2024-10-21 07:15:00+01:00,2024-10-21 07:20:00+01:00,5,home,Stuttgart,,DE,school,Stuttgart,,DE,childcare,,bicycle,,1.3,False,False,False
6edd7344-5d5a-5f77-8438-7fb188f0f104,99cb2bd6-228b-566d-a250-16290da30521,2024-10-22 08:10:00+01:00,2024-10-22 08:35:00+01:00,24,home,Stuttgart,,DE,office,Stuttgart,,DE,commute,,public_transport,,8.14,True,True,True
93243e8e-9598-5590-9426-547db57926e5,99cb2bd6-228b-566d-a250-16290da30521,2024-10-22 13:38:00+01:00,2024-10-22 13:59:00+01:00,19,office,Stuttgart,,DE,home,Stuttgart,,DE,home_return,,public_transport,,7.72,True,True,True
62ed58db-8f54-5b87-ac3a-0f535788f775,99cb2bd6-228b-566d-a250-16290da30521,2024-10-23 07:59:00+01:00,2024-10-23 08:21:00+01:00,20,home,Stuttgart,,DE,office,Stuttgart,,DE,commute,,public_transport,,7.29,True,True,True
cac2a8af-61b1-536a-beb2-532fa35abf7c,99cb2bd6-228b-566d-a250-16290da30521,2024-10-23 13:47:00+01:00,2024-10-23 14:10:00+01:00,21,office,Stuttgart,,DE,home,Stuttgart,,DE,home_return,,public_transport,,7.44,True,True,True
533a0cee-fcec-58d5-8bc4-36ad2864386b,99cb2bd6-228b-566d-a250-16290da30521,2024-10-24 06:39:00+01:00,2024-10-24 06:45:00+01:00,6,home,Stuttgart,,DE,school,Stuttgart,,DE,childcare,,bicycle,,1.4,False,False,False
4792e7b7-8be0-5dcc-a112-2d02c2ec6c30,99cb2bd6-228b-566d-a250-16290da30521,2024-10-24 08:17:00+01:00,2024-10-24 08:40:00+01:00,20,home,Stuttgart,,DE,office,Stuttgart,,DE,commute,,public_transport,,7.99,True,True,True
db84ec12-254c-5a0e-9610-d444514ccca0,99cb2bd6-228b-566d-a250-16290da30521,2024-10-24 13:55:00+01:00,2024-10-24 14:19:00+01:00,23,office,Stuttgart,,DE,home,Stuttgart,,DE,home_return,,public_transport,,8.25,True,True,True
bb02ffd7-02a6-5f92-9b6f-1ceb6d9ff9e5,99cb2bd6-228b-566d-a250-16290da30521,2024-10-24 16:14:00+01:00,2024-10-24 16:32:00+01:00,18,home,Stuttgart,,DE,supermarket,Stuttgart,,DE,shopping,,car_sharing,,8.8,False,False,False
d1042a64-6a1d-5732-8a03-d35ff4528c64,99cb2bd6-228b-566d-a250-16290da30521,2024-10-25 16:13:00+01:00,2024-10-25 16:26:00+01:00,13,home,Stuttgart,,DE,supermarket,Stuttgart,,DE,shopping,,car_sharing,,6.7,False,False,False
2ec30e4a-e1fb-5c75-a682-536abcf4739a,99cb2bd6-228b-566d-a250-16290da30521,2024-10-27 10:04:00+01:00,2024-10-27 10:21:00+01:00,17,home,Stuttgart,,DE,family_outing_spot,Stuttgart,,DE,leisure,,car_sharing,,8.3,False,False,False
bdf6f876-b48b-5e87-b4b2-d150f4ed5402,99cb2bd6-228b-566d-a250-16290da30521,2024-10-28 07:28:00+01:00,2024-10-28 07:36:00+01:00,8,home,Stuttgart,,DE,school,Stuttgart,,DE,childcare,,bicycle,,1.9,False,False,False
35d89bf6-94f6-5449-a72a-1cb16bd7239c,99cb2bd6-228b-566d-a250-16290da30521,2024-10-28 08:16:00+01:00,2024-10-28 08:41:00+01:00,24,home,Stuttgart,,DE,office,Stuttgart,,DE,commute,,public_transport,,8.3,True,True,True
d16674ff-7be1-51cd-96d3-27819e8aa2fa,99cb2bd6-228b-566d-a250-16290da30521,2024-10-28 13:35:00+01:00,2024-10-28 13:56:00+01:00,18,office,Stuttgart,,DE,home,Stuttgart,,DE,home_return,,public_transport,,7.89,True,True,True
bed1426c-fabc-5f10-8ae0-4b04369bc5fc,99cb2bd6-228b-566d-a250-16290da30521,2024-10-29 06:41:00+01:00,2024-10-29 06:47:00+01:00,6,home,Stuttgart,,DE,school,Stuttgart,,DE,childcare,,bicycle,,1.5,False,False,False
09b79ccd-5a6c-5f28-8306-259e7359d246,99cb2bd6-228b-566d-a250-16290da30521,2024-10-29 07:58:00+01:00,2024-10-29 08:21:00+01:00,20,home,Stuttgart,,DE,office,Stuttgart,,DE,commute,,public_transport,,8.08,True,True,True
d9cd16ef-001f-54d6-8b81-45a1409c751b,99cb2bd6-228b-566d-a250-16290da30521,2024-10-29 13:33:00+01:00,2024-10-29 14:01:00+01:00,24,office,Stuttgart,,DE,home,Stuttgart,,DE,home_return,,public_transport,,8.4,True,True,True
24b7230f-9190-5738-8e90-a0d5eecc7b2d,99cb2bd6-228b-566d-a250-16290da30521,2024-10-29 16:28:00+01:00,2024-10-29 16:52:00+01:00,24,home,Stuttgart,,DE,supermarket,Stuttgart,,DE,shopping,,car_sharing,,11.9,False,False,False
ca80d826-8bbb-5c8b-8f06-ce24e18618d3,99cb2bd6-228b-566d-a250-16290da30521,2024-10-30 06:51:00+01:00,2024-10-30 06:55:00+01:00,4,home,Stuttgart,,DE,school,Stuttgart,,DE,childcare,,bicycle,,0.8,False,False,False
64f06c20-3f2e-53b3-a963-2a1a4b8658c0,99cb2bd6-228b-566d-a250-16290da30521,2024-10-31 06:54:00+01:00,2024-10-31 06:58:00+01:00,4,home,Stuttgart,,DE,school,Stuttgart,,DE,childcare,,bicycle,,0.8,False,False,False
8063395d-cf4b-5ff5-9d3d-020027c67fd6,99cb2bd6-228b-566d-a250-16290da30521,2024-11-01 07:08:00+01:00,2024-11-01 07:14:00+01:00,6,home,Stuttgart,,DE,school,Stuttgart,,DE,childcare,,bicycle,,1.5,False,False,False
3ac6d864-f436-53ed-84b0-491ce3161c15,99cb2bd6-228b-566d-a250-16290da30521,2024-11-02 11:52:00+01:00,2024-11-02 12:03:00+01:00,11,home,Stuttgart,,DE,family_outing_spot,Stuttgart,,DE,leisure,,car_sharing,,5.5,False,False,False
1fdd7d58-e1dc-5089-96d4-d25772dd9214,99cb2bd6-228b-566d-a250-16290da30521,2024-11-02 09:15:00+01:00,2024-11-02 09:24:00+01:00,9,home,Stuttgart,,DE,park,Stuttgart,,DE,leisure,,bicycle,,2.2,False,False,False
e9cac487-66a8-55c3-b2e0-25818f98d010,99cb2bd6-228b-566d-a250-16290da30521,2024-11-03 10:59:00+01:00,2024-11-03 11:17:00+01:00,18,home,Stuttgart,,DE,park,Stuttgart,,DE,leisure,,bicycle,,4.6,False,False,False
c4ce8ce1-72e0-5157-9a7a-f6227ccd146a,99cb2bd6-228b-566d-a250-16290da30521,2024-11-04 06:22:00+01:00,2024-11-04 06:30:00+01:00,8,home,Stuttgart,,DE,school,Stuttgart,,DE,childcare,,bicycle,,2.0,False,False,False
f1a46629-da10-5b82-bd53-e2c58c42c622,99cb2bd6-228b-566d-a250-16290da30521,2024-11-04 08:10:00+01:00,2024-11-04 08:38:00+01:00,24,home,Stuttgart,,DE,office,Stuttgart,,DE,commute,,public_transport,,7.9,True,True,True
e4978f82-85a9-5599-8d4a-b8111c42e3e9,99cb2bd6-228b-566d-a250-16290da30521,2024-11-04 14:29:00+01:00,2024-11-04 14:53:00+01:00,19,office,Stuttgart,,DE,home,Stuttgart,,DE,home_return,,public_transport,,7.53,True,True,True
8d423e0a-d618-5902-b7d4-390f7eac5205,99cb2bd6-228b-566d-a250-16290da30521,2024-11-04 15:36:00+01:00,2024-11-04 15:56:00+01:00,20,home,Stuttgart,,DE,supermarket,Stuttgart,,DE,shopping,,car_sharing,,10.1,False,False,False
51c9f333-76e9-5119-9b9b-2382b663504e,99cb2bd6-228b-566d-a250-16290da30521,2024-11-05 16:20:00+01:00,2024-11-05 16:42:00+01:00,22,home,Stuttgart,,DE,supermarket,Stuttgart,,DE,shopping,,car_sharing,,10.9,False,False,False
ef506633-09bd-52fd-8308-791e1ec7f9e9,99cb2bd6-228b-566d-a250-16290da30521,2024-11-06 06:17:00+01:00,2024-11-06 06:22:00+01:00,5,home,Stuttgart,,DE,school,Stuttgart,,DE,childcare,,bicycle,,1.2,False,False,False
83d7ca08-1ffd-53ac-a999-4981a86c41ec,99cb2bd6-228b-566d-a250-16290da30521,2024-11-06 07:40:00+01:00,2024-11-06 08:10:00+01:00,25,home,Stuttgart,,DE,office,Stuttgart,,DE,commute,,public_transport,,8.04,True,True,True
e1e1935b-0a2a-511f-821e-6efd486cb4e4,99cb2bd6-228b-566d-a250-16290da30521,2024-11-06 13:35:00+01:00,2024-11-06 14:00:00+01:00,20,office,Stuttgart,,DE,home,Stuttgart,,DE,home_return,,public_transport,,7.58,True,True,True
be25472b-cccf-5963-b673-cf222bb1d29c,99cb2bd6-228b-566d-a250-16290da30521,2024-11-07 07:44:00+01:00,2024-11-07 07:52:00+01:00,8,home,Stuttgart,,DE,school,Stuttgart,,DE,childcare,,bicycle,,2.1,False,False,False
61e1e9b8-992a-5de6-a45a-6bd5cc151852,99cb2bd6-228b-566d-a250-16290da30521,2024-11-07 16:24:00+01:00,2024-11-07 16:38:00+01:00,14,home,Stuttgart,,DE,supermarket,Stuttgart,,DE,shopping,,car_sharing,,6.9,False,False,False
00f10242-0272-57d7-a394-ef6a9ea2c4c6,99cb2bd6-228b-566d-a250-16290da30521,2024-11-08 07:09:00+01:00,2024-11-08 07:14:00+01:00,5,home,Stuttgart,,DE,school,Stuttgart,,DE,childcare,,bicycle,,1.2,False,False,False
03e93ae0-01aa-5147-8d53-e557cd30d88e,99cb2bd6-228b-566d-a250-16290da30521,2024-11-08 07:45:00+01:00,2024-11-08 08:10:00+01:00,22,home,Stuttgart,,DE,office,Stuttgart,,DE,commute,,public_transport,,7.98,True,True,True
b548f555-645f-54bd-864a-667e817de152,99cb2bd6-228b-566d-a250-16290da30521,2024-11-08 13:37:00+01:00,2024-11-08 14:05:00+01:00,23,office,Stuttgart,,DE,home,Stuttgart,,DE,home_return,,public_transport,,8.03,True,True,True
b9b3aca3-ab6c-52e5-8306-b7045d520184,99cb2bd6-228b-566d-a250-16290da30521,2024-11-08 15:37:00+01:00,2024-11-08 15:55:00+01:00,18,home,Stuttgart,,DE,supermarket,Stuttgart,,DE,shopping,,car_sharing,,8.8,False,False,False
9fbf9cfd-81bb-5afd-9f2e-d75cd98f749d,99cb2bd6-228b-566d-a250-16290da30521,2024-11-09 10:57:00+01:00,2024-11-09 11:05:00+01:00,8,home,Stuttgart,,DE,park,Stuttgart,,DE,leisure,,bicycle,,1.9,False,False,False
6795bd94-b33d-5737-ac23-2ea36fc65e26,99cb2bd6-228b-566d-a250-16290da30521,2024-11-10 10:55:00+01:00,2024-11-10 11:17:00+01:00,22,home,Stuttgart,,DE,family_outing_spot,Stuttgart,,DE,social,,car_sharing,,11.2,False,False,False
af657f7a-9c10-598b-b53f-e867cd314241,99cb2bd6-228b-566d-a250-16290da30521,2024-11-10 10:10:00+01:00,2024-11-10 10:15:00+01:00,5,home,Stuttgart,,DE,park,Stuttgart,,DE,leisure,,bicycle,,1.3,False,False,False
3ae34d9d-8de9-5bf8-918e-0510ea035830,99cb2bd6-228b-566d-a250-16290da30521,2024-11-11 06:56:00+01:00,2024-11-11 07:00:00+01:00,4,home,Stuttgart,,DE,school,Stuttgart,,DE,childcare,,bicycle,,1.0,False,False,False
715e25f1-3414-5f6d-9161-0ccb6cb6c8d7,99cb2bd6-228b-566d-a250-16290da30521,2024-11-12 07:58:00+01:00,2024-11-12 08:25:00+01:00,23,home,Stuttgart,,DE,office,Stuttgart,,DE,commute,,public_transport,,8.14,True,True,True
95057788-8ba4-56a5-aacc-e9b9e6875650,99cb2bd6-228b-566d-a250-16290da30521,2024-11-12 14:08:00+01:00,2024-11-12 14:36:00+01:00,23,office,Stuttgart,,DE,home,Stuttgart,,DE,home_return,,public_transport,,8.07,True,True,True
5f096c8f-f833-58fb-bd80-6d19c53a4419,99cb2bd6-228b-566d-a250-16290da30521,2024-11-13 07:27:00+01:00,2024-11-13 07:32:00+01:00,5,home,Stuttgart,,DE,school,Stuttgart,,DE,childcare,,bicycle,,1.2,False,False,False
a6fa5548-d2de-5bb0-81f9-dc2eeab70fa3,99cb2bd6-228b-566d-a250-16290da30521,2024-11-14 07:35:00+01:00,2024-11-14 07:39:00+01:00,4,home,Stuttgart,,DE,school,Stuttgart,,DE,childcare,,bicycle,,0.9,False,False,False
aefde6ae-e8b3-5bfe-a5a3-1c019234513e,99cb2bd6-228b-566d-a250-16290da30521,2024-11-14 08:05:00+01:00,2024-11-14 08:30:00+01:00,20,home,Stuttgart,,DE,office,Stuttgart,,DE,commute,,public_transport,,7.6,True,True,True
5a9f5214-5ee6-5ac3-afbc-a7917bccb41b,99cb2bd6-228b-566d-a250-16290da30521,2024-11-14 13:39:00+01:00,2024-11-14 14:00:00+01:00,20,office,Stuttgart,,DE,home,Stuttgart,,DE,home_return,,public_transport,,7.58,True,True,True
019a7986-76f2-52e7-9c3a-6b9505a9618a,99cb2bd6-228b-566d-a250-16290da30521,2024-11-15 07:06:00+01:00,2024-11-15 07:13:00+01:00,7,home,Stuttgart,,DE,school,Stuttgart,,DE,childcare,,bicycle,,1.7,False,False,False
0c760e22-4bb0-5fdd-b650-7a55e171fb6f,99cb2bd6-228b-566d-a250-16290da30521,2024-11-15 08:10:00+01:00,2024-11-15 08:35:00+01:00,22,home,Stuttgart,,DE,office,Stuttgart,,DE,commute,,public_transport,,8.28,True,True,True
9f490d68-148b-53ee-9427-24cae26aee22,99cb2bd6-228b-566d-a250-16290da30521,2024-11-15 14:11:00+01:00,2024-11-15 14:32:00+01:00,19,office,Stuttgart,,DE,home,Stuttgart,,DE,home_return,,public_transport,,7.96,True,True,True
879b1831-1be6-52b6-a243-eb5f27ed4826,99cb2bd6-228b-566d-a250-16290da30521,2024-11-16 11:50:00+01:00,2024-11-16 12:29:00+01:00,39,home,Stuttgart,,DE,family_outing_spot,Stuttgart,,DE,errands,,car_sharing,,19.3,False,False,False
c3b64954-5ddf-55fb-9d47-5dab251f74c7,99cb2bd6-228b-566d-a250-16290da30521,2024-11-16 09:56:00+01:00,2024-11-16 10:11:00+01:00,15,home,Stuttgart,,DE,park,Stuttgart,,DE,leisure,,bicycle,,3.8,False,False,False
f82f041b-0a86-57dc-8317-2ec47dc16e44,99cb2bd6-228b-566d-a250-16290da30521,2024-11-17 11:44:00+01:00,2024-11-17 11:54:00+01:00,10,home,Stuttgart,,DE,family_outing_spot,Stuttgart,,DE,social,,car_sharing,,5.1,False,False,False
b7292bf9-fdd4-5e73-ad3f-95cc8e26928f,99cb2bd6-228b-566d-a250-16290da30521,2024-11-18 06:27:00+01:00,2024-11-18 06:32:00+01:00,5,home,Stuttgart,,DE,school,Stuttgart,,DE,childcare,,bicycle,,1.2,False,False,False
8d314770-a64c-5fcb-a82c-80fac7142519,99cb2bd6-228b-566d-a250-16290da30521,2024-11-18 15:42:00+01:00,2024-11-18 15:55:00+01:00,13,home,Stuttgart,,DE,supermarket,Stuttgart,,DE,shopping,,car_sharing,,6.7,False,False,False
413a46e6-bf64-5d48-be0c-cc1ece4c28c6,99cb2bd6-228b-566d-a250-16290da30521,2024-11-19 07:39:00+01:00,2024-11-19 07:44:00+01:00,5,home,Stuttgart,,DE,school,Stuttgart,,DE,childcare,,bicycle,,1.3,False,False,False
077d2e75-e6c9-5d6b-b525-5527cd5687ea,99cb2bd6-228b-566d-a250-16290da30521,2024-11-19 07:51:00+01:00,2024-11-19 08:12:00+01:00,20,home,Stuttgart,,DE,office,Stuttgart,,DE,commute,,public_transport,,7.74,True,True,True
b1b1a6ae-eab5-5192-a326-41aa7e5c09c3,99cb2bd6-228b-566d-a250-16290da30521,2024-11-19 14:00:00+01:00,2024-11-19 14:21:00+01:00,19,office,Stuttgart,,DE,home,Stuttgart,,DE,home_return,,public_transport,,7.67,True,True,True
117c3b6a-a7db-5863-85a7-6e2fe8e7d6ec,99cb2bd6-228b-566d-a250-16290da30521,2024-11-20 06:49:00+01:00,2024-11-20 06:53:00+01:00,4,home,Stuttgart,,DE,school,Stuttgart,,DE,childcare,,bicycle,,0.8,False,False,False
72037b30-e1e3-5dbc-973f-69efbf82266b,99cb2bd6-228b-566d-a250-16290da30521,2024-11-21 06:44:00+01:00,2024-11-21 06:52:00+01:00,8,home,Stuttgart,,DE,school,Stuttgart,,DE,childcare,,bicycle,,1.9,False,False,False
66cfaea7-206f-5e27-a7a5-13a7073829d4,99cb2bd6-228b-566d-a250-16290da30521,2024-11-22 08:00:00+01:00,2024-11-22 08:29:00+01:00,25,home,Stuttgart,,DE,office,Stuttgart,,DE,commute,,public_transport,,7.5,True,True,True
40d241a0-7841-5fb8-9be7-b5a71ea70a15,99cb2bd6-228b-566d-a250-16290da30521,2024-11-22 13:40:00+01:00,2024-11-22 14:05:00+01:00,23,office,Stuttgart,,DE,home,Stuttgart,,DE,home_return,,public_transport,,7.32,True,True,True
884cb795-9d2c-547d-90e9-ae672d32bc38,99cb2bd6-228b-566d-a250-16290da30521,2024-11-22 15:48:00+01:00,2024-11-22 16:11:00+01:00,23,home,Stuttgart,,DE,supermarket,Stuttgart,,DE,shopping,,car_sharing,,11.4,False,False,False
ecf353cf-fddf-54b1-89a5-d74212d4490a,99cb2bd6-228b-566d-a250-16290da30521,2024-11-25 07:22:00+01:00,2024-11-25 07:30:00+01:00,8,home,Stuttgart,,DE,school,Stuttgart,,DE,childcare,,bicycle,,1.9,False,False,False
fd145e4d-2a34-536c-bfaf-1f5a39e7cb7e,99cb2bd6-228b-566d-a250-16290da30521,2024-11-25 07:44:00+01:00,2024-11-25 08:09:00+01:00,20,home,Stuttgart,,DE,office,Stuttgart,,DE,commute,,public_transport,,7.7,True,True,True
834ea91a-9270-557a-a892-527b98f94aa2,99cb2bd6-228b-566d-a250-16290da30521,2024-11-25 14:25:00+01:00,2024-11-25 14:47:00+01:00,19,office,Stuttgart,,DE,home,Stuttgart,,DE,home_return,,public_transport,,7.62,True,True,True
202dc192-ed2d-519f-9dfc-5310395df495,99cb2bd6-228b-566d-a250-16290da30521,2024-11-27 15:56:00+01:00,2024-11-27 16:10:00+01:00,14,home,Stuttgart,,DE,supermarket,Stuttgart,,DE,shopping,,car_sharing,,7.2,False,False,False
a67dd810-5b99-5bac-8fbe-2166b378929c,99cb2bd6-228b-566d-a250-16290da30521,2024-11-28 06:31:00+01:00,2024-11-28 06:39:00+01:00,8,home,Stuttgart,,DE,school,Stuttgart,,DE,childcare,,bicycle,,2.0,False,False,False
3041ef74-1dd4-5aff-93fd-9f81277d8353,99cb2bd6-228b-566d-a250-16290da30521,2024-11-28 08:15:00+01:00,2024-11-28 08:37:00+01:00,18,home,Stuttgart,,DE,office,Stuttgart,,DE,commute,,public_transport,,7.78,True,True,True
30875af3-64b8-585a-89c5-b1b15fd804c8,99cb2bd6-228b-566d-a250-16290da30521,2024-11-28 13:52:00+01:00,2024-11-28 14:18:00+01:00,25,office,Stuttgart,,DE,home,Stuttgart,,DE,home_return,,public_transport,,8.24,True,True,True
38c29267-f8cb-50ab-9b40-5a32714505ae,99cb2bd6-228b-566d-a250-16290da30521,2024-11-28 16:19:00+01:00,2024-11-28 16:35:00+01:00,16,home,Stuttgart,,DE,supermarket,Stuttgart,,DE,shopping,,car_sharing,,8.0,False,False,False
a8e1594f-8161-5b4f-a780-27fc058e6fb0,99cb2bd6-228b-566d-a250-16290da30521,2024-11-29 07:39:00+01:00,2024-11-29 07:43:00+01:00,4,home,Stuttgart,,DE,school,Stuttgart,,DE,childcare,,bicycle,,1.1,False,False,False
1c4cddec-b4ac-55db-989c-f6b1db9a4e16,99cb2bd6-228b-566d-a250-16290da30521,2024-12-02 06:57:00+01:00,2024-12-02 07:02:00+01:00,5,home,Stuttgart,,DE,school,Stuttgart,,DE,childcare,,bicycle,,1.2,False,False,False
9241c326-0812-500b-9bbe-8a659bb3c54a,99cb2bd6-228b-566d-a250-16290da30521,2024-12-04 16:17:00+01:00,2024-12-04 16:33:00+01:00,16,home,Stuttgart,,DE,supermarket,Stuttgart,,DE,shopping,,car_sharing,,8.2,False,False,False
606a892e-40f8-544b-87a5-80e1e83a8992,99cb2bd6-228b-566d-a250-16290da30521,2024-12-05 07:27:00+01:00,2024-12-05 07:36:00+01:00,9,home,Stuttgart,,DE,school,Stuttgart,,DE,childcare,,bicycle,,2.2,False,False,False
49416deb-d6dd-5d6f-a79b-6095f981b749,99cb2bd6-228b-566d-a250-16290da30521,2024-12-06 07:24:00+01:00,2024-12-06 07:31:00+01:00,7,home,Stuttgart,,DE,school,Stuttgart,,DE,childcare,,bicycle,,1.7,False,False,False
852d7391-06cd-506e-aa89-93b00fc2dc6a,99cb2bd6-228b-566d-a250-16290da30521,2024-12-06 08:04:00+01:00,2024-12-06 08:28:00+01:00,22,home,Stuttgart,,DE,office,Stuttgart,,DE,commute,,public_transport,,8.08,True,True,True
8fd09ce4-49fe-51c7-990e-10189013eb23,99cb2bd6-228b-566d-a250-16290da30521,2024-12-06 13:47:00+01:00,2024-12-06 14:11:00+01:00,23,office,Stuttgart,,DE,home,Stuttgart,,DE,home_return,,public_transport,,8.24,True,True,True
0504ffe2-34ff-5da0-849a-b0b604ad43b0,99cb2bd6-228b-566d-a250-16290da30521,2024-12-06 16:29:00+01:00,2024-12-06 16:42:00+01:00,13,home,Stuttgart,,DE,supermarket,Stuttgart,,DE,shopping,,car_sharing,,6.7,False,False,False
855884d1-0e26-58b0-9022-f3161b224ec6,99cb2bd6-228b-566d-a250-16290da30521,2024-12-07 10:10:00+01:00,2024-12-07 10:24:00+01:00,14,home,Stuttgart,,DE,park,Stuttgart,,DE,leisure,,bicycle,,3.4,False,False,False
e469fe7a-b231-5e53-be70-9b0abe382430,99cb2bd6-228b-566d-a250-16290da30521,2024-12-08 10:35:00+01:00,2024-12-08 11:04:00+01:00,29,home,Stuttgart,,DE,family_outing_spot,Stuttgart,,DE,social,,car_sharing,,14.5,False,False,False
fe475cad-4fac-5906-a2ac-347de0d1bf2d,99cb2bd6-228b-566d-a250-16290da30521,2024-12-09 07:33:00+01:00,2024-12-09 07:37:00+01:00,4,home,Stuttgart,,DE,school,Stuttgart,,DE,childcare,,bicycle,,1.0,False,False,False
2607d915-095d-5503-8264-664df9aefc1f,99cb2bd6-228b-566d-a250-16290da30521,2024-12-09 08:11:00+01:00,2024-12-09 08:31:00+01:00,19,home,Stuttgart,,DE,office,Stuttgart,,DE,commute,,public_transport,,7.4,True,True,True
37e64805-7c15-545f-a0c0-05572c3a82fd,99cb2bd6-228b-566d-a250-16290da30521,2024-12-09 14:13:00+01:00,2024-12-09 14:36:00+01:00,20,office,Stuttgart,,DE,home,Stuttgart,,DE,home_return,,public_transport,,7.49,True,True,True
3460aaa0-7038-5de4-87b5-72d8d8cf6745,99cb2bd6-228b-566d-a250-16290da30521,2024-12-10 06:25:00+01:00,2024-12-10 06:29:00+01:00,4,home,Stuttgart,,DE,school,Stuttgart,,DE,childcare,,bicycle,,0.8,False,False,False
fc161603-2460-5684-bbba-f3a5c2a78489,99cb2bd6-228b-566d-a250-16290da30521,2024-12-10 08:01:00+01:00,2024-12-10 08:28:00+01:00,23,home,Stuttgart,,DE,office,Stuttgart,,DE,commute,,public_transport,,7.47,True,True,True
f9b55681-d306-5037-8f37-30b504cd0089,99cb2bd6-228b-566d-a250-16290da30521,2024-12-10 13:50:00+01:00,2024-12-10 14:14:00+01:00,21,office,Stuttgart,,DE,home,Stuttgart,,DE,home_return,,public_transport,,7.32,True,True,True
38606f2b-42d2-5b1f-a3fc-77c79931dad9,99cb2bd6-228b-566d-a250-16290da30521,2024-12-11 07:18:00+01:00,2024-12-11 07:22:00+01:00,4,home,Stuttgart,,DE,school,Stuttgart,,DE,childcare,,bicycle,,1.0,False,False,False
ae13ab9b-fab7-599c-a28a-bee3062edfae,99cb2bd6-228b-566d-a250-16290da30521,2024-12-11 07:50:00+01:00,2024-12-11 08:09:00+01:00,17,home,Stuttgart,,DE,office,Stuttgart,,DE,commute,,public_transport,,7.04,True,True,True
1967126e-99f1-5f60-b97c-1738246d2887,99cb2bd6-228b-566d-a250-16290da30521,2024-12-11 13:39:00+01:00,2024-12-11 14:03:00+01:00,19,office,Stuttgart,,DE,home,Stuttgart,,DE,home_return,,public_transport,,7.19,True,True,True
95eb10b8-4f47-52ae-be3d-078ec21e3210,99cb2bd6-228b-566d-a250-16290da30521,2024-12-11 15:35:00+01:00,2024-12-11 15:45:00+01:00,10,home,Stuttgart,,DE,supermarket,Stuttgart,,DE,shopping,,car_sharing,,5.0,False,False,False
aa0423e7-978e-5ba1-8f79-d243d15f8d2b,99cb2bd6-228b-566d-a250-16290da30521,2024-12-12 07:22:00+01:00,2024-12-12 07:30:00+01:00,8,home,Stuttgart,,DE,school,Stuttgart,,DE,childcare,,bicycle,,1.9,False,False,False
28e889aa-418f-5fe2-a51f-e8071c03771d,99cb2bd6-228b-566d-a250-16290da30521,2024-12-12 07:48:00+01:00,2024-12-12 08:13:00+01:00,20,home,Stuttgart,,DE,office,Stuttgart,,DE,commute,,public_transport,,7.13,True,True,True
eaba45a4-546e-55c5-89c5-0dfb5d371caa,99cb2bd6-228b-566d-a250-16290da30521,2024-12-12 13:58:00+01:00,2024-12-12 14:21:00+01:00,21,office,Stuttgart,,DE,home,Stuttgart,,DE,home_return,,public_transport,,7.16,True,True,True
1d6014e3-699f-5dcf-a716-4993a6b51da4,99cb2bd6-228b-566d-a250-16290da30521,2024-12-13 07:14:00+01:00,2024-12-13 07:18:00+01:00,4,home,Stuttgart,,DE,school,Stuttgart,,DE,childcare,,bicycle,,0.9,False,False,False
c8a8a0d2-05d0-56c9-8e35-cc217998f3e8,99cb2bd6-228b-566d-a250-16290da30521,2024-12-14 11:55:00+01:00,2024-12-14 12:12:00+01:00,17,home,Stuttgart,,DE,family_outing_spot,Stuttgart,,DE,leisure,,car_sharing,,8.6,False,False,False
97757574-b9ac-59de-a8b7-de2eaa9e379a,99cb2bd6-228b-566d-a250-16290da30521,2024-12-15 10:50:00+01:00,2024-12-15 11:30:00+01:00,40,home,Stuttgart,,DE,family_outing_spot,Stuttgart,,DE,leisure,,car_sharing,,19.9,False,False,False
afe6b06d-77c3-5dea-8874-41cebe97edee,99cb2bd6-228b-566d-a250-16290da30521,2024-12-15 09:04:00+01:00,2024-12-15 09:14:00+01:00,10,home,Stuttgart,,DE,park,Stuttgart,,DE,leisure,,bicycle,,2.4,False,False,False
21ae5e3c-8ae6-5337-ba50-a8cdc4ec4f07,99cb2bd6-228b-566d-a250-16290da30521,2024-12-16 06:35:00+01:00,2024-12-16 06:39:00+01:00,4,home,Stuttgart,,DE,school,Stuttgart,,DE,childcare,,bicycle,,1.1,False,False,False
6cace803-9d0d-5da4-bce1-057ea5cc3f19,99cb2bd6-228b-566d-a250-16290da30521,2024-12-16 08:02:00+01:00,2024-12-16 08:24:00+01:00,18,home,Stuttgart,,DE,office,Stuttgart,,DE,commute,,public_transport,,7.89,True,True,True
f69d42c4-8bb8-531e-bdc3-d271f887e33d,99cb2bd6-228b-566d-a250-16290da30521,2024-12-16 14:07:00+01:00,2024-12-16 14:29:00+01:00,20,office,Stuttgart,,DE,home,Stuttgart,,DE,home_return,,public_transport,,8.1,True,True,True
0011a902-a815-506f-a7ef-389fbbcab763,99cb2bd6-228b-566d-a250-16290da30521,2024-12-17 07:32:00+01:00,2024-12-17 07:38:00+01:00,6,home,Stuttgart,,DE,school,Stuttgart,,DE,childcare,,bicycle,,1.5,False,False,False
5b82bbd8-5703-55af-aef5-fdc2f7b6e811,99cb2bd6-228b-566d-a250-16290da30521,2024-12-17 08:17:00+01:00,2024-12-17 08:39:00+01:00,18,home,Stuttgart,,DE,office,Stuttgart,,DE,commute,,public_transport,,6.96,True,True,True
c98a257e-685c-57fa-8d0f-7782c03fb83b,99cb2bd6-228b-566d-a250-16290da30521,2024-12-17 14:23:00+01:00,2024-12-17 14:49:00+01:00,23,office,Stuttgart,,DE,home,Stuttgart,,DE,home_return,,public_transport,,7.3,True,True,True
b2b0f9fd-0b93-5cec-b208-56436ce18c8a,99cb2bd6-228b-566d-a250-16290da30521,2024-12-17 15:52:00+01:00,2024-12-17 16:11:00+01:00,19,home,Stuttgart,,DE,supermarket,Stuttgart,,DE,shopping,,car_sharing,,9.7,False,False,False
9bc68966-1b6f-523f-9c68-4ac9dca8a52a,99cb2bd6-228b-566d-a250-16290da30521,2024-12-18 07:29:00+01:00,2024-12-18 07:36:00+01:00,7,home,Stuttgart,,DE,school,Stuttgart,,DE,childcare,,bicycle,,1.8,False,False,False
cb79f3da-b7d6-5480-beed-ceac6d9c0045,99cb2bd6-228b-566d-a250-16290da30521,2024-12-18 16:20:00+01:00,2024-12-18 16:26:00+01:00,6,home,Stuttgart,,DE,supermarket,Stuttgart,,DE,shopping,,car_sharing,,3.0,False,False,False
bd3a884d-dcdf-55c2-b6ed-d3b06df899a3,99cb2bd6-228b-566d-a250-16290da30521,2024-12-19 15:54:00+01:00,2024-12-19 16:04:00+01:00,10,home,Stuttgart,,DE,supermarket,Stuttgart,,DE,shopping,,car_sharing,,5.1,False,False,False
c7e80578-e861-5b48-95d9-450cc18f5f4f,99cb2bd6-228b-566d-a250-16290da30521,2024-12-21 10:56:00+01:00,2024-12-21 11:16:00+01:00,20,home,Stuttgart,,DE,family_outing_spot,Stuttgart,,DE,errands,,car_sharing,,10.0,False,False,False
0fb6351b-e9fa-550c-b221-a75f02687195,99cb2bd6-228b-566d-a250-16290da30521,2024-12-22 11:18:00+01:00,2024-12-22 11:51:00+01:00,33,home,Stuttgart,,DE,family_outing_spot,Stuttgart,,DE,leisure,,car_sharing,,16.7,False,False,False
48571838-2fa1-5cf2-a943-61fe2b41e769,99cb2bd6-228b-566d-a250-16290da30521,2024-12-23 06:28:00+01:00,2024-12-23 06:35:00+01:00,7,home,Stuttgart,,DE,school,Stuttgart,,DE,childcare,,bicycle,,1.7,False,False,False
0f62419d-e86b-50a0-9ed7-c22aff685677,99cb2bd6-228b-566d-a250-16290da30521,2024-12-25 07:15:00+01:00,2024-12-25 07:19:00+01:00,4,home,Stuttgart,,DE,school,Stuttgart,,DE,childcare,,bicycle,,1.0,False,False,False
17cae7be-f930-5d2e-bf7a-68c99511093a,99cb2bd6-228b-566d-a250-16290da30521,2024-12-25 16:06:00+01:00,2024-12-25 16:12:00+01:00,6,home,Stuttgart,,DE,supermarket,Stuttgart,,DE,shopping,,car_sharing,,3.2,False,False,False
2254b4b3-89d9-5544-8ba7-167186910a6e,99cb2bd6-228b-566d-a250-16290da30521,2024-12-26 06:56:00+01:00,2024-12-26 07:03:00+01:00,7,home,Stuttgart,,DE,school,Stuttgart,,DE,childcare,,bicycle,,1.8,False,False,False
b942e186-3015-5e01-a686-bbf5c5a3086f,99cb2bd6-228b-566d-a250-16290da30521,2024-12-26 08:19:00+01:00,2024-12-26 08:41:00+01:00,21,home,Stuttgart,,DE,office,Stuttgart,,DE,commute,,public_transport,,7.95,True,True,True
cbe8a1bb-532e-5a97-8d23-6359329bca43,99cb2bd6-228b-566d-a250-16290da30521,2024-12-26 13:55:00+01:00,2024-12-26 14:19:00+01:00,20,office,Stuttgart,,DE,home,Stuttgart,,DE,home_return,,public_transport,,7.86,True,True,True
2042f53c-35fa-5caa-b391-37cd8d33150e,99cb2bd6-228b-566d-a250-16290da30521,2024-12-28 10:15:00+01:00,2024-12-28 10:31:00+01:00,16,home,Stuttgart,,DE,family_outing_spot,Stuttgart,,DE,errands,,car_sharing,,8.0,False,False,False
89511f8f-fa12-5d5c-b4c8-d7f2d0979e49,99cb2bd6-228b-566d-a250-16290da30521,2024-12-29 11:06:00+01:00,2024-12-29 11:20:00+01:00,14,home,Stuttgart,,DE,family_outing_spot,Stuttgart,,DE,social,,car_sharing,,7.1,False,False,False
719b3ece-1e24-59c9-969e-1ebad2915b2f,99cb2bd6-228b-566d-a250-16290da30521,2024-12-31 07:32:00+01:00,2024-12-31 07:40:00+01:00,8,home,Stuttgart,,DE,school,Stuttgart,,DE,childcare,,bicycle,,2.0,False,False,False
dd9134fb-dc32-555e-b43a-b4e8488763e4,99cb2bd6-228b-566d-a250-16290da30521,2024-12-31 07:55:00+01:00,2024-12-31 08:17:00+01:00,20,home,Stuttgart,,DE,office,Stuttgart,,DE,commute,,public_transport,,7.1,True,True,True
43e79ece-b61a-550c-9ed2-31d97fd7ea42,99cb2bd6-228b-566d-a250-16290da30521,2024-12-31 14:04:00+01:00,2024-12-31 14:29:00+01:00,23,office,Stuttgart,,DE,home,Stuttgart,,DE,home_return,,public_transport,,7.3,True,True,True
35cb0b5e-6f7a-5744-aba0-017b29fc9dfc,99cb2bd6-228b-566d-a250-16290da30521,2024-12-31 15:57:00+01:00,2024-12-31 16:06:00+01:00,9,home,Stuttgart,,DE,supermarket,Stuttgart,,DE,shopping,,car_sharing,,4.3,False,False,False
53422dd1-4d8d-5dcd-95dd-22bf1ce855e8,99cb2bd6-228b-566d-a250-16290da30521,2025-01-02 08:14:00+01:00,2025-01-02 08:37:00+01:00,18,home,Stuttgart,,DE,office,Stuttgart,,DE,commute,,public_transport,,7.49,True,True,True
8fb7a794-a1ca-589d-b32e-c72145e883cf,99cb2bd6-228b-566d-a250-16290da30521,2025-01-02 14:13:00+01:00,2025-01-02 14:37:00+01:00,23,office,Stuttgart,,DE,home,Stuttgart,,DE,home_return,,public_transport,,7.86,True,True,True
05b694e5-8e34-58c3-8c74-837a7f4c5f1e,99cb2bd6-228b-566d-a250-16290da30521,2025-01-03 15:47:00+01:00,2025-01-03 15:55:00+01:00,8,home,Stuttgart,,DE,supermarket,Stuttgart,,DE,shopping,,car_sharing,,3.9,False,False,False
b5ef4bb4-14f0-530e-bd33-36896e0f9e98,99cb2bd6-228b-566d-a250-16290da30521,2025-01-04 10:20:00+01:00,2025-01-04 10:42:00+01:00,22,home,Stuttgart,,DE,family_outing_spot,Stuttgart,,DE,errands,,car_sharing,,10.8,False,False,False
6ec36009-1e24-5ac7-b9a8-3996f4d6f1c6,99cb2bd6-228b-566d-a250-16290da30521,2025-01-05 11:51:00+01:00,2025-01-05 12:14:00+01:00,23,home,Stuttgart,,DE,family_outing_spot,Stuttgart,,DE,leisure,,car_sharing,,11.7,False,False,False
c6f3fdf7-2f10-54ba-891b-97a36ba14fd9,99cb2bd6-228b-566d-a250-16290da30521,2025-01-05 09:23:00+01:00,2025-01-05 09:29:00+01:00,6,home,Stuttgart,,DE,park,Stuttgart,,DE,leisure,,bicycle,,1.6,False,False,False
5d03a09b-2077-53ab-92c7-f7fd957b18ee,99cb2bd6-228b-566d-a250-16290da30521,2025-01-06 06:46:00+01:00,2025-01-06 06:51:00+01:00,5,home,Stuttgart,,DE,school,Stuttgart,,DE,childcare,,bicycle,,1.3,False,False,False
a00076b8-0c32-5c40-baf5-a0643df95ed8,99cb2bd6-228b-566d-a250-16290da30521,2025-01-07 07:33:00+01:00,2025-01-07 07:41:00+01:00,8,home,Stuttgart,,DE,school,Stuttgart,,DE,childcare,,bicycle,,1.9,False,False,False
17a34c0f-aef0-5e52-b516-3b5a02e6424b,99cb2bd6-228b-566d-a250-16290da30521,2025-01-07 08:12:00+01:00,2025-01-07 08:34:00+01:00,20,home,Stuttgart,,DE,office,Stuttgart,,DE,commute,,public_transport,,7.72,True,True,True
9a1c9517-ebdf-5b87-8e18-0b1f30271882,99cb2bd6-228b-566d-a250-16290da30521,2025-01-07 14:21:00+01:00,2025-01-07 14:43:00+01:00,21,office,Stuttgart,,DE,home,Stuttgart,,DE,home_return,,public_transport,,7.73,True,True,True
42c0b69a-4322-537d-8cb0-556492bdeb0c,99cb2bd6-228b-566d-a250-16290da30521,2025-01-08 07:07:00+01:00,2025-01-08 07:11:00+01:00,4,home,Stuttgart,,DE,school,Stuttgart,,DE,childcare,,bicycle,,0.8,False,False,False
d0267b09-fc53-555a-9067-6bbd43fcc94e,99cb2bd6-228b-566d-a250-16290da30521,2025-01-09 06:29:00+01:00,2025-01-09 06:37:00+01:00,8,home,Stuttgart,,DE,school,Stuttgart,,DE,childcare,,bicycle,,2.1,False,False,False
163e4aa6-8291-57c4-b001-3a6476d951df,99cb2bd6-228b-566d-a250-16290da30521,2025-01-11 10:34:00+01:00,2025-01-11 10:53:00+01:00,19,home,Stuttgart,,DE,park,Stuttgart,,DE,leisure,,bicycle,,4.8,False,False,False
2ddc852e-36dc-5c0d-9c1d-90a08e045911,99cb2bd6-228b-566d-a250-16290da30521,2025-01-12 10:32:00+01:00,2025-01-12 10:55:00+01:00,23,home,Stuttgart,,DE,family_outing_spot,Stuttgart,,DE,leisure,,car_sharing,,11.6,False,False,False
fb903567-f506-5bee-a47e-f7707a6f06f7,99cb2bd6-228b-566d-a250-16290da30521,2025-01-12 09:16:00+01:00,2025-01-12 09:22:00+01:00,6,home,Stuttgart,,DE,park,Stuttgart,,DE,leisure,,bicycle,,1.6,False,False,False
fa24552c-0be7-54c3-bdd4-4ed4be16ee29,99cb2bd6-228b-566d-a250-16290da30521,2025-01-13 07:39:00+01:00,2025-01-13 07:47:00+01:00,8,home,Stuttgart,,DE,school,Stuttgart,,DE,childcare,,bicycle,,2.0,False,False,False
582831b4-77b7-536d-be95-4b37faa1de37,99cb2bd6-228b-566d-a250-16290da30521,2025-01-13 07:52:00+01:00,2025-01-13 08:20:00+01:00,23,home,Stuttgart,,DE,office,Stuttgart,,DE,commute,,public_transport,,7.5,True,True,True
4bc85446-7dfa-5306-80f5-ccb10f617c62,99cb2bd6-228b-566d-a250-16290da30521,2025-01-13 14:14:00+01:00,2025-01-13 14:36:00+01:00,21,office,Stuttgart,,DE,home,Stuttgart,,DE,home_return,,public_transport,,7.3,True,True,True
674330ad-36ae-5839-a4f0-0873634c1f05,99cb2bd6-228b-566d-a250-16290da30521,2025-01-14 06:32:00+01:00,2025-01-14 06:38:00+01:00,6,home,Stuttgart,,DE,school,Stuttgart,,DE,childcare,,bicycle,,1.6,False,False,False
8492e719-54f8-5812-b67c-36a85c7bdd78,99cb2bd6-228b-566d-a250-16290da30521,2025-01-14 15:59:00+01:00,2025-01-14 16:17:00+01:00,18,home,Stuttgart,,DE,supermarket,Stuttgart,,DE,shopping,,car_sharing,,8.9,False,False,False
60e91310-c10b-599e-a35f-30f929e22b26,99cb2bd6-228b-566d-a250-16290da30521,2025-01-15 06:32:00+01:00,2025-01-15 06:39:00+01:00,7,home,Stuttgart,,DE,school,Stuttgart,,DE,childcare,,bicycle,,1.7,False,False,False
e6fd9bc7-4574-5433-bc6c-6189fd636c10,99cb2bd6-228b-566d-a250-16290da30521,2025-01-15 07:49:00+01:00,2025-01-15 08:12:00+01:00,21,home,Stuttgart,,DE,office,Stuttgart,,DE,commute,,public_transport,,8.01,True,True,True
6783ec20-d41b-5d5b-98eb-5e70cf9ccbd3,99cb2bd6-228b-566d-a250-16290da30521,2025-01-15 14:29:00+01:00,2025-01-15 14:53:00+01:00,21,office,Stuttgart,,DE,home,Stuttgart,,DE,home_return,,public_transport,,7.96,True,True,True
1d93c701-d409-53d9-af1b-7e5ce4545f17,99cb2bd6-228b-566d-a250-16290da30521,2025-01-16 07:11:00+01:00,2025-01-16 07:19:00+01:00,8,home,Stuttgart,,DE,school,Stuttgart,,DE,childcare,,bicycle,,1.9,False,False,False
67f2cb9c-9e77-5f9a-b87c-068576cfaf79,99cb2bd6-228b-566d-a250-16290da30521,2025-01-16 07:48:00+01:00,2025-01-16 08:15:00+01:00,22,home,Stuttgart,,DE,office,Stuttgart,,DE,commute,,public_transport,,8.06,True,True,True
3b8b838c-2247-5a90-b310-fba9d6e67b85,99cb2bd6-228b-566d-a250-16290da30521,2025-01-16 13:30:00+01:00,2025-01-16 13:54:00+01:00,22,office,Stuttgart,,DE,home,Stuttgart,,DE,home_return,,public_transport,,7.99,True,True,True
eca76155-c5a6-584a-8666-2c4b681486a0,99cb2bd6-228b-566d-a250-16290da30521,2025-01-17 07:41:00+01:00,2025-01-17 07:49:00+01:00,8,home,Stuttgart,,DE,school,Stuttgart,,DE,childcare,,bicycle,,2.0,False,False,False
d8966894-34df-5e7a-819b-46e7d61282f6,99cb2bd6-228b-566d-a250-16290da30521,2025-01-17 15:46:00+01:00,2025-01-17 15:59:00+01:00,13,home,Stuttgart,,DE,supermarket,Stuttgart,,DE,shopping,,car_sharing,,6.5,False,False,False
eb27174e-f3a5-5518-aa8a-e8950100c17f,99cb2bd6-228b-566d-a250-16290da30521,2025-01-18 09:27:00+01:00,2025-01-18 09:47:00+01:00,20,home,Stuttgart,,DE,park,Stuttgart,,DE,leisure,,bicycle,,5.0,False,False,False
01a7b55e-b409-55e7-80f1-f352e4313379,99cb2bd6-228b-566d-a250-16290da30521,2025-01-19 11:41:00+01:00,2025-01-19 12:08:00+01:00,27,home,Stuttgart,,DE,family_outing_spot,Stuttgart,,DE,leisure,,car_sharing,,13.6,False,False,False
577b80e6-4ec8-537b-a4bf-72a32e366dcf,99cb2bd6-228b-566d-a250-16290da30521,2025-01-20 07:18:00+01:00,2025-01-20 07:24:00+01:00,6,home,Stuttgart,,DE,school,Stuttgart,,DE,childcare,,bicycle,,1.6,False,False,False
240fc357-38df-5273-b977-a1296f3b3740,99cb2bd6-228b-566d-a250-16290da30521,2025-01-21 07:36:00+01:00,2025-01-21 07:44:00+01:00,8,home,Stuttgart,,DE,school,Stuttgart,,DE,childcare,,bicycle,,2.0,False,False,False
7502bbbc-419d-5b49-87b3-015f3a8417b3,99cb2bd6-228b-566d-a250-16290da30521,2025-01-21 16:28:00+01:00,2025-01-21 16:42:00+01:00,14,home,Stuttgart,,DE,supermarket,Stuttgart,,DE,shopping,,car_sharing,,6.9,False,False,False
6d01ce33-2065-5981-86ab-d0572650c3e1,99cb2bd6-228b-566d-a250-16290da30521,2025-01-22 07:08:00+01:00,2025-01-22 07:17:00+01:00,9,home,Stuttgart,,DE,school,Stuttgart,,DE,childcare,,bicycle,,2.2,False,False,False
33dc40ee-a879-58cc-9cca-553c680d9a3c,99cb2bd6-228b-566d-a250-16290da30521,2025-01-22 15:39:00+01:00,2025-01-22 16:01:00+01:00,22,home,Stuttgart,,DE,supermarket,Stuttgart,,DE,shopping,,car_sharing,,10.8,False,False,False
3b6bd1b0-235c-5b3f-b419-effde2d38744,99cb2bd6-228b-566d-a250-16290da30521,2025-01-23 07:27:00+01:00,2025-01-23 07:35:00+01:00,8,home,Stuttgart,,DE,school,Stuttgart,,DE,childcare,,bicycle,,2.0,False,False,False
a955a5d2-26de-51fd-a589-3e800c313ba4,99cb2bd6-228b-566d-a250-16290da30521,2025-01-23 07:40:00+01:00,2025-01-23 08:06:00+01:00,23,home,Stuttgart,,DE,office,Stuttgart,,DE,commute,,public_transport,,8.37,True,True,True
841b1e40-e92a-5e5b-a87e-9e01e864a83e,99cb2bd6-228b-566d-a250-16290da30521,2025-01-23 14:00:00+01:00,2025-01-23 14:25:00+01:00,24,office,Stuttgart,,DE,home,Stuttgart,,DE,home_return,,public_transport,,8.43,True,True,True
ed6a1d7b-7a30-5637-84ad-9f993fa063ef,99cb2bd6-228b-566d-a250-16290da30521,2025-01-23 16:16:00+01:00,2025-01-23 16:39:00+01:00,23,home,Stuttgart,,DE,supermarket,Stuttgart,,DE,shopping,,car_sharing,,11.6,False,False,False
af1fc910-b6d1-58c2-868b-edc1c5cc30e7,99cb2bd6-228b-566d-a250-16290da30521,2025-01-24 06:19:00+01:00,2025-01-24 06:26:00+01:00,7,home,Stuttgart,,DE,school,Stuttgart,,DE,childcare,,bicycle,,1.8,False,False,False
6c16c614-68f8-55d1-9461-1c2f336dc0dc,99cb2bd6-228b-566d-a250-16290da30521,2025-01-24 15:45:00+01:00,2025-01-24 15:52:00+01:00,7,home,Stuttgart,,DE,supermarket,Stuttgart,,DE,shopping,,car_sharing,,3.6,False,False,False
b84f3b0a-fdcb-5509-a418-37dcf60b0f7e,99cb2bd6-228b-566d-a250-16290da30521,2025-01-25 10:09:00+01:00,2025-01-25 10:46:00+01:00,37,home,Stuttgart,,DE,family_outing_spot,Stuttgart,,DE,errands,,car_sharing,,18.4,False,False,False
648bc9d9-3a81-52af-8646-320301557ade,99cb2bd6-228b-566d-a250-16290da30521,2025-01-26 10:35:00+01:00,2025-01-26 11:04:00+01:00,29,home,Stuttgart,,DE,family_outing_spot,Stuttgart,,DE,leisure,,car_sharing,,14.5,False,False,False
c6239d9b-c531-5cf2-8458-448b9ab500a5,99cb2bd6-228b-566d-a250-16290da30521,2025-01-26 09:40:00+01:00,2025-01-26 09:49:00+01:00,9,home,Stuttgart,,DE,park,Stuttgart,,DE,leisure,,bicycle,,2.2,False,False,False
1cdd4a35-938f-54a3-a97a-717055e5d805,99cb2bd6-228b-566d-a250-16290da30521,2025-01-27 07:36:00+01:00,2025-01-27 07:40:00+01:00,4,home,Stuttgart,,DE,school,Stuttgart,,DE,childcare,,bicycle,,0.9,False,False,False
5b93f10e-96e9-504e-b909-040b277c7554,99cb2bd6-228b-566d-a250-16290da30521,2025-01-28 06:29:00+01:00,2025-01-28 06:34:00+01:00,5,home,Stuttgart,,DE,school,Stuttgart,,DE,childcare,,bicycle,,1.2,False,False,False
f3d7d66b-4bd3-52f7-a30f-a76df8b3176e,99cb2bd6-228b-566d-a250-16290da30521,2025-01-29 07:32:00+01:00,2025-01-29 07:40:00+01:00,8,home,Stuttgart,,DE,school,Stuttgart,,DE,childcare,,bicycle,,2.1,False,False,False
ea695822-8039-5ccd-9e92-d1c592687648,99cb2bd6-228b-566d-a250-16290da30521,2025-01-30 07:32:00+01:00,2025-01-30 07:38:00+01:00,6,home,Stuttgart,,DE,school,Stuttgart,,DE,childcare,,bicycle,,1.4,False,False,False
df1f997a-8a77-597a-b267-9a7754b82323,99cb2bd6-228b-566d-a250-16290da30521,2025-01-31 06:26:00+01:00,2025-01-31 06:30:00+01:00,4,home,Stuttgart,,DE,school,Stuttgart,,DE,childcare,,bicycle,,0.9,False,False,False
2e47b900-3f9d-5ebe-bdab-097bc9bbca0f,99cb2bd6-228b-566d-a250-16290da30521,2025-02-02 11:00:00+01:00,2025-02-02 11:13:00+01:00,13,home,Stuttgart,,DE,family_outing_spot,Stuttgart,,DE,social,,car_sharing,,6.3,False,False,False
5d1abc7d-68d2-5767-870c-5c698210da8c,99cb2bd6-228b-566d-a250-16290da30521,2025-02-03 07:21:00+01:00,2025-02-03 07:28:00+01:00,7,home,Stuttgart,,DE,school,Stuttgart,,DE,childcare,,bicycle,,1.8,False,False,False
77e28024-32cd-5b0c-9176-65aae443289c,99cb2bd6-228b-566d-a250-16290da30521,2025-02-03 08:10:00+01:00,2025-02-03 08:32:00+01:00,21,home,Stuttgart,,DE,office,Stuttgart,,DE,commute,,public_transport,,7.7,True,True,True
7c25997e-4e66-5bc7-a8fb-cf0b10c648b9,99cb2bd6-228b-566d-a250-16290da30521,2025-02-03 14:04:00+01:00,2025-02-03 14:27:00+01:00,20,office,Stuttgart,,DE,home,Stuttgart,,DE,home_return,,public_transport,,7.62,True,True,True
2df306aa-6aba-5a8f-a232-dcf87fdc575b,99cb2bd6-228b-566d-a250-16290da30521,2025-02-03 15:50:00+01:00,2025-02-03 16:02:00+01:00,12,home,Stuttgart,,DE,supermarket,Stuttgart,,DE,shopping,,car_sharing,,6.1,False,False,False
80e0823d-0095-5331-a469-baf9e8bee42e,99cb2bd6-228b-566d-a250-16290da30521,2025-02-04 07:01:00+01:00,2025-02-04 07:06:00+01:00,5,home,Stuttgart,,DE,school,Stuttgart,,DE,childcare,,bicycle,,1.3,False,False,False
4ac491be-ea06-5b0c-8e7f-8ca0c1c6271e,99cb2bd6-228b-566d-a250-16290da30521,2025-02-05 06:35:00+01:00,2025-02-05 06:43:00+01:00,8,home,Stuttgart,,DE,school,Stuttgart,,DE,childcare,,bicycle,,1.9,False,False,False
93f32e36-2159-5c75-bb5b-ad42783cf646,99cb2bd6-228b-566d-a250-16290da30521,2025-02-05 07:46:00+01:00,2025-02-05 08:12:00+01:00,22,home,Stuttgart,,DE,office,Stuttgart,,DE,commute,,public_transport,,8.06,True,True,True
ba3af04c-585e-5ad8-97e7-1f28b1bcd8a9,99cb2bd6-228b-566d-a250-16290da30521,2025-02-05 13:32:00+01:00,2025-02-05 13:58:00+01:00,23,office,Stuttgart,,DE,home,Stuttgart,,DE,home_return,,public_transport,,8.12,True,True,True
2bb28e93-2943-5872-9910-b5bac2438da4,99cb2bd6-228b-566d-a250-16290da30521,2025-02-06 06:15:00+01:00,2025-02-06 06:23:00+01:00,8,home,Stuttgart,,DE,school,Stuttgart,,DE,childcare,,bicycle,,2.0,False,False,False
4b5b32dc-6650-5c1d-b9f5-eb235d911894,99cb2bd6-228b-566d-a250-16290da30521,2025-02-06 15:51:00+01:00,2025-02-06 16:11:00+01:00,20,home,Stuttgart,,DE,supermarket,Stuttgart,,DE,shopping,,car_sharing,,10.1,False,False,False
f5c77d1c-8fb0-52ea-bcef-2541ddfdfcdf,99cb2bd6-228b-566d-a250-16290da30521,2025-02-07 08:04:00+01:00,2025-02-07 08:27:00+01:00,21,home,Stuttgart,,DE,office,Stuttgart,,DE,commute,,public_transport,,7.69,True,True,True
9e8a29bd-2498-597e-a132-64976673caf0,99cb2bd6-228b-566d-a250-16290da30521,2025-02-07 13:34:00+01:00,2025-02-07 13:56:00+01:00,21,office,Stuttgart,,DE,home,Stuttgart,,DE,home_return,,public_transport,,7.76,True,True,True
5280f723-4f95-5b4a-9e4b-c39af327a209,99cb2bd6-228b-566d-a250-16290da30521,2025-02-07 16:30:00+01:00,2025-02-07 16:45:00+01:00,15,home,Stuttgart,,DE,supermarket,Stuttgart,,DE,shopping,,car_sharing,,7.7,False,False,False
f86df728-0edf-54b6-96e7-f6ef123de715,99cb2bd6-228b-566d-a250-16290da30521,2025-02-08 10:59:00+01:00,2025-02-08 11:16:00+01:00,17,home,Stuttgart,,DE,family_outing_spot,Stuttgart,,DE,social,,car_sharing,,8.6,False,False,False
fdb900ae-fd77-50e0-9971-490084101ce9,99cb2bd6-228b-566d-a250-16290da30521,2025-02-09 10:16:00+01:00,2025-02-09 10:53:00+01:00,37,home,Stuttgart,,DE,family_outing_spot,Stuttgart,,DE,errands,,car_sharing,,18.7,False,False,False
733eaced-11a0-5ddb-a17d-75c205bc0048,99cb2bd6-228b-566d-a250-16290da30521,2025-02-10 06:43:00+01:00,2025-02-10 06:51:00+01:00,8,home,Stuttgart,,DE,school,Stuttgart,,DE,childcare,,bicycle,,1.9,False,False,False
d5595ddb-c6b9-58d6-acc2-1cd662e74dab,99cb2bd6-228b-566d-a250-16290da30521,2025-02-10 16:00:00+01:00,2025-02-10 16:15:00+01:00,15,home,Stuttgart,,DE,supermarket,Stuttgart,,DE,shopping,,car_sharing,,7.4,False,False,False
4f72d9bd-fd9a-52bb-9f3f-e499ce452ef1,99cb2bd6-228b-566d-a250-16290da30521,2025-02-11 16:02:00+01:00,2025-02-11 16:24:00+01:00,22,home,Stuttgart,,DE,supermarket,Stuttgart,,DE,shopping,,car_sharing,,10.9,False,False,False
6e9e0274-3d22-5d57-9f1d-de5faefb3e2a,99cb2bd6-228b-566d-a250-16290da30521,2025-02-12 07:16:00+01:00,2025-02-12 07:23:00+01:00,7,home,Stuttgart,,DE,school,Stuttgart,,DE,childcare,,bicycle,,1.8,False,False,False
14f9191f-58c0-5123-8761-10fb96ef504e,99cb2bd6-228b-566d-a250-16290da30521,2025-02-12 15:33:00+01:00,2025-02-12 15:53:00+01:00,20,home,Stuttgart,,DE,supermarket,Stuttgart,,DE,shopping,,car_sharing,,10.0,False,False,False
ed87f448-9844-57ac-aaf9-2e51e20ce42b,99cb2bd6-228b-566d-a250-16290da30521,2025-02-13 07:49:00+01:00,2025-02-13 08:10:00+01:00,19,home,Stuttgart,,DE,office,Stuttgart,,DE,commute,,public_transport,,7.0,True,True,True
6531490c-0cb0-546e-8a9d-5454fa842168,99cb2bd6-228b-566d-a250-16290da30521,2025-02-13 13:48:00+01:00,2025-02-13 14:11:00+01:00,22,office,Stuttgart,,DE,home,Stuttgart,,DE,home_return,,public_transport,,7.27,True,True,True
4ec543e3-4b78-56b2-9d1c-d33c2456432f,99cb2bd6-228b-566d-a250-16290da30521,2025-02-15 11:55:00+01:00,2025-02-15 12:28:00+01:00,33,home,Stuttgart,,DE,family_outing_spot,Stuttgart,,DE,social,,car_sharing,,16.4,False,False,False
f0ec43c6-4972-5b36-8110-a44ac013340f,99cb2bd6-228b-566d-a250-16290da30521,2025-02-15 10:20:00+01:00,2025-02-15 10:33:00+01:00,13,home,Stuttgart,,DE,park,Stuttgart,,DE,leisure,,bicycle,,3.3,False,False,False
df925f74-2cc9-5750-a090-10ad85a8557e,99cb2bd6-228b-566d-a250-16290da30521,2025-02-16 10:44:00+01:00,2025-02-16 11:15:00+01:00,31,home,Stuttgart,,DE,family_outing_spot,Stuttgart,,DE,errands,,car_sharing,,15.6,False,False,False
5b99854d-2292-518d-89ba-14cbb82b159c,99cb2bd6-228b-566d-a250-16290da30521,2025-02-17 07:32:00+01:00,2025-02-17 07:37:00+01:00,5,home,Stuttgart,,DE,school,Stuttgart,,DE,childcare,,bicycle,,1.2,False,False,False
eb4aa902-d129-5624-b86d-1b156c86de1b,99cb2bd6-228b-566d-a250-16290da30521,2025-02-18 06:49:00+01:00,2025-02-18 06:54:00+01:00,5,home,Stuttgart,,DE,school,Stuttgart,,DE,childcare,,bicycle,,1.2,False,False,False
c00be293-5d80-5573-bca6-a47ab3399b56,99cb2bd6-228b-566d-a250-16290da30521,2025-02-19 06:51:00+01:00,2025-02-19 06:59:00+01:00,8,home,Stuttgart,,DE,school,Stuttgart,,DE,childcare,,bicycle,,2.0,False,False,False
9bda4361-ac9b-5035-9cab-3c203e4cd328,99cb2bd6-228b-566d-a250-16290da30521,2025-02-20 07:52:00+01:00,2025-02-20 08:13:00+01:00,20,home,Stuttgart,,DE,office,Stuttgart,,DE,commute,,public_transport,,7.64,True,True,True
59a63127-2ccf-5d0e-8865-cf2a5814a971,99cb2bd6-228b-566d-a250-16290da30521,2025-02-20 14:18:00+01:00,2025-02-20 14:43:00+01:00,24,office,Stuttgart,,DE,home,Stuttgart,,DE,home_return,,public_transport,,7.91,True,True,True
6097294b-6a06-5db5-b3b9-77cd61679a9a,99cb2bd6-228b-566d-a250-16290da30521,2025-02-21 07:08:00+01:00,2025-02-21 07:15:00+01:00,7,home,Stuttgart,,DE,school,Stuttgart,,DE,childcare,,bicycle,,1.7,False,False,False
c6192c69-605b-5814-9ff7-e875d00dd997,99cb2bd6-228b-566d-a250-16290da30521,2025-02-21 08:20:00+01:00,2025-02-21 08:41:00+01:00,18,home,Stuttgart,,DE,office,Stuttgart,,DE,commute,,public_transport,,7.43,True,True,True
cc8ba783-f96a-520d-aa41-18c853bbd155,99cb2bd6-228b-566d-a250-16290da30521,2025-02-21 14:14:00+01:00,2025-02-21 14:35:00+01:00,19,office,Stuttgart,,DE,home,Stuttgart,,DE,home_return,,public_transport,,7.59,True,True,True
0f1cf50c-4e7a-5e78-897a-0d5b581a4cab,99cb2bd6-228b-566d-a250-16290da30521,2025-02-21 15:55:00+01:00,2025-02-21 16:02:00+01:00,7,home,Stuttgart,,DE,supermarket,Stuttgart,,DE,shopping,,car_sharing,,3.3,False,False,False
f20f0191-6f31-59b4-bfe4-7c46da9f847e,99cb2bd6-228b-566d-a250-16290da30521,2025-02-22 09:59:00+01:00,2025-02-22 10:07:00+01:00,8,home,Stuttgart,,DE,park,Stuttgart,,DE,leisure,,bicycle,,2.0,False,False,False
54ce4253-f02d-5112-ba86-441dc66d4e07,99cb2bd6-228b-566d-a250-16290da30521,2025-02-24 08:12:00+01:00,2025-02-24 08:37:00+01:00,21,home,Stuttgart,,DE,office,Stuttgart,,DE,commute,,public_transport,,7.59,True,True,True
bb0a1535-d27b-5d6e-9031-b50ea8ff54ef,99cb2bd6-228b-566d-a250-16290da30521,2025-02-24 14:08:00+01:00,2025-02-24 14:32:00+01:00,20,office,Stuttgart,,DE,home,Stuttgart,,DE,home_return,,public_transport,,7.45,True,True,True
af0d1f7c-e7a6-5a1f-a26d-6fe96b000e3a,99cb2bd6-228b-566d-a250-16290da30521,2025-02-24 15:45:00+01:00,2025-02-24 15:56:00+01:00,11,home,Stuttgart,,DE,supermarket,Stuttgart,,DE,shopping,,car_sharing,,5.3,False,False,False
edab83be-77ea-589c-a3fd-ee495408167f,99cb2bd6-228b-566d-a250-16290da30521,2025-02-26 06:45:00+01:00,2025-02-26 06:50:00+01:00,5,home,Stuttgart,,DE,school,Stuttgart,,DE,childcare,,bicycle,,1.2,False,False,False
97c39bba-d85f-5580-8429-dbd49a6a5667,99cb2bd6-228b-566d-a250-16290da30521,2025-02-26 08:11:00+01:00,2025-02-26 08:36:00+01:00,21,home,Stuttgart,,DE,office,Stuttgart,,DE,commute,,public_transport,,7.49,True,True,True
4e3baadf-8e1d-5a48-9fdf-ba57424afaf0,99cb2bd6-228b-566d-a250-16290da30521,2025-02-26 13:39:00+01:00,2025-02-26 14:02:00+01:00,19,office,Stuttgart,,DE,home,Stuttgart,,DE,home_return,,public_transport,,7.27,True,True,True
8e74bbb7-2afb-5629-b445-4ccb4e2168b5,99cb2bd6-228b-566d-a250-16290da30521,2025-02-26 16:27:00+01:00,2025-02-26 16:49:00+01:00,22,home,Stuttgart,,DE,supermarket,Stuttgart,,DE,shopping,,car_sharing,,11.0,False,False,False
34379c4f-4782-5fa8-af9f-855dea016ff8,99cb2bd6-228b-566d-a250-16290da30521,2025-02-27 15:32:00+01:00,2025-02-27 15:39:00+01:00,7,home,Stuttgart,,DE,supermarket,Stuttgart,,DE,shopping,,car_sharing,,3.4,False,False,False
2b7bb73e-defb-56d0-8543-ec2cbb1d326d,99cb2bd6-228b-566d-a250-16290da30521,2025-02-28 15:33:00+01:00,2025-02-28 15:46:00+01:00,13,home,Stuttgart,,DE,supermarket,Stuttgart,,DE,shopping,,car_sharing,,6.5,False,False,False
ceb5593e-c85d-5afa-9c6c-0e9bb0a511bc,99cb2bd6-228b-566d-a250-16290da30521,2025-03-02 11:11:00+01:00,2025-03-02 11:24:00+01:00,13,home,Stuttgart,,DE,family_outing_spot,Stuttgart,,DE,leisure,,car_sharing,,6.3,False,False,False
9c9dff86-7cc5-5f52-8136-e1620c0c0aa7,99cb2bd6-228b-566d-a250-16290da30521,2025-03-02 10:03:00+01:00,2025-03-02 10:20:00+01:00,17,home,Stuttgart,,DE,park,Stuttgart,,DE,leisure,,bicycle,,4.3,False,False,False
5657e7f9-f102-53bc-93d6-61d967258aba,99cb2bd6-228b-566d-a250-16290da30521,2025-03-03 06:22:00+01:00,2025-03-03 06:29:00+01:00,7,home,Stuttgart,,DE,school,Stuttgart,,DE,childcare,,bicycle,,1.7,False,False,False
312729b3-089d-52a7-8f32-82fe9a6cd38a,99cb2bd6-228b-566d-a250-16290da30521,2025-03-03 16:27:00+01:00,2025-03-03 16:37:00+01:00,10,home,Stuttgart,,DE,supermarket,Stuttgart,,DE,shopping,,car_sharing,,5.1,False,False,False
b2221f00-c11b-5135-8db0-4aa193a54146,99cb2bd6-228b-566d-a250-16290da30521,2025-03-04 07:31:00+01:00,2025-03-04 07:35:00+01:00,4,home,Stuttgart,,DE,school,Stuttgart,,DE,childcare,,bicycle,,1.1,False,False,False
31831e84-ac86-5d9b-9bf4-8b7d6a9e173b,99cb2bd6-228b-566d-a250-16290da30521,2025-03-04 16:28:00+01:00,2025-03-04 16:34:00+01:00,6,home,Stuttgart,,DE,supermarket,Stuttgart,,DE,shopping,,car_sharing,,3.1,False,False,False
33fcea4b-a15e-51ed-b78d-407dedfaa058,99cb2bd6-228b-566d-a250-16290da30521,2025-03-06 07:25:00+01:00,2025-03-06 07:29:00+01:00,4,home,Stuttgart,,DE,school,Stuttgart,,DE,childcare,,bicycle,,1.1,False,False,False
c751027c-a886-5e3b-9ac1-262efca725bf,99cb2bd6-228b-566d-a250-16290da30521,2025-03-06 07:59:00+01:00,2025-03-06 08:18:00+01:00,18,home,Stuttgart,,DE,office,Stuttgart,,DE,commute,,public_transport,,6.98,True,True,True
06627d6b-1cfd-5a46-8acd-5bc434986691,99cb2bd6-228b-566d-a250-16290da30521,2025-03-06 14:11:00+01:00,2025-03-06 14:30:00+01:00,16,office,Stuttgart,,DE,home,Stuttgart,,DE,home_return,,public_transport,,6.82,True,True,True
7c35bf28-67f3-54f0-a8ba-1ea267146449,99cb2bd6-228b-566d-a250-16290da30521,2025-03-08 11:58:00+01:00,2025-03-08 12:30:00+01:00,32,home,Stuttgart,,DE,family_outing_spot,Stuttgart,,DE,leisure,,car_sharing,,16.1,False,False,False
e8e4aea1-301d-54d3-b6cb-e66f942756f8,99cb2bd6-228b-566d-a250-16290da30521,2025-03-08 09:54:00+01:00,2025-03-08 10:05:00+01:00,11,home,Stuttgart,,DE,park,Stuttgart,,DE,leisure,,bicycle,,2.8,False,False,False
2e7368cc-25a9-55bc-a2f4-4a6f47525eb3,99cb2bd6-228b-566d-a250-16290da30521,2025-03-10 07:20:00+01:00,2025-03-10 07:27:00+01:00,7,home,Stuttgart,,DE,school,Stuttgart,,DE,childcare,,bicycle,,1.7,False,False,False
5d9191ff-958d-5f1c-aedf-5774a2c0cf18,99cb2bd6-228b-566d-a250-16290da30521,2025-03-10 08:20:00+01:00,2025-03-10 08:45:00+01:00,20,home,Stuttgart,,DE,office,Stuttgart,,DE,commute,,public_transport,,8.23,True,True,True
1d7c51e1-fdf0-5558-909d-daf2cf4e2e8f,99cb2bd6-228b-566d-a250-16290da30521,2025-03-10 13:59:00+01:00,2025-03-10 14:29:00+01:00,26,office,Stuttgart,,DE,home,Stuttgart,,DE,home_return,,public_transport,,8.81,True,True,True
8033d715-61cb-5e86-8024-6ce7b1832d9e,99cb2bd6-228b-566d-a250-16290da30521,2025-03-11 07:45:00+01:00,2025-03-11 08:14:00+01:00,24,home,Stuttgart,,DE,office,Stuttgart,,DE,commute,,public_transport,,8.61,True,True,True
03c8dc4a-b1e3-5562-b0c1-1713f1508d5f,99cb2bd6-228b-566d-a250-16290da30521,2025-03-11 14:13:00+01:00,2025-03-11 14:39:00+01:00,21,office,Stuttgart,,DE,home,Stuttgart,,DE,home_return,,public_transport,,8.36,True,True,True
c932fed5-2403-546f-820d-1039b4c318f2,99cb2bd6-228b-566d-a250-16290da30521,2025-03-12 06:52:00+01:00,2025-03-12 06:59:00+01:00,7,home,Stuttgart,,DE,school,Stuttgart,,DE,childcare,,bicycle,,1.7,False,False,False
7c89847d-62b6-54fa-a76e-b95c21cfbf27,99cb2bd6-228b-566d-a250-16290da30521,2025-03-12 07:47:00+01:00,2025-03-12 08:11:00+01:00,20,home,Stuttgart,,DE,office,Stuttgart,,DE,commute,,public_transport,,7.82,True,True,True
a9dc1fbc-1141-5030-b05b-9ad17befbdd3,99cb2bd6-228b-566d-a250-16290da30521,2025-03-12 14:00:00+01:00,2025-03-12 14:27:00+01:00,24,office,Stuttgart,,DE,home,Stuttgart,,DE,home_return,,public_transport,,8.07,True,True,True
e0ab198b-893e-58fb-8d41-d3ff73e2d086,99cb2bd6-228b-566d-a250-16290da30521,2025-03-13 07:09:00+01:00,2025-03-13 07:17:00+01:00,8,home,Stuttgart,,DE,school,Stuttgart,,DE,childcare,,bicycle,,1.9,False,False,False
4e61e117-8359-5753-a790-40a4bbd89b46,99cb2bd6-228b-566d-a250-16290da30521,2025-03-14 06:31:00+01:00,2025-03-14 06:39:00+01:00,8,home,Stuttgart,,DE,school,Stuttgart,,DE,childcare,,bicycle,,2.0,False,False,False
2b9ad884-4663-511b-996a-c5f8a29d9b64,99cb2bd6-228b-566d-a250-16290da30521,2025-03-15 11:07:00+01:00,2025-03-15 11:24:00+01:00,17,home,Stuttgart,,DE,family_outing_spot,Stuttgart,,DE,social,,car_sharing,,8.5,False,False,False
d9005113-f70e-573c-9f13-d7c551051c9d,99cb2bd6-228b-566d-a250-16290da30521,2025-03-16 11:52:00+01:00,2025-03-16 12:24:00+01:00,32,home,Stuttgart,,DE,family_outing_spot,Stuttgart,,DE,errands,,car_sharing,,15.9,False,False,False
6a5fec2b-0c73-577b-8d1b-9cf38a930621,99cb2bd6-228b-566d-a250-16290da30521,2025-03-17 07:30:00+01:00,2025-03-17 07:36:00+01:00,6,home,Stuttgart,,DE,school,Stuttgart,,DE,childcare,,bicycle,,1.4,False,False,False
9b9bbabe-86bf-55a2-bccb-d685586ca678,99cb2bd6-228b-566d-a250-16290da30521,2025-03-17 08:12:00+01:00,2025-03-17 08:40:00+01:00,23,home,Stuttgart,,DE,office,Stuttgart,,DE,commute,,public_transport,,7.8,True,True,True
0ea076d5-0dc0-55f3-a002-bf410238fb8f,99cb2bd6-228b-566d-a250-16290da30521,2025-03-17 13:42:00+01:00,2025-03-17 14:09:00+01:00,23,office,Stuttgart,,DE,home,Stuttgart,,DE,home_return,,public_transport,,7.87,True,True,True
03c7cb5e-605a-5258-8665-9a2637104aff,99cb2bd6-228b-566d-a250-16290da30521,2025-03-18 07:32:00+01:00,2025-03-18 07:40:00+01:00,8,home,Stuttgart,,DE,school,Stuttgart,,DE,childcare,,bicycle,,2.1,False,False,False
c8c95b02-1837-51a1-a948-34bcda35651b,99cb2bd6-228b-566d-a250-16290da30521,2025-03-19 07:29:00+01:00,2025-03-19 07:34:00+01:00,5,home,Stuttgart,,DE,school,Stuttgart,,DE,childcare,,bicycle,,1.2,False,False,False
a567e836-45fd-5ed0-8745-13ed7346eeb2,99cb2bd6-228b-566d-a250-16290da30521,2025-03-19 07:48:00+01:00,2025-03-19 08:14:00+01:00,22,home,Stuttgart,,DE,office,Stuttgart,,DE,commute,,public_transport,,7.89,True,True,True
3b20bbcb-086f-5427-8055-4b63ca19d788,99cb2bd6-228b-566d-a250-16290da30521,2025-03-19 13:57:00+01:00,2025-03-19 14:22:00+01:00,21,office,Stuttgart,,DE,home,Stuttgart,,DE,home_return,,public_transport,,7.84,True,True,True
53159661-f73c-575c-ad4f-7346d513adbd,99cb2bd6-228b-566d-a250-16290da30521,2025-03-19 16:28:00+01:00,2025-03-19 16:49:00+01:00,21,home,Stuttgart,,DE,supermarket,Stuttgart,,DE,shopping,,car_sharing,,10.5,False,False,False
71b8ed43-43dd-53a0-82f5-8624ae340d9c,99cb2bd6-228b-566d-a250-16290da30521,2025-03-22 11:54:00+01:00,2025-03-22 12:27:00+01:00,33,home,Stuttgart,,DE,family_outing_spot,Stuttgart,,DE,leisure,,car_sharing,,16.6,False,False,False
85d8526d-b1b0-5086-aedf-9d5595aca5b3,99cb2bd6-228b-566d-a250-16290da30521,2025-03-23 10:08:00+01:00,2025-03-23 10:35:00+01:00,27,home,Stuttgart,,DE,family_outing_spot,Stuttgart,,DE,social,,car_sharing,,13.7,False,False,False
62d6ceec-9fa6-5782-8d5f-c9d2b3eb2466,99cb2bd6-228b-566d-a250-16290da30521,2025-03-23 10:50:00+01:00,2025-03-23 11:09:00+01:00,19,home,Stuttgart,,DE,park,Stuttgart,,DE,leisure,,bicycle,,4.8,False,False,False
e2648254-ede8-59ab-b5b3-4857853d533e,99cb2bd6-228b-566d-a250-16290da30521,2025-03-24 07:23:00+01:00,2025-03-24 07:31:00+01:00,8,home,Stuttgart,,DE,school,Stuttgart,,DE,childcare,,bicycle,,1.9,False,False,False
6df8643e-a908-5fb5-9620-8f6deefbb303,99cb2bd6-228b-566d-a250-16290da30521,2025-03-24 07:59:00+01:00,2025-03-24 08:22:00+01:00,20,home,Stuttgart,,DE,office,Stuttgart,,DE,commute,,public_transport,,7.19,True,True,True
0e500da0-56e2-5240-8a4e-d8a242c1b710,99cb2bd6-228b-566d-a250-16290da30521,2025-03-24 13:30:00+01:00,2025-03-24 13:52:00+01:00,19,office,Stuttgart,,DE,home,Stuttgart,,DE,home_return,,public_transport,,7.17,True,True,True
c3c8044d-8a8e-59e3-bbe3-2960e7e7f0ee,99cb2bd6-228b-566d-a250-16290da30521,2025-03-25 07:17:00+01:00,2025-03-25 07:23:00+01:00,6,home,Stuttgart,,DE,school,Stuttgart,,DE,childcare,,bicycle,,1.4,False,False,False
d45f4379-47e2-5f2d-b582-f2012384699c,99cb2bd6-228b-566d-a250-16290da30521,2025-03-25 07:54:00+01:00,2025-03-25 08:19:00+01:00,20,home,Stuttgart,,DE,office,Stuttgart,,DE,commute,,public_transport,,7.16,True,True,True
6ef65e77-0b68-553e-bc09-f0cd8353b8e9,99cb2bd6-228b-566d-a250-16290da30521,2025-03-25 13:37:00+01:00,2025-03-25 14:03:00+01:00,23,office,Stuttgart,,DE,home,Stuttgart,,DE,home_return,,public_transport,,7.37,True,True,True
20cf5fd8-a941-5818-aeef-06c1c3b6dee9,99cb2bd6-228b-566d-a250-16290da30521,2025-03-25 16:23:00+01:00,2025-03-25 16:38:00+01:00,15,home,Stuttgart,,DE,supermarket,Stuttgart,,DE,shopping,,car_sharing,,7.6,False,False,False
3d627700-d6a2-52ea-a9ff-b3d56e3b95de,99cb2bd6-228b-566d-a250-16290da30521,2025-03-26 06:17:00+01:00,2025-03-26 06:21:00+01:00,4,home,Stuttgart,,DE,school,Stuttgart,,DE,childcare,,bicycle,,1.0,False,False,False
51422133-5c3e-52a4-8dd1-1e1ddb26f142,99cb2bd6-228b-566d-a250-16290da30521,2025-03-27 08:06:00+01:00,2025-03-27 08:32:00+01:00,21,home,Stuttgart,,DE,office,Stuttgart,,DE,commute,,public_transport,,8.23,True,True,True
8590f41a-b3d4-585f-906c-1ed57e90afec,99cb2bd6-228b-566d-a250-16290da30521,2025-03-27 13:40:00+01:00,2025-03-27 14:05:00+01:00,21,office,Stuttgart,,DE,home,Stuttgart,,DE,home_return,,public_transport,,8.16,True,True,True
d6f0a2b8-3b40-5ac8-9b86-8239392f3fd6,99cb2bd6-228b-566d-a250-16290da30521,2025-03-27 15:46:00+01:00,2025-03-27 15:54:00+01:00,8,home,Stuttgart,,DE,supermarket,Stuttgart,,DE,shopping,,car_sharing,,4.2,False,False,False
dbe8612d-bddf-540e-8e1e-196684a0d532,99cb2bd6-228b-566d-a250-16290da30521,2025-03-29 10:46:00+01:00,2025-03-29 11:20:00+01:00,34,home,Stuttgart,,DE,family_outing_spot,Stuttgart,,DE,errands,,car_sharing,,17.1,False,False,False
93328b91-1a0d-52dd-9483-8498ae89e276,99cb2bd6-228b-566d-a250-16290da30521,2025-03-30 10:43:00+01:00,2025-03-30 10:47:00+01:00,4,home,Stuttgart,,DE,park,Stuttgart,,DE,leisure,,bicycle,,1.1,False,False,False
e04b5ce1-791b-5e39-83f5-343525a99bd7,99cb2bd6-228b-566d-a250-16290da30521,2025-04-01 08:18:00+01:00,2025-04-01 08:43:00+01:00,21,home,Stuttgart,,DE,office,Stuttgart,,DE,commute,,public_transport,,8.28,True,True,True
6c97edc9-1ab8-5e4c-94c4-6d224e49e16a,99cb2bd6-228b-566d-a250-16290da30521,2025-04-01 14:16:00+01:00,2025-04-01 14:42:00+01:00,24,office,Stuttgart,,DE,home,Stuttgart,,DE,home_return,,public_transport,,8.52,True,True,True
9416850f-cbc8-5749-9512-c24443789ac3,99cb2bd6-228b-566d-a250-16290da30521,2025-04-02 07:44:00+01:00,2025-04-02 08:13:00+01:00,24,home,Stuttgart,,DE,office,Stuttgart,,DE,commute,,public_transport,,7.81,True,True,True
6f647a3b-9626-5d39-83f7-52d1d70f3839,99cb2bd6-228b-566d-a250-16290da30521,2025-04-02 14:12:00+01:00,2025-04-02 14:35:00+01:00,18,office,Stuttgart,,DE,home,Stuttgart,,DE,home_return,,public_transport,,7.38,True,True,True
ae2d374f-d445-595b-a5d7-5e80a4c5085e,99cb2bd6-228b-566d-a250-16290da30521,2025-04-03 06:52:00+01:00,2025-04-03 06:56:00+01:00,4,home,Stuttgart,,DE,school,Stuttgart,,DE,childcare,,bicycle,,1.1,False,False,False
3f4efc7e-eeaf-55b9-b83b-abcf6a6a8724,99cb2bd6-228b-566d-a250-16290da30521,2025-04-06 10:46:00+01:00,2025-04-06 11:06:00+01:00,20,home,Stuttgart,,DE,park,Stuttgart,,DE,leisure,,bicycle,,4.9,False,False,False
edd27336-5474-5362-84e1-032e99de9f0b,99cb2bd6-228b-566d-a250-16290da30521,2025-04-07 07:39:00+01:00,2025-04-07 07:43:00+01:00,4,home,Stuttgart,,DE,school,Stuttgart,,DE,childcare,,bicycle,,1.0,False,False,False
2bd54b3f-e563-5581-a8d8-61447d6b1242,99cb2bd6-228b-566d-a250-16290da30521,2025-04-07 07:40:00+01:00,2025-04-07 08:06:00+01:00,23,home,Stuttgart,,DE,office,Stuttgart,,DE,commute,,public_transport,,7.89,True,True,True
d2429379-c21b-563a-934d-d030d8f2388f,99cb2bd6-228b-566d-a250-16290da30521,2025-04-07 14:19:00+01:00,2025-04-07 14:45:00+01:00,21,office,Stuttgart,,DE,home,Stuttgart,,DE,home_return,,public_transport,,7.81,True,True,True
f279b605-d289-571a-8213-cb03fb1eb914,99cb2bd6-228b-566d-a250-16290da30521,2025-04-08 07:10:00+01:00,2025-04-08 07:15:00+01:00,5,home,Stuttgart,,DE,school,Stuttgart,,DE,childcare,,bicycle,,1.2,False,False,False
3f6f7da3-eb0f-5ea9-8e67-f26d3bfc55cf,99cb2bd6-228b-566d-a250-16290da30521,2025-04-09 06:54:00+01:00,2025-04-09 06:58:00+01:00,4,home,Stuttgart,,DE,school,Stuttgart,,DE,childcare,,bicycle,,0.8,False,False,False
2b24cacd-d394-550c-be3f-674ea17c2380,99cb2bd6-228b-566d-a250-16290da30521,2025-04-09 07:42:00+01:00,2025-04-09 08:09:00+01:00,23,home,Stuttgart,,DE,office,Stuttgart,,DE,commute,,public_transport,,8.49,True,True,True
b879c474-55e6-5e10-bd6f-f32ef304f33a,99cb2bd6-228b-566d-a250-16290da30521,2025-04-09 14:16:00+01:00,2025-04-09 14:38:00+01:00,20,office,Stuttgart,,DE,home,Stuttgart,,DE,home_return,,public_transport,,8.22,True,True,True
ec5d0ff6-5b7d-5bf8-b287-5644b7372337,99cb2bd6-228b-566d-a250-16290da30521,2025-04-11 07:17:00+01:00,2025-04-11 07:23:00+01:00,6,home,Stuttgart,,DE,school,Stuttgart,,DE,childcare,,bicycle,,1.4,False,False,False
a80936f8-ba2f-5331-bbe0-6ca7acca07f9,99cb2bd6-228b-566d-a250-16290da30521,2025-04-12 11:25:00+01:00,2025-04-12 11:59:00+01:00,34,home,Stuttgart,,DE,family_outing_spot,Stuttgart,,DE,errands,,car_sharing,,16.8,False,False,False
fb9846bc-3d98-5973-a8ad-16ff02f2ba59,99cb2bd6-228b-566d-a250-16290da30521,2025-04-13 10:53:00+01:00,2025-04-13 11:31:00+01:00,38,home,Stuttgart,,DE,family_outing_spot,Stuttgart,,DE,leisure,,car_sharing,,18.9,False,False,False
a63be91f-27a6-5876-97cd-77f262fc0b5d,99cb2bd6-228b-566d-a250-16290da30521,2025-04-14 07:41:00+01:00,2025-04-14 07:46:00+01:00,5,home,Stuttgart,,DE,school,Stuttgart,,DE,childcare,,bicycle,,1.3,False,False,False
ae41ef2a-a162-5685-8390-b00d537e346b,99cb2bd6-228b-566d-a250-16290da30521,2025-04-14 15:31:00+01:00,2025-04-14 15:55:00+01:00,24,home,Stuttgart,,DE,supermarket,Stuttgart,,DE,shopping,,car_sharing,,11.9,False,False,False
615e5bd7-ebdc-5f50-8168-8117da95423f,99cb2bd6-228b-566d-a250-16290da30521,2025-04-15 07:54:00+01:00,2025-04-15 08:17:00+01:00,19,home,Stuttgart,,DE,office,Stuttgart,,DE,commute,,public_transport,,7.29,True,True,True
f2c4f822-f804-5287-b966-09b7017cd84a,99cb2bd6-228b-566d-a250-16290da30521,2025-04-15 14:19:00+01:00,2025-04-15 14:44:00+01:00,23,office,Stuttgart,,DE,home,Stuttgart,,DE,home_return,,public_transport,,7.59,True,True,True
742ab1db-56cf-52e5-adc1-81a868495c24,99cb2bd6-228b-566d-a250-16290da30521,2025-04-16 06:57:00+01:00,2025-04-16 07:05:00+01:00,8,home,Stuttgart,,DE,school,Stuttgart,,DE,childcare,,bicycle,,2.0,False,False,False
763332b8-f52d-5ca5-9adb-788cb9ec0a36,99cb2bd6-228b-566d-a250-16290da30521,2025-04-17 07:39:00+01:00,2025-04-17 07:43:00+01:00,4,home,Stuttgart,,DE,school,Stuttgart,,DE,childcare,,bicycle,,1.0,False,False,False
d962e25d-e3a1-58a6-b58a-2ad8cdc3c83a,99cb2bd6-228b-566d-a250-16290da30521,2025-04-17 07:50:00+01:00,2025-04-17 08:16:00+01:00,22,home,Stuttgart,,DE,office,Stuttgart,,DE,commute,,public_transport,,8.49,True,True,True
7786a17d-1fa9-55a7-97bc-b05889426cef,99cb2bd6-228b-566d-a250-16290da30521,2025-04-17 13:39:00+01:00,2025-04-17 14:09:00+01:00,26,office,Stuttgart,,DE,home,Stuttgart,,DE,home_return,,public_transport,,8.79,True,True,True
266b9c1a-ce60-57fc-98e3-88d13a5706c0,99cb2bd6-228b-566d-a250-16290da30521,2025-04-18 07:22:00+01:00,2025-04-18 07:29:00+01:00,7,home,Stuttgart,,DE,school,Stuttgart,,DE,childcare,,bicycle,,1.8,False,False,False
b8a930aa-871a-5319-be23-97e4d4caa86e,99cb2bd6-228b-566d-a250-16290da30521,2025-04-18 08:02:00+01:00,2025-04-18 08:22:00+01:00,19,home,Stuttgart,,DE,office,Stuttgart,,DE,commute,,public_transport,,7.21,True,True,True
7a80b577-d924-5f6c-b55b-c7a1986e569e,99cb2bd6-228b-566d-a250-16290da30521,2025-04-18 14:18:00+01:00,2025-04-18 14:43:00+01:00,20,office,Stuttgart,,DE,home,Stuttgart,,DE,home_return,,public_transport,,7.32,True,True,True
e6226ef0-35ae-53f5-9375-7498a2984df6,99cb2bd6-228b-566d-a250-16290da30521,2025-04-20 10:44:00+01:00,2025-04-20 11:14:00+01:00,30,home,Stuttgart,,DE,family_outing_spot,Stuttgart,,DE,errands,,car_sharing,,15.0,False,False,False
da82c2d6-0cb9-5609-b062-2c98e568e274,99cb2bd6-228b-566d-a250-16290da30521,2025-04-21 07:44:00+01:00,2025-04-21 07:51:00+01:00,7,home,Stuttgart,,DE,school,Stuttgart,,DE,childcare,,bicycle,,1.8,False,False,False
1c3a25c3-f38b-57f8-9ffa-a277e335e16b,99cb2bd6-228b-566d-a250-16290da30521,2025-04-21 16:24:00+01:00,2025-04-21 16:33:00+01:00,9,home,Stuttgart,,DE,supermarket,Stuttgart,,DE,shopping,,car_sharing,,4.7,False,False,False
ca52c6d2-1ddc-58de-8dd9-3fb8225a1da8,99cb2bd6-228b-566d-a250-16290da30521,2025-04-22 06:47:00+01:00,2025-04-22 06:51:00+01:00,4,home,Stuttgart,,DE,school,Stuttgart,,DE,childcare,,bicycle,,1.1,False,False,False
ac7fcca7-7583-56c5-8f3c-2a688d017ae9,99cb2bd6-228b-566d-a250-16290da30521,2025-04-22 15:50:00+01:00,2025-04-22 15:58:00+01:00,8,home,Stuttgart,,DE,supermarket,Stuttgart,,DE,shopping,,car_sharing,,3.8,False,False,False
44410b26-f0d6-582a-a997-6357bd914b84,99cb2bd6-228b-566d-a250-16290da30521,2025-04-23 06:36:00+01:00,2025-04-23 06:42:00+01:00,6,home,Stuttgart,,DE,school,Stuttgart,,DE,childcare,,bicycle,,1.4,False,False,False
c883890f-6b95-5187-b642-ea6b186aff88,99cb2bd6-228b-566d-a250-16290da30521,2025-04-23 08:07:00+01:00,2025-04-23 08:28:00+01:00,20,home,Stuttgart,,DE,office,Stuttgart,,DE,commute,,public_transport,,7.14,True,True,True
c5db861f-0333-5859-b8c4-3947181d56df,99cb2bd6-228b-566d-a250-16290da30521,2025-04-23 14:20:00+01:00,2025-04-23 14:41:00+01:00,20,office,Stuttgart,,DE,home,Stuttgart,,DE,home_return,,public_transport,,7.24,True,True,True
978a2c2f-692e-5dde-b25e-00715346b35c,99cb2bd6-228b-566d-a250-16290da30521,2025-04-24 07:32:00+01:00,2025-04-24 07:36:00+01:00,4,home,Stuttgart,,DE,school,Stuttgart,,DE,childcare,,bicycle,,1.1,False,False,False
f2294e73-c2a1-5cc9-891d-69744166e524,99cb2bd6-228b-566d-a250-16290da30521,2025-04-24 07:55:00+01:00,2025-04-24 08:17:00+01:00,21,home,Stuttgart,,DE,office,Stuttgart,,DE,commute,,public_transport,,8.22,True,True,True
048bff03-8afd-5f40-b2a1-a3b7847e85eb,99cb2bd6-228b-566d-a250-16290da30521,2025-04-24 14:01:00+01:00,2025-04-24 14:24:00+01:00,22,office,Stuttgart,,DE,home,Stuttgart,,DE,home_return,,public_transport,,8.21,True,True,True
83d953ad-f356-57c6-8f61-4ba3adfdc085,99cb2bd6-228b-566d-a250-16290da30521,2025-04-26 10:53:00+01:00,2025-04-26 11:23:00+01:00,30,home,Stuttgart,,DE,family_outing_spot,Stuttgart,,DE,social,,car_sharing,,15.2,False,False,False
23167c2d-e3a9-5c34-a2f0-78589a3dd90a,99cb2bd6-228b-566d-a250-16290da30521,2025-04-27 10:35:00+01:00,2025-04-27 10:50:00+01:00,15,home,Stuttgart,,DE,family_outing_spot,Stuttgart,,DE,leisure,,car_sharing,,7.6,False,False,False
6d4daac1-e0b2-588f-a420-1c508d0224c5,99cb2bd6-228b-566d-a250-16290da30521,2025-04-28 06:19:00+01:00,2025-04-28 06:25:00+01:00,6,home,Stuttgart,,DE,school,Stuttgart,,DE,childcare,,bicycle,,1.6,False,False,False
d80e6c9c-f46b-553f-aa7b-21ec20a614e9,99cb2bd6-228b-566d-a250-16290da30521,2025-04-28 07:58:00+01:00,2025-04-28 08:22:00+01:00,21,home,Stuttgart,,DE,office,Stuttgart,,DE,commute,,public_transport,,8.27,True,True,True
06cb96a7-b725-57f0-bfd2-fd699200bd0d,99cb2bd6-228b-566d-a250-16290da30521,2025-04-28 13:45:00+01:00,2025-04-28 14:09:00+01:00,22,office,Stuttgart,,DE,home,Stuttgart,,DE,home_return,,public_transport,,8.38,True,True,True
6a78b9d8-e537-531f-b804-e77e1ffca2fa,99cb2bd6-228b-566d-a250-16290da30521,2025-04-29 06:31:00+01:00,2025-04-29 06:35:00+01:00,4,home,Stuttgart,,DE,school,Stuttgart,,DE,childcare,,bicycle,,1.1,False,False,False
f07fc5c6-2599-5c17-acb2-5a5ec43b83c2,99cb2bd6-228b-566d-a250-16290da30521,2025-04-30 06:23:00+01:00,2025-04-30 06:29:00+01:00,6,home,Stuttgart,,DE,school,Stuttgart,,DE,childcare,,bicycle,,1.6,False,False,False
38b5925e-9ad9-587d-b2d9-79df1ee894f3,99cb2bd6-228b-566d-a250-16290da30521,2025-04-30 07:58:00+01:00,2025-04-30 08:19:00+01:00,20,home,Stuttgart,,DE,office,Stuttgart,,DE,commute,,public_transport,,7.82,True,True,True
8f8bc7d2-3772-5a13-94ae-95400ae4189f,99cb2bd6-228b-566d-a250-16290da30521,2025-04-30 14:15:00+01:00,2025-04-30 14:42:00+01:00,23,office,Stuttgart,,DE,home,Stuttgart,,DE,home_return,,public_transport,,8.0,True,True,True
4c2f5e94-cd0f-5669-8dcf-186a3481a43d,99cb2bd6-228b-566d-a250-16290da30521,2025-05-01 07:50:00+01:00,2025-05-01 08:13:00+01:00,19,home,Stuttgart,,DE,office,Stuttgart,,DE,commute,,public_transport,,7.03,True,True,True
521ba062-35ca-582b-84b0-f1c2e01e413c,99cb2bd6-228b-566d-a250-16290da30521,2025-05-01 14:11:00+01:00,2025-05-01 14:33:00+01:00,20,office,Stuttgart,,DE,home,Stuttgart,,DE,home_return,,public_transport,,7.03,True,True,True
0ea73e06-c42b-5351-8842-8fb64e8993dd,99cb2bd6-228b-566d-a250-16290da30521,2025-05-01 15:59:00+01:00,2025-05-01 16:17:00+01:00,18,home,Stuttgart,,DE,supermarket,Stuttgart,,DE,shopping,,car_sharing,,9.1,False,False,False
528c3894-aad5-5c07-aa32-54d0a23b87f8,99cb2bd6-228b-566d-a250-16290da30521,2025-05-02 06:58:00+01:00,2025-05-02 07:06:00+01:00,8,home,Stuttgart,,DE,school,Stuttgart,,DE,childcare,,bicycle,,1.9,False,False,False
fa17b6b5-3a5e-52d1-bd0a-68060ff3ab7b,99cb2bd6-228b-566d-a250-16290da30521,2025-05-02 15:37:00+01:00,2025-05-02 15:46:00+01:00,9,home,Stuttgart,,DE,supermarket,Stuttgart,,DE,shopping,,car_sharing,,4.5,False,False,False
980cfa09-e5c8-5a14-bd38-3714b3dffca9,99cb2bd6-228b-566d-a250-16290da30521,2025-05-03 10:06:00+01:00,2025-05-03 10:34:00+01:00,28,home,Stuttgart,,DE,family_outing_spot,Stuttgart,,DE,social,,car_sharing,,14.2,False,False,False
abf96176-a687-5f66-9474-55a5bbec7c9d,99cb2bd6-228b-566d-a250-16290da30521,2025-05-04 10:10:00+01:00,2025-05-04 10:16:00+01:00,6,home,Stuttgart,,DE,park,Stuttgart,,DE,leisure,,bicycle,,1.4,False,False,False
51829226-566e-5d47-9b3d-fce449d7caa6,99cb2bd6-228b-566d-a250-16290da30521,2025-05-05 06:56:00+01:00,2025-05-05 07:00:00+01:00,4,home,Stuttgart,,DE,school,Stuttgart,,DE,childcare,,bicycle,,0.9,False,False,False
a17e4942-9588-5630-9d08-8320385f3c55,99cb2bd6-228b-566d-a250-16290da30521,2025-05-06 07:00:00+01:00,2025-05-06 07:08:00+01:00,8,home,Stuttgart,,DE,school,Stuttgart,,DE,childcare,,bicycle,,1.9,False,False,False
bc8af1f7-e55c-55cf-b17b-1e217edc0a87,99cb2bd6-228b-566d-a250-16290da30521,2025-05-07 06:59:00+01:00,2025-05-07 07:06:00+01:00,7,home,Stuttgart,,DE,school,Stuttgart,,DE,childcare,,bicycle,,1.7,False,False,False
c37686a7-1415-5e14-a542-2895a19930ab,99cb2bd6-228b-566d-a250-16290da30521,2025-05-08 06:22:00+01:00,2025-05-08 06:30:00+01:00,8,home,Stuttgart,,DE,school,Stuttgart,,DE,childcare,,bicycle,,2.0,False,False,False
ae76728f-86ac-5c42-9712-b07869d4a858,99cb2bd6-228b-566d-a250-16290da30521,2025-05-08 07:51:00+01:00,2025-05-08 08:18:00+01:00,23,home,Stuttgart,,DE,office,Stuttgart,,DE,commute,,public_transport,,7.32,True,True,True
d6c700e7-dc41-532b-afcf-828c6b3b9993,99cb2bd6-228b-566d-a250-16290da30521,2025-05-08 14:03:00+01:00,2025-05-08 14:27:00+01:00,19,office,Stuttgart,,DE,home,Stuttgart,,DE,home_return,,public_transport,,6.92,True,True,True
b2a42f22-c21f-5fd2-8cca-3dbbf37c7666,99cb2bd6-228b-566d-a250-16290da30521,2025-05-08 16:10:00+01:00,2025-05-08 16:33:00+01:00,23,home,Stuttgart,,DE,supermarket,Stuttgart,,DE,shopping,,car_sharing,,11.5,False,False,False
d82096ba-98ea-568e-8ae3-cf06103b0b60,99cb2bd6-228b-566d-a250-16290da30521,2025-05-09 07:19:00+01:00,2025-05-09 07:25:00+01:00,6,home,Stuttgart,,DE,school,Stuttgart,,DE,childcare,,bicycle,,1.6,False,False,False
5de27933-4bac-5b64-a873-60b6760a696d,99cb2bd6-228b-566d-a250-16290da30521,2025-05-09 15:33:00+01:00,2025-05-09 15:51:00+01:00,18,home,Stuttgart,,DE,supermarket,Stuttgart,,DE,shopping,,car_sharing,,8.8,False,False,False
aafe95ff-5eb9-5b8c-87fb-b4865cf03c86,99cb2bd6-228b-566d-a250-16290da30521,2025-05-11 10:58:00+01:00,2025-05-11 11:20:00+01:00,22,home,Stuttgart,,DE,family_outing_spot,Stuttgart,,DE,social,,car_sharing,,11.1,False,False,False
559cf178-b1b8-51bd-bb3a-84a74a7e22b4,99cb2bd6-228b-566d-a250-16290da30521,2025-05-11 10:31:00+01:00,2025-05-11 10:36:00+01:00,5,home,Stuttgart,,DE,park,Stuttgart,,DE,leisure,,bicycle,,1.3,False,False,False
e7f7a345-9f1b-523a-93ba-4c846064a3d9,99cb2bd6-228b-566d-a250-16290da30521,2025-05-12 07:19:00+01:00,2025-05-12 07:25:00+01:00,6,home,Stuttgart,,DE,school,Stuttgart,,DE,childcare,,bicycle,,1.4,False,False,False
073032d3-2c72-540c-bcc7-7738d9131522,99cb2bd6-228b-566d-a250-16290da30521,2025-05-12 08:15:00+01:00,2025-05-12 08:35:00+01:00,19,home,Stuttgart,,DE,office,Stuttgart,,DE,commute,,public_transport,,7.24,True,True,True
d59ddd6b-e377-5983-98e1-e8295ea2effb,99cb2bd6-228b-566d-a250-16290da30521,2025-05-12 14:18:00+01:00,2025-05-12 14:40:00+01:00,19,office,Stuttgart,,DE,home,Stuttgart,,DE,home_return,,public_transport,,7.29,True,True,True
6fa93c1c-2a2e-50db-a060-b27076550f0a,99cb2bd6-228b-566d-a250-16290da30521,2025-05-12 15:39:00+01:00,2025-05-12 15:51:00+01:00,12,home,Stuttgart,,DE,supermarket,Stuttgart,,DE,shopping,,car_sharing,,5.8,False,False,False
712809ec-489e-5195-89bf-d465523dc3e3,99cb2bd6-228b-566d-a250-16290da30521,2025-05-13 06:36:00+01:00,2025-05-13 06:43:00+01:00,7,home,Stuttgart,,DE,school,Stuttgart,,DE,childcare,,bicycle,,1.7,False,False,False
e3f0e02c-0817-5cb4-bf02-911a0ef5f533,99cb2bd6-228b-566d-a250-16290da30521,2025-05-13 08:15:00+01:00,2025-05-13 08:40:00+01:00,24,home,Stuttgart,,DE,office,Stuttgart,,DE,commute,,public_transport,,7.36,True,True,True
5455fbd1-1c30-5970-b14b-6cc03d45b439,99cb2bd6-228b-566d-a250-16290da30521,2025-05-13 14:13:00+01:00,2025-05-13 14:34:00+01:00,17,office,Stuttgart,,DE,home,Stuttgart,,DE,home_return,,public_transport,,6.88,True,True,True
53f4f6cf-44aa-5bac-9bab-680cb658284f,99cb2bd6-228b-566d-a250-16290da30521,2025-05-14 07:40:00+01:00,2025-05-14 07:46:00+01:00,6,home,Stuttgart,,DE,school,Stuttgart,,DE,childcare,,bicycle,,1.6,False,False,False
deefd848-ff40-5dc0-8b85-d78deaaf679f,99cb2bd6-228b-566d-a250-16290da30521,2025-05-16 07:45:00+01:00,2025-05-16 07:51:00+01:00,6,home,Stuttgart,,DE,school,Stuttgart,,DE,childcare,,bicycle,,1.5,False,False,False
ee598800-8f41-56d4-b0fd-cc1f3a498a02,99cb2bd6-228b-566d-a250-16290da30521,2025-05-16 07:42:00+01:00,2025-05-16 08:03:00+01:00,20,home,Stuttgart,,DE,office,Stuttgart,,DE,commute,,public_transport,,7.61,True,True,True
a92ed73c-22f6-5eeb-89f1-c733a716b61c,99cb2bd6-228b-566d-a250-16290da30521,2025-05-16 14:15:00+01:00,2025-05-16 14:41:00+01:00,22,office,Stuttgart,,DE,home,Stuttgart,,DE,home_return,,public_transport,,7.76,True,True,True
2ebc5740-0185-5977-9bdf-09b2ff3067cc,99cb2bd6-228b-566d-a250-16290da30521,2025-05-17 11:51:00+01:00,2025-05-17 12:09:00+01:00,18,home,Stuttgart,,DE,family_outing_spot,Stuttgart,,DE,errands,,car_sharing,,9.0,False,False,False
b40cc289-9ebd-5876-a925-371c5160e19b,99cb2bd6-228b-566d-a250-16290da30521,2025-05-19 07:13:00+01:00,2025-05-19 07:17:00+01:00,4,home,Stuttgart,,DE,school,Stuttgart,,DE,childcare,,bicycle,,1.1,False,False,False
a424d8c9-2f12-5046-bc67-8cb45da7bf1c,99cb2bd6-228b-566d-a250-16290da30521,2025-05-19 08:17:00+01:00,2025-05-19 08:41:00+01:00,21,home,Stuttgart,,DE,office,Stuttgart,,DE,commute,,public_transport,,8.16,True,True,True
0ddb5df6-5e4d-584e-ba47-e894a58f9f0b,99cb2bd6-228b-566d-a250-16290da30521,2025-05-19 14:29:00+01:00,2025-05-19 14:53:00+01:00,22,office,Stuttgart,,DE,home,Stuttgart,,DE,home_return,,public_transport,,8.26,True,True,True
cd54c243-0f89-5a59-bc77-596ed2765ae9,99cb2bd6-228b-566d-a250-16290da30521,2025-05-20 06:38:00+01:00,2025-05-20 06:42:00+01:00,4,home,Stuttgart,,DE,school,Stuttgart,,DE,childcare,,bicycle,,1.0,False,False,False
779a456d-8d65-55a8-97b9-e4e140cb0e8a,99cb2bd6-228b-566d-a250-16290da30521,2025-05-20 08:08:00+01:00,2025-05-20 08:35:00+01:00,22,home,Stuttgart,,DE,office,Stuttgart,,DE,commute,,public_transport,,7.55,True,True,True
56d06bff-0e03-5089-8cad-45a23cf91419,99cb2bd6-228b-566d-a250-16290da30521,2025-05-20 14:18:00+01:00,2025-05-20 14:42:00+01:00,19,office,Stuttgart,,DE,home,Stuttgart,,DE,home_return,,public_transport,,7.34,True,True,True
9f0f2d23-0230-502d-afac-211a7d14235c,99cb2bd6-228b-566d-a250-16290da30521,2025-05-20 16:18:00+01:00,2025-05-20 16:37:00+01:00,19,home,Stuttgart,,DE,supermarket,Stuttgart,,DE,shopping,,car_sharing,,9.7,False,False,False
1c39296b-7cca-5ec4-a8db-1f9081a50bec,99cb2bd6-228b-566d-a250-16290da30521,2025-05-21 07:41:00+01:00,2025-05-21 08:04:00+01:00,19,home,Stuttgart,,DE,office,Stuttgart,,DE,commute,,public_transport,,7.25,True,True,True
a58b88b6-524e-5448-ab62-72aa7b8f758d,99cb2bd6-228b-566d-a250-16290da30521,2025-05-21 14:04:00+01:00,2025-05-21 14:29:00+01:00,22,office,Stuttgart,,DE,home,Stuttgart,,DE,home_return,,public_transport,,7.55,True,True,True
abbe8648-e620-5e39-b7d2-b0b59b328ae2,99cb2bd6-228b-566d-a250-16290da30521,2025-05-21 15:43:00+01:00,2025-05-21 16:02:00+01:00,19,home,Stuttgart,,DE,supermarket,Stuttgart,,DE,shopping,,car_sharing,,9.6,False,False,False
1fb271f8-2ff7-5329-9ba6-66cd7a499846,99cb2bd6-228b-566d-a250-16290da30521,2025-05-22 15:34:00+01:00,2025-05-22 15:47:00+01:00,13,home,Stuttgart,,DE,supermarket,Stuttgart,,DE,shopping,,car_sharing,,6.4,False,False,False
21446414-a82c-5acb-a7db-e487f043efce,99cb2bd6-228b-566d-a250-16290da30521,2025-05-23 16:16:00+01:00,2025-05-23 16:30:00+01:00,14,home,Stuttgart,,DE,supermarket,Stuttgart,,DE,shopping,,car_sharing,,6.8,False,False,False
4574f91c-18cf-581d-a23c-a2bc7582d8b4,99cb2bd6-228b-566d-a250-16290da30521,2025-05-24 11:43:00+01:00,2025-05-24 12:13:00+01:00,30,home,Stuttgart,,DE,family_outing_spot,Stuttgart,,DE,leisure,,car_sharing,,15.2,False,False,False
8ac1bc63-c448-5513-8b14-8bc3aad8292f,99cb2bd6-228b-566d-a250-16290da30521,2025-05-25 09:47:00+01:00,2025-05-25 10:02:00+01:00,15,home,Stuttgart,,DE,park,Stuttgart,,DE,leisure,,bicycle,,3.7,False,False,False
423c429e-ff79-546f-a3e7-366b36663a31,99cb2bd6-228b-566d-a250-16290da30521,2025-05-26 07:05:00+01:00,2025-05-26 07:09:00+01:00,4,home,Stuttgart,,DE,school,Stuttgart,,DE,childcare,,bicycle,,1.0,False,False,False
f2660e28-a681-55cc-b06c-869b1f1dafa8,99cb2bd6-228b-566d-a250-16290da30521,2025-05-26 15:46:00+01:00,2025-05-26 16:09:00+01:00,23,home,Stuttgart,,DE,supermarket,Stuttgart,,DE,shopping,,car_sharing,,11.3,False,False,False
97fa72ad-95ba-5a38-bfe8-d900e7fc9e69,99cb2bd6-228b-566d-a250-16290da30521,2025-05-27 08:16:00+01:00,2025-05-27 08:43:00+01:00,23,home,Stuttgart,,DE,office,Stuttgart,,DE,commute,,public_transport,,7.8,True,True,True
d47f0cff-3ad6-556b-bc45-13f5e81da97d,99cb2bd6-228b-566d-a250-16290da30521,2025-05-27 13:43:00+01:00,2025-05-27 14:04:00+01:00,19,office,Stuttgart,,DE,home,Stuttgart,,DE,home_return,,public_transport,,7.45,True,True,True
569c4b8d-58b8-5d26-86a9-8276c5cd4e48,99cb2bd6-228b-566d-a250-16290da30521,2025-05-27 16:13:00+01:00,2025-05-27 16:23:00+01:00,10,home,Stuttgart,,DE,supermarket,Stuttgart,,DE,shopping,,car_sharing,,5.0,False,False,False
21815f8b-f5f6-5ae7-977b-5e6848748fc7,99cb2bd6-228b-566d-a250-16290da30521,2025-05-28 06:44:00+01:00,2025-05-28 06:50:00+01:00,6,home,Stuttgart,,DE,school,Stuttgart,,DE,childcare,,bicycle,,1.4,False,False,False
a74d9482-5b9d-51f3-8864-1821a6453281,99cb2bd6-228b-566d-a250-16290da30521,2025-05-28 07:51:00+01:00,2025-05-28 08:13:00+01:00,17,home,Stuttgart,,DE,office,Stuttgart,,DE,commute,,public_transport,,7.29,True,True,True
df5c0b23-40a3-57d5-a7c3-7b5c1e46e632,99cb2bd6-228b-566d-a250-16290da30521,2025-05-28 14:11:00+01:00,2025-05-28 14:37:00+01:00,22,office,Stuttgart,,DE,home,Stuttgart,,DE,home_return,,public_transport,,7.68,True,True,True
668a5e7b-52fe-551f-87ab-de498aa82545,99cb2bd6-228b-566d-a250-16290da30521,2025-05-28 16:28:00+01:00,2025-05-28 16:35:00+01:00,7,home,Stuttgart,,DE,supermarket,Stuttgart,,DE,shopping,,car_sharing,,3.6,False,False,False
57e7717a-6140-54a9-acfe-3a05491982b9,99cb2bd6-228b-566d-a250-16290da30521,2025-05-29 06:33:00+01:00,2025-05-29 06:41:00+01:00,8,home,Stuttgart,,DE,school,Stuttgart,,DE,childcare,,bicycle,,2.1,False,False,False
7de54d51-c4a6-5fe8-8384-d978a3d36538,99cb2bd6-228b-566d-a250-16290da30521,2025-05-29 07:48:00+01:00,2025-05-29 08:10:00+01:00,21,home,Stuttgart,,DE,office,Stuttgart,,DE,commute,,public_transport,,7.65,True,True,True
d22a27e7-6954-5dfe-85f6-a6e67af7cb62,99cb2bd6-228b-566d-a250-16290da30521,2025-05-29 13:31:00+01:00,2025-05-29 13:57:00+01:00,21,office,Stuttgart,,DE,home,Stuttgart,,DE,home_return,,public_transport,,7.69,True,True,True
e17810c8-5758-527f-935d-7b5c87108504,99cb2bd6-228b-566d-a250-16290da30521,2025-05-30 07:16:00+01:00,2025-05-30 07:24:00+01:00,8,home,Stuttgart,,DE,school,Stuttgart,,DE,childcare,,bicycle,,2.0,False,False,False
0c24dff5-e04c-529c-9692-42b5afa2b91c,99cb2bd6-228b-566d-a250-16290da30521,2025-05-30 08:13:00+01:00,2025-05-30 08:42:00+01:00,25,home,Stuttgart,,DE,office,Stuttgart,,DE,commute,,public_transport,,8.25,True,True,True
3b78bd6e-f9cc-57e2-bd6a-ba4f7676b2c9,99cb2bd6-228b-566d-a250-16290da30521,2025-05-30 14:07:00+01:00,2025-05-30 14:29:00+01:00,21,office,Stuttgart,,DE,home,Stuttgart,,DE,home_return,,public_transport,,7.94,True,True,True
fbbc5699-c52b-50ba-ad5d-721c38d4a7c9,99cb2bd6-228b-566d-a250-16290da30521,2025-05-31 10:35:00+01:00,2025-05-31 11:00:00+01:00,25,home,Stuttgart,,DE,family_outing_spot,Stuttgart,,DE,leisure,,car_sharing,,12.4,False,False,False
059e8016-6562-56bb-92cc-75d3bff2e52f,99cb2bd6-228b-566d-a250-16290da30521,2025-06-01 11:34:00+01:00,2025-06-01 11:57:00+01:00,23,home,Stuttgart,,DE,family_outing_spot,Stuttgart,,DE,social,,car_sharing,,11.3,False,False,False
4367fc99-9b84-5201-b6d2-fa828c3e9911,99cb2bd6-228b-566d-a250-16290da30521,2025-06-02 06:16:00+01:00,2025-06-02 06:25:00+01:00,9,home,Stuttgart,,DE,school,Stuttgart,,DE,childcare,,bicycle,,2.2,False,False,False
55aa45f3-0b7d-52e0-9d7e-d2fb83c62108,99cb2bd6-228b-566d-a250-16290da30521,2025-06-02 08:00:00+01:00,2025-06-02 08:23:00+01:00,19,home,Stuttgart,,DE,office,Stuttgart,,DE,commute,,public_transport,,7.76,True,True,True
ec29be56-6e7e-5536-af15-8a68a17f7a79,99cb2bd6-228b-566d-a250-16290da30521,2025-06-02 13:36:00+01:00,2025-06-02 14:02:00+01:00,23,office,Stuttgart,,DE,home,Stuttgart,,DE,home_return,,public_transport,,8.09,True,True,True
ab8bf5b1-24ff-5482-b599-fcf0201e0df2,99cb2bd6-228b-566d-a250-16290da30521,2025-06-03 07:08:00+01:00,2025-06-03 07:16:00+01:00,8,home,Stuttgart,,DE,school,Stuttgart,,DE,childcare,,bicycle,,2.0,False,False,False
94f651d4-2b82-5ab5-8b44-d398bc97534b,99cb2bd6-228b-566d-a250-16290da30521,2025-06-04 07:19:00+01:00,2025-06-04 07:27:00+01:00,8,home,Stuttgart,,DE,school,Stuttgart,,DE,childcare,,bicycle,,2.1,False,False,False
45fb511a-7ad1-5d27-83b1-d44ad7f674b0,99cb2bd6-228b-566d-a250-16290da30521,2025-06-05 07:30:00+01:00,2025-06-05 07:37:00+01:00,7,home,Stuttgart,,DE,school,Stuttgart,,DE,childcare,,bicycle,,1.8,False,False,False
07be7199-0258-5f77-a6d2-8bfac4f9e5a1,99cb2bd6-228b-566d-a250-16290da30521,2025-06-05 16:30:00+01:00,2025-06-05 16:46:00+01:00,16,home,Stuttgart,,DE,supermarket,Stuttgart,,DE,shopping,,car_sharing,,7.8,False,False,False
3ba03946-bea7-544f-ae7b-7d0b878e1cb4,99cb2bd6-228b-566d-a250-16290da30521,2025-06-06 07:37:00+01:00,2025-06-06 07:45:00+01:00,8,home,Stuttgart,,DE,school,Stuttgart,,DE,childcare,,bicycle,,1.9,False,False,False
0e69d2c2-b6a9-5af9-be03-ccd6c86c43c6,99cb2bd6-228b-566d-a250-16290da30521,2025-06-06 08:11:00+01:00,2025-06-06 08:34:00+01:00,21,home,Stuttgart,,DE,office,Stuttgart,,DE,commute,,public_transport,,7.67,True,True,True
1aad7c23-1111-5257-82b7-fdbd98f6f82d,99cb2bd6-228b-566d-a250-16290da30521,2025-06-06 13:44:00+01:00,2025-06-06 14:13:00+01:00,25,office,Stuttgart,,DE,home,Stuttgart,,DE,home_return,,public_transport,,7.95,True,True,True
60666f77-1ceb-556f-8dcc-1d6e224856db,99cb2bd6-228b-566d-a250-16290da30521,2025-06-07 10:42:00+01:00,2025-06-07 11:06:00+01:00,24,home,Stuttgart,,DE,family_outing_spot,Stuttgart,,DE,social,,car_sharing,,12.1,False,False,False
4307f41c-55e1-5397-bde4-ef67dd388974,99cb2bd6-228b-566d-a250-16290da30521,2025-06-07 09:39:00+01:00,2025-06-07 09:57:00+01:00,18,home,Stuttgart,,DE,park,Stuttgart,,DE,leisure,,bicycle,,4.4,False,False,False
e59d269d-edab-556e-9f44-9cfb602b4e1d,99cb2bd6-228b-566d-a250-16290da30521,2025-06-08 10:16:00+01:00,2025-06-08 10:31:00+01:00,15,home,Stuttgart,,DE,park,Stuttgart,,DE,leisure,,bicycle,,3.7,False,False,False
2d3e0aab-eac1-534f-abd4-085c1560ac8e,99cb2bd6-228b-566d-a250-16290da30521,2025-06-09 06:57:00+01:00,2025-06-09 07:03:00+01:00,6,home,Stuttgart,,DE,school,Stuttgart,,DE,childcare,,bicycle,,1.5,False,False,False
e8440fee-61b0-5412-9878-e9ae091d961a,99cb2bd6-228b-566d-a250-16290da30521,2025-06-09 07:55:00+01:00,2025-06-09 08:24:00+01:00,24,home,Stuttgart,,DE,office,Stuttgart,,DE,commute,,public_transport,,7.96,True,True,True
fc827eb9-a37c-5b96-959c-768e2267eeeb,99cb2bd6-228b-566d-a250-16290da30521,2025-06-09 13:37:00+01:00,2025-06-09 14:01:00+01:00,22,office,Stuttgart,,DE,home,Stuttgart,,DE,home_return,,public_transport,,7.87,True,True,True
9b2cc066-69b6-5f2f-a90a-91f6c91ce405,99cb2bd6-228b-566d-a250-16290da30521,2025-06-09 16:19:00+01:00,2025-06-09 16:41:00+01:00,22,home,Stuttgart,,DE,supermarket,Stuttgart,,DE,shopping,,car_sharing,,11.2,False,False,False
2bc94e46-70ee-5163-93ec-6399b7c1c2d8,99cb2bd6-228b-566d-a250-16290da30521,2025-06-10 06:49:00+01:00,2025-06-10 06:55:00+01:00,6,home,Stuttgart,,DE,school,Stuttgart,,DE,childcare,,bicycle,,1.4,False,False,False
681c7684-a652-5755-9eb8-ad9e5bd48e52,99cb2bd6-228b-566d-a250-16290da30521,2025-06-11 06:23:00+01:00,2025-06-11 06:31:00+01:00,8,home,Stuttgart,,DE,school,Stuttgart,,DE,childcare,,bicycle,,2.0,False,False,False
8a4fee2d-f6dd-5e9c-a4ad-1dbfb4fb4dea,99cb2bd6-228b-566d-a250-16290da30521,2025-06-13 15:41:00+01:00,2025-06-13 16:00:00+01:00,19,home,Stuttgart,,DE,supermarket,Stuttgart,,DE,shopping,,car_sharing,,9.3,False,False,False
183ebb7b-bd05-5cb0-86cf-30fa4176c9e1,99cb2bd6-228b-566d-a250-16290da30521,2025-06-14 11:09:00+01:00,2025-06-14 11:20:00+01:00,11,home,Stuttgart,,DE,family_outing_spot,Stuttgart,,DE,social,,car_sharing,,5.6,False,False,False
e6d40cb1-3b5d-5963-82c2-7fb675c085ca,99cb2bd6-228b-566d-a250-16290da30521,2025-06-15 11:32:00+01:00,2025-06-15 11:50:00+01:00,18,home,Stuttgart,,DE,family_outing_spot,Stuttgart,,DE,leisure,,car_sharing,,8.9,False,False,False
a569c5ab-58f7-5a05-b4d1-7f0b6fae6e61,99cb2bd6-228b-566d-a250-16290da30521,2025-06-15 09:40:00+01:00,2025-06-15 09:48:00+01:00,8,home,Stuttgart,,DE,park,Stuttgart,,DE,leisure,,bicycle,,1.9,False,False,False
12a69668-69ab-5dc4-a120-bb7d806b71ad,99cb2bd6-228b-566d-a250-16290da30521,2025-06-16 16:00:00+01:00,2025-06-16 16:20:00+01:00,20,home,Stuttgart,,DE,supermarket,Stuttgart,,DE,shopping,,car_sharing,,9.9,False,False,False
4b6fc7a4-5925-52f0-bd4e-83b781cd61de,99cb2bd6-228b-566d-a250-16290da30521,2025-06-17 07:34:00+01:00,2025-06-17 07:41:00+01:00,7,home,Stuttgart,,DE,school,Stuttgart,,DE,childcare,,bicycle,,1.8,False,False,False
0c64c527-7f4d-5e44-9243-d39129261d55,99cb2bd6-228b-566d-a250-16290da30521,2025-06-18 07:29:00+01:00,2025-06-18 07:37:00+01:00,8,home,Stuttgart,,DE,school,Stuttgart,,DE,childcare,,bicycle,,2.0,False,False,False
6979c3bf-cc09-54e9-ba94-eda602b85b71,99cb2bd6-228b-566d-a250-16290da30521,2025-06-18 07:42:00+01:00,2025-06-18 08:11:00+01:00,24,home,Stuttgart,,DE,office,Stuttgart,,DE,commute,,public_transport,,7.74,True,True,True
5afcbf89-aa18-5c40-9853-09f49e7870cc,99cb2bd6-228b-566d-a250-16290da30521,2025-06-18 14:14:00+01:00,2025-06-18 14:36:00+01:00,20,office,Stuttgart,,DE,home,Stuttgart,,DE,home_return,,public_transport,,7.41,True,True,True
ad973597-1275-5be1-8528-b609bc65af87,99cb2bd6-228b-566d-a250-16290da30521,2025-06-19 07:44:00+01:00,2025-06-19 08:09:00+01:00,20,home,Stuttgart,,DE,office,Stuttgart,,DE,commute,,public_transport,,7.69,True,True,True
f08a7cd6-519d-5729-8d12-a7d942e5b551,99cb2bd6-228b-566d-a250-16290da30521,2025-06-19 14:29:00+01:00,2025-06-19 14:49:00+01:00,18,office,Stuttgart,,DE,home,Stuttgart,,DE,home_return,,public_transport,,7.47,True,True,True
98291038-de39-5e41-9318-6c2264b330f5,99cb2bd6-228b-566d-a250-16290da30521,2025-06-21 11:22:00+01:00,2025-06-21 11:36:00+01:00,14,home,Stuttgart,,DE,family_outing_spot,Stuttgart,,DE,leisure,,car_sharing,,7.0,False,False,False
333ecdcc-35ad-57f6-9268-8f57db4a3e5e,99cb2bd6-228b-566d-a250-16290da30521,2025-06-22 11:52:00+01:00,2025-06-22 12:23:00+01:00,31,home,Stuttgart,,DE,family_outing_spot,Stuttgart,,DE,social,,car_sharing,,15.3,False,False,False
362f65b0-6c41-5112-be53-302148075a2e,99cb2bd6-228b-566d-a250-16290da30521,2025-06-23 07:55:00+01:00,2025-06-23 08:17:00+01:00,19,home,Stuttgart,,DE,office,Stuttgart,,DE,commute,,public_transport,,7.85,True,True,True
c7bc6a67-1449-5f98-a391-4aa9d5ac1845,99cb2bd6-228b-566d-a250-16290da30521,2025-06-23 13:30:00+01:00,2025-06-23 13:54:00+01:00,21,office,Stuttgart,,DE,home,Stuttgart,,DE,home_return,,public_transport,,7.98,True,True,True
9129e9ac-2905-50b8-9d6c-088c89061e9a,99cb2bd6-228b-566d-a250-16290da30521,2025-06-23 16:05:00+01:00,2025-06-23 16:25:00+01:00,20,home,Stuttgart,,DE,supermarket,Stuttgart,,DE,shopping,,car_sharing,,9.8,False,False,False
e1f00e7c-6c45-5955-901d-0e82ab7ba2d1,99cb2bd6-228b-566d-a250-16290da30521,2025-06-24 07:40:00+01:00,2025-06-24 07:47:00+01:00,7,home,Stuttgart,,DE,school,Stuttgart,,DE,childcare,,bicycle,,1.7,False,False,False
f7a30bcf-90cb-5128-a5db-3966d8c662b2,99cb2bd6-228b-566d-a250-16290da30521,2025-06-24 15:53:00+01:00,2025-06-24 16:14:00+01:00,21,home,Stuttgart,,DE,supermarket,Stuttgart,,DE,shopping,,car_sharing,,10.5,False,False,False
7a8ed5e7-7352-5334-a4b0-a05ddd8c8d3b,99cb2bd6-228b-566d-a250-16290da30521,2025-06-25 06:59:00+01:00,2025-06-25 07:05:00+01:00,6,home,Stuttgart,,DE,school,Stuttgart,,DE,childcare,,bicycle,,1.4,False,False,False
8c07c893-fe60-5093-a0b9-b3248ed28ba9,99cb2bd6-228b-566d-a250-16290da30521,2025-06-25 15:57:00+01:00,2025-06-25 16:16:00+01:00,19,home,Stuttgart,,DE,supermarket,Stuttgart,,DE,shopping,,car_sharing,,9.6,False,False,False
dfb2f231-c3ab-5c66-bda9-f161680aa1cc,99cb2bd6-228b-566d-a250-16290da30521,2025-06-26 08:19:00+01:00,2025-06-26 08:42:00+01:00,20,home,Stuttgart,,DE,office,Stuttgart,,DE,commute,,public_transport,,7.39,True,True,True
3a75b44e-826e-50b9-8195-35b71df9c749,99cb2bd6-228b-566d-a250-16290da30521,2025-06-26 13:42:00+01:00,2025-06-26 14:06:00+01:00,23,office,Stuttgart,,DE,home,Stuttgart,,DE,home_return,,public_transport,,7.69,True,True,True
57dd2ed6-941e-5f27-8e52-62d81dd5ca8f,99cb2bd6-228b-566d-a250-16290da30521,2025-06-27 06:32:00+01:00,2025-06-27 06:40:00+01:00,8,home,Stuttgart,,DE,school,Stuttgart,,DE,childcare,,bicycle,,2.0,False,False,False
49b6bb89-f945-5f67-b9b2-c60e197d8c77,99cb2bd6-228b-566d-a250-16290da30521,2025-06-27 08:20:00+01:00,2025-06-27 08:42:00+01:00,20,home,Stuttgart,,DE,office,Stuttgart,,DE,commute,,public_transport,,7.18,True,True,True
f7d4236d-f20b-5db2-9eba-ea8dd4045982,99cb2bd6-228b-566d-a250-16290da30521,2025-06-27 13:34:00+01:00,2025-06-27 13:55:00+01:00,20,office,Stuttgart,,DE,home,Stuttgart,,DE,home_return,,public_transport,,7.17,True,True,True
708fc340-69f9-5c4a-8d36-75883a154403,99cb2bd6-228b-566d-a250-16290da30521,2025-06-27 16:09:00+01:00,2025-06-27 16:22:00+01:00,13,home,Stuttgart,,DE,supermarket,Stuttgart,,DE,shopping,,car_sharing,,6.4,False,False,False
434f975e-2d1d-5ad4-a532-be4565003af6,99cb2bd6-228b-566d-a250-16290da30521,2025-06-29 10:30:00+01:00,2025-06-29 10:59:00+01:00,29,home,Stuttgart,,DE,family_outing_spot,Stuttgart,,DE,leisure,,car_sharing,,14.5,False,False,False
a68054f0-b0e1-57e9-910c-f77c9273907a,99cb2bd6-228b-566d-a250-16290da30521,2025-06-30 07:09:00+01:00,2025-06-30 07:16:00+01:00,7,home,Stuttgart,,DE,school,Stuttgart,,DE,childcare,,bicycle,,1.7,False,False,False
d46e3bc2-384b-57f2-8880-e9425a124910,99cb2bd6-228b-566d-a250-16290da30521,2025-07-01 16:23:00+01:00,2025-07-01 16:34:00+01:00,11,home,Stuttgart,,DE,supermarket,Stuttgart,,DE,shopping,,car_sharing,,5.3,False,False,False
46352267-d211-5f90-ae15-7dbebdc6e08a,99cb2bd6-228b-566d-a250-16290da30521,2025-07-02 16:23:00+01:00,2025-07-02 16:41:00+01:00,18,home,Stuttgart,,DE,supermarket,Stuttgart,,DE,shopping,,car_sharing,,9.1,False,False,False
41f74ff0-ef3f-5ec5-bebf-58c6daeb9c27,99cb2bd6-228b-566d-a250-16290da30521,2025-07-03 16:24:00+01:00,2025-07-03 16:42:00+01:00,18,home,Stuttgart,,DE,supermarket,Stuttgart,,DE,shopping,,car_sharing,,8.9,False,False,False
d54403bd-17da-5edb-b672-fef0932327a0,99cb2bd6-228b-566d-a250-16290da30521,2025-07-04 06:37:00+01:00,2025-07-04 06:43:00+01:00,6,home,Stuttgart,,DE,school,Stuttgart,,DE,childcare,,bicycle,,1.4,False,False,False
eab17803-49ef-5d65-9da1-bc4be2c39cde,99cb2bd6-228b-566d-a250-16290da30521,2025-07-05 11:08:00+01:00,2025-07-05 11:27:00+01:00,19,home,Stuttgart,,DE,family_outing_spot,Stuttgart,,DE,social,,car_sharing,,9.5,False,False,False
a21d9130-4f83-506a-a956-3e1df1201f68,99cb2bd6-228b-566d-a250-16290da30521,2025-07-06 12:00:00+01:00,2025-07-06 12:24:00+01:00,24,home,Stuttgart,,DE,family_outing_spot,Stuttgart,,DE,leisure,,car_sharing,,12.1,False,False,False
431af3e0-5f0e-5ec6-8422-e8c115619362,99cb2bd6-228b-566d-a250-16290da30521,2025-07-10 06:32:00+01:00,2025-07-10 06:40:00+01:00,8,home,Stuttgart,,DE,school,Stuttgart,,DE,childcare,,bicycle,,2.1,False,False,False
c61ec6c4-6ab6-525a-b206-8a36d142de97,99cb2bd6-228b-566d-a250-16290da30521,2025-07-11 06:17:00+01:00,2025-07-11 06:25:00+01:00,8,home,Stuttgart,,DE,school,Stuttgart,,DE,childcare,,bicycle,,1.9,False,False,False
15e1f2e5-322f-5657-8059-f122571d65fc,99cb2bd6-228b-566d-a250-16290da30521,2025-07-18 08:05:00+01:00,2025-07-18 08:29:00+01:00,23,home,Stuttgart,,DE,office,Stuttgart,,DE,commute,,public_transport,,8.33,True,True,True
2247cfcd-6e52-5aff-b493-85792c7f102b,99cb2bd6-228b-566d-a250-16290da30521,2025-07-18 14:03:00+01:00,2025-07-18 14:30:00+01:00,22,office,Stuttgart,,DE,home,Stuttgart,,DE,home_return,,public_transport,,8.25,True,True,True
6c1efdf7-406b-523a-b879-aa55d56c8031,99cb2bd6-228b-566d-a250-16290da30521,2025-07-19 10:27:00+01:00,2025-07-19 10:52:00+01:00,25,home,Stuttgart,,DE,family_outing_spot,Stuttgart,,DE,errands,,car_sharing,,12.6,False,False,False
5ad88144-9d32-59ca-b817-10751faf16a8,99cb2bd6-228b-566d-a250-16290da30521,2025-07-23 08:09:00+01:00,2025-07-23 08:35:00+01:00,25,home,Stuttgart,,DE,office,Stuttgart,,DE,commute,,public_transport,,8.37,True,True,True
1d9f599a-0765-50d9-9689-449c39c09b9a,99cb2bd6-228b-566d-a250-16290da30521,2025-07-23 14:25:00+01:00,2025-07-23 14:49:00+01:00,23,office,Stuttgart,,DE,home,Stuttgart,,DE,home_return,,public_transport,,8.25,True,True,True
ed8829e5-83e0-5ec2-b08f-a2e338d5c21e,99cb2bd6-228b-566d-a250-16290da30521,2025-07-24 07:53:00+01:00,2025-07-24 08:17:00+01:00,20,home,Stuttgart,,DE,office,Stuttgart,,DE,commute,,public_transport,,8.19,True,True,True
97262dd7-e65e-567f-983a-130d14e2f90c,99cb2bd6-228b-566d-a250-16290da30521,2025-07-24 13:55:00+01:00,2025-07-24 14:22:00+01:00,23,office,Stuttgart,,DE,home,Stuttgart,,DE,home_return,,public_transport,,8.48,True,True,True
24e17fdf-2a9a-5e3c-be97-facaedebcaac,99cb2bd6-228b-566d-a250-16290da30521,2025-07-24 16:04:00+01:00,2025-07-24 16:16:00+01:00,12,home,Stuttgart,,DE,supermarket,Stuttgart,,DE,shopping,,car_sharing,,6.0,False,False,False
4157366d-a1bb-57f1-8801-2b56cd07d685,99cb2bd6-228b-566d-a250-16290da30521,2025-07-25 08:11:00+01:00,2025-07-25 08:31:00+01:00,18,home,Stuttgart,,DE,office,Stuttgart,,DE,commute,,public_transport,,7.01,True,True,True
781f9852-abad-5417-9fd8-056ad32f3229,99cb2bd6-228b-566d-a250-16290da30521,2025-07-25 14:14:00+01:00,2025-07-25 14:44:00+01:00,25,office,Stuttgart,,DE,home,Stuttgart,,DE,home_return,,public_transport,,7.58,True,True,True
21c8fef6-8195-515c-a792-9c675fffca44,99cb2bd6-228b-566d-a250-16290da30521,2025-07-28 15:56:00+01:00,2025-07-28 16:08:00+01:00,12,home,Stuttgart,,DE,supermarket,Stuttgart,,DE,shopping,,car_sharing,,6.0,False,False,False
f2319d7e-3772-5d10-bf7a-357b4be83269,99cb2bd6-228b-566d-a250-16290da30521,2025-07-29 15:32:00+01:00,2025-07-29 15:44:00+01:00,12,home,Stuttgart,,DE,supermarket,Stuttgart,,DE,shopping,,car_sharing,,6.1,False,False,False
cb9609c2-6339-5852-bf96-d00c99c19788,99cb2bd6-228b-566d-a250-16290da30521,2025-08-02 10:48:00+01:00,2025-08-02 11:07:00+01:00,19,home,Stuttgart,,DE,park,Stuttgart,,DE,leisure,,bicycle,,4.8,False,False,False
aa899041-e66f-521e-a5a1-84d45f40159e,99cb2bd6-228b-566d-a250-16290da30521,2025-08-03 11:08:00+01:00,2025-08-03 11:44:00+01:00,36,home,Stuttgart,,DE,family_outing_spot,Stuttgart,,DE,leisure,,car_sharing,,17.9,False,False,False
6691e7af-8f0c-5781-8c02-4d805a5f6994,99cb2bd6-228b-566d-a250-16290da30521,2025-08-06 06:46:00+01:00,2025-08-06 06:52:00+01:00,6,home,Stuttgart,,DE,school,Stuttgart,,DE,childcare,,bicycle,,1.4,False,False,False
822952c6-0ad1-5af0-a924-bffc13af100a,99cb2bd6-228b-566d-a250-16290da30521,2025-08-06 16:25:00+01:00,2025-08-06 16:44:00+01:00,19,home,Stuttgart,,DE,supermarket,Stuttgart,,DE,shopping,,car_sharing,,9.7,False,False,False
fa19262e-b023-544d-8ac9-3e3601605ca6,99cb2bd6-228b-566d-a250-16290da30521,2025-08-07 06:56:00+01:00,2025-08-07 07:01:00+01:00,5,home,Stuttgart,,DE,school,Stuttgart,,DE,childcare,,bicycle,,1.3,False,False,False
27a2a635-1108-57ec-915c-ad1980884bd8,99cb2bd6-228b-566d-a250-16290da30521,2025-08-08 06:33:00+01:00,2025-08-08 06:41:00+01:00,8,home,Stuttgart,,DE,school,Stuttgart,,DE,childcare,,bicycle,,1.9,False,False,False
1597b90a-60ed-5513-85d4-5ca46b247bb9,99cb2bd6-228b-566d-a250-16290da30521,2025-08-09 10:26:00+01:00,2025-08-09 11:00:00+01:00,34,home,Stuttgart,,DE,family_outing_spot,Stuttgart,,DE,social,,car_sharing,,17.1,False,False,False
f837ca86-2aff-59e9-b095-bf29da11f5fd,99cb2bd6-228b-566d-a250-16290da30521,2025-08-09 10:50:00+01:00,2025-08-09 11:09:00+01:00,19,home,Stuttgart,,DE,park,Stuttgart,,DE,leisure,,bicycle,,4.7,False,False,False
71190cb9-57da-54cb-a5c9-a08a9263fa6a,99cb2bd6-228b-566d-a250-16290da30521,2025-08-13 08:07:00+01:00,2025-08-13 08:28:00+01:00,18,home,Stuttgart,,DE,office,Stuttgart,,DE,commute,,public_transport,,7.17,True,True,True
b7ee0a7e-c2e4-53e5-b735-d4f009760b1e,99cb2bd6-228b-566d-a250-16290da30521,2025-08-13 14:08:00+01:00,2025-08-13 14:33:00+01:00,20,office,Stuttgart,,DE,home,Stuttgart,,DE,home_return,,public_transport,,7.32,True,True,True
db64be16-2e7b-510e-9b95-fa64ccb4d759,99cb2bd6-228b-566d-a250-16290da30521,2025-08-14 07:49:00+01:00,2025-08-14 08:11:00+01:00,18,home,Stuttgart,,DE,office,Stuttgart,,DE,commute,,public_transport,,6.99,True,True,True
2920e86e-7c37-5811-94d6-d10e647825b7,99cb2bd6-228b-566d-a250-16290da30521,2025-08-14 14:15:00+01:00,2025-08-14 14:44:00+01:00,25,office,Stuttgart,,DE,home,Stuttgart,,DE,home_return,,public_transport,,7.51,True,True,True
661c7588-6f29-528d-879c-b0ecb5323941,99cb2bd6-228b-566d-a250-16290da30521,2025-08-16 11:26:00+01:00,2025-08-16 12:03:00+01:00,37,home,Stuttgart,,DE,family_outing_spot,Stuttgart,,DE,leisure,,car_sharing,,18.3,False,False,False
2a6ff923-346b-522f-9dd1-08e23ff362a1,99cb2bd6-228b-566d-a250-16290da30521,2025-08-16 09:50:00+01:00,2025-08-16 09:58:00+01:00,8,home,Stuttgart,,DE,park,Stuttgart,,DE,leisure,,bicycle,,2.0,False,False,False
523bd159-0d57-5803-b7bd-7600393f4259,99cb2bd6-228b-566d-a250-16290da30521,2025-08-17 11:55:00+01:00,2025-08-17 12:06:00+01:00,11,home,Stuttgart,,DE,family_outing_spot,Stuttgart,,DE,social,,car_sharing,,5.6,False,False,False
2cda7c48-a2d3-5184-b686-f387b672e737,99cb2bd6-228b-566d-a250-16290da30521,2025-08-18 16:19:00+01:00,2025-08-18 16:34:00+01:00,15,home,Stuttgart,,DE,supermarket,Stuttgart,,DE,shopping,,car_sharing,,7.5,False,False,False
b04469e2-f9e4-5ad1-a479-0ba0cab9a268,99cb2bd6-228b-566d-a250-16290da30521,2025-08-21 06:39:00+01:00,2025-08-21 06:44:00+01:00,5,home,Stuttgart,,DE,school,Stuttgart,,DE,childcare,,bicycle,,1.3,False,False,False
616f103e-b129-5b7a-93f7-85bf51da32d3,99cb2bd6-228b-566d-a250-16290da30521,2025-08-21 15:31:00+01:00,2025-08-21 15:52:00+01:00,21,home,Stuttgart,,DE,supermarket,Stuttgart,,DE,shopping,,car_sharing,,10.4,False,False,False
cccd74dd-3863-5a29-9dad-fcbe41f401be,99cb2bd6-228b-566d-a250-16290da30521,2025-08-23 09:19:00+01:00,2025-08-23 09:27:00+01:00,8,home,Stuttgart,,DE,park,Stuttgart,,DE,leisure,,bicycle,,2.1,False,False,False
a956a5d3-8202-5a5d-9a68-f1897db0e5d8,99cb2bd6-228b-566d-a250-16290da30521,2025-08-26 06:55:00+01:00,2025-08-26 06:59:00+01:00,4,home,Stuttgart,,DE,school,Stuttgart,,DE,childcare,,bicycle,,0.9,False,False,False
d34a90f7-3884-546f-a191-7fd62a90adc3,99cb2bd6-228b-566d-a250-16290da30521,2025-08-27 06:22:00+01:00,2025-08-27 06:29:00+01:00,7,home,Stuttgart,,DE,school,Stuttgart,,DE,childcare,,bicycle,,1.7,False,False,False
7a68c212-f604-5cdd-9cb4-16c674d2f7f5,99cb2bd6-228b-566d-a250-16290da30521,2025-08-27 16:17:00+01:00,2025-08-27 16:38:00+01:00,21,home,Stuttgart,,DE,supermarket,Stuttgart,,DE,shopping,,car_sharing,,10.7,False,False,False
022af35a-82a6-5cc8-94c4-38b8a254abbb,99cb2bd6-228b-566d-a250-16290da30521,2025-08-29 06:48:00+01:00,2025-08-29 06:55:00+01:00,7,home,Stuttgart,,DE,school,Stuttgart,,DE,childcare,,bicycle,,1.8,False,False,False
bbac6f86-4f40-56ca-88c7-fe3147472ff0,99cb2bd6-228b-566d-a250-16290da30521,2025-08-30 10:31:00+01:00,2025-08-30 11:01:00+01:00,30,home,Stuttgart,,DE,family_outing_spot,Stuttgart,,DE,errands,,car_sharing,,14.9,False,False,False
f88f2102-3c5c-5d22-9484-82c7f1196f3f,99cb2bd6-228b-566d-a250-16290da30521,2025-08-30 10:26:00+01:00,2025-08-30 10:33:00+01:00,7,home,Stuttgart,,DE,park,Stuttgart,,DE,leisure,,bicycle,,1.8,False,False,False
04ff346e-91ab-5a27-8150-d79f9ddbdd78,99cb2bd6-228b-566d-a250-16290da30521,2025-08-31 11:27:00+01:00,2025-08-31 12:07:00+01:00,40,home,Stuttgart,,DE,family_outing_spot,Stuttgart,,DE,social,,car_sharing,,19.8,False,False,False
6f39b231-16c8-5c40-9f56-89b5ed620360,99cb2bd6-228b-566d-a250-16290da30521,2025-09-01 06:48:00+01:00,2025-09-01 06:56:00+01:00,8,home,Stuttgart,,DE,school,Stuttgart,,DE,childcare,,bicycle,,2.1,False,False,False
2b0795fc-4dd3-5a6e-8e07-8c1ba7226ca1,99cb2bd6-228b-566d-a250-16290da30521,2025-09-02 06:46:00+01:00,2025-09-02 06:50:00+01:00,4,home,Stuttgart,,DE,school,Stuttgart,,DE,childcare,,bicycle,,0.9,False,False,False
26a48745-0d0a-52ac-b822-da7aef77e1a5,99cb2bd6-228b-566d-a250-16290da30521,2025-09-03 06:25:00+01:00,2025-09-03 06:31:00+01:00,6,home,Stuttgart,,DE,school,Stuttgart,,DE,childcare,,bicycle,,1.4,False,False,False
efb76584-9982-59cc-9cd8-9cf41e9ae8ee,99cb2bd6-228b-566d-a250-16290da30521,2025-09-04 06:55:00+01:00,2025-09-04 07:01:00+01:00,6,home,Stuttgart,,DE,school,Stuttgart,,DE,childcare,,bicycle,,1.4,False,False,False
55ace145-8319-5522-a6f1-178442f0ae5c,99cb2bd6-228b-566d-a250-16290da30521,2025-09-04 08:00:00+01:00,2025-09-04 08:27:00+01:00,23,home,Stuttgart,,DE,office,Stuttgart,,DE,commute,,public_transport,,7.46,True,True,True
79089a64-e9b1-5d23-9fca-990b94fab9e2,99cb2bd6-228b-566d-a250-16290da30521,2025-09-04 13:47:00+01:00,2025-09-04 14:09:00+01:00,19,office,Stuttgart,,DE,home,Stuttgart,,DE,home_return,,public_transport,,7.06,True,True,True
23fa2936-a902-5ab5-8838-9e97e3e49165,99cb2bd6-228b-566d-a250-16290da30521,2025-09-05 07:37:00+01:00,2025-09-05 07:44:00+01:00,7,home,Stuttgart,,DE,school,Stuttgart,,DE,childcare,,bicycle,,1.7,False,False,False
2eccaff6-0204-5a39-a803-e87871e2d63c,99cb2bd6-228b-566d-a250-16290da30521,2025-09-05 08:09:00+01:00,2025-09-05 08:32:00+01:00,19,home,Stuttgart,,DE,office,Stuttgart,,DE,commute,,public_transport,,7.08,True,True,True
8cbcd30d-726d-56ac-b79f-afe771125de8,99cb2bd6-228b-566d-a250-16290da30521,2025-09-05 13:39:00+01:00,2025-09-05 14:01:00+01:00,19,office,Stuttgart,,DE,home,Stuttgart,,DE,home_return,,public_transport,,6.99,True,True,True
9f35f965-1e18-590f-aabd-23a0e03f15d0,99cb2bd6-228b-566d-a250-16290da30521,2025-09-06 10:02:00+01:00,2025-09-06 10:30:00+01:00,28,home,Stuttgart,,DE,family_outing_spot,Stuttgart,,DE,errands,,car_sharing,,14.0,False,False,False
e43da136-29fe-5b8c-9244-d8b4ac724c04,99cb2bd6-228b-566d-a250-16290da30521,2025-09-07 11:28:00+01:00,2025-09-07 11:43:00+01:00,15,home,Stuttgart,,DE,family_outing_spot,Stuttgart,,DE,leisure,,car_sharing,,7.5,False,False,False
d0b6fc18-7856-5109-944d-626638b6693d,99cb2bd6-228b-566d-a250-16290da30521,2025-09-08 07:09:00+01:00,2025-09-08 07:13:00+01:00,4,home,Stuttgart,,DE,school,Stuttgart,,DE,childcare,,bicycle,,1.1,False,False,False
189a31d1-683b-534e-a811-b25521069878,99cb2bd6-228b-566d-a250-16290da30521,2025-09-10 06:23:00+01:00,2025-09-10 06:31:00+01:00,8,home,Stuttgart,,DE,school,Stuttgart,,DE,childcare,,bicycle,,2.1,False,False,False
97a122e5-699d-58f4-8581-cf88b51448a8,99cb2bd6-228b-566d-a250-16290da30521,2025-09-10 07:45:00+01:00,2025-09-10 08:08:00+01:00,20,home,Stuttgart,,DE,office,Stuttgart,,DE,commute,,public_transport,,7.34,True,True,True
f9ae55a0-83c8-5e81-98a5-ff0ca9f603d0,99cb2bd6-228b-566d-a250-16290da30521,2025-09-10 13:58:00+01:00,2025-09-10 14:23:00+01:00,20,office,Stuttgart,,DE,home,Stuttgart,,DE,home_return,,public_transport,,7.43,True,True,True
2ad0b12c-e2f0-5578-b975-3a4d1b8658da,99cb2bd6-228b-566d-a250-16290da30521,2025-09-10 16:02:00+01:00,2025-09-10 16:21:00+01:00,19,home,Stuttgart,,DE,supermarket,Stuttgart,,DE,shopping,,car_sharing,,9.6,False,False,False
032811cf-6268-5818-9ea7-25bbc77a413a,99cb2bd6-228b-566d-a250-16290da30521,2025-09-11 06:53:00+01:00,2025-09-11 06:58:00+01:00,5,home,Stuttgart,,DE,school,Stuttgart,,DE,childcare,,bicycle,,1.2,False,False,False
ab3fc660-27a5-5c9d-9bbe-c43d4bbf477d,99cb2bd6-228b-566d-a250-16290da30521,2025-09-11 07:56:00+01:00,2025-09-11 08:19:00+01:00,21,home,Stuttgart,,DE,office,Stuttgart,,DE,commute,,public_transport,,7.54,True,True,True
944ab396-a93d-5c72-8570-5fcc238e7ea8,99cb2bd6-228b-566d-a250-16290da30521,2025-09-11 13:44:00+01:00,2025-09-11 14:08:00+01:00,22,office,Stuttgart,,DE,home,Stuttgart,,DE,home_return,,public_transport,,7.69,True,True,True
11d2bde4-e658-504f-becd-b9edd8ec2e2b,99cb2bd6-228b-566d-a250-16290da30521,2025-09-12 07:44:00+01:00,2025-09-12 07:51:00+01:00,7,home,Stuttgart,,DE,school,Stuttgart,,DE,childcare,,bicycle,,1.8,False,False,False
07a6a23c-04e3-57c7-87f1-8c2bb056a19b,99cb2bd6-228b-566d-a250-16290da30521,2025-09-12 08:11:00+01:00,2025-09-12 08:33:00+01:00,21,home,Stuttgart,,DE,office,Stuttgart,,DE,commute,,public_transport,,7.56,True,True,True
3b695373-07f5-5065-a544-1ef7ef380f95,99cb2bd6-228b-566d-a250-16290da30521,2025-09-12 14:28:00+01:00,2025-09-12 14:49:00+01:00,19,office,Stuttgart,,DE,home,Stuttgart,,DE,home_return,,public_transport,,7.33,True,True,True
4a763055-2a65-56e7-ab1d-39cc7c5c6c03,99cb2bd6-228b-566d-a250-16290da30521,2025-09-13 11:38:00+01:00,2025-09-13 11:56:00+01:00,18,home,Stuttgart,,DE,family_outing_spot,Stuttgart,,DE,errands,,car_sharing,,9.0,False,False,False
7e8d83ad-817e-5410-a847-227ef08f277e,99cb2bd6-228b-566d-a250-16290da30521,2025-09-14 11:39:00+01:00,2025-09-14 12:18:00+01:00,39,home,Stuttgart,,DE,family_outing_spot,Stuttgart,,DE,social,,car_sharing,,19.3,False,False,False
57c39dad-773a-578d-8431-a12d8c89d176,99cb2bd6-228b-566d-a250-16290da30521,2025-09-15 07:32:00+01:00,2025-09-15 07:38:00+01:00,6,home,Stuttgart,,DE,school,Stuttgart,,DE,childcare,,bicycle,,1.5,False,False,False
98d90a77-2f39-56a0-822d-16d45d4876e4,99cb2bd6-228b-566d-a250-16290da30521,2025-09-16 06:53:00+01:00,2025-09-16 06:59:00+01:00,6,home,Stuttgart,,DE,school,Stuttgart,,DE,childcare,,bicycle,,1.6,False,False,False
c66f0e76-6b7c-52b9-bfdb-4caa48a5001b,99cb2bd6-228b-566d-a250-16290da30521,2025-09-18 07:21:00+01:00,2025-09-18 07:26:00+01:00,5,home,Stuttgart,,DE,school,Stuttgart,,DE,childcare,,bicycle,,1.3,False,False,False
4e4d58d9-ea66-58c7-9ad5-7dddd4a440f1,99cb2bd6-228b-566d-a250-16290da30521,2025-09-18 16:18:00+01:00,2025-09-18 16:32:00+01:00,14,home,Stuttgart,,DE,supermarket,Stuttgart,,DE,shopping,,car_sharing,,7.1,False,False,False
f6b79e64-628b-5712-af4e-4bdead38ba03,99cb2bd6-228b-566d-a250-16290da30521,2025-09-19 06:27:00+01:00,2025-09-19 06:31:00+01:00,4,home,Stuttgart,,DE,school,Stuttgart,,DE,childcare,,bicycle,,1.1,False,False,False
6fed137b-3fae-5b4a-b0c6-70120fde2edf,99cb2bd6-228b-566d-a250-16290da30521,2025-09-19 08:16:00+01:00,2025-09-19 08:42:00+01:00,25,home,Stuttgart,,DE,office,Stuttgart,,DE,commute,,public_transport,,8.42,True,True,True
1548a6c1-c2db-5f56-8365-67b215a80594,99cb2bd6-228b-566d-a250-16290da30521,2025-09-19 13:42:00+01:00,2025-09-19 14:07:00+01:00,22,office,Stuttgart,,DE,home,Stuttgart,,DE,home_return,,public_transport,,8.15,True,True,True
f2b49cec-1587-57b3-a638-dd8e4629ae13,99cb2bd6-228b-566d-a250-16290da30521,2025-09-19 16:08:00+01:00,2025-09-19 16:16:00+01:00,8,home,Stuttgart,,DE,supermarket,Stuttgart,,DE,shopping,,car_sharing,,4.1,False,False,False
93107ede-6673-52e0-8225-c3de7ddf8e7a,99cb2bd6-228b-566d-a250-16290da30521,2025-09-20 11:28:00+01:00,2025-09-20 12:05:00+01:00,37,home,Stuttgart,,DE,family_outing_spot,Stuttgart,,DE,leisure,,car_sharing,,18.7,False,False,False
91ffef8b-c305-5c52-84b7-367e34fc78e6,99cb2bd6-228b-566d-a250-16290da30521,2025-09-21 11:47:00+01:00,2025-09-21 12:22:00+01:00,35,home,Stuttgart,,DE,family_outing_spot,Stuttgart,,DE,leisure,,car_sharing,,17.6,False,False,False
aa66795a-1365-5745-a776-ae17f4e10f40,99cb2bd6-228b-566d-a250-16290da30521,2025-09-22 06:34:00+01:00,2025-09-22 06:40:00+01:00,6,home,Stuttgart,,DE,school,Stuttgart,,DE,childcare,,bicycle,,1.5,False,False,False
11c336a6-179b-5b73-8a33-a2327107c8dc,99cb2bd6-228b-566d-a250-16290da30521,2025-09-22 07:45:00+01:00,2025-09-22 08:06:00+01:00,19,home,Stuttgart,,DE,office,Stuttgart,,DE,commute,,public_transport,,7.09,True,True,True
dd191452-0463-55b9-9f75-5c13783cd667,99cb2bd6-228b-566d-a250-16290da30521,2025-09-22 13:51:00+01:00,2025-09-22 14:14:00+01:00,21,office,Stuttgart,,DE,home,Stuttgart,,DE,home_return,,public_transport,,7.31,True,True,True
2a82bf72-d62a-523d-8e41-6a50d2f74f64,99cb2bd6-228b-566d-a250-16290da30521,2025-09-23 06:22:00+01:00,2025-09-23 06:26:00+01:00,4,home,Stuttgart,,DE,school,Stuttgart,,DE,childcare,,bicycle,,0.9,False,False,False
7945d995-88e0-58f4-9e8c-b1e03fd8aaa4,99cb2bd6-228b-566d-a250-16290da30521,2025-09-23 08:14:00+01:00,2025-09-23 08:38:00+01:00,23,home,Stuttgart,,DE,office,Stuttgart,,DE,commute,,public_transport,,7.86,True,True,True
d6a448db-7397-5612-9e53-3a482e225a08,99cb2bd6-228b-566d-a250-16290da30521,2025-09-23 14:26:00+01:00,2025-09-23 14:51:00+01:00,20,office,Stuttgart,,DE,home,Stuttgart,,DE,home_return,,public_transport,,7.59,True,True,True
1b69ed53-f22c-5a17-a9f4-b2e7a46c286a,99cb2bd6-228b-566d-a250-16290da30521,2025-09-24 07:45:00+01:00,2025-09-24 07:51:00+01:00,6,home,Stuttgart,,DE,school,Stuttgart,,DE,childcare,,bicycle,,1.4,False,False,False
3af4b0cb-af33-54eb-84fa-8a2d25649012,99cb2bd6-228b-566d-a250-16290da30521,2025-09-25 07:51:00+01:00,2025-09-25 08:17:00+01:00,22,home,Stuttgart,,DE,office,Stuttgart,,DE,commute,,public_transport,,8.22,True,True,True
3cef83cd-dcec-5e0e-ba1a-2516ff068be0,99cb2bd6-228b-566d-a250-16290da30521,2025-09-25 14:24:00+01:00,2025-09-25 14:45:00+01:00,19,office,Stuttgart,,DE,home,Stuttgart,,DE,home_return,,public_transport,,7.93,True,True,True
6ac97385-9f66-5178-bd99-7be270e1465a,99cb2bd6-228b-566d-a250-16290da30521,2025-09-26 06:28:00+01:00,2025-09-26 06:35:00+01:00,7,home,Stuttgart,,DE,school,Stuttgart,,DE,childcare,,bicycle,,1.7,False,False,False
de34fa14-88f4-54ca-9de5-9b74b8225b85,99cb2bd6-228b-566d-a250-16290da30521,2025-09-28 10:07:00+01:00,2025-09-28 10:35:00+01:00,28,home,Stuttgart,,DE,family_outing_spot,Stuttgart,,DE,leisure,,car_sharing,,14.2,False,False,False
3a2a268d-f787-56f1-9477-2a4b2c8064c7,99cb2bd6-228b-566d-a250-16290da30521,2025-09-30 06:30:00+01:00,2025-09-30 06:35:00+01:00,5,home,Stuttgart,,DE,school,Stuttgart,,DE,childcare,,bicycle,,1.2,False,False,False
3eec5645-4ab7-585c-bda1-15eebc17a690,99cb2bd6-228b-566d-a250-16290da30521,2025-09-30 07:48:00+01:00,2025-09-30 08:11:00+01:00,19,home,Stuttgart,,DE,office,Stuttgart,,DE,commute,,public_transport,,8.02,True,True,True
5dce761a-797c-5d23-bdc2-74be944d69d1,99cb2bd6-228b-566d-a250-16290da30521,2025-09-30 14:10:00+01:00,2025-09-30 14:38:00+01:00,24,office,Stuttgart,,DE,home,Stuttgart,,DE,home_return,,public_transport,,8.44,True,True,True
bb95d1e1-f907-5e41-843e-b04add0cad05,99cb2bd6-228b-566d-a250-16290da30521,2025-10-01 07:22:00+01:00,2025-10-01 07:26:00+01:00,4,home,Stuttgart,,DE,school,Stuttgart,,DE,childcare,,bicycle,,1.0,False,False,False
d42c9f6f-e18a-54e2-85a2-3c92f584b068,99cb2bd6-228b-566d-a250-16290da30521,2025-10-01 07:45:00+01:00,2025-10-01 08:08:00+01:00,18,home,Stuttgart,,DE,office,Stuttgart,,DE,commute,,public_transport,,7.59,True,True,True
08c28302-aa9e-5ff5-9168-60367eab6fa5,99cb2bd6-228b-566d-a250-16290da30521,2025-10-01 14:12:00+01:00,2025-10-01 14:37:00+01:00,22,office,Stuttgart,,DE,home,Stuttgart,,DE,home_return,,public_transport,,7.95,True,True,True
f6865e5e-3e25-5832-8f27-c38e41f9c24e,99cb2bd6-228b-566d-a250-16290da30521,2025-10-02 07:45:00+01:00,2025-10-02 07:51:00+01:00,6,home,Stuttgart,,DE,school,Stuttgart,,DE,childcare,,bicycle,,1.4,False,False,False
c3d849eb-929e-547e-b505-e307d98493c0,99cb2bd6-228b-566d-a250-16290da30521,2025-10-02 08:09:00+01:00,2025-10-02 08:32:00+01:00,20,home,Stuttgart,,DE,office,Stuttgart,,DE,commute,,public_transport,,7.13,True,True,True
9df9d636-bcbb-5211-8082-2e05089a2d4a,99cb2bd6-228b-566d-a250-16290da30521,2025-10-02 14:17:00+01:00,2025-10-02 14:44:00+01:00,22,office,Stuttgart,,DE,home,Stuttgart,,DE,home_return,,public_transport,,7.28,True,True,True
38712b7a-ee5e-554e-83be-6ddac18c30ad,99cb2bd6-228b-566d-a250-16290da30521,2025-10-02 15:35:00+01:00,2025-10-02 15:52:00+01:00,17,home,Stuttgart,,DE,supermarket,Stuttgart,,DE,shopping,,car_sharing,,8.5,False,False,False
9e6f1338-3134-54c3-8889-6039582cb8bc,99cb2bd6-228b-566d-a250-16290da30521,2025-10-03 06:20:00+01:00,2025-10-03 06:27:00+01:00,7,home,Stuttgart,,DE,school,Stuttgart,,DE,childcare,,bicycle,,1.8,False,False,False
794bd1b8-50a7-537d-86f8-01dd9cd80da5,99cb2bd6-228b-566d-a250-16290da30521,2025-10-04 10:56:00+01:00,2025-10-04 11:15:00+01:00,19,home,Stuttgart,,DE,park,Stuttgart,,DE,leisure,,bicycle,,4.7,False,False,False
8b4232d2-abe2-5ed8-875a-2b065e73f295,99cb2bd6-228b-566d-a250-16290da30521,2025-10-05 10:05:00+01:00,2025-10-05 10:15:00+01:00,10,home,Stuttgart,,DE,family_outing_spot,Stuttgart,,DE,errands,,car_sharing,,5.2,False,False,False
d60b7d60-38ec-51f7-87eb-dec7a5a1b324,99cb2bd6-228b-566d-a250-16290da30521,2025-10-05 10:46:00+01:00,2025-10-05 11:03:00+01:00,17,home,Stuttgart,,DE,park,Stuttgart,,DE,leisure,,bicycle,,4.2,False,False,False
77e5f60d-8fc5-5164-88d3-62db75ea94a9,99cb2bd6-228b-566d-a250-16290da30521,2025-10-06 06:53:00+01:00,2025-10-06 07:01:00+01:00,8,home,Stuttgart,,DE,school,Stuttgart,,DE,childcare,,bicycle,,1.9,False,False,False
92c3395c-c94f-5e69-a1d9-a179d4272c16,99cb2bd6-228b-566d-a250-16290da30521,2025-10-06 08:05:00+01:00,2025-10-06 08:29:00+01:00,21,home,Stuttgart,,DE,office,Stuttgart,,DE,commute,,public_transport,,8.3,True,True,True
81edcd7f-6368-5fee-8a6a-1d33b24e4bab,99cb2bd6-228b-566d-a250-16290da30521,2025-10-06 14:07:00+01:00,2025-10-06 14:39:00+01:00,27,office,Stuttgart,,DE,home,Stuttgart,,DE,home_return,,public_transport,,8.78,True,True,True
fe52e93b-4302-56fa-b2a7-71f54dbc383d,99cb2bd6-228b-566d-a250-16290da30521,2025-10-07 07:43:00+01:00,2025-10-07 07:48:00+01:00,5,home,Stuttgart,,DE,school,Stuttgart,,DE,childcare,,bicycle,,1.3,False,False,False
d997f74c-f6d5-5432-9215-563023d3addd,99cb2bd6-228b-566d-a250-16290da30521,2025-10-07 08:01:00+01:00,2025-10-07 08:23:00+01:00,20,home,Stuttgart,,DE,office,Stuttgart,,DE,commute,,public_transport,,8.19,True,True,True
952a2086-5f26-52c0-9da8-01210175657e,99cb2bd6-228b-566d-a250-16290da30521,2025-10-07 14:05:00+01:00,2025-10-07 14:33:00+01:00,23,office,Stuttgart,,DE,home,Stuttgart,,DE,home_return,,public_transport,,8.34,True,True,True
ca2f27a0-9439-5880-85da-e083c95afe1f,99cb2bd6-228b-566d-a250-16290da30521,2025-10-08 07:33:00+01:00,2025-10-08 07:40:00+01:00,7,home,Stuttgart,,DE,school,Stuttgart,,DE,childcare,,bicycle,,1.8,False,False,False
535a1f1b-d966-5fd5-9658-ec3dd61031e9,99cb2bd6-228b-566d-a250-16290da30521,2025-10-08 07:43:00+01:00,2025-10-08 08:05:00+01:00,20,home,Stuttgart,,DE,office,Stuttgart,,DE,commute,,public_transport,,7.38,True,True,True
4e0853c9-427f-5c80-9799-01a56b939083,99cb2bd6-228b-566d-a250-16290da30521,2025-10-08 13:31:00+01:00,2025-10-08 13:56:00+01:00,23,office,Stuttgart,,DE,home,Stuttgart,,DE,home_return,,public_transport,,7.61,True,True,True
c680d01b-53b1-56e0-9375-2d07ad14856d,99cb2bd6-228b-566d-a250-16290da30521,2025-10-08 16:23:00+01:00,2025-10-08 16:34:00+01:00,11,home,Stuttgart,,DE,supermarket,Stuttgart,,DE,shopping,,car_sharing,,5.5,False,False,False
5a0d2b50-0796-501a-9e42-e81abe3ba0f0,99cb2bd6-228b-566d-a250-16290da30521,2025-10-09 06:25:00+01:00,2025-10-09 06:31:00+01:00,6,home,Stuttgart,,DE,school,Stuttgart,,DE,childcare,,bicycle,,1.4,False,False,False
02f6eee7-14d4-5211-a325-711b7d1b67ab,99cb2bd6-228b-566d-a250-16290da30521,2025-10-09 15:51:00+01:00,2025-10-09 15:57:00+01:00,6,home,Stuttgart,,DE,supermarket,Stuttgart,,DE,shopping,,car_sharing,,3.2,False,False,False
d064d1c9-c924-5164-be74-8c0d1d09ca7a,99cb2bd6-228b-566d-a250-16290da30521,2025-10-10 08:17:00+01:00,2025-10-10 08:43:00+01:00,24,home,Stuttgart,,DE,office,Stuttgart,,DE,commute,,public_transport,,8.62,True,True,True
2b531b33-b3ec-5e04-98d9-ae1d058598d2,99cb2bd6-228b-566d-a250-16290da30521,2025-10-10 14:30:00+01:00,2025-10-10 14:53:00+01:00,22,office,Stuttgart,,DE,home,Stuttgart,,DE,home_return,,public_transport,,8.45,True,True,True
c8698240-f7b3-5e37-a3a3-da2cbc458177,99cb2bd6-228b-566d-a250-16290da30521,2025-10-11 10:06:00+01:00,2025-10-11 10:40:00+01:00,34,home,Stuttgart,,DE,family_outing_spot,Stuttgart,,DE,social,,car_sharing,,17.1,False,False,False
283c8544-5b48-589a-8693-8eae85422125,99cb2bd6-228b-566d-a250-16290da30521,2025-10-11 10:11:00+01:00,2025-10-11 10:22:00+01:00,11,home,Stuttgart,,DE,park,Stuttgart,,DE,leisure,,bicycle,,2.8,False,False,False
dc3903d9-e67d-5c85-bd39-90ce2dcc0479,99cb2bd6-228b-566d-a250-16290da30521,2025-10-12 10:52:00+01:00,2025-10-12 11:05:00+01:00,13,home,Stuttgart,,DE,family_outing_spot,Stuttgart,,DE,social,,car_sharing,,6.4,False,False,False
d9c40407-398b-5229-9669-49f4540a4113,99cb2bd6-228b-566d-a250-16290da30521,2025-10-13 08:05:00+01:00,2025-10-13 08:32:00+01:00,24,home,Stuttgart,,DE,office,Stuttgart,,DE,commute,,public_transport,,7.68,True,True,True
30b8c809-cfea-5cb3-b02f-d8288143085d,99cb2bd6-228b-566d-a250-16290da30521,2025-10-13 14:18:00+01:00,2025-10-13 14:46:00+01:00,23,office,Stuttgart,,DE,home,Stuttgart,,DE,home_return,,public_transport,,7.64,True,True,True
322eb3f6-fb34-56a4-a8e9-00cfefefe3ef,99cb2bd6-228b-566d-a250-16290da30521,2025-10-14 08:17:00+01:00,2025-10-14 08:44:00+01:00,22,home,Stuttgart,,DE,office,Stuttgart,,DE,commute,,public_transport,,8.05,True,True,True
ce708534-f195-5c2d-af7c-95a2c43ae097,99cb2bd6-228b-566d-a250-16290da30521,2025-10-14 14:25:00+01:00,2025-10-14 14:50:00+01:00,23,office,Stuttgart,,DE,home,Stuttgart,,DE,home_return,,public_transport,,8.13,True,True,True
fd466d03-cb2b-5d61-98ca-b68521e7f780,99cb2bd6-228b-566d-a250-16290da30521,2025-10-15 07:55:00+01:00,2025-10-15 08:19:00+01:00,19,home,Stuttgart,,DE,office,Stuttgart,,DE,commute,,public_transport,,7.24,True,True,True
8c83a847-e5e0-56d3-b276-b177020e7d62,99cb2bd6-228b-566d-a250-16290da30521,2025-10-15 13:57:00+01:00,2025-10-15 14:21:00+01:00,20,office,Stuttgart,,DE,home,Stuttgart,,DE,home_return,,public_transport,,7.32,True,True,True
dca4305c-c228-58fd-b5d2-95fae31eff67,99cb2bd6-228b-566d-a250-16290da30521,2025-10-16 07:06:00+01:00,2025-10-16 07:10:00+01:00,4,home,Stuttgart,,DE,school,Stuttgart,,DE,childcare,,bicycle,,0.8,False,False,False
f1f4ee33-9993-52ab-9bcb-1b55efd9d4cf,99cb2bd6-228b-566d-a250-16290da30521,2025-10-16 16:16:00+01:00,2025-10-16 16:40:00+01:00,24,home,Stuttgart,,DE,supermarket,Stuttgart,,DE,shopping,,car_sharing,,11.8,False,False,False
82e2df7e-a2f2-5e18-8d3a-56f8f3df1178,99cb2bd6-228b-566d-a250-16290da30521,2025-10-17 06:57:00+01:00,2025-10-17 07:03:00+01:00,6,home,Stuttgart,,DE,school,Stuttgart,,DE,childcare,,bicycle,,1.6,False,False,False
f0c74d11-d12a-5ac5-a15d-ab184d465435,99cb2bd6-228b-566d-a250-16290da30521,2025-10-17 07:45:00+01:00,2025-10-17 08:10:00+01:00,22,home,Stuttgart,,DE,office,Stuttgart,,DE,commute,,public_transport,,7.99,True,True,True
6646b688-8078-5d86-8594-32b63d9c51e0,99cb2bd6-228b-566d-a250-16290da30521,2025-10-17 14:15:00+01:00,2025-10-17 14:43:00+01:00,23,office,Stuttgart,,DE,home,Stuttgart,,DE,home_return,,public_transport,,8.12,True,True,True
ea65d4c3-98c6-5fab-b7a7-d3f2f9138081,99cb2bd6-228b-566d-a250-16290da30521,2025-10-18 10:11:00+01:00,2025-10-18 10:35:00+01:00,24,home,Stuttgart,,DE,family_outing_spot,Stuttgart,,DE,errands,,car_sharing,,11.9,False,False,False
711bd0f3-a7da-5fe5-b044-ca15100406be,99cb2bd6-228b-566d-a250-16290da30521,2025-10-18 10:07:00+01:00,2025-10-18 10:21:00+01:00,14,home,Stuttgart,,DE,park,Stuttgart,,DE,leisure,,bicycle,,3.5,False,False,False
e38ed4f5-9893-55a6-b9b6-3daed7e42fa7,99cb2bd6-228b-566d-a250-16290da30521,2025-10-20 06:30:00+01:00,2025-10-20 06:35:00+01:00,5,home,Stuttgart,,DE,school,Stuttgart,,DE,childcare,,bicycle,,1.3,False,False,False
60075681-ef74-59aa-9b3e-fcf2a9b514ee,99cb2bd6-228b-566d-a250-16290da30521,2025-10-21 06:57:00+01:00,2025-10-21 07:03:00+01:00,6,home,Stuttgart,,DE,school,Stuttgart,,DE,childcare,,bicycle,,1.4,False,False,False
b57206da-47dd-5d8c-9551-e5db71b3ad75,99cb2bd6-228b-566d-a250-16290da30521,2025-10-22 07:37:00+01:00,2025-10-22 07:45:00+01:00,8,home,Stuttgart,,DE,school,Stuttgart,,DE,childcare,,bicycle,,1.9,False,False,False
5e8ad0a0-af3d-5786-a7ea-6763cf95940c,99cb2bd6-228b-566d-a250-16290da30521,2025-10-23 06:45:00+01:00,2025-10-23 06:51:00+01:00,6,home,Stuttgart,,DE,school,Stuttgart,,DE,childcare,,bicycle,,1.6,False,False,False
e4e6f6fa-e704-5f1e-84f2-c59a769492be,99cb2bd6-228b-566d-a250-16290da30521,2025-10-23 08:16:00+01:00,2025-10-23 08:43:00+01:00,22,home,Stuttgart,,DE,office,Stuttgart,,DE,commute,,public_transport,,8.3,True,True,True
a278581a-59bc-57b2-9fff-271be76be405,99cb2bd6-228b-566d-a250-16290da30521,2025-10-23 13:33:00+01:00,2025-10-23 13:57:00+01:00,22,office,Stuttgart,,DE,home,Stuttgart,,DE,home_return,,public_transport,,8.32,True,True,True
b1493507-d4ad-50ed-a849-eb5bed178b3d,99cb2bd6-228b-566d-a250-16290da30521,2025-10-23 16:06:00+01:00,2025-10-23 16:25:00+01:00,19,home,Stuttgart,,DE,supermarket,Stuttgart,,DE,shopping,,car_sharing,,9.6,False,False,False
1c3af949-786e-50b7-b2a4-f052a33d95ba,99cb2bd6-228b-566d-a250-16290da30521,2025-10-24 06:50:00+01:00,2025-10-24 06:54:00+01:00,4,home,Stuttgart,,DE,school,Stuttgart,,DE,childcare,,bicycle,,1.0,False,False,False
79e7468f-83c9-5149-aded-22debd6d939f,99cb2bd6-228b-566d-a250-16290da30521,2025-10-25 10:16:00+01:00,2025-10-25 10:32:00+01:00,16,home,Stuttgart,,DE,park,Stuttgart,,DE,leisure,,bicycle,,4.1,False,False,False
6f14c0ee-897e-5aee-994f-1ee133749d3c,99cb2bd6-228b-566d-a250-16290da30521,2025-10-26 11:20:00+01:00,2025-10-26 11:47:00+01:00,27,home,Stuttgart,,DE,family_outing_spot,Stuttgart,,DE,social,,car_sharing,,13.3,False,False,False
52ce9b93-7537-52bf-90c9-675b6162f825,99cb2bd6-228b-566d-a250-16290da30521,2025-10-26 09:06:00+01:00,2025-10-26 09:20:00+01:00,14,home,Stuttgart,,DE,park,Stuttgart,,DE,leisure,,bicycle,,3.6,False,False,False
d8fad1c1-4812-5f46-844a-0fecb998812b,99cb2bd6-228b-566d-a250-16290da30521,2025-10-28 06:40:00+01:00,2025-10-28 06:48:00+01:00,8,home,Stuttgart,,DE,school,Stuttgart,,DE,childcare,,bicycle,,1.9,False,False,False
2c943425-c175-5255-8e76-867c467ae9b4,99cb2bd6-228b-566d-a250-16290da30521,2025-10-28 16:25:00+01:00,2025-10-28 16:46:00+01:00,21,home,Stuttgart,,DE,supermarket,Stuttgart,,DE,shopping,,car_sharing,,10.7,False,False,False
18ed56e0-a6d1-50bb-b3f8-7fc144868df1,99cb2bd6-228b-566d-a250-16290da30521,2025-10-29 08:05:00+01:00,2025-10-29 08:32:00+01:00,26,home,Stuttgart,,DE,office,Stuttgart,,DE,commute,,public_transport,,8.6,True,True,True
5f3c8ac4-4ba9-5cc5-8c09-533147b5ba15,99cb2bd6-228b-566d-a250-16290da30521,2025-10-29 13:50:00+01:00,2025-10-29 14:12:00+01:00,21,office,Stuttgart,,DE,home,Stuttgart,,DE,home_return,,public_transport,,8.24,True,True,True
c2ff5a2c-e6f1-55b4-bce9-06ad7b4dbb83,99cb2bd6-228b-566d-a250-16290da30521,2025-10-30 08:11:00+01:00,2025-10-30 08:40:00+01:00,25,home,Stuttgart,,DE,office,Stuttgart,,DE,commute,,public_transport,,8.57,True,True,True
1d7ba86e-a2d7-52a1-be0d-3f63385fb9df,99cb2bd6-228b-566d-a250-16290da30521,2025-10-30 13:38:00+01:00,2025-10-30 14:03:00+01:00,22,office,Stuttgart,,DE,home,Stuttgart,,DE,home_return,,public_transport,,8.27,True,True,True
9a804acf-9b79-5c4e-a958-fbc73d18e046,99cb2bd6-228b-566d-a250-16290da30521,2025-10-31 07:34:00+01:00,2025-10-31 07:42:00+01:00,8,home,Stuttgart,,DE,school,Stuttgart,,DE,childcare,,bicycle,,1.9,False,False,False
52224ee6-e473-55d0-b1b2-914fa0e3523b,99cb2bd6-228b-566d-a250-16290da30521,2025-10-31 08:13:00+01:00,2025-10-31 08:39:00+01:00,22,home,Stuttgart,,DE,office,Stuttgart,,DE,commute,,public_transport,,8.11,True,True,True
39bd2483-54c6-58ec-9237-f3d7014cdbcf,99cb2bd6-228b-566d-a250-16290da30521,2025-10-31 14:29:00+01:00,2025-10-31 14:56:00+01:00,24,office,Stuttgart,,DE,home,Stuttgart,,DE,home_return,,public_transport,,8.29,True,True,True
70c0872b-7011-570f-8bf2-267571f78748,99cb2bd6-228b-566d-a250-16290da30521,2025-10-31 16:26:00+01:00,2025-10-31 16:34:00+01:00,8,home,Stuttgart,,DE,supermarket,Stuttgart,,DE,shopping,,car_sharing,,3.8,False,False,False
e492ed73-6f2f-58fa-80c3-de464c8c1cc5,99cb2bd6-228b-566d-a250-16290da30521,2025-11-03 06:17:00+01:00,2025-11-03 06:23:00+01:00,6,home,Stuttgart,,DE,school,Stuttgart,,DE,childcare,,bicycle,,1.6,False,False,False
b6136662-1471-50f1-bddd-7552ccd4f225,99cb2bd6-228b-566d-a250-16290da30521,2025-11-03 08:15:00+01:00,2025-11-03 08:42:00+01:00,23,home,Stuttgart,,DE,office,Stuttgart,,DE,commute,,public_transport,,8.36,True,True,True
b403e5b1-4cbf-5dd6-9543-b4685509a7e6,99cb2bd6-228b-566d-a250-16290da30521,2025-11-03 13:46:00+01:00,2025-11-03 14:13:00+01:00,23,office,Stuttgart,,DE,home,Stuttgart,,DE,home_return,,public_transport,,8.35,True,True,True
1fb81e79-6e87-5e01-a121-5cac94fd60a5,99cb2bd6-228b-566d-a250-16290da30521,2025-11-04 07:12:00+01:00,2025-11-04 07:18:00+01:00,6,home,Stuttgart,,DE,school,Stuttgart,,DE,childcare,,bicycle,,1.4,False,False,False
69aaa718-b4eb-5c4e-988a-5a786b37b3e7,99cb2bd6-228b-566d-a250-16290da30521,2025-11-04 15:51:00+01:00,2025-11-04 16:06:00+01:00,15,home,Stuttgart,,DE,supermarket,Stuttgart,,DE,shopping,,car_sharing,,7.3,False,False,False
a79b7734-77ad-54ec-bb4d-9d8b887f9fe9,99cb2bd6-228b-566d-a250-16290da30521,2025-11-06 07:13:00+01:00,2025-11-06 07:19:00+01:00,6,home,Stuttgart,,DE,school,Stuttgart,,DE,childcare,,bicycle,,1.5,False,False,False
50eb7a3e-fc06-546d-9336-1a1eac6ffb00,99cb2bd6-228b-566d-a250-16290da30521,2025-11-06 07:57:00+01:00,2025-11-06 08:25:00+01:00,23,home,Stuttgart,,DE,office,Stuttgart,,DE,commute,,public_transport,,7.54,True,True,True
4bf6ab5f-0730-58cb-bea2-ab8cb26d6104,99cb2bd6-228b-566d-a250-16290da30521,2025-11-06 13:51:00+01:00,2025-11-06 14:13:00+01:00,19,office,Stuttgart,,DE,home,Stuttgart,,DE,home_return,,public_transport,,7.2,True,True,True
a7daf206-30e7-55b7-a873-5b8b2d31e797,99cb2bd6-228b-566d-a250-16290da30521,2025-11-06 16:18:00+01:00,2025-11-06 16:38:00+01:00,20,home,Stuttgart,,DE,supermarket,Stuttgart,,DE,shopping,,car_sharing,,9.8,False,False,False
a037927c-e2bb-53cf-980e-767f1ec683cc,99cb2bd6-228b-566d-a250-16290da30521,2025-11-07 07:57:00+01:00,2025-11-07 08:23:00+01:00,22,home,Stuttgart,,DE,office,Stuttgart,,DE,commute,,public_transport,,7.98,True,True,True
2e1a4ac9-c3b7-522c-aa32-9299eb2f7bc2,99cb2bd6-228b-566d-a250-16290da30521,2025-11-07 14:07:00+01:00,2025-11-07 14:31:00+01:00,21,office,Stuttgart,,DE,home,Stuttgart,,DE,home_return,,public_transport,,7.82,True,True,True
654f10fe-45cd-504d-a78e-e5e77346395d,99cb2bd6-228b-566d-a250-16290da30521,2025-11-08 11:21:00+01:00,2025-11-08 11:55:00+01:00,34,home,Stuttgart,,DE,family_outing_spot,Stuttgart,,DE,leisure,,car_sharing,,16.9,False,False,False
c31bd425-1a0b-5ab4-b54e-eed932586712,99cb2bd6-228b-566d-a250-16290da30521,2025-11-08 10:08:00+01:00,2025-11-08 10:24:00+01:00,16,home,Stuttgart,,DE,park,Stuttgart,,DE,leisure,,bicycle,,4.1,False,False,False
4c93fabc-be41-5dff-ae22-f51dec05e3a3,99cb2bd6-228b-566d-a250-16290da30521,2025-11-09 11:42:00+01:00,2025-11-09 12:02:00+01:00,20,home,Stuttgart,,DE,family_outing_spot,Stuttgart,,DE,errands,,car_sharing,,10.0,False,False,False
e584298e-b0db-555c-9317-ab9b1c5af9c7,99cb2bd6-228b-566d-a250-16290da30521,2025-11-10 16:27:00+01:00,2025-11-10 16:44:00+01:00,17,home,Stuttgart,,DE,supermarket,Stuttgart,,DE,shopping,,car_sharing,,8.5,False,False,False
371e1ade-c89d-5872-96da-0cc088f3ee61,99cb2bd6-228b-566d-a250-16290da30521,2025-11-11 06:45:00+01:00,2025-11-11 06:53:00+01:00,8,home,Stuttgart,,DE,school,Stuttgart,,DE,childcare,,bicycle,,2.1,False,False,False
d396a5cf-1797-5075-b296-dbf7ad2cf6ae,99cb2bd6-228b-566d-a250-16290da30521,2025-11-11 08:17:00+01:00,2025-11-11 08:38:00+01:00,20,home,Stuttgart,,DE,office,Stuttgart,,DE,commute,,public_transport,,7.31,True,True,True
089e9d9b-9ed1-5856-a150-fc27b4a60d74,99cb2bd6-228b-566d-a250-16290da30521,2025-11-11 13:37:00+01:00,2025-11-11 14:00:00+01:00,20,office,Stuttgart,,DE,home,Stuttgart,,DE,home_return,,public_transport,,7.3,True,True,True
30433415-04fa-5d8f-8280-0f1ea7989f18,99cb2bd6-228b-566d-a250-16290da30521,2025-11-12 16:22:00+01:00,2025-11-12 16:40:00+01:00,18,home,Stuttgart,,DE,supermarket,Stuttgart,,DE,shopping,,car_sharing,,9.0,False,False,False
da86bdd2-434e-5824-babe-8cf27292c59f,99cb2bd6-228b-566d-a250-16290da30521,2025-11-13 06:32:00+01:00,2025-11-13 06:38:00+01:00,6,home,Stuttgart,,DE,school,Stuttgart,,DE,childcare,,bicycle,,1.6,False,False,False
dbf3425a-40ae-541a-82fc-6e844f06fd76,99cb2bd6-228b-566d-a250-16290da30521,2025-11-14 06:28:00+01:00,2025-11-14 06:34:00+01:00,6,home,Stuttgart,,DE,school,Stuttgart,,DE,childcare,,bicycle,,1.4,False,False,False
b02115c1-51fa-5831-a5dd-06841eb71a4c,99cb2bd6-228b-566d-a250-16290da30521,2025-11-14 08:20:00+01:00,2025-11-14 08:45:00+01:00,20,home,Stuttgart,,DE,office,Stuttgart,,DE,commute,,public_transport,,8.22,True,True,True
323f6f5e-3da9-5d27-ba39-29d193f73005,99cb2bd6-228b-566d-a250-16290da30521,2025-11-14 14:11:00+01:00,2025-11-14 14:33:00+01:00,19,office,Stuttgart,,DE,home,Stuttgart,,DE,home_return,,public_transport,,8.2,True,True,True
dbbd9bfc-50e6-5c69-92e6-cd3bb43b2b48,99cb2bd6-228b-566d-a250-16290da30521,2025-11-15 11:10:00+01:00,2025-11-15 11:49:00+01:00,39,home,Stuttgart,,DE,family_outing_spot,Stuttgart,,DE,errands,,car_sharing,,19.5,False,False,False
c882e8a4-a867-5e54-a696-5fff59011c65,99cb2bd6-228b-566d-a250-16290da30521,2025-11-17 08:11:00+01:00,2025-11-17 08:36:00+01:00,21,home,Stuttgart,,DE,office,Stuttgart,,DE,commute,,public_transport,,7.9,True,True,True
904f1858-f84b-5ae3-b779-067b5245e811,99cb2bd6-228b-566d-a250-16290da30521,2025-11-17 13:39:00+01:00,2025-11-17 14:06:00+01:00,24,office,Stuttgart,,DE,home,Stuttgart,,DE,home_return,,public_transport,,8.15,True,True,True
078f3562-18fb-5fc8-87ca-9f2079f39d2b,99cb2bd6-228b-566d-a250-16290da30521,2025-11-17 15:40:00+01:00,2025-11-17 15:49:00+01:00,9,home,Stuttgart,,DE,supermarket,Stuttgart,,DE,shopping,,car_sharing,,4.7,False,False,False
1d0cd379-6d91-5c04-bfe6-8d8b648868f6,99cb2bd6-228b-566d-a250-16290da30521,2025-11-19 06:17:00+01:00,2025-11-19 06:21:00+01:00,4,home,Stuttgart,,DE,school,Stuttgart,,DE,childcare,,bicycle,,0.8,False,False,False
dadd2385-7b62-5168-a0b9-a2d293f7152d,99cb2bd6-228b-566d-a250-16290da30521,2025-11-19 08:08:00+01:00,2025-11-19 08:33:00+01:00,21,home,Stuttgart,,DE,office,Stuttgart,,DE,commute,,public_transport,,8.14,True,True,True
ad72958d-9fa7-5630-a093-93a35f4aa4a1,99cb2bd6-228b-566d-a250-16290da30521,2025-11-19 14:01:00+01:00,2025-11-19 14:28:00+01:00,25,office,Stuttgart,,DE,home,Stuttgart,,DE,home_return,,public_transport,,8.54,True,True,True
fce3e62e-61bf-57ca-8ede-73678e0b96ae,99cb2bd6-228b-566d-a250-16290da30521,2025-11-19 15:50:00+01:00,2025-11-19 16:02:00+01:00,12,home,Stuttgart,,DE,supermarket,Stuttgart,,DE,shopping,,car_sharing,,6.1,False,False,False
3a3de20a-c9a3-55f6-9943-00229cb55e5c,99cb2bd6-228b-566d-a250-16290da30521,2025-11-20 15:53:00+01:00,2025-11-20 16:16:00+01:00,23,home,Stuttgart,,DE,supermarket,Stuttgart,,DE,shopping,,car_sharing,,11.4,False,False,False
5e13ba94-8fe1-58d9-8721-e60acf46c714,99cb2bd6-228b-566d-a250-16290da30521,2025-11-21 06:18:00+01:00,2025-11-21 06:22:00+01:00,4,home,Stuttgart,,DE,school,Stuttgart,,DE,childcare,,bicycle,,1.0,False,False,False
9d060a54-0e4a-5704-9ace-1d5a73bbfe38,99cb2bd6-228b-566d-a250-16290da30521,2025-11-21 15:52:00+01:00,2025-11-21 15:59:00+01:00,7,home,Stuttgart,,DE,supermarket,Stuttgart,,DE,shopping,,car_sharing,,3.7,False,False,False
8ea8b920-b27f-57e3-b3cc-44cf045c44e8,99cb2bd6-228b-566d-a250-16290da30521,2025-11-22 10:56:00+01:00,2025-11-22 11:31:00+01:00,35,home,Stuttgart,,DE,family_outing_spot,Stuttgart,,DE,leisure,,car_sharing,,17.7,False,False,False
9658d2ff-6ac9-589a-9ade-5d37b0a086cc,99cb2bd6-228b-566d-a250-16290da30521,2025-11-23 11:13:00+01:00,2025-11-23 11:47:00+01:00,34,home,Stuttgart,,DE,family_outing_spot,Stuttgart,,DE,errands,,car_sharing,,16.9,False,False,False
e2d9c6cb-09fa-50b4-b3fc-d8d8044c2b9d,99cb2bd6-228b-566d-a250-16290da30521,2025-11-24 08:00:00+01:00,2025-11-24 08:21:00+01:00,19,home,Stuttgart,,DE,office,Stuttgart,,DE,commute,,public_transport,,7.64,True,True,True
b70274a9-53a2-5c25-a284-9a6d1188916d,99cb2bd6-228b-566d-a250-16290da30521,2025-11-24 14:21:00+01:00,2025-11-24 14:47:00+01:00,24,office,Stuttgart,,DE,home,Stuttgart,,DE,home_return,,public_transport,,8.03,True,True,True
9c7f17c7-723f-50f3-8b1d-f694c5224e4b,99cb2bd6-228b-566d-a250-16290da30521,2025-11-25 07:55:00+01:00,2025-11-25 08:18:00+01:00,19,home,Stuttgart,,DE,office,Stuttgart,,DE,commute,,public_transport,,7.53,True,True,True
0449f8a6-951f-51b6-99c6-320cb509f587,99cb2bd6-228b-566d-a250-16290da30521,2025-11-25 13:45:00+01:00,2025-11-25 14:11:00+01:00,23,office,Stuttgart,,DE,home,Stuttgart,,DE,home_return,,public_transport,,7.81,True,True,True
15548a41-b081-50d0-8145-ba920c7eda81,99cb2bd6-228b-566d-a250-16290da30521,2025-11-26 06:31:00+01:00,2025-11-26 06:35:00+01:00,4,home,Stuttgart,,DE,school,Stuttgart,,DE,childcare,,bicycle,,0.9,False,False,False
93463b1d-de48-5b16-84fb-459ba1bbaeb9,99cb2bd6-228b-566d-a250-16290da30521,2025-11-26 15:43:00+01:00,2025-11-26 15:51:00+01:00,8,home,Stuttgart,,DE,supermarket,Stuttgart,,DE,shopping,,car_sharing,,3.8,False,False,False
8435a208-df7c-5457-947b-132b3be59074,99cb2bd6-228b-566d-a250-16290da30521,2025-11-27 06:39:00+01:00,2025-11-27 06:43:00+01:00,4,home,Stuttgart,,DE,school,Stuttgart,,DE,childcare,,bicycle,,0.9,False,False,False
ebfbdfe2-d706-5b00-aceb-467ab82b487b,99cb2bd6-228b-566d-a250-16290da30521,2025-11-27 08:18:00+01:00,2025-11-27 08:42:00+01:00,22,home,Stuttgart,,DE,office,Stuttgart,,DE,commute,,public_transport,,7.51,True,True,True
6f1e32c6-6f48-5c22-8e51-b2af1e4a2136,99cb2bd6-228b-566d-a250-16290da30521,2025-11-27 13:49:00+01:00,2025-11-27 14:13:00+01:00,20,office,Stuttgart,,DE,home,Stuttgart,,DE,home_return,,public_transport,,7.4,True,True,True
73809358-8db4-5376-99f2-3235c342de31,99cb2bd6-228b-566d-a250-16290da30521,2025-11-28 07:27:00+01:00,2025-11-28 07:34:00+01:00,7,home,Stuttgart,,DE,school,Stuttgart,,DE,childcare,,bicycle,,1.8,False,False,False
2ef93435-ddb9-5b77-875c-2358deb3564d,99cb2bd6-228b-566d-a250-16290da30521,2025-11-29 09:25:00+01:00,2025-11-29 09:45:00+01:00,20,home,Stuttgart,,DE,park,Stuttgart,,DE,leisure,,bicycle,,4.9,False,False,False
62b0773a-9c08-59ab-ab25-2ab3973536dd,99cb2bd6-228b-566d-a250-16290da30521,2025-12-01 07:13:00+01:00,2025-12-01 07:17:00+01:00,4,home,Stuttgart,,DE,school,Stuttgart,,DE,childcare,,bicycle,,0.9,False,False,False
7c3bed6c-54cc-5915-9f3a-33c168810360,99cb2bd6-228b-566d-a250-16290da30521,2025-12-01 08:20:00+01:00,2025-12-01 08:41:00+01:00,19,home,Stuttgart,,DE,office,Stuttgart,,DE,commute,,public_transport,,7.52,True,True,True
4951779a-9faf-5e5f-8c61-4bd79ee5f511,99cb2bd6-228b-566d-a250-16290da30521,2025-12-01 13:31:00+01:00,2025-12-01 13:55:00+01:00,21,office,Stuttgart,,DE,home,Stuttgart,,DE,home_return,,public_transport,,7.67,True,True,True
1f992db7-1730-5345-abe2-eae8c600a467,99cb2bd6-228b-566d-a250-16290da30521,2025-12-02 07:15:00+01:00,2025-12-02 07:23:00+01:00,8,home,Stuttgart,,DE,school,Stuttgart,,DE,childcare,,bicycle,,2.1,False,False,False
87e756c4-d1ad-5637-b9b8-55db989f0557,99cb2bd6-228b-566d-a250-16290da30521,2025-12-03 08:13:00+01:00,2025-12-03 08:36:00+01:00,22,home,Stuttgart,,DE,office,Stuttgart,,DE,commute,,public_transport,,7.83,True,True,True
9bf60dce-5e28-55ec-bf06-effbd7ed9743,99cb2bd6-228b-566d-a250-16290da30521,2025-12-03 13:38:00+01:00,2025-12-03 14:02:00+01:00,22,office,Stuttgart,,DE,home,Stuttgart,,DE,home_return,,public_transport,,7.82,True,True,True
4cf630e0-f842-527b-be73-7105e5813179,99cb2bd6-228b-566d-a250-16290da30521,2025-12-04 07:03:00+01:00,2025-12-04 07:11:00+01:00,8,home,Stuttgart,,DE,school,Stuttgart,,DE,childcare,,bicycle,,2.0,False,False,False
2a077c33-aa0f-52ed-87b3-1f7ee95c64d5,99cb2bd6-228b-566d-a250-16290da30521,2025-12-04 08:14:00+01:00,2025-12-04 08:42:00+01:00,25,home,Stuttgart,,DE,office,Stuttgart,,DE,commute,,public_transport,,8.09,True,True,True
7fda5290-9fc3-5df6-b29a-f948502d2f86,99cb2bd6-228b-566d-a250-16290da30521,2025-12-04 14:25:00+01:00,2025-12-04 14:52:00+01:00,24,office,Stuttgart,,DE,home,Stuttgart,,DE,home_return,,public_transport,,7.95,True,True,True
acad6d12-bcc6-5e71-bcba-51bf05fda415,99cb2bd6-228b-566d-a250-16290da30521,2025-12-04 15:54:00+01:00,2025-12-04 16:11:00+01:00,17,home,Stuttgart,,DE,supermarket,Stuttgart,,DE,shopping,,car_sharing,,8.7,False,False,False
d035aad4-2c66-5cab-920b-fee84a8d35af,99cb2bd6-228b-566d-a250-16290da30521,2025-12-05 08:00:00+01:00,2025-12-05 08:25:00+01:00,24,home,Stuttgart,,DE,office,Stuttgart,,DE,commute,,public_transport,,8.24,True,True,True
a325e6cb-d868-5e2c-ae02-e748eeaa37bf,99cb2bd6-228b-566d-a250-16290da30521,2025-12-05 14:21:00+01:00,2025-12-05 14:44:00+01:00,20,office,Stuttgart,,DE,home,Stuttgart,,DE,home_return,,public_transport,,7.9,True,True,True
d6ce0404-5e30-57f3-9b3a-ba0abf09e66b,99cb2bd6-228b-566d-a250-16290da30521,2025-12-06 11:27:00+01:00,2025-12-06 11:52:00+01:00,25,home,Stuttgart,,DE,family_outing_spot,Stuttgart,,DE,leisure,,car_sharing,,12.7,False,False,False
aae1d321-62a1-5d8e-9dfd-bed457d47a25,99cb2bd6-228b-566d-a250-16290da30521,2025-12-06 10:22:00+01:00,2025-12-06 10:35:00+01:00,13,home,Stuttgart,,DE,park,Stuttgart,,DE,leisure,,bicycle,,3.2,False,False,False
94ea7ae9-f276-5ea3-beb6-859953a64ea8,99cb2bd6-228b-566d-a250-16290da30521,2025-12-07 11:47:00+01:00,2025-12-07 12:15:00+01:00,28,home,Stuttgart,,DE,family_outing_spot,Stuttgart,,DE,errands,,car_sharing,,13.9,False,False,False
0ffd2567-8d1f-5b86-b7a3-7400e21e1703,99cb2bd6-228b-566d-a250-16290da30521,2025-12-08 06:50:00+01:00,2025-12-08 06:54:00+01:00,4,home,Stuttgart,,DE,school,Stuttgart,,DE,childcare,,bicycle,,0.9,False,False,False
bf3cdf4d-38ec-5d45-bb2c-8717808405a1,99cb2bd6-228b-566d-a250-16290da30521,2025-12-08 15:40:00+01:00,2025-12-08 15:58:00+01:00,18,home,Stuttgart,,DE,supermarket,Stuttgart,,DE,shopping,,car_sharing,,9.0,False,False,False
5a1447d3-87e6-56b3-abc4-b957949c3769,99cb2bd6-228b-566d-a250-16290da30521,2025-12-09 06:46:00+01:00,2025-12-09 06:53:00+01:00,7,home,Stuttgart,,DE,school,Stuttgart,,DE,childcare,,bicycle,,1.7,False,False,False
8678aa69-f402-5868-ab62-d282aa1ce016,99cb2bd6-228b-566d-a250-16290da30521,2025-12-09 07:46:00+01:00,2025-12-09 08:12:00+01:00,21,home,Stuttgart,,DE,office,Stuttgart,,DE,commute,,public_transport,,8.32,True,True,True
6e8b254b-ee2a-5592-988d-7cdfbfc57371,99cb2bd6-228b-566d-a250-16290da30521,2025-12-09 13:54:00+01:00,2025-12-09 14:21:00+01:00,23,office,Stuttgart,,DE,home,Stuttgart,,DE,home_return,,public_transport,,8.41,True,True,True
cfc7e03c-6d39-54da-ae92-2243b859be82,99cb2bd6-228b-566d-a250-16290da30521,2025-12-10 06:20:00+01:00,2025-12-10 06:28:00+01:00,8,home,Stuttgart,,DE,school,Stuttgart,,DE,childcare,,bicycle,,2.1,False,False,False
7d652f91-9a96-58ab-bba2-152c9511869c,99cb2bd6-228b-566d-a250-16290da30521,2025-12-10 08:10:00+01:00,2025-12-10 08:36:00+01:00,24,home,Stuttgart,,DE,office,Stuttgart,,DE,commute,,public_transport,,7.99,True,True,True
be39e970-01af-5462-8302-58db81c8288b,99cb2bd6-228b-566d-a250-16290da30521,2025-12-10 13:54:00+01:00,2025-12-10 14:16:00+01:00,21,office,Stuttgart,,DE,home,Stuttgart,,DE,home_return,,public_transport,,7.72,True,True,True
98893043-0a70-5bbc-a0f6-f158f9deaede,99cb2bd6-228b-566d-a250-16290da30521,2025-12-11 07:08:00+01:00,2025-12-11 07:12:00+01:00,4,home,Stuttgart,,DE,school,Stuttgart,,DE,childcare,,bicycle,,0.9,False,False,False
6d1777a9-81be-560f-9fb3-56ace1ceb0af,99cb2bd6-228b-566d-a250-16290da30521,2025-12-11 07:58:00+01:00,2025-12-11 08:24:00+01:00,22,home,Stuttgart,,DE,office,Stuttgart,,DE,commute,,public_transport,,7.47,True,True,True
b8f4243d-6e2a-533d-9cc1-02970b83ffca,99cb2bd6-228b-566d-a250-16290da30521,2025-12-11 14:12:00+01:00,2025-12-11 14:36:00+01:00,19,office,Stuttgart,,DE,home,Stuttgart,,DE,home_return,,public_transport,,7.2,True,True,True
1caa6e67-075b-52fa-8485-e53c287f7247,99cb2bd6-228b-566d-a250-16290da30521,2025-12-11 15:40:00+01:00,2025-12-11 16:01:00+01:00,21,home,Stuttgart,,DE,supermarket,Stuttgart,,DE,shopping,,car_sharing,,10.4,False,False,False
67810be1-356c-58ac-89dd-1ccebc9da691,99cb2bd6-228b-566d-a250-16290da30521,2025-12-12 07:06:00+01:00,2025-12-12 07:11:00+01:00,5,home,Stuttgart,,DE,school,Stuttgart,,DE,childcare,,bicycle,,1.3,False,False,False
a2c7e122-9d7a-5861-90c5-562f1b764159,99cb2bd6-228b-566d-a250-16290da30521,2025-12-12 08:17:00+01:00,2025-12-12 08:41:00+01:00,21,home,Stuttgart,,DE,office,Stuttgart,,DE,commute,,public_transport,,7.57,True,True,True
496cc3ab-213b-54cd-8d78-ca47d129caf4,99cb2bd6-228b-566d-a250-16290da30521,2025-12-12 14:13:00+01:00,2025-12-12 14:34:00+01:00,20,office,Stuttgart,,DE,home,Stuttgart,,DE,home_return,,public_transport,,7.51,True,True,True
6c4c5d34-55bc-5384-9f2d-25b1f7e1c06b,99cb2bd6-228b-566d-a250-16290da30521,2025-12-15 16:22:00+01:00,2025-12-15 16:30:00+01:00,8,home,Stuttgart,,DE,supermarket,Stuttgart,,DE,shopping,,car_sharing,,4.2,False,False,False
fc906f68-fb89-5929-9d09-1afd7197b19c,99cb2bd6-228b-566d-a250-16290da30521,2025-12-16 07:12:00+01:00,2025-12-16 07:20:00+01:00,8,home,Stuttgart,,DE,school,Stuttgart,,DE,childcare,,bicycle,,2.1,False,False,False
0300b5a3-7c62-5d09-b290-3888f0c1a971,99cb2bd6-228b-566d-a250-16290da30521,2025-12-16 08:03:00+01:00,2025-12-16 08:28:00+01:00,21,home,Stuttgart,,DE,office,Stuttgart,,DE,commute,,public_transport,,7.24,True,True,True
b3255d50-5065-5db3-a626-c6caa232fd34,99cb2bd6-228b-566d-a250-16290da30521,2025-12-16 13:39:00+01:00,2025-12-16 14:01:00+01:00,21,office,Stuttgart,,DE,home,Stuttgart,,DE,home_return,,public_transport,,7.17,True,True,True
de77dfaa-f2b8-5cdc-9894-23a65dc22531,99cb2bd6-228b-566d-a250-16290da30521,2025-12-16 16:29:00+01:00,2025-12-16 16:52:00+01:00,23,home,Stuttgart,,DE,supermarket,Stuttgart,,DE,shopping,,car_sharing,,11.6,False,False,False
d4914979-0c2b-5ccf-8475-23a276ba15bd,99cb2bd6-228b-566d-a250-16290da30521,2025-12-17 07:05:00+01:00,2025-12-17 07:12:00+01:00,7,home,Stuttgart,,DE,school,Stuttgart,,DE,childcare,,bicycle,,1.7,False,False,False
31a09f2d-bf11-5761-842b-ac17bd1e5fb5,99cb2bd6-228b-566d-a250-16290da30521,2025-12-18 06:32:00+01:00,2025-12-18 06:40:00+01:00,8,home,Stuttgart,,DE,school,Stuttgart,,DE,childcare,,bicycle,,1.9,False,False,False
fe5cf505-7db2-52b3-afef-34f6b13e7a7c,99cb2bd6-228b-566d-a250-16290da30521,2025-12-18 07:41:00+01:00,2025-12-18 08:07:00+01:00,23,home,Stuttgart,,DE,office,Stuttgart,,DE,commute,,public_transport,,8.25,True,True,True
440dcbb8-2664-55b6-8689-3c16bf8f5457,99cb2bd6-228b-566d-a250-16290da30521,2025-12-18 14:02:00+01:00,2025-12-18 14:29:00+01:00,22,office,Stuttgart,,DE,home,Stuttgart,,DE,home_return,,public_transport,,8.17,True,True,True
25be2954-935d-5ecf-85c2-0f356b25ef23,99cb2bd6-228b-566d-a250-16290da30521,2025-12-19 07:19:00+01:00,2025-12-19 07:23:00+01:00,4,home,Stuttgart,,DE,school,Stuttgart,,DE,childcare,,bicycle,,1.1,False,False,False
61a80c43-d3a8-5b48-bb74-1c3f2f3a2bb1,99cb2bd6-228b-566d-a250-16290da30521,2025-12-19 08:20:00+01:00,2025-12-19 08:44:00+01:00,20,home,Stuttgart,,DE,office,Stuttgart,,DE,commute,,public_transport,,8.13,True,True,True
2c101de0-31d2-5922-9db9-e7435c2c464b,99cb2bd6-228b-566d-a250-16290da30521,2025-12-19 14:21:00+01:00,2025-12-19 14:43:00+01:00,19,office,Stuttgart,,DE,home,Stuttgart,,DE,home_return,,public_transport,,8.04,True,True,True
fd84a455-2d71-5cae-b37e-c7207375d56e,99cb2bd6-228b-566d-a250-16290da30521,2025-12-19 16:19:00+01:00,2025-12-19 16:35:00+01:00,16,home,Stuttgart,,DE,supermarket,Stuttgart,,DE,shopping,,car_sharing,,8.2,False,False,False
88baf5bc-b6cb-51ff-9f7a-02018a1023d3,99cb2bd6-228b-566d-a250-16290da30521,2025-12-20 11:34:00+01:00,2025-12-20 11:45:00+01:00,11,home,Stuttgart,,DE,family_outing_spot,Stuttgart,,DE,leisure,,car_sharing,,5.4,False,False,False
4e2703ab-d325-514b-a100-38bd3f173d4c,99cb2bd6-228b-566d-a250-16290da30521,2025-12-20 09:11:00+01:00,2025-12-20 09:28:00+01:00,17,home,Stuttgart,,DE,park,Stuttgart,,DE,leisure,,bicycle,,4.2,False,False,False
ddc8b07e-84f0-54a7-b949-0d361900a7cc,99cb2bd6-228b-566d-a250-16290da30521,2025-12-21 10:42:00+01:00,2025-12-21 10:58:00+01:00,16,home,Stuttgart,,DE,family_outing_spot,Stuttgart,,DE,social,,car_sharing,,7.8,False,False,False
e3593c36-8fae-59df-98c3-b06335f97357,99cb2bd6-228b-566d-a250-16290da30521,2025-12-24 07:45:00+01:00,2025-12-24 08:09:00+01:00,22,home,Stuttgart,,DE,office,Stuttgart,,DE,commute,,public_transport,,8.29,True,True,True
1423408a-b9bd-5c9f-90a6-37d3e261fff8,99cb2bd6-228b-566d-a250-16290da30521,2025-12-24 13:56:00+01:00,2025-12-24 14:25:00+01:00,24,office,Stuttgart,,DE,home,Stuttgart,,DE,home_return,,public_transport,,8.48,True,True,True
ab86e2e3-bb30-50a0-a4a6-ca5202440a24,99cb2bd6-228b-566d-a250-16290da30521,2025-12-24 16:14:00+01:00,2025-12-24 16:36:00+01:00,22,home,Stuttgart,,DE,supermarket,Stuttgart,,DE,shopping,,car_sharing,,11.2,False,False,False
853bb57b-7314-51c4-bba2-f57212c9e567,99cb2bd6-228b-566d-a250-16290da30521,2025-12-25 16:18:00+01:00,2025-12-25 16:39:00+01:00,21,home,Stuttgart,,DE,supermarket,Stuttgart,,DE,shopping,,car_sharing,,10.3,False,False,False
9d5bd47b-10cf-5d5a-a2d5-04ece89df839,99cb2bd6-228b-566d-a250-16290da30521,2025-12-26 15:46:00+01:00,2025-12-26 15:59:00+01:00,13,home,Stuttgart,,DE,supermarket,Stuttgart,,DE,shopping,,car_sharing,,6.5,False,False,False
db9bdc70-1c73-5d88-b64a-a8e023f78050,99cb2bd6-228b-566d-a250-16290da30521,2025-12-28 10:55:00+01:00,2025-12-28 11:19:00+01:00,24,home,Stuttgart,,DE,family_outing_spot,Stuttgart,,DE,social,,car_sharing,,12.0,False,False,False
23111346-8a2c-5f09-be51-1b88942220a9,99cb2bd6-228b-566d-a250-16290da30521,2025-12-28 09:39:00+01:00,2025-12-28 09:47:00+01:00,8,home,Stuttgart,,DE,park,Stuttgart,,DE,leisure,,bicycle,,2.1,False,False,False
d32885d4-0751-5594-b897-ab145f76c265,99cb2bd6-228b-566d-a250-16290da30521,2026-01-01 16:07:00+01:00,2026-01-01 16:16:00+01:00,9,home,Stuttgart,,DE,supermarket,Stuttgart,,DE,shopping,,car_sharing,,4.6,False,False,False
d1ab0402-f76a-5e70-96c6-c4a88977e386,99cb2bd6-228b-566d-a250-16290da30521,2026-01-04 09:14:00+01:00,2026-01-04 09:32:00+01:00,18,home,Stuttgart,,DE,park,Stuttgart,,DE,leisure,,bicycle,,4.5,False,False,False
2607c28e-250a-5745-8b0b-097cbb4b6678,99cb2bd6-228b-566d-a250-16290da30521,2026-01-06 07:11:00+01:00,2026-01-06 07:16:00+01:00,5,home,Stuttgart,,DE,school,Stuttgart,,DE,childcare,,bicycle,,1.2,False,False,False
13ead098-f432-5226-8848-d529af3c72dc,99cb2bd6-228b-566d-a250-16290da30521,2026-01-06 07:45:00+01:00,2026-01-06 08:09:00+01:00,21,home,Stuttgart,,DE,office,Stuttgart,,DE,commute,,public_transport,,7.35,True,True,True
be26b241-5d6f-50e3-a5dc-a87231613289,99cb2bd6-228b-566d-a250-16290da30521,2026-01-06 13:40:00+01:00,2026-01-06 14:08:00+01:00,23,office,Stuttgart,,DE,home,Stuttgart,,DE,home_return,,public_transport,,7.4,True,True,True
9be8707d-dadd-5f13-a348-f6a821b7ee70,99cb2bd6-228b-566d-a250-16290da30521,2026-01-07 07:16:00+01:00,2026-01-07 07:24:00+01:00,8,home,Stuttgart,,DE,school,Stuttgart,,DE,childcare,,bicycle,,2.0,False,False,False
60647ff7-0889-576e-8dd8-32a7839a4e00,99cb2bd6-228b-566d-a250-16290da30521,2026-01-07 08:10:00+01:00,2026-01-07 08:34:00+01:00,20,home,Stuttgart,,DE,office,Stuttgart,,DE,commute,,public_transport,,7.2,True,True,True
8e6ac489-963a-580b-ba6d-6f18d22992a3,99cb2bd6-228b-566d-a250-16290da30521,2026-01-07 13:58:00+01:00,2026-01-07 14:22:00+01:00,21,office,Stuttgart,,DE,home,Stuttgart,,DE,home_return,,public_transport,,7.29,True,True,True
b8e152d4-6b6b-539e-9ab6-12dd9c072364,99cb2bd6-228b-566d-a250-16290da30521,2026-01-08 06:34:00+01:00,2026-01-08 06:42:00+01:00,8,home,Stuttgart,,DE,school,Stuttgart,,DE,childcare,,bicycle,,1.9,False,False,False
1442f173-160a-5d0b-924e-bc2c4f0259de,99cb2bd6-228b-566d-a250-16290da30521,2026-01-08 15:47:00+01:00,2026-01-08 16:02:00+01:00,15,home,Stuttgart,,DE,supermarket,Stuttgart,,DE,shopping,,car_sharing,,7.6,False,False,False
b3bb50b7-a73b-5021-8f37-2e56d68a2e69,99cb2bd6-228b-566d-a250-16290da30521,2026-01-09 07:29:00+01:00,2026-01-09 07:37:00+01:00,8,home,Stuttgart,,DE,school,Stuttgart,,DE,childcare,,bicycle,,1.9,False,False,False
b436a09f-b70e-5957-958a-dca3866de491,99cb2bd6-228b-566d-a250-16290da30521,2026-01-10 10:53:00+01:00,2026-01-10 11:29:00+01:00,36,home,Stuttgart,,DE,family_outing_spot,Stuttgart,,DE,social,,car_sharing,,17.9,False,False,False
e4a42dd6-2faf-5510-b8cc-45871172acfc,99cb2bd6-228b-566d-a250-16290da30521,2026-01-12 07:38:00+01:00,2026-01-12 07:46:00+01:00,8,home,Stuttgart,,DE,school,Stuttgart,,DE,childcare,,bicycle,,2.0,False,False,False
f6edb885-1709-50c8-917f-fdd97e15d3e1,99cb2bd6-228b-566d-a250-16290da30521,2026-01-12 07:48:00+01:00,2026-01-12 08:12:00+01:00,20,home,Stuttgart,,DE,office,Stuttgart,,DE,commute,,public_transport,,7.33,True,True,True
3b88f071-9256-59a9-8218-2ab858a0c817,99cb2bd6-228b-566d-a250-16290da30521,2026-01-12 14:19:00+01:00,2026-01-12 14:46:00+01:00,23,office,Stuttgart,,DE,home,Stuttgart,,DE,home_return,,public_transport,,7.54,True,True,True
c920db8a-b751-55b3-bca7-f8b9ae5ea267,99cb2bd6-228b-566d-a250-16290da30521,2026-01-13 07:27:00+01:00,2026-01-13 07:34:00+01:00,7,home,Stuttgart,,DE,school,Stuttgart,,DE,childcare,,bicycle,,1.7,False,False,False
7d05dc29-dd2c-5975-bc42-5cfc6ede1db8,99cb2bd6-228b-566d-a250-16290da30521,2026-01-13 15:59:00+01:00,2026-01-13 16:09:00+01:00,10,home,Stuttgart,,DE,supermarket,Stuttgart,,DE,shopping,,car_sharing,,5.0,False,False,False
99d5d12e-5f7d-5b46-8343-e32e0982b288,99cb2bd6-228b-566d-a250-16290da30521,2026-01-15 06:22:00+01:00,2026-01-15 06:30:00+01:00,8,home,Stuttgart,,DE,school,Stuttgart,,DE,childcare,,bicycle,,1.9,False,False,False
b8502091-ac5a-59cd-a01c-bfea4d35939f,99cb2bd6-228b-566d-a250-16290da30521,2026-01-16 07:08:00+01:00,2026-01-16 07:14:00+01:00,6,home,Stuttgart,,DE,school,Stuttgart,,DE,childcare,,bicycle,,1.6,False,False,False
9c513e77-eadf-504f-8c37-5b50eb6f0b35,99cb2bd6-228b-566d-a250-16290da30521,2026-01-16 16:27:00+01:00,2026-01-16 16:43:00+01:00,16,home,Stuttgart,,DE,supermarket,Stuttgart,,DE,shopping,,car_sharing,,7.9,False,False,False
000bcff2-1643-526a-9432-c6c572450d0b,99cb2bd6-228b-566d-a250-16290da30521,2026-01-17 10:24:00+01:00,2026-01-17 10:40:00+01:00,16,home,Stuttgart,,DE,family_outing_spot,Stuttgart,,DE,leisure,,car_sharing,,8.0,False,False,False
8cecee6c-9704-52b0-95a3-f661f5bc74e6,99cb2bd6-228b-566d-a250-16290da30521,2026-01-18 11:15:00+01:00,2026-01-18 11:29:00+01:00,14,home,Stuttgart,,DE,family_outing_spot,Stuttgart,,DE,social,,car_sharing,,7.1,False,False,False
92d0a8e7-ebd8-5fa0-942e-fdc28a0d1609,99cb2bd6-228b-566d-a250-16290da30521,2026-01-18 10:40:00+01:00,2026-01-18 10:50:00+01:00,10,home,Stuttgart,,DE,park,Stuttgart,,DE,leisure,,bicycle,,2.5,False,False,False
90a68ace-7016-5054-b94d-5a393ecfc5f2,99cb2bd6-228b-566d-a250-16290da30521,2026-01-19 08:04:00+01:00,2026-01-19 08:31:00+01:00,25,home,Stuttgart,,DE,office,Stuttgart,,DE,commute,,public_transport,,8.55,True,True,True
113d9ef4-c942-5184-8705-bc46b00735d8,99cb2bd6-228b-566d-a250-16290da30521,2026-01-19 13:30:00+01:00,2026-01-19 13:51:00+01:00,19,office,Stuttgart,,DE,home,Stuttgart,,DE,home_return,,public_transport,,8.11,True,True,True
98d975a7-44e6-5add-bfb1-62fac8a766a8,99cb2bd6-228b-566d-a250-16290da30521,2026-01-20 07:59:00+01:00,2026-01-20 08:22:00+01:00,21,home,Stuttgart,,DE,office,Stuttgart,,DE,commute,,public_transport,,7.29,True,True,True
a46ef3d1-932d-592b-a8ca-b11c521dae56,99cb2bd6-228b-566d-a250-16290da30521,2026-01-20 14:23:00+01:00,2026-01-20 14:47:00+01:00,21,office,Stuttgart,,DE,home,Stuttgart,,DE,home_return,,public_transport,,7.31,True,True,True
5743155e-3787-58fd-b561-4a2d87aa13a5,99cb2bd6-228b-566d-a250-16290da30521,2026-01-21 07:16:00+01:00,2026-01-21 07:21:00+01:00,5,home,Stuttgart,,DE,school,Stuttgart,,DE,childcare,,bicycle,,1.2,False,False,False
bd103770-0f39-5c14-a78d-2f54df74ef1b,99cb2bd6-228b-566d-a250-16290da30521,2026-01-21 08:17:00+01:00,2026-01-21 08:45:00+01:00,23,home,Stuttgart,,DE,office,Stuttgart,,DE,commute,,public_transport,,7.47,True,True,True
8054719c-1e1c-5027-9d37-d48ba1a00665,99cb2bd6-228b-566d-a250-16290da30521,2026-01-21 13:46:00+01:00,2026-01-21 14:11:00+01:00,22,office,Stuttgart,,DE,home,Stuttgart,,DE,home_return,,public_transport,,7.35,True,True,True
d2521939-606f-5204-9343-2cb05307bfee,99cb2bd6-228b-566d-a250-16290da30521,2026-01-22 07:11:00+01:00,2026-01-22 07:15:00+01:00,4,home,Stuttgart,,DE,school,Stuttgart,,DE,childcare,,bicycle,,1.1,False,False,False
c5bdb1bc-ddd3-57e9-94d2-402e64e874f8,99cb2bd6-228b-566d-a250-16290da30521,2026-01-23 07:16:00+01:00,2026-01-23 07:24:00+01:00,8,home,Stuttgart,,DE,school,Stuttgart,,DE,childcare,,bicycle,,1.9,False,False,False
451050f2-042d-5afa-8157-cac9771293b4,99cb2bd6-228b-566d-a250-16290da30521,2026-01-24 10:50:00+01:00,2026-01-24 11:29:00+01:00,39,home,Stuttgart,,DE,family_outing_spot,Stuttgart,,DE,social,,car_sharing,,19.4,False,False,False
58d7b30a-d04d-5caf-99f9-7d876911cd78,99cb2bd6-228b-566d-a250-16290da30521,2026-01-24 10:15:00+01:00,2026-01-24 10:23:00+01:00,8,home,Stuttgart,,DE,park,Stuttgart,,DE,leisure,,bicycle,,1.9,False,False,False
54def198-b8d7-5674-9bf5-593e95114373,99cb2bd6-228b-566d-a250-16290da30521,2026-01-25 11:57:00+01:00,2026-01-25 12:14:00+01:00,17,home,Stuttgart,,DE,family_outing_spot,Stuttgart,,DE,leisure,,car_sharing,,8.7,False,False,False
655ff28a-84db-5e5b-83a3-845150b5dd44,99cb2bd6-228b-566d-a250-16290da30521,2026-01-26 06:56:00+01:00,2026-01-26 07:05:00+01:00,9,home,Stuttgart,,DE,school,Stuttgart,,DE,childcare,,bicycle,,2.2,False,False,False
14672429-19a4-5133-a5f2-88e1f03d8fd0,99cb2bd6-228b-566d-a250-16290da30521,2026-01-28 07:22:00+01:00,2026-01-28 07:28:00+01:00,6,home,Stuttgart,,DE,school,Stuttgart,,DE,childcare,,bicycle,,1.5,False,False,False
c2429b0c-2aab-5a99-ad78-0f94ea5ab4a1,99cb2bd6-228b-566d-a250-16290da30521,2026-01-28 08:11:00+01:00,2026-01-28 08:35:00+01:00,23,home,Stuttgart,,DE,office,Stuttgart,,DE,commute,,public_transport,,8.36,True,True,True
3e84b721-4e11-516a-a1b1-4e283fb28b8a,99cb2bd6-228b-566d-a250-16290da30521,2026-01-28 13:40:00+01:00,2026-01-28 14:05:00+01:00,21,office,Stuttgart,,DE,home,Stuttgart,,DE,home_return,,public_transport,,8.24,True,True,True
a016f0af-01ed-5c5c-8a16-2870a4921f80,99cb2bd6-228b-566d-a250-16290da30521,2026-01-29 07:05:00+01:00,2026-01-29 07:12:00+01:00,7,home,Stuttgart,,DE,school,Stuttgart,,DE,childcare,,bicycle,,1.7,False,False,False
de8984a0-5a3d-5522-bc1e-04d07bc398d9,99cb2bd6-228b-566d-a250-16290da30521,2026-01-29 07:52:00+01:00,2026-01-29 08:16:00+01:00,19,home,Stuttgart,,DE,office,Stuttgart,,DE,commute,,public_transport,,6.93,True,True,True
fabfbe13-28fe-5543-807c-6957231e7655,99cb2bd6-228b-566d-a250-16290da30521,2026-01-29 13:30:00+01:00,2026-01-29 13:48:00+01:00,17,office,Stuttgart,,DE,home,Stuttgart,,DE,home_return,,public_transport,,6.81,True,True,True
d315a099-042e-5880-b0c6-b5c4705069e7,99cb2bd6-228b-566d-a250-16290da30521,2026-01-30 06:17:00+01:00,2026-01-30 06:21:00+01:00,4,home,Stuttgart,,DE,school,Stuttgart,,DE,childcare,,bicycle,,0.9,False,False,False
a951d125-162f-5a7d-932e-001c6949b0a2,99cb2bd6-228b-566d-a250-16290da30521,2026-01-30 07:40:00+01:00,2026-01-30 08:06:00+01:00,23,home,Stuttgart,,DE,office,Stuttgart,,DE,commute,,public_transport,,8.15,True,True,True
b474ee88-bbe2-5648-af19-8d842867499a,99cb2bd6-228b-566d-a250-16290da30521,2026-01-30 14:30:00+01:00,2026-01-30 14:56:00+01:00,21,office,Stuttgart,,DE,home,Stuttgart,,DE,home_return,,public_transport,,8.04,True,True,True
0df7ddf0-da38-54da-a547-b41c72d1ed61,99cb2bd6-228b-566d-a250-16290da30521,2026-01-30 15:34:00+01:00,2026-01-30 15:56:00+01:00,22,home,Stuttgart,,DE,supermarket,Stuttgart,,DE,shopping,,car_sharing,,10.8,False,False,False
95cd8635-cc51-55da-a31d-818d19cdab55,99cb2bd6-228b-566d-a250-16290da30521,2026-02-01 11:34:00+01:00,2026-02-01 11:58:00+01:00,24,home,Stuttgart,,DE,family_outing_spot,Stuttgart,,DE,social,,car_sharing,,12.0,False,False,False
e6b07186-3c2e-520b-a05c-8a9b38575c94,99cb2bd6-228b-566d-a250-16290da30521,2026-02-01 10:27:00+01:00,2026-02-01 10:34:00+01:00,7,home,Stuttgart,,DE,park,Stuttgart,,DE,leisure,,bicycle,,1.7,False,False,False
407bd591-c675-5c14-9ec0-42a16ca3c2ea,99cb2bd6-228b-566d-a250-16290da30521,2026-02-02 06:21:00+01:00,2026-02-02 06:26:00+01:00,5,home,Stuttgart,,DE,school,Stuttgart,,DE,childcare,,bicycle,,1.2,False,False,False
17191902-2145-5f6e-abf7-5e298c00de25,99cb2bd6-228b-566d-a250-16290da30521,2026-02-02 16:19:00+01:00,2026-02-02 16:35:00+01:00,16,home,Stuttgart,,DE,supermarket,Stuttgart,,DE,shopping,,car_sharing,,7.8,False,False,False
7a964f9e-ed7b-593c-8e76-353af9b22be8,99cb2bd6-228b-566d-a250-16290da30521,2026-02-04 07:02:00+01:00,2026-02-04 07:08:00+01:00,6,home,Stuttgart,,DE,school,Stuttgart,,DE,childcare,,bicycle,,1.6,False,False,False
82b5d000-0c58-56e2-99c8-54627d984243,99cb2bd6-228b-566d-a250-16290da30521,2026-02-04 08:15:00+01:00,2026-02-04 08:38:00+01:00,22,home,Stuttgart,,DE,office,Stuttgart,,DE,commute,,public_transport,,8.34,True,True,True
2fe588b0-c060-51a9-b3d8-15016c649742,99cb2bd6-228b-566d-a250-16290da30521,2026-02-04 14:20:00+01:00,2026-02-04 14:48:00+01:00,24,office,Stuttgart,,DE,home,Stuttgart,,DE,home_return,,public_transport,,8.45,True,True,True
1ba6503d-bcf7-5a3d-a87d-d1785a1f5a65,99cb2bd6-228b-566d-a250-16290da30521,2026-02-04 16:01:00+01:00,2026-02-04 16:09:00+01:00,8,home,Stuttgart,,DE,supermarket,Stuttgart,,DE,shopping,,car_sharing,,4.2,False,False,False
0770cbc9-74bb-5961-826f-42eaf58c78f4,99cb2bd6-228b-566d-a250-16290da30521,2026-02-06 06:15:00+01:00,2026-02-06 06:22:00+01:00,7,home,Stuttgart,,DE,school,Stuttgart,,DE,childcare,,bicycle,,1.7,False,False,False
c37013cf-867c-5d21-9b17-2f1005eec3c2,99cb2bd6-228b-566d-a250-16290da30521,2026-02-06 08:07:00+01:00,2026-02-06 08:35:00+01:00,24,home,Stuttgart,,DE,office,Stuttgart,,DE,commute,,public_transport,,7.51,True,True,True
b1461ffc-5c35-527e-b89c-b5ce7dee78af,99cb2bd6-228b-566d-a250-16290da30521,2026-02-06 13:31:00+01:00,2026-02-06 13:54:00+01:00,18,office,Stuttgart,,DE,home,Stuttgart,,DE,home_return,,public_transport,,7.04,True,True,True
9b39800a-67eb-51b0-be51-44c642a38455,99cb2bd6-228b-566d-a250-16290da30521,2026-02-06 16:05:00+01:00,2026-02-06 16:21:00+01:00,16,home,Stuttgart,,DE,supermarket,Stuttgart,,DE,shopping,,car_sharing,,8.1,False,False,False
6aff0fe1-bcc3-5779-9ffc-9f5c3a466db6,99cb2bd6-228b-566d-a250-16290da30521,2026-02-07 10:19:00+01:00,2026-02-07 10:36:00+01:00,17,home,Stuttgart,,DE,family_outing_spot,Stuttgart,,DE,social,,car_sharing,,8.6,False,False,False
6e0283cc-8c14-591c-94c2-7ec60cdc0ba2,99cb2bd6-228b-566d-a250-16290da30521,2026-02-08 11:48:00+01:00,2026-02-08 12:06:00+01:00,18,home,Stuttgart,,DE,family_outing_spot,Stuttgart,,DE,social,,car_sharing,,9.0,False,False,False
4f361538-57ba-573e-bf30-1265eae92a3c,99cb2bd6-228b-566d-a250-16290da30521,2026-02-09 06:28:00+01:00,2026-02-09 06:32:00+01:00,4,home,Stuttgart,,DE,school,Stuttgart,,DE,childcare,,bicycle,,1.0,False,False,False
a18eedc4-f754-585d-a9ec-fb73fbb10d7a,99cb2bd6-228b-566d-a250-16290da30521,2026-02-10 06:30:00+01:00,2026-02-10 06:35:00+01:00,5,home,Stuttgart,,DE,school,Stuttgart,,DE,childcare,,bicycle,,1.3,False,False,False
4297325e-ce5c-5f10-8ee2-96e03ef156ba,99cb2bd6-228b-566d-a250-16290da30521,2026-02-11 07:31:00+01:00,2026-02-11 07:35:00+01:00,4,home,Stuttgart,,DE,school,Stuttgart,,DE,childcare,,bicycle,,0.9,False,False,False
faf1e6b0-d0c2-5b5e-a996-87a45ebdc028,99cb2bd6-228b-566d-a250-16290da30521,2026-02-11 08:01:00+01:00,2026-02-11 08:26:00+01:00,24,home,Stuttgart,,DE,office,Stuttgart,,DE,commute,,public_transport,,8.38,True,True,True
937f3d40-ec17-5b6e-abf6-07263cd32d92,99cb2bd6-228b-566d-a250-16290da30521,2026-02-11 13:49:00+01:00,2026-02-11 14:15:00+01:00,22,office,Stuttgart,,DE,home,Stuttgart,,DE,home_return,,public_transport,,8.25,True,True,True
e33437c9-3e8d-58f6-9f07-0ab7674fd191,99cb2bd6-228b-566d-a250-16290da30521,2026-02-12 07:31:00+01:00,2026-02-12 07:35:00+01:00,4,home,Stuttgart,,DE,school,Stuttgart,,DE,childcare,,bicycle,,1.0,False,False,False
885d8ebc-bc2b-5c0a-a67a-7af60dde5bcf,99cb2bd6-228b-566d-a250-16290da30521,2026-02-12 15:49:00+01:00,2026-02-12 15:56:00+01:00,7,home,Stuttgart,,DE,supermarket,Stuttgart,,DE,shopping,,car_sharing,,3.6,False,False,False
6d2ba821-78d3-5c7a-8bbd-db5be466f5a3,99cb2bd6-228b-566d-a250-16290da30521,2026-02-14 09:55:00+01:00,2026-02-14 10:14:00+01:00,19,home,Stuttgart,,DE,park,Stuttgart,,DE,leisure,,bicycle,,4.7,False,False,False
0dabe521-d06e-5f57-a296-65899797b3dc,99cb2bd6-228b-566d-a250-16290da30521,2026-02-15 10:38:00+01:00,2026-02-15 10:53:00+01:00,15,home,Stuttgart,,DE,family_outing_spot,Stuttgart,,DE,errands,,car_sharing,,7.6,False,False,False
87105e58-fdb6-5b21-93d5-369a55f2e1d4,99cb2bd6-228b-566d-a250-16290da30521,2026-02-16 06:53:00+01:00,2026-02-16 06:58:00+01:00,5,home,Stuttgart,,DE,school,Stuttgart,,DE,childcare,,bicycle,,1.3,False,False,False
97dbca10-bd25-53ef-a2d5-a2b7cf323afa,99cb2bd6-228b-566d-a250-16290da30521,2026-02-16 08:18:00+01:00,2026-02-16 08:41:00+01:00,19,home,Stuttgart,,DE,office,Stuttgart,,DE,commute,,public_transport,,7.58,True,True,True
f960f0a0-a68d-5614-8ac6-dcc4ac9cc1f5,99cb2bd6-228b-566d-a250-16290da30521,2026-02-16 14:27:00+01:00,2026-02-16 14:51:00+01:00,21,office,Stuttgart,,DE,home,Stuttgart,,DE,home_return,,public_transport,,7.76,True,True,True
206a6387-2d59-50ca-913d-02320efbef15,99cb2bd6-228b-566d-a250-16290da30521,2026-02-17 06:35:00+01:00,2026-02-17 06:39:00+01:00,4,home,Stuttgart,,DE,school,Stuttgart,,DE,childcare,,bicycle,,0.9,False,False,False
b67198ca-153b-5f57-a35a-c3b04925bf67,99cb2bd6-228b-566d-a250-16290da30521,2026-02-18 07:37:00+01:00,2026-02-18 07:45:00+01:00,8,home,Stuttgart,,DE,school,Stuttgart,,DE,childcare,,bicycle,,2.1,False,False,False
708abee4-c3bb-5519-b7ff-5400e9e18c27,99cb2bd6-228b-566d-a250-16290da30521,2026-02-18 08:17:00+01:00,2026-02-18 08:42:00+01:00,24,home,Stuttgart,,DE,office,Stuttgart,,DE,commute,,public_transport,,7.78,True,True,True
e2a9d38a-d774-5686-b534-7848f611ef67,99cb2bd6-228b-566d-a250-16290da30521,2026-02-18 14:06:00+01:00,2026-02-18 14:32:00+01:00,22,office,Stuttgart,,DE,home,Stuttgart,,DE,home_return,,public_transport,,7.63,True,True,True
31c374e2-aafe-5d76-a5b5-234d63bf8e98,99cb2bd6-228b-566d-a250-16290da30521,2026-02-19 06:36:00+01:00,2026-02-19 06:40:00+01:00,4,home,Stuttgart,,DE,school,Stuttgart,,DE,childcare,,bicycle,,1.0,False,False,False
81ff6b68-0a8a-5353-b2f6-ffb4d1baf637,99cb2bd6-228b-566d-a250-16290da30521,2026-02-20 07:49:00+01:00,2026-02-20 08:11:00+01:00,17,home,Stuttgart,,DE,office,Stuttgart,,DE,commute,,public_transport,,7.25,True,True,True
9049d123-760a-5ed9-b76d-871a0b68b8e0,99cb2bd6-228b-566d-a250-16290da30521,2026-02-20 14:08:00+01:00,2026-02-20 14:35:00+01:00,24,office,Stuttgart,,DE,home,Stuttgart,,DE,home_return,,public_transport,,7.73,True,True,True
cd4a5a14-32e6-518e-8958-5c257b515d30,99cb2bd6-228b-566d-a250-16290da30521,2026-02-21 10:18:00+01:00,2026-02-21 10:31:00+01:00,13,home,Stuttgart,,DE,family_outing_spot,Stuttgart,,DE,errands,,car_sharing,,6.5,False,False,False
9cefde7a-47a8-5907-a89a-ae2984e44d47,99cb2bd6-228b-566d-a250-16290da30521,2026-02-21 10:36:00+01:00,2026-02-21 10:51:00+01:00,15,home,Stuttgart,,DE,park,Stuttgart,,DE,leisure,,bicycle,,3.8,False,False,False
8d2413db-d4fb-581c-bca3-ed3e8c78cf3e,99cb2bd6-228b-566d-a250-16290da30521,2026-02-23 08:01:00+01:00,2026-02-23 08:29:00+01:00,27,home,Stuttgart,,DE,office,Stuttgart,,DE,commute,,public_transport,,8.78,True,True,True
27c48cb1-1444-55cb-b394-f69895602ec6,99cb2bd6-228b-566d-a250-16290da30521,2026-02-23 14:10:00+01:00,2026-02-23 14:38:00+01:00,23,office,Stuttgart,,DE,home,Stuttgart,,DE,home_return,,public_transport,,8.47,True,True,True
43d68b48-cb81-5c33-9163-1266848f768a,99cb2bd6-228b-566d-a250-16290da30521,2026-02-23 16:03:00+01:00,2026-02-23 16:15:00+01:00,12,home,Stuttgart,,DE,supermarket,Stuttgart,,DE,shopping,,car_sharing,,6.0,False,False,False
39d8e8cc-b1d9-5125-b377-cf08f1784d27,99cb2bd6-228b-566d-a250-16290da30521,2026-02-24 06:35:00+01:00,2026-02-24 06:43:00+01:00,8,home,Stuttgart,,DE,school,Stuttgart,,DE,childcare,,bicycle,,1.9,False,False,False
a6f5b290-1d22-5407-b947-e21524b3aad4,99cb2bd6-228b-566d-a250-16290da30521,2026-02-24 16:18:00+01:00,2026-02-24 16:38:00+01:00,20,home,Stuttgart,,DE,supermarket,Stuttgart,,DE,shopping,,car_sharing,,10.1,False,False,False
404d6723-cda0-5d5e-ba69-bee33b799bbc,99cb2bd6-228b-566d-a250-16290da30521,2026-02-25 07:08:00+01:00,2026-02-25 07:14:00+01:00,6,home,Stuttgart,,DE,school,Stuttgart,,DE,childcare,,bicycle,,1.4,False,False,False
4ad6842d-bcb5-55bc-8066-5f8f2e0147bd,99cb2bd6-228b-566d-a250-16290da30521,2026-02-25 07:45:00+01:00,2026-02-25 08:09:00+01:00,19,home,Stuttgart,,DE,office,Stuttgart,,DE,commute,,public_transport,,7.48,True,True,True
fb77441b-0a49-5186-81bb-5ccfda225644,99cb2bd6-228b-566d-a250-16290da30521,2026-02-25 13:40:00+01:00,2026-02-25 14:06:00+01:00,24,office,Stuttgart,,DE,home,Stuttgart,,DE,home_return,,public_transport,,7.98,True,True,True
69727437-141d-5064-ae44-01015bcfd750,99cb2bd6-228b-566d-a250-16290da30521,2026-02-26 07:52:00+01:00,2026-02-26 08:16:00+01:00,19,home,Stuttgart,,DE,office,Stuttgart,,DE,commute,,public_transport,,6.96,True,True,True
c457358e-f28e-5048-ba2b-9acf9328de20,99cb2bd6-228b-566d-a250-16290da30521,2026-02-26 14:10:00+01:00,2026-02-26 14:33:00+01:00,19,office,Stuttgart,,DE,home,Stuttgart,,DE,home_return,,public_transport,,6.99,True,True,True
b5828b16-9599-53ff-9551-05a3619b9ef1,99cb2bd6-228b-566d-a250-16290da30521,2026-02-27 07:12:00+01:00,2026-02-27 07:17:00+01:00,5,home,Stuttgart,,DE,school,Stuttgart,,DE,childcare,,bicycle,,1.2,False,False,False
bbb62b38-2752-5acb-a8ca-28458087d76e,99cb2bd6-228b-566d-a250-16290da30521,2026-02-27 08:00:00+01:00,2026-02-27 08:25:00+01:00,24,home,Stuttgart,,DE,office,Stuttgart,,DE,commute,,public_transport,,8.28,True,True,True
77f82fce-378e-5b67-87c0-3893b264207a,99cb2bd6-228b-566d-a250-16290da30521,2026-02-27 13:48:00+01:00,2026-02-27 14:13:00+01:00,21,office,Stuttgart,,DE,home,Stuttgart,,DE,home_return,,public_transport,,8.08,True,True,True
d2654aff-ff33-5e76-8ca7-21cd71829c10,99cb2bd6-228b-566d-a250-16290da30521,2026-03-02 07:28:00+01:00,2026-03-02 07:36:00+01:00,8,home,Stuttgart,,DE,school,Stuttgart,,DE,childcare,,bicycle,,2.0,False,False,False
a8400dbe-bdb0-5e4f-a1dc-9a7070d0462f,99cb2bd6-228b-566d-a250-16290da30521,2026-03-02 08:16:00+01:00,2026-03-02 08:41:00+01:00,22,home,Stuttgart,,DE,office,Stuttgart,,DE,commute,,public_transport,,8.39,True,True,True
13c439f3-8195-5183-8052-7a0707cd8d9a,99cb2bd6-228b-566d-a250-16290da30521,2026-03-02 14:17:00+01:00,2026-03-02 14:43:00+01:00,24,office,Stuttgart,,DE,home,Stuttgart,,DE,home_return,,public_transport,,8.6,True,True,True
704ba945-8dec-56cd-88f7-020d44971038,99cb2bd6-228b-566d-a250-16290da30521,2026-03-03 07:43:00+01:00,2026-03-03 07:49:00+01:00,6,home,Stuttgart,,DE,school,Stuttgart,,DE,childcare,,bicycle,,1.5,False,False,False
29989a97-9b9b-5193-a80b-de5f3990793b,99cb2bd6-228b-566d-a250-16290da30521,2026-03-03 08:12:00+01:00,2026-03-03 08:34:00+01:00,21,home,Stuttgart,,DE,office,Stuttgart,,DE,commute,,public_transport,,7.51,True,True,True
d72ccdce-6b3d-520e-9d55-0371aa3e32b3,99cb2bd6-228b-566d-a250-16290da30521,2026-03-03 13:44:00+01:00,2026-03-03 14:04:00+01:00,18,office,Stuttgart,,DE,home,Stuttgart,,DE,home_return,,public_transport,,7.17,True,True,True
3376080b-f59a-5200-bbcd-bcb356a21e6a,99cb2bd6-228b-566d-a250-16290da30521,2026-03-04 06:37:00+01:00,2026-03-04 06:41:00+01:00,4,home,Stuttgart,,DE,school,Stuttgart,,DE,childcare,,bicycle,,0.9,False,False,False
13f0cf0a-ee06-58f6-9054-d19caee0b834,99cb2bd6-228b-566d-a250-16290da30521,2026-03-05 07:02:00+01:00,2026-03-05 07:08:00+01:00,6,home,Stuttgart,,DE,school,Stuttgart,,DE,childcare,,bicycle,,1.6,False,False,False
ea96eac3-52b9-59e7-9ef7-77d91c7c36a7,99cb2bd6-228b-566d-a250-16290da30521,2026-03-05 15:52:00+01:00,2026-03-05 16:02:00+01:00,10,home,Stuttgart,,DE,supermarket,Stuttgart,,DE,shopping,,car_sharing,,5.2,False,False,False
77e22216-d3b5-5041-9ce5-0af44d0f9f2e,99cb2bd6-228b-566d-a250-16290da30521,2026-03-06 07:48:00+01:00,2026-03-06 08:15:00+01:00,23,home,Stuttgart,,DE,office,Stuttgart,,DE,commute,,public_transport,,7.49,True,True,True
461d8c9c-9c88-554f-8c06-bec3167b68ef,99cb2bd6-228b-566d-a250-16290da30521,2026-03-06 13:53:00+01:00,2026-03-06 14:15:00+01:00,18,office,Stuttgart,,DE,home,Stuttgart,,DE,home_return,,public_transport,,7.03,True,True,True
fdca4b2c-aa3a-5cd0-a8a0-a3db1b0c55f3,99cb2bd6-228b-566d-a250-16290da30521,2026-03-08 10:22:00+01:00,2026-03-08 10:28:00+01:00,6,home,Stuttgart,,DE,park,Stuttgart,,DE,leisure,,bicycle,,1.6,False,False,False
dcef36dd-1de7-5663-bc32-e23cc2de9aaa,99cb2bd6-228b-566d-a250-16290da30521,2026-03-09 07:05:00+01:00,2026-03-09 07:13:00+01:00,8,home,Stuttgart,,DE,school,Stuttgart,,DE,childcare,,bicycle,,2.1,False,False,False
0fbdc7dc-f997-5e83-9d76-c40b71a7d753,99cb2bd6-228b-566d-a250-16290da30521,2026-03-09 08:03:00+01:00,2026-03-09 08:27:00+01:00,22,home,Stuttgart,,DE,office,Stuttgart,,DE,commute,,public_transport,,8.04,True,True,True
f6d12dc5-0210-5f7c-b2f6-337ef6b69c6f,99cb2bd6-228b-566d-a250-16290da30521,2026-03-09 14:02:00+01:00,2026-03-09 14:27:00+01:00,21,office,Stuttgart,,DE,home,Stuttgart,,DE,home_return,,public_transport,,7.89,True,True,True
99d9a84e-5a77-545f-a0d3-b1a014f8696e,99cb2bd6-228b-566d-a250-16290da30521,2026-03-09 15:45:00+01:00,2026-03-09 15:53:00+01:00,8,home,Stuttgart,,DE,supermarket,Stuttgart,,DE,shopping,,car_sharing,,3.8,False,False,False
a62f76dc-7a4e-5806-8c6f-7fa9dc72be09,99cb2bd6-228b-566d-a250-16290da30521,2026-03-11 07:43:00+01:00,2026-03-11 07:50:00+01:00,7,home,Stuttgart,,DE,school,Stuttgart,,DE,childcare,,bicycle,,1.8,False,False,False
2305b63b-ad34-5aaa-8f59-a22310b472dc,99cb2bd6-228b-566d-a250-16290da30521,2026-03-13 06:55:00+01:00,2026-03-13 07:02:00+01:00,7,home,Stuttgart,,DE,school,Stuttgart,,DE,childcare,,bicycle,,1.8,False,False,False
8911885f-7bef-57f3-a045-ccc46a814e65,99cb2bd6-228b-566d-a250-16290da30521,2026-03-14 11:05:00+01:00,2026-03-14 11:39:00+01:00,34,home,Stuttgart,,DE,family_outing_spot,Stuttgart,,DE,leisure,,car_sharing,,17.0,False,False,False
fc21eda2-1aa9-55bc-a00f-cceb8952bc3b,99cb2bd6-228b-566d-a250-16290da30521,2026-03-14 09:31:00+01:00,2026-03-14 09:39:00+01:00,8,home,Stuttgart,,DE,park,Stuttgart,,DE,leisure,,bicycle,,2.1,False,False,False
8f4dc2ff-6e1d-5bc0-a4bf-575034ac28cc,99cb2bd6-228b-566d-a250-16290da30521,2026-03-15 10:48:00+01:00,2026-03-15 10:58:00+01:00,10,home,Stuttgart,,DE,park,Stuttgart,,DE,leisure,,bicycle,,2.6,False,False,False
68ddfdd8-acf3-5d1c-9985-f68c1e70cf90,99cb2bd6-228b-566d-a250-16290da30521,2026-03-16 07:39:00+01:00,2026-03-16 07:47:00+01:00,8,home,Stuttgart,,DE,school,Stuttgart,,DE,childcare,,bicycle,,2.0,False,False,False
2149df78-9bb1-5b85-8275-48188014f3ad,99cb2bd6-228b-566d-a250-16290da30521,2026-03-17 06:15:00+01:00,2026-03-17 06:19:00+01:00,4,home,Stuttgart,,DE,school,Stuttgart,,DE,childcare,,bicycle,,0.8,False,False,False
26e38729-989c-5a3f-aea4-8cb76af31502,99cb2bd6-228b-566d-a250-16290da30521,2026-03-18 07:32:00+01:00,2026-03-18 07:36:00+01:00,4,home,Stuttgart,,DE,school,Stuttgart,,DE,childcare,,bicycle,,0.9,False,False,False
b97eb6f5-6830-5d03-a571-0b8528774b81,99cb2bd6-228b-566d-a250-16290da30521,2026-03-18 08:06:00+01:00,2026-03-18 08:28:00+01:00,21,home,Stuttgart,,DE,office,Stuttgart,,DE,commute,,public_transport,,8.13,True,True,True
1db0df7c-f091-5f8a-95c5-1b0ebd315ec1,99cb2bd6-228b-566d-a250-16290da30521,2026-03-18 14:13:00+01:00,2026-03-18 14:40:00+01:00,26,office,Stuttgart,,DE,home,Stuttgart,,DE,home_return,,public_transport,,8.59,True,True,True
cf5878ef-d9f4-5796-a335-ae8765bf86b4,99cb2bd6-228b-566d-a250-16290da30521,2026-03-19 15:48:00+01:00,2026-03-19 15:55:00+01:00,7,home,Stuttgart,,DE,supermarket,Stuttgart,,DE,shopping,,car_sharing,,3.7,False,False,False
4a126e01-0db6-5a64-ae1b-1ec699f24b3e,99cb2bd6-228b-566d-a250-16290da30521,2026-03-20 06:21:00+01:00,2026-03-20 06:25:00+01:00,4,home,Stuttgart,,DE,school,Stuttgart,,DE,childcare,,bicycle,,0.9,False,False,False
585a09c1-354b-5185-ae1f-8e9abbdab4db,99cb2bd6-228b-566d-a250-16290da30521,2026-03-21 11:08:00+01:00,2026-03-21 11:33:00+01:00,25,home,Stuttgart,,DE,family_outing_spot,Stuttgart,,DE,leisure,,car_sharing,,12.5,False,False,False
032ad537-7727-572a-a8fe-273eda19d4f7,99cb2bd6-228b-566d-a250-16290da30521,2026-03-21 10:54:00+01:00,2026-03-21 11:11:00+01:00,17,home,Stuttgart,,DE,park,Stuttgart,,DE,leisure,,bicycle,,4.2,False,False,False
5569ea00-b8a6-5caf-9d13-455c3d661406,99cb2bd6-228b-566d-a250-16290da30521,2026-03-22 11:06:00+01:00,2026-03-22 11:44:00+01:00,38,home,Stuttgart,,DE,family_outing_spot,Stuttgart,,DE,social,,car_sharing,,19.1,False,False,False
edb0aeb3-996f-5687-8387-8d7c671cd299,99cb2bd6-228b-566d-a250-16290da30521,2026-03-23 07:00:00+01:00,2026-03-23 07:06:00+01:00,6,home,Stuttgart,,DE,school,Stuttgart,,DE,childcare,,bicycle,,1.5,False,False,False
f6ea0e35-3154-5e0a-b9dc-a87d8e658815,99cb2bd6-228b-566d-a250-16290da30521,2026-03-24 06:59:00+01:00,2026-03-24 07:05:00+01:00,6,home,Stuttgart,,DE,school,Stuttgart,,DE,childcare,,bicycle,,1.6,False,False,False
6f73bb33-bb12-5dd3-9a10-c28a1274e7db,99cb2bd6-228b-566d-a250-16290da30521,2026-03-26 07:22:00+01:00,2026-03-26 07:28:00+01:00,6,home,Stuttgart,,DE,school,Stuttgart,,DE,childcare,,bicycle,,1.5,False,False,False
ee9ceeb5-13f1-5ff3-b139-ef564818c948,99cb2bd6-228b-566d-a250-16290da30521,2026-03-26 08:11:00+01:00,2026-03-26 08:33:00+01:00,17,home,Stuttgart,,DE,office,Stuttgart,,DE,commute,,public_transport,,6.96,True,True,True
f497760f-f247-56d9-9856-fe9390f649f4,99cb2bd6-228b-566d-a250-16290da30521,2026-03-26 14:12:00+01:00,2026-03-26 14:34:00+01:00,20,office,Stuttgart,,DE,home,Stuttgart,,DE,home_return,,public_transport,,7.29,True,True,True
4baa485b-3b01-5345-9345-de80100a8fb4,99cb2bd6-228b-566d-a250-16290da30521,2026-03-27 07:14:00+01:00,2026-03-27 07:19:00+01:00,5,home,Stuttgart,,DE,school,Stuttgart,,DE,childcare,,bicycle,,1.2,False,False,False
6c5b4283-edc1-5f0d-8ef3-3c748d29e3dd,99cb2bd6-228b-566d-a250-16290da30521,2026-03-28 11:38:00+01:00,2026-03-28 12:04:00+01:00,26,home,Stuttgart,,DE,family_outing_spot,Stuttgart,,DE,leisure,,car_sharing,,13.0,False,False,False
cf08f78a-415f-5f99-afb8-4c2d87fd629f,99cb2bd6-228b-566d-a250-16290da30521,2026-03-30 07:02:00+01:00,2026-03-30 07:11:00+01:00,9,home,Stuttgart,,DE,school,Stuttgart,,DE,childcare,,bicycle,,2.2,False,False,False
e2f3578e-00ee-53b8-8e08-4a71134ce5ca,99cb2bd6-228b-566d-a250-16290da30521,2026-03-30 08:18:00+01:00,2026-03-30 08:40:00+01:00,21,home,Stuttgart,,DE,office,Stuttgart,,DE,commute,,public_transport,,8.33,True,True,True
01ad8bbe-dd03-5131-a32f-d22cc411c1c6,99cb2bd6-228b-566d-a250-16290da30521,2026-03-30 14:00:00+01:00,2026-03-30 14:24:00+01:00,20,office,Stuttgart,,DE,home,Stuttgart,,DE,home_return,,public_transport,,8.23,True,True,True
807f0b3e-2dc9-523b-b0f3-e4513de32b41,99cb2bd6-228b-566d-a250-16290da30521,2026-03-31 07:26:00+01:00,2026-03-31 07:31:00+01:00,5,home,Stuttgart,,DE,school,Stuttgart,,DE,childcare,,bicycle,,1.3,False,False,False
3a3f0c7b-7d07-5f86-97e5-fa50e7f8c8bc,99cb2bd6-228b-566d-a250-16290da30521,2026-03-31 08:07:00+01:00,2026-03-31 08:31:00+01:00,21,home,Stuttgart,,DE,office,Stuttgart,,DE,commute,,public_transport,,7.28,True,True,True
ad521f87-b439-589d-8583-bf7ee28bd572,99cb2bd6-228b-566d-a250-16290da30521,2026-03-31 14:20:00+01:00,2026-03-31 14:42:00+01:00,19,office,Stuttgart,,DE,home,Stuttgart,,DE,home_return,,public_transport,,7.1,True,True,True
b58d6f87-9c3f-5dd3-b633-451cd6a85c2b,99cb2bd6-228b-566d-a250-16290da30521,2026-04-01 07:38:00+01:00,2026-04-01 07:46:00+01:00,8,home,Stuttgart,,DE,school,Stuttgart,,DE,childcare,,bicycle,,2.1,False,False,False
d5ebeefe-9e36-5f6f-b4e2-aec6362891b0,99cb2bd6-228b-566d-a250-16290da30521,2026-04-01 15:38:00+01:00,2026-04-01 15:57:00+01:00,19,home,Stuttgart,,DE,supermarket,Stuttgart,,DE,shopping,,car_sharing,,9.5,False,False,False
3987f6e9-e7ec-566c-b955-5a4f2fdf2f85,99cb2bd6-228b-566d-a250-16290da30521,2026-04-02 07:53:00+01:00,2026-04-02 08:18:00+01:00,21,home,Stuttgart,,DE,office,Stuttgart,,DE,commute,,public_transport,,7.54,True,True,True
a8cc3034-3450-5e04-a7f5-875570a77d6d,99cb2bd6-228b-566d-a250-16290da30521,2026-04-02 13:45:00+01:00,2026-04-02 14:08:00+01:00,19,office,Stuttgart,,DE,home,Stuttgart,,DE,home_return,,public_transport,,7.44,True,True,True
d81ea982-e99d-5af8-b03d-ff2df13e0629,99cb2bd6-228b-566d-a250-16290da30521,2026-04-03 07:08:00+01:00,2026-04-03 07:16:00+01:00,8,home,Stuttgart,,DE,school,Stuttgart,,DE,childcare,,bicycle,,1.9,False,False,False
f37c2939-8160-5dda-89eb-e047ba857e44,99cb2bd6-228b-566d-a250-16290da30521,2026-04-03 07:49:00+01:00,2026-04-03 08:13:00+01:00,21,home,Stuttgart,,DE,office,Stuttgart,,DE,commute,,public_transport,,7.68,True,True,True
45deaec4-2445-5a87-ba08-4cdea3ab98e0,99cb2bd6-228b-566d-a250-16290da30521,2026-04-03 13:38:00+01:00,2026-04-03 14:04:00+01:00,23,office,Stuttgart,,DE,home,Stuttgart,,DE,home_return,,public_transport,,7.88,True,True,True
1db01c7f-2d44-5a07-b340-63bf32d259e6,99cb2bd6-228b-566d-a250-16290da30521,2026-04-03 15:51:00+01:00,2026-04-03 15:58:00+01:00,7,home,Stuttgart,,DE,supermarket,Stuttgart,,DE,shopping,,car_sharing,,3.5,False,False,False
c1ced8cf-5d5d-56b0-b75d-2b79056e2617,99cb2bd6-228b-566d-a250-16290da30521,2026-04-05 10:57:00+01:00,2026-04-05 11:10:00+01:00,13,home,Stuttgart,,DE,park,Stuttgart,,DE,leisure,,bicycle,,3.3,False,False,False
279c1c31-f63a-565b-999b-53539547fe3e,99cb2bd6-228b-566d-a250-16290da30521,2026-04-06 07:06:00+01:00,2026-04-06 07:14:00+01:00,8,home,Stuttgart,,DE,school,Stuttgart,,DE,childcare,,bicycle,,2.0,False,False,False
216c93bc-f89c-536b-b654-d4f3fb9d6c44,99cb2bd6-228b-566d-a250-16290da30521,2026-04-06 07:48:00+01:00,2026-04-06 08:08:00+01:00,18,home,Stuttgart,,DE,office,Stuttgart,,DE,commute,,public_transport,,7.46,True,True,True
d2b9105b-409d-5a30-8966-985592420b5c,99cb2bd6-228b-566d-a250-16290da30521,2026-04-06 14:21:00+01:00,2026-04-06 14:45:00+01:00,19,office,Stuttgart,,DE,home,Stuttgart,,DE,home_return,,public_transport,,7.61,True,True,True
3bf5ffc6-c2b2-5d15-ba2d-550716834246,99cb2bd6-228b-566d-a250-16290da30521,2026-04-07 06:52:00+01:00,2026-04-07 06:58:00+01:00,6,home,Stuttgart,,DE,school,Stuttgart,,DE,childcare,,bicycle,,1.6,False,False,False
0b74f287-4dc1-5b0a-9525-4019e05933cb,99cb2bd6-228b-566d-a250-16290da30521,2026-04-07 07:54:00+01:00,2026-04-07 08:16:00+01:00,19,home,Stuttgart,,DE,office,Stuttgart,,DE,commute,,public_transport,,7.37,True,True,True
bfe238bf-88dd-59b1-9986-b4468f54985f,99cb2bd6-228b-566d-a250-16290da30521,2026-04-07 14:06:00+01:00,2026-04-07 14:33:00+01:00,24,office,Stuttgart,,DE,home,Stuttgart,,DE,home_return,,public_transport,,7.79,True,True,True
3a9d1f05-907e-50b5-94d7-80654ba447fd,99cb2bd6-228b-566d-a250-16290da30521,2026-04-08 07:18:00+01:00,2026-04-08 07:24:00+01:00,6,home,Stuttgart,,DE,school,Stuttgart,,DE,childcare,,bicycle,,1.5,False,False,False
0ce2483d-3991-540e-869e-c895fdb8a24a,99cb2bd6-228b-566d-a250-16290da30521,2026-04-08 08:04:00+01:00,2026-04-08 08:30:00+01:00,22,home,Stuttgart,,DE,office,Stuttgart,,DE,commute,,public_transport,,7.87,True,True,True
b2573795-5959-52dc-b8a3-74ec57facefd,99cb2bd6-228b-566d-a250-16290da30521,2026-04-08 14:10:00+01:00,2026-04-08 14:31:00+01:00,19,office,Stuttgart,,DE,home,Stuttgart,,DE,home_return,,public_transport,,7.53,True,True,True
36ef8376-4967-5e53-ac64-10142144529e,99cb2bd6-228b-566d-a250-16290da30521,2026-04-08 15:48:00+01:00,2026-04-08 16:10:00+01:00,22,home,Stuttgart,,DE,supermarket,Stuttgart,,DE,shopping,,car_sharing,,11.1,False,False,False
c9a103c7-a879-53bb-841b-192f33dd078a,99cb2bd6-228b-566d-a250-16290da30521,2026-04-09 06:28:00+01:00,2026-04-09 06:34:00+01:00,6,home,Stuttgart,,DE,school,Stuttgart,,DE,childcare,,bicycle,,1.5,False,False,False
5bc1f026-97f2-597d-bce5-d76cfc728572,99cb2bd6-228b-566d-a250-16290da30521,2026-04-09 08:16:00+01:00,2026-04-09 08:41:00+01:00,24,home,Stuttgart,,DE,office,Stuttgart,,DE,commute,,public_transport,,7.92,True,True,True
47cf9fda-64a4-54b7-8d02-a2e78e775ee5,99cb2bd6-228b-566d-a250-16290da30521,2026-04-09 14:24:00+01:00,2026-04-09 14:53:00+01:00,24,office,Stuttgart,,DE,home,Stuttgart,,DE,home_return,,public_transport,,7.88,True,True,True
12d2e885-c37a-5cfa-b342-cb364f294fa4,99cb2bd6-228b-566d-a250-16290da30521,2026-04-09 15:55:00+01:00,2026-04-09 16:02:00+01:00,7,home,Stuttgart,,DE,supermarket,Stuttgart,,DE,shopping,,car_sharing,,3.6,False,False,False
2f6283d1-f9d7-593b-b573-7737aeb95f4e,99cb2bd6-228b-566d-a250-16290da30521,2026-04-11 11:10:00+01:00,2026-04-11 11:24:00+01:00,14,home,Stuttgart,,DE,family_outing_spot,Stuttgart,,DE,social,,car_sharing,,6.9,False,False,False
5da4dc14-7155-5d38-b510-0c2ef8fdeb8e,99cb2bd6-228b-566d-a250-16290da30521,2026-04-11 09:04:00+01:00,2026-04-11 09:18:00+01:00,14,home,Stuttgart,,DE,park,Stuttgart,,DE,leisure,,bicycle,,3.5,False,False,False
8be596e4-39f8-54d1-94ca-1c59cf8b4749,99cb2bd6-228b-566d-a250-16290da30521,2026-04-12 10:41:00+01:00,2026-04-12 10:57:00+01:00,16,home,Stuttgart,,DE,family_outing_spot,Stuttgart,,DE,leisure,,car_sharing,,7.9,False,False,False
8c049906-2d7e-54fa-896e-76ff090024b0,99cb2bd6-228b-566d-a250-16290da30521,2026-04-13 06:51:00+01:00,2026-04-13 06:57:00+01:00,6,home,Stuttgart,,DE,school,Stuttgart,,DE,childcare,,bicycle,,1.6,False,False,False
fd843a88-dea5-5b29-81be-6dad3fe87ece,99cb2bd6-228b-566d-a250-16290da30521,2026-04-13 07:56:00+01:00,2026-04-13 08:20:00+01:00,19,home,Stuttgart,,DE,office,Stuttgart,,DE,commute,,public_transport,,7.18,True,True,True
27f07615-4d1b-5bc9-84ad-d0ad4969c5b1,99cb2bd6-228b-566d-a250-16290da30521,2026-04-13 13:55:00+01:00,2026-04-13 14:16:00+01:00,17,office,Stuttgart,,DE,home,Stuttgart,,DE,home_return,,public_transport,,7.02,True,True,True
6f541e68-b44b-5b9f-8ba1-a5100d7cef12,99cb2bd6-228b-566d-a250-16290da30521,2026-04-13 15:44:00+01:00,2026-04-13 15:57:00+01:00,13,home,Stuttgart,,DE,supermarket,Stuttgart,,DE,shopping,,car_sharing,,6.3,False,False,False
3791e917-00f5-568b-bd99-c98bbf46f1a1,99cb2bd6-228b-566d-a250-16290da30521,2026-04-15 07:41:00+01:00,2026-04-15 07:45:00+01:00,4,home,Stuttgart,,DE,school,Stuttgart,,DE,childcare,,bicycle,,1.0,False,False,False
c5906e37-26c5-5e2a-9a8b-cab3dada0da1,99cb2bd6-228b-566d-a250-16290da30521,2026-04-15 15:37:00+01:00,2026-04-15 15:48:00+01:00,11,home,Stuttgart,,DE,supermarket,Stuttgart,,DE,shopping,,car_sharing,,5.4,False,False,False
e58be5df-555f-535e-8882-eb8daaf8438f,99cb2bd6-228b-566d-a250-16290da30521,2026-04-16 06:15:00+01:00,2026-04-16 06:21:00+01:00,6,home,Stuttgart,,DE,school,Stuttgart,,DE,childcare,,bicycle,,1.6,False,False,False
0a6fcfc2-d8a5-5b80-b01c-d481a2c32140,99cb2bd6-228b-566d-a250-16290da30521,2026-04-16 07:45:00+01:00,2026-04-16 08:09:00+01:00,23,home,Stuttgart,,DE,office,Stuttgart,,DE,commute,,public_transport,,7.9,True,True,True
814133ba-a3b3-530c-bab7-ef5e64c39747,99cb2bd6-228b-566d-a250-16290da30521,2026-04-16 14:22:00+01:00,2026-04-16 14:48:00+01:00,24,office,Stuttgart,,DE,home,Stuttgart,,DE,home_return,,public_transport,,7.95,True,True,True
fd62debb-f5af-5764-92c7-434f6fc1a453,99cb2bd6-228b-566d-a250-16290da30521,2026-04-17 07:31:00+01:00,2026-04-17 07:38:00+01:00,7,home,Stuttgart,,DE,school,Stuttgart,,DE,childcare,,bicycle,,1.7,False,False,False
7e2750b8-1555-5ce3-a9a4-cafd63db9aaf,99cb2bd6-228b-566d-a250-16290da30521,2026-04-17 08:15:00+01:00,2026-04-17 08:39:00+01:00,21,home,Stuttgart,,DE,office,Stuttgart,,DE,commute,,public_transport,,7.72,True,True,True
178f135b-6892-5032-af71-ca3ecf61d892,99cb2bd6-228b-566d-a250-16290da30521,2026-04-17 13:32:00+01:00,2026-04-17 13:51:00+01:00,18,office,Stuttgart,,DE,home,Stuttgart,,DE,home_return,,public_transport,,7.49,True,True,True
401b81f4-0daf-5675-ba1d-d97f342ac3fe,99cb2bd6-228b-566d-a250-16290da30521,2026-04-17 16:30:00+01:00,2026-04-17 16:38:00+01:00,8,home,Stuttgart,,DE,supermarket,Stuttgart,,DE,shopping,,car_sharing,,3.9,False,False,False
3a5a2229-1958-550d-9aff-d8bfac38767d,99cb2bd6-228b-566d-a250-16290da30521,2026-04-19 11:57:00+01:00,2026-04-19 12:35:00+01:00,38,home,Stuttgart,,DE,family_outing_spot,Stuttgart,,DE,errands,,car_sharing,,19.2,False,False,False
95b72574-06b1-5ce0-a091-77796de27fd9,99cb2bd6-228b-566d-a250-16290da30521,2026-04-20 07:11:00+01:00,2026-04-20 07:18:00+01:00,7,home,Stuttgart,,DE,school,Stuttgart,,DE,childcare,,bicycle,,1.7,False,False,False
c55f0ecb-acf2-5fdb-9f0b-a422c9352d11,99cb2bd6-228b-566d-a250-16290da30521,2026-04-21 07:08:00+01:00,2026-04-21 07:14:00+01:00,6,home,Stuttgart,,DE,school,Stuttgart,,DE,childcare,,bicycle,,1.5,False,False,False
f2994fba-af9e-54fa-82f1-0f402f426a39,99cb2bd6-228b-566d-a250-16290da30521,2026-04-23 07:13:00+01:00,2026-04-23 07:21:00+01:00,8,home,Stuttgart,,DE,school,Stuttgart,,DE,childcare,,bicycle,,1.9,False,False,False
d0357b1e-1dd9-58a7-8d06-b0860f53e921,99cb2bd6-228b-566d-a250-16290da30521,2026-04-23 07:56:00+01:00,2026-04-23 08:19:00+01:00,19,home,Stuttgart,,DE,office,Stuttgart,,DE,commute,,public_transport,,7.23,True,True,True
59cb59e9-aa50-5fba-8e26-795239329f16,99cb2bd6-228b-566d-a250-16290da30521,2026-04-23 14:00:00+01:00,2026-04-23 14:25:00+01:00,21,office,Stuttgart,,DE,home,Stuttgart,,DE,home_return,,public_transport,,7.42,True,True,True
76fbfc2f-a532-5c2c-b25d-5e5b093f096d,99cb2bd6-228b-566d-a250-16290da30521,2026-04-24 07:13:00+01:00,2026-04-24 07:21:00+01:00,8,home,Stuttgart,,DE,school,Stuttgart,,DE,childcare,,bicycle,,1.9,False,False,False
1ec85d32-9216-5ca1-8e6b-de67dc6e0bec,99cb2bd6-228b-566d-a250-16290da30521,2026-04-24 08:08:00+01:00,2026-04-24 08:34:00+01:00,21,home,Stuttgart,,DE,office,Stuttgart,,DE,commute,,public_transport,,7.5,True,True,True
59bb4d8b-0684-5a96-aad3-335a780c32d2,99cb2bd6-228b-566d-a250-16290da30521,2026-04-24 14:03:00+01:00,2026-04-24 14:25:00+01:00,20,office,Stuttgart,,DE,home,Stuttgart,,DE,home_return,,public_transport,,7.34,True,True,True
2a7cb9bb-6a28-50f2-a9c6-300ba2860381,99cb2bd6-228b-566d-a250-16290da30521,2026-04-24 16:17:00+01:00,2026-04-24 16:27:00+01:00,10,home,Stuttgart,,DE,supermarket,Stuttgart,,DE,shopping,,car_sharing,,5.1,False,False,False
42795491-cf0a-52b0-98a7-d3452d7b7034,99cb2bd6-228b-566d-a250-16290da30521,2026-04-25 09:51:00+01:00,2026-04-25 10:08:00+01:00,17,home,Stuttgart,,DE,park,Stuttgart,,DE,leisure,,bicycle,,4.3,False,False,False
7b0e495c-8a2b-5f33-be93-50c69cac4a09,99cb2bd6-228b-566d-a250-16290da30521,2026-04-26 10:28:00+01:00,2026-04-26 11:03:00+01:00,35,home,Stuttgart,,DE,family_outing_spot,Stuttgart,,DE,leisure,,car_sharing,,17.5,False,False,False
d7b811c7-e588-5a4a-9687-7f3b674b6d2a,99cb2bd6-228b-566d-a250-16290da30521,2026-04-27 06:23:00+01:00,2026-04-27 06:27:00+01:00,4,home,Stuttgart,,DE,school,Stuttgart,,DE,childcare,,bicycle,,1.1,False,False,False
19651452-37e5-5568-8623-62748c2aaa40,99cb2bd6-228b-566d-a250-16290da30521,2026-04-28 07:42:00+01:00,2026-04-28 08:09:00+01:00,22,home,Stuttgart,,DE,office,Stuttgart,,DE,commute,,public_transport,,7.38,True,True,True
d655cde9-99b1-5447-829a-9e4c2b6400c0,99cb2bd6-228b-566d-a250-16290da30521,2026-04-28 13:51:00+01:00,2026-04-28 14:14:00+01:00,21,office,Stuttgart,,DE,home,Stuttgart,,DE,home_return,,public_transport,,7.26,True,True,True
dc780eb0-2f34-5ee1-b995-cc4db2dcb883,99cb2bd6-228b-566d-a250-16290da30521,2026-04-29 06:22:00+01:00,2026-04-29 06:27:00+01:00,5,home,Stuttgart,,DE,school,Stuttgart,,DE,childcare,,bicycle,,1.2,False,False,False
32ae9a22-2afd-5d92-be50-0dddf897cb77,99cb2bd6-228b-566d-a250-16290da30521,2026-04-29 08:09:00+01:00,2026-04-29 08:38:00+01:00,25,home,Stuttgart,,DE,office,Stuttgart,,DE,commute,,public_transport,,8.09,True,True,True
8edfaa9a-210e-5444-8120-24733ac0e07e,99cb2bd6-228b-566d-a250-16290da30521,2026-04-29 14:10:00+01:00,2026-04-29 14:35:00+01:00,22,office,Stuttgart,,DE,home,Stuttgart,,DE,home_return,,public_transport,,7.84,True,True,True
efaa7a3e-2a46-5e50-b407-a01111a0c1e6,99cb2bd6-228b-566d-a250-16290da30521,2026-04-30 06:46:00+01:00,2026-04-30 06:54:00+01:00,8,home,Stuttgart,,DE,school,Stuttgart,,DE,childcare,,bicycle,,2.1,False,False,False
b7890f6e-3b86-5e7e-bec7-7638e14088ce,99cb2bd6-228b-566d-a250-16290da30521,2026-04-30 08:09:00+01:00,2026-04-30 08:31:00+01:00,21,home,Stuttgart,,DE,office,Stuttgart,,DE,commute,,public_transport,,8.26,True,True,True
42210829-e559-589d-afeb-ba6dbbebcd81,99cb2bd6-228b-566d-a250-16290da30521,2026-04-30 14:30:00+01:00,2026-04-30 14:57:00+01:00,23,office,Stuttgart,,DE,home,Stuttgart,,DE,home_return,,public_transport,,8.55,True,True,True
fc3d6e6f-dde9-557a-a514-fc6db6fd9956,99cb2bd6-228b-566d-a250-16290da30521,2026-05-01 06:19:00+01:00,2026-05-01 06:27:00+01:00,8,home,Stuttgart,,DE,school,Stuttgart,,DE,childcare,,bicycle,,1.9,False,False,False
73a90d0e-8806-5b68-a6e2-78b40142ff65,99cb2bd6-228b-566d-a250-16290da30521,2026-05-01 07:44:00+01:00,2026-05-01 08:12:00+01:00,24,home,Stuttgart,,DE,office,Stuttgart,,DE,commute,,public_transport,,8.56,True,True,True
cdfc6a20-7833-5518-8f1f-b0c57da7fd64,99cb2bd6-228b-566d-a250-16290da30521,2026-05-01 13:32:00+01:00,2026-05-01 13:53:00+01:00,20,office,Stuttgart,,DE,home,Stuttgart,,DE,home_return,,public_transport,,8.12,True,True,True
c824cffd-53b6-57f1-9d6f-0fa839fd3249,99cb2bd6-228b-566d-a250-16290da30521,2026-05-01 16:21:00+01:00,2026-05-01 16:44:00+01:00,23,home,Stuttgart,,DE,supermarket,Stuttgart,,DE,shopping,,car_sharing,,11.5,False,False,False
3ef4ce59-7655-511b-b119-d9a1db735b80,99cb2bd6-228b-566d-a250-16290da30521,2026-05-03 11:24:00+01:00,2026-05-03 11:41:00+01:00,17,home,Stuttgart,,DE,family_outing_spot,Stuttgart,,DE,social,,car_sharing,,8.5,False,False,False
79fba63e-04b6-5ca0-8ed7-d66b441d93d1,99cb2bd6-228b-566d-a250-16290da30521,2026-05-05 07:27:00+01:00,2026-05-05 07:31:00+01:00,4,home,Stuttgart,,DE,school,Stuttgart,,DE,childcare,,bicycle,,1.0,False,False,False
0f6a1130-d228-5a8f-8a71-a76f7b4dadd0,99cb2bd6-228b-566d-a250-16290da30521,2026-05-05 07:53:00+01:00,2026-05-05 08:17:00+01:00,23,home,Stuttgart,,DE,office,Stuttgart,,DE,commute,,public_transport,,8.14,True,True,True
23688758-c7e8-5dd9-bc0e-a8b514d5f362,99cb2bd6-228b-566d-a250-16290da30521,2026-05-05 14:18:00+01:00,2026-05-05 14:45:00+01:00,22,office,Stuttgart,,DE,home,Stuttgart,,DE,home_return,,public_transport,,8.13,True,True,True
bfb9ee44-0c32-5d53-9f96-9b9d255ae5b4,99cb2bd6-228b-566d-a250-16290da30521,2026-05-06 07:04:00+01:00,2026-05-06 07:09:00+01:00,5,home,Stuttgart,,DE,school,Stuttgart,,DE,childcare,,bicycle,,1.3,False,False,False
ed50e302-7b51-5e95-82ab-3d3ec0fc7e4c,99cb2bd6-228b-566d-a250-16290da30521,2026-05-07 06:28:00+01:00,2026-05-07 06:34:00+01:00,6,home,Stuttgart,,DE,school,Stuttgart,,DE,childcare,,bicycle,,1.4,False,False,False
bff05e0a-1172-5884-83b3-4137095ab811,99cb2bd6-228b-566d-a250-16290da30521,2026-05-07 07:59:00+01:00,2026-05-07 08:23:00+01:00,22,home,Stuttgart,,DE,office,Stuttgart,,DE,commute,,public_transport,,7.89,True,True,True
e45a8b3b-fd15-52a0-ba23-7629a36a06aa,99cb2bd6-228b-566d-a250-16290da30521,2026-05-07 14:01:00+01:00,2026-05-07 14:24:00+01:00,21,office,Stuttgart,,DE,home,Stuttgart,,DE,home_return,,public_transport,,7.88,True,True,True
dc115cb6-f038-5814-98ae-100771dc8bfb,99cb2bd6-228b-566d-a250-16290da30521,2026-05-09 10:19:00+01:00,2026-05-09 10:49:00+01:00,30,home,Stuttgart,,DE,family_outing_spot,Stuttgart,,DE,social,,car_sharing,,14.9,False,False,False
6fe8cc88-8a49-59b9-937b-535a13295f68,99cb2bd6-228b-566d-a250-16290da30521,2026-05-10 10:33:00+01:00,2026-05-10 10:57:00+01:00,24,home,Stuttgart,,DE,family_outing_spot,Stuttgart,,DE,leisure,,car_sharing,,11.8,False,False,False
655d6e9e-4408-541c-abe3-33f0b526fa8d,99cb2bd6-228b-566d-a250-16290da30521,2026-05-11 07:47:00+01:00,2026-05-11 08:12:00+01:00,20,home,Stuttgart,,DE,office,Stuttgart,,DE,commute,,public_transport,,7.33,True,True,True
36a71e8d-b7b2-5cfd-8b61-7cab14f5161d,99cb2bd6-228b-566d-a250-16290da30521,2026-05-11 14:29:00+01:00,2026-05-11 14:51:00+01:00,19,office,Stuttgart,,DE,home,Stuttgart,,DE,home_return,,public_transport,,7.2,True,True,True
7a7e8511-ac45-588a-8773-8b0673fe2f30,99cb2bd6-228b-566d-a250-16290da30521,2026-05-11 16:22:00+01:00,2026-05-11 16:44:00+01:00,22,home,Stuttgart,,DE,supermarket,Stuttgart,,DE,shopping,,car_sharing,,10.9,False,False,False
6151130f-bf45-5e1a-8bff-b31c997b7aff,99cb2bd6-228b-566d-a250-16290da30521,2026-05-12 06:30:00+01:00,2026-05-12 06:34:00+01:00,4,home,Stuttgart,,DE,school,Stuttgart,,DE,childcare,,bicycle,,1.0,False,False,False
ae44d688-d470-5842-9017-aceaa0ffca9f,99cb2bd6-228b-566d-a250-16290da30521,2026-05-12 08:17:00+01:00,2026-05-12 08:40:00+01:00,20,home,Stuttgart,,DE,office,Stuttgart,,DE,commute,,public_transport,,7.63,True,True,True
9ae419c7-7b08-5fb3-87e5-d3b51d5514d5,99cb2bd6-228b-566d-a250-16290da30521,2026-05-12 13:55:00+01:00,2026-05-12 14:19:00+01:00,19,office,Stuttgart,,DE,home,Stuttgart,,DE,home_return,,public_transport,,7.54,True,True,True
ad233180-aaa5-599a-81d9-2271028f0789,99cb2bd6-228b-566d-a250-16290da30521,2026-05-13 07:39:00+01:00,2026-05-13 07:47:00+01:00,8,home,Stuttgart,,DE,school,Stuttgart,,DE,childcare,,bicycle,,2.1,False,False,False
5c0a2140-33a9-507e-87a5-e736cafb2274,99cb2bd6-228b-566d-a250-16290da30521,2026-05-14 07:31:00+01:00,2026-05-14 07:39:00+01:00,8,home,Stuttgart,,DE,school,Stuttgart,,DE,childcare,,bicycle,,2.0,False,False,False
6632e7f6-960c-5a8d-a1c3-307e4f5a45de,99cb2bd6-228b-566d-a250-16290da30521,2026-05-14 07:46:00+01:00,2026-05-14 08:15:00+01:00,25,home,Stuttgart,,DE,office,Stuttgart,,DE,commute,,public_transport,,7.66,True,True,True
b3a65a77-7e7c-595f-ab89-4bd4904000e9,99cb2bd6-228b-566d-a250-16290da30521,2026-05-14 14:07:00+01:00,2026-05-14 14:29:00+01:00,20,office,Stuttgart,,DE,home,Stuttgart,,DE,home_return,,public_transport,,7.27,True,True,True
988b7a52-6d0d-5c99-87d6-4edabe42bbe8,99cb2bd6-228b-566d-a250-16290da30521,2026-05-15 06:37:00+01:00,2026-05-15 06:41:00+01:00,4,home,Stuttgart,,DE,school,Stuttgart,,DE,childcare,,bicycle,,0.8,False,False,False
fa183230-ae66-52be-bd94-6f660f69b105,99cb2bd6-228b-566d-a250-16290da30521,2026-05-15 07:45:00+01:00,2026-05-15 08:09:00+01:00,23,home,Stuttgart,,DE,office,Stuttgart,,DE,commute,,public_transport,,7.36,True,True,True
00703ce0-68d5-5144-8076-7bd03b5de23a,99cb2bd6-228b-566d-a250-16290da30521,2026-05-15 14:17:00+01:00,2026-05-15 14:41:00+01:00,20,office,Stuttgart,,DE,home,Stuttgart,,DE,home_return,,public_transport,,7.13,True,True,True
9fd0371a-b216-5444-ade6-cbade6dfcfb0,99cb2bd6-228b-566d-a250-16290da30521,2026-05-15 15:42:00+01:00,2026-05-15 15:59:00+01:00,17,home,Stuttgart,,DE,supermarket,Stuttgart,,DE,shopping,,car_sharing,,8.3,False,False,False
d78b2954-3d53-526b-ac9f-9e953567a5f1,99cb2bd6-228b-566d-a250-16290da30521,2026-05-18 06:44:00+01:00,2026-05-18 06:52:00+01:00,8,home,Stuttgart,,DE,school,Stuttgart,,DE,childcare,,bicycle,,2.1,False,False,False
181ad03b-a88e-54b4-bf99-d457e7842a5e,99cb2bd6-228b-566d-a250-16290da30521,2026-05-19 07:22:00+01:00,2026-05-19 07:30:00+01:00,8,home,Stuttgart,,DE,school,Stuttgart,,DE,childcare,,bicycle,,1.9,False,False,False
a7c28421-7337-5724-b72c-e09c76054c3d,99cb2bd6-228b-566d-a250-16290da30521,2026-05-20 07:42:00+01:00,2026-05-20 07:46:00+01:00,4,home,Stuttgart,,DE,school,Stuttgart,,DE,childcare,,bicycle,,0.9,False,False,False
53fb0d13-7a50-557e-af04-fc3b13cc8524,99cb2bd6-228b-566d-a250-16290da30521,2026-05-21 06:31:00+01:00,2026-05-21 06:37:00+01:00,6,home,Stuttgart,,DE,school,Stuttgart,,DE,childcare,,bicycle,,1.4,False,False,False
d47fcd38-5bb5-5521-a0f4-d9ceb9bde915,99cb2bd6-228b-566d-a250-16290da30521,2026-05-21 15:46:00+01:00,2026-05-21 15:57:00+01:00,11,home,Stuttgart,,DE,supermarket,Stuttgart,,DE,shopping,,car_sharing,,5.4,False,False,False
35399ee7-1b12-5ab3-b529-faf3602200f4,99cb2bd6-228b-566d-a250-16290da30521,2026-05-22 07:14:00+01:00,2026-05-22 07:22:00+01:00,8,home,Stuttgart,,DE,school,Stuttgart,,DE,childcare,,bicycle,,2.0,False,False,False
0e4c7b06-68ec-5c38-823b-fd7bf653a935,99cb2bd6-228b-566d-a250-16290da30521,2026-05-22 08:03:00+01:00,2026-05-22 08:28:00+01:00,24,home,Stuttgart,,DE,office,Stuttgart,,DE,commute,,public_transport,,8.62,True,True,True
8433d587-ec13-51b6-b5b2-da55ff82558b,99cb2bd6-228b-566d-a250-16290da30521,2026-05-22 13:38:00+01:00,2026-05-22 14:07:00+01:00,24,office,Stuttgart,,DE,home,Stuttgart,,DE,home_return,,public_transport,,8.62,True,True,True
5577533c-ebaf-58bc-9749-b228d4b121ea,99cb2bd6-228b-566d-a250-16290da30521,2026-05-23 11:07:00+01:00,2026-05-23 11:23:00+01:00,16,home,Stuttgart,,DE,family_outing_spot,Stuttgart,,DE,leisure,,car_sharing,,8.2,False,False,False
1865b8f5-324b-58bf-ab33-61dd2afe6f50,99cb2bd6-228b-566d-a250-16290da30521,2026-05-24 11:21:00+01:00,2026-05-24 11:45:00+01:00,24,home,Stuttgart,,DE,family_outing_spot,Stuttgart,,DE,leisure,,car_sharing,,12.2,False,False,False
6c70599b-826e-5e0d-88a5-db86647c291e,99cb2bd6-228b-566d-a250-16290da30521,2026-05-25 06:39:00+01:00,2026-05-25 06:43:00+01:00,4,home,Stuttgart,,DE,school,Stuttgart,,DE,childcare,,bicycle,,0.8,False,False,False
5292c821-8d75-5dfa-bd84-99e5aa4120d4,99cb2bd6-228b-566d-a250-16290da30521,2026-05-26 07:19:00+01:00,2026-05-26 07:23:00+01:00,4,home,Stuttgart,,DE,school,Stuttgart,,DE,childcare,,bicycle,,1.1,False,False,False
175348f2-7bf5-5667-89a1-2379d1d62a26,99cb2bd6-228b-566d-a250-16290da30521,2026-05-27 07:10:00+01:00,2026-05-27 07:18:00+01:00,8,home,Stuttgart,,DE,school,Stuttgart,,DE,childcare,,bicycle,,2.0,False,False,False
9b29b1d0-cba4-5dee-9d0a-555f635210ba,99cb2bd6-228b-566d-a250-16290da30521,2026-05-27 16:12:00+01:00,2026-05-27 16:32:00+01:00,20,home,Stuttgart,,DE,supermarket,Stuttgart,,DE,shopping,,car_sharing,,10.0,False,False,False
b8b70d4c-2835-5ae5-b325-817184c64672,99cb2bd6-228b-566d-a250-16290da30521,2026-05-28 06:37:00+01:00,2026-05-28 06:41:00+01:00,4,home,Stuttgart,,DE,school,Stuttgart,,DE,childcare,,bicycle,,1.1,False,False,False
ed91e5be-b292-5949-bea3-b4df3f51905f,99cb2bd6-228b-566d-a250-16290da30521,2026-05-28 07:49:00+01:00,2026-05-28 08:17:00+01:00,24,home,Stuttgart,,DE,office,Stuttgart,,DE,commute,,public_transport,,8.53,True,True,True
bffc8cbd-cf58-5abe-b0d1-13599e0409a8,99cb2bd6-228b-566d-a250-16290da30521,2026-05-28 14:28:00+01:00,2026-05-28 14:54:00+01:00,21,office,Stuttgart,,DE,home,Stuttgart,,DE,home_return,,public_transport,,8.21,True,True,True
a49739ec-be23-5ed9-b108-81737b82d717,99cb2bd6-228b-566d-a250-16290da30521,2026-05-29 06:56:00+01:00,2026-05-29 07:03:00+01:00,7,home,Stuttgart,,DE,school,Stuttgart,,DE,childcare,,bicycle,,1.7,False,False,False
7db470dd-6692-55ef-b9d0-916170afbe81,99cb2bd6-228b-566d-a250-16290da30521,2026-05-29 07:51:00+01:00,2026-05-29 08:13:00+01:00,19,home,Stuttgart,,DE,office,Stuttgart,,DE,commute,,public_transport,,7.23,True,True,True
3ec48d8a-2a04-5c4a-809b-0fa48a6070d4,99cb2bd6-228b-566d-a250-16290da30521,2026-05-29 14:13:00+01:00,2026-05-29 14:38:00+01:00,23,office,Stuttgart,,DE,home,Stuttgart,,DE,home_return,,public_transport,,7.58,True,True,True
0d58b8bd-9a59-5956-ae08-8171836917e9,99cb2bd6-228b-566d-a250-16290da30521,2026-05-30 10:55:00+01:00,2026-05-30 11:26:00+01:00,31,home,Stuttgart,,DE,family_outing_spot,Stuttgart,,DE,social,,car_sharing,,15.6,False,False,False
fe0bef15-afa6-5ff0-a067-2f8afd119a50,99cb2bd6-228b-566d-a250-16290da30521,2026-05-31 09:28:00+01:00,2026-05-31 09:44:00+01:00,16,home,Stuttgart,,DE,park,Stuttgart,,DE,leisure,,bicycle,,4.1,False,False,False
4b2569aa-d237-5431-9f6e-344f0b7de3e3,99cb2bd6-228b-566d-a250-16290da30521,2026-06-01 07:45:00+01:00,2026-06-01 07:49:00+01:00,4,home,Stuttgart,,DE,school,Stuttgart,,DE,childcare,,bicycle,,0.8,False,False,False
5cdc47ae-5a09-5ce9-bb67-4a3b13da83ba,99cb2bd6-228b-566d-a250-16290da30521,2026-06-01 07:45:00+01:00,2026-06-01 08:09:00+01:00,21,home,Stuttgart,,DE,office,Stuttgart,,DE,commute,,public_transport,,7.77,True,True,True
d2da78e4-58f3-5dbe-9f4f-7a2bacbd1d4e,99cb2bd6-228b-566d-a250-16290da30521,2026-06-01 14:12:00+01:00,2026-06-01 14:37:00+01:00,21,office,Stuttgart,,DE,home,Stuttgart,,DE,home_return,,public_transport,,7.7,True,True,True
aa0304e8-f0d4-5b8e-8de6-959d54a23f82,99cb2bd6-228b-566d-a250-16290da30521,2026-06-01 16:00:00+01:00,2026-06-01 16:15:00+01:00,15,home,Stuttgart,,DE,supermarket,Stuttgart,,DE,shopping,,car_sharing,,7.3,False,False,False
d42bfcbd-3608-5ff2-b6b2-309596119764,99cb2bd6-228b-566d-a250-16290da30521,2026-06-02 07:28:00+01:00,2026-06-02 07:36:00+01:00,8,home,Stuttgart,,DE,school,Stuttgart,,DE,childcare,,bicycle,,2.1,False,False,False
5108b144-40c4-5b1e-abbd-97e88c42049a,99cb2bd6-228b-566d-a250-16290da30521,2026-06-02 07:57:00+01:00,2026-06-02 08:23:00+01:00,22,home,Stuttgart,,DE,office,Stuttgart,,DE,commute,,public_transport,,8.15,True,True,True
80b36e80-77e6-51fe-8a41-ed8d89bdc7fc,99cb2bd6-228b-566d-a250-16290da30521,2026-06-02 13:56:00+01:00,2026-06-02 14:22:00+01:00,22,office,Stuttgart,,DE,home,Stuttgart,,DE,home_return,,public_transport,,8.15,True,True,True
4ed136e3-9178-5704-9374-19e94dd88718,99cb2bd6-228b-566d-a250-16290da30521,2026-06-02 15:50:00+01:00,2026-06-02 15:59:00+01:00,9,home,Stuttgart,,DE,supermarket,Stuttgart,,DE,shopping,,car_sharing,,4.3,False,False,False
67ede46b-a241-5a63-8505-9e107e833d1e,99cb2bd6-228b-566d-a250-16290da30521,2026-06-03 06:37:00+01:00,2026-06-03 06:45:00+01:00,8,home,Stuttgart,,DE,school,Stuttgart,,DE,childcare,,bicycle,,1.9,False,False,False
24f88107-e78d-5026-9809-0a612c00f524,99cb2bd6-228b-566d-a250-16290da30521,2026-06-03 08:16:00+01:00,2026-06-03 08:41:00+01:00,23,home,Stuttgart,,DE,office,Stuttgart,,DE,commute,,public_transport,,8.05,True,True,True
48ca118f-9084-58a5-ba49-327da01ed1f6,99cb2bd6-228b-566d-a250-16290da30521,2026-06-03 14:28:00+01:00,2026-06-03 14:53:00+01:00,22,office,Stuttgart,,DE,home,Stuttgart,,DE,home_return,,public_transport,,8.04,True,True,True
7215fb61-150b-5a17-a567-a536cdd6b352,99cb2bd6-228b-566d-a250-16290da30521,2026-06-04 07:27:00+01:00,2026-06-04 07:32:00+01:00,5,home,Stuttgart,,DE,school,Stuttgart,,DE,childcare,,bicycle,,1.3,False,False,False
bbf89c66-8b7f-57c6-99bf-d123e4226612,99cb2bd6-228b-566d-a250-16290da30521,2026-06-04 16:13:00+01:00,2026-06-04 16:27:00+01:00,14,home,Stuttgart,,DE,supermarket,Stuttgart,,DE,shopping,,car_sharing,,7.1,False,False,False
4e54707d-0896-575d-b2b8-0cc431454bf5,99cb2bd6-228b-566d-a250-16290da30521,2026-06-05 07:05:00+01:00,2026-06-05 07:12:00+01:00,7,home,Stuttgart,,DE,school,Stuttgart,,DE,childcare,,bicycle,,1.7,False,False,False
5d312950-abe7-5401-bb0f-63347f4583b0,99cb2bd6-228b-566d-a250-16290da30521,2026-06-05 08:13:00+01:00,2026-06-05 08:42:00+01:00,25,home,Stuttgart,,DE,office,Stuttgart,,DE,commute,,public_transport,,7.77,True,True,True
74e24e29-b7f4-5370-921d-1c4bddd03ab2,99cb2bd6-228b-566d-a250-16290da30521,2026-06-05 13:59:00+01:00,2026-06-05 14:19:00+01:00,18,office,Stuttgart,,DE,home,Stuttgart,,DE,home_return,,public_transport,,7.2,True,True,True
418b5cd6-3df4-574d-8782-ab74b72d1b71,99cb2bd6-228b-566d-a250-16290da30521,2026-06-06 10:41:00+01:00,2026-06-06 10:48:00+01:00,7,home,Stuttgart,,DE,park,Stuttgart,,DE,leisure,,bicycle,,1.8,False,False,False
5a6acb92-5652-5ed8-a85f-9aa66ee3a9b5,99cb2bd6-228b-566d-a250-16290da30521,2026-06-07 10:04:00+01:00,2026-06-07 10:26:00+01:00,22,home,Stuttgart,,DE,family_outing_spot,Stuttgart,,DE,leisure,,car_sharing,,11.0,False,False,False
2f21d7d7-7126-5c62-8363-1a1dbffbe42b,99cb2bd6-228b-566d-a250-16290da30521,2026-06-08 07:35:00+01:00,2026-06-08 07:43:00+01:00,8,home,Stuttgart,,DE,school,Stuttgart,,DE,childcare,,bicycle,,2.1,False,False,False
f50500c2-bbd6-56bd-964b-4ece5265a20c,99cb2bd6-228b-566d-a250-16290da30521,2026-06-08 16:28:00+01:00,2026-06-08 16:42:00+01:00,14,home,Stuttgart,,DE,supermarket,Stuttgart,,DE,shopping,,car_sharing,,7.2,False,False,False
b127c45d-e3f5-5efa-b5f4-26e2a9e9579a,99cb2bd6-228b-566d-a250-16290da30521,2026-06-09 07:15:00+01:00,2026-06-09 07:19:00+01:00,4,home,Stuttgart,,DE,school,Stuttgart,,DE,childcare,,bicycle,,1.0,False,False,False
3b768408-db39-5e27-a2d3-589498097fad,99cb2bd6-228b-566d-a250-16290da30521,2026-06-09 15:58:00+01:00,2026-06-09 16:07:00+01:00,9,home,Stuttgart,,DE,supermarket,Stuttgart,,DE,shopping,,car_sharing,,4.5,False,False,False
9638d037-ad8f-50e9-80f6-a777fc6aadff,99cb2bd6-228b-566d-a250-16290da30521,2026-06-10 06:52:00+01:00,2026-06-10 06:57:00+01:00,5,home,Stuttgart,,DE,school,Stuttgart,,DE,childcare,,bicycle,,1.3,False,False,False
dd536e87-1ae9-5b3b-b7cd-4145abae3099,99cb2bd6-228b-566d-a250-16290da30521,2026-06-10 07:48:00+01:00,2026-06-10 08:09:00+01:00,20,home,Stuttgart,,DE,office,Stuttgart,,DE,commute,,public_transport,,7.17,True,True,True
4433e6c8-7bc2-5468-ab1c-a2a7ba09e6ac,99cb2bd6-228b-566d-a250-16290da30521,2026-06-10 13:38:00+01:00,2026-06-10 13:57:00+01:00,18,office,Stuttgart,,DE,home,Stuttgart,,DE,home_return,,public_transport,,6.97,True,True,True
61b76884-f5dd-5afe-abae-99238a495554,99cb2bd6-228b-566d-a250-16290da30521,2026-06-11 06:41:00+01:00,2026-06-11 06:48:00+01:00,7,home,Stuttgart,,DE,school,Stuttgart,,DE,childcare,,bicycle,,1.8,False,False,False
dceee0e1-90c9-5207-867b-e208733c54c9,99cb2bd6-228b-566d-a250-16290da30521,2026-06-11 08:00:00+01:00,2026-06-11 08:18:00+01:00,17,home,Stuttgart,,DE,office,Stuttgart,,DE,commute,,public_transport,,6.97,True,True,True
15b3fbfd-f87e-52c7-9cc9-e9a76187a7a2,99cb2bd6-228b-566d-a250-16290da30521,2026-06-11 13:53:00+01:00,2026-06-11 14:13:00+01:00,19,office,Stuttgart,,DE,home,Stuttgart,,DE,home_return,,public_transport,,7.18,True,True,True
f53d7d50-4e77-5fb4-90e2-71894a8fc8af,99cb2bd6-228b-566d-a250-16290da30521,2026-06-12 15:43:00+01:00,2026-06-12 16:05:00+01:00,22,home,Stuttgart,,DE,supermarket,Stuttgart,,DE,shopping,,car_sharing,,10.9,False,False,False
1631710b-697e-5f0a-b774-02052743952e,99cb2bd6-228b-566d-a250-16290da30521,2026-06-13 10:17:00+01:00,2026-06-13 10:40:00+01:00,23,home,Stuttgart,,DE,family_outing_spot,Stuttgart,,DE,errands,,car_sharing,,11.3,False,False,False
435eb0ac-83db-5864-913b-5fdd104c1278,99cb2bd6-228b-566d-a250-16290da30521,2026-06-14 10:00:00+01:00,2026-06-14 10:30:00+01:00,30,home,Stuttgart,,DE,family_outing_spot,Stuttgart,,DE,leisure,,car_sharing,,14.8,False,False,False
8a51d87d-a403-55b0-aada-765bae4cae75,99cb2bd6-228b-566d-a250-16290da30521,2026-06-14 09:18:00+01:00,2026-06-14 09:26:00+01:00,8,home,Stuttgart,,DE,park,Stuttgart,,DE,leisure,,bicycle,,2.1,False,False,False
63b856f0-2864-5824-b68d-9aa4061afd08,99cb2bd6-228b-566d-a250-16290da30521,2026-06-15 07:13:00+01:00,2026-06-15 07:17:00+01:00,4,home,Stuttgart,,DE,school,Stuttgart,,DE,childcare,,bicycle,,1.1,False,False,False
9fde531f-fa8d-584d-bf13-22d70232f45e,99cb2bd6-228b-566d-a250-16290da30521,2026-06-15 08:07:00+01:00,2026-06-15 08:29:00+01:00,17,home,Stuttgart,,DE,office,Stuttgart,,DE,commute,,public_transport,,6.93,True,True,True
6b4f2ee9-f95a-5584-b962-5261cbb1e22b,99cb2bd6-228b-566d-a250-16290da30521,2026-06-15 14:08:00+01:00,2026-06-15 14:30:00+01:00,18,office,Stuttgart,,DE,home,Stuttgart,,DE,home_return,,public_transport,,7.12,True,True,True
3a1bb9c6-5493-5d15-851e-9a2c85935998,99cb2bd6-228b-566d-a250-16290da30521,2026-06-16 08:15:00+01:00,2026-06-16 08:37:00+01:00,21,home,Stuttgart,,DE,office,Stuttgart,,DE,commute,,public_transport,,7.61,True,True,True
f35ea3c6-e6b9-55e6-81a3-c1cf64078f84,99cb2bd6-228b-566d-a250-16290da30521,2026-06-16 14:24:00+01:00,2026-06-16 14:45:00+01:00,18,office,Stuttgart,,DE,home,Stuttgart,,DE,home_return,,public_transport,,7.42,True,True,True
24d47f3f-08bb-554f-ae2d-91f3def0ca87,99cb2bd6-228b-566d-a250-16290da30521,2026-06-16 15:55:00+01:00,2026-06-16 16:03:00+01:00,8,home,Stuttgart,,DE,supermarket,Stuttgart,,DE,shopping,,car_sharing,,3.9,False,False,False
295c4142-0676-5e81-b0b9-5f44c5413500,99cb2bd6-228b-566d-a250-16290da30521,2026-06-17 07:24:00+01:00,2026-06-17 07:28:00+01:00,4,home,Stuttgart,,DE,school,Stuttgart,,DE,childcare,,bicycle,,0.8,False,False,False
08bac198-88f7-557b-aaa7-8d3106c12dab,99cb2bd6-228b-566d-a250-16290da30521,2026-06-18 07:38:00+01:00,2026-06-18 07:43:00+01:00,5,home,Stuttgart,,DE,school,Stuttgart,,DE,childcare,,bicycle,,1.3,False,False,False
c5f65451-7c60-5789-b187-05e0901418a6,99cb2bd6-228b-566d-a250-16290da30521,2026-06-18 08:06:00+01:00,2026-06-18 08:26:00+01:00,19,home,Stuttgart,,DE,office,Stuttgart,,DE,commute,,public_transport,,7.2,True,True,True
e4c875d3-e52c-5128-857e-c3f1e96db108,99cb2bd6-228b-566d-a250-16290da30521,2026-06-18 13:48:00+01:00,2026-06-18 14:12:00+01:00,21,office,Stuttgart,,DE,home,Stuttgart,,DE,home_return,,public_transport,,7.37,True,True,True
26259cef-8264-5faa-adf9-58c4ac79b353,99cb2bd6-228b-566d-a250-16290da30521,2026-06-19 08:06:00+01:00,2026-06-19 08:29:00+01:00,21,home,Stuttgart,,DE,office,Stuttgart,,DE,commute,,public_transport,,7.84,True,True,True
63cf5920-95cb-566c-8e07-bd3453f8dff2,99cb2bd6-228b-566d-a250-16290da30521,2026-06-19 14:23:00+01:00,2026-06-19 14:47:00+01:00,22,office,Stuttgart,,DE,home,Stuttgart,,DE,home_return,,public_transport,,7.91,True,True,True
8976e1ba-e7e8-552b-ad82-e3c86857d04e,99cb2bd6-228b-566d-a250-16290da30521,2026-06-20 11:59:00+01:00,2026-06-20 12:33:00+01:00,34,home,Stuttgart,,DE,family_outing_spot,Stuttgart,,DE,social,,car_sharing,,16.9,False,False,False
b375dcbb-e79f-5c92-9584-89499aa6937e,99cb2bd6-228b-566d-a250-16290da30521,2026-06-21 10:56:00+01:00,2026-06-21 11:36:00+01:00,40,home,Stuttgart,,DE,family_outing_spot,Stuttgart,,DE,social,,car_sharing,,19.8,False,False,False
2bf637ee-3800-55e3-b0a7-efb624a1df2a,99cb2bd6-228b-566d-a250-16290da30521,2026-06-21 10:34:00+01:00,2026-06-21 10:53:00+01:00,19,home,Stuttgart,,DE,park,Stuttgart,,DE,leisure,,bicycle,,4.7,False,False,False
b0d80da5-d053-516f-8ec2-4e85998dfa6a,99cb2bd6-228b-566d-a250-16290da30521,2026-06-22 07:18:00+01:00,2026-06-22 07:25:00+01:00,7,home,Stuttgart,,DE,school,Stuttgart,,DE,childcare,,bicycle,,1.8,False,False,False
0d5514f7-34a3-5fc1-99ae-11a65aea396b,99cb2bd6-228b-566d-a250-16290da30521,2026-06-22 07:52:00+01:00,2026-06-22 08:10:00+01:00,17,home,Stuttgart,,DE,office,Stuttgart,,DE,commute,,public_transport,,7.23,True,True,True
f80e96d0-9800-56fd-9014-8e58ac005056,99cb2bd6-228b-566d-a250-16290da30521,2026-06-22 14:28:00+01:00,2026-06-22 14:49:00+01:00,18,office,Stuttgart,,DE,home,Stuttgart,,DE,home_return,,public_transport,,7.37,True,True,True
faeaaabb-e731-51ab-b757-ac7ccecb44f0,99cb2bd6-228b-566d-a250-16290da30521,2026-06-23 08:15:00+01:00,2026-06-23 08:36:00+01:00,19,home,Stuttgart,,DE,office,Stuttgart,,DE,commute,,public_transport,,7.88,True,True,True
5638ced1-8bf6-5d2d-a10a-7b53056830d9,99cb2bd6-228b-566d-a250-16290da30521,2026-06-23 13:58:00+01:00,2026-06-23 14:20:00+01:00,20,office,Stuttgart,,DE,home,Stuttgart,,DE,home_return,,public_transport,,7.94,True,True,True
da1ed53e-9c81-5d01-b863-2a7edcf55dd2,99cb2bd6-228b-566d-a250-16290da30521,2026-06-24 07:19:00+01:00,2026-06-24 07:27:00+01:00,8,home,Stuttgart,,DE,school,Stuttgart,,DE,childcare,,bicycle,,2.1,False,False,False
64de8299-9bb2-569e-919b-285017064767,99cb2bd6-228b-566d-a250-16290da30521,2026-06-25 07:59:00+01:00,2026-06-25 08:26:00+01:00,22,home,Stuttgart,,DE,office,Stuttgart,,DE,commute,,public_transport,,8.27,True,True,True
ed2b2837-a530-54b3-8adf-560404f9ee05,99cb2bd6-228b-566d-a250-16290da30521,2026-06-25 13:44:00+01:00,2026-06-25 14:11:00+01:00,24,office,Stuttgart,,DE,home,Stuttgart,,DE,home_return,,public_transport,,8.36,True,True,True
b0cc9b87-9731-59fb-9a44-4a1003757096,99cb2bd6-228b-566d-a250-16290da30521,2026-06-26 08:02:00+01:00,2026-06-26 08:28:00+01:00,22,home,Stuttgart,,DE,office,Stuttgart,,DE,commute,,public_transport,,8.11,True,True,True
e85833cf-5196-5216-9497-48b7f34f259c,99cb2bd6-228b-566d-a250-16290da30521,2026-06-26 14:08:00+01:00,2026-06-26 14:31:00+01:00,21,office,Stuttgart,,DE,home,Stuttgart,,DE,home_return,,public_transport,,8.08,True,True,True
15d40923-151e-56d1-bc55-fbdc05f312a9,99cb2bd6-228b-566d-a250-16290da30521,2026-06-27 10:37:00+01:00,2026-06-27 10:52:00+01:00,15,home,Stuttgart,,DE,park,Stuttgart,,DE,leisure,,bicycle,,3.8,False,False,False
ed3f9435-c9cc-5117-856a-e10de945434a,99cb2bd6-228b-566d-a250-16290da30521,2026-06-28 10:41:00+01:00,2026-06-28 10:55:00+01:00,14,home,Stuttgart,,DE,family_outing_spot,Stuttgart,,DE,errands,,car_sharing,,7.1,False,False,False
8358ea65-0fe6-5e00-8c34-a0f4f535323b,99cb2bd6-228b-566d-a250-16290da30521,2026-06-29 07:25:00+01:00,2026-06-29 07:30:00+01:00,5,home,Stuttgart,,DE,school,Stuttgart,,DE,childcare,,bicycle,,1.3,False,False,False
