trip_id,user_id,started_at,ended_at,duration_minutes,origin_label,origin_city,origin_postal_code,origin_country_code,destination_label,destination_city,destination_postal_code,destination_country_code,trip_purpose,trip_purpose_other,main_transport_mode,main_transport_mode_other,estimated_distance_km,is_commute,is_intermodal,is_recurring_pattern
c3f2ab5b-71e7-5ab4-af2c-81ca8c0ddb04,ce92d8e0-065e-589b-a60e-c692ef2d2ff9,2025-07-02 07:46:00+02:00,2025-07-02 08:01:00+02:00,15,home,Leipzig,,DE,office,Leipzig,,DE,commute,,regional_train,,8.12,True,False,True
4b996c2b-be29-5768-841d-7a363e0bd252,ce92d8e0-065e-589b-a60e-c692ef2d2ff9,2025-07-02 17:34:00+02:00,2025-07-02 17:49:00+02:00,15,office,Leipzig,,DE,home,Leipzig,,DE,home_return,,regional_train,,8.12,True,False,True
c75849f0-9adf-5ed4-b8b1-7a14711cc40e,ce92d8e0-065e-589b-a60e-c692ef2d2ff9,2025-07-02 06:33:00+02:00,2025-07-02 08:41:00+02:00,128,home,Leipzig,,DE,client site,Frankfurt,,DE,business,,long_distance_train,,395.5,False,False,True
571d871e-3c76-5768-a8cd-987dd034db5c,ce92d8e0-065e-589b-a60e-c692ef2d2ff9,2025-07-02 17:20:00+02:00,2025-07-02 19:28:00+02:00,128,client site,Frankfurt,,DE,home,Leipzig,,DE,home_return,,long_distance_train,,395.5,False,False,True
312ca7a4-006a-590c-8690-d8350869f1f9,ce92d8e0-065e-589b-a60e-c692ef2d2ff9,2025-07-10 07:56:00+02:00,2025-07-10 08:13:00+02:00,17,home,Leipzig,,DE,office,Leipzig,,DE,commute,,regional_train,,9.13,True,False,True
0b2e60f2-f227-552f-8506-a81283214771,ce92d8e0-065e-589b-a60e-c692ef2d2ff9,2025-07-10 17:32:00+02:00,2025-07-10 17:49:00+02:00,17,office,Leipzig,,DE,home,Leipzig,,DE,home_return,,regional_train,,9.13,True,False,True
b6b82729-217f-52f6-aca3-93afa99ed718,ce92d8e0-065e-589b-a60e-c692ef2d2ff9,2025-07-13 13:00:00+02:00,2025-07-13 13:06:00+02:00,6,home,Leipzig,,DE,city center,Leipzig,,DE,social,,public_transport,,3.1,False,False,False
bdd23709-d375-5601-b0df-7d8519ff0420,ce92d8e0-065e-589b-a60e-c692ef2d2ff9,2025-07-14 07:57:00+02:00,2025-07-14 08:13:00+02:00,16,home,Leipzig,,DE,office,Leipzig,,DE,commute,,regional_train,,8.97,True,False,True
0a1816b1-c0d7-5af7-a94c-caa486295052,ce92d8e0-065e-589b-a60e-c692ef2d2ff9,2025-07-14 17:32:00+02:00,2025-07-14 17:48:00+02:00,16,office,Leipzig,,DE,home,Leipzig,,DE,home_return,,regional_train,,8.97,True,False,True
a15cdd10-ba73-5b75-ba3e-0c1caee22af2,ce92d8e0-065e-589b-a60e-c692ef2d2ff9,2025-07-15 07:41:00+02:00,2025-07-15 07:57:00+02:00,16,home,Leipzig,,DE,office,Leipzig,,DE,commute,,regional_train,,8.65,True,False,True
b4fa1466-4ee6-5b73-a9e4-54440d5b3407,ce92d8e0-065e-589b-a60e-c692ef2d2ff9,2025-07-15 17:49:00+02:00,2025-07-15 18:05:00+02:00,16,office,Leipzig,,DE,home,Leipzig,,DE,home_return,,regional_train,,8.65,True,False,True
09191095-45cd-5d37-9a1a-81d19070e258,ce92d8e0-065e-589b-a60e-c692ef2d2ff9,2025-07-17 07:50:00+02:00,2025-07-17 08:04:00+02:00,14,home,Leipzig,,DE,office,Leipzig,,DE,commute,,regional_train,,7.54,True,False,True
458972fd-c35d-5d8d-9be7-26ff54a7fb0d,ce92d8e0-065e-589b-a60e-c692ef2d2ff9,2025-07-17 17:52:00+02:00,2025-07-17 18:06:00+02:00,14,office,Leipzig,,DE,home,Leipzig,,DE,home_return,,regional_train,,7.54,True,False,True
617398b9-d8be-5b21-918c-6a2d9f9db43f,ce92d8e0-065e-589b-a60e-c692ef2d2ff9,2025-07-25 07:54:00+02:00,2025-07-25 08:09:00+02:00,15,home,Leipzig,,DE,office,Leipzig,,DE,commute,,regional_train,,8.33,True,False,True
37082177-3b5d-5d85-b32c-8f21f578c2fa,ce92d8e0-065e-589b-a60e-c692ef2d2ff9,2025-07-25 17:55:00+02:00,2025-07-25 18:10:00+02:00,15,office,Leipzig,,DE,home,Leipzig,,DE,home_return,,regional_train,,8.33,True,False,True
a533f348-17d2-51d3-84e0-71ebd0968633,ce92d8e0-065e-589b-a60e-c692ef2d2ff9,2025-07-31 07:51:00+02:00,2025-07-31 08:06:00+02:00,15,home,Leipzig,,DE,office,Leipzig,,DE,commute,,regional_train,,8.18,True,False,True
3f042605-06f4-5c7b-b67e-2df3362a31b2,ce92d8e0-065e-589b-a60e-c692ef2d2ff9,2025-07-31 17:34:00+02:00,2025-07-31 17:49:00+02:00,15,office,Leipzig,,DE,home,Leipzig,,DE,home_return,,regional_train,,8.18,True,False,True
e362995e-ce09-5a33-8d27-83d42b73bbfb,ce92d8e0-065e-589b-a60e-c692ef2d2ff9,2025-08-01 07:51:00+02:00,2025-08-01 08:06:00+02:00,15,home,Leipzig,,DE,office,Leipzig,,DE,commute,,regional_train,,8.0,True,False,True
4af09fc7-609b-5957-ba0f-6d81368eb84e,ce92d8e0-065e-589b-a60e-c692ef2d2ff9,2025-08-01 17:45:00+02:00,2025-08-01 18:00:00+02:00,15,office,Leipzig,,DE,home,Leipzig,,DE,home_return,,regional_train,,8.0,True,False,True
08cbbc86-9e3d-5317-a52b-cb855af339e7,ce92d8e0-065e-589b-a60e-c692ef2d2ff9,2025-08-05 07:43:00+02:00,2025-08-05 07:58:00+02:00,15,home,Leipzig,,DE,office,Leipzig,,DE,commute,,regional_train,,8.49,True,False,True
ccfa6e35-cec9-5871-a9c1-b3466cf40f44,ce92d8e0-065e-589b-a60e-c692ef2d2ff9,2025-08-05 17:46:00+02:00,2025-08-05 18:01:00+02:00,15,office,Leipzig,,DE,home,Leipzig,,DE,home_return,,regional_train,,8.49,True,False,True
d5d210d8-18b6-5c7f-ae3c-36f9412bd535,ce92d8e0-065e-589b-a60e-c692ef2d2ff9,2025-08-08 07:54:00+02:00,2025-08-08 08:09:00+02:00,15,home,Leipzig,,DE,office,Leipzig,,DE,commute,,regional_train,,8.48,True,False,True
613cc359-c2a8-5f17-8eb1-adc3c389b84f,ce92d8e0-065e-589b-a60e-c692ef2d2ff9,2025-08-08 17:42:00+02:00,2025-08-08 17:57:00+02:00,15,office,Leipzig,,DE,home,Leipzig,,DE,home_return,,regional_train,,8.48,True,False,True
e1de5fd7-9f8e-5324-91e2-c4557f8fc10a,ce92d8e0-065e-589b-a60e-c692ef2d2ff9,2025-08-13 07:49:00+02:00,2025-08-13 08:06:00+02:00,17,home,Leipzig,,DE,office,Leipzig,,DE,commute,,regional_train,,9.28,True,False,True
9cdc2b56-c75d-5d2e-9b89-fa44bdb5f27a,ce92d8e0-065e-589b-a60e-c692ef2d2ff9,2025-08-13 17:35:00+02:00,2025-08-13 17:52:00+02:00,17,office,Leipzig,,DE,home,Leipzig,,DE,home_return,,regional_train,,9.28,True,False,True
ddd55612-7504-56a3-b5f8-f6332901a92a,ce92d8e0-065e-589b-a60e-c692ef2d2ff9,2025-08-26 07:40:00+02:00,2025-08-26 07:54:00+02:00,14,home,Leipzig,,DE,office,Leipzig,,DE,commute,,regional_train,,7.74,True,False,True
2b6d7e86-7dd5-5dc4-8eb5-81fb6933a86a,ce92d8e0-065e-589b-a60e-c692ef2d2ff9,2025-08-26 17:55:00+02:00,2025-08-26 18:09:00+02:00,14,office,Leipzig,,DE,home,Leipzig,,DE,home_return,,regional_train,,7.74,True,False,True
0913ca87-f1da-5241-8c3c-ac743322d7a5,ce92d8e0-065e-589b-a60e-c692ef2d2ff9,2025-08-28 06:44:00+02:00,2025-08-28 08:59:00+02:00,135,home,Leipzig,,DE,client site,Munich,,DE,business,,long_distance_train,,418.51,False,False,True
bd529bbb-d2ce-5c5e-8035-fc18052581fc,ce92d8e0-065e-589b-a60e-c692ef2d2ff9,2025-08-28 17:28:00+02:00,2025-08-28 19:43:00+02:00,135,client site,Munich,,DE,home,Leipzig,,DE,home_return,,long_distance_train,,418.51,False,False,True
7b637a42-a00a-5bd9-b17a-0db692963393,ce92d8e0-065e-589b-a60e-c692ef2d2ff9,2025-09-01 06:35:00+02:00,2025-09-01 08:47:00+02:00,132,home,Leipzig,,DE,client site,Munich,,DE,business,,long_distance_train,,409.95,False,False,True
f18ed41d-8a01-56ea-89c3-908ec1c47c4a,ce92d8e0-065e-589b-a60e-c692ef2d2ff9,2025-09-01 17:10:00+02:00,2025-09-01 19:22:00+02:00,132,client site,Munich,,DE,home,Leipzig,,DE,home_return,,long_distance_train,,409.95,False,False,True
51e07dcd-1e02-565d-916e-f1dd9e1730f0,ce92d8e0-065e-589b-a60e-c692ef2d2ff9,2025-09-02 07:42:00+02:00,2025-09-02 07:56:00+02:00,14,home,Leipzig,,DE,office,Leipzig,,DE,commute,,regional_train,,7.93,True,False,True
072ebbe6-2699-5765-89a0-ffdb02925a09,ce92d8e0-065e-589b-a60e-c692ef2d2ff9,2025-09-02 17:40:00+02:00,2025-09-02 17:54:00+02:00,14,office,Leipzig,,DE,home,Leipzig,,DE,home_return,,regional_train,,7.93,True,False,True
27630b53-4bfa-5f32-9bbb-1a4a144fdf43,ce92d8e0-065e-589b-a60e-c692ef2d2ff9,2025-09-03 07:49:00+02:00,2025-09-03 08:05:00+02:00,16,home,Leipzig,,DE,office,Leipzig,,DE,commute,,regional_train,,8.76,True,False,True
40beb6f9-f08f-52ff-89f3-0aca4faae715,ce92d8e0-065e-589b-a60e-c692ef2d2ff9,2025-09-03 17:45:00+02:00,2025-09-03 18:01:00+02:00,16,office,Leipzig,,DE,home,Leipzig,,DE,home_return,,regional_train,,8.76,True,False,True
956d0cc2-c1fb-5c92-ba9c-268e18f36723,ce92d8e0-065e-589b-a60e-c692ef2d2ff9,2025-09-04 07:53:00+02:00,2025-09-04 08:08:00+02:00,15,home,Leipzig,,DE,office,Leipzig,,DE,commute,,regional_train,,8.18,True,False,True
aa4294c0-18a0-5e84-a38a-75ba57d75bf3,ce92d8e0-065e-589b-a60e-c692ef2d2ff9,2025-09-04 17:38:00+02:00,2025-09-04 17:53:00+02:00,15,office,Leipzig,,DE,home,Leipzig,,DE,home_return,,regional_train,,8.18,True,False,True
ae581085-9234-5454-98de-7af8c510ede0,ce92d8e0-065e-589b-a60e-c692ef2d2ff9,2025-09-05 07:41:00+02:00,2025-09-05 07:56:00+02:00,15,home,Leipzig,,DE,office,Leipzig,,DE,commute,,regional_train,,8.46,True,False,True
80c95394-5aad-5313-9471-37b4def64694,ce92d8e0-065e-589b-a60e-c692ef2d2ff9,2025-09-05 17:54:00+02:00,2025-09-05 18:09:00+02:00,15,office,Leipzig,,DE,home,Leipzig,,DE,home_return,,regional_train,,8.46,True,False,True
6afc193b-2160-5fa7-ab68-c66b87b7c4a2,ce92d8e0-065e-589b-a60e-c692ef2d2ff9,2025-09-05 06:51:00+02:00,2025-09-05 09:08:00+02:00,137,home,Leipzig,,DE,client site,Hamburg,,DE,business,,long_distance_train,,424.34,False,False,True
ae1023f5-597c-5e3a-843f-8db4c76e519e,ce92d8e0-065e-589b-a60e-c692ef2d2ff9,2025-09-05 17:24:00+02:00,2025-09-05 19:41:00+02:00,137,client site,Hamburg,,DE,home,Leipzig,,DE,home_return,,long_distance_train,,424.34,False,False,True
21a1f4c3-d94a-5e80-acda-225b8ed6487f,ce92d8e0-065e-589b-a60e-c692ef2d2ff9,2025-09-07 10:00:00+02:00,2025-09-07 10:13:00+02:00,13,home,Leipzig,,DE,city center,Leipzig,,DE,shopping,,public_transport,,6.61,False,False,False
a22176f0-1d6b-53d9-a744-4099032bdc47,ce92d8e0-065e-589b-a60e-c692ef2d2ff9,2025-09-08 07:42:00+02:00,2025-09-08 07:56:00+02:00,14,home,Leipzig,,DE,office,Leipzig,,DE,commute,,regional_train,,7.74,True,False,True
b938d761-62e2-5bcc-8bbc-650343db8092,ce92d8e0-065e-589b-a60e-c692ef2d2ff9,2025-09-08 17:35:00+02:00,2025-09-08 17:49:00+02:00,14,office,Leipzig,,DE,home,Leipzig,,DE,home_return,,regional_train,,7.74,True,False,True
ad5d5f13-9701-57e5-9298-8bb07b7b875d,ce92d8e0-065e-589b-a60e-c692ef2d2ff9,2025-09-09 07:48:00+02:00,2025-09-09 08:05:00+02:00,17,home,Leipzig,,DE,office,Leipzig,,DE,commute,,regional_train,,9.39,True,False,True
d229a597-9fcc-570b-a851-f28e6cb48eb8,ce92d8e0-065e-589b-a60e-c692ef2d2ff9,2025-09-09 17:46:00+02:00,2025-09-09 18:03:00+02:00,17,office,Leipzig,,DE,home,Leipzig,,DE,home_return,,regional_train,,9.39,True,False,True
3fd38763-b5b4-5f9e-b202-354425a43b23,ce92d8e0-065e-589b-a60e-c692ef2d2ff9,2025-09-10 07:57:00+02:00,2025-09-10 08:14:00+02:00,17,home,Leipzig,,DE,office,Leipzig,,DE,commute,,regional_train,,9.12,True,False,True
9df8ed78-d321-5bf4-804f-2c5f97e8eb9f,ce92d8e0-065e-589b-a60e-c692ef2d2ff9,2025-09-10 17:32:00+02:00,2025-09-10 17:49:00+02:00,17,office,Leipzig,,DE,home,Leipzig,,DE,home_return,,regional_train,,9.12,True,False,True
08bf225c-9f38-59ad-b0db-d83b70bb1cb7,ce92d8e0-065e-589b-a60e-c692ef2d2ff9,2025-09-10 06:45:00+02:00,2025-09-10 09:56:00+02:00,191,home,Leipzig,,DE,client site,Cologne,,DE,business,,long_distance_train,,590.99,False,False,True
f2a50913-43a9-5726-8d2c-51179eda69cd,ce92d8e0-065e-589b-a60e-c692ef2d2ff9,2025-09-10 17:09:00+02:00,2025-09-10 20:20:00+02:00,191,client site,Cologne,,DE,home,Leipzig,,DE,home_return,,long_distance_train,,590.99,False,False,True
6da72058-85ed-5189-baec-9863b76d1f12,ce92d8e0-065e-589b-a60e-c692ef2d2ff9,2025-09-11 07:44:00+02:00,2025-09-11 07:58:00+02:00,14,home,Leipzig,,DE,office,Leipzig,,DE,commute,,regional_train,,7.83,True,False,True
37dd05f2-ab2e-5873-95c5-37e98fa8db38,ce92d8e0-065e-589b-a60e-c692ef2d2ff9,2025-09-11 17:47:00+02:00,2025-09-11 18:01:00+02:00,14,office,Leipzig,,DE,home,Leipzig,,DE,home_return,,regional_train,,7.83,True,False,True
c0efec79-0e5f-542a-a40b-fe4fd9af9853,ce92d8e0-065e-589b-a60e-c692ef2d2ff9,2025-09-12 07:57:00+02:00,2025-09-12 08:11:00+02:00,14,home,Leipzig,,DE,office,Leipzig,,DE,commute,,regional_train,,7.84,True,False,True
25f95e48-dfca-553b-92a1-a604eb30b2bf,ce92d8e0-065e-589b-a60e-c692ef2d2ff9,2025-09-12 17:44:00+02:00,2025-09-12 17:58:00+02:00,14,office,Leipzig,,DE,home,Leipzig,,DE,home_return,,regional_train,,7.84,True,False,True
3ef7caea-13ae-52e1-af0c-fa19801604f2,ce92d8e0-065e-589b-a60e-c692ef2d2ff9,2025-09-13 15:00:00+02:00,2025-09-13 15:13:00+02:00,13,home,Leipzig,,DE,city center,Leipzig,,DE,social,,public_transport,,6.35,False,False,False
6459896e-35c5-5a64-b8ac-12289d2f81ff,ce92d8e0-065e-589b-a60e-c692ef2d2ff9,2025-09-15 07:56:00+02:00,2025-09-15 08:12:00+02:00,16,home,Leipzig,,DE,office,Leipzig,,DE,commute,,regional_train,,8.87,True,False,True
42c1ddb8-38f7-58a2-bea6-58ae39c77106,ce92d8e0-065e-589b-a60e-c692ef2d2ff9,2025-09-15 17:30:00+02:00,2025-09-15 17:46:00+02:00,16,office,Leipzig,,DE,home,Leipzig,,DE,home_return,,regional_train,,8.87,True,False,True
b6145559-c458-5ff2-9b07-d7b7d8c63364,ce92d8e0-065e-589b-a60e-c692ef2d2ff9,2025-09-16 07:53:00+02:00,2025-09-16 08:07:00+02:00,14,home,Leipzig,,DE,office,Leipzig,,DE,commute,,regional_train,,7.71,True,False,True
54429fbd-5119-502b-a08f-d6d989d7c0e2,ce92d8e0-065e-589b-a60e-c692ef2d2ff9,2025-09-16 17:47:00+02:00,2025-09-16 18:01:00+02:00,14,office,Leipzig,,DE,home,Leipzig,,DE,home_return,,regional_train,,7.71,True,False,True
0be4c50b-3118-5ba3-9101-6286b9081252,ce92d8e0-065e-589b-a60e-c692ef2d2ff9,2025-09-17 07:46:00+02:00,2025-09-17 08:02:00+02:00,16,home,Leipzig,,DE,office,Leipzig,,DE,commute,,regional_train,,9.05,True,False,True
4e9d42eb-491b-5286-9d48-a33fc20a12d1,ce92d8e0-065e-589b-a60e-c692ef2d2ff9,2025-09-17 17:53:00+02:00,2025-09-17 18:09:00+02:00,16,office,Leipzig,,DE,home,Leipzig,,DE,home_return,,regional_train,,9.05,True,False,True
3e5d4d76-68ea-5657-b4e9-ba8bea22338a,ce92d8e0-065e-589b-a60e-c692ef2d2ff9,2025-09-18 07:47:00+02:00,2025-09-18 08:02:00+02:00,15,home,Leipzig,,DE,office,Leipzig,,DE,commute,,regional_train,,8.26,True,False,True
ba861ff7-de55-5a39-b60d-8f8e8030ebf7,ce92d8e0-065e-589b-a60e-c692ef2d2ff9,2025-09-18 17:43:00+02:00,2025-09-18 17:58:00+02:00,15,office,Leipzig,,DE,home,Leipzig,,DE,home_return,,regional_train,,8.26,True,False,True
f83fba40-6294-5cef-a8ae-34f0d6d14693,ce92d8e0-065e-589b-a60e-c692ef2d2ff9,2025-09-19 07:57:00+02:00,2025-09-19 08:14:00+02:00,17,home,Leipzig,,DE,office,Leipzig,,DE,commute,,regional_train,,9.25,True,False,True
84b393b7-f5b4-5262-af3f-5293e613595d,ce92d8e0-065e-589b-a60e-c692ef2d2ff9,2025-09-19 17:34:00+02:00,2025-09-19 17:51:00+02:00,17,office,Leipzig,,DE,home,Leipzig,,DE,home_return,,regional_train,,9.25,True,False,True
0c308121-57ee-58a6-a87b-ccddd7f886ff,ce92d8e0-065e-589b-a60e-c692ef2d2ff9,2025-09-22 07:42:00+02:00,2025-09-22 07:57:00+02:00,15,home,Leipzig,,DE,office,Leipzig,,DE,commute,,regional_train,,8.38,True,False,True
a3838774-704d-5d1a-a555-5382db661f31,ce92d8e0-065e-589b-a60e-c692ef2d2ff9,2025-09-22 17:46:00+02:00,2025-09-22 18:01:00+02:00,15,office,Leipzig,,DE,home,Leipzig,,DE,home_return,,regional_train,,8.38,True,False,True
f86bdb03-e979-535b-988b-7b80dff8b0d6,ce92d8e0-065e-589b-a60e-c692ef2d2ff9,2025-09-22 06:46:00+02:00,2025-09-22 08:50:00+02:00,124,home,Leipzig,,DE,client site,Frankfurt,,DE,business,,long_distance_train,,383.7,False,False,True
325a1fa7-4eaf-5f32-9b88-2b48e94906b8,ce92d8e0-065e-589b-a60e-c692ef2d2ff9,2025-09-22 17:11:00+02:00,2025-09-22 19:15:00+02:00,124,client site,Frankfurt,,DE,home,Leipzig,,DE,home_return,,long_distance_train,,383.7,False,False,True
84d2820c-a538-5387-9030-c0097d1b9413,ce92d8e0-065e-589b-a60e-c692ef2d2ff9,2025-09-23 07:48:00+02:00,2025-09-23 08:05:00+02:00,17,home,Leipzig,,DE,office,Leipzig,,DE,commute,,regional_train,,9.08,True,False,True
88d8c5e2-f222-538d-bd18-5b529e0e980a,ce92d8e0-065e-589b-a60e-c692ef2d2ff9,2025-09-23 17:31:00+02:00,2025-09-23 17:48:00+02:00,17,office,Leipzig,,DE,home,Leipzig,,DE,home_return,,regional_train,,9.08,True,False,True
5ee3eec6-393a-5777-9871-f48d697fb4fd,ce92d8e0-065e-589b-a60e-c692ef2d2ff9,2025-09-24 07:57:00+02:00,2025-09-24 08:14:00+02:00,17,home,Leipzig,,DE,office,Leipzig,,DE,commute,,regional_train,,9.46,True,False,True
ac8491d9-f893-50f4-9fa8-e6f5860a819c,ce92d8e0-065e-589b-a60e-c692ef2d2ff9,2025-09-24 17:35:00+02:00,2025-09-24 17:52:00+02:00,17,office,Leipzig,,DE,home,Leipzig,,DE,home_return,,regional_train,,9.46,True,False,True
0f7f854b-7f3e-5067-8206-252ee4e4f243,ce92d8e0-065e-589b-a60e-c692ef2d2ff9,2025-09-25 07:52:00+02:00,2025-09-25 08:08:00+02:00,16,home,Leipzig,,DE,office,Leipzig,,DE,commute,,regional_train,,8.63,True,False,True
50e94220-a9c1-523f-ac97-fad294d23483,ce92d8e0-065e-589b-a60e-c692ef2d2ff9,2025-09-25 17:51:00+02:00,2025-09-25 18:07:00+02:00,16,office,Leipzig,,DE,home,Leipzig,,DE,home_return,,regional_train,,8.63,True,False,True
cbc6b5ad-74cf-5b54-b087-b92a47786e79,ce92d8e0-065e-589b-a60e-c692ef2d2ff9,2025-09-26 07:44:00+02:00,2025-09-26 08:01:00+02:00,17,home,Leipzig,,DE,office,Leipzig,,DE,commute,,regional_train,,9.5,True,False,True
758c4ef0-dc60-5cc0-bbbe-6f22558c925b,ce92d8e0-065e-589b-a60e-c692ef2d2ff9,2025-09-26 17:46:00+02:00,2025-09-26 18:03:00+02:00,17,office,Leipzig,,DE,home,Leipzig,,DE,home_return,,regional_train,,9.5,True,False,True
b690ef88-11fc-5c8b-acb9-42ef997a1904,ce92d8e0-065e-589b-a60e-c692ef2d2ff9,2025-09-26 06:43:00+02:00,2025-09-26 09:39:00+02:00,176,home,Leipzig,,DE,client site,Cologne,,DE,business,,long_distance_train,,546.83,False,False,True
fe38c9c6-703d-5d9f-b78d-899d56c182a0,ce92d8e0-065e-589b-a60e-c692ef2d2ff9,2025-09-26 17:38:00+02:00,2025-09-26 20:34:00+02:00,176,client site,Cologne,,DE,home,Leipzig,,DE,home_return,,long_distance_train,,546.83,False,False,True
44f9bc51-aab6-5567-adfd-0851695783ce,ce92d8e0-065e-589b-a60e-c692ef2d2ff9,2025-09-29 07:48:00+02:00,2025-09-29 08:04:00+02:00,16,home,Leipzig,,DE,office,Leipzig,,DE,commute,,regional_train,,9.0,True,False,True
75b52f91-646a-5937-94bd-0bb8340bed88,ce92d8e0-065e-589b-a60e-c692ef2d2ff9,2025-09-29 17:41:00+02:00,2025-09-29 17:57:00+02:00,16,office,Leipzig,,DE,home,Leipzig,,DE,home_return,,regional_train,,9.0,True,False,True
86e07c92-b1f4-5c15-b047-f8e0c4db8baa,ce92d8e0-065e-589b-a60e-c692ef2d2ff9,2025-09-30 07:47:00+02:00,2025-09-30 08:02:00+02:00,15,home,Leipzig,,DE,office,Leipzig,,DE,commute,,regional_train,,8.18,True,False,True
c99235e4-37a2-5760-8d0e-9afc04b5f64f,ce92d8e0-065e-589b-a60e-c692ef2d2ff9,2025-09-30 17:33:00+02:00,2025-09-30 17:48:00+02:00,15,office,Leipzig,,DE,home,Leipzig,,DE,home_return,,regional_train,,8.18,True,False,True
a3347a68-7b5b-539b-8a5a-d83c550bf882,ce92d8e0-065e-589b-a60e-c692ef2d2ff9,2025-10-01 07:52:00+02:00,2025-10-01 08:06:00+02:00,14,home,Leipzig,,DE,office,Leipzig,,DE,commute,,regional_train,,7.58,True,False,True
185a8646-a459-5a8f-942b-17a1018c25e9,ce92d8e0-065e-589b-a60e-c692ef2d2ff9,2025-10-01 17:46:00+02:00,2025-10-01 18:00:00+02:00,14,office,Leipzig,,DE,home,Leipzig,,DE,home_return,,regional_train,,7.58,True,False,True
dd22ecdb-0ad4-5ac6-aa5d-d72d2b1237b5,ce92d8e0-065e-589b-a60e-c692ef2d2ff9,2025-10-01 06:47:00+02:00,2025-10-01 08:54:00+02:00,127,home,Leipzig,,DE,client site,Frankfurt,,DE,business,,long_distance_train,,392.31,False,False,True
6d3d6d70-c899-5756-bae5-ebaab458a375,ce92d8e0-065e-589b-a60e-c692ef2d2ff9,2025-10-01 17:01:00+02:00,2025-10-01 19:08:00+02:00,127,client site,Frankfurt,,DE,home,Leipzig,,DE,home_return,,long_distance_train,,392.31,False,False,True
e4dc83fc-1e3c-5000-8a6b-9e01606e3215,ce92d8e0-065e-589b-a60e-c692ef2d2ff9,2025-10-03 07:43:00+02:00,2025-10-03 07:59:00+02:00,16,home,Leipzig,,DE,office,Leipzig,,DE,commute,,regional_train,,8.76,True,False,True
1ac8cf35-15bd-50bb-8aba-a38550f3f478,ce92d8e0-065e-589b-a60e-c692ef2d2ff9,2025-10-03 17:31:00+02:00,2025-10-03 17:47:00+02:00,16,office,Leipzig,,DE,home,Leipzig,,DE,home_return,,regional_train,,8.76,True,False,True
4e8a9349-2162-5ea6-9938-cef822948a41,ce92d8e0-065e-589b-a60e-c692ef2d2ff9,2025-10-06 07:56:00+02:00,2025-10-06 08:10:00+02:00,14,home,Leipzig,,DE,office,Leipzig,,DE,commute,,regional_train,,7.93,True,False,True
d9be16a1-070a-5d77-80a2-83f323fda0e6,ce92d8e0-065e-589b-a60e-c692ef2d2ff9,2025-10-06 17:47:00+02:00,2025-10-06 18:01:00+02:00,14,office,Leipzig,,DE,home,Leipzig,,DE,home_return,,regional_train,,7.93,True,False,True
4d6499a9-6a0c-5066-a151-d83de00db82a,ce92d8e0-065e-589b-a60e-c692ef2d2ff9,2025-10-07 07:43:00+02:00,2025-10-07 07:58:00+02:00,15,home,Leipzig,,DE,office,Leipzig,,DE,commute,,regional_train,,8.3,True,False,True
9a036e39-0a47-5b9f-832e-8db9bc0be381,ce92d8e0-065e-589b-a60e-c692ef2d2ff9,2025-10-07 17:51:00+02:00,2025-10-07 18:06:00+02:00,15,office,Leipzig,,DE,home,Leipzig,,DE,home_return,,regional_train,,8.3,True,False,True
688ee42e-c8e4-5852-89f3-3df6a780acbc,ce92d8e0-065e-589b-a60e-c692ef2d2ff9,2025-10-08 07:41:00+02:00,2025-10-08 07:58:00+02:00,17,home,Leipzig,,DE,office,Leipzig,,DE,commute,,regional_train,,9.5,True,False,True
65ce272e-d340-5847-9a33-990e9e3fd164,ce92d8e0-065e-589b-a60e-c692ef2d2ff9,2025-10-08 17:40:00+02:00,2025-10-08 17:57:00+02:00,17,office,Leipzig,,DE,home,Leipzig,,DE,home_return,,regional_train,,9.5,True,False,True
7e81a1ae-ab3c-5fed-856e-118743752dc4,ce92d8e0-065e-589b-a60e-c692ef2d2ff9,2025-10-09 07:49:00+02:00,2025-10-09 08:03:00+02:00,14,home,Leipzig,,DE,office,Leipzig,,DE,commute,,regional_train,,7.74,True,False,True
47a28ffd-34ac-5bae-87ff-205da2a86e48,ce92d8e0-065e-589b-a60e-c692ef2d2ff9,2025-10-09 17:53:00+02:00,2025-10-09 18:07:00+02:00,14,office,Leipzig,,DE,home,Leipzig,,DE,home_return,,regional_train,,7.74,True,False,True
06ce7c71-edc0-5310-885b-bb9febc1d93a,ce92d8e0-065e-589b-a60e-c692ef2d2ff9,2025-10-10 07:41:00+02:00,2025-10-10 07:56:00+02:00,15,home,Leipzig,,DE,office,Leipzig,,DE,commute,,regional_train,,8.48,True,False,True
7fcd6514-eb1a-52ab-b1b4-6085faa1a1d7,ce92d8e0-065e-589b-a60e-c692ef2d2ff9,2025-10-10 17:33:00+02:00,2025-10-10 17:48:00+02:00,15,office,Leipzig,,DE,home,Leipzig,,DE,home_return,,regional_train,,8.48,True,False,True
f9ed0755-77e8-5bd0-832e-cfbb73f383c4,ce92d8e0-065e-589b-a60e-c692ef2d2ff9,2025-10-10 06:43:00+02:00,2025-10-10 08:53:00+02:00,130,home,Leipzig,,DE,client site,Frankfurt,,DE,business,,long_distance_train,,401.71,False,False,True
a1016cf1-899e-5c27-a1ce-a277901be4f0,ce92d8e0-065e-589b-a60e-c692ef2d2ff9,2025-10-10 17:10:00+02:00,2025-10-10 19:20:00+02:00,130,client site,Frankfurt,,DE,home,Leipzig,,DE,home_return,,long_distance_train,,401.71,False,False,True
d4a16f56-3bd1-5762-9f9f-8bbe5da577e2,ce92d8e0-065e-589b-a60e-c692ef2d2ff9,2025-10-13 07:46:00+02:00,2025-10-13 08:01:00+02:00,15,home,Leipzig,,DE,office,Leipzig,,DE,commute,,regional_train,,8.09,True,False,True
6b39e07a-4ca8-503e-90b8-169a08c90905,ce92d8e0-065e-589b-a60e-c692ef2d2ff9,2025-10-13 17:55:00+02:00,2025-10-13 18:10:00+02:00,15,office,Leipzig,,DE,home,Leipzig,,DE,home_return,,regional_train,,8.09,True,False,True
cf659817-4b2e-540c-900a-41eb1d0fedde,ce92d8e0-065e-589b-a60e-c692ef2d2ff9,2025-10-13 06:36:00+02:00,2025-10-13 08:42:00+02:00,126,home,Leipzig,,DE,client site,Frankfurt,,DE,business,,long_distance_train,,391.65,False,False,True
37ca9456-098f-5679-9be2-a1f2e40ae87e,ce92d8e0-065e-589b-a60e-c692ef2d2ff9,2025-10-13 17:03:00+02:00,2025-10-13 19:09:00+02:00,126,client site,Frankfurt,,DE,home,Leipzig,,DE,home_return,,long_distance_train,,391.65,False,False,True
f103187c-ce78-5bc0-bfe6-515bf8f85768,ce92d8e0-065e-589b-a60e-c692ef2d2ff9,2025-10-15 07:51:00+02:00,2025-10-15 08:05:00+02:00,14,home,Leipzig,,DE,office,Leipzig,,DE,commute,,regional_train,,7.88,True,False,True
a7014cfc-6302-5027-a2f6-22f6d7c1d341,ce92d8e0-065e-589b-a60e-c692ef2d2ff9,2025-10-15 17:30:00+02:00,2025-10-15 17:44:00+02:00,14,office,Leipzig,,DE,home,Leipzig,,DE,home_return,,regional_train,,7.88,True,False,True
27ccb1ba-90fd-58ca-b16a-1d7a469e9593,ce92d8e0-065e-589b-a60e-c692ef2d2ff9,2025-10-16 07:43:00+02:00,2025-10-16 07:57:00+02:00,14,home,Leipzig,,DE,office,Leipzig,,DE,commute,,regional_train,,7.97,True,False,True
9d96ff0c-3dfe-501f-968e-facd65ce14cd,ce92d8e0-065e-589b-a60e-c692ef2d2ff9,2025-10-16 17:31:00+02:00,2025-10-16 17:45:00+02:00,14,office,Leipzig,,DE,home,Leipzig,,DE,home_return,,regional_train,,7.97,True,False,True
8b7c6e7c-cbba-54e9-8a2d-867b0023466a,ce92d8e0-065e-589b-a60e-c692ef2d2ff9,2025-10-17 07:47:00+02:00,2025-10-17 08:03:00+02:00,16,home,Leipzig,,DE,office,Leipzig,,DE,commute,,regional_train,,8.53,True,False,True
bf125751-2bf7-522a-a67a-751ad21b46bb,ce92d8e0-065e-589b-a60e-c692ef2d2ff9,2025-10-17 17:37:00+02:00,2025-10-17 17:53:00+02:00,16,office,Leipzig,,DE,home,Leipzig,,DE,home_return,,regional_train,,8.53,True,False,True
ec42ac14-c378-5114-93c3-eb2a2776bca3,ce92d8e0-065e-589b-a60e-c692ef2d2ff9,2025-10-19 15:00:00+02:00,2025-10-19 15:07:00+02:00,7,home,Leipzig,,DE,market square,Leipzig,,DE,shopping,,public_transport,,3.57,False,False,False
fc0af71b-8c3b-5868-aa3b-9ca1e8a2cce3,ce92d8e0-065e-589b-a60e-c692ef2d2ff9,2025-10-20 07:58:00+02:00,2025-10-20 08:13:00+02:00,15,home,Leipzig,,DE,office,Leipzig,,DE,commute,,regional_train,,7.99,True,False,True
76e17276-b118-5245-8f56-4be28ca08c83,ce92d8e0-065e-589b-a60e-c692ef2d2ff9,2025-10-20 17:46:00+02:00,2025-10-20 18:01:00+02:00,15,office,Leipzig,,DE,home,Leipzig,,DE,home_return,,regional_train,,7.99,True,False,True
487d5696-5388-5b52-9f28-d6db4a495691,ce92d8e0-065e-589b-a60e-c692ef2d2ff9,2025-10-21 07:51:00+02:00,2025-10-21 08:06:00+02:00,15,home,Leipzig,,DE,office,Leipzig,,DE,commute,,regional_train,,8.1,True,False,True
b5a4ce8b-9212-5de7-9d6a-a754a530fa5c,ce92d8e0-065e-589b-a60e-c692ef2d2ff9,2025-10-21 17:40:00+02:00,2025-10-21 17:55:00+02:00,15,office,Leipzig,,DE,home,Leipzig,,DE,home_return,,regional_train,,8.1,True,False,True
a0ec38de-d0f4-51c7-9602-104ddd4febdc,ce92d8e0-065e-589b-a60e-c692ef2d2ff9,2025-10-22 07:40:00+02:00,2025-10-22 07:55:00+02:00,15,home,Leipzig,,DE,office,Leipzig,,DE,commute,,regional_train,,8.01,True,False,True
35646468-e90e-5bb4-ab3c-6f46b8d2c47d,ce92d8e0-065e-589b-a60e-c692ef2d2ff9,2025-10-22 17:37:00+02:00,2025-10-22 17:52:00+02:00,15,office,Leipzig,,DE,home,Leipzig,,DE,home_return,,regional_train,,8.01,True,False,True
b6e79d4c-2d37-5974-8bc7-e0c27b337ad8,ce92d8e0-065e-589b-a60e-c692ef2d2ff9,2025-10-23 07:45:00+02:00,2025-10-23 08:01:00+02:00,16,home,Leipzig,,DE,office,Leipzig,,DE,commute,,regional_train,,8.78,True,False,True
62c9893a-8170-566f-b0fc-2252174adf76,ce92d8e0-065e-589b-a60e-c692ef2d2ff9,2025-10-23 17:41:00+02:00,2025-10-23 17:57:00+02:00,16,office,Leipzig,,DE,home,Leipzig,,DE,home_return,,regional_train,,8.78,True,False,True
74884df9-9f3f-561d-8b20-e4dfe0954fd6,ce92d8e0-065e-589b-a60e-c692ef2d2ff9,2025-10-23 06:45:00+02:00,2025-10-23 09:48:00+02:00,183,home,Leipzig,,DE,client site,Cologne,,DE,business,,long_distance_train,,566.15,False,False,True
736f97ea-0ea2-541a-8c2c-12effa6d4f29,ce92d8e0-065e-589b-a60e-c692ef2d2ff9,2025-10-23 17:35:00+02:00,2025-10-23 20:38:00+02:00,183,client site,Cologne,,DE,home,Leipzig,,DE,home_return,,long_distance_train,,566.15,False,False,True
feaa8de2-1870-56d2-b692-08fa57dc3161,ce92d8e0-065e-589b-a60e-c692ef2d2ff9,2025-10-24 07:50:00+02:00,2025-10-24 08:05:00+02:00,15,home,Leipzig,,DE,office,Leipzig,,DE,commute,,regional_train,,8.26,True,False,True
928cac54-675c-5856-827b-bcdb4be9a76f,ce92d8e0-065e-589b-a60e-c692ef2d2ff9,2025-10-24 17:45:00+02:00,2025-10-24 18:00:00+02:00,15,office,Leipzig,,DE,home,Leipzig,,DE,home_return,,regional_train,,8.26,True,False,True
24a31fa7-54c7-5535-a53b-7d930cd51bf9,ce92d8e0-065e-589b-a60e-c692ef2d2ff9,2025-10-25 13:00:00+02:00,2025-10-25 13:12:00+02:00,12,home,Leipzig,,DE,market square,Leipzig,,DE,social,,public_transport,,6.14,False,False,False
a5640efe-ec3f-5a85-b221-d3a5adc0cdf7,ce92d8e0-065e-589b-a60e-c692ef2d2ff9,2025-10-26 16:00:00+02:00,2025-10-26 16:11:00+02:00,11,home,Leipzig,,DE,city center,Leipzig,,DE,shopping,,public_transport,,5.73,False,False,False
13abfb2a-babf-5fca-9223-49ac3cb4d729,ce92d8e0-065e-589b-a60e-c692ef2d2ff9,2025-10-27 07:53:00+02:00,2025-10-27 08:08:00+02:00,15,home,Leipzig,,DE,office,Leipzig,,DE,commute,,regional_train,,8.23,True,False,True
7524363a-bce9-5527-b98c-4f3273de5cf5,ce92d8e0-065e-589b-a60e-c692ef2d2ff9,2025-10-27 17:47:00+02:00,2025-10-27 18:02:00+02:00,15,office,Leipzig,,DE,home,Leipzig,,DE,home_return,,regional_train,,8.23,True,False,True
00268b09-3efd-5b51-8cd3-6b9b0dae0373,ce92d8e0-065e-589b-a60e-c692ef2d2ff9,2025-10-28 07:51:00+02:00,2025-10-28 08:08:00+02:00,17,home,Leipzig,,DE,office,Leipzig,,DE,commute,,regional_train,,9.11,True,False,True
7d6ca2ad-49ff-58fa-8fd7-70487609320a,ce92d8e0-065e-589b-a60e-c692ef2d2ff9,2025-10-28 17:48:00+02:00,2025-10-28 18:05:00+02:00,17,office,Leipzig,,DE,home,Leipzig,,DE,home_return,,regional_train,,9.11,True,False,True
b4eacb25-846d-57e3-9497-d17a9bf72db6,ce92d8e0-065e-589b-a60e-c692ef2d2ff9,2025-10-29 07:41:00+02:00,2025-10-29 07:56:00+02:00,15,home,Leipzig,,DE,office,Leipzig,,DE,commute,,regional_train,,8.04,True,False,True
c7e8339c-41e9-55c9-b490-d1416f4b8088,ce92d8e0-065e-589b-a60e-c692ef2d2ff9,2025-10-29 17:30:00+02:00,2025-10-29 17:45:00+02:00,15,office,Leipzig,,DE,home,Leipzig,,DE,home_return,,regional_train,,8.04,True,False,True
3f982040-47ef-5d04-b9a4-2e313965b7e3,ce92d8e0-065e-589b-a60e-c692ef2d2ff9,2025-10-30 07:56:00+02:00,2025-10-30 08:11:00+02:00,15,home,Leipzig,,DE,office,Leipzig,,DE,commute,,regional_train,,8.2,True,False,True
a2817122-c917-5fcd-a6f6-b40cec099888,ce92d8e0-065e-589b-a60e-c692ef2d2ff9,2025-10-30 17:44:00+02:00,2025-10-30 17:59:00+02:00,15,office,Leipzig,,DE,home,Leipzig,,DE,home_return,,regional_train,,8.2,True,False,True
c0684ebe-f9e6-59f6-9409-c2618c3e3c7a,ce92d8e0-065e-589b-a60e-c692ef2d2ff9,2025-10-31 07:58:00+02:00,2025-10-31 08:15:00+02:00,17,home,Leipzig,,DE,office,Leipzig,,DE,commute,,regional_train,,9.42,True,False,True
76aa277b-97ee-5398-ba95-f8d8bcb01154,ce92d8e0-065e-589b-a60e-c692ef2d2ff9,2025-10-31 17:34:00+02:00,2025-10-31 17:51:00+02:00,17,office,Leipzig,,DE,home,Leipzig,,DE,home_return,,regional_train,,9.42,True,False,True
19f495bd-dace-5a1e-82b5-468f9104525c,ce92d8e0-065e-589b-a60e-c692ef2d2ff9,2025-11-01 13:00:00+01:00,2025-11-01 13:09:00+01:00,9,home,Leipzig,,DE,market square,Leipzig,,DE,leisure,,public_transport,,4.68,False,False,False
64c3d946-b714-5648-8b6d-cf6d8a641c0f,ce92d8e0-065e-589b-a60e-c692ef2d2ff9,2025-11-04 07:41:00+01:00,2025-11-04 07:56:00+01:00,15,home,Leipzig,,DE,office,Leipzig,,DE,commute,,regional_train,,8.33,True,False,True
3cc3c145-5998-542c-876b-b76e8c7501d3,ce92d8e0-065e-589b-a60e-c692ef2d2ff9,2025-11-04 17:55:00+01:00,2025-11-04 18:10:00+01:00,15,office,Leipzig,,DE,home,Leipzig,,DE,home_return,,regional_train,,8.33,True,False,True
74107882-b972-5705-ba26-6306f53cc8f4,ce92d8e0-065e-589b-a60e-c692ef2d2ff9,2025-11-04 06:40:00+01:00,2025-11-04 07:41:00+01:00,61,home,Leipzig,,DE,client site,Berlin,,DE,business,,long_distance_train,,187.95,False,False,True
45654427-c20b-5022-8762-155ea44dd44c,ce92d8e0-065e-589b-a60e-c692ef2d2ff9,2025-11-04 17:35:00+01:00,2025-11-04 18:36:00+01:00,61,client site,Berlin,,DE,home,Leipzig,,DE,home_return,,long_distance_train,,187.95,False,False,True
28383c00-1b1d-5bd6-8bb5-75532308d427,ce92d8e0-065e-589b-a60e-c692ef2d2ff9,2025-11-05 07:48:00+01:00,2025-11-05 08:02:00+01:00,14,home,Leipzig,,DE,office,Leipzig,,DE,commute,,regional_train,,7.93,True,False,True
ba1e680c-d0d2-53c9-a841-43dc1d2e46b5,ce92d8e0-065e-589b-a60e-c692ef2d2ff9,2025-11-05 17:44:00+01:00,2025-11-05 17:58:00+01:00,14,office,Leipzig,,DE,home,Leipzig,,DE,home_return,,regional_train,,7.93,True,False,True
8773d190-327a-5e58-aec6-1ccccccb8317,ce92d8e0-065e-589b-a60e-c692ef2d2ff9,2025-11-06 07:47:00+01:00,2025-11-06 08:02:00+01:00,15,home,Leipzig,,DE,office,Leipzig,,DE,commute,,regional_train,,8.34,True,False,True
3d86ce57-eb73-5025-944d-8df928b6dbee,ce92d8e0-065e-589b-a60e-c692ef2d2ff9,2025-11-06 17:44:00+01:00,2025-11-06 17:59:00+01:00,15,office,Leipzig,,DE,home,Leipzig,,DE,home_return,,regional_train,,8.34,True,False,True
741ee26e-70ec-547d-831f-b99eee562d56,ce92d8e0-065e-589b-a60e-c692ef2d2ff9,2025-11-07 07:54:00+01:00,2025-11-07 08:09:00+01:00,15,home,Leipzig,,DE,office,Leipzig,,DE,commute,,regional_train,,8.42,True,False,True
2ab0cc0e-e899-57d4-8632-c49a5888446c,ce92d8e0-065e-589b-a60e-c692ef2d2ff9,2025-11-07 17:49:00+01:00,2025-11-07 18:04:00+01:00,15,office,Leipzig,,DE,home,Leipzig,,DE,home_return,,regional_train,,8.42,True,False,True
55c653ac-8a69-5c13-9f54-c57126de5141,ce92d8e0-065e-589b-a60e-c692ef2d2ff9,2025-11-07 06:35:00+01:00,2025-11-07 09:31:00+01:00,176,home,Leipzig,,DE,client site,Cologne,,DE,business,,long_distance_train,,544.3,False,False,True
0aaa5531-bd0b-50c2-bda0-81f3ea49dafc,ce92d8e0-065e-589b-a60e-c692ef2d2ff9,2025-11-07 17:36:00+01:00,2025-11-07 20:32:00+01:00,176,client site,Cologne,,DE,home,Leipzig,,DE,home_return,,long_distance_train,,544.3,False,False,True
d64f2bc9-8276-5a4a-bf70-0e3800ed6936,ce92d8e0-065e-589b-a60e-c692ef2d2ff9,2025-11-10 07:56:00+01:00,2025-11-10 08:11:00+01:00,15,home,Leipzig,,DE,office,Leipzig,,DE,commute,,regional_train,,8.43,True,False,True
93f86a68-fdae-51ad-8b9c-6ef2e310fc36,ce92d8e0-065e-589b-a60e-c692ef2d2ff9,2025-11-10 17:51:00+01:00,2025-11-10 18:06:00+01:00,15,office,Leipzig,,DE,home,Leipzig,,DE,home_return,,regional_train,,8.43,True,False,True
4b566dd0-31b5-51c3-93a6-731ea69794af,ce92d8e0-065e-589b-a60e-c692ef2d2ff9,2025-11-11 07:54:00+01:00,2025-11-11 08:09:00+01:00,15,home,Leipzig,,DE,office,Leipzig,,DE,commute,,regional_train,,8.18,True,False,True
ea63a3fb-4a03-5098-8231-9d791271fc79,ce92d8e0-065e-589b-a60e-c692ef2d2ff9,2025-11-11 17:53:00+01:00,2025-11-11 18:08:00+01:00,15,office,Leipzig,,DE,home,Leipzig,,DE,home_return,,regional_train,,8.18,True,False,True
27f98080-f44b-5417-bf13-deb655b7a3c9,ce92d8e0-065e-589b-a60e-c692ef2d2ff9,2025-11-11 06:30:00+01:00,2025-11-11 08:37:00+01:00,127,home,Leipzig,,DE,client site,Munich,,DE,business,,long_distance_train,,392.34,False,False,True
6a34c2ee-8827-56f4-827e-62df4742d223,ce92d8e0-065e-589b-a60e-c692ef2d2ff9,2025-11-11 17:22:00+01:00,2025-11-11 19:29:00+01:00,127,client site,Munich,,DE,home,Leipzig,,DE,home_return,,long_distance_train,,392.34,False,False,True
4b097235-4d9c-5c25-b27d-256f07fa93db,ce92d8e0-065e-589b-a60e-c692ef2d2ff9,2025-11-12 07:41:00+01:00,2025-11-12 07:58:00+01:00,17,home,Leipzig,,DE,office,Leipzig,,DE,commute,,regional_train,,9.26,True,False,True
b06f2fb1-5c8d-5825-9a00-9ad60dd4185c,ce92d8e0-065e-589b-a60e-c692ef2d2ff9,2025-11-12 17:32:00+01:00,2025-11-12 17:49:00+01:00,17,office,Leipzig,,DE,home,Leipzig,,DE,home_return,,regional_train,,9.26,True,False,True
9f593910-0a37-5bd8-a775-bf7b958de0a4,ce92d8e0-065e-589b-a60e-c692ef2d2ff9,2025-11-12 06:34:00+01:00,2025-11-12 08:51:00+01:00,137,home,Leipzig,,DE,client site,Hamburg,,DE,business,,long_distance_train,,423.84,False,False,True
963c097b-62f6-5cd9-8683-4f99d9202747,ce92d8e0-065e-589b-a60e-c692ef2d2ff9,2025-11-12 17:00:00+01:00,2025-11-12 19:17:00+01:00,137,client site,Hamburg,,DE,home,Leipzig,,DE,home_return,,long_distance_train,,423.84,False,False,True
246a7195-5174-5ab7-aba6-0b98deefcb04,ce92d8e0-065e-589b-a60e-c692ef2d2ff9,2025-11-13 07:50:00+01:00,2025-11-13 08:05:00+01:00,15,home,Leipzig,,DE,office,Leipzig,,DE,commute,,regional_train,,8.14,True,False,True
f65791c3-4f93-5dc3-8d27-95e73023fe50,ce92d8e0-065e-589b-a60e-c692ef2d2ff9,2025-11-13 17:53:00+01:00,2025-11-13 18:08:00+01:00,15,office,Leipzig,,DE,home,Leipzig,,DE,home_return,,regional_train,,8.14,True,False,True
bf25b67b-587b-5b00-a49f-2ec3d18bdaf0,ce92d8e0-065e-589b-a60e-c692ef2d2ff9,2025-11-14 07:46:00+01:00,2025-11-14 08:00:00+01:00,14,home,Leipzig,,DE,office,Leipzig,,DE,commute,,regional_train,,7.87,True,False,True
6b9b2ce1-f7be-5d88-b54d-01bcffb7396d,ce92d8e0-065e-589b-a60e-c692ef2d2ff9,2025-11-14 17:32:00+01:00,2025-11-14 17:46:00+01:00,14,office,Leipzig,,DE,home,Leipzig,,DE,home_return,,regional_train,,7.87,True,False,True
06cdbc71-5e38-5a19-a9d9-122a7d95bd49,ce92d8e0-065e-589b-a60e-c692ef2d2ff9,2025-11-17 07:57:00+01:00,2025-11-17 08:14:00+01:00,17,home,Leipzig,,DE,office,Leipzig,,DE,commute,,regional_train,,9.36,True,False,True
1ac5fa41-3a1f-58c8-877a-dcbe96c35842,ce92d8e0-065e-589b-a60e-c692ef2d2ff9,2025-11-17 17:36:00+01:00,2025-11-17 17:53:00+01:00,17,office,Leipzig,,DE,home,Leipzig,,DE,home_return,,regional_train,,9.36,True,False,True
21bc4834-d980-5dc7-b7d8-0d7de97b205f,ce92d8e0-065e-589b-a60e-c692ef2d2ff9,2025-11-18 07:55:00+01:00,2025-11-18 08:10:00+01:00,15,home,Leipzig,,DE,office,Leipzig,,DE,commute,,regional_train,,8.16,True,False,True
40e66713-f919-5faa-8259-0486efed01f1,ce92d8e0-065e-589b-a60e-c692ef2d2ff9,2025-11-18 17:38:00+01:00,2025-11-18 17:53:00+01:00,15,office,Leipzig,,DE,home,Leipzig,,DE,home_return,,regional_train,,8.16,True,False,True
7406373e-f347-5290-a506-f881a5b423eb,ce92d8e0-065e-589b-a60e-c692ef2d2ff9,2025-11-19 07:45:00+01:00,2025-11-19 08:01:00+01:00,16,home,Leipzig,,DE,office,Leipzig,,DE,commute,,regional_train,,8.56,True,False,True
7c5c0a66-2c9a-5dd7-9e7b-ef3adcdaa8a6,ce92d8e0-065e-589b-a60e-c692ef2d2ff9,2025-11-19 17:30:00+01:00,2025-11-19 17:46:00+01:00,16,office,Leipzig,,DE,home,Leipzig,,DE,home_return,,regional_train,,8.56,True,False,True
6a8f73a4-ffa5-5944-b2c4-4cb620c01835,ce92d8e0-065e-589b-a60e-c692ef2d2ff9,2025-11-20 07:44:00+01:00,2025-11-20 07:59:00+01:00,15,home,Leipzig,,DE,office,Leipzig,,DE,commute,,regional_train,,8.3,True,False,True
67973502-5c67-5122-9cfb-027c01ce8565,ce92d8e0-065e-589b-a60e-c692ef2d2ff9,2025-11-20 17:46:00+01:00,2025-11-20 18:01:00+01:00,15,office,Leipzig,,DE,home,Leipzig,,DE,home_return,,regional_train,,8.3,True,False,True
a21c071a-81f1-562c-b570-690db6aacd62,ce92d8e0-065e-589b-a60e-c692ef2d2ff9,2025-11-21 07:43:00+01:00,2025-11-21 07:57:00+01:00,14,home,Leipzig,,DE,office,Leipzig,,DE,commute,,regional_train,,7.95,True,False,True
6afa7fcc-c072-5e85-a7ba-829f5464c178,ce92d8e0-065e-589b-a60e-c692ef2d2ff9,2025-11-21 17:55:00+01:00,2025-11-21 18:09:00+01:00,14,office,Leipzig,,DE,home,Leipzig,,DE,home_return,,regional_train,,7.95,True,False,True
cf3bfb0f-a8ed-54b9-a69c-09f5bba8a3cd,ce92d8e0-065e-589b-a60e-c692ef2d2ff9,2025-11-26 07:40:00+01:00,2025-11-26 07:57:00+01:00,17,home,Leipzig,,DE,office,Leipzig,,DE,commute,,regional_train,,9.19,True,False,True
670a834c-f665-5074-bdf7-97b967f0e0f5,ce92d8e0-065e-589b-a60e-c692ef2d2ff9,2025-11-26 17:49:00+01:00,2025-11-26 18:06:00+01:00,17,office,Leipzig,,DE,home,Leipzig,,DE,home_return,,regional_train,,9.19,True,False,True
e4ab3c9d-7b77-5529-85de-136718b56f26,ce92d8e0-065e-589b-a60e-c692ef2d2ff9,2025-11-28 07:50:00+01:00,2025-11-28 08:05:00+01:00,15,home,Leipzig,,DE,office,Leipzig,,DE,commute,,regional_train,,8.28,True,False,True
fedadc71-4f85-5c0e-81b8-07949c509e43,ce92d8e0-065e-589b-a60e-c692ef2d2ff9,2025-11-28 17:38:00+01:00,2025-11-28 17:53:00+01:00,15,office,Leipzig,,DE,home,Leipzig,,DE,home_return,,regional_train,,8.28,True,False,True
6410995a-d084-5064-9989-53f4df14d8e4,ce92d8e0-065e-589b-a60e-c692ef2d2ff9,2025-12-01 07:56:00+01:00,2025-12-01 08:10:00+01:00,14,home,Leipzig,,DE,office,Leipzig,,DE,commute,,regional_train,,7.77,True,False,True
97b4c196-f6a8-5742-a95a-9d501936c839,ce92d8e0-065e-589b-a60e-c692ef2d2ff9,2025-12-01 17:35:00+01:00,2025-12-01 17:49:00+01:00,14,office,Leipzig,,DE,home,Leipzig,,DE,home_return,,regional_train,,7.77,True,False,True
9e0c9825-db28-59a1-a74c-74cd802e725e,ce92d8e0-065e-589b-a60e-c692ef2d2ff9,2025-12-01 06:54:00+01:00,2025-12-01 09:04:00+01:00,130,home,Leipzig,,DE,client site,Hamburg,,DE,business,,long_distance_train,,402.83,False,False,True
d3b8396f-764a-588b-9b99-576b80411eb9,ce92d8e0-065e-589b-a60e-c692ef2d2ff9,2025-12-01 17:22:00+01:00,2025-12-01 19:32:00+01:00,130,client site,Hamburg,,DE,home,Leipzig,,DE,home_return,,long_distance_train,,402.83,False,False,True
8693fe14-66b7-5a1a-97ca-f278c71cabef,ce92d8e0-065e-589b-a60e-c692ef2d2ff9,2025-12-02 07:46:00+01:00,2025-12-02 08:00:00+01:00,14,home,Leipzig,,DE,office,Leipzig,,DE,commute,,regional_train,,7.77,True,False,True
0478b313-055f-5f7d-8d2b-e83ac2457ab9,ce92d8e0-065e-589b-a60e-c692ef2d2ff9,2025-12-02 17:43:00+01:00,2025-12-02 17:57:00+01:00,14,office,Leipzig,,DE,home,Leipzig,,DE,home_return,,regional_train,,7.77,True,False,True
7efe626e-0996-50f8-9404-7d1a79d4f5e6,ce92d8e0-065e-589b-a60e-c692ef2d2ff9,2025-12-03 07:48:00+01:00,2025-12-03 08:04:00+01:00,16,home,Leipzig,,DE,office,Leipzig,,DE,commute,,regional_train,,8.96,True,False,True
19bf407c-d088-5db5-b56c-3005350f1fea,ce92d8e0-065e-589b-a60e-c692ef2d2ff9,2025-12-03 17:52:00+01:00,2025-12-03 18:08:00+01:00,16,office,Leipzig,,DE,home,Leipzig,,DE,home_return,,regional_train,,8.96,True,False,True
a9107b6d-a538-59f2-912f-98aa371e5271,ce92d8e0-065e-589b-a60e-c692ef2d2ff9,2025-12-04 07:46:00+01:00,2025-12-04 08:03:00+01:00,17,home,Leipzig,,DE,office,Leipzig,,DE,commute,,regional_train,,9.17,True,False,True
9fccae78-5c2c-5526-875b-ae0ef7a44b00,ce92d8e0-065e-589b-a60e-c692ef2d2ff9,2025-12-04 17:31:00+01:00,2025-12-04 17:48:00+01:00,17,office,Leipzig,,DE,home,Leipzig,,DE,home_return,,regional_train,,9.17,True,False,True
7ed6bd41-ab54-5aa3-8906-b9f932225c6b,ce92d8e0-065e-589b-a60e-c692ef2d2ff9,2025-12-05 07:41:00+01:00,2025-12-05 07:56:00+01:00,15,home,Leipzig,,DE,office,Leipzig,,DE,commute,,regional_train,,8.32,True,False,True
6d5c733e-6e91-5a00-9881-34322e4d4e9a,ce92d8e0-065e-589b-a60e-c692ef2d2ff9,2025-12-05 17:51:00+01:00,2025-12-05 18:06:00+01:00,15,office,Leipzig,,DE,home,Leipzig,,DE,home_return,,regional_train,,8.32,True,False,True
cc2052e5-5c8e-55ad-893f-1daf688f24f2,ce92d8e0-065e-589b-a60e-c692ef2d2ff9,2025-12-06 10:00:00+01:00,2025-12-06 10:08:00+01:00,8,home,Leipzig,,DE,market square,Leipzig,,DE,leisure,,public_transport,,4.14,False,False,False
d828e870-c70c-56b7-8c49-d4fa4467b338,ce92d8e0-065e-589b-a60e-c692ef2d2ff9,2025-12-07 15:00:00+01:00,2025-12-07 15:07:00+01:00,7,home,Leipzig,,DE,market square,Leipzig,,DE,social,,public_transport,,3.3,False,False,False
f1fe1374-bff8-579c-812b-bcdc56058b01,ce92d8e0-065e-589b-a60e-c692ef2d2ff9,2025-12-09 07:47:00+01:00,2025-12-09 08:01:00+01:00,14,home,Leipzig,,DE,office,Leipzig,,DE,commute,,regional_train,,7.74,True,False,True
94bd350e-276f-5ca5-b404-aa01fcebaa8c,ce92d8e0-065e-589b-a60e-c692ef2d2ff9,2025-12-09 17:45:00+01:00,2025-12-09 17:59:00+01:00,14,office,Leipzig,,DE,home,Leipzig,,DE,home_return,,regional_train,,7.74,True,False,True
d781a71c-4c6e-55d2-97f5-3fc9ffcea48f,ce92d8e0-065e-589b-a60e-c692ef2d2ff9,2025-12-10 07:40:00+01:00,2025-12-10 07:56:00+01:00,16,home,Leipzig,,DE,office,Leipzig,,DE,commute,,regional_train,,8.58,True,False,True
692f21e5-a1b0-56bb-91ed-0c121cebab52,ce92d8e0-065e-589b-a60e-c692ef2d2ff9,2025-12-10 17:52:00+01:00,2025-12-10 18:08:00+01:00,16,office,Leipzig,,DE,home,Leipzig,,DE,home_return,,regional_train,,8.58,True,False,True
899ee92d-303a-53c0-ae9a-4852831a9295,ce92d8e0-065e-589b-a60e-c692ef2d2ff9,2025-12-10 06:44:00+01:00,2025-12-10 09:57:00+01:00,193,home,Leipzig,,DE,client site,Cologne,,DE,business,,long_distance_train,,597.02,False,False,True
b4e0a2b6-50cb-56e3-ae8d-c0f7bc594f82,ce92d8e0-065e-589b-a60e-c692ef2d2ff9,2025-12-10 17:00:00+01:00,2025-12-10 20:13:00+01:00,193,client site,Cologne,,DE,home,Leipzig,,DE,home_return,,long_distance_train,,597.02,False,False,True
2c753404-6318-5b69-b65a-3471bc1844c1,ce92d8e0-065e-589b-a60e-c692ef2d2ff9,2025-12-11 07:41:00+01:00,2025-12-11 07:57:00+01:00,16,home,Leipzig,,DE,office,Leipzig,,DE,commute,,regional_train,,8.63,True,False,True
49bcc13d-0d94-5f77-a184-d7703283fd79,ce92d8e0-065e-589b-a60e-c692ef2d2ff9,2025-12-11 17:42:00+01:00,2025-12-11 17:58:00+01:00,16,office,Leipzig,,DE,home,Leipzig,,DE,home_return,,regional_train,,8.63,True,False,True
af82e2e6-07fa-5b79-bad7-79829f7ff28a,ce92d8e0-065e-589b-a60e-c692ef2d2ff9,2025-12-13 12:00:00+01:00,2025-12-13 12:12:00+01:00,12,home,Leipzig,,DE,market square,Leipzig,,DE,leisure,,public_transport,,5.97,False,False,False
81eb5b57-c63c-547a-ad5b-2dd2a1b6c0b7,ce92d8e0-065e-589b-a60e-c692ef2d2ff9,2025-12-15 07:40:00+01:00,2025-12-15 07:56:00+01:00,16,home,Leipzig,,DE,office,Leipzig,,DE,commute,,regional_train,,9.07,True,False,True
87ec50e7-b870-57a8-8c07-a142e92c20b4,ce92d8e0-065e-589b-a60e-c692ef2d2ff9,2025-12-15 17:42:00+01:00,2025-12-15 17:58:00+01:00,16,office,Leipzig,,DE,home,Leipzig,,DE,home_return,,regional_train,,9.07,True,False,True
32528168-5cef-5064-bc44-8d030a51d225,ce92d8e0-065e-589b-a60e-c692ef2d2ff9,2025-12-16 07:55:00+01:00,2025-12-16 08:09:00+01:00,14,home,Leipzig,,DE,office,Leipzig,,DE,commute,,regional_train,,7.54,True,False,True
d17f6627-75fb-5bbd-a044-56e9703f1e67,ce92d8e0-065e-589b-a60e-c692ef2d2ff9,2025-12-16 17:47:00+01:00,2025-12-16 18:01:00+01:00,14,office,Leipzig,,DE,home,Leipzig,,DE,home_return,,regional_train,,7.54,True,False,True
fe419a46-4203-56ff-8090-de58951300c9,ce92d8e0-065e-589b-a60e-c692ef2d2ff9,2025-12-17 07:56:00+01:00,2025-12-17 08:10:00+01:00,14,home,Leipzig,,DE,office,Leipzig,,DE,commute,,regional_train,,7.53,True,False,True
45b1b6a4-bbd6-53c9-a004-e49a87d85a5b,ce92d8e0-065e-589b-a60e-c692ef2d2ff9,2025-12-17 17:53:00+01:00,2025-12-17 18:07:00+01:00,14,office,Leipzig,,DE,home,Leipzig,,DE,home_return,,regional_train,,7.53,True,False,True
8d855533-68cf-56ab-8905-47810c5096d0,ce92d8e0-065e-589b-a60e-c692ef2d2ff9,2025-12-18 07:47:00+01:00,2025-12-18 08:03:00+01:00,16,home,Leipzig,,DE,office,Leipzig,,DE,commute,,regional_train,,8.98,True,False,True
8eb041ad-1f32-5cdc-965a-42d42eac2441,ce92d8e0-065e-589b-a60e-c692ef2d2ff9,2025-12-18 17:51:00+01:00,2025-12-18 18:07:00+01:00,16,office,Leipzig,,DE,home,Leipzig,,DE,home_return,,regional_train,,8.98,True,False,True
429cc96b-479b-5e58-9403-b04536492e57,ce92d8e0-065e-589b-a60e-c692ef2d2ff9,2025-12-19 07:54:00+01:00,2025-12-19 08:08:00+01:00,14,home,Leipzig,,DE,office,Leipzig,,DE,commute,,regional_train,,7.54,True,False,True
9ec504a3-6b21-5537-869b-92eb6f0966f3,ce92d8e0-065e-589b-a60e-c692ef2d2ff9,2025-12-19 17:53:00+01:00,2025-12-19 18:07:00+01:00,14,office,Leipzig,,DE,home,Leipzig,,DE,home_return,,regional_train,,7.54,True,False,True
b0ed3bdb-ebca-57bf-a612-514ab06459eb,ce92d8e0-065e-589b-a60e-c692ef2d2ff9,2025-12-25 07:47:00+01:00,2025-12-25 08:02:00+01:00,15,home,Leipzig,,DE,office,Leipzig,,DE,commute,,regional_train,,8.35,True,False,True
31b76d3b-8813-5fee-aad8-fe7e69642d2e,ce92d8e0-065e-589b-a60e-c692ef2d2ff9,2025-12-25 17:38:00+01:00,2025-12-25 17:53:00+01:00,15,office,Leipzig,,DE,home,Leipzig,,DE,home_return,,regional_train,,8.35,True,False,True
724b6940-cb9e-544b-bbbb-70880091483f,ce92d8e0-065e-589b-a60e-c692ef2d2ff9,2025-12-26 06:51:00+01:00,2025-12-26 09:01:00+01:00,130,home,Leipzig,,DE,client site,Frankfurt,,DE,business,,long_distance_train,,403.32,False,False,True
26582c19-2289-5a77-9278-c0cf6f889720,ce92d8e0-065e-589b-a60e-c692ef2d2ff9,2025-12-26 17:30:00+01:00,2025-12-26 19:40:00+01:00,130,client site,Frankfurt,,DE,home,Leipzig,,DE,home_return,,long_distance_train,,403.32,False,False,True
604d169d-8524-5902-871c-b6b2fb68e6b8,ce92d8e0-065e-589b-a60e-c692ef2d2ff9,2026-01-06 07:58:00+01:00,2026-01-06 08:14:00+01:00,16,home,Leipzig,,DE,office,Leipzig,,DE,commute,,regional_train,,8.7,True,False,True
4339f5f8-3fe8-5696-b0e6-c11a3f99557f,ce92d8e0-065e-589b-a60e-c692ef2d2ff9,2026-01-06 17:48:00+01:00,2026-01-06 18:04:00+01:00,16,office,Leipzig,,DE,home,Leipzig,,DE,home_return,,regional_train,,8.7,True,False,True
da23e9f9-f451-5ffb-8f3d-85c8980699fa,ce92d8e0-065e-589b-a60e-c692ef2d2ff9,2026-01-07 07:40:00+01:00,2026-01-07 07:56:00+01:00,16,home,Leipzig,,DE,office,Leipzig,,DE,commute,,regional_train,,8.73,True,False,True
2df80578-fb89-5a63-b32c-28ce821a428c,ce92d8e0-065e-589b-a60e-c692ef2d2ff9,2026-01-07 17:43:00+01:00,2026-01-07 17:59:00+01:00,16,office,Leipzig,,DE,home,Leipzig,,DE,home_return,,regional_train,,8.73,True,False,True
e3687545-4b14-5bdf-b8ae-19d4e5870922,ce92d8e0-065e-589b-a60e-c692ef2d2ff9,2026-01-08 06:40:00+01:00,2026-01-08 07:39:00+01:00,59,home,Leipzig,,DE,client site,Berlin,,DE,business,,long_distance_train,,183.11,False,False,True
91f6617b-398c-55cf-aaa8-466539cd1511,ce92d8e0-065e-589b-a60e-c692ef2d2ff9,2026-01-08 17:15:00+01:00,2026-01-08 18:14:00+01:00,59,client site,Berlin,,DE,home,Leipzig,,DE,home_return,,long_distance_train,,183.11,False,False,True
85f9ccec-8069-5fb9-b533-cfbd45751e75,ce92d8e0-065e-589b-a60e-c692ef2d2ff9,2026-01-09 07:41:00+01:00,2026-01-09 07:57:00+01:00,16,home,Leipzig,,DE,office,Leipzig,,DE,commute,,regional_train,,8.66,True,False,True
fa8c07bf-15e1-5d1d-b9d3-0bac06e8091e,ce92d8e0-065e-589b-a60e-c692ef2d2ff9,2026-01-09 17:51:00+01:00,2026-01-09 18:07:00+01:00,16,office,Leipzig,,DE,home,Leipzig,,DE,home_return,,regional_train,,8.66,True,False,True
ed6794ff-7b0e-5472-a9c2-44c93474dd71,ce92d8e0-065e-589b-a60e-c692ef2d2ff9,2026-01-10 16:00:00+01:00,2026-01-10 16:11:00+01:00,11,home,Leipzig,,DE,market square,Leipzig,,DE,social,,public_transport,,5.27,False,False,False
d766ddd6-e80e-5ab5-b506-4fdb54900f4d,ce92d8e0-065e-589b-a60e-c692ef2d2ff9,2026-01-11 15:00:00+01:00,2026-01-11 15:10:00+01:00,10,home,Leipzig,,DE,market square,Leipzig,,DE,shopping,,public_transport,,4.83,False,False,False
2d6d724e-ab7f-53fb-ab46-20187b39aa02,ce92d8e0-065e-589b-a60e-c692ef2d2ff9,2026-01-12 07:44:00+01:00,2026-01-12 07:58:00+01:00,14,home,Leipzig,,DE,office,Leipzig,,DE,commute,,regional_train,,7.86,True,False,True
8d384e2e-e4a1-5a2e-b6a6-06c64b9af526,ce92d8e0-065e-589b-a60e-c692ef2d2ff9,2026-01-12 17:48:00+01:00,2026-01-12 18:02:00+01:00,14,office,Leipzig,,DE,home,Leipzig,,DE,home_return,,regional_train,,7.86,True,False,True
c136b576-6078-57a8-a61f-0824c62efbca,ce92d8e0-065e-589b-a60e-c692ef2d2ff9,2026-01-13 07:50:00+01:00,2026-01-13 08:06:00+01:00,16,home,Leipzig,,DE,office,Leipzig,,DE,commute,,regional_train,,8.76,True,False,True
33edbb8d-6788-58d4-9a19-0aad83605789,ce92d8e0-065e-589b-a60e-c692ef2d2ff9,2026-01-13 17:51:00+01:00,2026-01-13 18:07:00+01:00,16,office,Leipzig,,DE,home,Leipzig,,DE,home_return,,regional_train,,8.76,True,False,True
f2b179d2-7998-51bb-a920-0629d06963cc,ce92d8e0-065e-589b-a60e-c692ef2d2ff9,2026-01-13 06:44:00+01:00,2026-01-13 07:48:00+01:00,64,home,Leipzig,,DE,client site,Berlin,,DE,business,,long_distance_train,,199.25,False,False,True
636c65ba-a6a4-5c93-a6b4-a0fb10fde24c,ce92d8e0-065e-589b-a60e-c692ef2d2ff9,2026-01-13 17:40:00+01:00,2026-01-13 18:44:00+01:00,64,client site,Berlin,,DE,home,Leipzig,,DE,home_return,,long_distance_train,,199.25,False,False,True
ee602848-febf-5f15-bbc0-48332adeac05,ce92d8e0-065e-589b-a60e-c692ef2d2ff9,2026-01-14 07:52:00+01:00,2026-01-14 08:07:00+01:00,15,home,Leipzig,,DE,office,Leipzig,,DE,commute,,regional_train,,8.06,True,False,True
0be08274-f393-5d84-b69d-00e72789db60,ce92d8e0-065e-589b-a60e-c692ef2d2ff9,2026-01-14 17:35:00+01:00,2026-01-14 17:50:00+01:00,15,office,Leipzig,,DE,home,Leipzig,,DE,home_return,,regional_train,,8.06,True,False,True
25f334c3-ce8b-5606-907b-6b2fdb7b1cad,ce92d8e0-065e-589b-a60e-c692ef2d2ff9,2026-01-14 06:38:00+01:00,2026-01-14 07:37:00+01:00,59,home,Leipzig,,DE,client site,Berlin,,DE,business,,long_distance_train,,183.09,False,False,True
bab83a3d-5094-56ef-a028-cc225e329a8f,ce92d8e0-065e-589b-a60e-c692ef2d2ff9,2026-01-14 17:26:00+01:00,2026-01-14 18:25:00+01:00,59,client site,Berlin,,DE,home,Leipzig,,DE,home_return,,long_distance_train,,183.09,False,False,True
68929bc9-c6f9-53b4-b5b8-5182e58b2635,ce92d8e0-065e-589b-a60e-c692ef2d2ff9,2026-01-16 07:44:00+01:00,2026-01-16 07:59:00+01:00,15,home,Leipzig,,DE,office,Leipzig,,DE,commute,,regional_train,,8.06,True,False,True
5c32b618-539e-5d08-8ca4-e8bae6842836,ce92d8e0-065e-589b-a60e-c692ef2d2ff9,2026-01-16 17:33:00+01:00,2026-01-16 17:48:00+01:00,15,office,Leipzig,,DE,home,Leipzig,,DE,home_return,,regional_train,,8.06,True,False,True
84011e68-b350-5097-831e-b416973be227,ce92d8e0-065e-589b-a60e-c692ef2d2ff9,2026-01-19 07:44:00+01:00,2026-01-19 08:01:00+01:00,17,home,Leipzig,,DE,office,Leipzig,,DE,commute,,regional_train,,9.34,True,False,True
de77615b-df9e-5d4f-8659-a5e2047c7bbe,ce92d8e0-065e-589b-a60e-c692ef2d2ff9,2026-01-19 17:46:00+01:00,2026-01-19 18:03:00+01:00,17,office,Leipzig,,DE,home,Leipzig,,DE,home_return,,regional_train,,9.34,True,False,True
bf2606ce-5fe4-56f4-acdb-ac1cf5e3bf2b,ce92d8e0-065e-589b-a60e-c692ef2d2ff9,2026-01-20 07:51:00+01:00,2026-01-20 08:06:00+01:00,15,home,Leipzig,,DE,office,Leipzig,,DE,commute,,regional_train,,8.12,True,False,True
5b949a5a-0561-5d23-879e-bf489454d7a8,ce92d8e0-065e-589b-a60e-c692ef2d2ff9,2026-01-20 17:34:00+01:00,2026-01-20 17:49:00+01:00,15,office,Leipzig,,DE,home,Leipzig,,DE,home_return,,regional_train,,8.12,True,False,True
c81c78f3-9841-5b2e-895c-758b29fc1240,ce92d8e0-065e-589b-a60e-c692ef2d2ff9,2026-01-21 07:47:00+01:00,2026-01-21 08:01:00+01:00,14,home,Leipzig,,DE,office,Leipzig,,DE,commute,,regional_train,,7.56,True,False,True
9134d6aa-596a-581f-a249-dd54e7c5a544,ce92d8e0-065e-589b-a60e-c692ef2d2ff9,2026-01-21 17:39:00+01:00,2026-01-21 17:53:00+01:00,14,office,Leipzig,,DE,home,Leipzig,,DE,home_return,,regional_train,,7.56,True,False,True
d06746ea-5c99-5405-b9fe-ffb512310108,ce92d8e0-065e-589b-a60e-c692ef2d2ff9,2026-01-22 07:40:00+01:00,2026-01-22 07:55:00+01:00,15,home,Leipzig,,DE,office,Leipzig,,DE,commute,,regional_train,,8.5,True,False,True
b6c4d7e4-40f9-548d-b966-6b7edaaac300,ce92d8e0-065e-589b-a60e-c692ef2d2ff9,2026-01-22 17:49:00+01:00,2026-01-22 18:04:00+01:00,15,office,Leipzig,,DE,home,Leipzig,,DE,home_return,,regional_train,,8.5,True,False,True
0c149fce-a3f5-5d65-b773-2f7ae73a87fb,ce92d8e0-065e-589b-a60e-c692ef2d2ff9,2026-01-22 06:49:00+01:00,2026-01-22 08:55:00+01:00,126,home,Leipzig,,DE,client site,Munich,,DE,business,,long_distance_train,,390.06,False,False,True
115a236d-17bd-5ab5-909d-f1cd3b29e291,ce92d8e0-065e-589b-a60e-c692ef2d2ff9,2026-01-22 17:12:00+01:00,2026-01-22 19:18:00+01:00,126,client site,Munich,,DE,home,Leipzig,,DE,home_return,,long_distance_train,,390.06,False,False,True
80611998-193f-5f4d-ae9b-3d6b842aa19a,ce92d8e0-065e-589b-a60e-c692ef2d2ff9,2026-01-23 07:49:00+01:00,2026-01-23 08:05:00+01:00,16,home,Leipzig,,DE,office,Leipzig,,DE,commute,,regional_train,,8.92,True,False,True
4b58b056-02f4-50ee-aaba-0410c1212f77,ce92d8e0-065e-589b-a60e-c692ef2d2ff9,2026-01-23 17:33:00+01:00,2026-01-23 17:49:00+01:00,16,office,Leipzig,,DE,home,Leipzig,,DE,home_return,,regional_train,,8.92,True,False,True
625221c8-b7eb-56c3-93a3-17bb04637464,ce92d8e0-065e-589b-a60e-c692ef2d2ff9,2026-01-24 15:00:00+01:00,2026-01-24 15:12:00+01:00,12,home,Leipzig,,DE,market square,Leipzig,,DE,leisure,,public_transport,,5.77,False,False,False
9a66dbf3-1b0d-5aba-b0ad-45235ae73b00,ce92d8e0-065e-589b-a60e-c692ef2d2ff9,2026-01-26 07:40:00+01:00,2026-01-26 07:56:00+01:00,16,home,Leipzig,,DE,office,Leipzig,,DE,commute,,regional_train,,8.97,True,False,True
c241de80-9be1-5e98-a8d1-f751ac2a16db,ce92d8e0-065e-589b-a60e-c692ef2d2ff9,2026-01-26 17:36:00+01:00,2026-01-26 17:52:00+01:00,16,office,Leipzig,,DE,home,Leipzig,,DE,home_return,,regional_train,,8.97,True,False,True
ff88e6cd-c89f-5624-b5db-1fd749d37576,ce92d8e0-065e-589b-a60e-c692ef2d2ff9,2026-01-27 07:53:00+01:00,2026-01-27 08:09:00+01:00,16,home,Leipzig,,DE,office,Leipzig,,DE,commute,,regional_train,,8.68,True,False,True
2469d2de-0d69-5e3d-bd87-6bda9dd9d978,ce92d8e0-065e-589b-a60e-c692ef2d2ff9,2026-01-27 17:52:00+01:00,2026-01-27 18:08:00+01:00,16,office,Leipzig,,DE,home,Leipzig,,DE,home_return,,regional_train,,8.68,True,False,True
2c70678b-0c0e-5ced-a756-25b9109308d3,ce92d8e0-065e-589b-a60e-c692ef2d2ff9,2026-01-28 07:45:00+01:00,2026-01-28 08:02:00+01:00,17,home,Leipzig,,DE,office,Leipzig,,DE,commute,,regional_train,,9.3,True,False,True
3571adca-a5ff-5713-a2dc-b38499c8b82c,ce92d8e0-065e-589b-a60e-c692ef2d2ff9,2026-01-28 17:44:00+01:00,2026-01-28 18:01:00+01:00,17,office,Leipzig,,DE,home,Leipzig,,DE,home_return,,regional_train,,9.3,True,False,True
b8d5634f-367b-5d8b-a094-542f280c3770,ce92d8e0-065e-589b-a60e-c692ef2d2ff9,2026-01-29 07:42:00+01:00,2026-01-29 07:57:00+01:00,15,home,Leipzig,,DE,office,Leipzig,,DE,commute,,regional_train,,8.35,True,False,True
a577904b-c382-5aee-a1a2-71f456e79bc0,ce92d8e0-065e-589b-a60e-c692ef2d2ff9,2026-01-29 17:32:00+01:00,2026-01-29 17:47:00+01:00,15,office,Leipzig,,DE,home,Leipzig,,DE,home_return,,regional_train,,8.35,True,False,True
72d11052-f78e-59e7-90c8-c29dcfa425fe,ce92d8e0-065e-589b-a60e-c692ef2d2ff9,2026-01-30 07:49:00+01:00,2026-01-30 08:06:00+01:00,17,home,Leipzig,,DE,office,Leipzig,,DE,commute,,regional_train,,9.35,True,False,True
b42616ec-1c74-5dda-a1a8-54b0c3eb50ef,ce92d8e0-065e-589b-a60e-c692ef2d2ff9,2026-01-30 17:44:00+01:00,2026-01-30 18:01:00+01:00,17,office,Leipzig,,DE,home,Leipzig,,DE,home_return,,regional_train,,9.35,True,False,True
59de5031-52c2-54d8-9ceb-7bc18d98d2b0,ce92d8e0-065e-589b-a60e-c692ef2d2ff9,2026-02-01 11:00:00+01:00,2026-02-01 11:08:00+01:00,8,home,Leipzig,,DE,city center,Leipzig,,DE,social,,public_transport,,4.19,False,False,False
b2a5ba8b-b01c-55c6-a5e1-8bd1dcc6e674,ce92d8e0-065e-589b-a60e-c692ef2d2ff9,2026-02-02 07:40:00+01:00,2026-02-02 07:56:00+01:00,16,home,Leipzig,,DE,office,Leipzig,,DE,commute,,regional_train,,8.66,True,False,True
56a1b6e4-b061-5070-be4e-a48f676e7955,ce92d8e0-065e-589b-a60e-c692ef2d2ff9,2026-02-02 17:43:00+01:00,2026-02-02 17:59:00+01:00,16,office,Leipzig,,DE,home,Leipzig,,DE,home_return,,regional_train,,8.66,True,False,True
48417884-37dc-514f-a2a0-cd3be7da557a,ce92d8e0-065e-589b-a60e-c692ef2d2ff9,2026-02-03 07:56:00+01:00,2026-02-03 08:12:00+01:00,16,home,Leipzig,,DE,office,Leipzig,,DE,commute,,regional_train,,8.96,True,False,True
f3bf1e40-aaca-5818-bd5f-76c0bb35df90,ce92d8e0-065e-589b-a60e-c692ef2d2ff9,2026-02-03 17:32:00+01:00,2026-02-03 17:48:00+01:00,16,office,Leipzig,,DE,home,Leipzig,,DE,home_return,,regional_train,,8.96,True,False,True
4d56e0dd-5ff5-580d-a21e-ecff9b09fb7e,ce92d8e0-065e-589b-a60e-c692ef2d2ff9,2026-02-05 07:41:00+01:00,2026-02-05 07:56:00+01:00,15,home,Leipzig,,DE,office,Leipzig,,DE,commute,,regional_train,,8.03,True,False,True
aab0bb72-4974-54ee-b2c8-4b698c2ff170,ce92d8e0-065e-589b-a60e-c692ef2d2ff9,2026-02-05 17:48:00+01:00,2026-02-05 18:03:00+01:00,15,office,Leipzig,,DE,home,Leipzig,,DE,home_return,,regional_train,,8.03,True,False,True
6e345403-b187-5813-87b5-324799603619,ce92d8e0-065e-589b-a60e-c692ef2d2ff9,2026-02-06 07:41:00+01:00,2026-02-06 07:56:00+01:00,15,home,Leipzig,,DE,office,Leipzig,,DE,commute,,regional_train,,8.16,True,False,True
ef44cd2f-f0f5-50ab-bfe6-fbc8a6a47f07,ce92d8e0-065e-589b-a60e-c692ef2d2ff9,2026-02-06 17:31:00+01:00,2026-02-06 17:46:00+01:00,15,office,Leipzig,,DE,home,Leipzig,,DE,home_return,,regional_train,,8.16,True,False,True
e7f7dc36-1fc2-5a45-a9ac-8b2ed9bf072e,ce92d8e0-065e-589b-a60e-c692ef2d2ff9,2026-02-09 07:43:00+01:00,2026-02-09 07:58:00+01:00,15,home,Leipzig,,DE,office,Leipzig,,DE,commute,,regional_train,,8.33,True,False,True
89d0b670-4a9f-57ec-9c4f-174dd37ccc0b,ce92d8e0-065e-589b-a60e-c692ef2d2ff9,2026-02-09 17:55:00+01:00,2026-02-09 18:10:00+01:00,15,office,Leipzig,,DE,home,Leipzig,,DE,home_return,,regional_train,,8.33,True,False,True
a581d823-c26d-5b06-9d05-c2009722324d,ce92d8e0-065e-589b-a60e-c692ef2d2ff9,2026-02-10 07:41:00+01:00,2026-02-10 07:55:00+01:00,14,home,Leipzig,,DE,office,Leipzig,,DE,commute,,regional_train,,7.89,True,False,True
63e3030f-de90-5878-abf5-27ada6b4504a,ce92d8e0-065e-589b-a60e-c692ef2d2ff9,2026-02-10 17:39:00+01:00,2026-02-10 17:53:00+01:00,14,office,Leipzig,,DE,home,Leipzig,,DE,home_return,,regional_train,,7.89,True,False,True
477281dd-2388-5a14-9d1a-447baa384c9e,ce92d8e0-065e-589b-a60e-c692ef2d2ff9,2026-02-11 07:52:00+01:00,2026-02-11 08:06:00+01:00,14,home,Leipzig,,DE,office,Leipzig,,DE,commute,,regional_train,,7.52,True,False,True
f28bc201-b347-551d-aa0f-cc5dcbb4c15b,ce92d8e0-065e-589b-a60e-c692ef2d2ff9,2026-02-11 17:55:00+01:00,2026-02-11 18:09:00+01:00,14,office,Leipzig,,DE,home,Leipzig,,DE,home_return,,regional_train,,7.52,True,False,True
722658dd-dee4-58d9-9306-f42b9ced0a3a,ce92d8e0-065e-589b-a60e-c692ef2d2ff9,2026-02-11 06:37:00+01:00,2026-02-11 08:40:00+01:00,123,home,Leipzig,,DE,client site,Frankfurt,,DE,business,,long_distance_train,,382.84,False,False,True
44ba317e-526e-54b0-98cf-65aa17694d80,ce92d8e0-065e-589b-a60e-c692ef2d2ff9,2026-02-11 17:01:00+01:00,2026-02-11 19:04:00+01:00,123,client site,Frankfurt,,DE,home,Leipzig,,DE,home_return,,long_distance_train,,382.84,False,False,True
3757c53d-7679-52c5-8c5d-34bf09fb9aab,ce92d8e0-065e-589b-a60e-c692ef2d2ff9,2026-02-12 07:52:00+01:00,2026-02-12 08:08:00+01:00,16,home,Leipzig,,DE,office,Leipzig,,DE,commute,,regional_train,,8.91,True,False,True
4b3ea258-4c1f-5f9f-9df5-a3fc53301605,ce92d8e0-065e-589b-a60e-c692ef2d2ff9,2026-02-12 17:37:00+01:00,2026-02-12 17:53:00+01:00,16,office,Leipzig,,DE,home,Leipzig,,DE,home_return,,regional_train,,8.91,True,False,True
edfdc581-253d-5b17-b8a4-b381adf5ffcd,ce92d8e0-065e-589b-a60e-c692ef2d2ff9,2026-02-13 07:56:00+01:00,2026-02-13 08:12:00+01:00,16,home,Leipzig,,DE,office,Leipzig,,DE,commute,,regional_train,,8.75,True,False,True
b54eb115-1ac4-5341-9beb-a3bdeb4ede5c,ce92d8e0-065e-589b-a60e-c692ef2d2ff9,2026-02-13 17:50:00+01:00,2026-02-13 18:06:00+01:00,16,office,Leipzig,,DE,home,Leipzig,,DE,home_return,,regional_train,,8.75,True,False,True
0655b966-b9cf-5bfb-8cce-b68a08813b49,ce92d8e0-065e-589b-a60e-c692ef2d2ff9,2026-02-13 06:36:00+01:00,2026-02-13 08:49:00+01:00,133,home,Leipzig,,DE,client site,Munich,,DE,business,,long_distance_train,,412.1,False,False,True
0d859261-42a8-56a2-a189-7f26dcca0512,ce92d8e0-065e-589b-a60e-c692ef2d2ff9,2026-02-13 17:38:00+01:00,2026-02-13 19:51:00+01:00,133,client site,Munich,,DE,home,Leipzig,,DE,home_return,,long_distance_train,,412.1,False,False,True
6e353294-4c91-5bf4-9a99-fd884d95ed47,ce92d8e0-065e-589b-a60e-c692ef2d2ff9,2026-02-14 10:00:00+01:00,2026-02-14 10:11:00+01:00,11,home,Leipzig,,DE,market square,Leipzig,,DE,leisure,,public_transport,,5.62,False,False,False
e48be347-c81e-59fb-a7a1-261514d101a2,ce92d8e0-065e-589b-a60e-c692ef2d2ff9,2026-02-16 07:52:00+01:00,2026-02-16 08:07:00+01:00,15,home,Leipzig,,DE,office,Leipzig,,DE,commute,,regional_train,,8.25,True,False,True
2278903c-9827-540c-8442-a7dd6f7fb70a,ce92d8e0-065e-589b-a60e-c692ef2d2ff9,2026-02-16 17:38:00+01:00,2026-02-16 17:53:00+01:00,15,office,Leipzig,,DE,home,Leipzig,,DE,home_return,,regional_train,,8.25,True,False,True
80a46beb-4bb4-52d0-a147-17e621116687,ce92d8e0-065e-589b-a60e-c692ef2d2ff9,2026-02-17 07:43:00+01:00,2026-02-17 08:00:00+01:00,17,home,Leipzig,,DE,office,Leipzig,,DE,commute,,regional_train,,9.44,True,False,True
0d7fef98-35bc-5cec-9bb2-07013a7e9651,ce92d8e0-065e-589b-a60e-c692ef2d2ff9,2026-02-17 17:33:00+01:00,2026-02-17 17:50:00+01:00,17,office,Leipzig,,DE,home,Leipzig,,DE,home_return,,regional_train,,9.44,True,False,True
23ac8ca9-1877-5b38-9383-785a5b1f09fb,ce92d8e0-065e-589b-a60e-c692ef2d2ff9,2026-02-18 07:44:00+01:00,2026-02-18 07:59:00+01:00,15,home,Leipzig,,DE,office,Leipzig,,DE,commute,,regional_train,,8.11,True,False,True
9a43c657-ad97-5140-aed8-533bebc75325,ce92d8e0-065e-589b-a60e-c692ef2d2ff9,2026-02-18 17:35:00+01:00,2026-02-18 17:50:00+01:00,15,office,Leipzig,,DE,home,Leipzig,,DE,home_return,,regional_train,,8.11,True,False,True
5232bfbb-b3d7-5889-b353-cb093bd613d2,ce92d8e0-065e-589b-a60e-c692ef2d2ff9,2026-02-19 07:47:00+01:00,2026-02-19 08:04:00+01:00,17,home,Leipzig,,DE,office,Leipzig,,DE,commute,,regional_train,,9.19,True,False,True
14b19232-3a80-573f-af27-d2c6b7e420a3,ce92d8e0-065e-589b-a60e-c692ef2d2ff9,2026-02-19 17:39:00+01:00,2026-02-19 17:56:00+01:00,17,office,Leipzig,,DE,home,Leipzig,,DE,home_return,,regional_train,,9.19,True,False,True
b602375e-8a79-5f4d-aff5-fbe8f5b53d8b,ce92d8e0-065e-589b-a60e-c692ef2d2ff9,2026-02-20 07:45:00+01:00,2026-02-20 08:01:00+01:00,16,home,Leipzig,,DE,office,Leipzig,,DE,commute,,regional_train,,8.77,True,False,True
31eb3fbf-bf88-5dc3-9d1d-4e48a7f282ff,ce92d8e0-065e-589b-a60e-c692ef2d2ff9,2026-02-20 17:42:00+01:00,2026-02-20 17:58:00+01:00,16,office,Leipzig,,DE,home,Leipzig,,DE,home_return,,regional_train,,8.77,True,False,True
72c99e38-0530-559f-92bb-ae2edbacf554,ce92d8e0-065e-589b-a60e-c692ef2d2ff9,2026-02-22 15:00:00+01:00,2026-02-22 15:10:00+01:00,10,home,Leipzig,,DE,city center,Leipzig,,DE,shopping,,public_transport,,4.84,False,False,False
a4ea2059-cbdf-59ad-9df1-5fadbca83576,ce92d8e0-065e-589b-a60e-c692ef2d2ff9,2026-02-23 07:51:00+01:00,2026-02-23 08:06:00+01:00,15,home,Leipzig,,DE,office,Leipzig,,DE,commute,,regional_train,,8.11,True,False,True
a611dfea-b3f2-5528-8fd0-b8e0e6902693,ce92d8e0-065e-589b-a60e-c692ef2d2ff9,2026-02-23 17:43:00+01:00,2026-02-23 17:58:00+01:00,15,office,Leipzig,,DE,home,Leipzig,,DE,home_return,,regional_train,,8.11,True,False,True
4525b74a-2b12-52a6-9b9b-ad42e8193c7c,ce92d8e0-065e-589b-a60e-c692ef2d2ff9,2026-02-23 06:46:00+01:00,2026-02-23 08:54:00+01:00,128,home,Leipzig,,DE,client site,Frankfurt,,DE,business,,long_distance_train,,395.9,False,False,True
718e7aa3-5793-5bc8-98f0-2f7baae766bd,ce92d8e0-065e-589b-a60e-c692ef2d2ff9,2026-02-23 17:16:00+01:00,2026-02-23 19:24:00+01:00,128,client site,Frankfurt,,DE,home,Leipzig,,DE,home_return,,long_distance_train,,395.9,False,False,True
f81343bb-d687-54da-80c4-5e192bcaefac,ce92d8e0-065e-589b-a60e-c692ef2d2ff9,2026-02-25 07:55:00+01:00,2026-02-25 08:12:00+01:00,17,home,Leipzig,,DE,office,Leipzig,,DE,commute,,regional_train,,9.17,True,False,True
3494da52-003a-5c81-a508-82c96c17a4b2,ce92d8e0-065e-589b-a60e-c692ef2d2ff9,2026-02-25 17:37:00+01:00,2026-02-25 17:54:00+01:00,17,office,Leipzig,,DE,home,Leipzig,,DE,home_return,,regional_train,,9.17,True,False,True
21437ab4-5ac0-532d-9aae-ba6054ad6416,ce92d8e0-065e-589b-a60e-c692ef2d2ff9,2026-02-25 06:50:00+01:00,2026-02-25 09:02:00+01:00,132,home,Leipzig,,DE,client site,Munich,,DE,business,,long_distance_train,,409.17,False,False,True
b3b10489-bbfd-5829-ac4b-47853c15b236,ce92d8e0-065e-589b-a60e-c692ef2d2ff9,2026-02-25 17:38:00+01:00,2026-02-25 19:50:00+01:00,132,client site,Munich,,DE,home,Leipzig,,DE,home_return,,long_distance_train,,409.17,False,False,True
5b4d7e5a-6402-5f4d-91ba-bee2805c46fc,ce92d8e0-065e-589b-a60e-c692ef2d2ff9,2026-02-26 07:42:00+01:00,2026-02-26 07:56:00+01:00,14,home,Leipzig,,DE,office,Leipzig,,DE,commute,,regional_train,,7.62,True,False,True
673f3648-8aa0-5be2-b8c8-f25a51779deb,ce92d8e0-065e-589b-a60e-c692ef2d2ff9,2026-02-26 17:53:00+01:00,2026-02-26 18:07:00+01:00,14,office,Leipzig,,DE,home,Leipzig,,DE,home_return,,regional_train,,7.62,True,False,True
36177621-91d5-5cba-8e8d-074ae2cea4e0,ce92d8e0-065e-589b-a60e-c692ef2d2ff9,2026-02-26 06:54:00+01:00,2026-02-26 10:04:00+01:00,190,home,Leipzig,,DE,client site,Cologne,,DE,business,,long_distance_train,,589.41,False,False,True
ea99051f-7990-5aaf-91c6-e5b0a43dfde4,ce92d8e0-065e-589b-a60e-c692ef2d2ff9,2026-02-26 17:23:00+01:00,2026-02-26 20:33:00+01:00,190,client site,Cologne,,DE,home,Leipzig,,DE,home_return,,long_distance_train,,589.41,False,False,True
5b643864-f965-50d6-adc5-14f09b68b5b4,ce92d8e0-065e-589b-a60e-c692ef2d2ff9,2026-02-27 07:56:00+01:00,2026-02-27 08:13:00+01:00,17,home,Leipzig,,DE,office,Leipzig,,DE,commute,,regional_train,,9.34,True,False,True
f3ea2efe-7140-5b8a-86d0-22faa5484e09,ce92d8e0-065e-589b-a60e-c692ef2d2ff9,2026-02-27 17:54:00+01:00,2026-02-27 18:11:00+01:00,17,office,Leipzig,,DE,home,Leipzig,,DE,home_return,,regional_train,,9.34,True,False,True
fa8b17d2-fa24-5a34-8b1d-5bc72a387363,ce92d8e0-065e-589b-a60e-c692ef2d2ff9,2026-03-01 10:00:00+02:00,2026-03-01 10:12:00+02:00,12,home,Leipzig,,DE,market square,Leipzig,,DE,shopping,,public_transport,,5.99,False,False,False
97c2e4fd-c21e-5a2a-b766-d66fc1533ea4,ce92d8e0-065e-589b-a60e-c692ef2d2ff9,2026-03-02 07:49:00+02:00,2026-03-02 08:04:00+02:00,15,home,Leipzig,,DE,office,Leipzig,,DE,commute,,regional_train,,8.14,True,False,True
edafa212-dc7e-5efa-b505-04aa81e06b4f,ce92d8e0-065e-589b-a60e-c692ef2d2ff9,2026-03-02 17:31:00+02:00,2026-03-02 17:46:00+02:00,15,office,Leipzig,,DE,home,Leipzig,,DE,home_return,,regional_train,,8.14,True,False,True
9c92c989-859e-5996-a3ad-aa0d2c49a267,ce92d8e0-065e-589b-a60e-c692ef2d2ff9,2026-03-02 06:34:00+02:00,2026-03-02 08:48:00+02:00,134,home,Leipzig,,DE,client site,Frankfurt,,DE,business,,long_distance_train,,415.83,False,False,True
eed431a3-8460-52d6-8a4f-6eaf63920b32,ce92d8e0-065e-589b-a60e-c692ef2d2ff9,2026-03-02 17:05:00+02:00,2026-03-02 19:19:00+02:00,134,client site,Frankfurt,,DE,home,Leipzig,,DE,home_return,,long_distance_train,,415.83,False,False,True
9537115e-cd30-544e-afce-1cdb85a6e00b,ce92d8e0-065e-589b-a60e-c692ef2d2ff9,2026-03-03 07:56:00+02:00,2026-03-03 08:13:00+02:00,17,home,Leipzig,,DE,office,Leipzig,,DE,commute,,regional_train,,9.48,True,False,True
e611045b-fc30-50a2-9752-87b031cd6c85,ce92d8e0-065e-589b-a60e-c692ef2d2ff9,2026-03-03 17:37:00+02:00,2026-03-03 17:54:00+02:00,17,office,Leipzig,,DE,home,Leipzig,,DE,home_return,,regional_train,,9.48,True,False,True
1e3faa2a-8096-5876-b8de-7977711ba355,ce92d8e0-065e-589b-a60e-c692ef2d2ff9,2026-03-04 07:45:00+02:00,2026-03-04 08:00:00+02:00,15,home,Leipzig,,DE,office,Leipzig,,DE,commute,,regional_train,,8.39,True,False,True
fcede017-e814-5e10-85cb-1580b1aa88d9,ce92d8e0-065e-589b-a60e-c692ef2d2ff9,2026-03-04 17:45:00+02:00,2026-03-04 18:00:00+02:00,15,office,Leipzig,,DE,home,Leipzig,,DE,home_return,,regional_train,,8.39,True,False,True
3231dc64-c2a2-5cfe-8bbb-a582e0b708a6,ce92d8e0-065e-589b-a60e-c692ef2d2ff9,2026-03-05 07:42:00+02:00,2026-03-05 07:58:00+02:00,16,home,Leipzig,,DE,office,Leipzig,,DE,commute,,regional_train,,8.92,True,False,True
4a647ac9-85cc-55ed-a0a1-49442759bfeb,ce92d8e0-065e-589b-a60e-c692ef2d2ff9,2026-03-05 17:31:00+02:00,2026-03-05 17:47:00+02:00,16,office,Leipzig,,DE,home,Leipzig,,DE,home_return,,regional_train,,8.92,True,False,True
ed95530d-8122-5f2f-ad48-f3dc9eae174b,ce92d8e0-065e-589b-a60e-c692ef2d2ff9,2026-03-05 06:54:00+02:00,2026-03-05 09:09:00+02:00,135,home,Leipzig,,DE,client site,Munich,,DE,business,,long_distance_train,,418.22,False,False,True
79d60ebb-4c7c-58d8-84da-319de00a52e8,ce92d8e0-065e-589b-a60e-c692ef2d2ff9,2026-03-05 17:17:00+02:00,2026-03-05 19:32:00+02:00,135,client site,Munich,,DE,home,Leipzig,,DE,home_return,,long_distance_train,,418.22,False,False,True
73baf1e3-70ce-5b89-9506-db1cea8a8813,ce92d8e0-065e-589b-a60e-c692ef2d2ff9,2026-03-06 07:52:00+02:00,2026-03-06 08:08:00+02:00,16,home,Leipzig,,DE,office,Leipzig,,DE,commute,,regional_train,,8.6,True,False,True
64f87635-1bd3-5adc-a748-8bbab2e20cad,ce92d8e0-065e-589b-a60e-c692ef2d2ff9,2026-03-06 17:42:00+02:00,2026-03-06 17:58:00+02:00,16,office,Leipzig,,DE,home,Leipzig,,DE,home_return,,regional_train,,8.6,True,False,True
9fa9a7cb-7d82-5cce-8276-6ed305b34348,ce92d8e0-065e-589b-a60e-c692ef2d2ff9,2026-03-07 16:00:00+02:00,2026-03-07 16:13:00+02:00,13,home,Leipzig,,DE,city center,Leipzig,,DE,shopping,,public_transport,,6.3,False,False,False
1b04c4e4-239a-5d29-9f28-b64b189c4e55,ce92d8e0-065e-589b-a60e-c692ef2d2ff9,2026-03-09 07:43:00+02:00,2026-03-09 07:58:00+02:00,15,home,Leipzig,,DE,office,Leipzig,,DE,commute,,regional_train,,8.46,True,False,True
3ade3bfc-4e06-5360-a5c8-0bea3d49025f,ce92d8e0-065e-589b-a60e-c692ef2d2ff9,2026-03-09 17:39:00+02:00,2026-03-09 17:54:00+02:00,15,office,Leipzig,,DE,home,Leipzig,,DE,home_return,,regional_train,,8.46,True,False,True
c66c8afb-fbae-56ca-9864-a0b5ab17391d,ce92d8e0-065e-589b-a60e-c692ef2d2ff9,2026-03-10 07:51:00+02:00,2026-03-10 08:08:00+02:00,17,home,Leipzig,,DE,office,Leipzig,,DE,commute,,regional_train,,9.31,True,False,True
de38901e-3f8d-5771-870c-f82adacb889e,ce92d8e0-065e-589b-a60e-c692ef2d2ff9,2026-03-10 17:50:00+02:00,2026-03-10 18:07:00+02:00,17,office,Leipzig,,DE,home,Leipzig,,DE,home_return,,regional_train,,9.31,True,False,True
b63c1500-c954-578c-9572-0d8eca5a87c0,ce92d8e0-065e-589b-a60e-c692ef2d2ff9,2026-03-11 07:48:00+02:00,2026-03-11 08:05:00+02:00,17,home,Leipzig,,DE,office,Leipzig,,DE,commute,,regional_train,,9.08,True,False,True
37e2f074-b740-58d2-97b6-8327e8207bb3,ce92d8e0-065e-589b-a60e-c692ef2d2ff9,2026-03-11 17:47:00+02:00,2026-03-11 18:04:00+02:00,17,office,Leipzig,,DE,home,Leipzig,,DE,home_return,,regional_train,,9.08,True,False,True
b97f16d7-b1d3-59e8-84ec-90bec949f969,ce92d8e0-065e-589b-a60e-c692ef2d2ff9,2026-03-12 07:56:00+02:00,2026-03-12 08:12:00+02:00,16,home,Leipzig,,DE,office,Leipzig,,DE,commute,,regional_train,,9.06,True,False,True
f772b2b0-3bfe-5182-a7a0-d62cee25e9db,ce92d8e0-065e-589b-a60e-c692ef2d2ff9,2026-03-12 17:33:00+02:00,2026-03-12 17:49:00+02:00,16,office,Leipzig,,DE,home,Leipzig,,DE,home_return,,regional_train,,9.06,True,False,True
398b9c3a-a03a-58b6-8622-5ee0b8b73d1e,ce92d8e0-065e-589b-a60e-c692ef2d2ff9,2026-03-12 06:43:00+02:00,2026-03-12 08:57:00+02:00,134,home,Leipzig,,DE,client site,Munich,,DE,business,,long_distance_train,,416.61,False,False,True
4587f6cd-7a6c-5634-90ff-4a3bf259bdf3,ce92d8e0-065e-589b-a60e-c692ef2d2ff9,2026-03-12 17:27:00+02:00,2026-03-12 19:41:00+02:00,134,client site,Munich,,DE,home,Leipzig,,DE,home_return,,long_distance_train,,416.61,False,False,True
0357ab4d-4912-5441-b647-841ba40d49d3,ce92d8e0-065e-589b-a60e-c692ef2d2ff9,2026-03-13 07:56:00+02:00,2026-03-13 08:11:00+02:00,15,home,Leipzig,,DE,office,Leipzig,,DE,commute,,regional_train,,8.25,True,False,True
925cbd05-a953-5ffe-8b4c-3ff9e9cfecfa,ce92d8e0-065e-589b-a60e-c692ef2d2ff9,2026-03-13 17:35:00+02:00,2026-03-13 17:50:00+02:00,15,office,Leipzig,,DE,home,Leipzig,,DE,home_return,,regional_train,,8.25,True,False,True
02f8f295-21e1-5abc-acf9-d289c94cba0e,ce92d8e0-065e-589b-a60e-c692ef2d2ff9,2026-03-13 06:43:00+02:00,2026-03-13 09:48:00+02:00,185,home,Leipzig,,DE,client site,Cologne,,DE,business,,long_distance_train,,572.54,False,False,True
4772d444-7a3a-5b7a-af17-284579046723,ce92d8e0-065e-589b-a60e-c692ef2d2ff9,2026-03-13 17:25:00+02:00,2026-03-13 20:30:00+02:00,185,client site,Cologne,,DE,home,Leipzig,,DE,home_return,,long_distance_train,,572.54,False,False,True
50b956bd-dd0b-5368-9712-e4b24928b540,ce92d8e0-065e-589b-a60e-c692ef2d2ff9,2026-03-14 14:00:00+02:00,2026-03-14 14:14:00+02:00,14,home,Leipzig,,DE,market square,Leipzig,,DE,shopping,,public_transport,,6.88,False,False,False
25448e18-5a3b-54d5-bf62-8d0e9806ef3e,ce92d8e0-065e-589b-a60e-c692ef2d2ff9,2026-03-15 16:00:00+02:00,2026-03-15 16:10:00+02:00,10,home,Leipzig,,DE,market square,Leipzig,,DE,social,,public_transport,,4.8,False,False,False
19e9421f-7cd6-5445-befb-490dfe4fedda,ce92d8e0-065e-589b-a60e-c692ef2d2ff9,2026-03-16 07:57:00+02:00,2026-03-16 08:13:00+02:00,16,home,Leipzig,,DE,office,Leipzig,,DE,commute,,regional_train,,8.84,True,False,True
a54b50a7-b9c6-552d-9d1d-fb03d4a4dce2,ce92d8e0-065e-589b-a60e-c692ef2d2ff9,2026-03-16 17:30:00+02:00,2026-03-16 17:46:00+02:00,16,office,Leipzig,,DE,home,Leipzig,,DE,home_return,,regional_train,,8.84,True,False,True
c871685e-1707-51ef-b910-46221fbf822b,ce92d8e0-065e-589b-a60e-c692ef2d2ff9,2026-03-16 06:54:00+02:00,2026-03-16 08:58:00+02:00,124,home,Leipzig,,DE,client site,Munich,,DE,business,,long_distance_train,,385.41,False,False,True
7b66b672-0a85-586b-a9b2-a5bb5afcc0f8,ce92d8e0-065e-589b-a60e-c692ef2d2ff9,2026-03-16 17:10:00+02:00,2026-03-16 19:14:00+02:00,124,client site,Munich,,DE,home,Leipzig,,DE,home_return,,long_distance_train,,385.41,False,False,True
cdad5a5b-fa04-5dcc-b9c8-49d6f41b6b03,ce92d8e0-065e-589b-a60e-c692ef2d2ff9,2026-03-17 07:55:00+02:00,2026-03-17 08:09:00+02:00,14,home,Leipzig,,DE,office,Leipzig,,DE,commute,,regional_train,,7.71,True,False,True
6afc8b49-3799-5385-a763-d85769bf0088,ce92d8e0-065e-589b-a60e-c692ef2d2ff9,2026-03-17 17:43:00+02:00,2026-03-17 17:57:00+02:00,14,office,Leipzig,,DE,home,Leipzig,,DE,home_return,,regional_train,,7.71,True,False,True
b442cea3-81cd-5f6b-9823-939a61e05b0a,ce92d8e0-065e-589b-a60e-c692ef2d2ff9,2026-03-18 07:40:00+02:00,2026-03-18 07:54:00+02:00,14,home,Leipzig,,DE,office,Leipzig,,DE,commute,,regional_train,,7.79,True,False,True
01fb661c-f3d6-5dd7-8435-8419fb348bd3,ce92d8e0-065e-589b-a60e-c692ef2d2ff9,2026-03-18 17:45:00+02:00,2026-03-18 17:59:00+02:00,14,office,Leipzig,,DE,home,Leipzig,,DE,home_return,,regional_train,,7.79,True,False,True
256f8d92-67fb-52d3-83c2-d4ad2f563eef,ce92d8e0-065e-589b-a60e-c692ef2d2ff9,2026-03-19 07:51:00+02:00,2026-03-19 08:07:00+02:00,16,home,Leipzig,,DE,office,Leipzig,,DE,commute,,regional_train,,8.59,True,False,True
cf9c9861-9a68-5313-9a19-8c2566cb3957,ce92d8e0-065e-589b-a60e-c692ef2d2ff9,2026-03-19 17:55:00+02:00,2026-03-19 18:11:00+02:00,16,office,Leipzig,,DE,home,Leipzig,,DE,home_return,,regional_train,,8.59,True,False,True
5d3ea5f9-62de-5eff-9ca1-d6538292269e,ce92d8e0-065e-589b-a60e-c692ef2d2ff9,2026-03-20 07:58:00+02:00,2026-03-20 08:14:00+02:00,16,home,Leipzig,,DE,office,Leipzig,,DE,commute,,regional_train,,8.72,True,False,True
98c52410-ac9c-5cf4-8066-2ec6fd61a5b0,ce92d8e0-065e-589b-a60e-c692ef2d2ff9,2026-03-20 17:43:00+02:00,2026-03-20 17:59:00+02:00,16,office,Leipzig,,DE,home,Leipzig,,DE,home_return,,regional_train,,8.72,True,False,True
d3ec5bdd-e0c9-539a-99a2-e5f40cfe5ef1,ce92d8e0-065e-589b-a60e-c692ef2d2ff9,2026-03-20 06:37:00+02:00,2026-03-20 07:41:00+02:00,64,home,Leipzig,,DE,client site,Berlin,,DE,business,,long_distance_train,,198.66,False,False,True
beede5c1-5938-5cdf-a50a-4cb68328b594,ce92d8e0-065e-589b-a60e-c692ef2d2ff9,2026-03-20 17:30:00+02:00,2026-03-20 18:34:00+02:00,64,client site,Berlin,,DE,home,Leipzig,,DE,home_return,,long_distance_train,,198.66,False,False,True
138c3979-4c37-58dd-91c9-20c024115f5e,ce92d8e0-065e-589b-a60e-c692ef2d2ff9,2026-03-23 07:47:00+02:00,2026-03-23 08:03:00+02:00,16,home,Leipzig,,DE,office,Leipzig,,DE,commute,,regional_train,,8.88,True,False,True
c92aff07-338d-52b1-b27d-04c20dbb40de,ce92d8e0-065e-589b-a60e-c692ef2d2ff9,2026-03-23 17:43:00+02:00,2026-03-23 17:59:00+02:00,16,office,Leipzig,,DE,home,Leipzig,,DE,home_return,,regional_train,,8.88,True,False,True
441cdaf5-ddb3-5c3b-925d-dfd250a47d19,ce92d8e0-065e-589b-a60e-c692ef2d2ff9,2026-03-24 07:44:00+02:00,2026-03-24 08:01:00+02:00,17,home,Leipzig,,DE,office,Leipzig,,DE,commute,,regional_train,,9.27,True,False,True
abef0845-3405-5c66-9bab-5b9a3222a435,ce92d8e0-065e-589b-a60e-c692ef2d2ff9,2026-03-24 17:47:00+02:00,2026-03-24 18:04:00+02:00,17,office,Leipzig,,DE,home,Leipzig,,DE,home_return,,regional_train,,9.27,True,False,True
fe562b88-a047-5979-a4ea-6e3424b94218,ce92d8e0-065e-589b-a60e-c692ef2d2ff9,2026-03-25 07:44:00+02:00,2026-03-25 07:58:00+02:00,14,home,Leipzig,,DE,office,Leipzig,,DE,commute,,regional_train,,7.94,True,False,True
a5e41c93-0bf7-5c46-9fc4-ce760ef59415,ce92d8e0-065e-589b-a60e-c692ef2d2ff9,2026-03-25 17:51:00+02:00,2026-03-25 18:05:00+02:00,14,office,Leipzig,,DE,home,Leipzig,,DE,home_return,,regional_train,,7.94,True,False,True
bf40fdf4-57e1-546b-906b-d39d58810a05,ce92d8e0-065e-589b-a60e-c692ef2d2ff9,2026-03-25 06:53:00+02:00,2026-03-25 10:00:00+02:00,187,home,Leipzig,,DE,client site,Cologne,,DE,business,,long_distance_train,,579.7,False,False,True
0075c6a7-d271-5fc9-b19c-d22caf54684f,ce92d8e0-065e-589b-a60e-c692ef2d2ff9,2026-03-25 17:25:00+02:00,2026-03-25 20:32:00+02:00,187,client site,Cologne,,DE,home,Leipzig,,DE,home_return,,long_distance_train,,579.7,False,False,True
50c065fc-7325-5db1-877e-d3ef4299abc0,ce92d8e0-065e-589b-a60e-c692ef2d2ff9,2026-03-27 07:49:00+02:00,2026-03-27 08:06:00+02:00,17,home,Leipzig,,DE,office,Leipzig,,DE,commute,,regional_train,,9.16,True,False,True
f433fa0e-7fd7-5490-b56f-28e0ca378082,ce92d8e0-065e-589b-a60e-c692ef2d2ff9,2026-03-27 17:53:00+02:00,2026-03-27 18:10:00+02:00,17,office,Leipzig,,DE,home,Leipzig,,DE,home_return,,regional_train,,9.16,True,False,True
6b744bf1-7318-5225-b92d-29385e28f7c1,ce92d8e0-065e-589b-a60e-c692ef2d2ff9,2026-03-29 14:00:00+02:00,2026-03-29 14:12:00+02:00,12,home,Leipzig,,DE,market square,Leipzig,,DE,shopping,,public_transport,,6.09,False,False,False
1acbb4cd-f715-5e99-86d4-fd194f81a599,ce92d8e0-065e-589b-a60e-c692ef2d2ff9,2026-03-30 07:58:00+02:00,2026-03-30 08:14:00+02:00,16,home,Leipzig,,DE,office,Leipzig,,DE,commute,,regional_train,,8.56,True,False,True
e446b647-52c4-5210-b626-ff7bd9e4887f,ce92d8e0-065e-589b-a60e-c692ef2d2ff9,2026-03-30 17:34:00+02:00,2026-03-30 17:50:00+02:00,16,office,Leipzig,,DE,home,Leipzig,,DE,home_return,,regional_train,,8.56,True,False,True
eccb3f73-4d8a-5bc9-96ae-676db2357d50,ce92d8e0-065e-589b-a60e-c692ef2d2ff9,2026-03-31 07:56:00+02:00,2026-03-31 08:11:00+02:00,15,home,Leipzig,,DE,office,Leipzig,,DE,commute,,regional_train,,8.14,True,False,True
5c77e92e-7a9b-5777-8940-3b4b4f637d3b,ce92d8e0-065e-589b-a60e-c692ef2d2ff9,2026-03-31 17:34:00+02:00,2026-03-31 17:49:00+02:00,15,office,Leipzig,,DE,home,Leipzig,,DE,home_return,,regional_train,,8.14,True,False,True
233b2533-87ba-542e-8b28-ad2632f93f1d,ce92d8e0-065e-589b-a60e-c692ef2d2ff9,2026-04-01 07:40:00+02:00,2026-04-01 07:56:00+02:00,16,home,Leipzig,,DE,office,Leipzig,,DE,commute,,regional_train,,8.78,True,False,True
ea90c8e5-1c4a-5592-8833-caf8b0de9b8b,ce92d8e0-065e-589b-a60e-c692ef2d2ff9,2026-04-01 17:53:00+02:00,2026-04-01 18:09:00+02:00,16,office,Leipzig,,DE,home,Leipzig,,DE,home_return,,regional_train,,8.78,True,False,True
cbcb43b8-047d-5a28-97da-d87e6d3ec278,ce92d8e0-065e-589b-a60e-c692ef2d2ff9,2026-04-01 06:39:00+02:00,2026-04-01 08:54:00+02:00,135,home,Leipzig,,DE,client site,Hamburg,,DE,business,,long_distance_train,,417.74,False,False,True
e6b669cc-3451-568d-9d15-e3355f239425,ce92d8e0-065e-589b-a60e-c692ef2d2ff9,2026-04-01 17:13:00+02:00,2026-04-01 19:28:00+02:00,135,client site,Hamburg,,DE,home,Leipzig,,DE,home_return,,long_distance_train,,417.74,False,False,True
2682f116-a9e3-53f6-9f1b-4592aaca1cd0,ce92d8e0-065e-589b-a60e-c692ef2d2ff9,2026-04-02 07:54:00+02:00,2026-04-02 08:10:00+02:00,16,home,Leipzig,,DE,office,Leipzig,,DE,commute,,regional_train,,8.64,True,False,True
9ac23aa4-b22c-5079-badd-2714d6826c1b,ce92d8e0-065e-589b-a60e-c692ef2d2ff9,2026-04-02 17:52:00+02:00,2026-04-02 18:08:00+02:00,16,office,Leipzig,,DE,home,Leipzig,,DE,home_return,,regional_train,,8.64,True,False,True
9a728725-44f6-5d79-bb1c-f41ef1190900,ce92d8e0-065e-589b-a60e-c692ef2d2ff9,2026-04-03 07:45:00+02:00,2026-04-03 08:01:00+02:00,16,home,Leipzig,,DE,office,Leipzig,,DE,commute,,regional_train,,9.02,True,False,True
20b3a432-58d8-567c-aa3f-2e64d8d3aa6b,ce92d8e0-065e-589b-a60e-c692ef2d2ff9,2026-04-03 17:33:00+02:00,2026-04-03 17:49:00+02:00,16,office,Leipzig,,DE,home,Leipzig,,DE,home_return,,regional_train,,9.02,True,False,True
a7e6cc59-9e2e-517d-bb45-3430c6fe95ce,ce92d8e0-065e-589b-a60e-c692ef2d2ff9,2026-04-06 07:43:00+02:00,2026-04-06 07:59:00+02:00,16,home,Leipzig,,DE,office,Leipzig,,DE,commute,,regional_train,,8.85,True,False,True
63741cc2-7a7c-50ec-a059-600f323f817d,ce92d8e0-065e-589b-a60e-c692ef2d2ff9,2026-04-06 17:50:00+02:00,2026-04-06 18:06:00+02:00,16,office,Leipzig,,DE,home,Leipzig,,DE,home_return,,regional_train,,8.85,True,False,True
10cedd5a-73b1-5622-bd09-70d76d5d3535,ce92d8e0-065e-589b-a60e-c692ef2d2ff9,2026-04-06 06:52:00+02:00,2026-04-06 07:51:00+02:00,59,home,Leipzig,,DE,client site,Berlin,,DE,business,,long_distance_train,,183.3,False,False,True
d0c19405-0308-569c-b9e0-73c2da487b4c,ce92d8e0-065e-589b-a60e-c692ef2d2ff9,2026-04-06 17:05:00+02:00,2026-04-06 18:04:00+02:00,59,client site,Berlin,,DE,home,Leipzig,,DE,home_return,,long_distance_train,,183.3,False,False,True
93876149-0a4d-5175-8db9-2d8eed084a81,ce92d8e0-065e-589b-a60e-c692ef2d2ff9,2026-04-07 07:50:00+02:00,2026-04-07 08:07:00+02:00,17,home,Leipzig,,DE,office,Leipzig,,DE,commute,,regional_train,,9.31,True,False,True
de895678-de9b-5bf9-a275-655ba8fc7edd,ce92d8e0-065e-589b-a60e-c692ef2d2ff9,2026-04-07 17:54:00+02:00,2026-04-07 18:11:00+02:00,17,office,Leipzig,,DE,home,Leipzig,,DE,home_return,,regional_train,,9.31,True,False,True
3f966d53-b6fd-54f1-9fe4-7c0942f4981c,ce92d8e0-065e-589b-a60e-c692ef2d2ff9,2026-04-08 07:55:00+02:00,2026-04-08 08:12:00+02:00,17,home,Leipzig,,DE,office,Leipzig,,DE,commute,,regional_train,,9.43,True,False,True
3b187da5-ffe2-5746-89a7-2b48160b4b0f,ce92d8e0-065e-589b-a60e-c692ef2d2ff9,2026-04-08 17:42:00+02:00,2026-04-08 17:59:00+02:00,17,office,Leipzig,,DE,home,Leipzig,,DE,home_return,,regional_train,,9.43,True,False,True
9a43b243-845c-5b92-840c-2853f17e345c,ce92d8e0-065e-589b-a60e-c692ef2d2ff9,2026-04-09 07:51:00+02:00,2026-04-09 08:08:00+02:00,17,home,Leipzig,,DE,office,Leipzig,,DE,commute,,regional_train,,9.14,True,False,True
414bd7d7-d3c4-518e-aa4a-a9526e37210c,ce92d8e0-065e-589b-a60e-c692ef2d2ff9,2026-04-09 17:38:00+02:00,2026-04-09 17:55:00+02:00,17,office,Leipzig,,DE,home,Leipzig,,DE,home_return,,regional_train,,9.14,True,False,True
7b49e9d9-196c-544e-81ee-191bec9d0295,ce92d8e0-065e-589b-a60e-c692ef2d2ff9,2026-04-10 07:55:00+02:00,2026-04-10 08:09:00+02:00,14,home,Leipzig,,DE,office,Leipzig,,DE,commute,,regional_train,,7.54,True,False,True
37ec25b7-cf29-5d80-8b53-c36c7da35eb8,ce92d8e0-065e-589b-a60e-c692ef2d2ff9,2026-04-10 17:38:00+02:00,2026-04-10 17:52:00+02:00,14,office,Leipzig,,DE,home,Leipzig,,DE,home_return,,regional_train,,7.54,True,False,True
434cb591-45e8-58b9-af23-00e33d6b4dcb,ce92d8e0-065e-589b-a60e-c692ef2d2ff9,2026-04-11 16:00:00+02:00,2026-04-11 16:14:00+02:00,14,home,Leipzig,,DE,market square,Leipzig,,DE,shopping,,public_transport,,6.96,False,False,False
0c16019c-1193-5889-b2fe-cebfd8cd506f,ce92d8e0-065e-589b-a60e-c692ef2d2ff9,2026-04-13 07:51:00+02:00,2026-04-13 08:05:00+02:00,14,home,Leipzig,,DE,office,Leipzig,,DE,commute,,regional_train,,7.7,True,False,True
0239c463-a68a-52d0-8149-e8f9b9aaa392,ce92d8e0-065e-589b-a60e-c692ef2d2ff9,2026-04-13 17:53:00+02:00,2026-04-13 18:07:00+02:00,14,office,Leipzig,,DE,home,Leipzig,,DE,home_return,,regional_train,,7.7,True,False,True
b14e504f-3405-50dd-9921-749854e0bf54,ce92d8e0-065e-589b-a60e-c692ef2d2ff9,2026-04-14 07:44:00+02:00,2026-04-14 07:58:00+02:00,14,home,Leipzig,,DE,office,Leipzig,,DE,commute,,regional_train,,7.76,True,False,True
00a669ae-ab3b-524f-9c3a-01b3f0ee859c,ce92d8e0-065e-589b-a60e-c692ef2d2ff9,2026-04-14 17:55:00+02:00,2026-04-14 18:09:00+02:00,14,office,Leipzig,,DE,home,Leipzig,,DE,home_return,,regional_train,,7.76,True,False,True
db40e1d1-221c-53c4-be31-7979ff702df4,ce92d8e0-065e-589b-a60e-c692ef2d2ff9,2026-04-15 07:41:00+02:00,2026-04-15 07:56:00+02:00,15,home,Leipzig,,DE,office,Leipzig,,DE,commute,,regional_train,,8.49,True,False,True
2cf2cdef-01f6-5b99-b548-493ed437b9a4,ce92d8e0-065e-589b-a60e-c692ef2d2ff9,2026-04-15 17:36:00+02:00,2026-04-15 17:51:00+02:00,15,office,Leipzig,,DE,home,Leipzig,,DE,home_return,,regional_train,,8.49,True,False,True
1d04de0c-63b9-5f27-ab61-25d006d0d86b,ce92d8e0-065e-589b-a60e-c692ef2d2ff9,2026-04-15 06:52:00+02:00,2026-04-15 07:55:00+02:00,63,home,Leipzig,,DE,client site,Berlin,,DE,business,,long_distance_train,,196.16,False,False,True
4ec27889-fbea-5fab-b8e6-a47ff6036b44,ce92d8e0-065e-589b-a60e-c692ef2d2ff9,2026-04-15 17:19:00+02:00,2026-04-15 18:22:00+02:00,63,client site,Berlin,,DE,home,Leipzig,,DE,home_return,,long_distance_train,,196.16,False,False,True
16a38032-6cf8-53e7-8477-b3c692abf0bd,ce92d8e0-065e-589b-a60e-c692ef2d2ff9,2026-04-16 07:41:00+02:00,2026-04-16 07:58:00+02:00,17,home,Leipzig,,DE,office,Leipzig,,DE,commute,,regional_train,,9.2,True,False,True
33ed5d8b-ffd7-50b6-b9a9-7823c963ccf5,ce92d8e0-065e-589b-a60e-c692ef2d2ff9,2026-04-16 17:39:00+02:00,2026-04-16 17:56:00+02:00,17,office,Leipzig,,DE,home,Leipzig,,DE,home_return,,regional_train,,9.2,True,False,True
28c02729-d3f5-5857-a9e8-afd80b56c56f,ce92d8e0-065e-589b-a60e-c692ef2d2ff9,2026-04-16 06:33:00+02:00,2026-04-16 08:39:00+02:00,126,home,Leipzig,,DE,client site,Munich,,DE,business,,long_distance_train,,389.17,False,False,True
c7dd7df3-e910-519a-b5fd-8c754fc18f7f,ce92d8e0-065e-589b-a60e-c692ef2d2ff9,2026-04-16 17:30:00+02:00,2026-04-16 19:36:00+02:00,126,client site,Munich,,DE,home,Leipzig,,DE,home_return,,long_distance_train,,389.17,False,False,True
5f89bdc6-6623-50df-952a-4d10c3065005,ce92d8e0-065e-589b-a60e-c692ef2d2ff9,2026-04-17 07:53:00+02:00,2026-04-17 08:08:00+02:00,15,home,Leipzig,,DE,office,Leipzig,,DE,commute,,regional_train,,8.48,True,False,True
bd6a159c-c7e2-502d-8acc-57b6167767e4,ce92d8e0-065e-589b-a60e-c692ef2d2ff9,2026-04-17 17:43:00+02:00,2026-04-17 17:58:00+02:00,15,office,Leipzig,,DE,home,Leipzig,,DE,home_return,,regional_train,,8.48,True,False,True
a9e43ebb-b80e-5d44-b774-b79a36b6a884,ce92d8e0-065e-589b-a60e-c692ef2d2ff9,2026-04-17 06:33:00+02:00,2026-04-17 08:45:00+02:00,132,home,Leipzig,,DE,client site,Munich,,DE,business,,long_distance_train,,407.82,False,False,True
8806034f-3793-5921-a6d0-c2df4894e7aa,ce92d8e0-065e-589b-a60e-c692ef2d2ff9,2026-04-17 17:08:00+02:00,2026-04-17 19:20:00+02:00,132,client site,Munich,,DE,home,Leipzig,,DE,home_return,,long_distance_train,,407.82,False,False,True
e18e61f5-8e67-5f5a-a221-959be5a9cf58,ce92d8e0-065e-589b-a60e-c692ef2d2ff9,2026-04-20 07:56:00+02:00,2026-04-20 08:12:00+02:00,16,home,Leipzig,,DE,office,Leipzig,,DE,commute,,regional_train,,8.88,True,False,True
9d3e0a7c-8f3a-5c18-bc7d-abbcd4de7011,ce92d8e0-065e-589b-a60e-c692ef2d2ff9,2026-04-20 17:40:00+02:00,2026-04-20 17:56:00+02:00,16,office,Leipzig,,DE,home,Leipzig,,DE,home_return,,regional_train,,8.88,True,False,True
4e2b0051-59bf-590b-b882-2ae6a8ab68ed,ce92d8e0-065e-589b-a60e-c692ef2d2ff9,2026-04-20 06:55:00+02:00,2026-04-20 10:05:00+02:00,190,home,Leipzig,,DE,client site,Cologne,,DE,business,,long_distance_train,,588.32,False,False,True
8643f695-7383-522d-807a-2fd96704b410,ce92d8e0-065e-589b-a60e-c692ef2d2ff9,2026-04-20 17:37:00+02:00,2026-04-20 20:47:00+02:00,190,client site,Cologne,,DE,home,Leipzig,,DE,home_return,,long_distance_train,,588.32,False,False,True
92a5ac9b-0732-5d04-a5c3-e36b2faffce5,ce92d8e0-065e-589b-a60e-c692ef2d2ff9,2026-04-21 07:58:00+02:00,2026-04-21 08:14:00+02:00,16,home,Leipzig,,DE,office,Leipzig,,DE,commute,,regional_train,,9.05,True,False,True
50624820-0f2b-50a1-97e7-d70d215aa038,ce92d8e0-065e-589b-a60e-c692ef2d2ff9,2026-04-21 17:52:00+02:00,2026-04-21 18:08:00+02:00,16,office,Leipzig,,DE,home,Leipzig,,DE,home_return,,regional_train,,9.05,True,False,True
8c6f3fda-2f2a-527a-8bb6-6094a650a675,ce92d8e0-065e-589b-a60e-c692ef2d2ff9,2026-04-21 06:53:00+02:00,2026-04-21 09:49:00+02:00,176,home,Leipzig,,DE,client site,Cologne,,DE,business,,long_distance_train,,545.85,False,False,True
f8927bdd-51bc-592a-890b-08edc7b53545,ce92d8e0-065e-589b-a60e-c692ef2d2ff9,2026-04-21 17:01:00+02:00,2026-04-21 19:57:00+02:00,176,client site,Cologne,,DE,home,Leipzig,,DE,home_return,,long_distance_train,,545.85,False,False,True
7deabdfc-12d2-5596-8122-741c6663149c,ce92d8e0-065e-589b-a60e-c692ef2d2ff9,2026-04-22 07:45:00+02:00,2026-04-22 07:59:00+02:00,14,home,Leipzig,,DE,office,Leipzig,,DE,commute,,regional_train,,7.88,True,False,True
a86b435c-cbc3-5703-8604-fab114b2a931,ce92d8e0-065e-589b-a60e-c692ef2d2ff9,2026-04-22 17:53:00+02:00,2026-04-22 18:07:00+02:00,14,office,Leipzig,,DE,home,Leipzig,,DE,home_return,,regional_train,,7.88,True,False,True
c4927dfe-8e63-549a-a910-5e4a0e6c9363,ce92d8e0-065e-589b-a60e-c692ef2d2ff9,2026-04-23 07:50:00+02:00,2026-04-23 08:07:00+02:00,17,home,Leipzig,,DE,office,Leipzig,,DE,commute,,regional_train,,9.38,True,False,True
c79a3fb4-e4b6-548b-8e83-768fe0b38114,ce92d8e0-065e-589b-a60e-c692ef2d2ff9,2026-04-23 17:31:00+02:00,2026-04-23 17:48:00+02:00,17,office,Leipzig,,DE,home,Leipzig,,DE,home_return,,regional_train,,9.38,True,False,True
53b4f618-3c49-5808-a34f-d44bafd768d3,ce92d8e0-065e-589b-a60e-c692ef2d2ff9,2026-04-24 07:52:00+02:00,2026-04-24 08:06:00+02:00,14,home,Leipzig,,DE,office,Leipzig,,DE,commute,,regional_train,,7.58,True,False,True
f7f41011-1537-59e1-87d7-099490ef47a7,ce92d8e0-065e-589b-a60e-c692ef2d2ff9,2026-04-24 17:51:00+02:00,2026-04-24 18:05:00+02:00,14,office,Leipzig,,DE,home,Leipzig,,DE,home_return,,regional_train,,7.58,True,False,True
0ca7560b-21d7-5230-8f0c-ce2412f559cf,ce92d8e0-065e-589b-a60e-c692ef2d2ff9,2026-04-25 12:00:00+02:00,2026-04-25 12:07:00+02:00,7,home,Leipzig,,DE,city center,Leipzig,,DE,social,,public_transport,,3.6,False,False,False
ab857cfa-3566-56e7-950b-bc8f817d6442,ce92d8e0-065e-589b-a60e-c692ef2d2ff9,2026-04-27 07:51:00+02:00,2026-04-27 08:05:00+02:00,14,home,Leipzig,,DE,office,Leipzig,,DE,commute,,regional_train,,7.51,True,False,True
ad10a145-dbb9-55c1-ba6c-ed0e92381e11,ce92d8e0-065e-589b-a60e-c692ef2d2ff9,2026-04-27 17:54:00+02:00,2026-04-27 18:08:00+02:00,14,office,Leipzig,,DE,home,Leipzig,,DE,home_return,,regional_train,,7.51,True,False,True
1d68c885-b28a-5a4b-958e-bc57d6d640b9,ce92d8e0-065e-589b-a60e-c692ef2d2ff9,2026-04-28 07:45:00+02:00,2026-04-28 08:00:00+02:00,15,home,Leipzig,,DE,office,Leipzig,,DE,commute,,regional_train,,8.3,True,False,True
f5f985e8-75f3-5f61-a00c-f6a332e38911,ce92d8e0-065e-589b-a60e-c692ef2d2ff9,2026-04-28 17:40:00+02:00,2026-04-28 17:55:00+02:00,15,office,Leipzig,,DE,home,Leipzig,,DE,home_return,,regional_train,,8.3,True,False,True
9d97c14c-3378-591e-aeab-fbc5ed48618c,ce92d8e0-065e-589b-a60e-c692ef2d2ff9,2026-04-29 07:45:00+02:00,2026-04-29 08:01:00+02:00,16,home,Leipzig,,DE,office,Leipzig,,DE,commute,,regional_train,,8.68,True,False,True
a06ec328-3c84-580c-adef-1d95ab1e5904,ce92d8e0-065e-589b-a60e-c692ef2d2ff9,2026-04-29 17:36:00+02:00,2026-04-29 17:52:00+02:00,16,office,Leipzig,,DE,home,Leipzig,,DE,home_return,,regional_train,,8.68,True,False,True
81b11f30-83ed-58ad-83fd-3690d7254d84,ce92d8e0-065e-589b-a60e-c692ef2d2ff9,2026-04-30 07:52:00+02:00,2026-04-30 08:07:00+02:00,15,home,Leipzig,,DE,office,Leipzig,,DE,commute,,regional_train,,8.44,True,False,True
67da41fd-77c8-5908-b217-52e7eb68a623,ce92d8e0-065e-589b-a60e-c692ef2d2ff9,2026-04-30 17:47:00+02:00,2026-04-30 18:02:00+02:00,15,office,Leipzig,,DE,home,Leipzig,,DE,home_return,,regional_train,,8.44,True,False,True
d8e51cdf-54d9-5268-b049-85d3ab1e18c0,ce92d8e0-065e-589b-a60e-c692ef2d2ff9,2026-05-01 07:45:00+02:00,2026-05-01 08:01:00+02:00,16,home,Leipzig,,DE,office,Leipzig,,DE,commute,,regional_train,,8.63,True,False,True
e3802a71-da97-5639-a93d-3e71a980cb28,ce92d8e0-065e-589b-a60e-c692ef2d2ff9,2026-05-01 17:38:00+02:00,2026-05-01 17:54:00+02:00,16,office,Leipzig,,DE,home,Leipzig,,DE,home_return,,regional_train,,8.63,True,False,True
5ecbb9c9-289d-5c84-a930-7b0674c83b20,ce92d8e0-065e-589b-a60e-c692ef2d2ff9,2026-05-03 12:00:00+02:00,2026-05-03 12:06:00+02:00,6,home,Leipzig,,DE,city center,Leipzig,,DE,leisure,,public_transport,,3.18,False,False,False
92e969d5-1dc3-5fcc-99be-7599fefeda93,ce92d8e0-065e-589b-a60e-c692ef2d2ff9,2026-05-05 07:57:00+02:00,2026-05-05 08:13:00+02:00,16,home,Leipzig,,DE,office,Leipzig,,DE,commute,,regional_train,,8.98,True,False,True
27e9b1cc-0951-5ab5-bd20-a5f81fd7cc27,ce92d8e0-065e-589b-a60e-c692ef2d2ff9,2026-05-05 17:33:00+02:00,2026-05-05 17:49:00+02:00,16,office,Leipzig,,DE,home,Leipzig,,DE,home_return,,regional_train,,8.98,True,False,True
18a6b76e-9a2f-54fc-88b2-9734e6edf834,ce92d8e0-065e-589b-a60e-c692ef2d2ff9,2026-05-06 07:50:00+02:00,2026-05-06 08:04:00+02:00,14,home,Leipzig,,DE,office,Leipzig,,DE,commute,,regional_train,,7.55,True,False,True
67e49c28-4f53-52cd-a34d-400b7b053ece,ce92d8e0-065e-589b-a60e-c692ef2d2ff9,2026-05-06 17:51:00+02:00,2026-05-06 18:05:00+02:00,14,office,Leipzig,,DE,home,Leipzig,,DE,home_return,,regional_train,,7.55,True,False,True
0bc558a6-7937-5164-8703-b2580372ba9c,ce92d8e0-065e-589b-a60e-c692ef2d2ff9,2026-05-06 06:30:00+02:00,2026-05-06 08:44:00+02:00,134,home,Leipzig,,DE,client site,Munich,,DE,business,,long_distance_train,,416.6,False,False,True
0443f986-2a89-5080-839c-ccb529336378,ce92d8e0-065e-589b-a60e-c692ef2d2ff9,2026-05-06 17:29:00+02:00,2026-05-06 19:43:00+02:00,134,client site,Munich,,DE,home,Leipzig,,DE,home_return,,long_distance_train,,416.6,False,False,True
0be086f8-6c94-5738-bfad-a833b5159703,ce92d8e0-065e-589b-a60e-c692ef2d2ff9,2026-05-07 07:40:00+02:00,2026-05-07 07:57:00+02:00,17,home,Leipzig,,DE,office,Leipzig,,DE,commute,,regional_train,,9.41,True,False,True
67914906-4b9c-521c-b547-734b34a0c8be,ce92d8e0-065e-589b-a60e-c692ef2d2ff9,2026-05-07 17:32:00+02:00,2026-05-07 17:49:00+02:00,17,office,Leipzig,,DE,home,Leipzig,,DE,home_return,,regional_train,,9.41,True,False,True
f3ba06de-6513-5059-9507-5bb6ee73405b,ce92d8e0-065e-589b-a60e-c692ef2d2ff9,2026-05-07 06:32:00+02:00,2026-05-07 08:40:00+02:00,128,home,Leipzig,,DE,client site,Frankfurt,,DE,business,,long_distance_train,,397.66,False,False,True
3cec77da-dd0d-5bc8-9e35-b9516af1cf25,ce92d8e0-065e-589b-a60e-c692ef2d2ff9,2026-05-07 17:16:00+02:00,2026-05-07 19:24:00+02:00,128,client site,Frankfurt,,DE,home,Leipzig,,DE,home_return,,long_distance_train,,397.66,False,False,True
1a47e3b4-2f29-5e41-b7f5-20249882ccc8,ce92d8e0-065e-589b-a60e-c692ef2d2ff9,2026-05-08 07:55:00+02:00,2026-05-08 08:10:00+02:00,15,home,Leipzig,,DE,office,Leipzig,,DE,commute,,regional_train,,8.13,True,False,True
d8528a52-5d05-5e90-91fe-399c6dc47c76,ce92d8e0-065e-589b-a60e-c692ef2d2ff9,2026-05-08 17:45:00+02:00,2026-05-08 18:00:00+02:00,15,office,Leipzig,,DE,home,Leipzig,,DE,home_return,,regional_train,,8.13,True,False,True
f79f83eb-1e43-5e06-b660-def1808cff93,ce92d8e0-065e-589b-a60e-c692ef2d2ff9,2026-05-08 06:52:00+02:00,2026-05-08 09:10:00+02:00,138,home,Leipzig,,DE,client site,Hamburg,,DE,business,,long_distance_train,,426.77,False,False,True
ab385506-22a9-5609-96ed-20c7b6ffa558,ce92d8e0-065e-589b-a60e-c692ef2d2ff9,2026-05-08 17:22:00+02:00,2026-05-08 19:40:00+02:00,138,client site,Hamburg,,DE,home,Leipzig,,DE,home_return,,long_distance_train,,426.77,False,False,True
11c08971-4f74-59e6-be0e-ccc81a815bd9,ce92d8e0-065e-589b-a60e-c692ef2d2ff9,2026-05-10 16:00:00+02:00,2026-05-10 16:12:00+02:00,12,home,Leipzig,,DE,city center,Leipzig,,DE,social,,public_transport,,6.25,False,False,False
54e27892-82fa-546c-9b09-a5c9711e3c7d,ce92d8e0-065e-589b-a60e-c692ef2d2ff9,2026-05-11 07:51:00+02:00,2026-05-11 08:05:00+02:00,14,home,Leipzig,,DE,office,Leipzig,,DE,commute,,regional_train,,7.66,True,False,True
978f53a1-55a7-5fae-b180-830d69a5efcb,ce92d8e0-065e-589b-a60e-c692ef2d2ff9,2026-05-11 17:48:00+02:00,2026-05-11 18:02:00+02:00,14,office,Leipzig,,DE,home,Leipzig,,DE,home_return,,regional_train,,7.66,True,False,True
b46531e7-f1e4-5085-b33b-b058057e2a8e,ce92d8e0-065e-589b-a60e-c692ef2d2ff9,2026-05-11 06:48:00+02:00,2026-05-11 08:59:00+02:00,131,home,Leipzig,,DE,client site,Munich,,DE,business,,long_distance_train,,407.63,False,False,True
49ee8710-6ac1-5a17-9b4a-b21aecb60b5d,ce92d8e0-065e-589b-a60e-c692ef2d2ff9,2026-05-11 17:01:00+02:00,2026-05-11 19:12:00+02:00,131,client site,Munich,,DE,home,Leipzig,,DE,home_return,,long_distance_train,,407.63,False,False,True
72b7c815-eed9-5dd8-95d6-413dd18f2399,ce92d8e0-065e-589b-a60e-c692ef2d2ff9,2026-05-12 07:47:00+02:00,2026-05-12 08:02:00+02:00,15,home,Leipzig,,DE,office,Leipzig,,DE,commute,,regional_train,,7.98,True,False,True
68333359-dbba-5b89-9e3f-91ab19ad96fc,ce92d8e0-065e-589b-a60e-c692ef2d2ff9,2026-05-12 17:54:00+02:00,2026-05-12 18:09:00+02:00,15,office,Leipzig,,DE,home,Leipzig,,DE,home_return,,regional_train,,7.98,True,False,True
0b977b94-baf1-543c-ad88-6ca943da9df0,ce92d8e0-065e-589b-a60e-c692ef2d2ff9,2026-05-13 07:44:00+02:00,2026-05-13 07:58:00+02:00,14,home,Leipzig,,DE,office,Leipzig,,DE,commute,,regional_train,,7.56,True,False,True
61012b03-f9bb-5c9d-9392-c6765f871e50,ce92d8e0-065e-589b-a60e-c692ef2d2ff9,2026-05-13 17:34:00+02:00,2026-05-13 17:48:00+02:00,14,office,Leipzig,,DE,home,Leipzig,,DE,home_return,,regional_train,,7.56,True,False,True
d8836137-7ffa-5873-a5cd-8a87a83bcc83,ce92d8e0-065e-589b-a60e-c692ef2d2ff9,2026-05-14 07:55:00+02:00,2026-05-14 08:09:00+02:00,14,home,Leipzig,,DE,office,Leipzig,,DE,commute,,regional_train,,7.65,True,False,True
e4329a7e-6e36-5b3b-be73-e55fab3a77a9,ce92d8e0-065e-589b-a60e-c692ef2d2ff9,2026-05-14 17:51:00+02:00,2026-05-14 18:05:00+02:00,14,office,Leipzig,,DE,home,Leipzig,,DE,home_return,,regional_train,,7.65,True,False,True
14040960-2cfc-5484-ada4-24c7aa13d5a3,ce92d8e0-065e-589b-a60e-c692ef2d2ff9,2026-05-15 07:42:00+02:00,2026-05-15 07:58:00+02:00,16,home,Leipzig,,DE,office,Leipzig,,DE,commute,,regional_train,,8.82,True,False,True
4d439029-a693-5490-bc7b-4a881e6f51e1,ce92d8e0-065e-589b-a60e-c692ef2d2ff9,2026-05-15 17:44:00+02:00,2026-05-15 18:00:00+02:00,16,office,Leipzig,,DE,home,Leipzig,,DE,home_return,,regional_train,,8.82,True,False,True
369afd6e-f170-5795-b380-4bd535b70472,ce92d8e0-065e-589b-a60e-c692ef2d2ff9,2026-05-16 16:00:00+02:00,2026-05-16 16:12:00+02:00,12,home,Leipzig,,DE,market square,Leipzig,,DE,leisure,,public_transport,,6.07,False,False,False
6ce5e255-108e-5a47-a37e-5faf6caa252d,ce92d8e0-065e-589b-a60e-c692ef2d2ff9,2026-05-18 07:46:00+02:00,2026-05-18 08:00:00+02:00,14,home,Leipzig,,DE,office,Leipzig,,DE,commute,,regional_train,,7.62,True,False,True
c159a4cc-fcd8-5df6-b30b-31adf30ddcc5,ce92d8e0-065e-589b-a60e-c692ef2d2ff9,2026-05-18 17:49:00+02:00,2026-05-18 18:03:00+02:00,14,office,Leipzig,,DE,home,Leipzig,,DE,home_return,,regional_train,,7.62,True,False,True
6e342df0-5091-55c3-8e09-376d1029a24b,ce92d8e0-065e-589b-a60e-c692ef2d2ff9,2026-05-20 07:56:00+02:00,2026-05-20 08:11:00+02:00,15,home,Leipzig,,DE,office,Leipzig,,DE,commute,,regional_train,,8.43,True,False,True
fcf42fc2-dfc5-5f19-b6b4-68c4030553f7,ce92d8e0-065e-589b-a60e-c692ef2d2ff9,2026-05-20 17:32:00+02:00,2026-05-20 17:47:00+02:00,15,office,Leipzig,,DE,home,Leipzig,,DE,home_return,,regional_train,,8.43,True,False,True
196e31d3-c2f7-5931-ab62-d58bfc9eed46,ce92d8e0-065e-589b-a60e-c692ef2d2ff9,2026-05-20 06:32:00+02:00,2026-05-20 08:46:00+02:00,134,home,Leipzig,,DE,client site,Munich,,DE,business,,long_distance_train,,416.61,False,False,True
2d1c864d-dfa2-5ce4-958f-57c3a10d872b,ce92d8e0-065e-589b-a60e-c692ef2d2ff9,2026-05-20 17:38:00+02:00,2026-05-20 19:52:00+02:00,134,client site,Munich,,DE,home,Leipzig,,DE,home_return,,long_distance_train,,416.61,False,False,True
fa069b79-8465-5c29-bd68-3a0aa1bfed76,ce92d8e0-065e-589b-a60e-c692ef2d2ff9,2026-05-21 07:45:00+02:00,2026-05-21 08:01:00+02:00,16,home,Leipzig,,DE,office,Leipzig,,DE,commute,,regional_train,,8.88,True,False,True
b1079a35-c897-5b41-9c25-118a046304e2,ce92d8e0-065e-589b-a60e-c692ef2d2ff9,2026-05-21 17:48:00+02:00,2026-05-21 18:04:00+02:00,16,office,Leipzig,,DE,home,Leipzig,,DE,home_return,,regional_train,,8.88,True,False,True
3614a2f5-adca-58f5-b399-f197d84a0050,ce92d8e0-065e-589b-a60e-c692ef2d2ff9,2026-05-21 06:36:00+02:00,2026-05-21 09:40:00+02:00,184,home,Leipzig,,DE,client site,Cologne,,DE,business,,long_distance_train,,571.95,False,False,True
08194dac-de25-5eaf-bef7-359bc4da8bc6,ce92d8e0-065e-589b-a60e-c692ef2d2ff9,2026-05-21 17:33:00+02:00,2026-05-21 20:37:00+02:00,184,client site,Cologne,,DE,home,Leipzig,,DE,home_return,,long_distance_train,,571.95,False,False,True
1ceafeda-7f22-535c-b114-bdc49b8cb83d,ce92d8e0-065e-589b-a60e-c692ef2d2ff9,2026-05-22 07:41:00+02:00,2026-05-22 07:55:00+02:00,14,home,Leipzig,,DE,office,Leipzig,,DE,commute,,regional_train,,7.83,True,False,True
a52f9faf-5f72-5e8a-8522-eec7da93f740,ce92d8e0-065e-589b-a60e-c692ef2d2ff9,2026-05-22 17:47:00+02:00,2026-05-22 18:01:00+02:00,14,office,Leipzig,,DE,home,Leipzig,,DE,home_return,,regional_train,,7.83,True,False,True
438992d3-f397-5b3d-80e0-c09a185a6376,ce92d8e0-065e-589b-a60e-c692ef2d2ff9,2026-05-24 11:00:00+02:00,2026-05-24 11:11:00+02:00,11,home,Leipzig,,DE,market square,Leipzig,,DE,leisure,,public_transport,,5.65,False,False,False
2981b1b0-28fe-5b41-b164-a741226757d4,ce92d8e0-065e-589b-a60e-c692ef2d2ff9,2026-05-25 07:42:00+02:00,2026-05-25 07:56:00+02:00,14,home,Leipzig,,DE,office,Leipzig,,DE,commute,,regional_train,,7.74,True,False,True
a7684523-28d6-57d5-a104-d5bfcaf93c22,ce92d8e0-065e-589b-a60e-c692ef2d2ff9,2026-05-25 17:30:00+02:00,2026-05-25 17:44:00+02:00,14,office,Leipzig,,DE,home,Leipzig,,DE,home_return,,regional_train,,7.74,True,False,True
92c12337-54c4-5ab7-8130-de8787926dea,ce92d8e0-065e-589b-a60e-c692ef2d2ff9,2026-05-25 06:45:00+02:00,2026-05-25 07:44:00+02:00,59,home,Leipzig,,DE,client site,Berlin,,DE,business,,long_distance_train,,182.03,False,False,True
0d20eac1-8c87-5f58-9102-727ed14a74b8,ce92d8e0-065e-589b-a60e-c692ef2d2ff9,2026-05-25 17:25:00+02:00,2026-05-25 18:24:00+02:00,59,client site,Berlin,,DE,home,Leipzig,,DE,home_return,,long_distance_train,,182.03,False,False,True
9e145525-41b6-55c7-b52b-1b43f5a8a6db,ce92d8e0-065e-589b-a60e-c692ef2d2ff9,2026-05-26 07:57:00+02:00,2026-05-26 08:11:00+02:00,14,home,Leipzig,,DE,office,Leipzig,,DE,commute,,regional_train,,7.6,True,False,True
48b3926d-b85d-5cef-8844-db75036b9d19,ce92d8e0-065e-589b-a60e-c692ef2d2ff9,2026-05-26 17:44:00+02:00,2026-05-26 17:58:00+02:00,14,office,Leipzig,,DE,home,Leipzig,,DE,home_return,,regional_train,,7.6,True,False,True
572d3d69-54eb-5970-a292-58a87276eab0,ce92d8e0-065e-589b-a60e-c692ef2d2ff9,2026-05-27 07:42:00+02:00,2026-05-27 07:57:00+02:00,15,home,Leipzig,,DE,office,Leipzig,,DE,commute,,regional_train,,8.37,True,False,True
49a8fc2a-d934-5976-b130-73bb126118fc,ce92d8e0-065e-589b-a60e-c692ef2d2ff9,2026-05-27 17:32:00+02:00,2026-05-27 17:47:00+02:00,15,office,Leipzig,,DE,home,Leipzig,,DE,home_return,,regional_train,,8.37,True,False,True
b1d49246-9ca3-5ecb-bef3-c5a71b5ed089,ce92d8e0-065e-589b-a60e-c692ef2d2ff9,2026-05-27 06:50:00+02:00,2026-05-27 07:53:00+02:00,63,home,Leipzig,,DE,client site,Berlin,,DE,business,,long_distance_train,,194.34,False,False,True
d6c60d93-d05e-514b-aac8-2f96ff66043d,ce92d8e0-065e-589b-a60e-c692ef2d2ff9,2026-05-27 17:28:00+02:00,2026-05-27 18:31:00+02:00,63,client site,Berlin,,DE,home,Leipzig,,DE,home_return,,long_distance_train,,194.34,False,False,True
e4abbb12-3cf3-50f9-8fe4-6edc7a6cf493,ce92d8e0-065e-589b-a60e-c692ef2d2ff9,2026-05-28 07:49:00+02:00,2026-05-28 08:03:00+02:00,14,home,Leipzig,,DE,office,Leipzig,,DE,commute,,regional_train,,7.81,True,False,True
8b5b0262-0633-5c31-a0c8-e85db5424d99,ce92d8e0-065e-589b-a60e-c692ef2d2ff9,2026-05-28 17:43:00+02:00,2026-05-28 17:57:00+02:00,14,office,Leipzig,,DE,home,Leipzig,,DE,home_return,,regional_train,,7.81,True,False,True
5bdfee30-c9a7-5efe-84c6-dfe27c0297f2,ce92d8e0-065e-589b-a60e-c692ef2d2ff9,2026-05-29 07:46:00+02:00,2026-05-29 08:03:00+02:00,17,home,Leipzig,,DE,office,Leipzig,,DE,commute,,regional_train,,9.28,True,False,True
267fd0e7-8cf1-5d3d-9e61-90262ae2a781,ce92d8e0-065e-589b-a60e-c692ef2d2ff9,2026-05-29 17:43:00+02:00,2026-05-29 18:00:00+02:00,17,office,Leipzig,,DE,home,Leipzig,,DE,home_return,,regional_train,,9.28,True,False,True
030e50b2-ee1f-51a2-b7f6-a342d32b612f,ce92d8e0-065e-589b-a60e-c692ef2d2ff9,2026-05-31 12:00:00+02:00,2026-05-31 12:08:00+02:00,8,home,Leipzig,,DE,market square,Leipzig,,DE,shopping,,public_transport,,3.97,False,False,False
3b86bda7-0821-5277-965e-375ff22291bb,ce92d8e0-065e-589b-a60e-c692ef2d2ff9,2026-06-01 07:46:00+02:00,2026-06-01 08:01:00+02:00,15,home,Leipzig,,DE,office,Leipzig,,DE,commute,,regional_train,,8.1,True,False,True
4c67dfb7-68dd-57c7-a653-b4f72e0e6467,ce92d8e0-065e-589b-a60e-c692ef2d2ff9,2026-06-01 17:39:00+02:00,2026-06-01 17:54:00+02:00,15,office,Leipzig,,DE,home,Leipzig,,DE,home_return,,regional_train,,8.1,True,False,True
93f3a7ce-9eed-59aa-945e-ec950886f671,ce92d8e0-065e-589b-a60e-c692ef2d2ff9,2026-06-01 06:44:00+02:00,2026-06-01 09:51:00+02:00,187,home,Leipzig,,DE,client site,Cologne,,DE,business,,long_distance_train,,579.75,False,False,True
c86ba937-2101-5227-a3e0-c490af6b8ca6,ce92d8e0-065e-589b-a60e-c692ef2d2ff9,2026-06-01 17:32:00+02:00,2026-06-01 20:39:00+02:00,187,client site,Cologne,,DE,home,Leipzig,,DE,home_return,,long_distance_train,,579.75,False,False,True
bbf6dc57-a3dd-5402-9e09-fd7751ebd4c9,ce92d8e0-065e-589b-a60e-c692ef2d2ff9,2026-06-02 07:41:00+02:00,2026-06-02 07:58:00+02:00,17,home,Leipzig,,DE,office,Leipzig,,DE,commute,,regional_train,,9.35,True,False,True
13489bbd-4732-59e2-8d50-b66864ebd998,ce92d8e0-065e-589b-a60e-c692ef2d2ff9,2026-06-02 17:41:00+02:00,2026-06-02 17:58:00+02:00,17,office,Leipzig,,DE,home,Leipzig,,DE,home_return,,regional_train,,9.35,True,False,True
9ac5bdf1-1e46-5e1b-894d-dc1790789e64,ce92d8e0-065e-589b-a60e-c692ef2d2ff9,2026-06-03 07:55:00+02:00,2026-06-03 08:09:00+02:00,14,home,Leipzig,,DE,office,Leipzig,,DE,commute,,regional_train,,7.51,True,False,True
7effe565-b9b7-5216-b27c-62277f05b02e,ce92d8e0-065e-589b-a60e-c692ef2d2ff9,2026-06-03 17:39:00+02:00,2026-06-03 17:53:00+02:00,14,office,Leipzig,,DE,home,Leipzig,,DE,home_return,,regional_train,,7.51,True,False,True
06b271f0-6da2-54d6-821a-86424d633a5a,ce92d8e0-065e-589b-a60e-c692ef2d2ff9,2026-06-03 06:46:00+02:00,2026-06-03 07:49:00+02:00,63,home,Leipzig,,DE,client site,Berlin,,DE,business,,long_distance_train,,194.65,False,False,True
1e13aec2-9f4d-58aa-8ec2-7c5671f08474,ce92d8e0-065e-589b-a60e-c692ef2d2ff9,2026-06-03 17:33:00+02:00,2026-06-03 18:36:00+02:00,63,client site,Berlin,,DE,home,Leipzig,,DE,home_return,,long_distance_train,,194.65,False,False,True
291fa0af-9d46-503f-9527-82d4e77b6951,ce92d8e0-065e-589b-a60e-c692ef2d2ff9,2026-06-04 07:42:00+02:00,2026-06-04 07:58:00+02:00,16,home,Leipzig,,DE,office,Leipzig,,DE,commute,,regional_train,,8.53,True,False,True
06c8b3fe-c8a9-56cf-b973-39e38307f70e,ce92d8e0-065e-589b-a60e-c692ef2d2ff9,2026-06-04 17:33:00+02:00,2026-06-04 17:49:00+02:00,16,office,Leipzig,,DE,home,Leipzig,,DE,home_return,,regional_train,,8.53,True,False,True
87eb5c7b-0590-5f05-ba77-98a75be72b69,ce92d8e0-065e-589b-a60e-c692ef2d2ff9,2026-06-05 07:41:00+02:00,2026-06-05 07:57:00+02:00,16,home,Leipzig,,DE,office,Leipzig,,DE,commute,,regional_train,,8.61,True,False,True
dc4237af-4e76-5605-912e-f9fa4f6f6550,ce92d8e0-065e-589b-a60e-c692ef2d2ff9,2026-06-05 17:41:00+02:00,2026-06-05 17:57:00+02:00,16,office,Leipzig,,DE,home,Leipzig,,DE,home_return,,regional_train,,8.61,True,False,True
fd6b2859-1028-5eb5-8fd7-1a461d999515,ce92d8e0-065e-589b-a60e-c692ef2d2ff9,2026-06-06 15:00:00+02:00,2026-06-06 15:14:00+02:00,14,home,Leipzig,,DE,city center,Leipzig,,DE,leisure,,public_transport,,6.97,False,False,False
a22ab8c5-9e6c-5818-8096-51a919c571af,ce92d8e0-065e-589b-a60e-c692ef2d2ff9,2026-06-08 07:53:00+02:00,2026-06-08 08:09:00+02:00,16,home,Leipzig,,DE,office,Leipzig,,DE,commute,,regional_train,,8.56,True,False,True
ce03588e-1f64-5b74-9daa-304cde6cb744,ce92d8e0-065e-589b-a60e-c692ef2d2ff9,2026-06-08 17:53:00+02:00,2026-06-08 18:09:00+02:00,16,office,Leipzig,,DE,home,Leipzig,,DE,home_return,,regional_train,,8.56,True,False,True
ebc7d99a-0c3f-5869-8f18-be1207e51195,ce92d8e0-065e-589b-a60e-c692ef2d2ff9,2026-06-08 06:32:00+02:00,2026-06-08 08:48:00+02:00,136,home,Leipzig,,DE,client site,Hamburg,,DE,business,,long_distance_train,,422.54,False,False,True
902f1482-4174-57a3-a4f5-c41c10a12062,ce92d8e0-065e-589b-a60e-c692ef2d2ff9,2026-06-08 17:33:00+02:00,2026-06-08 19:49:00+02:00,136,client site,Hamburg,,DE,home,Leipzig,,DE,home_return,,long_distance_train,,422.54,False,False,True
83b43c4d-0433-5996-9227-61a0c64fda11,ce92d8e0-065e-589b-a60e-c692ef2d2ff9,2026-06-09 07:57:00+02:00,2026-06-09 08:12:00+02:00,15,home,Leipzig,,DE,office,Leipzig,,DE,commute,,regional_train,,8.47,True,False,True
8c113ffe-870d-5c4d-83be-6161a98fc555,ce92d8e0-065e-589b-a60e-c692ef2d2ff9,2026-06-09 17:48:00+02:00,2026-06-09 18:03:00+02:00,15,office,Leipzig,,DE,home,Leipzig,,DE,home_return,,regional_train,,8.47,True,False,True
05751789-e0ee-554e-bd32-99d93e440e0b,ce92d8e0-065e-589b-a60e-c692ef2d2ff9,2026-06-10 07:45:00+02:00,2026-06-10 08:01:00+02:00,16,home,Leipzig,,DE,office,Leipzig,,DE,commute,,regional_train,,8.87,True,False,True
823a7873-07c4-5511-9806-6e4ace9e7d9b,ce92d8e0-065e-589b-a60e-c692ef2d2ff9,2026-06-10 17:48:00+02:00,2026-06-10 18:04:00+02:00,16,office,Leipzig,,DE,home,Leipzig,,DE,home_return,,regional_train,,8.87,True,False,True
4f9d4777-833c-5ae1-88f9-3c6424c56a4b,ce92d8e0-065e-589b-a60e-c692ef2d2ff9,2026-06-10 06:55:00+02:00,2026-06-10 07:57:00+02:00,62,home,Leipzig,,DE,client site,Berlin,,DE,business,,long_distance_train,,192.88,False,False,True
395107ad-80c0-5d0f-bf07-f5bf5eb70fc4,ce92d8e0-065e-589b-a60e-c692ef2d2ff9,2026-06-10 17:23:00+02:00,2026-06-10 18:25:00+02:00,62,client site,Berlin,,DE,home,Leipzig,,DE,home_return,,long_distance_train,,192.88,False,False,True
f2606fa3-2641-532b-9585-a2077a936c24,ce92d8e0-065e-589b-a60e-c692ef2d2ff9,2026-06-11 07:53:00+02:00,2026-06-11 08:09:00+02:00,16,home,Leipzig,,DE,office,Leipzig,,DE,commute,,regional_train,,8.65,True,False,True
4ed13d2c-8b5f-5883-8188-11409c9740d4,ce92d8e0-065e-589b-a60e-c692ef2d2ff9,2026-06-11 17:37:00+02:00,2026-06-11 17:53:00+02:00,16,office,Leipzig,,DE,home,Leipzig,,DE,home_return,,regional_train,,8.65,True,False,True
0ecaacc0-2f50-5f3f-9870-691f83b19587,ce92d8e0-065e-589b-a60e-c692ef2d2ff9,2026-06-12 07:56:00+02:00,2026-06-12 08:11:00+02:00,15,home,Leipzig,,DE,office,Leipzig,,DE,commute,,regional_train,,8.37,True,False,True
c090db74-4d2b-5fa5-a3e0-cd8e1a330a7b,ce92d8e0-065e-589b-a60e-c692ef2d2ff9,2026-06-12 17:36:00+02:00,2026-06-12 17:51:00+02:00,15,office,Leipzig,,DE,home,Leipzig,,DE,home_return,,regional_train,,8.37,True,False,True
67eb123d-7ea3-5bd9-a620-59542de76e8b,ce92d8e0-065e-589b-a60e-c692ef2d2ff9,2026-06-15 07:55:00+02:00,2026-06-15 08:11:00+02:00,16,home,Leipzig,,DE,office,Leipzig,,DE,commute,,regional_train,,8.69,True,False,True
f0db01a8-39c8-5fab-b1cf-126ef1b0fde2,ce92d8e0-065e-589b-a60e-c692ef2d2ff9,2026-06-15 17:38:00+02:00,2026-06-15 17:54:00+02:00,16,office,Leipzig,,DE,home,Leipzig,,DE,home_return,,regional_train,,8.69,True,False,True
0e8dcfba-f2ce-5f68-addf-f4cbf676d437,ce92d8e0-065e-589b-a60e-c692ef2d2ff9,2026-06-16 07:56:00+02:00,2026-06-16 08:13:00+02:00,17,home,Leipzig,,DE,office,Leipzig,,DE,commute,,regional_train,,9.08,True,False,True
5b7e9c3e-5f79-5145-888b-a6d8abdf5377,ce92d8e0-065e-589b-a60e-c692ef2d2ff9,2026-06-16 17:42:00+02:00,2026-06-16 17:59:00+02:00,17,office,Leipzig,,DE,home,Leipzig,,DE,home_return,,regional_train,,9.08,True,False,True
026b9e5f-407e-52d8-be99-f86afa896caa,ce92d8e0-065e-589b-a60e-c692ef2d2ff9,2026-06-17 07:49:00+02:00,2026-06-17 08:05:00+02:00,16,home,Leipzig,,DE,office,Leipzig,,DE,commute,,regional_train,,9.0,True,False,True
dfdce75d-8793-52a4-9c7b-027932cb5b7e,ce92d8e0-065e-589b-a60e-c692ef2d2ff9,2026-06-17 17:45:00+02:00,2026-06-17 18:01:00+02:00,16,office,Leipzig,,DE,home,Leipzig,,DE,home_return,,regional_train,,9.0,True,False,True
43a02204-048b-5694-bb8a-f4424279a24d,ce92d8e0-065e-589b-a60e-c692ef2d2ff9,2026-06-17 06:36:00+02:00,2026-06-17 08:48:00+02:00,132,home,Leipzig,,DE,client site,Frankfurt,,DE,business,,long_distance_train,,408.6,False,False,True
258c2181-47d8-5752-a8d7-05a6402d9325,ce92d8e0-065e-589b-a60e-c692ef2d2ff9,2026-06-17 17:16:00+02:00,2026-06-17 19:28:00+02:00,132,client site,Frankfurt,,DE,home,Leipzig,,DE,home_return,,long_distance_train,,408.6,False,False,True
91101cdf-c118-5c7c-9b75-3acb03f2b64e,ce92d8e0-065e-589b-a60e-c692ef2d2ff9,2026-06-18 07:57:00+02:00,2026-06-18 08:11:00+02:00,14,home,Leipzig,,DE,office,Leipzig,,DE,commute,,regional_train,,7.74,True,False,True
5d1dca54-b6b4-5943-b6a6-9569532fb170,ce92d8e0-065e-589b-a60e-c692ef2d2ff9,2026-06-18 17:49:00+02:00,2026-06-18 18:03:00+02:00,14,office,Leipzig,,DE,home,Leipzig,,DE,home_return,,regional_train,,7.74,True,False,True
da42d671-a73b-5162-be7c-73126a3c5ec6,ce92d8e0-065e-589b-a60e-c692ef2d2ff9,2026-06-19 07:58:00+02:00,2026-06-19 08:15:00+02:00,17,home,Leipzig,,DE,office,Leipzig,,DE,commute,,regional_train,,9.23,True,False,True
0a44b8d3-a819-5e84-8c43-d235b246ef3c,ce92d8e0-065e-589b-a60e-c692ef2d2ff9,2026-06-19 17:38:00+02:00,2026-06-19 17:55:00+02:00,17,office,Leipzig,,DE,home,Leipzig,,DE,home_return,,regional_train,,9.23,True,False,True
17e2b00b-e2bc-5791-8930-8427a0fcb681,ce92d8e0-065e-589b-a60e-c692ef2d2ff9,2026-06-22 07:49:00+02:00,2026-06-22 08:03:00+02:00,14,home,Leipzig,,DE,office,Leipzig,,DE,commute,,regional_train,,7.83,True,False,True
5b5f53dc-f298-5d31-a762-cead14a9fd06,ce92d8e0-065e-589b-a60e-c692ef2d2ff9,2026-06-22 17:51:00+02:00,2026-06-22 18:05:00+02:00,14,office,Leipzig,,DE,home,Leipzig,,DE,home_return,,regional_train,,7.83,True,False,True
8e0470c7-3f14-50db-a3d7-833f1684d0a2,ce92d8e0-065e-589b-a60e-c692ef2d2ff9,2026-06-23 07:52:00+02:00,2026-06-23 08:06:00+02:00,14,home,Leipzig,,DE,office,Leipzig,,DE,commute,,regional_train,,7.75,True,False,True
a77e041c-040a-53a8-aa49-3dbbdf9cfe7c,ce92d8e0-065e-589b-a60e-c692ef2d2ff9,2026-06-23 17:40:00+02:00,2026-06-23 17:54:00+02:00,14,office,Leipzig,,DE,home,Leipzig,,DE,home_return,,regional_train,,7.75,True,False,True
3e1b3ea9-6058-564f-a666-97c7b7bacd8b,ce92d8e0-065e-589b-a60e-c692ef2d2ff9,2026-06-24 07:44:00+02:00,2026-06-24 07:59:00+02:00,15,home,Leipzig,,DE,office,Leipzig,,DE,commute,,regional_train,,7.98,True,False,True
a206368a-9d38-5da0-9fa1-484315f08a8a,ce92d8e0-065e-589b-a60e-c692ef2d2ff9,2026-06-24 17:41:00+02:00,2026-06-24 17:56:00+02:00,15,office,Leipzig,,DE,home,Leipzig,,DE,home_return,,regional_train,,7.98,True,False,True
527b15d9-a4dc-5af5-882f-995249f5e263,ce92d8e0-065e-589b-a60e-c692ef2d2ff9,2026-06-25 07:44:00+02:00,2026-06-25 07:58:00+02:00,14,home,Leipzig,,DE,office,Leipzig,,DE,commute,,regional_train,,7.9,True,False,True
8ce16d8e-d83f-55a9-aa53-00b23a18dfaf,ce92d8e0-065e-589b-a60e-c692ef2d2ff9,2026-06-25 17:50:00+02:00,2026-06-25 18:04:00+02:00,14,office,Leipzig,,DE,home,Leipzig,,DE,home_return,,regional_train,,7.9,True,False,True
d439d005-4ddf-56e4-9706-3b6b2e59f125,ce92d8e0-065e-589b-a60e-c692ef2d2ff9,2026-06-29 07:57:00+02:00,2026-06-29 08:12:00+02:00,15,home,Leipzig,,DE,office,Leipzig,,DE,commute,,regional_train,,8.47,True,False,True
ea3471d2-3b75-5d81-afac-d911329e363a,ce92d8e0-065e-589b-a60e-c692ef2d2ff9,2026-06-29 17:53:00+02:00,2026-06-29 18:08:00+02:00,15,office,Leipzig,,DE,home,Leipzig,,DE,home_return,,regional_train,,8.47,True,False,True
7451b99b-4015-57db-a7f1-a8319cad7ae1,ce92d8e0-065e-589b-a60e-c692ef2d2ff9,2026-06-29 06:50:00+02:00,2026-06-29 08:59:00+02:00,129,home,Leipzig,,DE,client site,Hamburg,,DE,business,,long_distance_train,,401.33,False,False,True
9629cd58-4ec9-54ae-91d5-8a106ef2dd35,ce92d8e0-065e-589b-a60e-c692ef2d2ff9,2026-06-29 17:18:00+02:00,2026-06-29 19:27:00+02:00,129,client site,Hamburg,,DE,home,Leipzig,,DE,home_return,,long_distance_train,,401.33,False,False,True
9fb2dbbf-cc46-5c50-aadb-fb947737bd93,ce92d8e0-065e-589b-a60e-c692ef2d2ff9,2026-06-30 07:43:00+02:00,2026-06-30 07:58:00+02:00,15,home,Leipzig,,DE,office,Leipzig,,DE,commute,,regional_train,,8.2,True,False,True
30061233-c087-5330-bf6b-3235f2c05124,ce92d8e0-065e-589b-a60e-c692ef2d2ff9,2026-06-30 17:44:00+02:00,2026-06-30 17:59:00+02:00,15,office,Leipzig,,DE,home,Leipzig,,DE,home_return,,regional_train,,8.2,True,False,True
9c4bbccb-daeb-5ecc-863a-01cb450654be,ce92d8e0-065e-589b-a60e-c692ef2d2ff9,2026-06-30 06:33:00+02:00,2026-06-30 08:50:00+02:00,137,home,Leipzig,,DE,client site,Hamburg,,DE,business,,long_distance_train,,425.74,False,False,True
b2ba8674-4919-577f-b762-1ec4a1e620f0,ce92d8e0-065e-589b-a60e-c692ef2d2ff9,2026-06-30 17:29:00+02:00,2026-06-30 19:46:00+02:00,137,client site,Hamburg,,DE,home,Leipzig,,DE,home_return,,long_distance_train,,425.74,False,False,True
ff7f91ae-ddef-5f63-8053-aa52da6e0992,e1eb9483-d268-57cf-9b5f-0ef5e1a7fed2,2025-07-04 07:35:00+02:00,2025-07-04 07:45:00+02:00,10,home,Hamburg,,DE,office,Hamburg,,DE,commute,,public_transport,,4.32,True,False,True
8df3d77d-b7a6-5350-90b5-0bb7d182290f,e1eb9483-d268-57cf-9b5f-0ef5e1a7fed2,2025-07-04 17:37:00+02:00,2025-07-04 17:47:00+02:00,10,office,Hamburg,,DE,home,Hamburg,,DE,home_return,,public_transport,,4.32,True,False,True
c6da090f-0bfa-56c1-9825-54b894c69a37,e1eb9483-d268-57cf-9b5f-0ef5e1a7fed2,2025-07-09 07:53:00+02:00,2025-07-09 08:06:00+02:00,13,home,Hamburg,,DE,office,Hamburg,,DE,commute,,public_transport,,5.77,True,False,True
1b2988e3-dd32-512c-9fc6-886aaafa0ca3,e1eb9483-d268-57cf-9b5f-0ef5e1a7fed2,2025-07-09 17:34:00+02:00,2025-07-09 17:47:00+02:00,13,office,Hamburg,,DE,home,Hamburg,,DE,home_return,,public_transport,,5.77,True,False,True
cc582969-dfc1-5d0b-a053-ee6bb168337b,e1eb9483-d268-57cf-9b5f-0ef5e1a7fed2,2025-07-11 07:54:00+02:00,2025-07-11 08:07:00+02:00,13,home,Hamburg,,DE,office,Hamburg,,DE,commute,,public_transport,,5.96,True,False,True
d573667d-8d9a-5f24-be12-5b6db0cd840f,e1eb9483-d268-57cf-9b5f-0ef5e1a7fed2,2025-07-11 17:47:00+02:00,2025-07-11 18:00:00+02:00,13,office,Hamburg,,DE,home,Hamburg,,DE,home_return,,public_transport,,5.96,True,False,True
d26d6612-4c59-58e7-b492-370b44a6e22a,e1eb9483-d268-57cf-9b5f-0ef5e1a7fed2,2025-07-16 07:55:00+02:00,2025-07-16 08:08:00+02:00,13,home,Hamburg,,DE,office,Hamburg,,DE,commute,,public_transport,,5.68,True,False,True
f86a3afd-cc45-5f0c-8233-0734fec2f840,e1eb9483-d268-57cf-9b5f-0ef5e1a7fed2,2025-07-16 17:31:00+02:00,2025-07-16 17:44:00+02:00,13,office,Hamburg,,DE,home,Hamburg,,DE,home_return,,public_transport,,5.68,True,False,True
530911cf-b3b1-5092-aeab-0678108f0017,e1eb9483-d268-57cf-9b5f-0ef5e1a7fed2,2025-07-24 07:46:00+02:00,2025-07-24 07:58:00+02:00,12,home,Hamburg,,DE,office,Hamburg,,DE,commute,,public_transport,,5.5,True,False,True
034c3f73-835d-5977-939e-a7ebefbbd625,e1eb9483-d268-57cf-9b5f-0ef5e1a7fed2,2025-07-24 17:25:00+02:00,2025-07-24 17:37:00+02:00,12,office,Hamburg,,DE,home,Hamburg,,DE,home_return,,public_transport,,5.5,True,False,True
b843c21a-586b-526b-b9ec-51638ac562e6,e1eb9483-d268-57cf-9b5f-0ef5e1a7fed2,2025-08-06 07:43:00+02:00,2025-08-06 07:52:00+02:00,9,home,Hamburg,,DE,office,Hamburg,,DE,commute,,public_transport,,4.15,True,False,True
f0ef6f2a-c388-58fa-9e82-dbaf30fb4ddd,e1eb9483-d268-57cf-9b5f-0ef5e1a7fed2,2025-08-06 17:48:00+02:00,2025-08-06 17:57:00+02:00,9,office,Hamburg,,DE,home,Hamburg,,DE,home_return,,public_transport,,4.15,True,False,True
c128b518-9ceb-5c8d-8d37-57adfea44016,e1eb9483-d268-57cf-9b5f-0ef5e1a7fed2,2025-08-09 13:00:00+02:00,2025-08-09 13:10:00+02:00,10,home,Hamburg,,DE,shopping street,Hamburg,,DE,shopping,,public_transport,,4.58,False,False,False
f96a6f7e-35ad-5ef5-aab6-e1d4d0439559,e1eb9483-d268-57cf-9b5f-0ef5e1a7fed2,2025-08-11 07:41:00+02:00,2025-08-11 07:53:00+02:00,12,home,Hamburg,,DE,office,Hamburg,,DE,commute,,public_transport,,5.61,True,False,True
8021094f-4fa3-5273-aaf0-55170fa981bc,e1eb9483-d268-57cf-9b5f-0ef5e1a7fed2,2025-08-11 17:34:00+02:00,2025-08-11 17:46:00+02:00,12,office,Hamburg,,DE,home,Hamburg,,DE,home_return,,public_transport,,5.61,True,False,True
0096a9c1-e5e8-5484-91a7-4defc56b250e,e1eb9483-d268-57cf-9b5f-0ef5e1a7fed2,2025-08-12 07:54:00+02:00,2025-08-12 08:06:00+02:00,12,home,Hamburg,,DE,office,Hamburg,,DE,commute,,public_transport,,5.22,True,False,True
215e2386-21a6-5c95-856d-24cb649df821,e1eb9483-d268-57cf-9b5f-0ef5e1a7fed2,2025-08-12 17:22:00+02:00,2025-08-12 17:34:00+02:00,12,office,Hamburg,,DE,home,Hamburg,,DE,home_return,,public_transport,,5.22,True,False,True
7a38af66-725f-5b85-8e4a-ca9463a61b9c,e1eb9483-d268-57cf-9b5f-0ef5e1a7fed2,2025-08-13 07:48:00+02:00,2025-08-13 07:58:00+02:00,10,home,Hamburg,,DE,office,Hamburg,,DE,commute,,public_transport,,4.31,True,False,True
e78d21ac-385c-5b75-bb42-b03727a2140a,e1eb9483-d268-57cf-9b5f-0ef5e1a7fed2,2025-08-13 17:40:00+02:00,2025-08-13 17:50:00+02:00,10,office,Hamburg,,DE,home,Hamburg,,DE,home_return,,public_transport,,4.31,True,False,True
aab6d7b7-5d7a-5ece-ac83-15884dcd1ea9,e1eb9483-d268-57cf-9b5f-0ef5e1a7fed2,2025-08-19 07:50:00+02:00,2025-08-19 08:01:00+02:00,11,home,Hamburg,,DE,office,Hamburg,,DE,commute,,public_transport,,4.73,True,False,True
5b3ab3f4-41cd-533e-a7a1-be3bdaead7a4,e1eb9483-d268-57cf-9b5f-0ef5e1a7fed2,2025-08-19 17:35:00+02:00,2025-08-19 17:46:00+02:00,11,office,Hamburg,,DE,home,Hamburg,,DE,home_return,,public_transport,,4.73,True,False,True
d1bc6205-98fa-56b4-8edb-55f52710eb4c,e1eb9483-d268-57cf-9b5f-0ef5e1a7fed2,2025-08-22 07:44:00+02:00,2025-08-22 07:55:00+02:00,11,home,Hamburg,,DE,office,Hamburg,,DE,commute,,public_transport,,4.77,True,False,True
97c3ba89-538d-548d-a1e0-2d383d27634b,e1eb9483-d268-57cf-9b5f-0ef5e1a7fed2,2025-08-22 17:36:00+02:00,2025-08-22 17:47:00+02:00,11,office,Hamburg,,DE,home,Hamburg,,DE,home_return,,public_transport,,4.77,True,False,True
cf24c3d5-943b-504b-9061-d877de9ea659,e1eb9483-d268-57cf-9b5f-0ef5e1a7fed2,2025-08-26 07:41:00+02:00,2025-08-26 07:51:00+02:00,10,home,Hamburg,,DE,office,Hamburg,,DE,commute,,public_transport,,4.51,True,False,True
b1464670-63c6-5558-b9c5-57f7adcef220,e1eb9483-d268-57cf-9b5f-0ef5e1a7fed2,2025-08-26 17:33:00+02:00,2025-08-26 17:43:00+02:00,10,office,Hamburg,,DE,home,Hamburg,,DE,home_return,,public_transport,,4.51,True,False,True
8310f413-7ab8-517f-b9e3-6bf0dd41481e,e1eb9483-d268-57cf-9b5f-0ef5e1a7fed2,2025-09-01 07:48:00+02:00,2025-09-01 08:01:00+02:00,13,home,Hamburg,,DE,office,Hamburg,,DE,commute,,public_transport,,5.93,True,False,True
e417e52b-ed35-5584-ac6b-d738a5744d31,e1eb9483-d268-57cf-9b5f-0ef5e1a7fed2,2025-09-01 17:26:00+02:00,2025-09-01 17:39:00+02:00,13,office,Hamburg,,DE,home,Hamburg,,DE,home_return,,public_transport,,5.93,True,False,True
edc11bc0-6062-5e64-9a9c-6d5051fabc96,e1eb9483-d268-57cf-9b5f-0ef5e1a7fed2,2025-09-02 07:40:00+02:00,2025-09-02 07:53:00+02:00,13,home,Hamburg,,DE,office,Hamburg,,DE,commute,,public_transport,,5.72,True,False,True
e6d6af5e-5007-5785-a00c-54440a927018,e1eb9483-d268-57cf-9b5f-0ef5e1a7fed2,2025-09-02 17:40:00+02:00,2025-09-02 17:53:00+02:00,13,office,Hamburg,,DE,home,Hamburg,,DE,home_return,,public_transport,,5.72,True,False,True
ba5866b3-db96-5332-ad4c-ff85d579f77e,e1eb9483-d268-57cf-9b5f-0ef5e1a7fed2,2025-09-04 07:49:00+02:00,2025-09-04 08:02:00+02:00,13,home,Hamburg,,DE,office,Hamburg,,DE,commute,,public_transport,,6.0,True,False,True
4c303cba-8b84-52b8-a39a-9c118a5ed5c4,e1eb9483-d268-57cf-9b5f-0ef5e1a7fed2,2025-09-04 17:43:00+02:00,2025-09-04 17:56:00+02:00,13,office,Hamburg,,DE,home,Hamburg,,DE,home_return,,public_transport,,6.0,True,False,True
882f1ab2-6871-5fa0-b16d-d6caa65cf76f,e1eb9483-d268-57cf-9b5f-0ef5e1a7fed2,2025-09-05 07:39:00+02:00,2025-09-05 07:50:00+02:00,11,home,Hamburg,,DE,office,Hamburg,,DE,commute,,public_transport,,4.94,True,False,True
4d0da955-efbd-5127-85c1-3b65544a92fb,e1eb9483-d268-57cf-9b5f-0ef5e1a7fed2,2025-09-05 17:25:00+02:00,2025-09-05 17:36:00+02:00,11,office,Hamburg,,DE,home,Hamburg,,DE,home_return,,public_transport,,4.94,True,False,True
d2445614-1dbc-507c-b6b6-32ea6af3aaa9,e1eb9483-d268-57cf-9b5f-0ef5e1a7fed2,2025-09-08 07:39:00+02:00,2025-09-08 07:48:00+02:00,9,home,Hamburg,,DE,office,Hamburg,,DE,commute,,public_transport,,4.27,True,False,True
9247ef68-60ba-5b42-8055-61f216f14584,e1eb9483-d268-57cf-9b5f-0ef5e1a7fed2,2025-09-08 17:50:00+02:00,2025-09-08 17:59:00+02:00,9,office,Hamburg,,DE,home,Hamburg,,DE,home_return,,public_transport,,4.27,True,False,True
57b7befd-8d1f-5093-a7ea-f031bff5d360,e1eb9483-d268-57cf-9b5f-0ef5e1a7fed2,2025-09-09 07:39:00+02:00,2025-09-09 07:51:00+02:00,12,home,Hamburg,,DE,office,Hamburg,,DE,commute,,public_transport,,5.4,True,False,True
a6953fbe-d993-5ed2-8edb-ef8c90f9961b,e1eb9483-d268-57cf-9b5f-0ef5e1a7fed2,2025-09-09 17:47:00+02:00,2025-09-09 17:59:00+02:00,12,office,Hamburg,,DE,home,Hamburg,,DE,home_return,,public_transport,,5.4,True,False,True
1509cb1e-d3c2-5175-9662-29398b49d928,e1eb9483-d268-57cf-9b5f-0ef5e1a7fed2,2025-09-10 07:41:00+02:00,2025-09-10 07:50:00+02:00,9,home,Hamburg,,DE,office,Hamburg,,DE,commute,,public_transport,,4.16,True,False,True
ff8ddb14-6434-513f-800d-a9d27bd5cd44,e1eb9483-d268-57cf-9b5f-0ef5e1a7fed2,2025-09-10 17:34:00+02:00,2025-09-10 17:43:00+02:00,9,office,Hamburg,,DE,home,Hamburg,,DE,home_return,,public_transport,,4.16,True,False,True
bfaed7dd-2bbb-5fb9-b073-3feb23f468f7,e1eb9483-d268-57cf-9b5f-0ef5e1a7fed2,2025-09-11 07:53:00+02:00,2025-09-11 08:04:00+02:00,11,home,Hamburg,,DE,office,Hamburg,,DE,commute,,public_transport,,5.07,True,False,True
17b4d4c8-dc1a-5351-b319-5a09cc8f1176,e1eb9483-d268-57cf-9b5f-0ef5e1a7fed2,2025-09-11 17:43:00+02:00,2025-09-11 17:54:00+02:00,11,office,Hamburg,,DE,home,Hamburg,,DE,home_return,,public_transport,,5.07,True,False,True
f7af8048-8db2-5ab0-8969-038413210e86,e1eb9483-d268-57cf-9b5f-0ef5e1a7fed2,2025-09-16 07:49:00+02:00,2025-09-16 07:58:00+02:00,9,home,Hamburg,,DE,office,Hamburg,,DE,commute,,public_transport,,4.04,True,False,True
d1e31385-345d-5fa5-bc5e-84e71b511b8b,e1eb9483-d268-57cf-9b5f-0ef5e1a7fed2,2025-09-16 17:27:00+02:00,2025-09-16 17:36:00+02:00,9,office,Hamburg,,DE,home,Hamburg,,DE,home_return,,public_transport,,4.04,True,False,True
42d9da87-6c4e-5ba0-a317-14456cca8b20,e1eb9483-d268-57cf-9b5f-0ef5e1a7fed2,2025-09-19 07:43:00+02:00,2025-09-19 07:53:00+02:00,10,home,Hamburg,,DE,office,Hamburg,,DE,commute,,public_transport,,4.61,True,False,True
a725a19e-7c6b-52b3-9463-39ff3e96498f,e1eb9483-d268-57cf-9b5f-0ef5e1a7fed2,2025-09-19 17:48:00+02:00,2025-09-19 17:58:00+02:00,10,office,Hamburg,,DE,home,Hamburg,,DE,home_return,,public_transport,,4.61,True,False,True
bbc55226-fb75-52b3-9296-9700115a7565,e1eb9483-d268-57cf-9b5f-0ef5e1a7fed2,2025-09-23 07:42:00+02:00,2025-09-23 07:55:00+02:00,13,home,Hamburg,,DE,office,Hamburg,,DE,commute,,public_transport,,5.88,True,False,True
a5f118d4-2f94-5972-86f0-15d03cc11be2,e1eb9483-d268-57cf-9b5f-0ef5e1a7fed2,2025-09-23 17:37:00+02:00,2025-09-23 17:50:00+02:00,13,office,Hamburg,,DE,home,Hamburg,,DE,home_return,,public_transport,,5.88,True,False,True
a24c20d8-ea92-58b3-b1ce-1f8c9a14f0d3,e1eb9483-d268-57cf-9b5f-0ef5e1a7fed2,2025-09-24 07:51:00+02:00,2025-09-24 08:01:00+02:00,10,home,Hamburg,,DE,office,Hamburg,,DE,commute,,public_transport,,4.54,True,False,True
9cadbc4b-dfa9-5268-b82e-47b3bba816fa,e1eb9483-d268-57cf-9b5f-0ef5e1a7fed2,2025-09-24 17:44:00+02:00,2025-09-24 17:54:00+02:00,10,office,Hamburg,,DE,home,Hamburg,,DE,home_return,,public_transport,,4.54,True,False,True
68fc38b1-e701-526c-885e-a30019fbfb70,e1eb9483-d268-57cf-9b5f-0ef5e1a7fed2,2025-09-25 07:48:00+02:00,2025-09-25 08:01:00+02:00,13,home,Hamburg,,DE,office,Hamburg,,DE,commute,,public_transport,,5.98,True,False,True
da4f67b7-f80a-5eda-8cae-46eeab02a824,e1eb9483-d268-57cf-9b5f-0ef5e1a7fed2,2025-09-25 17:31:00+02:00,2025-09-25 17:44:00+02:00,13,office,Hamburg,,DE,home,Hamburg,,DE,home_return,,public_transport,,5.98,True,False,True
2c799312-7019-5d82-9091-fa75b9cc78e9,e1eb9483-d268-57cf-9b5f-0ef5e1a7fed2,2025-09-26 07:48:00+02:00,2025-09-26 08:00:00+02:00,12,home,Hamburg,,DE,office,Hamburg,,DE,commute,,public_transport,,5.55,True,False,True
6ca35020-9560-51db-be18-0c7d046c4f5a,e1eb9483-d268-57cf-9b5f-0ef5e1a7fed2,2025-09-26 17:15:00+02:00,2025-09-26 17:27:00+02:00,12,office,Hamburg,,DE,home,Hamburg,,DE,home_return,,public_transport,,5.55,True,False,True
6574df75-b24d-56a0-9c15-e518f6b9a654,e1eb9483-d268-57cf-9b5f-0ef5e1a7fed2,2025-09-27 16:00:00+02:00,2025-09-27 16:09:00+02:00,9,home,Hamburg,,DE,harbor front,Hamburg,,DE,leisure,,public_transport,,3.92,False,False,False
8e29347b-621d-511e-ba4c-25abe6789b15,e1eb9483-d268-57cf-9b5f-0ef5e1a7fed2,2025-09-28 14:00:00+02:00,2025-09-28 14:11:00+02:00,11,home,Hamburg,,DE,shopping street,Hamburg,,DE,shopping,,public_transport,,4.99,False,False,False
bbe1ffbc-3ba9-5283-a5de-b3aa2ee1ca03,e1eb9483-d268-57cf-9b5f-0ef5e1a7fed2,2025-09-29 07:37:00+02:00,2025-09-29 07:46:00+02:00,9,home,Hamburg,,DE,office,Hamburg,,DE,commute,,public_transport,,4.27,True,False,True
527127b7-e135-5590-b21c-fa3b7bf5e4a1,e1eb9483-d268-57cf-9b5f-0ef5e1a7fed2,2025-09-29 17:23:00+02:00,2025-09-29 17:32:00+02:00,9,office,Hamburg,,DE,home,Hamburg,,DE,home_return,,public_transport,,4.27,True,False,True
cf59adb5-03dc-5cc6-9f01-9fee7a03d3d3,e1eb9483-d268-57cf-9b5f-0ef5e1a7fed2,2025-09-30 07:54:00+02:00,2025-09-30 08:07:00+02:00,13,home,Hamburg,,DE,office,Hamburg,,DE,commute,,public_transport,,5.75,True,False,True
cc185553-3394-55c8-875e-0035e6ece470,e1eb9483-d268-57cf-9b5f-0ef5e1a7fed2,2025-09-30 17:40:00+02:00,2025-09-30 17:53:00+02:00,13,office,Hamburg,,DE,home,Hamburg,,DE,home_return,,public_transport,,5.75,True,False,True
fcb45195-95b4-5483-b779-ec107407b9b0,e1eb9483-d268-57cf-9b5f-0ef5e1a7fed2,2025-10-01 07:35:00+02:00,2025-10-01 07:45:00+02:00,10,home,Hamburg,,DE,office,Hamburg,,DE,commute,,public_transport,,4.55,True,False,True
66d1d960-7d61-57fa-a487-486365b72bb7,e1eb9483-d268-57cf-9b5f-0ef5e1a7fed2,2025-10-01 17:26:00+02:00,2025-10-01 17:36:00+02:00,10,office,Hamburg,,DE,home,Hamburg,,DE,home_return,,public_transport,,4.55,True,False,True
ca1d1076-8863-5284-8fe1-7f3db810fb38,e1eb9483-d268-57cf-9b5f-0ef5e1a7fed2,2025-10-02 07:50:00+02:00,2025-10-02 08:01:00+02:00,11,home,Hamburg,,DE,office,Hamburg,,DE,commute,,public_transport,,4.79,True,False,True
bb4b7266-ea35-539f-8fd4-f2b2f7046fa7,e1eb9483-d268-57cf-9b5f-0ef5e1a7fed2,2025-10-02 17:35:00+02:00,2025-10-02 17:46:00+02:00,11,office,Hamburg,,DE,home,Hamburg,,DE,home_return,,public_transport,,4.79,True,False,True
a22e657e-9c54-56f0-b6e8-58b8677a3e88,e1eb9483-d268-57cf-9b5f-0ef5e1a7fed2,2025-10-03 07:36:00+02:00,2025-10-03 07:48:00+02:00,12,home,Hamburg,,DE,office,Hamburg,,DE,commute,,public_transport,,5.39,True,False,True
14dc79ac-9d75-599a-a696-768a7161570e,e1eb9483-d268-57cf-9b5f-0ef5e1a7fed2,2025-10-03 17:16:00+02:00,2025-10-03 17:28:00+02:00,12,office,Hamburg,,DE,home,Hamburg,,DE,home_return,,public_transport,,5.39,True,False,True
bbba6c02-893d-51f1-a196-5b3fa1df7ebb,e1eb9483-d268-57cf-9b5f-0ef5e1a7fed2,2025-10-04 15:00:00+02:00,2025-10-04 15:10:00+02:00,10,home,Hamburg,,DE,shopping street,Hamburg,,DE,social,,public_transport,,4.71,False,False,False
b00b5ef3-e8fe-5a95-a8f9-c8bf9accb918,e1eb9483-d268-57cf-9b5f-0ef5e1a7fed2,2025-10-06 07:37:00+02:00,2025-10-06 07:48:00+02:00,11,home,Hamburg,,DE,office,Hamburg,,DE,commute,,public_transport,,4.74,True,False,True
71ebdddf-f472-5bf9-a704-8c91d64d7214,e1eb9483-d268-57cf-9b5f-0ef5e1a7fed2,2025-10-06 17:36:00+02:00,2025-10-06 17:47:00+02:00,11,office,Hamburg,,DE,home,Hamburg,,DE,home_return,,public_transport,,4.74,True,False,True
6fda51e9-5ad8-524d-9434-3f074fdc36a8,e1eb9483-d268-57cf-9b5f-0ef5e1a7fed2,2025-10-07 07:37:00+02:00,2025-10-07 07:49:00+02:00,12,home,Hamburg,,DE,office,Hamburg,,DE,commute,,public_transport,,5.54,True,False,True
3b340f6b-b434-5541-ae79-90b9cc2b1afd,e1eb9483-d268-57cf-9b5f-0ef5e1a7fed2,2025-10-07 17:31:00+02:00,2025-10-07 17:43:00+02:00,12,office,Hamburg,,DE,home,Hamburg,,DE,home_return,,public_transport,,5.54,True,False,True
d2313028-57bf-5cb2-97ef-159744a4232e,e1eb9483-d268-57cf-9b5f-0ef5e1a7fed2,2025-10-08 07:48:00+02:00,2025-10-08 08:00:00+02:00,12,home,Hamburg,,DE,office,Hamburg,,DE,commute,,public_transport,,5.37,True,False,True
236d9856-c93b-5e17-a373-c269c4509066,e1eb9483-d268-57cf-9b5f-0ef5e1a7fed2,2025-10-08 17:34:00+02:00,2025-10-08 17:46:00+02:00,12,office,Hamburg,,DE,home,Hamburg,,DE,home_return,,public_transport,,5.37,True,False,True
023e818c-6f5f-5dc9-8d02-a7077bb3148f,e1eb9483-d268-57cf-9b5f-0ef5e1a7fed2,2025-10-10 07:40:00+02:00,2025-10-10 07:51:00+02:00,11,home,Hamburg,,DE,office,Hamburg,,DE,commute,,public_transport,,4.9,True,False,True
a8b4068f-5aa9-58a3-b72f-882b76ab77d3,e1eb9483-d268-57cf-9b5f-0ef5e1a7fed2,2025-10-10 17:21:00+02:00,2025-10-10 17:32:00+02:00,11,office,Hamburg,,DE,home,Hamburg,,DE,home_return,,public_transport,,4.9,True,False,True
3ff4111a-1e2e-5c00-ae72-b0d9b148f909,e1eb9483-d268-57cf-9b5f-0ef5e1a7fed2,2025-10-11 14:00:00+02:00,2025-10-11 14:12:00+02:00,12,home,Hamburg,,DE,harbor front,Hamburg,,DE,leisure,,public_transport,,5.31,False,False,False
3d0a14ee-84a2-5232-93a1-53b60b9bcad2,e1eb9483-d268-57cf-9b5f-0ef5e1a7fed2,2025-10-12 14:00:00+02:00,2025-10-12 14:07:00+02:00,7,home,Hamburg,,DE,shopping street,Hamburg,,DE,shopping,,public_transport,,3.36,False,False,False
d71d5ca8-24a5-5341-8f10-4cc171f703dc,e1eb9483-d268-57cf-9b5f-0ef5e1a7fed2,2025-10-13 07:41:00+02:00,2025-10-13 07:51:00+02:00,10,home,Hamburg,,DE,office,Hamburg,,DE,commute,,public_transport,,4.63,True,False,True
e1be094d-7b3e-520b-95e9-81d14acbc366,e1eb9483-d268-57cf-9b5f-0ef5e1a7fed2,2025-10-13 17:40:00+02:00,2025-10-13 17:50:00+02:00,10,office,Hamburg,,DE,home,Hamburg,,DE,home_return,,public_transport,,4.63,True,False,True
177a0261-a55e-5451-8665-3de3f8519779,e1eb9483-d268-57cf-9b5f-0ef5e1a7fed2,2025-10-14 07:41:00+02:00,2025-10-14 07:53:00+02:00,12,home,Hamburg,,DE,office,Hamburg,,DE,commute,,public_transport,,5.4,True,False,True
f0c5af33-5ecd-55fa-ac1f-b65e429e921f,e1eb9483-d268-57cf-9b5f-0ef5e1a7fed2,2025-10-14 17:18:00+02:00,2025-10-14 17:30:00+02:00,12,office,Hamburg,,DE,home,Hamburg,,DE,home_return,,public_transport,,5.4,True,False,True
a23c0bed-f131-5a24-b725-1b53c1516da2,e1eb9483-d268-57cf-9b5f-0ef5e1a7fed2,2025-10-15 07:46:00+02:00,2025-10-15 07:57:00+02:00,11,home,Hamburg,,DE,office,Hamburg,,DE,commute,,public_transport,,4.83,True,False,True
cdd1d372-3747-5abc-8544-c3311c5794dd,e1eb9483-d268-57cf-9b5f-0ef5e1a7fed2,2025-10-15 17:38:00+02:00,2025-10-15 17:49:00+02:00,11,office,Hamburg,,DE,home,Hamburg,,DE,home_return,,public_transport,,4.83,True,False,True
1d3c003b-8654-5043-8d1d-778f51995c2d,e1eb9483-d268-57cf-9b5f-0ef5e1a7fed2,2025-10-16 07:53:00+02:00,2025-10-16 08:03:00+02:00,10,home,Hamburg,,DE,office,Hamburg,,DE,commute,,public_transport,,4.57,True,False,True
3bed46b8-4751-5b47-a126-d41d8e96be7e,e1eb9483-d268-57cf-9b5f-0ef5e1a7fed2,2025-10-16 17:38:00+02:00,2025-10-16 17:48:00+02:00,10,office,Hamburg,,DE,home,Hamburg,,DE,home_return,,public_transport,,4.57,True,False,True
09a040c7-73a7-5bc1-b1b0-fe530a6860ba,e1eb9483-d268-57cf-9b5f-0ef5e1a7fed2,2025-10-17 07:38:00+02:00,2025-10-17 07:50:00+02:00,12,home,Hamburg,,DE,office,Hamburg,,DE,commute,,public_transport,,5.22,True,False,True
b6628be3-aec3-51c8-9b9a-ffab87f375da,e1eb9483-d268-57cf-9b5f-0ef5e1a7fed2,2025-10-17 17:47:00+02:00,2025-10-17 17:59:00+02:00,12,office,Hamburg,,DE,home,Hamburg,,DE,home_return,,public_transport,,5.22,True,False,True
032b8fbf-1a3f-57ca-954e-501f6f406f18,e1eb9483-d268-57cf-9b5f-0ef5e1a7fed2,2025-10-21 07:44:00+02:00,2025-10-21 07:56:00+02:00,12,home,Hamburg,,DE,office,Hamburg,,DE,commute,,public_transport,,5.27,True,False,True
62c87df8-d39a-59f0-9dba-932fb2477a4a,e1eb9483-d268-57cf-9b5f-0ef5e1a7fed2,2025-10-21 17:24:00+02:00,2025-10-21 17:36:00+02:00,12,office,Hamburg,,DE,home,Hamburg,,DE,home_return,,public_transport,,5.27,True,False,True
8e6b7875-9eac-5b70-810f-1e2c8727b6a9,e1eb9483-d268-57cf-9b5f-0ef5e1a7fed2,2025-10-22 07:36:00+02:00,2025-10-22 07:46:00+02:00,10,home,Hamburg,,DE,office,Hamburg,,DE,commute,,public_transport,,4.32,True,False,True
1d8633d1-2faa-5f2f-b5e0-761ce4dd55e0,e1eb9483-d268-57cf-9b5f-0ef5e1a7fed2,2025-10-22 17:49:00+02:00,2025-10-22 17:59:00+02:00,10,office,Hamburg,,DE,home,Hamburg,,DE,home_return,,public_transport,,4.32,True,False,True
83e26e64-48b4-592e-93f2-702f12698346,e1eb9483-d268-57cf-9b5f-0ef5e1a7fed2,2025-10-23 07:45:00+02:00,2025-10-23 07:54:00+02:00,9,home,Hamburg,,DE,office,Hamburg,,DE,commute,,public_transport,,4.08,True,False,True
2146821f-474a-512e-9770-b2c339420a45,e1eb9483-d268-57cf-9b5f-0ef5e1a7fed2,2025-10-23 17:17:00+02:00,2025-10-23 17:26:00+02:00,9,office,Hamburg,,DE,home,Hamburg,,DE,home_return,,public_transport,,4.08,True,False,True
3d31c704-35a9-591d-b9b6-0dab8f65a15e,e1eb9483-d268-57cf-9b5f-0ef5e1a7fed2,2025-10-24 07:47:00+02:00,2025-10-24 08:00:00+02:00,13,home,Hamburg,,DE,office,Hamburg,,DE,commute,,public_transport,,5.81,True,False,True
c9635cfa-3879-50f6-8ad3-3bcebfb723db,e1eb9483-d268-57cf-9b5f-0ef5e1a7fed2,2025-10-24 17:17:00+02:00,2025-10-24 17:30:00+02:00,13,office,Hamburg,,DE,home,Hamburg,,DE,home_return,,public_transport,,5.81,True,False,True
f16416f8-aa4a-5eab-85de-661ef30100a3,e1eb9483-d268-57cf-9b5f-0ef5e1a7fed2,2025-10-27 07:35:00+02:00,2025-10-27 07:45:00+02:00,10,home,Hamburg,,DE,office,Hamburg,,DE,commute,,public_transport,,4.43,True,False,True
d105f0e5-94c9-5b66-9454-5b5f7665236b,e1eb9483-d268-57cf-9b5f-0ef5e1a7fed2,2025-10-27 17:18:00+02:00,2025-10-27 17:28:00+02:00,10,office,Hamburg,,DE,home,Hamburg,,DE,home_return,,public_transport,,4.43,True,False,True
c20a3c37-7c32-5a81-b8ae-fe8697c8e8e5,e1eb9483-d268-57cf-9b5f-0ef5e1a7fed2,2025-10-28 07:53:00+02:00,2025-10-28 08:04:00+02:00,11,home,Hamburg,,DE,office,Hamburg,,DE,commute,,public_transport,,4.85,True,False,True
c10b52d6-611b-5da9-902d-ce965c415c18,e1eb9483-d268-57cf-9b5f-0ef5e1a7fed2,2025-10-28 17:40:00+02:00,2025-10-28 17:51:00+02:00,11,office,Hamburg,,DE,home,Hamburg,,DE,home_return,,public_transport,,4.85,True,False,True
be464862-b58d-5b46-88b3-3fe5cd59b432,e1eb9483-d268-57cf-9b5f-0ef5e1a7fed2,2025-10-29 07:37:00+02:00,2025-10-29 07:47:00+02:00,10,home,Hamburg,,DE,office,Hamburg,,DE,commute,,public_transport,,4.45,True,False,True
85b67017-8057-5e8c-8d5d-184c9f01da85,e1eb9483-d268-57cf-9b5f-0ef5e1a7fed2,2025-10-29 17:50:00+02:00,2025-10-29 18:00:00+02:00,10,office,Hamburg,,DE,home,Hamburg,,DE,home_return,,public_transport,,4.45,True,False,True
9a6e1657-fedf-5520-a365-d714c21c0ff5,e1eb9483-d268-57cf-9b5f-0ef5e1a7fed2,2025-10-30 07:41:00+02:00,2025-10-30 07:52:00+02:00,11,home,Hamburg,,DE,office,Hamburg,,DE,commute,,public_transport,,4.99,True,False,True
3f901a2a-8a29-5436-98cc-fe64cea261f6,e1eb9483-d268-57cf-9b5f-0ef5e1a7fed2,2025-10-30 17:47:00+02:00,2025-10-30 17:58:00+02:00,11,office,Hamburg,,DE,home,Hamburg,,DE,home_return,,public_transport,,4.99,True,False,True
ff55f883-b22e-5aa7-ac13-9a7fdc742c23,e1eb9483-d268-57cf-9b5f-0ef5e1a7fed2,2025-11-03 07:51:00+01:00,2025-11-03 08:04:00+01:00,13,home,Hamburg,,DE,office,Hamburg,,DE,commute,,public_transport,,5.78,True,False,True
4427a5a2-1cb5-583c-9e6d-bf118e34cf84,e1eb9483-d268-57cf-9b5f-0ef5e1a7fed2,2025-11-03 17:29:00+01:00,2025-11-03 17:42:00+01:00,13,office,Hamburg,,DE,home,Hamburg,,DE,home_return,,public_transport,,5.78,True,False,True
31089ef2-9d0e-55db-a945-6f7c5018faf3,e1eb9483-d268-57cf-9b5f-0ef5e1a7fed2,2025-11-04 07:36:00+01:00,2025-11-04 07:48:00+01:00,12,home,Hamburg,,DE,office,Hamburg,,DE,commute,,public_transport,,5.56,True,False,True
1a5afd4d-fc3c-56d8-ad8a-e041bc31b47b,e1eb9483-d268-57cf-9b5f-0ef5e1a7fed2,2025-11-04 17:33:00+01:00,2025-11-04 17:45:00+01:00,12,office,Hamburg,,DE,home,Hamburg,,DE,home_return,,public_transport,,5.56,True,False,True
57627e6b-b7cb-5a68-a6ec-93f814f459c5,e1eb9483-d268-57cf-9b5f-0ef5e1a7fed2,2025-11-06 07:45:00+01:00,2025-11-06 07:58:00+01:00,13,home,Hamburg,,DE,office,Hamburg,,DE,commute,,public_transport,,5.83,True,False,True
84e0848f-ee96-5139-9a5e-13a32aed8578,e1eb9483-d268-57cf-9b5f-0ef5e1a7fed2,2025-11-06 17:22:00+01:00,2025-11-06 17:35:00+01:00,13,office,Hamburg,,DE,home,Hamburg,,DE,home_return,,public_transport,,5.83,True,False,True
85928d1b-bfa1-5a9f-9aee-195db5927766,e1eb9483-d268-57cf-9b5f-0ef5e1a7fed2,2025-11-07 07:55:00+01:00,2025-11-07 08:07:00+01:00,12,home,Hamburg,,DE,office,Hamburg,,DE,commute,,public_transport,,5.48,True,False,True
16e55c99-8b08-5c9d-8fa1-03e042b49998,e1eb9483-d268-57cf-9b5f-0ef5e1a7fed2,2025-11-07 17:46:00+01:00,2025-11-07 17:58:00+01:00,12,office,Hamburg,,DE,home,Hamburg,,DE,home_return,,public_transport,,5.48,True,False,True
f8329a24-0149-5d0a-8909-9d5c0c6381bf,e1eb9483-d268-57cf-9b5f-0ef5e1a7fed2,2025-11-10 07:50:00+01:00,2025-11-10 08:03:00+01:00,13,home,Hamburg,,DE,office,Hamburg,,DE,commute,,public_transport,,5.73,True,False,True
1e513626-5f53-5f94-8fb1-e4b1f37191f0,e1eb9483-d268-57cf-9b5f-0ef5e1a7fed2,2025-11-10 17:16:00+01:00,2025-11-10 17:29:00+01:00,13,office,Hamburg,,DE,home,Hamburg,,DE,home_return,,public_transport,,5.73,True,False,True
dd2b394f-2b6a-5f7d-9b98-8448f3a3d5cf,e1eb9483-d268-57cf-9b5f-0ef5e1a7fed2,2025-11-12 07:54:00+01:00,2025-11-12 08:05:00+01:00,11,home,Hamburg,,DE,office,Hamburg,,DE,commute,,public_transport,,4.84,True,False,True
813061f8-565f-5ad8-b04f-54ffc1940bd5,e1eb9483-d268-57cf-9b5f-0ef5e1a7fed2,2025-11-12 17:26:00+01:00,2025-11-12 17:37:00+01:00,11,office,Hamburg,,DE,home,Hamburg,,DE,home_return,,public_transport,,4.84,True,False,True
acb0a237-3e01-59ca-ae7c-ca2580f799bd,e1eb9483-d268-57cf-9b5f-0ef5e1a7fed2,2025-11-14 07:45:00+01:00,2025-11-14 07:54:00+01:00,9,home,Hamburg,,DE,office,Hamburg,,DE,commute,,public_transport,,4.24,True,False,True
5a10d288-927f-57eb-82bb-735719f1c714,e1eb9483-d268-57cf-9b5f-0ef5e1a7fed2,2025-11-14 17:17:00+01:00,2025-11-14 17:26:00+01:00,9,office,Hamburg,,DE,home,Hamburg,,DE,home_return,,public_transport,,4.24,True,False,True
0db3e35b-f8e3-5ae0-b51e-cf93c917f86b,e1eb9483-d268-57cf-9b5f-0ef5e1a7fed2,2025-11-18 07:47:00+01:00,2025-11-18 08:00:00+01:00,13,home,Hamburg,,DE,office,Hamburg,,DE,commute,,public_transport,,5.97,True,False,True
eca65845-52ec-533a-9b56-448c5ab630ff,e1eb9483-d268-57cf-9b5f-0ef5e1a7fed2,2025-11-18 17:32:00+01:00,2025-11-18 17:45:00+01:00,13,office,Hamburg,,DE,home,Hamburg,,DE,home_return,,public_transport,,5.97,True,False,True
13a206fd-c1c7-5315-bf96-0c3f3df630c6,e1eb9483-d268-57cf-9b5f-0ef5e1a7fed2,2025-11-19 07:38:00+01:00,2025-11-19 07:51:00+01:00,13,home,Hamburg,,DE,office,Hamburg,,DE,commute,,public_transport,,5.74,True,False,True
8bc63274-f0c9-5159-9a39-bafa9fd002b4,e1eb9483-d268-57cf-9b5f-0ef5e1a7fed2,2025-11-19 17:36:00+01:00,2025-11-19 17:49:00+01:00,13,office,Hamburg,,DE,home,Hamburg,,DE,home_return,,public_transport,,5.74,True,False,True
efef1ff4-7728-5dad-8a79-0b4783f75b4e,e1eb9483-d268-57cf-9b5f-0ef5e1a7fed2,2025-11-20 07:38:00+01:00,2025-11-20 07:51:00+01:00,13,home,Hamburg,,DE,office,Hamburg,,DE,commute,,public_transport,,5.75,True,False,True
e626b27d-ffb6-5448-9064-9498f53691ba,e1eb9483-d268-57cf-9b5f-0ef5e1a7fed2,2025-11-20 17:36:00+01:00,2025-11-20 17:49:00+01:00,13,office,Hamburg,,DE,home,Hamburg,,DE,home_return,,public_transport,,5.75,True,False,True
b9c386c7-11d9-5893-ba32-24678012c2d9,e1eb9483-d268-57cf-9b5f-0ef5e1a7fed2,2025-11-21 07:50:00+01:00,2025-11-21 08:02:00+01:00,12,home,Hamburg,,DE,office,Hamburg,,DE,commute,,public_transport,,5.2,True,False,True
240fe372-377d-5379-b21d-215ae8c584be,e1eb9483-d268-57cf-9b5f-0ef5e1a7fed2,2025-11-21 17:18:00+01:00,2025-11-21 17:30:00+01:00,12,office,Hamburg,,DE,home,Hamburg,,DE,home_return,,public_transport,,5.2,True,False,True
fefe419f-a202-5cf6-9207-afe92dd555e9,e1eb9483-d268-57cf-9b5f-0ef5e1a7fed2,2025-11-24 07:54:00+01:00,2025-11-24 08:04:00+01:00,10,home,Hamburg,,DE,office,Hamburg,,DE,commute,,public_transport,,4.37,True,False,True
fba03633-6c6d-5aae-9af4-6228668cfb01,e1eb9483-d268-57cf-9b5f-0ef5e1a7fed2,2025-11-24 17:24:00+01:00,2025-11-24 17:34:00+01:00,10,office,Hamburg,,DE,home,Hamburg,,DE,home_return,,public_transport,,4.37,True,False,True
a642d999-e7a1-52b7-9042-c58f9aa93ddc,e1eb9483-d268-57cf-9b5f-0ef5e1a7fed2,2025-11-25 07:36:00+01:00,2025-11-25 07:45:00+01:00,9,home,Hamburg,,DE,office,Hamburg,,DE,commute,,public_transport,,4.07,True,False,True
0dc7ba0e-abcc-5b0e-a0c7-95dc0f2e31e4,e1eb9483-d268-57cf-9b5f-0ef5e1a7fed2,2025-11-25 17:34:00+01:00,2025-11-25 17:43:00+01:00,9,office,Hamburg,,DE,home,Hamburg,,DE,home_return,,public_transport,,4.07,True,False,True
1b6bcfc3-fda9-5c16-a946-fc9cbb678096,e1eb9483-d268-57cf-9b5f-0ef5e1a7fed2,2025-11-26 07:38:00+01:00,2025-11-26 07:47:00+01:00,9,home,Hamburg,,DE,office,Hamburg,,DE,commute,,public_transport,,4.14,True,False,True
e5ee404a-1071-5f00-9b8c-a999d6f47f16,e1eb9483-d268-57cf-9b5f-0ef5e1a7fed2,2025-11-26 17:42:00+01:00,2025-11-26 17:51:00+01:00,9,office,Hamburg,,DE,home,Hamburg,,DE,home_return,,public_transport,,4.14,True,False,True
2dca4474-1c36-5c49-9c95-8771ae014dea,e1eb9483-d268-57cf-9b5f-0ef5e1a7fed2,2025-11-27 07:42:00+01:00,2025-11-27 07:53:00+01:00,11,home,Hamburg,,DE,office,Hamburg,,DE,commute,,public_transport,,5.07,True,False,True
6de64b87-aaa8-5b10-b8b0-c6e581a6dee5,e1eb9483-d268-57cf-9b5f-0ef5e1a7fed2,2025-11-27 17:38:00+01:00,2025-11-27 17:49:00+01:00,11,office,Hamburg,,DE,home,Hamburg,,DE,home_return,,public_transport,,5.07,True,False,True
cd095c5a-755d-5812-8da2-a9bdcfb8989c,e1eb9483-d268-57cf-9b5f-0ef5e1a7fed2,2025-11-28 07:52:00+01:00,2025-11-28 08:03:00+01:00,11,home,Hamburg,,DE,office,Hamburg,,DE,commute,,public_transport,,5.17,True,False,True
036d53b5-32e2-508f-92b3-94e7d24aa40a,e1eb9483-d268-57cf-9b5f-0ef5e1a7fed2,2025-11-28 17:29:00+01:00,2025-11-28 17:40:00+01:00,11,office,Hamburg,,DE,home,Hamburg,,DE,home_return,,public_transport,,5.17,True,False,True
ed83f08c-6cf6-5d9f-ac44-272c049b219c,e1eb9483-d268-57cf-9b5f-0ef5e1a7fed2,2025-12-01 07:42:00+01:00,2025-12-01 07:54:00+01:00,12,home,Hamburg,,DE,office,Hamburg,,DE,commute,,public_transport,,5.21,True,False,True
f1218056-5ffe-5886-8f83-3296e1afc8b6,e1eb9483-d268-57cf-9b5f-0ef5e1a7fed2,2025-12-01 17:27:00+01:00,2025-12-01 17:39:00+01:00,12,office,Hamburg,,DE,home,Hamburg,,DE,home_return,,public_transport,,5.21,True,False,True
c146ebe3-52b4-5c87-b42e-dba8fa3728e7,e1eb9483-d268-57cf-9b5f-0ef5e1a7fed2,2025-12-02 07:55:00+01:00,2025-12-02 08:08:00+01:00,13,home,Hamburg,,DE,office,Hamburg,,DE,commute,,public_transport,,5.71,True,False,True
600d56dc-a8a9-5fbd-91a9-c7fed5903902,e1eb9483-d268-57cf-9b5f-0ef5e1a7fed2,2025-12-02 17:37:00+01:00,2025-12-02 17:50:00+01:00,13,office,Hamburg,,DE,home,Hamburg,,DE,home_return,,public_transport,,5.71,True,False,True
c97eaadb-9a59-5a84-abd4-abe10c4af514,e1eb9483-d268-57cf-9b5f-0ef5e1a7fed2,2025-12-03 07:53:00+01:00,2025-12-03 08:04:00+01:00,11,home,Hamburg,,DE,office,Hamburg,,DE,commute,,public_transport,,4.76,True,False,True
dbdfd9fa-c47d-5c42-ada9-32bdbe2c5f42,e1eb9483-d268-57cf-9b5f-0ef5e1a7fed2,2025-12-03 17:47:00+01:00,2025-12-03 17:58:00+01:00,11,office,Hamburg,,DE,home,Hamburg,,DE,home_return,,public_transport,,4.76,True,False,True
64f3c81f-108f-5bed-9c4f-134189536871,e1eb9483-d268-57cf-9b5f-0ef5e1a7fed2,2025-12-04 07:44:00+01:00,2025-12-04 07:54:00+01:00,10,home,Hamburg,,DE,office,Hamburg,,DE,commute,,public_transport,,4.53,True,False,True
7586ceb8-5288-5010-9414-275a9cc18a93,e1eb9483-d268-57cf-9b5f-0ef5e1a7fed2,2025-12-04 17:42:00+01:00,2025-12-04 17:52:00+01:00,10,office,Hamburg,,DE,home,Hamburg,,DE,home_return,,public_transport,,4.53,True,False,True
304db99b-33b2-569e-851c-33c9e574baf2,e1eb9483-d268-57cf-9b5f-0ef5e1a7fed2,2025-12-05 07:53:00+01:00,2025-12-05 08:04:00+01:00,11,home,Hamburg,,DE,office,Hamburg,,DE,commute,,public_transport,,4.83,True,False,True
e905e1a6-f333-5b61-ad38-c8f4dfabcd91,e1eb9483-d268-57cf-9b5f-0ef5e1a7fed2,2025-12-05 17:43:00+01:00,2025-12-05 17:54:00+01:00,11,office,Hamburg,,DE,home,Hamburg,,DE,home_return,,public_transport,,4.83,True,False,True
a602e54d-1268-59e5-8d6c-5c912894231b,e1eb9483-d268-57cf-9b5f-0ef5e1a7fed2,2025-12-06 12:00:00+01:00,2025-12-06 12:12:00+01:00,12,home,Hamburg,,DE,harbor front,Hamburg,,DE,social,,public_transport,,5.54,False,False,False
4cf74ab0-a985-52e9-b740-ef7971792b35,e1eb9483-d268-57cf-9b5f-0ef5e1a7fed2,2025-12-07 14:00:00+01:00,2025-12-07 14:11:00+01:00,11,home,Hamburg,,DE,harbor front,Hamburg,,DE,social,,public_transport,,5.03,False,False,False
494378e3-80de-5ca4-9777-a6f5ed3bfbf3,e1eb9483-d268-57cf-9b5f-0ef5e1a7fed2,2025-12-08 07:53:00+01:00,2025-12-08 08:06:00+01:00,13,home,Hamburg,,DE,office,Hamburg,,DE,commute,,public_transport,,5.91,True,False,True
21d2877d-63c7-5eb8-a629-2534be602309,e1eb9483-d268-57cf-9b5f-0ef5e1a7fed2,2025-12-08 17:25:00+01:00,2025-12-08 17:38:00+01:00,13,office,Hamburg,,DE,home,Hamburg,,DE,home_return,,public_transport,,5.91,True,False,True
0517beb4-bb14-5641-8092-c16008fb829b,e1eb9483-d268-57cf-9b5f-0ef5e1a7fed2,2025-12-09 07:53:00+01:00,2025-12-09 08:06:00+01:00,13,home,Hamburg,,DE,office,Hamburg,,DE,commute,,public_transport,,5.75,True,False,True
ad21e058-727d-5bf8-9f8b-66a0867760b0,e1eb9483-d268-57cf-9b5f-0ef5e1a7fed2,2025-12-09 17:37:00+01:00,2025-12-09 17:50:00+01:00,13,office,Hamburg,,DE,home,Hamburg,,DE,home_return,,public_transport,,5.75,True,False,True
de7cd9cc-b7b9-52c3-88e2-fb234db7b33c,e1eb9483-d268-57cf-9b5f-0ef5e1a7fed2,2025-12-10 07:41:00+01:00,2025-12-10 07:52:00+01:00,11,home,Hamburg,,DE,office,Hamburg,,DE,commute,,public_transport,,4.76,True,False,True
0dcaf568-335b-5fa7-88fa-aa34a0cda265,e1eb9483-d268-57cf-9b5f-0ef5e1a7fed2,2025-12-10 17:43:00+01:00,2025-12-10 17:54:00+01:00,11,office,Hamburg,,DE,home,Hamburg,,DE,home_return,,public_transport,,4.76,True,False,True
4e1661d9-c8aa-590c-a48e-bfa10afc5f28,e1eb9483-d268-57cf-9b5f-0ef5e1a7fed2,2025-12-12 07:39:00+01:00,2025-12-12 07:49:00+01:00,10,home,Hamburg,,DE,office,Hamburg,,DE,commute,,public_transport,,4.29,True,False,True
fae15985-81d8-55cc-8d83-811d92cf22c3,e1eb9483-d268-57cf-9b5f-0ef5e1a7fed2,2025-12-12 17:48:00+01:00,2025-12-12 17:58:00+01:00,10,office,Hamburg,,DE,home,Hamburg,,DE,home_return,,public_transport,,4.29,True,False,True
ede2b8af-7c9b-5e6d-84d1-0ee399bb3070,e1eb9483-d268-57cf-9b5f-0ef5e1a7fed2,2025-12-15 07:54:00+01:00,2025-12-15 08:05:00+01:00,11,home,Hamburg,,DE,office,Hamburg,,DE,commute,,public_transport,,4.84,True,False,True
ee429ec1-0d23-519c-a408-06494755e40a,e1eb9483-d268-57cf-9b5f-0ef5e1a7fed2,2025-12-15 17:41:00+01:00,2025-12-15 17:52:00+01:00,11,office,Hamburg,,DE,home,Hamburg,,DE,home_return,,public_transport,,4.84,True,False,True
9914eafd-ef68-52c6-b56a-304867a675c6,e1eb9483-d268-57cf-9b5f-0ef5e1a7fed2,2025-12-16 07:39:00+01:00,2025-12-16 07:52:00+01:00,13,home,Hamburg,,DE,office,Hamburg,,DE,commute,,public_transport,,5.81,True,False,True
688de6d1-6535-525c-867a-bc9d9ed3ef73,e1eb9483-d268-57cf-9b5f-0ef5e1a7fed2,2025-12-16 17:37:00+01:00,2025-12-16 17:50:00+01:00,13,office,Hamburg,,DE,home,Hamburg,,DE,home_return,,public_transport,,5.81,True,False,True
cf91beed-013d-5599-9284-e36526b7529d,e1eb9483-d268-57cf-9b5f-0ef5e1a7fed2,2025-12-17 07:53:00+01:00,2025-12-17 08:02:00+01:00,9,home,Hamburg,,DE,office,Hamburg,,DE,commute,,public_transport,,4.13,True,False,True
e0afbf04-627c-5649-8234-a49426425fe9,e1eb9483-d268-57cf-9b5f-0ef5e1a7fed2,2025-12-17 17:36:00+01:00,2025-12-17 17:45:00+01:00,9,office,Hamburg,,DE,home,Hamburg,,DE,home_return,,public_transport,,4.13,True,False,True
5c48de62-b1ef-5fd8-a427-590f091ccb30,e1eb9483-d268-57cf-9b5f-0ef5e1a7fed2,2025-12-18 07:43:00+01:00,2025-12-18 07:53:00+01:00,10,home,Hamburg,,DE,office,Hamburg,,DE,commute,,public_transport,,4.59,True,False,True
c14296ad-7d32-5446-931e-55c221eba059,e1eb9483-d268-57cf-9b5f-0ef5e1a7fed2,2025-12-18 17:16:00+01:00,2025-12-18 17:26:00+01:00,10,office,Hamburg,,DE,home,Hamburg,,DE,home_return,,public_transport,,4.59,True,False,True
3d46e22b-b04a-5940-adf0-1bd186a2e7aa,e1eb9483-d268-57cf-9b5f-0ef5e1a7fed2,2025-12-19 07:40:00+01:00,2025-12-19 07:53:00+01:00,13,home,Hamburg,,DE,office,Hamburg,,DE,commute,,public_transport,,5.89,True,False,True
d7eb48e3-1ad4-5485-97fc-5182c0913480,e1eb9483-d268-57cf-9b5f-0ef5e1a7fed2,2025-12-19 17:24:00+01:00,2025-12-19 17:37:00+01:00,13,office,Hamburg,,DE,home,Hamburg,,DE,home_return,,public_transport,,5.89,True,False,True
578a3fcf-590d-5ae3-af06-d7c3c211dd67,e1eb9483-d268-57cf-9b5f-0ef5e1a7fed2,2025-12-23 07:48:00+01:00,2025-12-23 07:59:00+01:00,11,home,Hamburg,,DE,office,Hamburg,,DE,commute,,public_transport,,4.79,True,False,True
ff09afc6-a89d-5ce2-905d-898e5c8c6c24,e1eb9483-d268-57cf-9b5f-0ef5e1a7fed2,2025-12-23 17:24:00+01:00,2025-12-23 17:35:00+01:00,11,office,Hamburg,,DE,home,Hamburg,,DE,home_return,,public_transport,,4.79,True,False,True
ebf0b82a-1aca-5b44-8464-b347394d498b,e1eb9483-d268-57cf-9b5f-0ef5e1a7fed2,2025-12-24 07:55:00+01:00,2025-12-24 08:06:00+01:00,11,home,Hamburg,,DE,office,Hamburg,,DE,commute,,public_transport,,4.76,True,False,True
238a17dc-5369-551c-a0a7-b5b93424d015,e1eb9483-d268-57cf-9b5f-0ef5e1a7fed2,2025-12-24 17:28:00+01:00,2025-12-24 17:39:00+01:00,11,office,Hamburg,,DE,home,Hamburg,,DE,home_return,,public_transport,,4.76,True,False,True
1d008195-fe3d-5d72-b930-95e9acc988d0,e1eb9483-d268-57cf-9b5f-0ef5e1a7fed2,2025-12-28 14:00:00+01:00,2025-12-28 14:12:00+01:00,12,home,Hamburg,,DE,shopping street,Hamburg,,DE,leisure,,public_transport,,5.55,False,False,False
7e835c83-eec3-5c58-aaec-9a8e74a7ce6a,e1eb9483-d268-57cf-9b5f-0ef5e1a7fed2,2025-12-30 07:38:00+01:00,2025-12-30 07:48:00+01:00,10,home,Hamburg,,DE,office,Hamburg,,DE,commute,,public_transport,,4.45,True,False,True
a25d1c02-f16c-5707-8071-334504566d42,e1eb9483-d268-57cf-9b5f-0ef5e1a7fed2,2025-12-30 17:49:00+01:00,2025-12-30 17:59:00+01:00,10,office,Hamburg,,DE,home,Hamburg,,DE,home_return,,public_transport,,4.45,True,False,True
9a9686e3-19a3-5419-b516-47475515a9de,e1eb9483-d268-57cf-9b5f-0ef5e1a7fed2,2026-01-02 07:38:00+01:00,2026-01-02 07:49:00+01:00,11,home,Hamburg,,DE,office,Hamburg,,DE,commute,,public_transport,,4.77,True,False,True
2099441e-adf6-5242-bfc6-61ca5a403d05,e1eb9483-d268-57cf-9b5f-0ef5e1a7fed2,2026-01-02 17:44:00+01:00,2026-01-02 17:55:00+01:00,11,office,Hamburg,,DE,home,Hamburg,,DE,home_return,,public_transport,,4.77,True,False,True
2b84b311-c343-5cd0-8f50-d36db8a4194c,e1eb9483-d268-57cf-9b5f-0ef5e1a7fed2,2026-01-05 07:49:00+01:00,2026-01-05 07:59:00+01:00,10,home,Hamburg,,DE,office,Hamburg,,DE,commute,,public_transport,,4.45,True,False,True
3de2b8fd-e328-50e2-b85e-9cfe641efbe1,e1eb9483-d268-57cf-9b5f-0ef5e1a7fed2,2026-01-05 17:38:00+01:00,2026-01-05 17:48:00+01:00,10,office,Hamburg,,DE,home,Hamburg,,DE,home_return,,public_transport,,4.45,True,False,True
ce5cea28-328e-504b-88ab-3b72b5f46f58,e1eb9483-d268-57cf-9b5f-0ef5e1a7fed2,2026-01-07 07:45:00+01:00,2026-01-07 07:57:00+01:00,12,home,Hamburg,,DE,office,Hamburg,,DE,commute,,public_transport,,5.35,True,False,True
e4522fd3-caac-5129-8138-040821800bf9,e1eb9483-d268-57cf-9b5f-0ef5e1a7fed2,2026-01-07 17:31:00+01:00,2026-01-07 17:43:00+01:00,12,office,Hamburg,,DE,home,Hamburg,,DE,home_return,,public_transport,,5.35,True,False,True
655d923e-741d-5a24-a946-df97c379b88a,e1eb9483-d268-57cf-9b5f-0ef5e1a7fed2,2026-01-08 07:49:00+01:00,2026-01-08 07:58:00+01:00,9,home,Hamburg,,DE,office,Hamburg,,DE,commute,,public_transport,,4.22,True,False,True
a752b145-2132-58f6-9486-c83ba8234a54,e1eb9483-d268-57cf-9b5f-0ef5e1a7fed2,2026-01-08 17:32:00+01:00,2026-01-08 17:41:00+01:00,9,office,Hamburg,,DE,home,Hamburg,,DE,home_return,,public_transport,,4.22,True,False,True
df12379c-a1b2-5dd1-87e0-0d211e05ee8c,e1eb9483-d268-57cf-9b5f-0ef5e1a7fed2,2026-01-09 07:54:00+01:00,2026-01-09 08:05:00+01:00,11,home,Hamburg,,DE,office,Hamburg,,DE,commute,,public_transport,,4.93,True,False,True
ae1ee4fc-d8cd-52a0-890b-f95b0d271f5e,e1eb9483-d268-57cf-9b5f-0ef5e1a7fed2,2026-01-09 17:43:00+01:00,2026-01-09 17:54:00+01:00,11,office,Hamburg,,DE,home,Hamburg,,DE,home_return,,public_transport,,4.93,True,False,True
b10c8b04-e728-597e-8e6b-cd594c9e5d78,e1eb9483-d268-57cf-9b5f-0ef5e1a7fed2,2026-01-12 07:53:00+01:00,2026-01-12 08:21:00+01:00,28,home,Hamburg,,DE,office,Hamburg,,DE,commute,,regional_train,,18.04,True,False,True
db7bb59b-5f25-5422-9f51-6782c7661638,e1eb9483-d268-57cf-9b5f-0ef5e1a7fed2,2026-01-12 17:28:00+01:00,2026-01-12 17:56:00+01:00,28,office,Hamburg,,DE,home,Hamburg,,DE,home_return,,regional_train,,18.04,True,False,True
54a50859-edc2-5f8a-abbb-a70b212b0ca0,e1eb9483-d268-57cf-9b5f-0ef5e1a7fed2,2026-01-13 07:37:00+01:00,2026-01-13 08:04:00+01:00,27,home,Hamburg,,DE,office,Hamburg,,DE,commute,,regional_train,,17.24,True,False,True
e5ce8f67-c2e8-54b1-bf33-efb974d44e94,e1eb9483-d268-57cf-9b5f-0ef5e1a7fed2,2026-01-13 17:21:00+01:00,2026-01-13 17:48:00+01:00,27,office,Hamburg,,DE,home,Hamburg,,DE,home_return,,regional_train,,17.24,True,False,True
570b7a94-da0a-5a68-acce-0ab790a3602b,e1eb9483-d268-57cf-9b5f-0ef5e1a7fed2,2026-01-14 07:49:00+01:00,2026-01-14 08:14:00+01:00,25,home,Hamburg,,DE,office,Hamburg,,DE,commute,,regional_train,,16.19,True,False,True
0b9b1a28-c082-5c33-b5b7-b01d9ca4d3aa,e1eb9483-d268-57cf-9b5f-0ef5e1a7fed2,2026-01-14 17:46:00+01:00,2026-01-14 18:11:00+01:00,25,office,Hamburg,,DE,home,Hamburg,,DE,home_return,,regional_train,,16.19,True,False,True
6c2c4616-e383-50d4-80ef-c855b3af921a,e1eb9483-d268-57cf-9b5f-0ef5e1a7fed2,2026-01-15 07:40:00+01:00,2026-01-15 08:06:00+01:00,26,home,Hamburg,,DE,office,Hamburg,,DE,commute,,regional_train,,17.05,True,False,True
898bd6c3-9499-575c-9ef3-542ff91187b8,e1eb9483-d268-57cf-9b5f-0ef5e1a7fed2,2026-01-15 17:48:00+01:00,2026-01-15 18:14:00+01:00,26,office,Hamburg,,DE,home,Hamburg,,DE,home_return,,regional_train,,17.05,True,False,True
13787f49-74ca-5e55-9415-13c1d90c2cab,e1eb9483-d268-57cf-9b5f-0ef5e1a7fed2,2026-01-16 07:51:00+01:00,2026-01-16 08:16:00+01:00,25,home,Hamburg,,DE,office,Hamburg,,DE,commute,,regional_train,,16.5,True,False,True
faf4a522-37ed-5db0-af51-de5d1de8fa6a,e1eb9483-d268-57cf-9b5f-0ef5e1a7fed2,2026-01-16 17:34:00+01:00,2026-01-16 17:59:00+01:00,25,office,Hamburg,,DE,home,Hamburg,,DE,home_return,,regional_train,,16.5,True,False,True
1ef6f9f2-71e9-566b-ac48-4b13dd770177,e1eb9483-d268-57cf-9b5f-0ef5e1a7fed2,2026-01-19 07:47:00+01:00,2026-01-19 08:15:00+01:00,28,home,Hamburg,,DE,office,Hamburg,,DE,commute,,regional_train,,18.25,True,False,True
9fb56ba1-7134-5e66-905b-5e356589cbe3,e1eb9483-d268-57cf-9b5f-0ef5e1a7fed2,2026-01-19 17:18:00+01:00,2026-01-19 17:46:00+01:00,28,office,Hamburg,,DE,home,Hamburg,,DE,home_return,,regional_train,,18.25,True,False,True
39d779fe-7a92-5b17-bf3c-277056015210,e1eb9483-d268-57cf-9b5f-0ef5e1a7fed2,2026-01-20 07:40:00+01:00,2026-01-20 08:09:00+01:00,29,home,Hamburg,,DE,office,Hamburg,,DE,commute,,regional_train,,18.75,True,False,True
a24a406d-022a-5b2e-aaa5-94a0f54a7840,e1eb9483-d268-57cf-9b5f-0ef5e1a7fed2,2026-01-20 17:36:00+01:00,2026-01-20 18:05:00+01:00,29,office,Hamburg,,DE,home,Hamburg,,DE,home_return,,regional_train,,18.75,True,False,True
d693be03-c0f4-5c6f-956f-f5c1ce938d11,e1eb9483-d268-57cf-9b5f-0ef5e1a7fed2,2026-01-21 07:55:00+01:00,2026-01-21 08:21:00+01:00,26,home,Hamburg,,DE,office,Hamburg,,DE,commute,,regional_train,,17.03,True,False,True
3c237aa3-444b-590a-b124-73aca03fa996,e1eb9483-d268-57cf-9b5f-0ef5e1a7fed2,2026-01-21 17:41:00+01:00,2026-01-21 18:07:00+01:00,26,office,Hamburg,,DE,home,Hamburg,,DE,home_return,,regional_train,,17.03,True,False,True
e346d7a8-d33f-5dcc-b2c2-085781c65004,e1eb9483-d268-57cf-9b5f-0ef5e1a7fed2,2026-01-22 07:46:00+01:00,2026-01-22 08:13:00+01:00,27,home,Hamburg,,DE,office,Hamburg,,DE,commute,,regional_train,,17.75,True,False,True
01297028-e676-555a-84ed-32d250161ab0,e1eb9483-d268-57cf-9b5f-0ef5e1a7fed2,2026-01-22 17:25:00+01:00,2026-01-22 17:52:00+01:00,27,office,Hamburg,,DE,home,Hamburg,,DE,home_return,,regional_train,,17.75,True,False,True
36ea2790-5c49-5f32-ab24-7a8ee79d7157,e1eb9483-d268-57cf-9b5f-0ef5e1a7fed2,2026-01-23 07:44:00+01:00,2026-01-23 08:09:00+01:00,25,home,Hamburg,,DE,office,Hamburg,,DE,commute,,regional_train,,16.32,True,False,True
494af61e-0fe8-5c01-937b-61b7fd296279,e1eb9483-d268-57cf-9b5f-0ef5e1a7fed2,2026-01-23 17:37:00+01:00,2026-01-23 18:02:00+01:00,25,office,Hamburg,,DE,home,Hamburg,,DE,home_return,,regional_train,,16.32,True,False,True
0bf12839-2edc-5d78-9002-ee486813e36b,e1eb9483-d268-57cf-9b5f-0ef5e1a7fed2,2026-01-25 17:00:00+01:00,2026-01-25 17:11:00+01:00,11,home,Hamburg,,DE,harbor front,Hamburg,,DE,leisure,,public_transport,,4.95,False,False,False
fd0149fa-7036-5f4e-a5c4-f5aa7656e2e5,e1eb9483-d268-57cf-9b5f-0ef5e1a7fed2,2026-01-26 07:36:00+01:00,2026-01-26 08:02:00+01:00,26,home,Hamburg,,DE,office,Hamburg,,DE,commute,,regional_train,,17.2,True,False,True
2af5bbf2-209b-5dd0-a89b-87d80f8c9c2d,e1eb9483-d268-57cf-9b5f-0ef5e1a7fed2,2026-01-26 17:27:00+01:00,2026-01-26 17:53:00+01:00,26,office,Hamburg,,DE,home,Hamburg,,DE,home_return,,regional_train,,17.2,True,False,True
afbf4891-7e2f-5596-af58-f30721398bf7,e1eb9483-d268-57cf-9b5f-0ef5e1a7fed2,2026-01-27 07:47:00+01:00,2026-01-27 08:12:00+01:00,25,home,Hamburg,,DE,office,Hamburg,,DE,commute,,regional_train,,16.25,True,False,True
f2fb55c8-ec25-5d64-8e7a-2a4912e77549,e1eb9483-d268-57cf-9b5f-0ef5e1a7fed2,2026-01-27 17:28:00+01:00,2026-01-27 17:53:00+01:00,25,office,Hamburg,,DE,home,Hamburg,,DE,home_return,,regional_train,,16.25,True,False,True
aeb17c3f-4728-58fe-8e20-8868ab6d19dd,e1eb9483-d268-57cf-9b5f-0ef5e1a7fed2,2026-01-28 07:40:00+01:00,2026-01-28 08:07:00+01:00,27,home,Hamburg,,DE,office,Hamburg,,DE,commute,,regional_train,,17.65,True,False,True
e2b1424c-d336-509c-8a7e-76011b1e2b33,e1eb9483-d268-57cf-9b5f-0ef5e1a7fed2,2026-01-28 17:20:00+01:00,2026-01-28 17:47:00+01:00,27,office,Hamburg,,DE,home,Hamburg,,DE,home_return,,regional_train,,17.65,True,False,True
75d33c21-99c2-55a6-8091-8d738c73063c,e1eb9483-d268-57cf-9b5f-0ef5e1a7fed2,2026-01-29 07:48:00+01:00,2026-01-29 08:14:00+01:00,26,home,Hamburg,,DE,office,Hamburg,,DE,commute,,regional_train,,17.05,True,False,True
3be08595-6c85-5359-ad85-4abc4cbfbb13,e1eb9483-d268-57cf-9b5f-0ef5e1a7fed2,2026-01-29 17:42:00+01:00,2026-01-29 18:08:00+01:00,26,office,Hamburg,,DE,home,Hamburg,,DE,home_return,,regional_train,,17.05,True,False,True
9cf04a19-79a3-53e9-94b9-f7f939c214ed,e1eb9483-d268-57cf-9b5f-0ef5e1a7fed2,2026-01-30 07:36:00+01:00,2026-01-30 08:03:00+01:00,27,home,Hamburg,,DE,office,Hamburg,,DE,commute,,regional_train,,17.76,True,False,True
4fd42940-46ed-5a71-b0c4-6b52bc131760,e1eb9483-d268-57cf-9b5f-0ef5e1a7fed2,2026-01-30 17:33:00+01:00,2026-01-30 18:00:00+01:00,27,office,Hamburg,,DE,home,Hamburg,,DE,home_return,,regional_train,,17.76,True,False,True
062a6e06-53b8-5d64-bbaa-e01d1ab3def7,e1eb9483-d268-57cf-9b5f-0ef5e1a7fed2,2026-02-02 07:54:00+01:00,2026-02-02 08:21:00+01:00,27,home,Hamburg,,DE,office,Hamburg,,DE,commute,,regional_train,,17.42,True,False,True
9e054ea9-07c8-5c72-b8f1-3477aa5444ce,e1eb9483-d268-57cf-9b5f-0ef5e1a7fed2,2026-02-02 17:36:00+01:00,2026-02-02 18:03:00+01:00,27,office,Hamburg,,DE,home,Hamburg,,DE,home_return,,regional_train,,17.42,True,False,True
2705a7ca-b315-590e-ba5e-ac3f0dc4a9c9,e1eb9483-d268-57cf-9b5f-0ef5e1a7fed2,2026-02-03 07:54:00+01:00,2026-02-03 08:19:00+01:00,25,home,Hamburg,,DE,office,Hamburg,,DE,commute,,regional_train,,16.36,True,False,True
1ffd8faa-1edb-5bf2-94ce-dfdc81852e52,e1eb9483-d268-57cf-9b5f-0ef5e1a7fed2,2026-02-03 17:33:00+01:00,2026-02-03 17:58:00+01:00,25,office,Hamburg,,DE,home,Hamburg,,DE,home_return,,regional_train,,16.36,True,False,True
7ac88450-d128-5eb2-8643-8d6d2a637a16,e1eb9483-d268-57cf-9b5f-0ef5e1a7fed2,2026-02-04 07:48:00+01:00,2026-02-04 08:15:00+01:00,27,home,Hamburg,,DE,office,Hamburg,,DE,commute,,regional_train,,17.68,True,False,True
863cc192-cb7a-57af-b21e-c4095dd75b4c,e1eb9483-d268-57cf-9b5f-0ef5e1a7fed2,2026-02-04 17:30:00+01:00,2026-02-04 17:57:00+01:00,27,office,Hamburg,,DE,home,Hamburg,,DE,home_return,,regional_train,,17.68,True,False,True
a427462c-6d14-5ed1-86eb-8fb728e5201b,e1eb9483-d268-57cf-9b5f-0ef5e1a7fed2,2026-02-05 07:47:00+01:00,2026-02-05 08:16:00+01:00,29,home,Hamburg,,DE,office,Hamburg,,DE,commute,,regional_train,,18.8,True,False,True
c73bbb90-3f75-55af-816a-440f72e5f6fa,e1eb9483-d268-57cf-9b5f-0ef5e1a7fed2,2026-02-05 17:38:00+01:00,2026-02-05 18:07:00+01:00,29,office,Hamburg,,DE,home,Hamburg,,DE,home_return,,regional_train,,18.8,True,False,True
e9bde72b-9bc2-50dc-8f6a-61946dfb04da,e1eb9483-d268-57cf-9b5f-0ef5e1a7fed2,2026-02-06 07:51:00+01:00,2026-02-06 08:19:00+01:00,28,home,Hamburg,,DE,office,Hamburg,,DE,commute,,regional_train,,18.17,True,False,True
b16d47d1-4ee5-5afc-8cfb-52d7002b7783,e1eb9483-d268-57cf-9b5f-0ef5e1a7fed2,2026-02-06 17:16:00+01:00,2026-02-06 17:44:00+01:00,28,office,Hamburg,,DE,home,Hamburg,,DE,home_return,,regional_train,,18.17,True,False,True
dec56ad2-7c63-5c8e-917e-0020aab4122a,e1eb9483-d268-57cf-9b5f-0ef5e1a7fed2,2026-02-08 17:00:00+01:00,2026-02-08 17:13:00+01:00,13,home,Hamburg,,DE,shopping street,Hamburg,,DE,leisure,,public_transport,,5.96,False,False,False
1738ac6a-c2c6-5d2b-969f-a6195fa990a9,e1eb9483-d268-57cf-9b5f-0ef5e1a7fed2,2026-02-09 07:54:00+01:00,2026-02-09 08:21:00+01:00,27,home,Hamburg,,DE,office,Hamburg,,DE,commute,,regional_train,,17.71,True,False,True
1935712a-f5b6-50f3-8fcc-5893b91b1afb,e1eb9483-d268-57cf-9b5f-0ef5e1a7fed2,2026-02-09 17:17:00+01:00,2026-02-09 17:44:00+01:00,27,office,Hamburg,,DE,home,Hamburg,,DE,home_return,,regional_train,,17.71,True,False,True
954db049-3438-578c-bbc4-d2139fd42c7f,e1eb9483-d268-57cf-9b5f-0ef5e1a7fed2,2026-02-10 07:46:00+01:00,2026-02-10 08:13:00+01:00,27,home,Hamburg,,DE,office,Hamburg,,DE,commute,,regional_train,,17.52,True,False,True
0e006960-6e89-5f95-87db-3599c3a4f9b6,e1eb9483-d268-57cf-9b5f-0ef5e1a7fed2,2026-02-10 17:18:00+01:00,2026-02-10 17:45:00+01:00,27,office,Hamburg,,DE,home,Hamburg,,DE,home_return,,regional_train,,17.52,True,False,True
5f21f3d2-0895-575c-afdd-8f95fa25a07b,e1eb9483-d268-57cf-9b5f-0ef5e1a7fed2,2026-02-11 07:39:00+01:00,2026-02-11 08:04:00+01:00,25,home,Hamburg,,DE,office,Hamburg,,DE,commute,,regional_train,,16.5,True,False,True
6914d9c5-61b4-5aa9-b3e5-3327fa2c2b23,e1eb9483-d268-57cf-9b5f-0ef5e1a7fed2,2026-02-11 17:27:00+01:00,2026-02-11 17:52:00+01:00,25,office,Hamburg,,DE,home,Hamburg,,DE,home_return,,regional_train,,16.5,True,False,True
acb6bb3e-4c88-53bc-9ed5-c9e481dff4d7,e1eb9483-d268-57cf-9b5f-0ef5e1a7fed2,2026-02-12 07:41:00+01:00,2026-02-12 08:07:00+01:00,26,home,Hamburg,,DE,office,Hamburg,,DE,commute,,regional_train,,16.81,True,False,True
a234d243-1e91-55a0-be4b-cb464cf5fcbd,e1eb9483-d268-57cf-9b5f-0ef5e1a7fed2,2026-02-12 17:37:00+01:00,2026-02-12 18:03:00+01:00,26,office,Hamburg,,DE,home,Hamburg,,DE,home_return,,regional_train,,16.81,True,False,True
f64f1891-1778-56b0-9a35-063d42fc3255,e1eb9483-d268-57cf-9b5f-0ef5e1a7fed2,2026-02-13 07:38:00+01:00,2026-02-13 08:04:00+01:00,26,home,Hamburg,,DE,office,Hamburg,,DE,commute,,regional_train,,17.11,True,False,True
c61faef3-0fde-569b-a435-6a28c9bd126a,e1eb9483-d268-57cf-9b5f-0ef5e1a7fed2,2026-02-13 17:32:00+01:00,2026-02-13 17:58:00+01:00,26,office,Hamburg,,DE,home,Hamburg,,DE,home_return,,regional_train,,17.11,True,False,True
b0ad7691-8e5d-5f9b-a0f0-a553436a6681,e1eb9483-d268-57cf-9b5f-0ef5e1a7fed2,2026-02-14 15:00:00+01:00,2026-02-14 15:08:00+01:00,8,home,Hamburg,,DE,shopping street,Hamburg,,DE,social,,public_transport,,3.63,False,False,False
8d523f1d-8d1b-5bf8-9b58-28b0ee8fde9f,e1eb9483-d268-57cf-9b5f-0ef5e1a7fed2,2026-02-16 07:53:00+01:00,2026-02-16 08:22:00+01:00,29,home,Hamburg,,DE,office,Hamburg,,DE,commute,,regional_train,,18.79,True,False,True
e69b6543-75c8-5598-8e1e-64d5c8cd656e,e1eb9483-d268-57cf-9b5f-0ef5e1a7fed2,2026-02-16 17:30:00+01:00,2026-02-16 17:59:00+01:00,29,office,Hamburg,,DE,home,Hamburg,,DE,home_return,,regional_train,,18.79,True,False,True
fa112d3c-947c-5d07-b84e-2f5ba05e5e3f,e1eb9483-d268-57cf-9b5f-0ef5e1a7fed2,2026-02-17 07:45:00+01:00,2026-02-17 08:12:00+01:00,27,home,Hamburg,,DE,office,Hamburg,,DE,commute,,regional_train,,17.48,True,False,True
49ff500f-9f89-505d-b27f-2fa6eec72163,e1eb9483-d268-57cf-9b5f-0ef5e1a7fed2,2026-02-17 17:25:00+01:00,2026-02-17 17:52:00+01:00,27,office,Hamburg,,DE,home,Hamburg,,DE,home_return,,regional_train,,17.48,True,False,True
d4ec0fe3-15a7-527d-860f-852f424ad674,e1eb9483-d268-57cf-9b5f-0ef5e1a7fed2,2026-02-18 07:45:00+01:00,2026-02-18 08:12:00+01:00,27,home,Hamburg,,DE,office,Hamburg,,DE,commute,,regional_train,,17.31,True,False,True
f6110371-6e07-53ee-9fb6-2577e414fd64,e1eb9483-d268-57cf-9b5f-0ef5e1a7fed2,2026-02-18 17:16:00+01:00,2026-02-18 17:43:00+01:00,27,office,Hamburg,,DE,home,Hamburg,,DE,home_return,,regional_train,,17.31,True,False,True
4cac14b8-a7db-5ae1-8cf0-6db37da6673c,e1eb9483-d268-57cf-9b5f-0ef5e1a7fed2,2026-02-19 07:42:00+01:00,2026-02-19 08:08:00+01:00,26,home,Hamburg,,DE,office,Hamburg,,DE,commute,,regional_train,,16.58,True,False,True
d98a2cf6-efc8-54ca-a44b-08bcc4b62e33,e1eb9483-d268-57cf-9b5f-0ef5e1a7fed2,2026-02-19 17:24:00+01:00,2026-02-19 17:50:00+01:00,26,office,Hamburg,,DE,home,Hamburg,,DE,home_return,,regional_train,,16.58,True,False,True
a28cc246-1f4d-5be8-bce5-e5664ae1f040,e1eb9483-d268-57cf-9b5f-0ef5e1a7fed2,2026-02-20 07:47:00+01:00,2026-02-20 08:12:00+01:00,25,home,Hamburg,,DE,office,Hamburg,,DE,commute,,regional_train,,16.46,True,False,True
8cfbdbcd-c412-5bae-acfd-233d59f1c643,e1eb9483-d268-57cf-9b5f-0ef5e1a7fed2,2026-02-20 17:39:00+01:00,2026-02-20 18:04:00+01:00,25,office,Hamburg,,DE,home,Hamburg,,DE,home_return,,regional_train,,16.46,True,False,True
87187193-a80b-59f1-a22e-e0de0263a681,e1eb9483-d268-57cf-9b5f-0ef5e1a7fed2,2026-02-22 11:00:00+01:00,2026-02-22 11:11:00+01:00,11,home,Hamburg,,DE,harbor front,Hamburg,,DE,leisure,,public_transport,,4.79,False,False,False
c8ccaeee-4723-5d45-9df4-58d88b78a6a1,e1eb9483-d268-57cf-9b5f-0ef5e1a7fed2,2026-02-23 07:36:00+01:00,2026-02-23 08:05:00+01:00,29,home,Hamburg,,DE,office,Hamburg,,DE,commute,,regional_train,,18.99,True,False,True
6d4b88c2-4f2e-5616-aeba-4aaccc2186e3,e1eb9483-d268-57cf-9b5f-0ef5e1a7fed2,2026-02-23 17:24:00+01:00,2026-02-23 17:53:00+01:00,29,office,Hamburg,,DE,home,Hamburg,,DE,home_return,,regional_train,,18.99,True,False,True
c146f8dc-c190-5a72-afb9-5f41cf597d00,e1eb9483-d268-57cf-9b5f-0ef5e1a7fed2,2026-02-24 07:35:00+01:00,2026-02-24 08:04:00+01:00,29,home,Hamburg,,DE,office,Hamburg,,DE,commute,,regional_train,,18.76,True,False,True
a1281917-c54e-5815-a8f3-42ae9eee833d,e1eb9483-d268-57cf-9b5f-0ef5e1a7fed2,2026-02-24 17:48:00+01:00,2026-02-24 18:17:00+01:00,29,office,Hamburg,,DE,home,Hamburg,,DE,home_return,,regional_train,,18.76,True,False,True
f137342c-192b-5e30-b724-e74e1d7134da,e1eb9483-d268-57cf-9b5f-0ef5e1a7fed2,2026-02-25 07:41:00+01:00,2026-02-25 08:07:00+01:00,26,home,Hamburg,,DE,office,Hamburg,,DE,commute,,regional_train,,16.8,True,False,True
a1dc61dd-10df-5d91-bb25-8d4d1655e11d,e1eb9483-d268-57cf-9b5f-0ef5e1a7fed2,2026-02-25 17:31:00+01:00,2026-02-25 17:57:00+01:00,26,office,Hamburg,,DE,home,Hamburg,,DE,home_return,,regional_train,,16.8,True,False,True
6192bf23-2d1d-512f-84e8-f098caf13c69,e1eb9483-d268-57cf-9b5f-0ef5e1a7fed2,2026-02-26 07:43:00+01:00,2026-02-26 08:12:00+01:00,29,home,Hamburg,,DE,office,Hamburg,,DE,commute,,regional_train,,18.93,True,False,True
ac2c99a0-cde3-5e9f-847c-380416c8abe2,e1eb9483-d268-57cf-9b5f-0ef5e1a7fed2,2026-02-26 17:19:00+01:00,2026-02-26 17:48:00+01:00,29,office,Hamburg,,DE,home,Hamburg,,DE,home_return,,regional_train,,18.93,True,False,True
b6659124-f0f4-57ee-9864-5f706043669a,e1eb9483-d268-57cf-9b5f-0ef5e1a7fed2,2026-02-27 07:38:00+01:00,2026-02-27 08:05:00+01:00,27,home,Hamburg,,DE,office,Hamburg,,DE,commute,,regional_train,,17.81,True,False,True
7030655b-bb13-5b1f-a8f0-3be9772ab130,e1eb9483-d268-57cf-9b5f-0ef5e1a7fed2,2026-02-27 17:37:00+01:00,2026-02-27 18:04:00+01:00,27,office,Hamburg,,DE,home,Hamburg,,DE,home_return,,regional_train,,17.81,True,False,True
47fc19c5-5f8b-5a99-a175-fe5f95849905,e1eb9483-d268-57cf-9b5f-0ef5e1a7fed2,2026-02-28 14:00:00+01:00,2026-02-28 14:12:00+01:00,12,home,Hamburg,,DE,harbor front,Hamburg,,DE,leisure,,public_transport,,5.39,False,False,False
c01eddc2-7a05-59c1-9362-d567ae2a1254,e1eb9483-d268-57cf-9b5f-0ef5e1a7fed2,2026-03-02 07:40:00+02:00,2026-03-02 08:09:00+02:00,29,home,Hamburg,,DE,office,Hamburg,,DE,commute,,regional_train,,18.86,True,False,True
de6d5895-3c7d-51c1-a245-ab8024ca656b,e1eb9483-d268-57cf-9b5f-0ef5e1a7fed2,2026-03-02 17:19:00+02:00,2026-03-02 17:48:00+02:00,29,office,Hamburg,,DE,home,Hamburg,,DE,home_return,,regional_train,,18.86,True,False,True
8c0c6eba-62b6-554c-9151-85a869018bed,e1eb9483-d268-57cf-9b5f-0ef5e1a7fed2,2026-03-03 07:43:00+02:00,2026-03-03 08:11:00+02:00,28,home,Hamburg,,DE,office,Hamburg,,DE,commute,,regional_train,,17.99,True,False,True
ccd35db8-11b1-556e-91f7-d68df14d0cf4,e1eb9483-d268-57cf-9b5f-0ef5e1a7fed2,2026-03-03 17:19:00+02:00,2026-03-03 17:47:00+02:00,28,office,Hamburg,,DE,home,Hamburg,,DE,home_return,,regional_train,,17.99,True,False,True
6c9ce27f-8b26-5355-9c09-ffba31c62279,e1eb9483-d268-57cf-9b5f-0ef5e1a7fed2,2026-03-06 07:39:00+02:00,2026-03-06 08:05:00+02:00,26,home,Hamburg,,DE,office,Hamburg,,DE,commute,,regional_train,,17.14,True,False,True
b43d4b79-d130-5d93-825a-1ae9ed791c66,e1eb9483-d268-57cf-9b5f-0ef5e1a7fed2,2026-03-06 17:33:00+02:00,2026-03-06 17:59:00+02:00,26,office,Hamburg,,DE,home,Hamburg,,DE,home_return,,regional_train,,17.14,True,False,True
b9806161-cf28-54a8-b7fc-44db8db38ded,e1eb9483-d268-57cf-9b5f-0ef5e1a7fed2,2026-03-08 13:00:00+02:00,2026-03-08 13:09:00+02:00,9,home,Hamburg,,DE,harbor front,Hamburg,,DE,leisure,,public_transport,,4.01,False,False,False
429856f2-8f0a-5e09-8965-d529649bea3b,e1eb9483-d268-57cf-9b5f-0ef5e1a7fed2,2026-03-09 07:44:00+02:00,2026-03-09 08:13:00+02:00,29,home,Hamburg,,DE,office,Hamburg,,DE,commute,,regional_train,,18.69,True,False,True
f074a264-8631-5cda-b3fd-15e1040458dc,e1eb9483-d268-57cf-9b5f-0ef5e1a7fed2,2026-03-09 17:40:00+02:00,2026-03-09 18:09:00+02:00,29,office,Hamburg,,DE,home,Hamburg,,DE,home_return,,regional_train,,18.69,True,False,True
67f43c58-1dc3-5a92-a269-b10d8fee0288,e1eb9483-d268-57cf-9b5f-0ef5e1a7fed2,2026-03-10 07:55:00+02:00,2026-03-10 08:24:00+02:00,29,home,Hamburg,,DE,office,Hamburg,,DE,commute,,regional_train,,18.67,True,False,True
908274ee-bf57-51f4-9ff1-190be18c8093,e1eb9483-d268-57cf-9b5f-0ef5e1a7fed2,2026-03-10 17:44:00+02:00,2026-03-10 18:13:00+02:00,29,office,Hamburg,,DE,home,Hamburg,,DE,home_return,,regional_train,,18.67,True,False,True
385b2c7f-3994-5189-b4d2-6af137373980,e1eb9483-d268-57cf-9b5f-0ef5e1a7fed2,2026-03-11 07:53:00+02:00,2026-03-11 08:19:00+02:00,26,home,Hamburg,,DE,office,Hamburg,,DE,commute,,regional_train,,17.01,True,False,True
28c6b257-967f-5493-96a1-5986a5a1fab2,e1eb9483-d268-57cf-9b5f-0ef5e1a7fed2,2026-03-11 17:32:00+02:00,2026-03-11 17:58:00+02:00,26,office,Hamburg,,DE,home,Hamburg,,DE,home_return,,regional_train,,17.01,True,False,True
92f44934-2496-54cd-b241-dbccc2b5e8f1,e1eb9483-d268-57cf-9b5f-0ef5e1a7fed2,2026-03-13 07:51:00+02:00,2026-03-13 08:19:00+02:00,28,home,Hamburg,,DE,office,Hamburg,,DE,commute,,regional_train,,17.89,True,False,True
06f326ec-887a-5daa-8b3d-0e42c35970ee,e1eb9483-d268-57cf-9b5f-0ef5e1a7fed2,2026-03-13 17:46:00+02:00,2026-03-13 18:14:00+02:00,28,office,Hamburg,,DE,home,Hamburg,,DE,home_return,,regional_train,,17.89,True,False,True
a25ad269-3dcc-53e5-a7fd-6daf35a926ae,e1eb9483-d268-57cf-9b5f-0ef5e1a7fed2,2026-03-15 16:00:00+02:00,2026-03-15 16:12:00+02:00,12,home,Hamburg,,DE,harbor front,Hamburg,,DE,leisure,,public_transport,,5.47,False,False,False
6996834e-8ef7-55b1-9532-a4ff04103a3c,e1eb9483-d268-57cf-9b5f-0ef5e1a7fed2,2026-03-16 07:37:00+02:00,2026-03-16 08:02:00+02:00,25,home,Hamburg,,DE,office,Hamburg,,DE,commute,,regional_train,,16.15,True,False,True
49b32bb3-2229-5f67-b3b5-8beefaaaf52d,e1eb9483-d268-57cf-9b5f-0ef5e1a7fed2,2026-03-16 17:48:00+02:00,2026-03-16 18:13:00+02:00,25,office,Hamburg,,DE,home,Hamburg,,DE,home_return,,regional_train,,16.15,True,False,True
ca56061e-8c54-5178-aa8c-05cd3a1140ac,e1eb9483-d268-57cf-9b5f-0ef5e1a7fed2,2026-03-17 07:47:00+02:00,2026-03-17 08:12:00+02:00,25,home,Hamburg,,DE,office,Hamburg,,DE,commute,,regional_train,,16.32,True,False,True
c1f8aa28-eb34-5736-9862-4275c97f877c,e1eb9483-d268-57cf-9b5f-0ef5e1a7fed2,2026-03-17 17:17:00+02:00,2026-03-17 17:42:00+02:00,25,office,Hamburg,,DE,home,Hamburg,,DE,home_return,,regional_train,,16.32,True,False,True
1e8cc52c-697e-5b10-9728-abb26f0397f8,e1eb9483-d268-57cf-9b5f-0ef5e1a7fed2,2026-03-18 07:42:00+02:00,2026-03-18 08:07:00+02:00,25,home,Hamburg,,DE,office,Hamburg,,DE,commute,,regional_train,,16.05,True,False,True
469fb24a-7b89-5750-904e-b75571f5bebd,e1eb9483-d268-57cf-9b5f-0ef5e1a7fed2,2026-03-18 17:19:00+02:00,2026-03-18 17:44:00+02:00,25,office,Hamburg,,DE,home,Hamburg,,DE,home_return,,regional_train,,16.05,True,False,True
a9d8d97b-3b04-5a46-9a7d-6c5a98523640,e1eb9483-d268-57cf-9b5f-0ef5e1a7fed2,2026-03-19 07:49:00+02:00,2026-03-19 08:17:00+02:00,28,home,Hamburg,,DE,office,Hamburg,,DE,commute,,regional_train,,18.14,True,False,True
c8dc4d5c-2d59-5f12-babb-ed980fe9c325,e1eb9483-d268-57cf-9b5f-0ef5e1a7fed2,2026-03-19 17:42:00+02:00,2026-03-19 18:10:00+02:00,28,office,Hamburg,,DE,home,Hamburg,,DE,home_return,,regional_train,,18.14,True,False,True
d68a5008-8598-56b7-b880-f36cdb039382,e1eb9483-d268-57cf-9b5f-0ef5e1a7fed2,2026-03-20 07:38:00+02:00,2026-03-20 08:05:00+02:00,27,home,Hamburg,,DE,office,Hamburg,,DE,commute,,regional_train,,17.25,True,False,True
1d73c744-95e7-53c8-81f1-fba2b988af5b,e1eb9483-d268-57cf-9b5f-0ef5e1a7fed2,2026-03-20 17:33:00+02:00,2026-03-20 18:00:00+02:00,27,office,Hamburg,,DE,home,Hamburg,,DE,home_return,,regional_train,,17.25,True,False,True
ebd34870-7153-5754-bc12-617f2a698858,e1eb9483-d268-57cf-9b5f-0ef5e1a7fed2,2026-03-23 07:48:00+02:00,2026-03-23 08:16:00+02:00,28,home,Hamburg,,DE,office,Hamburg,,DE,commute,,regional_train,,18.17,True,False,True
600f8509-c8a3-5427-98e8-81ffa9968401,e1eb9483-d268-57cf-9b5f-0ef5e1a7fed2,2026-03-23 17:34:00+02:00,2026-03-23 18:02:00+02:00,28,office,Hamburg,,DE,home,Hamburg,,DE,home_return,,regional_train,,18.17,True,False,True
d2fd88cf-b809-52a9-9fc8-3e2b29ff322b,e1eb9483-d268-57cf-9b5f-0ef5e1a7fed2,2026-03-24 07:36:00+02:00,2026-03-24 08:05:00+02:00,29,home,Hamburg,,DE,office,Hamburg,,DE,commute,,regional_train,,18.81,True,False,True
2d5ac148-9656-52f9-87ec-a917257a6b10,e1eb9483-d268-57cf-9b5f-0ef5e1a7fed2,2026-03-24 17:26:00+02:00,2026-03-24 17:55:00+02:00,29,office,Hamburg,,DE,home,Hamburg,,DE,home_return,,regional_train,,18.81,True,False,True
8b9a1f4b-493a-5621-b951-4b3a3d14c656,e1eb9483-d268-57cf-9b5f-0ef5e1a7fed2,2026-03-25 07:37:00+02:00,2026-03-25 08:04:00+02:00,27,home,Hamburg,,DE,office,Hamburg,,DE,commute,,regional_train,,17.38,True,False,True
f5a9a231-6057-55e9-94a5-b2da2570304c,e1eb9483-d268-57cf-9b5f-0ef5e1a7fed2,2026-03-25 17:22:00+02:00,2026-03-25 17:49:00+02:00,27,office,Hamburg,,DE,home,Hamburg,,DE,home_return,,regional_train,,17.38,True,False,True
7fda569e-8b1c-5a91-be52-6b5576c5642d,e1eb9483-d268-57cf-9b5f-0ef5e1a7fed2,2026-03-26 07:42:00+02:00,2026-03-26 08:11:00+02:00,29,home,Hamburg,,DE,office,Hamburg,,DE,commute,,regional_train,,18.85,True,False,True
4f1806d9-405c-55fd-a59b-f13decb6b1df,e1eb9483-d268-57cf-9b5f-0ef5e1a7fed2,2026-03-26 17:22:00+02:00,2026-03-26 17:51:00+02:00,29,office,Hamburg,,DE,home,Hamburg,,DE,home_return,,regional_train,,18.85,True,False,True
a73251eb-5d62-5895-8e2e-d64ae440ffec,e1eb9483-d268-57cf-9b5f-0ef5e1a7fed2,2026-03-27 07:47:00+02:00,2026-03-27 08:14:00+02:00,27,home,Hamburg,,DE,office,Hamburg,,DE,commute,,regional_train,,17.47,True,False,True
ec630216-0e3a-56bd-a57a-2f41ab1b3bb8,e1eb9483-d268-57cf-9b5f-0ef5e1a7fed2,2026-03-27 17:46:00+02:00,2026-03-27 18:13:00+02:00,27,office,Hamburg,,DE,home,Hamburg,,DE,home_return,,regional_train,,17.47,True,False,True
0c7f38bd-e367-580e-b67f-3339051a948f,e1eb9483-d268-57cf-9b5f-0ef5e1a7fed2,2026-03-28 15:00:00+02:00,2026-03-28 15:10:00+02:00,10,home,Hamburg,,DE,harbor front,Hamburg,,DE,social,,public_transport,,4.6,False,False,False
af8b3341-ad11-5514-a275-08d3e951c328,e1eb9483-d268-57cf-9b5f-0ef5e1a7fed2,2026-03-30 07:54:00+02:00,2026-03-30 08:21:00+02:00,27,home,Hamburg,,DE,office,Hamburg,,DE,commute,,regional_train,,17.81,True,False,True
3dd12073-035f-57c0-b643-9e0b036716a0,e1eb9483-d268-57cf-9b5f-0ef5e1a7fed2,2026-03-30 17:42:00+02:00,2026-03-30 18:09:00+02:00,27,office,Hamburg,,DE,home,Hamburg,,DE,home_return,,regional_train,,17.81,True,False,True
9495dd37-4ccd-5533-abbf-43b4f1a8d325,e1eb9483-d268-57cf-9b5f-0ef5e1a7fed2,2026-03-31 07:55:00+02:00,2026-03-31 08:22:00+02:00,27,home,Hamburg,,DE,office,Hamburg,,DE,commute,,regional_train,,17.62,True,False,True
31bce95c-c6be-5e04-bac1-8a422124203f,e1eb9483-d268-57cf-9b5f-0ef5e1a7fed2,2026-03-31 17:38:00+02:00,2026-03-31 18:05:00+02:00,27,office,Hamburg,,DE,home,Hamburg,,DE,home_return,,regional_train,,17.62,True,False,True
7f0d19fc-cb52-5720-8ee4-c9da5fdebbaf,e1eb9483-d268-57cf-9b5f-0ef5e1a7fed2,2026-04-01 07:43:00+02:00,2026-04-01 08:08:00+02:00,25,home,Hamburg,,DE,office,Hamburg,,DE,commute,,regional_train,,16.24,True,False,True
ce2918fe-eb0a-5053-9532-6cc951bbd0ac,e1eb9483-d268-57cf-9b5f-0ef5e1a7fed2,2026-04-01 17:17:00+02:00,2026-04-01 17:42:00+02:00,25,office,Hamburg,,DE,home,Hamburg,,DE,home_return,,regional_train,,16.24,True,False,True
bd6d4ad7-5496-546a-b780-67191680074e,e1eb9483-d268-57cf-9b5f-0ef5e1a7fed2,2026-04-02 07:44:00+02:00,2026-04-02 08:11:00+02:00,27,home,Hamburg,,DE,office,Hamburg,,DE,commute,,regional_train,,17.36,True,False,True
36934c3d-f798-530a-b8bc-2ce0c9315d12,e1eb9483-d268-57cf-9b5f-0ef5e1a7fed2,2026-04-02 17:18:00+02:00,2026-04-02 17:45:00+02:00,27,office,Hamburg,,DE,home,Hamburg,,DE,home_return,,regional_train,,17.36,True,False,True
321449a9-4707-5daa-ad4d-7a819f46ce50,e1eb9483-d268-57cf-9b5f-0ef5e1a7fed2,2026-04-03 07:49:00+02:00,2026-04-03 08:16:00+02:00,27,home,Hamburg,,DE,office,Hamburg,,DE,commute,,regional_train,,17.74,True,False,True
6c866500-5b5f-540e-99cb-551f308510aa,e1eb9483-d268-57cf-9b5f-0ef5e1a7fed2,2026-04-03 17:30:00+02:00,2026-04-03 17:57:00+02:00,27,office,Hamburg,,DE,home,Hamburg,,DE,home_return,,regional_train,,17.74,True,False,True
9b45b773-f756-5a84-96c3-f73ee8875992,e1eb9483-d268-57cf-9b5f-0ef5e1a7fed2,2026-04-05 14:00:00+02:00,2026-04-05 14:10:00+02:00,10,home,Hamburg,,DE,harbor front,Hamburg,,DE,social,,public_transport,,4.51,False,False,False
5845d884-792f-521e-b5e1-e489257b112a,e1eb9483-d268-57cf-9b5f-0ef5e1a7fed2,2026-04-06 07:48:00+02:00,2026-04-06 08:14:00+02:00,26,home,Hamburg,,DE,office,Hamburg,,DE,commute,,regional_train,,16.7,True,False,True
61b1b65c-babc-5a6e-809d-f52b4eaad373,e1eb9483-d268-57cf-9b5f-0ef5e1a7fed2,2026-04-06 17:39:00+02:00,2026-04-06 18:05:00+02:00,26,office,Hamburg,,DE,home,Hamburg,,DE,home_return,,regional_train,,16.7,True,False,True
0583a49c-ac86-5bad-b3cb-1dcdac35f832,e1eb9483-d268-57cf-9b5f-0ef5e1a7fed2,2026-04-07 07:51:00+02:00,2026-04-07 08:16:00+02:00,25,home,Hamburg,,DE,office,Hamburg,,DE,commute,,regional_train,,16.23,True,False,True
d95365cd-1dab-53eb-9790-8bc219368b89,e1eb9483-d268-57cf-9b5f-0ef5e1a7fed2,2026-04-07 17:40:00+02:00,2026-04-07 18:05:00+02:00,25,office,Hamburg,,DE,home,Hamburg,,DE,home_return,,regional_train,,16.23,True,False,True
d7d165b3-c61e-509d-8e53-bf00b247de9e,e1eb9483-d268-57cf-9b5f-0ef5e1a7fed2,2026-04-08 07:50:00+02:00,2026-04-08 08:18:00+02:00,28,home,Hamburg,,DE,office,Hamburg,,DE,commute,,regional_train,,18.23,True,False,True
79dc4c83-94a2-50b8-bc64-3ca3ed190ae9,e1eb9483-d268-57cf-9b5f-0ef5e1a7fed2,2026-04-08 17:39:00+02:00,2026-04-08 18:07:00+02:00,28,office,Hamburg,,DE,home,Hamburg,,DE,home_return,,regional_train,,18.23,True,False,True
bbb35e89-6084-5b6f-9185-7934b0a24c66,e1eb9483-d268-57cf-9b5f-0ef5e1a7fed2,2026-04-09 07:39:00+02:00,2026-04-09 08:08:00+02:00,29,home,Hamburg,,DE,office,Hamburg,,DE,commute,,regional_train,,18.68,True,False,True
026b2717-079b-5066-9f7c-b5bb0cb773f0,e1eb9483-d268-57cf-9b5f-0ef5e1a7fed2,2026-04-09 17:46:00+02:00,2026-04-09 18:15:00+02:00,29,office,Hamburg,,DE,home,Hamburg,,DE,home_return,,regional_train,,18.68,True,False,True
411521be-3f37-58a2-a3eb-f6d7524d1095,e1eb9483-d268-57cf-9b5f-0ef5e1a7fed2,2026-04-10 07:45:00+02:00,2026-04-10 08:10:00+02:00,25,home,Hamburg,,DE,office,Hamburg,,DE,commute,,regional_train,,16.5,True,False,True
df4a073b-213e-5243-9570-85fc3e49eba8,e1eb9483-d268-57cf-9b5f-0ef5e1a7fed2,2026-04-10 17:36:00+02:00,2026-04-10 18:01:00+02:00,25,office,Hamburg,,DE,home,Hamburg,,DE,home_return,,regional_train,,16.5,True,False,True
54100005-cbea-5ef7-80d2-fad0af8f2372,e1eb9483-d268-57cf-9b5f-0ef5e1a7fed2,2026-04-11 11:00:00+02:00,2026-04-11 11:09:00+02:00,9,home,Hamburg,,DE,harbor front,Hamburg,,DE,shopping,,public_transport,,3.84,False,False,False
5a2be103-334e-5fb7-ab09-59b24654bd4e,e1eb9483-d268-57cf-9b5f-0ef5e1a7fed2,2026-04-13 07:36:00+02:00,2026-04-13 08:02:00+02:00,26,home,Hamburg,,DE,office,Hamburg,,DE,commute,,regional_train,,16.67,True,False,True
1649efce-7eff-5e57-87d4-e80e4281c158,e1eb9483-d268-57cf-9b5f-0ef5e1a7fed2,2026-04-13 17:27:00+02:00,2026-04-13 17:53:00+02:00,26,office,Hamburg,,DE,home,Hamburg,,DE,home_return,,regional_train,,16.67,True,False,True
cb6c9311-e3df-59f2-8f16-396c7802156c,e1eb9483-d268-57cf-9b5f-0ef5e1a7fed2,2026-04-15 07:50:00+02:00,2026-04-15 08:19:00+02:00,29,home,Hamburg,,DE,office,Hamburg,,DE,commute,,regional_train,,18.86,True,False,True
35966129-6509-5d59-b657-8e73ea5fc703,e1eb9483-d268-57cf-9b5f-0ef5e1a7fed2,2026-04-15 17:49:00+02:00,2026-04-15 18:18:00+02:00,29,office,Hamburg,,DE,home,Hamburg,,DE,home_return,,regional_train,,18.86,True,False,True
bee84616-3752-57a5-bdb7-8b980f4fe1de,e1eb9483-d268-57cf-9b5f-0ef5e1a7fed2,2026-04-16 07:45:00+02:00,2026-04-16 08:12:00+02:00,27,home,Hamburg,,DE,office,Hamburg,,DE,commute,,regional_train,,17.24,True,False,True
f5782331-09bc-584a-9d6a-323fa5058852,e1eb9483-d268-57cf-9b5f-0ef5e1a7fed2,2026-04-16 17:48:00+02:00,2026-04-16 18:15:00+02:00,27,office,Hamburg,,DE,home,Hamburg,,DE,home_return,,regional_train,,17.24,True,False,True
6146d53d-ee90-5f0a-849d-1361ae9bdff7,e1eb9483-d268-57cf-9b5f-0ef5e1a7fed2,2026-04-17 07:46:00+02:00,2026-04-17 08:15:00+02:00,29,home,Hamburg,,DE,office,Hamburg,,DE,commute,,regional_train,,18.87,True,False,True
d872e98b-9fd7-5202-b2ca-88ccfe91994b,e1eb9483-d268-57cf-9b5f-0ef5e1a7fed2,2026-04-17 17:50:00+02:00,2026-04-17 18:19:00+02:00,29,office,Hamburg,,DE,home,Hamburg,,DE,home_return,,regional_train,,18.87,True,False,True
3c54bb59-3d37-5f4c-b18e-98e41568bfa2,e1eb9483-d268-57cf-9b5f-0ef5e1a7fed2,2026-04-19 13:00:00+02:00,2026-04-19 13:11:00+02:00,11,home,Hamburg,,DE,shopping street,Hamburg,,DE,leisure,,public_transport,,5.16,False,False,False
52af4826-8c7a-5cc5-b6f9-31f9b24c1166,e1eb9483-d268-57cf-9b5f-0ef5e1a7fed2,2026-04-20 07:51:00+02:00,2026-04-20 08:17:00+02:00,26,home,Hamburg,,DE,office,Hamburg,,DE,commute,,regional_train,,16.59,True,False,True
273e8193-f01d-5e11-816b-73ad3f9d74ab,e1eb9483-d268-57cf-9b5f-0ef5e1a7fed2,2026-04-20 17:26:00+02:00,2026-04-20 17:52:00+02:00,26,office,Hamburg,,DE,home,Hamburg,,DE,home_return,,regional_train,,16.59,True,False,True
1addf106-826a-5409-9090-31047b4f5cdf,e1eb9483-d268-57cf-9b5f-0ef5e1a7fed2,2026-04-21 07:49:00+02:00,2026-04-21 08:16:00+02:00,27,home,Hamburg,,DE,office,Hamburg,,DE,commute,,regional_train,,17.77,True,False,True
b800410d-7e1c-5e74-a718-286572d44773,e1eb9483-d268-57cf-9b5f-0ef5e1a7fed2,2026-04-21 17:33:00+02:00,2026-04-21 18:00:00+02:00,27,office,Hamburg,,DE,home,Hamburg,,DE,home_return,,regional_train,,17.77,True,False,True
8907aadc-8954-58a7-8d20-f6fad7510163,e1eb9483-d268-57cf-9b5f-0ef5e1a7fed2,2026-04-23 07:52:00+02:00,2026-04-23 08:21:00+02:00,29,home,Hamburg,,DE,office,Hamburg,,DE,commute,,regional_train,,18.79,True,False,True
cb7596e7-d662-5aab-b455-f8610fbef869,e1eb9483-d268-57cf-9b5f-0ef5e1a7fed2,2026-04-23 17:37:00+02:00,2026-04-23 18:06:00+02:00,29,office,Hamburg,,DE,home,Hamburg,,DE,home_return,,regional_train,,18.79,True,False,True
51777556-c66a-53ae-8c00-659c99ecfc16,e1eb9483-d268-57cf-9b5f-0ef5e1a7fed2,2026-04-24 07:50:00+02:00,2026-04-24 08:18:00+02:00,28,home,Hamburg,,DE,office,Hamburg,,DE,commute,,regional_train,,18.09,True,False,True
ce59e718-0649-59dd-96c3-7f4ef8161b24,e1eb9483-d268-57cf-9b5f-0ef5e1a7fed2,2026-04-24 17:47:00+02:00,2026-04-24 18:15:00+02:00,28,office,Hamburg,,DE,home,Hamburg,,DE,home_return,,regional_train,,18.09,True,False,True
cf12c8b6-4316-5061-9453-f384e58e14ae,e1eb9483-d268-57cf-9b5f-0ef5e1a7fed2,2026-04-27 07:42:00+02:00,2026-04-27 08:10:00+02:00,28,home,Hamburg,,DE,office,Hamburg,,DE,commute,,regional_train,,18.02,True,False,True
bd981dcc-ae8c-5004-9fbe-a56a6dd84408,e1eb9483-d268-57cf-9b5f-0ef5e1a7fed2,2026-04-27 17:41:00+02:00,2026-04-27 18:09:00+02:00,28,office,Hamburg,,DE,home,Hamburg,,DE,home_return,,regional_train,,18.02,True,False,True
f1172664-0f0d-54ce-b7e3-f8cd0c20e015,e1eb9483-d268-57cf-9b5f-0ef5e1a7fed2,2026-04-28 07:45:00+02:00,2026-04-28 08:12:00+02:00,27,home,Hamburg,,DE,office,Hamburg,,DE,commute,,regional_train,,17.69,True,False,True
2d862dec-8328-5e7b-b56b-f9d6e525b74c,e1eb9483-d268-57cf-9b5f-0ef5e1a7fed2,2026-04-28 17:35:00+02:00,2026-04-28 18:02:00+02:00,27,office,Hamburg,,DE,home,Hamburg,,DE,home_return,,regional_train,,17.69,True,False,True
a553370a-d12b-5a26-ab5e-65ff6bb5e29d,e1eb9483-d268-57cf-9b5f-0ef5e1a7fed2,2026-04-30 07:53:00+02:00,2026-04-30 08:18:00+02:00,25,home,Hamburg,,DE,office,Hamburg,,DE,commute,,regional_train,,16.48,True,False,True
75f2aab6-1620-5c18-b0bf-6a621bd038bd,e1eb9483-d268-57cf-9b5f-0ef5e1a7fed2,2026-04-30 17:40:00+02:00,2026-04-30 18:05:00+02:00,25,office,Hamburg,,DE,home,Hamburg,,DE,home_return,,regional_train,,16.48,True,False,True
a98140b0-f2cb-5561-9e38-aa4c9d10ce81,e1eb9483-d268-57cf-9b5f-0ef5e1a7fed2,2026-05-01 07:48:00+02:00,2026-05-01 08:13:00+02:00,25,home,Hamburg,,DE,office,Hamburg,,DE,commute,,regional_train,,16.27,True,False,True
28285487-01dd-5447-9d55-c0bb000598d2,e1eb9483-d268-57cf-9b5f-0ef5e1a7fed2,2026-05-01 17:17:00+02:00,2026-05-01 17:42:00+02:00,25,office,Hamburg,,DE,home,Hamburg,,DE,home_return,,regional_train,,16.27,True,False,True
395cdac2-1e23-5dfa-aaa9-94dc417c4e80,e1eb9483-d268-57cf-9b5f-0ef5e1a7fed2,2026-05-04 07:44:00+02:00,2026-05-04 08:12:00+02:00,28,home,Hamburg,,DE,office,Hamburg,,DE,commute,,regional_train,,18.51,True,False,True
3da452b9-72df-533c-8763-1743cac065b7,e1eb9483-d268-57cf-9b5f-0ef5e1a7fed2,2026-05-04 17:25:00+02:00,2026-05-04 17:53:00+02:00,28,office,Hamburg,,DE,home,Hamburg,,DE,home_return,,regional_train,,18.51,True,False,True
d8947fb1-e394-5a76-a1f0-31c593495fd7,e1eb9483-d268-57cf-9b5f-0ef5e1a7fed2,2026-05-05 07:40:00+02:00,2026-05-05 08:09:00+02:00,29,home,Hamburg,,DE,office,Hamburg,,DE,commute,,regional_train,,18.89,True,False,True
bcbf1a37-14a4-5463-b3fa-a4650555e245,e1eb9483-d268-57cf-9b5f-0ef5e1a7fed2,2026-05-05 17:37:00+02:00,2026-05-05 18:06:00+02:00,29,office,Hamburg,,DE,home,Hamburg,,DE,home_return,,regional_train,,18.89,True,False,True
d38a9865-3d64-59b1-a7bc-a645cd13a421,e1eb9483-d268-57cf-9b5f-0ef5e1a7fed2,2026-05-06 07:36:00+02:00,2026-05-06 08:05:00+02:00,29,home,Hamburg,,DE,office,Hamburg,,DE,commute,,regional_train,,18.9,True,False,True
fc44760e-ad4a-5880-9776-c35e1cf492ff,e1eb9483-d268-57cf-9b5f-0ef5e1a7fed2,2026-05-06 17:23:00+02:00,2026-05-06 17:52:00+02:00,29,office,Hamburg,,DE,home,Hamburg,,DE,home_return,,regional_train,,18.9,True,False,True
7f40b3a5-3df6-5965-bca4-c37975c89a46,e1eb9483-d268-57cf-9b5f-0ef5e1a7fed2,2026-05-07 07:50:00+02:00,2026-05-07 08:17:00+02:00,27,home,Hamburg,,DE,office,Hamburg,,DE,commute,,regional_train,,17.58,True,False,True
ff7840c1-3424-5e4b-af5c-056cc7eb814a,e1eb9483-d268-57cf-9b5f-0ef5e1a7fed2,2026-05-07 17:36:00+02:00,2026-05-07 18:03:00+02:00,27,office,Hamburg,,DE,home,Hamburg,,DE,home_return,,regional_train,,17.58,True,False,True
b894ee33-4d59-52f6-98be-2165bee61132,e1eb9483-d268-57cf-9b5f-0ef5e1a7fed2,2026-05-08 07:50:00+02:00,2026-05-08 08:18:00+02:00,28,home,Hamburg,,DE,office,Hamburg,,DE,commute,,regional_train,,17.98,True,False,True
0a75890c-8bf8-5f9a-9a58-372591bf1d69,e1eb9483-d268-57cf-9b5f-0ef5e1a7fed2,2026-05-08 17:37:00+02:00,2026-05-08 18:05:00+02:00,28,office,Hamburg,,DE,home,Hamburg,,DE,home_return,,regional_train,,17.98,True,False,True
13ec7f09-bea4-5191-ae81-31c40eff3f3b,e1eb9483-d268-57cf-9b5f-0ef5e1a7fed2,2026-05-11 07:49:00+02:00,2026-05-11 08:16:00+02:00,27,home,Hamburg,,DE,office,Hamburg,,DE,commute,,regional_train,,17.29,True,False,True
0ca9507b-d4d5-56b1-b9eb-f818004e457f,e1eb9483-d268-57cf-9b5f-0ef5e1a7fed2,2026-05-11 17:46:00+02:00,2026-05-11 18:13:00+02:00,27,office,Hamburg,,DE,home,Hamburg,,DE,home_return,,regional_train,,17.29,True,False,True
540f7304-2a39-5361-8044-f00ac24f2dd0,e1eb9483-d268-57cf-9b5f-0ef5e1a7fed2,2026-05-12 07:51:00+02:00,2026-05-12 08:16:00+02:00,25,home,Hamburg,,DE,office,Hamburg,,DE,commute,,regional_train,,16.14,True,False,True
a6c1dfec-abdd-560a-9637-b53c86b9dbf9,e1eb9483-d268-57cf-9b5f-0ef5e1a7fed2,2026-05-12 17:25:00+02:00,2026-05-12 17:50:00+02:00,25,office,Hamburg,,DE,home,Hamburg,,DE,home_return,,regional_train,,16.14,True,False,True
498efa38-36c1-581f-8ee0-84f3d893f6ba,e1eb9483-d268-57cf-9b5f-0ef5e1a7fed2,2026-05-13 07:38:00+02:00,2026-05-13 08:06:00+02:00,28,home,Hamburg,,DE,office,Hamburg,,DE,commute,,regional_train,,18.02,True,False,True
d633ff52-6c7a-589c-9e34-5fc3e7bd1696,e1eb9483-d268-57cf-9b5f-0ef5e1a7fed2,2026-05-13 17:35:00+02:00,2026-05-13 18:03:00+02:00,28,office,Hamburg,,DE,home,Hamburg,,DE,home_return,,regional_train,,18.02,True,False,True
e0a1099f-bec7-598b-be12-83fec941474d,e1eb9483-d268-57cf-9b5f-0ef5e1a7fed2,2026-05-14 07:54:00+02:00,2026-05-14 08:20:00+02:00,26,home,Hamburg,,DE,office,Hamburg,,DE,commute,,regional_train,,16.72,True,False,True
0c9be685-ed9d-557f-9218-82f1aca01cae,e1eb9483-d268-57cf-9b5f-0ef5e1a7fed2,2026-05-14 17:50:00+02:00,2026-05-14 18:16:00+02:00,26,office,Hamburg,,DE,home,Hamburg,,DE,home_return,,regional_train,,16.72,True,False,True
c22f1d73-ca1f-56b0-b939-70371ddaf619,e1eb9483-d268-57cf-9b5f-0ef5e1a7fed2,2026-05-15 07:41:00+02:00,2026-05-15 08:09:00+02:00,28,home,Hamburg,,DE,office,Hamburg,,DE,commute,,regional_train,,18.15,True,False,True
b602fbb2-3d49-590f-9333-17f2aa93d903,e1eb9483-d268-57cf-9b5f-0ef5e1a7fed2,2026-05-15 17:45:00+02:00,2026-05-15 18:13:00+02:00,28,office,Hamburg,,DE,home,Hamburg,,DE,home_return,,regional_train,,18.15,True,False,True
23e1d3c9-4648-5559-add4-3923eae4c4af,e1eb9483-d268-57cf-9b5f-0ef5e1a7fed2,2026-05-20 07:50:00+02:00,2026-05-20 08:18:00+02:00,28,home,Hamburg,,DE,office,Hamburg,,DE,commute,,regional_train,,18.32,True,False,True
58030e7f-2f0a-546a-a76a-e3c04ba9bb3c,e1eb9483-d268-57cf-9b5f-0ef5e1a7fed2,2026-05-20 17:48:00+02:00,2026-05-20 18:16:00+02:00,28,office,Hamburg,,DE,home,Hamburg,,DE,home_return,,regional_train,,18.32,True,False,True
d50ce9d2-c38e-5d2e-b59f-683dd686215c,e1eb9483-d268-57cf-9b5f-0ef5e1a7fed2,2026-05-21 07:41:00+02:00,2026-05-21 08:06:00+02:00,25,home,Hamburg,,DE,office,Hamburg,,DE,commute,,regional_train,,16.37,True,False,True
7c3b71aa-c99c-5c4d-aac1-4bc802b027db,e1eb9483-d268-57cf-9b5f-0ef5e1a7fed2,2026-05-21 17:48:00+02:00,2026-05-21 18:13:00+02:00,25,office,Hamburg,,DE,home,Hamburg,,DE,home_return,,regional_train,,16.37,True,False,True
6be32733-7268-557c-a38e-c5b2607650ac,e1eb9483-d268-57cf-9b5f-0ef5e1a7fed2,2026-05-22 07:55:00+02:00,2026-05-22 08:21:00+02:00,26,home,Hamburg,,DE,office,Hamburg,,DE,commute,,regional_train,,16.73,True,False,True
b2cd83ff-a3c2-5e71-9a67-6fcfa2a0afbe,e1eb9483-d268-57cf-9b5f-0ef5e1a7fed2,2026-05-22 17:24:00+02:00,2026-05-22 17:50:00+02:00,26,office,Hamburg,,DE,home,Hamburg,,DE,home_return,,regional_train,,16.73,True,False,True
0d74f2ae-1b45-51c2-977b-f3ec1756ef82,e1eb9483-d268-57cf-9b5f-0ef5e1a7fed2,2026-05-25 07:42:00+02:00,2026-05-25 08:07:00+02:00,25,home,Hamburg,,DE,office,Hamburg,,DE,commute,,regional_train,,16.36,True,False,True
8ea69d81-8234-5406-ae97-bcd1b47424cb,e1eb9483-d268-57cf-9b5f-0ef5e1a7fed2,2026-05-25 17:21:00+02:00,2026-05-25 17:46:00+02:00,25,office,Hamburg,,DE,home,Hamburg,,DE,home_return,,regional_train,,16.36,True,False,True
a82f2ada-3b63-596d-968b-7ac618f3968d,e1eb9483-d268-57cf-9b5f-0ef5e1a7fed2,2026-05-27 07:50:00+02:00,2026-05-27 08:15:00+02:00,25,home,Hamburg,,DE,office,Hamburg,,DE,commute,,regional_train,,16.15,True,False,True
7db29e29-d14c-54f2-a400-72f36cc8e916,e1eb9483-d268-57cf-9b5f-0ef5e1a7fed2,2026-05-27 17:42:00+02:00,2026-05-27 18:07:00+02:00,25,office,Hamburg,,DE,home,Hamburg,,DE,home_return,,regional_train,,16.15,True,False,True
46ba2b90-6517-560b-bfbd-d2a77a1c832c,e1eb9483-d268-57cf-9b5f-0ef5e1a7fed2,2026-05-28 07:50:00+02:00,2026-05-28 08:19:00+02:00,29,home,Hamburg,,DE,office,Hamburg,,DE,commute,,regional_train,,18.97,True,False,True
181a1d13-fe4d-5c09-9fb4-ca0efe06bb44,e1eb9483-d268-57cf-9b5f-0ef5e1a7fed2,2026-05-28 17:31:00+02:00,2026-05-28 18:00:00+02:00,29,office,Hamburg,,DE,home,Hamburg,,DE,home_return,,regional_train,,18.97,True,False,True
095eee06-faa3-59e9-abc1-6b07feded554,e1eb9483-d268-57cf-9b5f-0ef5e1a7fed2,2026-05-29 07:45:00+02:00,2026-05-29 08:12:00+02:00,27,home,Hamburg,,DE,office,Hamburg,,DE,commute,,regional_train,,17.31,True,False,True
f01a822c-07fa-57a7-a94a-b583e918205c,e1eb9483-d268-57cf-9b5f-0ef5e1a7fed2,2026-05-29 17:33:00+02:00,2026-05-29 18:00:00+02:00,27,office,Hamburg,,DE,home,Hamburg,,DE,home_return,,regional_train,,17.31,True,False,True
b65f330b-25fb-5d94-9cee-5d57ac3f4b00,e1eb9483-d268-57cf-9b5f-0ef5e1a7fed2,2026-05-30 16:00:00+02:00,2026-05-30 16:08:00+02:00,8,home,Hamburg,,DE,harbor front,Hamburg,,DE,leisure,,public_transport,,3.5,False,False,False
cab54de2-d83f-5b01-842e-9ccdf74bffda,e1eb9483-d268-57cf-9b5f-0ef5e1a7fed2,2026-06-01 07:46:00+02:00,2026-06-01 08:14:00+02:00,28,home,Hamburg,,DE,office,Hamburg,,DE,commute,,regional_train,,18.52,True,False,True
b3ce2305-2364-5893-87d9-c591aa104ebf,e1eb9483-d268-57cf-9b5f-0ef5e1a7fed2,2026-06-01 17:49:00+02:00,2026-06-01 18:17:00+02:00,28,office,Hamburg,,DE,home,Hamburg,,DE,home_return,,regional_train,,18.52,True,False,True
309fe0d2-accd-529c-9971-8a7bc3258827,e1eb9483-d268-57cf-9b5f-0ef5e1a7fed2,2026-06-02 07:54:00+02:00,2026-06-02 08:22:00+02:00,28,home,Hamburg,,DE,office,Hamburg,,DE,commute,,regional_train,,18.09,True,False,True
48604c76-0289-5bdb-9544-e995f465259a,e1eb9483-d268-57cf-9b5f-0ef5e1a7fed2,2026-06-02 17:22:00+02:00,2026-06-02 17:50:00+02:00,28,office,Hamburg,,DE,home,Hamburg,,DE,home_return,,regional_train,,18.09,True,False,True
bd53fcdd-5401-5c76-bdac-034ae5a09c3a,e1eb9483-d268-57cf-9b5f-0ef5e1a7fed2,2026-06-03 07:45:00+02:00,2026-06-03 08:11:00+02:00,26,home,Hamburg,,DE,office,Hamburg,,DE,commute,,regional_train,,16.62,True,False,True
16e4970e-12b7-5d98-aa34-56695bd884fa,e1eb9483-d268-57cf-9b5f-0ef5e1a7fed2,2026-06-03 17:33:00+02:00,2026-06-03 17:59:00+02:00,26,office,Hamburg,,DE,home,Hamburg,,DE,home_return,,regional_train,,16.62,True,False,True
750bb3df-2398-5ebd-8eae-dc9068352ca4,e1eb9483-d268-57cf-9b5f-0ef5e1a7fed2,2026-06-04 07:52:00+02:00,2026-06-04 08:18:00+02:00,26,home,Hamburg,,DE,office,Hamburg,,DE,commute,,regional_train,,16.69,True,False,True
693dcfec-15fd-52d3-a405-9a8dcfbfb011,e1eb9483-d268-57cf-9b5f-0ef5e1a7fed2,2026-06-04 17:31:00+02:00,2026-06-04 17:57:00+02:00,26,office,Hamburg,,DE,home,Hamburg,,DE,home_return,,regional_train,,16.69,True,False,True
e84a634c-3b76-5239-bd4e-ec89bc822d7a,e1eb9483-d268-57cf-9b5f-0ef5e1a7fed2,2026-06-05 07:36:00+02:00,2026-06-05 08:01:00+02:00,25,home,Hamburg,,DE,office,Hamburg,,DE,commute,,regional_train,,16.24,True,False,True
98a36e95-53d4-5106-9501-e16d93a2d381,e1eb9483-d268-57cf-9b5f-0ef5e1a7fed2,2026-06-05 17:29:00+02:00,2026-06-05 17:54:00+02:00,25,office,Hamburg,,DE,home,Hamburg,,DE,home_return,,regional_train,,16.24,True,False,True
78eed7c1-e025-5fa7-8dd0-cf6c730bfee3,e1eb9483-d268-57cf-9b5f-0ef5e1a7fed2,2026-06-06 15:00:00+02:00,2026-06-06 15:13:00+02:00,13,home,Hamburg,,DE,shopping street,Hamburg,,DE,shopping,,public_transport,,5.96,False,False,False
36e01e3a-0995-5ce0-a96d-1ca7aadba029,e1eb9483-d268-57cf-9b5f-0ef5e1a7fed2,2026-06-07 17:00:00+02:00,2026-06-07 17:09:00+02:00,9,home,Hamburg,,DE,shopping street,Hamburg,,DE,leisure,,public_transport,,4.1,False,False,False
718b305b-4b7c-58a3-8538-c36823bfa491,e1eb9483-d268-57cf-9b5f-0ef5e1a7fed2,2026-06-08 07:41:00+02:00,2026-06-08 08:07:00+02:00,26,home,Hamburg,,DE,office,Hamburg,,DE,commute,,regional_train,,16.58,True,False,True
5e8a0fd3-f9a8-55da-ae22-d79a195237c3,e1eb9483-d268-57cf-9b5f-0ef5e1a7fed2,2026-06-08 17:18:00+02:00,2026-06-08 17:44:00+02:00,26,office,Hamburg,,DE,home,Hamburg,,DE,home_return,,regional_train,,16.58,True,False,True
bb171f27-6c1f-5e0c-95b4-21d927cf56cc,e1eb9483-d268-57cf-9b5f-0ef5e1a7fed2,2026-06-09 07:46:00+02:00,2026-06-09 08:12:00+02:00,26,home,Hamburg,,DE,office,Hamburg,,DE,commute,,regional_train,,17.19,True,False,True
059dc382-4040-57bd-afcd-c852e6238bb8,e1eb9483-d268-57cf-9b5f-0ef5e1a7fed2,2026-06-09 17:38:00+02:00,2026-06-09 18:04:00+02:00,26,office,Hamburg,,DE,home,Hamburg,,DE,home_return,,regional_train,,17.19,True,False,True
9a63e441-8797-5c02-82bf-36e5a7be4591,e1eb9483-d268-57cf-9b5f-0ef5e1a7fed2,2026-06-10 07:51:00+02:00,2026-06-10 08:19:00+02:00,28,home,Hamburg,,DE,office,Hamburg,,DE,commute,,regional_train,,18.08,True,False,True
c571b153-a64d-56f5-9f7a-298ad59090fe,e1eb9483-d268-57cf-9b5f-0ef5e1a7fed2,2026-06-10 17:34:00+02:00,2026-06-10 18:02:00+02:00,28,office,Hamburg,,DE,home,Hamburg,,DE,home_return,,regional_train,,18.08,True,False,True
32f8668f-5c05-5277-a37c-70b76db51dde,e1eb9483-d268-57cf-9b5f-0ef5e1a7fed2,2026-06-11 07:55:00+02:00,2026-06-11 08:20:00+02:00,25,home,Hamburg,,DE,office,Hamburg,,DE,commute,,regional_train,,16.56,True,False,True
7cec4974-a3ff-50ae-a3cd-46a0504250a7,e1eb9483-d268-57cf-9b5f-0ef5e1a7fed2,2026-06-11 17:32:00+02:00,2026-06-11 17:57:00+02:00,25,office,Hamburg,,DE,home,Hamburg,,DE,home_return,,regional_train,,16.56,True,False,True
5355b66d-5bdb-5a84-9575-65e297db6972,e1eb9483-d268-57cf-9b5f-0ef5e1a7fed2,2026-06-12 07:55:00+02:00,2026-06-12 08:24:00+02:00,29,home,Hamburg,,DE,office,Hamburg,,DE,commute,,regional_train,,18.6,True,False,True
6b7306c1-4e64-5f29-8ed0-2678f0578fc5,e1eb9483-d268-57cf-9b5f-0ef5e1a7fed2,2026-06-12 17:33:00+02:00,2026-06-12 18:02:00+02:00,29,office,Hamburg,,DE,home,Hamburg,,DE,home_return,,regional_train,,18.6,True,False,True
18ca682f-1e11-5ddc-867d-f69369d29024,e1eb9483-d268-57cf-9b5f-0ef5e1a7fed2,2026-06-14 11:00:00+02:00,2026-06-14 11:09:00+02:00,9,home,Hamburg,,DE,harbor front,Hamburg,,DE,social,,public_transport,,4.13,False,False,False
a97264eb-a7a8-54a8-a316-bbdf989017ca,e1eb9483-d268-57cf-9b5f-0ef5e1a7fed2,2026-06-15 07:53:00+02:00,2026-06-15 08:19:00+02:00,26,home,Hamburg,,DE,office,Hamburg,,DE,commute,,regional_train,,17.08,True,False,True
07265a0e-bb4a-515f-9d28-13744ad7373c,e1eb9483-d268-57cf-9b5f-0ef5e1a7fed2,2026-06-15 17:22:00+02:00,2026-06-15 17:48:00+02:00,26,office,Hamburg,,DE,home,Hamburg,,DE,home_return,,regional_train,,17.08,True,False,True
4e2c4c29-f7e6-5fee-a0bb-0c5c3705cea0,e1eb9483-d268-57cf-9b5f-0ef5e1a7fed2,2026-06-16 07:38:00+02:00,2026-06-16 08:07:00+02:00,29,home,Hamburg,,DE,office,Hamburg,,DE,commute,,regional_train,,18.84,True,False,True
9d909f46-cc39-54bb-afe4-184b8fe2c980,e1eb9483-d268-57cf-9b5f-0ef5e1a7fed2,2026-06-16 17:23:00+02:00,2026-06-16 17:52:00+02:00,29,office,Hamburg,,DE,home,Hamburg,,DE,home_return,,regional_train,,18.84,True,False,True
29e21b66-d1ea-5a8d-832c-ad24dc8efed9,e1eb9483-d268-57cf-9b5f-0ef5e1a7fed2,2026-06-17 07:54:00+02:00,2026-06-17 08:20:00+02:00,26,home,Hamburg,,DE,office,Hamburg,,DE,commute,,regional_train,,16.61,True,False,True
cbf70138-c046-5288-958f-6f13c5af1132,e1eb9483-d268-57cf-9b5f-0ef5e1a7fed2,2026-06-17 17:36:00+02:00,2026-06-17 18:02:00+02:00,26,office,Hamburg,,DE,home,Hamburg,,DE,home_return,,regional_train,,16.61,True,False,True
8190c287-3f31-54d0-9486-2a4877f9c8bf,e1eb9483-d268-57cf-9b5f-0ef5e1a7fed2,2026-06-18 07:48:00+02:00,2026-06-18 08:15:00+02:00,27,home,Hamburg,,DE,office,Hamburg,,DE,commute,,regional_train,,17.38,True,False,True
57785ffa-714e-5a0e-920b-06fa3e8c6463,e1eb9483-d268-57cf-9b5f-0ef5e1a7fed2,2026-06-18 17:23:00+02:00,2026-06-18 17:50:00+02:00,27,office,Hamburg,,DE,home,Hamburg,,DE,home_return,,regional_train,,17.38,True,False,True
8da492ad-5c31-5d2c-b4f6-c1fa0f22a212,e1eb9483-d268-57cf-9b5f-0ef5e1a7fed2,2026-06-19 07:39:00+02:00,2026-06-19 08:06:00+02:00,27,home,Hamburg,,DE,office,Hamburg,,DE,commute,,regional_train,,17.39,True,False,True
e2f33184-2a01-5e1b-841a-f1d32f8448ab,e1eb9483-d268-57cf-9b5f-0ef5e1a7fed2,2026-06-19 17:36:00+02:00,2026-06-19 18:03:00+02:00,27,office,Hamburg,,DE,home,Hamburg,,DE,home_return,,regional_train,,17.39,True,False,True
e66e3db8-2de3-5227-8054-6c4646751146,e1eb9483-d268-57cf-9b5f-0ef5e1a7fed2,2026-06-22 07:35:00+02:00,2026-06-22 08:04:00+02:00,29,home,Hamburg,,DE,office,Hamburg,,DE,commute,,regional_train,,18.7,True,False,True
83a4a96c-fdb6-570c-9d16-bef3184a92a9,e1eb9483-d268-57cf-9b5f-0ef5e1a7fed2,2026-06-22 17:36:00+02:00,2026-06-22 18:05:00+02:00,29,office,Hamburg,,DE,home,Hamburg,,DE,home_return,,regional_train,,18.7,True,False,True
abc72467-8682-5d5b-8d1f-180bdc586b17,e1eb9483-d268-57cf-9b5f-0ef5e1a7fed2,2026-06-23 07:38:00+02:00,2026-06-23 08:07:00+02:00,29,home,Hamburg,,DE,office,Hamburg,,DE,commute,,regional_train,,18.65,True,False,True
e8ef3035-50c2-5040-a0dd-eb007d332416,e1eb9483-d268-57cf-9b5f-0ef5e1a7fed2,2026-06-23 17:27:00+02:00,2026-06-23 17:56:00+02:00,29,office,Hamburg,,DE,home,Hamburg,,DE,home_return,,regional_train,,18.65,True,False,True
36ac1849-410e-5b8b-967c-df9549754fc4,e1eb9483-d268-57cf-9b5f-0ef5e1a7fed2,2026-06-25 07:35:00+02:00,2026-06-25 08:00:00+02:00,25,home,Hamburg,,DE,office,Hamburg,,DE,commute,,regional_train,,16.42,True,False,True
e15c6923-0493-54ef-ab18-2cf91846f9ad,e1eb9483-d268-57cf-9b5f-0ef5e1a7fed2,2026-06-25 17:38:00+02:00,2026-06-25 18:03:00+02:00,25,office,Hamburg,,DE,home,Hamburg,,DE,home_return,,regional_train,,16.42,True,False,True
843657cb-2d8b-5285-9a0b-d8b48cc5476e,e1eb9483-d268-57cf-9b5f-0ef5e1a7fed2,2026-06-26 07:37:00+02:00,2026-06-26 08:03:00+02:00,26,home,Hamburg,,DE,office,Hamburg,,DE,commute,,regional_train,,16.69,True,False,True
6d7ef1a2-5364-534d-94a3-952d7f396b62,e1eb9483-d268-57cf-9b5f-0ef5e1a7fed2,2026-06-26 17:41:00+02:00,2026-06-26 18:07:00+02:00,26,office,Hamburg,,DE,home,Hamburg,,DE,home_return,,regional_train,,16.69,True,False,True
012af873-8a99-58bb-bfa2-b582defc3571,e1eb9483-d268-57cf-9b5f-0ef5e1a7fed2,2026-06-27 11:00:00+02:00,2026-06-27 11:09:00+02:00,9,home,Hamburg,,DE,shopping street,Hamburg,,DE,shopping,,public_transport,,4.16,False,False,False
9ddbd20f-af11-589e-abc0-ece3e5ed2d97,e1eb9483-d268-57cf-9b5f-0ef5e1a7fed2,2026-06-29 07:36:00+02:00,2026-06-29 08:01:00+02:00,25,home,Hamburg,,DE,office,Hamburg,,DE,commute,,regional_train,,16.11,True,False,True
9e47fff6-aaa1-5227-8e6e-6d646233c6ba,e1eb9483-d268-57cf-9b5f-0ef5e1a7fed2,2026-06-29 17:45:00+02:00,2026-06-29 18:10:00+02:00,25,office,Hamburg,,DE,home,Hamburg,,DE,home_return,,regional_train,,16.11,True,False,True
61013873-9083-5f12-953d-8b06839f63b6,e1eb9483-d268-57cf-9b5f-0ef5e1a7fed2,2026-06-30 07:37:00+02:00,2026-06-30 08:02:00+02:00,25,home,Hamburg,,DE,office,Hamburg,,DE,commute,,regional_train,,16.37,True,False,True
7e3eeaf7-ac4e-520b-b356-33ce7ce4a37b,e1eb9483-d268-57cf-9b5f-0ef5e1a7fed2,2026-06-30 17:33:00+02:00,2026-06-30 17:58:00+02:00,25,office,Hamburg,,DE,home,Hamburg,,DE,home_return,,regional_train,,16.37,True,False,True
8f749327-f3ff-54d0-aa56-a4febca8f6f8,e1eb9483-d268-57cf-9b5f-0ef5e1a7fed2,2025-07-20 09:30:00+02:00,2025-07-20 10:38:00+02:00,68,home,Hamburg,,DE,parents' home,Lüneburg,,DE,social,,regional_train,,54.18,False,False,False
b8f544b2-bb17-51af-8345-2611d6184c6f,e1eb9483-d268-57cf-9b5f-0ef5e1a7fed2,2025-07-20 19:30:00+02:00,2025-07-20 20:38:00+02:00,68,parents' home,Lüneburg,,DE,home,Hamburg,,DE,home_return,,regional_train,,54.18,False,False,False
420c8a86-a985-5f15-8f3d-e416a358b82d,e1eb9483-d268-57cf-9b5f-0ef5e1a7fed2,2025-08-31 09:24:00+02:00,2025-08-31 10:31:00+02:00,67,home,Hamburg,,DE,parents' home,Lüneburg,,DE,social,,regional_train,,53.8,False,False,False
148cd36c-afa0-56aa-9a98-39aee989a1bc,e1eb9483-d268-57cf-9b5f-0ef5e1a7fed2,2025-08-31 19:07:00+02:00,2025-08-31 20:14:00+02:00,67,parents' home,Lüneburg,,DE,home,Hamburg,,DE,home_return,,regional_train,,53.8,False,False,False
ef748cf1-4c29-51ff-ad30-6e4859c0601f,e1eb9483-d268-57cf-9b5f-0ef5e1a7fed2,2025-09-14 09:15:00+02:00,2025-09-14 10:25:00+02:00,70,home,Hamburg,,DE,parents' home,Lüneburg,,DE,social,,regional_train,,55.99,False,False,False
17d7439c-a7f5-56f3-9926-79627f546c30,e1eb9483-d268-57cf-9b5f-0ef5e1a7fed2,2025-09-14 19:01:00+02:00,2025-09-14 20:11:00+02:00,70,parents' home,Lüneburg,,DE,home,Hamburg,,DE,home_return,,regional_train,,55.99,False,False,False
281ababd-4b9f-5004-969d-1928fbfe0933,e1eb9483-d268-57cf-9b5f-0ef5e1a7fed2,2025-09-28 09:20:00+02:00,2025-09-28 10:28:00+02:00,68,home,Hamburg,,DE,parents' home,Lüneburg,,DE,social,,regional_train,,54.39,False,False,False
6537f4e6-60b6-58b0-a56e-80cbdc08dd72,e1eb9483-d268-57cf-9b5f-0ef5e1a7fed2,2025-09-28 19:14:00+02:00,2025-09-28 20:22:00+02:00,68,parents' home,Lüneburg,,DE,home,Hamburg,,DE,home_return,,regional_train,,54.39,False,False,False
44bdac55-80f9-5d9c-9644-d7991d5fd793,e1eb9483-d268-57cf-9b5f-0ef5e1a7fed2,2025-10-12 09:23:00+02:00,2025-10-12 10:31:00+02:00,68,home,Hamburg,,DE,parents' home,Lüneburg,,DE,social,,regional_train,,54.77,False,False,False
f27d7b47-fc71-5f6e-ba3a-65531ec3787c,e1eb9483-d268-57cf-9b5f-0ef5e1a7fed2,2025-10-12 19:26:00+02:00,2025-10-12 20:34:00+02:00,68,parents' home,Lüneburg,,DE,home,Hamburg,,DE,home_return,,regional_train,,54.77,False,False,False
a35f9eb3-6a22-57bb-9ade-f38479622ef9,e1eb9483-d268-57cf-9b5f-0ef5e1a7fed2,2025-10-26 09:05:00+02:00,2025-10-26 10:15:00+02:00,70,home,Hamburg,,DE,parents' home,Lüneburg,,DE,social,,regional_train,,55.7,False,False,False
e8f8bc18-15a3-5f22-a4b1-4728d5e235fb,e1eb9483-d268-57cf-9b5f-0ef5e1a7fed2,2025-10-26 19:17:00+02:00,2025-10-26 20:27:00+02:00,70,parents' home,Lüneburg,,DE,home,Hamburg,,DE,home_return,,regional_train,,55.7,False,False,False
26a4e5be-621c-5009-ba1a-a21855c4ed89,e1eb9483-d268-57cf-9b5f-0ef5e1a7fed2,2025-11-09 09:11:00+01:00,2025-11-09 10:17:00+01:00,66,home,Hamburg,,DE,parents' home,Lüneburg,,DE,social,,regional_train,,52.73,False,False,False
2d3f8532-fea9-5f7b-b164-b15b58775acb,e1eb9483-d268-57cf-9b5f-0ef5e1a7fed2,2025-11-09 19:11:00+01:00,2025-11-09 20:17:00+01:00,66,parents' home,Lüneburg,,DE,home,Hamburg,,DE,home_return,,regional_train,,52.73,False,False,False
b75e3a08-e7a4-5a4e-b9c1-737f292778a5,e1eb9483-d268-57cf-9b5f-0ef5e1a7fed2,2025-11-23 09:00:00+01:00,2025-11-23 10:09:00+01:00,69,home,Hamburg,,DE,parents' home,Lüneburg,,DE,social,,regional_train,,54.89,False,False,False
200d42aa-3860-5c5e-abac-1bd6e0f718a6,e1eb9483-d268-57cf-9b5f-0ef5e1a7fed2,2025-11-23 19:21:00+01:00,2025-11-23 20:30:00+01:00,69,parents' home,Lüneburg,,DE,home,Hamburg,,DE,home_return,,regional_train,,54.89,False,False,False
d1cc0e15-d6f9-5bec-9eef-8e80a83c7aa2,e1eb9483-d268-57cf-9b5f-0ef5e1a7fed2,2025-12-07 09:15:00+01:00,2025-12-07 10:27:00+01:00,72,home,Hamburg,,DE,parents' home,Lüneburg,,DE,social,,regional_train,,57.39,False,False,False
4a84672b-e40a-5416-978d-3233a56a6f63,e1eb9483-d268-57cf-9b5f-0ef5e1a7fed2,2025-12-07 19:03:00+01:00,2025-12-07 20:15:00+01:00,72,parents' home,Lüneburg,,DE,home,Hamburg,,DE,home_return,,regional_train,,57.39,False,False,False
cb8453aa-f4b4-559a-92cc-61a8ac2a5a4b,e1eb9483-d268-57cf-9b5f-0ef5e1a7fed2,2026-01-04 09:08:00+01:00,2026-01-04 10:19:00+01:00,71,home,Hamburg,,DE,parents' home,Lüneburg,,DE,social,,regional_train,,56.45,False,False,False
cd2a068c-d587-5a67-9dbc-bab6e91137fc,e1eb9483-d268-57cf-9b5f-0ef5e1a7fed2,2026-01-04 19:28:00+01:00,2026-01-04 20:39:00+01:00,71,parents' home,Lüneburg,,DE,home,Hamburg,,DE,home_return,,regional_train,,56.45,False,False,False
2894f838-8a6d-5ab7-afab-58df685381ee,e1eb9483-d268-57cf-9b5f-0ef5e1a7fed2,2026-01-18 09:04:00+01:00,2026-01-18 10:12:00+01:00,68,home,Hamburg,,DE,parents' home,Lüneburg,,DE,social,,regional_train,,54.02,False,False,False
86bb8317-18c5-53cd-b33e-62e666a2e516,e1eb9483-d268-57cf-9b5f-0ef5e1a7fed2,2026-01-18 19:16:00+01:00,2026-01-18 20:24:00+01:00,68,parents' home,Lüneburg,,DE,home,Hamburg,,DE,home_return,,regional_train,,54.02,False,False,False
fa06920d-794d-5466-85d4-a5dbc12964df,e1eb9483-d268-57cf-9b5f-0ef5e1a7fed2,2026-02-01 09:11:00+01:00,2026-02-01 10:22:00+01:00,71,home,Hamburg,,DE,parents' home,Lüneburg,,DE,social,,regional_train,,56.77,False,False,False
b847f56d-7244-574c-9e2b-200449a2cf9d,e1eb9483-d268-57cf-9b5f-0ef5e1a7fed2,2026-02-01 19:18:00+01:00,2026-02-01 20:29:00+01:00,71,parents' home,Lüneburg,,DE,home,Hamburg,,DE,home_return,,regional_train,,56.77,False,False,False
279152b7-e071-5ea1-b3ff-096c5a6b7f61,e1eb9483-d268-57cf-9b5f-0ef5e1a7fed2,2026-02-15 09:00:00+01:00,2026-02-15 10:08:00+01:00,68,home,Hamburg,,DE,parents' home,Lüneburg,,DE,social,,regional_train,,54.33,False,False,False
b5bd300a-d803-5c9b-9a54-469bf4b204f1,e1eb9483-d268-57cf-9b5f-0ef5e1a7fed2,2026-02-15 19:11:00+01:00,2026-02-15 20:19:00+01:00,68,parents' home,Lüneburg,,DE,home,Hamburg,,DE,home_return,,regional_train,,54.33,False,False,False
15e640bf-8938-5ead-b613-5dfe48f21054,e1eb9483-d268-57cf-9b5f-0ef5e1a7fed2,2026-03-01 09:08:00+02:00,2026-03-01 10:18:00+02:00,70,home,Hamburg,,DE,parents' home,Lüneburg,,DE,social,,regional_train,,56.13,False,False,False
0a7cadd9-2bea-55fb-b1ff-94eb6c537345,e1eb9483-d268-57cf-9b5f-0ef5e1a7fed2,2026-03-01 19:03:00+02:00,2026-03-01 20:13:00+02:00,70,parents' home,Lüneburg,,DE,home,Hamburg,,DE,home_return,,regional_train,,56.13,False,False,False
99738ab8-670c-52c7-aab2-8856daf793ba,e1eb9483-d268-57cf-9b5f-0ef5e1a7fed2,2026-03-15 09:00:00+02:00,2026-03-15 10:07:00+02:00,67,home,Hamburg,,DE,parents' home,Lüneburg,,DE,social,,regional_train,,53.99,False,False,False
60007274-c88e-5cad-b4c1-2f9e3b0e37f6,e1eb9483-d268-57cf-9b5f-0ef5e1a7fed2,2026-03-15 19:20:00+02:00,2026-03-15 20:27:00+02:00,67,parents' home,Lüneburg,,DE,home,Hamburg,,DE,home_return,,regional_train,,53.99,False,False,False
1ac54020-3cf7-55d9-b6ea-a7c4386ad007,e1eb9483-d268-57cf-9b5f-0ef5e1a7fed2,2026-03-29 09:20:00+02:00,2026-03-29 10:27:00+02:00,67,home,Hamburg,,DE,parents' home,Lüneburg,,DE,social,,regional_train,,53.97,False,False,False
4dead45d-a21a-5f8c-8380-954a06047cc9,e1eb9483-d268-57cf-9b5f-0ef5e1a7fed2,2026-03-29 19:15:00+02:00,2026-03-29 20:22:00+02:00,67,parents' home,Lüneburg,,DE,home,Hamburg,,DE,home_return,,regional_train,,53.97,False,False,False
aa9a0224-95d3-511d-980f-c6debdd2b29e,e1eb9483-d268-57cf-9b5f-0ef5e1a7fed2,2026-05-10 09:10:00+02:00,2026-05-10 10:18:00+02:00,68,home,Hamburg,,DE,parents' home,Lüneburg,,DE,social,,regional_train,,54.51,False,False,False
871c6257-8d98-58cd-bbcc-1b9441943a9e,e1eb9483-d268-57cf-9b5f-0ef5e1a7fed2,2026-05-10 19:28:00+02:00,2026-05-10 20:36:00+02:00,68,parents' home,Lüneburg,,DE,home,Hamburg,,DE,home_return,,regional_train,,54.51,False,False,False
2242676b-b5e0-5e49-8e9d-ede48a3ef396,e1eb9483-d268-57cf-9b5f-0ef5e1a7fed2,2026-05-24 09:11:00+02:00,2026-05-24 10:17:00+02:00,66,home,Hamburg,,DE,parents' home,Lüneburg,,DE,social,,regional_train,,52.63,False,False,False
332d36c0-6409-577a-b710-0686d987906e,e1eb9483-d268-57cf-9b5f-0ef5e1a7fed2,2026-05-24 19:19:00+02:00,2026-05-24 20:25:00+02:00,66,parents' home,Lüneburg,,DE,home,Hamburg,,DE,home_return,,regional_train,,52.63,False,False,False
384b91c3-9a80-5db9-b3a2-04516d30c41d,e1eb9483-d268-57cf-9b5f-0ef5e1a7fed2,2026-06-07 09:02:00+02:00,2026-06-07 10:11:00+02:00,69,home,Hamburg,,DE,parents' home,Lüneburg,,DE,social,,regional_train,,54.89,False,False,False
0f857372-a9cb-59d3-83d4-a6c0c0bd2f81,e1eb9483-d268-57cf-9b5f-0ef5e1a7fed2,2026-06-07 19:13:00+02:00,2026-06-07 20:22:00+02:00,69,parents' home,Lüneburg,,DE,home,Hamburg,,DE,home_return,,regional_train,,54.89,False,False,False
9d3f9feb-2ad7-5860-b8de-ad5729a88adb,e1eb9483-d268-57cf-9b5f-0ef5e1a7fed2,2026-06-21 09:01:00+02:00,2026-06-21 10:08:00+02:00,67,home,Hamburg,,DE,parents' home,Lüneburg,,DE,social,,regional_train,,53.83,False,False,False
3778fa21-29d9-5e47-af1e-3cf1d90e835a,e1eb9483-d268-57cf-9b5f-0ef5e1a7fed2,2026-06-21 19:01:00+02:00,2026-06-21 20:08:00+02:00,67,parents' home,Lüneburg,,DE,home,Hamburg,,DE,home_return,,regional_train,,53.83,False,False,False
6eff87b8-b4a7-5330-a7d1-6d15ca6ea78c,725be174-ba53-516d-8beb-a4056cbac517,2025-07-03 08:06:00+02:00,2025-07-03 08:28:00+02:00,22,home,Dresden,,DE,office,Dresden,,DE,commute,,regional_train,,10.91,True,False,True
a9e7f669-b6fb-5895-8012-1acf062bccc8,725be174-ba53-516d-8beb-a4056cbac517,2025-07-03 16:43:00+02:00,2025-07-03 17:05:00+02:00,22,office,Dresden,,DE,home,Dresden,,DE,home_return,,regional_train,,10.91,True,False,True
54f63168-e6b7-5742-a68c-a91e51c42109,725be174-ba53-516d-8beb-a4056cbac517,2025-07-10 08:11:00+02:00,2025-07-10 08:33:00+02:00,22,home,Dresden,,DE,office,Dresden,,DE,commute,,regional_train,,11.04,True,False,True
edf8d108-aa31-5c43-b955-34dddabef220,725be174-ba53-516d-8beb-a4056cbac517,2025-07-10 16:49:00+02:00,2025-07-10 17:11:00+02:00,22,office,Dresden,,DE,home,Dresden,,DE,home_return,,regional_train,,11.04,True,False,True
15672604-6c7f-5ff1-9a44-066114d04162,725be174-ba53-516d-8beb-a4056cbac517,2025-07-17 08:19:00+02:00,2025-07-17 08:43:00+02:00,24,home,Dresden,,DE,office,Dresden,,DE,commute,,regional_train,,11.82,True,False,True
12f65445-268d-5d96-83c9-8a5fd5465b0f,725be174-ba53-516d-8beb-a4056cbac517,2025-07-17 16:50:00+02:00,2025-07-17 17:14:00+02:00,24,office,Dresden,,DE,home,Dresden,,DE,home_return,,regional_train,,11.82,True,False,True
1e5ee7b1-dd6f-5430-8bf1-e8d736a3023a,725be174-ba53-516d-8beb-a4056cbac517,2025-07-23 08:00:00+02:00,2025-07-23 08:21:00+02:00,21,home,Dresden,,DE,office,Dresden,,DE,commute,,regional_train,,10.73,True,False,True
ab46c544-9c7e-50bd-b708-52ffcb06215d,725be174-ba53-516d-8beb-a4056cbac517,2025-07-23 16:55:00+02:00,2025-07-23 17:16:00+02:00,21,office,Dresden,,DE,home,Dresden,,DE,home_return,,regional_train,,10.73,True,False,True
20e6e727-503e-540d-9f9b-25d4b5ab67a5,725be174-ba53-516d-8beb-a4056cbac517,2025-07-24 08:19:00+02:00,2025-07-24 08:39:00+02:00,20,home,Dresden,,DE,office,Dresden,,DE,commute,,regional_train,,9.97,True,False,True
b9824b58-883e-587d-b0a2-0640723c6875,725be174-ba53-516d-8beb-a4056cbac517,2025-07-24 16:38:00+02:00,2025-07-24 16:58:00+02:00,20,office,Dresden,,DE,home,Dresden,,DE,home_return,,regional_train,,9.97,True,False,True
5b155bf2-e015-5a24-b5c8-18e4c8efded5,725be174-ba53-516d-8beb-a4056cbac517,2025-07-28 08:17:00+02:00,2025-07-28 08:38:00+02:00,21,home,Dresden,,DE,office,Dresden,,DE,commute,,regional_train,,10.68,True,False,True
a6946336-f282-523f-ba4f-70e1e9553e60,725be174-ba53-516d-8beb-a4056cbac517,2025-07-28 16:52:00+02:00,2025-07-28 17:13:00+02:00,21,office,Dresden,,DE,home,Dresden,,DE,home_return,,regional_train,,10.68,True,False,True
315589de-d5d8-5801-af7f-4a62ad401c4e,725be174-ba53-516d-8beb-a4056cbac517,2025-08-15 08:03:00+02:00,2025-08-15 08:22:00+02:00,19,home,Dresden,,DE,office,Dresden,,DE,commute,,regional_train,,9.47,True,False,True
c6e12e50-0c0d-5025-b88c-5bf2bac4ae78,725be174-ba53-516d-8beb-a4056cbac517,2025-08-15 16:40:00+02:00,2025-08-15 16:59:00+02:00,19,office,Dresden,,DE,home,Dresden,,DE,home_return,,regional_train,,9.47,True,False,True
3b613d38-0732-5c93-a796-f4f93ac67868,725be174-ba53-516d-8beb-a4056cbac517,2025-09-01 08:24:00+02:00,2025-09-01 08:46:00+02:00,22,home,Dresden,,DE,office,Dresden,,DE,commute,,regional_train,,11.09,True,False,True
00cc5cbf-1f69-5f7a-93ce-1b881a4cd628,725be174-ba53-516d-8beb-a4056cbac517,2025-09-01 16:44:00+02:00,2025-09-01 17:06:00+02:00,22,office,Dresden,,DE,home,Dresden,,DE,home_return,,regional_train,,11.09,True,False,True
74801864-3472-53ae-80db-f4b207617796,725be174-ba53-516d-8beb-a4056cbac517,2025-09-06 13:00:00+02:00,2025-09-06 13:08:00+02:00,8,home,Dresden,,DE,city center,Dresden,,DE,shopping,,public_transport,,3.5,False,False,False
5acf42e8-b119-5599-93a6-64476bdefced,725be174-ba53-516d-8beb-a4056cbac517,2025-09-12 08:18:00+02:00,2025-09-12 08:40:00+02:00,22,home,Dresden,,DE,office,Dresden,,DE,commute,,regional_train,,10.81,True,False,True
17ca03a5-4a3b-5cf2-9b02-a6b24619d8b2,725be174-ba53-516d-8beb-a4056cbac517,2025-09-12 16:51:00+02:00,2025-09-12 17:13:00+02:00,22,office,Dresden,,DE,home,Dresden,,DE,home_return,,regional_train,,10.81,True,False,True
e06b3498-f0da-5fa7-827b-da9215f99bd2,725be174-ba53-516d-8beb-a4056cbac517,2025-09-13 16:00:00+02:00,2025-09-13 16:09:00+02:00,9,home,Dresden,,DE,farmers market,Dresden,,DE,errands,,public_transport,,3.89,False,False,False
bb0da613-9fdc-568b-90e6-a95170c8572c,725be174-ba53-516d-8beb-a4056cbac517,2025-09-19 08:10:00+02:00,2025-09-19 08:29:00+02:00,19,home,Dresden,,DE,office,Dresden,,DE,commute,,regional_train,,9.66,True,False,True
12f9aadb-881d-54cd-9a5b-3a734b271911,725be174-ba53-516d-8beb-a4056cbac517,2025-09-19 16:54:00+02:00,2025-09-19 17:13:00+02:00,19,office,Dresden,,DE,home,Dresden,,DE,home_return,,regional_train,,9.66,True,False,True
9cd5b106-8394-55c8-b176-4360611591ad,725be174-ba53-516d-8beb-a4056cbac517,2025-09-26 08:17:00+02:00,2025-09-26 08:35:00+02:00,18,home,Dresden,,DE,office,Dresden,,DE,commute,,regional_train,,9.05,True,False,True
7fa2fbf2-a197-53f6-9392-e2f0d3072e30,725be174-ba53-516d-8beb-a4056cbac517,2025-09-26 16:41:00+02:00,2025-09-26 16:59:00+02:00,18,office,Dresden,,DE,home,Dresden,,DE,home_return,,regional_train,,9.05,True,False,True
ecd6f3ea-c951-5418-ab72-6daba3b8cbd3,725be174-ba53-516d-8beb-a4056cbac517,2025-09-28 15:00:00+02:00,2025-09-28 15:12:00+02:00,12,home,Dresden,,DE,city center,Dresden,,DE,errands,,public_transport,,5.42,False,False,False
854da7b5-f340-5052-bbe6-4673e00b7b5f,725be174-ba53-516d-8beb-a4056cbac517,2025-09-29 08:14:00+02:00,2025-09-29 08:32:00+02:00,18,home,Dresden,,DE,office,Dresden,,DE,commute,,regional_train,,9.14,True,False,True
56c5fade-dd32-56f2-bb3f-2ad1be03cc8b,725be174-ba53-516d-8beb-a4056cbac517,2025-09-29 16:33:00+02:00,2025-09-29 16:51:00+02:00,18,office,Dresden,,DE,home,Dresden,,DE,home_return,,regional_train,,9.14,True,False,True
4adb3dcf-8382-57f0-914a-5eb36fafd8ae,725be174-ba53-516d-8beb-a4056cbac517,2025-09-30 08:04:00+02:00,2025-09-30 08:24:00+02:00,20,home,Dresden,,DE,office,Dresden,,DE,commute,,regional_train,,10.1,True,False,True
474bee27-c6f2-509c-bb89-cdb222161251,725be174-ba53-516d-8beb-a4056cbac517,2025-09-30 16:33:00+02:00,2025-09-30 16:53:00+02:00,20,office,Dresden,,DE,home,Dresden,,DE,home_return,,regional_train,,10.1,True,False,True
a6f2d84f-edb2-5d59-a947-36c579789891,725be174-ba53-516d-8beb-a4056cbac517,2025-10-02 08:08:00+02:00,2025-10-02 08:27:00+02:00,19,home,Dresden,,DE,office,Dresden,,DE,commute,,regional_train,,9.45,True,False,True
889e19d7-b3ed-5068-bca5-4cc4e5ee8a85,725be174-ba53-516d-8beb-a4056cbac517,2025-10-02 16:50:00+02:00,2025-10-02 17:09:00+02:00,19,office,Dresden,,DE,home,Dresden,,DE,home_return,,regional_train,,9.45,True,False,True
da17e43b-1b42-5ad2-96e3-e9c2b33d695f,725be174-ba53-516d-8beb-a4056cbac517,2025-10-03 08:15:00+02:00,2025-10-03 08:35:00+02:00,20,home,Dresden,,DE,office,Dresden,,DE,commute,,regional_train,,9.79,True,False,True
517535e2-de2f-564f-9743-14ed2ecc3195,725be174-ba53-516d-8beb-a4056cbac517,2025-10-03 16:46:00+02:00,2025-10-03 17:06:00+02:00,20,office,Dresden,,DE,home,Dresden,,DE,home_return,,regional_train,,9.79,True,False,True
0ed34dc7-f77d-5233-b2b2-f183c8de9b93,725be174-ba53-516d-8beb-a4056cbac517,2025-10-06 08:01:00+02:00,2025-10-06 08:22:00+02:00,21,home,Dresden,,DE,office,Dresden,,DE,commute,,regional_train,,10.58,True,False,True
b2bb490b-1293-5201-8e20-7d11a2400eaa,725be174-ba53-516d-8beb-a4056cbac517,2025-10-06 16:46:00+02:00,2025-10-06 17:07:00+02:00,21,office,Dresden,,DE,home,Dresden,,DE,home_return,,regional_train,,10.58,True,False,True
910a7916-109c-5e24-a8f0-428aa7017600,725be174-ba53-516d-8beb-a4056cbac517,2025-10-08 08:18:00+02:00,2025-10-08 08:37:00+02:00,19,home,Dresden,,DE,office,Dresden,,DE,commute,,regional_train,,9.68,True,False,True
82899b03-f1c9-55f4-b414-9ae8967aaa13,725be174-ba53-516d-8beb-a4056cbac517,2025-10-08 16:55:00+02:00,2025-10-08 17:14:00+02:00,19,office,Dresden,,DE,home,Dresden,,DE,home_return,,regional_train,,9.68,True,False,True
6dd6810d-d52e-5758-9368-a7b13b612e8c,725be174-ba53-516d-8beb-a4056cbac517,2025-10-10 08:09:00+02:00,2025-10-10 08:31:00+02:00,22,home,Dresden,,DE,office,Dresden,,DE,commute,,regional_train,,10.79,True,False,True
6f0cdda6-ac19-5132-afe3-f2f6d6389d40,725be174-ba53-516d-8beb-a4056cbac517,2025-10-10 16:42:00+02:00,2025-10-10 17:04:00+02:00,22,office,Dresden,,DE,home,Dresden,,DE,home_return,,regional_train,,10.79,True,False,True
16c9f582-9e0d-5112-8536-a3e6c7cae887,725be174-ba53-516d-8beb-a4056cbac517,2025-10-14 08:17:00+02:00,2025-10-14 08:37:00+02:00,20,home,Dresden,,DE,office,Dresden,,DE,commute,,regional_train,,9.88,True,False,True
e16deed5-7b68-56db-a694-0c42226ed19d,725be174-ba53-516d-8beb-a4056cbac517,2025-10-14 16:35:00+02:00,2025-10-14 16:55:00+02:00,20,office,Dresden,,DE,home,Dresden,,DE,home_return,,regional_train,,9.88,True,False,True
8561961b-c11e-5009-8aaa-43ac43e70881,725be174-ba53-516d-8beb-a4056cbac517,2025-10-15 08:22:00+02:00,2025-10-15 08:43:00+02:00,21,home,Dresden,,DE,office,Dresden,,DE,commute,,regional_train,,10.28,True,False,True
0e7787f4-1742-5002-be2a-772dccc51647,725be174-ba53-516d-8beb-a4056cbac517,2025-10-15 16:42:00+02:00,2025-10-15 17:03:00+02:00,21,office,Dresden,,DE,home,Dresden,,DE,home_return,,regional_train,,10.28,True,False,True
84c91bc0-d0fa-54c0-9dae-d17f2672004e,725be174-ba53-516d-8beb-a4056cbac517,2025-10-17 08:05:00+02:00,2025-10-17 08:23:00+02:00,18,home,Dresden,,DE,office,Dresden,,DE,commute,,regional_train,,9.18,True,False,True
268c6994-c483-53d2-a1fa-86213ee8a5c8,725be174-ba53-516d-8beb-a4056cbac517,2025-10-17 16:35:00+02:00,2025-10-17 16:53:00+02:00,18,office,Dresden,,DE,home,Dresden,,DE,home_return,,regional_train,,9.18,True,False,True
6d4da9e0-e964-5e59-a07e-3205c6ef2ece,725be174-ba53-516d-8beb-a4056cbac517,2025-10-22 08:08:00+02:00,2025-10-22 08:29:00+02:00,21,home,Dresden,,DE,office,Dresden,,DE,commute,,regional_train,,10.64,True,False,True
bfe1bc04-e150-5783-a964-de649d349c80,725be174-ba53-516d-8beb-a4056cbac517,2025-10-22 16:51:00+02:00,2025-10-22 17:12:00+02:00,21,office,Dresden,,DE,home,Dresden,,DE,home_return,,regional_train,,10.64,True,False,True
da1bdf19-1264-5629-b387-02496ff5e068,725be174-ba53-516d-8beb-a4056cbac517,2025-10-23 08:15:00+02:00,2025-10-23 08:35:00+02:00,20,home,Dresden,,DE,office,Dresden,,DE,commute,,regional_train,,10.02,True,False,True
fba5bffe-e528-528f-816c-a47bbc31e84b,725be174-ba53-516d-8beb-a4056cbac517,2025-10-23 16:45:00+02:00,2025-10-23 17:05:00+02:00,20,office,Dresden,,DE,home,Dresden,,DE,home_return,,regional_train,,10.02,True,False,True
fed05a37-8c06-5a6c-98f3-c9c53a4d0281,725be174-ba53-516d-8beb-a4056cbac517,2025-10-27 08:03:00+02:00,2025-10-27 08:27:00+02:00,24,home,Dresden,,DE,office,Dresden,,DE,commute,,regional_train,,11.9,True,False,True
4b2714d6-366a-5c4e-b325-5015b2226483,725be174-ba53-516d-8beb-a4056cbac517,2025-10-27 16:50:00+02:00,2025-10-27 17:14:00+02:00,24,office,Dresden,,DE,home,Dresden,,DE,home_return,,regional_train,,11.9,True,False,True
3e7033c4-f8a3-500e-813b-478c412b4e9e,725be174-ba53-516d-8beb-a4056cbac517,2025-10-28 08:10:00+02:00,2025-10-28 08:29:00+02:00,19,home,Dresden,,DE,office,Dresden,,DE,commute,,regional_train,,9.29,True,False,True
30e88fc0-081a-5f38-bf84-dfb9b99f82e7,725be174-ba53-516d-8beb-a4056cbac517,2025-10-28 16:47:00+02:00,2025-10-28 17:06:00+02:00,19,office,Dresden,,DE,home,Dresden,,DE,home_return,,regional_train,,9.29,True,False,True
27acfb4a-5cb3-5f35-9a2d-b27658d35735,725be174-ba53-516d-8beb-a4056cbac517,2025-10-29 08:03:00+02:00,2025-10-29 08:26:00+02:00,23,home,Dresden,,DE,office,Dresden,,DE,commute,,regional_train,,11.39,True,False,True
6ecd0538-4309-501e-8e7c-7fee02c6d87e,725be174-ba53-516d-8beb-a4056cbac517,2025-10-29 16:47:00+02:00,2025-10-29 17:10:00+02:00,23,office,Dresden,,DE,home,Dresden,,DE,home_return,,regional_train,,11.39,True,False,True
2f62bf45-af31-58aa-8fe1-c3ea225db240,725be174-ba53-516d-8beb-a4056cbac517,2025-10-30 08:12:00+02:00,2025-10-30 08:34:00+02:00,22,home,Dresden,,DE,office,Dresden,,DE,commute,,regional_train,,11.16,True,False,True
74b8f6bf-5658-5c6e-b79e-4c8afcccfce8,725be174-ba53-516d-8beb-a4056cbac517,2025-10-30 16:38:00+02:00,2025-10-30 17:00:00+02:00,22,office,Dresden,,DE,home,Dresden,,DE,home_return,,regional_train,,11.16,True,False,True
3e7d06f4-efe9-5bdf-9e0c-c79240663465,725be174-ba53-516d-8beb-a4056cbac517,2025-11-03 08:25:00+01:00,2025-11-03 08:45:00+01:00,20,home,Dresden,,DE,office,Dresden,,DE,commute,,regional_train,,9.76,True,False,True
44a7fe8f-5c41-5fa9-bf0b-472c9c5728d5,725be174-ba53-516d-8beb-a4056cbac517,2025-11-03 16:48:00+01:00,2025-11-03 17:08:00+01:00,20,office,Dresden,,DE,home,Dresden,,DE,home_return,,regional_train,,9.76,True,False,True
9adf083c-f928-55b2-8a85-34aae4520748,725be174-ba53-516d-8beb-a4056cbac517,2025-11-04 08:08:00+01:00,2025-11-04 08:31:00+01:00,23,home,Dresden,,DE,office,Dresden,,DE,commute,,regional_train,,11.61,True,False,True
2c8021f5-4b01-52ef-885e-6aabbe447267,725be174-ba53-516d-8beb-a4056cbac517,2025-11-04 16:47:00+01:00,2025-11-04 17:10:00+01:00,23,office,Dresden,,DE,home,Dresden,,DE,home_return,,regional_train,,11.61,True,False,True
e8242655-c376-5054-b923-46d85c2c66a6,725be174-ba53-516d-8beb-a4056cbac517,2025-11-05 08:25:00+01:00,2025-11-05 08:48:00+01:00,23,home,Dresden,,DE,office,Dresden,,DE,commute,,regional_train,,11.58,True,False,True
bc2fe3e7-8e55-56e9-8942-363e920ef50d,725be174-ba53-516d-8beb-a4056cbac517,2025-11-05 16:53:00+01:00,2025-11-05 17:16:00+01:00,23,office,Dresden,,DE,home,Dresden,,DE,home_return,,regional_train,,11.58,True,False,True
74227e38-6de9-58bd-a0ef-5de3a9c2c5c6,725be174-ba53-516d-8beb-a4056cbac517,2025-11-07 08:06:00+01:00,2025-11-07 08:26:00+01:00,20,home,Dresden,,DE,office,Dresden,,DE,commute,,regional_train,,9.96,True,False,True
665e2711-f190-52e1-a7f9-b6a615bcb992,725be174-ba53-516d-8beb-a4056cbac517,2025-11-07 16:44:00+01:00,2025-11-07 17:04:00+01:00,20,office,Dresden,,DE,home,Dresden,,DE,home_return,,regional_train,,9.96,True,False,True
293c49f5-02cf-5eec-b5da-8e5bd00225e3,725be174-ba53-516d-8beb-a4056cbac517,2025-11-10 08:14:00+01:00,2025-11-10 08:37:00+01:00,23,home,Dresden,,DE,office,Dresden,,DE,commute,,regional_train,,11.66,True,False,True
cd2cd501-437d-5cdf-9546-20ce9092478a,725be174-ba53-516d-8beb-a4056cbac517,2025-11-10 16:45:00+01:00,2025-11-10 17:08:00+01:00,23,office,Dresden,,DE,home,Dresden,,DE,home_return,,regional_train,,11.66,True,False,True
cb0966f0-6f3c-5cf8-a1d6-dc645631a876,725be174-ba53-516d-8beb-a4056cbac517,2025-11-12 08:13:00+01:00,2025-11-12 08:32:00+01:00,19,home,Dresden,,DE,office,Dresden,,DE,commute,,regional_train,,9.49,True,False,True
41d7fd39-d056-554b-92f1-0463935dd2b0,725be174-ba53-516d-8beb-a4056cbac517,2025-11-12 16:37:00+01:00,2025-11-12 16:56:00+01:00,19,office,Dresden,,DE,home,Dresden,,DE,home_return,,regional_train,,9.49,True,False,True
39be5e17-119c-54c1-9198-4bd555dc1d1a,725be174-ba53-516d-8beb-a4056cbac517,2025-11-13 08:05:00+01:00,2025-11-13 08:25:00+01:00,20,home,Dresden,,DE,office,Dresden,,DE,commute,,regional_train,,9.81,True,False,True
87093c20-603c-537c-befb-55c0a4a58abd,725be174-ba53-516d-8beb-a4056cbac517,2025-11-13 16:37:00+01:00,2025-11-13 16:57:00+01:00,20,office,Dresden,,DE,home,Dresden,,DE,home_return,,regional_train,,9.81,True,False,True
33911d37-8666-5445-9d6a-a56217fdb219,725be174-ba53-516d-8beb-a4056cbac517,2025-11-14 08:15:00+01:00,2025-11-14 08:35:00+01:00,20,home,Dresden,,DE,office,Dresden,,DE,commute,,regional_train,,9.89,True,False,True
43d1890b-260c-5057-9395-5460de34ef07,725be174-ba53-516d-8beb-a4056cbac517,2025-11-14 16:34:00+01:00,2025-11-14 16:54:00+01:00,20,office,Dresden,,DE,home,Dresden,,DE,home_return,,regional_train,,9.89,True,False,True
ec3a9c6a-89b8-5999-afff-223647e311e9,725be174-ba53-516d-8beb-a4056cbac517,2025-11-17 08:10:00+01:00,2025-11-17 08:29:00+01:00,19,home,Dresden,,DE,office,Dresden,,DE,commute,,regional_train,,9.34,True,False,True
c50d8a72-6f00-534d-91cf-b76148122d8f,725be174-ba53-516d-8beb-a4056cbac517,2025-11-17 16:31:00+01:00,2025-11-17 16:50:00+01:00,19,office,Dresden,,DE,home,Dresden,,DE,home_return,,regional_train,,9.34,True,False,True
a673d890-c778-528f-b88d-9816e43ec478,725be174-ba53-516d-8beb-a4056cbac517,2025-11-19 08:06:00+01:00,2025-11-19 08:26:00+01:00,20,home,Dresden,,DE,office,Dresden,,DE,commute,,regional_train,,10.01,True,False,True
3a256ed1-d4ee-505c-8149-692f0beb134d,725be174-ba53-516d-8beb-a4056cbac517,2025-11-19 16:51:00+01:00,2025-11-19 17:11:00+01:00,20,office,Dresden,,DE,home,Dresden,,DE,home_return,,regional_train,,10.01,True,False,True
126c2b35-7720-56d5-85e3-8d811c60f7e3,725be174-ba53-516d-8beb-a4056cbac517,2025-11-20 08:03:00+01:00,2025-11-20 08:24:00+01:00,21,home,Dresden,,DE,office,Dresden,,DE,commute,,regional_train,,10.49,True,False,True
78d4af5a-7f07-5aeb-84e6-5a6af9c0ec91,725be174-ba53-516d-8beb-a4056cbac517,2025-11-20 16:40:00+01:00,2025-11-20 17:01:00+01:00,21,office,Dresden,,DE,home,Dresden,,DE,home_return,,regional_train,,10.49,True,False,True
9fd2ae72-9f69-580e-aa77-1cc6985465a9,725be174-ba53-516d-8beb-a4056cbac517,2025-11-24 08:20:00+01:00,2025-11-24 08:39:00+01:00,19,home,Dresden,,DE,office,Dresden,,DE,commute,,regional_train,,9.37,True,False,True
3b76aff1-5872-5358-947a-a528f3405254,725be174-ba53-516d-8beb-a4056cbac517,2025-11-24 16:48:00+01:00,2025-11-24 17:07:00+01:00,19,office,Dresden,,DE,home,Dresden,,DE,home_return,,regional_train,,9.37,True,False,True
2b9d23ba-03c1-5e0e-93a8-254db4ed719b,725be174-ba53-516d-8beb-a4056cbac517,2025-11-28 08:12:00+01:00,2025-11-28 08:31:00+01:00,19,home,Dresden,,DE,office,Dresden,,DE,commute,,regional_train,,9.73,True,False,True
d25216fe-8ada-5186-a628-d55150526a08,725be174-ba53-516d-8beb-a4056cbac517,2025-11-28 16:55:00+01:00,2025-11-28 17:14:00+01:00,19,office,Dresden,,DE,home,Dresden,,DE,home_return,,regional_train,,9.73,True,False,True
3656e294-fecf-5295-ad44-c8eba23f32a6,725be174-ba53-516d-8beb-a4056cbac517,2025-12-01 08:00:00+01:00,2025-12-01 08:23:00+01:00,23,home,Dresden,,DE,office,Dresden,,DE,commute,,regional_train,,11.41,True,False,True
6214d179-7204-5a29-a35e-7e0e3c3fcb59,725be174-ba53-516d-8beb-a4056cbac517,2025-12-01 16:53:00+01:00,2025-12-01 17:16:00+01:00,23,office,Dresden,,DE,home,Dresden,,DE,home_return,,regional_train,,11.41,True,False,True
62fcfe51-9e74-59ad-a839-b666598a3737,725be174-ba53-516d-8beb-a4056cbac517,2025-12-03 08:16:00+01:00,2025-12-03 08:36:00+01:00,20,home,Dresden,,DE,office,Dresden,,DE,commute,,regional_train,,10.2,True,False,True
d1d44444-78a3-5095-9465-8182941bbe9f,725be174-ba53-516d-8beb-a4056cbac517,2025-12-03 16:37:00+01:00,2025-12-03 16:57:00+01:00,20,office,Dresden,,DE,home,Dresden,,DE,home_return,,regional_train,,10.2,True,False,True
101d1533-eb31-5f2f-9ec1-c10caa380940,725be174-ba53-516d-8beb-a4056cbac517,2025-12-05 08:01:00+01:00,2025-12-05 08:22:00+01:00,21,home,Dresden,,DE,office,Dresden,,DE,commute,,regional_train,,10.68,True,False,True
14cb9b49-fe4d-5ea0-91c2-e10d21abd350,725be174-ba53-516d-8beb-a4056cbac517,2025-12-05 16:47:00+01:00,2025-12-05 17:08:00+01:00,21,office,Dresden,,DE,home,Dresden,,DE,home_return,,regional_train,,10.68,True,False,True
152d823d-c1eb-58b6-9ee1-94c7cc42dc84,725be174-ba53-516d-8beb-a4056cbac517,2025-12-06 13:00:00+01:00,2025-12-06 13:13:00+01:00,13,home,Dresden,,DE,farmers market,Dresden,,DE,shopping,,public_transport,,5.71,False,False,False
a1bd85d1-bd34-56f0-88e4-09ce89f15572,725be174-ba53-516d-8beb-a4056cbac517,2025-12-09 08:08:00+01:00,2025-12-09 08:30:00+01:00,22,home,Dresden,,DE,office,Dresden,,DE,commute,,regional_train,,10.77,True,False,True
0314cc8a-ed9e-5c32-9144-11da3e4adee0,725be174-ba53-516d-8beb-a4056cbac517,2025-12-09 16:48:00+01:00,2025-12-09 17:10:00+01:00,22,office,Dresden,,DE,home,Dresden,,DE,home_return,,regional_train,,10.77,True,False,True
7fb32da0-2775-540e-be0a-ebe9183e7cd3,725be174-ba53-516d-8beb-a4056cbac517,2025-12-11 08:18:00+01:00,2025-12-11 08:38:00+01:00,20,home,Dresden,,DE,office,Dresden,,DE,commute,,regional_train,,10.18,True,False,True
df8bb7f2-7010-53a6-808c-9916d33df62c,725be174-ba53-516d-8beb-a4056cbac517,2025-12-11 16:43:00+01:00,2025-12-11 17:03:00+01:00,20,office,Dresden,,DE,home,Dresden,,DE,home_return,,regional_train,,10.18,True,False,True
bff7c8a6-f0e8-54b2-a9ef-36bd4f34edfe,725be174-ba53-516d-8beb-a4056cbac517,2025-12-18 08:17:00+01:00,2025-12-18 08:40:00+01:00,23,home,Dresden,,DE,office,Dresden,,DE,commute,,regional_train,,11.27,True,False,True
f53dd819-ea78-5671-bebf-f69e76a49b63,725be174-ba53-516d-8beb-a4056cbac517,2025-12-18 16:54:00+01:00,2025-12-18 17:17:00+01:00,23,office,Dresden,,DE,home,Dresden,,DE,home_return,,regional_train,,11.27,True,False,True
94fc67f6-108c-576b-881b-5320f0de8b00,725be174-ba53-516d-8beb-a4056cbac517,2025-12-19 08:14:00+01:00,2025-12-19 08:33:00+01:00,19,home,Dresden,,DE,office,Dresden,,DE,commute,,regional_train,,9.6,True,False,True
f378b266-3909-5e83-b04b-2ac3d9620cc9,725be174-ba53-516d-8beb-a4056cbac517,2025-12-19 16:52:00+01:00,2025-12-19 17:11:00+01:00,19,office,Dresden,,DE,home,Dresden,,DE,home_return,,regional_train,,9.6,True,False,True
756eccd2-9be2-5e82-af52-625190c7eecc,725be174-ba53-516d-8beb-a4056cbac517,2025-12-26 08:18:00+01:00,2025-12-26 08:37:00+01:00,19,home,Dresden,,DE,office,Dresden,,DE,commute,,regional_train,,9.53,True,False,True
95238471-4273-5e0f-be1d-c2b1a5b42475,725be174-ba53-516d-8beb-a4056cbac517,2025-12-26 16:41:00+01:00,2025-12-26 17:00:00+01:00,19,office,Dresden,,DE,home,Dresden,,DE,home_return,,regional_train,,9.53,True,False,True
3182e8ed-1e09-5a6b-a5a8-6204fe35ad0f,725be174-ba53-516d-8beb-a4056cbac517,2026-01-07 08:01:00+01:00,2026-01-07 08:21:00+01:00,20,home,Dresden,,DE,office,Dresden,,DE,commute,,regional_train,,9.98,True,False,True
d4bd7d47-4a9f-5062-9097-6e730aac6ac7,725be174-ba53-516d-8beb-a4056cbac517,2026-01-07 16:47:00+01:00,2026-01-07 17:07:00+01:00,20,office,Dresden,,DE,home,Dresden,,DE,home_return,,regional_train,,9.98,True,False,True
77c6c70e-3196-5740-8ec6-36a33bad120d,725be174-ba53-516d-8beb-a4056cbac517,2026-01-12 08:01:00+01:00,2026-01-12 08:23:00+01:00,22,home,Dresden,,DE,office,Dresden,,DE,commute,,regional_train,,10.79,True,False,True
725f8f6e-ae0e-59ce-968e-1752826364e9,725be174-ba53-516d-8beb-a4056cbac517,2026-01-12 16:50:00+01:00,2026-01-12 17:12:00+01:00,22,office,Dresden,,DE,home,Dresden,,DE,home_return,,regional_train,,10.79,True,False,True
56d9e74c-2158-5ab9-a083-5cb714a74da2,725be174-ba53-516d-8beb-a4056cbac517,2026-01-13 08:22:00+01:00,2026-01-13 08:45:00+01:00,23,home,Dresden,,DE,office,Dresden,,DE,commute,,regional_train,,11.58,True,False,True
48226614-55ad-5a6a-923d-02e7714a01e4,725be174-ba53-516d-8beb-a4056cbac517,2026-01-13 16:33:00+01:00,2026-01-13 16:56:00+01:00,23,office,Dresden,,DE,home,Dresden,,DE,home_return,,regional_train,,11.58,True,False,True
bfffdc4f-915d-5409-a64e-21ffebdb5bcc,725be174-ba53-516d-8beb-a4056cbac517,2026-01-19 08:12:00+01:00,2026-01-19 08:30:00+01:00,18,home,Dresden,,DE,office,Dresden,,DE,commute,,regional_train,,9.09,True,False,True
d538e442-a5e8-5ccd-80ab-da923e030b76,725be174-ba53-516d-8beb-a4056cbac517,2026-01-19 16:46:00+01:00,2026-01-19 17:04:00+01:00,18,office,Dresden,,DE,home,Dresden,,DE,home_return,,regional_train,,9.09,True,False,True
1d34b4e6-a141-5885-8aef-62a82c6f2292,725be174-ba53-516d-8beb-a4056cbac517,2026-01-20 08:10:00+01:00,2026-01-20 08:31:00+01:00,21,home,Dresden,,DE,office,Dresden,,DE,commute,,regional_train,,10.35,True,False,True
0953d039-e6af-5edd-a591-82e52523b84f,725be174-ba53-516d-8beb-a4056cbac517,2026-01-20 16:52:00+01:00,2026-01-20 17:13:00+01:00,21,office,Dresden,,DE,home,Dresden,,DE,home_return,,regional_train,,10.35,True,False,True
d5e209e5-a542-57d4-a836-7e59a4447ea1,725be174-ba53-516d-8beb-a4056cbac517,2026-01-21 08:06:00+01:00,2026-01-21 08:28:00+01:00,22,home,Dresden,,DE,office,Dresden,,DE,commute,,regional_train,,11.18,True,False,True
2752992e-772d-55f9-b35b-c15a54507651,725be174-ba53-516d-8beb-a4056cbac517,2026-01-21 16:35:00+01:00,2026-01-21 16:57:00+01:00,22,office,Dresden,,DE,home,Dresden,,DE,home_return,,regional_train,,11.18,True,False,True
ecf9f601-b1f3-50ef-8ea7-c8c0d9ad7e60,725be174-ba53-516d-8beb-a4056cbac517,2026-01-23 08:12:00+01:00,2026-01-23 08:30:00+01:00,18,home,Dresden,,DE,office,Dresden,,DE,commute,,regional_train,,9.01,True,False,True
b0f7822f-032c-5c00-bc31-31821df1336e,725be174-ba53-516d-8beb-a4056cbac517,2026-01-23 16:40:00+01:00,2026-01-23 16:58:00+01:00,18,office,Dresden,,DE,home,Dresden,,DE,home_return,,regional_train,,9.01,True,False,True
3366b661-8971-5967-8626-8bd1afe1ba46,725be174-ba53-516d-8beb-a4056cbac517,2026-01-25 12:00:00+01:00,2026-01-25 12:10:00+01:00,10,home,Dresden,,DE,farmers market,Dresden,,DE,errands,,public_transport,,4.61,False,False,False
ed25d175-077a-59d0-bba5-1521f6aa4123,725be174-ba53-516d-8beb-a4056cbac517,2026-01-27 08:06:00+01:00,2026-01-27 08:28:00+01:00,22,home,Dresden,,DE,office,Dresden,,DE,commute,,regional_train,,11.12,True,False,True
800f29bf-55a5-5e7a-8d7a-a7d515d94515,725be174-ba53-516d-8beb-a4056cbac517,2026-01-27 16:48:00+01:00,2026-01-27 17:10:00+01:00,22,office,Dresden,,DE,home,Dresden,,DE,home_return,,regional_train,,11.12,True,False,True
485964ea-daf7-5c28-983a-d1497c6dc207,725be174-ba53-516d-8beb-a4056cbac517,2026-01-29 08:15:00+01:00,2026-01-29 08:36:00+01:00,21,home,Dresden,,DE,office,Dresden,,DE,commute,,regional_train,,10.44,True,False,True
71a5689e-1ce8-515c-a4d1-68e7a4cb1c1e,725be174-ba53-516d-8beb-a4056cbac517,2026-01-29 16:35:00+01:00,2026-01-29 16:56:00+01:00,21,office,Dresden,,DE,home,Dresden,,DE,home_return,,regional_train,,10.44,True,False,True
08da2b12-4d4d-5ad4-a24a-c341d98d9cfa,725be174-ba53-516d-8beb-a4056cbac517,2026-02-01 13:00:00+01:00,2026-02-01 13:13:00+01:00,13,home,Dresden,,DE,farmers market,Dresden,,DE,shopping,,public_transport,,5.71,False,False,False
87596070-eaef-53fb-96a7-c815e24cf826,725be174-ba53-516d-8beb-a4056cbac517,2026-02-04 08:12:00+01:00,2026-02-04 08:31:00+01:00,19,home,Dresden,,DE,office,Dresden,,DE,commute,,regional_train,,9.47,True,False,True
90221916-dc13-5d2e-a28d-057f697b79f4,725be174-ba53-516d-8beb-a4056cbac517,2026-02-04 16:45:00+01:00,2026-02-04 17:04:00+01:00,19,office,Dresden,,DE,home,Dresden,,DE,home_return,,regional_train,,9.47,True,False,True
8d004aec-f308-56dc-8ee8-a48fcc4d7726,725be174-ba53-516d-8beb-a4056cbac517,2026-02-10 08:17:00+01:00,2026-02-10 08:39:00+01:00,22,home,Dresden,,DE,office,Dresden,,DE,commute,,regional_train,,10.82,True,False,True
a0e90abf-1f44-5398-bd9e-dccd73f54eea,725be174-ba53-516d-8beb-a4056cbac517,2026-02-10 16:36:00+01:00,2026-02-10 16:58:00+01:00,22,office,Dresden,,DE,home,Dresden,,DE,home_return,,regional_train,,10.82,True,False,True
b73aa9fe-1d0f-5521-8611-9d72ef20303a,725be174-ba53-516d-8beb-a4056cbac517,2026-02-11 08:19:00+01:00,2026-02-11 08:39:00+01:00,20,home,Dresden,,DE,office,Dresden,,DE,commute,,regional_train,,10.14,True,False,True
2bc28c40-c4c1-5873-8125-939a8f842fcd,725be174-ba53-516d-8beb-a4056cbac517,2026-02-11 16:43:00+01:00,2026-02-11 17:03:00+01:00,20,office,Dresden,,DE,home,Dresden,,DE,home_return,,regional_train,,10.14,True,False,True
0d323917-a573-5393-8ae6-689d463a8c70,725be174-ba53-516d-8beb-a4056cbac517,2026-02-13 08:07:00+01:00,2026-02-13 08:28:00+01:00,21,home,Dresden,,DE,office,Dresden,,DE,commute,,regional_train,,10.62,True,False,True
24a5b836-a68d-57d5-8eae-be332bb662c9,725be174-ba53-516d-8beb-a4056cbac517,2026-02-13 16:34:00+01:00,2026-02-13 16:55:00+01:00,21,office,Dresden,,DE,home,Dresden,,DE,home_return,,regional_train,,10.62,True,False,True
becade46-fc93-5b72-8475-62a6386bf725,725be174-ba53-516d-8beb-a4056cbac517,2026-02-15 15:00:00+01:00,2026-02-15 15:08:00+01:00,8,home,Dresden,,DE,farmers market,Dresden,,DE,shopping,,public_transport,,3.5,False,False,False
83ee7556-0995-5f87-9115-65e3224c908b,725be174-ba53-516d-8beb-a4056cbac517,2026-02-18 08:24:00+01:00,2026-02-18 08:43:00+01:00,19,home,Dresden,,DE,office,Dresden,,DE,commute,,regional_train,,9.4,True,False,True
4af47ee4-6781-596c-b644-11478ee99f8f,725be174-ba53-516d-8beb-a4056cbac517,2026-02-18 16:36:00+01:00,2026-02-18 16:55:00+01:00,19,office,Dresden,,DE,home,Dresden,,DE,home_return,,regional_train,,9.4,True,False,True
ddc1e122-3b82-59fd-8559-4d528c58d086,725be174-ba53-516d-8beb-a4056cbac517,2026-02-20 08:01:00+01:00,2026-02-20 08:20:00+01:00,19,home,Dresden,,DE,office,Dresden,,DE,commute,,regional_train,,9.47,True,False,True
b40ea73c-6b02-56a1-9aff-58e9e0631051,725be174-ba53-516d-8beb-a4056cbac517,2026-02-20 16:38:00+01:00,2026-02-20 16:57:00+01:00,19,office,Dresden,,DE,home,Dresden,,DE,home_return,,regional_train,,9.47,True,False,True
761b0a82-3069-574e-a253-9c1645c48ae3,725be174-ba53-516d-8beb-a4056cbac517,2026-02-24 08:22:00+01:00,2026-02-24 08:45:00+01:00,23,home,Dresden,,DE,office,Dresden,,DE,commute,,regional_train,,11.68,True,False,True
f60a160c-8d1e-5562-9012-f34a25e6db8a,725be174-ba53-516d-8beb-a4056cbac517,2026-02-24 16:34:00+01:00,2026-02-24 16:57:00+01:00,23,office,Dresden,,DE,home,Dresden,,DE,home_return,,regional_train,,11.68,True,False,True
3ad88eb6-56f0-511b-9856-1a26a0f27a62,725be174-ba53-516d-8beb-a4056cbac517,2026-02-25 08:10:00+01:00,2026-02-25 08:33:00+01:00,23,home,Dresden,,DE,office,Dresden,,DE,commute,,regional_train,,11.7,True,False,True
66ee4a2c-e764-5fc2-8443-5856700ba484,725be174-ba53-516d-8beb-a4056cbac517,2026-02-25 16:40:00+01:00,2026-02-25 17:03:00+01:00,23,office,Dresden,,DE,home,Dresden,,DE,home_return,,regional_train,,11.7,True,False,True
5a9dc883-c62d-57f0-8dbb-7837228e20af,725be174-ba53-516d-8beb-a4056cbac517,2026-02-26 08:22:00+01:00,2026-02-26 08:41:00+01:00,19,home,Dresden,,DE,office,Dresden,,DE,commute,,regional_train,,9.44,True,False,True
2c1c82c6-eaa9-5c36-a695-a75427dc5268,725be174-ba53-516d-8beb-a4056cbac517,2026-02-26 16:55:00+01:00,2026-02-26 17:14:00+01:00,19,office,Dresden,,DE,home,Dresden,,DE,home_return,,regional_train,,9.44,True,False,True
6c82c93a-095a-5f05-9f6f-f5188d619604,725be174-ba53-516d-8beb-a4056cbac517,2026-02-27 08:02:00+01:00,2026-02-27 08:25:00+01:00,23,home,Dresden,,DE,office,Dresden,,DE,commute,,regional_train,,11.66,True,False,True
34d60db3-2d5d-5cea-8a19-824f50761795,725be174-ba53-516d-8beb-a4056cbac517,2026-02-27 16:40:00+01:00,2026-02-27 17:03:00+01:00,23,office,Dresden,,DE,home,Dresden,,DE,home_return,,regional_train,,11.66,True,False,True
35e8256c-07c0-5764-ae17-ccc303d3096c,725be174-ba53-516d-8beb-a4056cbac517,2026-02-28 12:00:00+01:00,2026-02-28 12:07:00+01:00,7,home,Dresden,,DE,farmers market,Dresden,,DE,errands,,public_transport,,3.31,False,False,False
b4ca247c-5960-502e-ba8c-fd8ad46ebc3c,725be174-ba53-516d-8beb-a4056cbac517,2026-03-02 08:14:00+02:00,2026-03-02 08:33:00+02:00,19,home,Dresden,,DE,office,Dresden,,DE,commute,,regional_train,,9.32,True,False,True
6601b100-0ce6-53c0-bfd6-e53e4ba6631e,725be174-ba53-516d-8beb-a4056cbac517,2026-03-02 16:33:00+02:00,2026-03-02 16:52:00+02:00,19,office,Dresden,,DE,home,Dresden,,DE,home_return,,regional_train,,9.32,True,False,True
93962f00-492a-52e4-bd79-ae2e6dca410e,725be174-ba53-516d-8beb-a4056cbac517,2026-03-04 08:17:00+02:00,2026-03-04 08:38:00+02:00,21,home,Dresden,,DE,office,Dresden,,DE,commute,,regional_train,,10.31,True,False,True
919f9569-8a4d-5a64-9f34-5152b9d3cb15,725be174-ba53-516d-8beb-a4056cbac517,2026-03-04 16:34:00+02:00,2026-03-04 16:55:00+02:00,21,office,Dresden,,DE,home,Dresden,,DE,home_return,,regional_train,,10.31,True,False,True
62895e9b-0f88-57ae-98b2-c82a875cdb1f,725be174-ba53-516d-8beb-a4056cbac517,2026-03-05 08:11:00+02:00,2026-03-05 08:32:00+02:00,21,home,Dresden,,DE,office,Dresden,,DE,commute,,regional_train,,10.53,True,False,True
59367e63-77e4-5959-9f4b-fc8567d46062,725be174-ba53-516d-8beb-a4056cbac517,2026-03-05 16:33:00+02:00,2026-03-05 16:54:00+02:00,21,office,Dresden,,DE,home,Dresden,,DE,home_return,,regional_train,,10.53,True,False,True
77f75da6-e999-5984-8be6-0f2ac9338492,725be174-ba53-516d-8beb-a4056cbac517,2026-03-10 08:20:00+02:00,2026-03-10 08:43:00+02:00,23,home,Dresden,,DE,office,Dresden,,DE,commute,,regional_train,,11.36,True,False,True
4f7b4cbb-426b-5fe3-8134-81af1b2a2420,725be174-ba53-516d-8beb-a4056cbac517,2026-03-10 16:55:00+02:00,2026-03-10 17:18:00+02:00,23,office,Dresden,,DE,home,Dresden,,DE,home_return,,regional_train,,11.36,True,False,True
7e9ba468-78fc-5e1d-afbc-79a3ea95bf2a,725be174-ba53-516d-8beb-a4056cbac517,2026-03-11 08:05:00+02:00,2026-03-11 08:26:00+02:00,21,home,Dresden,,DE,office,Dresden,,DE,commute,,regional_train,,10.63,True,False,True
c46500df-0b3f-5756-afd6-2d972f695d42,725be174-ba53-516d-8beb-a4056cbac517,2026-03-11 16:33:00+02:00,2026-03-11 16:54:00+02:00,21,office,Dresden,,DE,home,Dresden,,DE,home_return,,regional_train,,10.63,True,False,True
0df68c7d-5edf-5e68-8877-abe83964c300,725be174-ba53-516d-8beb-a4056cbac517,2026-03-12 08:01:00+02:00,2026-03-12 08:22:00+02:00,21,home,Dresden,,DE,office,Dresden,,DE,commute,,regional_train,,10.53,True,False,True
b714952f-f8fb-5298-8562-b9a5025dfeb6,725be174-ba53-516d-8beb-a4056cbac517,2026-03-12 16:50:00+02:00,2026-03-12 17:11:00+02:00,21,office,Dresden,,DE,home,Dresden,,DE,home_return,,regional_train,,10.53,True,False,True
3a80f50d-a89b-56cb-bb5e-1e1667375406,725be174-ba53-516d-8beb-a4056cbac517,2026-03-13 08:25:00+02:00,2026-03-13 08:48:00+02:00,23,home,Dresden,,DE,office,Dresden,,DE,commute,,regional_train,,11.68,True,False,True
ec2d29f5-0280-5f99-b1a8-8bbb7fedd577,725be174-ba53-516d-8beb-a4056cbac517,2026-03-13 16:39:00+02:00,2026-03-13 17:02:00+02:00,23,office,Dresden,,DE,home,Dresden,,DE,home_return,,regional_train,,11.68,True,False,True
7320ea76-374f-598b-b52e-5cbedc9bc946,725be174-ba53-516d-8beb-a4056cbac517,2026-03-15 12:00:00+02:00,2026-03-15 12:10:00+02:00,10,home,Dresden,,DE,farmers market,Dresden,,DE,errands,,public_transport,,4.69,False,False,False
69a76704-72a6-5583-8cd8-368c7743f65d,725be174-ba53-516d-8beb-a4056cbac517,2026-03-18 08:20:00+02:00,2026-03-18 08:40:00+02:00,20,home,Dresden,,DE,office,Dresden,,DE,commute,,regional_train,,10.18,True,False,True
ba544a79-14b3-597c-a9c2-c9c20a61f9f5,725be174-ba53-516d-8beb-a4056cbac517,2026-03-18 16:43:00+02:00,2026-03-18 17:03:00+02:00,20,office,Dresden,,DE,home,Dresden,,DE,home_return,,regional_train,,10.18,True,False,True
c256568e-3251-5f91-99e4-0c95ef67b498,725be174-ba53-516d-8beb-a4056cbac517,2026-03-23 08:12:00+02:00,2026-03-23 08:35:00+02:00,23,home,Dresden,,DE,office,Dresden,,DE,commute,,regional_train,,11.68,True,False,True
969603d0-3819-5547-bff6-72b30af8b99f,725be174-ba53-516d-8beb-a4056cbac517,2026-03-23 16:31:00+02:00,2026-03-23 16:54:00+02:00,23,office,Dresden,,DE,home,Dresden,,DE,home_return,,regional_train,,11.68,True,False,True
c54f8add-a71e-578b-bc29-58250f69cb12,725be174-ba53-516d-8beb-a4056cbac517,2026-03-25 08:04:00+02:00,2026-03-25 08:24:00+02:00,20,home,Dresden,,DE,office,Dresden,,DE,commute,,regional_train,,10.19,True,False,True
a9ffdbaf-0360-599d-9967-fa5f2f30b504,725be174-ba53-516d-8beb-a4056cbac517,2026-03-25 16:33:00+02:00,2026-03-25 16:53:00+02:00,20,office,Dresden,,DE,home,Dresden,,DE,home_return,,regional_train,,10.19,True,False,True
04dfd21e-ce8d-5f68-a5f4-ced6ca76d2f8,725be174-ba53-516d-8beb-a4056cbac517,2026-03-28 11:00:00+02:00,2026-03-28 11:13:00+02:00,13,home,Dresden,,DE,farmers market,Dresden,,DE,errands,,public_transport,,5.79,False,False,False
536f3327-bc43-5f3d-a55d-b0ad81d3a3c9,725be174-ba53-516d-8beb-a4056cbac517,2026-03-30 08:05:00+02:00,2026-03-30 08:26:00+02:00,21,home,Dresden,,DE,office,Dresden,,DE,commute,,regional_train,,10.42,True,False,True
0c5dd3bf-119c-5aed-b562-8b876d1a8645,725be174-ba53-516d-8beb-a4056cbac517,2026-03-30 16:47:00+02:00,2026-03-30 17:08:00+02:00,21,office,Dresden,,DE,home,Dresden,,DE,home_return,,regional_train,,10.42,True,False,True
21a3dbdf-d708-5ba7-ba02-e97d295cf11b,725be174-ba53-516d-8beb-a4056cbac517,2026-03-31 08:25:00+02:00,2026-03-31 08:44:00+02:00,19,home,Dresden,,DE,office,Dresden,,DE,commute,,regional_train,,9.66,True,False,True
9d6c9d9d-367b-5cba-81e2-423e9ce410c4,725be174-ba53-516d-8beb-a4056cbac517,2026-03-31 16:34:00+02:00,2026-03-31 16:53:00+02:00,19,office,Dresden,,DE,home,Dresden,,DE,home_return,,regional_train,,9.66,True,False,True
baaf169b-1f2e-515c-bf4f-781ee67a61c9,725be174-ba53-516d-8beb-a4056cbac517,2026-04-03 08:16:00+02:00,2026-04-03 08:35:00+02:00,19,home,Dresden,,DE,office,Dresden,,DE,commute,,regional_train,,9.46,True,False,True
3e636e5f-39c4-547b-92cf-4ae01b5e4e01,725be174-ba53-516d-8beb-a4056cbac517,2026-04-03 16:47:00+02:00,2026-04-03 17:06:00+02:00,19,office,Dresden,,DE,home,Dresden,,DE,home_return,,regional_train,,9.46,True,False,True
514dfcb2-c7d3-5bcd-a584-21715d1dd065,725be174-ba53-516d-8beb-a4056cbac517,2026-04-06 08:13:00+02:00,2026-04-06 08:31:00+02:00,18,home,Dresden,,DE,office,Dresden,,DE,commute,,regional_train,,9.21,True,False,True
df67b58e-00cd-50d8-8017-47a711f60a8d,725be174-ba53-516d-8beb-a4056cbac517,2026-04-06 16:47:00+02:00,2026-04-06 17:05:00+02:00,18,office,Dresden,,DE,home,Dresden,,DE,home_return,,regional_train,,9.21,True,False,True
1cf6cd7f-0388-52a2-bf88-5335e83cde7c,725be174-ba53-516d-8beb-a4056cbac517,2026-04-07 08:03:00+02:00,2026-04-07 08:23:00+02:00,20,home,Dresden,,DE,office,Dresden,,DE,commute,,regional_train,,10.03,True,False,True
4afd5e4c-bfe7-5b1e-9c8c-fe41417ad61e,725be174-ba53-516d-8beb-a4056cbac517,2026-04-07 16:36:00+02:00,2026-04-07 16:56:00+02:00,20,office,Dresden,,DE,home,Dresden,,DE,home_return,,regional_train,,10.03,True,False,True
6e3b3573-c4f0-511a-a093-e8fe78d3ead5,725be174-ba53-516d-8beb-a4056cbac517,2026-04-08 08:21:00+02:00,2026-04-08 08:41:00+02:00,20,home,Dresden,,DE,office,Dresden,,DE,commute,,regional_train,,9.9,True,False,True
dfc34be0-b81d-567a-af0b-d3c9b467e27a,725be174-ba53-516d-8beb-a4056cbac517,2026-04-08 16:34:00+02:00,2026-04-08 16:54:00+02:00,20,office,Dresden,,DE,home,Dresden,,DE,home_return,,regional_train,,9.9,True,False,True
95d98fd2-dea1-5356-bc0d-c14cd16a4eec,725be174-ba53-516d-8beb-a4056cbac517,2026-04-09 08:22:00+02:00,2026-04-09 08:42:00+02:00,20,home,Dresden,,DE,office,Dresden,,DE,commute,,regional_train,,10.09,True,False,True
25fd03a4-eeba-5692-a0b9-ce104ac486fb,725be174-ba53-516d-8beb-a4056cbac517,2026-04-09 16:45:00+02:00,2026-04-09 17:05:00+02:00,20,office,Dresden,,DE,home,Dresden,,DE,home_return,,regional_train,,10.09,True,False,True
55616edb-1340-5dc8-8780-cc612a71e175,725be174-ba53-516d-8beb-a4056cbac517,2026-04-10 08:18:00+02:00,2026-04-10 08:38:00+02:00,20,home,Dresden,,DE,office,Dresden,,DE,commute,,regional_train,,9.87,True,False,True
630e4209-44df-5bb6-a581-69dc40d31abc,725be174-ba53-516d-8beb-a4056cbac517,2026-04-10 16:30:00+02:00,2026-04-10 16:50:00+02:00,20,office,Dresden,,DE,home,Dresden,,DE,home_return,,regional_train,,9.87,True,False,True
7059a407-9b30-576b-ac62-15c43964afd1,725be174-ba53-516d-8beb-a4056cbac517,2026-04-13 08:01:00+02:00,2026-04-13 08:20:00+02:00,19,home,Dresden,,DE,office,Dresden,,DE,commute,,regional_train,,9.43,True,False,True
d0f7fdf2-cec1-5bee-9c70-214d7f48ff3d,725be174-ba53-516d-8beb-a4056cbac517,2026-04-13 16:30:00+02:00,2026-04-13 16:49:00+02:00,19,office,Dresden,,DE,home,Dresden,,DE,home_return,,regional_train,,9.43,True,False,True
2d2eb5fe-abfd-58aa-85d0-585a1beb248a,725be174-ba53-516d-8beb-a4056cbac517,2026-04-14 08:24:00+02:00,2026-04-14 08:46:00+02:00,22,home,Dresden,,DE,office,Dresden,,DE,commute,,regional_train,,10.91,True,False,True
461514ae-3172-5b72-906f-b00ad0dfd51c,725be174-ba53-516d-8beb-a4056cbac517,2026-04-14 16:38:00+02:00,2026-04-14 17:00:00+02:00,22,office,Dresden,,DE,home,Dresden,,DE,home_return,,regional_train,,10.91,True,False,True
5755172f-410e-52f4-9212-9cbbdc12a499,725be174-ba53-516d-8beb-a4056cbac517,2026-04-16 08:11:00+02:00,2026-04-16 08:32:00+02:00,21,home,Dresden,,DE,office,Dresden,,DE,commute,,regional_train,,10.38,True,False,True
4af7f991-6b76-5300-b41d-d929d2a32ba1,725be174-ba53-516d-8beb-a4056cbac517,2026-04-16 16:35:00+02:00,2026-04-16 16:56:00+02:00,21,office,Dresden,,DE,home,Dresden,,DE,home_return,,regional_train,,10.38,True,False,True
5fae2dd4-a20b-58a6-8560-0b39a2972dad,725be174-ba53-516d-8beb-a4056cbac517,2026-04-17 08:09:00+02:00,2026-04-17 08:29:00+02:00,20,home,Dresden,,DE,office,Dresden,,DE,commute,,regional_train,,9.83,True,False,True
bdc575f2-1809-5ba9-af51-e9de337b160b,725be174-ba53-516d-8beb-a4056cbac517,2026-04-17 16:48:00+02:00,2026-04-17 17:08:00+02:00,20,office,Dresden,,DE,home,Dresden,,DE,home_return,,regional_train,,9.83,True,False,True
13ffe561-9893-50b2-ae09-3cc840d99233,725be174-ba53-516d-8beb-a4056cbac517,2026-04-20 08:05:00+02:00,2026-04-20 08:25:00+02:00,20,home,Dresden,,DE,office,Dresden,,DE,commute,,regional_train,,10.11,True,False,True
e04c2af3-de31-52f9-9f6b-7c0a9be6bfae,725be174-ba53-516d-8beb-a4056cbac517,2026-04-20 16:50:00+02:00,2026-04-20 17:10:00+02:00,20,office,Dresden,,DE,home,Dresden,,DE,home_return,,regional_train,,10.11,True,False,True
d65634eb-380c-58f9-a4a2-a8043b9c15ee,725be174-ba53-516d-8beb-a4056cbac517,2026-04-21 08:03:00+02:00,2026-04-21 08:22:00+02:00,19,home,Dresden,,DE,office,Dresden,,DE,commute,,regional_train,,9.71,True,False,True
c3d53d14-ca38-5dfc-a20e-f96b5868e6c1,725be174-ba53-516d-8beb-a4056cbac517,2026-04-21 16:51:00+02:00,2026-04-21 17:10:00+02:00,19,office,Dresden,,DE,home,Dresden,,DE,home_return,,regional_train,,9.71,True,False,True
43e353b6-d855-5d88-95c1-5a971559b627,725be174-ba53-516d-8beb-a4056cbac517,2026-04-23 08:04:00+02:00,2026-04-23 08:26:00+02:00,22,home,Dresden,,DE,office,Dresden,,DE,commute,,regional_train,,11.16,True,False,True
1906ec24-629b-5a76-869b-7e603c400b20,725be174-ba53-516d-8beb-a4056cbac517,2026-04-23 16:34:00+02:00,2026-04-23 16:56:00+02:00,22,office,Dresden,,DE,home,Dresden,,DE,home_return,,regional_train,,11.16,True,False,True
afed15c5-be39-5aa7-ba88-74a97b9ed5e3,725be174-ba53-516d-8beb-a4056cbac517,2026-04-24 08:03:00+02:00,2026-04-24 08:22:00+02:00,19,home,Dresden,,DE,office,Dresden,,DE,commute,,regional_train,,9.45,True,False,True
6150797b-ea66-5f37-8848-93d60fe25269,725be174-ba53-516d-8beb-a4056cbac517,2026-04-24 16:51:00+02:00,2026-04-24 17:10:00+02:00,19,office,Dresden,,DE,home,Dresden,,DE,home_return,,regional_train,,9.45,True,False,True
e734f2c2-c58c-589f-bd35-177184d9ca24,725be174-ba53-516d-8beb-a4056cbac517,2026-04-30 08:09:00+02:00,2026-04-30 08:27:00+02:00,18,home,Dresden,,DE,office,Dresden,,DE,commute,,regional_train,,9.06,True,False,True
d8a9dee1-43d4-5603-9152-aee580aa5d76,725be174-ba53-516d-8beb-a4056cbac517,2026-04-30 16:32:00+02:00,2026-04-30 16:50:00+02:00,18,office,Dresden,,DE,home,Dresden,,DE,home_return,,regional_train,,9.06,True,False,True
4f46f48f-7598-578d-9d16-c8b370281b74,725be174-ba53-516d-8beb-a4056cbac517,2026-05-01 08:04:00+02:00,2026-05-01 08:24:00+02:00,20,home,Dresden,,DE,office,Dresden,,DE,commute,,regional_train,,9.79,True,False,True
65fc3e72-7ac5-561a-97ce-732ec74f40e6,725be174-ba53-516d-8beb-a4056cbac517,2026-05-01 16:49:00+02:00,2026-05-01 17:09:00+02:00,20,office,Dresden,,DE,home,Dresden,,DE,home_return,,regional_train,,9.79,True,False,True
ef13bf0f-b248-5d4b-97ad-54ac92d1ceec,725be174-ba53-516d-8beb-a4056cbac517,2026-05-02 14:00:00+02:00,2026-05-02 14:09:00+02:00,9,home,Dresden,,DE,city center,Dresden,,DE,errands,,public_transport,,4.24,False,False,False
2321be99-0c6f-5d5e-b4d5-617caeacf2eb,725be174-ba53-516d-8beb-a4056cbac517,2026-05-04 08:25:00+02:00,2026-05-04 08:48:00+02:00,23,home,Dresden,,DE,office,Dresden,,DE,commute,,regional_train,,11.72,True,False,True
69f06da9-0e5a-503d-9007-0757b3675146,725be174-ba53-516d-8beb-a4056cbac517,2026-05-04 16:32:00+02:00,2026-05-04 16:55:00+02:00,23,office,Dresden,,DE,home,Dresden,,DE,home_return,,regional_train,,11.72,True,False,True
f198f979-b692-5a1c-badb-bbd2e94af242,725be174-ba53-516d-8beb-a4056cbac517,2026-05-07 08:02:00+02:00,2026-05-07 08:21:00+02:00,19,home,Dresden,,DE,office,Dresden,,DE,commute,,regional_train,,9.27,True,False,True
0999d9e7-91e2-53ad-b56e-85eadc7e640f,725be174-ba53-516d-8beb-a4056cbac517,2026-05-07 16:50:00+02:00,2026-05-07 17:09:00+02:00,19,office,Dresden,,DE,home,Dresden,,DE,home_return,,regional_train,,9.27,True,False,True
91c72060-d778-5621-a5c7-3fe9e040120b,725be174-ba53-516d-8beb-a4056cbac517,2026-05-08 08:22:00+02:00,2026-05-08 08:44:00+02:00,22,home,Dresden,,DE,office,Dresden,,DE,commute,,regional_train,,11.25,True,False,True
bba58d20-e038-5b67-9ea4-8aed9d1e28ed,725be174-ba53-516d-8beb-a4056cbac517,2026-05-08 16:44:00+02:00,2026-05-08 17:06:00+02:00,22,office,Dresden,,DE,home,Dresden,,DE,home_return,,regional_train,,11.25,True,False,True
b7655e97-0945-502d-ab12-4da97bc7a7cd,725be174-ba53-516d-8beb-a4056cbac517,2026-05-11 08:06:00+02:00,2026-05-11 08:25:00+02:00,19,home,Dresden,,DE,office,Dresden,,DE,commute,,regional_train,,9.31,True,False,True
c0abf6a7-1de0-585f-99e4-56074ad77ee1,725be174-ba53-516d-8beb-a4056cbac517,2026-05-11 16:47:00+02:00,2026-05-11 17:06:00+02:00,19,office,Dresden,,DE,home,Dresden,,DE,home_return,,regional_train,,9.31,True,False,True
d6891285-2360-501c-a954-432b4441aaaf,725be174-ba53-516d-8beb-a4056cbac517,2026-05-12 08:24:00+02:00,2026-05-12 08:47:00+02:00,23,home,Dresden,,DE,office,Dresden,,DE,commute,,regional_train,,11.37,True,False,True
6e5448f0-fcb8-5940-a477-115fa0478cd9,725be174-ba53-516d-8beb-a4056cbac517,2026-05-12 16:38:00+02:00,2026-05-12 17:01:00+02:00,23,office,Dresden,,DE,home,Dresden,,DE,home_return,,regional_train,,11.37,True,False,True
7efd6a08-0d28-558c-85e9-3d0009316acd,725be174-ba53-516d-8beb-a4056cbac517,2026-05-13 08:03:00+02:00,2026-05-13 08:24:00+02:00,21,home,Dresden,,DE,office,Dresden,,DE,commute,,regional_train,,10.69,True,False,True
d5a2b14b-7e8f-50a4-a8fa-e8459eaf5154,725be174-ba53-516d-8beb-a4056cbac517,2026-05-13 16:42:00+02:00,2026-05-13 17:03:00+02:00,21,office,Dresden,,DE,home,Dresden,,DE,home_return,,regional_train,,10.69,True,False,True
cea25729-736b-550d-bdb8-3e05f3e09717,725be174-ba53-516d-8beb-a4056cbac517,2026-05-19 08:07:00+02:00,2026-05-19 08:31:00+02:00,24,home,Dresden,,DE,office,Dresden,,DE,commute,,regional_train,,11.78,True,False,True
973c6bc1-4d44-5e50-b5b5-4a7f0978b4b3,725be174-ba53-516d-8beb-a4056cbac517,2026-05-19 16:40:00+02:00,2026-05-19 17:04:00+02:00,24,office,Dresden,,DE,home,Dresden,,DE,home_return,,regional_train,,11.78,True,False,True
3aa10d73-3df9-5aeb-b036-3dd189d4ef76,725be174-ba53-516d-8beb-a4056cbac517,2026-05-21 08:06:00+02:00,2026-05-21 08:25:00+02:00,19,home,Dresden,,DE,office,Dresden,,DE,commute,,regional_train,,9.38,True,False,True
e2bf21b2-4ac2-5132-ab85-0ac3fdd6fc07,725be174-ba53-516d-8beb-a4056cbac517,2026-05-21 16:42:00+02:00,2026-05-21 17:01:00+02:00,19,office,Dresden,,DE,home,Dresden,,DE,home_return,,regional_train,,9.38,True,False,True
91080d4f-5845-5668-8502-d3e5b9e58587,725be174-ba53-516d-8beb-a4056cbac517,2026-05-22 08:13:00+02:00,2026-05-22 08:33:00+02:00,20,home,Dresden,,DE,office,Dresden,,DE,commute,,regional_train,,10.25,True,False,True
2c3f9788-7631-5181-9d04-35110a93ea59,725be174-ba53-516d-8beb-a4056cbac517,2026-05-22 16:31:00+02:00,2026-05-22 16:51:00+02:00,20,office,Dresden,,DE,home,Dresden,,DE,home_return,,regional_train,,10.25,True,False,True
4a59af94-4795-5586-9ce6-2c340cf56df0,725be174-ba53-516d-8beb-a4056cbac517,2026-05-25 08:04:00+02:00,2026-05-25 08:27:00+02:00,23,home,Dresden,,DE,office,Dresden,,DE,commute,,regional_train,,11.53,True,False,True
1fb8255e-399d-52f5-bafc-616d1188a612,725be174-ba53-516d-8beb-a4056cbac517,2026-05-25 16:52:00+02:00,2026-05-25 17:15:00+02:00,23,office,Dresden,,DE,home,Dresden,,DE,home_return,,regional_train,,11.53,True,False,True
1379cf96-3f28-529c-a314-53d1995e7d15,725be174-ba53-516d-8beb-a4056cbac517,2026-05-26 08:03:00+02:00,2026-05-26 08:27:00+02:00,24,home,Dresden,,DE,office,Dresden,,DE,commute,,regional_train,,11.76,True,False,True
5701b0b0-40b0-55d2-9b35-32988b09b7d7,725be174-ba53-516d-8beb-a4056cbac517,2026-05-26 16:49:00+02:00,2026-05-26 17:13:00+02:00,24,office,Dresden,,DE,home,Dresden,,DE,home_return,,regional_train,,11.76,True,False,True
299d2361-dec6-5bcb-9179-271bec6c1a72,725be174-ba53-516d-8beb-a4056cbac517,2026-05-27 08:18:00+02:00,2026-05-27 08:37:00+02:00,19,home,Dresden,,DE,office,Dresden,,DE,commute,,regional_train,,9.56,True,False,True
36a28cfe-c604-5879-9736-7b4056e92e22,725be174-ba53-516d-8beb-a4056cbac517,2026-05-27 16:37:00+02:00,2026-05-27 16:56:00+02:00,19,office,Dresden,,DE,home,Dresden,,DE,home_return,,regional_train,,9.56,True,False,True
d47a9972-54f7-55eb-a34a-11d39ad327d5,725be174-ba53-516d-8beb-a4056cbac517,2026-05-31 16:00:00+02:00,2026-05-31 16:08:00+02:00,8,home,Dresden,,DE,farmers market,Dresden,,DE,errands,,public_transport,,3.49,False,False,False
cdedad28-5526-55e0-ab8b-69d0425fc32a,725be174-ba53-516d-8beb-a4056cbac517,2026-06-10 08:14:00+02:00,2026-06-10 08:34:00+02:00,20,home,Dresden,,DE,office,Dresden,,DE,commute,,regional_train,,9.99,True,False,True
cb3c3229-faf1-5311-995a-53188f2084a2,725be174-ba53-516d-8beb-a4056cbac517,2026-06-10 16:47:00+02:00,2026-06-10 17:07:00+02:00,20,office,Dresden,,DE,home,Dresden,,DE,home_return,,regional_train,,9.99,True,False,True
051a32ca-584a-5026-8654-b9068621daf3,725be174-ba53-516d-8beb-a4056cbac517,2026-06-11 08:11:00+02:00,2026-06-11 08:30:00+02:00,19,home,Dresden,,DE,office,Dresden,,DE,commute,,regional_train,,9.46,True,False,True
43a02cfa-b276-5dd2-a784-b1898f63991b,725be174-ba53-516d-8beb-a4056cbac517,2026-06-11 16:35:00+02:00,2026-06-11 16:54:00+02:00,19,office,Dresden,,DE,home,Dresden,,DE,home_return,,regional_train,,9.46,True,False,True
80274371-f4e7-5772-8310-3fd36c07aa8e,725be174-ba53-516d-8beb-a4056cbac517,2026-06-15 08:09:00+02:00,2026-06-15 08:32:00+02:00,23,home,Dresden,,DE,office,Dresden,,DE,commute,,regional_train,,11.53,True,False,True
2fa2a090-c629-5fcb-918f-0a0369113e68,725be174-ba53-516d-8beb-a4056cbac517,2026-06-15 16:33:00+02:00,2026-06-15 16:56:00+02:00,23,office,Dresden,,DE,home,Dresden,,DE,home_return,,regional_train,,11.53,True,False,True
19a71dc4-5694-5e60-a6a8-70cc4382c2fa,725be174-ba53-516d-8beb-a4056cbac517,2026-06-16 08:11:00+02:00,2026-06-16 08:33:00+02:00,22,home,Dresden,,DE,office,Dresden,,DE,commute,,regional_train,,11.1,True,False,True
13b81a09-5818-557d-b431-e26217f361d9,725be174-ba53-516d-8beb-a4056cbac517,2026-06-16 16:45:00+02:00,2026-06-16 17:07:00+02:00,22,office,Dresden,,DE,home,Dresden,,DE,home_return,,regional_train,,11.1,True,False,True
b5f3c9ba-5f64-5802-8392-ff2b9e2d309e,725be174-ba53-516d-8beb-a4056cbac517,2026-06-18 08:12:00+02:00,2026-06-18 08:32:00+02:00,20,home,Dresden,,DE,office,Dresden,,DE,commute,,regional_train,,9.79,True,False,True
6208fe9b-80d5-525c-9ba4-01a72b9c9c70,725be174-ba53-516d-8beb-a4056cbac517,2026-06-18 16:42:00+02:00,2026-06-18 17:02:00+02:00,20,office,Dresden,,DE,home,Dresden,,DE,home_return,,regional_train,,9.79,True,False,True
82235fca-2d82-5fe2-8789-c1a63414eaba,725be174-ba53-516d-8beb-a4056cbac517,2026-06-19 08:18:00+02:00,2026-06-19 08:41:00+02:00,23,home,Dresden,,DE,office,Dresden,,DE,commute,,regional_train,,11.33,True,False,True
d7c0218d-f1b9-5ee5-9e1a-98a6125d44f9,725be174-ba53-516d-8beb-a4056cbac517,2026-06-19 16:33:00+02:00,2026-06-19 16:56:00+02:00,23,office,Dresden,,DE,home,Dresden,,DE,home_return,,regional_train,,11.33,True,False,True
798512be-4cba-594c-a7ca-5ba31fd39198,725be174-ba53-516d-8beb-a4056cbac517,2026-06-23 08:03:00+02:00,2026-06-23 08:21:00+02:00,18,home,Dresden,,DE,office,Dresden,,DE,commute,,regional_train,,9.02,True,False,True
d23932f1-c59f-5492-aa3e-99347b4933ee,725be174-ba53-516d-8beb-a4056cbac517,2026-06-23 16:37:00+02:00,2026-06-23 16:55:00+02:00,18,office,Dresden,,DE,home,Dresden,,DE,home_return,,regional_train,,9.02,True,False,True
e4ab1bed-d8b3-5269-8266-b543ca6c3492,725be174-ba53-516d-8beb-a4056cbac517,2026-06-26 08:04:00+02:00,2026-06-26 08:26:00+02:00,22,home,Dresden,,DE,office,Dresden,,DE,commute,,regional_train,,10.83,True,False,True
65f6337d-f982-559c-999f-f6b1a9123fa9,725be174-ba53-516d-8beb-a4056cbac517,2026-06-26 16:35:00+02:00,2026-06-26 16:57:00+02:00,22,office,Dresden,,DE,home,Dresden,,DE,home_return,,regional_train,,10.83,True,False,True
9ef5ab29-3409-5e5d-bc08-2ed79e44636e,725be174-ba53-516d-8beb-a4056cbac517,2026-06-30 08:10:00+02:00,2026-06-30 08:32:00+02:00,22,home,Dresden,,DE,office,Dresden,,DE,commute,,regional_train,,10.88,True,False,True
01b7e31a-fe48-5fe6-ad50-0b5167e41f73,725be174-ba53-516d-8beb-a4056cbac517,2026-06-30 16:45:00+02:00,2026-06-30 17:07:00+02:00,22,office,Dresden,,DE,home,Dresden,,DE,home_return,,regional_train,,10.88,True,False,True
12566a12-0356-58d5-91e5-0dde34ce69f5,725be174-ba53-516d-8beb-a4056cbac517,2025-09-18 08:10:00+02:00,2025-09-18 09:51:00+02:00,101,home,Dresden,,DE,conference venue,Leipzig,,DE,business,,long_distance_train,,312.01,False,False,False
ea1145c9-9eda-5f17-8e20-3778ad0a4b0b,725be174-ba53-516d-8beb-a4056cbac517,2025-09-18 18:20:00+02:00,2025-09-18 20:01:00+02:00,101,conference venue,Leipzig,,DE,home,Dresden,,DE,home_return,,long_distance_train,,312.01,False,False,False
e3f75d6c-72c7-5396-a074-15eb18764392,725be174-ba53-516d-8beb-a4056cbac517,2026-03-06 08:10:00+02:00,2026-03-06 09:47:00+02:00,97,home,Dresden,,DE,conference venue,Leipzig,,DE,business,,long_distance_train,,299.6,False,False,False
2f651175-0b0a-56bd-81d0-3c44e53ca3ca,725be174-ba53-516d-8beb-a4056cbac517,2026-03-06 18:20:00+02:00,2026-03-06 19:57:00+02:00,97,conference venue,Leipzig,,DE,home,Dresden,,DE,home_return,,long_distance_train,,299.6,False,False,False
c64bb026-d687-54e4-98de-60bde46902e1,725be174-ba53-516d-8beb-a4056cbac517,2025-07-15 14:00:00+02:00,2025-07-15 14:18:00+02:00,18,home,Dresden,,DE,riverside path,Dresden,,DE,leisure,,bike_sharing,,3.6,False,False,False
87bddb31-8a4c-51d2-ae7f-63f24c46eac4,725be174-ba53-516d-8beb-a4056cbac517,2025-07-30 18:00:00+02:00,2025-07-30 18:10:00+02:00,10,home,Dresden,,DE,riverside path,Dresden,,DE,leisure,,bike_sharing,,2.0,False,False,False
6a8aec26-22b3-5dc4-8c6a-7db75fc86224,725be174-ba53-516d-8beb-a4056cbac517,2025-08-06 19:00:00+02:00,2025-08-06 19:11:00+02:00,11,home,Dresden,,DE,riverside path,Dresden,,DE,leisure,,bike_sharing,,2.2,False,False,False
2ee10c98-a5df-5441-9bcb-6abc15e1c354,725be174-ba53-516d-8beb-a4056cbac517,2025-09-22 17:00:00+02:00,2025-09-22 17:25:00+02:00,25,home,Dresden,,DE,riverside path,Dresden,,DE,leisure,,bike_sharing,,5.0,False,False,False
5385a577-8185-5b1c-afa1-995f79cf0e59,725be174-ba53-516d-8beb-a4056cbac517,2025-12-04 17:00:00+01:00,2025-12-04 17:13:00+01:00,13,home,Dresden,,DE,riverside path,Dresden,,DE,leisure,,bike_sharing,,2.6,False,False,False
a04785ff-3a0c-5c9e-9289-3341c01d4d06,725be174-ba53-516d-8beb-a4056cbac517,2025-12-28 16:00:00+01:00,2025-12-28 16:15:00+01:00,15,home,Dresden,,DE,riverside path,Dresden,,DE,leisure,,bike_sharing,,3.0,False,False,False
3943ced7-1887-5045-8e7f-1431716f59e8,725be174-ba53-516d-8beb-a4056cbac517,2026-01-13 19:00:00+01:00,2026-01-13 19:13:00+01:00,13,home,Dresden,,DE,riverside path,Dresden,,DE,leisure,,bike_sharing,,2.6,False,False,False
2ccd4032-0865-55d3-b236-6b362234c59c,725be174-ba53-516d-8beb-a4056cbac517,2026-03-03 15:00:00+02:00,2026-03-03 15:13:00+02:00,13,home,Dresden,,DE,riverside path,Dresden,,DE,leisure,,bike_sharing,,2.6,False,False,False
d6546577-886c-5c90-83ea-4542f8f458a9,725be174-ba53-516d-8beb-a4056cbac517,2026-03-13 15:00:00+02:00,2026-03-13 15:22:00+02:00,22,home,Dresden,,DE,riverside path,Dresden,,DE,leisure,,bike_sharing,,4.4,False,False,False
a90161f2-3455-5195-97d0-0e3d8d87089d,725be174-ba53-516d-8beb-a4056cbac517,2026-03-22 18:00:00+02:00,2026-03-22 18:18:00+02:00,18,home,Dresden,,DE,riverside path,Dresden,,DE,leisure,,bike_sharing,,3.6,False,False,False
e567ad7e-d56e-5699-9a20-8c13cfdaec4c,725be174-ba53-516d-8beb-a4056cbac517,2026-03-23 12:00:00+02:00,2026-03-23 12:13:00+02:00,13,home,Dresden,,DE,riverside path,Dresden,,DE,leisure,,bike_sharing,,2.6,False,False,False
dd7fe9dd-9354-53a5-b8a5-856127b06a08,725be174-ba53-516d-8beb-a4056cbac517,2026-03-31 15:00:00+02:00,2026-03-31 15:13:00+02:00,13,home,Dresden,,DE,riverside path,Dresden,,DE,leisure,,bike_sharing,,2.6,False,False,False
3b3633ef-caa1-529a-8e4c-9bf4933603a9,725be174-ba53-516d-8beb-a4056cbac517,2026-05-03 16:00:00+02:00,2026-05-03 16:19:00+02:00,19,home,Dresden,,DE,riverside path,Dresden,,DE,leisure,,bike_sharing,,3.8,False,False,False
1a845d6d-1025-5f65-b83a-f68742995dc8,725be174-ba53-516d-8beb-a4056cbac517,2026-05-20 18:00:00+02:00,2026-05-20 18:23:00+02:00,23,home,Dresden,,DE,riverside path,Dresden,,DE,leisure,,bike_sharing,,4.6,False,False,False
db5ee85b-5d0c-5ed6-8470-af9a7b4e71ff,725be174-ba53-516d-8beb-a4056cbac517,2026-06-10 16:00:00+02:00,2026-06-10 16:19:00+02:00,19,home,Dresden,,DE,riverside path,Dresden,,DE,leisure,,bike_sharing,,3.8,False,False,False
c868d8e4-afad-5cab-a654-1c7a76925026,932d3626-708a-596b-a1fc-99c2fa1ce9b3,2025-07-02 13:00:00+02:00,2025-07-02 13:21:00+02:00,21,home,Bremen,,DE,riverside promenade,Bremen,,DE,leisure,,bike_sharing,,4.62,False,False,False
cd839d50-1a45-5952-87df-b7dcbae65c68,932d3626-708a-596b-a1fc-99c2fa1ce9b3,2025-07-03 19:00:00+02:00,2025-07-03 19:07:00+02:00,7,home,Bremen,,DE,co-working space,Bremen,,DE,social,,e_scooter,,1.26,False,False,False
fa93451b-3fb5-52c3-a3df-e72fb552acc8,932d3626-708a-596b-a1fc-99c2fa1ce9b3,2025-07-04 19:00:00+02:00,2025-07-04 19:11:00+02:00,11,home,Bremen,,DE,cafe,Bremen,,DE,social,,e_scooter,,1.98,False,False,False
e4d94993-8715-5611-a38a-abf8b126644c,932d3626-708a-596b-a1fc-99c2fa1ce9b3,2025-07-07 12:00:00+02:00,2025-07-07 12:24:00+02:00,24,home,Bremen,,DE,print shop,Bremen,,DE,shopping,,car_sharing,,5.72,False,False,True
68c64406-41cd-5063-9cb6-785bc2527c9f,932d3626-708a-596b-a1fc-99c2fa1ce9b3,2025-07-10 17:00:00+02:00,2025-07-10 17:13:00+02:00,13,home,Bremen,,DE,riverside promenade,Bremen,,DE,leisure,,bike_sharing,,2.86,False,False,False
a99d0fa8-4156-55aa-8b86-f27c4cc648ed,932d3626-708a-596b-a1fc-99c2fa1ce9b3,2025-07-16 10:00:00+02:00,2025-07-16 10:36:00+02:00,36,home,Bremen,,DE,supplier,Bremen,,DE,shopping,,car_sharing,,9.12,False,False,True
b75b70d9-4be0-5bd7-b7f2-2c0a456ca560,932d3626-708a-596b-a1fc-99c2fa1ce9b3,2025-07-21 09:00:00+02:00,2025-07-21 09:38:00+02:00,38,home,Bremen,,DE,supplier,Bremen,,DE,shopping,,car_sharing,,9.68,False,False,True
45862ae6-79ea-5b34-a605-09e7bea5d218,932d3626-708a-596b-a1fc-99c2fa1ce9b3,2025-07-23 11:00:00+02:00,2025-07-23 11:52:00+02:00,52,home,Bremen,,DE,client studio,Bremen,,DE,shopping,,car_sharing,,13.3,False,False,True
ae9d8445-3cea-5b31-86d9-0fa0f21d0faf,932d3626-708a-596b-a1fc-99c2fa1ce9b3,2025-07-25 14:00:00+02:00,2025-07-25 14:32:00+02:00,32,home,Bremen,,DE,client studio,Bremen,,DE,errands,,car_sharing,,8.05,False,False,True
1cd37e33-c297-55c7-86ae-772eb4fbbed2,932d3626-708a-596b-a1fc-99c2fa1ce9b3,2025-07-26 11:00:00+02:00,2025-07-26 11:23:00+02:00,23,home,Bremen,,DE,riverside promenade,Bremen,,DE,leisure,,bike_sharing,,5.06,False,False,False
66f8440b-2a9a-5537-8625-f3b11f3b9fbf,932d3626-708a-596b-a1fc-99c2fa1ce9b3,2025-07-29 09:00:00+02:00,2025-07-29 09:31:00+02:00,31,home,Bremen,,DE,client studio,Bremen,,DE,shopping,,car_sharing,,8.33,False,False,True
9f0d4350-3183-5623-98d8-faa21af45018,932d3626-708a-596b-a1fc-99c2fa1ce9b3,2025-07-29 10:00:00+02:00,2025-07-29 10:07:00+02:00,7,home,Bremen,,DE,co-working space,Bremen,,DE,social,,e_scooter,,1.26,False,False,False
70c39960-74c5-5dad-a141-0e7b239b5d48,932d3626-708a-596b-a1fc-99c2fa1ce9b3,2025-08-01 15:00:00+02:00,2025-08-01 15:47:00+02:00,47,home,Bremen,,DE,supplier,Bremen,,DE,errands,,car_sharing,,12.15,False,False,True
cc32defd-02c5-5d4a-94aa-777b016d01ac,932d3626-708a-596b-a1fc-99c2fa1ce9b3,2025-08-04 16:00:00+02:00,2025-08-04 16:18:00+02:00,18,home,Bremen,,DE,co-working space,Bremen,,DE,social,,e_scooter,,3.24,False,False,False
3b3210c6-68bf-5785-991a-26ad544b367c,932d3626-708a-596b-a1fc-99c2fa1ce9b3,2025-08-08 15:00:00+02:00,2025-08-08 15:11:00+02:00,11,home,Bremen,,DE,studio,Bremen,,DE,leisure,,e_scooter,,1.98,False,False,False
b59fb5d0-7741-5750-a327-92ceeb0b9cbd,932d3626-708a-596b-a1fc-99c2fa1ce9b3,2025-08-14 14:00:00+02:00,2025-08-14 14:32:00+02:00,32,home,Bremen,,DE,client studio,Bremen,,DE,errands,,car_sharing,,9.27,False,False,True
e6decf65-f5c9-550a-bfde-7e335bd243c0,932d3626-708a-596b-a1fc-99c2fa1ce9b3,2025-08-29 14:00:00+02:00,2025-08-29 14:09:00+02:00,9,home,Bremen,,DE,studio,Bremen,,DE,business,,e_scooter,,1.62,False,False,False
4935edbd-c15f-5a83-8a81-ee488bbe6e03,932d3626-708a-596b-a1fc-99c2fa1ce9b3,2025-09-01 16:00:00+02:00,2025-09-01 16:29:00+02:00,29,home,Bremen,,DE,supplier,Bremen,,DE,business,,car_sharing,,5.4,False,False,True
620a1364-d97c-5ef5-84ed-7f27462ae6de,932d3626-708a-596b-a1fc-99c2fa1ce9b3,2025-09-01 15:00:00+02:00,2025-09-01 15:05:00+02:00,5,home,Bremen,,DE,co-working space,Bremen,,DE,business,,e_scooter,,0.9,False,False,False
40e2e26e-baee-520c-a174-3187ed6807bd,932d3626-708a-596b-a1fc-99c2fa1ce9b3,2025-09-02 09:00:00+02:00,2025-09-02 09:27:00+02:00,27,home,Bremen,,DE,client studio,Bremen,,DE,errands,,car_sharing,,5.71,False,False,True
904b207f-b6d5-5d5e-adca-b5428178ed74,932d3626-708a-596b-a1fc-99c2fa1ce9b3,2025-09-02 12:00:00+02:00,2025-09-02 12:09:00+02:00,9,home,Bremen,,DE,co-working space,Bremen,,DE,business,,e_scooter,,1.62,False,False,False
3329b434-44c7-5cd7-b5db-9de91e74a49b,932d3626-708a-596b-a1fc-99c2fa1ce9b3,2025-09-03 14:00:00+02:00,2025-09-03 14:11:00+02:00,11,home,Bremen,,DE,co-working space,Bremen,,DE,leisure,,e_scooter,,1.98,False,False,False
b776c0e3-ac72-5450-b26c-b081970676f0,932d3626-708a-596b-a1fc-99c2fa1ce9b3,2025-09-03 13:00:00+02:00,2025-09-03 13:13:00+02:00,13,home,Bremen,,DE,riverside promenade,Bremen,,DE,leisure,,bike_sharing,,2.86,False,False,False
4a2e3e60-8f38-56c2-95f5-065685e0d6c8,932d3626-708a-596b-a1fc-99c2fa1ce9b3,2025-09-04 10:00:00+02:00,2025-09-04 10:17:00+02:00,17,home,Bremen,,DE,co-working space,Bremen,,DE,social,,e_scooter,,3.06,False,False,False
3caf1e7a-6daf-5dab-a0c4-2a688101e909,932d3626-708a-596b-a1fc-99c2fa1ce9b3,2025-09-05 15:00:00+02:00,2025-09-05 15:29:00+02:00,29,home,Bremen,,DE,supplier,Bremen,,DE,shopping,,car_sharing,,6.87,False,False,True
b45fc321-1f01-5821-9b65-5dca3c15a4aa,932d3626-708a-596b-a1fc-99c2fa1ce9b3,2025-09-05 13:00:00+02:00,2025-09-05 13:06:00+02:00,6,home,Bremen,,DE,studio,Bremen,,DE,leisure,,e_scooter,,1.08,False,False,False
0e00cd84-e5bc-5507-b6fc-05fc9a6aac10,932d3626-708a-596b-a1fc-99c2fa1ce9b3,2025-09-07 13:00:00+02:00,2025-09-07 13:39:00+02:00,39,home,Bremen,,DE,supplier,Bremen,,DE,errands,,car_sharing,,9.16,False,False,False
51e52af2-6a69-5ac9-91e8-a2509f87f4b2,932d3626-708a-596b-a1fc-99c2fa1ce9b3,2025-09-07 13:00:00+02:00,2025-09-07 13:12:00+02:00,12,home,Bremen,,DE,studio,Bremen,,DE,social,,e_scooter,,2.16,False,False,False
25e2751e-bdcf-551f-a997-0bc9a89df26d,932d3626-708a-596b-a1fc-99c2fa1ce9b3,2025-09-09 10:00:00+02:00,2025-09-09 10:35:00+02:00,35,home,Bremen,,DE,print shop,Bremen,,DE,shopping,,car_sharing,,9.27,False,False,True
e358d097-7a17-5c1b-b21a-17f2be70d83b,932d3626-708a-596b-a1fc-99c2fa1ce9b3,2025-09-10 15:00:00+02:00,2025-09-10 15:33:00+02:00,33,home,Bremen,,DE,client studio,Bremen,,DE,shopping,,car_sharing,,8.43,False,False,True
9fe2fc5f-c203-5695-90d7-c669ae464c5a,932d3626-708a-596b-a1fc-99c2fa1ce9b3,2025-09-10 19:00:00+02:00,2025-09-10 19:18:00+02:00,18,home,Bremen,,DE,co-working space,Bremen,,DE,social,,e_scooter,,3.24,False,False,False
59c9f1ff-9466-5cdb-b7df-daae8f0c181b,932d3626-708a-596b-a1fc-99c2fa1ce9b3,2025-09-11 13:00:00+02:00,2025-09-11 13:34:00+02:00,34,home,Bremen,,DE,print shop,Bremen,,DE,business,,car_sharing,,9.37,False,False,True
9ef3a578-2c0d-56c0-8bcf-e845c2a79520,932d3626-708a-596b-a1fc-99c2fa1ce9b3,2025-09-12 14:00:00+02:00,2025-09-12 14:47:00+02:00,47,home,Bremen,,DE,supplier,Bremen,,DE,business,,car_sharing,,12.87,False,False,True
baff1ffe-c1c0-558f-9279-f1dace91041a,932d3626-708a-596b-a1fc-99c2fa1ce9b3,2025-09-15 16:00:00+02:00,2025-09-15 16:15:00+02:00,15,home,Bremen,,DE,studio,Bremen,,DE,social,,e_scooter,,2.7,False,False,False
c8ad9867-ff9c-565d-b199-2c3eaa764c79,932d3626-708a-596b-a1fc-99c2fa1ce9b3,2025-09-15 12:00:00+02:00,2025-09-15 12:18:00+02:00,18,home,Bremen,,DE,riverside promenade,Bremen,,DE,leisure,,bike_sharing,,3.96,False,False,False
408a2cb9-94f6-5e1f-ba77-1c7926c5f6e4,932d3626-708a-596b-a1fc-99c2fa1ce9b3,2025-09-16 16:00:00+02:00,2025-09-16 16:35:00+02:00,35,home,Bremen,,DE,supplier,Bremen,,DE,shopping,,car_sharing,,9.64,False,False,True
8e2603a8-39dd-5504-bfd3-e4276fc0837d,932d3626-708a-596b-a1fc-99c2fa1ce9b3,2025-09-16 09:00:00+02:00,2025-09-16 09:22:00+02:00,22,home,Bremen,,DE,riverside promenade,Bremen,,DE,leisure,,bike_sharing,,4.84,False,False,False
eb663c66-750e-5702-96ca-b37bc562b95a,932d3626-708a-596b-a1fc-99c2fa1ce9b3,2025-09-18 12:00:00+02:00,2025-09-18 12:40:00+02:00,40,home,Bremen,,DE,supplier,Bremen,,DE,shopping,,car_sharing,,8.9,False,False,True
0513e15c-c6c8-5d22-8559-781b93b582eb,932d3626-708a-596b-a1fc-99c2fa1ce9b3,2025-09-18 09:00:00+02:00,2025-09-18 09:11:00+02:00,11,home,Bremen,,DE,riverside promenade,Bremen,,DE,leisure,,bike_sharing,,2.42,False,False,False
c1a487ae-e2fe-5ff5-84fe-a19d9b0dda14,932d3626-708a-596b-a1fc-99c2fa1ce9b3,2025-09-19 20:00:00+02:00,2025-09-19 20:05:00+02:00,5,home,Bremen,,DE,cafe,Bremen,,DE,social,,e_scooter,,0.9,False,False,False
a792ba0f-1239-5616-95ac-ffe79001079f,932d3626-708a-596b-a1fc-99c2fa1ce9b3,2025-09-20 16:00:00+02:00,2025-09-20 16:13:00+02:00,13,home,Bremen,,DE,co-working space,Bremen,,DE,leisure,,e_scooter,,2.34,False,False,False
e8bbe43b-408f-53d1-82d8-2007e996cc93,932d3626-708a-596b-a1fc-99c2fa1ce9b3,2025-09-21 13:00:00+02:00,2025-09-21 13:10:00+02:00,10,home,Bremen,,DE,co-working space,Bremen,,DE,business,,e_scooter,,1.8,False,False,False
87ae5e7d-86c8-5810-9f95-a4a6c0d17bf5,932d3626-708a-596b-a1fc-99c2fa1ce9b3,2025-09-22 16:00:00+02:00,2025-09-22 16:12:00+02:00,12,home,Bremen,,DE,studio,Bremen,,DE,social,,e_scooter,,2.16,False,False,False
c98a3518-5259-512a-afd2-77d6a4d3310a,932d3626-708a-596b-a1fc-99c2fa1ce9b3,2025-09-24 15:00:00+02:00,2025-09-24 15:34:00+02:00,34,home,Bremen,,DE,print shop,Bremen,,DE,business,,car_sharing,,7.82,False,False,True
d65611f5-c53e-5b83-adeb-c4e8dcd82de6,932d3626-708a-596b-a1fc-99c2fa1ce9b3,2025-09-25 14:00:00+02:00,2025-09-25 14:13:00+02:00,13,home,Bremen,,DE,cafe,Bremen,,DE,social,,e_scooter,,2.34,False,False,False
8daf64fd-b827-545b-845a-e90ba9561876,932d3626-708a-596b-a1fc-99c2fa1ce9b3,2025-09-26 16:00:00+02:00,2025-09-26 16:26:00+02:00,26,home,Bremen,,DE,print shop,Bremen,,DE,shopping,,car_sharing,,7.16,False,False,True
65fd8db0-b232-58e6-9e9f-19597010a2ab,932d3626-708a-596b-a1fc-99c2fa1ce9b3,2025-09-26 20:00:00+02:00,2025-09-26 20:08:00+02:00,8,home,Bremen,,DE,studio,Bremen,,DE,business,,e_scooter,,1.44,False,False,False
ed0c2947-0758-5011-a772-3a0bcdfdc28d,932d3626-708a-596b-a1fc-99c2fa1ce9b3,2025-09-27 12:00:00+02:00,2025-09-27 12:05:00+02:00,5,home,Bremen,,DE,co-working space,Bremen,,DE,business,,e_scooter,,0.9,False,False,False
aa0436ba-3957-54ae-bc0f-92eacf7781de,932d3626-708a-596b-a1fc-99c2fa1ce9b3,2025-09-27 14:00:00+02:00,2025-09-27 14:15:00+02:00,15,home,Bremen,,DE,riverside promenade,Bremen,,DE,leisure,,bike_sharing,,3.3,False,False,False
9fd2dd32-a09d-57f7-9145-9e42c320499e,932d3626-708a-596b-a1fc-99c2fa1ce9b3,2025-09-28 10:00:00+02:00,2025-09-28 10:27:00+02:00,27,home,Bremen,,DE,print shop,Bremen,,DE,shopping,,car_sharing,,5.22,False,False,False
2887abd0-4ab6-5f46-bb6f-232e9282fd3e,932d3626-708a-596b-a1fc-99c2fa1ce9b3,2025-09-29 09:00:00+02:00,2025-09-29 09:47:00+02:00,47,home,Bremen,,DE,client studio,Bremen,,DE,shopping,,car_sharing,,11.78,False,False,True
705cca37-b188-5807-af2d-288da34297cc,932d3626-708a-596b-a1fc-99c2fa1ce9b3,2025-09-30 10:00:00+02:00,2025-09-30 10:35:00+02:00,35,home,Bremen,,DE,print shop,Bremen,,DE,business,,car_sharing,,7.95,False,False,True
1baf1361-66dd-5476-a27c-5dc439fdf012,932d3626-708a-596b-a1fc-99c2fa1ce9b3,2025-09-30 13:00:00+02:00,2025-09-30 13:05:00+02:00,5,home,Bremen,,DE,cafe,Bremen,,DE,leisure,,e_scooter,,0.9,False,False,False
d9b2cfcc-da59-5791-befa-46e82a984abd,932d3626-708a-596b-a1fc-99c2fa1ce9b3,2025-10-02 12:00:00+02:00,2025-10-02 12:44:00+02:00,44,home,Bremen,,DE,client studio,Bremen,,DE,business,,car_sharing,,11.9,False,False,True
de360407-bd57-54d8-81c2-2653a409a352,932d3626-708a-596b-a1fc-99c2fa1ce9b3,2025-10-03 13:00:00+02:00,2025-10-03 13:25:00+02:00,25,home,Bremen,,DE,supplier,Bremen,,DE,business,,car_sharing,,6.64,False,False,True
a0b9dae7-0dc4-51d0-9029-d4fe8123308e,932d3626-708a-596b-a1fc-99c2fa1ce9b3,2025-10-04 14:00:00+02:00,2025-10-04 14:43:00+02:00,43,home,Bremen,,DE,supplier,Bremen,,DE,business,,car_sharing,,11.55,False,False,False
b1caf5f1-d8b0-5579-8220-e50c2962644b,932d3626-708a-596b-a1fc-99c2fa1ce9b3,2025-10-05 18:00:00+02:00,2025-10-05 18:29:00+02:00,29,home,Bremen,,DE,riverside promenade,Bremen,,DE,leisure,,bike_sharing,,6.38,False,False,False
59b7d100-1bd1-53ea-b72b-4701e9e23f94,932d3626-708a-596b-a1fc-99c2fa1ce9b3,2025-10-06 12:00:00+02:00,2025-10-06 12:43:00+02:00,43,home,Bremen,,DE,client studio,Bremen,,DE,errands,,car_sharing,,10.01,False,False,True
f4933e12-403b-5362-84bd-e6ef5e4ef1de,932d3626-708a-596b-a1fc-99c2fa1ce9b3,2025-10-06 13:00:00+02:00,2025-10-06 13:06:00+02:00,6,home,Bremen,,DE,co-working space,Bremen,,DE,business,,e_scooter,,1.08,False,False,False
b8f57d2f-a8ed-5973-ab61-3c107a671a45,932d3626-708a-596b-a1fc-99c2fa1ce9b3,2025-10-07 15:00:00+02:00,2025-10-07 15:29:00+02:00,29,home,Bremen,,DE,supplier,Bremen,,DE,business,,car_sharing,,5.3,False,False,True
a3c382b3-4a25-5430-ad74-3377e6c9761e,932d3626-708a-596b-a1fc-99c2fa1ce9b3,2025-10-08 16:00:00+02:00,2025-10-08 16:40:00+02:00,40,home,Bremen,,DE,client studio,Bremen,,DE,business,,car_sharing,,9.94,False,False,True
c76c1fcc-09d8-52a6-8abb-71bb91653465,932d3626-708a-596b-a1fc-99c2fa1ce9b3,2025-10-09 13:00:00+02:00,2025-10-09 13:48:00+02:00,48,home,Bremen,,DE,client studio,Bremen,,DE,shopping,,car_sharing,,11.84,False,False,True
a8a3dce5-8161-5320-8978-06301ba5485a,932d3626-708a-596b-a1fc-99c2fa1ce9b3,2025-10-10 09:00:00+02:00,2025-10-10 09:39:00+02:00,39,home,Bremen,,DE,client studio,Bremen,,DE,shopping,,car_sharing,,10.6,False,False,True
d72cd184-3bb7-5271-888a-180f6eaf82cd,932d3626-708a-596b-a1fc-99c2fa1ce9b3,2025-10-13 17:00:00+02:00,2025-10-13 17:09:00+02:00,9,home,Bremen,,DE,studio,Bremen,,DE,social,,e_scooter,,1.62,False,False,False
3e2910c8-8a3e-526c-9130-6b361db7959d,932d3626-708a-596b-a1fc-99c2fa1ce9b3,2025-10-14 12:00:00+02:00,2025-10-14 12:50:00+02:00,50,home,Bremen,,DE,print shop,Bremen,,DE,errands,,car_sharing,,13.0,False,False,True
ad831dbe-3c62-5a1b-880f-768ee011228e,932d3626-708a-596b-a1fc-99c2fa1ce9b3,2025-10-14 20:00:00+02:00,2025-10-14 20:16:00+02:00,16,home,Bremen,,DE,studio,Bremen,,DE,leisure,,e_scooter,,2.88,False,False,False
7a99b732-4faf-5566-9866-e1da05ecbe66,932d3626-708a-596b-a1fc-99c2fa1ce9b3,2025-10-15 11:00:00+02:00,2025-10-15 11:41:00+02:00,41,home,Bremen,,DE,client studio,Bremen,,DE,shopping,,car_sharing,,11.88,False,False,True
fde71517-2c3d-54de-bef7-b5624ee25b43,932d3626-708a-596b-a1fc-99c2fa1ce9b3,2025-10-16 14:00:00+02:00,2025-10-16 14:27:00+02:00,27,home,Bremen,,DE,riverside promenade,Bremen,,DE,leisure,,bike_sharing,,5.94,False,False,False
b6152ddd-5929-5861-ba0b-e5056166767f,932d3626-708a-596b-a1fc-99c2fa1ce9b3,2025-10-17 15:00:00+02:00,2025-10-17 15:36:00+02:00,36,home,Bremen,,DE,print shop,Bremen,,DE,errands,,car_sharing,,9.35,False,False,True
4d703680-2ddd-5552-bd96-e2c2b2cf6d78,932d3626-708a-596b-a1fc-99c2fa1ce9b3,2025-10-17 18:00:00+02:00,2025-10-17 18:05:00+02:00,5,home,Bremen,,DE,co-working space,Bremen,,DE,business,,e_scooter,,0.9,False,False,False
320cb405-78c0-5aa6-bed1-d2113d7adebd,932d3626-708a-596b-a1fc-99c2fa1ce9b3,2025-10-18 13:00:00+02:00,2025-10-18 13:13:00+02:00,13,home,Bremen,,DE,cafe,Bremen,,DE,business,,e_scooter,,2.34,False,False,False
e54a323e-21d2-57d6-b2f1-2b7d09ffc0d3,932d3626-708a-596b-a1fc-99c2fa1ce9b3,2025-10-20 11:00:00+02:00,2025-10-20 11:37:00+02:00,37,home,Bremen,,DE,client studio,Bremen,,DE,business,,car_sharing,,10.84,False,False,True
7e880957-646a-5d76-920e-1d23753f2c03,932d3626-708a-596b-a1fc-99c2fa1ce9b3,2025-10-22 19:00:00+02:00,2025-10-22 19:28:00+02:00,28,home,Bremen,,DE,riverside promenade,Bremen,,DE,leisure,,bike_sharing,,6.16,False,False,False
df4bf464-3142-5aaf-bbff-e7380bc7ba4e,932d3626-708a-596b-a1fc-99c2fa1ce9b3,2025-10-23 13:00:00+02:00,2025-10-23 13:37:00+02:00,37,home,Bremen,,DE,client studio,Bremen,,DE,business,,car_sharing,,10.09,False,False,True
bbbdc290-1e60-57e6-9acb-8066c1dea61e,932d3626-708a-596b-a1fc-99c2fa1ce9b3,2025-10-24 12:00:00+02:00,2025-10-24 12:15:00+02:00,15,home,Bremen,,DE,riverside promenade,Bremen,,DE,leisure,,bike_sharing,,3.3,False,False,False
6acad1a1-3296-5a2f-8ef7-b5fc05b7cb31,932d3626-708a-596b-a1fc-99c2fa1ce9b3,2025-10-25 18:00:00+02:00,2025-10-25 18:07:00+02:00,7,home,Bremen,,DE,co-working space,Bremen,,DE,leisure,,e_scooter,,1.26,False,False,False
b03ed703-8e33-5d0c-9c2c-65a51185028a,932d3626-708a-596b-a1fc-99c2fa1ce9b3,2025-10-26 09:00:00+02:00,2025-10-26 09:43:00+02:00,43,home,Bremen,,DE,client studio,Bremen,,DE,shopping,,car_sharing,,10.44,False,False,False
3a4cfd88-6125-51cd-93e1-314dcedb083d,932d3626-708a-596b-a1fc-99c2fa1ce9b3,2025-10-27 10:00:00+02:00,2025-10-27 10:52:00+02:00,52,home,Bremen,,DE,supplier,Bremen,,DE,business,,car_sharing,,13.35,False,False,True
38205e30-37f6-5912-a7b0-474e1c23e38b,932d3626-708a-596b-a1fc-99c2fa1ce9b3,2025-10-28 16:00:00+02:00,2025-10-28 16:11:00+02:00,11,home,Bremen,,DE,studio,Bremen,,DE,business,,e_scooter,,1.98,False,False,False
a67a94fa-a873-5cbd-9008-e0c742fc71c6,932d3626-708a-596b-a1fc-99c2fa1ce9b3,2025-10-30 16:00:00+02:00,2025-10-30 16:05:00+02:00,5,home,Bremen,,DE,co-working space,Bremen,,DE,leisure,,e_scooter,,0.9,False,False,False
826c1d3a-dd21-5f32-bd53-6546b13b45c4,932d3626-708a-596b-a1fc-99c2fa1ce9b3,2025-10-30 11:00:00+02:00,2025-10-30 11:23:00+02:00,23,home,Bremen,,DE,riverside promenade,Bremen,,DE,leisure,,bike_sharing,,5.06,False,False,False
514a026d-75be-5358-b527-1251fc62a0d0,932d3626-708a-596b-a1fc-99c2fa1ce9b3,2025-10-31 13:00:00+02:00,2025-10-31 13:31:00+02:00,31,home,Bremen,,DE,print shop,Bremen,,DE,shopping,,car_sharing,,8.77,False,False,True
b41e0904-30a5-5c56-bcd7-db0a2dfca82f,932d3626-708a-596b-a1fc-99c2fa1ce9b3,2025-10-31 11:00:00+02:00,2025-10-31 11:14:00+02:00,14,home,Bremen,,DE,cafe,Bremen,,DE,social,,e_scooter,,2.52,False,False,False
6294fbd8-4043-5620-89f3-9ecca5c9e99e,932d3626-708a-596b-a1fc-99c2fa1ce9b3,2025-11-02 19:00:00+01:00,2025-11-02 19:12:00+01:00,12,home,Bremen,,DE,co-working space,Bremen,,DE,social,,e_scooter,,2.16,False,False,False
4331782e-7324-56e1-83a3-2ff64c669589,932d3626-708a-596b-a1fc-99c2fa1ce9b3,2025-11-04 15:00:00+01:00,2025-11-04 15:27:00+01:00,27,home,Bremen,,DE,supplier,Bremen,,DE,errands,,car_sharing,,7.44,False,False,True
802a6cbd-dafb-5625-8208-a88f45025fc6,932d3626-708a-596b-a1fc-99c2fa1ce9b3,2025-11-04 14:00:00+01:00,2025-11-04 14:10:00+01:00,10,home,Bremen,,DE,co-working space,Bremen,,DE,social,,e_scooter,,1.8,False,False,False
513e6c5c-776b-5ed3-b168-db2ef3adc953,932d3626-708a-596b-a1fc-99c2fa1ce9b3,2025-11-05 09:00:00+01:00,2025-11-05 09:31:00+01:00,31,home,Bremen,,DE,print shop,Bremen,,DE,shopping,,car_sharing,,9.1,False,False,True
0c87a1fe-1d1c-5998-8585-6d692a00c7e2,932d3626-708a-596b-a1fc-99c2fa1ce9b3,2025-11-06 17:00:00+01:00,2025-11-06 17:06:00+01:00,6,home,Bremen,,DE,cafe,Bremen,,DE,leisure,,e_scooter,,1.08,False,False,False
4cac84d0-a10d-58b5-9adb-6b501d56d1b0,932d3626-708a-596b-a1fc-99c2fa1ce9b3,2025-11-07 16:00:00+01:00,2025-11-07 16:12:00+01:00,12,home,Bremen,,DE,cafe,Bremen,,DE,business,,e_scooter,,2.16,False,False,False
555b5213-1292-5e0d-b544-cf6f228af5e1,932d3626-708a-596b-a1fc-99c2fa1ce9b3,2025-11-08 09:00:00+01:00,2025-11-08 09:46:00+01:00,46,home,Bremen,,DE,print shop,Bremen,,DE,shopping,,car_sharing,,10.97,False,False,False
7882b6a0-5be6-5345-b679-d62cdc9f1e93,932d3626-708a-596b-a1fc-99c2fa1ce9b3,2025-11-08 09:00:00+01:00,2025-11-08 09:11:00+01:00,11,home,Bremen,,DE,riverside promenade,Bremen,,DE,leisure,,bike_sharing,,2.42,False,False,False
e88ed22a-5023-5323-a2bf-b0fdf7b99db1,932d3626-708a-596b-a1fc-99c2fa1ce9b3,2025-11-09 13:00:00+01:00,2025-11-09 13:11:00+01:00,11,home,Bremen,,DE,co-working space,Bremen,,DE,social,,e_scooter,,1.98,False,False,False
65a2b26a-f540-5c82-b65a-c8c87e0a0c80,932d3626-708a-596b-a1fc-99c2fa1ce9b3,2025-11-10 17:00:00+01:00,2025-11-10 17:30:00+01:00,30,home,Bremen,,DE,riverside promenade,Bremen,,DE,leisure,,bike_sharing,,6.6,False,False,False
ccb66626-5aa5-5b9c-8750-e618d4a8a4d5,932d3626-708a-596b-a1fc-99c2fa1ce9b3,2025-11-11 16:00:00+01:00,2025-11-11 16:43:00+01:00,43,home,Bremen,,DE,client studio,Bremen,,DE,errands,,car_sharing,,12.5,False,False,True
0c8ab427-1928-5407-bb68-25115372161f,932d3626-708a-596b-a1fc-99c2fa1ce9b3,2025-11-11 17:00:00+01:00,2025-11-11 17:13:00+01:00,13,home,Bremen,,DE,cafe,Bremen,,DE,social,,e_scooter,,2.34,False,False,False
400a36f1-ca8e-52a7-a4dc-be88ed0f447a,932d3626-708a-596b-a1fc-99c2fa1ce9b3,2025-11-12 15:00:00+01:00,2025-11-12 15:47:00+01:00,47,home,Bremen,,DE,client studio,Bremen,,DE,business,,car_sharing,,11.95,False,False,True
aa6ab506-b21f-51b3-b4bd-a8052325ae3d,932d3626-708a-596b-a1fc-99c2fa1ce9b3,2025-11-13 14:00:00+01:00,2025-11-13 14:31:00+01:00,31,home,Bremen,,DE,client studio,Bremen,,DE,shopping,,car_sharing,,6.24,False,False,True
dbcbcc1f-da9d-5437-944b-0e8a598606ec,932d3626-708a-596b-a1fc-99c2fa1ce9b3,2025-11-14 15:00:00+01:00,2025-11-14 15:27:00+01:00,27,home,Bremen,,DE,client studio,Bremen,,DE,business,,car_sharing,,5.17,False,False,True
499535be-6f08-53a7-a112-b948c48d9b1d,932d3626-708a-596b-a1fc-99c2fa1ce9b3,2025-11-19 15:00:00+01:00,2025-11-19 15:05:00+01:00,5,home,Bremen,,DE,co-working space,Bremen,,DE,leisure,,e_scooter,,0.9,False,False,False
3191c54c-96e2-5030-97d9-a8b8a8a4f04f,932d3626-708a-596b-a1fc-99c2fa1ce9b3,2025-11-20 11:00:00+01:00,2025-11-20 11:29:00+01:00,29,home,Bremen,,DE,print shop,Bremen,,DE,business,,car_sharing,,6.58,False,False,True
2d5d8b18-1989-549b-a21f-e4886a77df20,932d3626-708a-596b-a1fc-99c2fa1ce9b3,2025-11-21 13:00:00+01:00,2025-11-21 13:47:00+01:00,47,home,Bremen,,DE,client studio,Bremen,,DE,errands,,car_sharing,,11.82,False,False,True
1ecf46dd-74c9-5b32-b57b-4dc97d09efb4,932d3626-708a-596b-a1fc-99c2fa1ce9b3,2025-11-21 13:00:00+01:00,2025-11-21 13:07:00+01:00,7,home,Bremen,,DE,co-working space,Bremen,,DE,leisure,,e_scooter,,1.26,False,False,False
c7d3e7b1-0d0e-5aad-a75c-a2812e5a348e,932d3626-708a-596b-a1fc-99c2fa1ce9b3,2025-11-23 18:00:00+01:00,2025-11-23 18:16:00+01:00,16,home,Bremen,,DE,riverside promenade,Bremen,,DE,leisure,,bike_sharing,,3.52,False,False,False
21061bb9-ba63-5558-8be0-1d194854424a,932d3626-708a-596b-a1fc-99c2fa1ce9b3,2025-11-24 15:00:00+01:00,2025-11-24 15:46:00+01:00,46,home,Bremen,,DE,client studio,Bremen,,DE,errands,,car_sharing,,12.27,False,False,True
e7884227-47c0-540b-8ff9-e6bc7b6e5497,932d3626-708a-596b-a1fc-99c2fa1ce9b3,2025-11-27 09:00:00+01:00,2025-11-27 09:31:00+01:00,31,home,Bremen,,DE,print shop,Bremen,,DE,shopping,,car_sharing,,7.9,False,False,True
429d045d-de0a-51cb-8917-297409439618,932d3626-708a-596b-a1fc-99c2fa1ce9b3,2025-11-28 09:00:00+01:00,2025-11-28 09:28:00+01:00,28,home,Bremen,,DE,riverside promenade,Bremen,,DE,leisure,,bike_sharing,,6.16,False,False,False
658ff428-4da0-54fa-9b6e-fc6e0a159fd3,932d3626-708a-596b-a1fc-99c2fa1ce9b3,2025-11-29 15:00:00+01:00,2025-11-29 15:14:00+01:00,14,home,Bremen,,DE,riverside promenade,Bremen,,DE,leisure,,bike_sharing,,3.08,False,False,False
52125893-a7dc-5dba-9358-4a22110dcb8b,932d3626-708a-596b-a1fc-99c2fa1ce9b3,2025-12-01 15:00:00+01:00,2025-12-01 15:21:00+01:00,21,home,Bremen,,DE,print shop,Bremen,,DE,errands,,car_sharing,,5.41,False,False,True
12b22c25-82cf-586e-b9a3-0a0ea30d393d,932d3626-708a-596b-a1fc-99c2fa1ce9b3,2025-12-01 13:00:00+01:00,2025-12-01 13:12:00+01:00,12,home,Bremen,,DE,cafe,Bremen,,DE,leisure,,e_scooter,,2.16,False,False,False
c6660598-b78d-5881-9d20-f5dd1747fd69,932d3626-708a-596b-a1fc-99c2fa1ce9b3,2025-12-02 18:00:00+01:00,2025-12-02 18:15:00+01:00,15,home,Bremen,,DE,co-working space,Bremen,,DE,social,,e_scooter,,2.7,False,False,False
ac61533a-2b8f-55de-8a86-73ccff61dec3,932d3626-708a-596b-a1fc-99c2fa1ce9b3,2025-12-03 19:00:00+01:00,2025-12-03 19:10:00+01:00,10,home,Bremen,,DE,co-working space,Bremen,,DE,social,,e_scooter,,1.8,False,False,False
b593f5d9-8f69-5121-b109-d9cc9eaf556f,932d3626-708a-596b-a1fc-99c2fa1ce9b3,2025-12-05 16:00:00+01:00,2025-12-05 16:37:00+01:00,37,home,Bremen,,DE,client studio,Bremen,,DE,business,,car_sharing,,10.95,False,False,True
247c1bca-606d-5569-b5c7-f1880ef1d3f4,932d3626-708a-596b-a1fc-99c2fa1ce9b3,2025-12-08 15:00:00+01:00,2025-12-08 15:34:00+01:00,34,home,Bremen,,DE,client studio,Bremen,,DE,business,,car_sharing,,8.36,False,False,True
484aa9f2-8831-5c0e-9dac-c865c01cfe40,932d3626-708a-596b-a1fc-99c2fa1ce9b3,2025-12-08 10:00:00+01:00,2025-12-08 10:17:00+01:00,17,home,Bremen,,DE,co-working space,Bremen,,DE,business,,e_scooter,,3.06,False,False,False
75d932ef-afb5-5dc8-b289-490337044046,932d3626-708a-596b-a1fc-99c2fa1ce9b3,2025-12-09 09:00:00+01:00,2025-12-09 09:42:00+01:00,42,home,Bremen,,DE,print shop,Bremen,,DE,shopping,,car_sharing,,10.55,False,False,True
4df57c70-6870-5699-a504-fe887c9f4410,932d3626-708a-596b-a1fc-99c2fa1ce9b3,2025-12-09 18:00:00+01:00,2025-12-09 18:10:00+01:00,10,home,Bremen,,DE,cafe,Bremen,,DE,leisure,,e_scooter,,1.8,False,False,False
fb616ebd-1619-5a4c-bd3f-fbf6d5abd194,932d3626-708a-596b-a1fc-99c2fa1ce9b3,2025-12-10 13:00:00+01:00,2025-12-10 13:37:00+01:00,37,home,Bremen,,DE,supplier,Bremen,,DE,errands,,car_sharing,,9.53,False,False,True
a01df610-8f8a-5692-998c-195d7a1dac06,932d3626-708a-596b-a1fc-99c2fa1ce9b3,2025-12-11 16:00:00+01:00,2025-12-11 16:11:00+01:00,11,home,Bremen,,DE,studio,Bremen,,DE,business,,e_scooter,,1.98,False,False,False
fe0b390d-83d3-5f9e-aaf4-e70677185488,932d3626-708a-596b-a1fc-99c2fa1ce9b3,2025-12-13 16:00:00+01:00,2025-12-13 16:10:00+01:00,10,home,Bremen,,DE,cafe,Bremen,,DE,social,,e_scooter,,1.8,False,False,False
23565674-d8c5-5490-8738-76787e813d1c,932d3626-708a-596b-a1fc-99c2fa1ce9b3,2025-12-14 10:00:00+01:00,2025-12-14 10:17:00+01:00,17,home,Bremen,,DE,co-working space,Bremen,,DE,leisure,,e_scooter,,3.06,False,False,False
8558a478-1cb2-530d-908a-8f6730b09073,932d3626-708a-596b-a1fc-99c2fa1ce9b3,2025-12-15 15:00:00+01:00,2025-12-15 15:24:00+01:00,24,home,Bremen,,DE,supplier,Bremen,,DE,business,,car_sharing,,6.73,False,False,True
bdf15c76-6c54-5cd7-a2f6-a1931039c579,932d3626-708a-596b-a1fc-99c2fa1ce9b3,2025-12-16 15:00:00+01:00,2025-12-16 15:39:00+01:00,39,home,Bremen,,DE,print shop,Bremen,,DE,shopping,,car_sharing,,10.0,False,False,True
aeb6103b-75a4-55b4-a9ce-646d0552a8c2,932d3626-708a-596b-a1fc-99c2fa1ce9b3,2025-12-16 14:00:00+01:00,2025-12-16 14:14:00+01:00,14,home,Bremen,,DE,studio,Bremen,,DE,social,,e_scooter,,2.52,False,False,False
2227db7d-1deb-50a0-b5cd-061fb4a3998f,932d3626-708a-596b-a1fc-99c2fa1ce9b3,2025-12-17 16:00:00+01:00,2025-12-17 16:43:00+01:00,43,home,Bremen,,DE,client studio,Bremen,,DE,errands,,car_sharing,,10.86,False,False,True
0e43e59f-dd2d-5e60-8b71-8051a9872d36,932d3626-708a-596b-a1fc-99c2fa1ce9b3,2025-12-17 10:00:00+01:00,2025-12-17 10:26:00+01:00,26,home,Bremen,,DE,riverside promenade,Bremen,,DE,leisure,,bike_sharing,,5.72,False,False,False
6315c4a4-2203-55e8-b0e9-2c6ee99ccee9,932d3626-708a-596b-a1fc-99c2fa1ce9b3,2025-12-19 15:00:00+01:00,2025-12-19 15:28:00+01:00,28,home,Bremen,,DE,print shop,Bremen,,DE,errands,,car_sharing,,6.61,False,False,True
f31ecb67-8788-5d40-aa6f-1a5c86c6a5fe,932d3626-708a-596b-a1fc-99c2fa1ce9b3,2025-12-19 11:00:00+01:00,2025-12-19 11:09:00+01:00,9,home,Bremen,,DE,studio,Bremen,,DE,business,,e_scooter,,1.62,False,False,False
5b4a557b-e959-56e9-8801-b6bbba63336f,932d3626-708a-596b-a1fc-99c2fa1ce9b3,2025-12-22 09:00:00+01:00,2025-12-22 09:52:00+01:00,52,home,Bremen,,DE,print shop,Bremen,,DE,shopping,,car_sharing,,13.68,False,False,True
84edf940-9c73-50d9-8fa5-79b49543c86f,932d3626-708a-596b-a1fc-99c2fa1ce9b3,2025-12-23 13:00:00+01:00,2025-12-23 13:33:00+01:00,33,home,Bremen,,DE,supplier,Bremen,,DE,business,,car_sharing,,9.62,False,False,True
9b7de3f1-7996-50cd-88f1-55855d9c469b,932d3626-708a-596b-a1fc-99c2fa1ce9b3,2025-12-25 14:00:00+01:00,2025-12-25 14:28:00+01:00,28,home,Bremen,,DE,print shop,Bremen,,DE,shopping,,car_sharing,,6.65,False,False,True
01e7e5d5-419b-5a3a-b83a-bb76844f2dc5,932d3626-708a-596b-a1fc-99c2fa1ce9b3,2026-01-06 15:00:00+01:00,2026-01-06 15:20:00+01:00,20,home,Bremen,,DE,print shop,Bremen,,DE,errands,,car_sharing,,5.12,False,False,True
8e6d5e78-838e-5869-bc58-cf6f5607539e,932d3626-708a-596b-a1fc-99c2fa1ce9b3,2026-01-06 19:00:00+01:00,2026-01-06 19:05:00+01:00,5,home,Bremen,,DE,cafe,Bremen,,DE,business,,e_scooter,,0.9,False,False,False
38ba3154-364f-5b50-8763-fb0cb4ff7c46,932d3626-708a-596b-a1fc-99c2fa1ce9b3,2026-01-07 12:00:00+01:00,2026-01-07 12:32:00+01:00,32,home,Bremen,,DE,supplier,Bremen,,DE,errands,,car_sharing,,6.94,False,False,True
2c443fc1-ed13-5c94-8036-39d2167d483c,932d3626-708a-596b-a1fc-99c2fa1ce9b3,2026-01-08 12:00:00+01:00,2026-01-08 12:12:00+01:00,12,home,Bremen,,DE,studio,Bremen,,DE,business,,e_scooter,,2.16,False,False,False
39381524-fe3c-5a58-b7fd-43a5333c714b,932d3626-708a-596b-a1fc-99c2fa1ce9b3,2026-01-09 15:00:00+01:00,2026-01-09 15:10:00+01:00,10,home,Bremen,,DE,co-working space,Bremen,,DE,leisure,,e_scooter,,1.8,False,False,False
83ec6724-b531-5185-856d-c68263136fd0,932d3626-708a-596b-a1fc-99c2fa1ce9b3,2026-01-12 12:00:00+01:00,2026-01-12 12:31:00+01:00,31,home,Bremen,,DE,supplier,Bremen,,DE,shopping,,car_sharing,,8.62,False,False,True
16640427-65e3-563f-a15b-ea06379f8a4c,932d3626-708a-596b-a1fc-99c2fa1ce9b3,2026-01-12 18:00:00+01:00,2026-01-12 18:21:00+01:00,21,home,Bremen,,DE,riverside promenade,Bremen,,DE,leisure,,bike_sharing,,4.62,False,False,False
fc52c17a-a6c0-5693-9f62-798af5263ff3,932d3626-708a-596b-a1fc-99c2fa1ce9b3,2026-01-13 12:00:00+01:00,2026-01-13 12:28:00+01:00,28,home,Bremen,,DE,print shop,Bremen,,DE,shopping,,car_sharing,,7.47,False,False,True
0c81fd1c-5645-519e-af1b-fde52ee69533,932d3626-708a-596b-a1fc-99c2fa1ce9b3,2026-01-13 13:00:00+01:00,2026-01-13 13:17:00+01:00,17,home,Bremen,,DE,cafe,Bremen,,DE,leisure,,e_scooter,,3.06,False,False,False
4b67b573-dc4a-567a-8f66-28427658f615,932d3626-708a-596b-a1fc-99c2fa1ce9b3,2026-01-16 13:00:00+01:00,2026-01-16 13:17:00+01:00,17,home,Bremen,,DE,riverside promenade,Bremen,,DE,leisure,,bike_sharing,,3.74,False,False,False
85dfd3a6-d1ad-5878-a3af-e208fd448596,932d3626-708a-596b-a1fc-99c2fa1ce9b3,2026-01-18 16:00:00+01:00,2026-01-18 16:33:00+01:00,33,home,Bremen,,DE,print shop,Bremen,,DE,business,,car_sharing,,7.8,False,False,False
6355ddc5-d69d-5ba4-ad17-e56781e4c31f,932d3626-708a-596b-a1fc-99c2fa1ce9b3,2026-01-19 13:00:00+01:00,2026-01-19 13:17:00+01:00,17,home,Bremen,,DE,riverside promenade,Bremen,,DE,leisure,,bike_sharing,,3.74,False,False,False
6dfa87b1-e239-5f09-a2b1-bf30dea5ff03,932d3626-708a-596b-a1fc-99c2fa1ce9b3,2026-01-21 16:00:00+01:00,2026-01-21 16:46:00+01:00,46,home,Bremen,,DE,supplier,Bremen,,DE,errands,,car_sharing,,13.12,False,False,True
e71697b9-7059-5bdc-8fd8-7edda5525439,932d3626-708a-596b-a1fc-99c2fa1ce9b3,2026-01-22 14:00:00+01:00,2026-01-22 14:46:00+01:00,46,home,Bremen,,DE,client studio,Bremen,,DE,shopping,,car_sharing,,11.09,False,False,True
80dc118e-8edd-5823-be31-18e1be721e68,932d3626-708a-596b-a1fc-99c2fa1ce9b3,2026-01-23 11:00:00+01:00,2026-01-23 11:30:00+01:00,30,home,Bremen,,DE,print shop,Bremen,,DE,business,,car_sharing,,6.22,False,False,True
e9a22de6-5f33-5cee-beb4-b4a902a01787,932d3626-708a-596b-a1fc-99c2fa1ce9b3,2026-01-23 10:00:00+01:00,2026-01-23 10:18:00+01:00,18,home,Bremen,,DE,cafe,Bremen,,DE,social,,e_scooter,,3.24,False,False,False
844b0d15-a1ed-5b28-8d86-ccbc97bac5d2,932d3626-708a-596b-a1fc-99c2fa1ce9b3,2026-01-25 15:00:00+01:00,2026-01-25 15:08:00+01:00,8,home,Bremen,,DE,cafe,Bremen,,DE,leisure,,e_scooter,,1.44,False,False,False
035b52bb-3cac-5d43-ac65-bd531094954e,932d3626-708a-596b-a1fc-99c2fa1ce9b3,2026-01-27 19:00:00+01:00,2026-01-27 19:14:00+01:00,14,home,Bremen,,DE,cafe,Bremen,,DE,business,,e_scooter,,2.52,False,False,False
773e2aaf-005d-59c8-a3d5-b11329bcf033,932d3626-708a-596b-a1fc-99c2fa1ce9b3,2026-01-27 11:00:00+01:00,2026-01-27 11:29:00+01:00,29,home,Bremen,,DE,riverside promenade,Bremen,,DE,leisure,,bike_sharing,,6.38,False,False,False
edd21d5e-7a21-53bc-827c-66da98089460,932d3626-708a-596b-a1fc-99c2fa1ce9b3,2026-01-28 17:00:00+01:00,2026-01-28 17:51:00+01:00,51,home,Bremen,,DE,print shop,Bremen,,DE,errands,,car_sharing,,12.9,False,False,True
f4eb7345-7800-57d1-9345-1b2920218344,932d3626-708a-596b-a1fc-99c2fa1ce9b3,2026-01-29 12:00:00+01:00,2026-01-29 12:44:00+01:00,44,home,Bremen,,DE,print shop,Bremen,,DE,business,,car_sharing,,12.49,False,False,True
35452b88-1f98-5141-854b-f5ef0f2ac140,932d3626-708a-596b-a1fc-99c2fa1ce9b3,2026-01-29 14:00:00+01:00,2026-01-29 14:12:00+01:00,12,home,Bremen,,DE,cafe,Bremen,,DE,business,,e_scooter,,2.16,False,False,False
584b2e64-09f9-5dd6-96fc-f9b6cd89201a,932d3626-708a-596b-a1fc-99c2fa1ce9b3,2026-02-02 16:00:00+01:00,2026-02-02 16:32:00+01:00,32,home,Bremen,,DE,print shop,Bremen,,DE,errands,,car_sharing,,8.19,False,False,True
69001657-dd80-5f05-bfa9-e4860884476c,932d3626-708a-596b-a1fc-99c2fa1ce9b3,2026-02-02 20:00:00+01:00,2026-02-02 20:15:00+01:00,15,home,Bremen,,DE,cafe,Bremen,,DE,business,,e_scooter,,2.7,False,False,False
5c9502c0-b598-50d5-8bd3-d99699add976,932d3626-708a-596b-a1fc-99c2fa1ce9b3,2026-02-02 16:00:00+01:00,2026-02-02 16:22:00+01:00,22,home,Bremen,,DE,riverside promenade,Bremen,,DE,leisure,,bike_sharing,,4.84,False,False,False
203e122b-3ff2-5fb7-a8d0-0c0944085251,932d3626-708a-596b-a1fc-99c2fa1ce9b3,2026-02-03 11:00:00+01:00,2026-02-03 11:28:00+01:00,28,home,Bremen,,DE,client studio,Bremen,,DE,errands,,car_sharing,,8.04,False,False,True
eb522677-cdae-5522-becc-707c0470294c,932d3626-708a-596b-a1fc-99c2fa1ce9b3,2026-02-04 14:00:00+01:00,2026-02-04 14:18:00+01:00,18,home,Bremen,,DE,cafe,Bremen,,DE,business,,e_scooter,,3.24,False,False,False
243fdd98-de84-55ed-86a9-059056d160ef,932d3626-708a-596b-a1fc-99c2fa1ce9b3,2026-02-05 09:00:00+01:00,2026-02-05 09:30:00+01:00,30,home,Bremen,,DE,print shop,Bremen,,DE,business,,car_sharing,,6.38,False,False,True
8617443f-bad4-5bfe-bc39-80108a674362,932d3626-708a-596b-a1fc-99c2fa1ce9b3,2026-02-05 18:00:00+01:00,2026-02-05 18:17:00+01:00,17,home,Bremen,,DE,studio,Bremen,,DE,leisure,,e_scooter,,3.06,False,False,False
968978bd-5819-5abf-a997-90c674790d6a,932d3626-708a-596b-a1fc-99c2fa1ce9b3,2026-02-06 12:00:00+01:00,2026-02-06 12:38:00+01:00,38,home,Bremen,,DE,supplier,Bremen,,DE,errands,,car_sharing,,9.77,False,False,True
4029b057-5a0f-5470-add7-de8315134143,932d3626-708a-596b-a1fc-99c2fa1ce9b3,2026-02-06 11:00:00+01:00,2026-02-06 11:10:00+01:00,10,home,Bremen,,DE,co-working space,Bremen,,DE,leisure,,e_scooter,,1.8,False,False,False
b0d3d9af-0b54-51f4-a2d6-8921e72894e3,932d3626-708a-596b-a1fc-99c2fa1ce9b3,2026-02-07 10:00:00+01:00,2026-02-07 10:54:00+01:00,54,home,Bremen,,DE,print shop,Bremen,,DE,shopping,,car_sharing,,13.55,False,False,False
337ac189-12ac-58bc-80b7-08989167987d,932d3626-708a-596b-a1fc-99c2fa1ce9b3,2026-02-09 10:00:00+01:00,2026-02-09 10:38:00+01:00,38,home,Bremen,,DE,supplier,Bremen,,DE,errands,,car_sharing,,11.27,False,False,True
6d418e45-2cd1-59a2-bd38-4bcb6e0d62c8,932d3626-708a-596b-a1fc-99c2fa1ce9b3,2026-02-09 11:00:00+01:00,2026-02-09 11:14:00+01:00,14,home,Bremen,,DE,co-working space,Bremen,,DE,business,,e_scooter,,2.52,False,False,False
8063a980-729d-523f-8d51-0afab45a5ddb,932d3626-708a-596b-a1fc-99c2fa1ce9b3,2026-02-10 16:00:00+01:00,2026-02-10 16:24:00+01:00,24,home,Bremen,,DE,client studio,Bremen,,DE,errands,,car_sharing,,6.59,False,False,True
908d8485-156c-5c2b-90e2-ddc70fc21bf2,932d3626-708a-596b-a1fc-99c2fa1ce9b3,2026-02-10 11:00:00+01:00,2026-02-10 11:26:00+01:00,26,home,Bremen,,DE,riverside promenade,Bremen,,DE,leisure,,bike_sharing,,5.72,False,False,False
06bf2125-1fa9-5bb6-9a90-745130a03f0b,932d3626-708a-596b-a1fc-99c2fa1ce9b3,2026-02-12 19:00:00+01:00,2026-02-12 19:30:00+01:00,30,home,Bremen,,DE,riverside promenade,Bremen,,DE,leisure,,bike_sharing,,6.6,False,False,False
f94d517e-4816-5252-8f74-6361345513c1,932d3626-708a-596b-a1fc-99c2fa1ce9b3,2026-02-14 13:00:00+01:00,2026-02-14 13:14:00+01:00,14,home,Bremen,,DE,co-working space,Bremen,,DE,business,,e_scooter,,2.52,False,False,False
af389097-40d2-539d-9ab2-6112b9267641,932d3626-708a-596b-a1fc-99c2fa1ce9b3,2026-02-15 12:00:00+01:00,2026-02-15 12:45:00+01:00,45,home,Bremen,,DE,client studio,Bremen,,DE,errands,,car_sharing,,13.96,False,False,False
8b4bd7f5-45f1-5104-bfc6-f944fda7b654,932d3626-708a-596b-a1fc-99c2fa1ce9b3,2026-02-15 16:00:00+01:00,2026-02-15 16:05:00+01:00,5,home,Bremen,,DE,co-working space,Bremen,,DE,leisure,,e_scooter,,0.9,False,False,False
bf1c747c-1bb0-53f7-8b16-61ed54921fc6,932d3626-708a-596b-a1fc-99c2fa1ce9b3,2026-02-17 10:00:00+01:00,2026-02-17 10:45:00+01:00,45,home,Bremen,,DE,supplier,Bremen,,DE,shopping,,car_sharing,,12.41,False,False,True
503359f4-d8a4-5209-ada3-e307805c1a59,932d3626-708a-596b-a1fc-99c2fa1ce9b3,2026-02-18 10:00:00+01:00,2026-02-18 10:26:00+01:00,26,home,Bremen,,DE,client studio,Bremen,,DE,shopping,,car_sharing,,6.47,False,False,True
c42dbc1e-ea49-5fc2-85d7-72d31099efe6,932d3626-708a-596b-a1fc-99c2fa1ce9b3,2026-02-18 18:00:00+01:00,2026-02-18 18:11:00+01:00,11,home,Bremen,,DE,riverside promenade,Bremen,,DE,leisure,,bike_sharing,,2.42,False,False,False
846c5dc6-05bc-5e26-b6e4-42e3b7bd37ae,932d3626-708a-596b-a1fc-99c2fa1ce9b3,2026-02-19 16:00:00+01:00,2026-02-19 16:12:00+01:00,12,home,Bremen,,DE,cafe,Bremen,,DE,leisure,,e_scooter,,2.16,False,False,False
6cd4d2dd-7421-5f92-a26e-0b92f0bb5df2,932d3626-708a-596b-a1fc-99c2fa1ce9b3,2026-02-20 11:00:00+01:00,2026-02-20 11:25:00+01:00,25,home,Bremen,,DE,print shop,Bremen,,DE,business,,car_sharing,,6.47,False,False,True
45bb770c-2f8d-5baf-a0d1-830e044b3f20,932d3626-708a-596b-a1fc-99c2fa1ce9b3,2026-02-20 17:00:00+01:00,2026-02-20 17:17:00+01:00,17,home,Bremen,,DE,studio,Bremen,,DE,leisure,,e_scooter,,3.06,False,False,False
1ff9b970-dd21-591a-89f2-ee758137eb9c,932d3626-708a-596b-a1fc-99c2fa1ce9b3,2026-02-23 11:00:00+01:00,2026-02-23 11:37:00+01:00,37,home,Bremen,,DE,print shop,Bremen,,DE,shopping,,car_sharing,,9.19,False,False,True
12431e06-2dba-5a20-8f39-351176edd8c2,932d3626-708a-596b-a1fc-99c2fa1ce9b3,2026-02-23 16:00:00+01:00,2026-02-23 16:17:00+01:00,17,home,Bremen,,DE,cafe,Bremen,,DE,business,,e_scooter,,3.06,False,False,False
e6446e2f-585d-5883-b545-3ddc98528d46,932d3626-708a-596b-a1fc-99c2fa1ce9b3,2026-02-24 11:00:00+01:00,2026-02-24 11:15:00+01:00,15,home,Bremen,,DE,studio,Bremen,,DE,leisure,,e_scooter,,2.7,False,False,False
ee511b03-fc74-5ef7-8a38-68b1632b41de,932d3626-708a-596b-a1fc-99c2fa1ce9b3,2026-02-26 14:00:00+01:00,2026-02-26 14:41:00+01:00,41,home,Bremen,,DE,supplier,Bremen,,DE,errands,,car_sharing,,11.67,False,False,True
eb216ef8-3ae7-55b6-92ec-b68a1de56564,932d3626-708a-596b-a1fc-99c2fa1ce9b3,2026-02-27 13:00:00+01:00,2026-02-27 13:36:00+01:00,36,home,Bremen,,DE,client studio,Bremen,,DE,shopping,,car_sharing,,8.88,False,False,True
7d3eea52-1ddd-5d08-ae6b-5508bdf2438b,932d3626-708a-596b-a1fc-99c2fa1ce9b3,2026-02-27 12:00:00+01:00,2026-02-27 12:11:00+01:00,11,home,Bremen,,DE,co-working space,Bremen,,DE,social,,e_scooter,,1.98,False,False,False
d17f2c20-115e-50e9-97d2-ac9ac4f2f69e,932d3626-708a-596b-a1fc-99c2fa1ce9b3,2026-02-27 12:00:00+01:00,2026-02-27 12:10:00+01:00,10,home,Bremen,,DE,riverside promenade,Bremen,,DE,leisure,,bike_sharing,,2.2,False,False,False
f7d87bb3-1535-5f9a-9e2e-b36f4557f363,932d3626-708a-596b-a1fc-99c2fa1ce9b3,2026-03-01 09:00:00+02:00,2026-03-01 09:34:00+02:00,34,home,Bremen,,DE,supplier,Bremen,,DE,errands,,car_sharing,,7.43,False,False,False
f43a669f-e057-5a39-a590-f81f359c0d26,932d3626-708a-596b-a1fc-99c2fa1ce9b3,2026-03-03 12:00:00+02:00,2026-03-03 12:32:00+02:00,32,home,Bremen,,DE,client studio,Bremen,,DE,errands,,car_sharing,,8.45,False,False,True
94ec0dd6-230f-5187-8e35-1c8ac749c8ad,932d3626-708a-596b-a1fc-99c2fa1ce9b3,2026-03-03 12:00:00+02:00,2026-03-03 12:30:00+02:00,30,home,Bremen,,DE,riverside promenade,Bremen,,DE,leisure,,bike_sharing,,6.6,False,False,False
0e18b87a-0406-55a7-853c-1360a3b47601,932d3626-708a-596b-a1fc-99c2fa1ce9b3,2026-03-05 14:00:00+02:00,2026-03-05 14:41:00+02:00,41,home,Bremen,,DE,print shop,Bremen,,DE,business,,car_sharing,,9.35,False,False,True
0d79e1df-97d5-5671-bcf6-7e1d1f32a9b9,932d3626-708a-596b-a1fc-99c2fa1ce9b3,2026-03-06 16:00:00+02:00,2026-03-06 16:11:00+02:00,11,home,Bremen,,DE,cafe,Bremen,,DE,social,,e_scooter,,1.98,False,False,False
f0c0cf8d-c58e-5397-a223-38d2712e89c1,932d3626-708a-596b-a1fc-99c2fa1ce9b3,2026-03-07 16:00:00+02:00,2026-03-07 16:36:00+02:00,36,home,Bremen,,DE,print shop,Bremen,,DE,errands,,car_sharing,,10.29,False,False,False
c0cf69d6-4408-5c90-813d-374b61d8aa3c,932d3626-708a-596b-a1fc-99c2fa1ce9b3,2026-03-07 17:00:00+02:00,2026-03-07 17:19:00+02:00,19,home,Bremen,,DE,riverside promenade,Bremen,,DE,leisure,,bike_sharing,,4.18,False,False,False
86f1422a-592a-5653-a7df-af2ade039c35,932d3626-708a-596b-a1fc-99c2fa1ce9b3,2026-03-09 09:00:00+02:00,2026-03-09 09:28:00+02:00,28,home,Bremen,,DE,supplier,Bremen,,DE,shopping,,car_sharing,,7.41,False,False,True
096b815d-4c5f-577e-ae59-1f77cf00fedf,932d3626-708a-596b-a1fc-99c2fa1ce9b3,2026-03-09 10:00:00+02:00,2026-03-09 10:15:00+02:00,15,home,Bremen,,DE,co-working space,Bremen,,DE,leisure,,e_scooter,,2.7,False,False,False
b66a269b-1511-575d-a494-a2ab70efb4f1,932d3626-708a-596b-a1fc-99c2fa1ce9b3,2026-03-13 15:00:00+02:00,2026-03-13 15:30:00+02:00,30,home,Bremen,,DE,print shop,Bremen,,DE,business,,car_sharing,,8.26,False,False,True
4d4707fa-5f68-532a-8e57-1d50ab1ad080,932d3626-708a-596b-a1fc-99c2fa1ce9b3,2026-03-15 14:00:00+02:00,2026-03-15 14:37:00+02:00,37,home,Bremen,,DE,print shop,Bremen,,DE,business,,car_sharing,,8.81,False,False,False
d8da92b9-5433-5c28-8862-c3faf74fa05a,932d3626-708a-596b-a1fc-99c2fa1ce9b3,2026-03-16 17:00:00+02:00,2026-03-16 17:43:00+02:00,43,home,Bremen,,DE,supplier,Bremen,,DE,business,,car_sharing,,10.45,False,False,True
1737fe10-8a40-5a2a-885f-6e9290551008,932d3626-708a-596b-a1fc-99c2fa1ce9b3,2026-03-17 17:00:00+02:00,2026-03-17 17:31:00+02:00,31,home,Bremen,,DE,client studio,Bremen,,DE,errands,,car_sharing,,8.79,False,False,True
7fac211b-d12c-5637-bb94-35f91650edc6,932d3626-708a-596b-a1fc-99c2fa1ce9b3,2026-03-18 13:00:00+02:00,2026-03-18 13:28:00+02:00,28,home,Bremen,,DE,riverside promenade,Bremen,,DE,leisure,,bike_sharing,,6.16,False,False,False
ef080b1c-714b-548c-854a-f41b4bfd641f,932d3626-708a-596b-a1fc-99c2fa1ce9b3,2026-03-19 17:00:00+02:00,2026-03-19 17:34:00+02:00,34,home,Bremen,,DE,client studio,Bremen,,DE,errands,,car_sharing,,8.73,False,False,True
593eaf13-3654-5ab9-a993-88e2b39bd764,932d3626-708a-596b-a1fc-99c2fa1ce9b3,2026-03-19 12:00:00+02:00,2026-03-19 12:16:00+02:00,16,home,Bremen,,DE,co-working space,Bremen,,DE,leisure,,e_scooter,,2.88,False,False,False
56bae0ac-d75e-5595-903b-135b4a26cdc6,932d3626-708a-596b-a1fc-99c2fa1ce9b3,2026-03-22 09:00:00+02:00,2026-03-22 09:40:00+02:00,40,home,Bremen,,DE,client studio,Bremen,,DE,errands,,car_sharing,,10.54,False,False,False
4be5a486-34e3-539b-9f7b-c0df1b5c9b52,932d3626-708a-596b-a1fc-99c2fa1ce9b3,2026-03-23 13:00:00+02:00,2026-03-23 13:41:00+02:00,41,home,Bremen,,DE,print shop,Bremen,,DE,business,,car_sharing,,12.49,False,False,True
db7aaedf-ad10-528e-8be6-eb8625c49cae,932d3626-708a-596b-a1fc-99c2fa1ce9b3,2026-03-24 16:00:00+02:00,2026-03-24 16:14:00+02:00,14,home,Bremen,,DE,cafe,Bremen,,DE,business,,e_scooter,,2.52,False,False,False
e4f891a6-787b-5fff-926d-be951ac9e825,932d3626-708a-596b-a1fc-99c2fa1ce9b3,2026-03-25 10:00:00+02:00,2026-03-25 10:39:00+02:00,39,home,Bremen,,DE,client studio,Bremen,,DE,errands,,car_sharing,,9.44,False,False,True
60f6b0ae-ea97-551c-bf4b-017092946bea,932d3626-708a-596b-a1fc-99c2fa1ce9b3,2026-03-25 10:00:00+02:00,2026-03-25 10:21:00+02:00,21,home,Bremen,,DE,riverside promenade,Bremen,,DE,leisure,,bike_sharing,,4.62,False,False,False
f92c8407-7d9a-5b8c-bf57-bce8c57410ba,932d3626-708a-596b-a1fc-99c2fa1ce9b3,2026-03-26 15:00:00+02:00,2026-03-26 15:16:00+02:00,16,home,Bremen,,DE,co-working space,Bremen,,DE,leisure,,e_scooter,,2.88,False,False,False
a478b68e-6dea-5c75-82bc-5081eaca9cc7,932d3626-708a-596b-a1fc-99c2fa1ce9b3,2026-03-27 17:00:00+02:00,2026-03-27 17:42:00+02:00,42,home,Bremen,,DE,print shop,Bremen,,DE,shopping,,car_sharing,,11.23,False,False,True
d75eb557-b252-57b3-9903-58d38c4837d1,932d3626-708a-596b-a1fc-99c2fa1ce9b3,2026-03-27 15:00:00+02:00,2026-03-27 15:05:00+02:00,5,home,Bremen,,DE,cafe,Bremen,,DE,social,,e_scooter,,0.9,False,False,False
e4a95f3d-4d41-51cb-9100-d617b69e43f6,932d3626-708a-596b-a1fc-99c2fa1ce9b3,2026-03-29 11:00:00+02:00,2026-03-29 11:05:00+02:00,5,home,Bremen,,DE,studio,Bremen,,DE,business,,e_scooter,,0.9,False,False,False
4d528e64-5d2a-5752-891b-58bd3957a412,932d3626-708a-596b-a1fc-99c2fa1ce9b3,2026-03-30 14:00:00+02:00,2026-03-30 14:40:00+02:00,40,home,Bremen,,DE,client studio,Bremen,,DE,errands,,car_sharing,,9.5,False,False,True
c9033898-1539-5ae8-b3a9-dd7ec3cd55e4,932d3626-708a-596b-a1fc-99c2fa1ce9b3,2026-03-30 16:00:00+02:00,2026-03-30 16:17:00+02:00,17,home,Bremen,,DE,riverside promenade,Bremen,,DE,leisure,,bike_sharing,,3.74,False,False,False
4daca664-6bd0-526b-99d8-1388eb28429f,932d3626-708a-596b-a1fc-99c2fa1ce9b3,2026-03-31 12:00:00+02:00,2026-03-31 12:44:00+02:00,44,home,Bremen,,DE,print shop,Bremen,,DE,business,,car_sharing,,11.79,False,False,True
a531424b-1daf-5e9c-8810-74be2af84496,932d3626-708a-596b-a1fc-99c2fa1ce9b3,2026-03-31 14:00:00+02:00,2026-03-31 14:24:00+02:00,24,home,Bremen,,DE,riverside promenade,Bremen,,DE,leisure,,bike_sharing,,5.28,False,False,False
9b7ddc5a-2dfa-5fa7-a45a-0bc0b8a33138,932d3626-708a-596b-a1fc-99c2fa1ce9b3,2026-04-01 14:00:00+02:00,2026-04-01 14:48:00+02:00,48,home,Bremen,,DE,hardware store,Bremen,,DE,errands,,car_sharing,,12.32,False,False,True
b27e8261-44a4-5df7-8917-5f63e05e002e,932d3626-708a-596b-a1fc-99c2fa1ce9b3,2026-04-02 12:00:00+02:00,2026-04-02 12:44:00+02:00,44,home,Bremen,,DE,hardware store,Bremen,,DE,errands,,car_sharing,,12.02,False,False,True
3e55a275-649c-5284-841e-d9ffe47a11bf,932d3626-708a-596b-a1fc-99c2fa1ce9b3,2026-04-02 13:00:00+02:00,2026-04-02 13:21:00+02:00,21,home,Bremen,,DE,riverside promenade,Bremen,,DE,leisure,,bike_sharing,,4.62,False,False,False
7f804d81-e4e2-5855-8485-092ab705a4d5,932d3626-708a-596b-a1fc-99c2fa1ce9b3,2026-04-03 13:00:00+02:00,2026-04-03 13:51:00+02:00,51,home,Bremen,,DE,hardware store,Bremen,,DE,errands,,car_sharing,,13.79,False,False,True
a63abdd9-5f65-525a-9a62-252f9cc75c54,932d3626-708a-596b-a1fc-99c2fa1ce9b3,2026-04-03 20:00:00+02:00,2026-04-03 20:09:00+02:00,9,home,Bremen,,DE,co-working space,Bremen,,DE,business,,e_scooter,,1.62,False,False,False
8a8cf2db-1d81-506d-9e6e-5ce10940ce43,932d3626-708a-596b-a1fc-99c2fa1ce9b3,2026-04-04 16:00:00+02:00,2026-04-04 16:30:00+02:00,30,home,Bremen,,DE,hardware store,Bremen,,DE,errands,,car_sharing,,5.69,False,False,False
52b6e9db-02d1-5866-b0fd-60b87e03bfc4,932d3626-708a-596b-a1fc-99c2fa1ce9b3,2026-04-05 14:00:00+02:00,2026-04-05 14:41:00+02:00,41,home,Bremen,,DE,hardware store,Bremen,,DE,errands,,car_sharing,,12.34,False,False,False
7f4ff7ee-f148-5126-9fb1-dae24d18efc0,932d3626-708a-596b-a1fc-99c2fa1ce9b3,2026-04-06 17:00:00+02:00,2026-04-06 17:41:00+02:00,41,home,Bremen,,DE,hardware store,Bremen,,DE,errands,,car_sharing,,9.62,False,False,True
6ef6675e-1d37-504d-a56f-b2a81e568da6,932d3626-708a-596b-a1fc-99c2fa1ce9b3,2026-04-06 18:00:00+02:00,2026-04-06 18:14:00+02:00,14,home,Bremen,,DE,studio,Bremen,,DE,leisure,,e_scooter,,2.52,False,False,False
9a0721ea-95f6-5cf7-9bd2-3e7ebacf938a,932d3626-708a-596b-a1fc-99c2fa1ce9b3,2026-04-07 11:00:00+02:00,2026-04-07 11:39:00+02:00,39,home,Bremen,,DE,hardware store,Bremen,,DE,errands,,car_sharing,,10.17,False,False,True
34b73389-b664-5f46-9c1d-3673c0e47982,932d3626-708a-596b-a1fc-99c2fa1ce9b3,2026-04-08 10:00:00+02:00,2026-04-08 10:44:00+02:00,44,home,Bremen,,DE,hardware store,Bremen,,DE,errands,,car_sharing,,12.79,False,False,True
debb62bb-0e53-5de6-9a22-e87962de4104,932d3626-708a-596b-a1fc-99c2fa1ce9b3,2026-04-08 12:00:00+02:00,2026-04-08 12:06:00+02:00,6,home,Bremen,,DE,studio,Bremen,,DE,leisure,,e_scooter,,1.08,False,False,False
597acfa5-cc85-5190-b646-672b941c9f28,932d3626-708a-596b-a1fc-99c2fa1ce9b3,2026-04-09 15:00:00+02:00,2026-04-09 15:28:00+02:00,28,home,Bremen,,DE,hardware store,Bremen,,DE,errands,,car_sharing,,7.23,False,False,True
5c07ee53-fe05-5920-8acb-6af2e99bb082,932d3626-708a-596b-a1fc-99c2fa1ce9b3,2026-04-09 17:00:00+02:00,2026-04-09 17:17:00+02:00,17,home,Bremen,,DE,studio,Bremen,,DE,business,,e_scooter,,3.06,False,False,False
79da1be4-2fd1-5a38-ae5f-b1730ed84c52,932d3626-708a-596b-a1fc-99c2fa1ce9b3,2026-04-10 10:00:00+02:00,2026-04-10 10:36:00+02:00,36,home,Bremen,,DE,hardware store,Bremen,,DE,errands,,car_sharing,,9.33,False,False,True
e755d92b-9344-5d2d-b5fc-71c260a853b7,932d3626-708a-596b-a1fc-99c2fa1ce9b3,2026-04-10 20:00:00+02:00,2026-04-10 20:09:00+02:00,9,home,Bremen,,DE,studio,Bremen,,DE,business,,e_scooter,,1.62,False,False,False
6ed686a7-5f49-5c53-8565-ff1f9c30e96a,932d3626-708a-596b-a1fc-99c2fa1ce9b3,2026-04-11 13:00:00+02:00,2026-04-11 13:30:00+02:00,30,home,Bremen,,DE,hardware store,Bremen,,DE,errands,,car_sharing,,7.07,False,False,False
c750ebf7-654e-530e-9356-f29e65317bcb,932d3626-708a-596b-a1fc-99c2fa1ce9b3,2026-04-12 13:00:00+02:00,2026-04-12 13:36:00+02:00,36,home,Bremen,,DE,hardware store,Bremen,,DE,errands,,car_sharing,,10.7,False,False,False
5b5b1ebf-f8b7-5aca-9d4b-47f40f7bf568,932d3626-708a-596b-a1fc-99c2fa1ce9b3,2026-04-13 15:00:00+02:00,2026-04-13 15:33:00+02:00,33,home,Bremen,,DE,hardware store,Bremen,,DE,errands,,car_sharing,,9.47,False,False,True
75e8ad19-c590-5970-89ad-ecb32fdbfa34,932d3626-708a-596b-a1fc-99c2fa1ce9b3,2026-04-13 15:00:00+02:00,2026-04-13 15:21:00+02:00,21,home,Bremen,,DE,riverside promenade,Bremen,,DE,leisure,,bike_sharing,,4.62,False,False,False
14139688-b48e-53cc-bae6-375969066615,932d3626-708a-596b-a1fc-99c2fa1ce9b3,2026-04-14 12:00:00+02:00,2026-04-14 12:27:00+02:00,27,home,Bremen,,DE,hardware store,Bremen,,DE,errands,,car_sharing,,5.32,False,False,True
64617530-879b-5048-8633-b97334f2ef26,932d3626-708a-596b-a1fc-99c2fa1ce9b3,2026-04-14 15:00:00+02:00,2026-04-14 15:24:00+02:00,24,home,Bremen,,DE,riverside promenade,Bremen,,DE,leisure,,bike_sharing,,5.28,False,False,False
8611e7d2-3b5e-5f86-920c-f651cd5a7f7b,932d3626-708a-596b-a1fc-99c2fa1ce9b3,2026-04-16 14:00:00+02:00,2026-04-16 14:37:00+02:00,37,home,Bremen,,DE,hardware store,Bremen,,DE,errands,,car_sharing,,10.9,False,False,True
a3182325-5ea8-58e4-a0bf-552750a12b58,932d3626-708a-596b-a1fc-99c2fa1ce9b3,2026-04-18 14:00:00+02:00,2026-04-18 14:36:00+02:00,36,home,Bremen,,DE,hardware store,Bremen,,DE,errands,,car_sharing,,10.38,False,False,False
0d5c8195-6edf-520b-84b3-9830875c282e,932d3626-708a-596b-a1fc-99c2fa1ce9b3,2026-04-18 17:00:00+02:00,2026-04-18 17:18:00+02:00,18,home,Bremen,,DE,studio,Bremen,,DE,business,,e_scooter,,3.24,False,False,False
c7e9e5d3-b40c-53ef-9c94-814db29f8825,932d3626-708a-596b-a1fc-99c2fa1ce9b3,2026-04-20 10:00:00+02:00,2026-04-20 10:46:00+02:00,46,home,Bremen,,DE,hardware store,Bremen,,DE,errands,,car_sharing,,11.54,False,False,True
5b488daf-14d8-56ee-8835-9c55635acb8f,932d3626-708a-596b-a1fc-99c2fa1ce9b3,2026-04-20 13:00:00+02:00,2026-04-20 13:10:00+02:00,10,home,Bremen,,DE,cafe,Bremen,,DE,social,,e_scooter,,1.8,False,False,False
52f17a38-9954-5009-9b6b-17d9308930cb,932d3626-708a-596b-a1fc-99c2fa1ce9b3,2026-04-21 14:00:00+02:00,2026-04-21 14:30:00+02:00,30,home,Bremen,,DE,hardware store,Bremen,,DE,errands,,car_sharing,,8.28,False,False,True
994ac3e4-46ce-545f-b552-db87db64e116,932d3626-708a-596b-a1fc-99c2fa1ce9b3,2026-04-21 20:00:00+02:00,2026-04-21 20:13:00+02:00,13,home,Bremen,,DE,co-working space,Bremen,,DE,leisure,,e_scooter,,2.34,False,False,False
6267ec09-ac6f-58ca-948f-2b80ca16bdb8,932d3626-708a-596b-a1fc-99c2fa1ce9b3,2026-04-21 15:00:00+02:00,2026-04-21 15:15:00+02:00,15,home,Bremen,,DE,riverside promenade,Bremen,,DE,leisure,,bike_sharing,,3.3,False,False,False
a81b8cfe-36cb-539c-97de-dbbe1eca0017,932d3626-708a-596b-a1fc-99c2fa1ce9b3,2026-04-22 14:00:00+02:00,2026-04-22 14:39:00+02:00,39,home,Bremen,,DE,hardware store,Bremen,,DE,errands,,car_sharing,,9.02,False,False,True
23a4d327-169c-57b4-a09c-33cb9b3b5274,932d3626-708a-596b-a1fc-99c2fa1ce9b3,2026-04-23 15:00:00+02:00,2026-04-23 15:27:00+02:00,27,home,Bremen,,DE,hardware store,Bremen,,DE,errands,,car_sharing,,6.1,False,False,True
2b9dd341-452a-5310-8c07-6c79220b7e82,932d3626-708a-596b-a1fc-99c2fa1ce9b3,2026-04-24 19:00:00+02:00,2026-04-24 19:15:00+02:00,15,home,Bremen,,DE,studio,Bremen,,DE,business,,e_scooter,,2.7,False,False,False
afa190ea-310b-5d97-95bd-959c49958c13,932d3626-708a-596b-a1fc-99c2fa1ce9b3,2026-04-25 09:00:00+02:00,2026-04-25 09:26:00+02:00,26,home,Bremen,,DE,hardware store,Bremen,,DE,errands,,car_sharing,,5.06,False,False,False
8092a7f3-d9a1-571f-be47-bdf78603f046,932d3626-708a-596b-a1fc-99c2fa1ce9b3,2026-04-26 18:00:00+02:00,2026-04-26 18:14:00+02:00,14,home,Bremen,,DE,cafe,Bremen,,DE,business,,e_scooter,,2.52,False,False,False
a6f64434-a02c-5652-baed-9d4d355ab842,932d3626-708a-596b-a1fc-99c2fa1ce9b3,2026-04-27 15:00:00+02:00,2026-04-27 15:29:00+02:00,29,home,Bremen,,DE,hardware store,Bremen,,DE,errands,,car_sharing,,5.46,False,False,True
7634f899-9397-5bfb-bd26-ff8c32a36604,932d3626-708a-596b-a1fc-99c2fa1ce9b3,2026-04-27 18:00:00+02:00,2026-04-27 18:06:00+02:00,6,home,Bremen,,DE,co-working space,Bremen,,DE,leisure,,e_scooter,,1.08,False,False,False
cfd54141-58f6-5cae-8a6b-8560bd2b7ffb,932d3626-708a-596b-a1fc-99c2fa1ce9b3,2026-04-27 15:00:00+02:00,2026-04-27 15:23:00+02:00,23,home,Bremen,,DE,riverside promenade,Bremen,,DE,leisure,,bike_sharing,,5.06,False,False,False
204f1ad3-d5f4-52ec-a620-202e17bec86c,932d3626-708a-596b-a1fc-99c2fa1ce9b3,2026-04-28 09:00:00+02:00,2026-04-28 09:43:00+02:00,43,home,Bremen,,DE,hardware store,Bremen,,DE,errands,,car_sharing,,10.83,False,False,True
7b644cd8-d79c-575d-a8ff-b852e96131da,932d3626-708a-596b-a1fc-99c2fa1ce9b3,2026-04-30 09:00:00+02:00,2026-04-30 09:32:00+02:00,32,home,Bremen,,DE,hardware store,Bremen,,DE,errands,,car_sharing,,9.15,False,False,True
8aa7de47-15bc-5197-bc90-6d4da44db49b,932d3626-708a-596b-a1fc-99c2fa1ce9b3,2026-05-01 13:00:00+02:00,2026-05-01 13:54:00+02:00,54,home,Bremen,,DE,hardware store,Bremen,,DE,errands,,car_sharing,,13.84,False,False,True
561493ed-5635-5649-91d3-1874e44017d6,932d3626-708a-596b-a1fc-99c2fa1ce9b3,2026-05-01 12:00:00+02:00,2026-05-01 12:23:00+02:00,23,home,Bremen,,DE,riverside promenade,Bremen,,DE,leisure,,bike_sharing,,5.06,False,False,False
bf97ef13-db2b-5294-93af-1b3b68a48cb1,932d3626-708a-596b-a1fc-99c2fa1ce9b3,2026-05-03 10:00:00+02:00,2026-05-03 10:35:00+02:00,35,home,Bremen,,DE,hardware store,Bremen,,DE,errands,,car_sharing,,8.84,False,False,False
ba5ae67d-a1fc-58af-82b5-fce51e714747,932d3626-708a-596b-a1fc-99c2fa1ce9b3,2026-05-03 18:00:00+02:00,2026-05-03 18:06:00+02:00,6,home,Bremen,,DE,cafe,Bremen,,DE,leisure,,e_scooter,,1.08,False,False,False
54bc1710-9d76-54e5-989c-a83510e3c872,932d3626-708a-596b-a1fc-99c2fa1ce9b3,2026-05-03 09:00:00+02:00,2026-05-03 09:29:00+02:00,29,home,Bremen,,DE,riverside promenade,Bremen,,DE,leisure,,bike_sharing,,6.38,False,False,False
8ff5c99f-352a-5f5e-b1f3-802c7dbf48a5,932d3626-708a-596b-a1fc-99c2fa1ce9b3,2026-05-04 13:00:00+02:00,2026-05-04 13:42:00+02:00,42,home,Bremen,,DE,hardware store,Bremen,,DE,errands,,car_sharing,,10.39,False,False,True
d53ae0c5-27e6-5973-b53a-3c34dbe637ab,932d3626-708a-596b-a1fc-99c2fa1ce9b3,2026-05-04 11:00:00+02:00,2026-05-04 11:13:00+02:00,13,home,Bremen,,DE,studio,Bremen,,DE,social,,e_scooter,,2.34,False,False,False
2400bed8-b1eb-585b-96b4-dabffdf6c4bc,932d3626-708a-596b-a1fc-99c2fa1ce9b3,2026-05-05 17:00:00+02:00,2026-05-05 17:25:00+02:00,25,home,Bremen,,DE,hardware store,Bremen,,DE,errands,,car_sharing,,5.64,False,False,True
92f8495d-8d47-5a16-a8cf-fd5b084bb676,932d3626-708a-596b-a1fc-99c2fa1ce9b3,2026-05-05 20:00:00+02:00,2026-05-05 20:16:00+02:00,16,home,Bremen,,DE,studio,Bremen,,DE,leisure,,e_scooter,,2.88,False,False,False
e71aa997-c0ba-5e63-b10a-e79b8348ca0f,932d3626-708a-596b-a1fc-99c2fa1ce9b3,2026-05-06 12:00:00+02:00,2026-05-06 12:46:00+02:00,46,home,Bremen,,DE,hardware store,Bremen,,DE,errands,,car_sharing,,10.82,False,False,True
0244d0b3-386a-514c-96c0-4fb787340a78,932d3626-708a-596b-a1fc-99c2fa1ce9b3,2026-05-06 15:00:00+02:00,2026-05-06 15:16:00+02:00,16,home,Bremen,,DE,studio,Bremen,,DE,social,,e_scooter,,2.88,False,False,False
897ecb48-e279-5bd2-aded-8759a0416a58,932d3626-708a-596b-a1fc-99c2fa1ce9b3,2026-05-06 14:00:00+02:00,2026-05-06 14:20:00+02:00,20,home,Bremen,,DE,riverside promenade,Bremen,,DE,leisure,,bike_sharing,,4.4,False,False,False
cddba003-1e44-5d0c-bfb6-40fde61c1afa,932d3626-708a-596b-a1fc-99c2fa1ce9b3,2026-05-07 09:00:00+02:00,2026-05-07 09:40:00+02:00,40,home,Bremen,,DE,hardware store,Bremen,,DE,errands,,car_sharing,,9.46,False,False,True
7d253651-a46f-58d2-9948-b53a093f28ab,932d3626-708a-596b-a1fc-99c2fa1ce9b3,2026-05-07 17:00:00+02:00,2026-05-07 17:09:00+02:00,9,home,Bremen,,DE,studio,Bremen,,DE,business,,e_scooter,,1.62,False,False,False
644c6aac-51cc-5e0f-9bcc-c9f568adfac2,932d3626-708a-596b-a1fc-99c2fa1ce9b3,2026-05-08 12:00:00+02:00,2026-05-08 12:48:00+02:00,48,home,Bremen,,DE,hardware store,Bremen,,DE,errands,,car_sharing,,11.64,False,False,True
1ed92d41-5a61-593c-a794-cb628825cf06,932d3626-708a-596b-a1fc-99c2fa1ce9b3,2026-05-09 16:00:00+02:00,2026-05-09 16:35:00+02:00,35,home,Bremen,,DE,hardware store,Bremen,,DE,errands,,car_sharing,,10.4,False,False,False
5cd86be0-73ee-5cf2-b3d5-bfc546336c47,932d3626-708a-596b-a1fc-99c2fa1ce9b3,2026-05-10 17:00:00+02:00,2026-05-10 17:30:00+02:00,30,home,Bremen,,DE,hardware store,Bremen,,DE,errands,,car_sharing,,6.77,False,False,False
7261095e-feee-5035-91ed-7c2886861f87,932d3626-708a-596b-a1fc-99c2fa1ce9b3,2026-05-10 20:00:00+02:00,2026-05-10 20:15:00+02:00,15,home,Bremen,,DE,co-working space,Bremen,,DE,leisure,,e_scooter,,2.7,False,False,False
389220fb-9f1e-508e-8fcf-411a7c122a54,932d3626-708a-596b-a1fc-99c2fa1ce9b3,2026-05-11 10:00:00+02:00,2026-05-11 10:48:00+02:00,48,home,Bremen,,DE,hardware store,Bremen,,DE,errands,,car_sharing,,12.38,False,False,True
a8c8b4a0-d679-5f95-aa1e-49278adab86d,932d3626-708a-596b-a1fc-99c2fa1ce9b3,2026-05-12 14:00:00+02:00,2026-05-12 14:41:00+02:00,41,home,Bremen,,DE,hardware store,Bremen,,DE,errands,,car_sharing,,11.86,False,False,True
739e7ec8-522c-52ad-8f12-59dd59c7dc59,932d3626-708a-596b-a1fc-99c2fa1ce9b3,2026-05-13 12:00:00+02:00,2026-05-13 12:48:00+02:00,48,home,Bremen,,DE,hardware store,Bremen,,DE,errands,,car_sharing,,12.99,False,False,True
34ed6e7b-b710-596b-a7c0-59e601d233d8,932d3626-708a-596b-a1fc-99c2fa1ce9b3,2026-05-13 15:00:00+02:00,2026-05-13 15:07:00+02:00,7,home,Bremen,,DE,co-working space,Bremen,,DE,leisure,,e_scooter,,1.26,False,False,False
cca458f2-0f94-5a90-9fc9-b74797fe7c17,932d3626-708a-596b-a1fc-99c2fa1ce9b3,2026-05-14 15:00:00+02:00,2026-05-14 15:46:00+02:00,46,home,Bremen,,DE,hardware store,Bremen,,DE,errands,,car_sharing,,13.45,False,False,True
4a4301bc-d9c8-54fe-83e3-9f26f6006327,932d3626-708a-596b-a1fc-99c2fa1ce9b3,2026-05-16 11:00:00+02:00,2026-05-16 11:32:00+02:00,32,home,Bremen,,DE,hardware store,Bremen,,DE,errands,,car_sharing,,8.84,False,False,False
92cc8b66-e59d-5858-9e5a-5735c3c2d5d8,932d3626-708a-596b-a1fc-99c2fa1ce9b3,2026-05-18 10:00:00+02:00,2026-05-18 10:44:00+02:00,44,home,Bremen,,DE,hardware store,Bremen,,DE,errands,,car_sharing,,12.94,False,False,True
9b3ec471-3bbd-5216-8e84-68c84a9e7e93,932d3626-708a-596b-a1fc-99c2fa1ce9b3,2026-05-19 09:00:00+02:00,2026-05-19 09:49:00+02:00,49,home,Bremen,,DE,hardware store,Bremen,,DE,errands,,car_sharing,,13.78,False,False,True
7463be1e-4dec-5f03-9903-2ebebbae29f7,932d3626-708a-596b-a1fc-99c2fa1ce9b3,2026-05-20 14:00:00+02:00,2026-05-20 14:32:00+02:00,32,home,Bremen,,DE,hardware store,Bremen,,DE,errands,,car_sharing,,7.72,False,False,True
d2eb996c-8ab3-5f6f-b4df-378d615da3d3,932d3626-708a-596b-a1fc-99c2fa1ce9b3,2026-05-20 10:00:00+02:00,2026-05-20 10:10:00+02:00,10,home,Bremen,,DE,co-working space,Bremen,,DE,social,,e_scooter,,1.8,False,False,False
d77d295a-666f-56b8-a4bf-246cd8a38358,932d3626-708a-596b-a1fc-99c2fa1ce9b3,2026-05-21 13:00:00+02:00,2026-05-21 13:32:00+02:00,32,home,Bremen,,DE,hardware store,Bremen,,DE,errands,,car_sharing,,7.87,False,False,True
696ba77d-442c-5f46-9236-d6bdb7fcb422,932d3626-708a-596b-a1fc-99c2fa1ce9b3,2026-05-22 15:00:00+02:00,2026-05-22 15:49:00+02:00,49,home,Bremen,,DE,hardware store,Bremen,,DE,errands,,car_sharing,,13.12,False,False,True
32a4850b-e183-5f2a-adf8-9a9004c4820d,932d3626-708a-596b-a1fc-99c2fa1ce9b3,2026-05-23 15:00:00+02:00,2026-05-23 15:42:00+02:00,42,home,Bremen,,DE,hardware store,Bremen,,DE,errands,,car_sharing,,11.71,False,False,False
7dd72070-52d1-575d-9e80-9ad8761bd1de,932d3626-708a-596b-a1fc-99c2fa1ce9b3,2026-05-24 14:00:00+02:00,2026-05-24 14:39:00+02:00,39,home,Bremen,,DE,hardware store,Bremen,,DE,errands,,car_sharing,,8.51,False,False,False
4e2ac97b-000f-575b-aee7-4565115b032f,932d3626-708a-596b-a1fc-99c2fa1ce9b3,2026-05-24 15:00:00+02:00,2026-05-24 15:18:00+02:00,18,home,Bremen,,DE,co-working space,Bremen,,DE,business,,e_scooter,,3.24,False,False,False
41e8c449-62ee-5922-b157-1eeedd18098e,932d3626-708a-596b-a1fc-99c2fa1ce9b3,2026-05-24 16:00:00+02:00,2026-05-24 16:10:00+02:00,10,home,Bremen,,DE,riverside promenade,Bremen,,DE,leisure,,bike_sharing,,2.2,False,False,False
d3b34d0d-7d6f-58d1-bf17-ab6796a698e0,932d3626-708a-596b-a1fc-99c2fa1ce9b3,2026-05-25 09:00:00+02:00,2026-05-25 09:43:00+02:00,43,home,Bremen,,DE,hardware store,Bremen,,DE,errands,,car_sharing,,12.49,False,False,True
81948e34-b6a3-54d4-819f-29839568bdd0,932d3626-708a-596b-a1fc-99c2fa1ce9b3,2026-05-25 11:00:00+02:00,2026-05-25 11:16:00+02:00,16,home,Bremen,,DE,cafe,Bremen,,DE,social,,e_scooter,,2.88,False,False,False
000a2b7d-c857-5cf5-b7e6-be6cf9d064b3,932d3626-708a-596b-a1fc-99c2fa1ce9b3,2026-05-25 13:00:00+02:00,2026-05-25 13:21:00+02:00,21,home,Bremen,,DE,riverside promenade,Bremen,,DE,leisure,,bike_sharing,,4.62,False,False,False
ee43d80f-4e33-567a-ad93-faf98be1cd89,932d3626-708a-596b-a1fc-99c2fa1ce9b3,2026-05-26 10:00:00+02:00,2026-05-26 10:26:00+02:00,26,home,Bremen,,DE,hardware store,Bremen,,DE,errands,,car_sharing,,5.34,False,False,True
07a01ac6-1261-5601-9782-90eb12827d73,932d3626-708a-596b-a1fc-99c2fa1ce9b3,2026-05-26 19:00:00+02:00,2026-05-26 19:17:00+02:00,17,home,Bremen,,DE,cafe,Bremen,,DE,social,,e_scooter,,3.06,False,False,False
54df2574-537b-5a9a-8e2b-08ea81fc5d12,932d3626-708a-596b-a1fc-99c2fa1ce9b3,2026-05-26 10:00:00+02:00,2026-05-26 10:25:00+02:00,25,home,Bremen,,DE,riverside promenade,Bremen,,DE,leisure,,bike_sharing,,5.5,False,False,False
34e93a49-9944-5469-bebf-bd102aa5f690,932d3626-708a-596b-a1fc-99c2fa1ce9b3,2026-05-27 17:00:00+02:00,2026-05-27 17:45:00+02:00,45,home,Bremen,,DE,hardware store,Bremen,,DE,errands,,car_sharing,,10.53,False,False,True
e57824da-0a43-53e0-9a56-5bbcd03d2e7b,932d3626-708a-596b-a1fc-99c2fa1ce9b3,2026-05-27 18:00:00+02:00,2026-05-27 18:20:00+02:00,20,home,Bremen,,DE,riverside promenade,Bremen,,DE,leisure,,bike_sharing,,4.4,False,False,False
1b41bdd3-a8c9-5963-9a5f-aaef9ad5f3ca,932d3626-708a-596b-a1fc-99c2fa1ce9b3,2026-05-28 10:00:00+02:00,2026-05-28 10:50:00+02:00,50,home,Bremen,,DE,hardware store,Bremen,,DE,errands,,car_sharing,,12.9,False,False,True
23f6ad0d-b2c3-514d-baf7-06c1e0e3ff05,932d3626-708a-596b-a1fc-99c2fa1ce9b3,2026-05-28 11:00:00+02:00,2026-05-28 11:08:00+02:00,8,home,Bremen,,DE,studio,Bremen,,DE,social,,e_scooter,,1.44,False,False,False
3b138324-a421-58dc-8cb3-821355e18b9d,932d3626-708a-596b-a1fc-99c2fa1ce9b3,2026-05-29 11:00:00+02:00,2026-05-29 11:38:00+02:00,38,home,Bremen,,DE,hardware store,Bremen,,DE,errands,,car_sharing,,11.27,False,False,True
359fa630-d72d-5975-ad96-0d9aeb6723ea,932d3626-708a-596b-a1fc-99c2fa1ce9b3,2026-05-30 12:00:00+02:00,2026-05-30 12:53:00+02:00,53,home,Bremen,,DE,hardware store,Bremen,,DE,errands,,car_sharing,,13.49,False,False,False
3a97906b-081d-5eea-95a7-24323e941128,932d3626-708a-596b-a1fc-99c2fa1ce9b3,2026-05-31 09:00:00+02:00,2026-05-31 09:44:00+02:00,44,home,Bremen,,DE,hardware store,Bremen,,DE,errands,,car_sharing,,11.43,False,False,False
797bde16-68a8-5a5a-baa1-76381264e88d,932d3626-708a-596b-a1fc-99c2fa1ce9b3,2026-06-01 16:00:00+02:00,2026-06-01 16:37:00+02:00,37,home,Bremen,,DE,print shop,Bremen,,DE,business,,car_sharing,,10.94,False,False,True
0d8f2f95-2802-5e4f-8fb5-0579cb11fc71,932d3626-708a-596b-a1fc-99c2fa1ce9b3,2026-06-02 11:00:00+02:00,2026-06-02 11:38:00+02:00,38,home,Bremen,,DE,print shop,Bremen,,DE,business,,car_sharing,,8.16,False,False,True
fe96922b-d861-5bed-a635-663dce6a063c,932d3626-708a-596b-a1fc-99c2fa1ce9b3,2026-06-03 11:00:00+02:00,2026-06-03 11:06:00+02:00,6,home,Bremen,,DE,co-working space,Bremen,,DE,leisure,,e_scooter,,1.08,False,False,False
8e79bcd3-eb19-5b2a-9b05-ebde3c199a9b,932d3626-708a-596b-a1fc-99c2fa1ce9b3,2026-06-09 12:00:00+02:00,2026-06-09 12:37:00+02:00,37,home,Bremen,,DE,client studio,Bremen,,DE,errands,,car_sharing,,8.78,False,False,True
133fdf6a-c0c9-57a0-a51e-b526509ba3d3,932d3626-708a-596b-a1fc-99c2fa1ce9b3,2026-06-09 17:00:00+02:00,2026-06-09 17:08:00+02:00,8,home,Bremen,,DE,cafe,Bremen,,DE,leisure,,e_scooter,,1.44,False,False,False
06b77d84-226a-594e-8aba-bd9912db5e60,932d3626-708a-596b-a1fc-99c2fa1ce9b3,2026-06-10 09:00:00+02:00,2026-06-10 09:39:00+02:00,39,home,Bremen,,DE,client studio,Bremen,,DE,errands,,car_sharing,,10.19,False,False,True
a27193f5-f27e-5100-8c6f-b7c909343d3d,932d3626-708a-596b-a1fc-99c2fa1ce9b3,2026-06-11 15:00:00+02:00,2026-06-11 15:45:00+02:00,45,home,Bremen,,DE,client studio,Bremen,,DE,errands,,car_sharing,,12.52,False,False,True
7ee2dfbd-5e72-5951-83b4-b5baf3b1db01,932d3626-708a-596b-a1fc-99c2fa1ce9b3,2026-06-12 11:00:00+02:00,2026-06-12 11:31:00+02:00,31,home,Bremen,,DE,supplier,Bremen,,DE,shopping,,car_sharing,,6.09,False,False,True
82574032-0d4c-550d-bea4-18ba2b7eaa2a,932d3626-708a-596b-a1fc-99c2fa1ce9b3,2026-06-12 11:00:00+02:00,2026-06-12 11:15:00+02:00,15,home,Bremen,,DE,studio,Bremen,,DE,social,,e_scooter,,2.7,False,False,False
d8c7c9d1-c9b7-522d-9399-44705eac0e5a,932d3626-708a-596b-a1fc-99c2fa1ce9b3,2026-06-15 10:00:00+02:00,2026-06-15 10:32:00+02:00,32,home,Bremen,,DE,client studio,Bremen,,DE,errands,,car_sharing,,7.77,False,False,True
aee65afd-5e1f-5275-a286-d2bd2950f4a8,932d3626-708a-596b-a1fc-99c2fa1ce9b3,2026-06-19 18:00:00+02:00,2026-06-19 18:08:00+02:00,8,home,Bremen,,DE,studio,Bremen,,DE,leisure,,e_scooter,,1.44,False,False,False
336bbac3-3ef5-520c-9e19-ae840295700d,932d3626-708a-596b-a1fc-99c2fa1ce9b3,2026-06-22 12:00:00+02:00,2026-06-22 12:15:00+02:00,15,home,Bremen,,DE,co-working space,Bremen,,DE,leisure,,e_scooter,,2.7,False,False,False
f8f0f98e-d6bd-566c-839e-123acfdcf32a,932d3626-708a-596b-a1fc-99c2fa1ce9b3,2026-06-24 13:00:00+02:00,2026-06-24 13:06:00+02:00,6,home,Bremen,,DE,cafe,Bremen,,DE,social,,e_scooter,,1.08,False,False,False
0792bc9b-e7da-5379-917a-6cf37359907a,932d3626-708a-596b-a1fc-99c2fa1ce9b3,2026-06-25 13:00:00+02:00,2026-06-25 13:42:00+02:00,42,home,Bremen,,DE,client studio,Bremen,,DE,errands,,car_sharing,,12.18,False,False,True
9dfba35a-a7f7-5910-9991-3f5a858963fc,932d3626-708a-596b-a1fc-99c2fa1ce9b3,2026-06-27 11:00:00+02:00,2026-06-27 11:05:00+02:00,5,home,Bremen,,DE,co-working space,Bremen,,DE,social,,e_scooter,,0.9,False,False,False
61843e10-5095-5735-b0d9-0ea333d22392,932d3626-708a-596b-a1fc-99c2fa1ce9b3,2026-06-28 14:00:00+02:00,2026-06-28 14:46:00+02:00,46,home,Bremen,,DE,client studio,Bremen,,DE,errands,,car_sharing,,13.09,False,False,False
eddda9c5-f873-56d8-b750-faa94ff0693d,932d3626-708a-596b-a1fc-99c2fa1ce9b3,2026-06-28 10:00:00+02:00,2026-06-28 10:16:00+02:00,16,home,Bremen,,DE,studio,Bremen,,DE,business,,e_scooter,,2.88,False,False,False
4e23226f-c497-5ed4-a1de-26a52efcddeb,932d3626-708a-596b-a1fc-99c2fa1ce9b3,2026-06-30 11:00:00+02:00,2026-06-30 11:47:00+02:00,47,home,Bremen,,DE,print shop,Bremen,,DE,business,,car_sharing,,13.95,False,False,True
9757b56a-815b-5d62-8bf9-dccc328dc99c,932d3626-708a-596b-a1fc-99c2fa1ce9b3,2026-06-30 16:00:00+02:00,2026-06-30 16:30:00+02:00,30,home,Bremen,,DE,riverside promenade,Bremen,,DE,leisure,,bike_sharing,,6.6,False,False,False
c4c53068-b78f-510b-b76b-15a4e05cc7e7,932d3626-708a-596b-a1fc-99c2fa1ce9b3,2025-10-09 10:00:00+02:00,2025-10-09 10:54:00+02:00,54,home,Bremen,,DE,parents' home,Oldenburg,,DE,social,,regional_train,,42.85,False,False,False
a3405834-59a8-5300-9932-bdb75758757b,932d3626-708a-596b-a1fc-99c2fa1ce9b3,2025-10-09 18:00:00+02:00,2025-10-09 18:54:00+02:00,54,parents' home,Oldenburg,,DE,home,Bremen,,DE,home_return,,regional_train,,42.85,False,False,False
5135a785-123c-55f0-9b67-c4433b93ee6e,932d3626-708a-596b-a1fc-99c2fa1ce9b3,2025-11-08 10:00:00+01:00,2025-11-08 10:56:00+01:00,56,home,Bremen,,DE,parents' home,Oldenburg,,DE,social,,regional_train,,45.05,False,False,False
40bd0e8f-715b-5f3b-8a5b-3c51787cb702,932d3626-708a-596b-a1fc-99c2fa1ce9b3,2025-11-08 18:00:00+01:00,2025-11-08 18:56:00+01:00,56,parents' home,Oldenburg,,DE,home,Bremen,,DE,home_return,,regional_train,,45.05,False,False,False
873a00e7-4030-553b-b49c-6ae39eb6958d,932d3626-708a-596b-a1fc-99c2fa1ce9b3,2025-12-08 10:00:00+01:00,2025-12-08 10:56:00+01:00,56,home,Bremen,,DE,parents' home,Oldenburg,,DE,social,,regional_train,,44.91,False,False,False
48310df1-d294-5ae4-ba00-8aca49f9f8d7,932d3626-708a-596b-a1fc-99c2fa1ce9b3,2025-12-08 18:00:00+01:00,2025-12-08 18:56:00+01:00,56,parents' home,Oldenburg,,DE,home,Bremen,,DE,home_return,,regional_train,,44.91,False,False,False
245e8a35-3cf9-54c8-a174-4ed29cdb57c7,932d3626-708a-596b-a1fc-99c2fa1ce9b3,2026-01-07 10:00:00+01:00,2026-01-07 10:56:00+01:00,56,home,Bremen,,DE,parents' home,Oldenburg,,DE,social,,regional_train,,44.87,False,False,False
b5e8b44a-53e6-5cd9-974b-a10c8a26fba2,932d3626-708a-596b-a1fc-99c2fa1ce9b3,2026-01-07 18:00:00+01:00,2026-01-07 18:56:00+01:00,56,parents' home,Oldenburg,,DE,home,Bremen,,DE,home_return,,regional_train,,44.87,False,False,False
3f6f6273-39b3-5cbd-9b6f-b3b6fa9cb6ab,932d3626-708a-596b-a1fc-99c2fa1ce9b3,2026-03-08 10:00:00+02:00,2026-03-08 10:55:00+02:00,55,home,Bremen,,DE,parents' home,Oldenburg,,DE,social,,regional_train,,43.96,False,False,False
757f9aae-9b56-559a-a98f-e54c276c43b5,932d3626-708a-596b-a1fc-99c2fa1ce9b3,2026-03-08 18:00:00+02:00,2026-03-08 18:55:00+02:00,55,parents' home,Oldenburg,,DE,home,Bremen,,DE,home_return,,regional_train,,43.96,False,False,False
13331d36-151a-5e94-9abd-e5257c4d86de,932d3626-708a-596b-a1fc-99c2fa1ce9b3,2026-04-07 10:00:00+02:00,2026-04-07 10:59:00+02:00,59,home,Bremen,,DE,parents' home,Oldenburg,,DE,social,,regional_train,,47.12,False,False,False
936283f3-17da-5e66-a878-fa30c9942c4c,932d3626-708a-596b-a1fc-99c2fa1ce9b3,2026-04-07 18:00:00+02:00,2026-04-07 18:59:00+02:00,59,parents' home,Oldenburg,,DE,home,Bremen,,DE,home_return,,regional_train,,47.12,False,False,False
ee73c1ea-2e11-574e-a6d7-ace83055d955,932d3626-708a-596b-a1fc-99c2fa1ce9b3,2026-05-07 10:00:00+02:00,2026-05-07 10:58:00+02:00,58,home,Bremen,,DE,parents' home,Oldenburg,,DE,social,,regional_train,,46.47,False,False,False
0a99c0c7-34bb-5000-b389-1a2eb7e863e5,932d3626-708a-596b-a1fc-99c2fa1ce9b3,2026-05-07 18:00:00+02:00,2026-05-07 18:58:00+02:00,58,parents' home,Oldenburg,,DE,home,Bremen,,DE,home_return,,regional_train,,46.47,False,False,False
