trip_id,user_id,start_ts,end_ts,weekday,trip_purpose,main_mode,modes_used,distance_km,duration_min,estimated_cost_eur,ticket_product_used,is_commute,is_recurring_pattern,planning_style,priority_reason,generation_batch_index,generation_interval_start_ts,generation_interval_end_ts,origin.city,origin.place_type,origin.label,destination.city,destination.place_type,destination.label
trip_17078a4ad135_00001,17078a4a-d135-4795-b418-7e6c376dca69,2026-01-01T07:30:00,2026-01-01T10:50:00,thursday,commute,regional_train,walking|regional_train|bike,601.5,200,79.0,single_ticket,True,True,routine,Regular hybrid commute to Düsseldorf using train and bike aligns with her high public‑transport affinity and desire to keep carbon footprint low.,1,2026-01-01T00:00:00,2026-01-07T23:59:59,München,home,Mia's apartment,Düsseldorf,work,Düsseldorf office
trip_17078a4ad135_00002,17078a4a-d135-4795-b418-7e6c376dca69,2026-01-01T17:30:00,2026-01-01T20:50:00,thursday,return_home,regional_train,walking|regional_train|bike,601.5,200,79.0,single_ticket,True,True,routine,Evening return from Düsseldorf using the same sustainable mode mix as the outbound commute.,1,2026-01-01T00:00:00,2026-01-07T23:59:59,Düsseldorf,work,Düsseldorf office,München,home,Mia's apartment
trip_17078a4ad135_00003,17078a4a-d135-4795-b418-7e6c376dca69,2026-01-01T21:30:00,2026-01-01T21:40:00,thursday,leisure,bike,bike,2.0,10,0.0,none,False,False,spontaneous,"Evening meet‑up with friends at a local restaurant, using her bike for a quick, low‑impact trip.",1,2026-01-01T00:00:00,2026-01-07T23:59:59,München,home,Mia's apartment,München,restaurant,Bavarian Bistro
trip_17078a4ad135_00004,17078a4a-d135-4795-b418-7e6c376dca69,2026-01-01T23:00:00,2026-01-01T23:10:00,thursday,return_home,walking,walking,0.5,10,0.0,none,False,False,spontaneous,"Walk back home after dinner, keeping the evening low‑key and carbon‑friendly.",1,2026-01-01T00:00:00,2026-01-07T23:59:59,München,restaurant,Bavarian Bistro,München,home,Mia's apartment
trip_17078a4ad135_00005,17078a4a-d135-4795-b418-7e6c376dca69,2026-01-02T07:30:00,2026-01-02T10:50:00,friday,commute,regional_train,walking|regional_train|bike,601.5,200,79.0,single_ticket,True,True,routine,"Second weekday commute, following the same sustainable pattern as earlier trips.",1,2026-01-01T00:00:00,2026-01-07T23:59:59,München,home,Mia's apartment,Düsseldorf,work,Düsseldorf office
trip_17078a4ad135_00006,17078a4a-d135-4795-b418-7e6c376dca69,2026-01-02T17:30:00,2026-01-02T20:50:00,friday,return_home,regional_train,walking|regional_train|bike,601.5,200,79.0,single_ticket,True,True,routine,"Evening return from Düsseldorf, maintaining her low‑carbon commute routine.",1,2026-01-01T00:00:00,2026-01-07T23:59:59,Düsseldorf,work,Düsseldorf office,München,home,Mia's apartment
trip_17078a4ad135_00007,17078a4a-d135-4795-b418-7e6c376dca69,2026-01-02T21:30:00,2026-01-02T21:45:00,friday,leisure,car_sharing,car_sharing,3.0,15,8.0,none,False,False,planned,"Quickly reserved a car‑sharing vehicle for a time‑sensitive tech meetup, valuing speed and flexibility.",1,2026-01-01T00:00:00,2026-01-07T23:59:59,München,home,Mia's apartment,München,other,Tech meetup venue
trip_17078a4ad135_00008,17078a4a-d135-4795-b418-7e6c376dca69,2026-01-02T22:30:00,2026-01-02T22:40:00,friday,return_home,walking,walking,0.8,10,0.0,none,False,False,spontaneous,"Walk home after the meetup, keeping the late‑night travel simple and eco‑friendly.",1,2026-01-01T00:00:00,2026-01-07T23:59:59,München,other,Tech meetup venue,München,home,Mia's apartment
trip_17078a4ad135_00009,17078a4a-d135-4795-b418-7e6c376dca69,2026-01-03T09:00:00,2026-01-03T11:55:00,saturday,family,regional_train,walking|regional_train|bike,225.5,175,45.0,single_ticket,False,False,planned,"Weekend family visit, using a single long‑distance ticket and bike for the last stretch, matching her desire to travel sustainably.",1,2026-01-01T00:00:00,2026-01-07T23:59:59,München,home,Mia's apartment,Stuttgart,family_visit,Family home
trip_17078a4ad135_00010,17078a4a-d135-4795-b418-7e6c376dca69,2026-01-03T18:00:00,2026-01-03T20:53:00,saturday,return_home,regional_train,bike|regional_train|walking,225.5,173,45.0,single_ticket,False,False,planned,"Return from family visit, mirroring the outbound sustainable travel chain.",1,2026-01-01T00:00:00,2026-01-07T23:59:59,Stuttgart,family_visit,Family home,München,home,Mia's apartment
trip_17078a4ad135_00011,17078a4a-d135-4795-b418-7e6c376dca69,2026-01-05T07:30:00,2026-01-05T10:50:00,monday,commute,regional_train,walking|regional_train|bike,601.5,200,79.0,single_ticket,True,True,routine,"Third weekly commute, following her established train‑and‑bike pattern.",1,2026-01-01T00:00:00,2026-01-07T23:59:59,München,home,Mia's apartment,Düsseldorf,work,Düsseldorf office
trip_17078a4ad135_00012,17078a4a-d135-4795-b418-7e6c376dca69,2026-01-05T17:30:00,2026-01-05T20:50:00,monday,return_home,regional_train,walking|regional_train|bike,601.5,200,79.0,single_ticket,True,True,routine,"Evening return, completing her weekly commute cycle.",1,2026-01-01T00:00:00,2026-01-07T23:59:59,Düsseldorf,work,Düsseldorf office,München,home,Mia's apartment
trip_17078a4ad135_00013,17078a4a-d135-4795-b418-7e6c376dca69,2026-01-08T07:30:00,2026-01-08T12:40:00,thursday,commute,regional_train,walking|regional_train|bike,615.8,310,49.0,single_ticket,True,True,routine,"Morning commute to Düsseldorf office using preferred regional train and bike, aligning with hybrid work schedule.",2,2026-01-08T00:00:00,2026-01-14T23:59:59,München,home,München Home,Düsseldorf,work,Düsseldorf Office
trip_17078a4ad135_00014,17078a4a-d135-4795-b418-7e6c376dca69,2026-01-08T18:30:00,2026-01-08T22:45:00,thursday,commute,regional_train,bike|regional_train|walking,615.8,255,49.0,single_ticket,True,True,routine,"Evening return from Düsseldorf office, using bike and regional train as per usual pattern.",2,2026-01-08T00:00:00,2026-01-14T23:59:59,Düsseldorf,work,Düsseldorf Office,München,home,München Home
trip_17078a4ad135_00015,17078a4a-d135-4795-b418-7e6c376dca69,2026-01-09T19:30:00,2026-01-09T19:36:00,friday,leisure,walking,walking,0.5,6,0.0,none,False,False,spontaneous,"Evening dinner with friends, fits her frequent social outings.",2,2026-01-08T00:00:00,2026-01-14T23:59:59,München,home,München Home,München,restaurant,"Gourmet Restaurant, Schwabing"
trip_17078a4ad135_00016,17078a4a-d135-4795-b418-7e6c376dca69,2026-01-09T21:30:00,2026-01-09T21:36:00,friday,return_home,walking,walking,0.5,6,0.0,none,False,False,spontaneous,"Return home after dinner, consistent with her active evening lifestyle.",2,2026-01-08T00:00:00,2026-01-14T23:59:59,München,restaurant,"Gourmet Restaurant, Schwabing",München,home,München Home
trip_17078a4ad135_00017,17078a4a-d135-4795-b418-7e6c376dca69,2026-01-10T09:00:00,2026-01-10T09:12:00,saturday,leisure,bike,bike,3.0,12,0.0,none,False,False,spontaneous,"Morning bike ride to the park, aligning with her high leisure and bike usage.",2,2026-01-08T00:00:00,2026-01-14T23:59:59,München,home,München Home,München,park,Englischer Garten
trip_17078a4ad135_00018,17078a4a-d135-4795-b418-7e6c376dca69,2026-01-10T12:30:00,2026-01-10T12:42:00,saturday,return_home,bike,bike,3.0,12,0.0,none,False,False,spontaneous,"Return home after park visit, keeping active.",2,2026-01-08T00:00:00,2026-01-14T23:59:59,München,park,Englischer Garten,München,home,München Home
trip_17078a4ad135_00019,17078a4a-d135-4795-b418-7e6c376dca69,2026-01-12T12:00:00,2026-01-12T12:22:00,tuesday,leisure,car_sharing,walking|car_sharing,8.4,22,8.0,none,False,False,spontaneous,"Uses car sharing for a quick sports session, reflecting her willingness to pay for speed when needed.",2,2026-01-08T00:00:00,2026-01-14T23:59:59,München,home,München Home,München,fitness,München Sports Center
trip_17078a4ad135_00020,17078a4a-d135-4795-b418-7e6c376dca69,2026-01-12T14:00:00,2026-01-12T14:35:00,tuesday,return_home,tram,walking|tram|walking,5.7,35,2.8,short_trip_ticket,False,False,spontaneous,"Combines walking and tram to return home, using a short‑trip ticket as per her price‑sensitive behavior.",2,2026-01-08T00:00:00,2026-01-14T23:59:59,München,fitness,München Sports Center,München,home,München Home
trip_17078a4ad135_00021,17078a4a-d135-4795-b418-7e6c376dca69,2026-01-13T07:30:00,2026-01-13T12:40:00,monday,commute,regional_train,walking|regional_train|bike,615.8,310,49.0,single_ticket,True,True,routine,Monday commute following the same hybrid schedule.,2,2026-01-08T00:00:00,2026-01-14T23:59:59,München,home,München Home,Düsseldorf,work,Düsseldorf Office
trip_17078a4ad135_00022,17078a4a-d135-4795-b418-7e6c376dca69,2026-01-13T18:30:00,2026-01-13T22:45:00,monday,commute,regional_train,bike|regional_train|walking,615.8,255,49.0,single_ticket,True,True,routine,"Evening return from Düsseldorf, matching her regular hybrid work pattern.",2,2026-01-08T00:00:00,2026-01-14T23:59:59,Düsseldorf,work,Düsseldorf Office,München,home,München Home
trip_17078a4ad135_00023,17078a4a-d135-4795-b418-7e6c376dca69,2026-01-14T07:30:00,2026-01-14T12:40:00,wednesday,commute,regional_train,walking|regional_train|bike,615.8,310,49.0,single_ticket,True,True,routine,"Wednesday commute, completing the three‑day weekly travel to Düsseldorf.",2,2026-01-08T00:00:00,2026-01-14T23:59:59,München,home,München Home,Düsseldorf,work,Düsseldorf Office
trip_17078a4ad135_00024,17078a4a-d135-4795-b418-7e6c376dca69,2026-01-14T18:30:00,2026-01-14T22:45:00,wednesday,commute,regional_train,bike|regional_train|walking,615.8,255,49.0,single_ticket,True,True,routine,"Evening return from Düsseldorf, completing the weekly commute cycle.",2,2026-01-08T00:00:00,2026-01-14T23:59:59,Düsseldorf,work,Düsseldorf Office,München,home,München Home
trip_17078a4ad135_00025,17078a4a-d135-4795-b418-7e6c376dca69,2026-01-15T07:30:00,2026-01-15T12:22:00,thursday,commute,regional_train,walking|regional_train|bike,605.5,292,49.0,single_ticket,True,True,routine,"Regular hybrid work commute using low‑carbon regional train and bike, matching her high public‑transport affinity.",3,2026-01-15T00:00:00,2026-01-21T23:59:59,München,home,Mia's apartment,Düsseldorf,work,Düsseldorf office
trip_17078a4ad135_00026,17078a4a-d135-4795-b418-7e6c376dca69,2026-01-15T17:00:00,2026-01-15T21:52:00,thursday,commute,regional_train,bike|regional_train|walking,605.5,292,49.0,single_ticket,True,True,routine,Evening return home using the same low‑carbon mix of bike and regional train.,3,2026-01-15T00:00:00,2026-01-21T23:59:59,Düsseldorf,work,Düsseldorf office,München,home,Mia's apartment
trip_17078a4ad135_00027,17078a4a-d135-4795-b418-7e6c376dca69,2026-01-15T19:30:00,2026-01-15T19:40:00,thursday,leisure,bike,bike,3.0,10,0.0,none,False,False,spontaneous,"Evening meet‑up with friends, using her bike for a short, low‑impact trip.",3,2026-01-15T00:00:00,2026-01-21T23:59:59,München,home,Mia's apartment,München,restaurant,Italian restaurant
trip_17078a4ad135_00028,17078a4a-d135-4795-b418-7e6c376dca69,2026-01-15T21:30:00,2026-01-15T21:40:00,thursday,leisure,bike,bike,3.0,10,0.0,none,False,False,spontaneous,"Return home after dinner, keeping the short bike ride.",3,2026-01-15T00:00:00,2026-01-21T23:59:59,München,restaurant,Italian restaurant,München,home,Mia's apartment
trip_17078a4ad135_00029,17078a4a-d135-4795-b418-7e6c376dca69,2026-01-16T18:30:00,2026-01-16T18:42:00,friday,leisure,bike,bike,4.0,12,0.0,none,False,False,spontaneous,"After‑work workout, using her bike for a quick trip to the gym.",3,2026-01-15T00:00:00,2026-01-21T23:59:59,München,home,Mia's apartment,München,fitness,FitX Gym
trip_17078a4ad135_00030,17078a4a-d135-4795-b418-7e6c376dca69,2026-01-16T20:00:00,2026-01-16T20:12:00,friday,leisure,bike,bike,4.0,12,0.0,none,False,False,spontaneous,"Return home after workout, staying active with a bike ride.",3,2026-01-15T00:00:00,2026-01-21T23:59:59,München,fitness,FitX Gym,München,home,Mia's apartment
trip_17078a4ad135_00031,17078a4a-d135-4795-b418-7e6c376dca69,2026-01-17T08:00:00,2026-01-17T11:55:00,saturday,work_related,public_transport,walking|public_transport|bike,406.5,235,80.0,single_ticket,False,False,planned,"Business trip to Frankfurt for a tech meetup, using a single long‑distance ticket and bike for the last kilometre.",3,2026-01-15T00:00:00,2026-01-21T23:59:59,München,home,Mia's apartment,Frankfurt,work_related,Tech meetup venue
trip_17078a4ad135_00032,17078a4a-d135-4795-b418-7e6c376dca69,2026-01-18T18:30:00,2026-01-18T22:25:00,sunday,work_related,public_transport,bike|public_transport|walking,406.5,235,80.0,single_ticket,False,False,planned,"Return from Frankfurt after the meetup, using the same sustainable mix of bike and ICE.",3,2026-01-15T00:00:00,2026-01-21T23:59:59,Frankfurt,work_related,Tech meetup venue,München,home,Mia's apartment
trip_17078a4ad135_00033,17078a4a-d135-4795-b418-7e6c376dca69,2026-01-19T07:45:00,2026-01-19T12:37:00,monday,commute,regional_train,walking|regional_train|bike,605.5,292,49.0,single_ticket,True,True,routine,"Regular Monday commute, same sustainable mode mix as other workdays.",3,2026-01-15T00:00:00,2026-01-21T23:59:59,München,home,Mia's apartment,Düsseldorf,work,Düsseldorf office
trip_17078a4ad135_00034,17078a4a-d135-4795-b418-7e6c376dca69,2026-01-19T16:45:00,2026-01-19T21:37:00,monday,commute,regional_train,bike|regional_train|walking,605.5,292,49.0,single_ticket,True,True,routine,"Evening return home, keeping carbon footprint low.",3,2026-01-15T00:00:00,2026-01-21T23:59:59,Düsseldorf,work,Düsseldorf office,München,home,Mia's apartment
trip_17078a4ad135_00035,17078a4a-d135-4795-b418-7e6c376dca69,2026-01-21T07:30:00,2026-01-21T12:22:00,wednesday,commute,regional_train,walking|regional_train|bike,605.5,292,49.0,single_ticket,True,True,routine,"Wednesday commute, same sustainable travel chain.",3,2026-01-15T00:00:00,2026-01-21T23:59:59,München,home,Mia's apartment,Düsseldorf,work,Düsseldorf office
trip_17078a4ad135_00036,17078a4a-d135-4795-b418-7e6c376dca69,2026-01-21T16:30:00,2026-01-21T21:22:00,wednesday,commute,regional_train,bike|regional_train|walking,605.5,292,49.0,single_ticket,True,True,routine,"Evening return home, keeping travel consistent with her sustainability goals.",3,2026-01-15T00:00:00,2026-01-21T23:59:59,Düsseldorf,work,Düsseldorf office,München,home,Mia's apartment
trip_17078a4ad135_00037,17078a4a-d135-4795-b418-7e6c376dca69,2026-01-22T07:00:00,2026-01-22T11:45:00,monday,commute,regional_train,walking|regional_train|bike,615.5,285,80.0,single_ticket,True,True,routine,Regular hybrid commute to Düsseldorf using public transport and bike aligns with Mia's high PT affinity and carbon‑footprint goals.,4,2026-01-22T00:00:00,2026-01-28T23:59:59,München,home,Mia's Apartment,Düsseldorf,work,Düsseldorf Office
trip_17078a4ad135_00038,17078a4a-d135-4795-b418-7e6c376dca69,2026-01-22T17:30:00,2026-01-22T22:14:00,monday,return_home,regional_train,bike|regional_train|walking,615.5,284,80.0,single_ticket,True,True,routine,Return home after work using the same sustainable mode mix as the outbound commute.,4,2026-01-22T00:00:00,2026-01-28T23:59:59,Düsseldorf,work,Düsseldorf Office,München,home,Mia's Apartment
trip_17078a4ad135_00039,17078a4a-d135-4795-b418-7e6c376dca69,2026-01-23T18:10:00,2026-01-23T18:20:00,thursday,leisure,bike,bike,3.0,10,0.0,none,False,False,spontaneous,"Evening dinner with friends, using bike aligns with her active, low‑carbon lifestyle.",4,2026-01-22T00:00:00,2026-01-28T23:59:59,Düsseldorf,work,Düsseldorf Office,Düsseldorf,restaurant,Bavarian Bistro
trip_17078a4ad135_00040,17078a4a-d135-4795-b418-7e6c376dca69,2026-01-23T20:30:00,2026-01-23T20:40:00,thursday,return_home,bike,bike,3.0,10,0.0,none,False,False,spontaneous,"Bike back home after dinner, keeping the evening eco‑friendly.",4,2026-01-22T00:00:00,2026-01-28T23:59:59,Düsseldorf,restaurant,Bavarian Bistro,München,home,Mia's Apartment
trip_17078a4ad135_00041,17078a4a-d135-4795-b418-7e6c376dca69,2026-01-24T07:05:00,2026-01-24T11:50:00,wednesday,commute,regional_train,walking|regional_train|bike,615.5,285,80.0,single_ticket,True,True,routine,"Another regular hybrid commute day, matching her 3‑days‑per‑week schedule.",4,2026-01-22T00:00:00,2026-01-28T23:59:59,München,home,Mia's Apartment,Düsseldorf,work,Düsseldorf Office
trip_17078a4ad135_00042,17078a4a-d135-4795-b418-7e6c376dca69,2026-01-24T12:30:00,2026-01-24T12:45:00,wednesday,work_related,car_sharing,car_sharing,2.0,15,8.0,none,False,False,spontaneous,"Quick car‑sharing ride for a tight meeting, reflecting Mia's willingness to use on‑demand cars when needed.",4,2026-01-22T00:00:00,2026-01-28T23:59:59,München,home,Mia's Apartment,München,other,Tech Hub Munich
trip_17078a4ad135_00043,17078a4a-d135-4795-b418-7e6c376dca69,2026-01-24T17:30:00,2026-01-24T22:14:00,wednesday,return_home,regional_train,bike|regional_train|walking,615.5,284,80.0,single_ticket,True,True,routine,Standard return commute after a hybrid workday.,4,2026-01-22T00:00:00,2026-01-28T23:59:59,Düsseldorf,work,Düsseldorf Office,München,home,Mia's Apartment
trip_17078a4ad135_00044,17078a4a-d135-4795-b418-7e6c376dca69,2026-01-26T07:10:00,2026-01-26T11:55:00,friday,commute,regional_train,walking|regional_train|bike,615.5,285,80.0,single_ticket,True,True,routine,"Friday's third hybrid commute day, following the same sustainable pattern.",4,2026-01-22T00:00:00,2026-01-28T23:59:59,München,home,Mia's Apartment,Düsseldorf,work,Düsseldorf Office
trip_17078a4ad135_00045,17078a4a-d135-4795-b418-7e6c376dca69,2026-01-26T17:30:00,2026-01-26T22:14:00,friday,return_home,regional_train,bike|regional_train|walking,615.5,284,80.0,single_ticket,True,True,routine,Standard Friday return commute.,4,2026-01-22T00:00:00,2026-01-28T23:59:59,Düsseldorf,work,Düsseldorf Office,München,home,Mia's Apartment
trip_17078a4ad135_00046,17078a4a-d135-4795-b418-7e6c376dca69,2026-01-27T08:00:00,2026-01-27T10:50:00,saturday,family,regional_train,walking|regional_train|walking,221.0,170,30.0,single_ticket,False,False,planned,"Weekend family visit, using a single regional train ticket consistent with her low subscription preference.",4,2026-01-22T00:00:00,2026-01-28T23:59:59,München,home,Mia's Apartment,Stuttgart,family_visit,Family House
trip_17078a4ad135_00047,17078a4a-d135-4795-b418-7e6c376dca69,2026-01-27T10:00:00,2026-01-27T10:12:00,saturday,leisure,bike,bike,4.0,12,0.0,none,False,False,planned,"Morning gym session, using her bike aligns with high leisure intensity and health focus.",4,2026-01-22T00:00:00,2026-01-28T23:59:59,München,home,Mia's Apartment,München,fitness,FitZone Gym
trip_17078a4ad135_00048,17078a4a-d135-4795-b418-7e6c376dca69,2026-01-28T09:00:00,2026-01-28T11:49:00,sunday,return_home,regional_train,walking|regional_train|walking,221.0,169,30.0,single_ticket,False,False,routine,"Return from weekend family visit, using the same single ticket approach.",4,2026-01-22T00:00:00,2026-01-28T23:59:59,Stuttgart,family_visit,Family House,München,home,Mia's Apartment
trip_17078a4ad135_00049,17078a4a-d135-4795-b418-7e6c376dca69,2026-01-29T18:30:00,2026-01-29T18:40:00,thursday,leisure,walking,walking,0.8,10,0.0,none,False,False,spontaneous,"Evening meet‑up with friends at a restaurant, prefers walking.",5,2026-01-29T00:00:00,2026-02-04T23:59:59,München,home,München Home,München,restaurant,Zum Goldenen Hirsch
trip_17078a4ad135_00050,17078a4a-d135-4795-b418-7e6c376dca69,2026-01-29T20:30:00,2026-01-29T20:40:00,thursday,return_home,walking,walking,0.8,10,0.0,none,False,False,spontaneous,Walk back home after dinner.,5,2026-01-29T00:00:00,2026-02-04T23:59:59,München,restaurant,Zum Goldenen Hirsch,München,home,München Home
trip_17078a4ad135_00051,17078a4a-d135-4795-b418-7e6c376dca69,2026-01-30T07:15:00,2026-01-30T13:10:00,friday,commute,regional_train,walking|regional_train|bike,605.6,355,49.9,single_ticket,True,True,routine,"Regular hybrid commute to Düsseldorf office using train and bike, matching her work schedule.",5,2026-01-29T00:00:00,2026-02-04T23:59:59,München,home,München Home,Düsseldorf,work,Düsseldorf Office
trip_17078a4ad135_00052,17078a4a-d135-4795-b418-7e6c376dca69,2026-01-30T17:30:00,2026-01-30T23:25:00,friday,return_home,regional_train,bike|regional_train|walking,605.6,355,49.9,single_ticket,True,True,routine,"Evening return from Düsseldorf office to Munich home, using bike and train.",5,2026-01-29T00:00:00,2026-02-04T23:59:59,Düsseldorf,work,Düsseldorf Office,München,home,München Home
trip_17078a4ad135_00053,17078a4a-d135-4795-b418-7e6c376dca69,2026-01-31T09:00:00,2026-01-31T11:45:00,saturday,family,regional_train,walking|regional_train|bike,224.6,165,39.9,single_ticket,False,False,planned,"Weekend visit to family in Stuttgart, using train and bike for the last kilometre.",5,2026-01-29T00:00:00,2026-02-04T23:59:59,München,home,München Home,Stuttgart,family_visit,Stuttgart Family House
trip_17078a4ad135_00054,17078a4a-d135-4795-b418-7e6c376dca69,2026-02-01T15:00:00,2026-02-01T17:45:00,sunday,return_home,regional_train,bike|regional_train|walking,224.6,165,39.9,single_ticket,False,False,routine,"Return home from family visit in Stuttgart using bike, train and a short walk.",5,2026-01-29T00:00:00,2026-02-04T23:59:59,Stuttgart,family_visit,Stuttgart Family House,München,home,München Home
trip_17078a4ad135_00055,17078a4a-d135-4795-b418-7e6c376dca69,2026-02-02T07:10:00,2026-02-02T13:05:00,monday,commute,regional_train,walking|regional_train|bike,605.6,355,49.9,single_ticket,True,True,routine,Monday morning commute to Düsseldorf office using the same train‑bike routine.,5,2026-01-29T00:00:00,2026-02-04T23:59:59,München,home,München Home,Düsseldorf,work,Düsseldorf Office
trip_17078a4ad135_00056,17078a4a-d135-4795-b418-7e6c376dca69,2026-02-02T17:45:00,2026-02-02T23:40:00,monday,return_home,regional_train,bike|regional_train|walking,605.6,355,49.9,single_ticket,True,True,routine,Evening return from Düsseldorf office to Munich home.,5,2026-01-29T00:00:00,2026-02-04T23:59:59,Düsseldorf,work,Düsseldorf Office,München,home,München Home
trip_17078a4ad135_00057,17078a4a-d135-4795-b418-7e6c376dca69,2026-02-03T18:00:00,2026-02-03T18:10:00,tuesday,leisure,bike,bike,3.0,10,0.0,none,False,True,planned,"Evening workout at the gym, uses her bike.",5,2026-01-29T00:00:00,2026-02-04T23:59:59,München,home,München Home,München,fitness,FitX Gym
trip_17078a4ad135_00058,17078a4a-d135-4795-b418-7e6c376dca69,2026-02-03T20:00:00,2026-02-03T20:10:00,tuesday,return_home,bike,bike,3.0,10,0.0,none,False,True,planned,Bike back home after the workout.,5,2026-01-29T00:00:00,2026-02-04T23:59:59,München,fitness,FitX Gym,München,home,München Home
trip_17078a4ad135_00059,17078a4a-d135-4795-b418-7e6c376dca69,2026-02-04T07:20:00,2026-02-04T13:15:00,wednesday,commute,regional_train,walking|regional_train|bike,605.6,355,49.9,single_ticket,True,True,routine,Wednesday morning commute using the usual train‑bike combination.,5,2026-01-29T00:00:00,2026-02-04T23:59:59,München,home,München Home,Düsseldorf,work,Düsseldorf Office
trip_17078a4ad135_00060,17078a4a-d135-4795-b418-7e6c376dca69,2026-02-04T17:40:00,2026-02-04T23:35:00,wednesday,return_home,regional_train,bike|regional_train|walking,605.6,355,49.9,single_ticket,True,True,routine,Evening return from Düsseldorf office to Munich home.,5,2026-01-29T00:00:00,2026-02-04T23:59:59,Düsseldorf,work,Düsseldorf Office,München,home,München Home
trip_17078a4ad135_00061,17078a4a-d135-4795-b418-7e6c376dca69,2026-02-05T07:30:00,2026-02-05T12:12:00,saturday,commute,regional_train,walking|regional_train|bike,603.8,282,30.0,single_ticket,True,True,planned,"Morning commute to Düsseldorf using her preferred regional train + bike, matching her hybrid work schedule and low‑subscription ticket preference.",6,2026-02-05T00:00:00,2026-02-11T23:59:59,München,home,Maxvorstadt Apartment,Düsseldorf,work,Düsseldorf Office
trip_17078a4ad135_00062,17078a4a-d135-4795-b418-7e6c376dca69,2026-02-05T19:00:00,2026-02-05T19:27:00,saturday,leisure,tram,walking|tram|walking,1.6,27,2.5,short_trip_ticket,False,False,spontaneous,"Evening dinner with friends, using short‑trip public‑transport ticket as she prefers low‑carbon options.",6,2026-02-05T00:00:00,2026-02-11T23:59:59,München,home,Maxvorstadt Apartment,München,restaurant,L'Osteria
trip_17078a4ad135_00063,17078a4a-d135-4795-b418-7e6c376dca69,2026-02-05T21:30:00,2026-02-05T22:00:00,saturday,leisure,tram,walking|tram|walking,1.6,30,2.5,short_trip_ticket,False,False,spontaneous,"Return home after dinner, using the same short‑trip ticket for a quick tram ride.",6,2026-02-05T00:00:00,2026-02-11T23:59:59,München,restaurant,L'Osteria,München,home,Maxvorstadt Apartment
trip_17078a4ad135_00064,17078a4a-d135-4795-b418-7e6c376dca69,2026-02-07T07:30:00,2026-02-07T12:12:00,monday,commute,regional_train,walking|regional_train|bike,603.8,282,30.0,single_ticket,True,True,planned,"Wednesday morning commute, same pattern as other workdays.",6,2026-02-05T00:00:00,2026-02-11T23:59:59,München,home,Maxvorstadt Apartment,Düsseldorf,work,Düsseldorf Office
trip_17078a4ad135_00065,17078a4a-d135-4795-b418-7e6c376dca69,2026-02-07T18:30:00,2026-02-07T18:38:00,monday,leisure,bike,bike,2.0,8,0.0,none,False,False,spontaneous,"After work gym session, using her own bike for a quick ride.",6,2026-02-05T00:00:00,2026-02-11T23:59:59,München,home,Maxvorstadt Apartment,München,fitness,FitX Gym
trip_17078a4ad135_00066,17078a4a-d135-4795-b418-7e6c376dca69,2026-02-07T20:00:00,2026-02-07T20:08:00,monday,leisure,bike,bike,2.0,8,0.0,none,False,False,spontaneous,"Return home after gym, bike ride.",6,2026-02-05T00:00:00,2026-02-11T23:59:59,München,fitness,FitX Gym,München,home,Maxvorstadt Apartment
trip_17078a4ad135_00067,17078a4a-d135-4795-b418-7e6c376dca69,2026-02-09T07:30:00,2026-02-09T12:12:00,wednesday,commute,regional_train,walking|regional_train|bike,603.8,282,30.0,single_ticket,True,True,planned,"Friday morning commute to Düsseldorf, following her regular hybrid schedule.",6,2026-02-05T00:00:00,2026-02-11T23:59:59,München,home,Maxvorstadt Apartment,Düsseldorf,work,Düsseldorf Office
trip_17078a4ad135_00068,17078a4a-d135-4795-b418-7e6c376dca69,2026-02-09T19:00:00,2026-02-09T19:27:00,wednesday,leisure,tram,walking|tram|walking,1.6,27,2.5,short_trip_ticket,False,False,spontaneous,"Friday evening dinner with friends, using short‑trip ticket.",6,2026-02-05T00:00:00,2026-02-11T23:59:59,München,home,Maxvorstadt Apartment,München,restaurant,L'Osteria
trip_17078a4ad135_00069,17078a4a-d135-4795-b418-7e6c376dca69,2026-02-09T21:30:00,2026-02-09T22:00:00,wednesday,leisure,tram,walking|tram|walking,1.6,30,2.5,short_trip_ticket,False,False,spontaneous,"Return home after dinner, short‑trip ticket used again.",6,2026-02-05T00:00:00,2026-02-11T23:59:59,München,restaurant,L'Osteria,München,home,Maxvorstadt Apartment
trip_17078a4ad135_00070,17078a4a-d135-4795-b418-7e6c376dca69,2026-02-10T09:00:00,2026-02-10T10:02:00,thursday,family,regional_train,walking|regional_train|bike,86.8,62,15.0,single_ticket,False,False,planned,"Saturday family visit to Augsburg, using a single ticket for the regional train and bike for the last kilometre.",6,2026-02-05T00:00:00,2026-02-11T23:59:59,München,home,Maxvorstadt Apartment,Augsburg,family_visit,Augsburg Family Home
trip_17078a4ad135_00071,17078a4a-d135-4795-b418-7e6c376dca69,2026-02-10T14:00:00,2026-02-10T14:30:00,thursday,leisure,tram,walking|tram|walking,1.8,30,2.5,short_trip_ticket,False,False,spontaneous,"Afternoon park visit, using short‑trip ticket for tram.",6,2026-02-05T00:00:00,2026-02-11T23:59:59,München,home,Maxvorstadt Apartment,München,park,Englischer Garten
trip_17078a4ad135_00072,17078a4a-d135-4795-b418-7e6c376dca69,2026-02-11T16:00:00,2026-02-11T17:02:00,friday,family,regional_train,bike|regional_train|walking,86.8,62,15.0,single_ticket,False,False,planned,"Return home from family visit in Augsburg, using single ticket and bike for the first/last kilometre.",6,2026-02-05T00:00:00,2026-02-11T23:59:59,Augsburg,family_visit,Augsburg Family Home,München,home,Maxvorstadt Apartment
trip_17078a4ad135_00073,17078a4a-d135-4795-b418-7e6c376dca69,2026-02-12T07:15:00,2026-02-12T12:12:00,monday,commute,regional_train,walking|regional_train|bike,601.3,297,55.0,day_ticket,True,True,routine,"Fits Mia's hybrid schedule: she takes a regional train to Düsseldorf three days a week and finishes the last kilometre by bike, using a day ticket purchased via mobile app.",7,2026-02-12T00:00:00,2026-02-18T23:59:59,München,home,Mia's apartment,Düsseldorf,work,DevOps office
trip_17078a4ad135_00074,17078a4a-d135-4795-b418-7e6c376dca69,2026-02-12T17:30:00,2026-02-12T22:30:00,monday,commute,regional_train,bike|regional_train|walking,601.3,300,55.0,day_ticket,True,True,routine,"Return leg of the same hybrid commute, using the same day ticket and bike for the last kilometre.",7,2026-02-12T00:00:00,2026-02-18T23:59:59,Düsseldorf,work,DevOps office,München,home,Mia's apartment
trip_17078a4ad135_00075,17078a4a-d135-4795-b418-7e6c376dca69,2026-02-13T19:00:00,2026-02-13T19:10:00,tuesday,leisure,walking,walking,0.8,10,0.0,none,False,False,spontaneous,"Evening meet‑up with friends at a nearby restaurant, matching her frequent social activity.",7,2026-02-12T00:00:00,2026-02-18T23:59:59,München,home,Mia's apartment,München,restaurant,Italian restaurant
trip_17078a4ad135_00076,17078a4a-d135-4795-b418-7e6c376dca69,2026-02-14T07:15:00,2026-02-14T12:12:00,wednesday,commute,regional_train,walking|regional_train|bike,601.3,297,55.0,day_ticket,True,True,routine,"Second scheduled commute day, following the same train‑bike pattern.",7,2026-02-12T00:00:00,2026-02-18T23:59:59,München,home,Mia's apartment,Düsseldorf,work,DevOps office
trip_17078a4ad135_00077,17078a4a-d135-4795-b418-7e6c376dca69,2026-02-14T17:45:00,2026-02-14T22:43:00,wednesday,commute,regional_train,bike|regional_train|walking,601.3,298,55.0,day_ticket,True,True,routine,"Return leg of Wednesday's commute, using the same day ticket.",7,2026-02-12T00:00:00,2026-02-18T23:59:59,Düsseldorf,work,DevOps office,München,home,Mia's apartment
trip_17078a4ad135_00078,17078a4a-d135-4795-b418-7e6c376dca69,2026-02-15T18:30:00,2026-02-15T18:45:00,thursday,leisure,bike,bike,2.0,15,0.0,none,False,False,spontaneous,"Evening sport activity, using her bike as preferred low‑carbon mode.",7,2026-02-12T00:00:00,2026-02-18T23:59:59,München,home,Mia's apartment,München,fitness,Local gym
trip_17078a4ad135_00079,17078a4a-d135-4795-b418-7e6c376dca69,2026-02-16T07:05:00,2026-02-16T12:02:00,friday,commute,regional_train,walking|regional_train|bike,601.3,297,55.0,day_ticket,True,True,routine,"Third weekly commute to Düsseldorf, following the same train‑bike routine.",7,2026-02-12T00:00:00,2026-02-18T23:59:59,München,home,Mia's apartment,Düsseldorf,work,DevOps office
trip_17078a4ad135_00080,17078a4a-d135-4795-b418-7e6c376dca69,2026-02-16T17:45:00,2026-02-16T22:43:00,friday,commute,regional_train,bike|regional_train|walking,601.3,298,55.0,day_ticket,True,True,routine,"Return leg of Friday's commute, using the same day ticket.",7,2026-02-12T00:00:00,2026-02-18T23:59:59,Düsseldorf,work,DevOps office,München,home,Mia's apartment
trip_17078a4ad135_00081,17078a4a-d135-4795-b418-7e6c376dca69,2026-02-17T09:00:00,2026-02-17T11:32:00,saturday,family,regional_train,walking|regional_train|bike,172.5,152,30.0,single_ticket,False,False,planned,"Weekend family visit, using a single long‑distance ticket and bike for the last kilometre.",7,2026-02-12T00:00:00,2026-02-18T23:59:59,München,home,Mia's apartment,Nürnberg,family_visit,Parents' house
trip_17078a4ad135_00082,17078a4a-d135-4795-b418-7e6c376dca69,2026-02-17T14:30:00,2026-02-17T17:00:00,saturday,family,regional_train,bike|regional_train|walking,172.5,150,30.0,single_ticket,False,False,spontaneous,"Return from family visit, again using a single ticket and bike for the first kilometre.",7,2026-02-12T00:00:00,2026-02-18T23:59:59,Nürnberg,family_visit,Parents' house,München,home,Mia's apartment
trip_17078a4ad135_00083,17078a4a-d135-4795-b418-7e6c376dca69,2026-02-18T10:00:00,2026-02-18T10:10:00,sunday,leisure,walking,walking,0.6,10,0.0,none,False,False,spontaneous,"Sunday brunch with friends, short walk to a nearby cafe.",7,2026-02-12T00:00:00,2026-02-18T23:59:59,München,home,Mia's apartment,München,cafe,Brunch cafe
trip_17078a4ad135_00084,17078a4a-d135-4795-b418-7e6c376dca69,2026-02-18T15:00:00,2026-02-18T16:35:00,sunday,family,regional_train,walking|regional_train|walking,85.1,95,10.0,short_trip_ticket,False,False,planned,"Afternoon visit to a friend in Augsburg, using a short‑trip ticket and short walks at each end.",7,2026-02-12T00:00:00,2026-02-18T23:59:59,München,home,Mia's apartment,Augsburg,family_visit,Friend's flat
trip_17078a4ad135_00085,17078a4a-d135-4795-b418-7e6c376dca69,2026-02-19T18:30:00,2026-02-19T18:53:00,thursday,leisure,public_transport,walking|tram|walking,5.7,23,2.9,short_trip_ticket,False,False,spontaneous,"Evening dinner with friends, uses tram and short‑trip ticket matching high public‑transport affinity.",8,2026-02-19T00:00:00,2026-02-25T23:59:59,München,home,Hauptstraße 10,München,restaurant,Zum Goldenen Hirsch
trip_17078a4ad135_00086,17078a4a-d135-4795-b418-7e6c376dca69,2026-02-19T20:30:00,2026-02-19T20:53:00,thursday,return_home,public_transport,walking|tram|walking,5.7,23,2.9,short_trip_ticket,False,False,spontaneous,"Return from dinner, uses same tram route and short‑trip ticket.",8,2026-02-19T00:00:00,2026-02-25T23:59:59,München,restaurant,Zum Goldenen Hirsch,München,home,Hauptstraße 10
trip_17078a4ad135_00087,17078a4a-d135-4795-b418-7e6c376dca69,2026-02-20T07:00:00,2026-02-20T11:45:00,friday,commute,regional_train,bike|regional_train|bike,605.0,285,49.0,single_ticket,True,True,routine,"Regular Monday‑like commute to Düsseldorf office, uses regional train and bike for last kilometre, matching low‑subscription preference.",8,2026-02-19T00:00:00,2026-02-25T23:59:59,München,home,Hauptstraße 10,Düsseldorf,work,Tech Hub Düsseldorf
trip_17078a4ad135_00088,17078a4a-d135-4795-b418-7e6c376dca69,2026-02-20T18:00:00,2026-02-20T22:45:00,friday,return_home,regional_train,bike|regional_train|bike,605.0,285,49.0,single_ticket,True,True,routine,"Evening return from Düsseldorf office, same modal mix as outbound.",8,2026-02-19T00:00:00,2026-02-25T23:59:59,Düsseldorf,work,Tech Hub Düsseldorf,München,home,Hauptstraße 10
trip_17078a4ad135_00089,17078a4a-d135-4795-b418-7e6c376dca69,2026-02-20T19:30:00,2026-02-20T19:45:00,friday,leisure,bus,walking|bus|walking,3.4,15,2.9,short_trip_ticket,False,False,planned,"Evening workout after work, uses bus with short‑trip ticket, aligns with high activity frequency.",8,2026-02-19T00:00:00,2026-02-25T23:59:59,München,home,Hauptstraße 10,München,fitness,FitX Gym
trip_17078a4ad135_00090,17078a4a-d135-4795-b418-7e6c376dca69,2026-02-20T21:30:00,2026-02-20T21:45:00,friday,return_home,bus,walking|bus|walking,3.4,15,2.9,short_trip_ticket,False,False,spontaneous,"Return from gym, same transport mode as outbound.",8,2026-02-19T00:00:00,2026-02-25T23:59:59,München,fitness,FitX Gym,München,home,Hauptstraße 10
trip_17078a4ad135_00091,17078a4a-d135-4795-b418-7e6c376dca69,2026-02-21T09:00:00,2026-02-21T09:56:00,saturday,leisure,regional_train,walking|regional_train|bike,72.4,56,9.0,day_ticket,False,False,planned,"Day‑trip to Augsburg for sightseeing, uses regional train with day ticket and bike for last kilometre.",8,2026-02-19T00:00:00,2026-02-25T23:59:59,München,home,Hauptstraße 10,Augsburg,other,Augsburg City Center
trip_17078a4ad135_00092,17078a4a-d135-4795-b418-7e6c376dca69,2026-02-21T18:30:00,2026-02-21T19:26:00,saturday,return_home,regional_train,bike|regional_train|walking,72.4,56,9.0,day_ticket,False,False,spontaneous,"Return from Augsburg day‑trip, same modal mix as outbound.",8,2026-02-19T00:00:00,2026-02-25T23:59:59,Augsburg,other,Augsburg City Center,München,home,Hauptstraße 10
trip_17078a4ad135_00093,17078a4a-d135-4795-b418-7e6c376dca69,2026-02-21T20:00:00,2026-02-21T20:05:00,saturday,leisure,walking,walking,0.4,5,0.0,none,False,False,spontaneous,Short walk to a nearby brewery for a casual evening with friends.,8,2026-02-19T00:00:00,2026-02-25T23:59:59,München,home,Hauptstraße 10,München,restaurant,Brauhaus München
trip_17078a4ad135_00094,17078a4a-d135-4795-b418-7e6c376dca69,2026-02-21T22:00:00,2026-02-21T22:05:00,saturday,return_home,walking,walking,0.4,5,0.0,none,False,False,spontaneous,Walk back home after the brewery visit.,8,2026-02-19T00:00:00,2026-02-25T23:59:59,München,restaurant,Brauhaus München,München,home,Hauptstraße 10
trip_17078a4ad135_00095,17078a4a-d135-4795-b418-7e6c376dca69,2026-02-22T11:00:00,2026-02-22T11:15:00,sunday,leisure,bike,bike,5.0,15,0.0,none,False,False,planned,"Morning bike ride to the park, reflecting high leisure and bike ownership.",8,2026-02-19T00:00:00,2026-02-25T23:59:59,München,home,Hauptstraße 10,München,park,Englischer Garten
trip_17078a4ad135_00096,17078a4a-d135-4795-b418-7e6c376dca69,2026-02-22T13:00:00,2026-02-22T13:15:00,sunday,return_home,bike,bike,5.0,15,0.0,none,False,False,spontaneous,Bike back home after park visit.,8,2026-02-19T00:00:00,2026-02-25T23:59:59,München,park,Englischer Garten,München,home,Hauptstraße 10
trip_17078a4ad135_00097,17078a4a-d135-4795-b418-7e6c376dca69,2026-02-26T07:30:00,2026-02-26T09:25:00,thursday,commute,regional_train,walking|regional_train|bike,615.4,115,79.0,single_ticket,True,True,routine,"Regular hybrid commute using preferred public transport and bike, matching her low‑cost, low‑emission priorities.",9,2026-02-26T00:00:00,2026-03-04T23:59:59,München,home,Marienplatz,Düsseldorf,work,TechPark
trip_17078a4ad135_00098,17078a4a-d135-4795-b418-7e6c376dca69,2026-02-26T17:30:00,2026-02-26T19:25:00,thursday,commute,regional_train,bike|regional_train|walking,615.4,115,79.0,single_ticket,True,True,routine,"Standard return leg of her hybrid commute, using bike and train to keep emissions low.",9,2026-02-26T00:00:00,2026-03-04T23:59:59,Düsseldorf,work,TechPark,München,home,Marienplatz
trip_17078a4ad135_00099,17078a4a-d135-4795-b418-7e6c376dca69,2026-02-27T18:30:00,2026-02-27T18:50:00,friday,leisure,tram,walking|tram|walking,2.5,20,2.8,short_trip_ticket,False,True,planned,"Evening dinner with friends, using short‑trip public transport as she prefers low‑cost, low‑emission options.",9,2026-02-26T00:00:00,2026-03-04T23:59:59,München,home,Marienplatz,München,restaurant,Bavarian Bistro
trip_17078a4ad135_00100,17078a4a-d135-4795-b418-7e6c376dca69,2026-02-27T20:30:00,2026-02-27T20:50:00,friday,leisure,tram,walking|tram|walking,2.5,20,2.8,short_trip_ticket,False,True,spontaneous,"Return home after dinner, using the same short‑trip ticket for a quick, cheap ride.",9,2026-02-26T00:00:00,2026-03-04T23:59:59,München,restaurant,Bavarian Bistro,München,home,Marienplatz
trip_17078a4ad135_00101,17078a4a-d135-4795-b418-7e6c376dca69,2026-02-28T08:00:00,2026-02-28T10:25:00,saturday,family,regional_train,walking|regional_train|bike,225.4,145,39.0,single_ticket,False,False,planned,"Weekend family visit, using a single long‑distance ticket and bike for the last kilometre, aligning with her low‑carbon preferences.",9,2026-02-26T00:00:00,2026-03-04T23:59:59,München,home,Marienplatz,Stuttgart,family_visit,Elternhaus
trip_17078a4ad135_00102,17078a4a-d135-4795-b418-7e6c376dca69,2026-03-01T16:00:00,2026-03-01T18:25:00,sunday,family,regional_train,bike|regional_train|walking,225.4,145,39.0,single_ticket,False,False,planned,"Return from family weekend, using the same single ticket and bike for the first kilometre, keeping travel carbon‑light.",9,2026-02-26T00:00:00,2026-03-04T23:59:59,Stuttgart,family_visit,Elternhaus,München,home,Marienplatz
trip_17078a4ad135_00103,17078a4a-d135-4795-b418-7e6c376dca69,2026-03-02T07:45:00,2026-03-02T09:40:00,monday,commute,regional_train,walking|regional_train|bike,615.4,115,79.0,single_ticket,True,True,routine,"Another regular hybrid commute day, using her preferred train‑bike combination.",9,2026-02-26T00:00:00,2026-03-04T23:59:59,München,home,Marienplatz,Düsseldorf,work,TechPark
trip_17078a4ad135_00104,17078a4a-d135-4795-b418-7e6c376dca69,2026-03-02T17:20:00,2026-03-02T19:15:00,monday,commute,regional_train,bike|regional_train|walking,615.4,115,79.0,single_ticket,True,True,routine,"Return leg of the Monday hybrid commute, keeping travel carbon‑light.",9,2026-02-26T00:00:00,2026-03-04T23:59:59,Düsseldorf,work,TechPark,München,home,Marienplatz
trip_17078a4ad135_00105,17078a4a-d135-4795-b418-7e6c376dca69,2026-03-03T08:00:00,2026-03-03T08:30:00,tuesday,work_related,car_sharing,walking|car_sharing|walking,10.5,30,12.0,none,False,False,spontaneous,Tight meeting required fast door‑to‑door travel; she booked a car‑sharing vehicle for speed while still avoiding personal car ownership.,9,2026-02-26T00:00:00,2026-03-04T23:59:59,München,home,Marienplatz,München,other,Client Office
trip_17078a4ad135_00106,17078a4a-d135-4795-b418-7e6c376dca69,2026-03-03T17:30:00,2026-03-03T18:00:00,tuesday,work_related,car_sharing,walking|car_sharing|walking,10.5,30,12.0,none,False,False,spontaneous,"After the meeting she returns home using the same car‑sharing vehicle, keeping travel fast and flexible.",9,2026-02-26T00:00:00,2026-03-04T23:59:59,München,other,Client Office,München,home,Marienplatz
trip_17078a4ad135_00107,17078a4a-d135-4795-b418-7e6c376dca69,2026-03-04T07:40:00,2026-03-04T09:35:00,wednesday,commute,regional_train,walking|regional_train|bike,615.4,115,79.0,single_ticket,True,True,routine,"Third weekly commute day, using her preferred train‑bike chain.",9,2026-02-26T00:00:00,2026-03-04T23:59:59,München,home,Marienplatz,Düsseldorf,work,TechPark
trip_17078a4ad135_00108,17078a4a-d135-4795-b418-7e6c376dca69,2026-03-04T17:25:00,2026-03-04T19:20:00,wednesday,commute,regional_train,bike|regional_train|walking,615.4,115,79.0,single_ticket,True,True,routine,"Return leg of the Wednesday commute, keeping travel efficient and low‑carbon.",9,2026-02-26T00:00:00,2026-03-04T23:59:59,Düsseldorf,work,TechPark,München,home,Marienplatz
trip_17078a4ad135_00109,17078a4a-d135-4795-b418-7e6c376dca69,2026-03-05T07:30:00,2026-03-05T13:10:00,monday,commute,regional_train,walking|regional_train|bike,605.5,340,120.0,single_ticket,True,True,routine,"Daily hybrid commute to Düsseldorf office using public transport and bike, aligning with low‑subscription preference and carbon‑friendly priorities.",10,2026-03-05T00:00:00,2026-03-11T23:59:59,München,home,Mia's Apartment,Düsseldorf,work,Düsseldorf Office
trip_17078a4ad135_00110,17078a4a-d135-4795-b418-7e6c376dca69,2026-03-05T17:30:00,2026-03-05T23:05:00,monday,commute,regional_train,bike|regional_train|walking,605.5,335,120.0,single_ticket,True,True,routine,"Return leg of the hybrid Düsseldorf commute, using bike and regional train as preferred low‑emission modes.",10,2026-03-05T00:00:00,2026-03-11T23:59:59,Düsseldorf,work,Düsseldorf Office,München,home,Mia's Apartment
trip_17078a4ad135_00111,17078a4a-d135-4795-b418-7e6c376dca69,2026-03-06T08:00:00,2026-03-06T08:12:00,tuesday,leisure,bike,bike,3.0,12,0.0,none,False,False,planned,Morning bike ride to the gym supports her high leisure intensity and bike ownership.,10,2026-03-05T00:00:00,2026-03-11T23:59:59,München,home,Mia's Apartment,München,fitness,FitX Gym
trip_17078a4ad135_00112,17078a4a-d135-4795-b418-7e6c376dca69,2026-03-07T07:45:00,2026-03-07T13:30:00,wednesday,commute,regional_train,walking|regional_train|bike,605.5,345,120.0,single_ticket,True,True,routine,"Mid‑week hybrid commute to Düsseldorf, matching her three‑days‑per‑week schedule.",10,2026-03-05T00:00:00,2026-03-11T23:59:59,München,home,Mia's Apartment,Düsseldorf,work,Düsseldorf Office
trip_17078a4ad135_00113,17078a4a-d135-4795-b418-7e6c376dca69,2026-03-07T17:30:00,2026-03-07T23:15:00,wednesday,commute,regional_train,bike|regional_train|walking,605.5,345,120.0,single_ticket,True,True,routine,"Return leg of the Wednesday Düsseldorf commute, keeping carbon footprint low.",10,2026-03-05T00:00:00,2026-03-11T23:59:59,Düsseldorf,work,Düsseldorf Office,München,home,Mia's Apartment
trip_17078a4ad135_00114,17078a4a-d135-4795-b418-7e6c376dca69,2026-03-08T18:30:00,2026-03-08T18:53:00,thursday,leisure,tram,bike|tram|walking,5.5,23,3.0,short_trip_ticket,False,False,spontaneous,"Evening dinner with friends, using bike and tram for a quick, low‑cost trip.",10,2026-03-05T00:00:00,2026-03-11T23:59:59,München,home,Mia's Apartment,München,restaurant,Bavarian Restaurant
trip_17078a4ad135_00115,17078a4a-d135-4795-b418-7e6c376dca69,2026-03-09T07:40:00,2026-03-09T13:30:00,friday,commute,regional_train,walking|regional_train|bike,605.5,350,120.0,single_ticket,True,True,routine,"Friday hybrid commute to Düsseldorf, following her three‑day schedule.",10,2026-03-05T00:00:00,2026-03-11T23:59:59,München,home,Mia's Apartment,Düsseldorf,work,Düsseldorf Office
trip_17078a4ad135_00116,17078a4a-d135-4795-b418-7e6c376dca69,2026-03-09T17:30:00,2026-03-09T23:15:00,friday,commute,regional_train,bike|regional_train|walking,605.5,345,120.0,single_ticket,True,True,routine,"Return leg of the Friday Düsseldorf commute, maintaining low‑emission travel.",10,2026-03-05T00:00:00,2026-03-11T23:59:59,Düsseldorf,work,Düsseldorf Office,München,home,Mia's Apartment
trip_17078a4ad135_00117,17078a4a-d135-4795-b418-7e6c376dca69,2026-03-10T08:00:00,2026-03-10T10:05:00,saturday,family,regional_train,walking|regional_train|bike,175.5,125,30.0,single_ticket,False,False,planned,"Weekend family visit to Nuremberg, using train and bike for an eco‑friendly trip.",10,2026-03-05T00:00:00,2026-03-11T23:59:59,München,home,Mia's Apartment,Nuremberg,family_visit,Family House Nuremberg
trip_17078a4ad135_00118,17078a4a-d135-4795-b418-7e6c376dca69,2026-03-10T17:00:00,2026-03-10T19:05:00,saturday,family,regional_train,bike|regional_train|walking,175.5,125,30.0,single_ticket,False,False,planned,"Return from weekend family visit, keeping travel consistent with low‑carbon preferences.",10,2026-03-05T00:00:00,2026-03-11T23:59:59,Nuremberg,family_visit,Family House Nuremberg,München,home,Mia's Apartment
trip_17078a4ad135_00119,17078a4a-d135-4795-b418-7e6c376dca69,2026-03-11T10:00:00,2026-03-11T10:20:00,sunday,work_related,car_sharing,walking|car_sharing,8.3,20,8.0,none,False,False,spontaneous,"Quick car‑sharing reservation for a tight meeting, reflecting her occasional on‑demand car use.",10,2026-03-05T00:00:00,2026-03-11T23:59:59,München,home,Mia's Apartment,München,other,Co-Working Space
trip_17078a4ad135_00120,17078a4a-d135-4795-b418-7e6c376dca69,2026-03-11T15:00:00,2026-03-11T15:12:00,sunday,leisure,bike,bike,4.0,12,0.0,none,False,False,spontaneous,"Afternoon bike ride to the Englischer Garten, fitting her active weekend lifestyle.",10,2026-03-05T00:00:00,2026-03-11T23:59:59,München,home,Mia's Apartment,München,park,Englischer Garten
trip_17078a4ad135_00121,17078a4a-d135-4795-b418-7e6c376dca69,2026-03-12T09:00:00,2026-03-12T11:30:00,saturday,leisure,regional_train,walking|regional_train|walking,391.0,150,49.0,single_ticket,False,False,planned,Weekend family visit; uses long‑distance train as preferred low‑carbon option.,11,2026-03-12T00:00:00,2026-03-18T23:59:59,München,home,Mia's apartment,Frankfurt,family_visit,Friend's flat
trip_17078a4ad135_00122,17078a4a-d135-4795-b418-7e6c376dca69,2026-03-12T14:00:00,2026-03-12T14:35:00,saturday,leisure,tram,walking|tram|walking,5.1,35,2.5,short_trip_ticket,False,False,planned,"Afternoon shopping; uses tram with short‑trip ticket for cheap, low‑emission travel.",11,2026-03-12T00:00:00,2026-03-18T23:59:59,München,home,Mia's apartment,München,shopping,City shopping centre
trip_17078a4ad135_00123,17078a4a-d135-4795-b418-7e6c376dca69,2026-03-13T18:00:00,2026-03-13T20:30:00,sunday,leisure,regional_train,walking|regional_train|walking,391.0,150,49.0,single_ticket,False,False,spontaneous,Return from weekend family visit; chooses same low‑carbon train option.,11,2026-03-12T00:00:00,2026-03-18T23:59:59,Frankfurt,family_visit,Friend's flat,München,home,Mia's apartment
trip_17078a4ad135_00124,17078a4a-d135-4795-b418-7e6c376dca69,2026-03-14T07:30:00,2026-03-14T09:45:00,monday,commute,regional_train,walking|regional_train|bike,602.1,135,79.0,single_ticket,True,True,routine,One of three weekly commutes; uses train + bike to keep carbon footprint low.,11,2026-03-12T00:00:00,2026-03-18T23:59:59,München,home,Mia's apartment,Düsseldorf,work,Company office
trip_17078a4ad135_00125,17078a4a-d135-4795-b418-7e6c376dca69,2026-03-14T18:00:00,2026-03-14T20:10:00,monday,return_home,regional_train,bike|regional_train|walking,602.1,130,79.0,single_ticket,True,True,routine,Return leg of the regular Monday commute.,11,2026-03-12T00:00:00,2026-03-18T23:59:59,Düsseldorf,work,Company office,München,home,Mia's apartment
trip_17078a4ad135_00126,17078a4a-d135-4795-b418-7e6c376dca69,2026-03-15T18:30:00,2026-03-15T19:10:00,tuesday,leisure,tram,walking|tram|walking,4.1,40,2.5,short_trip_ticket,False,False,spontaneous,"Evening dinner with friends; uses tram and short‑trip ticket as cheap, low‑carbon option.",11,2026-03-12T00:00:00,2026-03-18T23:59:59,München,home,Mia's apartment,München,restaurant,Italian restaurant
trip_17078a4ad135_00127,17078a4a-d135-4795-b418-7e6c376dca69,2026-03-16T07:30:00,2026-03-16T09:45:00,wednesday,commute,regional_train,walking|regional_train|bike,602.1,135,79.0,single_ticket,True,True,routine,Second weekly commute day; same train‑bike combo.,11,2026-03-12T00:00:00,2026-03-18T23:59:59,München,home,Mia's apartment,Düsseldorf,work,Company office
trip_17078a4ad135_00128,17078a4a-d135-4795-b418-7e6c376dca69,2026-03-16T18:00:00,2026-03-16T20:10:00,wednesday,return_home,regional_train,bike|regional_train|walking,602.1,130,79.0,single_ticket,True,True,routine,Return leg of Wednesday commute.,11,2026-03-12T00:00:00,2026-03-18T23:59:59,Düsseldorf,work,Company office,München,home,Mia's apartment
trip_17078a4ad135_00129,17078a4a-d135-4795-b418-7e6c376dca69,2026-03-17T18:00:00,2026-03-17T18:35:00,thursday,leisure,bike,walking|bike|walking,5.8,35,0.0,none,False,False,spontaneous,Evening sports session; prefers bike for short distance and low emissions.,11,2026-03-12T00:00:00,2026-03-18T23:59:59,München,home,Mia's apartment,München,fitness,Local fitness studio
trip_17078a4ad135_00130,17078a4a-d135-4795-b418-7e6c376dca69,2026-03-18T07:30:00,2026-03-18T09:45:00,friday,commute,regional_train,walking|regional_train|bike,602.1,135,79.0,single_ticket,True,True,routine,Third weekly commute day; same sustainable train‑bike pattern.,11,2026-03-12T00:00:00,2026-03-18T23:59:59,München,home,Mia's apartment,Düsseldorf,work,Company office
trip_17078a4ad135_00131,17078a4a-d135-4795-b418-7e6c376dca69,2026-03-18T19:00:00,2026-03-18T19:30:00,friday,leisure,shared_bike,walking|shared_bike|walking,2.9,30,0.0,none,False,False,spontaneous,"After‑work dinner with colleagues; uses shared bike for quick, car‑free travel.",11,2026-03-12T00:00:00,2026-03-18T23:59:59,Düsseldorf,work,Company office,Düsseldorf,restaurant,Asian restaurant
trip_17078a4ad135_00132,17078a4a-d135-4795-b418-7e6c376dca69,2026-03-18T21:00:00,2026-03-18T21:15:00,friday,return_home,walking,walking,1.2,15,0.0,none,False,False,spontaneous,Walk home after late dinner; no ticket needed.,11,2026-03-12T00:00:00,2026-03-18T23:59:59,Düsseldorf,restaurant,Asian restaurant,Düsseldorf,home,Mia's apartment
trip_17078a4ad135_00133,17078a4a-d135-4795-b418-7e6c376dca69,2026-03-19T10:00:00,2026-03-19T11:17:00,saturday,family,regional_train,walking|regional_train|bike,89.5,77,120.0,single_ticket,False,False,planned,Weekend family visit using preferred low‑carbon modes; single ticket for long‑distance train aligns with price‑sensitive behavior.,12,2026-03-19T00:00:00,2026-03-25T23:59:59,München,home,Mia's apartment,Augsburg,family_visit,Family house
trip_17078a4ad135_00134,17078a4a-d135-4795-b418-7e6c376dca69,2026-03-19T18:00:00,2026-03-19T19:17:00,saturday,family,regional_train,bike|regional_train|walking,89.5,77,120.0,single_ticket,False,False,planned,Return from family visit using same low‑carbon chain; single ticket covers train segment.,12,2026-03-19T00:00:00,2026-03-25T23:59:59,Augsburg,family_visit,Family house,München,home,Mia's apartment
trip_17078a4ad135_00135,17078a4a-d135-4795-b418-7e6c376dca69,2026-03-20T11:00:00,2026-03-20T11:10:00,sunday,leisure,walking,walking,0.8,10,0.0,none,False,False,spontaneous,"Sunday brunch close to home, fits her high leisure intensity and preference for walking.",12,2026-03-19T00:00:00,2026-03-25T23:59:59,München,home,Mia's apartment,München,restaurant,Café am Marienplatz
trip_17078a4ad135_00136,17078a4a-d135-4795-b418-7e6c376dca69,2026-03-20T15:00:00,2026-03-20T15:30:00,sunday,leisure,tram,bike|tram|walking,7.3,30,2.8,short_trip_ticket,False,False,planned,"Afternoon sport activity; combines bike and tram, using short‑trip ticket aligns with price sensitivity.",12,2026-03-19T00:00:00,2026-03-25T23:59:59,München,home,Mia's apartment,München,fitness,Indoor Climbing Gym
trip_17078a4ad135_00137,17078a4a-d135-4795-b418-7e6c376dca69,2026-03-21T07:30:00,2026-03-21T13:32:00,monday,commute,regional_train,walking|regional_train|bike,613.5,362,150.0,single_ticket,True,True,routine,"Morning long‑distance commute to office; uses preferred train + bike combo, single ticket matches low‑subscription preference.",12,2026-03-19T00:00:00,2026-03-25T23:59:59,München,home,Mia's apartment,Düsseldorf,work,Düsseldorf office
trip_17078a4ad135_00138,17078a4a-d135-4795-b418-7e6c376dca69,2026-03-21T17:00:00,2026-03-21T22:59:00,monday,return_home,regional_train,bike|regional_train|walking,613.5,359,150.0,single_ticket,True,True,routine,"Evening return from work; same low‑carbon train‑bike chain, single ticket keeps costs transparent.",12,2026-03-19T00:00:00,2026-03-25T23:59:59,Düsseldorf,work,Düsseldorf office,München,home,Mia's apartment
trip_17078a4ad135_00139,17078a4a-d135-4795-b418-7e6c376dca69,2026-03-22T19:00:00,2026-03-22T19:12:00,tuesday,leisure,walking,walking,1.0,12,0.0,none,False,False,spontaneous,Evening dinner with friends; short walk aligns with her carbon‑friendly habit.,12,2026-03-19T00:00:00,2026-03-25T23:59:59,München,home,Mia's apartment,München,restaurant,Restaurant Glockenbach
trip_17078a4ad135_00140,17078a4a-d135-4795-b418-7e6c376dca69,2026-03-23T07:45:00,2026-03-23T13:47:00,wednesday,commute,regional_train,walking|regional_train|bike,613.5,362,150.0,single_ticket,True,True,routine,Mid‑week commute; repeats preferred train‑bike pattern with single ticket.,12,2026-03-19T00:00:00,2026-03-25T23:59:59,München,home,Mia's apartment,Düsseldorf,work,Düsseldorf office
trip_17078a4ad135_00141,17078a4a-d135-4795-b418-7e6c376dca69,2026-03-23T17:30:00,2026-03-23T23:29:00,wednesday,return_home,regional_train,bike|regional_train|walking,613.5,359,150.0,single_ticket,True,True,routine,"Evening return; same efficient train‑bike combo, single ticket keeps cost predictable.",12,2026-03-19T00:00:00,2026-03-25T23:59:59,Düsseldorf,work,Düsseldorf office,München,home,Mia's apartment
trip_17078a4ad135_00142,17078a4a-d135-4795-b418-7e6c376dca69,2026-03-24T14:00:00,2026-03-24T14:30:00,thursday,leisure,tram,walking|tram|walking,4.8,30,2.8,short_trip_ticket,False,False,planned,"Afternoon cultural visit; uses tram with short‑trip ticket, fitting price‑sensitive, high‑leisure profile.",12,2026-03-19T00:00:00,2026-03-25T23:59:59,München,home,Mia's apartment,München,culture,Museum Brandhorst
trip_17078a4ad135_00143,17078a4a-d135-4795-b418-7e6c376dca69,2026-03-25T07:30:00,2026-03-25T13:32:00,friday,commute,regional_train,walking|regional_train|bike,613.5,362,150.0,single_ticket,True,True,routine,"Final workday commute; repeats preferred train‑bike chain with single ticket, matching low‑subscription stance.",12,2026-03-19T00:00:00,2026-03-25T23:59:59,München,home,Mia's apartment,Düsseldorf,work,Düsseldorf office
trip_17078a4ad135_00144,17078a4a-d135-4795-b418-7e6c376dca69,2026-03-25T17:30:00,2026-03-25T22:59:00,friday,return_home,regional_train,bike|regional_train|walking,613.5,329,150.0,single_ticket,True,True,routine,"End‑of‑week return; same efficient train‑bike route, single ticket aligns with price‑sensitive approach.",12,2026-03-19T00:00:00,2026-03-25T23:59:59,Düsseldorf,work,Düsseldorf office,München,home,Mia's apartment
trip_17078a4ad135_00145,17078a4a-d135-4795-b418-7e6c376dca69,2026-03-26T18:30:00,2026-03-26T19:15:00,thursday,leisure,tram,walking|tram|walking,5.0,45,2.5,short_trip_ticket,False,False,spontaneous,Evening dinner with friends fits Mia's high leisure intensity and preference for low‑carbon public transport; a short‑trip ticket covers the tram ride.,13,2026-03-26T00:00:00,2026-04-01T23:59:59,München,home,Home,München,restaurant,Italian Restaurant
trip_17078a4ad135_00146,17078a4a-d135-4795-b418-7e6c376dca69,2026-03-27T07:10:00,2026-03-27T12:10:00,friday,commute,regional_train,walking|regional_train|bike,605.8,300,49.0,single_ticket,True,True,routine,Morning commute to Düsseldorf follows Mia's hybrid schedule; she uses a single long‑distance ticket and bikes the last kilometre to keep carbon footprint low.,13,2026-03-26T00:00:00,2026-04-01T23:59:59,München,home,Home,Düsseldorf,work,Office
trip_17078a4ad135_00147,17078a4a-d135-4795-b418-7e6c376dca69,2026-03-27T18:05:00,2026-03-27T22:55:00,friday,return_home,regional_train,bike|regional_train|walking,605.8,290,0.0,single_ticket,True,True,routine,Evening return uses the same single ticket; biking to the station and walking home keep the trip carbon‑efficient.,13,2026-03-26T00:00:00,2026-04-01T23:59:59,Düsseldorf,work,Office,München,home,Home
trip_17078a4ad135_00148,17078a4a-d135-4795-b418-7e6c376dca69,2026-03-28T09:00:00,2026-03-28T12:55:00,saturday,family,regional_train,walking|regional_train|shared_bike,402.8,235,59.0,single_ticket,False,False,planned,"Weekend family visit uses a single long‑distance ticket and a shared bike for the last kilometre, matching Mia's low‑carbon preference.",13,2026-03-26T00:00:00,2026-04-01T23:59:59,München,home,Home,Frankfurt,family_visit,Family Home
trip_17078a4ad135_00149,17078a4a-d135-4795-b418-7e6c376dca69,2026-03-28T14:30:00,2026-03-28T18:25:00,saturday,return_home,regional_train,shared_bike|regional_train|walking,402.8,235,0.0,single_ticket,False,False,planned,Return from family visit uses the same single ticket; shared bike and walking keep the trip eco‑friendly.,13,2026-03-26T00:00:00,2026-04-01T23:59:59,Frankfurt,family_visit,Family Home,München,home,Home
trip_17078a4ad135_00150,17078a4a-d135-4795-b418-7e6c376dca69,2026-03-30T19:00:00,2026-03-30T19:30:00,monday,leisure,bike,bike,8.0,30,0.0,none,False,False,routine,Evening workout aligns with Mia's high leisure intensity; she bikes to the gym to stay active and carbon‑neutral.,13,2026-03-26T00:00:00,2026-04-01T23:59:59,München,home,Home,München,fitness,Gym
trip_416f38158abd_00001,416f3815-8abd-4044-96f3-7d50681054c0,2026-01-01T09:00:00,2026-01-01T10:00:00,saturday,leisure,car,car|car,16.0,60,0.0,none,False,True,planned,"Family outing to the nearby park by car, matching the high weekend leisure activity level.",1,2026-01-01T00:00:00,2026-01-07T23:59:59,Bamberg,home,"Home, Bamberg",Bamberg,home,"Home, Bamberg"
trip_416f38158abd_00002,416f3815-8abd-4044-96f3-7d50681054c0,2026-01-02T10:00:00,2026-01-02T11:07:00,sunday,family,regional_train,walking|regional_train|walking,101.0,67,0.0,monthly_pass,False,False,planned,"Uses the monthly pass for a cost‑effective regional train trip to visit relatives, aligning with his occasional monthly travel habit.",1,2026-01-01T00:00:00,2026-01-07T23:59:59,Bamberg,home,"Home, Bamberg",Nürnberg,family_visit,"Relative's house, Nürnberg"
trip_416f38158abd_00003,416f3815-8abd-4044-96f3-7d50681054c0,2026-01-03T07:15:00,2026-01-03T07:45:00,monday,commute,car,car,12.0,30,0.0,none,True,True,routine,"Uses the family car for a reliable, fast door‑to‑door commute to work while dropping the kids at school.",1,2026-01-01T00:00:00,2026-01-07T23:59:59,Bamberg,home,"Home, Bamberg",Bamberg,work,Gymnasium Bamberg
trip_416f38158abd_00004,416f3815-8abd-4044-96f3-7d50681054c0,2026-01-03T16:30:00,2026-01-03T17:00:00,monday,commute,car,car,12.0,30,0.0,none,True,True,routine,"Car provides a quick, hassle‑free return home after work.",1,2026-01-01T00:00:00,2026-01-07T23:59:59,Bamberg,work,Gymnasium Bamberg,Bamberg,home,"Home, Bamberg"
trip_416f38158abd_00005,416f3815-8abd-4044-96f3-7d50681054c0,2026-01-04T07:15:00,2026-01-04T07:45:00,tuesday,commute,car,car,12.0,30,0.0,none,True,True,routine,"Same routine as Monday, using the car for speed and convenience.",1,2026-01-01T00:00:00,2026-01-07T23:59:59,Bamberg,home,"Home, Bamberg",Bamberg,work,Gymnasium Bamberg
trip_416f38158abd_00006,416f3815-8abd-4044-96f3-7d50681054c0,2026-01-04T16:30:00,2026-01-04T17:20:00,tuesday,commute,car,car|bus|car,20.0,50,0.0,monthly_pass,True,False,spontaneous,"Combines a quick bus ride for a town‑centre errand with the car for the rest, using the monthly pass for cost‑effectiveness.",1,2026-01-01T00:00:00,2026-01-07T23:59:59,Bamberg,work,Gymnasium Bamberg,Bamberg,home,"Home, Bamberg"
trip_416f38158abd_00007,416f3815-8abd-4044-96f3-7d50681054c0,2026-01-05T07:15:00,2026-01-05T07:45:00,wednesday,commute,car,car,12.0,30,0.0,none,True,True,routine,"Standard weekday drive to work, ensuring punctuality for teaching duties.",1,2026-01-01T00:00:00,2026-01-07T23:59:59,Bamberg,home,"Home, Bamberg",Bamberg,work,Gymnasium Bamberg
trip_416f38158abd_00008,416f3815-8abd-4044-96f3-7d50681054c0,2026-01-05T18:30:00,2026-01-05T19:10:00,wednesday,leisure,bike,bike|bike,10.0,40,0.0,none,False,False,spontaneous,"Uses the bike for a quick, healthy trip to the local sports club, fitting his occasional evening activity habit.",1,2026-01-01T00:00:00,2026-01-07T23:59:59,Bamberg,home,"Home, Bamberg",Bamberg,home,"Home, Bamberg"
trip_416f38158abd_00009,416f3815-8abd-4044-96f3-7d50681054c0,2026-01-06T07:15:00,2026-01-06T07:45:00,thursday,commute,car,car,12.0,30,0.0,none,True,True,routine,"Regular weekday drive to work, ensuring punctual arrival.",1,2026-01-01T00:00:00,2026-01-07T23:59:59,Bamberg,home,"Home, Bamberg",Bamberg,work,Gymnasium Bamberg
trip_416f38158abd_00010,416f3815-8abd-4044-96f3-7d50681054c0,2026-01-06T16:30:00,2026-01-06T17:00:00,thursday,commute,car,car,12.0,30,0.0,none,True,True,routine,"Evening drive home, preferred for convenience and to avoid parking issues at school.",1,2026-01-01T00:00:00,2026-01-07T23:59:59,Bamberg,work,Gymnasium Bamberg,Bamberg,home,"Home, Bamberg"
trip_416f38158abd_00011,416f3815-8abd-4044-96f3-7d50681054c0,2026-01-07T07:15:00,2026-01-07T07:45:00,friday,commute,car,car,12.0,30,0.0,none,True,True,routine,"Final weekday commute, using the car for speed and to keep the family schedule on track.",1,2026-01-01T00:00:00,2026-01-07T23:59:59,Bamberg,home,"Home, Bamberg",Bamberg,work,Gymnasium Bamberg
trip_416f38158abd_00012,416f3815-8abd-4044-96f3-7d50681054c0,2026-01-07T16:30:00,2026-01-07T17:00:00,friday,commute,car,car,12.0,30,0.0,none,True,True,routine,"End‑of‑week drive home, keeping travel time short for family evening plans.",1,2026-01-01T00:00:00,2026-01-07T23:59:59,Bamberg,work,Gymnasium Bamberg,Bamberg,home,"Home, Bamberg"
trip_416f38158abd_00013,416f3815-8abd-4044-96f3-7d50681054c0,2026-01-08T07:15:00,2026-01-08T07:40:00,thursday,commute,car,car,15.0,25,3.3,none,True,True,routine,"Uses the family car for a reliable, quick door‑to‑door commute to work and drops children at school, matching his priority for short travel time and convenience.",2,2026-01-08T00:00:00,2026-01-14T23:59:59,Bamberg,home,Fischer Residence,Bamberg,work,Gymnasium Bamberg
trip_416f38158abd_00014,416f3815-8abd-4044-96f3-7d50681054c0,2026-01-08T16:30:00,2026-01-08T16:55:00,thursday,return_home,car,car,15.0,25,3.3,none,True,True,routine,"Evening drive home ensures the family arrives together, avoiding parking hassles at the school.",2,2026-01-08T00:00:00,2026-01-14T23:59:59,Bamberg,work,Gymnasium Bamberg,Bamberg,home,Fischer Residence
trip_416f38158abd_00015,416f3815-8abd-4044-96f3-7d50681054c0,2026-01-09T07:20:00,2026-01-09T07:45:00,friday,commute,car,car,15.0,25,3.3,none,True,True,routine,Morning car commute maintains punctuality for school duties and child drop‑off.,2,2026-01-08T00:00:00,2026-01-14T23:59:59,Bamberg,home,Fischer Residence,Bamberg,work,Gymnasium Bamberg
trip_416f38158abd_00016,416f3815-8abd-4044-96f3-7d50681054c0,2026-01-09T16:35:00,2026-01-09T17:00:00,friday,return_home,car,car,15.0,25,3.3,none,True,True,routine,Evening drive avoids late‑night public‑transport crowd and ensures family togetherness.,2,2026-01-08T00:00:00,2026-01-14T23:59:59,Bamberg,work,Gymnasium Bamberg,Bamberg,home,Fischer Residence
trip_416f38158abd_00017,416f3815-8abd-4044-96f3-7d50681054c0,2026-01-10T09:00:00,2026-01-10T09:25:00,saturday,leisure,car,car,12.0,25,2.8,none,False,False,spontaneous,"Weekend family outing to the park, using the car for convenience and to carry sports gear.",2,2026-01-08T00:00:00,2026-01-14T23:59:59,Bamberg,home,Fischer Residence,Bamberg,park,Stadtpark Bamberg
trip_416f38158abd_00018,416f3815-8abd-4044-96f3-7d50681054c0,2026-01-10T17:00:00,2026-01-10T17:25:00,saturday,return_home,car,car,12.0,25,2.8,none,False,False,spontaneous,"Return home after a relaxed afternoon at the park, using the car for quick travel.",2,2026-01-08T00:00:00,2026-01-14T23:59:59,Bamberg,park,Stadtpark Bamberg,Bamberg,home,Fischer Residence
trip_416f38158abd_00019,416f3815-8abd-4044-96f3-7d50681054c0,2026-01-11T08:00:00,2026-01-11T09:40:00,sunday,family,regional_train,walking|regional_train|walking,100.9,100,0.0,monthly_pass,False,False,planned,"Monthly‑pass holder uses the regional train for a cost‑effective family visit to Nürnberg, fitting his preference for reliable travel.",2,2026-01-08T00:00:00,2026-01-14T23:59:59,Bamberg,home,Fischer Residence,Nürnberg,family_visit,Fischer Relatives
trip_416f38158abd_00020,416f3815-8abd-4044-96f3-7d50681054c0,2026-01-11T18:00:00,2026-01-11T19:40:00,sunday,family,regional_train,walking|regional_train|walking,100.9,100,0.0,monthly_pass,False,False,planned,"Return trip uses the same monthly‑pass train, keeping travel cost low while reuniting with family.",2,2026-01-08T00:00:00,2026-01-14T23:59:59,Nürnberg,family_visit,Fischer Relatives,Bamberg,home,Fischer Residence
trip_416f38158abd_00021,416f3815-8abd-4044-96f3-7d50681054c0,2026-01-12T07:10:00,2026-01-12T07:35:00,monday,commute,car,car,15.0,25,3.3,none,True,True,routine,Morning car commute keeps schedule tight for school start and child drop‑off.,2,2026-01-08T00:00:00,2026-01-14T23:59:59,Bamberg,home,Fischer Residence,Bamberg,work,Gymnasium Bamberg
trip_416f38158abd_00022,416f3815-8abd-4044-96f3-7d50681054c0,2026-01-12T16:25:00,2026-01-12T16:50:00,monday,return_home,car,car,15.0,25,3.3,none,True,True,routine,Evening drive avoids parking scarcity at the school and keeps family together.,2,2026-01-08T00:00:00,2026-01-14T23:59:59,Bamberg,work,Gymnasium Bamberg,Bamberg,home,Fischer Residence
trip_416f38158abd_00023,416f3815-8abd-4044-96f3-7d50681054c0,2026-01-13T07:15:00,2026-01-13T07:40:00,tuesday,commute,car,car,15.0,25,3.3,none,True,True,routine,Consistent car commute for reliable arrival at school and child drop‑off.,2,2026-01-08T00:00:00,2026-01-14T23:59:59,Bamberg,home,Fischer Residence,Bamberg,work,Gymnasium Bamberg
trip_416f38158abd_00024,416f3815-8abd-4044-96f3-7d50681054c0,2026-01-13T16:30:00,2026-01-13T16:55:00,tuesday,return_home,car,car,15.0,25,3.3,none,True,True,routine,Evening car ride keeps travel time short and avoids public‑transport wait times.,2,2026-01-08T00:00:00,2026-01-14T23:59:59,Bamberg,work,Gymnasium Bamberg,Bamberg,home,Fischer Residence
trip_416f38158abd_00025,416f3815-8abd-4044-96f3-7d50681054c0,2026-01-15T07:15:00,2026-01-15T07:37:00,thursday,commute,car,car|car,13.0,22,4.0,none,True,True,routine,"Uses family car for reliable weekday commute and drops kids at school before heading to work, matching his priority for convenience and short travel time.",3,2026-01-15T00:00:00,2026-01-21T23:59:59,Bamberg,home,Fischer Residence,Bamberg,work,Gymnasium Bamberg
trip_416f38158abd_00026,416f3815-8abd-4044-96f3-7d50681054c0,2026-01-15T16:00:00,2026-01-15T16:20:00,thursday,return_home,car,car,13.0,20,4.0,none,False,True,routine,Drive home after work to avoid parking hassles and keep travel time short for the family.,3,2026-01-15T00:00:00,2026-01-21T23:59:59,Bamberg,work,Gymnasium Bamberg,Bamberg,home,Fischer Residence
trip_416f38158abd_00027,416f3815-8abd-4044-96f3-7d50681054c0,2026-01-16T07:15:00,2026-01-16T07:37:00,friday,commute,car,car|car,13.0,22,4.0,none,True,True,routine,"Same weekday routine as Thursday, using the car for reliable school drop‑off and work commute.",3,2026-01-15T00:00:00,2026-01-21T23:59:59,Bamberg,home,Fischer Residence,Bamberg,work,Gymnasium Bamberg
trip_416f38158abd_00028,416f3815-8abd-4044-96f3-7d50681054c0,2026-01-16T16:00:00,2026-01-16T16:20:00,friday,return_home,car,car,13.0,20,4.0,none,False,True,routine,"Drive home after the workday, keeping travel simple and fast.",3,2026-01-15T00:00:00,2026-01-21T23:59:59,Bamberg,work,Gymnasium Bamberg,Bamberg,home,Fischer Residence
trip_416f38158abd_00029,416f3815-8abd-4044-96f3-7d50681054c0,2026-01-17T10:00:00,2026-01-17T10:30:00,saturday,leisure,car,car,12.0,30,3.6,none,False,False,planned,"Family outing to the city park on Saturday, using the car for convenience and to avoid parking issues.",3,2026-01-15T00:00:00,2026-01-21T23:59:59,Bamberg,home,Fischer Residence,Bamberg,park,Stadtpark Bamberg
trip_416f38158abd_00030,416f3815-8abd-4044-96f3-7d50681054c0,2026-01-18T09:00:00,2026-01-18T10:25:00,sunday,family,regional_train,walking|regional_train|walking,101.0,85,0.0,monthly_pass,False,False,planned,"Monthly visit to relatives in Nürnberg, using the regional train covered by his monthly pass to keep costs low and avoid driving long distance.",3,2026-01-15T00:00:00,2026-01-21T23:59:59,Bamberg,home,Fischer Residence,Nürnberg,family_visit,Fischer Relatives
trip_416f38158abd_00031,416f3815-8abd-4044-96f3-7d50681054c0,2026-01-19T07:15:00,2026-01-19T07:37:00,monday,commute,car,car|car,13.0,22,4.0,none,True,True,routine,Standard weekday commute using the family car for reliability.,3,2026-01-15T00:00:00,2026-01-21T23:59:59,Bamberg,home,Fischer Residence,Bamberg,work,Gymnasium Bamberg
trip_416f38158abd_00032,416f3815-8abd-4044-96f3-7d50681054c0,2026-01-19T16:00:00,2026-01-19T16:20:00,monday,return_home,car,car,13.0,20,4.0,none,False,True,routine,Drive home after work to keep travel convenient for the family.,3,2026-01-15T00:00:00,2026-01-21T23:59:59,Bamberg,work,Gymnasium Bamberg,Bamberg,home,Fischer Residence
trip_416f38158abd_00033,416f3815-8abd-4044-96f3-7d50681054c0,2026-01-20T07:15:00,2026-01-20T07:37:00,tuesday,commute,car,car|car,13.0,22,4.0,none,True,True,routine,Consistent weekday routine with school drop‑off and work commute.,3,2026-01-15T00:00:00,2026-01-21T23:59:59,Bamberg,home,Fischer Residence,Bamberg,work,Gymnasium Bamberg
trip_416f38158abd_00034,416f3815-8abd-4044-96f3-7d50681054c0,2026-01-20T16:00:00,2026-01-20T16:20:00,tuesday,return_home,car,car,13.0,20,4.0,none,False,True,routine,"Drive home after work, maintaining the reliable car routine.",3,2026-01-15T00:00:00,2026-01-21T23:59:59,Bamberg,work,Gymnasium Bamberg,Bamberg,home,Fischer Residence
trip_416f38158abd_00035,416f3815-8abd-4044-96f3-7d50681054c0,2026-01-21T07:15:00,2026-01-21T07:37:00,wednesday,commute,car,car|car,13.0,22,4.0,none,True,True,routine,"Final weekday commute of the week, using the car for speed and convenience.",3,2026-01-15T00:00:00,2026-01-21T23:59:59,Bamberg,home,Fischer Residence,Bamberg,work,Gymnasium Bamberg
trip_416f38158abd_00036,416f3815-8abd-4044-96f3-7d50681054c0,2026-01-21T16:00:00,2026-01-21T16:20:00,wednesday,return_home,car,car,13.0,20,4.0,none,False,True,routine,"Drive home after the work week, keeping travel simple.",3,2026-01-15T00:00:00,2026-01-21T23:59:59,Bamberg,work,Gymnasium Bamberg,Bamberg,home,Fischer Residence
trip_416f38158abd_00037,416f3815-8abd-4044-96f3-7d50681054c0,2026-01-22T07:15:00,2026-01-22T08:30:00,thursday,commute,car,car,15.0,75,3.0,none,True,True,routine,"Uses the family car for reliable, door‑to‑door commuting and to drop the children at school, aligning with his priority of short travel time and convenience.",4,2026-01-22T00:00:00,2026-01-28T23:59:59,Bamberg,home,Home,Bamberg,work,Grundschule Bamberg
trip_416f38158abd_00038,416f3815-8abd-4044-96f3-7d50681054c0,2026-01-22T18:00:00,2026-01-22T18:30:00,thursday,errands,bus,walking|bus|walking,5.9,30,0.0,monthly_pass,False,False,spontaneous,"Chooses the bus to avoid traffic and parking when running quick errands, leveraging his monthly public‑transport pass for cost‑effectiveness.",4,2026-01-22T00:00:00,2026-01-28T23:59:59,Bamberg,home,Home,Bamberg,errands,Supermarkt Bamberg
trip_416f38158abd_00039,416f3815-8abd-4044-96f3-7d50681054c0,2026-01-23T07:10:00,2026-01-23T08:25:00,friday,commute,car,car,15.0,75,3.0,none,True,True,routine,Daily car commute ensures punctual arrival at school and allows dropping the children en route.,4,2026-01-22T00:00:00,2026-01-28T23:59:59,Bamberg,home,Home,Bamberg,work,Grundschule Bamberg
trip_416f38158abd_00040,416f3815-8abd-4044-96f3-7d50681054c0,2026-01-23T18:30:00,2026-01-23T18:50:00,friday,leisure,bike,bike,5.0,20,0.0,none,False,False,planned,"Uses the bike for a quick, healthy trip to the sports club after work, avoiding parking hassles.",4,2026-01-22T00:00:00,2026-01-28T23:59:59,Bamberg,work,Grundschule Bamberg,Bamberg,fitness,Sportverein Bamberg
trip_416f38158abd_00041,416f3815-8abd-4044-96f3-7d50681054c0,2026-01-24T09:30:00,2026-01-24T09:50:00,saturday,leisure,car,car,10.0,20,2.0,none,False,False,spontaneous,Family outing to the city park; car provides flexibility and comfort for the kids.,4,2026-01-22T00:00:00,2026-01-28T23:59:59,Bamberg,home,Home,Bamberg,park,Stadtpark Bamberg
trip_416f38158abd_00042,416f3815-8abd-4044-96f3-7d50681054c0,2026-01-24T13:00:00,2026-01-24T13:20:00,saturday,return_home,car,car,10.0,20,2.0,none,False,False,routine,Return home after the park visit; car ensures quick and comfortable travel back.,4,2026-01-22T00:00:00,2026-01-28T23:59:59,Bamberg,park,Stadtpark Bamberg,Bamberg,home,Home
trip_416f38158abd_00043,416f3815-8abd-4044-96f3-7d50681054c0,2026-01-24T15:00:00,2026-01-24T15:15:00,saturday,shopping,bike,bike,4.0,15,0.0,none,False,False,spontaneous,"Uses the bike for a short shopping trip, avoiding traffic and parking while staying active.",4,2026-01-22T00:00:00,2026-01-28T23:59:59,Bamberg,home,Home,Bamberg,shopping,Einkaufszentrum Bamberg
trip_416f38158abd_00044,416f3815-8abd-4044-96f3-7d50681054c0,2026-01-24T16:30:00,2026-01-24T16:45:00,saturday,return_home,bike,bike,4.0,15,0.0,none,False,False,routine,"Bike back home after shopping, keeping the trip quick and eco‑friendly.",4,2026-01-22T00:00:00,2026-01-28T23:59:59,Bamberg,shopping,Einkaufszentrum Bamberg,Bamberg,home,Home
trip_416f38158abd_00045,416f3815-8abd-4044-96f3-7d50681054c0,2026-01-25T08:00:00,2026-01-25T09:48:00,sunday,family,regional_train,walking|regional_train|walking,171.4,108,0.0,monthly_pass,False,False,planned,"Uses the regional train covered by his monthly pass to visit relatives, avoiding a long car drive and parking issues.",4,2026-01-22T00:00:00,2026-01-28T23:59:59,Bamberg,home,Home,Nürnberg,family_visit,Relatives in Nürnberg
trip_416f38158abd_00046,416f3815-8abd-4044-96f3-7d50681054c0,2026-01-25T17:00:00,2026-01-25T18:48:00,sunday,return_home,regional_train,walking|regional_train|walking,171.4,108,0.0,monthly_pass,False,False,planned,"Return by train using the monthly pass, keeping travel cost low and avoiding a long drive back.",4,2026-01-22T00:00:00,2026-01-28T23:59:59,Nürnberg,family_visit,Relatives in Nürnberg,Bamberg,home,Home
trip_416f38158abd_00047,416f3815-8abd-4044-96f3-7d50681054c0,2026-01-26T07:05:00,2026-01-26T08:20:00,monday,commute,car,car,15.0,75,3.0,none,True,True,routine,"Regular car commute to school, ensuring reliable arrival and allowing child drop‑off.",4,2026-01-22T00:00:00,2026-01-28T23:59:59,Bamberg,home,Home,Bamberg,work,Grundschule Bamberg
trip_416f38158abd_00048,416f3815-8abd-4044-96f3-7d50681054c0,2026-01-27T18:15:00,2026-01-27T18:40:00,tuesday,family,bus,walking|bus|walking,3.8,25,0.0,monthly_pass,False,False,spontaneous,"Takes the bus after work to visit a friend, using his monthly pass to keep costs low and avoid parking.",4,2026-01-22T00:00:00,2026-01-28T23:59:59,Bamberg,work,Grundschule Bamberg,Bamberg,family_visit,Friend's house
trip_416f38158abd_00049,416f3815-8abd-4044-96f3-7d50681054c0,2026-01-29T07:15:00,2026-01-29T08:00:00,thursday,commute,car,car,12.0,45,5.0,none,True,True,routine,"Uses the family car for a reliable, fast commute and to drop the kids at school.",5,2026-01-29T00:00:00,2026-02-04T23:59:59,Bamberg,home,Home,Bamberg,education,Grundschule Bamberg
trip_416f38158abd_00050,416f3815-8abd-4044-96f3-7d50681054c0,2026-01-29T16:30:00,2026-01-29T17:15:00,thursday,return_home,car,car,12.0,45,5.0,none,True,True,routine,"Car provides quick, hassle‑free return home after work.",5,2026-01-29T00:00:00,2026-02-04T23:59:59,Bamberg,education,Grundschule Bamberg,Bamberg,home,Home
trip_416f38158abd_00051,416f3815-8abd-4044-96f3-7d50681054c0,2026-01-30T07:20:00,2026-01-30T08:05:00,friday,commute,car,car,12.0,45,5.0,none,True,True,routine,Car remains the preferred mode for weekday school commute.,5,2026-01-29T00:00:00,2026-02-04T23:59:59,Bamberg,home,Home,Bamberg,education,Grundschule Bamberg
trip_416f38158abd_00052,416f3815-8abd-4044-96f3-7d50681054c0,2026-01-30T16:35:00,2026-01-30T17:20:00,friday,return_home,car,car,12.0,45,5.0,none,True,True,routine,Consistent car use for a fast return after the workday.,5,2026-01-29T00:00:00,2026-02-04T23:59:59,Bamberg,education,Grundschule Bamberg,Bamberg,home,Home
trip_416f38158abd_00053,416f3815-8abd-4044-96f3-7d50681054c0,2026-01-31T09:30:00,2026-01-31T09:45:00,saturday,leisure,bike,bike,5.0,15,0.0,none,False,False,planned,"Bike is convenient for a short, active outing to the park.",5,2026-01-29T00:00:00,2026-02-04T23:59:59,Bamberg,home,Home,Bamberg,park,Stadtpark Bamberg
trip_416f38158abd_00054,416f3815-8abd-4044-96f3-7d50681054c0,2026-01-31T12:30:00,2026-01-31T12:45:00,saturday,return_home,bike,bike,5.0,15,0.0,none,False,False,spontaneous,Bike back home after a short park visit.,5,2026-01-29T00:00:00,2026-02-04T23:59:59,Bamberg,park,Stadtpark Bamberg,Bamberg,home,Home
trip_416f38158abd_00055,416f3815-8abd-4044-96f3-7d50681054c0,2026-01-31T14:00:00,2026-01-31T14:30:00,saturday,shopping,bus,walking|bus|walking,8.6,30,0.0,monthly_pass,False,False,planned,Uses the regional bus (covered by monthly pass) to avoid parking hassle while shopping.,5,2026-01-29T00:00:00,2026-02-04T23:59:59,Bamberg,home,Home,Bamberg,shopping,Bamberg City Center
trip_416f38158abd_00056,416f3815-8abd-4044-96f3-7d50681054c0,2026-01-31T17:00:00,2026-01-31T17:30:00,saturday,return_home,bus,walking|bus|walking,8.6,30,0.0,monthly_pass,False,False,spontaneous,Public bus used for the return to avoid parking and leverage the monthly pass.,5,2026-01-29T00:00:00,2026-02-04T23:59:59,Bamberg,shopping,Bamberg City Center,Bamberg,home,Home
trip_416f38158abd_00057,416f3815-8abd-4044-96f3-7d50681054c0,2026-02-01T10:00:00,2026-02-01T10:45:00,sunday,family,regional_train,car|regional_train|walking,52.5,45,0.0,monthly_pass,False,False,planned,"Regional train (covered by monthly pass) used for a family visit, reducing parking needs in Forchheim.",5,2026-01-29T00:00:00,2026-02-04T23:59:59,Bamberg,home,Home,Forchheim,family_visit,"Parents' house, Forchheim"
trip_416f38158abd_00058,416f3815-8abd-4044-96f3-7d50681054c0,2026-02-01T18:00:00,2026-02-01T18:45:00,sunday,return_home,regional_train,walking|regional_train|car,52.5,45,0.0,monthly_pass,False,False,spontaneous,"Return home using the same train, keeping travel cost low with the monthly pass.",5,2026-01-29T00:00:00,2026-02-04T23:59:59,Forchheim,family_visit,"Parents' house, Forchheim",Bamberg,home,Home
trip_416f38158abd_00059,416f3815-8abd-4044-96f3-7d50681054c0,2026-02-02T07:10:00,2026-02-02T07:55:00,monday,commute,car,car,12.0,45,5.0,none,True,True,routine,Car remains the fastest way to reach work on a weekday.,5,2026-01-29T00:00:00,2026-02-04T23:59:59,Bamberg,home,Home,Bamberg,education,Grundschule Bamberg
trip_416f38158abd_00060,416f3815-8abd-4044-96f3-7d50681054c0,2026-02-02T16:45:00,2026-02-02T17:30:00,monday,return_home,car,car,12.0,45,5.0,none,True,True,routine,Car ensures a quick and convenient end to the workday.,5,2026-01-29T00:00:00,2026-02-04T23:59:59,Bamberg,education,Grundschule Bamberg,Bamberg,home,Home
trip_416f38158abd_00061,416f3815-8abd-4044-96f3-7d50681054c0,2026-02-05T07:30:00,2026-02-05T07:49:00,thursday,commute,car,car|car,8.0,19,1.6,none,True,True,routine,"Uses the family car to drop the kids at school and reach work quickly, matching his priority for reliability and short travel time.",6,2026-02-05T00:00:00,2026-02-11T23:59:59,Bamberg,home,Home (96047),Bamberg,work,Primary School (Workplace)
trip_416f38158abd_00062,416f3815-8abd-4044-96f3-7d50681054c0,2026-02-05T16:00:00,2026-02-05T16:15:00,thursday,return_home,car,car,8.0,15,1.6,none,True,True,routine,Drives home after work to avoid parking hassles and keep travel time short for the family.,6,2026-02-05T00:00:00,2026-02-11T23:59:59,Bamberg,work,Primary School (Workplace),Bamberg,home,Home (96047)
trip_416f38158abd_00063,416f3815-8abd-4044-96f3-7d50681054c0,2026-02-06T07:30:00,2026-02-06T07:49:00,friday,commute,car,car|car,8.0,19,1.6,none,True,True,routine,"Morning car commute with school drop‑off, ensuring punctuality for work and children.",6,2026-02-05T00:00:00,2026-02-11T23:59:59,Bamberg,home,Home (96047),Bamberg,work,Primary School (Workplace)
trip_416f38158abd_00064,416f3815-8abd-4044-96f3-7d50681054c0,2026-02-06T16:00:00,2026-02-06T16:15:00,friday,return_home,car,car,8.0,15,1.6,none,True,True,routine,Evening car drive home to avoid parking issues and keep family routine.,6,2026-02-05T00:00:00,2026-02-11T23:59:59,Bamberg,work,Primary School (Workplace),Bamberg,home,Home (96047)
trip_416f38158abd_00065,416f3815-8abd-4044-96f3-7d50681054c0,2026-02-07T10:00:00,2026-02-07T10:55:00,saturday,leisure,car,car|walking|car,14.0,55,2.8,none,False,False,spontaneous,"Drives the family to the local park for a short leisure outing, using the car for convenience and walking inside the park.",6,2026-02-05T00:00:00,2026-02-11T23:59:59,Bamberg,home,Home (96047),Bamberg,park,Stadtpark Bamberg
trip_416f38158abd_00066,416f3815-8abd-4044-96f3-7d50681054c0,2026-02-08T09:00:00,2026-02-08T11:21:00,sunday,family,regional_train,car|regional_train|walking|car|regional_train|car,152.0,141,2.2,monthly_pass,False,False,planned,"Uses his monthly public‑transport pass for the regional train to Nürnberg while driving to and from stations, balancing cost‑effectiveness with family visits.",6,2026-02-05T00:00:00,2026-02-11T23:59:59,Bamberg,home,Home (96047),Nürnberg,family_visit,Relatives in Nürnberg
trip_416f38158abd_00067,416f3815-8abd-4044-96f3-7d50681054c0,2026-02-09T07:30:00,2026-02-09T07:49:00,monday,commute,car,car|car,8.0,19,1.6,none,True,True,routine,"Standard weekday car commute with school drop‑off, matching his reliability priority.",6,2026-02-05T00:00:00,2026-02-11T23:59:59,Bamberg,home,Home (96047),Bamberg,work,Primary School (Workplace)
trip_416f38158abd_00068,416f3815-8abd-4044-96f3-7d50681054c0,2026-02-09T16:00:00,2026-02-09T16:15:00,monday,return_home,car,car,8.0,15,1.6,none,True,True,routine,Evening drive home to keep the family routine smooth.,6,2026-02-05T00:00:00,2026-02-11T23:59:59,Bamberg,work,Primary School (Workplace),Bamberg,home,Home (96047)
trip_416f38158abd_00069,416f3815-8abd-4044-96f3-7d50681054c0,2026-02-10T07:30:00,2026-02-10T07:49:00,tuesday,commute,car,car|car,8.0,19,1.6,none,True,True,routine,"Morning car commute with school drop‑off, ensuring punctual arrival at work.",6,2026-02-05T00:00:00,2026-02-11T23:59:59,Bamberg,home,Home (96047),Bamberg,work,Primary School (Workplace)
trip_416f38158abd_00070,416f3815-8abd-4044-96f3-7d50681054c0,2026-02-10T16:00:00,2026-02-10T16:15:00,tuesday,return_home,car,car,8.0,15,1.6,none,True,True,routine,Evening drive home to keep the family schedule consistent.,6,2026-02-05T00:00:00,2026-02-11T23:59:59,Bamberg,work,Primary School (Workplace),Bamberg,home,Home (96047)
trip_416f38158abd_00071,416f3815-8abd-4044-96f3-7d50681054c0,2026-02-11T07:30:00,2026-02-11T07:49:00,wednesday,commute,car,car|car,8.0,19,1.6,none,True,True,routine,"Standard weekday commute with school drop‑off, matching his reliability focus.",6,2026-02-05T00:00:00,2026-02-11T23:59:59,Bamberg,home,Home (96047),Bamberg,work,Primary School (Workplace)
trip_416f38158abd_00072,416f3815-8abd-4044-96f3-7d50681054c0,2026-02-11T16:00:00,2026-02-11T16:15:00,wednesday,return_home,car,car,8.0,15,1.6,none,True,True,routine,Evening drive home to keep the family routine consistent.,6,2026-02-05T00:00:00,2026-02-11T23:59:59,Bamberg,work,Primary School (Workplace),Bamberg,home,Home (96047)
trip_416f38158abd_00073,416f3815-8abd-4044-96f3-7d50681054c0,2026-02-12T09:00:00,2026-02-12T10:30:00,saturday,leisure,car,car,12.0,90,0.0,none,False,False,spontaneous,Weekend family outing to the park by car aligns with his preference for convenience and short travel time.,7,2026-02-12T00:00:00,2026-02-18T23:59:59,Bamberg,home,Home,Bamberg,park,Stadtpark Bamberg
trip_416f38158abd_00074,416f3815-8abd-4044-96f3-7d50681054c0,2026-02-12T11:30:00,2026-02-12T12:00:00,saturday,return_home,car,car,12.0,30,0.0,none,False,False,spontaneous,"Return home after the park visit, using the car for quick travel.",7,2026-02-12T00:00:00,2026-02-18T23:59:59,Bamberg,park,Stadtpark Bamberg,Bamberg,home,Home
trip_416f38158abd_00075,416f3815-8abd-4044-96f3-7d50681054c0,2026-02-12T15:00:00,2026-02-12T15:45:00,saturday,leisure,bike,bike,5.0,45,0.0,none,False,False,spontaneous,Bike ride to the sports club fits his active lifestyle and avoids parking hassle.,7,2026-02-12T00:00:00,2026-02-18T23:59:59,Bamberg,home,Home,Bamberg,fitness,Bamberg Sports Club
trip_416f38158abd_00076,416f3815-8abd-4044-96f3-7d50681054c0,2026-02-12T16:30:00,2026-02-12T17:15:00,saturday,return_home,bike,bike,5.0,45,0.0,none,False,False,spontaneous,"Bike back home after sports, keeping travel simple and healthy.",7,2026-02-12T00:00:00,2026-02-18T23:59:59,Bamberg,fitness,Bamberg Sports Club,Bamberg,home,Home
trip_416f38158abd_00077,416f3815-8abd-4044-96f3-7d50681054c0,2026-02-13T10:00:00,2026-02-13T12:35:00,sunday,family,regional_train,walking|regional_train|walking,70.8,155,0.0,monthly_pass,False,False,planned,Monthly pass makes the regional train to visit relatives cost‑effective and reliable.,7,2026-02-12T00:00:00,2026-02-18T23:59:59,Bamberg,home,Home,Nürnberg,station,Nürnberg Hauptbahnhof
trip_416f38158abd_00078,416f3815-8abd-4044-96f3-7d50681054c0,2026-02-13T14:00:00,2026-02-13T16:35:00,sunday,return_home,regional_train,walking|regional_train|walking,70.8,155,0.0,monthly_pass,False,False,planned,"Uses the same monthly pass for the return leg, keeping travel inexpensive.",7,2026-02-12T00:00:00,2026-02-18T23:59:59,Nürnberg,station,Nürnberg Hauptbahnhof,Bamberg,home,Home
trip_416f38158abd_00079,416f3815-8abd-4044-96f3-7d50681054c0,2026-02-14T07:30:00,2026-02-14T08:30:00,monday,commute,car,car|car,15.0,60,0.0,none,True,True,routine,"Morning routine: drive kids to school then continue to work, minimizing total travel time.",7,2026-02-12T00:00:00,2026-02-18T23:59:59,Bamberg,home,Home,Bamberg,work,Local School
trip_416f38158abd_00080,416f3815-8abd-4044-96f3-7d50681054c0,2026-02-14T17:30:00,2026-02-14T18:15:00,monday,return_home,car,car,10.0,45,0.0,none,True,True,routine,"Drive home after work, ensuring quick and comfortable travel for the family.",7,2026-02-12T00:00:00,2026-02-18T23:59:59,Bamberg,work,Local School,Bamberg,home,Home
trip_416f38158abd_00081,416f3815-8abd-4044-96f3-7d50681054c0,2026-02-15T07:45:00,2026-02-15T08:45:00,tuesday,commute,bus,car|walking|bus,13.3,60,0.0,monthly_pass,True,True,routine,"Heavy traffic leads to using the bus after dropping kids, leveraging the monthly pass for cost‑effectiveness.",7,2026-02-12T00:00:00,2026-02-18T23:59:59,Bamberg,home,Home,Bamberg,work,Local School
trip_416f38158abd_00082,416f3815-8abd-4044-96f3-7d50681054c0,2026-02-15T17:30:00,2026-02-15T18:20:00,tuesday,return_home,car,car,10.0,50,0.0,none,True,True,routine,"Drive home after work, avoiding public transport delays in the evening.",7,2026-02-12T00:00:00,2026-02-18T23:59:59,Bamberg,work,Local School,Bamberg,home,Home
trip_416f38158abd_00083,416f3815-8abd-4044-96f3-7d50681054c0,2026-02-16T07:30:00,2026-02-16T08:30:00,wednesday,commute,car,car|car,15.0,60,0.0,none,True,True,routine,"Standard weekday car commute, dropping kids then heading to work.",7,2026-02-12T00:00:00,2026-02-18T23:59:59,Bamberg,home,Home,Bamberg,work,Local School
trip_416f38158abd_00084,416f3815-8abd-4044-96f3-7d50681054c0,2026-02-16T18:00:00,2026-02-16T20:20:00,wednesday,shopping,bus,walking|bus|walking|bus|walking,16.9,140,0.0,monthly_pass,False,False,spontaneous,Evening shopping using public transport keeps parking simple and uses his monthly pass efficiently.,7,2026-02-12T00:00:00,2026-02-18T23:59:59,Bamberg,home,Home,Bamberg,shopping,Bamberg City Center
trip_416f38158abd_00085,416f3815-8abd-4044-96f3-7d50681054c0,2026-02-19T07:10:00,2026-02-19T07:45:00,thursday,commute,car,walking|car|car,10.3,35,2.06,none,True,True,routine,"Uses the family car to drop kids at school and then drive to work, matching his preference for convenience and short travel time.",8,2026-02-19T00:00:00,2026-02-25T23:59:59,Bamberg,home,Fischer Residence,Bamberg,work,Grundschule (Work)
trip_416f38158abd_00086,416f3815-8abd-4044-96f3-7d50681054c0,2026-02-19T17:30:00,2026-02-19T18:00:00,thursday,return_home,car,car|walking,9.4,30,1.88,none,False,True,routine,"Drive home after work, avoiding parking hassles by using the family car.",8,2026-02-19T00:00:00,2026-02-25T23:59:59,Bamberg,work,Grundschule (Work),Bamberg,home,Fischer Residence
trip_416f38158abd_00087,416f3815-8abd-4044-96f3-7d50681054c0,2026-02-20T07:10:00,2026-02-20T07:45:00,friday,commute,car,walking|car|car,10.3,35,2.06,none,True,True,routine,"Same routine as Thursday: drive kids to school then to work, ensuring punctuality.",8,2026-02-19T00:00:00,2026-02-25T23:59:59,Bamberg,home,Fischer Residence,Bamberg,work,Grundschule (Work)
trip_416f38158abd_00088,416f3815-8abd-4044-96f3-7d50681054c0,2026-02-20T12:30:00,2026-02-20T12:45:00,friday,errands,bus,walking|bus|walking,3.5,15,0.0,monthly_pass,False,True,planned,"Uses the regional bus during lunch break to run a quick grocery errand, leveraging his monthly pass.",8,2026-02-19T00:00:00,2026-02-25T23:59:59,Bamberg,work,Grundschule (Work),Bamberg,errands,Supermarket
trip_416f38158abd_00089,416f3815-8abd-4044-96f3-7d50681054c0,2026-02-20T17:30:00,2026-02-20T18:00:00,friday,return_home,car,car|walking,9.4,30,1.88,none,False,True,routine,"Standard end‑of‑day drive home, keeping travel time short for family.",8,2026-02-19T00:00:00,2026-02-25T23:59:59,Bamberg,work,Grundschule (Work),Bamberg,home,Fischer Residence
trip_416f38158abd_00090,416f3815-8abd-4044-96f3-7d50681054c0,2026-02-21T10:00:00,2026-02-21T10:30:00,saturday,leisure,bike,bike,8.0,30,0.0,none,False,True,spontaneous,"Family bike ride to the nearby park, fitting his high leisure intensity and bike ownership.",8,2026-02-19T00:00:00,2026-02-25T23:59:59,Bamberg,home,Fischer Residence,Bamberg,park,Stadtpark
trip_416f38158abd_00091,416f3815-8abd-4044-96f3-7d50681054c0,2026-02-22T11:00:00,2026-02-22T11:30:00,sunday,family,car,car,12.0,30,2.4,none,False,True,planned,"Drive to the shopping center for a family outing, using the car for convenience.",8,2026-02-19T00:00:00,2026-02-25T23:59:59,Bamberg,home,Fischer Residence,Bamberg,shopping,Bamberg Shopping Center
trip_416f38158abd_00092,416f3815-8abd-4044-96f3-7d50681054c0,2026-02-23T07:10:00,2026-02-23T07:45:00,monday,commute,car,walking|car|car,10.3,35,2.06,none,True,True,routine,"Morning routine of dropping kids at school then driving to work, matching his priority for reliability and short travel time.",8,2026-02-19T00:00:00,2026-02-25T23:59:59,Bamberg,home,Fischer Residence,Bamberg,work,Grundschule (Work)
trip_416f38158abd_00093,416f3815-8abd-4044-96f3-7d50681054c0,2026-02-23T17:30:00,2026-02-23T18:00:00,monday,return_home,car,car|walking,9.4,30,1.88,none,False,True,routine,"Evening drive home, avoiding parking hassles and ensuring quick return to family.",8,2026-02-19T00:00:00,2026-02-25T23:59:59,Bamberg,work,Grundschule (Work),Bamberg,home,Fischer Residence
trip_416f38158abd_00094,416f3815-8abd-4044-96f3-7d50681054c0,2026-02-24T07:10:00,2026-02-24T07:45:00,tuesday,commute,car,walking|car|car,10.3,35,2.06,none,True,True,routine,"Standard weekday commute with school drop‑off, aligning with his need for reliability.",8,2026-02-19T00:00:00,2026-02-25T23:59:59,Bamberg,home,Fischer Residence,Bamberg,work,Grundschule (Work)
trip_416f38158abd_00095,416f3815-8abd-4044-96f3-7d50681054c0,2026-02-24T17:30:00,2026-02-24T18:00:00,tuesday,return_home,car,car|walking,9.4,30,1.88,none,False,True,routine,"Evening drive home, keeping travel time short for family time.",8,2026-02-19T00:00:00,2026-02-25T23:59:59,Bamberg,work,Grundschule (Work),Bamberg,home,Fischer Residence
trip_416f38158abd_00096,416f3815-8abd-4044-96f3-7d50681054c0,2026-02-25T07:10:00,2026-02-25T07:45:00,wednesday,commute,car,walking|car|car,10.3,35,2.06,none,True,True,routine,"Final weekday commute of the week, following the same reliable car routine.",8,2026-02-19T00:00:00,2026-02-25T23:59:59,Bamberg,home,Fischer Residence,Bamberg,work,Grundschule (Work)
trip_416f38158abd_00097,416f3815-8abd-4044-96f3-7d50681054c0,2026-02-26T18:00:00,2026-02-26T18:30:00,thursday,errands,bus,walking|bus|walking,10.7,30,0.0,monthly_pass,False,True,routine,"Uses the bus (covered by his monthly pass) for grocery shopping when traffic is moderate, aligning with his cost‑effectiveness priority.",9,2026-02-26T00:00:00,2026-03-04T23:59:59,Bamberg,home,Home,Bamberg,errands,Supermarket
trip_416f38158abd_00098,416f3815-8abd-4044-96f3-7d50681054c0,2026-02-27T19:30:00,2026-02-27T21:00:00,friday,leisure,car,car|car,16.0,90,3.2,none,False,False,spontaneous,"Evening family dinner by car, convenient after work and fits his occasional leisure outings.",9,2026-02-26T00:00:00,2026-03-04T23:59:59,Bamberg,work,Gymnasium Bamberg,Bamberg,restaurant,Family Restaurant
trip_416f38158abd_00099,416f3815-8abd-4044-96f3-7d50681054c0,2026-02-28T10:00:00,2026-02-28T12:57:00,saturday,family,car,car|car|car,16.0,177,3.2,none,False,False,planned,"Combines grocery shopping and a park visit, using the car for flexibility and to avoid parking issues at the park.",9,2026-02-26T00:00:00,2026-03-04T23:59:59,Bamberg,home,Home,Bamberg,park,Stadtpark
trip_416f38158abd_00100,416f3815-8abd-4044-96f3-7d50681054c0,2026-03-01T09:00:00,2026-03-01T10:10:00,sunday,leisure,bike,bike|bike,12.0,70,0.8,none,False,False,spontaneous,"Leisure bike ride to a nearby lake, fitting his high leisure intensity and bike ownership.",9,2026-02-26T00:00:00,2026-03-04T23:59:59,Bamberg,home,Home,Bamberg,park,Lake Park
trip_416f38158abd_00101,416f3815-8abd-4044-96f3-7d50681054c0,2026-03-01T11:30:00,2026-03-01T13:24:00,sunday,leisure,car,car|car,14.0,114,2.8,none,False,False,planned,Family sports activity; car provides convenience for equipment transport.,9,2026-02-26T00:00:00,2026-03-04T23:59:59,Bamberg,home,Home,Bamberg,fitness,Sports Club
trip_416f38158abd_00102,416f3815-8abd-4044-96f3-7d50681054c0,2026-03-02T07:15:00,2026-03-02T07:42:00,monday,commute,car,car|car,12.0,27,2.4,none,True,True,routine,"Uses the family car to drop kids at school and drive to work, matching his preference for convenience and short travel time.",9,2026-02-26T00:00:00,2026-03-04T23:59:59,Bamberg,home,Home,Bamberg,work,Gymnasium Bamberg
trip_416f38158abd_00103,416f3815-8abd-4044-96f3-7d50681054c0,2026-03-02T12:10:00,2026-03-02T12:31:00,monday,errands,bike,bike|bike,4.0,21,0.8,none,False,True,routine,"Quick bike ride to a nearby bakery during lunch, saving time and parking hassles.",9,2026-02-26T00:00:00,2026-03-04T23:59:59,Bamberg,work,Gymnasium Bamberg,Bamberg,work,Gymnasium Bamberg
trip_416f38158abd_00104,416f3815-8abd-4044-96f3-7d50681054c0,2026-03-02T16:30:00,2026-03-02T16:50:00,monday,return_home,car,car,12.0,20,2.4,none,False,True,routine,"Drive home after work, the most convenient option for a family with children.",9,2026-02-26T00:00:00,2026-03-04T23:59:59,Bamberg,work,Gymnasium Bamberg,Bamberg,home,Home
trip_416f38158abd_00105,416f3815-8abd-4044-96f3-7d50681054c0,2026-03-03T07:15:00,2026-03-03T07:42:00,tuesday,commute,car,car|car,12.0,27,2.4,none,True,True,routine,"Morning car commute with school drop‑off, matching his preference for reliability and speed.",9,2026-02-26T00:00:00,2026-03-04T23:59:59,Bamberg,home,Home,Bamberg,work,Gymnasium Bamberg
trip_416f38158abd_00106,416f3815-8abd-4044-96f3-7d50681054c0,2026-03-03T16:30:00,2026-03-03T16:50:00,tuesday,return_home,car,car,12.0,20,2.4,none,False,True,routine,"Drive home after work, the most convenient option for his family.",9,2026-02-26T00:00:00,2026-03-04T23:59:59,Bamberg,work,Gymnasium Bamberg,Bamberg,home,Home
trip_416f38158abd_00107,416f3815-8abd-4044-96f3-7d50681054c0,2026-03-04T07:15:00,2026-03-04T07:42:00,wednesday,commute,car,car|car,12.0,27,2.4,none,True,True,routine,Standard weekday car commute with school drop‑off.,9,2026-02-26T00:00:00,2026-03-04T23:59:59,Bamberg,home,Home,Bamberg,work,Gymnasium Bamberg
trip_416f38158abd_00108,416f3815-8abd-4044-96f3-7d50681054c0,2026-03-04T17:00:00,2026-03-04T18:40:00,wednesday,family,regional_train,car|walking|regional_train|car,91.0,100,0.0,monthly_pass,False,False,planned,"Uses the regional train (covered by his monthly pass) to visit relatives, reducing parking hassle in Nürnberg.",9,2026-02-26T00:00:00,2026-03-04T23:59:59,Bamberg,work,Gymnasium Bamberg,Nürnberg,family_visit,Relative's Home
trip_416f38158abd_00109,416f3815-8abd-4044-96f3-7d50681054c0,2026-03-05T09:00:00,2026-03-05T10:30:00,saturday,leisure,car,car,12.0,90,2.4,none,False,True,routine,Driving to the city park is convenient for the family and fits the user’s preference for car use on weekend leisure trips.,10,2026-03-05T00:00:00,2026-03-11T23:59:59,Bamberg,home,Home,Bamberg,park,Stadtpark Bamberg
trip_416f38158abd_00110,416f3815-8abd-4044-96f3-7d50681054c0,2026-03-05T11:30:00,2026-03-05T13:00:00,saturday,return_home,car,car,12.0,90,2.4,none,False,True,routine,Returning home by car after the park visit keeps the family together and avoids parking hassles.,10,2026-03-05T00:00:00,2026-03-11T23:59:59,Bamberg,park,Stadtpark Bamberg,Bamberg,home,Home
trip_416f38158abd_00111,416f3815-8abd-4044-96f3-7d50681054c0,2026-03-05T14:00:00,2026-03-05T14:40:00,saturday,leisure,bus,walking|bus|walking,7.7,40,0.0,monthly_pass,False,False,planned,"Uses the bus to avoid traffic and parking when heading to the sports club, fitting the medium public‑transport affinity.",10,2026-03-05T00:00:00,2026-03-11T23:59:59,Bamberg,home,Home,Bamberg,fitness,Local Sports Club
trip_416f38158abd_00112,416f3815-8abd-4044-96f3-7d50681054c0,2026-03-05T15:30:00,2026-03-05T16:30:00,saturday,return_home,car,car,12.0,60,2.4,none,False,False,spontaneous,"After the sports session the family drives home, avoiding the need to find a parking spot near the club.",10,2026-03-05T00:00:00,2026-03-11T23:59:59,Bamberg,fitness,Local Sports Club,Bamberg,home,Home
trip_416f38158abd_00113,416f3815-8abd-4044-96f3-7d50681054c0,2026-03-06T09:00:00,2026-03-06T11:20:00,sunday,family,regional_train,walking|regional_train|walking,171.5,140,0.0,monthly_pass,False,False,planned,"Uses the monthly pass for a cost‑effective regional train trip to visit relatives in Nürnberg, matching the user’s occasional long‑distance family visits.",10,2026-03-05T00:00:00,2026-03-11T23:59:59,Bamberg,home,Home,Nuremberg,family_visit,Relatives' House
trip_416f38158abd_00114,416f3815-8abd-4044-96f3-7d50681054c0,2026-03-06T16:00:00,2026-03-06T18:20:00,sunday,return_home,regional_train,walking|regional_train|walking,171.5,140,0.0,monthly_pass,False,False,planned,"Return trip uses the same monthly pass, keeping travel cost low while returning home after the family visit.",10,2026-03-05T00:00:00,2026-03-11T23:59:59,Nuremberg,family_visit,Relatives' House,Bamberg,home,Home
trip_416f38158abd_00115,416f3815-8abd-4044-96f3-7d50681054c0,2026-03-07T07:15:00,2026-03-07T07:40:00,monday,commute,car,car,12.0,25,2.4,none,True,True,routine,"Daily car commute drops the kids at school and brings Markus to his teaching job, matching his need for reliability and speed.",10,2026-03-05T00:00:00,2026-03-11T23:59:59,Bamberg,home,Home,Bamberg,work,Local Primary School (Work)
trip_416f38158abd_00116,416f3815-8abd-4044-96f3-7d50681054c0,2026-03-08T07:15:00,2026-03-08T07:40:00,tuesday,commute,car,car,12.0,25,2.4,none,True,True,routine,Consistent weekday car commute for work and school drop‑off.,10,2026-03-05T00:00:00,2026-03-11T23:59:59,Bamberg,home,Home,Bamberg,work,Local Primary School (Work)
trip_416f38158abd_00117,416f3815-8abd-4044-96f3-7d50681054c0,2026-03-09T07:15:00,2026-03-09T07:40:00,wednesday,commute,car,car,12.0,25,2.4,none,True,True,routine,"Mid‑week car commute, ensuring punctual arrival at school.",10,2026-03-05T00:00:00,2026-03-11T23:59:59,Bamberg,home,Home,Bamberg,work,Local Primary School (Work)
trip_416f38158abd_00118,416f3815-8abd-4044-96f3-7d50681054c0,2026-03-10T07:15:00,2026-03-10T07:40:00,thursday,commute,car,car,12.0,25,2.4,none,True,True,routine,"Regular Thursday car commute, balancing family drop‑off and work arrival.",10,2026-03-05T00:00:00,2026-03-11T23:59:59,Bamberg,home,Home,Bamberg,work,Local Primary School (Work)
trip_416f38158abd_00119,416f3815-8abd-4044-96f3-7d50681054c0,2026-03-11T07:15:00,2026-03-11T07:40:00,friday,commute,car,car,12.0,25,2.4,none,True,True,routine,"Friday morning car commute, ensuring timely arrival for the school week.",10,2026-03-05T00:00:00,2026-03-11T23:59:59,Bamberg,home,Home,Bamberg,work,Local Primary School (Work)
trip_416f38158abd_00120,416f3815-8abd-4044-96f3-7d50681054c0,2026-03-11T18:30:00,2026-03-11T19:00:00,friday,leisure,bus,walking|bus|walking,5.4,30,0.0,monthly_pass,False,False,spontaneous,"Evening cinema visit uses the monthly pass bus, reducing parking hassle and fitting the occasional leisure outing.",10,2026-03-05T00:00:00,2026-03-11T23:59:59,Bamberg,home,Home,Bamberg,culture,City Cinema
trip_416f38158abd_00121,416f3815-8abd-4044-96f3-7d50681054c0,2026-03-12T09:00:00,2026-03-12T09:30:00,saturday,leisure,car,car,12.0,30,2.4,none,False,False,planned,Family leisure outing to the park using the car for convenience and short travel time.,11,2026-03-12T00:00:00,2026-03-18T23:59:59,Bamberg,home,Home,Bamberg,park,Stadtpark
trip_416f38158abd_00122,416f3815-8abd-4044-96f3-7d50681054c0,2026-03-12T18:00:00,2026-03-12T18:30:00,saturday,return_home,car,car,12.0,30,2.4,none,False,False,spontaneous,"Return home after park visit, using the car for convenience.",11,2026-03-12T00:00:00,2026-03-18T23:59:59,Bamberg,park,Stadtpark,Bamberg,home,Home
trip_416f38158abd_00123,416f3815-8abd-4044-96f3-7d50681054c0,2026-03-13T08:00:00,2026-03-13T09:20:00,sunday,family,regional_train,walking|regional_train|walking,71.0,80,0.0,monthly_pass,False,False,planned,"Visit relatives in Nürnberg using regional train covered by monthly pass, reducing cost and parking hassle.",11,2026-03-12T00:00:00,2026-03-18T23:59:59,Bamberg,home,Home,Nürnberg,family_visit,Familienhaus
trip_416f38158abd_00124,416f3815-8abd-4044-96f3-7d50681054c0,2026-03-13T17:30:00,2026-03-13T18:40:00,sunday,family,regional_train,walking|regional_train|walking,71.0,70,0.0,monthly_pass,False,False,planned,"Return home after family visit using the monthly‑pass train, keeping travel cost low.",11,2026-03-12T00:00:00,2026-03-18T23:59:59,Nürnberg,family_visit,Familienhaus,Bamberg,home,Home
trip_416f38158abd_00125,416f3815-8abd-4044-96f3-7d50681054c0,2026-03-14T07:15:00,2026-03-14T07:35:00,monday,commute,car,car|car,7.0,20,1.4,none,True,True,routine,"Morning commute using car to drop kids at school and then drive to work, ensuring punctuality and convenience.",11,2026-03-12T00:00:00,2026-03-18T23:59:59,Bamberg,home,Home,Bamberg,work,Grundschule (Markus's school)
trip_416f38158abd_00126,416f3815-8abd-4044-96f3-7d50681054c0,2026-03-14T18:00:00,2026-03-14T18:23:00,monday,errands,bus,walking|bus|walking,5.7,23,0.0,monthly_pass,False,False,planned,Evening errands at the mall using bus covered by monthly pass to avoid parking.,11,2026-03-12T00:00:00,2026-03-18T23:59:59,Bamberg,work,Grundschule (Markus's school),Bamberg,shopping,City Center Mall
trip_416f38158abd_00127,416f3815-8abd-4044-96f3-7d50681054c0,2026-03-14T19:00:00,2026-03-14T19:20:00,monday,return_home,car,car,12.0,20,2.4,none,False,False,spontaneous,Drive home after shopping to avoid carrying bags on public transport.,11,2026-03-12T00:00:00,2026-03-18T23:59:59,Bamberg,shopping,City Center Mall,Bamberg,home,Home
trip_416f38158abd_00128,416f3815-8abd-4044-96f3-7d50681054c0,2026-03-15T07:15:00,2026-03-15T07:35:00,tuesday,commute,car,car|car,7.0,20,1.4,none,True,True,routine,"Morning commute using car to drop kids at school and then drive to work, ensuring punctuality and convenience.",11,2026-03-12T00:00:00,2026-03-18T23:59:59,Bamberg,home,Home,Bamberg,work,Grundschule (Markus's school)
trip_416f38158abd_00129,416f3815-8abd-4044-96f3-7d50681054c0,2026-03-15T18:30:00,2026-03-15T18:42:00,tuesday,leisure,bike,bike,4.0,12,0.0,none,False,False,spontaneous,"Evening bike ride to the park for family leisure, using bike for health and zero cost.",11,2026-03-12T00:00:00,2026-03-18T23:59:59,Bamberg,home,Home,Bamberg,park,Stadtpark
trip_416f38158abd_00130,416f3815-8abd-4044-96f3-7d50681054c0,2026-03-16T07:15:00,2026-03-16T07:35:00,wednesday,commute,car,car|car,7.0,20,1.4,none,True,True,routine,"Morning commute using car to drop kids at school and then drive to work, ensuring punctuality and convenience.",11,2026-03-12T00:00:00,2026-03-18T23:59:59,Bamberg,home,Home,Bamberg,work,Grundschule (Markus's school)
trip_416f38158abd_00131,416f3815-8abd-4044-96f3-7d50681054c0,2026-03-16T18:10:00,2026-03-16T18:29:00,wednesday,leisure,bus,walking|bus|walking,4.6,19,0.0,monthly_pass,False,False,planned,"Evening trip to sports club using bus covered by monthly pass, avoiding parking.",11,2026-03-12T00:00:00,2026-03-18T23:59:59,Bamberg,work,Grundschule (Markus's school),Bamberg,fitness,Sportverein
trip_416f38158abd_00132,416f3815-8abd-4044-96f3-7d50681054c0,2026-03-16T20:00:00,2026-03-16T20:18:00,wednesday,return_home,car,car,10.0,18,2.0,none,False,False,spontaneous,Drive home after sports club to avoid parking and bring equipment safely.,11,2026-03-12T00:00:00,2026-03-18T23:59:59,Bamberg,fitness,Sportverein,Bamberg,home,Home
trip_416f38158abd_00133,416f3815-8abd-4044-96f3-7d50681054c0,2026-03-19T07:15:00,2026-03-19T08:05:00,monday,commute,car,car,15.0,50,0.0,none,True,True,routine,"Uses family car for reliable door‑to‑door commute and drops kids at school, matching preference for convenience.",12,2026-03-19T00:00:00,2026-03-25T23:59:59,Bamberg,home,Home (Burgstraße 12),Bamberg,work,Grundschule Bamberg
trip_416f38158abd_00134,416f3815-8abd-4044-96f3-7d50681054c0,2026-03-19T17:30:00,2026-03-19T18:25:00,monday,errands,bus,bus|car,18.0,55,0.0,monthly_pass,False,False,spontaneous,"Uses bus when traffic is heavy to reach the supermarket efficiently, then drives home for convenience.",12,2026-03-19T00:00:00,2026-03-25T23:59:59,Bamberg,work,Grundschule Bamberg,Bamberg,home,Home (Burgstraße 12)
trip_416f38158abd_00135,416f3815-8abd-4044-96f3-7d50681054c0,2026-03-20T07:10:00,2026-03-20T08:00:00,tuesday,commute,car,car,15.0,50,0.0,none,True,True,routine,Daily car commute ensures punctual arrival at school and allows dropping kids on the way.,12,2026-03-19T00:00:00,2026-03-25T23:59:59,Bamberg,home,Home (Burgstraße 12),Bamberg,work,Grundschule Bamberg
trip_416f38158abd_00136,416f3815-8abd-4044-96f3-7d50681054c0,2026-03-20T17:45:00,2026-03-20T18:25:00,tuesday,leisure,bike,bike|walking,5.8,40,0.0,none,False,True,routine,"Bike to the local gym for health, then walk the short last segment home, aligning with his active lifestyle.",12,2026-03-19T00:00:00,2026-03-25T23:59:59,Bamberg,work,Grundschule Bamberg,Bamberg,home,Home (Burgstraße 12)
trip_416f38158abd_00137,416f3815-8abd-4044-96f3-7d50681054c0,2026-03-21T07:12:00,2026-03-21T08:02:00,wednesday,commute,car,car,15.0,50,0.0,none,True,True,routine,"Standard weekday car commute, ensuring punctual arrival at school.",12,2026-03-19T00:00:00,2026-03-25T23:59:59,Bamberg,home,Home (Burgstraße 12),Bamberg,work,Grundschule Bamberg
trip_416f38158abd_00138,416f3815-8abd-4044-96f3-7d50681054c0,2026-03-21T16:45:00,2026-03-21T17:30:00,wednesday,family,car,car,12.0,45,0.0,none,False,True,routine,"Pick up children from school and drive home, a daily family routine.",12,2026-03-19T00:00:00,2026-03-25T23:59:59,Bamberg,work,Grundschule Bamberg,Bamberg,home,Home (Burgstraße 12)
trip_416f38158abd_00139,416f3815-8abd-4044-96f3-7d50681054c0,2026-03-22T07:08:00,2026-03-22T07:58:00,thursday,commute,car,car,15.0,50,0.0,none,True,True,routine,Consistent weekday car commute for work and school drop‑off.,12,2026-03-19T00:00:00,2026-03-25T23:59:59,Bamberg,home,Home (Burgstraße 12),Bamberg,work,Grundschule Bamberg
trip_416f38158abd_00140,416f3815-8abd-4044-96f3-7d50681054c0,2026-03-23T07:15:00,2026-03-23T08:05:00,friday,commute,car,car,15.0,50,0.0,none,True,True,routine,"Regular Friday car commute, ensuring timely arrival at school.",12,2026-03-19T00:00:00,2026-03-25T23:59:59,Bamberg,home,Home (Burgstraße 12),Bamberg,work,Grundschule Bamberg
trip_416f38158abd_00141,416f3815-8abd-4044-96f3-7d50681054c0,2026-03-23T17:30:00,2026-03-23T18:45:00,friday,leisure,car,car|car,18.0,75,0.0,none,False,False,spontaneous,"Family dinner out; car used for convenience, avoiding parking hassles at the restaurant.",12,2026-03-19T00:00:00,2026-03-25T23:59:59,Bamberg,work,Grundschule Bamberg,Bamberg,home,Home (Burgstraße 12)
trip_416f38158abd_00142,416f3815-8abd-4044-96f3-7d50681054c0,2026-03-24T09:00:00,2026-03-24T10:12:00,saturday,family,regional_train,walking|regional_train|walking,71.5,72,0.0,monthly_pass,False,False,planned,"Monthly train trip to visit relatives in Nürnberg, using the monthly pass for cost‑effectiveness.",12,2026-03-19T00:00:00,2026-03-25T23:59:59,Bamberg,home,Home (Burgstraße 12),Nürnberg,family_visit,Relative's house
trip_416f38158abd_00143,416f3815-8abd-4044-96f3-7d50681054c0,2026-03-24T10:00:00,2026-03-24T11:30:00,saturday,leisure,bike,bike|bike,6.0,90,0.0,none,False,True,routine,"Weekend family bike ride to the city park, matching high leisure intensity and bike ownership.",12,2026-03-19T00:00:00,2026-03-25T23:59:59,Bamberg,home,Home (Burgstraße 12),Bamberg,park,Stadtpark Bamberg
trip_416f38158abd_00144,416f3815-8abd-4044-96f3-7d50681054c0,2026-03-25T15:00:00,2026-03-25T16:07:00,sunday,family,regional_train,walking|regional_train|walking,71.0,67,0.0,monthly_pass,False,False,planned,"Return trip from Nürnberg to Bamberg, using the monthly pass for a cost‑effective family visit.",12,2026-03-19T00:00:00,2026-03-25T23:59:59,Nürnberg,family_visit,Relative's house,Bamberg,home,Home (Burgstraße 12)
trip_416f38158abd_00145,416f3815-8abd-4044-96f3-7d50681054c0,2026-03-26T07:15:00,2026-03-26T07:45:00,thursday,commute,car,car,10.0,30,2.5,none,True,True,routine,"Drives his own car for a reliable and fast commute to work, matching his priority of short travel time and convenience.",13,2026-03-26T00:00:00,2026-04-01T23:59:59,Bamberg,home,Home,Bamberg,work,Bamberg Primary School
trip_416f38158abd_00146,416f3815-8abd-4044-96f3-7d50681054c0,2026-03-26T16:30:00,2026-03-26T17:00:00,thursday,return_home,car,car,10.0,30,2.5,none,False,True,routine,"Uses his car to return home after work, ensuring a quick and comfortable end to the workday.",13,2026-03-26T00:00:00,2026-04-01T23:59:59,Bamberg,work,Bamberg Primary School,Bamberg,home,Home
trip_416f38158abd_00147,416f3815-8abd-4044-96f3-7d50681054c0,2026-03-27T07:10:00,2026-03-27T07:35:00,friday,family,car,car|car,10.0,25,2.5,none,True,True,routine,"Combines dropping the children at school and commuting to work in one car trip, maximizing convenience and minimizing total travel time.",13,2026-03-26T00:00:00,2026-04-01T23:59:59,Bamberg,home,Home,Bamberg,work,Bamberg Primary School
trip_416f38158abd_00148,416f3815-8abd-4044-96f3-7d50681054c0,2026-03-27T17:30:00,2026-03-27T17:57:00,friday,errands,bus,bus|car,8.0,27,1.2,monthly_pass,False,False,spontaneous,"Uses the regional bus for town‑centre errands to reduce car mileage, then drives home, balancing cost‑effectiveness with reliability.",13,2026-03-26T00:00:00,2026-04-01T23:59:59,Bamberg,work,Bamberg Primary School,Bamberg,home,Home
trip_416f38158abd_00149,416f3815-8abd-4044-96f3-7d50681054c0,2026-03-28T10:00:00,2026-03-28T10:25:00,saturday,leisure,car,car,12.0,25,3.0,none,False,False,planned,"Drives the family to the local park for weekend recreation, valuing convenience and short travel time.",13,2026-03-26T00:00:00,2026-04-01T23:59:59,Bamberg,home,Home,Bamberg,park,Stadtpark Bamberg
trip_416f38158abd_00150,416f3815-8abd-4044-96f3-7d50681054c0,2026-03-28T13:30:00,2026-03-28T13:55:00,saturday,return_home,car,car,12.0,25,3.0,none,False,False,spontaneous,"Returns home after the park visit, using the car for a quick and comfortable end to the leisure outing.",13,2026-03-26T00:00:00,2026-04-01T23:59:59,Bamberg,park,Stadtpark Bamberg,Bamberg,home,Home
trip_6928700a5ebd_00001,6928700a-5ebd-48cb-aee9-11b55bbee29a,2026-01-01T19:00:00,2026-01-01T19:10:00,thursday,leisure,shared_bike,walking|shared_bike|walking,1.8,10,0.0,none,False,False,spontaneous,"Evening meet‑up with friends, uses a shared bike for a quick, active trip.",1,2026-01-01T00:00:00,2026-01-07T23:59:59,Berlin,home,"Lea's apartment, 10407 Berlin",Berlin,cafe,Café am Gendarmenmarkt
trip_6928700a5ebd_00002,6928700a-5ebd-48cb-aee9-11b55bbee29a,2026-01-02T07:30:00,2026-01-02T07:57:00,friday,commute,public_transport,walking|subway|bike,6.0,27,0.0,monthly_pass,True,True,routine,"Uses preferred subway and bike for a fast, sustainable commute, fully covered by her monthly pass.",1,2026-01-01T00:00:00,2026-01-07T23:59:59,Berlin,home,"Lea's apartment, 10407 Berlin",Berlin,work,"Tech Hub Berlin, Mitte"
trip_6928700a5ebd_00003,6928700a-5ebd-48cb-aee9-11b55bbee29a,2026-01-02T17:30:00,2026-01-02T17:57:00,friday,commute,public_transport,bike|subway|walking,6.0,27,0.0,monthly_pass,True,True,routine,"Combines bike and subway for a quick, eco‑friendly return home, covered by her monthly pass.",1,2026-01-01T00:00:00,2026-01-07T23:59:59,Berlin,work,"Tech Hub Berlin, Mitte",Berlin,home,"Lea's apartment, 10407 Berlin"
trip_6928700a5ebd_00004,6928700a-5ebd-48cb-aee9-11b55bbee29a,2026-01-02T18:30:00,2026-01-02T18:38:00,friday,leisure,bike,bike,2.0,8,0.0,none,False,False,spontaneous,"After work, rides her own bike to a nearby gym for a quick workout.",1,2026-01-01T00:00:00,2026-01-07T23:59:59,Berlin,work,"Tech Hub Berlin, Mitte",Berlin,fitness,"FitX Fitness Studio, Kreuzberg"
trip_6928700a5ebd_00005,6928700a-5ebd-48cb-aee9-11b55bbee29a,2026-01-03T10:00:00,2026-01-03T10:19:00,saturday,leisure,public_transport,walking|tram|walking,3.5,19,0.0,monthly_pass,False,False,planned,"Weekend cultural visit, uses tram and short walks, covered by her monthly pass.",1,2026-01-01T00:00:00,2026-01-07T23:59:59,Berlin,home,"Lea's apartment, 10407 Berlin",Berlin,culture,Pergamon Museum
trip_6928700a5ebd_00006,6928700a-5ebd-48cb-aee9-11b55bbee29a,2026-01-03T14:00:00,2026-01-03T14:11:00,saturday,leisure,shared_bike,walking|shared_bike|walking,1.7,11,0.0,none,False,False,spontaneous,"Afternoon movie after museum, uses a shared bike for a quick, active transfer.",1,2026-01-01T00:00:00,2026-01-07T23:59:59,Berlin,culture,Pergamon Museum,Berlin,cinema,CineStar Original at Sony Center
trip_6928700a5ebd_00007,6928700a-5ebd-48cb-aee9-11b55bbee29a,2026-01-04T11:30:00,2026-01-04T11:53:00,sunday,leisure,public_transport,walking|subway|walking,4.7,23,0.0,monthly_pass,False,False,planned,"Sunday brunch with friends, uses subway and short walks, covered by monthly pass.",1,2026-01-01T00:00:00,2026-01-07T23:59:59,Berlin,home,"Lea's apartment, 10407 Berlin",Berlin,restaurant,Restaurant Tim Raue
trip_6928700a5ebd_00008,6928700a-5ebd-48cb-aee9-11b55bbee29a,2026-01-04T13:30:00,2026-01-04T13:53:00,sunday,return_home,public_transport,walking|subway|walking,4.7,23,0.0,monthly_pass,False,False,routine,"Return home after brunch, uses the same subway route, covered by monthly pass.",1,2026-01-01T00:00:00,2026-01-07T23:59:59,Berlin,restaurant,Restaurant Tim Raue,Berlin,home,"Lea's apartment, 10407 Berlin"
trip_6928700a5ebd_00009,6928700a-5ebd-48cb-aee9-11b55bbee29a,2026-01-05T07:45:00,2026-01-05T08:12:00,monday,commute,public_transport,walking|subway|bike,6.0,27,0.0,monthly_pass,True,True,routine,"Follows her regular Monday commute using subway and bike, fully covered by the monthly pass.",1,2026-01-01T00:00:00,2026-01-07T23:59:59,Berlin,home,"Lea's apartment, 10407 Berlin",Berlin,work,"Tech Hub Berlin, Mitte"
trip_6928700a5ebd_00010,6928700a-5ebd-48cb-aee9-11b55bbee29a,2026-01-05T18:00:00,2026-01-05T18:27:00,monday,commute,public_transport,bike|subway|walking,6.0,27,0.0,monthly_pass,True,True,routine,"Standard Monday return home using bike to the station, subway, and a short walk.",1,2026-01-01T00:00:00,2026-01-07T23:59:59,Berlin,work,"Tech Hub Berlin, Mitte",Berlin,home,"Lea's apartment, 10407 Berlin"
trip_6928700a5ebd_00011,6928700a-5ebd-48cb-aee9-11b55bbee29a,2026-01-07T07:40:00,2026-01-07T08:07:00,wednesday,commute,public_transport,walking|subway|bike,6.0,27,0.0,monthly_pass,True,True,routine,"Wednesday commute follows her usual mixed-mode pattern, leveraging the monthly pass.",1,2026-01-01T00:00:00,2026-01-07T23:59:59,Berlin,home,"Lea's apartment, 10407 Berlin",Berlin,work,"Tech Hub Berlin, Mitte"
trip_6928700a5ebd_00012,6928700a-5ebd-48cb-aee9-11b55bbee29a,2026-01-07T18:10:00,2026-01-07T18:37:00,wednesday,commute,public_transport,bike|subway|walking,6.0,27,0.0,monthly_pass,True,True,routine,"Standard Wednesday return home using bike, subway and a short walk, covered by the monthly pass.",1,2026-01-01T00:00:00,2026-01-07T23:59:59,Berlin,work,"Tech Hub Berlin, Mitte",Berlin,home,"Lea's apartment, 10407 Berlin"
trip_6928700a5ebd_00013,6928700a-5ebd-48cb-aee9-11b55bbee29a,2026-01-08T07:30:00,2026-01-08T07:57:00,thursday,commute,public_transport,walking|subway|bike,7.5,27,0.0,monthly_pass,True,True,routine,"Uses public transport and bike for a fast, sustainable door‑to‑door commute, matching her high PT affinity and sustainability priority.",2,2026-01-08T00:00:00,2026-01-14T23:59:59,Berlin,home,"Lea's apartment, Berlin-Mitte",Berlin,work,"Tech office, Alexanderplatz"
trip_6928700a5ebd_00014,6928700a-5ebd-48cb-aee9-11b55bbee29a,2026-01-08T17:15:00,2026-01-08T17:42:00,thursday,commute,public_transport,bike|subway|walking,7.5,27,0.0,monthly_pass,True,True,routine,"Returns home using the same sustainable multimodal chain, keeping travel time short and carbon footprint low.",2,2026-01-08T00:00:00,2026-01-14T23:59:59,Berlin,work,"Tech office, Alexanderplatz",Berlin,home,"Lea's apartment, Berlin-Mitte"
trip_6928700a5ebd_00015,6928700a-5ebd-48cb-aee9-11b55bbee29a,2026-01-08T18:00:00,2026-01-08T18:08:00,thursday,leisure,walking,walking,0.6,8,0.0,none,False,False,spontaneous,"After work she walks to a nearby café, fitting her frequent evening social activities and preference for walking short distances.",2,2026-01-08T00:00:00,2026-01-14T23:59:59,Berlin,work,"Tech office, Alexanderplatz",Berlin,cafe,Café am Hackeschen Markt
trip_6928700a5ebd_00016,6928700a-5ebd-48cb-aee9-11b55bbee29a,2026-01-08T20:30:00,2026-01-08T20:40:00,thursday,return_home,bike,bike,2.0,10,0.0,none,False,False,routine,"Bike home after a relaxed café visit, aligning with her habit of cycling the last kilometre.",2,2026-01-08T00:00:00,2026-01-14T23:59:59,Berlin,cafe,Café am Hackeschen Markt,Berlin,home,"Lea's apartment, Berlin-Mitte"
trip_6928700a5ebd_00017,6928700a-5ebd-48cb-aee9-11b55bbee29a,2026-01-09T19:00:00,2026-01-09T19:17:00,friday,leisure,shared_bike,walking|shared_bike,3.3,17,0.0,none,False,False,planned,"Evening workout after a workday; she walks to a nearby shared‑bike dock and rides to the gym, matching her active lifestyle.",2,2026-01-08T00:00:00,2026-01-14T23:59:59,Berlin,home,"Lea's apartment, Berlin-Mitte",Berlin,fitness,"FitX Fitnessstudio, Kreuzberg"
trip_6928700a5ebd_00018,6928700a-5ebd-48cb-aee9-11b55bbee29a,2026-01-09T21:00:00,2026-01-09T21:12:00,friday,return_home,bike,bike,3.0,12,0.0,none,False,False,routine,"Bike home after the workout, keeping the evening active and avoiding car use.",2,2026-01-08T00:00:00,2026-01-14T23:59:59,Berlin,fitness,"FitX Fitnessstudio, Kreuzberg",Berlin,home,"Lea's apartment, Berlin-Mitte"
trip_6928700a5ebd_00019,6928700a-5ebd-48cb-aee9-11b55bbee29a,2026-01-11T09:00:00,2026-01-11T09:38:00,sunday,leisure,regional_train,walking|regional_train|walking,31.0,38,0.0,monthly_pass,False,False,planned,Weekend cultural outing; uses her monthly pass for the regional train and walks the short distances at each end.,2,2026-01-08T00:00:00,2026-01-14T23:59:59,Berlin,home,"Lea's apartment, Berlin-Mitte",Potsdam,culture,"Neues Palais, Sanssouci Park"
trip_6928700a5ebd_00020,6928700a-5ebd-48cb-aee9-11b55bbee29a,2026-01-11T18:00:00,2026-01-11T18:38:00,sunday,return_home,regional_train,walking|regional_train|walking,31.0,38,0.0,monthly_pass,False,False,spontaneous,"Return from the cultural day trip, again using her monthly pass and short walks, fitting her preference for sustainable travel.",2,2026-01-08T00:00:00,2026-01-14T23:59:59,Potsdam,culture,"Neues Palais, Sanssouci Park",Berlin,home,"Lea's apartment, Berlin-Mitte"
trip_6928700a5ebd_00021,6928700a-5ebd-48cb-aee9-11b55bbee29a,2026-01-12T07:25:00,2026-01-12T07:52:00,monday,commute,public_transport,walking|subway|bike,7.5,27,0.0,monthly_pass,True,True,routine,"Morning commute on a hybrid workday, using her preferred mix of PT and bike for speed and sustainability.",2,2026-01-08T00:00:00,2026-01-14T23:59:59,Berlin,home,"Lea's apartment, Berlin-Mitte",Berlin,work,"Tech office, Alexanderplatz"
trip_6928700a5ebd_00022,6928700a-5ebd-48cb-aee9-11b55bbee29a,2026-01-12T17:20:00,2026-01-12T17:47:00,monday,commute,public_transport,bike|subway|walking,7.5,27,0.0,monthly_pass,True,True,routine,Evening return home using the same efficient multimodal chain.,2,2026-01-08T00:00:00,2026-01-14T23:59:59,Berlin,work,"Tech office, Alexanderplatz",Berlin,home,"Lea's apartment, Berlin-Mitte"
trip_6928700a5ebd_00023,6928700a-5ebd-48cb-aee9-11b55bbee29a,2026-01-14T07:20:00,2026-01-14T07:47:00,wednesday,commute,public_transport,walking|subway|bike,7.5,27,0.0,monthly_pass,True,True,routine,"Mid‑week commute using her preferred sustainable mix of walking, subway and bike.",2,2026-01-08T00:00:00,2026-01-14T23:59:59,Berlin,home,"Lea's apartment, Berlin-Mitte",Berlin,work,"Tech office, Alexanderplatz"
trip_6928700a5ebd_00024,6928700a-5ebd-48cb-aee9-11b55bbee29a,2026-01-14T17:10:00,2026-01-14T17:37:00,wednesday,commute,public_transport,bike|subway|walking,7.5,27,0.0,monthly_pass,True,True,routine,"Evening return home after a hybrid workday, keeping travel fast and eco‑friendly.",2,2026-01-08T00:00:00,2026-01-14T23:59:59,Berlin,work,"Tech office, Alexanderplatz",Berlin,home,"Lea's apartment, Berlin-Mitte"
trip_6928700a5ebd_00025,6928700a-5ebd-48cb-aee9-11b55bbee29a,2026-01-15T10:00:00,2026-01-15T10:43:00,saturday,leisure,regional_train,walking|regional_train|walking,30.8,43,0.0,monthly_pass,False,False,planned,"Weekend day trip to Potsdam using regional train, covered by her monthly pass and fitting her high leisure activity level.",3,2026-01-15T00:00:00,2026-01-21T23:59:59,Berlin,home,"Lea's Apartment, Prenzlauer Berg",Potsdam,other,Potsdam City Center
trip_6928700a5ebd_00026,6928700a-5ebd-48cb-aee9-11b55bbee29a,2026-01-15T16:30:00,2026-01-15T17:13:00,saturday,return_home,regional_train,walking|regional_train|walking,30.8,43,0.0,monthly_pass,False,False,planned,"Return from the weekend day trip, using the same sustainable train and walking legs, covered by her monthly pass.",3,2026-01-15T00:00:00,2026-01-21T23:59:59,Potsdam,other,Potsdam City Center,Berlin,home,"Lea's Apartment, Prenzlauer Berg"
trip_6928700a5ebd_00027,6928700a-5ebd-48cb-aee9-11b55bbee29a,2026-01-17T08:00:00,2026-01-17T08:25:00,monday,commute,public_transport,walking|subway|bike,7.4,25,0.0,monthly_pass,True,True,routine,"Daily commute using preferred public‑transport and bike for the last kilometre, matching her hybrid work pattern and sustainability priority.",3,2026-01-15T00:00:00,2026-01-21T23:59:59,Berlin,home,"Lea's Apartment, Prenzlauer Berg",Berlin,work,"TechCo Office, Berlin-Mitte"
trip_6928700a5ebd_00028,6928700a-5ebd-48cb-aee9-11b55bbee29a,2026-01-17T17:30:00,2026-01-17T17:52:00,monday,return_home,public_transport,bike|subway|walking,7.4,22,0.0,monthly_pass,True,True,routine,"Standard return home after work, using bike to the U‑Bahn and subway, aligned with her hybrid commute routine.",3,2026-01-15T00:00:00,2026-01-21T23:59:59,Berlin,work,"TechCo Office, Berlin-Mitte",Berlin,home,"Lea's Apartment, Prenzlauer Berg"
trip_6928700a5ebd_00029,6928700a-5ebd-48cb-aee9-11b55bbee29a,2026-01-17T19:30:00,2026-01-17T19:42:00,monday,leisure,bike,bike,3.0,12,0.0,none,False,False,spontaneous,"Evening meet‑up with friends at a café, using her bike for an active, sustainable trip.",3,2026-01-15T00:00:00,2026-01-21T23:59:59,Berlin,home,"Lea's Apartment, Prenzlauer Berg",Berlin,cafe,"Café am Neuen See, Tiergarten"
trip_6928700a5ebd_00030,6928700a-5ebd-48cb-aee9-11b55bbee29a,2026-01-17T21:30:00,2026-01-17T21:42:00,monday,return_home,bike,bike,3.0,12,0.0,none,False,False,spontaneous,Bike back home after a relaxed evening at the café.,3,2026-01-15T00:00:00,2026-01-21T23:59:59,Berlin,cafe,"Café am Neuen See, Tiergarten",Berlin,home,"Lea's Apartment, Prenzlauer Berg"
trip_6928700a5ebd_00031,6928700a-5ebd-48cb-aee9-11b55bbee29a,2026-01-19T08:10:00,2026-01-19T08:35:00,wednesday,commute,public_transport,walking|subway|bike,7.4,25,0.0,monthly_pass,True,True,routine,"Mid‑week commute using her preferred mix of walking, subway and bike, fitting her hybrid schedule.",3,2026-01-15T00:00:00,2026-01-21T23:59:59,Berlin,home,"Lea's Apartment, Prenzlauer Berg",Berlin,work,"TechCo Office, Berlin-Mitte"
trip_6928700a5ebd_00032,6928700a-5ebd-48cb-aee9-11b55bbee29a,2026-01-19T17:45:00,2026-01-19T18:07:00,wednesday,return_home,public_transport,bike|subway|walking,7.4,22,0.0,monthly_pass,True,True,routine,"Standard evening return using bike to the U‑Bahn and subway, matching her hybrid commute pattern.",3,2026-01-15T00:00:00,2026-01-21T23:59:59,Berlin,work,"TechCo Office, Berlin-Mitte",Berlin,home,"Lea's Apartment, Prenzlauer Berg"
trip_6928700a5ebd_00033,6928700a-5ebd-48cb-aee9-11b55bbee29a,2026-01-19T18:30:00,2026-01-19T18:40:00,wednesday,leisure,bike,bike,2.5,10,0.0,none,False,False,spontaneous,"Evening workout, using her bike to reach the gym quickly.",3,2026-01-15T00:00:00,2026-01-21T23:59:59,Berlin,home,"Lea's Apartment, Prenzlauer Berg",Berlin,fitness,"FitX Gym, Friedrichshain"
trip_6928700a5ebd_00034,6928700a-5ebd-48cb-aee9-11b55bbee29a,2026-01-19T20:00:00,2026-01-19T20:10:00,wednesday,return_home,bike,bike,2.5,10,0.0,none,False,False,spontaneous,"Bike back home after the workout, keeping active and sustainable.",3,2026-01-15T00:00:00,2026-01-21T23:59:59,Berlin,fitness,"FitX Gym, Friedrichshain",Berlin,home,"Lea's Apartment, Prenzlauer Berg"
trip_6928700a5ebd_00035,6928700a-5ebd-48cb-aee9-11b55bbee29a,2026-01-21T08:05:00,2026-01-21T08:30:00,friday,commute,public_transport,walking|subway|bike,7.4,25,0.0,monthly_pass,True,True,routine,"Friday commute using her usual mix of walking, subway and bike, aligning with her hybrid schedule.",3,2026-01-15T00:00:00,2026-01-21T23:59:59,Berlin,home,"Lea's Apartment, Prenzlauer Berg",Berlin,work,"TechCo Office, Berlin-Mitte"
trip_6928700a5ebd_00036,6928700a-5ebd-48cb-aee9-11b55bbee29a,2026-01-21T18:00:00,2026-01-21T18:22:00,friday,return_home,public_transport,bike|subway|walking,7.4,22,0.0,monthly_pass,True,True,routine,"Friday evening return home using bike, subway and walking, consistent with her commuting habit.",3,2026-01-15T00:00:00,2026-01-21T23:59:59,Berlin,work,"TechCo Office, Berlin-Mitte",Berlin,home,"Lea's Apartment, Prenzlauer Berg"
trip_6928700a5ebd_00037,6928700a-5ebd-48cb-aee9-11b55bbee29a,2026-01-22T08:00:00,2026-01-22T08:22:00,monday,commute,subway,walking|subway|walking,4.4,22,0.0,monthly_pass,True,True,routine,Regular commute using sustainable public transport and bike‑friendly routes.,4,2026-01-22T00:00:00,2026-01-28T23:59:59,Berlin,home,"Lea's Apartment, Friedrichshain",Berlin,work,"TechCo Office, Berlin-Mitte"
trip_6928700a5ebd_00038,6928700a-5ebd-48cb-aee9-11b55bbee29a,2026-01-22T17:30:00,2026-01-22T17:52:00,monday,commute,subway,walking|subway|walking,4.4,22,0.0,monthly_pass,True,True,routine,Regular commute using sustainable public transport and bike‑friendly routes.,4,2026-01-22T00:00:00,2026-01-28T23:59:59,Berlin,work,"TechCo Office, Berlin-Mitte",Berlin,home,"Lea's Apartment, Friedrichshain"
trip_6928700a5ebd_00039,6928700a-5ebd-48cb-aee9-11b55bbee29a,2026-01-22T19:30:00,2026-01-22T19:45:00,monday,leisure,shared_bike,walking|shared_bike,3.2,15,0.0,none,False,False,spontaneous,"Evening meet‑up with friends using shared bike for quick, car‑free travel.",4,2026-01-22T00:00:00,2026-01-28T23:59:59,Berlin,home,"Lea's Apartment, Friedrichshain",Berlin,restaurant,Kreuzberg Bistro
trip_6928700a5ebd_00040,6928700a-5ebd-48cb-aee9-11b55bbee29a,2026-01-23T10:00:00,2026-01-23T10:10:00,tuesday,errands,shared_bike,walking|shared_bike,2.2,10,0.0,none,False,False,planned,Planned grocery run using shared bike to stay active and avoid car.,4,2026-01-22T00:00:00,2026-01-28T23:59:59,Berlin,home,"Lea's Apartment, Friedrichshain",Berlin,errands,"Bio Markt, Friedrichshain"
trip_6928700a5ebd_00041,6928700a-5ebd-48cb-aee9-11b55bbee29a,2026-01-23T18:00:00,2026-01-23T18:15:00,tuesday,leisure,bike,bike,5.0,15,0.0,none,False,False,spontaneous,"After‑work workout, rides own bike for health and sustainability.",4,2026-01-22T00:00:00,2026-01-28T23:59:59,Berlin,home,"Lea's Apartment, Friedrichshain",Berlin,fitness,"FitX Gym, Prenzlauer Berg"
trip_6928700a5ebd_00042,6928700a-5ebd-48cb-aee9-11b55bbee29a,2026-01-24T08:05:00,2026-01-24T08:26:00,wednesday,commute,tram,walking|tram|walking,3.7,21,0.0,monthly_pass,True,True,routine,Regular commute using sustainable public transport and bike‑friendly routes.,4,2026-01-22T00:00:00,2026-01-28T23:59:59,Berlin,home,"Lea's Apartment, Friedrichshain",Berlin,work,"TechCo Office, Berlin-Mitte"
trip_6928700a5ebd_00043,6928700a-5ebd-48cb-aee9-11b55bbee29a,2026-01-24T17:35:00,2026-01-24T17:56:00,wednesday,commute,tram,walking|tram|walking,3.7,21,0.0,monthly_pass,True,True,routine,Regular commute using sustainable public transport and bike‑friendly routes.,4,2026-01-22T00:00:00,2026-01-28T23:59:59,Berlin,work,"TechCo Office, Berlin-Mitte",Berlin,home,"Lea's Apartment, Friedrichshain"
trip_6928700a5ebd_00044,6928700a-5ebd-48cb-aee9-11b55bbee29a,2026-01-26T08:10:00,2026-01-26T08:33:00,friday,commute,subway,walking|subway|bike,5.9,23,0.0,monthly_pass,True,True,routine,Regular commute using sustainable public transport and bike‑friendly routes.,4,2026-01-22T00:00:00,2026-01-28T23:59:59,Berlin,home,"Lea's Apartment, Friedrichshain",Berlin,work,"TechCo Office, Berlin-Mitte"
trip_6928700a5ebd_00045,6928700a-5ebd-48cb-aee9-11b55bbee29a,2026-01-26T17:45:00,2026-01-26T18:08:00,friday,commute,subway,bike|subway|walking,5.9,23,0.0,monthly_pass,True,True,routine,Regular commute using sustainable public transport and bike‑friendly routes.,4,2026-01-22T00:00:00,2026-01-28T23:59:59,Berlin,work,"TechCo Office, Berlin-Mitte",Berlin,home,"Lea's Apartment, Friedrichshain"
trip_6928700a5ebd_00046,6928700a-5ebd-48cb-aee9-11b55bbee29a,2026-01-27T11:00:00,2026-01-27T11:25:00,saturday,leisure,subway,walking|subway|walking,4.9,25,0.0,monthly_pass,False,False,planned,Weekend cultural outing using public transport covered by monthly pass.,4,2026-01-22T00:00:00,2026-01-28T23:59:59,Berlin,home,"Lea's Apartment, Friedrichshain",Berlin,culture,Pergamon Museum
trip_6928700a5ebd_00047,6928700a-5ebd-48cb-aee9-11b55bbee29a,2026-01-27T20:00:00,2026-01-27T20:14:00,saturday,leisure,shared_bike,walking|shared_bike,3.2,14,0.0,none,False,False,spontaneous,"Evening bar visit, uses shared bike for quick, car‑free mobility.",4,2026-01-22T00:00:00,2026-01-28T23:59:59,Berlin,home,"Lea's Apartment, Friedrichshain",Berlin,restaurant,Bar im Prenzlauer Berg
trip_6928700a5ebd_00048,6928700a-5ebd-48cb-aee9-11b55bbee29a,2026-01-28T09:00:00,2026-01-28T11:41:00,sunday,leisure,regional_train,walking|regional_train|walking,201.0,161,9.5,day_ticket,False,False,planned,"Weekend long‑distance trip, uses regional train with day ticket for sustainable travel.",4,2026-01-22T00:00:00,2026-01-28T23:59:59,Berlin,home,"Lea's Apartment, Friedrichshain",Dresden,culture,Dresden City Centre
trip_6928700a5ebd_00049,6928700a-5ebd-48cb-aee9-11b55bbee29a,2026-01-29T07:45:00,2026-01-29T08:20:00,thursday,commute,public_transport,walking|tram|subway|bike,8.4,35,0.0,monthly_pass,True,True,routine,Daily commute using public transport and bike aligns with Lea's sustainability focus and hybrid work schedule.,5,2026-01-29T00:00:00,2026-02-04T23:59:59,Berlin,home,"Lea's Apartment, Prenzlauer Berg",Berlin,work,"TechCo Office, Friedrichshain"
trip_6928700a5ebd_00050,6928700a-5ebd-48cb-aee9-11b55bbee29a,2026-01-29T17:30:00,2026-01-29T18:10:00,thursday,commute,public_transport,bike|subway|tram|walking,8.3,40,0.0,monthly_pass,True,True,routine,Evening return using bike and public transport mirrors Lea's preferred sustainable mode mix.,5,2026-01-29T00:00:00,2026-02-04T23:59:59,Berlin,work,"TechCo Office, Friedrichshain",Berlin,home,"Lea's Apartment, Prenzlauer Berg"
trip_6928700a5ebd_00051,6928700a-5ebd-48cb-aee9-11b55bbee29a,2026-01-30T07:50:00,2026-01-30T08:25:00,monday,commute,public_transport,walking|tram|subway|bike,8.4,35,0.0,monthly_pass,True,True,routine,"Morning commute on a hybrid work day, using her preferred mix of public transport and bike.",5,2026-01-29T00:00:00,2026-02-04T23:59:59,Berlin,home,"Lea's Apartment, Prenzlauer Berg",Berlin,work,"TechCo Office, Friedrichshain"
trip_6928700a5ebd_00052,6928700a-5ebd-48cb-aee9-11b55bbee29a,2026-01-30T17:35:00,2026-01-30T18:15:00,monday,commute,public_transport,bike|subway|tram|walking,8.3,40,0.0,monthly_pass,True,True,routine,Evening return follows her usual sustainable route.,5,2026-01-29T00:00:00,2026-02-04T23:59:59,Berlin,work,"TechCo Office, Friedrichshain",Berlin,home,"Lea's Apartment, Prenzlauer Berg"
trip_6928700a5ebd_00053,6928700a-5ebd-48cb-aee9-11b55bbee29a,2026-01-30T19:00:00,2026-01-30T19:30:00,monday,leisure,bike,bike|walking,2.3,30,0.0,none,False,False,spontaneous,"After‑work dinner with friends, using bike fits her active, sustainable lifestyle.",5,2026-01-29T00:00:00,2026-02-04T23:59:59,Berlin,work,"TechCo Office, Friedrichshain",Berlin,restaurant,Kreuzberg Bistro
trip_6928700a5ebd_00054,6928700a-5ebd-48cb-aee9-11b55bbee29a,2026-01-30T21:00:00,2026-01-30T21:45:00,monday,return_home,bike,bike|walking,2.4,45,0.0,none,False,False,spontaneous,"Late‑night return home after dinner, using bike for a quick, eco‑friendly trip.",5,2026-01-29T00:00:00,2026-02-04T23:59:59,Berlin,restaurant,Kreuzberg Bistro,Berlin,home,"Lea's Apartment, Prenzlauer Berg"
trip_6928700a5ebd_00055,6928700a-5ebd-48cb-aee9-11b55bbee29a,2026-02-01T07:55:00,2026-02-01T08:30:00,tuesday,commute,public_transport,walking|tram|subway|bike,8.4,35,0.0,monthly_pass,True,True,routine,Mid‑week commute using her preferred sustainable combo.,5,2026-01-29T00:00:00,2026-02-04T23:59:59,Berlin,home,"Lea's Apartment, Prenzlauer Berg",Berlin,work,"TechCo Office, Friedrichshain"
trip_6928700a5ebd_00056,6928700a-5ebd-48cb-aee9-11b55bbee29a,2026-02-01T17:40:00,2026-02-01T18:20:00,tuesday,commute,public_transport,bike|subway|tram|walking,8.3,40,0.0,monthly_pass,True,True,routine,"Evening return on a hybrid workday, matching her eco‑friendly routine.",5,2026-01-29T00:00:00,2026-02-04T23:59:59,Berlin,work,"TechCo Office, Friedrichshain",Berlin,home,"Lea's Apartment, Prenzlauer Berg"
trip_6928700a5ebd_00057,6928700a-5ebd-48cb-aee9-11b55bbee29a,2026-02-03T10:00:00,2026-02-03T10:30:00,saturday,leisure,public_transport,walking|regional_train|walking,6.1,30,0.0,monthly_pass,False,False,planned,Weekend cultural outing aligns with Lea's high leisure intensity and use of public transport.,5,2026-01-29T00:00:00,2026-02-04T23:59:59,Berlin,home,"Lea's Apartment, Prenzlauer Berg",Berlin,culture,Museum Island
trip_6928700a5ebd_00058,6928700a-5ebd-48cb-aee9-11b55bbee29a,2026-02-03T13:30:00,2026-02-03T14:00:00,saturday,return_home,public_transport,walking|regional_train|walking,6.1,30,0.0,monthly_pass,False,False,spontaneous,Return home after museum visit using familiar public‑transport route.,5,2026-01-29T00:00:00,2026-02-04T23:59:59,Berlin,culture,Museum Island,Berlin,home,"Lea's Apartment, Prenzlauer Berg"
trip_6928700a5ebd_00059,6928700a-5ebd-48cb-aee9-11b55bbee29a,2026-02-04T11:00:00,2026-02-04T11:25:00,sunday,leisure,shared_bike,walking|shared_bike|walking,3.6,25,0.0,none,False,False,spontaneous,Sunday park outing fits her active lifestyle and preference for bike‑based trips.,5,2026-01-29T00:00:00,2026-02-04T23:59:59,Berlin,home,"Lea's Apartment, Prenzlauer Berg",Berlin,park,Tiergarten Park
trip_6928700a5ebd_00060,6928700a-5ebd-48cb-aee9-11b55bbee29a,2026-02-04T13:00:00,2026-02-04T13:25:00,sunday,return_home,shared_bike,walking|shared_bike|walking,3.6,25,0.0,none,False,False,spontaneous,Return home after park visit using the same bike‑friendly route.,5,2026-01-29T00:00:00,2026-02-04T23:59:59,Berlin,park,Tiergarten Park,Berlin,home,"Lea's Apartment, Prenzlauer Berg"
trip_6928700a5ebd_00061,6928700a-5ebd-48cb-aee9-11b55bbee29a,2026-02-05T07:45:00,2026-02-05T08:10:00,thursday,commute,bike,walking|subway|bike,8.4,25,0.0,monthly_pass,True,True,routine,"Combines subway and bike as stated, fast, sustainable and covered by her monthly pass.",6,2026-02-05T00:00:00,2026-02-11T23:59:59,Berlin,home,Lea's apartment,Berlin,work,Office at Kottbusser Tor
trip_6928700a5ebd_00062,6928700a-5ebd-48cb-aee9-11b55bbee29a,2026-02-05T18:30:00,2026-02-05T18:55:00,thursday,return_home,bike,bike|subway|walking,8.4,25,0.0,monthly_pass,True,True,routine,"Uses bike and subway for the return leg, matching her sustainable commute routine.",6,2026-02-05T00:00:00,2026-02-11T23:59:59,Berlin,work,Office at Kottbusser Tor,Berlin,home,Lea's apartment
trip_6928700a5ebd_00063,6928700a-5ebd-48cb-aee9-11b55bbee29a,2026-02-05T19:15:00,2026-02-05T19:23:00,thursday,leisure,walking,walking,0.6,8,0.0,none,False,False,spontaneous,"Evening cafe visit after work, aligns with her frequent evening leisure outings.",6,2026-02-05T00:00:00,2026-02-11T23:59:59,Berlin,home,Lea's apartment,Berlin,cafe,Café Einstein
trip_6928700a5ebd_00064,6928700a-5ebd-48cb-aee9-11b55bbee29a,2026-02-07T11:00:00,2026-02-07T11:12:00,saturday,errands,bike,bike,4.0,12,0.0,none,False,False,planned,"Uses her bike for Saturday errands, keeping active and avoiding car use.",6,2026-02-05T00:00:00,2026-02-11T23:59:59,Berlin,home,Lea's apartment,Berlin,shopping,Mitte Market
trip_6928700a5ebd_00065,6928700a-5ebd-48cb-aee9-11b55bbee29a,2026-02-07T14:00:00,2026-02-07T14:17:00,saturday,leisure,tram,walking|tram|walking,2.5,17,0.0,monthly_pass,False,False,planned,"Cultural afternoon visit using tram, covered by her monthly pass.",6,2026-02-05T00:00:00,2026-02-11T23:59:59,Berlin,home,Lea's apartment,Berlin,culture,Museum Island
trip_6928700a5ebd_00066,6928700a-5ebd-48cb-aee9-11b55bbee29a,2026-02-07T19:30:00,2026-02-07T19:36:00,saturday,leisure,shared_bike,shared_bike,2.0,6,2.0,none,False,False,spontaneous,"Uses a shared bike for a quick night out, fitting her active nightlife habit.",6,2026-02-05T00:00:00,2026-02-11T23:59:59,Berlin,home,Lea's apartment,Berlin,nightlife,Kreuzberg Bar
trip_6928700a5ebd_00067,6928700a-5ebd-48cb-aee9-11b55bbee29a,2026-02-08T09:00:00,2026-02-08T09:47:00,sunday,leisure,regional_train,bike|regional_train|walking,35.5,47,0.0,monthly_pass,False,False,planned,"Weekend day trip by regional train, fully covered by her monthly pass, with bike access to the station.",6,2026-02-05T00:00:00,2026-02-11T23:59:59,Berlin,home,Lea's apartment,Potsdam,culture,Schloss Sanssouci
trip_6928700a5ebd_00068,6928700a-5ebd-48cb-aee9-11b55bbee29a,2026-02-08T18:30:00,2026-02-08T19:17:00,sunday,return_home,regional_train,walking|regional_train|bike,35.5,47,0.0,monthly_pass,False,False,planned,"Return from day trip, using same sustainable modes as outbound.",6,2026-02-05T00:00:00,2026-02-11T23:59:59,Potsdam,culture,Schloss Sanssouci,Berlin,home,Lea's apartment
trip_6928700a5ebd_00069,6928700a-5ebd-48cb-aee9-11b55bbee29a,2026-02-09T07:45:00,2026-02-09T08:10:00,monday,commute,bike,walking|subway|bike,8.4,25,0.0,monthly_pass,True,True,routine,"Standard hybrid‑work commute using subway and bike, covered by her monthly pass.",6,2026-02-05T00:00:00,2026-02-11T23:59:59,Berlin,home,Lea's apartment,Berlin,work,Office at Kottbusser Tor
trip_6928700a5ebd_00070,6928700a-5ebd-48cb-aee9-11b55bbee29a,2026-02-09T18:45:00,2026-02-09T19:10:00,monday,return_home,bike,bike|subway|walking,8.4,25,0.0,monthly_pass,True,True,routine,Evening return using the same sustainable mix of bike and subway.,6,2026-02-05T00:00:00,2026-02-11T23:59:59,Berlin,work,Office at Kottbusser Tor,Berlin,home,Lea's apartment
trip_6928700a5ebd_00071,6928700a-5ebd-48cb-aee9-11b55bbee29a,2026-02-11T07:45:00,2026-02-11T08:10:00,wednesday,commute,bike,walking|subway|bike,8.4,25,0.0,monthly_pass,True,True,routine,"Mid‑week office day, same sustainable door‑to‑door pattern.",6,2026-02-05T00:00:00,2026-02-11T23:59:59,Berlin,home,Lea's apartment,Berlin,work,Office at Kottbusser Tor
trip_6928700a5ebd_00072,6928700a-5ebd-48cb-aee9-11b55bbee29a,2026-02-11T18:30:00,2026-02-11T18:55:00,wednesday,return_home,bike,bike|subway|walking,8.4,25,0.0,monthly_pass,True,True,routine,Evening return using her preferred bike‑subway combination.,6,2026-02-05T00:00:00,2026-02-11T23:59:59,Berlin,work,Office at Kottbusser Tor,Berlin,home,Lea's apartment
trip_6928700a5ebd_00073,6928700a-5ebd-48cb-aee9-11b55bbee29a,2026-02-12T08:05:00,2026-02-12T08:40:00,thursday,commute,public_transport,walking|subway|bike,8.4,35,0.0,monthly_pass,True,True,routine,"Combines public transport with a bike for the last kilometre, matching Lea's sustainability focus and speed preference.",7,2026-02-12T00:00:00,2026-02-18T23:59:59,Berlin,home,Lea's Apartment,Berlin,work,Tech Hub Berlin
trip_6928700a5ebd_00074,6928700a-5ebd-48cb-aee9-11b55bbee29a,2026-02-12T18:10:00,2026-02-12T18:45:00,thursday,commute,public_transport,bike|subway|walking,8.4,35,0.0,monthly_pass,True,True,routine,"Uses the same sustainable multimodal pattern for the return leg, keeping travel time short and avoiding cars.",7,2026-02-12T00:00:00,2026-02-18T23:59:59,Berlin,work,Tech Hub Berlin,Berlin,home,Lea's Apartment
trip_6928700a5ebd_00075,6928700a-5ebd-48cb-aee9-11b55bbee29a,2026-02-14T10:00:00,2026-02-14T10:15:00,saturday,leisure,bike,bike,4.0,15,0.0,none,False,False,spontaneous,Weekend bike outing supports her active lifestyle and love for outdoor leisure.,7,2026-02-12T00:00:00,2026-02-18T23:59:59,Berlin,home,Lea's Apartment,Berlin,park,Tiergarten
trip_6928700a5ebd_00076,6928700a-5ebd-48cb-aee9-11b55bbee29a,2026-02-15T09:00:00,2026-02-15T09:45:00,sunday,leisure,regional_train,walking|regional_train|walking,30.9,45,0.0,monthly_pass,False,False,planned,"Long‑distance weekend trip using regional train, fully covered by her monthly pass and aligning with her love for occasional city trips.",7,2026-02-12T00:00:00,2026-02-18T23:59:59,Berlin,home,Lea's Apartment,Potsdam,other,Potsdam City Center
trip_6928700a5ebd_00077,6928700a-5ebd-48cb-aee9-11b55bbee29a,2026-02-16T08:00:00,2026-02-16T08:35:00,monday,commute,public_transport,walking|subway|bike,8.4,35,0.0,monthly_pass,True,True,routine,"Routine multimodal commute that leverages her monthly pass and personal bike, matching her hybrid‑work schedule.",7,2026-02-12T00:00:00,2026-02-18T23:59:59,Berlin,home,Lea's Apartment,Berlin,work,Tech Hub Berlin
trip_6928700a5ebd_00078,6928700a-5ebd-48cb-aee9-11b55bbee29a,2026-02-16T18:15:00,2026-02-16T18:50:00,monday,commute,public_transport,bike|subway|walking,8.4,35,0.0,monthly_pass,True,True,routine,"Same efficient multimodal pattern for the return, keeping travel time low and avoiding car use.",7,2026-02-12T00:00:00,2026-02-18T23:59:59,Berlin,work,Tech Hub Berlin,Berlin,home,Lea's Apartment
trip_6928700a5ebd_00079,6928700a-5ebd-48cb-aee9-11b55bbee29a,2026-02-16T19:30:00,2026-02-16T19:50:00,monday,leisure,public_transport,walking|tram|walking,5.0,20,0.0,monthly_pass,False,True,planned,"Evening leisure trip using tram, fitting her high public‑transport affinity and desire for active, low‑impact travel.",7,2026-02-12T00:00:00,2026-02-18T23:59:59,Berlin,work,Tech Hub Berlin,Berlin,cafe,Café Einstein
trip_6928700a5ebd_00080,6928700a-5ebd-48cb-aee9-11b55bbee29a,2026-02-16T20:10:00,2026-02-16T20:30:00,monday,leisure,shared_bike,walking|shared_bike|walking,2.5,20,0.0,monthly_pass,False,True,spontaneous,"Uses shared bike for a quick, active return home, aligning with her sustainability focus and preference for active modes.",7,2026-02-12T00:00:00,2026-02-18T23:59:59,Berlin,cafe,Café Einstein,Berlin,home,Lea's Apartment
trip_6928700a5ebd_00081,6928700a-5ebd-48cb-aee9-11b55bbee29a,2026-02-18T08:10:00,2026-02-18T08:45:00,wednesday,commute,public_transport,walking|subway|bike,8.4,35,0.0,monthly_pass,True,True,routine,"Standard weekday commute using her preferred mix of subway and bike, covered by her monthly pass.",7,2026-02-12T00:00:00,2026-02-18T23:59:59,Berlin,home,Lea's Apartment,Berlin,work,Tech Hub Berlin
trip_6928700a5ebd_00082,6928700a-5ebd-48cb-aee9-11b55bbee29a,2026-02-18T18:20:00,2026-02-18T18:55:00,wednesday,commute,public_transport,bike|subway|walking,8.4,35,0.0,monthly_pass,True,True,routine,"Consistent with her routine commute, keeping travel sustainable and fast.",7,2026-02-12T00:00:00,2026-02-18T23:59:59,Berlin,work,Tech Hub Berlin,Berlin,home,Lea's Apartment
trip_6928700a5ebd_00083,6928700a-5ebd-48cb-aee9-11b55bbee29a,2026-02-18T19:20:00,2026-02-18T19:45:00,wednesday,leisure,public_transport,walking|subway|walking,5.6,25,0.0,monthly_pass,False,True,planned,"Evening cinema outing using subway, fitting her high public‑transport usage and desire for cultural leisure.",7,2026-02-12T00:00:00,2026-02-18T23:59:59,Berlin,work,Tech Hub Berlin,Berlin,cinema,CineStar Berlin
trip_6928700a5ebd_00084,6928700a-5ebd-48cb-aee9-11b55bbee29a,2026-02-18T22:00:00,2026-02-18T22:30:00,wednesday,leisure,shared_bike,walking|shared_bike|walking,3.7,30,0.0,monthly_pass,False,True,spontaneous,"Late‑night return using shared bike, keeping the trip active and car‑free.",7,2026-02-12T00:00:00,2026-02-18T23:59:59,Berlin,cinema,CineStar Berlin,Berlin,home,Lea's Apartment
trip_6928700a5ebd_00085,6928700a-5ebd-48cb-aee9-11b55bbee29a,2026-02-19T09:00:00,2026-02-19T09:20:00,saturday,leisure,bike,walking|bike|walking,2.7,20,0.0,none,False,False,planned,"Morning workout, uses bike for fast, active travel to the gym.",8,2026-02-19T00:00:00,2026-02-25T23:59:59,Berlin,home,"Lea's Apartment, Prenzlauer Berg",Berlin,fitness,"FitX Berlin, Friedrichshain"
trip_6928700a5ebd_00086,6928700a-5ebd-48cb-aee9-11b55bbee29a,2026-02-19T12:00:00,2026-02-19T12:20:00,saturday,return_home,bike,walking|bike|walking,2.7,20,0.0,none,False,False,spontaneous,"Return home after workout, continues using bike for active travel.",8,2026-02-19T00:00:00,2026-02-25T23:59:59,Berlin,fitness,"FitX Berlin, Friedrichshain",Berlin,home,"Lea's Apartment, Prenzlauer Berg"
trip_6928700a5ebd_00087,6928700a-5ebd-48cb-aee9-11b55bbee29a,2026-02-19T15:00:00,2026-02-19T15:24:00,saturday,leisure,bike,bike|walking,4.3,24,0.0,none,False,False,planned,"Afternoon cinema visit, prefers bike for quick, eco‑friendly travel.",8,2026-02-19T00:00:00,2026-02-25T23:59:59,Berlin,home,"Lea's Apartment, Prenzlauer Berg",Berlin,cinema,"CineStar Berlin, Alexanderplatz"
trip_6928700a5ebd_00088,6928700a-5ebd-48cb-aee9-11b55bbee29a,2026-02-19T20:00:00,2026-02-19T20:24:00,saturday,return_home,bike,walking|bike,4.3,24,0.0,none,False,False,spontaneous,"Return home after movie, continues using bike for active travel.",8,2026-02-19T00:00:00,2026-02-25T23:59:59,Berlin,cinema,"CineStar Berlin, Alexanderplatz",Berlin,home,"Lea's Apartment, Prenzlauer Berg"
trip_6928700a5ebd_00089,6928700a-5ebd-48cb-aee9-11b55bbee29a,2026-02-20T19:00:00,2026-02-20T19:20:00,sunday,leisure,bike,bike|walking,3.2,20,0.0,none,False,False,planned,"Evening dinner with friends, uses bike for active, car‑free travel.",8,2026-02-19T00:00:00,2026-02-25T23:59:59,Berlin,home,"Lea's Apartment, Prenzlauer Berg",Berlin,restaurant,Kreuzberg Café
trip_6928700a5ebd_00090,6928700a-5ebd-48cb-aee9-11b55bbee29a,2026-02-20T20:45:00,2026-02-20T21:03:00,sunday,return_home,bike,walking|bike,3.2,18,0.0,none,False,False,spontaneous,"Return home after dinner, continues using bike for active travel.",8,2026-02-19T00:00:00,2026-02-25T23:59:59,Berlin,restaurant,Kreuzberg Café,Berlin,home,"Lea's Apartment, Prenzlauer Berg"
trip_6928700a5ebd_00091,6928700a-5ebd-48cb-aee9-11b55bbee29a,2026-02-21T07:30:00,2026-02-21T08:15:00,monday,commute,subway,walking|subway|walking|bike,3.7,45,0.0,monthly_pass,True,True,routine,"Morning commute using preferred subway and bike, aligns with hybrid work schedule and sustainability priority.",8,2026-02-19T00:00:00,2026-02-25T23:59:59,Berlin,home,"Lea's Apartment, Prenzlauer Berg",Berlin,work,"TechCo Berlin Office, Mitte"
trip_6928700a5ebd_00092,6928700a-5ebd-48cb-aee9-11b55bbee29a,2026-02-21T17:30:00,2026-02-21T18:20:00,monday,commute,subway,bike|walking|subway|walking,3.7,50,0.0,monthly_pass,True,True,routine,"Evening return home using bike and subway, matching her hybrid schedule and low‑cost monthly pass.",8,2026-02-19T00:00:00,2026-02-25T23:59:59,Berlin,work,"TechCo Berlin Office, Mitte",Berlin,home,"Lea's Apartment, Prenzlauer Berg"
trip_6928700a5ebd_00093,6928700a-5ebd-48cb-aee9-11b55bbee29a,2026-02-23T07:35:00,2026-02-23T08:20:00,wednesday,commute,subway,walking|subway|walking|bike,3.7,45,0.0,monthly_pass,True,True,routine,"Mid‑week commute following her regular hybrid schedule, using subway and bike for speed and sustainability.",8,2026-02-19T00:00:00,2026-02-25T23:59:59,Berlin,home,"Lea's Apartment, Prenzlauer Berg",Berlin,work,"TechCo Berlin Office, Mitte"
trip_6928700a5ebd_00094,6928700a-5ebd-48cb-aee9-11b55bbee29a,2026-02-23T17:35:00,2026-02-23T18:25:00,wednesday,commute,subway,bike|walking|subway|walking,3.7,50,0.0,monthly_pass,True,True,routine,"Evening return home after work, using her usual bike‑subway combo.",8,2026-02-19T00:00:00,2026-02-25T23:59:59,Berlin,work,"TechCo Berlin Office, Mitte",Berlin,home,"Lea's Apartment, Prenzlauer Berg"
trip_6928700a5ebd_00095,6928700a-5ebd-48cb-aee9-11b55bbee29a,2026-02-25T07:40:00,2026-02-25T08:25:00,friday,commute,subway,walking|subway|walking|bike,3.7,45,0.0,monthly_pass,True,True,routine,"Friday commute, same preferred multimodal pattern.",8,2026-02-19T00:00:00,2026-02-25T23:59:59,Berlin,home,"Lea's Apartment, Prenzlauer Berg",Berlin,work,"TechCo Berlin Office, Mitte"
trip_6928700a5ebd_00096,6928700a-5ebd-48cb-aee9-11b55bbee29a,2026-02-25T17:40:00,2026-02-25T18:30:00,friday,commute,subway,bike|walking|subway|walking,3.7,50,0.0,monthly_pass,True,True,routine,"Friday evening return home, follows her regular bike‑subway routine.",8,2026-02-19T00:00:00,2026-02-25T23:59:59,Berlin,work,"TechCo Berlin Office, Mitte",Berlin,home,"Lea's Apartment, Prenzlauer Berg"
trip_6928700a5ebd_00097,6928700a-5ebd-48cb-aee9-11b55bbee29a,2026-02-26T07:30:00,2026-02-26T07:48:00,thursday,commute,public_transport,walking|tram|walking,2.0,18,0.0,monthly_pass,True,True,routine,Door‑to‑door commute using tram aligns with her high public‑transport affinity and monthly pass subscription.,9,2026-02-26T00:00:00,2026-03-04T23:59:59,Berlin,home,"Lea's Apartment, Prenzlauer Berg",Berlin,work,"TechCo Office, Berlin-Mitte"
trip_6928700a5ebd_00098,6928700a-5ebd-48cb-aee9-11b55bbee29a,2026-02-26T17:45:00,2026-02-26T18:03:00,thursday,commute,public_transport,walking|tram|walking,2.0,18,0.0,monthly_pass,True,True,routine,"Evening return uses the same tram line, fitting her routine and monthly pass.",9,2026-02-26T00:00:00,2026-03-04T23:59:59,Berlin,work,"TechCo Office, Berlin-Mitte",Berlin,home,"Lea's Apartment, Prenzlauer Berg"
trip_6928700a5ebd_00099,6928700a-5ebd-48cb-aee9-11b55bbee29a,2026-02-26T18:30:00,2026-02-26T19:58:00,thursday,leisure,tram,walking|tram|walking|walking|tram|walking,3.6,88,0.0,monthly_pass,False,False,spontaneous,"Quick post‑work coffee reachable by tram, fitting her routine use of public transport.",9,2026-02-26T00:00:00,2026-03-04T23:59:59,Berlin,work,"TechCo Office, Berlin-Mitte",Berlin,cafe,"Coffee Corner, near work"
trip_6928700a5ebd_00100,6928700a-5ebd-48cb-aee9-11b55bbee29a,2026-02-27T10:00:00,2026-02-27T10:24:00,friday,errands,bike,bike|bike,10.0,24,0.0,none,False,False,spontaneous,"Uses her own bike for quick grocery run, matching her sustainability focus.",9,2026-02-26T00:00:00,2026-03-04T23:59:59,Berlin,home,"Lea's Apartment, Prenzlauer Berg",Berlin,errands,"Edeka, Friedrichstraße"
trip_6928700a5ebd_00101,6928700a-5ebd-48cb-aee9-11b55bbee29a,2026-02-28T11:00:00,2026-02-28T11:35:00,saturday,leisure,bike,bike|walking|bike,12.3,35,0.0,none,False,False,planned,"Bike ride to museum combines active travel with cultural leisure, fitting her high activity intensity.",9,2026-02-26T00:00:00,2026-03-04T23:59:59,Berlin,home,"Lea's Apartment, Prenzlauer Berg",Berlin,culture,Museum Island
trip_6928700a5ebd_00102,6928700a-5ebd-48cb-aee9-11b55bbee29a,2026-02-28T18:00:00,2026-02-28T19:25:00,saturday,leisure,bike,walking|walking|bike,7.0,85,0.0,none,False,False,spontaneous,"Evening bar visit after museum, bike home aligns with sustainability and activity preferences.",9,2026-02-26T00:00:00,2026-03-04T23:59:59,Berlin,culture,Museum Island,Berlin,other,"Bar 33, near Museum Island"
trip_6928700a5ebd_00103,6928700a-5ebd-48cb-aee9-11b55bbee29a,2026-03-01T14:00:00,2026-03-01T14:50:00,sunday,leisure,bike,bike|walking|bike,10.0,50,0.0,none,False,False,spontaneous,Bike to the park supports her fitness and nature interests on a relaxed Sunday.,9,2026-02-26T00:00:00,2026-03-04T23:59:59,Berlin,home,"Lea's Apartment, Prenzlauer Berg",Berlin,park,Tiergarten
trip_6928700a5ebd_00104,6928700a-5ebd-48cb-aee9-11b55bbee29a,2026-03-02T07:45:00,2026-03-02T08:05:00,monday,commute,subway,walking|subway|walking,3.0,20,0.0,monthly_pass,True,True,routine,Morning subway ride is fast and covered by her monthly pass.,9,2026-02-26T00:00:00,2026-03-04T23:59:59,Berlin,home,"Lea's Apartment, Prenzlauer Berg",Berlin,work,"TechCo Office, Berlin-Mitte"
trip_6928700a5ebd_00105,6928700a-5ebd-48cb-aee9-11b55bbee29a,2026-03-02T19:30:00,2026-03-02T20:25:00,monday,leisure,tram,walking|tram|walking|walking|tram|walking,3.6,55,0.0,monthly_pass,False,False,planned,Evening dinner reached by tram aligns with her public‑transport habit and monthly pass.,9,2026-02-26T00:00:00,2026-03-04T23:59:59,Berlin,work,"TechCo Office, Berlin-Mitte",Berlin,restaurant,"Italian Bistro, Hackescher Markt"
trip_6928700a5ebd_00106,6928700a-5ebd-48cb-aee9-11b55bbee29a,2026-03-03T18:00:00,2026-03-03T18:24:00,tuesday,leisure,bike,bike|bike,10.0,24,0.0,none,False,False,spontaneous,Bike ride to fitness class supports her active lifestyle.,9,2026-02-26T00:00:00,2026-03-04T23:59:59,Berlin,home,"Lea's Apartment, Prenzlauer Berg",Berlin,fitness,"FitX, Prenzlauer Berg"
trip_6928700a5ebd_00107,6928700a-5ebd-48cb-aee9-11b55bbee29a,2026-03-04T07:50:00,2026-03-04T08:10:00,friday,commute,subway,walking|subway|walking,3.0,20,0.0,monthly_pass,True,True,routine,"Another office day, using subway covered by monthly pass.",9,2026-02-26T00:00:00,2026-03-04T23:59:59,Berlin,home,"Lea's Apartment, Prenzlauer Berg",Berlin,work,"TechCo Office, Berlin-Mitte"
trip_6928700a5ebd_00108,6928700a-5ebd-48cb-aee9-11b55bbee29a,2026-03-04T20:00:00,2026-03-04T22:30:00,friday,leisure,bus,walking|bus|walking|walking|bus|walking,10.6,150,0.0,monthly_pass,False,False,planned,Evening cinema visit using bus fits her preference for public transport and low marginal cost.,9,2026-02-26T00:00:00,2026-03-04T23:59:59,Berlin,work,"TechCo Office, Berlin-Mitte",Berlin,cinema,"CineStar, Alexanderplatz"
trip_6928700a5ebd_00109,6928700a-5ebd-48cb-aee9-11b55bbee29a,2026-03-05T09:00:00,2026-03-05T09:08:00,saturday,errands,bike,bike,2.0,8,0.0,none,False,False,spontaneous,"Uses her personal bike for a quick market stop, matching her sustainability focus and preference for active travel.",10,2026-03-05T00:00:00,2026-03-11T23:59:59,Berlin,home,"Lea's Apartment, Friedrichshain",Berlin,errands,"Markthalle Neun, Kreuzberg"
trip_6928700a5ebd_00110,6928700a-5ebd-48cb-aee9-11b55bbee29a,2026-03-05T10:30:00,2026-03-05T10:38:00,saturday,return_home,bike,bike,2.0,8,0.0,none,False,False,spontaneous,"Returns home by bike after market, keeping the trip active and carbon‑free.",10,2026-03-05T00:00:00,2026-03-11T23:59:59,Berlin,errands,"Markthalle Neun, Kreuzberg",Berlin,home,"Lea's Apartment, Friedrichshain"
trip_6928700a5ebd_00111,6928700a-5ebd-48cb-aee9-11b55bbee29a,2026-03-05T19:30:00,2026-03-05T19:53:00,saturday,leisure,public_transport,walking|tram|walking,5.9,23,0.0,monthly_pass,False,False,spontaneous,"Uses public transport and short walks to reach a cinema, aligning with her preference for sustainable, multimodal trips.",10,2026-03-05T00:00:00,2026-03-11T23:59:59,Berlin,home,"Lea's Apartment, Friedrichshain",Berlin,cinema,"Kino Zoo, Charlottenburg"
trip_6928700a5ebd_00112,6928700a-5ebd-48cb-aee9-11b55bbee29a,2026-03-06T10:00:00,2026-03-06T10:09:00,sunday,leisure,bike,bike,2.5,9,0.0,none,False,False,routine,"Starts the Sunday with a bike ride to the gym, fitting her active lifestyle and zero‑emission preference.",10,2026-03-05T00:00:00,2026-03-11T23:59:59,Berlin,home,"Lea's Apartment, Friedrichshain",Berlin,fitness,FitX Neukölln
trip_6928700a5ebd_00113,6928700a-5ebd-48cb-aee9-11b55bbee29a,2026-03-06T12:30:00,2026-03-06T12:38:00,sunday,return_home,bike,bike,2.5,8,0.0,none,False,False,spontaneous,"Bike back home after workout, keeping the day active and emission‑free.",10,2026-03-05T00:00:00,2026-03-11T23:59:59,Berlin,fitness,FitX Neukölln,Berlin,home,"Lea's Apartment, Friedrichshain"
trip_6928700a5ebd_00114,6928700a-5ebd-48cb-aee9-11b55bbee29a,2026-03-06T15:00:00,2026-03-06T15:08:00,sunday,leisure,bike,bike,2.0,8,0.0,none,False,False,spontaneous,"Afternoon bike ride to a favourite café, matching her preference for active, low‑impact leisure trips.",10,2026-03-05T00:00:00,2026-03-11T23:59:59,Berlin,home,"Lea's Apartment, Friedrichshain",Berlin,cafe,"Café Anna, Prenzlauer Berg"
trip_6928700a5ebd_00115,6928700a-5ebd-48cb-aee9-11b55bbee29a,2026-03-07T08:15:00,2026-03-07T08:49:00,monday,commute,public_transport,walking|tram|subway|bike,13.5,34,0.0,monthly_pass,True,True,routine,"Standard hybrid commute using public transport and a short bike segment, fully covered by her monthly pass and aligning with her sustainability goals.",10,2026-03-05T00:00:00,2026-03-11T23:59:59,Berlin,home,"Lea's Apartment, Friedrichshain",Berlin,work,"TechHub Berlin, Mitte"
trip_6928700a5ebd_00116,6928700a-5ebd-48cb-aee9-11b55bbee29a,2026-03-07T17:30:00,2026-03-07T18:04:00,monday,return_home,public_transport,bike|subway|tram|walking,13.5,34,0.0,monthly_pass,True,True,routine,"Standard return commute, using bike, subway and tram, all covered by her monthly pass.",10,2026-03-05T00:00:00,2026-03-11T23:59:59,Berlin,work,"TechHub Berlin, Mitte",Berlin,home,"Lea's Apartment, Friedrichshain"
trip_6928700a5ebd_00117,6928700a-5ebd-48cb-aee9-11b55bbee29a,2026-03-09T08:20:00,2026-03-09T08:54:00,wednesday,commute,public_transport,walking|tram|subway|bike,13.5,34,0.0,monthly_pass,True,True,routine,"Another hybrid commute day, following the same multimodal pattern as Monday.",10,2026-03-05T00:00:00,2026-03-11T23:59:59,Berlin,home,"Lea's Apartment, Friedrichshain",Berlin,work,"TechHub Berlin, Mitte"
trip_6928700a5ebd_00118,6928700a-5ebd-48cb-aee9-11b55bbee29a,2026-03-09T17:35:00,2026-03-09T18:09:00,wednesday,return_home,public_transport,bike|subway|tram|walking,13.5,34,0.0,monthly_pass,True,True,routine,"Standard return commute, mirroring the morning pattern.",10,2026-03-05T00:00:00,2026-03-11T23:59:59,Berlin,work,"TechHub Berlin, Mitte",Berlin,home,"Lea's Apartment, Friedrichshain"
trip_6928700a5ebd_00119,6928700a-5ebd-48cb-aee9-11b55bbee29a,2026-03-11T08:10:00,2026-03-11T08:44:00,friday,commute,public_transport,walking|tram|subway|bike,13.5,34,0.0,monthly_pass,True,True,routine,"Final hybrid commute of the week, following her usual multimodal routine.",10,2026-03-05T00:00:00,2026-03-11T23:59:59,Berlin,home,"Lea's Apartment, Friedrichshain",Berlin,work,"TechHub Berlin, Mitte"
trip_6928700a5ebd_00120,6928700a-5ebd-48cb-aee9-11b55bbee29a,2026-03-11T17:40:00,2026-03-11T18:14:00,friday,return_home,public_transport,bike|subway|tram|walking,13.5,34,0.0,monthly_pass,True,True,routine,"End‑of‑week return commute, same multimodal pattern as earlier weekdays.",10,2026-03-05T00:00:00,2026-03-11T23:59:59,Berlin,work,"TechHub Berlin, Mitte",Berlin,home,"Lea's Apartment, Friedrichshain"
trip_6928700a5ebd_00121,6928700a-5ebd-48cb-aee9-11b55bbee29a,2026-03-12T10:00:00,2026-03-12T10:08:00,saturday,errands,shared_bike,shared_bike,2.0,8,0.0,none,False,False,spontaneous,"Uses a shared bike for a quick errand, matching her sustainability focus and preference for active travel.",11,2026-03-12T00:00:00,2026-03-18T23:59:59,Berlin,home,"Lea's Apartment, Prenzlauer Berg",Berlin,errands,"Supermarket, Friedrichshain"
trip_6928700a5ebd_00122,6928700a-5ebd-48cb-aee9-11b55bbee29a,2026-03-12T10:30:00,2026-03-12T10:38:00,saturday,return_home,shared_bike,shared_bike,2.0,8,0.0,none,False,False,spontaneous,"Returns home by shared bike after shopping, keeping the trip active and emission‑free.",11,2026-03-12T00:00:00,2026-03-18T23:59:59,Berlin,errands,"Supermarket, Friedrichshain",Berlin,home,"Lea's Apartment, Prenzlauer Berg"
trip_6928700a5ebd_00123,6928700a-5ebd-48cb-aee9-11b55bbee29a,2026-03-12T14:00:00,2026-03-12T14:12:00,saturday,leisure,walking,walking,1.0,12,0.0,none,False,False,spontaneous,"Walks to a nearby café for a relaxed afternoon, fitting her active lifestyle and love for city culture.",11,2026-03-12T00:00:00,2026-03-18T23:59:59,Berlin,home,"Lea's Apartment, Prenzlauer Berg",Berlin,cafe,"Café Einstein, Kreuzberg"
trip_6928700a5ebd_00124,6928700a-5ebd-48cb-aee9-11b55bbee29a,2026-03-12T15:30:00,2026-03-12T15:42:00,saturday,return_home,walking,walking,1.0,12,0.0,none,False,False,spontaneous,"Walks back home after coffee, keeping the evening active and low‑impact.",11,2026-03-12T00:00:00,2026-03-18T23:59:59,Berlin,cafe,"Café Einstein, Kreuzberg",Berlin,home,"Lea's Apartment, Prenzlauer Berg"
trip_6928700a5ebd_00125,6928700a-5ebd-48cb-aee9-11b55bbee29a,2026-03-13T09:00:00,2026-03-13T09:12:00,sunday,leisure,bike,bike,3.0,12,0.0,none,False,False,spontaneous,"Uses her own bike to reach the park, combining fitness and enjoyment of green space.",11,2026-03-12T00:00:00,2026-03-18T23:59:59,Berlin,home,"Lea's Apartment, Prenzlauer Berg",Berlin,park,Volkspark Friedrichshain
trip_6928700a5ebd_00126,6928700a-5ebd-48cb-aee9-11b55bbee29a,2026-03-13T12:00:00,2026-03-13T12:12:00,sunday,return_home,bike,bike,3.0,12,0.0,none,False,False,spontaneous,"Cycles back home after a relaxing park visit, staying active.",11,2026-03-12T00:00:00,2026-03-18T23:59:59,Berlin,park,Volkspark Friedrichshain,Berlin,home,"Lea's Apartment, Prenzlauer Berg"
trip_6928700a5ebd_00127,6928700a-5ebd-48cb-aee9-11b55bbee29a,2026-03-14T08:15:00,2026-03-14T08:45:00,monday,commute,public_transport,walking|subway|bike,9.4,30,0.0,monthly_pass,True,True,routine,"Combines walking, subway (covered by monthly pass) and bike for a fast, sustainable commute.",11,2026-03-12T00:00:00,2026-03-18T23:59:59,Berlin,home,"Lea's Apartment, Prenzlauer Berg",Berlin,work,"Tech Startup Office, Mitte"
trip_6928700a5ebd_00128,6928700a-5ebd-48cb-aee9-11b55bbee29a,2026-03-14T17:30:00,2026-03-14T18:00:00,monday,return_home,public_transport,walking|subway|bike,9.4,30,0.0,monthly_pass,True,True,routine,Same sustainable multimodal pattern for the evening return home.,11,2026-03-12T00:00:00,2026-03-18T23:59:59,Berlin,work,"Tech Startup Office, Mitte",Berlin,home,"Lea's Apartment, Prenzlauer Berg"
trip_6928700a5ebd_00129,6928700a-5ebd-48cb-aee9-11b55bbee29a,2026-03-16T08:10:00,2026-03-16T08:40:00,wednesday,commute,public_transport,walking|subway|bike,9.4,30,0.0,monthly_pass,True,True,routine,Routine multimodal commute using her monthly pass and bike.,11,2026-03-12T00:00:00,2026-03-18T23:59:59,Berlin,home,"Lea's Apartment, Prenzlauer Berg",Berlin,work,"Tech Startup Office, Mitte"
trip_6928700a5ebd_00130,6928700a-5ebd-48cb-aee9-11b55bbee29a,2026-03-16T17:45:00,2026-03-16T18:15:00,wednesday,return_home,public_transport,walking|subway|bike,9.4,30,0.0,monthly_pass,True,True,routine,Evening return follows the same sustainable pattern as the morning commute.,11,2026-03-12T00:00:00,2026-03-18T23:59:59,Berlin,work,"Tech Startup Office, Mitte",Berlin,home,"Lea's Apartment, Prenzlauer Berg"
trip_6928700a5ebd_00131,6928700a-5ebd-48cb-aee9-11b55bbee29a,2026-03-18T08:20:00,2026-03-18T08:50:00,friday,commute,public_transport,walking|subway|bike,9.4,30,0.0,monthly_pass,True,True,routine,"Final workday commute, using her preferred multimodal routine.",11,2026-03-12T00:00:00,2026-03-18T23:59:59,Berlin,home,"Lea's Apartment, Prenzlauer Berg",Berlin,work,"Tech Startup Office, Mitte"
trip_6928700a5ebd_00132,6928700a-5ebd-48cb-aee9-11b55bbee29a,2026-03-18T17:20:00,2026-03-18T17:50:00,friday,return_home,public_transport,walking|subway|bike,9.4,30,0.0,monthly_pass,True,True,routine,Ends the work week with her usual sustainable commute home.,11,2026-03-12T00:00:00,2026-03-18T23:59:59,Berlin,work,"Tech Startup Office, Mitte",Berlin,home,"Lea's Apartment, Prenzlauer Berg"
trip_6928700a5ebd_00133,6928700a-5ebd-48cb-aee9-11b55bbee29a,2026-03-19T07:30:00,2026-03-19T08:05:00,thursday,commute,public_transport,walking|bike|subway|walking,10.7,35,0.0,monthly_pass,True,True,routine,"Morning commute using preferred bike‑first approach and subway, covered by her monthly pass.",12,2026-03-19T00:00:00,2026-03-25T23:59:59,Berlin,home,"Lea's Apartment, Prenzlauer Berg",Berlin,work,"TechCo Office, Mitte"
trip_6928700a5ebd_00134,6928700a-5ebd-48cb-aee9-11b55bbee29a,2026-03-19T17:30:00,2026-03-19T18:00:00,thursday,leisure,bike,walking|bike|walking|bike,5.0,30,0.0,none,False,False,spontaneous,"Evening stop at a favourite restaurant before heading home, using bike for active travel.",12,2026-03-19T00:00:00,2026-03-25T23:59:59,Berlin,work,"TechCo Office, Mitte",Berlin,home,"Lea's Apartment, Prenzlauer Berg"
trip_6928700a5ebd_00135,6928700a-5ebd-48cb-aee9-11b55bbee29a,2026-03-20T09:30:00,2026-03-20T09:47:00,friday,errands,shared_bike,walking|shared_bike|walking,3.3,17,0.0,none,False,False,spontaneous,"Morning grocery run using a shared bike, fitting her active and sustainable habits.",12,2026-03-19T00:00:00,2026-03-25T23:59:59,Berlin,home,"Lea's Apartment, Prenzlauer Berg",Berlin,errands,"Edeka, Friedrichstraße"
trip_6928700a5ebd_00136,6928700a-5ebd-48cb-aee9-11b55bbee29a,2026-03-20T18:45:00,2026-03-20T19:02:00,friday,errands,shared_bike,walking|shared_bike|walking,3.3,17,0.0,none,False,False,spontaneous,Return home after grocery shopping using the same shared bike.,12,2026-03-19T00:00:00,2026-03-25T23:59:59,Berlin,errands,Edeka Entrance,Berlin,home,"Lea's Apartment, Prenzlauer Berg"
trip_6928700a5ebd_00137,6928700a-5ebd-48cb-aee9-11b55bbee29a,2026-03-21T11:00:00,2026-03-21T11:24:00,saturday,leisure,public_transport,walking|tram|walking,6.7,24,0.0,monthly_pass,False,False,spontaneous,"Saturday cultural outing to the museum using tram, covered by her monthly pass.",12,2026-03-19T00:00:00,2026-03-25T23:59:59,Berlin,home,"Lea's Apartment, Prenzlauer Berg",Berlin,culture,Pergamon Museum
trip_6928700a5ebd_00138,6928700a-5ebd-48cb-aee9-11b55bbee29a,2026-03-21T19:30:00,2026-03-21T19:55:00,saturday,leisure,public_transport,walking|subway|walking,8.7,25,0.0,monthly_pass,False,False,spontaneous,"Evening movie night, using subway and short walks, covered by her monthly pass.",12,2026-03-19T00:00:00,2026-03-25T23:59:59,Berlin,home,"Lea's Apartment, Prenzlauer Berg",Berlin,cinema,"CineStar, Sony Center"
trip_6928700a5ebd_00139,6928700a-5ebd-48cb-aee9-11b55bbee29a,2026-03-22T09:00:00,2026-03-22T09:07:00,sunday,leisure,walking,walking,0.5,7,0.0,none,False,False,spontaneous,"Morning coffee outing, short walk to a favourite café.",12,2026-03-19T00:00:00,2026-03-25T23:59:59,Berlin,home,"Lea's Apartment, Prenzlauer Berg",Berlin,cafe,"Five Elephant, Kreuzberg"
trip_6928700a5ebd_00140,6928700a-5ebd-48cb-aee9-11b55bbee29a,2026-03-22T10:00:00,2026-03-22T10:15:00,sunday,leisure,bike,bike,5.0,15,0.0,none,False,True,routine,"Regular Sunday fitness session, bike ride aligns with her active lifestyle.",12,2026-03-19T00:00:00,2026-03-25T23:59:59,Berlin,home,"Lea's Apartment, Prenzlauer Berg",Berlin,fitness,"FitX, Alexanderplatz"
trip_6928700a5ebd_00141,6928700a-5ebd-48cb-aee9-11b55bbee29a,2026-03-23T07:45:00,2026-03-23T08:20:00,monday,commute,public_transport,walking|bike|subway|walking,10.7,35,0.0,monthly_pass,True,True,routine,"Regular Monday commute following her bike‑first, subway‑last routine.",12,2026-03-19T00:00:00,2026-03-25T23:59:59,Berlin,home,"Lea's Apartment, Prenzlauer Berg",Berlin,work,"TechCo Office, Mitte"
trip_6928700a5ebd_00142,6928700a-5ebd-48cb-aee9-11b55bbee29a,2026-03-23T17:45:00,2026-03-23T18:20:00,monday,commute,public_transport,walking|bike|subway|walking,10.7,35,0.0,monthly_pass,True,True,routine,Standard evening commute using bike to the U‑Bahn and back home.,12,2026-03-19T00:00:00,2026-03-25T23:59:59,Berlin,work,"TechCo Office, Mitte",Berlin,home,"Lea's Apartment, Prenzlauer Berg"
trip_6928700a5ebd_00143,6928700a-5ebd-48cb-aee9-11b55bbee29a,2026-03-25T07:40:00,2026-03-25T08:15:00,wednesday,commute,public_transport,walking|bike|subway|walking,10.7,35,0.0,monthly_pass,True,True,routine,"Wednesday commute, same bike‑first pattern as other workdays.",12,2026-03-19T00:00:00,2026-03-25T23:59:59,Berlin,home,"Lea's Apartment, Prenzlauer Berg",Berlin,work,"TechCo Office, Mitte"
trip_6928700a5ebd_00144,6928700a-5ebd-48cb-aee9-11b55bbee29a,2026-03-25T17:40:00,2026-03-25T18:18:00,wednesday,leisure,bike,walking|bike|walking|bike,6.5,38,0.0,none,False,False,spontaneous,"After work she visits a friend in Neukölln, using bike for active travel.",12,2026-03-19T00:00:00,2026-03-25T23:59:59,Berlin,work,"TechCo Office, Mitte",Berlin,home,"Lea's Apartment, Prenzlauer Berg"
trip_6928700a5ebd_00145,6928700a-5ebd-48cb-aee9-11b55bbee29a,2026-03-27T08:12:00,2026-03-27T08:54:00,friday,commute,public_transport,walking|tram|subway|bike,9.7,42,0.0,monthly_pass,True,True,routine,"Uses preferred public transport and bike combo, aligns with sustainability and speed priorities.",13,2026-03-26T00:00:00,2026-04-01T23:59:59,Berlin,home,Prenzlauer Berg Apartment,Berlin,work,"TechCo Office, Mitte"
trip_6928700a5ebd_00146,6928700a-5ebd-48cb-aee9-11b55bbee29a,2026-03-27T17:28:00,2026-03-27T18:10:00,friday,commute,public_transport,bike|subway|tram|walking,9.7,42,0.0,monthly_pass,True,True,routine,"Uses preferred public transport and bike combo, aligns with sustainability and speed priorities.",13,2026-03-26T00:00:00,2026-04-01T23:59:59,Berlin,work,"TechCo Office, Mitte",Berlin,home,Prenzlauer Berg Apartment
trip_6928700a5ebd_00147,6928700a-5ebd-48cb-aee9-11b55bbee29a,2026-03-30T08:10:00,2026-03-30T08:52:00,monday,commute,public_transport,walking|tram|subway|bike,9.7,42,0.0,monthly_pass,True,True,routine,"Uses preferred public transport and bike combo, aligns with sustainability and speed priorities.",13,2026-03-26T00:00:00,2026-04-01T23:59:59,Berlin,home,Prenzlauer Berg Apartment,Berlin,work,"TechCo Office, Mitte"
trip_6928700a5ebd_00148,6928700a-5ebd-48cb-aee9-11b55bbee29a,2026-03-30T17:30:00,2026-03-30T18:12:00,monday,commute,public_transport,bike|subway|tram|walking,9.7,42,0.0,monthly_pass,True,True,routine,"Uses preferred public transport and bike combo, aligns with sustainability and speed priorities.",13,2026-03-26T00:00:00,2026-04-01T23:59:59,Berlin,work,"TechCo Office, Mitte",Berlin,home,Prenzlauer Berg Apartment
trip_6928700a5ebd_00149,6928700a-5ebd-48cb-aee9-11b55bbee29a,2026-04-01T08:15:00,2026-04-01T08:57:00,wednesday,commute,public_transport,walking|tram|subway|bike,9.7,42,0.0,monthly_pass,True,True,routine,"Uses preferred public transport and bike combo, aligns with sustainability and speed priorities.",13,2026-03-26T00:00:00,2026-04-01T23:59:59,Berlin,home,Prenzlauer Berg Apartment,Berlin,work,"TechCo Office, Mitte"
trip_6928700a5ebd_00150,6928700a-5ebd-48cb-aee9-11b55bbee29a,2026-04-01T17:35:00,2026-04-01T18:17:00,wednesday,commute,public_transport,bike|subway|tram|walking,9.7,42,0.0,monthly_pass,True,True,routine,"Uses preferred public transport and bike combo, aligns with sustainability and speed priorities.",13,2026-03-26T00:00:00,2026-04-01T23:59:59,Berlin,work,"TechCo Office, Mitte",Berlin,home,Prenzlauer Berg Apartment
trip_7cea96f9b455_00001,7cea96f9-b455-4c55-a3e5-2ba5ee5ce303,2026-01-01T07:15:00,2026-01-01T08:30:00,thursday,commute,regional_train,walking|regional_train|bike,35.5,75,9.0,single_ticket,True,True,routine,Regular office commute using fast regional train and bike aligns with Jan's priority for speed and flexibility.,1,2026-01-01T00:00:00,2026-01-07T23:59:59,Köln,home,Home Cologne,Düsseldorf,work,Düsseldorf Office
trip_7cea96f9b455_00002,7cea96f9-b455-4c55-a3e5-2ba5ee5ce303,2026-01-01T17:45:00,2026-01-01T19:00:00,thursday,return_home,regional_train,bike|regional_train|walking,35.5,75,9.0,single_ticket,False,True,routine,"Evening return uses the same fast train‑bike combo, matching his routine.",1,2026-01-01T00:00:00,2026-01-07T23:59:59,Düsseldorf,work,Düsseldorf Office,Köln,home,Home Cologne
trip_7cea96f9b455_00003,7cea96f9-b455-4c55-a3e5-2ba5ee5ce303,2026-01-02T19:30:00,2026-01-02T20:30:00,friday,leisure,bike,bike,8.0,60,0.0,none,False,False,planned,Evening dinner fits Jan's frequent restaurant outings.,1,2026-01-01T00:00:00,2026-01-07T23:59:59,Köln,home,Home Cologne,Köln,restaurant,Italian Restaurant Köln
trip_7cea96f9b455_00004,7cea96f9-b455-4c55-a3e5-2ba5ee5ce303,2026-01-03T09:00:00,2026-01-03T10:30:00,saturday,family,regional_train,walking|regional_train|bike,80.5,90,7.0,single_ticket,False,False,planned,"Weekend family visit, using train for speed and bike for last kilometre.",1,2026-01-01T00:00:00,2026-01-07T23:59:59,Köln,home,Home Cologne,Bonn,family_visit,Bonn Family Home
trip_7cea96f9b455_00005,7cea96f9-b455-4c55-a3e5-2ba5ee5ce303,2026-01-03T18:00:00,2026-01-03T19:30:00,saturday,family,regional_train,bike|regional_train|walking,80.5,90,7.0,single_ticket,False,False,planned,"Return from family visit, same fast train‑bike combo.",1,2026-01-01T00:00:00,2026-01-07T23:59:59,Bonn,family_visit,Bonn Family Home,Köln,home,Home Cologne
trip_7cea96f9b455_00006,7cea96f9-b455-4c55-a3e5-2ba5ee5ce303,2026-01-04T10:00:00,2026-01-04T10:45:00,sunday,leisure,bike,bike,7.0,45,0.0,none,False,False,planned,Morning workout fits his high leisure intensity.,1,2026-01-01T00:00:00,2026-01-07T23:59:59,Köln,home,Home Cologne,Köln,fitness,FitX Gym Köln
trip_7cea96f9b455_00007,7cea96f9-b455-4c55-a3e5-2ba5ee5ce303,2026-01-04T18:00:00,2026-01-04T18:45:00,sunday,return_home,bike,bike,7.0,45,0.0,none,False,False,routine,Bike back home after evening workout.,1,2026-01-01T00:00:00,2026-01-07T23:59:59,Köln,fitness,FitX Gym Köln,Köln,home,Home Cologne
trip_7cea96f9b455_00008,7cea96f9-b455-4c55-a3e5-2ba5ee5ce303,2026-01-05T07:10:00,2026-01-05T08:25:00,monday,commute,regional_train,walking|regional_train|bike,35.5,75,9.0,single_ticket,True,True,routine,"Another on‑site day, same fast train‑bike route.",1,2026-01-01T00:00:00,2026-01-07T23:59:59,Köln,home,Home Cologne,Düsseldorf,work,Düsseldorf Office
trip_7cea96f9b455_00009,7cea96f9-b455-4c55-a3e5-2ba5ee5ce303,2026-01-05T17:50:00,2026-01-05T19:05:00,monday,return_home,regional_train,bike|regional_train|walking,35.5,75,9.0,single_ticket,False,True,routine,"Evening return after on‑site day, same efficient combo.",1,2026-01-01T00:00:00,2026-01-07T23:59:59,Düsseldorf,work,Düsseldorf Office,Köln,home,Home Cologne
trip_7cea96f9b455_00010,7cea96f9-b455-4c55-a3e5-2ba5ee5ce303,2026-01-06T06:30:00,2026-01-06T09:00:00,tuesday,work_related,regional_train,walking|regional_train|walking,191.0,150,30.0,single_ticket,False,False,planned,"Monthly tech meetup in Frankfurt, using a single long‑distance ticket as Jan prefers no subscription.",1,2026-01-01T00:00:00,2026-01-07T23:59:59,Köln,home,Home Cologne,Frankfurt,other,Tech Meetup Frankfurt
trip_7cea96f9b455_00011,7cea96f9-b455-4c55-a3e5-2ba5ee5ce303,2026-01-06T17:30:00,2026-01-06T20:00:00,tuesday,work_related,regional_train,walking|regional_train|walking,191.0,150,30.0,single_ticket,False,False,planned,"Return from the Frankfurt meetup, again using a single ticket.",1,2026-01-01T00:00:00,2026-01-07T23:59:59,Frankfurt,other,Tech Meetup Frankfurt,Köln,home,Home Cologne
trip_7cea96f9b455_00012,7cea96f9-b455-4c55-a3e5-2ba5ee5ce303,2026-01-06T20:30:00,2026-01-06T21:15:00,tuesday,work_related,car_sharing,car_sharing|walking,30.5,45,12.0,none,False,False,spontaneous,"Tight meeting required fast door‑to‑door travel, so Jan booked a car‑sharing vehicle.",1,2026-01-01T00:00:00,2026-01-07T23:59:59,Köln,home,Home Cologne,Düsseldorf,work,Düsseldorf Client Site
trip_7cea96f9b455_00013,7cea96f9-b455-4c55-a3e5-2ba5ee5ce303,2026-01-08T07:30:00,2026-01-08T08:34:00,thursday,commute,regional_train,bike|regional_train|bike,50.0,64,12.0,single_ticket,True,True,routine,"Regular on‑site commute using fast regional train and bike for the first/last kilometre, matching his speed‑focused priority.",2,2026-01-08T00:00:00,2026-01-14T23:59:59,Köln,home,Heidestraße,Düsseldorf,work,TechPark Düsseldorf
trip_7cea96f9b455_00014,7cea96f9-b455-4c55-a3e5-2ba5ee5ce303,2026-01-08T18:30:00,2026-01-08T18:40:00,thursday,leisure,walking,walking,0.8,10,0.0,none,False,False,spontaneous,"Evening dinner after work, short walk fits his preference for active, low‑cost leisure.",2,2026-01-08T00:00:00,2026-01-14T23:59:59,Düsseldorf,work,TechPark Düsseldorf,Düsseldorf,restaurant,Restaurant Zum Goldenen Stern
trip_7cea96f9b455_00015,7cea96f9-b455-4c55-a3e5-2ba5ee5ce303,2026-01-08T20:00:00,2026-01-08T20:58:00,thursday,return_home,regional_train,bike|regional_train|bike,47.5,58,12.0,single_ticket,False,False,routine,"Standard night return home using bike‑train‑bike combo, balancing speed and cost.",2,2026-01-08T00:00:00,2026-01-14T23:59:59,Düsseldorf,restaurant,Restaurant Zum Goldenen Stern,Köln,home,Heidestraße
trip_7cea96f9b455_00016,7cea96f9-b455-4c55-a3e5-2ba5ee5ce303,2026-01-09T07:30:00,2026-01-09T08:34:00,friday,commute,regional_train,bike|regional_train|bike,50.0,64,12.0,single_ticket,True,True,routine,"Second on‑site day, same fast train‑bike combo as usual.",2,2026-01-08T00:00:00,2026-01-14T23:59:59,Köln,home,Heidestraße,Düsseldorf,work,TechPark Düsseldorf
trip_7cea96f9b455_00017,7cea96f9-b455-4c55-a3e5-2ba5ee5ce303,2026-01-09T18:20:00,2026-01-09T19:18:00,friday,return_home,regional_train,bike|regional_train|bike,47.5,58,12.0,single_ticket,True,True,routine,"Evening return home using the same fast combo, keeping travel time low.",2,2026-01-08T00:00:00,2026-01-14T23:59:59,Düsseldorf,work,TechPark Düsseldorf,Köln,home,Heidestraße
trip_7cea96f9b455_00018,7cea96f9-b455-4c55-a3e5-2ba5ee5ce303,2026-01-10T10:00:00,2026-01-10T10:36:00,saturday,leisure,regional_train,bike|regional_train|bike,33.5,36,7.0,day_ticket,False,False,planned,"Weekend visit to a friend, using day ticket for cost‑efficiency and bike for first/last kilometre.",2,2026-01-08T00:00:00,2026-01-14T23:59:59,Köln,home,Heidestraße,Bonn,family_visit,Friend's flat
trip_7cea96f9b455_00019,7cea96f9-b455-4c55-a3e5-2ba5ee5ce303,2026-01-10T15:00:00,2026-01-10T15:36:00,saturday,return_home,regional_train,bike|regional_train|bike,33.5,36,0.0,none,False,False,spontaneous,"Return home after visit, re‑using the day ticket purchased earlier.",2,2026-01-08T00:00:00,2026-01-14T23:59:59,Bonn,family_visit,Friend's flat,Köln,home,Heidestraße
trip_7cea96f9b455_00020,7cea96f9-b455-4c55-a3e5-2ba5ee5ce303,2026-01-11T09:30:00,2026-01-11T10:33:00,sunday,leisure,regional_train,bike|regional_train|bike,74.0,63,12.0,single_ticket,False,False,planned,"Sunday family visit, using single ticket for the longer regional train ride and bike for first/last kilometre.",2,2026-01-08T00:00:00,2026-01-14T23:59:59,Köln,home,Heidestraße,Aachen,family_visit,Family house
trip_7cea96f9b455_00021,7cea96f9-b455-4c55-a3e5-2ba5ee5ce303,2026-01-11T14:30:00,2026-01-11T15:33:00,sunday,return_home,regional_train,bike|regional_train|bike,74.0,63,0.0,none,False,False,spontaneous,"Return home after family visit, re‑using the earlier single ticket.",2,2026-01-08T00:00:00,2026-01-14T23:59:59,Aachen,family_visit,Family house,Köln,home,Heidestraße
trip_7cea96f9b455_00022,7cea96f9-b455-4c55-a3e5-2ba5ee5ce303,2026-01-12T07:30:00,2026-01-12T08:34:00,monday,commute,regional_train,bike|regional_train|bike,50.0,64,12.0,single_ticket,True,True,routine,"Third on‑site day of the week, same efficient train‑bike combo.",2,2026-01-08T00:00:00,2026-01-14T23:59:59,Köln,home,Heidestraße,Düsseldorf,work,TechPark Düsseldorf
trip_7cea96f9b455_00023,7cea96f9-b455-4c55-a3e5-2ba5ee5ce303,2026-01-12T18:30:00,2026-01-12T20:45:00,monday,work_related,car_sharing,car_sharing|walking|car_sharing|bike,102.5,135,20.0,none,False,False,spontaneous,"Tight client meeting in Essen, uses on‑demand car sharing for speed, then bike home, matching his priority for flexibility.",2,2026-01-08T00:00:00,2026-01-14T23:59:59,Düsseldorf,work,TechPark Düsseldorf,Köln,home,Heidestraße
trip_7cea96f9b455_00024,7cea96f9-b455-4c55-a3e5-2ba5ee5ce303,2026-01-13T19:00:00,2026-01-13T19:35:00,tuesday,leisure,bike,bike|bike,2.0,35,0.0,none,False,False,spontaneous,"Evening coffee with friends, short bike ride fits his active lifestyle.",2,2026-01-08T00:00:00,2026-01-14T23:59:59,Köln,home,Heidestraße,Köln,cafe,Café Kaffeekultur
trip_7cea96f9b455_00025,7cea96f9-b455-4c55-a3e5-2ba5ee5ce303,2026-01-15T07:30:00,2026-01-15T08:17:00,monday,commute,regional_train,walking|regional_train|bike,47.5,47,12.0,single_ticket,True,True,routine,Regular office commute using preferred regional train and bike for the last kilometre.,3,2026-01-15T00:00:00,2026-01-21T23:59:59,Köln,home,Home Cologne,Düsseldorf,work,Düsseldorf Office
trip_7cea96f9b455_00026,7cea96f9-b455-4c55-a3e5-2ba5ee5ce303,2026-01-15T17:45:00,2026-01-15T18:33:00,monday,commute,regional_train,bike|regional_train|walking,47.5,48,12.0,single_ticket,True,True,routine,"Return home after work, using bike to station and regional train.",3,2026-01-15T00:00:00,2026-01-21T23:59:59,Düsseldorf,work,Düsseldorf Office,Köln,home,Home Cologne
trip_7cea96f9b455_00027,7cea96f9-b455-4c55-a3e5-2ba5ee5ce303,2026-01-16T19:00:00,2026-01-16T19:04:00,tuesday,leisure,walking,walking,0.3,4,0.0,none,False,False,spontaneous,"Evening dinner with friends, short walk fits his preference for walking.",3,2026-01-15T00:00:00,2026-01-21T23:59:59,Köln,home,Home Cologne,Köln,restaurant,Zum Goldenen Stern
trip_7cea96f9b455_00028,7cea96f9-b455-4c55-a3e5-2ba5ee5ce303,2026-01-16T21:30:00,2026-01-16T21:34:00,tuesday,leisure,walking,walking,0.3,4,0.0,none,False,False,spontaneous,Walk back home after dinner.,3,2026-01-15T00:00:00,2026-01-21T23:59:59,Köln,restaurant,Zum Goldenen Stern,Köln,home,Home Cologne
trip_7cea96f9b455_00029,7cea96f9-b455-4c55-a3e5-2ba5ee5ce303,2026-01-17T07:35:00,2026-01-17T08:22:00,wednesday,commute,regional_train,walking|regional_train|bike,47.5,47,12.0,single_ticket,True,True,routine,"Mid‑week office visit, same preferred train‑bike combo.",3,2026-01-15T00:00:00,2026-01-21T23:59:59,Köln,home,Home Cologne,Düsseldorf,work,Düsseldorf Office
trip_7cea96f9b455_00030,7cea96f9-b455-4c55-a3e5-2ba5ee5ce303,2026-01-17T17:45:00,2026-01-17T18:33:00,wednesday,commute,regional_train,bike|regional_train|walking,47.5,48,12.0,single_ticket,True,True,routine,Return home after work using bike and train.,3,2026-01-15T00:00:00,2026-01-21T23:59:59,Düsseldorf,work,Düsseldorf Office,Köln,home,Home Cologne
trip_7cea96f9b455_00031,7cea96f9-b455-4c55-a3e5-2ba5ee5ce303,2026-01-17T19:30:00,2026-01-17T19:40:00,wednesday,leisure,bike,bike,3.0,10,0.0,none,False,False,spontaneous,"Evening workout, bike is fast and eco‑friendly.",3,2026-01-15T00:00:00,2026-01-21T23:59:59,Köln,home,Home Cologne,Köln,fitness,FitX Köln
trip_7cea96f9b455_00032,7cea96f9-b455-4c55-a3e5-2ba5ee5ce303,2026-01-17T20:50:00,2026-01-17T21:00:00,wednesday,leisure,bike,bike,3.0,10,0.0,none,False,False,spontaneous,Bike back home after workout.,3,2026-01-15T00:00:00,2026-01-21T23:59:59,Köln,fitness,FitX Köln,Köln,home,Home Cologne
trip_7cea96f9b455_00033,7cea96f9-b455-4c55-a3e5-2ba5ee5ce303,2026-01-18T10:00:00,2026-01-18T10:36:00,thursday,family,regional_train,walking|regional_train|walking,31.1,36,8.0,day_ticket,False,False,spontaneous,"Weekend family visit, uses day ticket and short walks.",3,2026-01-15T00:00:00,2026-01-21T23:59:59,Köln,home,Home Cologne,Bonn,family_visit,Friend's apartment Bonn
trip_7cea96f9b455_00034,7cea96f9-b455-4c55-a3e5-2ba5ee5ce303,2026-01-18T18:30:00,2026-01-18T19:03:00,thursday,family,regional_train,walking|regional_train|walking,31.0,33,0.0,none,False,False,spontaneous,"Return from family visit, day ticket already used.",3,2026-01-15T00:00:00,2026-01-21T23:59:59,Bonn,family_visit,Friend's apartment Bonn,Köln,home,Home Cologne
trip_7cea96f9b455_00035,7cea96f9-b455-4c55-a3e5-2ba5ee5ce303,2026-01-19T07:40:00,2026-01-19T08:27:00,friday,commute,regional_train,walking|regional_train|bike,47.5,47,12.0,single_ticket,True,True,routine,"Friday office day, same efficient train‑bike route.",3,2026-01-15T00:00:00,2026-01-21T23:59:59,Köln,home,Home Cologne,Düsseldorf,work,Düsseldorf Office
trip_7cea96f9b455_00036,7cea96f9-b455-4c55-a3e5-2ba5ee5ce303,2026-01-19T17:50:00,2026-01-19T18:38:00,friday,commute,regional_train,bike|regional_train|walking,47.5,48,12.0,single_ticket,True,True,routine,"End of week return home, using bike and train as usual.",3,2026-01-15T00:00:00,2026-01-21T23:59:59,Düsseldorf,work,Düsseldorf Office,Köln,home,Home Cologne
trip_7cea96f9b455_00037,7cea96f9-b455-4c55-a3e5-2ba5ee5ce303,2026-01-22T07:30:00,2026-01-22T08:13:00,thursday,commute,regional_train,walking|regional_train|bike,32.5,43,9.0,single_ticket,True,True,planned,"Uses preferred regional train and bike for fast, flexible commute to Düsseldorf, matching his hybrid work schedule and high public‑transport affinity.",4,2026-01-22T00:00:00,2026-01-28T23:59:59,Köln,home,Jan's Apartment,Düsseldorf,work,Client Office
trip_7cea96f9b455_00038,7cea96f9-b455-4c55-a3e5-2ba5ee5ce303,2026-01-22T17:30:00,2026-01-22T18:22:00,thursday,commute,regional_train,bike|regional_train|walking,32.5,52,9.0,single_ticket,True,True,planned,"Returns home using the same fast train‑bike combo, keeping travel time low after work.",4,2026-01-22T00:00:00,2026-01-28T23:59:59,Düsseldorf,work,Client Office,Köln,home,Jan's Apartment
trip_7cea96f9b455_00039,7cea96f9-b455-4c55-a3e5-2ba5ee5ce303,2026-01-22T19:00:00,2026-01-22T19:05:00,thursday,leisure,walking,walking,0.3,5,0.0,none,False,False,spontaneous,"Quick walk to a nearby restaurant for an evening meal, fitting his frequent after‑work dining habit.",4,2026-01-22T00:00:00,2026-01-28T23:59:59,Düsseldorf,work,Client Office,Düsseldorf,restaurant,Local Restaurant
trip_7cea96f9b455_00040,7cea96f9-b455-4c55-a3e5-2ba5ee5ce303,2026-01-22T21:30:00,2026-01-22T22:17:00,thursday,return_home,regional_train,walking|regional_train|walking,31.0,47,9.0,single_ticket,False,False,planned,"Uses the same regional train to get home after dinner, keeping travel simple and cost‑effective.",4,2026-01-22T00:00:00,2026-01-28T23:59:59,Düsseldorf,restaurant,Local Restaurant,Köln,home,Jan's Apartment
trip_7cea96f9b455_00041,7cea96f9-b455-4c55-a3e5-2ba5ee5ce303,2026-01-23T07:35:00,2026-01-23T08:18:00,friday,commute,regional_train,walking|regional_train|bike,32.5,43,9.0,single_ticket,True,True,planned,"Morning commute on a hybrid work day, using his preferred train‑bike combo for speed.",4,2026-01-22T00:00:00,2026-01-28T23:59:59,Köln,home,Jan's Apartment,Düsseldorf,work,Client Office
trip_7cea96f9b455_00042,7cea96f9-b455-4c55-a3e5-2ba5ee5ce303,2026-01-23T17:35:00,2026-01-23T18:22:00,friday,commute,regional_train,bike|regional_train|walking,32.5,47,9.0,single_ticket,True,True,planned,Evening return home using the same efficient train‑bike route.,4,2026-01-22T00:00:00,2026-01-28T23:59:59,Düsseldorf,work,Client Office,Köln,home,Jan's Apartment
trip_7cea96f9b455_00043,7cea96f9-b455-4c55-a3e5-2ba5ee5ce303,2026-01-23T19:00:00,2026-01-23T21:30:00,friday,work_related,regional_train,walking|regional_train,190.5,150,30.0,single_ticket,False,False,planned,"Buys a single long‑distance ticket for a Friday evening tech meetup in Frankfurt, matching his preference for flexibility over subscriptions.",4,2026-01-22T00:00:00,2026-01-28T23:59:59,Köln,home,Jan's Apartment,Frankfurt,other,Tech Meetup Venue
trip_7cea96f9b455_00044,7cea96f9-b455-4c55-a3e5-2ba5ee5ce303,2026-01-24T10:00:00,2026-01-24T10:20:00,saturday,shopping,bike,bike,5.0,20,0.0,none,False,False,routine,"Uses his bike for a quick Saturday shopping trip, aligning with his bike ownership and preference for active travel.",4,2026-01-22T00:00:00,2026-01-28T23:59:59,Köln,home,Jan's Apartment,Köln,shopping,City Center Mall
trip_7cea96f9b455_00045,7cea96f9-b455-4c55-a3e5-2ba5ee5ce303,2026-01-24T15:00:00,2026-01-24T15:20:00,saturday,return_home,bike,bike,5.0,20,0.0,none,False,False,routine,"Returns home by bike after shopping, keeping the trip low‑cost and active.",4,2026-01-22T00:00:00,2026-01-28T23:59:59,Köln,shopping,City Center Mall,Köln,home,Jan's Apartment
trip_7cea96f9b455_00046,7cea96f9-b455-4c55-a3e5-2ba5ee5ce303,2026-01-25T09:30:00,2026-01-25T11:00:00,sunday,family,regional_train,walking|regional_train|bike,22.5,90,7.0,single_ticket,False,False,planned,"Weekend family visit to Bonn, using a single regional train ticket and bike for the last kilometre, fitting his high leisure activity level.",4,2026-01-22T00:00:00,2026-01-28T23:59:59,Köln,home,Jan's Apartment,Bonn,family_visit,Family Home
trip_7cea96f9b455_00047,7cea96f9-b455-4c55-a3e5-2ba5ee5ce303,2026-01-25T10:30:00,2026-01-25T12:42:00,sunday,return_home,regional_train,regional_train|walking,190.5,132,30.0,single_ticket,False,False,planned,"Returns home from the Frankfurt meetup using another single ticket, keeping travel consistent with his flexibility preference.",4,2026-01-22T00:00:00,2026-01-28T23:59:59,Frankfurt,other,Tech Meetup Venue,Köln,home,Jan's Apartment
trip_7cea96f9b455_00048,7cea96f9-b455-4c55-a3e5-2ba5ee5ce303,2026-01-25T17:30:00,2026-01-25T18:47:00,sunday,return_home,regional_train,bike|regional_train|walking,22.5,77,7.0,single_ticket,False,False,planned,"Returns home from the family visit using the same train‑bike combination, keeping travel efficient and low‑cost.",4,2026-01-22T00:00:00,2026-01-28T23:59:59,Bonn,family_visit,Family Home,Köln,home,Jan's Apartment
trip_7cea96f9b455_00049,7cea96f9-b455-4c55-a3e5-2ba5ee5ce303,2026-01-29T18:30:00,2026-01-29T20:30:00,thursday,leisure,public_transport,walking|tram|walking,5.7,120,2.5,short_trip_ticket,False,False,spontaneous,"Evening dinner after remote work, using tram aligns with high public‑transport affinity and avoids car use.",5,2026-01-29T00:00:00,2026-02-04T23:59:59,Köln,home,Heidestraße 12,Köln,restaurant,Zum Goldenen Stern
trip_7cea96f9b455_00050,7cea96f9-b455-4c55-a3e5-2ba5ee5ce303,2026-01-30T07:15:00,2026-01-30T08:15:00,friday,commute,regional_train,walking|regional_train|bike,32.5,60,12.0,single_ticket,True,True,routine,"Regular onsite day, uses fast regional train and bike for last kilometre, matching speed and flexibility priority.",5,2026-01-29T00:00:00,2026-02-04T23:59:59,Köln,home,Heidestraße 12,Düsseldorf,work,Düsseldorf Office
trip_7cea96f9b455_00051,7cea96f9-b455-4c55-a3e5-2ba5ee5ce303,2026-01-30T17:45:00,2026-01-30T18:45:00,friday,return_home,regional_train,bike|regional_train|walking,32.5,60,12.0,single_ticket,True,True,routine,"End of onsite day, same fast train‑bike combo back home.",5,2026-01-29T00:00:00,2026-02-04T23:59:59,Düsseldorf,work,Düsseldorf Office,Köln,home,Heidestraße 12
trip_7cea96f9b455_00052,7cea96f9-b455-4c55-a3e5-2ba5ee5ce303,2026-01-31T10:00:00,2026-01-31T10:15:00,saturday,leisure,bike,bike,5.0,15,0.0,none,False,False,planned,"Morning sport activity, uses bike for flexibility and health.",5,2026-01-29T00:00:00,2026-02-04T23:59:59,Köln,home,Heidestraße 12,Köln,fitness,Kletterhalle Köln
trip_7cea96f9b455_00053,7cea96f9-b455-4c55-a3e5-2ba5ee5ce303,2026-01-31T13:30:00,2026-01-31T15:12:00,saturday,work_related,regional_train,bike|regional_train|walking,191.0,102,30.0,single_ticket,False,False,planned,"Monthly tech meetup, uses fast ICE (treated as regional_train) and bike for first/last kilometre, paying single ticket as per preference.",5,2026-01-29T00:00:00,2026-02-04T23:59:59,Köln,home,Heidestraße 12,Frankfurt,other,Tech Meetup Frankfurt
trip_7cea96f9b455_00054,7cea96f9-b455-4c55-a3e5-2ba5ee5ce303,2026-01-31T18:30:00,2026-01-31T20:12:00,saturday,return_home,regional_train,walking|regional_train|bike,191.0,102,30.0,single_ticket,False,False,planned,"Return from meetup, same fast train and bike combo, single ticket matches low subscription preference.",5,2026-01-29T00:00:00,2026-02-04T23:59:59,Frankfurt,other,Tech Meetup Frankfurt,Köln,home,Heidestraße 12
trip_7cea96f9b455_00055,7cea96f9-b455-4c55-a3e5-2ba5ee5ce303,2026-02-01T09:00:00,2026-02-01T10:00:00,sunday,family,regional_train,walking|regional_train|bike,73.4,60,9.0,single_ticket,False,False,planned,"Weekend family visit, uses regional train and bike, paying single ticket as per low subscription preference.",5,2026-01-29T00:00:00,2026-02-04T23:59:59,Köln,home,Heidestraße 12,Bonn,family_visit,Family in Bonn
trip_7cea96f9b455_00056,7cea96f9-b455-4c55-a3e5-2ba5ee5ce303,2026-02-01T17:00:00,2026-02-01T18:00:00,sunday,return_home,regional_train,bike|regional_train|walking,73.4,60,9.0,single_ticket,False,False,routine,"Return from family visit, same train‑bike combo.",5,2026-01-29T00:00:00,2026-02-04T23:59:59,Bonn,family_visit,Family in Bonn,Köln,home,Heidestraße 12
trip_7cea96f9b455_00057,7cea96f9-b455-4c55-a3e5-2ba5ee5ce303,2026-02-01T19:30:00,2026-02-01T19:50:00,sunday,leisure,public_transport,walking|tram|walking,4.6,20,2.5,short_trip_ticket,False,False,spontaneous,"Evening cinema after family visit, uses tram for quick city travel.",5,2026-01-29T00:00:00,2026-02-04T23:59:59,Köln,home,Heidestraße 12,Köln,cinema,CineStar Köln
trip_7cea96f9b455_00058,7cea96f9-b455-4c55-a3e5-2ba5ee5ce303,2026-02-02T07:10:00,2026-02-02T08:10:00,monday,commute,regional_train,walking|regional_train|bike,32.5,60,12.0,single_ticket,True,True,routine,"Second onsite day, same fast train‑bike combo for efficiency.",5,2026-01-29T00:00:00,2026-02-04T23:59:59,Köln,home,Heidestraße 12,Düsseldorf,work,Düsseldorf Office
trip_7cea96f9b455_00059,7cea96f9-b455-4c55-a3e5-2ba5ee5ce303,2026-02-02T17:40:00,2026-02-02T18:40:00,monday,return_home,regional_train,bike|regional_train|walking,32.5,60,12.0,single_ticket,True,True,routine,"End of onsite day, same efficient travel back home.",5,2026-01-29T00:00:00,2026-02-04T23:59:59,Düsseldorf,work,Düsseldorf Office,Köln,home,Heidestraße 12
trip_7cea96f9b455_00060,7cea96f9-b455-4c55-a3e5-2ba5ee5ce303,2026-02-03T07:30:00,2026-02-03T12:47:00,tuesday,work_related,car_sharing,walking|car_sharing|walking|walking|car_sharing|walking,11.0,317,8.0,none,False,False,planned,"Mid‑day meeting, reserves car‑sharing for speed, walks to/from vehicle, aligns with flexibility priority.",5,2026-01-29T00:00:00,2026-02-04T23:59:59,Köln,home,Heidestraße 12,Köln,other,Coworking Space Köln
trip_7cea96f9b455_00061,7cea96f9-b455-4c55-a3e5-2ba5ee5ce303,2026-02-05T07:30:00,2026-02-05T08:23:00,monday,commute,regional_train,walking|regional_train|bike,42.8,53,9.0,single_ticket,True,True,routine,Regular hybrid commute to client site using preferred public transport and bike for last kilometre.,6,2026-02-05T00:00:00,2026-02-11T23:59:59,Köln,home,Heidestraße 12,Düsseldorf,work,Düsseldorf Office
trip_7cea96f9b455_00062,7cea96f9-b455-4c55-a3e5-2ba5ee5ce303,2026-02-05T17:30:00,2026-02-05T18:23:00,monday,commute,regional_train,bike|regional_train|walking,42.8,53,9.0,single_ticket,True,True,routine,"Evening return home after on‑site work, using bike to station and regional train.",6,2026-02-05T00:00:00,2026-02-11T23:59:59,Düsseldorf,work,Düsseldorf Office,Köln,home,Heidestraße 12
trip_7cea96f9b455_00063,7cea96f9-b455-4c55-a3e5-2ba5ee5ce303,2026-02-06T19:00:00,2026-02-06T19:45:00,tuesday,leisure,tram,walking|tram|walking,5.8,45,2.9,short_trip_ticket,False,False,spontaneous,"Evening dinner with friends, prefers public transport and short‑trip ticket.",6,2026-02-05T00:00:00,2026-02-11T23:59:59,Köln,home,Heidestraße 12,Köln,restaurant,Restaurant Rheinblick
trip_7cea96f9b455_00064,7cea96f9-b455-4c55-a3e5-2ba5ee5ce303,2026-02-06T21:30:00,2026-02-06T22:15:00,tuesday,return_home,tram,walking|tram|walking,5.8,45,2.9,short_trip_ticket,False,False,spontaneous,"Return home after dinner, uses same tram route and short‑trip ticket.",6,2026-02-05T00:00:00,2026-02-11T23:59:59,Köln,restaurant,Restaurant Rheinblick,Köln,home,Heidestraße 12
trip_7cea96f9b455_00065,7cea96f9-b455-4c55-a3e5-2ba5ee5ce303,2026-02-07T07:35:00,2026-02-07T08:28:00,wednesday,commute,regional_train,walking|regional_train|bike,42.8,53,9.0,single_ticket,True,True,routine,"Mid‑week hybrid office day, same preferred train‑bike combination.",6,2026-02-05T00:00:00,2026-02-11T23:59:59,Köln,home,Heidestraße 12,Düsseldorf,work,Düsseldorf Office
trip_7cea96f9b455_00066,7cea96f9-b455-4c55-a3e5-2ba5ee5ce303,2026-02-07T17:40:00,2026-02-07T18:33:00,wednesday,commute,regional_train,bike|regional_train|walking,42.8,53,9.0,single_ticket,True,True,routine,"Evening return after work, using bike to station and regional train.",6,2026-02-05T00:00:00,2026-02-11T23:59:59,Düsseldorf,work,Düsseldorf Office,Köln,home,Heidestraße 12
trip_7cea96f9b455_00067,7cea96f9-b455-4c55-a3e5-2ba5ee5ce303,2026-02-08T18:30:00,2026-02-08T19:15:00,thursday,leisure,bus,walking|bus|walking,5.8,45,2.9,short_trip_ticket,False,False,spontaneous,"Evening workout, prefers quick bus ride and short‑trip ticket.",6,2026-02-05T00:00:00,2026-02-11T23:59:59,Köln,home,Heidestraße 12,Köln,fitness,FitX Köln
trip_7cea96f9b455_00068,7cea96f9-b455-4c55-a3e5-2ba5ee5ce303,2026-02-08T20:30:00,2026-02-08T21:15:00,thursday,return_home,bus,walking|bus|walking,5.8,45,2.9,short_trip_ticket,False,False,spontaneous,"Return home after workout, uses same bus line and short‑trip ticket.",6,2026-02-05T00:00:00,2026-02-11T23:59:59,Köln,fitness,FitX Köln,Köln,home,Heidestraße 12
trip_7cea96f9b455_00069,7cea96f9-b455-4c55-a3e5-2ba5ee5ce303,2026-02-09T07:40:00,2026-02-09T08:33:00,friday,commute,regional_train,walking|regional_train|bike,42.8,53,9.0,single_ticket,True,True,routine,"Friday on‑site day, same preferred multimodal commute.",6,2026-02-05T00:00:00,2026-02-11T23:59:59,Köln,home,Heidestraße 12,Düsseldorf,work,Düsseldorf Office
trip_7cea96f9b455_00070,7cea96f9-b455-4c55-a3e5-2ba5ee5ce303,2026-02-09T17:45:00,2026-02-09T18:36:00,friday,commute,regional_train,bike|regional_train|walking,42.8,51,9.0,single_ticket,True,True,routine,"Evening return after Friday on‑site work, using bike and train.",6,2026-02-05T00:00:00,2026-02-11T23:59:59,Düsseldorf,work,Düsseldorf Office,Köln,home,Heidestraße 12
trip_7cea96f9b455_00071,7cea96f9-b455-4c55-a3e5-2ba5ee5ce303,2026-02-10T08:00:00,2026-02-10T09:45:00,saturday,work_related,regional_train,walking|regional_train|walking,181.3,105,30.0,single_ticket,False,False,planned,"Weekend tech meetup in Frankfurt, prefers fast ICE service and single ticket.",6,2026-02-05T00:00:00,2026-02-11T23:59:59,Köln,home,Heidestraße 12,Frankfurt,other,Tech Hub Frankfurt
trip_7cea96f9b455_00072,7cea96f9-b455-4c55-a3e5-2ba5ee5ce303,2026-02-11T17:00:00,2026-02-11T18:45:00,sunday,return_home,regional_train,walking|regional_train|walking,181.3,105,30.0,single_ticket,False,False,planned,"Return home after Frankfurt meetup, uses same ICE service and single ticket.",6,2026-02-05T00:00:00,2026-02-11T23:59:59,Frankfurt,other,Tech Hub Frankfurt,Köln,home,Heidestraße 12
trip_7cea96f9b455_00073,7cea96f9-b455-4c55-a3e5-2ba5ee5ce303,2026-02-12T07:10:00,2026-02-12T08:00:00,thursday,commute,regional_train,walking|regional_train|bike,47.5,50,6.0,day_ticket,True,True,routine,Morning commute to client office using preferred train+bike combo,7,2026-02-12T00:00:00,2026-02-18T23:59:59,Köln,home,Heinrich-Heine-Str. 12,Düsseldorf,work,Düsseldorf Office
trip_7cea96f9b455_00074,7cea96f9-b455-4c55-a3e5-2ba5ee5ce303,2026-02-12T17:30:00,2026-02-12T18:20:00,thursday,return_home,regional_train,bike|regional_train|walking,47.5,50,6.0,day_ticket,True,True,routine,Evening return using bike to station then train home,7,2026-02-12T00:00:00,2026-02-18T23:59:59,Düsseldorf,work,Düsseldorf Office,Köln,home,Heinrich-Heine-Str. 12
trip_7cea96f9b455_00075,7cea96f9-b455-4c55-a3e5-2ba5ee5ce303,2026-02-12T19:30:00,2026-02-12T19:40:00,thursday,leisure,walking,walking,0.8,10,0.0,none,False,False,spontaneous,"Evening dinner with friends, prefers walking short distance",7,2026-02-12T00:00:00,2026-02-18T23:59:59,Köln,home,Heinrich-Heine-Str. 12,Köln,restaurant,Italian Bistro
trip_7cea96f9b455_00076,7cea96f9-b455-4c55-a3e5-2ba5ee5ce303,2026-02-12T21:30:00,2026-02-12T21:40:00,thursday,return_home,walking,walking,0.8,10,0.0,none,False,False,spontaneous,Walk back home after dinner,7,2026-02-12T00:00:00,2026-02-18T23:59:59,Köln,restaurant,Italian Bistro,Köln,home,Heinrich-Heine-Str. 12
trip_7cea96f9b455_00077,7cea96f9-b455-4c55-a3e5-2ba5ee5ce303,2026-02-13T07:15:00,2026-02-13T08:05:00,friday,commute,regional_train,walking|regional_train|bike,47.5,50,6.0,day_ticket,True,True,routine,Regular Friday commute using train and bike,7,2026-02-12T00:00:00,2026-02-18T23:59:59,Köln,home,Heinrich-Heine-Str. 12,Düsseldorf,work,Düsseldorf Office
trip_7cea96f9b455_00078,7cea96f9-b455-4c55-a3e5-2ba5ee5ce303,2026-02-13T17:35:00,2026-02-13T18:25:00,friday,return_home,regional_train,bike|regional_train|walking,47.5,50,6.0,day_ticket,True,True,routine,Evening return after Friday work,7,2026-02-12T00:00:00,2026-02-18T23:59:59,Düsseldorf,work,Düsseldorf Office,Köln,home,Heinrich-Heine-Str. 12
trip_7cea96f9b455_00079,7cea96f9-b455-4c55-a3e5-2ba5ee5ce303,2026-02-13T19:00:00,2026-02-13T19:12:00,friday,leisure,bike,bike,3.0,12,0.0,none,False,False,spontaneous,"After work workout, uses bike for quick travel",7,2026-02-12T00:00:00,2026-02-18T23:59:59,Köln,home,Heinrich-Heine-Str. 12,Köln,fitness,FitX Cologne
trip_7cea96f9b455_00080,7cea96f9-b455-4c55-a3e5-2ba5ee5ce303,2026-02-13T20:30:00,2026-02-13T20:42:00,friday,return_home,bike,bike,3.0,12,0.0,none,False,False,spontaneous,Bike back home after gym session,7,2026-02-12T00:00:00,2026-02-18T23:59:59,Köln,fitness,FitX Cologne,Köln,home,Heinrich-Heine-Str. 12
trip_7cea96f9b455_00081,7cea96f9-b455-4c55-a3e5-2ba5ee5ce303,2026-02-14T09:00:00,2026-02-14T09:41:00,saturday,leisure,regional_train,bike|regional_train|walking,26.2,41,9.0,single_ticket,False,False,spontaneous,Weekend visit to a friend in Bonn using train and bike,7,2026-02-12T00:00:00,2026-02-18T23:59:59,Köln,home,Heinrich-Heine-Str. 12,Bonn,other,Friend's flat
trip_7cea96f9b455_00082,7cea96f9-b455-4c55-a3e5-2ba5ee5ce303,2026-02-14T17:00:00,2026-02-14T17:41:00,saturday,return_home,regional_train,walking|regional_train|bike,26.2,41,9.0,single_ticket,False,False,spontaneous,Return home after visiting friend in Bonn,7,2026-02-12T00:00:00,2026-02-18T23:59:59,Bonn,other,Friend's flat,Köln,home,Heinrich-Heine-Str. 12
trip_7cea96f9b455_00083,7cea96f9-b455-4c55-a3e5-2ba5ee5ce303,2026-02-16T07:20:00,2026-02-16T08:10:00,monday,commute,regional_train,walking|regional_train|bike,47.5,50,6.0,day_ticket,True,True,routine,Monday on-site day commute using preferred train+bike combo,7,2026-02-12T00:00:00,2026-02-18T23:59:59,Köln,home,Heinrich-Heine-Str. 12,Düsseldorf,work,Düsseldorf Office
trip_7cea96f9b455_00084,7cea96f9-b455-4c55-a3e5-2ba5ee5ce303,2026-02-16T17:40:00,2026-02-16T18:30:00,monday,return_home,regional_train,bike|regional_train|walking,47.5,50,6.0,day_ticket,True,True,routine,Evening return after Monday work,7,2026-02-12T00:00:00,2026-02-18T23:59:59,Düsseldorf,work,Düsseldorf Office,Köln,home,Heinrich-Heine-Str. 12
trip_7cea96f9b455_00085,7cea96f9-b455-4c55-a3e5-2ba5ee5ce303,2026-02-19T18:30:00,2026-02-19T18:42:00,thursday,leisure,bike,bike,4.0,12,0.0,none,False,False,spontaneous,"Evening dinner, bike gives flexibility and aligns with his preference for active nightlife travel.",8,2026-02-19T00:00:00,2026-02-25T23:59:59,Köln,home,Home,Köln,restaurant,Rheinterrasse
trip_7cea96f9b455_00086,7cea96f9-b455-4c55-a3e5-2ba5ee5ce303,2026-02-19T21:00:00,2026-02-19T21:12:00,thursday,return_home,bike,bike,4.0,12,0.0,none,False,False,spontaneous,"Bike back home after dinner, keeping the night flexible.",8,2026-02-19T00:00:00,2026-02-25T23:59:59,Köln,restaurant,Rheinterrasse,Köln,home,Home
trip_7cea96f9b455_00087,7cea96f9-b455-4c55-a3e5-2ba5ee5ce303,2026-02-20T18:00:00,2026-02-20T18:09:00,friday,leisure,bike,bike,3.0,9,0.0,none,False,False,spontaneous,"After‑work workout, bike provides quick access to the gym.",8,2026-02-19T00:00:00,2026-02-25T23:59:59,Köln,home,Home,Köln,fitness,FitX Cologne
trip_7cea96f9b455_00088,7cea96f9-b455-4c55-a3e5-2ba5ee5ce303,2026-02-20T20:30:00,2026-02-20T20:39:00,friday,return_home,bike,bike,3.0,9,0.0,none,False,False,spontaneous,Bike back home after late workout.,8,2026-02-19T00:00:00,2026-02-25T23:59:59,Köln,fitness,FitX Cologne,Köln,home,Home
trip_7cea96f9b455_00089,7cea96f9-b455-4c55-a3e5-2ba5ee5ce303,2026-02-21T07:00:00,2026-02-21T08:18:00,saturday,work_related,regional_train,walking|regional_train|walking,191.1,78,49.0,single_ticket,False,False,planned,"Tech meetup in Frankfurt, uses fast ICE and walks, matching his willingness to pay single tickets for important work events.",8,2026-02-19T00:00:00,2026-02-25T23:59:59,Köln,home,Home,Frankfurt,other,TechHub Frankfurt
trip_7cea96f9b455_00090,7cea96f9-b455-4c55-a3e5-2ba5ee5ce303,2026-02-21T16:00:00,2026-02-21T17:17:00,saturday,return_home,regional_train,walking|regional_train|walking,191.1,77,49.0,single_ticket,False,False,planned,"Return from Frankfurt meetup, same fast train and walk home.",8,2026-02-19T00:00:00,2026-02-25T23:59:59,Frankfurt,other,TechHub Frankfurt,Köln,home,Home
trip_7cea96f9b455_00091,7cea96f9-b455-4c55-a3e5-2ba5ee5ce303,2026-02-23T07:15:00,2026-02-23T08:02:00,monday,commute,regional_train,walking|regional_train|bike,33.5,47,9.0,single_ticket,True,True,routine,"Fast hybrid commute using regional train and bike for the last kilometre, matching his preference for speed and flexibility.",8,2026-02-19T00:00:00,2026-02-25T23:59:59,Köln,home,Home,Düsseldorf,work,Düsseldorf Office
trip_7cea96f9b455_00092,7cea96f9-b455-4c55-a3e5-2ba5ee5ce303,2026-02-23T17:30:00,2026-02-23T18:17:00,monday,return_home,regional_train,bike|walking|regional_train|walking,33.7,47,9.0,single_ticket,False,True,routine,"Standard evening return using bike to station and regional train, keeping travel time low.",8,2026-02-19T00:00:00,2026-02-25T23:59:59,Düsseldorf,work,Düsseldorf Office,Köln,home,Home
trip_7cea96f9b455_00093,7cea96f9-b455-4c55-a3e5-2ba5ee5ce303,2026-02-24T07:20:00,2026-02-24T08:07:00,tuesday,commute,regional_train,walking|regional_train|bike,33.5,47,9.0,single_ticket,True,True,routine,"Consistent Tuesday commute using train and bike, aligning with his hybrid schedule.",8,2026-02-19T00:00:00,2026-02-25T23:59:59,Köln,home,Home,Düsseldorf,work,Düsseldorf Office
trip_7cea96f9b455_00094,7cea96f9-b455-4c55-a3e5-2ba5ee5ce303,2026-02-24T17:30:00,2026-02-24T18:17:00,tuesday,return_home,regional_train,bike|walking|regional_train|walking,33.7,47,9.0,single_ticket,False,True,routine,Evening return mirroring his regular commute pattern.,8,2026-02-19T00:00:00,2026-02-25T23:59:59,Düsseldorf,work,Düsseldorf Office,Köln,home,Home
trip_7cea96f9b455_00095,7cea96f9-b455-4c55-a3e5-2ba5ee5ce303,2026-02-25T07:15:00,2026-02-25T08:02:00,wednesday,commute,regional_train,walking|regional_train|bike,33.5,47,9.0,single_ticket,True,True,routine,"Wednesday commute, same pattern as earlier weekdays.",8,2026-02-19T00:00:00,2026-02-25T23:59:59,Köln,home,Home,Düsseldorf,work,Düsseldorf Office
trip_7cea96f9b455_00096,7cea96f9-b455-4c55-a3e5-2ba5ee5ce303,2026-02-25T17:30:00,2026-02-25T18:17:00,wednesday,return_home,regional_train,bike|walking|regional_train|walking,33.7,47,9.0,single_ticket,False,True,routine,Evening return after Wednesday on‑site day.,8,2026-02-19T00:00:00,2026-02-25T23:59:59,Düsseldorf,work,Düsseldorf Office,Köln,home,Home
trip_7cea96f9b455_00097,7cea96f9-b455-4c55-a3e5-2ba5ee5ce303,2026-02-26T07:30:00,2026-02-26T08:17:00,thursday,commute,regional_train,walking|regional_train|bike,37.5,47,19.0,single_ticket,True,True,routine,"Daily commute to Düsseldorf office using regional train and bike, matching his hybrid work schedule and preference for fast, flexible public transport.",9,2026-02-26T00:00:00,2026-03-04T23:59:59,Köln,home,Home,Düsseldorf,work,Office
trip_7cea96f9b455_00098,7cea96f9-b455-4c55-a3e5-2ba5ee5ce303,2026-02-26T17:10:00,2026-02-26T17:58:00,thursday,return_home,regional_train,bike|regional_train|walking,37.5,48,19.0,single_ticket,True,True,routine,"Return home after work, using bike to station and regional train, consistent with his commute pattern.",9,2026-02-26T00:00:00,2026-03-04T23:59:59,Düsseldorf,work,Office,Köln,home,Home
trip_7cea96f9b455_00099,7cea96f9-b455-4c55-a3e5-2ba5ee5ce303,2026-02-27T19:00:00,2026-02-27T19:08:00,friday,leisure,bike,bike,2.0,8,0.0,none,False,False,spontaneous,"Evening dinner with friends, using bike for quick, flexible travel.",9,2026-02-26T00:00:00,2026-03-04T23:59:59,Köln,home,Home,Köln,restaurant,Zum Goldenen Stern
trip_7cea96f9b455_00100,7cea96f9-b455-4c55-a3e5-2ba5ee5ce303,2026-02-27T21:30:00,2026-02-27T21:38:00,friday,return_home,bike,bike,2.0,8,0.0,none,False,False,spontaneous,Bike back home after dinner.,9,2026-02-26T00:00:00,2026-03-04T23:59:59,Köln,restaurant,Zum Goldenen Stern,Köln,home,Home
trip_7cea96f9b455_00101,7cea96f9-b455-4c55-a3e5-2ba5ee5ce303,2026-02-28T08:00:00,2026-02-28T09:43:00,saturday,work_related,regional_train,walking|regional_train|bike,183.5,103,49.0,single_ticket,False,False,planned,"Tech meetup in Frankfurt, using long‑distance train and bike for speed, paying a single ticket as he prefers no subscription.",9,2026-02-26T00:00:00,2026-03-04T23:59:59,Köln,home,Home,Frankfurt,other,Tech Hub
trip_7cea96f9b455_00102,7cea96f9-b455-4c55-a3e5-2ba5ee5ce303,2026-02-28T16:10:00,2026-02-28T17:55:00,saturday,return_home,regional_train,bike|regional_train|walking,183.5,105,49.0,single_ticket,False,False,planned,"Return from Frankfurt meetup, using bike to station and long‑distance train, paying another single ticket.",9,2026-02-26T00:00:00,2026-03-04T23:59:59,Frankfurt,other,Tech Hub,Köln,home,Home
trip_7cea96f9b455_00103,7cea96f9-b455-4c55-a3e5-2ba5ee5ce303,2026-03-01T09:00:00,2026-03-01T09:38:00,sunday,family,regional_train,walking|regional_train|walking,31.0,38,5.0,single_ticket,False,False,spontaneous,"Visit family in Bonn, using short regional train and brief walks, paying a single short‑trip ticket.",9,2026-02-26T00:00:00,2026-03-04T23:59:59,Köln,home,Home,Bonn,family_visit,Family House
trip_7cea96f9b455_00104,7cea96f9-b455-4c55-a3e5-2ba5ee5ce303,2026-03-01T15:07:00,2026-03-01T15:43:00,sunday,return_home,regional_train,walking|regional_train|walking,31.0,36,5.0,single_ticket,False,False,spontaneous,"Return home from family visit, using short train ride and walks.",9,2026-02-26T00:00:00,2026-03-04T23:59:59,Bonn,family_visit,Family House,Köln,home,Home
trip_7cea96f9b455_00105,7cea96f9-b455-4c55-a3e5-2ba5ee5ce303,2026-03-02T07:30:00,2026-03-02T08:17:00,monday,commute,regional_train,walking|regional_train|bike,37.5,47,19.0,single_ticket,True,True,routine,"Monday commute to Düsseldorf office, following his regular hybrid schedule.",9,2026-02-26T00:00:00,2026-03-04T23:59:59,Köln,home,Home,Düsseldorf,work,Office
trip_7cea96f9b455_00106,7cea96f9-b455-4c55-a3e5-2ba5ee5ce303,2026-03-02T17:10:00,2026-03-02T17:58:00,monday,return_home,regional_train,bike|regional_train|walking,37.5,48,19.0,single_ticket,True,True,routine,"Return home after work, using bike and regional train as per his regular commute.",9,2026-02-26T00:00:00,2026-03-04T23:59:59,Düsseldorf,work,Office,Köln,home,Home
trip_7cea96f9b455_00107,7cea96f9-b455-4c55-a3e5-2ba5ee5ce303,2026-03-04T07:30:00,2026-03-04T08:17:00,wednesday,commute,regional_train,walking|regional_train|bike,37.5,47,19.0,single_ticket,True,True,routine,"Wednesday commute to Düsseldorf office, following his hybrid schedule.",9,2026-02-26T00:00:00,2026-03-04T23:59:59,Köln,home,Home,Düsseldorf,work,Office
trip_7cea96f9b455_00108,7cea96f9-b455-4c55-a3e5-2ba5ee5ce303,2026-03-04T17:10:00,2026-03-04T17:58:00,wednesday,return_home,regional_train,bike|regional_train|walking,37.5,48,19.0,single_ticket,True,True,routine,"Return home after work, using his usual bike‑train‑walk combination.",9,2026-02-26T00:00:00,2026-03-04T23:59:59,Düsseldorf,work,Office,Köln,home,Home
trip_7cea96f9b455_00109,7cea96f9-b455-4c55-a3e5-2ba5ee5ce303,2026-03-05T18:00:00,2026-03-05T18:08:00,thursday,leisure,bike,bike,2.0,8,0.0,none,False,True,routine,"Regular evening workout; bike offers quick, eco‑friendly access.",10,2026-03-05T00:00:00,2026-03-11T23:59:59,Köln,home,Home,Köln,fitness,FitX Cologne
trip_7cea96f9b455_00110,7cea96f9-b455-4c55-a3e5-2ba5ee5ce303,2026-03-05T20:00:00,2026-03-05T20:08:00,thursday,return_home,bike,bike,2.0,8,0.0,none,False,True,routine,"Bike back home after workout, keeping the routine.",10,2026-03-05T00:00:00,2026-03-11T23:59:59,Köln,fitness,FitX Cologne,Köln,home,Home
trip_7cea96f9b455_00111,7cea96f9-b455-4c55-a3e5-2ba5ee5ce303,2026-03-07T19:30:00,2026-03-07T19:42:00,saturday,leisure,bike,bike,3.0,12,0.0,none,False,False,spontaneous,"Evening dinner with friends; prefers fast, flexible bike ride.",10,2026-03-05T00:00:00,2026-03-11T23:59:59,Köln,home,Home,Köln,restaurant,Rheinufer Restaurant
trip_7cea96f9b455_00112,7cea96f9-b455-4c55-a3e5-2ba5ee5ce303,2026-03-07T21:30:00,2026-03-07T21:42:00,saturday,return_home,bike,bike,3.0,12,0.0,none,False,False,spontaneous,"Bike back home after dinner, keeping flexibility.",10,2026-03-05T00:00:00,2026-03-11T23:59:59,Köln,restaurant,Rheinufer Restaurant,Köln,home,Home
trip_7cea96f9b455_00113,7cea96f9-b455-4c55-a3e5-2ba5ee5ce303,2026-03-08T10:00:00,2026-03-08T10:38:00,sunday,leisure,regional_train,walking|regional_train|bike,27.6,38,12.0,single_ticket,False,False,planned,Weekend visit to a friend in Bonn; uses train for speed and bike for last kilometre.,10,2026-03-05T00:00:00,2026-03-11T23:59:59,Köln,home,Home,Bonn,family_visit,Friend's place
trip_7cea96f9b455_00114,7cea96f9-b455-4c55-a3e5-2ba5ee5ce303,2026-03-08T15:00:00,2026-03-08T15:38:00,sunday,return_home,regional_train,bike|regional_train|walking,27.6,38,12.0,single_ticket,False,False,planned,Return from weekend visit; again uses train for speed and bike for first/last mile.,10,2026-03-05T00:00:00,2026-03-11T23:59:59,Bonn,family_visit,Friend's place,Köln,home,Home
trip_7cea96f9b455_00115,7cea96f9-b455-4c55-a3e5-2ba5ee5ce303,2026-03-09T07:30:00,2026-03-09T08:18:00,monday,commute,regional_train,walking|regional_train|bike,47.6,48,9.0,single_ticket,True,True,routine,"Regular hybrid office day; uses fast regional train and bike for last kilometre, matching speed and flexibility priorities.",10,2026-03-05T00:00:00,2026-03-11T23:59:59,Köln,home,Home,Düsseldorf,work,Work
trip_7cea96f9b455_00116,7cea96f9-b455-4c55-a3e5-2ba5ee5ce303,2026-03-09T17:30:00,2026-03-09T18:18:00,monday,return_home,regional_train,bike|regional_train|walking,47.6,48,9.0,single_ticket,True,True,routine,"Standard end‑of‑day commute, same fast train‑bike combo.",10,2026-03-05T00:00:00,2026-03-11T23:59:59,Düsseldorf,work,Work,Köln,home,Home
trip_7cea96f9b455_00117,7cea96f9-b455-4c55-a3e5-2ba5ee5ce303,2026-03-10T07:32:00,2026-03-10T08:20:00,tuesday,commute,regional_train,walking|regional_train|bike,47.6,48,9.0,single_ticket,True,True,routine,"Second hybrid office day, same preferred train‑bike chain.",10,2026-03-05T00:00:00,2026-03-11T23:59:59,Köln,home,Home,Düsseldorf,work,Work
trip_7cea96f9b455_00118,7cea96f9-b455-4c55-a3e5-2ba5ee5ce303,2026-03-10T17:32:00,2026-03-10T18:20:00,tuesday,return_home,regional_train,bike|regional_train|walking,47.6,48,9.0,single_ticket,True,True,routine,Standard end‑of‑day return using preferred fast train.,10,2026-03-05T00:00:00,2026-03-11T23:59:59,Düsseldorf,work,Work,Köln,home,Home
trip_7cea96f9b455_00119,7cea96f9-b455-4c55-a3e5-2ba5ee5ce303,2026-03-11T07:35:00,2026-03-11T08:23:00,wednesday,commute,regional_train,walking|regional_train|bike,47.6,48,9.0,single_ticket,True,True,routine,"Third hybrid office day, same efficient train‑bike route.",10,2026-03-05T00:00:00,2026-03-11T23:59:59,Köln,home,Home,Düsseldorf,work,Work
trip_7cea96f9b455_00120,7cea96f9-b455-4c55-a3e5-2ba5ee5ce303,2026-03-11T17:35:00,2026-03-11T18:23:00,wednesday,return_home,regional_train,bike|regional_train|walking,47.6,48,9.0,single_ticket,True,True,routine,Standard end‑of‑day commute back to Cologne.,10,2026-03-05T00:00:00,2026-03-11T23:59:59,Düsseldorf,work,Work,Köln,home,Home
trip_7cea96f9b455_00121,7cea96f9-b455-4c55-a3e5-2ba5ee5ce303,2026-03-12T10:00:00,2026-03-12T14:15:00,saturday,leisure,bike,bike|bike,10.0,255,0.0,none,False,False,planned,"Morning bike ride to Rheinpark for recreation, fitting his high leisure intensity.",11,2026-03-12T00:00:00,2026-03-18T23:59:59,Köln,home,Jan's apartment,Köln,park,Rheinpark
trip_7cea96f9b455_00122,7cea96f9-b455-4c55-a3e5-2ba5ee5ce303,2026-03-12T16:00:00,2026-03-12T20:02:00,saturday,leisure,tram,walking|tram|walking|walking|tram|walking,7.6,242,5.6,short_trip_ticket,False,False,spontaneous,"Afternoon stadium visit, using tram with short‑trip tickets for a low‑cost, flexible outing.",11,2026-03-12T00:00:00,2026-03-18T23:59:59,Köln,home,Jan's apartment,Köln,culture,Stadium
trip_7cea96f9b455_00123,7cea96f9-b455-4c55-a3e5-2ba5ee5ce303,2026-03-14T07:30:00,2026-03-14T08:22:00,monday,commute,regional_train,walking|regional_train|bike,42.8,52,5.0,single_ticket,True,True,routine,"Fast door‑to‑door commute using train and bike, matching his preference for speed and flexibility.",11,2026-03-12T00:00:00,2026-03-18T23:59:59,Köln,home,Jan's apartment,Düsseldorf,work,Client office
trip_7cea96f9b455_00124,7cea96f9-b455-4c55-a3e5-2ba5ee5ce303,2026-03-14T17:30:00,2026-03-14T18:20:00,monday,return_home,regional_train,bike|regional_train|walking,42.8,50,5.0,single_ticket,True,True,routine,"Standard return commute, using bike and train for speed and flexibility.",11,2026-03-12T00:00:00,2026-03-18T23:59:59,Düsseldorf,work,Client office,Köln,home,Jan's apartment
trip_7cea96f9b455_00125,7cea96f9-b455-4c55-a3e5-2ba5ee5ce303,2026-03-14T19:30:00,2026-03-14T21:38:00,monday,leisure,bike,bike|bike,4.0,128,0.0,none,False,False,spontaneous,"Evening dinner out, using bike for quick, flexible travel.",11,2026-03-12T00:00:00,2026-03-18T23:59:59,Köln,home,Jan's apartment,Köln,restaurant,Italian Bistro
trip_7cea96f9b455_00126,7cea96f9-b455-4c55-a3e5-2ba5ee5ce303,2026-03-15T07:00:00,2026-03-15T18:10:00,tuesday,work_related,public_transport,bike|public_transport|bike|bike|public_transport|bike,367.6,670,100.0,single_ticket,False,False,planned,"Full‑day tech meetup in Frankfurt, using single long‑distance tickets and bike for first/last mile, matching his willingness to pay per trip.",11,2026-03-12T00:00:00,2026-03-18T23:59:59,Köln,home,Jan's apartment,Frankfurt,other,Tech meetup venue
trip_7cea96f9b455_00127,7cea96f9-b455-4c55-a3e5-2ba5ee5ce303,2026-03-16T07:35:00,2026-03-16T08:27:00,wednesday,commute,regional_train,walking|regional_train|bike,42.8,52,5.0,single_ticket,True,True,routine,Regular mid‑week office visit using fast train and bike for the last kilometre.,11,2026-03-12T00:00:00,2026-03-18T23:59:59,Köln,home,Jan's apartment,Düsseldorf,work,Client office
trip_7cea96f9b455_00128,7cea96f9-b455-4c55-a3e5-2ba5ee5ce303,2026-03-16T17:35:00,2026-03-16T18:25:00,wednesday,return_home,regional_train,bike|regional_train|walking,42.8,50,5.0,single_ticket,True,True,routine,"Usual return trip, combining bike and train for quick home arrival.",11,2026-03-12T00:00:00,2026-03-18T23:59:59,Düsseldorf,work,Client office,Köln,home,Jan's apartment
trip_7cea96f9b455_00129,7cea96f9-b455-4c55-a3e5-2ba5ee5ce303,2026-03-16T19:00:00,2026-03-16T20:20:00,wednesday,leisure,tram,walking|tram|walking|walking|tram|walking,5.4,80,5.6,short_trip_ticket,False,False,spontaneous,"Evening bar visit, using tram and short‑trip tickets for low‑cost, flexible travel.",11,2026-03-12T00:00:00,2026-03-18T23:59:59,Köln,home,Jan's apartment,Köln,culture,Night Bar
trip_7cea96f9b455_00130,7cea96f9-b455-4c55-a3e5-2ba5ee5ce303,2026-03-17T09:00:00,2026-03-17T18:10:00,thursday,family,regional_train,bike|regional_train|bike|bike|regional_train|bike,45.6,550,14.0,single_ticket,False,False,planned,"Day visit to a friend in Bonn, using bike‑train‑bike combo for flexibility and speed.",11,2026-03-12T00:00:00,2026-03-18T23:59:59,Köln,home,Jan's apartment,Bonn,family_visit,Friend's flat
trip_7cea96f9b455_00131,7cea96f9-b455-4c55-a3e5-2ba5ee5ce303,2026-03-18T07:40:00,2026-03-18T08:32:00,friday,commute,regional_train,walking|regional_train|bike,42.8,52,5.0,single_ticket,True,True,routine,"Friday office day, using preferred train‑bike combo for speed.",11,2026-03-12T00:00:00,2026-03-18T23:59:59,Köln,home,Jan's apartment,Düsseldorf,work,Client office
trip_7cea96f9b455_00132,7cea96f9-b455-4c55-a3e5-2ba5ee5ce303,2026-03-18T17:40:00,2026-03-18T18:30:00,friday,return_home,regional_train,bike|regional_train|walking,42.8,50,5.0,single_ticket,True,True,routine,Standard Friday return using bike and train for quick home arrival.,11,2026-03-12T00:00:00,2026-03-18T23:59:59,Düsseldorf,work,Client office,Köln,home,Jan's apartment
trip_7cea96f9b455_00133,7cea96f9-b455-4c55-a3e5-2ba5ee5ce303,2026-03-19T19:00:00,2026-03-19T19:10:00,saturday,leisure,bike,bike,2.0,10,0.0,none,False,False,spontaneous,"Evening dinner with friends, quick bike ride to a nearby restaurant.",12,2026-03-19T00:00:00,2026-03-25T23:59:59,Köln,home,Heinrich‑Heine‑Allee 12,Köln,restaurant,Kölner Brauhaus Altstadt
trip_7cea96f9b455_00134,7cea96f9-b455-4c55-a3e5-2ba5ee5ce303,2026-03-19T21:30:00,2026-03-19T21:40:00,saturday,leisure,bike,bike,2.0,10,0.0,none,False,False,spontaneous,"Return home after dinner, short bike ride.",12,2026-03-19T00:00:00,2026-03-25T23:59:59,Köln,restaurant,Kölner Brauhaus Altstadt,Köln,home,Heinrich‑Heine‑Allee 12
trip_7cea96f9b455_00135,7cea96f9-b455-4c55-a3e5-2ba5ee5ce303,2026-03-20T10:00:00,2026-03-20T11:00:00,sunday,family,regional_train,walking|regional_train|bike,30.5,60,8.0,single_ticket,False,False,planned,"Weekend family visit in Bonn, using train for speed and bike for the last stretch.",12,2026-03-19T00:00:00,2026-03-25T23:59:59,Köln,home,Heinrich‑Heine‑Allee 12,Bonn,family_visit,Bonn Family Home
trip_7cea96f9b455_00136,7cea96f9-b455-4c55-a3e5-2ba5ee5ce303,2026-03-20T18:00:00,2026-03-20T19:00:00,sunday,family,regional_train,bike|regional_train|walking,30.5,60,8.0,single_ticket,False,False,planned,"Return home after family visit, same transport mix as outbound.",12,2026-03-19T00:00:00,2026-03-25T23:59:59,Bonn,family_visit,Bonn Family Home,Köln,home,Heinrich‑Heine‑Allee 12
trip_7cea96f9b455_00137,7cea96f9-b455-4c55-a3e5-2ba5ee5ce303,2026-03-21T07:30:00,2026-03-21T08:30:00,monday,commute,regional_train,walking|regional_train|bike,40.5,60,12.0,single_ticket,True,True,routine,"Regular office commute to Düsseldorf using fast regional train and bike for the last kilometre, matching his hybrid schedule and speed priority.",12,2026-03-19T00:00:00,2026-03-25T23:59:59,Köln,home,Heinrich‑Heine‑Allee 12,Düsseldorf,work,Düsseldorf Tech Hub
trip_7cea96f9b455_00138,7cea96f9-b455-4c55-a3e5-2ba5ee5ce303,2026-03-21T17:30:00,2026-03-21T18:30:00,monday,commute,regional_train,bike|regional_train|walking,40.5,60,12.0,single_ticket,True,True,routine,"Evening return from Düsseldorf office, using bike to station, train back to Cologne and a short walk home.",12,2026-03-19T00:00:00,2026-03-25T23:59:59,Düsseldorf,work,Düsseldorf Tech Hub,Köln,home,Heinrich‑Heine‑Allee 12
trip_7cea96f9b455_00139,7cea96f9-b455-4c55-a3e5-2ba5ee5ce303,2026-03-22T18:30:00,2026-03-22T18:45:00,tuesday,leisure,bike,bike,2.0,15,0.0,none,False,False,spontaneous,"After‑work workout, quick bike ride to nearby gym.",12,2026-03-19T00:00:00,2026-03-25T23:59:59,Köln,home,Heinrich‑Heine‑Allee 12,Köln,fitness,FitX Cologne
trip_7cea96f9b455_00140,7cea96f9-b455-4c55-a3e5-2ba5ee5ce303,2026-03-22T20:30:00,2026-03-22T20:45:00,tuesday,leisure,bike,bike,2.0,15,0.0,none,False,False,spontaneous,"Return home after workout, short bike ride.",12,2026-03-19T00:00:00,2026-03-25T23:59:59,Köln,fitness,FitX Cologne,Köln,home,Heinrich‑Heine‑Allee 12
trip_7cea96f9b455_00141,7cea96f9-b455-4c55-a3e5-2ba5ee5ce303,2026-03-23T07:35:00,2026-03-23T08:35:00,wednesday,commute,regional_train,walking|regional_train|bike,40.5,60,12.0,single_ticket,True,True,routine,"Mid‑week office commute, same mode mix as other workdays.",12,2026-03-19T00:00:00,2026-03-25T23:59:59,Köln,home,Heinrich‑Heine‑Allee 12,Düsseldorf,work,Düsseldorf Tech Hub
trip_7cea96f9b455_00142,7cea96f9-b455-4c55-a3e5-2ba5ee5ce303,2026-03-23T17:45:00,2026-03-23T18:45:00,wednesday,commute,regional_train,bike|regional_train|walking,40.5,60,12.0,single_ticket,True,True,routine,"Evening return from Düsseldorf office, using bike, train and a short walk home.",12,2026-03-19T00:00:00,2026-03-25T23:59:59,Düsseldorf,work,Düsseldorf Tech Hub,Köln,home,Heinrich‑Heine‑Allee 12
trip_7cea96f9b455_00143,7cea96f9-b455-4c55-a3e5-2ba5ee5ce303,2026-03-25T07:40:00,2026-03-25T08:40:00,friday,commute,regional_train,walking|regional_train|bike,40.5,60,12.0,single_ticket,True,True,routine,"Friday office commute, same fast train + bike combo.",12,2026-03-19T00:00:00,2026-03-25T23:59:59,Köln,home,Heinrich‑Heine‑Allee 12,Düsseldorf,work,Düsseldorf Tech Hub
trip_7cea96f9b455_00144,7cea96f9-b455-4c55-a3e5-2ba5ee5ce303,2026-03-25T17:50:00,2026-03-25T18:50:00,friday,commute,regional_train,bike|regional_train|walking,40.5,60,12.0,single_ticket,True,True,routine,"Friday evening return home, using bike, train and a short walk.",12,2026-03-19T00:00:00,2026-03-25T23:59:59,Düsseldorf,work,Düsseldorf Tech Hub,Köln,home,Heinrich‑Heine‑Allee 12
trip_7cea96f9b455_00145,7cea96f9-b455-4c55-a3e5-2ba5ee5ce303,2026-03-27T07:30:00,2026-03-27T08:30:00,friday,commute,regional_train,walking|regional_train|bike,45.4,60,15.0,single_ticket,True,True,routine,"Uses fast regional train combined with bike for flexible door‑to‑door commute, matching Jan’s preference for speed and flexibility without a car subscription.",13,2026-03-26T00:00:00,2026-04-01T23:59:59,Köln,home,"Heidestraße, Cologne",Düsseldorf,work,Düsseldorf Office
trip_7cea96f9b455_00146,7cea96f9-b455-4c55-a3e5-2ba5ee5ce303,2026-03-27T17:30:00,2026-03-27T18:30:00,friday,commute,regional_train,bike|regional_train|walking,45.4,60,15.0,single_ticket,True,True,routine,"Fast return using train and bike, aligning with Jan’s need for speed and flexibility after work.",13,2026-03-26T00:00:00,2026-04-01T23:59:59,Düsseldorf,work,Düsseldorf Office,Köln,home,"Heidestraße, Cologne"
trip_7cea96f9b455_00147,7cea96f9-b455-4c55-a3e5-2ba5ee5ce303,2026-03-30T07:35:00,2026-03-30T08:35:00,monday,commute,regional_train,walking|regional_train|bike,45.4,60,15.0,single_ticket,True,True,routine,"Morning commute using preferred train‑bike combo for quick, car‑free travel.",13,2026-03-26T00:00:00,2026-04-01T23:59:59,Köln,home,"Heidestraße, Cologne",Düsseldorf,work,Düsseldorf Office
trip_7cea96f9b455_00148,7cea96f9-b455-4c55-a3e5-2ba5ee5ce303,2026-03-30T17:35:00,2026-03-30T18:35:00,monday,commute,regional_train,bike|regional_train|walking,45.4,60,15.0,single_ticket,True,True,routine,"Evening return using the same fast, flexible train‑bike combo.",13,2026-03-26T00:00:00,2026-04-01T23:59:59,Düsseldorf,work,Düsseldorf Office,Köln,home,"Heidestraße, Cologne"
trip_7cea96f9b455_00149,7cea96f9-b455-4c55-a3e5-2ba5ee5ce303,2026-04-01T07:40:00,2026-04-01T08:40:00,wednesday,commute,regional_train,walking|regional_train|bike,45.4,60,15.0,single_ticket,True,True,routine,Consistent weekday commute using preferred train‑bike chain for speed.,13,2026-03-26T00:00:00,2026-04-01T23:59:59,Köln,home,"Heidestraße, Cologne",Düsseldorf,work,Düsseldorf Office
trip_7cea96f9b455_00150,7cea96f9-b455-4c55-a3e5-2ba5ee5ce303,2026-04-01T17:40:00,2026-04-01T18:40:00,wednesday,commute,regional_train,bike|regional_train|walking,45.4,60,15.0,single_ticket,True,True,routine,"Evening return using the same efficient train‑bike route, fitting Jan’s speed‑first priority.",13,2026-03-26T00:00:00,2026-04-01T23:59:59,Düsseldorf,work,Düsseldorf Office,Köln,home,"Heidestraße, Cologne"
trip_93d205fa4aa8_00001,93d205fa-4aa8-4a2a-beb3-f0dd1cdd426a,2026-01-01T09:00:00,2026-01-01T10:40:00,saturday,leisure,regional_train,walking|regional_train|walking,50.5,100,0.0,monthly_pass,False,False,spontaneous,"Weekend visit to a friend in Lüneburg, using his monthly pass for the regional train.",1,2026-01-01T00:00:00,2026-01-07T23:59:59,Hamburg,home,Home - Altona,Lüneburg,family_visit,Friend's apartment
trip_93d205fa4aa8_00002,93d205fa-4aa8-4a2a-beb3-f0dd1cdd426a,2026-01-01T15:00:00,2026-01-01T16:40:00,saturday,return_home,regional_train,walking|regional_train|walking,50.5,100,0.0,monthly_pass,False,False,spontaneous,"Returns home after the afternoon visit, using the same sustainable train travel.",1,2026-01-01T00:00:00,2026-01-07T23:59:59,Lüneburg,family_visit,Friend's apartment,Hamburg,home,Home - Altona
trip_93d205fa4aa8_00003,93d205fa-4aa8-4a2a-beb3-f0dd1cdd426a,2026-01-02T10:30:00,2026-01-02T10:47:00,sunday,leisure,shared_bike,shared_bike|walking,3.1,17,1.0,none,False,True,planned,"Uses a shared bike for a quick café visit, fitting his active weekend routine.",1,2026-01-01T00:00:00,2026-01-07T23:59:59,Hamburg,home,Home - Altona,Hamburg,cafe,Café Elbgold
trip_93d205fa4aa8_00004,93d205fa-4aa8-4a2a-beb3-f0dd1cdd426a,2026-01-02T12:30:00,2026-01-02T12:47:00,sunday,return_home,shared_bike,walking|shared_bike,3.1,17,1.0,none,False,True,planned,"Returns home using the same shared bike, keeping the weekend active and low‑impact.",1,2026-01-01T00:00:00,2026-01-07T23:59:59,Hamburg,cafe,Café Elbgold,Hamburg,home,Home - Altona
trip_93d205fa4aa8_00005,93d205fa-4aa8-4a2a-beb3-f0dd1cdd426a,2026-01-03T07:45:00,2026-01-03T08:15:00,monday,commute,bike,walking|subway|walking|bike,7.6,30,0.0,monthly_pass,True,True,routine,"Uses preferred bike for the last kilometre of his regular U‑Bahn commute, matching his sustainability priority.",1,2026-01-01T00:00:00,2026-01-07T23:59:59,Hamburg,home,Home - Altona,Hamburg,work,Tech Company - HafenCity
trip_93d205fa4aa8_00006,93d205fa-4aa8-4a2a-beb3-f0dd1cdd426a,2026-01-03T17:30:00,2026-01-03T18:00:00,monday,commute,bike,bike|walking|subway|walking,7.6,30,0.0,monthly_pass,True,True,routine,"Ends work day with his usual bike‑first, subway‑back routine, keeping carbon footprint low.",1,2026-01-01T00:00:00,2026-01-07T23:59:59,Hamburg,work,Tech Company - HafenCity,Hamburg,home,Home - Altona
trip_93d205fa4aa8_00007,93d205fa-4aa8-4a2a-beb3-f0dd1cdd426a,2026-01-03T18:15:00,2026-01-03T18:45:00,monday,leisure,tram,bike|walking|tram|walking,5.4,30,0.0,monthly_pass,False,True,planned,Evening fitness fits his active lifestyle and uses sustainable tram after biking.,1,2026-01-01T00:00:00,2026-01-07T23:59:59,Hamburg,work,Tech Company - HafenCity,Hamburg,fitness,FitX Gym - St. Pauli
trip_93d205fa4aa8_00008,93d205fa-4aa8-4a2a-beb3-f0dd1cdd426a,2026-01-03T19:10:00,2026-01-03T19:38:00,monday,return_home,tram,walking|tram|bike,5.2,28,0.0,monthly_pass,False,True,planned,"Uses tram and bike to get home after workout, staying active and sustainable.",1,2026-01-01T00:00:00,2026-01-07T23:59:59,Hamburg,fitness,FitX Gym - St. Pauli,Hamburg,home,Home - Altona
trip_93d205fa4aa8_00009,93d205fa-4aa8-4a2a-beb3-f0dd1cdd426a,2026-01-06T08:00:00,2026-01-06T08:30:00,thursday,commute,bike,walking|subway|walking|bike,7.6,30,0.0,monthly_pass,True,True,routine,Repeats his regular bike‑first commute on his second hybrid work day.,1,2026-01-01T00:00:00,2026-01-07T23:59:59,Hamburg,home,Home - Altona,Hamburg,work,Tech Company - HafenCity
trip_93d205fa4aa8_00010,93d205fa-4aa8-4a2a-beb3-f0dd1cdd426a,2026-01-06T17:20:00,2026-01-06T17:50:00,thursday,commute,bike,bike|walking|subway|walking,7.6,30,0.0,monthly_pass,True,True,routine,Standard bike‑subway return home after his Thursday office day.,1,2026-01-01T00:00:00,2026-01-07T23:59:59,Hamburg,work,Tech Company - HafenCity,Hamburg,home,Home - Altona
trip_93d205fa4aa8_00011,93d205fa-4aa8-4a2a-beb3-f0dd1cdd426a,2026-01-06T18:00:00,2026-01-06T18:25:00,thursday,leisure,tram,bike|tram|walking,5.2,25,0.0,monthly_pass,False,True,planned,"Evening dinner after work, using tram and bike to stay active and low‑carbon.",1,2026-01-01T00:00:00,2026-01-07T23:59:59,Hamburg,work,Tech Company - HafenCity,Hamburg,restaurant,Altes Mädchen - St. Pauli
trip_93d205fa4aa8_00012,93d205fa-4aa8-4a2a-beb3-f0dd1cdd426a,2026-01-06T20:00:00,2026-01-06T20:25:00,thursday,return_home,tram,walking|tram|bike,5.2,25,0.0,monthly_pass,False,True,planned,"Uses tram and bike to get home after dinner, keeping the evening active.",1,2026-01-01T00:00:00,2026-01-07T23:59:59,Hamburg,restaurant,Altes Mädchen - St. Pauli,Hamburg,home,Home - Altona
trip_93d205fa4aa8_00013,93d205fa-4aa8-4a2a-beb3-f0dd1cdd426a,2026-01-08T10:00:00,2026-01-08T10:12:00,thursday,errands,shared_bike,walking|shared_bike|walking,1.8,12,1.0,none,False,False,planned,"Quick grocery run using a shared bike, matching his active, car‑free lifestyle.",2,2026-01-08T00:00:00,2026-01-14T23:59:59,Hamburg,home,"Home, Hamburg-Mitte",Hamburg,shopping,"Supermarket, St. Georg"
trip_93d205fa4aa8_00014,93d205fa-4aa8-4a2a-beb3-f0dd1cdd426a,2026-01-09T18:30:00,2026-01-09T18:42:00,friday,leisure,bike,bike,3.0,12,0.0,none,False,False,planned,"Evening workout after work, using his bike as preferred active mode.",2,2026-01-08T00:00:00,2026-01-14T23:59:59,Hamburg,home,"Home, Hamburg-Mitte",Hamburg,fitness,"FitX Gym, St. Pauli"
trip_93d205fa4aa8_00015,93d205fa-4aa8-4a2a-beb3-f0dd1cdd426a,2026-01-10T09:00:00,2026-01-10T12:20:00,saturday,leisure,regional_train,walking|regional_train|walking|walking|regional_train|walking,92.2,200,15.0,day_ticket,False,False,planned,Weekend regional train trip to Lüneburg matches his high weekend activity intensity and willingness to travel to nearby cities.,2,2026-01-08T00:00:00,2026-01-14T23:59:59,Hamburg,home,"Home, Hamburg-Mitte",Lüneburg,family_visit,"Friend's apartment, Lüneburg"
trip_93d205fa4aa8_00016,93d205fa-4aa8-4a2a-beb3-f0dd1cdd426a,2026-01-10T14:00:00,2026-01-10T14:15:00,saturday,leisure,bike,bike,4.0,15,0.0,none,False,False,spontaneous,Afternoon bike ride to the city park fits his active lifestyle and love for outdoor leisure.,2,2026-01-08T00:00:00,2026-01-14T23:59:59,Hamburg,home,"Home, Hamburg-Mitte",Hamburg,park,"Stadtpark, Hamburg"
trip_93d205fa4aa8_00017,93d205fa-4aa8-4a2a-beb3-f0dd1cdd426a,2026-01-11T16:00:00,2026-01-11T18:02:00,sunday,leisure,tram,walking|tram|walking|walking|tram|walking,6.2,122,0.0,monthly_pass,False,False,spontaneous,Cinema outing reachable by tram aligns with his frequent evening entertainment and sustainable travel preference.,2,2026-01-08T00:00:00,2026-01-14T23:59:59,Hamburg,home,"Home, Hamburg-Mitte",Hamburg,cinema,"CineStar, St. Pauli"
trip_93d205fa4aa8_00018,93d205fa-4aa8-4a2a-beb3-f0dd1cdd426a,2026-01-12T07:30:00,2026-01-12T08:00:00,monday,commute,public_transport,walking|subway|bike,6.7,30,0.0,monthly_pass,True,True,routine,"Uses U‑Bahn and bike as stated, fits his sustainability priority and hybrid work schedule.",2,2026-01-08T00:00:00,2026-01-14T23:59:59,Hamburg,home,"Home, Hamburg-Mitte",Hamburg,work,"Tech Company, Hamburg-Altona"
trip_93d205fa4aa8_00019,93d205fa-4aa8-4a2a-beb3-f0dd1cdd426a,2026-01-12T17:30:00,2026-01-12T18:00:00,monday,return_home,public_transport,bike|subway|walking,6.7,30,0.0,monthly_pass,True,True,routine,"Same multimodal pattern as the outbound commute, keeping carbon footprint low.",2,2026-01-08T00:00:00,2026-01-14T23:59:59,Hamburg,work,"Tech Company, Hamburg-Altona",Hamburg,home,"Home, Hamburg-Mitte"
trip_93d205fa4aa8_00020,93d205fa-4aa8-4a2a-beb3-f0dd1cdd426a,2026-01-12T19:00:00,2026-01-12T19:12:00,monday,leisure,bike,bike,3.0,12,0.0,none,False,False,planned,Evening workout aligns with his high fitness activity intensity and bike ownership.,2,2026-01-08T00:00:00,2026-01-14T23:59:59,Hamburg,home,"Home, Hamburg-Mitte",Hamburg,fitness,"FitX Gym, St. Pauli"
trip_93d205fa4aa8_00021,93d205fa-4aa8-4a2a-beb3-f0dd1cdd426a,2026-01-13T15:00:00,2026-01-13T15:14:00,tuesday,leisure,shared_bike,walking|shared_bike|walking,2.5,14,1.0,none,False,False,spontaneous,"Uses a shared bike for a quick café visit, matching his preference for active, low‑impact travel.",2,2026-01-08T00:00:00,2026-01-14T23:59:59,Hamburg,home,"Home, Hamburg-Mitte",Hamburg,cafe,"Café Elbgold, HafenCity"
trip_93d205fa4aa8_00022,93d205fa-4aa8-4a2a-beb3-f0dd1cdd426a,2026-01-14T07:45:00,2026-01-14T08:15:00,wednesday,commute,public_transport,walking|subway|bike,6.7,30,0.0,monthly_pass,True,True,routine,"Same multimodal commute as earlier, fitting his hybrid schedule and sustainability focus.",2,2026-01-08T00:00:00,2026-01-14T23:59:59,Hamburg,home,"Home, Hamburg-Mitte",Hamburg,work,"Tech Company, Hamburg-Altona"
trip_93d205fa4aa8_00023,93d205fa-4aa8-4a2a-beb3-f0dd1cdd426a,2026-01-14T17:45:00,2026-01-14T18:15:00,wednesday,return_home,public_transport,bike|subway|walking,6.7,30,0.0,monthly_pass,True,True,routine,"Mirror of the outbound commute, maintaining low emissions.",2,2026-01-08T00:00:00,2026-01-14T23:59:59,Hamburg,work,"Tech Company, Hamburg-Altona",Hamburg,home,"Home, Hamburg-Mitte"
trip_93d205fa4aa8_00024,93d205fa-4aa8-4a2a-beb3-f0dd1cdd426a,2026-01-14T19:30:00,2026-01-14T19:48:00,wednesday,leisure,tram,walking|tram|walking,3.6,18,0.0,monthly_pass,False,False,spontaneous,"Evening dinner reachable by tram, aligning with his nightlife preference and sustainable travel.",2,2026-01-08T00:00:00,2026-01-14T23:59:59,Hamburg,home,"Home, Hamburg-Mitte",Hamburg,restaurant,"Restaurant Fischereihafen, HafenCity"
trip_93d205fa4aa8_00025,93d205fa-4aa8-4a2a-beb3-f0dd1cdd426a,2026-01-16T08:10:00,2026-01-16T08:35:00,tuesday,commute,bike,walking|subway|bike,4.6,25,0.0,monthly_pass,True,True,routine,"Uses preferred subway‑bike combo for low carbon commute, matching sustainability priority.",3,2026-01-15T00:00:00,2026-01-21T23:59:59,Hamburg,home,Home (Schaumburg),Hamburg,work,Office (Mönckebergstraße)
trip_93d205fa4aa8_00026,93d205fa-4aa8-4a2a-beb3-f0dd1cdd426a,2026-01-16T17:45:00,2026-01-16T18:10:00,tuesday,return_home,bike,bike|subway|walking,4.6,25,0.0,monthly_pass,True,True,routine,Bike‑first return keeps activity level high while using the monthly pass for the subway segment.,3,2026-01-15T00:00:00,2026-01-21T23:59:59,Hamburg,work,Office (Mönckebergstraße),Hamburg,home,Home (Schaumburg)
trip_93d205fa4aa8_00027,93d205fa-4aa8-4a2a-beb3-f0dd1cdd426a,2026-01-16T18:20:00,2026-01-16T18:40:00,tuesday,leisure,tram,walking|tram|walking,2.5,20,0.0,monthly_pass,False,True,routine,Evening fitness reachable by tram aligns with health focus and sustainable travel.,3,2026-01-15T00:00:00,2026-01-21T23:59:59,Hamburg,work,Office (Mönckebergstraße),Hamburg,fitness,FitX St. Pauli
trip_93d205fa4aa8_00028,93d205fa-4aa8-4a2a-beb3-f0dd1cdd426a,2026-01-16T20:00:00,2026-01-16T20:30:00,tuesday,return_home,bike,walking|tram|bike,5.2,30,0.0,monthly_pass,False,True,routine,Combines tram and bike to stay active while returning home after workout.,3,2026-01-15T00:00:00,2026-01-21T23:59:59,Hamburg,fitness,FitX St. Pauli,Hamburg,home,Home (Schaumburg)
trip_93d205fa4aa8_00029,93d205fa-4aa8-4a2a-beb3-f0dd1cdd426a,2026-01-18T08:12:00,2026-01-18T08:38:00,thursday,commute,bike,walking|subway|bike,4.6,26,0.0,monthly_pass,True,True,routine,Repeats the sustainable subway‑bike commute pattern for the second office day.,3,2026-01-15T00:00:00,2026-01-21T23:59:59,Hamburg,home,Home (Schaumburg),Hamburg,work,Office (Mönckebergstraße)
trip_93d205fa4aa8_00030,93d205fa-4aa8-4a2a-beb3-f0dd1cdd426a,2026-01-18T17:50:00,2026-01-18T18:15:00,thursday,return_home,bike,bike|subway|walking,4.6,25,0.0,monthly_pass,True,True,routine,Consistent bike‑first return home after the second office day.,3,2026-01-15T00:00:00,2026-01-21T23:59:59,Hamburg,work,Office (Mönckebergstraße),Hamburg,home,Home (Schaumburg)
trip_93d205fa4aa8_00031,93d205fa-4aa8-4a2a-beb3-f0dd1cdd426a,2026-01-18T18:20:00,2026-01-18T18:41:00,thursday,leisure,tram,walking|tram|walking,3.1,21,0.0,monthly_pass,False,False,spontaneous,Evening cinema reachable by tram fits his preference for cultural outings without car use.,3,2026-01-15T00:00:00,2026-01-21T23:59:59,Hamburg,work,Office (Mönckebergstraße),Hamburg,cinema,UCI Kino Hamburg
trip_93d205fa4aa8_00032,93d205fa-4aa8-4a2a-beb3-f0dd1cdd426a,2026-01-18T21:00:00,2026-01-18T21:31:00,thursday,return_home,bike,walking|tram|bike,5.8,31,0.0,monthly_pass,False,False,spontaneous,"Uses tram and bike to get home after late movie, keeping travel sustainable.",3,2026-01-15T00:00:00,2026-01-21T23:59:59,Hamburg,cinema,UCI Kino Hamburg,Hamburg,home,Home (Schaumburg)
trip_93d205fa4aa8_00033,93d205fa-4aa8-4a2a-beb3-f0dd1cdd426a,2026-01-20T09:00:00,2026-01-20T09:50:00,saturday,leisure,regional_train,bike|regional_train|walking,48.4,50,0.0,monthly_pass,False,False,planned,Weekend regional train trip to Lüneburg aligns with his desire for nearby city visits while using his bike to reach the station.,3,2026-01-15T00:00:00,2026-01-21T23:59:59,Hamburg,home,Home (Schaumburg),Lüneburg,family_visit,Friend's Apartment
trip_93d205fa4aa8_00034,93d205fa-4aa8-4a2a-beb3-f0dd1cdd426a,2026-01-20T18:00:00,2026-01-20T18:50:00,saturday,return_home,regional_train,walking|regional_train|bike,48.4,50,0.0,monthly_pass,False,False,planned,Returns home using the same sustainable regional train and bike combination as the outbound trip.,3,2026-01-15T00:00:00,2026-01-21T23:59:59,Lüneburg,family_visit,Friend's Apartment,Hamburg,home,Home (Schaumburg)
trip_93d205fa4aa8_00035,93d205fa-4aa8-4a2a-beb3-f0dd1cdd426a,2026-01-21T10:00:00,2026-01-21T10:20:00,sunday,leisure,bike,bike,6.0,20,0.0,none,False,False,spontaneous,Morning bike ride to the city park supports his high leisure and fitness intensity.,3,2026-01-15T00:00:00,2026-01-21T23:59:59,Hamburg,home,Home (Schaumburg),Hamburg,park,Planten un Blomen
trip_93d205fa4aa8_00036,93d205fa-4aa8-4a2a-beb3-f0dd1cdd426a,2026-01-21T12:30:00,2026-01-21T12:50:00,sunday,return_home,bike,bike,6.0,20,0.0,none,False,False,spontaneous,Bike back home after park visit keeps activity level high and aligns with his sustainability focus.,3,2026-01-15T00:00:00,2026-01-21T23:59:59,Hamburg,park,Planten un Blomen,Hamburg,home,Home (Schaumburg)
trip_93d205fa4aa8_00037,93d205fa-4aa8-4a2a-beb3-f0dd1cdd426a,2026-01-22T07:30:00,2026-01-22T07:58:00,thursday,commute,public_transport,walking|subway|walking|bike,7.8,28,0.0,monthly_pass,True,True,routine,"Uses U‑Bahn for speed and sustainability, finishes with bike to stay active, matching his low‑carbon commute priorities.",4,2026-01-22T00:00:00,2026-01-28T23:59:59,Hamburg,home,"Altonaer Str. 12, Hamburg",Hamburg,work,"TechCorp Office, HafenCity"
trip_93d205fa4aa8_00038,93d205fa-4aa8-4a2a-beb3-f0dd1cdd426a,2026-01-22T17:45:00,2026-01-22T18:13:00,thursday,commute,public_transport,bike|walking|subway|walking,7.8,28,0.0,monthly_pass,True,True,routine,"Bike home from work, then use U‑Bahn for the quick city segment, keeping the commute fast and eco‑friendly.",4,2026-01-22T00:00:00,2026-01-28T23:59:59,Hamburg,work,"TechCorp Office, HafenCity",Hamburg,home,"Altonaer Str. 12, Hamburg"
trip_93d205fa4aa8_00039,93d205fa-4aa8-4a2a-beb3-f0dd1cdd426a,2026-01-23T19:00:00,2026-01-23T19:19:00,friday,leisure,tram,walking|tram|walking,3.5,19,0.0,monthly_pass,False,False,planned,Evening gym reachable by tram aligns with his fitness habit and sustainable travel preference.,4,2026-01-22T00:00:00,2026-01-28T23:59:59,Hamburg,home,"Altonaer Str. 12, Hamburg",Hamburg,fitness,"FitX Gym, St. Pauli"
trip_93d205fa4aa8_00040,93d205fa-4aa8-4a2a-beb3-f0dd1cdd426a,2026-01-24T09:00:00,2026-01-24T09:58:00,saturday,leisure,regional_train,walking|regional_train|walking,71.0,58,0.0,monthly_pass,False,False,planned,Weekend regional train trip to Lübeck fits his desire for low‑carbon travel and visiting friends.,4,2026-01-22T00:00:00,2026-01-28T23:59:59,Hamburg,home,"Altonaer Str. 12, Hamburg",Lübeck,family_visit,"Friend's apartment, Lübeck"
trip_93d205fa4aa8_00041,93d205fa-4aa8-4a2a-beb3-f0dd1cdd426a,2026-01-24T18:30:00,2026-01-24T19:28:00,saturday,leisure,regional_train,walking|regional_train|walking,71.1,58,0.0,monthly_pass,False,False,spontaneous,"Return trip home after visiting friends, using the same sustainable regional train.",4,2026-01-22T00:00:00,2026-01-28T23:59:59,Lübeck,family_visit,"Friend's apartment, Lübeck",Hamburg,home,"Altonaer Str. 12, Hamburg"
trip_93d205fa4aa8_00042,93d205fa-4aa8-4a2a-beb3-f0dd1cdd426a,2026-01-25T10:15:00,2026-01-25T10:29:00,sunday,errands,shared_bike,walking|shared_bike|walking,2.8,14,0.0,none,False,False,planned,"Uses a shared bike for quick errands, keeping the trip carbon‑free and active.",4,2026-01-22T00:00:00,2026-01-28T23:59:59,Hamburg,home,"Altonaer Str. 12, Hamburg",Hamburg,errands,"Supermarket, HafenCity"
trip_93d205fa4aa8_00043,93d205fa-4aa8-4a2a-beb3-f0dd1cdd426a,2026-01-26T09:30:00,2026-01-26T09:40:00,monday,leisure,bike,bike,3.0,10,0.0,none,False,False,spontaneous,A quick bike ride to a favourite café fits his active lifestyle and love for local coffee spots.,4,2026-01-22T00:00:00,2026-01-28T23:59:59,Hamburg,home,"Altonaer Str. 12, Hamburg",Hamburg,cafe,"Café Kaffeeklatsch, Sternschanze"
trip_93d205fa4aa8_00044,93d205fa-4aa8-4a2a-beb3-f0dd1cdd426a,2026-01-27T19:30:00,2026-01-27T21:53:00,tuesday,leisure,tram,walking|tram|walking|walking|tram|walking,11.0,143,0.0,monthly_pass,False,False,planned,Evening dinner out and return home via tram aligns with his nightlife habit while staying carbon‑neutral.,4,2026-01-22T00:00:00,2026-01-28T23:59:59,Hamburg,home,"Altonaer Str. 12, Hamburg",Hamburg,home,"Altonaer Str. 12, Hamburg"
trip_93d205fa4aa8_00045,93d205fa-4aa8-4a2a-beb3-f0dd1cdd426a,2026-01-27T19:30:00,2026-01-27T21:53:00,tuesday,leisure,tram,walking|tram|walking|walking|tram|walking,11.0,143,0.0,monthly_pass,False,False,spontaneous,"Night out at a bar with friends, using tram for both outbound and inbound legs to stay sustainable.",4,2026-01-22T00:00:00,2026-01-28T23:59:59,Hamburg,home,"Altonaer Str. 12, Hamburg",Hamburg,home,"Altonaer Str. 12, Hamburg"
trip_93d205fa4aa8_00046,93d205fa-4aa8-4a2a-beb3-f0dd1cdd426a,2026-01-27T20:00:00,2026-01-27T20:22:00,tuesday,leisure,tram,walking|tram|walking,4.5,22,0.0,monthly_pass,False,False,spontaneous,Evening cinema reachable by tram matches his cultural interests and sustainable travel habit.,4,2026-01-22T00:00:00,2026-01-28T23:59:59,Hamburg,home,"Altonaer Str. 12, Hamburg",Hamburg,cinema,"CinemaxX, Altona"
trip_93d205fa4aa8_00047,93d205fa-4aa8-4a2a-beb3-f0dd1cdd426a,2026-01-28T07:25:00,2026-01-28T07:53:00,wednesday,commute,public_transport,walking|subway|walking|bike,7.8,28,0.0,monthly_pass,True,True,routine,"Mid‑week office day, using the same sustainable PT‑bike combo as usual.",4,2026-01-22T00:00:00,2026-01-28T23:59:59,Hamburg,home,"Altonaer Str. 12, Hamburg",Hamburg,work,"TechCorp Office, HafenCity"
trip_93d205fa4aa8_00048,93d205fa-4aa8-4a2a-beb3-f0dd1cdd426a,2026-01-28T18:05:00,2026-01-28T18:33:00,wednesday,commute,public_transport,bike|walking|subway|walking,7.8,28,0.0,monthly_pass,True,True,routine,"End of the workday, returning home with the same low‑carbon PT‑bike chain.",4,2026-01-22T00:00:00,2026-01-28T23:59:59,Hamburg,work,"TechCorp Office, HafenCity",Hamburg,home,"Altonaer Str. 12, Hamburg"
trip_93d205fa4aa8_00049,93d205fa-4aa8-4a2a-beb3-f0dd1cdd426a,2026-01-29T08:00:00,2026-01-29T08:15:00,monday,errands,bike,bike,2.0,15,0.0,none,False,False,spontaneous,"Bike trip for a quick grocery stop aligns with Max's preference for active, low‑carbon travel and fits his errands routine.",5,2026-01-29T00:00:00,2026-02-04T23:59:59,Hamburg,home,Home (St. Georg),Hamburg,errands,Supermarkt (Eppendorf)
trip_93d205fa4aa8_00050,93d205fa-4aa8-4a2a-beb3-f0dd1cdd426a,2026-01-29T18:30:00,2026-01-29T19:15:00,monday,leisure,tram,walking|tram|walking,8.0,45,0.0,monthly_pass,False,False,routine,"Evening gym visit uses tram and walking, fitting Max's routine of staying active after work while leveraging his monthly public‑transport pass.",5,2026-01-29T00:00:00,2026-02-04T23:59:59,Hamburg,home,Home (St. Georg),Hamburg,fitness,FitX Gym (St. Pauli)
trip_93d205fa4aa8_00051,93d205fa-4aa8-4a2a-beb3-f0dd1cdd426a,2026-01-30T08:15:00,2026-01-30T08:55:00,tuesday,commute,subway,walking|subway|bike,10.5,40,0.0,monthly_pass,True,True,routine,"Typical work‑day commute using the U‑Bahn and a short bike segment, matching Max's hybrid commuting habit and monthly pass usage.",5,2026-01-29T00:00:00,2026-02-04T23:59:59,Hamburg,home,Home (St. Georg),Hamburg,work,Tech Company Office (Altona)
trip_93d205fa4aa8_00052,93d205fa-4aa8-4a2a-beb3-f0dd1cdd426a,2026-01-30T17:30:00,2026-01-30T18:15:00,tuesday,commute,subway,bike|subway|walking,10.8,45,0.0,monthly_pass,True,True,routine,"Evening return home follows the same mixed bike‑subway pattern, reflecting Max's consistent commute routine.",5,2026-01-29T00:00:00,2026-02-04T23:59:59,Hamburg,work,Tech Company Office (Altona),Hamburg,home,Home (St. Georg)
trip_93d205fa4aa8_00053,93d205fa-4aa8-4a2a-beb3-f0dd1cdd426a,2026-01-31T19:00:00,2026-01-31T19:35:00,wednesday,leisure,tram,walking|tram|walking,7.0,35,0.0,monthly_pass,False,False,spontaneous,"After a work‑from‑home day Max heads to a favourite restaurant using tram and short walks, matching his evening leisure habit.",5,2026-01-29T00:00:00,2026-02-04T23:59:59,Hamburg,home,Home (St. Georg),Hamburg,restaurant,Restaurant 'Altes Mädchen' (Schanzenviertel)
trip_93d205fa4aa8_00054,93d205fa-4aa8-4a2a-beb3-f0dd1cdd426a,2026-02-01T08:10:00,2026-02-01T08:50:00,thursday,commute,subway,walking|subway|bike,10.5,40,0.0,monthly_pass,True,True,routine,"Second scheduled office day, using the U‑Bahn and a bike segment, consistent with Max's hybrid commute pattern.",5,2026-01-29T00:00:00,2026-02-04T23:59:59,Hamburg,home,Home (St. Georg),Hamburg,work,Tech Company Office (Altona)
trip_93d205fa4aa8_00055,93d205fa-4aa8-4a2a-beb3-f0dd1cdd426a,2026-02-01T18:20:00,2026-02-01T19:05:00,thursday,commute,subway,bike|subway|walking,10.8,45,0.0,monthly_pass,True,True,routine,"Evening return mirrors the morning commute, reinforcing Max's regular hybrid travel habit.",5,2026-01-29T00:00:00,2026-02-04T23:59:59,Hamburg,work,Tech Company Office (Altona),Hamburg,home,Home (St. Georg)
trip_93d205fa4aa8_00056,93d205fa-4aa8-4a2a-beb3-f0dd1cdd426a,2026-02-02T18:45:00,2026-02-02T19:25:00,friday,leisure,bus,walking|bus|walking,6.0,40,0.0,monthly_pass,False,False,spontaneous,"Friday night cinema outing using a short bus ride and walks, fitting Max's frequent evening leisure activities.",5,2026-01-29T00:00:00,2026-02-04T23:59:59,Hamburg,home,Home (St. Georg),Hamburg,cinema,UCI Kinowelt (Jungfernstieg)
trip_93d205fa4aa8_00057,93d205fa-4aa8-4a2a-beb3-f0dd1cdd426a,2026-02-03T09:30:00,2026-02-03T11:00:00,saturday,leisure,regional_train,walking|regional_train|walking,52.2,90,5.0,single_ticket,False,False,planned,"Weekend regional train trip to Lüneburg to visit friends, matching Max's high weekend activity frequency and willingness to travel beyond the city.",5,2026-01-29T00:00:00,2026-02-04T23:59:59,Hamburg,home,Home (St. Georg),Lüneburg,family_visit,Friend's Apartment (Lüneburg)
trip_93d205fa4aa8_00058,93d205fa-4aa8-4a2a-beb3-f0dd1cdd426a,2026-02-03T18:00:00,2026-02-03T19:30:00,saturday,leisure,regional_train,walking|regional_train|walking,52.2,90,5.0,single_ticket,False,False,planned,"Return regional train trip after an evening with friends, keeping the same sustainable travel pattern.",5,2026-01-29T00:00:00,2026-02-04T23:59:59,Lüneburg,family_visit,Friend's Apartment (Lüneburg),Hamburg,home,Home (St. Georg)
trip_93d205fa4aa8_00059,93d205fa-4aa8-4a2a-beb3-f0dd1cdd426a,2026-02-04T10:00:00,2026-02-04T10:30:00,sunday,leisure,bike,bike,5.0,30,0.0,none,False,False,spontaneous,Sunday bike ride to a popular café aligns with Max's active lifestyle and love for relaxed weekend outings.,5,2026-01-29T00:00:00,2026-02-04T23:59:59,Hamburg,home,Home (St. Georg),Hamburg,cafe,Café Elbgold (HafenCity)
trip_93d205fa4aa8_00060,93d205fa-4aa8-4a2a-beb3-f0dd1cdd426a,2026-02-04T19:00:00,2026-02-04T19:30:00,sunday,leisure,shared_bike,walking|shared_bike|walking,4.6,30,2.0,none,False,False,spontaneous,"Evening meet‑up with friends using a shared bike reflects Max's preference for sustainable, active transport for social outings.",5,2026-01-29T00:00:00,2026-02-04T23:59:59,Hamburg,home,Home (St. Georg),Hamburg,friends_visits,St. Pauli Meet‑up Spot
trip_93d205fa4aa8_00061,93d205fa-4aa8-4a2a-beb3-f0dd1cdd426a,2026-02-05T07:30:00,2026-02-05T07:56:00,thursday,commute,public_transport,walking|subway|bike,6.2,26,0.0,monthly_pass,True,True,routine,"Uses U‑Bahn and bike as stated, keeping carbon footprint low while staying active.",6,2026-02-05T00:00:00,2026-02-11T23:59:59,Hamburg,home,"Home, St. Pauli",Hamburg,work,"Office, HafenCity"
trip_93d205fa4aa8_00062,93d205fa-4aa8-4a2a-beb3-f0dd1cdd426a,2026-02-05T17:30:00,2026-02-05T17:45:00,thursday,leisure,tram,walking|tram|walking,2.5,15,0.0,monthly_pass,False,False,spontaneous,Evening gym reachable by tram aligns with his active lifestyle and sustainability focus.,6,2026-02-05T00:00:00,2026-02-11T23:59:59,Hamburg,work,"Office, HafenCity",Hamburg,fitness,"FitX Gym, St. Pauli"
trip_93d205fa4aa8_00063,93d205fa-4aa8-4a2a-beb3-f0dd1cdd426a,2026-02-05T19:30:00,2026-02-05T19:40:00,thursday,return_home,bike,bike|walking,2.2,10,0.0,none,False,False,routine,"Bikes home from the gym, keeping the evening active and carbon‑free.",6,2026-02-05T00:00:00,2026-02-11T23:59:59,Hamburg,fitness,"FitX Gym, St. Pauli",Hamburg,home,"Home, St. Pauli"
trip_93d205fa4aa8_00064,93d205fa-4aa8-4a2a-beb3-f0dd1cdd426a,2026-02-06T10:00:00,2026-02-06T10:05:00,friday,errands,bike,bike,1.0,5,0.0,none,False,False,planned,"Uses shared bike for quick grocery run, aligning with active, low‑carbon habits.",6,2026-02-05T00:00:00,2026-02-11T23:59:59,Hamburg,home,"Home, St. Pauli",Hamburg,errands,"Supermarket, Altona"
trip_93d205fa4aa8_00065,93d205fa-4aa8-4a2a-beb3-f0dd1cdd426a,2026-02-06T11:00:00,2026-02-06T11:06:00,friday,leisure,walking,walking,0.5,6,0.0,none,False,False,spontaneous,"Walk to a nearby café for a coffee break, staying active.",6,2026-02-05T00:00:00,2026-02-11T23:59:59,Hamburg,errands,"Supermarket, Altona",Hamburg,cafe,"Café Elbgold, Sternschanze"
trip_93d205fa4aa8_00066,93d205fa-4aa8-4a2a-beb3-f0dd1cdd426a,2026-02-06T12:30:00,2026-02-06T12:45:00,friday,return_home,walking,walking,1.2,15,0.0,none,False,False,routine,"Walk home after a relaxed lunch, keeping the day active.",6,2026-02-05T00:00:00,2026-02-11T23:59:59,Hamburg,cafe,"Café Elbgold, Sternschanze",Hamburg,home,"Home, St. Pauli"
trip_93d205fa4aa8_00067,93d205fa-4aa8-4a2a-beb3-f0dd1cdd426a,2026-02-07T09:00:00,2026-02-07T09:54:00,saturday,leisure,regional_train,shared_bike|regional_train|shared_bike,53.0,54,7.0,day_ticket,False,False,planned,"Weekend visit to a friend in Lüneburg using shared bikes and a regional train, matching his high leisure intensity and sustainability focus.",6,2026-02-05T00:00:00,2026-02-11T23:59:59,Hamburg,home,"Home, St. Pauli",Lüneburg,family_visit,"Friend's flat, Lüneburg"
trip_93d205fa4aa8_00068,93d205fa-4aa8-4a2a-beb3-f0dd1cdd426a,2026-02-07T18:00:00,2026-02-07T18:50:00,saturday,return_home,regional_train,shared_bike|regional_train|shared_bike,53.0,50,7.0,day_ticket,False,False,spontaneous,"Returns home after the weekend visit, using the same sustainable mode mix.",6,2026-02-05T00:00:00,2026-02-11T23:59:59,Lüneburg,family_visit,"Friend's flat, Lüneburg",Hamburg,home,"Home, St. Pauli"
trip_93d205fa4aa8_00069,93d205fa-4aa8-4a2a-beb3-f0dd1cdd426a,2026-02-08T14:00:00,2026-02-08T14:15:00,sunday,leisure,tram,walking|tram|walking,2.5,15,0.0,monthly_pass,False,False,planned,Afternoon cinema trip using tram aligns with his high weekend leisure activity and sustainable travel preference.,6,2026-02-05T00:00:00,2026-02-11T23:59:59,Hamburg,home,"Home, St. Pauli",Hamburg,cinema,"CineStar, Altona"
trip_93d205fa4aa8_00070,93d205fa-4aa8-4a2a-beb3-f0dd1cdd426a,2026-02-09T07:45:00,2026-02-09T08:11:00,monday,commute,public_transport,walking|subway|bike,6.2,26,0.0,monthly_pass,True,True,routine,"Standard weekday commute using U‑Bahn and bike, matching his hybrid work pattern.",6,2026-02-05T00:00:00,2026-02-11T23:59:59,Hamburg,home,"Home, St. Pauli",Hamburg,work,"Office, HafenCity"
trip_93d205fa4aa8_00071,93d205fa-4aa8-4a2a-beb3-f0dd1cdd426a,2026-02-09T18:00:00,2026-02-09T18:12:00,monday,leisure,tram,walking|tram|walking,2.5,12,0.0,monthly_pass,False,False,spontaneous,"Evening dinner reachable by tram, fitting his preference for sustainable, active travel.",6,2026-02-05T00:00:00,2026-02-11T23:59:59,Hamburg,work,"Office, HafenCity",Hamburg,restaurant,"Restaurant Strandhalle, HafenCity"
trip_93d205fa4aa8_00072,93d205fa-4aa8-4a2a-beb3-f0dd1cdd426a,2026-02-09T19:30:00,2026-02-09T19:40:00,monday,return_home,bike,bike|walking,2.2,10,0.0,none,False,False,routine,"Bikes home after dinner, keeping the night active and emission‑free.",6,2026-02-05T00:00:00,2026-02-11T23:59:59,Hamburg,restaurant,"Restaurant Strandhalle, HafenCity",Hamburg,home,"Home, St. Pauli"
trip_93d205fa4aa8_00073,93d205fa-4aa8-4a2a-beb3-f0dd1cdd426a,2026-02-12T07:45:00,2026-02-12T08:08:00,thursday,commute,public_transport,walking|subway|bike,5.4,23,0.0,monthly_pass,True,True,routine,"Uses preferred U‑Bahn and bike for the last kilometre, matching his sustainability priority and hybrid work schedule.",7,2026-02-12T00:00:00,2026-02-18T23:59:59,Hamburg,home,"Max's Apartment, St. Pauli",Hamburg,work,"TechCo Office, Jungfernstieg"
trip_93d205fa4aa8_00074,93d205fa-4aa8-4a2a-beb3-f0dd1cdd426a,2026-02-12T17:45:00,2026-02-12T18:08:00,thursday,return_home,public_transport,bike|subway|walking,5.4,23,0.0,monthly_pass,True,True,routine,"Ends the workday with his usual bike‑and‑U‑Bahn combo, keeping travel active and carbon‑light.",7,2026-02-12T00:00:00,2026-02-18T23:59:59,Hamburg,work,"TechCo Office, Jungfernstieg",Hamburg,home,"Max's Apartment, St. Pauli"
trip_93d205fa4aa8_00075,93d205fa-4aa8-4a2a-beb3-f0dd1cdd426a,2026-02-12T19:30:00,2026-02-12T19:45:00,thursday,leisure,shared_bike,shared_bike,3.0,15,0.0,none,False,False,spontaneous,"Uses a shared bike to reach a favourite restaurant, keeping the trip active and car‑free.",7,2026-02-12T00:00:00,2026-02-18T23:59:59,Hamburg,home,"Max's Apartment, St. Pauli",Hamburg,restaurant,Fischereihafen Restaurant
trip_93d205fa4aa8_00076,93d205fa-4aa8-4a2a-beb3-f0dd1cdd426a,2026-02-12T21:30:00,2026-02-12T21:37:00,thursday,return_home,walking,walking,0.5,7,0.0,none,False,False,spontaneous,"Walks home after dinner, staying active late in the evening.",7,2026-02-12T00:00:00,2026-02-18T23:59:59,Hamburg,restaurant,Fischereihafen Restaurant,Hamburg,home,"Max's Apartment, St. Pauli"
trip_93d205fa4aa8_00077,93d205fa-4aa8-4a2a-beb3-f0dd1cdd426a,2026-02-13T08:00:00,2026-02-13T08:20:00,tuesday,commute,public_transport,walking|public_transport|bike,5.5,20,0.0,monthly_pass,True,True,routine,"Uses the S‑Bahn to the city centre and bikes the last stretch, matching his hybrid commute habit.",7,2026-02-12T00:00:00,2026-02-18T23:59:59,Hamburg,home,"Max's Apartment, St. Pauli",Hamburg,work,"TechCo Office, Jungfernstieg"
trip_93d205fa4aa8_00078,93d205fa-4aa8-4a2a-beb3-f0dd1cdd426a,2026-02-13T17:30:00,2026-02-13T17:50:00,tuesday,return_home,public_transport,bike|public_transport|walking,5.5,20,0.0,monthly_pass,True,True,routine,Follows his regular bike‑and‑S‑Bahn route back home after work.,7,2026-02-12T00:00:00,2026-02-18T23:59:59,Hamburg,work,"TechCo Office, Jungfernstieg",Hamburg,home,"Max's Apartment, St. Pauli"
trip_93d205fa4aa8_00079,93d205fa-4aa8-4a2a-beb3-f0dd1cdd426a,2026-02-14T19:00:00,2026-02-14T19:20:00,friday,leisure,tram,walking|tram|walking,3.3,20,0.0,monthly_pass,False,False,spontaneous,"Catches a tram to the cinema, keeping travel sustainable and convenient for a night out.",7,2026-02-12T00:00:00,2026-02-18T23:59:59,Hamburg,home,"Max's Apartment, St. Pauli",Hamburg,cinema,UCI Kinowelt Altona
trip_93d205fa4aa8_00080,93d205fa-4aa8-4a2a-beb3-f0dd1cdd426a,2026-02-14T22:00:00,2026-02-14T22:20:00,friday,return_home,tram,walking|tram|walking,3.3,20,0.0,monthly_pass,False,False,spontaneous,"Uses the same tram line back home, maintaining a low‑carbon night‑out routine.",7,2026-02-12T00:00:00,2026-02-18T23:59:59,Hamburg,cinema,UCI Kinowelt Altona,Hamburg,home,"Max's Apartment, St. Pauli"
trip_93d205fa4aa8_00081,93d205fa-4aa8-4a2a-beb3-f0dd1cdd426a,2026-02-15T07:50:00,2026-02-15T08:11:00,tuesday,commute,tram,walking|tram|bike,4.9,21,0.0,monthly_pass,True,True,routine,"Uses a tram line followed by a bike ride, aligning with his preference for public transport and active last‑mile travel.",7,2026-02-12T00:00:00,2026-02-18T23:59:59,Hamburger,home,"Max's Apartment, St. Pauli",Hamburg,work,"TechCo Office, Jungfernstieg"
trip_93d205fa4aa8_00082,93d205fa-4aa8-4a2a-beb3-f0dd1cdd426a,2026-02-15T18:00:00,2026-02-15T18:21:00,tuesday,return_home,tram,bike|tram|walking,4.9,21,0.0,monthly_pass,True,True,routine,"Ends the day with the same bike‑tram combo, keeping his routine sustainable.",7,2026-02-12T00:00:00,2026-02-18T23:59:59,Hamburg,work,"TechCo Office, Jungfernstieg",Hamburg,home,"Max's Apartment, St. Pauli"
trip_93d205fa4aa8_00083,93d205fa-4aa8-4a2a-beb3-f0dd1cdd426a,2026-02-16T09:00:00,2026-02-16T09:56:00,saturday,leisure,regional_train,walking|regional_train|walking,50.9,56,12.0,day_ticket,False,False,planned,"Weekend regional train trip to visit friends, using a day ticket for the longer journey.",7,2026-02-12T00:00:00,2026-02-18T23:59:59,Hamburg,home,"Max's Apartment, St. Pauli",Lüneburg,family_visit,"Friend's flat, Lüneburg"
trip_93d205fa4aa8_00084,93d205fa-4aa8-4a2a-beb3-f0dd1cdd426a,2026-02-17T16:00:00,2026-02-17T16:56:00,sunday,return_home,regional_train,walking|regional_train|walking,50.9,56,12.0,day_ticket,False,False,planned,"Returns home from the weekend visit using the same day ticket, keeping travel consistent and sustainable.",7,2026-02-12T00:00:00,2026-02-18T23:59:59,Lüneburg,family_visit,"Friend's flat, Lüneburg",Hamburg,home,"Max's Apartment, St. Pauli"
trip_93d205fa4aa8_00085,93d205fa-4aa8-4a2a-beb3-f0dd1cdd426a,2026-02-19T08:00:00,2026-02-19T09:50:00,saturday,leisure,regional_train,walking|bike|regional_train|walking,59.2,110,0.0,monthly_pass,False,False,spontaneous,"Weekend visit to a friend in Lüneburg using regional train combined with bike, matching his sustainability focus",8,2026-02-19T00:00:00,2026-02-25T23:59:59,Hamburg,home,Home (Eppendorf),Lüneburg,other,Friend Lüneburg
trip_93d205fa4aa8_00086,93d205fa-4aa8-4a2a-beb3-f0dd1cdd426a,2026-02-19T10:00:00,2026-02-19T10:10:00,saturday,return_home,walking,walking,0.8,10,0.0,none,False,False,spontaneous,Walk back to the station after visiting friend.,8,2026-02-19T00:00:00,2026-02-25T23:59:59,Lüneburg,other,Friend Lüneburg,Lüneburg,station,Lüneburg Hbf
trip_93d205fa4aa8_00087,93d205fa-4aa8-4a2a-beb3-f0dd1cdd426a,2026-02-19T10:30:00,2026-02-19T11:50:00,saturday,return_home,regional_train,regional_train,55.0,80,0.0,monthly_pass,False,False,routine,"Regional train back to Hamburg, covered by monthly pass.",8,2026-02-19T00:00:00,2026-02-25T23:59:59,Lüneburg,station,Lüneburg Hbf,Hamburg,station,Hamburg Hbf
trip_93d205fa4aa8_00088,93d205fa-4aa8-4a2a-beb3-f0dd1cdd426a,2026-02-19T12:15:00,2026-02-19T12:30:00,saturday,return_home,bike,walking|bike,3.4,15,0.0,none,False,False,routine,"Bike home after train, keeping active.",8,2026-02-19T00:00:00,2026-02-25T23:59:59,Hamburg,station,Hamburg Hbf,Hamburg,home,Home (Eppendorf)
trip_93d205fa4aa8_00089,93d205fa-4aa8-4a2a-beb3-f0dd1cdd426a,2026-02-20T10:00:00,2026-02-20T10:15:00,sunday,leisure,bike,bike,3.0,15,0.0,none,False,True,routine,"Bike to café on Sunday morning, fits active lifestyle.",8,2026-02-19T00:00:00,2026-02-25T23:59:59,Hamburg,home,Home (Eppendorf),Hamburg,cafe,Café Elbgold
trip_93d205fa4aa8_00090,93d205fa-4aa8-4a2a-beb3-f0dd1cdd426a,2026-02-20T12:30:00,2026-02-20T12:45:00,sunday,return_home,bike,bike,3.0,15,0.0,none,False,True,routine,Bike back home after brunch.,8,2026-02-19T00:00:00,2026-02-25T23:59:59,Hamburg,cafe,Café Elbgold,Hamburg,home,Home (Eppendorf)
trip_93d205fa4aa8_00091,93d205fa-4aa8-4a2a-beb3-f0dd1cdd426a,2026-02-21T07:30:00,2026-02-21T07:55:00,monday,commute,subway,walking|subway|walking,5.8,25,0.0,monthly_pass,True,True,routine,"Morning commute to office using subway and walking, covered by monthly pass.",8,2026-02-19T00:00:00,2026-02-25T23:59:59,Hamburg,home,Home (Eppendorf),Hamburg,work,Work (HafenCity)
trip_93d205fa4aa8_00092,93d205fa-4aa8-4a2a-beb3-f0dd1cdd426a,2026-02-21T18:30:00,2026-02-21T18:50:00,monday,leisure,tram,walking|tram|walking,3.7,20,0.0,monthly_pass,False,True,routine,"After work, takes tram to gym, staying active.",8,2026-02-19T00:00:00,2026-02-25T23:59:59,Hamburg,work,Work (HafenCity),Hamburg,fitness,Gym (St. Pauli)
trip_93d205fa4aa8_00093,93d205fa-4aa8-4a2a-beb3-f0dd1cdd426a,2026-02-21T19:30:00,2026-02-21T19:55:00,monday,return_home,subway,walking|subway|walking,5.9,25,0.0,monthly_pass,False,True,routine,Evening subway ride home after gym.,8,2026-02-19T00:00:00,2026-02-25T23:59:59,Hamburg,fitness,Gym (St. Pauli),Hamburg,home,Home (Eppendorf)
trip_93d205fa4aa8_00094,93d205fa-4aa8-4a2a-beb3-f0dd1cdd426a,2026-02-22T11:00:00,2026-02-22T11:20:00,tuesday,errands,shared_bike,walking|shared_bike|walking,2.5,20,0.2,none,False,False,spontaneous,"Uses shared bike for quick grocery run, low cost.",8,2026-02-19T00:00:00,2026-02-25T23:59:59,Hamburg,home,Home (Eppendorf),Hamburg,errands,Supermarket Altona
trip_93d205fa4aa8_00095,93d205fa-4aa8-4a2a-beb3-f0dd1cdd426a,2026-02-22T12:00:00,2026-02-22T12:20:00,tuesday,return_home,shared_bike,walking|shared_bike|walking,2.5,20,0.2,none,False,False,spontaneous,Returns home using shared bike after errands.,8,2026-02-19T00:00:00,2026-02-25T23:59:59,Hamburg,errands,Supermarket Altona,Hamburg,home,Home (Eppendorf)
trip_93d205fa4aa8_00096,93d205fa-4aa8-4a2a-beb3-f0dd1cdd426a,2026-02-23T19:00:00,2026-02-23T19:25:00,wednesday,leisure,tram,walking|tram|walking,4.7,25,0.0,monthly_pass,False,False,spontaneous,"Evening tram ride to cinema, aligns with his active, sustainable lifestyle.",8,2026-02-19T00:00:00,2026-02-25T23:59:59,Hamburg,home,Home (Eppendorf),Hamburg,cinema,Cinema Altona
trip_93d205fa4aa8_00097,93d205fa-4aa8-4a2a-beb3-f0dd1cdd426a,2026-02-26T07:30:00,2026-02-26T08:08:00,thursday,commute,public_transport,walking|public_transport|bike,10.4,38,0.0,monthly_pass,True,True,routine,Door‑to‑door commute using S‑Bahn and bike matches his sustainability priority and hybrid work schedule.,9,2026-02-26T00:00:00,2026-03-04T23:59:59,Hamburg,home,"Max's Apartment, St. Georg",Hamburg,work,"TechCo Office, HafenCity"
trip_93d205fa4aa8_00098,93d205fa-4aa8-4a2a-beb3-f0dd1cdd426a,2026-02-26T18:30:00,2026-02-26T18:50:00,thursday,leisure,subway,walking|subway|walking,2.5,20,0.0,monthly_pass,False,False,spontaneous,Evening gym reachable by U‑Bahn aligns with his active lifestyle.,9,2026-02-26T00:00:00,2026-03-04T23:59:59,Hamburg,work,"TechCo Office, HafenCity",Hamburg,fitness,"FitX Gym, Altona"
trip_93d205fa4aa8_00099,93d205fa-4aa8-4a2a-beb3-f0dd1cdd426a,2026-02-26T20:00:00,2026-02-26T20:30:00,thursday,return_home,bike,bike|subway|walking,4.9,30,0.0,monthly_pass,False,True,routine,"Bike home after gym, using subway for the longer segment, matches his active, sustainable routine.",9,2026-02-26T00:00:00,2026-03-04T23:59:59,Hamburg,fitness,"FitX Gym, Altona",Hamburg,home,"Max's Apartment, St. Georg"
trip_93d205fa4aa8_00100,93d205fa-4aa8-4a2a-beb3-f0dd1cdd426a,2026-02-27T10:00:00,2026-02-27T10:12:00,friday,errands,shared_bike,shared_bike,3.0,12,0.0,none,False,False,spontaneous,"Uses shared bike for quick errands, keeping the trip sustainable.",9,2026-02-26T00:00:00,2026-03-04T23:59:59,Hamburg,home,"Max's Apartment, St. Georg",Hamburg,errands,"Supermarket, St. Pauli"
trip_93d205fa4aa8_00101,93d205fa-4aa8-4a2a-beb3-f0dd1cdd426a,2026-02-27T11:00:00,2026-02-27T11:12:00,friday,return_home,shared_bike,shared_bike,3.0,12,0.0,none,False,False,spontaneous,"Returns home with the same shared bike, keeping the trip carbon‑free.",9,2026-02-26T00:00:00,2026-03-04T23:59:59,Hamburg,errands,"Supermarket, St. Pauli",Hamburg,home,"Max's Apartment, St. Georg"
trip_93d205fa4aa8_00102,93d205fa-4aa8-4a2a-beb3-f0dd1cdd426a,2026-02-28T09:00:00,2026-02-28T10:15:00,saturday,leisure,regional_train,walking|regional_train|walking,51.2,75,0.0,monthly_pass,False,False,planned,Weekend regional train trip to visit friends aligns with his high leisure intensity.,9,2026-02-26T00:00:00,2026-03-04T23:59:59,Hamburg,home,"Max's Apartment, St. Georg",Lüneburg,other,"Friend's flat, Lüneburg"
trip_93d205fa4aa8_00103,93d205fa-4aa8-4a2a-beb3-f0dd1cdd426a,2026-02-28T17:00:00,2026-02-28T18:15:00,saturday,return_home,regional_train,walking|regional_train|walking,51.2,75,0.0,monthly_pass,False,False,planned,Returns home by the same sustainable regional train.,9,2026-02-26T00:00:00,2026-03-04T23:59:59,Lüneburg,other,"Friend's flat, Lüneburg",Hamburg,home,"Max's Apartment, St. Georg"
trip_93d205fa4aa8_00104,93d205fa-4aa8-4a2a-beb3-f0dd1cdd426a,2026-03-01T11:00:00,2026-03-01T11:25:00,sunday,leisure,tram,walking|tram|walking,3.7,25,0.0,monthly_pass,False,False,spontaneous,"Weekend brunch reachable by tram fits his active, low‑carbon preference.",9,2026-02-26T00:00:00,2026-03-04T23:59:59,Hamburg,home,"Max's Apartment, St. Georg",Hamburg,cafe,"Café Elbgold, HafenCity"
trip_93d205fa4aa8_00105,93d205fa-4aa8-4a2a-beb3-f0dd1cdd426a,2026-03-01T13:00:00,2026-03-01T13:25:00,sunday,return_home,tram,walking|tram|walking,3.7,25,0.0,monthly_pass,False,False,routine,"Uses the same tram line back home, keeping the trip carbon‑neutral.",9,2026-02-26T00:00:00,2026-03-04T23:59:59,Hamburg,cafe,"Café Elbgold, HafenCity",Hamburg,home,"Max's Apartment, St. Georg"
trip_93d205fa4aa8_00106,93d205fa-4aa8-4a2a-beb3-f0dd1cdd426a,2026-03-02T07:35:00,2026-03-02T08:13:00,monday,commute,public_transport,walking|public_transport|bike,10.4,38,0.0,monthly_pass,True,True,routine,"Second weekly office day, using S‑Bahn and bike as usual.",9,2026-02-26T00:00:00,2026-03-04T23:59:59,Hamburg,home,"Max's Apartment, St. Georg",Hamburg,work,"TechCo Office, HafenCity"
trip_93d205fa4aa8_00107,93d205fa-4aa8-4a2a-beb3-f0dd1cdd426a,2026-03-02T18:45:00,2026-03-02T19:15:00,monday,return_home,bike,bike|subway|walking,4.9,30,0.0,monthly_pass,False,True,routine,"Evening bike ride home with a short subway segment follows his active, low‑impact routine.",9,2026-02-26T00:00:00,2026-03-04T23:59:59,Hamburg,work,"TechCo Office, HafenCity",Hamburg,home,"Max's Apartment, St. Georg"
trip_93d205fa4aa8_00108,93d205fa-4aa8-4a2a-beb3-f0dd1cdd426a,2026-03-04T19:00:00,2026-03-04T19:30:00,wednesday,leisure,tram,walking|tram|walking,4.7,30,0.0,monthly_pass,False,False,spontaneous,Evening dinner reachable by tram aligns with his frequent nightlife outings and sustainability focus.,9,2026-02-26T00:00:00,2026-03-04T23:59:59,Hamburg,home,"Max's Apartment, St. Georg",Hamburg,restaurant,"Restaurant Strandhalle, St. Pauli"
trip_93d205fa4aa8_00109,93d205fa-4aa8-4a2a-beb3-f0dd1cdd426a,2026-03-05T09:00:00,2026-03-05T09:38:00,saturday,leisure,regional_train,bike|regional_train|walking,32.5,38,0.0,monthly_pass,False,False,planned,"Weekend regional train trip to Lüneburg to visit friends, aligns with high weekend activity and use of public transport.",10,2026-03-05T00:00:00,2026-03-11T23:59:59,Hamburg,home,Home (St. Pauli),Lüneburg,family_visit,Friend's flat (Lüneburg)
trip_93d205fa4aa8_00110,93d205fa-4aa8-4a2a-beb3-f0dd1cdd426a,2026-03-05T14:00:00,2026-03-05T14:10:00,saturday,leisure,shared_bike,shared_bike|walking,2.2,10,0.0,none,False,False,spontaneous,"Afternoon coffee with friends, uses shared bike for short city ride, fitting active lifestyle.",10,2026-03-05T00:00:00,2026-03-11T23:59:59,Hamburg,home,Home (St. Pauli),Hamburg,cafe,Café Kaffeekranz (HafenCity)
trip_93d205fa4aa8_00111,93d205fa-4aa8-4a2a-beb3-f0dd1cdd426a,2026-03-05T15:30:00,2026-03-05T15:40:00,saturday,return_home,shared_bike,walking|shared_bike,2.2,10,0.0,none,False,False,spontaneous,"Return home after coffee, uses shared bike for quick city return.",10,2026-03-05T00:00:00,2026-03-11T23:59:59,Hamburg,cafe,Café Kaffeekranz (HafenCity),Hamburg,home,Home (St. Pauli)
trip_93d205fa4aa8_00112,93d205fa-4aa8-4a2a-beb3-f0dd1cdd426a,2026-03-05T18:30:00,2026-03-05T19:08:00,saturday,return_home,regional_train,walking|regional_train|bike,32.5,38,0.0,monthly_pass,False,False,planned,Return from Lüneburg using the same sustainable regional train and bike.,10,2026-03-05T00:00:00,2026-03-11T23:59:59,Lüneburg,family_visit,Friend's flat (Lüneburg),Hamburg,home,Home (St. Pauli)
trip_93d205fa4aa8_00113,93d205fa-4aa8-4a2a-beb3-f0dd1cdd426a,2026-03-07T07:30:00,2026-03-07T07:50:00,tuesday,commute,public_transport,walking|subway|bike,5.0,20,0.0,monthly_pass,True,True,routine,"Uses U‑Bahn and bike as stated, low carbon, fast door‑to‑door commute with monthly pass.",10,2026-03-05T00:00:00,2026-03-11T23:59:59,Hamburg,home,Home (St. Pauli),Hamburg,work,TechOffice (Altona)
trip_93d205fa4aa8_00114,93d205fa-4aa8-4a2a-beb3-f0dd1cdd426a,2026-03-07T17:30:00,2026-03-07T17:50:00,tuesday,return_home,public_transport,bike|subway|walking,5.0,20,0.0,monthly_pass,True,True,routine,Same sustainable pattern for the return leg of the commute.,10,2026-03-05T00:00:00,2026-03-11T23:59:59,Hamburg,work,TechOffice (Altona),Hamburg,home,Home (St. Pauli)
trip_93d205fa4aa8_00115,93d205fa-4aa8-4a2a-beb3-f0dd1cdd426a,2026-03-08T18:00:00,2026-03-08T18:21:00,wednesday,leisure,public_transport,walking|tram|walking,3.1,21,0.0,monthly_pass,False,True,routine,"Evening fitness visit reachable by tram, aligns with high activity intensity and sustainability focus.",10,2026-03-05T00:00:00,2026-03-11T23:59:59,Hamburg,home,Home (St. Pauli),Hamburg,fitness,FitX Gym (Altona)
trip_93d205fa4aa8_00116,93d205fa-4aa8-4a2a-beb3-f0dd1cdd426a,2026-03-08T20:00:00,2026-03-08T20:21:00,wednesday,return_home,public_transport,walking|tram|walking,3.1,21,0.0,monthly_pass,False,True,routine,Return from gym using same sustainable tram route.,10,2026-03-05T00:00:00,2026-03-11T23:59:59,Hamburg,fitness,FitX Gym (Altona),Hamburg,home,Home (St. Pauli)
trip_93d205fa4aa8_00117,93d205fa-4aa8-4a2a-beb3-f0dd1cdd426a,2026-03-09T18:30:00,2026-03-09T18:50:00,thursday,leisure,public_transport,walking|tram|walking,3.1,20,0.0,monthly_pass,False,True,routine,"Evening dinner reachable by tram, matches high nightlife activity and sustainability preference.",10,2026-03-05T00:00:00,2026-03-11T23:59:59,Hamburg,home,Home (St. Pauli),Hamburg,restaurant,Restaurant Hafen (HafenCity)
trip_93d205fa4aa8_00118,93d205fa-4aa8-4a2a-beb3-f0dd1cdd426a,2026-03-09T21:00:00,2026-03-09T21:20:00,thursday,return_home,public_transport,walking|tram|walking,3.1,20,0.0,monthly_pass,False,True,routine,"Return home after dinner using tram, keeping low carbon footprint.",10,2026-03-05T00:00:00,2026-03-11T23:59:59,Hamburg,restaurant,Restaurant Hafen (HafenCity),Hamburg,home,Home (St. Pauli)
trip_93d205fa4aa8_00119,93d205fa-4aa8-4a2a-beb3-f0dd1cdd426a,2026-03-11T07:45:00,2026-03-11T08:05:00,friday,commute,public_transport,walking|subway|bike,5.0,20,0.0,monthly_pass,True,True,routine,"Friday office day, same sustainable U‑Bahn + bike pattern.",10,2026-03-05T00:00:00,2026-03-11T23:59:59,Hamburg,home,Home (St. Pauli),Hamburg,work,TechOffice (Altona)
trip_93d205fa4aa8_00120,93d205fa-4aa8-4a2a-beb3-f0dd1cdd426a,2026-03-11T17:45:00,2026-03-11T18:05:00,friday,return_home,public_transport,bike|subway|walking,5.0,20,0.0,monthly_pass,True,True,routine,"End of Friday workday, same eco‑friendly return route.",10,2026-03-05T00:00:00,2026-03-11T23:59:59,Hamburg,work,TechOffice (Altona),Hamburg,home,Home (St. Pauli)
trip_93d205fa4aa8_00121,93d205fa-4aa8-4a2a-beb3-f0dd1cdd426a,2026-03-12T07:30:00,2026-03-12T08:02:00,thursday,commute,public_transport,walking|subway|bike,13.4,32,0.0,monthly_pass,True,True,routine,"Uses U‑Bahn and bike for the last kilometre, matching his sustainability priority and hybrid‑work schedule.",11,2026-03-12T00:00:00,2026-03-18T23:59:59,Hamburg,home,Max's Apartment,Hamburg,work,Tech GmbH Office
trip_93d205fa4aa8_00122,93d205fa-4aa8-4a2a-beb3-f0dd1cdd426a,2026-03-12T17:15:00,2026-03-12T17:30:00,thursday,leisure,tram,walking|tram,2.8,15,0.0,monthly_pass,False,True,routine,Evening gym reachable by tram aligns with his health focus and public‑transport preference.,11,2026-03-12T00:00:00,2026-03-18T23:59:59,Hamburg,work,Tech GmbH Office,Hamburg,fitness,FitX Gym
trip_93d205fa4aa8_00123,93d205fa-4aa8-4a2a-beb3-f0dd1cdd426a,2026-03-12T17:30:00,2026-03-12T17:45:00,thursday,return_home,bike,bike,5.0,15,0.0,none,False,True,routine,Biking home after the gym keeps him active and carbon‑free.,11,2026-03-12T00:00:00,2026-03-18T23:59:59,Hamburg,fitness,FitX Gym,Hamburg,home,Max's Apartment
trip_93d205fa4aa8_00124,93d205fa-4aa8-4a2a-beb3-f0dd1cdd426a,2026-03-14T09:00:00,2026-03-14T09:59:00,saturday,leisure,regional_train,walking|regional_train|walking,46.1,59,0.0,monthly_pass,False,False,planned,Weekend regional train trip to Lüneburg aligns with his high weekend activity frequency and preference for sustainable travel.,11,2026-03-12T00:00:00,2026-03-18T23:59:59,Hamburg,home,Max's Apartment,Lüneburg,family_visit,Friend's Flat
trip_93d205fa4aa8_00125,93d205fa-4aa8-4a2a-beb3-f0dd1cdd426a,2026-03-14T18:00:00,2026-03-14T18:59:00,saturday,return_home,regional_train,walking|regional_train|walking,46.1,59,0.0,monthly_pass,False,False,planned,"Return by regional train, keeping the weekend trip fully sustainable.",11,2026-03-12T00:00:00,2026-03-18T23:59:59,Lüneburg,family_visit,Friend's Flat,Hamburg,home,Max's Apartment
trip_93d205fa4aa8_00126,93d205fa-4aa8-4a2a-beb3-f0dd1cdd426a,2026-03-16T07:45:00,2026-03-16T08:18:00,monday,commute,public_transport,walking|subway|bike,13.4,33,0.0,monthly_pass,True,True,routine,Same efficient multimodal commute as earlier in the week.,11,2026-03-12T00:00:00,2026-03-18T23:59:59,Hamburg,home,Max's Apartment,Hamburg,work,Tech GmbH Office
trip_93d205fa4aa8_00127,93d205fa-4aa8-4a2a-beb3-f0dd1cdd426a,2026-03-16T18:10:00,2026-03-16T18:24:00,monday,leisure,bus,walking|bus,3.3,14,0.0,monthly_pass,False,True,routine,"Evening dinner reachable by bus fits his desire for sustainable, quick outings.",11,2026-03-12T00:00:00,2026-03-18T23:59:59,Hamburg,work,Tech GmbH Office,Hamburg,restaurant,Altes Hafen Restaurant
trip_93d205fa4aa8_00128,93d205fa-4aa8-4a2a-beb3-f0dd1cdd426a,2026-03-16T18:24:00,2026-03-16T18:36:00,monday,return_home,bike,bike,4.0,12,0.0,none,False,True,routine,Biking home after dinner keeps activity level high and avoids car use.,11,2026-03-12T00:00:00,2026-03-18T23:59:59,Hamburg,restaurant,Altes Hafen Restaurant,Hamburg,home,Max's Apartment
trip_93d205fa4aa8_00129,93d205fa-4aa8-4a2a-beb3-f0dd1cdd426a,2026-03-17T18:30:00,2026-03-17T18:44:00,tuesday,errands,shared_bike,walking|shared_bike,3.3,14,2.0,none,False,False,spontaneous,"Uses a shared bike for quick errands, matching his preference for active, car‑free trips.",11,2026-03-12T00:00:00,2026-03-18T23:59:59,Hamburg,home,Max's Apartment,Hamburg,errands,Supermarkt
trip_93d205fa4aa8_00130,93d205fa-4aa8-4a2a-beb3-f0dd1cdd426a,2026-03-17T18:44:00,2026-03-17T18:50:00,tuesday,return_home,walking,walking,0.5,6,0.0,none,False,False,spontaneous,"Short walk home after errands, keeping the trip carbon‑free.",11,2026-03-12T00:00:00,2026-03-18T23:59:59,Hamburg,errands,Supermarkt,Hamburg,home,Max's Apartment
trip_93d205fa4aa8_00131,93d205fa-4aa8-4a2a-beb3-f0dd1cdd426a,2026-03-18T20:00:00,2026-03-18T20:24:00,wednesday,leisure,tram,walking|tram|walking,3.2,24,0.0,monthly_pass,False,False,spontaneous,Evening cinema reachable by tram fits his high leisure intensity and public‑transport use.,11,2026-03-12T00:00:00,2026-03-18T23:59:59,Hamburg,home,Max's Apartment,Hamburg,cinema,UCI Kino
trip_93d205fa4aa8_00132,93d205fa-4aa8-4a2a-beb3-f0dd1cdd426a,2026-03-18T20:24:00,2026-03-18T20:38:00,wednesday,return_home,bike,bike,5.0,14,0.0,none,False,False,spontaneous,Biking home after the movie keeps activity high and avoids late‑night public transport.,11,2026-03-12T00:00:00,2026-03-18T23:59:59,Hamburg,cinema,UCI Kino,Hamburg,home,Max's Apartment
trip_93d205fa4aa8_00133,93d205fa-4aa8-4a2a-beb3-f0dd1cdd426a,2026-03-19T07:30:00,2026-03-19T08:00:00,thursday,commute,public_transport,walking|subway|bike,7.4,30,0.0,monthly_pass,True,True,routine,"Uses preferred subway‑bike combo for a fast, low‑carbon commute.",12,2026-03-19T00:00:00,2026-03-25T23:59:59,Hamburg,home,Max's apartment,Hamburg,work,Tech office St. Pauli
trip_93d205fa4aa8_00134,93d205fa-4aa8-4a2a-beb3-f0dd1cdd426a,2026-03-19T17:30:00,2026-03-19T17:40:00,thursday,leisure,bike,bike,3.0,10,0.0,none,False,True,routine,Bike to gym aligns with health and sustainability goals.,12,2026-03-19T00:00:00,2026-03-25T23:59:59,Hamburg,work,Tech office St. Pauli,Hamburg,fitness,FitX Gym
trip_93d205fa4aa8_00135,93d205fa-4aa8-4a2a-beb3-f0dd1cdd426a,2026-03-19T18:30:00,2026-03-19T18:42:00,thursday,leisure,bike,bike,3.0,12,0.0,none,False,True,routine,Bike home after workout keeps activity level high.,12,2026-03-19T00:00:00,2026-03-25T23:59:59,Hamburg,fitness,FitX Gym,Hamburg,home,Max's apartment
trip_93d205fa4aa8_00136,93d205fa-4aa8-4a2a-beb3-f0dd1cdd426a,2026-03-20T10:00:00,2026-03-20T10:15:00,friday,errands,shared_bike,shared_bike,3.0,15,0.0,none,False,False,spontaneous,"Uses shared bike for quick, car‑free errand.",12,2026-03-19T00:00:00,2026-03-25T23:59:59,Hamburg,home,Max's apartment,Hamburg,errands,Supermarket
trip_93d205fa4aa8_00137,93d205fa-4aa8-4a2a-beb3-f0dd1cdd426a,2026-03-20T10:30:00,2026-03-20T10:45:00,friday,errands,shared_bike,shared_bike,3.0,15,0.0,none,False,False,spontaneous,"Returns home with shared bike, keeping carbon footprint low.",12,2026-03-19T00:00:00,2026-03-25T23:59:59,Hamburg,errands,Supermarket,Hamburg,home,Max's apartment
trip_93d205fa4aa8_00138,93d205fa-4aa8-4a2a-beb3-f0dd1cdd426a,2026-03-20T19:00:00,2026-03-20T19:10:00,friday,leisure,shared_bike,shared_bike,2.0,10,0.0,none,False,False,spontaneous,Shared bike lets him quickly meet friends for dinner.,12,2026-03-19T00:00:00,2026-03-25T23:59:59,Hamburg,home,Max's apartment,Hamburg,restaurant,HafenCity Bistro
trip_93d205fa4aa8_00139,93d205fa-4aa8-4a2a-beb3-f0dd1cdd426a,2026-03-20T20:30:00,2026-03-20T20:35:00,friday,leisure,walking,walking,0.5,5,0.0,none,False,False,spontaneous,Short walk home after dinner keeps activity level up.,12,2026-03-19T00:00:00,2026-03-25T23:59:59,Hamburg,restaurant,HafenCity Bistro,Hamburg,home,Max's apartment
trip_93d205fa4aa8_00140,93d205fa-4aa8-4a2a-beb3-f0dd1cdd426a,2026-03-21T09:00:00,2026-03-21T10:10:00,saturday,leisure,regional_train,walking|regional_train|walking,51.2,70,0.0,monthly_pass,False,False,spontaneous,Weekend regional train trip fits his love for short city get‑aways.,12,2026-03-19T00:00:00,2026-03-25T23:59:59,Hamburg,home,Max's apartment,Lüneburg,family_visit,Friend's flat
trip_93d205fa4aa8_00141,93d205fa-4aa8-4a2a-beb3-f0dd1cdd426a,2026-03-21T18:00:00,2026-03-21T19:10:00,saturday,leisure,regional_train,walking|regional_train|walking,51.2,70,0.0,monthly_pass,False,False,spontaneous,Return home by train after a relaxed visit.,12,2026-03-19T00:00:00,2026-03-25T23:59:59,Lüneburg,family_visit,Friend's flat,Hamburg,home,Max's apartment
trip_93d205fa4aa8_00142,93d205fa-4aa8-4a2a-beb3-f0dd1cdd426a,2026-03-22T14:00:00,2026-03-22T14:40:00,sunday,leisure,tram,walking|tram|walking,6.6,40,0.0,monthly_pass,False,False,spontaneous,Tram ride to cinema matches his preference for sustainable leisure travel.,12,2026-03-19T00:00:00,2026-03-25T23:59:59,Hamburg,home,Max's apartment,Hamburg,cinema,UCI Cinemas St. Pauli
trip_93d205fa4aa8_00143,93d205fa-4aa8-4a2a-beb3-f0dd1cdd426a,2026-03-22T20:00:00,2026-03-22T20:10:00,sunday,leisure,walking,walking,0.5,10,0.0,none,False,False,spontaneous,Short walk to dinner after the movie keeps the evening active.,12,2026-03-19T00:00:00,2026-03-25T23:59:59,Hamburg,cinema,UCI Cinemas St. Pauli,Hamburg,restaurant,Altes Mädchen
trip_93d205fa4aa8_00144,93d205fa-4aa8-4a2a-beb3-f0dd1cdd426a,2026-03-22T22:00:00,2026-03-22T22:07:00,sunday,leisure,walking,walking,0.5,7,0.0,none,False,False,spontaneous,Walking home ends the night with extra steps.,12,2026-03-19T00:00:00,2026-03-25T23:59:59,Hamburg,restaurant,Altes Mädchen,Hamburg,home,Max's apartment
trip_93d205fa4aa8_00145,93d205fa-4aa8-4a2a-beb3-f0dd1cdd426a,2026-03-26T07:45:00,2026-03-26T08:15:00,thursday,commute,public_transport,walking|subway|walking|bike,7.9,30,0.0,monthly_pass,True,True,routine,"Combines subway with a short bike ride to stay active and keep carbon emissions low, fully covered by his monthly pass.",13,2026-03-26T00:00:00,2026-04-01T23:59:59,Hamburg,home,HafenCity Apartment,Hamburg,work,TechCompany Office (Mönckebergstraße)
trip_93d205fa4aa8_00146,93d205fa-4aa8-4a2a-beb3-f0dd1cdd426a,2026-03-26T17:30:00,2026-03-26T17:54:00,thursday,return_home,public_transport,bike|subway|walking,7.4,24,0.0,monthly_pass,True,True,routine,"Uses bike to the station and subway back home, keeping the commute active and carbon‑free.",13,2026-03-26T00:00:00,2026-04-01T23:59:59,Hamburg,work,TechCompany Office (Mönckebergstraße),Hamburg,home,HafenCity Apartment
trip_93d205fa4aa8_00147,93d205fa-4aa8-4a2a-beb3-f0dd1cdd426a,2026-03-27T19:00:00,2026-03-27T19:24:00,friday,leisure,tram,walking|tram|walking,6.7,24,0.0,monthly_pass,False,False,spontaneous,"Evening workout reachable by tram, keeping active without using a car.",13,2026-03-26T00:00:00,2026-04-01T23:59:59,Hamburg,work,TechCompany Office (Mönckebergstraße),Hamburg,fitness,FitX Gym Altona
trip_93d205fa4aa8_00148,93d205fa-4aa8-4a2a-beb3-f0dd1cdd426a,2026-03-28T09:00:00,2026-03-28T16:40:00,saturday,leisure,regional_train,walking|regional_train|walking|walking|regional_train|walking,71.6,460,0.0,monthly_pass,False,False,planned,"Weekend regional‑train trip to visit friends, fully covered by his monthly pass and combined with walking for first‑/last‑mile sustainability.",13,2026-03-26T00:00:00,2026-04-01T23:59:59,Hamburg,home,HafenCity Apartment,Lüneburg,friends_visits,Friend's Apartment in Lüneburg
trip_93d205fa4aa8_00149,93d205fa-4aa8-4a2a-beb3-f0dd1cdd426a,2026-03-30T07:50:00,2026-03-30T08:20:00,monday,commute,public_transport,walking|subway|walking|bike,7.9,30,0.0,monthly_pass,True,True,routine,"Follows his regular hybrid‑work routine, using public transport plus a bike for the final stretch.",13,2026-03-26T00:00:00,2026-04-01T23:59:59,Hamburg,home,HafenCity Apartment,Hamburg,work,TechCompany Office (Mönckebergstraße)
trip_93d205fa4aa8_00150,93d205fa-4aa8-4a2a-beb3-f0dd1cdd426a,2026-03-30T17:35:00,2026-03-30T17:59:00,monday,return_home,public_transport,bike|subway|walking,7.4,24,0.0,monthly_pass,True,True,routine,"Ends the workday with the same active, low‑emission pattern as the morning commute.",13,2026-03-26T00:00:00,2026-04-01T23:59:59,Hamburg,work,TechCompany Office (Mönckebergstraße),Hamburg,home,HafenCity Apartment
trip_a72e76631766_00001,a72e7663-1766-42f4-ac36-031002376056,2026-01-01T08:00:00,2026-01-01T08:26:00,thursday,commute,public_transport,walking|tram|bike,5.3,26,0.0,monthly_pass,True,True,routine,Morning commute using tram and bike aligns with her hybrid work schedule and sustainability focus.,1,2026-01-01T00:00:00,2026-01-07T23:59:59,Köln,home,Lena's apartment,Köln,work,Fintech office
trip_a72e76631766_00002,a72e7663-1766-42f4-ac36-031002376056,2026-01-01T17:30:00,2026-01-01T17:56:00,thursday,return_home,public_transport,bike|tram|walking,5.3,26,0.0,monthly_pass,True,True,routine,"Evening return using bike to tram stop then tram home, matching her routine and eco‑friendly habits.",1,2026-01-01T00:00:00,2026-01-07T23:59:59,Köln,work,Fintech office,Köln,home,Lena's apartment
trip_a72e76631766_00003,a72e7663-1766-42f4-ac36-031002376056,2026-01-01T19:30:00,2026-01-01T19:36:00,thursday,leisure,bike,bike,1.5,6,0.0,none,False,False,spontaneous,Quick bike ride to a nearby restaurant after work fits her active lifestyle and desire for low‑impact evening outings.,1,2026-01-01T00:00:00,2026-01-07T23:59:59,Köln,work,Fintech office,Köln,restaurant,Restaurant am Rhein
trip_a72e76631766_00004,a72e7663-1766-42f4-ac36-031002376056,2026-01-02T07:30:00,2026-01-02T13:25:00,saturday,family,public_transport,walking|regional_train|walking,571.2,355,0.0,monthly_pass,False,False,planned,"Weekend long‑distance visit to parents uses her monthly pass for regional trains, matching her preference for sustainable travel.",1,2026-01-01T00:00:00,2026-01-07T23:59:59,Köln,home,Lena's apartment,München,family_visit,Parents' house
trip_a72e76631766_00005,a72e7663-1766-42f4-ac36-031002376056,2026-01-02T18:00:00,2026-01-02T23:55:00,saturday,family,public_transport,walking|regional_train|walking,571.2,355,0.0,monthly_pass,False,False,planned,"Return from weekend family visit, using the same sustainable travel mode as outbound.",1,2026-01-01T00:00:00,2026-01-07T23:59:59,München,family_visit,Parents' house,Köln,home,Lena's apartment
trip_a72e76631766_00006,a72e7663-1766-42f4-ac36-031002376056,2026-01-03T08:00:00,2026-01-03T12:40:00,sunday,family,public_transport,walking|regional_train|walking,570.9,280,0.0,monthly_pass,False,False,planned,"Weekend visit to a friend in Berlin using her monthly pass for the ICE, aligning with her sustainability focus.",1,2026-01-01T00:00:00,2026-01-07T23:59:59,Köln,home,Lena's apartment,Berlin,family_visit,Friend's flat
trip_a72e76631766_00007,a72e7663-1766-42f4-ac36-031002376056,2026-01-03T19:00:00,2026-01-03T23:45:00,sunday,family,public_transport,walking|regional_train|walking,570.9,285,0.0,monthly_pass,False,False,planned,"Return from Berlin visit, using the same sustainable travel mode.",1,2026-01-01T00:00:00,2026-01-07T23:59:59,Berlin,family_visit,Friend's flat,Köln,home,Lena's apartment
trip_a72e76631766_00008,a72e7663-1766-42f4-ac36-031002376056,2026-01-04T08:05:00,2026-01-04T08:31:00,tuesday,commute,public_transport,walking|tram|bike,5.3,26,0.0,monthly_pass,True,True,routine,"Second weekly commute day, same sustainable mode mix.",1,2026-01-01T00:00:00,2026-01-07T23:59:59,Köln,home,Lena's apartment,Köln,work,Fintech office
trip_a72e76631766_00009,a72e7663-1766-42f4-ac36-031002376056,2026-01-04T17:45:00,2026-01-04T18:01:00,tuesday,return_home,public_transport,bike|tram|walking,5.3,16,0.0,monthly_pass,True,True,routine,"Evening return using bike‑tram‑walk, consistent with her eco‑friendly routine.",1,2026-01-01T00:00:00,2026-01-07T23:59:59,Köln,work,Fintech office,Köln,home,Lena's apartment
trip_a72e76631766_00010,a72e7663-1766-42f4-ac36-031002376056,2026-01-04T19:00:00,2026-01-04T19:08:00,tuesday,leisure,bike,bike,2.0,8,0.0,none,False,False,spontaneous,Bike to the gym after work supports her fitness interest and sustainable travel habit.,1,2026-01-01T00:00:00,2026-01-07T23:59:59,Köln,work,Fintech office,Köln,fitness,FitX Gym
trip_a72e76631766_00011,a72e7663-1766-42f4-ac36-031002376056,2026-01-05T18:30:00,2026-01-05T18:51:00,wednesday,leisure,public_transport,walking|tram|walking,2.7,21,0.0,monthly_pass,False,False,spontaneous,Evening cultural visit using tram aligns with her high public‑transport affinity and interest in culture.,1,2026-01-01T00:00:00,2026-01-07T23:59:59,Köln,home,Lena's apartment,Köln,culture,Museum Ludwig
trip_a72e76631766_00012,a72e7663-1766-42f4-ac36-031002376056,2026-01-06T20:00:00,2026-01-06T20:11:00,thursday,leisure,shared_bike,walking|shared_bike|walking,1.6,11,2.0,none,False,False,spontaneous,"Uses a shared bike for a quick night out, matching her flexibility and sustainability preferences.",1,2026-01-01T00:00:00,2026-01-07T23:59:59,Köln,home,Lena's apartment,Köln,nightlife,Bar im Belgischen Viertel
trip_a72e76631766_00013,a72e7663-1766-42f4-ac36-031002376056,2026-01-08T07:30:00,2026-01-08T08:00:00,thursday,commute,public_transport,walking|tram|walking|bike,7.6,30,0.0,monthly_pass,True,True,routine,"Uses tram and bike to reach the office, matching her sustainability focus and hybrid‑work schedule.",2,2026-01-08T00:00:00,2026-01-14T23:59:59,Köln,home,Lena's Apartment,Köln,work,FinTech GmbH Office
trip_a72e76631766_00014,a72e7663-1766-42f4-ac36-031002376056,2026-01-08T17:45:00,2026-01-08T18:12:00,thursday,commute,public_transport,bike|tram|walking,7.4,27,0.0,monthly_pass,True,True,routine,"Bike to tram stop, ride tram home, then walk – a low‑carbon return commute.",2,2026-01-08T00:00:00,2026-01-14T23:59:59,Köln,work,FinTech GmbH Office,Köln,home,Lena's Apartment
trip_a72e76631766_00015,a72e7663-1766-42f4-ac36-031002376056,2026-01-08T19:30:00,2026-01-08T19:40:00,thursday,leisure,walking,walking,0.8,10,0.0,none,False,False,spontaneous,"Short walk to a nearby restaurant after work, matching her frequent evening outings.",2,2026-01-08T00:00:00,2026-01-14T23:59:59,Köln,work,FinTech GmbH Office,Köln,restaurant,Restaurant Zum Goldenen Löwen
trip_a72e76631766_00016,a72e7663-1766-42f4-ac36-031002376056,2026-01-09T20:00:00,2026-01-09T20:19:00,friday,leisure,public_transport,walking|tram|walking,4.5,19,0.0,monthly_pass,False,False,spontaneous,"Uses tram to reach a nightlife venue, reflecting her often‑evening activity habit.",2,2026-01-08T00:00:00,2026-01-14T23:59:59,Köln,home,Lena's Apartment,Köln,culture,Club Bahnhof Ehrenfeld
trip_a72e76631766_00017,a72e7663-1766-42f4-ac36-031002376056,2026-01-10T10:00:00,2026-01-10T10:12:00,saturday,leisure,bike,bike,3.0,12,0.0,none,False,False,planned,Bike ride to the gym aligns with her active lifestyle and bike ownership.,2,2026-01-08T00:00:00,2026-01-14T23:59:59,Köln,home,Lena's Apartment,Köln,fitness,FitX Köln
trip_a72e76631766_00018,a72e7663-1766-42f4-ac36-031002376056,2026-01-10T14:00:00,2026-01-10T14:15:00,saturday,leisure,bike,bike,5.0,15,0.0,none,False,False,spontaneous,"Cycling to the park fits her preference for active, outdoor leisure.",2,2026-01-08T00:00:00,2026-01-14T23:59:59,Köln,home,Lena's Apartment,Köln,park,Rheinpark
trip_a72e76631766_00019,a72e7663-1766-42f4-ac36-031002376056,2026-01-10T18:30:00,2026-01-10T18:50:00,saturday,leisure,public_transport,walking|tram|walking,4.6,20,0.0,monthly_pass,False,False,planned,"Uses tram to reach the cinema, reflecting her preference for public transport even for entertainment.",2,2026-01-08T00:00:00,2026-01-14T23:59:59,Köln,home,Lena's Apartment,Köln,cinema,CineStar Köln
trip_a72e76631766_00020,a72e7663-1766-42f4-ac36-031002376056,2026-01-11T09:00:00,2026-01-11T13:45:00,sunday,family,regional_train,walking|regional_train|walking,601.2,285,79.0,single_ticket,False,False,planned,"Weekend regional train trip to visit parents in Munich, matching her frequent family visits and willingness to travel longer distances.",2,2026-01-08T00:00:00,2026-01-14T23:59:59,Köln,home,Lena's Apartment,Munich,family_visit,Parents' House Munich
trip_a72e76631766_00021,a72e7663-1766-42f4-ac36-031002376056,2026-01-11T20:30:00,2026-01-12T01:15:00,sunday,family,regional_train,walking|regional_train|walking,601.2,285,79.0,single_ticket,False,False,spontaneous,"Return regional train trip to Cologne after the family visit, fitting her weekend travel pattern.",2,2026-01-08T00:00:00,2026-01-14T23:59:59,Munich,family_visit,Parents' House Munich,Köln,home,Lena's Apartment
trip_a72e76631766_00022,a72e7663-1766-42f4-ac36-031002376056,2026-01-12T07:45:00,2026-01-12T08:07:00,monday,commute,public_transport,walking|subway|bike,7.3,22,0.0,monthly_pass,True,True,routine,"Morning subway ride combined with bike for the last stretch, fitting her hybrid‑work day.",2,2026-01-08T00:00:00,2026-01-14T23:59:59,Köln,home,Lena's Apartment,Köln,work,FinTech GmbH Office
trip_a72e76631766_00023,a72e7663-1766-42f4-ac36-031002376056,2026-01-12T18:10:00,2026-01-12T18:33:00,monday,commute,public_transport,bike|subway|walking,7.3,23,0.0,monthly_pass,True,True,routine,"Bike to subway, ride back home – efficient and eco‑friendly.",2,2026-01-08T00:00:00,2026-01-14T23:59:59,Köln,work,FinTech GmbH Office,Köln,home,Lena's Apartment
trip_a72e76631766_00024,a72e7663-1766-42f4-ac36-031002376056,2026-01-12T19:00:00,2026-01-12T19:20:00,monday,leisure,public_transport,walking|subway|walking,3.7,20,0.0,monthly_pass,False,False,planned,"Evening museum visit after work, using subway and short walks, matching her cultural interests.",2,2026-01-08T00:00:00,2026-01-14T23:59:59,Köln,work,FinTech GmbH Office,Köln,culture,Museum Ludwig
trip_a72e76631766_00025,a72e7663-1766-42f4-ac36-031002376056,2026-01-15T09:30:00,2026-01-15T09:40:00,saturday,leisure,bike,bike,2.0,10,0.0,none,False,False,planned,Bike ride aligns with Lena's sustainability focus and keeps her active before the weekend.,3,2026-01-15T00:00:00,2026-01-21T23:59:59,Köln,home,Heumarkt,Köln,cafe,Café Rico
trip_a72e76631766_00026,a72e7663-1766-42f4-ac36-031002376056,2026-01-15T18:00:00,2026-01-15T18:21:00,saturday,leisure,public_transport,walking|tram|walking,5.7,21,0.0,monthly_pass,False,False,planned,"Uses tram and walking, fitting her high public‑transport affinity and monthly pass.",3,2026-01-15T00:00:00,2026-01-21T23:59:59,Köln,home,Heumarkt,Köln,culture,Museum Ludwig
trip_a72e76631766_00027,a72e7663-1766-42f4-ac36-031002376056,2026-01-16T07:00:00,2026-01-16T13:00:00,sunday,family,regional_train,walking|regional_train|walking,601.0,360,80.0,single_ticket,False,False,planned,Long‑distance regional train aligns with her weekend family visit and willingness to pay for a single ticket.,3,2026-01-15T00:00:00,2026-01-21T23:59:59,Köln,home,Heumarkt,München,family_visit,Parents' Home
trip_a72e76631766_00028,a72e7663-1766-42f4-ac36-031002376056,2026-01-17T08:15:00,2026-01-17T08:44:00,monday,commute,public_transport,walking|tram|bike,8.5,29,0.0,monthly_pass,True,True,routine,Routine commute using tram and bike matches her hybrid work pattern and monthly pass.,3,2026-01-15T00:00:00,2026-01-21T23:59:59,Köln,home,Heumarkt,Köln,work,FinTech Office
trip_a72e76631766_00029,a72e7663-1766-42f4-ac36-031002376056,2026-01-17T19:30:00,2026-01-17T19:49:00,monday,leisure,bike,bike|walking,3.5,19,0.0,none,False,False,spontaneous,Bike ride to dinner keeps carbon footprint low and fits her active lifestyle.,3,2026-01-15T00:00:00,2026-01-21T23:59:59,Köln,work,FinTech Office,Köln,restaurant,Restaurant Zum Goldenen Stern
trip_a72e76631766_00030,a72e7663-1766-42f4-ac36-031002376056,2026-01-18T14:00:00,2026-01-18T14:19:00,tuesday,work_related,car_sharing,walking|car_sharing|walking,5.7,19,8.0,none,False,False,spontaneous,"Car sharing provides quick, flexible travel for a time‑sensitive client meeting.",3,2026-01-15T00:00:00,2026-01-21T23:59:59,Köln,home,Heumarkt,Köln,other,Client Meeting at CoWorking Space
trip_a72e76631766_00031,a72e7663-1766-42f4-ac36-031002376056,2026-01-19T08:20:00,2026-01-19T08:49:00,wednesday,commute,public_transport,walking|tram|bike,8.5,29,0.0,monthly_pass,True,True,routine,"Same routine as Monday, using tram and bike with her monthly pass.",3,2026-01-15T00:00:00,2026-01-21T23:59:59,Köln,home,Heumarkt,Köln,work,FinTech Office
trip_a72e76631766_00032,a72e7663-1766-42f4-ac36-031002376056,2026-01-19T18:10:00,2026-01-19T18:25:00,wednesday,leisure,bike,bike|walking,2.5,15,0.0,none,False,False,routine,Bike to the gym supports her fitness goals and sustainable travel habit.,3,2026-01-15T00:00:00,2026-01-21T23:59:59,Köln,work,FinTech Office,Köln,fitness,FitX Cologne
trip_a72e76631766_00033,a72e7663-1766-42f4-ac36-031002376056,2026-01-20T11:30:00,2026-01-20T11:53:00,thursday,leisure,public_transport,walking|bus|walking,6.9,23,0.0,monthly_pass,False,False,planned,Bus ride with walking fits her high public‑transport usage and provides a relaxed park visit.,3,2026-01-15T00:00:00,2026-01-21T23:59:59,Köln,home,Heumarkt,Köln,park,Rheinpark
trip_a72e76631766_00034,a72e7663-1766-42f4-ac36-031002376056,2026-01-20T22:00:00,2026-01-20T22:17:00,thursday,leisure,shared_bike,walking|shared_bike|walking,3.5,17,1.0,none,False,False,spontaneous,"Shared bike offers a quick, low‑impact way to reach the nightlife venue.",3,2026-01-15T00:00:00,2026-01-21T23:59:59,Köln,home,Heumarkt,Köln,culture,Bootshaus
trip_a72e76631766_00035,a72e7663-1766-42f4-ac36-031002376056,2026-01-21T12:00:00,2026-01-21T12:20:00,friday,leisure,public_transport,walking|tram|walking,4.8,20,0.0,monthly_pass,False,False,planned,Tram ride with walking fits her subscription usage and shopping outing.,3,2026-01-15T00:00:00,2026-01-21T23:59:59,Köln,home,Heumarkt,Köln,shopping,Messezentrum Mall
trip_a72e76631766_00036,a72e7663-1766-42f4-ac36-031002376056,2026-01-21T20:30:00,2026-01-21T20:52:00,friday,leisure,public_transport,walking|tram|walking,5.8,22,0.0,monthly_pass,False,False,planned,Evening tram ride aligns with her routine of using public transport for leisure outings.,3,2026-01-15T00:00:00,2026-01-21T23:59:59,Köln,home,Heumarkt,Köln,cinema,CineStar Köln
trip_a72e76631766_00037,a72e7663-1766-42f4-ac36-031002376056,2026-01-22T07:30:00,2026-01-22T07:57:00,thursday,commute,bike,walking|tram|bike,7.4,27,0.0,monthly_pass,True,True,routine,"Uses preferred tram‑bike combo with a monthly pass, matching her sustainability focus and fast office access.",4,2026-01-22T00:00:00,2026-01-28T23:59:59,Köln,home,Lena's Home,Köln,work,FinTech Office
trip_a72e76631766_00038,a72e7663-1766-42f4-ac36-031002376056,2026-01-22T18:00:00,2026-01-22T18:26:00,thursday,commute,bike,bike|tram|walking,7.4,26,0.0,monthly_pass,True,True,routine,Ends the workday with the same sustainable bike‑tram combo used in the morning.,4,2026-01-22T00:00:00,2026-01-28T23:59:59,Köln,work,FinTech Office,Köln,home,Lena's Home
trip_a72e76631766_00039,a72e7663-1766-42f4-ac36-031002376056,2026-01-23T07:45:00,2026-01-23T08:12:00,friday,commute,bike,walking|tram|bike,7.4,27,0.0,monthly_pass,True,True,routine,"Second weekly office day, same eco‑friendly route.",4,2026-01-22T00:00:00,2026-01-28T23:59:59,Köln,home,Lena's Home,Köln,work,FinTech Office
trip_a72e76631766_00040,a72e7663-1766-42f4-ac36-031002376056,2026-01-23T18:15:00,2026-01-23T18:41:00,friday,commute,bike,bike|tram|walking,7.4,26,0.0,monthly_pass,True,True,routine,Ends the second office day with her preferred bike‑tram combo.,4,2026-01-22T00:00:00,2026-01-28T23:59:59,Köln,work,FinTech Office,Köln,home,Lena's Home
trip_a72e76631766_00041,a72e7663-1766-42f4-ac36-031002376056,2026-01-23T19:30:00,2026-01-23T19:38:00,friday,leisure,walking,walking,0.6,8,0.0,none,False,False,planned,"Evening coffee after work, fits her frequent cafe visits.",4,2026-01-22T00:00:00,2026-01-28T23:59:59,Köln,home,Lena's Home,Köln,cafe,Café Central
trip_a72e76631766_00042,a72e7663-1766-42f4-ac36-031002376056,2026-01-23T22:00:00,2026-01-23T22:10:00,friday,return_home,walking,walking,0.8,10,0.0,none,False,False,spontaneous,"Late night walk home after café, aligns with her active lifestyle.",4,2026-01-22T00:00:00,2026-01-28T23:59:59,Köln,cafe,Café Central,Köln,home,Lena's Home
trip_a72e76631766_00043,a72e7663-1766-42f4-ac36-031002376056,2026-01-24T08:00:00,2026-01-24T13:45:00,saturday,family,regional_train,walking|regional_train|walking,601.2,345,80.0,single_ticket,False,False,planned,"Weekend family visit to Munich, using regional train as per her preference for sustainable long‑distance travel.",4,2026-01-22T00:00:00,2026-01-28T23:59:59,Köln,home,Lena's Home,München,family_visit,Parents' House
trip_a72e76631766_00044,a72e7663-1766-42f4-ac36-031002376056,2026-01-24T20:30:00,2026-01-25T02:15:00,saturday,return_home,regional_train,walking|regional_train|walking,601.2,345,80.0,single_ticket,False,False,planned,"Return trip to Cologne after family visit, again using regional train.",4,2026-01-22T00:00:00,2026-01-28T23:59:59,München,family_visit,Parents' House,Köln,home,Lena's Home
trip_a72e76631766_00045,a72e7663-1766-42f4-ac36-031002376056,2026-01-25T14:00:00,2026-01-25T14:25:00,sunday,leisure,car_sharing,car_sharing|walking,15.4,25,12.0,none,False,False,spontaneous,"Quick car‑sharing ride to a tech event, matching her need for speed on short notice.",4,2026-01-22T00:00:00,2026-01-28T23:59:59,Köln,home,Lena's Home,Köln,other,Köln Messe
trip_a72e76631766_00046,a72e7663-1766-42f4-ac36-031002376056,2026-01-25T18:30:00,2026-01-25T18:55:00,sunday,return_home,car_sharing,walking|car_sharing,15.4,25,12.0,none,False,False,spontaneous,Uses car‑sharing again to get home quickly after the event.,4,2026-01-22T00:00:00,2026-01-28T23:59:59,Köln,other,Köln Messe,Köln,home,Lena's Home
trip_a72e76631766_00047,a72e7663-1766-42f4-ac36-031002376056,2026-01-26T19:00:00,2026-01-26T19:23:00,monday,leisure,tram,walking|tram|walking,4.9,23,0.0,monthly_pass,False,False,planned,"Evening dinner out, uses tram and walk, fitting her public‑transport habit.",4,2026-01-22T00:00:00,2026-01-28T23:59:59,Köln,home,Lena's Home,Köln,restaurant,Restaurant Rheinblick
trip_a72e76631766_00048,a72e7663-1766-42f4-ac36-031002376056,2026-01-26T21:30:00,2026-01-26T21:49:00,monday,return_home,shared_bike,walking|shared_bike|walking,3.5,19,0.0,none,False,False,spontaneous,"Uses a shared bike for a quick, low‑impact return home after dinner.",4,2026-01-22T00:00:00,2026-01-28T23:59:59,Köln,restaurant,Restaurant Rheinblick,Köln,home,Lena's Home
trip_a72e76631766_00049,a72e7663-1766-42f4-ac36-031002376056,2026-01-29T07:45:00,2026-01-29T08:17:00,thursday,commute,public_transport,walking|tram|bike,7.4,32,0.0,monthly_pass,True,True,routine,"Uses preferred tram‑bike combo for a fast, low‑carbon commute on a scheduled work day.",5,2026-01-29T00:00:00,2026-02-04T23:59:59,Köln,home,Lena's Apartment,Köln,work,FinTech Office Cologne
trip_a72e76631766_00050,a72e7663-1766-42f4-ac36-031002376056,2026-01-29T18:10:00,2026-01-29T18:42:00,thursday,commute,public_transport,bike|tram|walking,7.4,32,0.0,monthly_pass,True,True,routine,"Standard return commute using bike‑tram‑walk, matching her sustainability focus.",5,2026-01-29T00:00:00,2026-02-04T23:59:59,Köln,work,FinTech Office Cologne,Köln,home,Lena's Apartment
trip_a72e76631766_00051,a72e7663-1766-42f4-ac36-031002376056,2026-01-29T20:00:00,2026-01-29T20:10:00,thursday,leisure,walking,walking,0.8,10,0.0,none,False,False,spontaneous,"Evening dinner out, fits her frequent restaurant visits.",5,2026-01-29T00:00:00,2026-02-04T23:59:59,Köln,home,Lena's Apartment,Köln,restaurant,Zum Goldenen Löwen
trip_a72e76631766_00052,a72e7663-1766-42f4-ac36-031002376056,2026-01-30T19:30:00,2026-01-30T19:38:00,friday,leisure,bike,bike,3.0,8,0.0,none,False,False,planned,"Regular fitness session after work, using her bike for active travel.",5,2026-01-29T00:00:00,2026-02-04T23:59:59,Köln,home,Lena's Apartment,Köln,fitness,FitX Cologne
trip_a72e76631766_00053,a72e7663-1766-42f4-ac36-031002376056,2026-01-31T08:00:00,2026-01-31T13:45:00,saturday,family,regional_train,walking|regional_train|walking,571.3,345,49.0,day_ticket,False,False,planned,"Weekend family visit to Munich, using regional train with a day ticket.",5,2026-01-29T00:00:00,2026-02-04T23:59:59,Köln,home,Lena's Apartment,München,family_visit,Parents' House Munich
trip_a72e76631766_00054,a72e7663-1766-42f4-ac36-031002376056,2026-01-31T18:30:00,2026-02-01T00:15:00,saturday,family,regional_train,walking|regional_train|walking,571.3,345,49.0,day_ticket,False,False,planned,"Return home from family visit, same train route.",5,2026-01-29T00:00:00,2026-02-04T23:59:59,München,family_visit,Parents' House Munich,Köln,home,Lena's Apartment
trip_a72e76631766_00055,a72e7663-1766-42f4-ac36-031002376056,2026-02-01T09:00:00,2026-02-01T15:25:00,sunday,leisure,regional_train,walking|regional_train|walking,601.4,385,55.0,day_ticket,False,False,planned,"Day trip to a tech expo in Berlin, using a day ticket for the long-distance regional train.",5,2026-01-29T00:00:00,2026-02-04T23:59:59,Köln,home,Lena's Apartment,Berlin,culture,Tech Expo Berlin
trip_a72e76631766_00056,a72e7663-1766-42f4-ac36-031002376056,2026-02-01T18:00:00,2026-02-02T00:30:00,sunday,return_home,regional_train,walking|regional_train|walking,601.4,390,55.0,day_ticket,False,False,planned,"Return home after the Berlin expo, using the same day ticket for the long-distance train.",5,2026-01-29T00:00:00,2026-02-04T23:59:59,Berlin,culture,Tech Expo Berlin,Köln,home,Lena's Apartment
trip_a72e76631766_00057,a72e7663-1766-42f4-ac36-031002376056,2026-02-02T07:50:00,2026-02-02T08:27:00,monday,commute,public_transport,walking|bus|bike,8.4,37,0.0,monthly_pass,True,True,routine,Alternative bus‑bike route for the second scheduled office day.,5,2026-01-29T00:00:00,2026-02-04T23:59:59,Köln,home,Lena's Apartment,Köln,work,FinTech Office Cologne
trip_a72e76631766_00058,a72e7663-1766-42f4-ac36-031002376056,2026-02-02T18:05:00,2026-02-02T18:42:00,monday,commute,public_transport,bike|bus|walking,8.4,37,0.0,monthly_pass,True,True,routine,"Standard return route using bike, bus and a short walk.",5,2026-01-29T00:00:00,2026-02-04T23:59:59,Köln,work,FinTech Office Cologne,Köln,home,Lena's Apartment
trip_a72e76631766_00059,a72e7663-1766-42f4-ac36-031002376056,2026-02-03T18:30:00,2026-02-03T18:42:00,tuesday,work_related,car_sharing,car_sharing,4.0,12,5.0,none,False,False,spontaneous,"Quick car‑sharing ride for a late client meeting, matching her need for speed.",5,2026-01-29T00:00:00,2026-02-04T23:59:59,Köln,work,FinTech Office Cologne,Köln,other,FinTech Hub Cologne
trip_a72e76631766_00060,a72e7663-1766-42f4-ac36-031002376056,2026-02-03T20:00:00,2026-02-03T20:17:00,tuesday,return_home,car_sharing,car_sharing|walking,4.4,17,5.0,none,False,False,spontaneous,Uses car‑sharing to get home quickly after the meeting.,5,2026-01-29T00:00:00,2026-02-04T23:59:59,Köln,other,FinTech Hub Cologne,Köln,home,Lena's Apartment
trip_a72e76631766_00061,a72e7663-1766-42f4-ac36-031002376056,2026-02-06T08:00:00,2026-02-06T08:24:00,tuesday,commute,tram,walking|tram|bike,8.4,24,0.0,monthly_pass,True,True,routine,Uses public transport and bike to keep carbon footprint low while reaching work quickly.,6,2026-02-05T00:00:00,2026-02-11T23:59:59,Köln,home,"Lena's Apartment, Innenstadt",Köln,work,"FinTech Office, Ehrenfeld"
trip_a72e76631766_00062,a72e7663-1766-42f4-ac36-031002376056,2026-02-06T18:30:00,2026-02-06T18:54:00,tuesday,commute,tram,bike|tram|walking,8.4,24,0.0,monthly_pass,True,True,routine,"Combines bike and tram for a fast, low‑emission return home.",6,2026-02-05T00:00:00,2026-02-11T23:59:59,Köln,work,"FinTech Office, Ehrenfeld",Köln,home,"Lena's Apartment, Innenstadt"
trip_a72e76631766_00063,a72e7663-1766-42f4-ac36-031002376056,2026-02-06T19:30:00,2026-02-06T19:45:00,tuesday,leisure,shared_bike,walking|shared_bike|walking,2.5,15,0.0,none,False,False,spontaneous,"Quickly reaches a favourite café using a shared bike, aligning with sustainability and speed.",6,2026-02-05T00:00:00,2026-02-11T23:59:59,Köln,home,"Lena's Apartment, Innenstadt",Köln,cafe,Café Rico
trip_a72e76631766_00064,a72e7663-1766-42f4-ac36-031002376056,2026-02-07T08:30:00,2026-02-07T08:45:00,wednesday,leisure,bike,bike,5.0,15,0.0,none,False,False,planned,Morning bike ride to the park supports health and low‑carbon travel.,6,2026-02-05T00:00:00,2026-02-11T23:59:59,Köln,home,"Lena's Apartment, Innenstadt",Köln,park,Rheinpark
trip_a72e76631766_00065,a72e7663-1766-42f4-ac36-031002376056,2026-02-07T18:00:00,2026-02-07T18:19:00,wednesday,leisure,tram,walking|tram|walking,5.7,19,0.0,monthly_pass,False,False,planned,"Uses tram and short walks to reach the gym, keeping carbon emissions low.",6,2026-02-05T00:00:00,2026-02-11T23:59:59,Köln,home,"Lena's Apartment, Innenstadt",Köln,fitness,FitX Cologne
trip_a72e76631766_00066,a72e7663-1766-42f4-ac36-031002376056,2026-02-07T19:15:00,2026-02-07T19:34:00,wednesday,leisure,tram,walking|tram|walking,5.7,19,0.0,monthly_pass,False,False,routine,"Returns home via tram, maintaining low‑impact travel after workout.",6,2026-02-05T00:00:00,2026-02-11T23:59:59,Köln,fitness,FitX Cologne,Köln,home,"Lena's Apartment, Innenstadt"
trip_a72e76631766_00067,a72e7663-1766-42f4-ac36-031002376056,2026-02-08T08:00:00,2026-02-08T08:24:00,thursday,commute,tram,walking|tram|bike,8.4,24,0.0,monthly_pass,True,True,routine,Standard hybrid‑work commute using tram and bike for speed and sustainability.,6,2026-02-05T00:00:00,2026-02-11T23:59:59,Köln,home,"Lena's Apartment, Innenstadt",Köln,work,"FinTech Office, Ehrenfeld"
trip_a72e76631766_00068,a72e7663-1766-42f4-ac36-031002376056,2026-02-08T18:30:00,2026-02-08T18:54:00,thursday,commute,tram,bike|tram|walking,8.4,24,0.0,monthly_pass,True,True,routine,"Evening return home using bike‑tram combo for efficient, low‑emission travel.",6,2026-02-05T00:00:00,2026-02-11T23:59:59,Köln,work,"FinTech Office, Ehrenfeld",Köln,home,"Lena's Apartment, Innenstadt"
trip_a72e76631766_00069,a72e7663-1766-42f4-ac36-031002376056,2026-02-08T20:30:00,2026-02-08T20:51:00,thursday,leisure,tram,walking|tram|walking,6.7,21,0.0,monthly_pass,False,False,spontaneous,"Evening dinner reached via tram, aligning with her preference for public transport and low emissions.",6,2026-02-05T00:00:00,2026-02-11T23:59:59,Köln,home,"Lena's Apartment, Innenstadt",Köln,restaurant,Restaurant Zum Goldenen Stern
trip_a72e76631766_00070,a72e7663-1766-42f4-ac36-031002376056,2026-02-10T07:00:00,2026-02-10T10:28:00,saturday,leisure,regional_train,bike|walking|regional_train,582.5,208,49.0,day_ticket,False,False,planned,"Weekend long‑distance trip to visit family, using regional train for comfort and sustainability; bike to station adds active travel.",6,2026-02-05T00:00:00,2026-02-11T23:59:59,Köln,home,"Lena's Apartment, Innenstadt",Munich,other,Munich Hauptbahnhof
trip_a72e76631766_00071,a72e7663-1766-42f4-ac36-031002376056,2026-02-10T16:00:00,2026-02-10T19:28:00,saturday,leisure,regional_train,regional_train|walking|bike,582.5,208,49.0,day_ticket,False,False,spontaneous,"Return from family visit, using the same sustainable regional train and bike for the last kilometre home.",6,2026-02-05T00:00:00,2026-02-11T23:59:59,Munich,other,Munich Hauptbahnhof,Köln,home,"Lena's Apartment, Innenstadt"
trip_a72e76631766_00072,a72e7663-1766-42f4-ac36-031002376056,2026-02-11T12:00:00,2026-02-11T12:21:00,sunday,leisure,tram,walking|tram|walking,6.7,21,0.0,monthly_pass,False,False,planned,"After a museum visit, she returns home using tram, keeping travel eco‑friendly.",6,2026-02-05T00:00:00,2026-02-11T23:59:59,Köln,culture,Museum Ludwig,Köln,home,"Lena's Apartment, Innenstadt"
trip_a72e76631766_00073,a72e7663-1766-42f4-ac36-031002376056,2026-02-12T07:30:00,2026-02-12T08:15:00,thursday,commute,public_transport,walking|tram|bike,6.5,45,0.0,monthly_pass,True,True,routine,"Morning commute using preferred tram and bike combination, covered by her monthly pass and aligns with her sustainability goals.",7,2026-02-12T00:00:00,2026-02-18T23:59:59,Köln,home,Lena's apartment,Köln,work,Fintech office Innenstadt
trip_a72e76631766_00074,a72e7663-1766-42f4-ac36-031002376056,2026-02-12T17:45:00,2026-02-12T18:30:00,thursday,commute,public_transport,bike|tram|walking,6.5,45,0.0,monthly_pass,True,True,routine,"Evening commute using bike, tram and walking, covered by monthly pass, matches her hybrid work pattern.",7,2026-02-12T00:00:00,2026-02-18T23:59:59,Köln,work,Fintech office Innenstadt,Köln,home,Lena's apartment
trip_a72e76631766_00075,a72e7663-1766-42f4-ac36-031002376056,2026-02-13T19:00:00,2026-02-13T19:06:00,friday,leisure,bike,bike,2.0,6,0.0,none,False,False,spontaneous,"Evening dinner with friends, bike ride aligns with her active, sustainable lifestyle.",7,2026-02-12T00:00:00,2026-02-18T23:59:59,Köln,home,Lena's apartment,Köln,restaurant,Café am Dom
trip_a72e76631766_00076,a72e7663-1766-42f4-ac36-031002376056,2026-02-13T21:30:00,2026-02-13T21:36:00,friday,return_home,bike,bike,2.0,6,0.0,none,False,False,spontaneous,"Return home after dinner, using bike for a quick, eco‑friendly trip.",7,2026-02-12T00:00:00,2026-02-18T23:59:59,Köln,restaurant,Café am Dom,Köln,home,Lena's apartment
trip_a72e76631766_00077,a72e7663-1766-42f4-ac36-031002376056,2026-02-14T10:00:00,2026-02-14T10:10:00,saturday,leisure,bike,bike,3.0,10,0.0,none,False,False,planned,"Morning workout, bike ride fits her health‑focused, sustainable routine.",7,2026-02-12T00:00:00,2026-02-18T23:59:59,Köln,home,Lena's apartment,Köln,fitness,FitX Gym Cologne
trip_a72e76631766_00078,a72e7663-1766-42f4-ac36-031002376056,2026-02-14T13:00:00,2026-02-14T13:10:00,saturday,return_home,bike,bike,3.0,10,0.0,none,False,False,planned,"Return home after workout, using bike for a quick, eco‑friendly trip.",7,2026-02-12T00:00:00,2026-02-18T23:59:59,Köln,fitness,FitX Gym Cologne,Köln,home,Lena's apartment
trip_a72e76631766_00079,a72e7663-1766-42f4-ac36-031002376056,2026-02-14T15:00:00,2026-02-14T17:40:00,saturday,family,regional_train,walking|regional_train|walking,580.8,160,0.0,monthly_pass,False,False,planned,"Weekend family visit to Munich, using regional train covered by her monthly pass and walking legs for station access.",7,2026-02-12T00:00:00,2026-02-18T23:59:59,Köln,home,Lena's apartment,München,family_visit,Parents' house Munich
trip_a72e76631766_00080,a72e7663-1766-42f4-ac36-031002376056,2026-02-15T10:00:00,2026-02-15T12:40:00,sunday,family,regional_train,walking|regional_train|walking,580.8,160,0.0,monthly_pass,False,False,planned,"Return trip from Munich to Cologne, using the same sustainable train route covered by her monthly pass.",7,2026-02-12T00:00:00,2026-02-18T23:59:59,München,family_visit,Parents' house Munich,Köln,home,Lena's apartment
trip_a72e76631766_00081,a72e7663-1766-42f4-ac36-031002376056,2026-02-15T14:00:00,2026-02-15T14:15:00,sunday,leisure,tram,walking|tram|walking,3.0,15,0.0,monthly_pass,False,False,spontaneous,"Afternoon cultural visit, uses tram covered by monthly pass and short walks.",7,2026-02-12T00:00:00,2026-02-18T23:59:59,Köln,home,Lena's apartment,Köln,culture,Museum Ludwig
trip_a72e76631766_00082,a72e7663-1766-42f4-ac36-031002376056,2026-02-15T17:00:00,2026-02-15T17:15:00,sunday,return_home,tram,walking|tram|walking,3.0,15,0.0,monthly_pass,False,False,spontaneous,"Return home after museum visit, using tram and short walks, covered by monthly pass.",7,2026-02-12T00:00:00,2026-02-18T23:59:59,Köln,culture,Museum Ludwig,Köln,home,Lena's apartment
trip_a72e76631766_00083,a72e7663-1766-42f4-ac36-031002376056,2026-02-16T07:30:00,2026-02-16T08:15:00,monday,commute,public_transport,walking|tram|bike,6.5,45,0.0,monthly_pass,True,True,routine,"Morning commute on a hybrid work day, using her preferred tram‑bike combo and covered by the monthly pass.",7,2026-02-12T00:00:00,2026-02-18T23:59:59,Köln,home,Lena's apartment,Köln,work,Fintech office Innenstadt
trip_a72e76631766_00084,a72e7663-1766-42f4-ac36-031002376056,2026-02-16T17:45:00,2026-02-16T18:30:00,monday,commute,public_transport,bike|tram|walking,6.5,45,0.0,monthly_pass,True,True,routine,"Evening commute home, using bike, tram and walking, fully covered by her monthly pass.",7,2026-02-12T00:00:00,2026-02-18T23:59:59,Köln,work,Fintech office Innenstadt,Köln,home,Lena's apartment
trip_a72e76631766_00085,a72e7663-1766-42f4-ac36-031002376056,2026-02-19T07:30:00,2026-02-19T08:05:00,monday,commute,public_transport,walking|tram|bike,6.9,35,0.0,monthly_pass,True,True,routine,"Routine commute using preferred tram‑bike combination, covered by monthly pass and aligns with sustainability priority.",8,2026-02-19T00:00:00,2026-02-25T23:59:59,Köln,home,Heidestraße,Köln,work,FinTech Office
trip_a72e76631766_00086,a72e7663-1766-42f4-ac36-031002376056,2026-02-19T17:45:00,2026-02-19T18:20:00,monday,commute,public_transport,bike|tram|walking,6.9,35,0.0,monthly_pass,True,True,routine,"Standard return commute, using bike‑tram combo covered by monthly pass.",8,2026-02-19T00:00:00,2026-02-25T23:59:59,Köln,work,FinTech Office,Köln,home,Heidestraße
trip_a72e76631766_00087,a72e7663-1766-42f4-ac36-031002376056,2026-02-20T18:30:00,2026-02-20T18:50:00,tuesday,leisure,shared_bike,walking|shared_bike|walking,2.5,20,0.5,none,False,False,spontaneous,"Quick dinner after work, uses shared bike for speed and low carbon impact.",8,2026-02-19T00:00:00,2026-02-25T23:59:59,Köln,work,FinTech Office,Köln,restaurant,Restaurant Rheinblick
trip_a72e76631766_00088,a72e7663-1766-42f4-ac36-031002376056,2026-02-21T18:30:00,2026-02-21T18:55:00,wednesday,leisure,public_transport,walking|tram|walking,4.5,25,0.0,monthly_pass,False,False,spontaneous,"Evening workout, uses tram for speed while staying within monthly pass.",8,2026-02-19T00:00:00,2026-02-25T23:59:59,Köln,work,FinTech Office,Köln,fitness,FitX Gym
trip_a72e76631766_00089,a72e7663-1766-42f4-ac36-031002376056,2026-02-22T07:35:00,2026-02-22T08:10:00,thursday,commute,public_transport,walking|tram|bike,6.9,35,0.0,monthly_pass,True,True,routine,"Second weekly commute day, same sustainable tram‑bike pattern.",8,2026-02-19T00:00:00,2026-02-25T23:59:59,Köln,home,Heidestraße,Köln,work,FinTech Office
trip_a72e76631766_00090,a72e7663-1766-42f4-ac36-031002376056,2026-02-22T17:40:00,2026-02-22T18:15:00,thursday,commute,public_transport,bike|tram|walking,6.9,35,0.0,monthly_pass,True,True,routine,"Return commute, same sustainable mode mix as morning.",8,2026-02-19T00:00:00,2026-02-25T23:59:59,Köln,work,FinTech Office,Köln,home,Heidestraße
trip_a72e76631766_00091,a72e7663-1766-42f4-ac36-031002376056,2026-02-23T20:00:00,2026-02-23T20:40:00,friday,leisure,car_sharing,walking|car_sharing|walking,12.5,40,12.0,none,False,False,spontaneous,"Quick night out, uses on‑demand car sharing for speed after a late meeting.",8,2026-02-19T00:00:00,2026-02-25T23:59:59,Köln,work,FinTech Office,Köln,culture,Club Nachtleben
trip_a72e76631766_00092,a72e7663-1766-42f4-ac36-031002376056,2026-02-24T08:00:00,2026-02-24T11:50:00,saturday,family,regional_train,walking|regional_train|walking,551.6,230,49.0,day_ticket,False,False,planned,"Weekend family visit to Munich, uses regional train with day ticket for speed and sustainability.",8,2026-02-19T00:00:00,2026-02-25T23:59:59,Köln,home,Heidestraße,München,family_visit,Parents' House
trip_a72e76631766_00093,a72e7663-1766-42f4-ac36-031002376056,2026-02-24T09:30:00,2026-02-24T10:00:00,saturday,leisure,bike,bike,8.0,30,0.0,none,False,False,planned,Morning bike ride to park for recreation and exercise.,8,2026-02-19T00:00:00,2026-02-25T23:59:59,Köln,home,Heidestraße,Köln,park,Stadtpark
trip_a72e76631766_00094,a72e7663-1766-42f4-ac36-031002376056,2026-02-24T19:00:00,2026-02-24T19:30:00,saturday,leisure,public_transport,walking|tram|walking,5.5,30,0.0,monthly_pass,False,False,planned,"Evening cultural event, uses tram covered by monthly pass.",8,2026-02-19T00:00:00,2026-02-25T23:59:59,Köln,home,Heidestraße,Köln,culture,Kölner Oper
trip_a72e76631766_00095,a72e7663-1766-42f4-ac36-031002376056,2026-02-25T11:00:00,2026-02-25T11:05:00,sunday,leisure,walking,walking,0.4,5,0.0,none,False,False,spontaneous,"Quick Sunday brunch, short walk aligns with active lifestyle.",8,2026-02-19T00:00:00,2026-02-25T23:59:59,Köln,home,Heidestraße,Köln,cafe,Café Frühling
trip_a72e76631766_00096,a72e7663-1766-42f4-ac36-031002376056,2026-02-25T14:00:00,2026-02-25T17:50:00,sunday,family,regional_train,walking|regional_train|walking,551.6,230,49.0,day_ticket,False,False,planned,"Return trip to Cologne after weekend family visit, uses same regional train day ticket.",8,2026-02-19T00:00:00,2026-02-25T23:59:59,München,family_visit,Parents' House,Köln,home,Heidestraße
trip_a72e76631766_00097,a72e7663-1766-42f4-ac36-031002376056,2026-02-26T07:45:00,2026-02-26T08:20:00,thursday,commute,bike,walking|tram|bike,12.0,35,0.0,monthly_pass,True,True,routine,Regular hybrid commute using tram and bike aligns with Lena's sustainability focus and monthly pass subscription.,9,2026-02-26T00:00:00,2026-03-04T23:59:59,Köln,home,Lena's Apartment Köln-Ehrenfeld,Köln,work,FinTech Office Köln - Rheinauhafen
trip_a72e76631766_00098,a72e7663-1766-42f4-ac36-031002376056,2026-02-26T13:00:00,2026-02-26T13:20:00,thursday,work_related,car_sharing,walking|car_sharing|walking,5.5,20,5.0,none,False,False,spontaneous,"Quick car‑sharing trip for a client meeting, fitting her need for speed without owning a car.",9,2026-02-26T00:00:00,2026-03-04T23:59:59,Köln,work,FinTech Office Köln - Rheinauhafen,Düsseldorf,other,Client HQ Düsseldorf
trip_a72e76631766_00099,a72e7663-1766-42f4-ac36-031002376056,2026-02-26T18:15:00,2026-02-26T18:50:00,thursday,commute,bike,bike|tram|walking,12.0,35,0.0,monthly_pass,True,True,routine,"Evening return mirrors the morning commute, using bike and tram under her monthly pass.",9,2026-02-26T00:00:00,2026-03-04T23:59:59,Köln,work,FinTech Office Köln - Rheinauhafen,Köln,home,Lena's Apartment Köln-Ehrenfeld
trip_a72e76631766_00100,a72e7663-1766-42f4-ac36-031002376056,2026-02-27T19:00:00,2026-02-27T19:25:00,friday,leisure,public_transport,tram|walking,8.5,25,0.0,monthly_pass,False,False,planned,"Evening dinner after work, using tram covered by her monthly pass and a short walk.",9,2026-02-26T00:00:00,2026-03-04T23:59:59,Köln,work,FinTech Office Köln - Rheinauhafen,Köln,restaurant,Zum Goldenen Löwen
trip_a72e76631766_00101,a72e7663-1766-42f4-ac36-031002376056,2026-02-28T10:00:00,2026-02-28T10:20:00,saturday,leisure,bike,bike,5.0,20,0.0,none,False,False,planned,Bike ride to the gym supports her active lifestyle and sustainability values.,9,2026-02-26T00:00:00,2026-03-04T23:59:59,Köln,home,Lena's Apartment Köln-Ehrenfeld,Köln,fitness,FitX Köln-Mülheim
trip_a72e76631766_00102,a72e7663-1766-42f4-ac36-031002376056,2026-02-28T14:00:00,2026-02-28T14:15:00,saturday,leisure,walking,walking,0.8,15,0.0,none,False,False,spontaneous,"Post‑work coffee break, short walk aligns with her active routine.",9,2026-02-26T00:00:00,2026-03-04T23:59:59,Köln,fitness,FitX Köln-Mülheim,Köln,cafe,Café Rico
trip_a72e76631766_00103,a72e7663-1766-42f4-ac36-031002376056,2026-03-01T07:30:00,2026-03-01T12:10:00,sunday,family,regional_train,bike|regional_train|walking,571.0,280,80.0,single_ticket,False,False,planned,"Weekend family visit to Munich using regional train, ticket bought per trip.",9,2026-02-26T00:00:00,2026-03-04T23:59:59,Köln,home,Lena's Apartment Köln-Ehrenfeld,Munich,family_visit,Parents' House Munich
trip_a72e76631766_00104,a72e7663-1766-42f4-ac36-031002376056,2026-03-01T18:30:00,2026-03-01T23:05:00,sunday,family,regional_train,walking|regional_train,570.5,275,80.0,single_ticket,False,False,planned,"Return trip to Cologne after family visit, using the same regional train ticket.",9,2026-02-26T00:00:00,2026-03-04T23:59:59,Munich,family_visit,Parents' House Munich,Köln,home,Lena's Apartment Köln-Ehrenfeld
trip_a72e76631766_00105,a72e7663-1766-42f4-ac36-031002376056,2026-03-02T08:00:00,2026-03-02T08:35:00,monday,commute,bike,walking|tram|bike,12.0,35,0.0,monthly_pass,True,True,routine,"Regular hybrid workday commute using tram and bike, covered by monthly pass.",9,2026-02-26T00:00:00,2026-03-04T23:59:59,Köln,home,Lena's Apartment Köln-Ehrenfeld,Köln,work,FinTech Office Köln - Rheinauhafen
trip_a72e76631766_00106,a72e7663-1766-42f4-ac36-031002376056,2026-03-02T17:30:00,2026-03-02T18:05:00,monday,commute,bike,bike|tram|walking,12.0,35,0.0,monthly_pass,True,True,routine,"Evening return home after hybrid workday, using bike and tram under monthly pass.",9,2026-02-26T00:00:00,2026-03-04T23:59:59,Köln,work,FinTech Office Köln - Rheinauhafen,Köln,home,Lena's Apartment Köln-Ehrenfeld
trip_a72e76631766_00107,a72e7663-1766-42f4-ac36-031002376056,2026-03-04T20:00:00,2026-03-04T20:30:00,wednesday,leisure,public_transport,tram|walking,6.4,30,0.0,monthly_pass,False,False,spontaneous,"Evening nightlife outing, using tram covered by monthly pass and a short walk.",9,2026-02-26T00:00:00,2026-03-04T23:59:59,Köln,home,Lena's Apartment Köln-Ehrenfeld,Köln,culture,Bar Schmitz
trip_a72e76631766_00108,a72e7663-1766-42f4-ac36-031002376056,2026-03-04T22:30:00,2026-03-04T22:55:00,wednesday,return_home,public_transport,walking|tram,6.4,25,0.0,monthly_pass,False,False,routine,"Return home after nightlife, using tram and short walk under monthly pass.",9,2026-02-26T00:00:00,2026-03-04T23:59:59,Köln,culture,Bar Schmitz,Köln,home,Lena's Apartment Köln-Ehrenfeld
trip_a72e76631766_00109,a72e7663-1766-42f4-ac36-031002376056,2026-03-05T07:30:00,2026-03-05T08:00:00,saturday,commute,public_transport,walking|tram|bike,7.4,30,0.0,monthly_pass,True,True,routine,"Uses preferred tram‑bike combo for a fast, sustainable commute on a scheduled work day.",10,2026-03-05T00:00:00,2026-03-11T23:59:59,Köln,home,Lena's apartment,Köln,work,FinTech office
trip_a72e76631766_00110,a72e7663-1766-42f4-ac36-031002376056,2026-03-05T18:30:00,2026-03-05T19:00:00,saturday,leisure,public_transport,bike|tram|walking,6.3,30,0.0,monthly_pass,False,False,spontaneous,"Evening coffee after work, using bike‑tram combo to stay active and sustainable.",10,2026-03-05T00:00:00,2026-03-11T23:59:59,Köln,work,FinTech office,Köln,cafe,Café am Dom
trip_a72e76631766_00111,a72e7663-1766-42f4-ac36-031002376056,2026-03-05T21:30:00,2026-03-05T21:47:00,saturday,return_home,bike,walking|bike,3.3,17,0.0,none,False,False,spontaneous,"Uses bike for a quick, healthy night‑time return home.",10,2026-03-05T00:00:00,2026-03-11T23:59:59,Köln,cafe,Café am Dom,Köln,home,Lena's apartment
trip_a72e76631766_00112,a72e7663-1766-42f4-ac36-031002376056,2026-03-07T07:35:00,2026-03-07T08:05:00,monday,commute,public_transport,walking|tram|bike,7.4,30,0.0,monthly_pass,True,True,routine,"Regular Thursday commute using tram and bike, matching hybrid schedule.",10,2026-03-05T00:00:00,2026-03-11T23:59:59,Köln,home,Lena's apartment,Köln,work,FinTech office
trip_a72e76631766_00113,a72e7663-1766-42f4-ac36-031002376056,2026-03-07T18:00:00,2026-03-07T18:17:00,monday,work_related,car_sharing,walking|car_sharing,6.4,17,8.0,none,False,False,spontaneous,"Quick car‑sharing ride after work for a client meeting, balancing speed and flexibility.",10,2026-03-05T00:00:00,2026-03-11T23:59:59,Köln,work,FinTech office,Köln,other,Networking event venue
trip_a72e76631766_00114,a72e7663-1766-42f4-ac36-031002376056,2026-03-07T20:30:00,2026-03-07T20:47:00,monday,return_home,car_sharing,car_sharing|walking,6.4,17,8.0,none,False,False,spontaneous,Uses car‑sharing for a fast night return after a late event.,10,2026-03-05T00:00:00,2026-03-11T23:59:59,Köln,other,Event venue,Köln,home,Lena's apartment
trip_a72e76631766_00115,a72e7663-1766-42f4-ac36-031002376056,2026-03-08T18:15:00,2026-03-08T18:25:00,tuesday,leisure,bike,bike,2.0,10,0.0,none,False,False,planned,"Evening workout, using own bike for a quick, healthy trip.",10,2026-03-05T00:00:00,2026-03-11T23:59:59,Köln,work,FinTech office,Köln,fitness,FitX Gym
trip_a72e76631766_00116,a72e7663-1766-42f4-ac36-031002376056,2026-03-08T20:00:00,2026-03-08T20:10:00,tuesday,return_home,bike,bike,2.0,10,0.0,none,False,False,routine,"Bike home after workout, keeping active.",10,2026-03-05T00:00:00,2026-03-11T23:59:59,Köln,fitness,FitX Gym,Köln,home,Lena's apartment
trip_a72e76631766_00117,a72e7663-1766-42f4-ac36-031002376056,2026-03-10T07:00:00,2026-03-10T11:30:00,thursday,leisure,regional_train,walking|regional_train,600.4,270,80.0,single_ticket,False,False,planned,"Weekend trip to visit parents in Munich, using regional train for sustainable long‑distance travel.",10,2026-03-05T00:00:00,2026-03-11T23:59:59,Köln,home,Lena's apartment,München,other,Munich Hauptbahnhof
trip_a72e76631766_00118,a72e7663-1766-42f4-ac36-031002376056,2026-03-10T12:00:00,2026-03-10T12:10:00,thursday,family,walking,walking,0.8,10,0.0,none,False,False,spontaneous,"Short walk to meet parents for lunch, keeping the visit low‑key.",10,2026-03-05T00:00:00,2026-03-11T23:59:59,München,other,München Hbf,München,restaurant,Family restaurant
trip_a72e76631766_00119,a72e7663-1766-42f4-ac36-031002376056,2026-03-10T18:00:00,2026-03-10T22:30:00,thursday,return_home,regional_train,regional_train|walking,600.4,270,80.0,single_ticket,False,False,planned,"Evening return to Cologne after family visit, using the same sustainable train option.",10,2026-03-05T00:00:00,2026-03-11T23:59:59,München,other,München Hbf,Köln,home,Lena's apartment
trip_a72e76631766_00120,a72e7663-1766-42f4-ac36-031002376056,2026-03-11T10:00:00,2026-03-11T10:30:00,friday,leisure,tram,walking|tram|walking,4.5,30,0.0,monthly_pass,False,False,planned,"Sunday cultural outing, using tram and short walks, fully covered by monthly pass.",10,2026-03-05T00:00:00,2026-03-11T23:59:59,Köln,home,Lena's apartment,Köln,culture,Museum Ludwig
trip_a72e76631766_00121,a72e7663-1766-42f4-ac36-031002376056,2026-03-12T07:30:00,2026-03-12T12:10:00,saturday,family,regional_train,walking|regional_train|walking,571.1,280,120.0,single_ticket,False,False,planned,Visiting parents in Munich using sustainable regional train,11,2026-03-12T00:00:00,2026-03-18T23:59:59,Köln,home,Lena's apartment,München,family_visit,Parents' house
trip_a72e76631766_00122,a72e7663-1766-42f4-ac36-031002376056,2026-03-12T18:00:00,2026-03-12T22:39:00,saturday,family,regional_train,walking|regional_train|walking,571.1,279,120.0,single_ticket,False,False,spontaneous,"Returning home after family visit, using same sustainable train",11,2026-03-12T00:00:00,2026-03-18T23:59:59,München,family_visit,Parents' house,Köln,home,Lena's apartment
trip_a72e76631766_00123,a72e7663-1766-42f4-ac36-031002376056,2026-03-13T09:00:00,2026-03-13T09:30:00,sunday,leisure,bike,bike,5.0,30,0.0,none,False,False,routine,Morning bike ride to stay active,11,2026-03-12T00:00:00,2026-03-18T23:59:59,Köln,home,Lena's apartment,Köln,fitness,FitX Gym
trip_a72e76631766_00124,a72e7663-1766-42f4-ac36-031002376056,2026-03-13T12:30:00,2026-03-13T13:00:00,sunday,return_home,bike,bike,5.0,30,0.0,none,False,False,routine,Bike back home after workout,11,2026-03-12T00:00:00,2026-03-18T23:59:59,Köln,fitness,FitX Gym,Köln,home,Lena's apartment
trip_a72e76631766_00125,a72e7663-1766-42f4-ac36-031002376056,2026-03-14T07:45:00,2026-03-14T08:29:00,monday,commute,bike,walking|tram|walking|bike,16.6,44,0.0,monthly_pass,True,True,routine,Hybrid work commute using tram and bike for sustainability,11,2026-03-12T00:00:00,2026-03-18T23:59:59,Köln,home,Lena's apartment,Köln,work,FinTech Office
trip_a72e76631766_00126,a72e7663-1766-42f4-ac36-031002376056,2026-03-14T17:30:00,2026-03-14T18:15:00,monday,return_home,bike,bike|walking|tram|walking,16.6,45,0.0,monthly_pass,True,True,routine,Return home after work using bike and tram,11,2026-03-12T00:00:00,2026-03-18T23:59:59,Köln,work,FinTech Office,Köln,home,Lena's apartment
trip_a72e76631766_00127,a72e7663-1766-42f4-ac36-031002376056,2026-03-15T19:00:00,2026-03-15T19:24:00,tuesday,leisure,subway,walking|subway|walking,5.5,24,0.0,monthly_pass,False,False,spontaneous,"Evening dinner with friends, uses subway for quick travel",11,2026-03-12T00:00:00,2026-03-18T23:59:59,Köln,home,Lena's apartment,Köln,restaurant,Zum Goldenen Stern
trip_a72e76631766_00128,a72e7663-1766-42f4-ac36-031002376056,2026-03-15T21:30:00,2026-03-15T21:35:00,tuesday,return_home,walking,walking,0.5,5,0.0,none,False,False,routine,Walk home after dinner,11,2026-03-12T00:00:00,2026-03-18T23:59:59,Köln,restaurant,Zum Goldenen Stern,Köln,home,Lena's apartment
trip_a72e76631766_00129,a72e7663-1766-42f4-ac36-031002376056,2026-03-16T18:30:00,2026-03-16T19:00:00,wednesday,leisure,bike,bike,6.0,30,0.0,none,False,False,planned,"Evening yoga class, bike for active travel",11,2026-03-12T00:00:00,2026-03-18T23:59:59,Köln,home,Lena's apartment,Köln,fitness,Yoga Studio
trip_a72e76631766_00130,a72e7663-1766-42f4-ac36-031002376056,2026-03-16T20:30:00,2026-03-16T21:00:00,wednesday,return_home,bike,bike,6.0,30,0.0,none,False,False,routine,Bike back home after yoga,11,2026-03-12T00:00:00,2026-03-18T23:59:59,Köln,fitness,Yoga Studio,Köln,home,Lena's apartment
trip_a72e76631766_00131,a72e7663-1766-42f4-ac36-031002376056,2026-03-17T07:40:00,2026-03-17T08:24:00,thursday,commute,bike,walking|tram|walking|bike,16.6,44,0.0,monthly_pass,True,True,routine,Second hybrid commute day using tram and bike for sustainability,11,2026-03-12T00:00:00,2026-03-18T23:59:59,Köln,home,Lena's apartment,Köln,work,FinTech Office
trip_a72e76631766_00132,a72e7663-1766-42f4-ac36-031002376056,2026-03-17T17:30:00,2026-03-17T18:15:00,thursday,return_home,bike,bike|walking|tram|walking,16.6,45,0.0,monthly_pass,True,True,routine,Return home after Thursday work using bike and tram,11,2026-03-12T00:00:00,2026-03-18T23:59:59,Köln,work,FinTech Office,Köln,home,Lena's apartment
trip_a72e76631766_00133,a72e7663-1766-42f4-ac36-031002376056,2026-03-19T07:30:00,2026-03-19T08:02:00,thursday,commute,bike,walking|subway|bike,7.4,32,0.0,monthly_pass,True,True,routine,"Uses preferred mix of walking, subway and bike to keep carbon footprint low while reaching work on time.",12,2026-03-19T00:00:00,2026-03-25T23:59:59,Köln,home,Lena's Apartment,Köln,work,FinTech Office MediaPark
trip_a72e76631766_00134,a72e7663-1766-42f4-ac36-031002376056,2026-03-19T17:30:00,2026-03-19T18:00:00,thursday,return_home,bike,bike|subway|walking,7.4,30,0.0,monthly_pass,True,True,routine,Same sustainable multimodal pattern for the evening return.,12,2026-03-19T00:00:00,2026-03-25T23:59:59,Köln,work,FinTech Office MediaPark,Köln,home,Lena's Apartment
trip_a72e76631766_00135,a72e7663-1766-42f4-ac36-031002376056,2026-03-20T18:00:00,2026-03-20T18:15:00,friday,work_related,car_sharing,walking|car_sharing,5.3,15,7.5,none,False,False,spontaneous,"Quick car‑sharing ride to a client meeting, balancing speed and flexibility.",12,2026-03-19T00:00:00,2026-03-25T23:59:59,Köln,home,Lena's Apartment,Köln,other,Client Meeting at Köln City Center
trip_a72e76631766_00136,a72e7663-1766-42f4-ac36-031002376056,2026-03-20T20:00:00,2026-03-20T20:22:00,friday,return_home,tram,walking|tram|walking,6.3,22,0.0,monthly_pass,False,False,planned,Uses public transport after meeting to stay sustainable and avoid parking hassles.,12,2026-03-19T00:00:00,2026-03-25T23:59:59,Köln,other,Client Meeting at Köln City Center,Köln,home,Lena's Apartment
trip_a72e76631766_00137,a72e7663-1766-42f4-ac36-031002376056,2026-03-21T08:00:00,2026-03-21T12:35:00,saturday,leisure,regional_train,walking|regional_train|walking,576.0,275,49.0,day_ticket,False,False,planned,"Weekend family visit using regional train, aligning with her preference for sustainable long‑distance travel.",12,2026-03-19T00:00:00,2026-03-25T23:59:59,Köln,home,Lena's Apartment,Munich,family_visit,Parents' House in Munich
trip_a72e76631766_00138,a72e7663-1766-42f4-ac36-031002376056,2026-03-21T18:30:00,2026-03-21T23:10:00,saturday,return_home,regional_train,walking|regional_train|walking,576.0,280,49.0,day_ticket,False,False,planned,"Return trip home after weekend family visit, using the same sustainable mode.",12,2026-03-19T00:00:00,2026-03-25T23:59:59,Munich,family_visit,Parents' House in Munich,Köln,home,Lena's Apartment
trip_a72e76631766_00139,a72e7663-1766-42f4-ac36-031002376056,2026-03-22T10:00:00,2026-03-22T10:12:00,sunday,leisure,bike,bike,3.0,12,0.0,none,False,False,planned,Morning bike ride to fitness aligns with her active lifestyle and sustainability focus.,12,2026-03-19T00:00:00,2026-03-25T23:59:59,Köln,home,Lena's Apartment,Köln,fitness,FitX Gym Cologne
trip_a72e76631766_00140,a72e7663-1766-42f4-ac36-031002376056,2026-03-22T12:30:00,2026-03-22T12:42:00,sunday,return_home,bike,bike,3.0,12,0.0,none,False,False,routine,"Bike back home after workout, keeping the trip carbon‑free.",12,2026-03-19T00:00:00,2026-03-25T23:59:59,Köln,fitness,FitX Gym Cologne,Köln,home,Lena's Apartment
trip_a72e76631766_00141,a72e7663-1766-42f4-ac36-031002376056,2026-03-22T14:30:00,2026-03-22T14:47:00,sunday,leisure,tram,walking|tram|walking,4.5,17,0.0,monthly_pass,False,False,spontaneous,"Afternoon cultural visit using tram, fitting her high leisure intensity and public‑transport preference.",12,2026-03-19T00:00:00,2026-03-25T23:59:59,Köln,home,Lena's Apartment,Köln,culture,Museum Ludwig
trip_a72e76631766_00142,a72e7663-1766-42f4-ac36-031002376056,2026-03-22T16:30:00,2026-03-22T16:35:00,sunday,return_home,walking,walking,0.5,5,0.0,none,False,False,routine,"Short walk home after cultural outing, keeping the evening low‑impact.",12,2026-03-19T00:00:00,2026-03-25T23:59:59,Köln,culture,Museum Ludwig,Köln,home,Lena's Apartment
trip_a72e76631766_00143,a72e7663-1766-42f4-ac36-031002376056,2026-03-23T08:00:00,2026-03-23T08:27:00,monday,commute,bike,walking|tram|bike,6.5,27,0.0,monthly_pass,True,True,routine,Morning commute using preferred tram‑bike combo.,12,2026-03-19T00:00:00,2026-03-25T23:59:59,Köln,home,Lena's Apartment,Köln,work,FinTech Office MediaPark
trip_a72e76631766_00144,a72e7663-1766-42f4-ac36-031002376056,2026-03-23T16:30:00,2026-03-23T16:57:00,monday,return_home,bike,bike|tram|walking,6.5,27,0.0,monthly_pass,True,True,routine,Evening return mirroring the sustainable morning route.,12,2026-03-19T00:00:00,2026-03-25T23:59:59,Köln,work,FinTech Office MediaPark,Köln,home,Lena's Apartment
trip_a72e76631766_00145,a72e7663-1766-42f4-ac36-031002376056,2026-03-26T07:45:00,2026-03-26T08:30:00,thursday,commute,tram,walking|tram|bike,7.5,45,0.0,monthly_pass,True,True,routine,Uses tram and bike to reduce carbon footprint while commuting efficiently.,13,2026-03-26T00:00:00,2026-04-01T23:59:59,Köln,home,Apartment Südstadt,Köln,work,FinTech Office Ehrenfeld
trip_a72e76631766_00146,a72e7663-1766-42f4-ac36-031002376056,2026-03-26T17:45:00,2026-03-26T18:30:00,thursday,return_home,tram,bike|tram|walking,7.5,45,0.0,monthly_pass,True,True,routine,"Combines bike and tram for quick, eco‑friendly return home.",13,2026-03-26T00:00:00,2026-04-01T23:59:59,Köln,work,FinTech Office Ehrenfeld,Köln,home,Apartment Südstadt
trip_a72e76631766_00147,a72e7663-1766-42f4-ac36-031002376056,2026-03-28T08:00:00,2026-03-28T11:45:00,saturday,family,regional_train,walking|regional_train|walking,576.5,225,0.0,monthly_pass,False,False,planned,Weekend visit to parents in Munich using regional train covered by monthly pass.,13,2026-03-26T00:00:00,2026-04-01T23:59:59,Köln,home,Apartment Südstadt,München,family_visit,"Parents' house, Munich"
trip_a72e76631766_00148,a72e7663-1766-42f4-ac36-031002376056,2026-03-30T19:00:00,2026-03-30T20:30:00,wednesday,leisure,tram,walking|tram|walking,7.5,90,0.0,monthly_pass,False,False,spontaneous,Evening social outing using tram aligns with sustainability and active lifestyle.,13,2026-03-26T00:00:00,2026-04-01T23:59:59,Köln,work,FinTech Office Ehrenfeld,Köln,restaurant,Café Rico Altstadt
trip_a72e76631766_00149,a72e7663-1766-42f4-ac36-031002376056,2026-03-31T07:50:00,2026-03-31T08:35:00,tuesday,commute,tram,walking|tram|bike,7.5,45,0.0,monthly_pass,True,True,routine,Morning commute using tram and bike aligns with sustainability goals.,13,2026-03-26T00:00:00,2026-04-01T23:59:59,Köln,home,Apartment Südstadt,Köln,work,FinTech Office Ehrenfeld
trip_a72e76631766_00150,a72e7663-1766-42f4-ac36-031002376056,2026-03-31T17:40:00,2026-03-31T18:25:00,tuesday,return_home,tram,bike|tram|walking,7.5,45,0.0,monthly_pass,True,True,routine,Evening return using bike and tram keeps travel fast and eco‑friendly.,13,2026-03-26T00:00:00,2026-04-01T23:59:59,Köln,work,FinTech Office Ehrenfeld,Köln,home,Apartment Südstadt
trip_b1658e4125e8_00001,b1658e41-25e8-4815-bb88-4dd078ab731d,2026-01-01T08:00:00,2026-01-01T08:20:00,thursday,commute,bike,bike,5.0,20,0.0,subscription,True,False,planned,"Regular bike commute to the local office aligns with her preference for fast, sustainable travel.",1,2026-01-01T00:00:00,2026-01-07T23:59:59,Mainz,home,Home,Mainz,work,Mainz Office
trip_b1658e4125e8_00002,b1658e41-25e8-4815-bb88-4dd078ab731d,2026-01-01T19:30:00,2026-01-01T19:45:00,thursday,leisure,shared_bike,walking|shared_bike|walking,2.5,15,3.0,none,False,False,spontaneous,"Evening dinner with friends, using a shared bike for a quick, eco‑friendly trip.",1,2026-01-01T00:00:00,2026-01-07T23:59:59,Mainz,home,Home,Mainz,restaurant,Zum Goldenen Hirsch
trip_b1658e4125e8_00003,b1658e41-25e8-4815-bb88-4dd078ab731d,2026-01-02T07:30:00,2026-01-02T08:37:00,friday,work_related,regional_train,bike|regional_train|bike,87.0,67,0.0,subscription,True,False,planned,"Irregular client meeting in Frankfurt, using bike to station and regional train covered by her subscription.",1,2026-01-01T00:00:00,2026-01-07T23:59:59,Mainz,home,Home,Frankfurt,work,Frankfurt Consulting Office
trip_b1658e4125e8_00004,b1658e41-25e8-4815-bb88-4dd078ab731d,2026-01-02T18:00:00,2026-01-02T19:07:00,friday,commute,regional_train,bike|regional_train|bike,87.0,67,0.0,subscription,True,False,planned,"Return from Frankfurt client meeting, using bike and regional train covered by subscription.",1,2026-01-01T00:00:00,2026-01-07T23:59:59,Frankfurt,work,Frankfurt Consulting Office,Mainz,home,Home
trip_b1658e4125e8_00005,b1658e41-25e8-4815-bb88-4dd078ab731d,2026-01-03T10:00:00,2026-01-03T10:52:00,saturday,leisure,regional_train,bike|regional_train|walking,35.5,52,0.0,subscription,False,False,planned,"Weekend wine tasting, using bike to station and regional train covered by subscription.",1,2026-01-01T00:00:00,2026-01-07T23:59:59,Mainz,home,Home,Bingen,restaurant,Weingut Bingen
trip_b1658e4125e8_00006,b1658e41-25e8-4815-bb88-4dd078ab731d,2026-01-03T16:00:00,2026-01-03T16:52:00,saturday,leisure,regional_train,walking|regional_train|bike,35.5,52,0.0,subscription,False,False,spontaneous,"Return from wine tasting, using the same sustainable transport chain.",1,2026-01-01T00:00:00,2026-01-07T23:59:59,Bingen,restaurant,Weingut Bingen,Mainz,home,Home
trip_b1658e4125e8_00007,b1658e41-25e8-4815-bb88-4dd078ab731d,2026-01-03T20:00:00,2026-01-03T20:20:00,saturday,leisure,tram,tram|walking,3.3,20,0.0,subscription,False,False,spontaneous,"Night out with friends, using tram covered by her subscription.",1,2026-01-01T00:00:00,2026-01-07T23:59:59,Mainz,home,Home,Mainz,cafe,Bar Central
trip_b1658e4125e8_00008,b1658e41-25e8-4815-bb88-4dd078ab731d,2026-01-04T11:00:00,2026-01-04T11:10:00,sunday,leisure,walking,walking,0.8,10,0.0,none,False,False,spontaneous,"Morning workout, walking to the nearby fitness studio.",1,2026-01-01T00:00:00,2026-01-07T23:59:59,Mainz,home,Home,Mainz,fitness,FitX Mainz
trip_b1658e4125e8_00009,b1658e41-25e8-4815-bb88-4dd078ab731d,2026-01-04T14:00:00,2026-01-04T14:10:00,sunday,return_home,walking,walking,0.8,10,0.0,none,False,False,spontaneous,Return home after workout.,1,2026-01-01T00:00:00,2026-01-07T23:59:59,Mainz,fitness,FitX Mainz,Mainz,home,Home
trip_b1658e4125e8_00010,b1658e41-25e8-4815-bb88-4dd078ab731d,2026-01-05T08:30:00,2026-01-05T08:50:00,monday,commute,bike,bike,5.0,20,0.0,subscription,True,True,planned,Regular weekday bike commute to the local office.,1,2026-01-01T00:00:00,2026-01-07T23:59:59,Mainz,home,Home,Mainz,work,Mainz Office
trip_b1658e4125e8_00011,b1658e41-25e8-4815-bb88-4dd078ab731d,2026-01-06T09:00:00,2026-01-06T11:22:00,tuesday,work_related,regional_train,bike|regional_train|shared_bike,307.0,142,3.0,subscription,True,False,planned,"Client meeting in Düsseldorf, using bike to main station, ICE covered by subscription, and a shared bike for the last kilometre.",1,2026-01-01T00:00:00,2026-01-07T23:59:59,Mainz,home,Home,Düsseldorf,work,Düsseldorf Office
trip_b1658e4125e8_00012,b1658e41-25e8-4815-bb88-4dd078ab731d,2026-01-06T18:30:00,2026-01-06T20:52:00,tuesday,commute,regional_train,shared_bike|regional_train|bike,307.0,142,3.0,subscription,True,False,planned,"Return from Düsseldorf meeting, using shared bike to station, ICE covered by subscription, and bike home.",1,2026-01-01T00:00:00,2026-01-07T23:59:59,Düsseldorf,work,Düsseldorf Office,Mainz,home,Home
trip_b1658e4125e8_00013,b1658e41-25e8-4815-bb88-4dd078ab731d,2026-01-08T07:45:00,2026-01-08T08:10:00,thursday,commute,public_transport,walking|tram|walking,5.7,25,0.0,subscription,True,False,planned,"Uses public transport and walking for a reliable hybrid commute, matching her high public‑transport affinity.",2,2026-01-08T00:00:00,2026-01-14T23:59:59,Mainz,home,Sophie’s apartment,Mainz,work,Consulting office
trip_b1658e4125e8_00014,b1658e41-25e8-4815-bb88-4dd078ab731d,2026-01-08T19:00:00,2026-01-08T19:20:00,thursday,leisure,bike,bike|bike,5.5,20,0.0,none,False,False,spontaneous,"Evening dinner with friends, using her own bike for quick, eco‑friendly travel.",2,2026-01-08T00:00:00,2026-01-14T23:59:59,Mainz,work,Consulting office,Mainz,home,Sophie’s apartment
trip_b1658e4125e8_00015,b1658e41-25e8-4815-bb88-4dd078ab731d,2026-01-09T06:30:00,2026-01-09T11:00:00,friday,work_related,regional_train,walking|regional_train|regional_train|bike,383.3,270,0.0,subscription,True,False,planned,"Long‑distance train to Munich for a client meeting, using bike for the last kilometre as she prefers fast, reliable travel.",2,2026-01-08T00:00:00,2026-01-14T23:59:59,Mainz,home,Sophie’s apartment,Munich,work,Client meeting hotel
trip_b1658e4125e8_00016,b1658e41-25e8-4815-bb88-4dd078ab731d,2026-01-09T18:30:00,2026-01-09T23:00:00,friday,work_related,regional_train,bike|regional_train|regional_train|walking,383.3,270,0.0,subscription,True,False,planned,"Return from Munich using the same fast train‑bike combination, keeping travel reliable and cost‑effective.",2,2026-01-08T00:00:00,2026-01-14T23:59:59,Munich,work,Hotel,Mainz,home,Sophie’s apartment
trip_b1658e4125e8_00017,b1658e41-25e8-4815-bb88-4dd078ab731d,2026-01-10T10:00:00,2026-01-10T11:02:00,saturday,leisure,regional_train,walking|regional_train|bike,74.3,62,0.0,subscription,False,False,planned,"Weekend wine tasting reachable by regional train and bike, matching her high leisure intensity and bike ownership.",2,2026-01-08T00:00:00,2026-01-14T23:59:59,Mainz,home,Sophie’s apartment,Bingen,leisure,Vineyard tasting
trip_b1658e4125e8_00018,b1658e41-25e8-4815-bb88-4dd078ab731d,2026-01-10T16:00:00,2026-01-10T17:02:00,saturday,return_home,regional_train,bike|regional_train|walking,74.3,62,0.0,subscription,False,False,spontaneous,"Return from the vineyard using bike and train, keeping travel light and sustainable.",2,2026-01-08T00:00:00,2026-01-14T23:59:59,Bingen,leisure,Vineyard tasting,Mainz,home,Sophie’s apartment
trip_b1658e4125e8_00019,b1658e41-25e8-4815-bb88-4dd078ab731d,2026-01-11T09:30:00,2026-01-11T09:40:00,sunday,leisure,bike,bike,3.0,10,0.0,none,False,False,spontaneous,"Morning workout, using her bike for a quick trip to the gym.",2,2026-01-08T00:00:00,2026-01-14T23:59:59,Mainz,home,Sophie’s apartment,Mainz,fitness,Local gym
trip_b1658e4125e8_00020,b1658e41-25e8-4815-bb88-4dd078ab731d,2026-01-11T11:30:00,2026-01-11T11:35:00,sunday,return_home,walking,walking,0.4,5,0.0,none,False,False,spontaneous,"Walk home after the workout, keeping the trip low‑impact.",2,2026-01-08T00:00:00,2026-01-14T23:59:59,Mainz,fitness,Local gym,Mainz,home,Sophie’s apartment
trip_b1658e4125e8_00021,b1658e41-25e8-4815-bb88-4dd078ab731d,2026-01-12T08:15:00,2026-01-12T08:45:00,monday,commute,bus,walking|bus|walking,6.6,30,0.0,subscription,True,False,planned,"Hybrid work day at a nearby coworking space, using bus and short walks, fitting her public‑transport preference.",2,2026-01-08T00:00:00,2026-01-14T23:59:59,Mainz,home,Sophie’s apartment,Mainz,work,Coworking space
trip_b1658e4125e8_00022,b1658e41-25e8-4815-bb88-4dd078ab731d,2026-01-12T17:45:00,2026-01-12T18:15:00,monday,return_home,bus,walking|bus|walking,6.6,30,0.0,subscription,True,False,planned,"End of the coworking day, using the same bus route back home, consistent with her subscription and eco‑friendly habits.",2,2026-01-08T00:00:00,2026-01-14T23:59:59,Mainz,work,Coworking space,Mainz,home,Sophie’s apartment
trip_b1658e4125e8_00023,b1658e41-25e8-4815-bb88-4dd078ab731d,2026-01-13T07:00:00,2026-01-13T13:26:00,tuesday,work_related,regional_train,walking|regional_train|regional_train|bike|bike|regional_train|regional_train|walking,246.6,386,0.0,subscription,True,False,planned,"Day‑trip to Düsseldorf for a client meeting, using fast regional connections and bike for the last kilometre, aligning with her speed‑focused, subscription‑based travel style.",2,2026-01-08T00:00:00,2026-01-14T23:59:59,Mainz,home,Sophie’s apartment,Düsseldorf,work,Client office
trip_b1658e4125e8_00024,b1658e41-25e8-4815-bb88-4dd078ab731d,2026-01-14T20:30:00,2026-01-14T20:52:00,wednesday,leisure,tram,walking|tram|walking,3.7,22,0.0,subscription,False,False,spontaneous,"Night out with friends, using tram and short walks, reflecting her frequent evening activity and public‑transport preference.",2,2026-01-08T00:00:00,2026-01-14T23:59:59,Mainz,home,Sophie’s apartment,Mainz,cafe,Evening bar
trip_b1658e4125e8_00025,b1658e41-25e8-4815-bb88-4dd078ab731d,2026-01-15T08:00:00,2026-01-15T08:20:00,thursday,commute,bike,bike,3.0,20,0.0,none,True,True,planned,"Regular office commute; bike fits her preference for fast, low‑impact travel.",3,2026-01-15T00:00:00,2026-01-21T23:59:59,Mainz,home,Home (Mainz),Mainz,work,Mainz Office
trip_b1658e4125e8_00026,b1658e41-25e8-4815-bb88-4dd078ab731d,2026-01-15T19:00:00,2026-01-15T19:45:00,thursday,leisure,tram,tram|walking,2.5,45,0.0,subscription,False,False,spontaneous,"Evening dinner with friends; uses tram and short walk, fitting her public‑transport habit.",3,2026-01-15T00:00:00,2026-01-21T23:59:59,Mainz,work,Mainz Office,Mainz,restaurant,Rheingold Restaurant
trip_b1658e4125e8_00027,b1658e41-25e8-4815-bb88-4dd078ab731d,2026-01-16T07:30:00,2026-01-16T09:00:00,friday,work_related,regional_train,regional_train|bike,82.0,90,0.0,subscription,True,True,planned,Client meeting in Frankfurt; fast regional train plus bike for last‑kilometre aligns with speed priority.,3,2026-01-15T00:00:00,2026-01-21T23:59:59,Mainz,home,Home (Mainz),Frankfurt,work,Frankfurt Office
trip_b1658e4125e8_00028,b1658e41-25e8-4815-bb88-4dd078ab731d,2026-01-16T18:00:00,2026-01-16T19:30:00,friday,return_home,regional_train,bike|regional_train,82.0,90,0.0,subscription,False,False,spontaneous,"After client work, returns home using the same fast train‑bike combo.",3,2026-01-15T00:00:00,2026-01-21T23:59:59,Frankfurt,work,Frankfurt Office,Mainz,home,Home (Mainz)
trip_b1658e4125e8_00029,b1658e41-25e8-4815-bb88-4dd078ab731d,2026-01-17T10:00:00,2026-01-17T13:45:00,saturday,leisure,regional_train,regional_train|shared_bike,350.5,225,0.0,subscription,False,False,planned,Weekend trip to Munich; uses long‑distance train and shared bike for flexibility.,3,2026-01-15T00:00:00,2026-01-21T23:59:59,Mainz,home,Home (Mainz),Munich,other,Munich Hotel
trip_b1658e4125e8_00030,b1658e41-25e8-4815-bb88-4dd078ab731d,2026-01-17T19:00:00,2026-01-17T19:25:00,saturday,leisure,bike,bike,5.0,25,0.0,none,False,False,spontaneous,Evening sports session; bike is quick and fits her active lifestyle.,3,2026-01-15T00:00:00,2026-01-21T23:59:59,Munich,other,Munich Hotel,Munich,fitness,Munich Sports Center
trip_b1658e4125e8_00031,b1658e41-25e8-4815-bb88-4dd078ab731d,2026-01-18T09:00:00,2026-01-18T09:35:00,sunday,leisure,bike,bike,8.0,35,0.0,none,False,False,spontaneous,"Morning bike ride to explore the park, matching high leisure intensity.",3,2026-01-15T00:00:00,2026-01-21T23:59:59,Munich,fitness,Munich Sports Center,Munich,park,English Garden
trip_b1658e4125e8_00032,b1658e41-25e8-4815-bb88-4dd078ab731d,2026-01-18T14:00:00,2026-01-18T17:30:00,sunday,return_home,regional_train,regional_train,350.0,210,0.0,subscription,False,False,spontaneous,Return to Mainz after weekend; uses long‑distance train covered by subscription.,3,2026-01-15T00:00:00,2026-01-21T23:59:59,Munich,park,English Garden,Mainz,home,Home (Mainz)
trip_b1658e4125e8_00033,b1658e41-25e8-4815-bb88-4dd078ab731d,2026-01-19T08:15:00,2026-01-19T08:35:00,monday,commute,bike,walking|bike,3.5,20,0.0,none,True,True,planned,Hybrid work day; bike plus short walk to coworking space.,3,2026-01-15T00:00:00,2026-01-21T23:59:59,Mainz,home,Home (Mainz),Mainz,work,Mainz Cowork
trip_b1658e4125e8_00034,b1658e41-25e8-4815-bb88-4dd078ab731d,2026-01-19T18:30:00,2026-01-19T19:30:00,monday,leisure,tram,tram|walking,2.3,60,0.0,subscription,False,False,spontaneous,"Evening catch‑up with friends; uses tram and short walk, matching high evening activity frequency.",3,2026-01-15T00:00:00,2026-01-21T23:59:59,Mainz,work,Mainz Cowork,Mainz,cafe,Cafe Central
trip_b1658e4125e8_00035,b1658e41-25e8-4815-bb88-4dd078ab731d,2026-01-21T07:45:00,2026-01-21T09:30:00,wednesday,work_related,regional_train,regional_train|bike,122.0,105,0.0,subscription,True,True,planned,Client meeting in Düsseldorf; fast regional train plus bike for last‑kilometre aligns with speed priority.,3,2026-01-15T00:00:00,2026-01-21T23:59:59,Mainz,home,Home (Mainz),Düsseldorf,work,Düsseldorf Office
trip_b1658e4125e8_00036,b1658e41-25e8-4815-bb88-4dd078ab731d,2026-01-21T17:30:00,2026-01-21T19:25:00,wednesday,return_home,regional_train,car_sharing|regional_train|bike,127.0,115,8.0,subscription,False,False,spontaneous,"Time‑critical return; uses car‑sharing to reach station quickly, then train and bike home.",3,2026-01-15T00:00:00,2026-01-21T23:59:59,Düsseldorf,work,Düsseldorf Office,Mainz,home,Home (Mainz)
trip_b1658e4125e8_00037,b1658e41-25e8-4815-bb88-4dd078ab731d,2026-01-22T07:30:00,2026-01-22T08:00:00,thursday,commute,bike,bike,5.0,30,0.0,none,True,False,planned,"Regular short bike commute to the office aligns with Sophie's bike ownership and preference for active, low‑cost travel.",4,2026-01-22T00:00:00,2026-01-28T23:59:59,Mainz,home,Home (Mainz),Mainz,work,Consulting Office
trip_b1658e4125e8_00038,b1658e41-25e8-4815-bb88-4dd078ab731d,2026-01-22T18:30:00,2026-01-22T19:05:00,thursday,leisure,public_transport,walking|tram|shared_bike,6.0,35,0.0,subscription,False,False,spontaneous,"Evening dinner uses public transport and a shared bike, matching Sophie's high PT affinity and desire to avoid car use.",4,2026-01-22T00:00:00,2026-01-28T23:59:59,Mainz,work,Consulting Office,Mainz,restaurant,Rheingold Restaurant
trip_b1658e4125e8_00039,b1658e41-25e8-4815-bb88-4dd078ab731d,2026-01-23T07:45:00,2026-01-23T08:12:00,friday,commute,regional_train,walking|regional_train,12.6,27,0.0,subscription,True,False,planned,"Uses a regional train for a quick office commute, fitting Sophie's preference for fast, reliable PT.",4,2026-01-22T00:00:00,2026-01-28T23:59:59,Mainz,home,Home (Mainz),Mainz,work,Consulting Office
trip_b1658e4125e8_00040,b1658e41-25e8-4815-bb88-4dd078ab731d,2026-01-23T19:00:00,2026-01-23T19:45:00,friday,leisure,regional_train,walking|regional_train|walking,26.3,45,0.0,subscription,False,False,spontaneous,"Evening outing to Wiesbaden uses regional train, matching Sophie's high PT affinity and desire for social activities.",4,2026-01-22T00:00:00,2026-01-28T23:59:59,Mainz,work,Consulting Office,Wiesbaden,restaurant,Bar am Marktplatz
trip_b1658e4125e8_00041,b1658e41-25e8-4815-bb88-4dd078ab731d,2026-01-24T10:00:00,2026-01-24T11:12:00,saturday,leisure,regional_train,walking|regional_train|walking,181.1,72,0.0,subscription,False,False,planned,Weekend cultural trip to Cologne uses ICE (long‑distance train) covered by Sophie's flexible subscription.,4,2026-01-22T00:00:00,2026-01-28T23:59:59,Mainz,home,Home (Mainz),Cologne,culture,Museum Ludwig
trip_b1658e4125e8_00042,b1658e41-25e8-4815-bb88-4dd078ab731d,2026-01-24T15:30:00,2026-01-24T16:42:00,saturday,return_home,regional_train,walking|regional_train|walking,181.1,72,0.0,subscription,False,False,planned,"Return from weekend trip, using the same ICE service covered by subscription.",4,2026-01-22T00:00:00,2026-01-28T23:59:59,Cologne,culture,Museum Ludwig,Mainz,home,Home (Mainz)
trip_b1658e4125e8_00043,b1658e41-25e8-4815-bb88-4dd078ab731d,2026-01-25T09:00:00,2026-01-25T09:45:00,sunday,leisure,bike,bike,4.0,45,0.0,none,False,False,spontaneous,Morning bike ride to the park reflects Sophie's active lifestyle and bike ownership.,4,2026-01-22T00:00:00,2026-01-28T23:59:59,Mainz,home,Home (Mainz),Mainz,park,Rheinuferpark
trip_b1658e4125e8_00044,b1658e41-25e8-4815-bb88-4dd078ab731d,2026-01-25T12:30:00,2026-01-25T12:45:00,sunday,family,walking,walking,1.0,15,0.0,none,False,False,spontaneous,"Lunch with family at a nearby café, a short walk fitting Sophie's preference for low‑impact travel.",4,2026-01-22T00:00:00,2026-01-28T23:59:59,Mainz,home,Home (Mainz),Mainz,cafe,Café Central
trip_b1658e4125e8_00045,b1658e41-25e8-4815-bb88-4dd078ab731d,2026-01-26T06:30:00,2026-01-26T09:44:00,monday,work_related,regional_train,walking|regional_train|walking,401.4,194,0.0,subscription,False,False,planned,"Project travel to Munich uses long‑distance ICE covered by Sophie's flexible subscription, matching her need for speed and reliability.",4,2026-01-22T00:00:00,2026-01-28T23:59:59,Mainz,home,Home (Mainz),Munich,other,Hotel München
trip_b1658e4125e8_00046,b1658e41-25e8-4815-bb88-4dd078ab731d,2026-01-27T08:00:00,2026-01-27T09:00:00,tuesday,work_related,car_sharing,walking|car_sharing|walking,80.6,60,15.0,none,False,False,planned,"Time‑critical meeting in Frankfurt uses car sharing, fitting Sophie's occasional need for fast door‑to‑door travel.",4,2026-01-22T00:00:00,2026-01-28T23:59:59,Mainz,home,Home (Mainz),Frankfurt,work,Frankfurt Client Office
trip_b1658e4125e8_00047,b1658e41-25e8-4815-bb88-4dd078ab731d,2026-01-27T19:30:00,2026-01-27T19:50:00,tuesday,leisure,shared_bike,walking|shared_bike,3.0,20,2.0,none,False,False,spontaneous,"Evening dinner with friends uses a shared bike, aligning with Sophie's preference for flexible, low‑impact mobility.",4,2026-01-22T00:00:00,2026-01-28T23:59:59,Mainz,home,Home (Mainz),Mainz,restaurant,Rheingold Restaurant
trip_b1658e4125e8_00048,b1658e41-25e8-4815-bb88-4dd078ab731d,2026-01-28T17:00:00,2026-01-28T20:14:00,wednesday,return_home,regional_train,walking|regional_train|walking,401.4,194,0.0,subscription,False,False,planned,"Return from the Munich project, using the same ICE service covered by her subscription.",4,2026-01-22T00:00:00,2026-01-28T23:59:59,Munich,other,Hotel München,Mainz,home,Home (Mainz)
trip_b1658e4125e8_00049,b1658e41-25e8-4815-bb88-4dd078ab731d,2026-01-29T07:30:00,2026-01-29T08:00:00,thursday,commute,bike,bike,5.0,30,0.0,none,True,False,planned,"Quick bike commute to office aligns with her preference for fast, sustainable travel.",5,2026-01-29T00:00:00,2026-02-04T23:59:59,Mainz,home,Home,Mainz,work,Office Mainz
trip_b1658e4125e8_00050,b1658e41-25e8-4815-bb88-4dd078ab731d,2026-01-29T19:00:00,2026-01-29T20:15:00,thursday,leisure,tram,walking|tram|walking,3.0,75,0.0,subscription,False,False,spontaneous,"Uses tram and walking to reach a restaurant, matching her high public‑transport affinity and evening leisure habit.",5,2026-01-29T00:00:00,2026-02-04T23:59:59,Mainz,home,Home,Mainz,restaurant,Zum Goldenen Löwen
trip_b1658e4125e8_00051,b1658e41-25e8-4815-bb88-4dd078ab731d,2026-01-30T06:45:00,2026-01-30T09:30:00,friday,work_related,regional_train,walking|regional_train|bike,120.6,165,0.0,subscription,True,False,planned,"Regional train plus bike for a client meeting in Frankfurt, reflecting her reliance on trains and last‑kilometre cycling.",5,2026-01-29T00:00:00,2026-02-04T23:59:59,Mainz,home,Home,Frankfurt,work,Client Office Frankfurt
trip_b1658e4125e8_00052,b1658e41-25e8-4815-bb88-4dd078ab731d,2026-01-30T18:00:00,2026-01-30T20:45:00,friday,return_home,regional_train,bike|regional_train|walking,120.6,165,0.0,subscription,True,False,planned,"Return home via regional train and bike, consistent with her sustainable commute preferences.",5,2026-01-29T00:00:00,2026-02-04T23:59:59,Frankfurt,work,Client Office Frankfurt,Mainz,home,Home
trip_b1658e4125e8_00053,b1658e41-25e8-4815-bb88-4dd078ab731d,2026-01-31T09:15:00,2026-01-31T12:30:00,saturday,leisure,long_distance_train,walking|long_distance_train|shared_bike,181.3,195,0.0,subscription,False,False,planned,"Weekend long‑distance train to Cologne with shared bike, fitting her frequent inter‑city travel for social visits.",5,2026-01-29T00:00:00,2026-02-04T23:59:59,Mainz,home,Home,Cologne,friends_visits,Friend's Apartment
trip_b1658e4125e8_00054,b1658e41-25e8-4815-bb88-4dd078ab731d,2026-01-31T22:00:00,2026-02-01T01:30:00,saturday,return_home,long_distance_train,shared_bike|long_distance_train|walking,181.3,210,0.0,subscription,False,False,spontaneous,"Late‑night ICE back to Mainz, using subscription, aligns with her flexible travel schedule after evening activities.",5,2026-01-29T00:00:00,2026-02-04T23:59:59,Cologne,friends_visits,Friend's Apartment,Mainz,home,Home
trip_b1658e4125e8_00055,b1658e41-25e8-4815-bb88-4dd078ab731d,2026-02-01T10:00:00,2026-02-01T11:30:00,sunday,leisure,walking,walking,2.0,90,0.0,none,False,False,spontaneous,Morning walk in the city park reflects her high leisure intensity and love for outdoor activities.,5,2026-01-29T00:00:00,2026-02-04T23:59:59,Mainz,home,Home,Mainz,park,Stadtpark
trip_b1658e4125e8_00056,b1658e41-25e8-4815-bb88-4dd078ab731d,2026-02-02T08:30:00,2026-02-02T09:00:00,monday,leisure,walking,walking,1.0,30,0.0,none,False,False,spontaneous,"Quick walk to a local café for a morning coffee, matching her habit of using active modes for short errands.",5,2026-01-29T00:00:00,2026-02-04T23:59:59,Mainz,home,Home,Mainz,cafe,Café Central
trip_b1658e4125e8_00057,b1658e41-25e8-4815-bb88-4dd078ab731d,2026-02-03T07:15:00,2026-02-03T10:45:00,tuesday,work_related,long_distance_train,walking|long_distance_train|bike,205.5,210,0.0,subscription,True,False,planned,"Long‑distance train to Düsseldorf with bike for a client meeting, showcasing her reliance on trains and cycling for last‑kilometre.",5,2026-01-29T00:00:00,2026-02-04T23:59:59,Mainz,home,Home,Düsseldorf,work,Client Office Düsseldorf
trip_b1658e4125e8_00058,b1658e41-25e8-4815-bb88-4dd078ab731d,2026-02-03T19:00:00,2026-02-03T22:30:00,tuesday,return_home,long_distance_train,bike|long_distance_train|walking,205.5,210,0.0,subscription,False,False,planned,"Evening return by ICE and bike, using subscription, fits her need for reliable fast travel after work.",5,2026-01-29T00:00:00,2026-02-04T23:59:59,Düsseldorf,work,Client Office Düsseldorf,Mainz,home,Home
trip_b1658e4125e8_00059,b1658e41-25e8-4815-bb88-4dd078ab731d,2026-02-04T18:30:00,2026-02-04T20:00:00,wednesday,leisure,bike,bike,4.0,90,0.0,none,False,False,planned,Bike ride to fitness studio aligns with her active lifestyle and preference for sustainable transport.,5,2026-01-29T00:00:00,2026-02-04T23:59:59,Mainz,home,Home,Mainz,fitness,FitX Gym
trip_b1658e4125e8_00060,b1658e41-25e8-4815-bb88-4dd078ab731d,2026-02-04T20:30:00,2026-02-04T22:15:00,wednesday,leisure,tram,walking|tram|walking,3.0,105,0.0,subscription,False,False,spontaneous,"Tram and walking to cinema for night out, matching her frequent nightlife activities and public‑transport use.",5,2026-01-29T00:00:00,2026-02-04T23:59:59,Mainz,home,Home,Mainz,cinema,CineStar
trip_b1658e4125e8_00061,b1658e41-25e8-4815-bb88-4dd078ab731d,2026-02-06T07:30:00,2026-02-06T07:50:00,friday,commute,bike,bike,5.0,20,0.0,none,True,True,planned,"Uses her own bike for a quick, eco‑friendly daily commute to the office.",6,2026-02-05T00:00:00,2026-02-11T23:59:59,Mainz,home,Home,Mainz,work,Mainz Office
trip_b1658e4125e8_00062,b1658e41-25e8-4815-bb88-4dd078ab731d,2026-02-06T18:00:00,2026-02-06T18:40:00,friday,leisure,public_transport,walking|tram|walking,3.7,40,0.0,subscription,False,False,spontaneous,"Evening dinner after work, uses public transport and short walks, covered by her subscription.",6,2026-02-05T00:00:00,2026-02-11T23:59:59,Mainz,work,Mainz Office,Mainz,restaurant,Zum Goldenen Löwen
trip_b1658e4125e8_00063,b1658e41-25e8-4815-bb88-4dd078ab731d,2026-02-07T07:45:00,2026-02-07T10:30:00,saturday,work_related,regional_train,walking|regional_train|shared_bike,352.5,165,30.0,day_ticket,True,False,planned,Project meeting in Munich; fast ICE train plus shared bike for last kilometre.,6,2026-02-05T00:00:00,2026-02-11T23:59:59,Mainz,home,Home,Munich,work,Munich CoWork
trip_b1658e4125e8_00064,b1658e41-25e8-4815-bb88-4dd078ab731d,2026-02-07T18:45:00,2026-02-07T18:55:00,saturday,leisure,shared_bike,shared_bike|walking,1.3,10,0.0,none,False,False,spontaneous,"Evening dinner after a day of meetings, uses a shared bike for quick mobility.",6,2026-02-05T00:00:00,2026-02-11T23:59:59,Munich,work,Munich CoWork,Munich,restaurant,Bavarian Bistro
trip_b1658e4125e8_00065,b1658e41-25e8-4815-bb88-4dd078ab731d,2026-02-08T10:00:00,2026-02-08T13:10:00,sunday,leisure,regional_train,walking|regional_train|walking,350.9,190,30.0,day_ticket,False,False,planned,"Weekend visit to a friend in Düsseldorf, uses ICE train and short walks.",6,2026-02-05T00:00:00,2026-02-11T23:59:59,Munich,other,Munich Hbf,Düsseldorf,other,Friend's flat
trip_b1658e4125e8_00066,b1658e41-25e8-4815-bb88-4dd078ab731d,2026-02-08T13:30:00,2026-02-08T13:38:00,sunday,leisure,walking,walking,0.6,8,0.0,none,False,False,spontaneous,"Casual lunch with the friend, short walk to a nearby café.",6,2026-02-05T00:00:00,2026-02-11T23:59:59,Düsseldorf,other,Friend's flat,Düsseldorf,restaurant,Düsseldorf Café
trip_b1658e4125e8_00067,b1658e41-25e8-4815-bb88-4dd078ab731d,2026-02-09T08:00:00,2026-02-09T11:10:00,monday,return_home,regional_train,walking|regional_train|walking,351.1,190,30.0,day_ticket,False,False,planned,"Return trip after weekend visit, uses ICE train and short walks.",6,2026-02-05T00:00:00,2026-02-11T23:59:59,Düsseldorf,other,Düsseldorf Hbf,Mainz,home,Home
trip_b1658e4125e8_00068,b1658e41-25e8-4815-bb88-4dd078ab731d,2026-02-09T12:30:00,2026-02-09T12:38:00,monday,leisure,bike,bike,2.0,8,0.0,none,False,False,spontaneous,"Midday coffee break, rides her bike to a nearby café.",6,2026-02-05T00:00:00,2026-02-11T23:59:59,Mainz,home,Home,Mainz,cafe,Café Central Mainz
trip_b1658e4125e8_00069,b1658e41-25e8-4815-bb88-4dd078ab731d,2026-02-09T18:00:00,2026-02-09T19:54:00,monday,leisure,bike,bike|bike,6.0,114,0.0,none,False,False,planned,Evening workout; uses her bike for both the trip to the gym and the return.,6,2026-02-05T00:00:00,2026-02-11T23:59:59,Mainz,home,Home,Mainz,fitness,FitX Mainz
trip_b1658e4125e8_00070,b1658e41-25e8-4815-bb88-4dd078ab731d,2026-02-10T07:30:00,2026-02-10T07:50:00,tuesday,commute,bike,bike,5.0,20,0.0,none,True,True,planned,Regular weekday bike commute to the office.,6,2026-02-05T00:00:00,2026-02-11T23:59:59,Mainz,home,Home,Mainz,work,Mainz Office
trip_b1658e4125e8_00071,b1658e41-25e8-4815-bb88-4dd078ab731d,2026-02-10T19:00:00,2026-02-10T19:10:00,tuesday,leisure,walking,walking,0.8,10,0.0,none,False,False,spontaneous,"Evening drinks with friends, short walk to the bar.",6,2026-02-05T00:00:00,2026-02-11T23:59:59,Mainz,home,Home,Mainz,restaurant,Bar Central
trip_b1658e4125e8_00072,b1658e41-25e8-4815-bb88-4dd078ab731d,2026-02-11T08:15:00,2026-02-11T08:35:00,wednesday,work_related,car_sharing,walking|car_sharing|walking,5.5,20,8.0,none,True,False,planned,"Time‑critical client meeting, uses on‑demand car sharing for speed.",6,2026-02-05T00:00:00,2026-02-11T23:59:59,Mainz,home,Home,Mainz,work,Client HQ Mainz
trip_b1658e4125e8_00073,b1658e41-25e8-4815-bb88-4dd078ab731d,2026-02-12T10:00:00,2026-02-12T10:30:00,saturday,leisure,bike,bike,5.0,30,0.0,none,False,False,spontaneous,Morning bike ride to the park matches Sophie's bike ownership and high leisure intensity.,7,2026-02-12T00:00:00,2026-02-18T23:59:59,Mainz,home,Home (Mainz),Mainz,park,Rheinufer Park
trip_b1658e4125e8_00074,b1658e41-25e8-4815-bb88-4dd078ab731d,2026-02-12T13:30:00,2026-02-12T14:00:00,saturday,leisure,public_transport,walking|tram|walking,4.6,30,0.0,subscription,False,False,planned,"Uses public transport to reach a popular lunch spot, aligning with her high PT affinity and subscription.",7,2026-02-12T00:00:00,2026-02-18T23:59:59,Mainz,home,Home (Mainz),Mainz,restaurant,Altstadt Restaurant
trip_b1658e4125e8_00075,b1658e41-25e8-4815-bb88-4dd078ab731d,2026-02-12T18:00:00,2026-02-12T18:25:00,saturday,leisure,shared_bike,walking|shared_bike|walking,4.6,25,2.0,none,False,False,spontaneous,"Evening social outing using a shared bike, fitting her preference for bike‑first last‑kilometre solutions.",7,2026-02-12T00:00:00,2026-02-18T23:59:59,Mainz,home,Home (Mainz),Mainz,cafe,Bar am Dom
trip_b1658e4125e8_00076,b1658e41-25e8-4815-bb88-4dd078ab731d,2026-02-13T09:00:00,2026-02-13T10:00:00,sunday,family,regional_train,walking|regional_train|walking,71.3,60,0.0,subscription,False,False,planned,"Weekend family visit using regional train, leveraging her subscription and bike‑first approach for the first/last kilometre.",7,2026-02-12T00:00:00,2026-02-18T23:59:59,Mainz,home,Home (Mainz),Wiesbaden,family_visit,Family Home Wiesbaden
trip_b1658e4125e8_00077,b1658e41-25e8-4815-bb88-4dd078ab731d,2026-02-13T14:00:00,2026-02-13T15:00:00,sunday,family,regional_train,walking|regional_train|walking,71.3,60,0.0,subscription,False,False,planned,"Return from family visit, using the same efficient train‑plus‑walk combination.",7,2026-02-12T00:00:00,2026-02-18T23:59:59,Wiesbaden,family_visit,Family Home Wiesbaden,Mainz,home,Home (Mainz)
trip_b1658e4125e8_00078,b1658e41-25e8-4815-bb88-4dd078ab731d,2026-02-14T07:30:00,2026-02-14T07:55:00,monday,commute,public_transport,walking|tram|walking,3.6,25,0.0,subscription,True,True,routine,"Regular weekday commute using tram, fitting her subscription and high PT affinity.",7,2026-02-12T00:00:00,2026-02-18T23:59:59,Mainz,home,Home (Mainz),Mainz,work,Consulting Office Mainz
trip_b1658e4125e8_00079,b1658e41-25e8-4815-bb88-4dd078ab731d,2026-02-14T17:30:00,2026-02-14T17:55:00,monday,return_home,public_transport,walking|tram|walking,3.6,25,0.0,subscription,True,True,routine,"Evening return home via the same tram route, consistent with her commute routine.",7,2026-02-12T00:00:00,2026-02-18T23:59:59,Mainz,work,Consulting Office Mainz,Mainz,home,Home (Mainz)
trip_b1658e4125e8_00080,b1658e41-25e8-4815-bb88-4dd078ab731d,2026-02-15T06:30:00,2026-02-15T10:20:00,tuesday,work_related,regional_train,walking|regional_train|bike,355.5,230,0.0,subscription,False,False,planned,"Long‑distance travel to a project site in Munich, using ICE (treated as regional_train) and bike for the last kilometre, covered by her flexible subscription.",7,2026-02-12T00:00:00,2026-02-18T23:59:59,Mainz,home,Home (Mainz),Munich,other,Hotel Munich
trip_b1658e4125e8_00081,b1658e41-25e8-4815-bb88-4dd078ab731d,2026-02-15T18:00:00,2026-02-15T18:20:00,tuesday,work_related,car_sharing,walking|car_sharing|walking,8.6,20,12.0,none,False,False,planned,"Time‑critical client meeting, using on‑demand car sharing for speed, aligning with her priority on reliability.",7,2026-02-12T00:00:00,2026-02-18T23:59:59,Munich,other,Hotel Munich,Munich,work,Client Office Munich
trip_b1658e4125e8_00082,b1658e41-25e8-4815-bb88-4dd078ab731d,2026-02-16T08:00:00,2026-02-16T11:50:00,wednesday,return_home,regional_train,bike|regional_train|walking,355.5,230,0.0,subscription,False,False,planned,"Return trip after project work, using bike to station and ICE back home, covered by her subscription.",7,2026-02-12T00:00:00,2026-02-18T23:59:59,Munich,other,Hotel Munich,Mainz,home,Home (Mainz)
trip_b1658e4125e8_00083,b1658e41-25e8-4815-bb88-4dd078ab731d,2026-02-17T19:00:00,2026-02-17T21:00:00,thursday,leisure,regional_train,walking|regional_train|regional_train|walking,126.3,120,0.0,subscription,False,False,spontaneous,"Nightlife outing in Düsseldorf, using a mix of regional and long‑distance trains, fitting her high leisure intensity and subscription usage.",7,2026-02-12T00:00:00,2026-02-18T23:59:59,Mainz,home,Home (Mainz),Düsseldorf,culture,Club Düsseldorf
trip_b1658e4125e8_00084,b1658e41-25e8-4815-bb88-4dd078ab731d,2026-02-18T18:30:00,2026-02-18T19:00:00,friday,leisure,public_transport,walking|tram|walking,3.6,30,0.0,subscription,False,False,spontaneous,"After‑work dinner using tram, matching her preference for public transport and evening social activities.",7,2026-02-12T00:00:00,2026-02-18T23:59:59,Mainz,work,Consulting Office Mainz,Mainz,restaurant,Riverside Restaurant
trip_b1658e4125e8_00085,b1658e41-25e8-4815-bb88-4dd078ab731d,2026-02-19T08:00:00,2026-02-19T08:20:00,saturday,leisure,bike,bike,5.0,20,0.0,none,False,False,spontaneous,"Starts weekend with an active bike ride to a nearby park, matching her high leisure intensity.",8,2026-02-19T00:00:00,2026-02-25T23:59:59,Mainz,home,Home,Mainz,park,Rheinhessen Park
trip_b1658e4125e8_00086,b1658e41-25e8-4815-bb88-4dd078ab731d,2026-02-19T10:30:00,2026-02-19T12:22:00,saturday,commute,regional_train,walking|regional_train|bike,118.4,112,0.0,subscription,True,False,planned,"Important client meeting in Düsseldorf, uses fast train and bike for the last kilometre, aligning with speed and reliability priorities.",8,2026-02-19T00:00:00,2026-02-25T23:59:59,Mainz,home,Home,Düsseldorf,work,Düsseldorf Office
trip_b1658e4125e8_00087,b1658e41-25e8-4815-bb88-4dd078ab731d,2026-02-20T09:15:00,2026-02-20T09:29:00,sunday,leisure,shared_bike,walking|shared_bike,3.2,14,0.0,none,False,False,spontaneous,"Weekend coffee with friends, uses shared bike for flexibility.",8,2026-02-19T00:00:00,2026-02-25T23:59:59,Mainz,home,Home,Mainz,cafe,Café Central
trip_b1658e4125e8_00088,b1658e41-25e8-4815-bb88-4dd078ab731d,2026-02-20T14:00:00,2026-02-20T14:38:00,sunday,leisure,regional_train,walking|regional_train|bike,32.2,38,0.0,subscription,False,False,planned,"Afternoon wine tasting trip, combines train and bike for efficient travel.",8,2026-02-19T00:00:00,2026-02-25T23:59:59,Mainz,home,Home,Bingen,other,Weinberg Winery
trip_b1658e4125e8_00089,b1658e41-25e8-4815-bb88-4dd078ab731d,2026-02-21T08:10:00,2026-02-21T08:25:00,monday,commute,tram,walking|tram,4.3,15,0.0,subscription,True,True,routine,"Regular office commute using tram, reflecting high public transport affinity.",8,2026-02-19T00:00:00,2026-02-25T23:59:59,Mainz,home,Home,Mainz,work,Mainz Office
trip_b1658e4125e8_00090,b1658e41-25e8-4815-bb88-4dd078ab731d,2026-02-21T18:30:00,2026-02-21T18:38:00,monday,leisure,bike,bike,2.0,8,0.0,none,False,False,spontaneous,"Evening workout after work, uses personal bike.",8,2026-02-19T00:00:00,2026-02-25T23:59:59,Mainz,work,Mainz Office,Mainz,fitness,FitX Gym
trip_b1658e4125e8_00091,b1658e41-25e8-4815-bb88-4dd078ab731d,2026-02-22T07:00:00,2026-02-22T10:52:00,tuesday,work_related,regional_train,walking|regional_train|shared_bike,354.4,232,0.0,subscription,True,False,planned,"Client meeting in Munich, uses long-distance train and shared bike for fast, reliable travel.",8,2026-02-19T00:00:00,2026-02-25T23:59:59,Mainz,home,Home,Munich,work,Munich Office
trip_b1658e4125e8_00092,b1658e41-25e8-4815-bb88-4dd078ab731d,2026-02-22T18:00:00,2026-02-22T21:52:00,tuesday,commute,regional_train,shared_bike|regional_train|walking,354.4,232,0.0,subscription,True,False,planned,"Return from Munich meeting, uses shared bike to station and train back home, matching speed and reliability focus.",8,2026-02-19T00:00:00,2026-02-25T23:59:59,Munich,work,Munich Office,Mainz,home,Home
trip_b1658e4125e8_00093,b1658e41-25e8-4815-bb88-4dd078ab731d,2026-02-23T08:45:00,2026-02-23T08:55:00,wednesday,work_related,bike,bike,3.0,10,0.0,none,True,False,spontaneous,Uses bike to reach coworking space for a flexible workday.,8,2026-02-19T00:00:00,2026-02-25T23:59:59,Mainz,home,Home,Mainz,other,Coworking Space
trip_b1658e4125e8_00094,b1658e41-25e8-4815-bb88-4dd078ab731d,2026-02-23T19:30:00,2026-02-23T19:45:00,wednesday,leisure,tram,walking|tram|walking,3.5,15,0.0,subscription,False,False,spontaneous,"Evening dinner with friends, uses tram for quick city travel.",8,2026-02-19T00:00:00,2026-02-25T23:59:59,Mainz,work,Mainz Office,Mainz,restaurant,Restaurant Zum Löwen
trip_b1658e4125e8_00095,b1658e41-25e8-4815-bb88-4dd078ab731d,2026-02-24T17:00:00,2026-02-24T17:20:00,thursday,leisure,tram,walking|tram|walking,3.5,20,0.0,subscription,False,False,spontaneous,"Attends a sports event, uses tram for convenient city travel.",8,2026-02-19T00:00:00,2026-02-25T23:59:59,Mainz,home,Home,Mainz,other,Mainz Stadium
trip_b1658e4125e8_00096,b1658e41-25e8-4815-bb88-4dd078ab731d,2026-02-25T22:00:00,2026-02-25T22:15:00,friday,leisure,shared_bike,walking|shared_bike|walking,3.3,15,0.0,none,False,False,spontaneous,"Night out at a club, uses shared bike for quick, flexible travel.",8,2026-02-19T00:00:00,2026-02-25T23:59:59,Mainz,home,Home,Mainz,culture,Club Neon
trip_b1658e4125e8_00097,b1658e41-25e8-4815-bb88-4dd078ab731d,2026-02-26T07:30:00,2026-02-26T07:50:00,thursday,commute,bike,bike,5.0,20,0.0,subscription,True,True,routine,"Daily bike commute to the Mainz office aligns with her bike ownership and preference for fast, reliable travel.",9,2026-02-26T00:00:00,2026-03-04T23:59:59,Mainz,home,Sophie’s apartment,Mainz,work,Consulting office Mainz
trip_b1658e4125e8_00098,b1658e41-25e8-4815-bb88-4dd078ab731d,2026-02-26T19:00:00,2026-02-26T19:25:00,thursday,leisure,public_transport,walking|tram|walking,3.2,25,0.0,subscription,False,False,spontaneous,"Evening dinner after work, using tram and short walks, matches her high public‑transport affinity and preference for low‑cost travel.",9,2026-02-26T00:00:00,2026-03-04T23:59:59,Mainz,work,Consulting office Mainz,Mainz,restaurant,Rheinufer Bistro
trip_b1658e4125e8_00099,b1658e41-25e8-4815-bb88-4dd078ab731d,2026-02-27T08:30:00,2026-02-27T09:15:00,friday,work_related,regional_train,walking|regional_train|bike,35.4,45,0.0,subscription,False,False,planned,"Regional train to a client meeting, finished with a bike ride – aligns with her reliance on trains and bike for the last kilometre.",9,2026-02-26T00:00:00,2026-03-04T23:59:59,Mainz,home,Sophie’s apartment,Wiesbaden,work,Client office Wiesbaden
trip_b1658e4125e8_00100,b1658e41-25e8-4815-bb88-4dd078ab731d,2026-02-27T21:00:00,2026-02-27T21:25:00,friday,leisure,bus,walking|bus|walking,3.5,25,0.0,subscription,False,False,spontaneous,"Evening social outing after a client day, using a short bus ride and walks, fitting her high leisure frequency.",9,2026-02-26T00:00:00,2026-03-04T23:59:59,Wiesbaden,work,Client office Wiesbaden,Wiesbaden,cafe,Nightcap Bar
trip_b1658e4125e8_00101,b1658e41-25e8-4815-bb88-4dd078ab731d,2026-02-28T09:00:00,2026-02-28T10:30:00,saturday,leisure,long_distance_train,walking|long_distance_train|shared_bike,195.5,90,0.0,subscription,False,False,planned,"Weekend long‑distance train to visit friends, finishing with a shared bike – matches her flexible subscription and preference for fast, reliable travel.",9,2026-02-26T00:00:00,2026-03-04T23:59:59,Mainz,home,Sophie’s apartment,Cologne,friends_visits,Friend’s flat Cologne
trip_b1658e4125e8_00102,b1658e41-25e8-4815-bb88-4dd078ab731d,2026-02-28T20:00:00,2026-02-28T21:30:00,saturday,return_home,long_distance_train,walking|long_distance_train|walking,191.0,90,0.0,subscription,False,False,planned,"Return home after a weekend visit, using the same fast ICE service and short walks, fitting her subscription usage.",9,2026-02-26T00:00:00,2026-03-04T23:59:59,Cologne,friends_visits,Friend’s flat Cologne,Mainz,home,Sophie’s apartment
trip_b1658e4125e8_00103,b1658e41-25e8-4815-bb88-4dd078ab731d,2026-03-01T10:00:00,2026-03-01T10:25:00,sunday,leisure,bike,bike,6.0,25,0.0,none,False,False,spontaneous,"Morning bike ride to a nearby park for fitness, reflecting her high leisure intensity and bike ownership.",9,2026-02-26T00:00:00,2026-03-04T23:59:59,Mainz,home,Sophie’s apartment,Mainz,fitness,Rheingarten Fitness Park
trip_b1658e4125e8_00104,b1658e41-25e8-4815-bb88-4dd078ab731d,2026-03-01T18:00:00,2026-03-01T18:40:00,sunday,family,regional_train,walking|regional_train|walking,45.7,40,0.0,subscription,False,False,planned,"Evening visit to family in Bad Kreuznach, using regional train and short walks, matching her high family‑visit frequency.",9,2026-02-26T00:00:00,2026-03-04T23:59:59,Mainz,home,Sophie’s apartment,Bad Kreuznach,family_visit,Family house Bad Kreuznach
trip_b1658e4125e8_00105,b1658e41-25e8-4815-bb88-4dd078ab731d,2026-03-02T16:30:00,2026-03-02T16:50:00,monday,commute,tram,walking|tram,2.9,20,0.0,subscription,True,True,routine,"Afternoon office visit on a hybrid workday, using tram after a short walk, fitting her routine commute pattern.",9,2026-02-26T00:00:00,2026-03-04T23:59:59,Mainz,home,Sophie’s apartment,Mainz,work,Consulting office Mainz
trip_b1658e4125e8_00106,b1658e41-25e8-4815-bb88-4dd078ab731d,2026-03-03T07:00:00,2026-03-03T10:00:00,tuesday,work_related,long_distance_train,walking|long_distance_train|car_sharing,510.5,180,8.0,subscription,False,False,planned,"Business meeting in Düsseldorf, using fast ICE and a car‑sharing vehicle for the last kilometre, reflecting her need for speed and flexibility.",9,2026-02-26T00:00:00,2026-03-04T23:59:59,Mainz,home,Sophie’s apartment,Düsseldorf,work,Client office Düsseldorf
trip_b1658e4125e8_00107,b1658e41-25e8-4815-bb88-4dd078ab731d,2026-03-03T18:30:00,2026-03-03T21:30:00,tuesday,return_home,long_distance_train,car_sharing|long_distance_train|walking,510.5,180,8.0,subscription,False,False,planned,"Evening return from Düsseldorf, using car‑sharing back to the station and ICE home, matching her flexible travel style.",9,2026-02-26T00:00:00,2026-03-04T23:59:59,Düsseldorf,work,Client office Düsseldorf,Mainz,home,Sophie’s apartment
trip_b1658e4125e8_00108,b1658e41-25e8-4815-bb88-4dd078ab731d,2026-03-04T19:30:00,2026-03-04T19:55:00,wednesday,leisure,tram,walking|tram|walking,3.2,25,0.0,subscription,False,False,spontaneous,"Evening dinner after a remote workday, using tram and short walks, consistent with her high leisure activity frequency.",9,2026-02-26T00:00:00,2026-03-04T23:59:59,Mainz,home,Sophie’s apartment,Mainz,restaurant,Alte Mühle
trip_b1658e4125e8_00109,b1658e41-25e8-4815-bb88-4dd078ab731d,2026-03-05T08:10:00,2026-03-05T08:37:00,thursday,commute,regional_train,walking|regional_train|walking,1.7,27,0.0,subscription,True,False,planned,Irregular weekday commute using public transport aligns with Sophie's hybrid work pattern and high public‑transport affinity.,10,2026-03-05T00:00:00,2026-03-11T23:59:59,Mainz,home,Sophie’s apartment,Mainz,work,Consulting office
trip_b1658e4125e8_00110,b1658e41-25e8-4815-bb88-4dd078ab731d,2026-03-05T19:30:00,2026-03-05T19:38:00,thursday,leisure,bike,bike,2.0,8,0.0,none,False,False,spontaneous,"Evening dinner with friends, using her bike fits her preference for active, low‑cost travel.",10,2026-03-05T00:00:00,2026-03-11T23:59:59,Mainz,work,Consulting office,Mainz,restaurant,Rheingold Restaurant
trip_b1658e4125e8_00111,b1658e41-25e8-4815-bb88-4dd078ab731d,2026-03-06T18:00:00,2026-03-06T18:12:00,friday,leisure,bike,bike,3.0,12,0.0,none,False,False,planned,"After‑work workout, bike is her preferred mode for short trips to the gym.",10,2026-03-05T00:00:00,2026-03-11T23:59:59,Mainz,home,Sophie’s apartment,Mainz,fitness,FitX Gym
trip_b1658e4125e8_00112,b1658e41-25e8-4815-bb88-4dd078ab731d,2026-03-07T07:00:00,2026-03-07T10:25:00,saturday,work_related,long_distance_train,walking|regional_train|regional_train|shared_bike,451.6,205,0.0,subscription,False,False,planned,"Long‑distance business trip; uses regional and ICE trains with a shared bike for the last kilometre, matching her speed‑focused, flexible travel style.",10,2026-03-05T00:00:00,2026-03-11T23:59:59,Mainz,home,Sophie’s apartment,Düsseldorf,work,Client meeting
trip_b1658e4125e8_00113,b1658e41-25e8-4815-bb88-4dd078ab731d,2026-03-07T17:00:00,2026-03-07T20:28:00,saturday,return_home,long_distance_train,shared_bike|regional_train|regional_train|walking,451.6,208,0.0,subscription,False,False,planned,"Return from business trip; uses shared bike and long‑distance trains, fitting her preference for fast, reliable connections.",10,2026-03-05T00:00:00,2026-03-11T23:59:59,Düsseldorf,work,Meeting venue,Mainz,home,Sophie’s apartment
trip_b1658e4125e8_00114,b1658e41-25e8-4815-bb88-4dd078ab731d,2026-03-07T21:30:00,2026-03-07T22:00:00,saturday,leisure,tram,walking|tram|walking,4.5,30,0.0,subscription,False,False,spontaneous,"Late‑night cinema outing; uses tram and short walks, fitting her high leisure intensity and subscription ticket.",10,2026-03-05T00:00:00,2026-03-11T23:59:59,Mainz,home,Sophie’s apartment,Mainz,culture,Cinema Central
trip_b1658e4125e8_00115,b1658e41-25e8-4815-bb88-4dd078ab731d,2026-03-08T11:00:00,2026-03-08T11:12:00,sunday,leisure,walking,walking,1.0,12,0.0,none,False,False,spontaneous,"Sunday brunch, short walk aligns with her active lifestyle and leisure intensity.",10,2026-03-05T00:00:00,2026-03-11T23:59:59,Mainz,home,Sophie’s apartment,Mainz,restaurant,Café Central
trip_b1658e4125e8_00116,b1658e41-25e8-4815-bb88-4dd078ab731d,2026-03-09T05:30:00,2026-03-09T10:57:00,monday,work_related,long_distance_train,walking|regional_train|regional_train|bike,652.6,327,0.0,subscription,False,False,planned,"Early long‑distance trip to a client in Munich; uses fast ICE connections and a bike for the last kilometre, matching her speed‑focused priorities.",10,2026-03-05T00:00:00,2026-03-11T23:59:59,Mainz,home,Sophie’s apartment,Munich,work,Client office
trip_b1658e4125e8_00117,b1658e41-25e8-4815-bb88-4dd078ab731d,2026-03-09T17:00:00,2026-03-09T22:28:00,monday,return_home,long_distance_train,bike|regional_train|regional_train|walking,652.6,328,0.0,subscription,False,False,planned,"Return from Munich; combines bike and fast ICE connections, fitting her preference for reliable, time‑efficient travel.",10,2026-03-05T00:00:00,2026-03-11T23:59:59,Munich,work,Client office,Mainz,home,Sophie’s apartment
trip_b1658e4125e8_00118,b1658e41-25e8-4815-bb88-4dd078ab731d,2026-03-10T20:00:00,2026-03-10T20:06:00,tuesday,leisure,shared_bike,shared_bike,2.0,6,0.0,none,False,False,spontaneous,"Evening meet‑up with friends; uses a shared bike for a quick, eco‑friendly ride.",10,2026-03-05T00:00:00,2026-03-11T23:59:59,Mainz,home,Sophie’s apartment,Mainz,cafe,Bar Central
trip_b1658e4125e8_00119,b1658e41-25e8-4815-bb88-4dd078ab731d,2026-03-11T14:00:00,2026-03-11T14:27:00,wednesday,shopping,tram,walking|tram|walking,3.7,27,0.0,subscription,False,False,planned,Afternoon shopping trip using tram aligns with her high public‑transport affinity and subscription usage.,10,2026-03-05T00:00:00,2026-03-11T23:59:59,Mainz,home,Sophie’s apartment,Mainz,shopping,Mainz Shopping Center
trip_b1658e4125e8_00120,b1658e41-25e8-4815-bb88-4dd078ab731d,2026-03-11T18:00:00,2026-03-11T18:09:00,wednesday,leisure,bike,bike,2.5,9,0.0,none,False,False,planned,"Evening fitness class, bike ride matches her active lifestyle and bike ownership.",10,2026-03-05T00:00:00,2026-03-11T23:59:59,Mainz,home,Sophie’s apartment,Mainz,fitness,FitX Gym
trip_b1658e4125e8_00121,b1658e41-25e8-4815-bb88-4dd078ab731d,2026-03-12T08:30:00,2026-03-12T09:00:00,saturday,leisure,bike,bike,5.0,30,0.0,none,False,False,spontaneous,Morning jog using own bike aligns with Sophie’s bike ownership and high leisure intensity.,11,2026-03-12T00:00:00,2026-03-18T23:59:59,Mainz,home,Home,Mainz,park,Rheinufer Park
trip_b1658e4125e8_00122,b1658e41-25e8-4815-bb88-4dd078ab731d,2026-03-12T19:00:00,2026-03-12T20:00:00,saturday,leisure,shared_bike,walking|tram|shared_bike,7.4,60,0.0,subscription,False,False,spontaneous,Evening dinner reached via tram and a shared bike reflects Sophie’s preference for public transport and last‑kilometre bike use.,11,2026-03-12T00:00:00,2026-03-18T23:59:59,Mainz,home,Home,Mainz,restaurant,Zum Goldenen Stern
trip_b1658e4125e8_00123,b1658e41-25e8-4815-bb88-4dd078ab731d,2026-03-13T10:00:00,2026-03-13T11:30:00,sunday,family,regional_train,walking|regional_train|walking,31.0,90,0.0,subscription,False,False,planned,Weekend family visit using regional train fits Sophie’s high public‑transport affinity and subscription usage.,11,2026-03-12T00:00:00,2026-03-18T23:59:59,Mainz,home,Home,Wiesbaden,family_visit,Becker Family Home
trip_b1658e4125e8_00124,b1658e41-25e8-4815-bb88-4dd078ab731d,2026-03-13T18:00:00,2026-03-13T19:00:00,sunday,leisure,bike,bike,8.0,60,0.0,none,False,False,spontaneous,"Evening workout after family visit, using her own bike for a quick trip to the gym.",11,2026-03-12T00:00:00,2026-03-18T23:59:59,Mainz,home,Home,Mainz,fitness,FitX Gym
trip_b1658e4125e8_00125,b1658e41-25e8-4815-bb88-4dd078ab731d,2026-03-14T08:15:00,2026-03-14T08:55:00,monday,commute,tram,walking|tram|walking,5.6,40,0.0,subscription,True,True,routine,"Regular office day, using tram covered by her subscription and short walks at each end.",11,2026-03-12T00:00:00,2026-03-18T23:59:59,Mainz,home,Home,Mainz,work,Consulting Office
trip_b1658e4125e8_00126,b1658e41-25e8-4815-bb88-4dd078ab731d,2026-03-14T18:30:00,2026-03-14T19:30:00,monday,leisure,bike,bike,6.0,60,0.0,none,False,False,spontaneous,"After‑work workout, bike from office to gym matches her bike ownership and active lifestyle.",11,2026-03-12T00:00:00,2026-03-18T23:59:59,Mainz,work,Consulting Office,Mainz,fitness,FitX Gym
trip_b1658e4125e8_00127,b1658e41-25e8-4815-bb88-4dd078ab731d,2026-03-15T09:00:00,2026-03-15T11:20:00,tuesday,work_related,car_sharing,walking|car_sharing|walking,81.0,140,20.0,none,False,False,planned,"Time‑critical client meeting in Frankfurt, using car sharing for speed while still walking to/from the vehicle.",11,2026-03-12T00:00:00,2026-03-18T23:59:59,Mainz,home,Home,Frankfurt,work,Client Office
trip_b1658e4125e8_00128,b1658e41-25e8-4815-bb88-4dd078ab731d,2026-03-16T07:00:00,2026-03-16T12:00:00,wednesday,work_related,regional_train,walking|regional_train|walking,351.0,300,45.0,day_ticket,False,False,planned,"Half‑day project in Munich, using a long‑distance regional train and a day ticket for flexibility.",11,2026-03-12T00:00:00,2026-03-18T23:59:59,Mainz,home,Home,Munich,work,Munich Office
trip_b1658e4125e8_00129,b1658e41-25e8-4815-bb88-4dd078ab731d,2026-03-16T17:00:00,2026-03-16T22:00:00,wednesday,return_home,regional_train,walking|regional_train|walking,351.0,300,45.0,day_ticket,False,False,planned,"Return from Munich project, using the same long‑distance train and day ticket for a reliable journey home.",11,2026-03-12T00:00:00,2026-03-18T23:59:59,Munich,work,Munich Office,Mainz,home,Home
trip_b1658e4125e8_00130,b1658e41-25e8-4815-bb88-4dd078ab731d,2026-03-17T20:00:00,2026-03-17T20:25:00,thursday,leisure,shared_bike,walking|shared_bike|walking,2.8,25,0.0,subscription,False,False,spontaneous,"Evening catch‑up with friends, using a shared bike for the short trip aligns with her bike‑friendly habits.",11,2026-03-12T00:00:00,2026-03-18T23:59:59,Mainz,home,Home,Mainz,cafe,Café Central
trip_b1658e4125e8_00131,b1658e41-25e8-4815-bb88-4dd078ab731d,2026-03-18T08:20:00,2026-03-18T09:00:00,friday,commute,bus,walking|bus|walking,5.7,40,0.0,subscription,True,True,routine,"Friday office day, using bus covered by her subscription and short walks at each end.",11,2026-03-12T00:00:00,2026-03-18T23:59:59,Mainz,home,Home,Mainz,work,Consulting Office
trip_b1658e4125e8_00132,b1658e41-25e8-4815-bb88-4dd078ab731d,2026-03-18T21:30:00,2026-03-18T22:10:00,friday,leisure,tram,walking|tram|walking,4.6,40,0.0,subscription,False,False,spontaneous,"Friday night out, using tram for a quick, reliable connection to the club aligns with her high public‑transport affinity.",11,2026-03-12T00:00:00,2026-03-18T23:59:59,Mainz,work,Consulting Office,Mainz,nightlife,Club Pulse
trip_b1658e4125e8_00133,b1658e41-25e8-4815-bb88-4dd078ab731d,2026-03-19T09:00:00,2026-03-19T09:20:00,saturday,leisure,bike,bike,5.0,20,0.0,subscription,False,False,spontaneous,A short bike ride to a nearby park fits Sophie's active lifestyle and preference for bike trips during free time.,12,2026-03-19T00:00:00,2026-03-25T23:59:59,Mainz,home,Home - Mainzer Straße,Mainz,park,Rheinuferpark
trip_b1658e4125e8_00134,b1658e41-25e8-4815-bb88-4dd078ab731d,2026-03-19T14:30:00,2026-03-19T18:23:00,saturday,work_related,long_distance_train,walking|long_distance_train|shared_bike,352.4,233,0.0,subscription,False,False,planned,"Long‑distance train with a shared bike for the last kilometre matches Sophie's preference for fast, reliable travel to project sites.",12,2026-03-19T00:00:00,2026-03-25T23:59:59,Mainz,home,Home - Mainzer Straße,Munich,work,Munich Project Office
trip_b1658e4125e8_00135,b1658e41-25e8-4815-bb88-4dd078ab731d,2026-03-20T09:00:00,2026-03-20T12:55:00,sunday,return_home,long_distance_train,shared_bike|long_distance_train|walking,352.4,235,0.0,subscription,False,False,planned,"Return trip uses the same fast train and shared bike combination, aligning with Sophie's need for reliable travel back home.",12,2026-03-19T00:00:00,2026-03-25T23:59:59,Munich,work,Munich Project Office,Mainz,home,Home - Mainzer Straße
trip_b1658e4125e8_00136,b1658e41-25e8-4815-bb88-4dd078ab731d,2026-03-20T19:30:00,2026-03-20T19:50:00,sunday,leisure,tram,walking|tram|walking,2.6,20,0.0,subscription,False,False,spontaneous,Evening dinner with friends is a frequent activity; using tram and short walks fits Sophie's public‑transport affinity.,12,2026-03-19T00:00:00,2026-03-25T23:59:59,Mainz,home,Home - Mainzer Straße,Mainz,restaurant,Zum Goldenen Stern
trip_b1658e4125e8_00137,b1658e41-25e8-4815-bb88-4dd078ab731d,2026-03-21T08:15:00,2026-03-21T08:37:00,monday,commute,tram,walking|tram|walking,2.8,22,0.0,subscription,True,True,routine,Regular weekday commute using tram aligns with Sophie's hybrid work schedule and subscription ticket.,12,2026-03-19T00:00:00,2026-03-25T23:59:59,Mainz,home,Home - Mainzer Straße,Mainz,work,Consulting Office Mainz
trip_b1658e4125e8_00138,b1658e41-25e8-4815-bb88-4dd078ab731d,2026-03-21T11:30:00,2026-03-21T12:05:00,monday,work_related,car_sharing,car_sharing,30.0,35,12.0,none,False,False,planned,A time‑critical client meeting in Wiesbaden is handled with a car‑sharing vehicle for speed and flexibility.,12,2026-03-19T00:00:00,2026-03-25T23:59:59,Mainz,work,Consulting Office Mainz,Wiesbaden,work,Client Site Wiesbaden
trip_b1658e4125e8_00139,b1658e41-25e8-4815-bb88-4dd078ab731d,2026-03-21T18:00:00,2026-03-21T18:12:00,monday,leisure,bike,bike,3.0,12,0.0,none,False,False,spontaneous,Evening workout fits Sophie's high leisure intensity and bike ownership.,12,2026-03-19T00:00:00,2026-03-25T23:59:59,Mainz,work,Consulting Office Mainz,Mainz,fitness,FitX Gym
trip_b1658e4125e8_00140,b1658e41-25e8-4815-bb88-4dd078ab731d,2026-03-22T10:00:00,2026-03-22T10:57:00,tuesday,work_related,regional_train,walking|regional_train|bike,82.4,57,0.0,subscription,False,False,planned,"Occasional off‑site work day uses regional train and bike, matching Sophie's hybrid schedule and subscription ticket.",12,2026-03-19T00:00:00,2026-03-25T23:59:59,Mainz,home,Home - Mainzer Straße,Frankfurt,work,Coworking Space Frankfurt
trip_b1658e4125e8_00141,b1658e41-25e8-4815-bb88-4dd078ab731d,2026-03-22T20:00:00,2026-03-22T20:19:00,tuesday,leisure,bus,walking|bus|walking,2.0,19,0.0,subscription,False,False,spontaneous,"Evening cinema outing uses a short bus ride, fitting Sophie's frequent nightlife activities.",12,2026-03-19T00:00:00,2026-03-25T23:59:59,Mainz,home,Home - Mainzer Straße,Mainz,cinema,CineStar Mainz
trip_b1658e4125e8_00142,b1658e41-25e8-4815-bb88-4dd078ab731d,2026-03-23T08:20:00,2026-03-23T08:43:00,wednesday,commute,bus,walking|bus|walking,3.3,23,0.0,subscription,True,True,routine,Mid‑week commute using bus reflects Sophie's regular office attendance and subscription ticket.,12,2026-03-19T00:00:00,2026-03-25T23:59:59,Mainz,home,Home - Mainzer Straße,Mainz,work,Consulting Office Mainz
trip_b1658e4125e8_00143,b1658e41-25e8-4815-bb88-4dd078ab731d,2026-03-24T07:30:00,2026-03-24T10:23:00,thursday,leisure,long_distance_train,walking|long_distance_train|shared_bike,262.4,173,0.0,subscription,False,False,planned,Day trip to Düsseldorf for a client meeting and leisure fits Sophie's irregular travel and reliance on fast ICE service with bike for the last kilometre.,12,2026-03-19T00:00:00,2026-03-25T23:59:59,Mainz,home,Home - Mainzer Straße,Düsseldorf,work,Client Meeting Düsseldorf
trip_b1658e4125e8_00144,b1658e41-25e8-4815-bb88-4dd078ab731d,2026-03-24T18:45:00,2026-03-24T21:35:00,thursday,return_home,long_distance_train,shared_bike|long_distance_train|walking,262.4,170,0.0,subscription,False,False,planned,"Evening return uses the same fast train and shared bike, aligning with Sophie's need to get home efficiently after a day trip.",12,2026-03-19T00:00:00,2026-03-25T23:59:59,Düsseldorf,work,Client Meeting Düsseldorf,Mainz,home,Home - Mainzer Straße
trip_b1658e4125e8_00145,b1658e41-25e8-4815-bb88-4dd078ab731d,2026-03-26T09:00:00,2026-03-26T09:30:00,saturday,shopping,bike,bike,5.0,30,0.0,none,False,False,spontaneous,Weekend active shopping fits Sophie's high leisure intensity and bike ownership.,13,2026-03-26T00:00:00,2026-04-01T23:59:59,Mainz,home,Sophie’s Apartment,Mainz,shopping,Markt am Dom
trip_b1658e4125e8_00146,b1658e41-25e8-4815-bb88-4dd078ab731d,2026-03-27T16:00:00,2026-03-27T18:22:00,sunday,work_related,public_transport,walking|regional_train|public_transport|bike,283.4,142,0.0,subscription,True,False,planned,"Fast, reliable long‑distance travel for a time‑critical client meeting, using her flexible subscription.",13,2026-03-26T00:00:00,2026-04-01T23:59:59,Mainz,home,Sophie’s Apartment,Düsseldorf,work,Client Office Düsseldorf
trip_b1658e4125e8_00147,b1658e41-25e8-4815-bb88-4dd078ab731d,2026-03-28T12:30:00,2026-03-28T12:40:00,monday,leisure,shared_bike,walking|shared_bike,2.2,10,0.0,none,False,False,spontaneous,"Midday lunch with friends, using a shared bike aligns with her preference for active, low‑cost mobility.",13,2026-03-26T00:00:00,2026-04-01T23:59:59,Mainz,home,Sophie’s Apartment,Mainz,restaurant,Zum Goldenen Stern
trip_b1658e4125e8_00148,b1658e41-25e8-4815-bb88-4dd078ab731d,2026-03-29T08:15:00,2026-03-29T08:32:00,tuesday,commute,tram,walking|tram|walking,4.4,17,0.0,subscription,True,True,routine,"Regular office day, using tram fits her high public‑transport affinity and subscription.",13,2026-03-26T00:00:00,2026-04-01T23:59:59,Mainz,home,Sophie’s Apartment,Mainz,work,Consulting Office Mainz
trip_b1658e4125e8_00149,b1658e41-25e8-4815-bb88-4dd078ab731d,2026-03-30T18:00:00,2026-03-30T18:20:00,wednesday,leisure,bike,bike,6.0,20,0.0,none,False,False,planned,Evening workout; bike use matches her active lifestyle and bike ownership.,13,2026-03-26T00:00:00,2026-04-01T23:59:59,Mainz,home,Sophie’s Apartment,Mainz,fitness,FitX Mainz
trip_b1658e4125e8_00150,b1658e41-25e8-4815-bb88-4dd078ab731d,2026-03-31T19:00:00,2026-03-31T19:57:00,thursday,leisure,car_sharing,walking|car_sharing|regional_train|walking,65.7,57,8.0,subscription,False,False,planned,"After a late meeting she drives to Wiesbaden, then takes a train home; car sharing ensures speed for the critical leg.",13,2026-03-26T00:00:00,2026-04-01T23:59:59,Mainz,work,Consulting Office Mainz,Mainz,home,Sophie’s Apartment
trip_bf125a32343b_00001,bf125a32-343b-4308-a935-e06767d27ee2,2026-01-01T07:30:00,2026-01-01T07:53:00,thursday,commute,public_transport,walking|tram|bike,6.4,23,0.0,monthly_pass,True,True,routine,"Uses preferred tram‑bike combo for a fast, sustainable commute with monthly pass.",1,2026-01-01T00:00:00,2026-01-07T23:59:59,Frankfurt,home,"Home, Innenstadt",Frankfurt,work,"FinTech Office, Bankenviertel"
trip_bf125a32343b_00002,bf125a32-343b-4308-a935-e06767d27ee2,2026-01-01T17:30:00,2026-01-01T17:53:00,thursday,return_home,public_transport,bike|tram|walking,6.4,23,0.0,monthly_pass,False,True,routine,"Follows the same sustainable route home using bike, tram and a short walk.",1,2026-01-01T00:00:00,2026-01-07T23:59:59,Frankfurt,work,"FinTech Office, Bankenviertel",Frankfurt,home,"Home, Innenstadt"
trip_bf125a32343b_00003,bf125a32-343b-4308-a935-e06767d27ee2,2026-01-03T08:00:00,2026-01-03T11:50:00,saturday,family,regional_train,walking|regional_train|walking,401.1,230,0.0,monthly_pass,False,False,planned,Weekend family visit using sustainable regional train covered by monthly pass.,1,2026-01-01T00:00:00,2026-01-07T23:59:59,Frankfurt,home,"Home, Innenstadt",Munich,family_visit,"Parents' House, Munich"
trip_bf125a32343b_00004,bf125a32-343b-4308-a935-e06767d27ee2,2026-01-03T13:00:00,2026-01-03T16:50:00,saturday,return_home,regional_train,walking|regional_train|walking,401.1,230,0.0,monthly_pass,False,False,planned,"Uses the same sustainable train for the return leg, covered by the monthly pass.",1,2026-01-01T00:00:00,2026-01-07T23:59:59,Munich,family_visit,"Parents' House, Munich",Frankfurt,home,"Home, Innenstadt"
trip_bf125a32343b_00005,bf125a32-343b-4308-a935-e06767d27ee2,2026-01-04T09:00:00,2026-01-04T13:22:00,sunday,work_related,regional_train,walking|regional_train|walking,551.3,262,0.0,monthly_pass,False,False,planned,"Attends a tech conference, using a sustainable regional train covered by the monthly pass.",1,2026-01-01T00:00:00,2026-01-07T23:59:59,Frankfurt,home,"Home, Innenstadt",Berlin,work_related,Tech Hub Berlin
trip_bf125a32343b_00006,bf125a32-343b-4308-a935-e06767d27ee2,2026-01-04T14:00:00,2026-01-04T18:22:00,sunday,return_home,regional_train,walking|regional_train|walking,551.3,262,0.0,monthly_pass,False,False,routine,Returns home after conference using the same sustainable train covered by the pass.,1,2026-01-01T00:00:00,2026-01-07T23:59:59,Berlin,work_related,Tech Hub Berlin,Frankfurt,home,"Home, Innenstadt"
trip_bf125a32343b_00007,bf125a32-343b-4308-a935-e06767d27ee2,2026-01-05T07:35:00,2026-01-05T07:58:00,monday,commute,public_transport,walking|tram|bike,6.2,23,0.0,monthly_pass,True,True,routine,Morning commute using preferred tram‑bike combo with monthly pass.,1,2026-01-01T00:00:00,2026-01-07T23:59:59,Frankfurt,home,"Home, Innenstadt",Frankfurt,work,"FinTech Office, Bankenviertel"
trip_bf125a32343b_00008,bf125a32-343b-4308-a935-e06767d27ee2,2026-01-05T18:30:00,2026-01-05T20:32:00,monday,leisure,public_transport,bike|tram|walking|walking|tram|bike,8.0,122,0.0,monthly_pass,False,False,spontaneous,"Evening dinner with friends, using bike‑tram‑walk combo; cost covered by monthly pass.",1,2026-01-01T00:00:00,2026-01-07T23:59:59,Frankfurt,work,"FinTech Office, Bankenviertel",Frankfurt,home,"Home, Innenstadt"
trip_bf125a32343b_00009,bf125a32-343b-4308-a935-e06767d27ee2,2026-01-06T10:00:00,2026-01-06T10:15:00,tuesday,work_related,car_sharing,walking|car_sharing,5.2,15,5.0,none,False,False,spontaneous,"Quick car‑sharing ride to a client meeting, balancing speed and sustainability.",1,2026-01-01T00:00:00,2026-01-07T23:59:59,Frankfurt,home,"Home, Innenstadt",Frankfurt,work,"Client Office, Westend"
trip_bf125a32343b_00010,bf125a32-343b-4308-a935-e06767d27ee2,2026-01-06T12:30:00,2026-01-06T12:45:00,tuesday,return_home,car_sharing,car_sharing|walking,5.2,15,5.0,none,False,False,spontaneous,Uses the same car‑sharing service to return home efficiently.,1,2026-01-01T00:00:00,2026-01-07T23:59:59,Frankfurt,work,"Client Office, Westend",Frankfurt,home,"Home, Innenstadt"
trip_bf125a32343b_00011,bf125a32-343b-4308-a935-e06767d27ee2,2026-01-07T07:40:00,2026-01-07T08:03:00,wednesday,commute,public_transport,walking|tram|bike,6.2,23,0.0,monthly_pass,True,True,routine,"Standard weekday commute using tram and bike, covered by monthly pass.",1,2026-01-01T00:00:00,2026-01-07T23:59:59,Frankfurt,home,"Home, Innenstadt",Frankfurt,work,"FinTech Office, Bankenviertel"
trip_bf125a32343b_00012,bf125a32-343b-4308-a935-e06767d27ee2,2026-01-07T17:40:00,2026-01-07T18:03:00,wednesday,return_home,public_transport,bike|tram|walking,6.2,23,0.0,monthly_pass,False,True,routine,"Evening return using bike‑tram‑walk combo, cost covered by monthly pass.",1,2026-01-01T00:00:00,2026-01-07T23:59:59,Frankfurt,work,"FinTech Office, Bankenviertel",Frankfurt,home,"Home, Innenstadt"
trip_bf125a32343b_00013,bf125a32-343b-4308-a935-e06767d27ee2,2026-01-08T07:30:00,2026-01-08T08:05:00,monday,commute,public_transport,walking|tram|subway|bike,11.8,35,0.0,monthly_pass,True,True,routine,"Uses sustainable public transport and bike for the last kilometre, matching the user's preference for speed and low emissions.",2,2026-01-08T00:00:00,2026-01-14T23:59:59,Frankfurt,home,Home (60311),Frankfurt,work,"FinTech Office, Main Tower"
trip_bf125a32343b_00014,bf125a32-343b-4308-a935-e06767d27ee2,2026-01-08T17:45:00,2026-01-08T18:20:00,monday,return_home,public_transport,bike|subway|tram|walking,11.8,35,0.0,monthly_pass,True,True,routine,Follows the same sustainable multimodal pattern as the morning commute.,2,2026-01-08T00:00:00,2026-01-14T23:59:59,Frankfurt,work,"FinTech Office, Main Tower",Frankfurt,home,Home (60311)
trip_bf125a32343b_00015,bf125a32-343b-4308-a935-e06767d27ee2,2026-01-08T19:30:00,2026-01-08T19:36:00,monday,leisure,bike,bike,2.0,6,0.0,none,False,False,spontaneous,"Quick bike ride to a nearby restaurant for dinner, fitting the user's preference for active, low‑emission travel.",2,2026-01-08T00:00:00,2026-01-14T23:59:59,Frankfurt,work,"FinTech Office, Main Tower",Frankfurt,restaurant,Italian Bistro
trip_bf125a32343b_00016,bf125a32-343b-4308-a935-e06767d27ee2,2026-01-08T21:00:00,2026-01-08T21:12:00,monday,return_home,bike,bike,4.0,12,0.0,none,False,False,spontaneous,"Bike home after dinner, keeping the evening sustainable and active.",2,2026-01-08T00:00:00,2026-01-14T23:59:59,Frankfurt,restaurant,Italian Bistro,Frankfurt,home,Home (60311)
trip_bf125a32343b_00017,bf125a32-343b-4308-a935-e06767d27ee2,2026-01-10T07:35:00,2026-01-10T08:10:00,wednesday,commute,public_transport,walking|tram|subway|bike,11.8,35,0.0,monthly_pass,True,True,routine,"Standard multimodal commute using public transport and bike, matching the user's sustainability focus.",2,2026-01-08T00:00:00,2026-01-14T23:59:59,Frankfurt,home,Home (60311),Frankfurt,work,"FinTech Office, Main Tower"
trip_bf125a32343b_00018,bf125a32-343b-4308-a935-e06767d27ee2,2026-01-10T18:00:00,2026-01-10T18:35:00,wednesday,return_home,public_transport,bike|subway|tram|walking,11.8,35,0.0,monthly_pass,True,True,routine,"Mirrors the morning commute, using sustainable modes to get home.",2,2026-01-08T00:00:00,2026-01-14T23:59:59,Frankfurt,work,"FinTech Office, Main Tower",Frankfurt,home,Home (60311)
trip_bf125a32343b_00019,bf125a32-343b-4308-a935-e06767d27ee2,2026-01-10T18:45:00,2026-01-10T18:53:00,wednesday,leisure,bike,bike,3.0,8,0.0,none,False,False,spontaneous,"Quick bike ride to the gym after work, fitting the user's high fitness activity intensity.",2,2026-01-08T00:00:00,2026-01-14T23:59:59,Frankfurt,work,"FinTech Office, Main Tower",Frankfurt,fitness,FitX Gym
trip_bf125a32343b_00020,bf125a32-343b-4308-a935-e06767d27ee2,2026-01-10T20:00:00,2026-01-10T20:10:00,wednesday,return_home,bike,bike,4.0,10,0.0,none,False,False,spontaneous,"Bike home after the workout, keeping the evening eco‑friendly.",2,2026-01-08T00:00:00,2026-01-14T23:59:59,Frankfurt,fitness,FitX Gym,Frankfurt,home,Home (60311)
trip_bf125a32343b_00021,bf125a32-343b-4308-a935-e06767d27ee2,2026-01-12T07:30:00,2026-01-12T08:05:00,friday,commute,public_transport,walking|tram|subway|bike,11.8,35,0.0,monthly_pass,True,True,routine,Standard weekday commute using the preferred multimodal chain.,2,2026-01-08T00:00:00,2026-01-14T23:59:59,Frankfurt,home,Home (60311),Frankfurt,work,"FinTech Office, Main Tower"
trip_bf125a32343b_00022,bf125a32-343b-4308-a935-e06767d27ee2,2026-01-12T15:00:00,2026-01-12T15:20:00,friday,work_related,car_sharing,walking|car_sharing|walking,8.5,20,12.0,none,False,False,spontaneous,"Instant car‑sharing booking for a time‑critical client meeting, balancing speed with the user's aversion to private car ownership.",2,2026-01-08T00:00:00,2026-01-14T23:59:59,Frankfurt,work,"FinTech Office, Main Tower",Frankfurt,other,"Client Office, Westend"
trip_bf125a32343b_00023,bf125a32-343b-4308-a935-e06767d27ee2,2026-01-12T16:00:00,2026-01-12T16:23:00,friday,return_home,car_sharing,walking|car_sharing|walking,10.5,23,12.0,none,False,False,spontaneous,"Uses car‑sharing for a quick return home after the client meeting, aligning with the user's need for efficiency.",2,2026-01-08T00:00:00,2026-01-14T23:59:59,Frankfurt,other,"Client Office, Westend",Frankfurt,home,Home (60311)
trip_bf125a32343b_00024,bf125a32-343b-4308-a935-e06767d27ee2,2026-01-13T09:00:00,2026-01-13T12:42:00,saturday,family,regional_train,walking|regional_train|walking,301.0,222,49.0,single_ticket,False,False,planned,"Weekend family visit to Munich using a regional train, reflecting the user's preference for sustainable long‑distance travel.",2,2026-01-08T00:00:00,2026-01-14T23:59:59,Frankfurt,home,Home (60311),Munich,family_visit,"Parents' House, Munich"
trip_bf125a32343b_00025,bf125a32-343b-4308-a935-e06767d27ee2,2026-01-15T08:10:00,2026-01-15T08:38:00,monday,commute,public_transport,walking|tram|bike,7.4,28,0.0,monthly_pass,True,True,routine,Regular weekday commute using sustainable modes (tram + bike) aligns with the user's high public‑transport affinity and bike ownership.,3,2026-01-15T00:00:00,2026-01-21T23:59:59,Frankfurt,home,"Home, Innenstadt",Frankfurt,work,"Fintech Office, Börseplatz"
trip_bf125a32343b_00026,bf125a32-343b-4308-a935-e06767d27ee2,2026-01-15T19:00:00,2026-01-15T19:06:00,monday,leisure,bike,bike,2.0,6,30.0,none,False,False,spontaneous,"Evening dinner reachable by bike fits the user's preference for short, sustainable trips after work.",3,2026-01-15T00:00:00,2026-01-21T23:59:59,Frankfurt,work,"Fintech Office, Börseplatz",Frankfurt,restaurant,Zum Goldenen Hirsch
trip_bf125a32343b_00027,bf125a32-343b-4308-a935-e06767d27ee2,2026-01-15T20:00:00,2026-01-15T20:08:00,monday,return_home,bike,bike,2.5,8,0.0,none,False,False,routine,"Bike home after dinner, maintaining low‑impact travel.",3,2026-01-15T00:00:00,2026-01-21T23:59:59,Frankfurt,restaurant,Zum Goldenen Hirsch,Frankfurt,home,"Home, Innenstadt"
trip_bf125a32343b_00028,bf125a32-343b-4308-a935-e06767d27ee2,2026-01-17T08:15:00,2026-01-17T08:36:00,wednesday,commute,public_transport,walking|subway|bike,7.8,21,0.0,monthly_pass,True,True,routine,Mid‑week commute using U‑Bahn plus bike aligns with the user's hybrid schedule and sustainability focus.,3,2026-01-15T00:00:00,2026-01-21T23:59:59,Frankfurt,home,"Home, Innenstadt",Frankfurt,work,"Fintech Office, Börseplatz"
trip_bf125a32343b_00029,bf125a32-343b-4308-a935-e06767d27ee2,2026-01-17T18:30:00,2026-01-17T18:35:00,wednesday,leisure,bike,bike,1.5,5,0.0,none,False,False,planned,Evening workout reachable by bike supports the user's fitness interest and sustainable travel.,3,2026-01-15T00:00:00,2026-01-21T23:59:59,Frankfurt,work,"Fintech Office, Börseplatz",Frankfurt,fitness,"FitX Gym, Galluswarte"
trip_bf125a32343b_00030,bf125a32-343b-4308-a935-e06767d27ee2,2026-01-17T19:30:00,2026-01-17T19:36:00,wednesday,return_home,bike,bike,2.0,6,0.0,none,False,False,routine,Bike home after the gym keeps the evening low‑impact.,3,2026-01-15T00:00:00,2026-01-21T23:59:59,Frankfurt,fitness,"FitX Gym, Galluswarte",Frankfurt,home,"Home, Innenstadt"
trip_bf125a32343b_00031,bf125a32-343b-4308-a935-e06767d27ee2,2026-01-19T08:05:00,2026-01-19T08:32:00,friday,commute,public_transport,walking|tram|bike,7.4,27,0.0,monthly_pass,True,True,routine,"Friday commute follows the usual tram‑plus‑bike pattern, matching the user's hybrid schedule.",3,2026-01-15T00:00:00,2026-01-21T23:59:59,Frankfurt,home,"Home, Innenstadt",Frankfurt,work,"Fintech Office, Börseplatz"
trip_bf125a32343b_00032,bf125a32-343b-4308-a935-e06767d27ee2,2026-01-19T15:00:00,2026-01-19T15:20:00,friday,work_related,car_sharing,walking|car_sharing|walking,10.5,20,12.0,none,False,False,spontaneous,"A client meeting across town triggers an on‑demand car‑sharing ride for speed, matching the user's preference for flexibility when time‑critical.",3,2026-01-15T00:00:00,2026-01-21T23:59:59,Frankfurt,work,"Fintech Office, Börseplatz",Frankfurt,other,"Client HQ, Westend"
trip_bf125a32343b_00033,bf125a32-343b-4308-a935-e06767d27ee2,2026-01-19T18:00:00,2026-01-19T18:23:00,friday,return_home,car_sharing,walking|car_sharing|walking,12.5,23,12.0,none,False,False,spontaneous,"After the client meeting, the user uses car‑sharing to get home quickly, reflecting the priority on time efficiency.",3,2026-01-15T00:00:00,2026-01-21T23:59:59,Frankfurt,other,"Client HQ, Westend",Frankfurt,home,"Home, Innenstadt"
trip_bf125a32343b_00034,bf125a32-343b-4308-a935-e06767d27ee2,2026-01-20T07:00:00,2026-01-20T10:48:00,saturday,family,regional_train,walking|bike|regional_train|walking,403.8,228,80.0,day_ticket,False,False,planned,"Weekend trip to parents aligns with high family‑visit frequency; uses bike to station and ICE train, fitting sustainability and speed priorities.",3,2026-01-15T00:00:00,2026-01-21T23:59:59,Frankfurt,home,"Home, Innenstadt",Munich,family_visit,"Parents' Home, Munich"
trip_bf125a32343b_00035,bf125a32-343b-4308-a935-e06767d27ee2,2026-01-20T18:30:00,2026-01-20T18:37:00,saturday,leisure,walking,walking,0.5,7,0.0,none,False,False,spontaneous,Evening stroll to a local biergarten reflects high leisure intensity and preference for walking when nearby.,3,2026-01-15T00:00:00,2026-01-21T23:59:59,Munich,family_visit,"Parents' Home, Munich",Munich,cafe,Biergarten Hofbräu
trip_bf125a32343b_00036,bf125a32-343b-4308-a935-e06767d27ee2,2026-01-21T09:00:00,2026-01-21T13:32:00,sunday,leisure,regional_train,bike|regional_train|walking,505.4,272,90.0,day_ticket,False,False,planned,"Sunday trip to a Berlin tech event uses bike to station and ICE, matching the user's tech‑interest and sustainability focus.",3,2026-01-15T00:00:00,2026-01-21T23:59:59,Frankfurt,home,"Home, Innenstadt",Berlin,culture,Tech Hub Berlin
trip_bf125a32343b_00037,bf125a32-343b-4308-a935-e06767d27ee2,2026-01-22T07:30:00,2026-01-22T08:15:00,thursday,commute,tram,walking|tram|bike,8.6,45,0.0,monthly_pass,True,True,routine,Fits Alex's regular hybrid‑work commute using sustainable public transport and bike for the last kilometre.,4,2026-01-22T00:00:00,2026-01-28T23:59:59,Frankfurt,home,Alex's apartment,Frankfurt,work,Fintech office
trip_bf125a32343b_00038,bf125a32-343b-4308-a935-e06767d27ee2,2026-01-22T18:30:00,2026-01-22T19:10:00,thursday,leisure,shared_bike,walking|shared_bike,3.5,40,0.0,none,False,False,spontaneous,"Evening dinner with friends, using shared bike for quick, low‑impact travel.",4,2026-01-22T00:00:00,2026-01-28T23:59:59,Frankfurt,work,Fintech office,Frankfurt,restaurant,Sushi Bar
trip_bf125a32343b_00039,bf125a32-343b-4308-a935-e06767d27ee2,2026-01-23T19:00:00,2026-01-23T19:45:00,friday,leisure,bike,bike,12.0,45,0.0,none,False,False,routine,"Regular post‑work workout, using own bike for fast, eco‑friendly travel.",4,2026-01-22T00:00:00,2026-01-28T23:59:59,Frankfurt,work,Fintech office,Frankfurt,fitness,FitGym
trip_bf125a32343b_00040,bf125a32-343b-4308-a935-e06767d27ee2,2026-01-24T10:00:00,2026-01-24T10:45:00,saturday,leisure,bike,bike,15.0,45,0.0,none,False,False,planned,Morning bike ride to the park for recreation and fresh air.,4,2026-01-22T00:00:00,2026-01-28T23:59:59,Frankfurt,home,Alex's apartment,Frankfurt,park,Palmengarten
trip_bf125a32343b_00041,bf125a32-343b-4308-a935-e06767d27ee2,2026-01-24T14:30:00,2026-01-24T15:20:00,saturday,leisure,tram,walking|tram|walking,6.5,50,0.0,monthly_pass,False,False,planned,"Afternoon cultural visit, using tram and short walks, covered by monthly pass.",4,2026-01-22T00:00:00,2026-01-28T23:59:59,Frankfurt,home,Alex's apartment,Frankfurt,culture,Städel Museum
trip_bf125a32343b_00042,bf125a32-343b-4308-a935-e06767d27ee2,2026-01-25T07:00:00,2026-01-25T11:45:00,sunday,family,regional_train,bike|regional_train|walking,396.2,285,30.0,day_ticket,False,False,planned,"Weekend family visit to Munich, using bike to the station and an ICE regional train; day ticket purchased for the long‑distance journey.",4,2026-01-22T00:00:00,2026-01-28T23:59:59,Frankfurt,home,Alex's apartment,Munich,family_visit,Parents' house
trip_bf125a32343b_00043,bf125a32-343b-4308-a935-e06767d27ee2,2026-01-26T08:30:00,2026-01-26T09:15:00,monday,commute,tram,walking|tram|bike,8.6,45,0.0,monthly_pass,True,True,routine,"Second regular commute day, using tram and bike as usual.",4,2026-01-22T00:00:00,2026-01-28T23:59:59,Frankfurt,home,Alex's apartment,Frankfurt,work,Fintech office
trip_bf125a32343b_00044,bf125a32-343b-4308-a935-e06767d27ee2,2026-01-26T15:30:00,2026-01-26T16:55:00,monday,work_related,car_sharing,walking|car_sharing|walking,30.8,85,12.0,none,False,False,spontaneous,"Urgent client meeting across the city, using on‑demand car sharing for speed while avoiding personal car use.",4,2026-01-22T00:00:00,2026-01-28T23:59:59,Frankfurt,work,Fintech office,Frankfurt,other,Client meeting venue
trip_bf125a32343b_00045,bf125a32-343b-4308-a935-e06767d27ee2,2026-01-26T19:00:00,2026-01-26T19:35:00,monday,leisure,shared_bike,walking|shared_bike,3.5,35,0.0,none,False,False,spontaneous,"After‑work catch‑up with friends, using shared bike for a quick, low‑impact trip.",4,2026-01-22T00:00:00,2026-01-28T23:59:59,Frankfurt,work,Fintech office,Frankfurt,cafe,Evening coffee bar
trip_bf125a32343b_00046,bf125a32-343b-4308-a935-e06767d27ee2,2026-01-27T10:30:00,2026-01-27T11:05:00,tuesday,leisure,bike,walking|bike,5.6,35,0.0,none,False,False,planned,"Relaxed weekend‑ish brunch, combining a short walk and bike ride.",4,2026-01-22T00:00:00,2026-01-28T23:59:59,Frankfurt,home,Alex's apartment,Frankfurt,cafe,Morning cafe
trip_bf125a32343b_00047,bf125a32-343b-4308-a935-e06767d27ee2,2026-01-28T07:30:00,2026-01-28T08:15:00,wednesday,commute,tram,walking|tram|bike,8.6,45,0.0,monthly_pass,True,True,routine,"Third regular commute day, using the familiar tram‑bike combo.",4,2026-01-22T00:00:00,2026-01-28T23:59:59,Frankfurt,home,Alex's apartment,Frankfurt,work,Fintech office
trip_bf125a32343b_00048,bf125a32-343b-4308-a935-e06767d27ee2,2026-01-28T18:45:00,2026-01-28T19:30:00,wednesday,leisure,tram,walking|tram|walking,6.5,45,0.0,monthly_pass,False,False,spontaneous,"Evening movie night, using tram and short walks; covered by monthly pass.",4,2026-01-22T00:00:00,2026-01-28T23:59:59,Frankfurt,work,Fintech office,Frankfurt,culture,Cinema
trip_bf125a32343b_00049,bf125a32-343b-4308-a935-e06767d27ee2,2026-01-29T07:45:00,2026-01-29T08:10:00,monday,commute,public_transport,walking|tram|subway|bike,5.0,25,0.0,monthly_pass,True,True,routine,"Uses sustainable public transport and bike for the last kilometre, matching Alex's preference for speed and low emissions.",5,2026-01-29T00:00:00,2026-02-04T23:59:59,Frankfurt,home,"Home, Innenstadt",Frankfurt,work,"FinTech Office, Westend"
trip_bf125a32343b_00050,bf125a32-343b-4308-a935-e06767d27ee2,2026-01-29T18:15:00,2026-01-29T18:28:00,monday,leisure,public_transport,walking|tram|walking,2.0,13,0.0,monthly_pass,False,False,spontaneous,"After work Alex heads to a favourite restaurant using tram and short walks, staying sustainable and flexible.",5,2026-01-29T00:00:00,2026-02-04T23:59:59,Frankfurt,work,"FinTech Office, Westend",Frankfurt,restaurant,"Italian Bistro, Sachsenhausen"
trip_bf125a32343b_00051,bf125a32-343b-4308-a935-e06767d27ee2,2026-01-29T20:30:00,2026-01-29T20:45:00,monday,return_home,bike,bike|subway|walking,3.7,15,0.0,monthly_pass,False,False,routine,"Combines bike and subway for a quick, low‑emission return home after dinner.",5,2026-01-29T00:00:00,2026-02-04T23:59:59,Frankfurt,restaurant,"Italian Bistro, Sachsenhausen",Frankfurt,home,"Home, Innenstadt"
trip_bf125a32343b_00052,bf125a32-343b-4308-a935-e06767d27ee2,2026-01-31T07:40:00,2026-01-31T08:05:00,wednesday,commute,public_transport,walking|tram|subway|bike,5.0,25,0.0,monthly_pass,True,True,routine,"Standard sustainable commute using tram, subway and bike, matching Alex's hybrid work schedule.",5,2026-01-29T00:00:00,2026-02-04T23:59:59,Frankfurt,home,"Home, Innenstadt",Frankfurt,work,"FinTech Office, Westend"
trip_bf125a32343b_00053,bf125a32-343b-4308-a935-e06767d27ee2,2026-01-31T18:10:00,2026-01-31T18:25:00,wednesday,leisure,public_transport,walking|bus|walking,2.5,15,0.0,monthly_pass,False,False,routine,"Regular post‑work workout, using bus and short walks while staying eco‑friendly.",5,2026-01-29T00:00:00,2026-02-04T23:59:59,Frankfurt,work,"FinTech Office, Westend",Frankfurt,fitness,"FitX Gym, Nordend"
trip_bf125a32343b_00054,bf125a32-343b-4308-a935-e06767d27ee2,2026-01-31T20:00:00,2026-01-31T20:15:00,wednesday,return_home,bike,bike|subway|walking,3.6,15,0.0,monthly_pass,False,False,routine,"Bike and subway combo provides a fast, low‑impact way back home after the workout.",5,2026-01-29T00:00:00,2026-02-04T23:59:59,Frankfurt,fitness,"FitX Gym, Nordend",Frankfurt,home,"Home, Innenstadt"
trip_bf125a32343b_00055,bf125a32-343b-4308-a935-e06767d27ee2,2026-02-02T07:45:00,2026-02-02T08:10:00,friday,commute,public_transport,walking|tram|subway|bike,5.0,25,0.0,monthly_pass,True,True,routine,"Consistent sustainable commute using tram, subway and bike, fitting the hybrid schedule.",5,2026-01-29T00:00:00,2026-02-04T23:59:59,Frankfurt,home,"Home, Innenstadt",Frankfurt,work,"FinTech Office, Westend"
trip_bf125a32343b_00056,bf125a32-343b-4308-a935-e06767d27ee2,2026-02-02T16:30:00,2026-02-02T16:48:00,friday,work_related,car_sharing,walking|car_sharing|walking,5.4,18,8.0,none,False,False,spontaneous,"Uses on‑demand car sharing for a time‑critical client meeting, balancing speed with sustainability.",5,2026-01-29T00:00:00,2026-02-04T23:59:59,Frankfurt,work,"FinTech Office, Westend",Frankfurt,other,"Client Office, Ostend"
trip_bf125a32343b_00057,bf125a32-343b-4308-a935-e06767d27ee2,2026-02-02T18:10:00,2026-02-02T18:36:00,friday,return_home,public_transport,walking|tram|subway|walking,6.2,26,0.0,monthly_pass,False,False,routine,After the client meeting Alex uses tram and subway to get home efficiently while staying within the monthly pass.,5,2026-01-29T00:00:00,2026-02-04T23:59:59,Frankfurt,other,"Client Office, Ostend",Frankfurt,home,"Home, Innenstadt"
trip_bf125a32343b_00058,bf125a32-343b-4308-a935-e06767d27ee2,2026-02-03T08:00:00,2026-02-03T11:30:00,saturday,family,regional_train,walking|regional_train,400.5,210,59.0,day_ticket,False,False,planned,"Weekend family visit, using regional train with a day ticket, aligning with Alex's sustainability focus.",5,2026-01-29T00:00:00,2026-02-04T23:59:59,Frankfurt,home,"Home, Innenstadt",Munich,family_visit,"Parents' Home, Munich"
trip_bf125a32343b_00059,bf125a32-343b-4308-a935-e06767d27ee2,2026-02-03T15:00:00,2026-02-03T18:30:00,saturday,return_home,regional_train,regional_train|walking,400.5,210,0.0,day_ticket,False,False,planned,"Return from family visit using the same day ticket, keeping travel sustainable.",5,2026-01-29T00:00:00,2026-02-04T23:59:59,Munich,family_visit,"Parents' Home, Munich",Frankfurt,home,"Home, Innenstadt"
trip_bf125a32343b_00060,bf125a32-343b-4308-a935-e06767d27ee2,2026-02-04T07:00:00,2026-02-04T11:26:00,sunday,leisure,regional_train,walking|regional_train,550.5,266,79.0,day_ticket,False,False,planned,"Sunday tech conference, using a regional train with a day ticket to stay eco‑friendly while attending a professional event.",5,2026-01-29T00:00:00,2026-02-04T23:59:59,Frankfurt,home,"Home, Innenstadt",Berlin,culture,"Tech Conference Center, Berlin"
trip_bf125a32343b_00061,bf125a32-343b-4308-a935-e06767d27ee2,2026-02-05T08:00:00,2026-02-05T08:30:00,monday,commute,bike,walking|tram|bike,6.0,30,0.0,monthly_pass,True,True,routine,"Uses sustainable public transport and bike for the last kilometre, matching Alex's preference for speed, flexibility and low emissions.",6,2026-02-05T00:00:00,2026-02-11T23:59:59,Frankfurt,home,Wohnung Westend,Frankfurt,work,FinTech Office Innenstadt
trip_bf125a32343b_00062,bf125a32-343b-4308-a935-e06767d27ee2,2026-02-05T19:00:00,2026-02-05T19:45:00,monday,leisure,tram,walking|tram|walking,3.0,45,0.0,monthly_pass,False,False,spontaneous,"Evening dining after work, using public transport aligns with Alex's sustainability focus.",6,2026-02-05T00:00:00,2026-02-11T23:59:59,Frankfurt,work,FinTech Office Innenstadt,Frankfurt,restaurant,Italian Bistro
trip_bf125a32343b_00063,bf125a32-343b-4308-a935-e06767d27ee2,2026-02-05T20:30:00,2026-02-05T21:15:00,monday,return_home,bike,walking|tram|bike,8.1,45,0.0,monthly_pass,False,False,routine,"Returns home after dinner using a bike for the final segment, matching Alex's preference for active, low‑emission travel.",6,2026-02-05T00:00:00,2026-02-11T23:59:59,Frankfurt,restaurant,Italian Bistro,Frankfurt,home,Wohnung Westend
trip_bf125a32343b_00064,bf125a32-343b-4308-a935-e06767d27ee2,2026-02-06T18:00:00,2026-02-06T18:30:00,tuesday,leisure,bike,bike,5.0,30,0.0,none,False,True,routine,"Regular evening workout, using own bike aligns with health and sustainability goals.",6,2026-02-05T00:00:00,2026-02-11T23:59:59,Frankfurt,home,Wohnung Westend,Frankfurt,fitness,FitX Gym
trip_bf125a32343b_00065,bf125a32-343b-4308-a935-e06767d27ee2,2026-02-06T20:00:00,2026-02-06T20:30:00,tuesday,return_home,bike,bike,5.0,30,0.0,none,False,True,routine,"Bike back home after workout, keeping the evening active and emission‑free.",6,2026-02-05T00:00:00,2026-02-11T23:59:59,Frankfurt,fitness,FitX Gym,Frankfurt,home,Wohnung Westend
trip_bf125a32343b_00066,bf125a32-343b-4308-a935-e06767d27ee2,2026-02-07T08:10:00,2026-02-07T08:40:00,wednesday,commute,bike,walking|tram|bike,6.0,30,0.0,monthly_pass,True,True,routine,"Standard weekday commute using tram and bike, fitting Alex's hybrid work schedule.",6,2026-02-05T00:00:00,2026-02-11T23:59:59,Frankfurt,home,Wohnung Westend,Frankfurt,work,FinTech Office Innenstadt
trip_bf125a32343b_00067,bf125a32-343b-4308-a935-e06767d27ee2,2026-02-07T14:00:00,2026-02-07T14:30:00,wednesday,work_related,car_sharing,car_sharing,8.0,30,12.0,none,False,False,spontaneous,On‑demand car sharing used for a time‑sensitive client meeting across the city.,6,2026-02-05T00:00:00,2026-02-11T23:59:59,Frankfurt,work,FinTech Office Innenstadt,Frankfurt,other,Client Meeting – Main Tower
trip_bf125a32343b_00068,bf125a32-343b-4308-a935-e06767d27ee2,2026-02-07T14:45:00,2026-02-07T15:15:00,wednesday,work_related,car_sharing,car_sharing,8.0,30,12.0,none,False,False,spontaneous,Return from client meeting using the same on‑demand car sharing service.,6,2026-02-05T00:00:00,2026-02-11T23:59:59,Frankfurt,other,Client Meeting – Main Tower,Frankfurt,work,FinTech Office Innenstadt
trip_bf125a32343b_00069,bf125a32-343b-4308-a935-e06767d27ee2,2026-02-07T17:30:00,2026-02-07T18:10:00,wednesday,return_home,bike,walking|tram|bike,8.1,40,0.0,monthly_pass,False,True,routine,"Standard end‑of‑day return using tram and bike, keeping travel sustainable.",6,2026-02-05T00:00:00,2026-02-11T23:59:59,Frankfurt,work,FinTech Office Innenstadt,Frankfurt,home,Wohnung Westend
trip_bf125a32343b_00070,bf125a32-343b-4308-a935-e06767d27ee2,2026-02-09T08:05:00,2026-02-09T08:35:00,friday,commute,bike,walking|tram|bike,6.0,30,0.0,monthly_pass,True,True,routine,"Friday office day, using the usual tram‑bike combo consistent with Alex's hybrid schedule.",6,2026-02-05T00:00:00,2026-02-11T23:59:59,Frankfurt,home,Wohnung Westend,Frankfurt,work,FinTech Office Innenstadt
trip_bf125a32343b_00071,bf125a32-343b-4308-a935-e06767d27ee2,2026-02-10T07:00:00,2026-02-10T10:30:00,saturday,family,regional_train,walking|regional_train|walking,394.6,210,80.0,day_ticket,False,False,planned,"Weekend family visit to Munich, using regional train for sustainable long‑distance travel; ticket bought as a day ticket.",6,2026-02-05T00:00:00,2026-02-11T23:59:59,Frankfurt,home,Wohnung Westend,Munich,family_visit,Parents' Apartment
trip_bf125a32343b_00072,bf125a32-343b-4308-a935-e06767d27ee2,2026-02-10T18:00:00,2026-02-10T21:30:00,saturday,return_home,regional_train,walking|regional_train|walking,394.6,210,80.0,day_ticket,False,False,planned,"Return trip to Frankfurt after family visit, using the same sustainable regional train option.",6,2026-02-05T00:00:00,2026-02-11T23:59:59,Munich,family_visit,Parents' Apartment,Frankfurt,home,Wohnung Westend
trip_bf125a32343b_00073,bf125a32-343b-4308-a935-e06767d27ee2,2026-02-12T09:00:00,2026-02-12T09:15:00,saturday,leisure,bike,bike,3.0,15,0.0,none,False,False,routine,"Starts the weekend with a short bike ride to stay fit, using own bike aligns with sustainability and health priorities.",7,2026-02-12T00:00:00,2026-02-18T23:59:59,Frankfurt,home,Home,Frankfurt,fitness,FitX Gym
trip_bf125a32343b_00074,bf125a32-343b-4308-a935-e06767d27ee2,2026-02-12T19:00:00,2026-02-12T19:30:00,saturday,leisure,public_transport,walking|tram|walking,5.7,30,0.0,monthly_pass,False,False,spontaneous,"Evening dinner out, uses tram and walking to keep travel sustainable while enjoying city nightlife.",7,2026-02-12T00:00:00,2026-02-18T23:59:59,Frankfurt,home,Home,Frankfurt,restaurant,Restaurant Zum Goldenen Hirsch
trip_bf125a32343b_00075,bf125a32-343b-4308-a935-e06767d27ee2,2026-02-12T22:00:00,2026-02-12T22:30:00,saturday,return_home,public_transport,walking|tram|walking,5.7,30,0.0,monthly_pass,False,False,routine,"Uses tram for a safe late‑night return home, keeping travel sustainable.",7,2026-02-12T00:00:00,2026-02-18T23:59:59,Frankfurt,restaurant,Restaurant Zum Goldenen Hirsch,Frankfurt,home,Home
trip_bf125a32343b_00076,bf125a32-343b-4308-a935-e06767d27ee2,2026-02-13T07:00:00,2026-02-13T10:30:00,sunday,family,regional_train,walking|regional_train|walking,381.6,210,0.0,monthly_pass,False,False,planned,"Weekend family visit to Munich, using ICE train covered by monthly pass for sustainable long‑distance travel.",7,2026-02-12T00:00:00,2026-02-18T23:59:59,Frankfurt,home,Home,Munich,family_visit,Parents' Apartment
trip_bf125a32343b_00077,bf125a32-343b-4308-a935-e06767d27ee2,2026-02-13T18:00:00,2026-02-13T21:30:00,sunday,family,regional_train,walking|regional_train|walking,381.6,210,0.0,monthly_pass,False,False,planned,"Return from family visit, using the same sustainable train option.",7,2026-02-12T00:00:00,2026-02-18T23:59:59,Munich,family_visit,Parents' Apartment,Frankfurt,home,Home
trip_bf125a32343b_00078,bf125a32-343b-4308-a935-e06767d27ee2,2026-02-14T08:00:00,2026-02-14T08:35:00,monday,commute,public_transport,walking|subway|walking|bike,8.5,35,0.0,monthly_pass,True,True,routine,Regular weekday commute using subway and bike for speed and sustainability.,7,2026-02-12T00:00:00,2026-02-18T23:59:59,Frankfurt,home,Home,Frankfurt,work,Fintech Office
trip_bf125a32343b_00079,bf125a32-343b-4308-a935-e06767d27ee2,2026-02-14T17:30:00,2026-02-14T18:10:00,monday,return_home,public_transport,bike|walking|subway|walking,8.5,40,0.0,monthly_pass,True,True,routine,"End‑of‑day commute, using bike and subway for quick, eco‑friendly travel home.",7,2026-02-12T00:00:00,2026-02-18T23:59:59,Frankfurt,work,Fintech Office,Frankfurt,home,Home
trip_bf125a32343b_00080,bf125a32-343b-4308-a935-e06767d27ee2,2026-02-15T18:30:00,2026-02-15T19:15:00,tuesday,leisure,public_transport,walking|tram|walking,4.7,45,0.0,monthly_pass,False,False,spontaneous,"Evening cultural visit, uses tram and short walks to keep travel low‑impact.",7,2026-02-12T00:00:00,2026-02-18T23:59:59,Frankfurt,home,Home,Frankfurt,culture,Städel Museum
trip_bf125a32343b_00081,bf125a32-343b-4308-a935-e06767d27ee2,2026-02-15T21:00:00,2026-02-15T21:45:00,tuesday,return_home,public_transport,walking|tram|walking,4.7,45,0.0,monthly_pass,False,False,routine,"Return home after museum, using same sustainable route.",7,2026-02-12T00:00:00,2026-02-18T23:59:59,Frankfurt,culture,Städel Museum,Frankfurt,home,Home
trip_bf125a32343b_00082,bf125a32-343b-4308-a935-e06767d27ee2,2026-02-16T08:00:00,2026-02-16T08:35:00,wednesday,commute,public_transport,walking|subway|walking|bike,8.5,35,0.0,monthly_pass,True,True,routine,"Mid‑week commute, same efficient mix of subway and bike as earlier days.",7,2026-02-12T00:00:00,2026-02-18T23:59:59,Frankfurt,home,Home,Frankfurt,work,Fintech Office
trip_bf125a32343b_00083,bf125a32-343b-4308-a935-e06767d27ee2,2026-02-16T17:30:00,2026-02-16T18:10:00,wednesday,return_home,public_transport,bike|walking|subway|walking,8.5,40,0.0,monthly_pass,True,True,routine,"Evening commute home, same sustainable mix as earlier days.",7,2026-02-12T00:00:00,2026-02-18T23:59:59,Frankfurt,work,Fintech Office,Frankfurt,home,Home
trip_bf125a32343b_00084,bf125a32-343b-4308-a935-e06767d27ee2,2026-02-17T20:00:00,2026-02-17T20:20:00,thursday,leisure,shared_bike,walking|shared_bike|walking,2.6,20,2.0,none,False,False,spontaneous,"Spontaneous meet‑up with friends, uses shared bike for quick, low‑impact travel.",7,2026-02-12T00:00:00,2026-02-18T23:59:59,Frankfurt,home,Home,Frankfurt,cafe,Bar Zum Kiez
trip_bf125a32343b_00085,bf125a32-343b-4308-a935-e06767d27ee2,2026-02-19T07:45:00,2026-02-19T08:10:00,monday,commute,tram,walking|tram|bike,6.6,25,0.0,monthly_pass,True,True,routine,"Sustainable door‑to‑door commute using public transport and bike, matching hybrid work pattern.",8,2026-02-19T00:00:00,2026-02-25T23:59:59,Frankfurt,home,Kleinmarkthalle Residence,Frankfurt,work,FinTech Office
trip_bf125a32343b_00086,bf125a32-343b-4308-a935-e06767d27ee2,2026-02-19T17:30:00,2026-02-19T17:55:00,monday,commute,tram,bike|tram|walking,6.6,25,0.0,monthly_pass,True,True,routine,"Consistent return home using bike and tram, keeping carbon footprint low.",8,2026-02-19T00:00:00,2026-02-25T23:59:59,Frankfurt,work,FinTech Office,Frankfurt,home,Kleinmarkthalle Residence
trip_bf125a32343b_00087,bf125a32-343b-4308-a935-e06767d27ee2,2026-02-21T07:45:00,2026-02-21T08:15:00,wednesday,commute,subway,walking|subway|bike,6.2,30,0.0,monthly_pass,True,True,routine,"Uses subway for speed and bike for the last stretch, fitting hybrid schedule and sustainability goals.",8,2026-02-19T00:00:00,2026-02-25T23:59:59,Frankfurt,home,Kleinmarkthalle Residence,Frankfurt,work,FinTech Office
trip_bf125a32343b_00088,bf125a32-343b-4308-a935-e06767d27ee2,2026-02-21T18:00:00,2026-02-21T18:20:00,wednesday,work_related,car_sharing,car_sharing,6.0,20,12.0,none,False,False,spontaneous,On‑demand car sharing chosen for a time‑critical client visit across the city.,8,2026-02-19T00:00:00,2026-02-25T23:59:59,Frankfurt,work,FinTech Office,Frankfurt,other,Client Meeting at Hauptwache
trip_bf125a32343b_00089,bf125a32-343b-4308-a935-e06767d27ee2,2026-02-21T19:30:00,2026-02-21T20:00:00,wednesday,return_home,tram,walking|tram|walking,5.9,30,0.0,monthly_pass,False,False,spontaneous,"Uses public transport to get home after a client meeting, keeping travel low‑emission.",8,2026-02-19T00:00:00,2026-02-25T23:59:59,Frankfurt,other,Client Meeting Location,Frankfurt,home,Kleinmarkthalle Residence
trip_bf125a32343b_00090,bf125a32-343b-4308-a935-e06767d27ee2,2026-02-22T17:30:00,2026-02-22T17:55:00,tuesday,fitness,shared_bike,shared_bike|walking,1.8,25,0.0,none,False,False,spontaneous,"Quick post‑work workout using a shared bike, supporting health and low‑emission travel.",8,2026-02-19T00:00:00,2026-02-25T23:59:59,Frankfurt,work,FinTech Office,Frankfurt,fitness,FitX Gym
trip_bf125a32343b_00091,bf125a32-343b-4308-a935-e06767d27ee2,2026-02-23T07:45:00,2026-02-23T08:20:00,friday,commute,bus,walking|bus|bike,6.7,35,0.0,monthly_pass,True,True,routine,Bus plus bike leg offers a reliable and eco‑friendly commute on a hybrid work day.,8,2026-02-19T00:00:00,2026-02-25T23:59:59,Frankfurt,home,Kleinmarkthalle Residence,Frankfurt,work,FinTech Office
trip_bf125a32343b_00092,bf125a32-343b-4308-a935-e06767d27ee2,2026-02-23T19:00:00,2026-02-23T19:25:00,friday,leisure,tram,walking|tram|walking,4.7,25,0.0,monthly_pass,False,False,planned,"Evening social outing using public transport and short walks, aligning with sustainability and leisure preferences.",8,2026-02-19T00:00:00,2026-02-25T23:59:59,Frankfurt,home,Kleinmarkthalle Residence,Frankfurt,restaurant,Zum Goldenen Hirsch
trip_bf125a32343b_00093,bf125a32-343b-4308-a935-e06767d27ee2,2026-02-24T07:00:00,2026-02-24T10:35:00,saturday,family,regional_train,walking|regional_train|walking,401.1,215,80.0,single_ticket,False,False,planned,"Weekend family visit to Munich, using regional train with a single ticket; aligns with sustainability and family priorities.",8,2026-02-19T00:00:00,2026-02-25T23:59:59,Frankfurt,home,Kleinmarkthalle Residence,Munich,family_visit,Parents' Apartment
trip_bf125a32343b_00094,bf125a32-343b-4308-a935-e06767d27ee2,2026-02-24T18:00:00,2026-02-24T21:38:00,saturday,return_home,regional_train,walking|regional_train|walking,401.1,218,80.0,single_ticket,False,False,planned,"Return home from family visit, using the same sustainable regional train option.",8,2026-02-19T00:00:00,2026-02-25T23:59:59,Munich,family_visit,Parents' Apartment,Frankfurt,home,Kleinmarkthalle Residence
trip_bf125a32343b_00095,bf125a32-343b-4308-a935-e06767d27ee2,2026-02-25T08:00:00,2026-02-25T11:35:00,sunday,leisure,regional_train,walking|regional_train|walking,546.1,215,100.0,single_ticket,False,False,planned,"Attending a tech conference in Berlin, using a regional train with a single ticket; aligns with professional interest and sustainability.",8,2026-02-19T00:00:00,2026-02-25T23:59:59,Frankfurt,home,Kleinmarkthalle Residence,Berlin,culture,Tech Conference Center
trip_bf125a32343b_00096,bf125a32-343b-4308-a935-e06767d27ee2,2026-02-25T18:00:00,2026-02-25T21:38:00,sunday,return_home,regional_train,walking|regional_train|walking,546.1,218,100.0,single_ticket,False,False,planned,"Return home after conference, using the same sustainable train option.",8,2026-02-19T00:00:00,2026-02-25T23:59:59,Berlin,culture,Tech Conference Center,Frankfurt,home,Kleinmarkthalle Residence
trip_bf125a32343b_00097,bf125a32-343b-4308-a935-e06767d27ee2,2026-02-26T07:30:00,2026-02-26T07:55:00,thursday,commute,public_transport,walking|tram|bike,8.4,25,0.0,monthly_pass,True,True,routine,"Uses sustainable public transport and bike for the daily office commute, matching the user's high affinity for PT and bike.",9,2026-02-26T00:00:00,2026-03-04T23:59:59,Frankfurt,home,Home (60311),Frankfurt,work,FinTech Office
trip_bf125a32343b_00098,bf125a32-343b-4308-a935-e06767d27ee2,2026-02-26T18:00:00,2026-02-26T18:22:00,thursday,commute,public_transport,bike|tram|walking,8.4,22,0.0,monthly_pass,True,True,routine,"Evening return uses bike and tram, keeping carbon footprint low and aligning with the user's sustainability focus.",9,2026-02-26T00:00:00,2026-03-04T23:59:59,Frankfurt,work,FinTech Office,Frankfurt,home,Home (60311)
trip_bf125a32343b_00099,bf125a32-343b-4308-a935-e06767d27ee2,2026-02-26T18:30:00,2026-02-26T20:48:00,thursday,leisure,public_transport,tram|walking|walking|tram|walking,9.0,138,0.0,monthly_pass,False,False,routine,"Evening dinner after work, using tram and short walks, fits the user's preference for sustainable mobility and social leisure.",9,2026-02-26T00:00:00,2026-03-04T23:59:59,Frankfurt,work,FinTech Office,Frankfurt,home,Home (60311)
trip_bf125a32343b_00100,bf125a32-343b-4308-a935-e06767d27ee2,2026-02-28T08:00:00,2026-02-28T11:40:00,saturday,family,regional_train,walking|regional_train|walking,393.8,220,0.0,monthly_pass,False,False,planned,Weekend family visit to parents in Munich using sustainable regional train covered by monthly pass.,9,2026-02-26T00:00:00,2026-03-04T23:59:59,Frankfurt,station,Frankfurt Hauptbahnhof,Munich,station,Munich Hauptbahnhof
trip_bf125a32343b_00101,bf125a32-343b-4308-a935-e06767d27ee2,2026-03-01T17:00:00,2026-03-01T20:40:00,sunday,family,regional_train,walking|regional_train|walking,393.8,220,0.0,monthly_pass,False,False,planned,"Return trip to Frankfurt after weekend family visit, using the same sustainable train option.",9,2026-02-26T00:00:00,2026-03-04T23:59:59,Munich,station,Munich Hauptbahnhof,Frankfurt,station,Frankfurt Hauptbahnhof
trip_bf125a32343b_00102,bf125a32-343b-4308-a935-e06767d27ee2,2026-03-01T22:00:00,2026-03-02T00:46:00,sunday,leisure,public_transport,walking|tram|walking|walking|tram|walking,9.4,166,0.0,monthly_pass,False,False,spontaneous,"Late‑night outing reflects Alex's frequent evening social activities, using tram and short walks while staying on the monthly pass.",9,2026-02-26T00:00:00,2026-03-04T23:59:59,Frankfurt,home,Home (60311),Frankfurt,culture,Bar Central
trip_bf125a32343b_00103,bf125a32-343b-4308-a935-e06767d27ee2,2026-03-02T07:30:00,2026-03-02T07:55:00,monday,commute,public_transport,walking|tram|bike,8.4,25,0.0,monthly_pass,True,True,routine,"Regular Monday commute using tram and bike, aligning with sustainability and speed preferences.",9,2026-02-26T00:00:00,2026-03-04T23:59:59,Frankfurt,home,Home (60311),Frankfurt,work,FinTech Office
trip_bf125a32343b_00104,bf125a32-343b-4308-a935-e06767d27ee2,2026-03-02T18:00:00,2026-03-02T18:22:00,monday,commute,public_transport,bike|tram|walking,8.4,22,0.0,monthly_pass,True,True,routine,"Evening commute home using bike and tram, keeping travel sustainable.",9,2026-02-26T00:00:00,2026-03-04T23:59:59,Frankfurt,work,FinTech Office,Frankfurt,home,Home (60311)
trip_bf125a32343b_00105,bf125a32-343b-4308-a935-e06767d27ee2,2026-03-02T18:30:00,2026-03-02T19:52:00,monday,leisure,bike,bike|bike,7.0,82,0.0,none,False,False,routine,"After work, Alex cycles to a nearby gym and then home, matching the bike ownership and fitness activity.",9,2026-02-26T00:00:00,2026-03-04T23:59:59,Frankfurt,work,FinTech Office,Frankfurt,home,Home (60311)
trip_bf125a32343b_00106,bf125a32-343b-4308-a935-e06767d27ee2,2026-03-04T07:30:00,2026-03-04T07:55:00,thursday,commute,public_transport,walking|tram|bike,8.4,25,0.0,monthly_pass,True,True,routine,"Standard Thursday commute using tram and bike, aligning with sustainability goals.",9,2026-02-26T00:00:00,2026-03-04T23:59:59,Frankfurt,home,Home (60311),Frankfurt,work,FinTech Office
trip_bf125a32343b_00107,bf125a32-343b-4308-a935-e06767d27ee2,2026-03-04T10:00:00,2026-03-04T10:15:00,thursday,work_related,car_sharing,walking|car_sharing|walking,5.4,15,1.62,none,False,False,spontaneous,"Quick car‑sharing ride to a client meeting across the city, reflecting Alex's need for speed while staying car‑free.",9,2026-02-26T00:00:00,2026-03-04T23:59:59,Frankfurt,work,FinTech Office,Frankfurt,other,Client Office Westend
trip_bf125a32343b_00108,bf125a32-343b-4308-a935-e06767d27ee2,2026-03-04T10:30:00,2026-03-04T10:49:00,thursday,return_home,car_sharing,walking|car_sharing|walking,7.6,19,2.28,none,True,False,spontaneous,"After client meeting, Alex uses car sharing to get home quickly, fitting the need for efficiency while avoiding personal car ownership.",9,2026-02-26T00:00:00,2026-03-04T23:59:59,Frankfurt,other,Client Office Westend,Frankfurt,home,Home (60311)
trip_bf125a32343b_00109,bf125a32-343b-4308-a935-e06767d27ee2,2026-03-05T07:30:00,2026-03-05T08:05:00,thursday,commute,public_transport,walking|subway|bike,10.4,35,0.0,monthly_pass,True,True,routine,"Uses preferred subway‑bike combo for a fast, sustainable commute, matching high public‑transport affinity and monthly pass.",10,2026-03-05T00:00:00,2026-03-11T23:59:59,Frankfurt,home,Wohnung Westend,Frankfurt,work,FinTech Office
trip_bf125a32343b_00110,bf125a32-343b-4308-a935-e06767d27ee2,2026-03-05T18:00:00,2026-03-05T18:20:00,thursday,leisure,tram,walking|tram|walking,3.6,20,0.0,monthly_pass,False,False,spontaneous,"Quick tram ride to a nearby restaurant after work, fitting the evening activity frequency.",10,2026-03-05T00:00:00,2026-03-11T23:59:59,Frankfurt,work,FinTech Office,Frankfurt,restaurant,Zum Lahmen Esel
trip_bf125a32343b_00111,bf125a32-343b-4308-a935-e06767d27ee2,2026-03-05T20:30:00,2026-03-05T20:47:00,thursday,return_home,bike,walking|bike,3.3,17,0.0,none,False,False,spontaneous,"Uses shared bike for a quick, eco‑friendly return home after dinner.",10,2026-03-05T00:00:00,2026-03-11T23:59:59,Frankfurt,restaurant,Zum Lahmen Esel,Frankfurt,home,Wohnung Westend
trip_bf125a32343b_00112,bf125a32-343b-4308-a935-e06767d27ee2,2026-03-07T07:00:00,2026-03-07T10:30:00,saturday,family,regional_train,walking|regional_train|walking,400.9,210,0.0,single_ticket,False,False,planned,"Weekend family visit using regional train, aligning with high leisure intensity and sustainability focus.",10,2026-03-05T00:00:00,2026-03-11T23:59:59,Frankfurt,home,Wohnung Westend,Munich,family_visit,Parents' House Munich
trip_bf125a32343b_00113,bf125a32-343b-4308-a935-e06767d27ee2,2026-03-07T18:00:00,2026-03-07T18:10:00,saturday,leisure,walking,walking,0.8,10,0.0,none,False,False,spontaneous,"Short walk to a local restaurant for dinner with family, fitting high evening activity frequency.",10,2026-03-05T00:00:00,2026-03-11T23:59:59,Munich,family_visit,Parents' House Munich,Munich,restaurant,Restaurant Hofbräu
trip_bf125a32343b_00114,bf125a32-343b-4308-a935-e06767d27ee2,2026-03-08T08:00:00,2026-03-08T11:30:00,sunday,return_home,regional_train,walking|regional_train|walking,400.9,210,0.0,single_ticket,False,False,planned,"Return to Frankfurt by regional train, maintaining sustainability and using a single ticket for the long journey.",10,2026-03-05T00:00:00,2026-03-11T23:59:59,Munich,family_visit,Parents' House Munich,Frankfurt,home,Wohnung Westend
trip_bf125a32343b_00115,bf125a32-343b-4308-a935-e06767d27ee2,2026-03-08T12:00:00,2026-03-08T16:30:00,sunday,leisure,regional_train,walking|regional_train|walking,545.9,270,0.0,single_ticket,False,False,planned,"Day trip to a tech conference in Berlin using ICE, aligning with tech‑interest and sustainability values.",10,2026-03-05T00:00:00,2026-03-11T23:59:59,Frankfurt,home,Wohnung Westend,Berlin,culture,Tech Conference Center
trip_bf125a32343b_00116,bf125a32-343b-4308-a935-e06767d27ee2,2026-03-08T17:00:00,2026-03-08T21:30:00,sunday,return_home,regional_train,walking|regional_train|walking,546.0,270,0.0,single_ticket,False,False,spontaneous,"Return home after conference, using the same sustainable ICE service.",10,2026-03-05T00:00:00,2026-03-11T23:59:59,Berlin,culture,Tech Conference Center,Frankfurt,home,Wohnung Westend
trip_bf125a32343b_00117,bf125a32-343b-4308-a935-e06767d27ee2,2026-03-09T07:30:00,2026-03-09T08:05:00,monday,commute,public_transport,walking|subway|bike,10.4,35,0.0,monthly_pass,True,True,routine,Standard weekday commute using the same efficient subway‑bike combo as earlier days.,10,2026-03-05T00:00:00,2026-03-11T23:59:59,Frankfurt,home,Wohnung Westend,Frankfurt,work,FinTech Office
trip_bf125a32343b_00118,bf125a32-343b-4308-a935-e06767d27ee2,2026-03-09T19:00:00,2026-03-09T19:25:00,monday,leisure,car_sharing,walking|car_sharing|walking,6.7,25,4.5,none,False,False,spontaneous,"Uses on‑demand car sharing for a quick trip to a late‑night venue, balancing speed with avoidance of personal car ownership.",10,2026-03-05T00:00:00,2026-03-11T23:59:59,Frankfurt,work,FinTech Office,Frankfurt,home,Wohnung Westend
trip_bf125a32343b_00119,bf125a32-343b-4308-a935-e06767d27ee2,2026-03-11T07:30:00,2026-03-11T08:05:00,wednesday,commute,public_transport,walking|subway|bike,10.4,35,0.0,monthly_pass,True,True,routine,Consistent weekday commute using preferred sustainable modes.,10,2026-03-05T00:00:00,2026-03-11T23:59:59,Frankfurt,home,Wohnung Westend,Frankfurt,work,FinTech Office
trip_bf125a32343b_00120,bf125a32-343b-4308-a935-e06767d27ee2,2026-03-11T18:30:00,2026-03-11T18:52:00,wednesday,leisure,car_sharing,walking|car_sharing|walking,5.7,22,3.8,none,False,False,spontaneous,"Uses car sharing to quickly reach a cultural event after work, then walks home, matching speed priority and car‑sharing preference.",10,2026-03-05T00:00:00,2026-03-11T23:59:59,Frankfurt,work,FinTech Office,Frankfurt,home,Wohnung Westend
trip_bf125a32343b_00121,bf125a32-343b-4308-a935-e06767d27ee2,2026-03-13T07:30:00,2026-03-13T07:54:00,friday,commute,public_transport,walking|subway|bike,4.5,24,0.0,monthly_pass,True,True,routine,"Uses subway and bike for a fast, sustainable commute covered by the monthly pass, matching Alex's preference for public transport and zero‑car travel.",11,2026-03-12T00:00:00,2026-03-18T23:59:59,Frankfurt,home,"Home, Innenstadt",Frankfurt,work,"FinTech Office, Bankenviertel"
trip_bf125a32343b_00122,bf125a32-343b-4308-a935-e06767d27ee2,2026-03-13T17:45:00,2026-03-13T18:09:00,friday,commute,public_transport,bike|subway|walking,4.5,24,0.0,monthly_pass,True,True,routine,Returns home using the same sustainable mix of bike and subway covered by the monthly pass.,11,2026-03-12T00:00:00,2026-03-18T23:59:59,Frankfurt,work,"FinTech Office, Bankenviertel",Frankfurt,home,"Home, Innenstadt"
trip_bf125a32343b_00123,bf125a32-343b-4308-a935-e06767d27ee2,2026-03-13T19:30:00,2026-03-13T19:46:00,friday,leisure,tram,walking|tram|walking,2.4,16,0.0,monthly_pass,False,False,spontaneous,"Evening dinner reached via tram and short walks, using the monthly pass and keeping carbon footprint low.",11,2026-03-12T00:00:00,2026-03-18T23:59:59,Frankfurt,work,"FinTech Office, Bankenviertel",Frankfurt,restaurant,Sachsenhausen Restaurant
trip_bf125a32343b_00124,bf125a32-343b-4308-a935-e06767d27ee2,2026-03-13T21:30:00,2026-03-13T21:48:00,friday,leisure,tram,walking|tram|walking,2.5,18,0.0,monthly_pass,False,False,spontaneous,"Night return uses tram and walks, staying within the monthly pass and avoiding car use.",11,2026-03-12T00:00:00,2026-03-18T23:59:59,Frankfurt,restaurant,Sachsenhausen Restaurant,Frankfurt,home,"Home, Innenstadt"
trip_bf125a32343b_00125,bf125a32-343b-4308-a935-e06767d27ee2,2026-03-14T08:00:00,2026-03-14T11:53:00,saturday,family,regional_train,walking|regional_train|walking,393.0,233,70.0,single_ticket,False,False,planned,"Weekend family visit uses a regional train, aligning with Alex's sustainability focus while accepting a single ticket cost.",11,2026-03-12T00:00:00,2026-03-18T23:59:59,Frankfurt,home,"Home, Innenstadt",Munich,family_visit,"Parents' Home, Munich"
trip_bf125a32343b_00126,bf125a32-343b-4308-a935-e06767d27ee2,2026-03-15T18:30:00,2026-03-15T22:23:00,sunday,family,regional_train,walking|regional_train|walking,393.0,233,70.0,single_ticket,False,False,planned,"Return trip to Frankfurt after weekend family visit, using the same sustainable train option.",11,2026-03-12T00:00:00,2026-03-18T23:59:59,Munich,family_visit,"Parents' Home, Munich",Frankfurt,home,"Home, Innenstadt"
trip_bf125a32343b_00127,bf125a32-343b-4308-a935-e06767d27ee2,2026-03-16T07:35:00,2026-03-16T07:59:00,monday,commute,public_transport,walking|subway|bike,4.5,24,0.0,monthly_pass,True,True,routine,Morning commute repeats the sustainable subway‑bike combo covered by the monthly pass.,11,2026-03-12T00:00:00,2026-03-18T23:59:59,Frankfurt,home,"Home, Innenstadt",Frankfurt,work,"FinTech Office, Bankenviertel"
trip_bf125a32343b_00128,bf125a32-343b-4308-a935-e06767d27ee2,2026-03-16T17:40:00,2026-03-16T18:04:00,monday,commute,public_transport,bike|subway|walking,4.5,24,0.0,monthly_pass,True,True,routine,"Evening return mirrors the morning pattern, keeping carbon emissions low.",11,2026-03-12T00:00:00,2026-03-18T23:59:59,Frankfurt,work,"FinTech Office, Bankenviertel",Frankfurt,home,"Home, Innenstadt"
trip_bf125a32343b_00129,bf125a32-343b-4308-a935-e06767d27ee2,2026-03-16T18:30:00,2026-03-16T18:37:00,monday,leisure,bike,bike|walking,1.2,7,0.0,none,False,True,planned,Quick bike ride to the gym aligns with Alex's fitness habit and zero‑cost mobility.,11,2026-03-12T00:00:00,2026-03-18T23:59:59,Frankfurt,work,"FinTech Office, Bankenviertel",Frankfurt,fitness,"FitX Gym, Westend"
trip_bf125a32343b_00130,bf125a32-343b-4308-a935-e06767d27ee2,2026-03-16T20:00:00,2026-03-16T20:09:00,monday,return_home,bike,bike|walking,1.8,9,0.0,none,False,True,planned,"Bike home after workout, keeping the evening sustainable.",11,2026-03-12T00:00:00,2026-03-18T23:59:59,Frankfurt,fitness,"FitX Gym, Westend",Frankfurt,home,"Home, Innenstadt"
trip_bf125a32343b_00131,bf125a32-343b-4308-a935-e06767d27ee2,2026-03-18T07:40:00,2026-03-18T08:04:00,wednesday,commute,public_transport,walking|subway|bike,4.5,24,0.0,monthly_pass,True,True,routine,Consistent subway‑bike commute using the monthly pass.,11,2026-03-12T00:00:00,2026-03-18T23:59:59,Frankfurt,home,"Home, Innenstadt",Frankfurt,work,"FinTech Office, Bankenviertel"
trip_bf125a32343b_00132,bf125a32-343b-4308-a935-e06767d27ee2,2026-03-18T17:35:00,2026-03-18T17:59:00,wednesday,commute,public_transport,bike|subway|walking,4.5,24,0.0,monthly_pass,True,True,routine,Evening return follows the same sustainable pattern as the morning commute.,11,2026-03-12T00:00:00,2026-03-18T23:59:59,Frankfurt,work,"FinTech Office, Bankenviertel",Frankfurt,home,"Home, Innenstadt"
trip_bf125a32343b_00133,bf125a32-343b-4308-a935-e06767d27ee2,2026-03-19T07:30:00,2026-03-19T07:52:00,thursday,commute,public_transport,walking|subway|bike,6.5,22,0.0,monthly_pass,True,True,routine,"Uses preferred subway‑bike combo for a fast, sustainable daily commute.",12,2026-03-19T00:00:00,2026-03-25T23:59:59,Frankfurt,home,Wohnung Westend,Frankfurt,work,FinTech Office Main Tower
trip_bf125a32343b_00134,bf125a32-343b-4308-a935-e06767d27ee2,2026-03-19T18:30:00,2026-03-19T18:55:00,thursday,return_home,public_transport,bike|subway|walking,6.5,25,0.0,monthly_pass,True,True,routine,Follows the same sustainable route back home after work.,12,2026-03-19T00:00:00,2026-03-25T23:59:59,Frankfurt,work,FinTech Office Main Tower,Frankfurt,home,Wohnung Westend
trip_bf125a32343b_00135,bf125a32-343b-4308-a935-e06767d27ee2,2026-03-19T19:15:00,2026-03-19T19:30:00,thursday,leisure,tram,tram|walking,3.2,15,0.0,monthly_pass,False,False,planned,"Evening dinner after work, using tram for quick city‑center access.",12,2026-03-19T00:00:00,2026-03-25T23:59:59,Frankfurt,work,FinTech Office Main Tower,Frankfurt,restaurant,Restaurant Zum Goldenen Hirsch
trip_bf125a32343b_00136,bf125a32-343b-4308-a935-e06767d27ee2,2026-03-19T21:00:00,2026-03-19T21:07:00,thursday,return_home,bike,bike,2.0,7,0.0,none,False,False,spontaneous,"Quick bike ride home after dinner, aligning with sustainability preference.",12,2026-03-19T00:00:00,2026-03-25T23:59:59,Frankfurt,restaurant,Restaurant Zum Goldenen Hirsch,Frankfurt,home,Wohnung Westend
trip_bf125a32343b_00137,bf125a32-343b-4308-a935-e06767d27ee2,2026-03-21T08:00:00,2026-03-21T11:43:00,saturday,family,regional_train,walking|regional_train|walking,400.9,223,80.0,day_ticket,False,False,planned,"Weekend family visit to Munich, using a regional train covered by a day ticket.",12,2026-03-19T00:00:00,2026-03-25T23:59:59,Frankfurt,home,Wohnung Westend,Munich,family_visit,Parents' Home
trip_bf125a32343b_00138,bf125a32-343b-4308-a935-e06767d27ee2,2026-03-22T09:00:00,2026-03-22T12:53:00,sunday,return_home,regional_train,walking|regional_train|walking,400.9,233,80.0,day_ticket,False,False,spontaneous,"Return trip to Frankfurt after the family weekend, using the same sustainable train option.",12,2026-03-19T00:00:00,2026-03-25T23:59:59,Munich,family_visit,Parents' Home,Frankfurt,home,Wohnung Westend
trip_bf125a32343b_00139,bf125a32-343b-4308-a935-e06767d27ee2,2026-03-23T07:30:00,2026-03-23T07:52:00,monday,commute,public_transport,walking|subway|bike,6.5,22,0.0,monthly_pass,True,True,routine,Standard weekday commute using preferred subway‑bike combo.,12,2026-03-19T00:00:00,2026-03-25T23:59:59,Frankfurt,home,Wohnung Westend,Frankfurt,work,FinTech Office Main Tower
trip_bf125a32343b_00140,bf125a32-343b-4308-a935-e06767d27ee2,2026-03-23T18:30:00,2026-03-23T18:55:00,monday,return_home,public_transport,bike|subway|walking,6.5,25,0.0,monthly_pass,True,True,routine,Consistent return route using bike‑subway‑walk for speed and sustainability.,12,2026-03-19T00:00:00,2026-03-25T23:59:59,Frankfurt,work,FinTech Office Main Tower,Frankfurt,home,Wohnung Westend
trip_bf125a32343b_00141,bf125a32-343b-4308-a935-e06767d27ee2,2026-03-23T19:20:00,2026-03-23T19:35:00,monday,leisure,bus,bus|walking,4.3,15,0.0,monthly_pass,False,False,planned,"Post‑work workout, using a short bus ride followed by a walk.",12,2026-03-19T00:00:00,2026-03-25T23:59:59,Frankfurt,work,FinTech Office Main Tower,Frankfurt,fitness,FitX Frankfurt
trip_bf125a32343b_00142,bf125a32-343b-4308-a935-e06767d27ee2,2026-03-23T20:30:00,2026-03-23T20:38:00,monday,return_home,bike,bike,2.5,8,0.0,none,False,False,spontaneous,"Bike home after the workout, keeping the evening eco‑friendly.",12,2026-03-19T00:00:00,2026-03-25T23:59:59,Frankfurt,fitness,FitX Frankfurt,Frankfurt,home,Wohnung Westend
trip_bf125a32343b_00143,bf125a32-343b-4308-a935-e06767d27ee2,2026-03-25T07:30:00,2026-03-25T07:52:00,wednesday,commute,public_transport,walking|subway|bike,6.5,22,0.0,monthly_pass,True,True,routine,Standard commute using the familiar subway‑bike route.,12,2026-03-19T00:00:00,2026-03-25T23:59:59,Frankfurt,home,Wohnung Westend,Frankfurt,work,FinTech Office Main Tower
trip_bf125a32343b_00144,bf125a32-343b-4308-a935-e06767d27ee2,2026-03-25T18:30:00,2026-03-25T18:55:00,wednesday,return_home,public_transport,bike|subway|walking,6.5,25,0.0,monthly_pass,True,True,routine,Consistent return journey using bike‑subway‑walk for efficiency.,12,2026-03-19T00:00:00,2026-03-25T23:59:59,Frankfurt,work,FinTech Office Main Tower,Frankfurt,home,Wohnung Westend
trip_bf125a32343b_00145,bf125a32-343b-4308-a935-e06767d27ee2,2026-03-26T09:00:00,2026-03-26T13:05:00,saturday,family,regional_train,walking|regional_train|walking,394.3,245,80.0,single_ticket,False,False,planned,"Weekend family visit using ICE train aligns with sustainability goals and the user's preference for fast, long‑distance public transport.",13,2026-03-26T00:00:00,2026-04-01T23:59:59,Frankfurt,home,"Home, 60311 Frankfurt",Munich,family_visit,Parents' apartment
trip_bf125a32343b_00146,bf125a32-343b-4308-a935-e06767d27ee2,2026-03-27T15:00:00,2026-03-27T19:05:00,sunday,family,regional_train,walking|regional_train|walking,394.3,245,80.0,single_ticket,False,False,routine,"Return home after weekend family visit, using the same sustainable long‑distance train option.",13,2026-03-26T00:00:00,2026-04-01T23:59:59,Munich,family_visit,Parents' apartment,Frankfurt,home,"Home, 60311 Frankfurt"
trip_bf125a32343b_00147,bf125a32-343b-4308-a935-e06767d27ee2,2026-03-28T08:00:00,2026-03-28T08:22:00,monday,commute,public_transport,walking|subway|bike,6.1,22,0.0,monthly_pass,True,True,routine,"Uses sustainable subway and bike for the daily commute, aligns with monthly pass subscription and speed priority.",13,2026-03-26T00:00:00,2026-04-01T23:59:59,Frankfurt,home,"Home, 60311 Frankfurt",Frankfurt,work,"FinTech Office, Main Tower"
trip_bf125a32343b_00148,bf125a32-343b-4308-a935-e06767d27ee2,2026-03-29T18:30:00,2026-03-29T18:37:00,tuesday,leisure,bike,bike,2.0,7,0.0,none,False,False,spontaneous,"Evening bike ride to a nearby restaurant fits the user's preference for active, low‑impact leisure trips.",13,2026-03-26T00:00:00,2026-04-01T23:59:59,Frankfurt,work,"FinTech Office, Main Tower",Frankfurt,restaurant,Zum Goldenen Stern
trip_bf125a32343b_00149,bf125a32-343b-4308-a935-e06767d27ee2,2026-03-30T08:05:00,2026-03-30T08:32:00,wednesday,commute,public_transport,walking|tram|bike,5.8,27,0.0,monthly_pass,True,True,routine,"Combines tram and bike, keeping carbon footprint low while meeting the regular commute schedule.",13,2026-03-26T00:00:00,2026-04-01T23:59:59,Frankfurt,home,"Home, 60311 Frankfurt",Frankfurt,work,"FinTech Office, Main Tower"
trip_bf125a32343b_00150,bf125a32-343b-4308-a935-e06767d27ee2,2026-04-01T08:10:00,2026-04-01T08:31:00,friday,commute,car_sharing,walking|car_sharing|walking,6.7,21,8.0,none,True,False,spontaneous,Car‑sharing used for a faster cross‑city commute when a client meeting requires punctuality.,13,2026-03-26T00:00:00,2026-04-01T23:59:59,Frankfurt,home,"Home, 60311 Frankfurt",Frankfurt,work,"FinTech Office, Main Tower"
trip_f06ccad5530c_00001,f06ccad5-530c-4055-a40e-35bd9d41d249,2026-01-01T07:15:00,2026-01-01T11:12:00,thursday,commute,regional_train,walking|regional_train|bike,302.5,237,0.0,subscription,True,False,planned,Fast regional train combined with bike for the last kilometre matches Tobias' need for speed on irregular client trips.,1,2026-01-01T00:00:00,2026-01-07T23:59:59,Heidelberg,home,Heidelberg Home,Munich,work,Munich Client Office
trip_f06ccad5530c_00002,f06ccad5-530c-4055-a40e-35bd9d41d249,2026-01-01T16:00:00,2026-01-01T19:57:00,thursday,commute,regional_train,bike|regional_train|walking,302.5,237,0.0,subscription,True,False,planned,"Return trip uses the same fast train, keeping travel time low for the client project.",1,2026-01-01T00:00:00,2026-01-07T23:59:59,Munich,work,Munich Client Office,Heidelberg,home,Heidelberg Home
trip_f06ccad5530c_00003,f06ccad5-530c-4055-a40e-35bd9d41d249,2026-01-02T08:30:00,2026-01-02T09:10:00,friday,commute,tram,walking|tram|walking,5.5,40,0.0,subscription,True,True,routine,"Regular local office day, uses tram covered by his subscription.",1,2026-01-01T00:00:00,2026-01-07T23:59:59,Heidelberg,home,Heidelberg Home,Heidelberg,work,Heidelberg Office
trip_f06ccad5530c_00004,f06ccad5-530c-4055-a40e-35bd9d41d249,2026-01-02T19:00:00,2026-01-02T19:07:00,friday,leisure,walking,walking,0.5,7,0.0,none,False,False,spontaneous,Evening dinner with colleagues fits his frequent nightlife and restaurant visits.,1,2026-01-01T00:00:00,2026-01-07T23:59:59,Heidelberg,work,Heidelberg Office,Heidelberg,restaurant,Zum Goldenen Hirsch
trip_f06ccad5530c_00005,f06ccad5-530c-4055-a40e-35bd9d41d249,2026-01-03T10:00:00,2026-01-03T12:00:00,saturday,leisure,bike,bike,15.0,120,0.0,none,False,False,spontaneous,Weekend bike ride to the park matches his high leisure intensity and bike ownership.,1,2026-01-01T00:00:00,2026-01-07T23:59:59,Heidelberg,home,Heidelberg Home,Heidelberg,park,Heidelberger Schlossgarten
trip_f06ccad5530c_00006,f06ccad5-530c-4055-a40e-35bd9d41d249,2026-01-03T14:00:00,2026-01-03T15:53:00,saturday,work_related,car_sharing,walking|car_sharing|walking,80.5,113,15.0,none,False,False,planned,"Car‑sharing used to reach the airport quickly for a flight, fitting his need for speed on time‑critical trips.",1,2026-01-01T00:00:00,2026-01-07T23:59:59,Heidelberg,home,Heidelberg Home,Heidelberg,other,Heidelberg Airport
trip_f06ccad5530c_00007,f06ccad5-530c-4055-a40e-35bd9d41d249,2026-01-03T18:00:00,2026-01-03T21:42:00,saturday,family,regional_train,walking|regional_train|walking,601.0,222,30.0,day_ticket,False,False,planned,"Long‑distance ICE trip with a day ticket provides fast, convenient travel to visit family in Hamburg.",1,2026-01-01T00:00:00,2026-01-07T23:59:59,Heidelberg,station,Heidelberg Hbf,Hamburg,family_visit,Hamburg Family Home
trip_f06ccad5530c_00008,f06ccad5-530c-4055-a40e-35bd9d41d249,2026-01-04T09:00:00,2026-01-04T09:35:00,sunday,family,tram,walking|tram|bike,7.5,35,0.0,subscription,False,False,spontaneous,Local tram and bike legs let him move quickly within Hamburg while staying on his subscription.,1,2026-01-01T00:00:00,2026-01-07T23:59:59,Hamburg,family_visit,Hamburg Family Home,Hamburg,family_visit,Family Apartment
trip_f06ccad5530c_00009,f06ccad5-530c-4055-a40e-35bd9d41d249,2026-01-04T14:00:00,2026-01-04T17:42:00,sunday,family,regional_train,walking|regional_train|walking,601.0,222,0.0,subscription,False,False,planned,"Return trip uses his subscription, keeping costs low while getting home efficiently.",1,2026-01-01T00:00:00,2026-01-07T23:59:59,Hamburg,station,Hamburg Hbf,Heidelberg,home,Heidelberg Home
trip_f06ccad5530c_00010,f06ccad5-530c-4055-a40e-35bd9d41d249,2026-01-05T07:45:00,2026-01-05T10:50:00,monday,commute,regional_train,walking|regional_train|bike,253.5,185,0.0,subscription,True,False,planned,"Irregular client site in Düsseldorf, uses fast regional train and bike for last kilometre, fitting his need for speed.",1,2026-01-01T00:00:00,2026-01-07T23:59:59,Heidelberg,home,Heidelberg Home,Düsseldorf,work,Düsseldorf Client Office
trip_f06ccad5530c_00011,f06ccad5-530c-4055-a40e-35bd9d41d249,2026-01-05T18:30:00,2026-01-05T19:00:00,monday,leisure,tram,walking|tram|walking,6.0,30,0.0,subscription,False,False,spontaneous,"Evening sports match, uses tram and short walks, aligning with his frequent nightlife and sports interests.",1,2026-01-01T00:00:00,2026-01-07T23:59:59,Heidelberg,work,Heidelberg Office,Heidelberg,other,Heidelberg Stadium
trip_f06ccad5530c_00012,f06ccad5-530c-4055-a40e-35bd9d41d249,2026-01-06T09:00:00,2026-01-06T10:30:00,saturday,work_related,bike,bike,15.0,90,0.0,none,False,False,planned,"Bike to a coworking space for a client day, fitting his bike preference and need for flexible work locations.",1,2026-01-01T00:00:00,2026-01-07T23:59:59,Heidelberg,home,Heidelberg Home,Heidelberg,work,CoWorking Space Heidelberg
trip_f06ccad5530c_00013,f06ccad5-530c-4055-a40e-35bd9d41d249,2026-01-08T07:10:00,2026-01-08T11:03:00,thursday,commute,regional_train,walking|regional_train|shared_bike,302.5,233,0.0,subscription,True,False,planned,Fast regional train combined with a shared bike matches Tobias' need for speed and flexibility on a client trip to Munich.,2,2026-01-08T00:00:00,2026-01-14T23:59:59,Heidelberg,home,Heidelberg Home,Munich,work,Munich Office
trip_f06ccad5530c_00014,f06ccad5-530c-4055-a40e-35bd9d41d249,2026-01-08T18:30:00,2026-01-08T22:27:00,thursday,return_home,regional_train,shared_bike|regional_train|walking,302.5,237,0.0,subscription,True,False,planned,"Uses the same fast train‑bike combo to get back home after the client day, fitting Tobias' efficiency priority.",2,2026-01-08T00:00:00,2026-01-14T23:59:59,Munich,work,Munich Office,Heidelberg,home,Heidelberg Home
trip_f06ccad5530c_00015,f06ccad5-530c-4055-a40e-35bd9d41d249,2026-01-09T08:20:00,2026-01-09T08:27:00,friday,work_related,bike,bike,2.0,7,0.0,none,False,False,planned,"Quick bike ride to the coworking space aligns with Tobias' preference for fast, low‑effort travel.",2,2026-01-08T00:00:00,2026-01-14T23:59:59,Heidelberg,home,Heidelberg Home,Heidelberg,work,CoWork Heidelberg
trip_f06ccad5530c_00016,f06ccad5-530c-4055-a40e-35bd9d41d249,2026-01-09T19:15:00,2026-01-09T20:45:00,friday,leisure,walking,walking,0.8,90,0.0,none,False,False,spontaneous,Evening dinner with friends is a frequent leisure activity; walking fits Tobias' health‑conscious habit.,2,2026-01-08T00:00:00,2026-01-14T23:59:59,Heidelberg,home,Heidelberg Home,Heidelberg,restaurant,Zum Goldenen Hirschen
trip_f06ccad5530c_00017,f06ccad5-530c-4055-a40e-35bd9d41d249,2026-01-10T06:45:00,2026-01-10T11:15:00,saturday,family,regional_train,walking|regional_train|shared_bike,503.5,270,0.0,subscription,False,False,planned,Long‑distance regional train plus a shared bike lets Tobias reach family quickly while keeping costs low with his subscription.,2,2026-01-08T00:00:00,2026-01-14T23:59:59,Heidelberg,home,Heidelberg Home,Hamburg,family_visit,Familienhaus Hamburg
trip_f06ccad5530c_00018,f06ccad5-530c-4055-a40e-35bd9d41d249,2026-01-11T12:45:00,2026-01-11T17:12:00,sunday,return_home,regional_train,shared_bike|regional_train|walking,503.5,267,0.0,subscription,False,False,planned,Same efficient train‑bike combo for the return leg keeps travel time low and uses his existing subscription.,2,2026-01-08T00:00:00,2026-01-14T23:59:59,Hamburg,family_visit,Familienhaus Hamburg,Heidelberg,home,Heidelberg Home
trip_f06ccad5530c_00019,f06ccad5-530c-4055-a40e-35bd9d41d249,2026-01-11T18:10:00,2026-01-11T19:16:00,sunday,leisure,bus,walking|bus|walking,30.8,66,0.0,subscription,False,False,spontaneous,"Evening sports match reachable by a short bus ride, fitting his frequent nightlife and sports interest.",2,2026-01-08T00:00:00,2026-01-14T23:59:59,Heidelberg,home,Heidelberg Home,Mannheim,other,Mannheim Arena
trip_f06ccad5530c_00020,f06ccad5-530c-4055-a40e-35bd9d41d249,2026-01-11T20:15:00,2026-01-11T23:13:00,sunday,leisure,car_sharing,walking|car_sharing|walking,250.8,178,35.0,none,False,False,spontaneous,"Car‑sharing provides the fastest connection to Cologne for a late‑night dinner with friends, matching his speed‑first priority.",2,2026-01-08T00:00:00,2026-01-14T23:59:59,Heidelberg,home,Heidelberg Home,Cologne,restaurant,Café Köln
trip_f06ccad5530c_00021,f06ccad5-530c-4055-a40e-35bd9d41d249,2026-01-12T08:45:00,2026-01-12T08:52:00,monday,work_related,bike,bike,2.0,7,0.0,none,False,False,planned,Short bike ride to the local office keeps the morning efficient and eco‑friendly.,2,2026-01-08T00:00:00,2026-01-14T23:59:59,Heidelberg,home,Heidelberg Home,Heidelberg,work,Beratung GmbH
trip_f06ccad5530c_00022,f06ccad5-530c-4055-a40e-35bd9d41d249,2026-01-12T20:30:00,2026-01-12T20:47:00,monday,leisure,tram,walking|tram,2.2,17,0.0,subscription,False,False,spontaneous,"Tram ride offers a quick, ticket‑covered way to reach the popular nightlife spot.",2,2026-01-08T00:00:00,2026-01-14T23:59:59,Heidelberg,home,Heidelberg Home,Heidelberg,restaurant,Kulturcafé
trip_f06ccad5530c_00023,f06ccad5-530c-4055-a40e-35bd9d41d249,2026-01-13T07:30:00,2026-01-13T07:40:00,tuesday,leisure,bike,bike,3.0,10,0.0,none,False,False,planned,Morning bike ride to the gym fits his high leisure intensity and health‑focused habits.,2,2026-01-08T00:00:00,2026-01-14T23:59:59,Heidelberg,home,Heidelberg Home,Heidelberg,fitness,FitX Heidelberg
trip_f06ccad5530c_00024,f06ccad5-530c-4055-a40e-35bd9d41d249,2026-01-14T16:00:00,2026-01-14T16:17:00,wednesday,errands,tram,walking|tram,2.2,17,0.0,subscription,False,False,planned,Tram ride covered by his subscription provides a quick way to run shopping errands.,2,2026-01-08T00:00:00,2026-01-14T23:59:59,Heidelberg,home,Heidelberg Home,Heidelberg,shopping,Planken Mall
trip_f06ccad5530c_00025,f06ccad5-530c-4055-a40e-35bd9d41d249,2026-01-15T07:00:00,2026-01-15T11:53:00,thursday,work_related,regional_train,walking|regional_train|bike,582.5,293,30.0,day_ticket,True,False,planned,"Long‑distance commute to a client site using fast regional train and bike for the last kilometre, matching Tobias' need for speed and subscription‑based public transport.",3,2026-01-15T00:00:00,2026-01-21T23:59:59,Heidelberg,home,Home,Munich,work,Client Office
trip_f06ccad5530c_00026,f06ccad5-530c-4055-a40e-35bd9d41d249,2026-01-16T08:00:00,2026-01-16T12:52:00,friday,return_home,regional_train,bike|regional_train|walking,582.5,292,30.0,day_ticket,True,False,planned,"Return leg of the client‑site commute, using the same fast train and bike to keep travel time low.",3,2026-01-15T00:00:00,2026-01-21T23:59:59,Munich,work,Client Office,Heidelberg,home,Home
trip_f06ccad5530c_00027,f06ccad5-530c-4055-a40e-35bd9d41d249,2026-01-16T20:00:00,2026-01-16T20:13:00,friday,leisure,tram,walking|tram|walking,2.4,13,0.0,subscription,False,False,spontaneous,"Late‑evening cinema visit, using tram covered by his subscription and short walks.",3,2026-01-15T00:00:00,2026-01-21T23:59:59,Heidelberg,home,Home,Heidelberg,cinema,Cinema
trip_f06ccad5530c_00028,f06ccad5-530c-4055-a40e-35bd9d41d249,2026-01-17T09:30:00,2026-01-17T09:44:00,saturday,commute,tram,walking|tram|bike,3.3,14,0.0,subscription,True,False,planned,"Occasional local commute to a coworking space, using tram (covered by subscription) and a short bike ride for speed.",3,2026-01-15T00:00:00,2026-01-21T23:59:59,Heidelberg,home,Home,Heidelberg,work,Coworking Space
trip_f06ccad5530c_00029,f06ccad5-530c-4055-a40e-35bd9d41d249,2026-01-17T15:00:00,2026-01-17T15:22:00,saturday,shopping,bus,walking|bus|walking,4.5,22,0.0,subscription,False,False,planned,"Afternoon shopping trip, using a bus covered by his subscription and short walks.",3,2026-01-15T00:00:00,2026-01-21T23:59:59,Heidelberg,home,Home,Heidelberg,shopping,Mall
trip_f06ccad5530c_00030,f06ccad5-530c-4055-a40e-35bd9d41d249,2026-01-18T09:00:00,2026-01-18T11:38:00,sunday,work_related,car_sharing,walking|car_sharing|walking,200.7,158,40.0,none,False,False,spontaneous,"Time‑critical client meeting in Stuttgart, using on‑demand car sharing for speed.",3,2026-01-15T00:00:00,2026-01-21T23:59:59,Heidelberg,home,Home,Stuttgart,work,Client Meeting
trip_f06ccad5530c_00031,f06ccad5-530c-4055-a40e-35bd9d41d249,2026-01-18T18:30:00,2026-01-18T18:40:00,sunday,leisure,shared_bike,walking|shared_bike|walking,2.3,10,0.0,none,False,False,spontaneous,"Evening dinner close to home, using a shared bike for quick, hassle‑free travel.",3,2026-01-15T00:00:00,2026-01-21T23:59:59,Heidelberg,home,Home,Heidelberg,restaurant,Italian Bistro
trip_f06ccad5530c_00032,f06ccad5-530c-4055-a40e-35bd9d41d249,2026-01-19T17:00:00,2026-01-19T17:35:00,monday,leisure,regional_train,walking|regional_train|walking,21.3,35,0.0,subscription,False,False,planned,"Quick regional train ride to a sports match in nearby Mannheim, covered by his subscription.",3,2026-01-15T00:00:00,2026-01-21T23:59:59,Heidelberg,home,Home,Mannheim,fitness,Stadium
trip_f06ccad5530c_00033,f06ccad5-530c-4055-a40e-35bd9d41d249,2026-01-19T22:00:00,2026-01-19T22:08:00,monday,leisure,shared_bike,walking|shared_bike|walking,1.8,8,0.0,none,False,False,spontaneous,"Late‑night visit to a bar, using a shared bike for quick, convenient travel.",3,2026-01-15T00:00:00,2026-01-21T23:59:59,Heidelberg,home,Home,Heidelberg,cafe,Night Bar
trip_f06ccad5530c_00034,f06ccad5-530c-4055-a40e-35bd9d41d249,2026-01-20T08:00:00,2026-01-20T12:52:00,saturday,family,regional_train,walking|regional_train|walking,601.0,292,30.0,day_ticket,False,False,planned,"Weekend long‑distance train trip to visit family in Hamburg, using a day ticket for the ICE journey.",3,2026-01-15T00:00:00,2026-01-21T23:59:59,Heidelberg,home,Home,Hamburg,family_visit,Family Home
trip_f06ccad5530c_00035,f06ccad5-530c-4055-a40e-35bd9d41d249,2026-01-20T19:00:00,2026-01-20T22:55:00,saturday,leisure,regional_train,walking|regional_train|shared_bike|walking,403.7,235,30.0,day_ticket,False,False,planned,"Evening trip to meet friends in Cologne, using a fast ICE connection and a shared bike for the last kilometre.",3,2026-01-15T00:00:00,2026-01-21T23:59:59,Hamburg,family_visit,Family Home,Cologne,restaurant,Friends' Dinner
trip_f06ccad5530c_00036,f06ccad5-530c-4055-a40e-35bd9d41d249,2026-01-21T10:00:00,2026-01-21T14:52:00,sunday,return_home,regional_train,shared_bike|regional_train|walking,601.0,292,30.0,day_ticket,True,False,planned,"Return from weekend trip, using a day ticket for the ICE and a shared bike for the first kilometre.",3,2026-01-15T00:00:00,2026-01-21T23:59:59,Cologne,other,Hotel,Heidelberg,home,Home
trip_f06ccad5530c_00037,f06ccad5-530c-4055-a40e-35bd9d41d249,2026-01-22T07:15:00,2026-01-22T12:28:00,thursday,work_related,regional_train,walking|regional_train|shared_bike,302.6,313,0.0,subscription,True,False,planned,Fast regional train combined with a shared bike for the last kilometre matches the user’s need for speed and flexibility on client trips.,4,2026-01-22T00:00:00,2026-01-28T23:59:59,Heidelberg,home,Heidelberg Home,Munich,work,Munich Client Office
trip_f06ccad5530c_00038,f06ccad5-530c-4055-a40e-35bd9d41d249,2026-01-22T18:00:00,2026-01-22T23:10:00,thursday,return_home,regional_train,shared_bike|regional_train|walking,302.6,310,0.0,subscription,True,False,planned,"Uses the same fast train‑bike combo for the return, keeping travel time low after a long workday.",4,2026-01-22T00:00:00,2026-01-28T23:59:59,Munich,work,Munich Client Office,Heidelberg,home,Heidelberg Home
trip_f06ccad5530c_00039,f06ccad5-530c-4055-a40e-35bd9d41d249,2026-01-23T07:10:00,2026-01-23T12:11:00,friday,work_related,regional_train,walking|regional_train|bike,303.5,301,0.0,subscription,True,False,planned,"Regional train with a short bike ride fits the need for quick, reliable client travel.",4,2026-01-22T00:00:00,2026-01-28T23:59:59,Heidelberg,home,Heidelberg Home,Düsseldorf,work,Düsseldorf Client Office
trip_f06ccad5530c_00040,f06ccad5-530c-4055-a40e-35bd9d41d249,2026-01-23T18:30:00,2026-01-23T23:22:00,friday,return_home,regional_train,regional_train|walking,300.6,292,0.0,subscription,True,False,planned,"Long regional train ride back home, with a short walk from the station, aligns with the user’s preference for low‑effort returns.",4,2026-01-22T00:00:00,2026-01-28T23:59:59,Düsseldorf,work,Düsseldorf Client Office,Heidelberg,home,Heidelberg Home
trip_f06ccad5530c_00041,f06ccad5-530c-4055-a40e-35bd9d41d249,2026-01-24T09:00:00,2026-01-24T13:45:00,saturday,family,regional_train,walking|regional_train|shared_bike,502.6,285,0.0,subscription,False,False,planned,Fast ICE connection plus a shared bike for the last kilometre lets Tobias reach family quickly while staying within his subscription.,4,2026-01-22T00:00:00,2026-01-28T23:59:59,Heidelberg,home,Heidelberg Home,Hamburg,family_visit,Hamburg Family Home
trip_f06ccad5530c_00042,f06ccad5-530c-4055-a40e-35bd9d41d249,2026-01-24T20:00:00,2026-01-24T20:12:00,saturday,leisure,bike,bike,3.0,12,0.0,none,False,False,spontaneous,"Bike ride to a nearby restaurant matches the user’s preference for quick, active evening outings.",4,2026-01-22T00:00:00,2026-01-28T23:59:59,Heidelberg,home,Heidelberg Home,Heidelberg,restaurant,Heidelberg Restaurant
trip_f06ccad5530c_00043,f06ccad5-530c-4055-a40e-35bd9d41d249,2026-01-24T20:30:00,2026-01-24T20:37:00,saturday,return_home,walking,walking,0.6,7,0.0,none,False,False,spontaneous,A short walk back home after dinner keeps the evening relaxed.,4,2026-01-22T00:00:00,2026-01-28T23:59:59,Heidelberg,restaurant,Heidelberg Restaurant,Heidelberg,home,Heidelberg Home
trip_f06ccad5530c_00044,f06ccad5-530c-4055-a40e-35bd9d41d249,2026-01-25T10:00:00,2026-01-25T11:14:00,sunday,leisure,regional_train,walking|regional_train|bike,82.5,74,0.0,subscription,False,False,planned,Regional train plus a quick bike ride lets Tobias attend a sports match efficiently.,4,2026-01-22T00:00:00,2026-01-28T23:59:59,Heidelberg,home,Heidelberg Home,Frankfurt,fitness,Frankfurt Sports Stadium
trip_f06ccad5530c_00045,f06ccad5-530c-4055-a40e-35bd9d41d249,2026-01-25T18:00:00,2026-01-25T19:13:00,sunday,return_home,regional_train,walking|regional_train|walking,81.1,73,0.0,subscription,False,False,spontaneous,Quick return via train and short walks keeps the evening relaxed after the match.,4,2026-01-22T00:00:00,2026-01-28T23:59:59,Frankfurt,fitness,Frankfurt Sports Stadium,Heidelberg,home,Heidelberg Home
trip_f06ccad5530c_00046,f06ccad5-530c-4055-a40e-35bd9d41d249,2026-01-26T09:30:00,2026-01-26T09:49:00,monday,work_related,tram,walking|tram|walking,3.5,19,0.0,subscription,False,False,planned,"Tram ride with short walks fits a quick visit to a coworking space, staying within the subscription.",4,2026-01-22T00:00:00,2026-01-28T23:59:59,Heidelberg,home,Heidelberg Home,Heidelberg,other,Heidelberg Coworking Space
trip_f06ccad5530c_00047,f06ccad5-530c-4055-a40e-35bd9d41d249,2026-01-27T08:45:00,2026-01-27T10:33:00,tuesday,commute,regional_train,walking|regional_train|car_sharing,125.5,108,5.0,subscription,True,False,planned,"Regional train for most of the distance, with a quick car‑sharing ride for the last kilometre when time is tight.",4,2026-01-22T00:00:00,2026-01-28T23:59:59,Heidelberg,home,Heidelberg Home,Stuttgart,work,Stuttgart Client Office
trip_f06ccad5530c_00048,f06ccad5-530c-4055-a40e-35bd9d41d249,2026-01-27T18:30:00,2026-01-27T20:19:00,tuesday,return_home,regional_train,car_sharing|regional_train|walking,125.6,109,5.0,subscription,True,False,planned,"Car‑sharing to the station, then a regional train home, mirrors the outbound trip and respects the subscription usage.",4,2026-01-22T00:00:00,2026-01-28T23:59:59,Stuttgart,work,Stuttgart Client Office,Heidelberg,home,Heidelberg Home
trip_f06ccad5530c_00049,f06ccad5-530c-4055-a40e-35bd9d41d249,2026-01-29T07:15:00,2026-01-29T10:52:00,thursday,commute,regional_train,regional_train|shared_bike,302.0,217,0.0,subscription,True,True,planned,"Fast, subscription‑covered train plus bike fits Tobias' need for efficient, low‑cost commuting to a client site",5,2026-01-29T00:00:00,2026-02-04T23:59:59,Heidelberg,home,Heidelberg Home,Munich,work,Munich Office
trip_f06ccad5530c_00050,f06ccad5-530c-4055-a40e-35bd9d41d249,2026-01-29T18:30:00,2026-01-29T22:20:00,thursday,commute,regional_train,regional_train|car_sharing,320.0,230,5.0,subscription,True,True,planned,Combines subscription train with on‑demand car‑share to minimise waiting time after a long‑distance commute,5,2026-01-29T00:00:00,2026-02-04T23:59:59,Munich,work,Munich Office,Heidelberg,home,Heidelberg Home
trip_f06ccad5530c_00051,f06ccad5-530c-4055-a40e-35bd9d41d249,2026-01-30T07:10:00,2026-01-30T11:03:00,friday,commute,regional_train,regional_train|bike,353.0,233,0.0,subscription,True,True,planned,"Uses subscription train for speed and bike for the final stretch, matching his efficiency‑first mindset",5,2026-01-29T00:00:00,2026-02-04T23:59:59,Heidelberg,home,Heidelberg Home,Düsseldorf,work,Düsseldorf Office
trip_f06ccad5530c_00052,f06ccad5-530c-4055-a40e-35bd9d41d249,2026-01-30T18:45:00,2026-01-30T22:38:00,friday,commute,regional_train,regional_train|bike,353.0,233,0.0,subscription,True,True,planned,"Ensures a quick, subscription‑based return home after a long‑distance workday",5,2026-01-29T00:00:00,2026-02-04T23:59:59,Düsseldorf,work,Düsseldorf Office,Heidelberg,home,Heidelberg Home
trip_f06ccad5530c_00053,f06ccad5-530c-4055-a40e-35bd9d41d249,2026-01-31T19:00:00,2026-01-31T19:12:00,saturday,leisure,bike,bike,4.0,12,0.0,none,False,False,spontaneous,"Quick bike ride aligns with his preference for fast, low‑effort evening outings",5,2026-01-29T00:00:00,2026-02-04T23:59:59,Heidelberg,home,Heidelberg Home,Heidelberg,restaurant,Heidelberg Restaurant
trip_f06ccad5530c_00054,f06ccad5-530c-4055-a40e-35bd9d41d249,2026-02-01T08:00:00,2026-02-01T13:35:00,sunday,family,regional_train,regional_train|shared_bike,622.0,335,0.0,subscription,False,False,planned,Uses his subscription for a fast long‑distance trip and a shared bike for a convenient last‑mile to family,5,2026-01-29T00:00:00,2026-02-04T23:59:59,Heidelberg,home,Heidelberg Home,Hamburg,family_visit,Hamburg Family Home
trip_f06ccad5530c_00055,f06ccad5-530c-4055-a40e-35bd9d41d249,2026-02-01T18:00:00,2026-02-01T23:35:00,sunday,return_home,regional_train,regional_train|shared_bike,622.0,335,0.0,subscription,False,False,planned,Efficiently returns home using the same subscription train and a quick shared bike leg,5,2026-01-29T00:00:00,2026-02-04T23:59:59,Hamburg,family_visit,Hamburg Family Home,Heidelberg,home,Heidelberg Home
trip_f06ccad5530c_00056,f06ccad5-530c-4055-a40e-35bd9d41d249,2026-02-02T12:30:00,2026-02-02T12:49:00,monday,leisure,tram,walking|tram|walking,3.8,19,0.0,subscription,False,False,planned,"Uses subscription tram for a quick, planned fitness break during the day",5,2026-01-29T00:00:00,2026-02-04T23:59:59,Heidelberg,home,Heidelberg Home,Heidelberg,fitness,Heidelberg Fitness Center
trip_f06ccad5530c_00057,f06ccad5-530c-4055-a40e-35bd9d41d249,2026-02-03T17:00:00,2026-02-03T21:07:00,tuesday,leisure,regional_train,regional_train|shared_bike,402.0,247,0.0,subscription,False,False,planned,Fast train plus shared bike aligns with his priority for speed and convenience to attend a sports event,5,2026-01-29T00:00:00,2026-02-04T23:59:59,Heidelberg,home,Heidelberg Home,Cologne,leisure,Cologne Stadium
trip_f06ccad5530c_00058,f06ccad5-530c-4055-a40e-35bd9d41d249,2026-02-03T21:30:00,2026-02-04T01:37:00,tuesday,return_home,regional_train,regional_train|shared_bike,402.0,247,0.0,subscription,False,False,planned,Ensures a timely return home using the same subscription train and a quick bike leg after the evening event,5,2026-01-29T00:00:00,2026-02-04T23:59:59,Cologne,leisure,Cologne Stadium,Heidelberg,home,Heidelberg Home
trip_f06ccad5530c_00059,f06ccad5-530c-4055-a40e-35bd9d41d249,2026-02-04T19:30:00,2026-02-04T19:42:00,wednesday,leisure,bike,bike,4.0,12,0.0,none,False,False,spontaneous,"Fast bike ride supports his preference for quick, low‑effort social evenings",5,2026-01-29T00:00:00,2026-02-04T23:59:59,Heidelberg,home,Heidelberg Home,Heidelberg,restaurant,Heidelberg Restaurant
trip_f06ccad5530c_00060,f06ccad5-530c-4055-a40e-35bd9d41d249,2026-02-04T20:00:00,2026-02-04T20:12:00,wednesday,return_home,bike,bike,4.0,12,0.0,none,False,False,spontaneous,"Maintains the quick, low‑effort return home consistent with his evening leisure habits",5,2026-01-29T00:00:00,2026-02-04T23:59:59,Heidelberg,restaurant,Heidelberg Restaurant,Heidelberg,home,Heidelberg Home
trip_f06ccad5530c_00061,f06ccad5-530c-4055-a40e-35bd9d41d249,2026-02-05T07:15:00,2026-02-05T08:55:00,monday,commute,regional_train,walking|regional_train|walking,91.1,100,0.0,subscription,True,False,planned,Fast regional train combined with bike‑friendly last‑mile fits Tobias' need for speed and flexibility on a client trip to Munich.,6,2026-02-05T00:00:00,2026-02-11T23:59:59,Heidelberg,home,Home,Munich,work,Client Office
trip_f06ccad5530c_00062,f06ccad5-530c-4055-a40e-35bd9d41d249,2026-02-05T19:30:00,2026-02-05T20:30:00,monday,leisure,walking,walking|walking,0.5,60,0.0,none,False,False,spontaneous,Evening dinner after a client day matches Tobias' frequent nightlife and restaurant outings.,6,2026-02-05T00:00:00,2026-02-11T23:59:59,Munich,work,Client Office,Munich,restaurant,Bavarian Bistro
trip_f06ccad5530c_00063,f06ccad5-530c-4055-a40e-35bd9d41d249,2026-02-06T17:00:00,2026-02-06T18:40:00,tuesday,return_home,regional_train,walking|regional_train|walking,91.1,100,0.0,subscription,False,False,planned,"Uses the same fast regional train for the return leg, keeping travel time low after a client day.",6,2026-02-05T00:00:00,2026-02-11T23:59:59,Munich,work,Client Office,Heidelberg,home,Home
trip_f06ccad5530c_00064,f06ccad5-530c-4055-a40e-35bd9d41d249,2026-02-06T20:00:00,2026-02-06T20:25:00,tuesday,leisure,bike,bike,6.0,25,0.0,none,False,True,routine,Regular bike ride to the gym aligns with Tobias' bike ownership and high leisure activity intensity.,6,2026-02-05T00:00:00,2026-02-11T23:59:59,Heidelberg,home,Home,Heidelberg,fitness,FitGym
trip_f06ccad5530c_00065,f06ccad5-530c-4055-a40e-35bd9d41d249,2026-02-07T06:45:00,2026-02-07T08:40:00,wednesday,commute,regional_train,walking|regional_train|walking,91.1,115,0.0,subscription,True,False,planned,Fast regional train combined with a short bike‑friendly last‑mile meets Tobias' need for efficient client travel to Düsseldorf.,6,2026-02-05T00:00:00,2026-02-11T23:59:59,Heidelberg,home,Home,Düsseldorf,work,Client Office
trip_f06ccad5530c_00066,f06ccad5-530c-4055-a40e-35bd9d41d249,2026-02-07T19:00:00,2026-02-07T19:25:00,wednesday,leisure,shared_bike,walking|shared_bike|walking,5.0,25,0.0,none,False,False,spontaneous,"Evening dinner after work, using a shared bike for a quick, car‑free last‑mile aligns with Tobias' preference for speed and low‑CO2 options.",6,2026-02-05T00:00:00,2026-02-11T23:59:59,Düsseldorf,work,Client Office,Düsseldorf,restaurant,Rheinufer Bistro
trip_f06ccad5530c_00067,f06ccad5-530c-4055-a40e-35bd9d41d249,2026-02-08T16:30:00,2026-02-08T18:25:00,thursday,return_home,regional_train,walking|regional_train|walking,91.1,115,0.0,subscription,False,False,planned,"Uses the same efficient regional train for the return leg, keeping travel time low after a client day.",6,2026-02-05T00:00:00,2026-02-11T23:59:59,Düsseldorf,work,Client Office,Heidelberg,home,Home
trip_f06ccad5530c_00068,f06ccad5-530c-4055-a40e-35bd9d41d249,2026-02-08T20:00:00,2026-02-08T22:30:00,thursday,leisure,walking,walking,0.5,150,0.0,none,False,False,spontaneous,Evening cinema visit matches Tobias' frequent nightlife and cultural activities.,6,2026-02-05T00:00:00,2026-02-11T23:59:59,Heidelberg,home,Home,Heidelberg,cinema,CineStar Cinema
trip_f06ccad5530c_00069,f06ccad5-530c-4055-a40e-35bd9d41d249,2026-02-09T08:30:00,2026-02-09T12:00:00,friday,work_related,tram,walking|tram|walking|walking,6.0,210,0.0,subscription,False,True,routine,Regular trip to a nearby co‑working space using tram fits his hybrid work pattern and subscription ticket.,6,2026-02-05T00:00:00,2026-02-11T23:59:59,Heidelberg,home,Home,Heidelberg,work,Co‑Working Space
trip_f06ccad5530c_00070,f06ccad5-530c-4055-a40e-35bd9d41d249,2026-02-09T18:30:00,2026-02-09T20:30:00,friday,leisure,bike,bike|walking,6.0,120,0.0,none,False,True,spontaneous,"Bike ride to a sports match aligns with his high leisure intensity and preference for fast, low‑effort travel.",6,2026-02-05T00:00:00,2026-02-11T23:59:59,Heidelberg,home,Home,Heidelberg,fitness,Local Sports Field
trip_f06ccad5530c_00071,f06ccad5-530c-4055-a40e-35bd9d41d249,2026-02-10T09:00:00,2026-02-10T13:30:00,saturday,leisure,regional_train,walking|regional_train|walking|shared_bike|walking|walking,108.5,270,0.0,subscription,False,False,planned,"Weekend trip to Cologne to meet friends, using fast regional train and shared bike for last‑mile, matching his high weekend activity level.",6,2026-02-05T00:00:00,2026-02-11T23:59:59,Heidelberg,home,Home,Cologne,friends_visits,Friends' Café
trip_f06ccad5530c_00072,f06ccad5-530c-4055-a40e-35bd9d41d249,2026-02-10T14:30:00,2026-02-10T17:25:00,saturday,return_home,regional_train,walking|regional_train|walking,101.0,175,0.0,subscription,False,False,planned,Return trip using the same subscription‑based regional train keeps travel efficient after a weekend visit.,6,2026-02-05T00:00:00,2026-02-11T23:59:59,Cologne,friends_visits,Friends' Café,Heidelberg,home,Home
trip_f06ccad5530c_00073,f06ccad5-530c-4055-a40e-35bd9d41d249,2026-02-13T06:30:00,2026-02-13T10:25:00,friday,commute,public_transport,walking|regional_train|bike,305.4,235,0.0,subscription,True,False,planned,"Fast, subscription‑covered train combined with bike for the last kilometre fits Tobias’ need for efficient client travel.",7,2026-02-12T00:00:00,2026-02-18T23:59:59,Heidelberg,home,Heidelberg Home,Munich,work,Munich Client Office
trip_f06ccad5530c_00074,f06ccad5-530c-4055-a40e-35bd9d41d249,2026-02-13T17:30:00,2026-02-13T21:35:00,friday,commute,public_transport,bike|regional_train|walking,305.4,245,0.0,subscription,True,False,planned,"Return commute using subscription train and bike mirrors outbound, ensuring quick travel back home.",7,2026-02-12T00:00:00,2026-02-18T23:59:59,Munich,work,Munich Client Office,Heidelberg,home,Heidelberg Home
trip_f06ccad5530c_00075,f06ccad5-530c-4055-a40e-35bd9d41d249,2026-02-14T18:30:00,2026-02-14T18:40:00,saturday,leisure,bike,bike,5.0,10,0.0,none,False,False,spontaneous,"Bike ride to a nearby restaurant aligns with Tobias’ preference for active, low‑cost evening outings.",7,2026-02-12T00:00:00,2026-02-18T23:59:59,Heidelberg,home,Heidelberg Home,Heidelberg,restaurant,Zum Güldenen Schwan
trip_f06ccad5530c_00076,f06ccad5-530c-4055-a40e-35bd9d41d249,2026-02-14T20:30:00,2026-02-14T20:35:00,saturday,return_home,walking,walking,0.4,5,0.0,none,False,False,spontaneous,"Short walk back home after dinner, fitting Tobias’ active lifestyle.",7,2026-02-12T00:00:00,2026-02-18T23:59:59,Heidelberg,restaurant,Zum Güldenen Schwan,Heidelberg,home,Heidelberg Home
trip_f06ccad5530c_00077,f06ccad5-530c-4055-a40e-35bd9d41d249,2026-02-15T18:00:00,2026-02-15T18:20:00,friday,leisure,public_transport,walking|tram|walking,3.8,20,0.0,subscription,False,False,spontaneous,"Uses tram covered by subscription to reach sports venue quickly, matching his evening activity frequency.",7,2026-02-12T00:00:00,2026-02-18T23:59:59,Heidelberg,home,Heidelberg Home,Heidelberg,fitness,Sportpark Rhein-Neckar
trip_f06ccad5530c_00078,f06ccad5-530c-4055-a40e-35bd9d41d249,2026-02-15T20:30:00,2026-02-15T20:50:00,friday,return_home,public_transport,walking|tram|walking,3.8,20,0.0,subscription,False,False,spontaneous,"Return via tram covered by subscription, keeping travel time low.",7,2026-02-12T00:00:00,2026-02-18T23:59:59,Heidelberg,fitness,Sportpark Rhein-Neckar,Heidelberg,home,Heidelberg Home
trip_f06ccad5530c_00079,f06ccad5-530c-4055-a40e-35bd9d41d249,2026-02-16T08:00:00,2026-02-16T14:00:00,saturday,family,public_transport,walking|regional_train|shared_bike,503.4,360,0.0,subscription,False,False,planned,"Long‑distance ICE covered by subscription, with shared bike for the final leg to family, matching Tobias’ weekend family visits.",7,2026-02-12T00:00:00,2026-02-18T23:59:59,Heidelberg,home,Heidelberg Home,Hamburg,family_visit,Family Home Hamburg
trip_f06ccad5530c_00080,f06ccad5-530c-4055-a40e-35bd9d41d249,2026-02-16T18:00:00,2026-02-17T00:05:00,saturday,return_home,public_transport,shared_bike|regional_train|walking,503.4,365,0.0,subscription,False,False,planned,Efficient return using shared bike to station and subscription ICE back to Heidelberg.,7,2026-02-12T00:00:00,2026-02-18T23:59:59,Hamburg,family_visit,Family Home Hamburg,Heidelberg,home,Heidelberg Home
trip_f06ccad5530c_00081,f06ccad5-530c-4055-a40e-35bd9d41d249,2026-02-17T09:00:00,2026-02-17T11:55:00,sunday,leisure,public_transport,walking|regional_train|shared_bike,352.4,175,0.0,subscription,False,False,planned,Subscription train to Cologne combined with shared bike to meet friends aligns with Tobias’ weekend social trips.,7,2026-02-12T00:00:00,2026-02-18T23:59:59,Heidelberg,home,Heidelberg Home,Cologne,restaurant,Friends' Restaurant Cologne
trip_f06ccad5530c_00082,f06ccad5-530c-4055-a40e-35bd9d41d249,2026-02-17T20:00:00,2026-02-17T23:05:00,sunday,return_home,public_transport,shared_bike|regional_train|walking,352.4,185,0.0,subscription,False,False,planned,Return via shared bike and subscription train ensures timely arrival home after evening with friends.,7,2026-02-12T00:00:00,2026-02-18T23:59:59,Cologne,restaurant,Friends' Restaurant Cologne,Heidelberg,home,Heidelberg Home
trip_f06ccad5530c_00083,f06ccad5-530c-4055-a40e-35bd9d41d249,2026-02-18T07:00:00,2026-02-18T10:15:00,wednesday,commute,public_transport,walking|regional_train|shared_bike,282.4,195,0.0,subscription,True,False,planned,"Uses subscription train for long distance and shared bike for the last kilometre, matching need for fast client site access.",7,2026-02-12T00:00:00,2026-02-18T23:59:59,Heidelberg,home,Heidelberg Home,Düsseldorf,work,Düsseldorf Client Office
trip_f06ccad5530c_00084,f06ccad5-530c-4055-a40e-35bd9d41d249,2026-02-18T18:00:00,2026-02-18T21:20:00,wednesday,commute,public_transport,shared_bike|regional_train|walking,282.4,200,0.0,subscription,True,False,planned,Efficient return using shared bike and subscription train.,7,2026-02-12T00:00:00,2026-02-18T23:59:59,Düsseldorf,work,Düsseldorf Client Office,Heidelberg,home,Heidelberg Home
trip_f06ccad5530c_00085,f06ccad5-530c-4055-a40e-35bd9d41d249,2026-02-19T08:00:00,2026-02-19T08:12:00,monday,work_related,bike,bike,3.0,12,0.0,none,True,False,planned,Fast shared‑bike ride to the coworking space aligns with his preference for speed and bike usage.,8,2026-02-19T00:00:00,2026-02-25T23:59:59,Heidelberg,home,Heidelberg Home,Heidelberg,work,Heidelberg Coworking Hub
trip_f06ccad5530c_00086,f06ccad5-530c-4055-a40e-35bd9d41d249,2026-02-19T12:30:00,2026-02-19T12:40:00,monday,leisure,walking,walking,0.8,10,0.0,none,False,False,spontaneous,Short walk to a nearby restaurant for a quick lunch break.,8,2026-02-19T00:00:00,2026-02-25T23:59:59,Heidelberg,work,Heidelberg Coworking Hub,Heidelberg,restaurant,Zum Goldenen Hirsch
trip_f06ccad5530c_00087,f06ccad5-530c-4055-a40e-35bd9d41d249,2026-02-20T07:00:00,2026-02-20T10:44:00,tuesday,commute,regional_train,walking|regional_train|bike,302.5,224,0.0,subscription,True,False,planned,"Uses his monthly public‑transport subscription for a fast regional train to Munich, then a shared bike for the last kilometre to the client office.",8,2026-02-19T00:00:00,2026-02-25T23:59:59,Heidelberg,home,Heidelberg Home,Munich,work,Munich Consulting Office
trip_f06ccad5530c_00088,f06ccad5-530c-4055-a40e-35bd9d41d249,2026-02-20T18:00:00,2026-02-20T21:44:00,tuesday,commute,regional_train,bike|regional_train|walking,302.5,224,0.0,subscription,True,False,planned,Return commute using the same subscription train and bike for speed.,8,2026-02-19T00:00:00,2026-02-25T23:59:59,Munich,work,Munich Consulting Office,Heidelberg,home,Heidelberg Home
trip_f06ccad5530c_00089,f06ccad5-530c-4055-a40e-35bd9d41d249,2026-02-21T07:30:00,2026-02-21T07:47:00,wednesday,leisure,tram,walking|tram|walking,2.0,17,0.0,subscription,False,False,planned,Uses tram (covered by subscription) combined with short walks to reach the gym efficiently.,8,2026-02-19T00:00:00,2026-02-25T23:59:59,Heidelberg,home,Heidelberg Home,Heidelberg,fitness,FitX Heidelberg
trip_f06ccad5530c_00090,f06ccad5-530c-4055-a40e-35bd9d41d249,2026-02-21T18:30:00,2026-02-21T18:55:00,wednesday,return_home,walking,walking,2.0,25,0.0,none,False,False,spontaneous,Walk home after gym to stay active.,8,2026-02-19T00:00:00,2026-02-25T23:59:59,Heidelberg,fitness,FitX Heidelberg,Heidelberg,home,Heidelberg Home
trip_f06ccad5530c_00091,f06ccad5-530c-4055-a40e-35bd9d41d249,2026-02-22T06:45:00,2026-02-22T10:28:00,thursday,commute,regional_train,walking|regional_train|bike,302.5,223,0.0,subscription,True,False,planned,Uses subscription regional train to Düsseldorf and a shared bike for the last kilometre to the client office.,8,2026-02-19T00:00:00,2026-02-25T23:59:59,Heidelberg,home,Heidelberg Home,Düsseldorf,work,Düsseldorf Consulting Office
trip_f06ccad5530c_00092,f06ccad5-530c-4055-a40e-35bd9d41d249,2026-02-22T17:15:00,2026-02-22T20:58:00,thursday,commute,regional_train,bike|regional_train|walking,302.5,223,0.0,subscription,True,False,planned,Return commute using shared bike to station and subscription train back home.,8,2026-02-19T00:00:00,2026-02-25T23:59:59,Düsseldorf,work,Düsseldorf Consulting Office,Heidelberg,home,Heidelberg Home
trip_f06ccad5530c_00093,f06ccad5-530c-4055-a40e-35bd9d41d249,2026-02-23T20:00:00,2026-02-23T20:12:00,friday,leisure,walking,walking,1.0,12,0.0,none,False,False,spontaneous,Evening walk to the cinema for a movie night.,8,2026-02-19T00:00:00,2026-02-25T23:59:59,Heidelberg,home,Heidelberg Home,Heidelberg,cinema,CineStar Heidelberg
trip_f06ccad5530c_00094,f06ccad5-530c-4055-a40e-35bd9d41d249,2026-02-24T09:00:00,2026-02-24T13:15:00,saturday,family,regional_train,walking|regional_train|walking,501.2,255,30.0,day_ticket,False,False,planned,Weekend family visit; uses a day ticket for the long‑distance ICE trip and short walks at each end.,8,2026-02-19T00:00:00,2026-02-25T23:59:59,Heidelberg,home,Heidelberg Home,Hamburg,family_visit,Hamburg Family Apt
trip_f06ccad5530c_00095,f06ccad5-530c-4055-a40e-35bd9d41d249,2026-02-24T17:00:00,2026-02-24T21:15:00,saturday,return_home,regional_train,walking|regional_train|walking,501.2,255,30.0,day_ticket,False,False,planned,Return from family visit using the same day ticket for the ICE train.,8,2026-02-19T00:00:00,2026-02-25T23:59:59,Hamburg,family_visit,Hamburg Family Apt,Heidelberg,home,Heidelberg Home
trip_f06ccad5530c_00096,f06ccad5-530c-4055-a40e-35bd9d41d249,2026-02-25T10:00:00,2026-02-25T13:11:00,sunday,leisure,regional_train,walking|regional_train|bike,352.0,191,0.0,subscription,False,False,planned,Weekend outing to meet friends; uses subscription train and shared bike for quick last‑mile travel.,8,2026-02-19T00:00:00,2026-02-25T23:59:59,Heidelberg,home,Heidelberg Home,Cologne,restaurant,Friends' Restaurant Cologne
trip_f06ccad5530c_00097,f06ccad5-530c-4055-a40e-35bd9d41d249,2026-02-26T08:30:00,2026-02-26T11:30:00,saturday,family,public_transport,walking|public_transport|walking,601.3,180,120.0,day_ticket,False,False,planned,"Long‑distance family visit uses fast ICE service with a day ticket, matching Tobias' need for speed and his subscription‑friendly ticketing preference.",9,2026-02-26T00:00:00,2026-03-04T23:59:59,Heidelberg,home,Home,Hamburg,family_visit,Family Home Hamburg
trip_f06ccad5530c_00098,f06ccad5-530c-4055-a40e-35bd9d41d249,2026-02-26T18:00:00,2026-02-26T18:08:00,saturday,leisure,walking,walking,0.6,8,0.0,none,False,False,spontaneous,Evening dinner aligns with Tobias' frequent nightlife and restaurant outings; walking is the quickest option in the city centre.,9,2026-02-26T00:00:00,2026-03-04T23:59:59,Hamburg,family_visit,Family Home Hamburg,Hamburg,restaurant,Restaurant Hafen
trip_f06ccad5530c_00099,f06ccad5-530c-4055-a40e-35bd9d41d249,2026-02-27T10:00:00,2026-02-27T12:58:00,sunday,return_home,public_transport,walking|public_transport|walking,601.4,178,120.0,day_ticket,False,False,planned,"Efficient return home after weekend family visit, using the same day ticket and fast ICE service.",9,2026-02-26T00:00:00,2026-03-04T23:59:59,Hamburg,restaurant,Restaurant Hafen,Heidelberg,home,Home
trip_f06ccad5530c_00100,f06ccad5-530c-4055-a40e-35bd9d41d249,2026-02-27T19:00:00,2026-02-27T21:29:00,sunday,leisure,public_transport,walking|public_transport|walking,251.2,149,0.0,subscription,False,False,planned,"Weekend visit to friends in Cologne uses his monthly public‑transport subscription, offering fast regional train travel and minimal extra cost.",9,2026-02-26T00:00:00,2026-03-04T23:59:59,Heidelberg,home,Home,Cologne,friends_visits,Friends' Apartment
trip_f06ccad5530c_00101,f06ccad5-530c-4055-a40e-35bd9d41d249,2026-02-28T07:45:00,2026-02-28T08:05:00,monday,commute,walking,walking,0.8,20,0.0,none,True,True,routine,"Short walk to the office matches his preference for quick, zero‑cost commuting on days he works on‑site.",9,2026-02-26T00:00:00,2026-03-04T23:59:59,Heidelberg,home,Home,Heidelberg,work,Consulting Office
trip_f06ccad5530c_00102,f06ccad5-530c-4055-a40e-35bd9d41d249,2026-02-28T12:45:00,2026-02-28T13:00:00,monday,leisure,walking,walking,0.5,15,0.0,none,False,False,spontaneous,"Mid‑day walk to a café reflects his high leisure intensity and preference for short, active breaks.",9,2026-02-26T00:00:00,2026-03-04T23:59:59,Heidelberg,work,Consulting Office,Heidelberg,restaurant,Café Central
trip_f06ccad5530c_00103,f06ccad5-530c-4055-a40e-35bd9d41d249,2026-02-28T17:45:00,2026-02-28T18:05:00,monday,return_home,walking,walking,0.8,20,0.0,none,False,True,routine,"Routine walk home aligns with his preference for low‑effort, healthy end‑of‑day travel.",9,2026-02-26T00:00:00,2026-03-04T23:59:59,Heidelberg,work,Consulting Office,Heidelberg,home,Home
trip_f06ccad5530c_00104,f06ccad5-530c-4055-a40e-35bd9d41d249,2026-03-01T07:50:00,2026-03-01T08:10:00,tuesday,commute,walking,walking,0.8,20,0.0,none,True,True,routine,Consistent with his weekday routine of walking to the office when on‑site.,9,2026-02-26T00:00:00,2026-03-04T23:59:59,Heidelberg,home,Home,Heidelberg,work,Consulting Office
trip_f06ccad5530c_00105,f06ccad5-530c-4055-a40e-35bd9d41d249,2026-03-01T18:30:00,2026-03-01T19:00:00,tuesday,leisure,bike,bike,5.0,30,0.0,none,False,False,spontaneous,"Bike trip to the gym matches his active lifestyle and preference for fast, zero‑cost travel after work.",9,2026-02-26T00:00:00,2026-03-04T23:59:59,Heidelberg,work,Consulting Office,Heidelberg,fitness,City Gym
trip_f06ccad5530c_00106,f06ccad5-530c-4055-a40e-35bd9d41d249,2026-03-02T07:55:00,2026-03-02T08:15:00,wednesday,commute,walking,walking,0.8,20,0.0,none,True,True,routine,"Regular walking commute maintains his low‑impact, time‑efficient travel habit.",9,2026-02-26T00:00:00,2026-03-04T23:59:59,Heidelberg,home,Home,Heidelberg,work,Consulting Office
trip_f06ccad5530c_00107,f06ccad5-530c-4055-a40e-35bd9d41d249,2026-03-02T19:00:00,2026-03-02T21:58:00,wednesday,work_related,public_transport,walking|public_transport|shared_bike,301.1,178,0.0,subscription,False,False,planned,"Fast regional train combined with a shared bike fulfills his need for flexible, time‑efficient client travel while staying within his subscription.",9,2026-02-26T00:00:00,2026-03-04T23:59:59,Heidelberg,work,Consulting Office,Düsseldorf,work,Client Office Düsseldorf
trip_f06ccad5530c_00108,f06ccad5-530c-4055-a40e-35bd9d41d249,2026-03-03T08:30:00,2026-03-03T11:27:00,thursday,return_home,public_transport,walking|public_transport|walking,301.1,177,0.0,subscription,False,False,planned,"Return trip uses his subscription and a quick walk to/from stations, aligning with his preference for efficient, hassle‑free travel after client work.",9,2026-02-26T00:00:00,2026-03-04T23:59:59,Düsseldorf,work,Client Office Düsseldorf,Heidelberg,home,Home
trip_f06ccad5530c_00109,f06ccad5-530c-4055-a40e-35bd9d41d249,2026-03-05T07:30:00,2026-03-05T11:30:00,thursday,commute,regional_train,bike|regional_train|shared_bike,305.3,240,0.0,subscription,True,True,planned,"Fast door‑to‑door trip using bike to station, regional train covered by his monthly subscription, and a shared bike for the last kilometre – matches his speed‑first, subscription‑based travel preference.",10,2026-03-05T00:00:00,2026-03-11T23:59:59,Heidelberg,home,Heidelberg Home,Munich,work,Munich Office
trip_f06ccad5530c_00110,f06ccad5-530c-4055-a40e-35bd9d41d249,2026-03-05T18:00:00,2026-03-05T22:00:00,thursday,commute,regional_train,shared_bike|regional_train|bike,305.3,240,0.0,subscription,True,True,planned,"Uses a shared bike to the station, regional train back home on his subscription, and a bike for the final leg – efficient and cost‑free for him.",10,2026-03-05T00:00:00,2026-03-11T23:59:59,Munich,work,Munich Office,Heidelberg,home,Heidelberg Home
trip_f06ccad5530c_00111,f06ccad5-530c-4055-a40e-35bd9d41d249,2026-03-06T08:00:00,2026-03-06T12:00:00,friday,commute,regional_train,bike|regional_train|bike,355.0,240,0.0,subscription,True,False,planned,"Fast connection via regional train (subscription) with bike legs at both ends, matching his need for speed on irregular client trips.",10,2026-03-05T00:00:00,2026-03-11T23:59:59,Heidelberg,home,Heidelberg Home,Düsseldorf,work,Düsseldorf Office
trip_f06ccad5530c_00112,f06ccad5-530c-4055-a40e-35bd9d41d249,2026-03-06T17:30:00,2026-03-06T21:30:00,friday,commute,regional_train,bike|regional_train|bike,355.0,240,0.0,subscription,True,False,planned,"Uses bike to the station, regional train on his subscription, and bike home – consistent with his speed‑focused, subscription‑based travel style.",10,2026-03-05T00:00:00,2026-03-11T23:59:59,Düsseldorf,work,Düsseldorf Office,Heidelberg,home,Heidelberg Home
trip_f06ccad5530c_00113,f06ccad5-530c-4055-a40e-35bd9d41d249,2026-03-07T10:00:00,2026-03-07T10:30:00,saturday,leisure,bike,bike,5.0,30,0.0,none,False,False,spontaneous,A short bike ride to a nearby park fits his high leisure intensity and bike ownership.,10,2026-03-05T00:00:00,2026-03-11T23:59:59,Heidelberg,home,Heidelberg Home,Heidelberg,park,Neuenheimer Feld Park
trip_f06ccad5530c_00114,f06ccad5-530c-4055-a40e-35bd9d41d249,2026-03-07T19:00:00,2026-03-07T20:30:00,saturday,leisure,shared_bike,walking|shared_bike|walking,2.5,90,1.5,none,False,False,spontaneous,"Evening dinner with friends, using a quick walk to a shared‑bike station and a short ride, matching his preference for fast, low‑cost mobility.",10,2026-03-05T00:00:00,2026-03-11T23:59:59,Heidelberg,home,Heidelberg Home,Heidelberg,restaurant,Zum Goldenen Hirsch
trip_f06ccad5530c_00115,f06ccad5-530c-4055-a40e-35bd9d41d249,2026-03-08T07:00:00,2026-03-08T13:00:00,sunday,family,regional_train,bike|regional_train|shared_bike,605.0,360,0.0,subscription,False,False,planned,"Long‑distance family visit using his subscription for ICE/Regional train, with bike and shared‑bike for first/last kilometre – aligns with his speed‑first, ticket‑based approach.",10,2026-03-05T00:00:00,2026-03-11T23:59:59,Heidelberg,home,Heidelberg Home,Hamburg,family_visit,Wagner Family Home
trip_f06ccad5530c_00116,f06ccad5-530c-4055-a40e-35bd9d41d249,2026-03-09T07:00:00,2026-03-09T13:00:00,monday,family,regional_train,shared_bike|regional_train|bike,605.0,360,0.0,subscription,False,False,planned,"Return home after family visit, using the same fast train subscription and bike/ shared‑bike for door‑to‑door coverage.",10,2026-03-05T00:00:00,2026-03-11T23:59:59,Hamburg,family_visit,Wagner Family Home,Heidelberg,home,Heidelberg Home
trip_f06ccad5530c_00117,f06ccad5-530c-4055-a40e-35bd9d41d249,2026-03-09T09:00:00,2026-03-09T09:15:00,monday,work_related,bike,bike,3.0,15,0.0,none,True,False,planned,"Quick bike ride to his local co‑working space, fitting his hybrid work day and bike preference.",10,2026-03-05T00:00:00,2026-03-11T23:59:59,Heidelberg,home,Heidelberg Home,Heidelberg,work,Co‑Working Space
trip_f06ccad5530c_00118,f06ccad5-530c-4055-a40e-35bd9d41d249,2026-03-09T18:30:00,2026-03-09T20:00:00,monday,leisure,bike,walking|bike|walking,2.5,90,0.0,none,False,False,spontaneous,"Evening sports activity; uses a short walk, bike ride and final walk, reflecting his preference for fast, active mobility.",10,2026-03-05T00:00:00,2026-03-11T23:59:59,Heidelberg,home,Heidelberg Home,Heidelberg,fitness,Sporthalle Heidelberg
trip_f06ccad5530c_00119,f06ccad5-530c-4055-a40e-35bd9d41d249,2026-03-10T08:00:00,2026-03-10T12:00:00,tuesday,work_related,regional_train,bike|regional_train|bike,255.0,240,0.0,subscription,False,False,planned,"Irregular client meeting in Cologne; uses bike to station, fast regional train covered by his subscription, and bike for the last kilometre.",10,2026-03-05T00:00:00,2026-03-11T23:59:59,Heidelberg,home,Heidelberg Home,Cologne,work,Cologne Client Site
trip_f06ccad5530c_00120,f06ccad5-530c-4055-a40e-35bd9d41d249,2026-03-10T19:00:00,2026-03-10T23:00:00,tuesday,work_related,regional_train,bike|regional_train|bike,255.0,240,0.0,subscription,False,False,planned,"Return trip after the Cologne meeting, using the same fast train subscription and bike legs for door‑to‑door efficiency.",10,2026-03-05T00:00:00,2026-03-11T23:59:59,Cologne,work,Cologne Client Site,Heidelberg,home,Heidelberg Home
trip_f06ccad5530c_00121,f06ccad5-530c-4055-a40e-35bd9d41d249,2026-03-12T07:15:00,2026-03-12T10:42:00,monday,commute,regional_train,walking|regional_train|bike,302.5,207,0.0,subscription,True,False,planned,Fast long-distance train combined with bike for last‑kilometre aligns with Tobias’s need for speed and subscription‑based public transport.,11,2026-03-12T00:00:00,2026-03-18T23:59:59,Heidelberg,home,Heidelberg Home,Munich,work,Munich Office
trip_f06ccad5530c_00122,f06ccad5-530c-4055-a40e-35bd9d41d249,2026-03-12T18:30:00,2026-03-12T22:00:00,monday,commute,regional_train,bike|regional_train|walking,302.5,210,0.0,subscription,True,False,planned,"Evening return uses the same fast train and bike, fitting his subscription and time‑efficient travel preferences.",11,2026-03-12T00:00:00,2026-03-18T23:59:59,Munich,work,Munich Office,Heidelberg,home,Heidelberg Home
trip_f06ccad5530c_00123,f06ccad5-530c-4055-a40e-35bd9d41d249,2026-03-13T09:00:00,2026-03-13T09:12:00,tuesday,work_related,bike,bike,3.0,12,0.0,none,False,True,routine,"Bike ride to a nearby co‑working space aligns with Tobias’s bike ownership and preference for quick, zero‑cost trips.",11,2026-03-12T00:00:00,2026-03-18T23:59:59,Heidelberg,home,Heidelberg Home,Heidelberg,other,Co‑working Space
trip_f06ccad5530c_00124,f06ccad5-530c-4055-a40e-35bd9d41d249,2026-03-14T19:00:00,2026-03-14T19:30:00,wednesday,leisure,tram,walking|tram|walking,4.3,30,0.0,subscription,False,False,spontaneous,"Evening tram ride to a restaurant uses his subscription and short walks, matching his preference for fast, convenient leisure trips.",11,2026-03-12T00:00:00,2026-03-18T23:59:59,Heidelberg,home,Heidelberg Home,Heidelberg,restaurant,City Center Restaurant
trip_f06ccad5530c_00125,f06ccad5-530c-4055-a40e-35bd9d41d249,2026-03-15T06:45:00,2026-03-15T10:27:00,thursday,commute,regional_train,walking|regional_train|shared_bike,352.5,222,2.0,subscription,True,False,planned,Long‑distance train with shared bike for the last kilometre provides speed and flexibility for his irregular Düsseldorf assignment.,11,2026-03-12T00:00:00,2026-03-18T23:59:59,Heidelberg,home,Heidelberg Home,Düsseldorf,work,Düsseldorf Office
trip_f06ccad5530c_00126,f06ccad5-530c-4055-a40e-35bd9d41d249,2026-03-15T18:15:00,2026-03-15T22:00:00,thursday,commute,regional_train,bike|regional_train|walking,352.5,225,0.0,subscription,True,False,planned,"Return uses bike and train, keeping subscription usage and time efficiency.",11,2026-03-12T00:00:00,2026-03-18T23:59:59,Düsseldorf,work,Düsseldorf Office,Heidelberg,home,Heidelberg Home
trip_f06ccad5530c_00127,f06ccad5-530c-4055-a40e-35bd9d41d249,2026-03-16T18:30:00,2026-03-16T19:05:00,friday,leisure,tram,walking|tram|walking,4.3,35,0.0,subscription,False,True,routine,Regular tram ride to a sports match fits his high leisure intensity and reliance on subscription public transport.,11,2026-03-12T00:00:00,2026-03-18T23:59:59,Heidelberg,home,Heidelberg Home,Heidelberg,fitness,Heidelberg Sports Stadium
trip_f06ccad5530c_00128,f06ccad5-530c-4055-a40e-35bd9d41d249,2026-03-17T08:00:00,2026-03-17T12:40:00,saturday,family,regional_train,walking|regional_train|walking,601.0,280,0.0,subscription,False,False,planned,"Long-distance train to Hamburg family aligns with his need for fast, ticket‑based travel for important family visits.",11,2026-03-12T00:00:00,2026-03-18T23:59:59,Heidelberg,home,Heidelberg Home,Hamburg,family_visit,Hamburg Family Home
trip_f06ccad5530c_00129,f06ccad5-530c-4055-a40e-35bd9d41d249,2026-03-17T20:00:00,2026-03-17T20:12:00,saturday,leisure,walking,walking,0.8,12,0.0,none,False,False,spontaneous,Short walk to a bar after family visit fits his spontaneous evening leisure habit.,11,2026-03-12T00:00:00,2026-03-18T23:59:59,Hamburg,family_visit,Hamburg Family Home,Hamburg,restaurant,Hamburg Bar
trip_f06ccad5530c_00130,f06ccad5-530c-4055-a40e-35bd9d41d249,2026-03-18T10:00:00,2026-03-18T10:20:00,sunday,leisure,bike,bike,5.0,20,0.0,none,False,True,routine,"Bike ride to the park leverages his bike ownership for a quick, healthy weekend activity.",11,2026-03-12T00:00:00,2026-03-18T23:59:59,Heidelberg,home,Heidelberg Home,Heidelberg,park,Heidelberg City Park
trip_f06ccad5530c_00131,f06ccad5-530c-4055-a40e-35bd9d41d249,2026-03-18T12:00:00,2026-03-18T15:32:00,sunday,leisure,regional_train,walking|regional_train|shared_bike,352.5,212,2.0,subscription,False,False,planned,"Train to Cologne with shared bike for the last kilometre matches his preference for fast, subscription‑based travel to meet friends.",11,2026-03-12T00:00:00,2026-03-18T23:59:59,Heidelberg,home,Heidelberg Home,Cologne,friends_visits,Cologne Friend's Apartment
trip_f06ccad5530c_00132,f06ccad5-530c-4055-a40e-35bd9d41d249,2026-03-18T17:00:00,2026-03-18T20:35:00,sunday,return_home,regional_train,shared_bike|regional_train|walking,352.5,215,2.0,subscription,False,False,planned,"Return trip uses shared bike and train, keeping subscription usage and minimizing travel time.",11,2026-03-12T00:00:00,2026-03-18T23:59:59,Cologne,friends_visits,Cologne Friend's Apartment,Heidelberg,home,Heidelberg Home
trip_f06ccad5530c_00133,f06ccad5-530c-4055-a40e-35bd9d41d249,2026-03-19T07:30:00,2026-03-19T10:00:00,monday,commute,regional_train,walking|regional_train|bike,303.5,150,0.0,subscription,True,False,planned,Fast regional train combined with bike for last‑kilometre fits Tobias' need for speed and flexibility on a client visit to Munich.,12,2026-03-19T00:00:00,2026-03-25T23:59:59,Heidelberg,home,Heidelberg Home,Munich,work,Munich Client Office
trip_f06ccad5530c_00134,f06ccad5-530c-4055-a40e-35bd9d41d249,2026-03-19T18:00:00,2026-03-19T20:25:00,monday,return_home,regional_train,bike|regional_train|walking,303.5,145,0.0,subscription,False,False,routine,"Evening return uses the same fast train and bike combo, keeping travel time low after a client day.",12,2026-03-19T00:00:00,2026-03-25T23:59:59,Munich,work,Munich Client Office,Heidelberg,home,Heidelberg Home
trip_f06ccad5530c_00135,f06ccad5-530c-4055-a40e-35bd9d41d249,2026-03-20T19:00:00,2026-03-20T19:23:00,tuesday,leisure,shared_bike,walking|shared_bike,5.2,23,2.0,none,False,False,spontaneous,Quick shared‑bike ride lets Tobias enjoy a dinner out without waiting for a car.,12,2026-03-19T00:00:00,2026-03-25T23:59:59,Heidelberg,home,Heidelberg Home,Heidelberg,restaurant,Heidelberg Italian Bistro
trip_f06ccad5530c_00136,f06ccad5-530c-4055-a40e-35bd9d41d249,2026-03-20T22:30:00,2026-03-20T23:00:00,tuesday,return_home,walking,walking,2.0,30,0.0,none,False,False,routine,A short walk back home after dinner fits Tobias' preference for low‑effort evening returns.,12,2026-03-19T00:00:00,2026-03-25T23:59:59,Heidelberg,restaurant,Heidelberg Italian Bistro,Heidelberg,home,Heidelberg Home
trip_f06ccad5530c_00137,f06ccad5-530c-4055-a40e-35bd9d41d249,2026-03-21T06:45:00,2026-03-21T09:30:00,wednesday,commute,regional_train,walking|regional_train|bike,304.5,165,0.0,subscription,True,False,planned,Fast regional train plus bike for the last kilometre meets the need for efficient travel to the Düsseldorf client site.,12,2026-03-19T00:00:00,2026-03-25T23:59:59,Heidelberg,home,Heidelberg Home,Düsseldorf,work,Düsseldorf Project Site
trip_f06ccad5530c_00138,f06ccad5-530c-4055-a40e-35bd9d41d249,2026-03-21T18:30:00,2026-03-21T18:45:00,wednesday,leisure,bike,bike,5.0,15,0.0,none,False,False,spontaneous,"After work, a quick bike ride to the gym fits his active lifestyle and need for fast, flexible travel.",12,2026-03-19T00:00:00,2026-03-25T23:59:59,Düsseldorf,work,Düsseldorf Project Site,Düsseldorf,fitness,FitX Gym
trip_f06ccad5530c_00139,f06ccad5-530c-4055-a40e-35bd9d41d249,2026-03-21T20:30:00,2026-03-21T23:15:00,wednesday,return_home,regional_train,bike|regional_train|walking,304.5,165,0.0,subscription,False,False,routine,Late‑evening train back home combined with a short bike ride keeps travel time reasonable after the gym.,12,2026-03-19T00:00:00,2026-03-25T23:59:59,Düsseldorf,fitness,FitX Gym,Heidelberg,home,Heidelberg Home
trip_f06ccad5530c_00140,f06ccad5-530c-4055-a40e-35bd9d41d249,2026-03-22T12:00:00,2026-03-22T12:15:00,thursday,errands,bike,bike,6.0,15,0.0,none,False,False,planned,"Bike ride to the mall aligns with his preference for active, low‑cost errands.",12,2026-03-19T00:00:00,2026-03-25T23:59:59,Heidelberg,home,Heidelberg Home,Heidelberg,shopping,Heidelberg City Mall
trip_f06ccad5530c_00141,f06ccad5-530c-4055-a40e-35bd9d41d249,2026-03-22T17:30:00,2026-03-22T17:45:00,thursday,return_home,bike,bike,6.0,15,0.0,none,False,False,routine,Cycling back home after shopping keeps the evening flexible.,12,2026-03-19T00:00:00,2026-03-25T23:59:59,Heidelberg,shopping,Heidelberg City Mall,Heidelberg,home,Heidelberg Home
trip_f06ccad5530c_00142,f06ccad5-530c-4055-a40e-35bd9d41d249,2026-03-23T07:00:00,2026-03-23T09:30:00,friday,commute,regional_train,walking|regional_train|bike,303.5,150,0.0,subscription,True,False,planned,"Morning train plus bike ensures a fast, reliable arrival at the Munich client site.",12,2026-03-19T00:00:00,2026-03-25T23:59:59,Heidelberg,home,Heidelberg Home,Munich,work,Munich Client Office
trip_f06ccad5530c_00143,f06ccad5-530c-4055-a40e-35bd9d41d249,2026-03-23T19:30:00,2026-03-23T19:55:00,friday,leisure,shared_bike,walking|shared_bike|walking,4.3,25,2.0,none,False,False,spontaneous,Quick shared‑bike ride lets Tobias unwind at a craft‑beer bar after work without waiting for a car.,12,2026-03-19T00:00:00,2026-03-25T23:59:59,Munich,work,Munich Client Office,Munich,restaurant,Munich Craft Beer Bar
trip_f06ccad5530c_00144,f06ccad5-530c-4055-a40e-35bd9d41d249,2026-03-23T22:30:00,2026-03-24T01:08:00,friday,return_home,regional_train,walking|shared_bike|regional_train|walking,304.7,158,2.0,subscription,False,False,routine,Late night train combined with a quick shared‑bike segment provides the fastest way home after a long workday.,12,2026-03-19T00:00:00,2026-03-25T23:59:59,Munich,work,Munich Client Office,Heidelberg,home,Heidelberg Home
trip_f06ccad5530c_00145,f06ccad5-530c-4055-a40e-35bd9d41d249,2026-03-26T07:30:00,2026-03-26T10:53:00,monday,commute,regional_train,walking|regional_train|bike,302.4,203,0.0,subscription,True,False,planned,"Fast, subscription‑based train combined with bike for the last kilometre matches Tobias' need for efficient, flexible travel to client sites.",13,2026-03-26T00:00:00,2026-04-01T23:59:59,Heidelberg,home,Tobias' Apartment,Munich,work,Client Office
trip_f06ccad5530c_00146,f06ccad5-530c-4055-a40e-35bd9d41d249,2026-03-26T17:00:00,2026-03-26T20:20:00,monday,commute,regional_train,bike|regional_train|walking,302.4,200,0.0,subscription,True,False,planned,"Return leg mirrors the outbound commute, using the same efficient mix of bike and subscription train.",13,2026-03-26T00:00:00,2026-04-01T23:59:59,Munich,work,Client Office,Heidelberg,home,Tobias' Apartment
trip_f06ccad5530c_00147,f06ccad5-530c-4055-a40e-35bd9d41d249,2026-03-27T19:00:00,2026-03-27T19:07:00,tuesday,leisure,walking,walking,0.4,7,0.0,none,False,False,spontaneous,Evening walk to a nearby restaurant fits Tobias' frequent social outings and high leisure intensity.,13,2026-03-26T00:00:00,2026-04-01T23:59:59,Heidelberg,home,Tobias' Apartment,Heidelberg,restaurant,Zum Goldenen Hirsch
trip_f06ccad5530c_00148,f06ccad5-530c-4055-a40e-35bd9d41d249,2026-03-27T21:45:00,2026-03-27T21:52:00,tuesday,return_home,walking,walking,0.4,7,0.0,none,False,False,spontaneous,"Walking back home after dinner aligns with Tobias' preference for quick, low‑effort returns.",13,2026-03-26T00:00:00,2026-04-01T23:59:59,Heidelberg,restaurant,Zum Goldenen Hirsch,Heidelberg,home,Tobias' Apartment
trip_f06ccad5530c_00149,f06ccad5-530c-4055-a40e-35bd9d41d249,2026-03-30T08:00:00,2026-03-30T12:45:00,monday,family,regional_train,walking|regional_train|walking,500.9,285,0.0,subscription,False,False,planned,"Weekend long‑distance train with a subscription gives fast, hassle‑free access to family in Hamburg, matching Tobias' preference for efficient, ticket‑based travel.",13,2026-03-26T00:00:00,2026-04-01T23:59:59,Heidelberg,home,Tobias' Apartment,Hamburg,family_visit,Wagner Family Home
trip_f06ccad5530c_00150,f06ccad5-530c-4055-a40e-35bd9d41d249,2026-03-30T18:00:00,2026-03-30T22:50:00,monday,family,regional_train,walking|regional_train|walking,500.9,290,0.0,subscription,False,False,planned,"Return train home uses the same subscription, ensuring a quick, cost‑effective end to the weekend family visit.",13,2026-03-26T00:00:00,2026-04-01T23:59:59,Hamburg,family_visit,Wagner Family Home,Heidelberg,home,Tobias' Apartment
trip_fdce694ff9a7_00001,fdce694f-f9a7-4325-9eda-016ac42d1935,2026-01-01T07:45:00,2026-01-01T08:15:00,thursday,commute,car,car|car,8.0,30,0.0,none,True,True,routine,"Uses the family car for a quick drop‑off at the kids' school and then to work, matching her priority for reliability and short travel time.",1,2026-01-01T00:00:00,2026-01-07T23:59:59,Passau,home,Anna's residence,Passau,work,Primary school (workplace)
trip_fdce694ff9a7_00002,fdce694f-f9a7-4325-9eda-016ac42d1935,2026-01-01T17:10:00,2026-01-01T17:45:00,thursday,commute,car,car,8.0,35,0.0,none,True,True,routine,"Car provides a direct, reliable return home after work, avoiding parking hassles.",1,2026-01-01T00:00:00,2026-01-07T23:59:59,Passau,work,Primary school (workplace),Passau,home,Anna's residence
trip_fdce694ff9a7_00003,fdce694f-f9a7-4325-9eda-016ac42d1935,2026-01-02T07:40:00,2026-01-02T08:20:00,friday,commute,car,car|car,8.0,40,0.0,none,True,True,routine,"Morning traffic is heavier on Fridays, but the car still offers the fastest door‑to‑door option.",1,2026-01-01T00:00:00,2026-01-07T23:59:59,Passau,home,Anna's residence,Passau,work,Primary school (workplace)
trip_fdce694ff9a7_00004,fdce694f-f9a7-4325-9eda-016ac42d1935,2026-01-02T17:15:00,2026-01-02T17:55:00,friday,commute,car,car,8.0,40,0.0,none,True,True,routine,Evening car ride avoids waiting for buses after a long school day.,1,2026-01-01T00:00:00,2026-01-07T23:59:59,Passau,work,Primary school (workplace),Passau,home,Anna's residence
trip_fdce694ff9a7_00005,fdce694f-f9a7-4325-9eda-016ac42d1935,2026-01-03T09:30:00,2026-01-03T10:00:00,sunday,leisure,public_transport,walking|bus|walking,6.7,30,0.0,monthly_pass,False,False,spontaneous,Uses the bus to avoid parking at the sports club; monthly pass makes the trip cost‑effective.,1,2026-01-01T00:00:00,2026-01-07T23:59:59,Passau,home,Anna's residence,Passau,fitness,Sports Club Passau
trip_fdce694ff9a7_00006,fdce694f-f9a7-4325-9eda-016ac42d1935,2026-01-04T10:00:00,2026-01-04T10:30:00,saturday,leisure,car,car,12.0,30,0.0,none,False,False,spontaneous,"Family outing to the park by car, fitting her preference for convenience and short travel time.",1,2026-01-01T00:00:00,2026-01-07T23:59:59,Passau,home,Anna's residence,Passau,park,Stadtpark Passau
trip_fdce694ff9a7_00007,fdce694f-f9a7-4325-9eda-016ac42d1935,2026-01-05T07:50:00,2026-01-05T08:15:00,monday,commute,public_transport,walking|bus|walking,5.8,25,0.0,monthly_pass,True,True,routine,Uses the bus on a heavy‑traffic Monday to keep travel time short; monthly pass covers cost.,1,2026-01-01T00:00:00,2026-01-07T23:59:59,Passau,home,Anna's residence,Passau,work,Primary school (workplace)
trip_fdce694ff9a7_00008,fdce694f-f9a7-4325-9eda-016ac42d1935,2026-01-05T17:20:00,2026-01-05T17:55:00,monday,commute,car,car,8.0,35,0.0,none,True,True,routine,"Evening car ride ensures a quick, hassle‑free return home.",1,2026-01-01T00:00:00,2026-01-07T23:59:59,Passau,work,Primary school (workplace),Passau,home,Anna's residence
trip_fdce694ff9a7_00009,fdce694f-f9a7-4325-9eda-016ac42d1935,2026-01-06T07:45:00,2026-01-06T08:20:00,tuesday,commute,car,car|car,8.0,35,0.0,none,True,True,routine,"Standard weekday car commute with school stop, matching her preference for convenience.",1,2026-01-01T00:00:00,2026-01-07T23:59:59,Passau,home,Anna's residence,Passau,work,Primary school (workplace)
trip_fdce694ff9a7_00010,fdce694f-f9a7-4325-9eda-016ac42d1935,2026-01-06T17:10:00,2026-01-06T17:45:00,tuesday,commute,car,car,8.0,35,0.0,none,True,True,routine,Evening car ride keeps the family together and avoids waiting for buses.,1,2026-01-01T00:00:00,2026-01-07T23:59:59,Passau,work,Primary school (workplace),Passau,home,Anna's residence
trip_fdce694ff9a7_00011,fdce694f-f9a7-4325-9eda-016ac42d1935,2026-01-07T07:50:00,2026-01-07T08:25:00,wednesday,commute,car,car|car,8.0,35,0.0,none,True,True,routine,"Typical weekday car commute with school stop, ensuring punctual arrival.",1,2026-01-01T00:00:00,2026-01-07T23:59:59,Passau,home,Anna's residence,Passau,work,Primary school (workplace)
trip_fdce694ff9a7_00012,fdce694f-f9a7-4325-9eda-016ac42d1935,2026-01-07T17:15:00,2026-01-07T17:55:00,wednesday,commute,car,car,8.0,40,0.0,none,True,True,routine,"Evening car ride provides a quick, reliable return home.",1,2026-01-01T00:00:00,2026-01-07T23:59:59,Passau,work,Primary school (workplace),Passau,home,Anna's residence
trip_fdce694ff9a7_00013,fdce694f-f9a7-4325-9eda-016ac42d1935,2026-01-08T07:12:00,2026-01-08T07:49:00,thursday,commute,car,car|car,13.0,37,0.0,none,True,True,routine,"Uses the family car for the morning drop‑off and commute to work, matching her preference for convenience and short travel time.",2,2026-01-08T00:00:00,2026-01-14T23:59:59,Passau,home,Anna's residence,Passau,work,St. Michael Primary School (workplace)
trip_fdce694ff9a7_00014,fdce694f-f9a7-4325-9eda-016ac42d1935,2026-01-08T15:35:00,2026-01-08T16:12:00,thursday,return_home,car,car|car,13.0,37,0.0,none,True,True,routine,"Car used to pick up children and drive home, keeping travel time short and avoiding parking hassles.",2,2026-01-08T00:00:00,2026-01-14T23:59:59,Passau,work,St. Michael Primary School (workplace),Passau,home,Anna's residence
trip_fdce694ff9a7_00015,fdce694f-f9a7-4325-9eda-016ac42d1935,2026-01-09T07:13:00,2026-01-09T07:50:00,friday,commute,car,car|car,13.0,37,0.0,none,True,True,routine,Morning commute by car aligns with her preference for reliability and minimal travel time.,2,2026-01-08T00:00:00,2026-01-14T23:59:59,Passau,home,Anna's residence,Passau,work,St. Michael Primary School (workplace)
trip_fdce694ff9a7_00016,fdce694f-f9a7-4325-9eda-016ac42d1935,2026-01-09T15:36:00,2026-01-09T16:13:00,friday,return_home,car,car|car,13.0,37,0.0,none,True,True,routine,Evening car trip picks up children and returns home efficiently.,2,2026-01-08T00:00:00,2026-01-14T23:59:59,Passau,work,St. Michael Primary School (workplace),Passau,home,Anna's residence
trip_fdce694ff9a7_00017,fdce694f-f9a7-4325-9eda-016ac42d1935,2026-01-11T10:00:00,2026-01-11T10:20:00,saturday,leisure,car,car,10.0,20,0.0,none,False,False,spontaneous,Family outing to the park by car fits her preference for convenience and short travel time.,2,2026-01-08T00:00:00,2026-01-14T23:59:59,Passau,home,Anna's residence,Passau,park,Ilzpark
trip_fdce694ff9a7_00018,fdce694f-f9a7-4325-9eda-016ac42d1935,2026-01-11T14:30:00,2026-01-11T14:50:00,saturday,return_home,car,car,10.0,20,0.0,none,False,False,spontaneous,Returning home by car after the park visit keeps the family schedule flexible.,2,2026-01-08T00:00:00,2026-01-14T23:59:59,Passau,park,Ilzpark,Passau,home,Anna's residence
trip_fdce694ff9a7_00019,fdce694f-f9a7-4325-9eda-016ac42d1935,2026-01-12T07:11:00,2026-01-12T07:48:00,monday,commute,car,car|car,13.0,37,0.0,none,True,True,routine,Routine morning commute by car ensures punctual arrival at school and quick drop‑off of children.,2,2026-01-08T00:00:00,2026-01-14T23:59:59,Passau,home,Anna's residence,Passau,work,St. Michael Primary School (workplace)
trip_fdce694ff9a7_00020,fdce694f-f9a7-4325-9eda-016ac42d1935,2026-01-12T15:34:00,2026-01-12T16:11:00,monday,return_home,car,car|car,13.0,37,0.0,none,True,True,routine,"Evening car trip follows the same reliable pattern, picking up the kids and heading home.",2,2026-01-08T00:00:00,2026-01-14T23:59:59,Passau,work,St. Michael Primary School (workplace),Passau,home,Anna's residence
trip_fdce694ff9a7_00021,fdce694f-f9a7-4325-9eda-016ac42d1935,2026-01-13T07:14:00,2026-01-13T07:51:00,tuesday,commute,car,car|car,13.0,37,0.0,none,True,True,routine,Consistent car commute supports her need for reliability and quick drop‑off of the children.,2,2026-01-08T00:00:00,2026-01-14T23:59:59,Passau,home,Anna's residence,Passau,work,St. Michael Primary School (workplace)
trip_fdce694ff9a7_00022,fdce694f-f9a7-4325-9eda-016ac42d1935,2026-01-13T15:33:00,2026-01-13T16:10:00,tuesday,return_home,car,car|car,13.0,37,0.0,none,True,True,routine,Evening car trip maintains the same efficient routine for family pick‑up and home travel.,2,2026-01-08T00:00:00,2026-01-14T23:59:59,Passau,work,St. Michael Primary School (workplace),Passau,home,Anna's residence
trip_fdce694ff9a7_00023,fdce694f-f9a7-4325-9eda-016ac42d1935,2026-01-14T07:10:00,2026-01-14T07:47:00,wednesday,commute,car,car|car,13.0,37,0.0,none,True,True,routine,Morning car commute aligns with her schedule and ensures timely arrival at school.,2,2026-01-08T00:00:00,2026-01-14T23:59:59,Passau,home,Anna's residence,Passau,work,St. Michael Primary School (workplace)
trip_fdce694ff9a7_00024,fdce694f-f9a7-4325-9eda-016ac42d1935,2026-01-14T15:35:00,2026-01-14T16:12:00,wednesday,return_home,car,car|car,13.0,37,0.0,none,True,True,routine,Evening car trip keeps the family routine consistent and avoids parking issues.,2,2026-01-08T00:00:00,2026-01-14T23:59:59,Passau,work,St. Michael Primary School (workplace),Passau,home,Anna's residence
trip_fdce694ff9a7_00025,fdce694f-f9a7-4325-9eda-016ac42d1935,2026-01-15T07:10:00,2026-01-15T07:50:00,friday,commute,car,car,12.0,40,3.6,none,True,True,routine,"Uses family car for reliable, on‑time school drop‑off and work commute, avoiding parking hassles.",3,2026-01-15T00:00:00,2026-01-21T23:59:59,Passau,home,Schneider Residence,Passau,work,Passau Primary School (work)
trip_fdce694ff9a7_00026,fdce694f-f9a7-4325-9eda-016ac42d1935,2026-01-15T16:45:00,2026-01-15T17:25:00,friday,return_home,car,car,12.0,40,3.6,none,False,True,routine,Drive home after work to avoid public transport delays and ensure family convenience.,3,2026-01-15T00:00:00,2026-01-21T23:59:59,Passau,work,Passau Primary School (work),Passau,home,Schneider Residence
trip_fdce694ff9a7_00027,fdce694f-f9a7-4325-9eda-016ac42d1935,2026-01-16T09:30:00,2026-01-16T10:00:00,saturday,leisure,car,car,8.0,30,2.4,none,False,True,routine,"Car used for quick family outing to nearby park, minimizing travel time.",3,2026-01-15T00:00:00,2026-01-21T23:59:59,Passau,home,Schneider Residence,Passau,park,Vorderbayrischer Park
trip_fdce694ff9a7_00028,fdce694f-f9a7-4325-9eda-016ac42d1935,2026-01-17T10:00:00,2026-01-17T10:30:00,sunday,leisure,bus,walking|bus|walking,5.8,30,0.0,monthly_pass,False,False,spontaneous,Uses bus with monthly pass to avoid parking and reduce cost for weekend sports activity.,3,2026-01-15T00:00:00,2026-01-21T23:59:59,Passau,home,Schneider Residence,Passau,fitness,Passau Sports Club
trip_fdce694ff9a7_00029,fdce694f-f9a7-4325-9eda-016ac42d1935,2026-01-18T07:10:00,2026-01-18T07:50:00,monday,commute,car,car,12.0,40,3.6,none,True,True,routine,"Uses car for reliable weekday commute, ensuring timely arrival at school.",3,2026-01-15T00:00:00,2026-01-21T23:59:59,Passau,home,Schneider Residence,Passau,work,Passau Primary School (work)
trip_fdce694ff9a7_00030,fdce694f-f9a7-4325-9eda-016ac42d1935,2026-01-18T16:45:00,2026-01-18T17:25:00,monday,return_home,car,car,12.0,40,3.6,none,False,True,routine,Drive home after work for convenience and to pick up children.,3,2026-01-15T00:00:00,2026-01-21T23:59:59,Passau,work,Passau Primary School (work),Passau,home,Schneider Residence
trip_fdce694ff9a7_00031,fdce694f-f9a7-4325-9eda-016ac42d1935,2026-01-19T07:10:00,2026-01-19T07:50:00,tuesday,commute,car,car,12.0,40,3.6,none,True,True,routine,Daily car commute ensures punctual arrival at school.,3,2026-01-15T00:00:00,2026-01-21T23:59:59,Passau,home,Schneider Residence,Passau,work,Passau Primary School (work)
trip_fdce694ff9a7_00032,fdce694f-f9a7-4325-9eda-016ac42d1935,2026-01-19T16:45:00,2026-01-19T17:25:00,tuesday,return_home,car,car,12.0,40,3.6,none,False,True,routine,Car return home after work for family convenience.,3,2026-01-15T00:00:00,2026-01-21T23:59:59,Passau,work,Passau Primary School (work),Passau,home,Schneider Residence
trip_fdce694ff9a7_00033,fdce694f-f9a7-4325-9eda-016ac42d1935,2026-01-20T07:10:00,2026-01-20T07:50:00,wednesday,commute,car,car,12.0,40,3.6,none,True,True,routine,Consistent car commute for reliable school arrival.,3,2026-01-15T00:00:00,2026-01-21T23:59:59,Passau,home,Schneider Residence,Passau,work,Passau Primary School (work)
trip_fdce694ff9a7_00034,fdce694f-f9a7-4325-9eda-016ac42d1935,2026-01-20T16:45:00,2026-01-20T17:25:00,wednesday,return_home,car,car,12.0,40,3.6,none,False,True,routine,Drive home after work for family convenience.,3,2026-01-15T00:00:00,2026-01-21T23:59:59,Passau,work,Passau Primary School (work),Passau,home,Schneider Residence
trip_fdce694ff9a7_00035,fdce694f-f9a7-4325-9eda-016ac42d1935,2026-01-21T07:10:00,2026-01-21T07:50:00,thursday,commute,car,car,12.0,40,3.6,none,True,True,routine,Standard car commute ensuring punctual arrival at school.,3,2026-01-15T00:00:00,2026-01-21T23:59:59,Passau,home,Schneider Residence,Passau,work,Passau Primary School (work)
trip_fdce694ff9a7_00036,fdce694f-f9a7-4325-9eda-016ac42d1935,2026-01-21T16:45:00,2026-01-21T17:25:00,thursday,return_home,car,car,12.0,40,3.6,none,False,True,routine,Drive home after work for family convenience and to avoid public transport delays.,3,2026-01-15T00:00:00,2026-01-21T23:59:59,Passau,work,Passau Primary School (work),Passau,home,Schneider Residence
trip_fdce694ff9a7_00037,fdce694f-f9a7-4325-9eda-016ac42d1935,2026-01-22T07:30:00,2026-01-22T08:15:00,monday,commute,car,car,12.0,45,3.6,none,True,True,routine,"Uses the family car to combine school drop‑off and work commute, matching her priority for reliability and short travel time.",4,2026-01-22T00:00:00,2026-01-28T23:59:59,Passau,home,Home,Passau,work,Gymnasium Passau
trip_fdce694ff9a7_00038,fdce694f-f9a7-4325-9eda-016ac42d1935,2026-01-22T16:00:00,2026-01-22T16:45:00,monday,commute,car,car,12.0,45,3.6,none,True,True,routine,"Car return home after work, keeping travel time short and avoiding parking hassles.",4,2026-01-22T00:00:00,2026-01-28T23:59:59,Passau,work,Gymnasium Passau,Passau,home,Home
trip_fdce694ff9a7_00039,fdce694f-f9a7-4325-9eda-016ac42d1935,2026-01-23T07:30:00,2026-01-23T08:15:00,tuesday,commute,car,car,12.0,45,3.6,none,True,True,routine,"Same weekday routine as Monday, using the car for a reliable commute.",4,2026-01-22T00:00:00,2026-01-28T23:59:59,Passau,home,Home,Passau,work,Gymnasium Passau
trip_fdce694ff9a7_00040,fdce694f-f9a7-4325-9eda-016ac42d1935,2026-01-23T16:00:00,2026-01-23T16:45:00,tuesday,commute,car,car,12.0,45,3.6,none,True,True,routine,"Evening car ride home, keeping travel predictable.",4,2026-01-22T00:00:00,2026-01-28T23:59:59,Passau,work,Gymnasium Passau,Passau,home,Home
trip_fdce694ff9a7_00041,fdce694f-f9a7-4325-9eda-016ac42d1935,2026-01-24T07:30:00,2026-01-24T08:15:00,wednesday,commute,car,car,12.0,45,3.6,none,True,True,routine,Mid‑week commute using the car for speed and convenience.,4,2026-01-22T00:00:00,2026-01-28T23:59:59,Passau,home,Home,Passau,work,Gymnasium Passau
trip_fdce694ff9a7_00042,fdce694f-f9a7-4325-9eda-016ac42d1935,2026-01-24T16:00:00,2026-01-24T16:45:00,wednesday,commute,car,car,12.0,45,3.6,none,True,True,routine,"Evening car ride home, aligning with her preference for short travel time.",4,2026-01-22T00:00:00,2026-01-28T23:59:59,Passau,work,Gymnasium Passau,Passau,home,Home
trip_fdce694ff9a7_00043,fdce694f-f9a7-4325-9eda-016ac42d1935,2026-01-25T07:30:00,2026-01-25T08:15:00,thursday,commute,car,car,12.0,45,3.6,none,True,True,routine,"Thursday morning car commute, keeping travel reliable.",4,2026-01-22T00:00:00,2026-01-28T23:59:59,Passau,home,Home,Passau,work,Gymnasium Passau
trip_fdce694ff9a7_00044,fdce694f-f9a7-4325-9eda-016ac42d1935,2026-01-25T16:00:00,2026-01-25T16:45:00,thursday,commute,car,car,12.0,45,3.6,none,True,True,routine,"Evening car ride home, matching her routine.",4,2026-01-22T00:00:00,2026-01-28T23:59:59,Passau,work,Gymnasium Passau,Passau,home,Home
trip_fdce694ff9a7_00045,fdce694f-f9a7-4325-9eda-016ac42d1935,2026-01-26T07:30:00,2026-01-26T08:15:00,friday,commute,car,car,12.0,45,3.6,none,True,True,routine,"Friday morning car commute, ensuring punctual start to the weekend.",4,2026-01-22T00:00:00,2026-01-28T23:59:59,Passau,home,Home,Passau,work,Gymnasium Passau
trip_fdce694ff9a7_00046,fdce694f-f9a7-4325-9eda-016ac42d1935,2026-01-26T16:00:00,2026-01-26T16:45:00,friday,commute,car,car,12.0,45,3.6,none,True,True,routine,"Evening car ride home, ending the work week.",4,2026-01-22T00:00:00,2026-01-28T23:59:59,Passau,work,Gymnasium Passau,Passau,home,Home
trip_fdce694ff9a7_00047,fdce694f-f9a7-4325-9eda-016ac42d1935,2026-01-27T10:00:00,2026-01-27T10:35:00,saturday,leisure,bus,walking|bus|walking,8.7,35,0.0,monthly_pass,False,False,planned,"Uses the bus and short walks to reach the city park, leveraging her monthly pass and avoiding parking hassles.",4,2026-01-22T00:00:00,2026-01-28T23:59:59,Passau,home,Home,Passau,park,Stadtpark
trip_fdce694ff9a7_00048,fdce694f-f9a7-4325-9eda-016ac42d1935,2026-01-28T09:00:00,2026-01-28T12:20:00,sunday,family,regional_train,walking|regional_train|walking,101.1,200,0.0,monthly_pass,False,False,planned,"Uses the regional train covered by her monthly pass for a family visit, avoiding car traffic and parking in Regensburg.",4,2026-01-22T00:00:00,2026-01-28T23:59:59,Passau,home,Home,Regensburg,family_visit,Relatives' House
trip_fdce694ff9a7_00049,fdce694f-f9a7-4325-9eda-016ac42d1935,2026-01-29T07:12:00,2026-01-29T07:38:00,thursday,commute,car,car,12.0,26,2.5,none,True,True,routine,"Uses the family car for a reliable, quick door‑to‑door commute, matching her priority of short travel time and avoiding parking hassles at school.",5,2026-01-29T00:00:00,2026-02-04T23:59:59,Passau,home,Home,Passau,work,St. Georg Gymnasium
trip_fdce694ff9a7_00050,fdce694f-f9a7-4325-9eda-016ac42d1935,2026-01-29T16:30:00,2026-01-29T16:55:00,thursday,commute,car,car,12.0,25,2.5,none,True,True,routine,"Car provides a fast return home and allows picking up the children, fitting her family‑centric schedule.",5,2026-01-29T00:00:00,2026-02-04T23:59:59,Passau,work,St. Georg Gymnasium,Passau,home,Home
trip_fdce694ff9a7_00051,fdce694f-f9a7-4325-9eda-016ac42d1935,2026-01-30T07:15:00,2026-01-30T07:40:00,friday,commute,car,car,12.0,25,2.5,none,True,True,routine,Morning car commute ensures punctual arrival at school and smooth drop‑off for the kids.,5,2026-01-29T00:00:00,2026-02-04T23:59:59,Passau,home,Home,Passau,work,St. Georg Gymnasium
trip_fdce694ff9a7_00052,fdce694f-f9a7-4325-9eda-016ac42d1935,2026-01-30T16:35:00,2026-01-30T17:00:00,friday,commute,car,car,12.0,25,2.5,none,True,True,routine,Evening car ride lets her pick up the children and avoid evening traffic delays.,5,2026-01-29T00:00:00,2026-02-04T23:59:59,Passau,work,St. Georg Gymnasium,Passau,home,Home
trip_fdce694ff9a7_00053,fdce694f-f9a7-4325-9eda-016ac42d1935,2026-01-31T10:00:00,2026-01-31T10:20:00,saturday,leisure,bike,bike,5.0,20,0.0,none,False,False,spontaneous,Bike ride to the nearby park offers family recreation and aligns with her high leisure intensity and health‑conscious habits.,5,2026-01-29T00:00:00,2026-02-04T23:59:59,Passau,home,Home,Passau,park,Stadtpark Passau
trip_fdce694ff9a7_00054,fdce694f-f9a7-4325-9eda-016ac42d1935,2026-02-01T11:30:00,2026-02-01T12:02:00,sunday,shopping,public_transport,walking|bus|walking,8.8,32,0.0,monthly_pass,False,False,planned,"Uses the monthly public‑transport pass for a convenient trip to the city centre, reducing car use and parking hassle while running errands.",5,2026-01-29T00:00:00,2026-02-04T23:59:59,Passau,home,Home,Passau,shopping,City Centre Mall
trip_fdce694ff9a7_00055,fdce694f-f9a7-4325-9eda-016ac42d1935,2026-02-02T07:10:00,2026-02-02T07:35:00,monday,commute,car,car,12.0,25,2.5,none,True,True,routine,Morning car commute aligns with her on‑site teaching schedule and school drop‑off routine.,5,2026-01-29T00:00:00,2026-02-04T23:59:59,Passau,home,Home,Passau,work,St. Georg Gymnasium
trip_fdce694ff9a7_00056,fdce694f-f9a7-4325-9eda-016ac42d1935,2026-02-02T16:40:00,2026-02-02T17:05:00,monday,commute,car,car,12.0,25,2.5,none,True,True,routine,Evening car ride ensures timely pick‑up of the children and a comfortable return home.,5,2026-01-29T00:00:00,2026-02-04T23:59:59,Passau,work,St. Georg Gymnasium,Passau,home,Home
trip_fdce694ff9a7_00057,fdce694f-f9a7-4325-9eda-016ac42d1935,2026-02-03T07:13:00,2026-02-03T07:38:00,tuesday,commute,car,car,12.0,25,2.5,none,True,True,routine,Consistent car commute supports her punctuality and family logistics.,5,2026-01-29T00:00:00,2026-02-04T23:59:59,Passau,home,Home,Passau,work,St. Georg Gymnasium
trip_fdce694ff9a7_00058,fdce694f-f9a7-4325-9eda-016ac42d1935,2026-02-03T16:45:00,2026-02-03T17:10:00,tuesday,commute,car,car,12.0,25,2.5,none,True,True,routine,Evening car trip allows her to pick up the children and avoid public‑transport wait times.,5,2026-01-29T00:00:00,2026-02-04T23:59:59,Passau,work,St. Georg Gymnasium,Passau,home,Home
trip_fdce694ff9a7_00059,fdce694f-f9a7-4325-9eda-016ac42d1935,2026-02-04T07:11:00,2026-02-04T07:36:00,wednesday,commute,car,car,12.0,25,2.5,none,True,True,routine,Mid‑week car commute keeps her schedule stable and ensures timely arrival at school.,5,2026-01-29T00:00:00,2026-02-04T23:59:59,Passau,home,Home,Passau,work,St. Georg Gymnasium
trip_fdce694ff9a7_00060,fdce694f-f9a7-4325-9eda-016ac42d1935,2026-02-04T16:50:00,2026-02-04T17:15:00,wednesday,commute,car,car,12.0,25,2.5,none,True,True,routine,Evening car ride provides a comfortable return home and allows picking up the children.,5,2026-01-29T00:00:00,2026-02-04T23:59:59,Passau,work,St. Georg Gymnasium,Passau,home,Home
trip_fdce694ff9a7_00061,fdce694f-f9a7-4325-9eda-016ac42d1935,2026-02-05T07:02:00,2026-02-05T07:42:00,monday,commute,car,car|walking,11.5,40,2.3,none,True,True,routine,"Uses the family car for a reliable, fast door‑to‑door commute to work, matching her priority of reliability and short travel time.",6,2026-02-05T00:00:00,2026-02-11T23:59:59,Passau,home,Schneider Residence,Passau,work,Passau Primary School
trip_fdce694ff9a7_00062,fdce694f-f9a7-4325-9eda-016ac42d1935,2026-02-05T16:35:00,2026-02-05T17:15:00,monday,return_home,car,walking|car,11.5,40,2.3,none,True,True,routine,"Car provides a quick, hassle‑free return home after work, aligning with her focus on reliability and short travel time.",6,2026-02-05T00:00:00,2026-02-11T23:59:59,Passau,work,Passau Primary School,Passau,home,Schneider Residence
trip_fdce694ff9a7_00063,fdce694f-f9a7-4325-9eda-016ac42d1935,2026-02-06T07:03:00,2026-02-06T07:43:00,tuesday,commute,car,car|walking,11.5,40,2.3,none,True,True,routine,"Car ensures a predictable, fast morning commute, fitting her reliability priority.",6,2026-02-05T00:00:00,2026-02-11T23:59:59,Passau,home,Schneider Residence,Passau,work,Passau Primary School
trip_fdce694ff9a7_00064,fdce694f-f9a7-4325-9eda-016ac42d1935,2026-02-06T16:35:00,2026-02-06T17:15:00,tuesday,return_home,car,walking|car,11.5,40,2.3,none,True,True,routine,"Evening car ride offers a quick, comfortable return home, matching her desire for short travel time.",6,2026-02-05T00:00:00,2026-02-11T23:59:59,Passau,work,Passau Primary School,Passau,home,Schneider Residence
trip_fdce694ff9a7_00065,fdce694f-f9a7-4325-9eda-016ac42d1935,2026-02-07T07:05:00,2026-02-07T07:50:00,wednesday,commute,bus,walking|bus|walking,10.6,45,0.0,monthly_pass,True,True,routine,"Uses the regional bus when traffic is heavy, leveraging her monthly pass to keep costs low while still meeting reliability needs.",6,2026-02-05T00:00:00,2026-02-11T23:59:59,Passau,home,Schneider Residence,Passau,work,Passau Primary School
trip_fdce694ff9a7_00066,fdce694f-f9a7-4325-9eda-016ac42d1935,2026-02-07T16:35:00,2026-02-07T17:15:00,wednesday,return_home,car,walking|car,11.5,40,2.3,none,True,True,routine,"Evening car ride provides a quick, comfortable return home, aligning with her focus on reliability.",6,2026-02-05T00:00:00,2026-02-11T23:59:59,Passau,work,Passau Primary School,Passau,home,Schneider Residence
trip_fdce694ff9a7_00067,fdce694f-f9a7-4325-9eda-016ac42d1935,2026-02-08T07:03:00,2026-02-08T07:43:00,thursday,commute,car,car|walking,11.5,40,2.3,none,True,True,routine,"Car ensures a fast, predictable morning commute.",6,2026-02-05T00:00:00,2026-02-11T23:59:59,Passau,home,Schneider Residence,Passau,work,Passau Primary School
trip_fdce694ff9a7_00068,fdce694f-f9a7-4325-9eda-016ac42d1935,2026-02-08T16:35:00,2026-02-08T17:15:00,thursday,return_home,car,walking|car,11.5,40,2.3,none,True,True,routine,"Car provides a quick, comfortable return home.",6,2026-02-05T00:00:00,2026-02-11T23:59:59,Passau,work,Passau Primary School,Passau,home,Schneider Residence
trip_fdce694ff9a7_00069,fdce694f-f9a7-4325-9eda-016ac42d1935,2026-02-09T07:02:00,2026-02-09T07:42:00,friday,commute,car,car|walking,11.5,40,2.3,none,True,True,routine,"Car ensures a reliable, fast start to the workday.",6,2026-02-05T00:00:00,2026-02-11T23:59:59,Passau,home,Schneider Residence,Passau,work,Passau Primary School
trip_fdce694ff9a7_00070,fdce694f-f9a7-4325-9eda-016ac42d1935,2026-02-09T16:35:00,2026-02-09T17:15:00,friday,return_home,car,walking|car,11.5,40,2.3,none,True,True,routine,"Evening car ride offers a quick, comfortable return home after the work week.",6,2026-02-05T00:00:00,2026-02-11T23:59:59,Passau,work,Passau Primary School,Passau,home,Schneider Residence
trip_fdce694ff9a7_00071,fdce694f-f9a7-4325-9eda-016ac42d1935,2026-02-10T10:00:00,2026-02-10T10:30:00,saturday,leisure,car,car|walking,8.5,30,1.6,none,False,False,spontaneous,"Family drives to the nearby park for a relaxed weekend outing, matching her high leisure intensity and preference for convenience.",6,2026-02-05T00:00:00,2026-02-11T23:59:59,Passau,home,Schneider Residence,Passau,park,Stadtpark Passau
trip_fdce694ff9a7_00072,fdce694f-f9a7-4325-9eda-016ac42d1935,2026-02-10T15:00:00,2026-02-10T15:30:00,saturday,return_home,car,walking|car,8.5,30,1.6,none,False,False,spontaneous,"After the park visit, the family drives home, keeping travel convenient and quick.",6,2026-02-05T00:00:00,2026-02-11T23:59:59,Passau,park,Stadtpark Passau,Passau,home,Schneider Residence
trip_fdce694ff9a7_00073,fdce694f-f9a7-4325-9eda-016ac42d1935,2026-02-12T09:30:00,2026-02-12T09:45:00,saturday,leisure,car,car,5.0,15,0.0,none,False,False,spontaneous,Family outing to the local park; car is convenient for transporting kids and gear.,7,2026-02-12T00:00:00,2026-02-18T23:59:59,Passau,home,Schneider Residence,Passau,park,Stadtpark Passau
trip_fdce694ff9a7_00074,fdce694f-f9a7-4325-9eda-016ac42d1935,2026-02-12T12:30:00,2026-02-12T12:45:00,saturday,return_home,car,car,5.0,15,0.0,none,False,False,spontaneous,Return home after park visit; car provides quick and comfortable travel back.,7,2026-02-12T00:00:00,2026-02-18T23:59:59,Passau,park,Stadtpark Passau,Passau,home,Schneider Residence
trip_fdce694ff9a7_00075,fdce694f-f9a7-4325-9eda-016ac42d1935,2026-02-14T07:10:00,2026-02-14T07:35:00,monday,commute,car,car,8.0,25,0.0,none,True,True,routine,"Car is preferred for reliability and to drop kids at school before work, matching her priority for short travel time and convenience.",7,2026-02-12T00:00:00,2026-02-18T23:59:59,Passau,home,Schneider Residence,Passau,work,Städtische Grundschule
trip_fdce694ff9a7_00076,fdce694f-f9a7-4325-9eda-016ac42d1935,2026-02-14T16:45:00,2026-02-14T17:10:00,monday,return_home,car,car,8.0,25,0.0,none,True,True,routine,Drive home after work; car avoids parking hassle at school and ensures quick return to family.,7,2026-02-12T00:00:00,2026-02-18T23:59:59,Passau,work,Städtische Grundschule,Passau,home,Schneider Residence
trip_fdce694ff9a7_00077,fdce694f-f9a7-4325-9eda-016ac42d1935,2026-02-15T07:10:00,2026-02-15T07:35:00,tuesday,commute,car,car,8.0,25,0.0,none,True,True,routine,Same routine as Monday; car ensures punctual arrival and convenient school drop‑off.,7,2026-02-12T00:00:00,2026-02-18T23:59:59,Passau,home,Schneider Residence,Passau,work,Städtische Grundschule
trip_fdce694ff9a7_00078,fdce694f-f9a7-4325-9eda-016ac42d1935,2026-02-15T16:45:00,2026-02-15T17:10:00,tuesday,return_home,car,car,8.0,25,0.0,none,True,True,routine,Evening drive home; car avoids waiting for bus and fits family schedule.,7,2026-02-12T00:00:00,2026-02-18T23:59:59,Passau,work,Städtische Grundschule,Passau,home,Schneider Residence
trip_fdce694ff9a7_00079,fdce694f-f9a7-4325-9eda-016ac42d1935,2026-02-16T07:10:00,2026-02-16T07:35:00,wednesday,commute,car,car,8.0,25,0.0,none,True,True,routine,Mid‑week commute; car remains fastest and most reliable option.,7,2026-02-12T00:00:00,2026-02-18T23:59:59,Passau,home,Schneider Residence,Passau,work,Städtische Grundschule
trip_fdce694ff9a7_00080,fdce694f-f9a7-4325-9eda-016ac42d1935,2026-02-16T16:45:00,2026-02-16T17:10:00,wednesday,return_home,car,car,8.0,25,0.0,none,True,True,routine,Evening drive home; maintains family routine.,7,2026-02-12T00:00:00,2026-02-18T23:59:59,Passau,work,Städtische Grundschule,Passau,home,Schneider Residence
trip_fdce694ff9a7_00081,fdce694f-f9a7-4325-9eda-016ac42d1935,2026-02-17T07:10:00,2026-02-17T07:35:00,thursday,commute,car,car,8.0,25,0.0,none,True,True,routine,Thursday commute; car provides consistent travel time.,7,2026-02-12T00:00:00,2026-02-18T23:59:59,Passau,home,Schneider Residence,Passau,work,Städtische Grundschule
trip_fdce694ff9a7_00082,fdce694f-f9a7-4325-9eda-016ac42d1935,2026-02-17T16:45:00,2026-02-17T17:10:00,thursday,return_home,car,car,8.0,25,0.0,none,True,True,routine,Drive home after work; keeps evening schedule flexible.,7,2026-02-12T00:00:00,2026-02-18T23:59:59,Passau,work,Städtische Grundschule,Passau,home,Schneider Residence
trip_fdce694ff9a7_00083,fdce694f-f9a7-4325-9eda-016ac42d1935,2026-02-18T07:10:00,2026-02-18T07:35:00,friday,commute,car,car,8.0,25,0.0,none,True,True,routine,Friday commute; car ensures punctual arrival before weekend.,7,2026-02-12T00:00:00,2026-02-18T23:59:59,Passau,home,Schneider Residence,Passau,work,Städtische Grundschule
trip_fdce694ff9a7_00084,fdce694f-f9a7-4325-9eda-016ac42d1935,2026-02-18T16:45:00,2026-02-18T17:10:00,friday,return_home,car,car,8.0,25,0.0,none,True,True,routine,End‑of‑week drive home; car avoids waiting for public transport after a long workday.,7,2026-02-12T00:00:00,2026-02-18T23:59:59,Passau,work,Städtische Grundschule,Passau,home,Schneider Residence
trip_fdce694ff9a7_00085,fdce694f-f9a7-4325-9eda-016ac42d1935,2026-02-19T07:15:00,2026-02-19T07:45:00,thursday,commute,car,car,12.0,30,2.4,none,True,True,routine,"Uses the family car for a reliable, quick drop‑off of her children and to reach the school on time, matching her priority for convenience and short travel time.",8,2026-02-19T00:00:00,2026-02-25T23:59:59,Passau,home,Schneider Residence,Passau,work,St. Michael Primary School (Anna's workplace)
trip_fdce694ff9a7_00086,fdce694f-f9a7-4325-9eda-016ac42d1935,2026-02-19T16:00:00,2026-02-19T16:30:00,thursday,return_home,car,car,12.0,30,2.4,none,False,True,routine,"Car provides a fast, hassle‑free return home after work, avoiding parking issues.",8,2026-02-19T00:00:00,2026-02-25T23:59:59,Passau,work,St. Michael Primary School,Passau,home,Schneider Residence
trip_fdce694ff9a7_00087,fdce694f-f9a7-4325-9eda-016ac42d1935,2026-02-20T07:10:00,2026-02-20T07:40:00,friday,commute,car,car,12.0,30,2.4,none,True,True,routine,Continues the weekday pattern of driving to work for reliability and quick travel.,8,2026-02-19T00:00:00,2026-02-25T23:59:59,Passau,home,Schneider Residence,Passau,work,St. Michael Primary School
trip_fdce694ff9a7_00088,fdce694f-f9a7-4325-9eda-016ac42d1935,2026-02-20T16:05:00,2026-02-20T16:35:00,friday,return_home,car,car,12.0,30,2.4,none,False,True,routine,"Ends the workday with a familiar, quick car ride home.",8,2026-02-19T00:00:00,2026-02-25T23:59:59,Passau,work,St. Michael Primary School,Passau,home,Schneider Residence
trip_fdce694ff9a7_00089,fdce694f-f9a7-4325-9eda-016ac42d1935,2026-02-21T09:00:00,2026-02-21T09:25:00,saturday,leisure,bike,bike,5.0,25,0.0,none,False,False,spontaneous,"Family enjoys a short bike ride to the nearby park, fitting her high leisure intensity and bike ownership.",8,2026-02-19T00:00:00,2026-02-25T23:59:59,Passau,home,Schneider Residence,Passau,park,Stadtpark Passau
trip_fdce694ff9a7_00090,fdce694f-f9a7-4325-9eda-016ac42d1935,2026-02-21T13:00:00,2026-02-21T13:35:00,saturday,leisure,bus,walking|bus|walking,6.5,35,0.0,monthly_pass,False,False,spontaneous,"Uses the regional bus (covered by her monthly pass) to reach the sports club, avoiding parking and keeping costs low.",8,2026-02-19T00:00:00,2026-02-25T23:59:59,Passau,park,Stadtpark Passau,Passau,fitness,Passau Sports Club
trip_fdce694ff9a7_00091,fdce694f-f9a7-4325-9eda-016ac42d1935,2026-02-21T15:30:00,2026-02-21T16:00:00,saturday,return_home,car,car,12.0,30,2.4,none,False,False,routine,"After sports, the family drives home to avoid late‑evening public‑transport waiting.",8,2026-02-19T00:00:00,2026-02-25T23:59:59,Passau,fitness,Passau Sports Club,Passau,home,Schneider Residence
trip_fdce694ff9a7_00092,fdce694f-f9a7-4325-9eda-016ac42d1935,2026-02-22T11:00:00,2026-02-22T11:35:00,sunday,shopping,bus,walking|bus|walking,9.0,35,0.0,monthly_pass,False,False,planned,"Uses the monthly‑pass bus to reach the city centre for weekend shopping, avoiding parking fees.",8,2026-02-19T00:00:00,2026-02-25T23:59:59,Passau,home,Schneider Residence,Passau,shopping,Passau City Center Mall
trip_fdce694ff9a7_00093,fdce694f-f9a7-4325-9eda-016ac42d1935,2026-02-23T07:12:00,2026-02-23T07:42:00,monday,commute,car,car,12.0,30,2.4,none,True,True,routine,Standard weekday car commute for reliable school arrival.,8,2026-02-19T00:00:00,2026-02-25T23:59:59,Passau,home,Schneider Residence,Passau,work,St. Michael Primary School
trip_fdce694ff9a7_00094,fdce694f-f9a7-4325-9eda-016ac42d1935,2026-02-23T18:00:00,2026-02-23T18:35:00,monday,errands,bus,walking|bus|walking,7.5,35,0.0,monthly_pass,False,False,spontaneous,"After work, uses the bus (covered by monthly pass) to run grocery errands, avoiding traffic and parking.",8,2026-02-19T00:00:00,2026-02-25T23:59:59,Passau,work,St. Michael Primary School,Passau,errands,Local Supermarket
trip_fdce694ff9a7_00095,fdce694f-f9a7-4325-9eda-016ac42d1935,2026-02-24T07:15:00,2026-02-24T07:45:00,tuesday,commute,car,car,12.0,30,2.4,none,True,True,routine,Continues the weekday car commute for punctual school arrival.,8,2026-02-19T00:00:00,2026-02-25T23:59:59,Passau,home,Schneider Residence,Passau,work,St. Michael Primary School
trip_fdce694ff9a7_00096,fdce694f-f9a7-4325-9eda-016ac42d1935,2026-02-25T08:00:00,2026-02-25T19:05:00,wednesday,family,regional_train,walking|regional_train|walking|regional_train|walking,201.2,665,0.0,monthly_pass,False,False,planned,"Uses the regional train covered by her monthly pass for a cost‑effective day trip to visit relatives, avoiding car parking in Regensburg.",8,2026-02-19T00:00:00,2026-02-25T23:59:59,Passau,home,Schneider Residence,Regensburg,family_visit,Schneider Family in Regensburg
trip_fdce694ff9a7_00097,fdce694f-f9a7-4325-9eda-016ac42d1935,2026-02-26T07:20:00,2026-02-26T08:05:00,thursday,commute,car,car,12.0,45,2.4,none,True,True,routine,"Uses car for reliable and quick drop‑off at school and work, matching preference for convenience.",9,2026-02-26T00:00:00,2026-03-04T23:59:59,Passau,home,Schneider Residence,Passau,work,Gymnasium Passau
trip_fdce694ff9a7_00098,fdce694f-f9a7-4325-9eda-016ac42d1935,2026-02-26T16:00:00,2026-02-26T16:40:00,thursday,commute,public_transport,walking|bus|walking,10.6,40,0.0,monthly_pass,True,True,routine,"Chooses bus to avoid traffic and uses monthly pass, keeping travel cost low while staying reliable.",9,2026-02-26T00:00:00,2026-03-04T23:59:59,Passau,work,Gymnasium Passau,Passau,home,Schneider Residence
trip_fdce694ff9a7_00099,fdce694f-f9a7-4325-9eda-016ac42d1935,2026-02-27T07:25:00,2026-02-27T08:10:00,friday,commute,car,car,12.0,45,2.4,none,True,True,routine,Car provides fastest door‑to‑door travel for morning routine.,9,2026-02-26T00:00:00,2026-03-04T23:59:59,Passau,home,Schneider Residence,Passau,work,Gymnasium Passau
trip_fdce694ff9a7_00100,fdce694f-f9a7-4325-9eda-016ac42d1935,2026-02-27T16:30:00,2026-02-27T17:15:00,friday,commute,car,car,12.0,45,2.4,none,True,True,routine,Evening traffic moderate; car remains convenient for family.,9,2026-02-26T00:00:00,2026-03-04T23:59:59,Passau,work,Gymnasium Passau,Passau,home,Schneider Residence
trip_fdce694ff9a7_00101,fdce694f-f9a7-4325-9eda-016ac42d1935,2026-02-28T09:00:00,2026-02-28T09:45:00,saturday,leisure,car,car,12.0,45,2.4,none,False,False,planned,"Family outing to the park, car used for convenience and to transport children.",9,2026-02-26T00:00:00,2026-03-04T23:59:59,Passau,home,Schneider Residence,Passau,park,Stadtpark Passau
trip_fdce694ff9a7_00102,fdce694f-f9a7-4325-9eda-016ac42d1935,2026-02-28T12:30:00,2026-02-28T13:15:00,saturday,return_home,car,car,12.0,45,2.4,none,False,False,planned,"Return home after park visit, using the car for quick and comfortable travel.",9,2026-02-26T00:00:00,2026-03-04T23:59:59,Passau,park,Stadtpark Passau,Passau,home,Schneider Residence
trip_fdce694ff9a7_00103,fdce694f-f9a7-4325-9eda-016ac42d1935,2026-03-02T07:20:00,2026-03-02T08:05:00,monday,commute,car,car,12.0,45,2.4,none,True,True,routine,Morning car commute ensures punctual arrival at school.,9,2026-02-26T00:00:00,2026-03-04T23:59:59,Passau,home,Schneider Residence,Passau,work,Gymnasium Passau
trip_fdce694ff9a7_00104,fdce694f-f9a7-4325-9eda-016ac42d1935,2026-03-02T16:10:00,2026-03-02T16:50:00,monday,commute,public_transport,walking|bus|walking,10.6,40,0.0,monthly_pass,True,True,routine,Bus avoids rush‑hour congestion; monthly pass covers cost.,9,2026-02-26T00:00:00,2026-03-04T23:59:59,Passau,work,Gymnasium Passau,Passau,home,Schneider Residence
trip_fdce694ff9a7_00105,fdce694f-f9a7-4325-9eda-016ac42d1935,2026-03-03T07:30:00,2026-03-03T08:15:00,tuesday,commute,car,car,12.0,45,2.4,none,True,True,routine,Car remains fastest option for morning schedule.,9,2026-02-26T00:00:00,2026-03-04T23:59:59,Passau,home,Schneider Residence,Passau,work,Gymnasium Passau
trip_fdce694ff9a7_00106,fdce694f-f9a7-4325-9eda-016ac42d1935,2026-03-03T16:45:00,2026-03-03T17:30:00,tuesday,commute,car,car,12.0,45,2.4,none,True,True,routine,Evening traffic light; car offers flexibility for family after work.,9,2026-02-26T00:00:00,2026-03-04T23:59:59,Passau,work,Gymnasium Passau,Passau,home,Schneider Residence
trip_fdce694ff9a7_00107,fdce694f-f9a7-4325-9eda-016ac42d1935,2026-03-04T07:20:00,2026-03-04T08:05:00,wednesday,commute,car,car,12.0,45,2.4,none,True,True,routine,Standard morning drive to school.,9,2026-02-26T00:00:00,2026-03-04T23:59:59,Passau,home,Schneider Residence,Passau,work,Gymnasium Passau
trip_fdce694ff9a7_00108,fdce694f-f9a7-4325-9eda-016ac42d1935,2026-03-04T16:30:00,2026-03-04T17:15:00,wednesday,commute,car,car,12.0,45,2.4,none,True,True,routine,Evening drive home after school day.,9,2026-02-26T00:00:00,2026-03-04T23:59:59,Passau,work,Gymnasium Passau,Passau,home,Schneider Residence
trip_fdce694ff9a7_00109,fdce694f-f9a7-4325-9eda-016ac42d1935,2026-03-05T07:15:00,2026-03-05T07:45:00,thursday,commute,car,car,12.0,30,0.0,none,True,True,routine,"Uses the family car for a reliable and quick morning commute, matching her priority of short travel time and convenience.",10,2026-03-05T00:00:00,2026-03-11T23:59:59,Passau,home,Schneider Residence,Passau,work,Stadtschule Passau
trip_fdce694ff9a7_00110,fdce694f-f9a7-4325-9eda-016ac42d1935,2026-03-05T16:30:00,2026-03-05T17:00:00,thursday,return_home,car,car,12.0,30,0.0,none,True,True,routine,"Car provides a fast and hassle‑free return home after work, aligning with her focus on reliability.",10,2026-03-05T00:00:00,2026-03-11T23:59:59,Passau,work,Stadtschule Passau,Passau,home,Schneider Residence
trip_fdce694ff9a7_00111,fdce694f-f9a7-4325-9eda-016ac42d1935,2026-03-06T07:15:00,2026-03-06T07:45:00,friday,commute,car,car,12.0,30,0.0,none,True,True,routine,Morning car commute ensures punctual arrival at school while handling the kids' drop‑off.,10,2026-03-05T00:00:00,2026-03-11T23:59:59,Passau,home,Schneider Residence,Passau,work,Stadtschule Passau
trip_fdce694ff9a7_00112,fdce694f-f9a7-4325-9eda-016ac42d1935,2026-03-06T16:30:00,2026-03-06T17:00:00,friday,return_home,car,car,12.0,30,0.0,none,True,True,routine,Car homeward journey avoids parking issues and keeps travel time short after a workday.,10,2026-03-05T00:00:00,2026-03-11T23:59:59,Passau,work,Stadtschule Passau,Passau,home,Schneider Residence
trip_fdce694ff9a7_00113,fdce694f-f9a7-4325-9eda-016ac42d1935,2026-03-07T09:30:00,2026-03-07T13:30:00,saturday,leisure,car,car|car,16.0,240,0.0,none,False,False,planned,Family outing to the nearby park by car offers convenience and fits her high leisure intensity.,10,2026-03-05T00:00:00,2026-03-11T23:59:59,Passau,home,Schneider Residence,Passau,home,Schneider Residence
trip_fdce694ff9a7_00114,fdce694f-f9a7-4325-9eda-016ac42d1935,2026-03-08T09:00:00,2026-03-08T17:30:00,sunday,family,regional_train,walking|regional_train|walking|regional_train|walking,201.1,510,0.0,monthly_pass,False,False,planned,Day trip to relatives in Regensburg using the regional train covered by her monthly pass balances cost‑effectiveness with family time.,10,2026-03-05T00:00:00,2026-03-11T23:59:59,Passau,home,Schneider Residence,Passau,home,Schneider Residence
trip_fdce694ff9a7_00115,fdce694f-f9a7-4325-9eda-016ac42d1935,2026-03-09T07:15:00,2026-03-09T07:45:00,monday,commute,car,car,12.0,30,0.0,none,True,True,routine,Consistent car commute supports reliable arrival at school and child drop‑off.,10,2026-03-05T00:00:00,2026-03-11T23:59:59,Passau,home,Schneider Residence,Passau,work,Stadtschule Passau
trip_fdce694ff9a7_00116,fdce694f-f9a7-4325-9eda-016ac42d1935,2026-03-09T16:30:00,2026-03-09T17:00:00,monday,return_home,car,car,12.0,30,0.0,none,True,True,routine,Car return ensures quick and comfortable arrival home after teaching duties.,10,2026-03-05T00:00:00,2026-03-11T23:59:59,Passau,work,Stadtschule Passau,Passau,home,Schneider Residence
trip_fdce694ff9a7_00117,fdce694f-f9a7-4325-9eda-016ac42d1935,2026-03-10T07:15:00,2026-03-10T07:45:00,tuesday,commute,car,car,12.0,30,0.0,none,True,True,routine,Morning car commute keeps travel time short and allows child drop‑off.,10,2026-03-05T00:00:00,2026-03-11T23:59:59,Passau,home,Schneider Residence,Passau,work,Stadtschule Passau
trip_fdce694ff9a7_00118,fdce694f-f9a7-4325-9eda-016ac42d1935,2026-03-10T16:30:00,2026-03-10T17:00:00,tuesday,return_home,car,car,12.0,30,0.0,none,True,True,routine,"Car return after work aligns with her preference for a quick, hassle‑free home arrival.",10,2026-03-05T00:00:00,2026-03-11T23:59:59,Passau,work,Stadtschule Passau,Passau,home,Schneider Residence
trip_fdce694ff9a7_00119,fdce694f-f9a7-4325-9eda-016ac42d1935,2026-03-11T07:15:00,2026-03-11T07:45:00,wednesday,commute,car,car,12.0,30,0.0,none,True,True,routine,Morning car commute ensures punctual arrival and convenient child drop‑off.,10,2026-03-05T00:00:00,2026-03-11T23:59:59,Passau,home,Schneider Residence,Passau,work,Stadtschule Passau
trip_fdce694ff9a7_00120,fdce694f-f9a7-4325-9eda-016ac42d1935,2026-03-11T16:30:00,2026-03-11T17:00:00,wednesday,return_home,car,car,12.0,30,0.0,none,True,True,routine,Car return after work keeps travel time short and avoids parking hassles.,10,2026-03-05T00:00:00,2026-03-11T23:59:59,Passau,work,Stadtschule Passau,Passau,home,Schneider Residence
trip_fdce694ff9a7_00121,fdce694f-f9a7-4325-9eda-016ac42d1935,2026-03-12T09:00:00,2026-03-12T09:10:00,saturday,leisure,car,car,5.0,10,1.0,none,False,False,planned,Weekend park visit fits family leisure and short car drive preference.,11,2026-03-12T00:00:00,2026-03-18T23:59:59,Passau,home,Schneider Residence,Passau,park,Stadtpark Passau
trip_fdce694ff9a7_00122,fdce694f-f9a7-4325-9eda-016ac42d1935,2026-03-12T12:30:00,2026-03-12T12:40:00,saturday,return_home,car,car,5.0,10,1.0,none,False,False,routine,"Return home after park visit, using the same convenient car.",11,2026-03-12T00:00:00,2026-03-18T23:59:59,Passau,park,Stadtpark Passau,Passau,home,Schneider Residence
trip_fdce694ff9a7_00123,fdce694f-f9a7-4325-9eda-016ac42d1935,2026-03-12T16:00:00,2026-03-12T16:25:00,saturday,shopping,public_transport,walking|bus|walking,8.7,25,0.0,monthly_pass,False,False,planned,"Uses bus to avoid parking hassle during weekend shopping, covered by monthly pass.",11,2026-03-12T00:00:00,2026-03-18T23:59:59,Passau,home,Schneider Residence,Passau,shopping,Passau City Center Mall
trip_fdce694ff9a7_00124,fdce694f-f9a7-4325-9eda-016ac42d1935,2026-03-12T18:30:00,2026-03-12T18:55:00,saturday,return_home,public_transport,walking|bus|walking,8.7,25,0.0,monthly_pass,False,False,routine,"Return home by bus, keeping costs low and avoiding evening traffic.",11,2026-03-12T00:00:00,2026-03-18T23:59:59,Passau,shopping,Passau City Center Mall,Passau,home,Schneider Residence
trip_fdce694ff9a7_00125,fdce694f-f9a7-4325-9eda-016ac42d1935,2026-03-13T08:30:00,2026-03-13T08:42:00,sunday,leisure,bike,bike,3.0,12,0.0,none,False,False,planned,Bike ride to the sports club aligns with health focus and avoids car use.,11,2026-03-12T00:00:00,2026-03-18T23:59:59,Passau,home,Schneider Residence,Passau,fitness,Passau Sports Club
trip_fdce694ff9a7_00126,fdce694f-f9a7-4325-9eda-016ac42d1935,2026-03-13T10:30:00,2026-03-13T10:42:00,sunday,return_home,bike,bike,3.0,12,0.0,none,False,False,routine,"Bike back home after workout, keeping travel low‑impact.",11,2026-03-12T00:00:00,2026-03-18T23:59:59,Passau,fitness,Passau Sports Club,Passau,home,Schneider Residence
trip_fdce694ff9a7_00127,fdce694f-f9a7-4325-9eda-016ac42d1935,2026-03-13T13:00:00,2026-03-13T13:40:00,sunday,family,regional_train,walking|regional_train|walking,31.0,40,0.0,monthly_pass,False,False,planned,"Regional train visit to relatives uses monthly pass, avoiding car traffic.",11,2026-03-12T00:00:00,2026-03-18T23:59:59,Passau,home,Schneider Residence,Passau,family_visit,Relatives' House
trip_fdce694ff9a7_00128,fdce694f-f9a7-4325-9eda-016ac42d1935,2026-03-13T15:30:00,2026-03-13T16:10:00,sunday,return_home,regional_train,walking|regional_train|walking,31.0,40,0.0,monthly_pass,False,False,routine,"Return home by train, keeping travel cost low and avoiding evening road congestion.",11,2026-03-12T00:00:00,2026-03-18T23:59:59,Passau,family_visit,Relatives' House,Passau,home,Schneider Residence
trip_fdce694ff9a7_00129,fdce694f-f9a7-4325-9eda-016ac42d1935,2026-03-14T07:15:00,2026-03-14T07:27:00,monday,commute,car,car|car,5.0,12,1.0,none,True,True,routine,"Morning drive drops kids at school then continues to work, matching her preference for car convenience.",11,2026-03-12T00:00:00,2026-03-18T23:59:59,Passau,home,Schneider Residence,Passau,work,Local Primary School (Work)
trip_fdce694ff9a7_00130,fdce694f-f9a7-4325-9eda-016ac42d1935,2026-03-14T15:30:00,2026-03-14T15:42:00,monday,return_home,car,car|car,5.0,12,1.0,none,True,True,routine,"Afternoon drive picks up kids and returns home, keeping travel time short for the family.",11,2026-03-12T00:00:00,2026-03-18T23:59:59,Passau,work,Local Primary School (Work),Passau,home,Schneider Residence
trip_fdce694ff9a7_00131,fdce694f-f9a7-4325-9eda-016ac42d1935,2026-03-15T07:10:00,2026-03-15T07:22:00,tuesday,commute,car,car|car,5.0,12,1.0,none,True,True,routine,"Second weekday commute, same car routine with school drop‑off.",11,2026-03-12T00:00:00,2026-03-18T23:59:59,Passau,home,Schneider Residence,Passau,work,Local Primary School (Work)
trip_fdce694ff9a7_00132,fdce694f-f9a7-4325-9eda-016ac42d1935,2026-03-15T15:45:00,2026-03-15T15:57:00,tuesday,return_home,car,car|car,5.0,12,1.0,none,True,True,routine,"Afternoon drive after work, picks up kids and heads home, keeping family schedule tight.",11,2026-03-12T00:00:00,2026-03-18T23:59:59,Passau,work,Local Primary School (Work),Passau,home,Schneider Residence
trip_fdce694ff9a7_00133,fdce694f-f9a7-4325-9eda-016ac42d1935,2026-03-19T09:30:00,2026-03-19T09:52:00,saturday,leisure,car,car|walking,8.5,22,1.7,none,False,False,spontaneous,"Family outing to a nearby park, using the car for convenience.",12,2026-03-19T00:00:00,2026-03-25T23:59:59,Passau,home,Anna's Home,Passau,park,Veste Oberhaus Park
trip_fdce694ff9a7_00134,fdce694f-f9a7-4325-9eda-016ac42d1935,2026-03-20T14:00:00,2026-03-20T14:21:00,sunday,shopping,public_transport,walking|bus|walking,6.7,21,0.0,monthly_pass,False,False,spontaneous,"Uses the monthly pass for a quick shopping trip, reducing parking hassle.",12,2026-03-19T00:00:00,2026-03-25T23:59:59,Passau,home,Anna's Home,Passau,shopping,Passau City Center Mall
trip_fdce694ff9a7_00135,fdce694f-f9a7-4325-9eda-016ac42d1935,2026-03-21T07:15:00,2026-03-21T07:42:00,monday,commute,car,car|walking|car|walking,11.5,27,2.3,none,True,True,routine,Morning car commute with school drop‑off matches her priority for reliability and short travel time for the family.,12,2026-03-19T00:00:00,2026-03-25T23:59:59,Passau,home,Anna's Home,Passau,work,Passau Secondary School
trip_fdce694ff9a7_00136,fdce694f-f9a7-4325-9eda-016ac42d1935,2026-03-21T16:30:00,2026-03-21T16:53:00,monday,return_home,car,walking|car,11.3,23,2.26,none,True,True,routine,Evening car ride home keeps travel time short after work.,12,2026-03-19T00:00:00,2026-03-25T23:59:59,Passau,work,Passau Secondary School,Passau,home,Anna's Home
trip_fdce694ff9a7_00137,fdce694f-f9a7-4325-9eda-016ac42d1935,2026-03-22T07:15:00,2026-03-22T07:42:00,tuesday,commute,car,car|walking|car|walking,11.5,27,2.3,none,True,True,routine,"Same routine as Monday, ensuring reliable arrival for school and work.",12,2026-03-19T00:00:00,2026-03-25T23:59:59,Passau,home,Anna's Home,Passau,work,Passau Secondary School
trip_fdce694ff9a7_00138,fdce694f-f9a7-4325-9eda-016ac42d1935,2026-03-22T16:30:00,2026-03-22T16:53:00,tuesday,return_home,car,walking|car,11.3,23,2.26,none,True,True,routine,Evening drive home after teaching duties.,12,2026-03-19T00:00:00,2026-03-25T23:59:59,Passau,work,Passau Secondary School,Passau,home,Anna's Home
trip_fdce694ff9a7_00139,fdce694f-f9a7-4325-9eda-016ac42d1935,2026-03-23T07:20:00,2026-03-23T07:57:00,wednesday,commute,public_transport,walking|bus|walking|bus|walking,11.8,37,0.0,monthly_pass,True,True,routine,"Uses regional bus due to heavy traffic, leveraging monthly pass for cost‑effectiveness.",12,2026-03-19T00:00:00,2026-03-25T23:59:59,Passau,home,Anna's Home,Passau,work,Passau Secondary School
trip_fdce694ff9a7_00140,fdce694f-f9a7-4325-9eda-016ac42d1935,2026-03-23T16:30:00,2026-03-23T16:53:00,wednesday,return_home,car,walking|car,11.3,23,2.26,none,True,True,routine,Evening drive home after a bus‑based morning.,12,2026-03-19T00:00:00,2026-03-25T23:59:59,Passau,work,Passau Secondary School,Passau,home,Anna's Home
trip_fdce694ff9a7_00141,fdce694f-f9a7-4325-9eda-016ac42d1935,2026-03-24T07:15:00,2026-03-24T07:42:00,thursday,commute,car,car|walking|car|walking,11.5,27,2.3,none,True,True,routine,Standard car commute with school drop‑off.,12,2026-03-19T00:00:00,2026-03-25T23:59:59,Passau,home,Anna's Home,Passau,work,Passau Secondary School
trip_fdce694ff9a7_00142,fdce694f-f9a7-4325-9eda-016ac42d1935,2026-03-24T16:30:00,2026-03-24T16:53:00,thursday,return_home,car,walking|car,11.3,23,2.26,none,True,True,routine,Evening drive home after teaching.,12,2026-03-19T00:00:00,2026-03-25T23:59:59,Passau,work,Passau Secondary School,Passau,home,Anna's Home
trip_fdce694ff9a7_00143,fdce694f-f9a7-4325-9eda-016ac42d1935,2026-03-25T07:15:00,2026-03-25T07:42:00,friday,commute,car,car|walking|car|walking,11.5,27,2.3,none,True,True,routine,Final weekday car commute before weekend.,12,2026-03-19T00:00:00,2026-03-25T23:59:59,Passau,home,Anna's Home,Passau,work,Passau Secondary School
trip_fdce694ff9a7_00144,fdce694f-f9a7-4325-9eda-016ac42d1935,2026-03-25T16:30:00,2026-03-25T16:53:00,friday,return_home,car,walking|car,11.3,23,2.26,none,True,True,routine,Evening drive home to start the weekend.,12,2026-03-19T00:00:00,2026-03-25T23:59:59,Passau,work,Passau Secondary School,Passau,home,Anna's Home
trip_fdce694ff9a7_00145,fdce694f-f9a7-4325-9eda-016ac42d1935,2026-03-26T07:15:00,2026-03-26T07:40:00,thursday,commute,car,car,12.0,25,3.5,none,True,True,routine,"Uses the family car for a reliable, quick door‑to‑door commute to her teaching job, matching her priority for convenience and short travel time.",13,2026-03-26T00:00:00,2026-04-01T23:59:59,Passau,home,Schneider Residence,Passau,work,Städtische Grundschule
trip_fdce694ff9a7_00146,fdce694f-f9a7-4325-9eda-016ac42d1935,2026-03-26T15:30:00,2026-03-26T15:55:00,thursday,return_home,car,car,12.0,25,3.5,none,True,True,routine,Returns home by car to avoid parking hassles at the school and keep travel time short for the family.,13,2026-03-26T00:00:00,2026-04-01T23:59:59,Passau,work,Städtische Grundschule,Passau,home,Schneider Residence
trip_fdce694ff9a7_00147,fdce694f-f9a7-4325-9eda-016ac42d1935,2026-03-27T07:10:00,2026-03-27T07:48:00,friday,commute,bus,walking|bus|walking,11.0,38,0.0,monthly_pass,True,True,routine,"Chooses the bus due to expected heavy traffic, using her monthly pass to keep costs low while still arriving on time.",13,2026-03-26T00:00:00,2026-04-01T23:59:59,Passau,home,Schneider Residence,Passau,work,Städtische Grundschule
trip_fdce694ff9a7_00148,fdce694f-f9a7-4325-9eda-016ac42d1935,2026-03-27T16:00:00,2026-03-27T16:30:00,friday,return_home,car,car,12.0,30,3.5,none,True,True,routine,"Uses the car for a predictable return home after school, avoiding possible evening traffic delays on public transport.",13,2026-03-26T00:00:00,2026-04-01T23:59:59,Passau,work,Städtische Grundschule,Passau,home,Schneider Residence
trip_fdce694ff9a7_00149,fdce694f-f9a7-4325-9eda-016ac42d1935,2026-03-28T10:00:00,2026-03-28T10:21:00,saturday,leisure,car,car|walking,8.2,21,2.5,none,False,False,planned,"Drives to the city park for a family outing, matching her high leisure intensity and preference for convenient car trips on weekends.",13,2026-03-26T00:00:00,2026-04-01T23:59:59,Passau,home,Schneider Residence,Passau,park,Stadtpark Passau
trip_fdce694ff9a7_00150,fdce694f-f9a7-4325-9eda-016ac42d1935,2026-03-29T14:00:00,2026-03-29T15:21:00,sunday,family,regional_train,car|walking|regional_train|walking,75.7,81,0.0,monthly_pass,False,False,planned,"Uses the car to reach the train station and then the monthly pass for a regional train trip to Regensburg, aligning with her monthly family visit routine while keeping costs low.",13,2026-03-26T00:00:00,2026-04-01T23:59:59,Passau,home,Schneider Residence,Regensburg,family_visit,Schneider Relatives
