,leg_id,trip_id,user_id,leg_sequence_number,started_at,ended_at,duration_minutes,origin_label,origin_city,origin_postal_code,origin_country_code,destination_label,destination_city,destination_postal_code,destination_country_code,transport_mode,ticket_type,ticket_class,provider_name,service_line,vehicle_type,estimated_distance_km,estimated_cost_eur,estimated_co2_emissions,is_access_leg,is_main_leg,is_egress_leg,is_transfer_leg,wait_time_minutes,transfer_count_before_leg,generation_rationale
0,c1a2b3c4-1111-2222-3333-444455556671,a1b2c3d4-1111-2222-3333-444455556666,f9c2d5b3-1e8a-4f6c-9b0d-2a7e3c4d5f6a,1,2026-01-01T08:10:00+01:00,2026-01-01T08:15:00+01:00,5,home,Frankfurt,60311,DE,transit_stop,Frankfurt,,DE,walking,none,none,,,,0.5,0.0,0.0,True,False,False,False,,0,Generated leg based on parent trip.
1,c1a2b3c4-1111-2222-3333-444455556672,a1b2c3d4-1111-2222-3333-444455556666,f9c2d5b3-1e8a-4f6c-9b0d-2a7e3c4d5f6a,2,2026-01-01T08:15:00+01:00,2026-01-01T08:30:00+01:00,15,transit_stop,Frankfurt,,DE,office_stop,Frankfurt,,DE,public_transport,subscription,second_class,DB,S-Bahn,train,7.0,0.0,0.28,False,True,False,False,2.0,0,Generated leg based on parent trip.
2,c1a2b3c4-1111-2222-3333-444455556673,a1b2c3d4-1111-2222-3333-444455556666,f9c2d5b3-1e8a-4f6c-9b0d-2a7e3c4d5f6a,3,2026-01-01T08:30:00+01:00,2026-01-01T08:35:00+01:00,5,office_stop,Frankfurt,,DE,office,Frankfurt,60311,DE,walking,none,none,,,,0.5,0.0,0.0,False,False,True,False,,0,Generated leg based on parent trip.
3,c1a2b3c4-1111-2222-3333-444455556674,b2c3d4e5-2222-3333-4444-555566667777,f9c2d5b3-1e8a-4f6c-9b0d-2a7e3c4d5f6a,1,2026-01-01T12:00:00+01:00,2026-01-01T12:20:00+01:00,20,office,Frankfurt,,DE,supermarket,Frankfurt,,DE,bike_sharing,subscription,none,swapfiets,,bike,2.0,0.0,0.1,False,True,False,False,,0,Generated leg based on parent trip.
4,c1a2b3c4-1111-2222-3333-444455556675,c3d4e5f6-3333-4444-5555-666677778888,f9c2d5b3-1e8a-4f6c-9b0d-2a7e3c4d5f6a,1,2026-01-01T12:30:00+01:00,2026-01-01T12:50:00+01:00,20,supermarket,Frankfurt,,DE,home,Frankfurt,60311,DE,bike_sharing,subscription,none,swapfiets,,bike,2.0,0.0,0.1,False,True,False,False,,0,Generated leg based on parent trip.
5,c1a2b3c4-1111-2222-3333-444455556676,d4e5f6a7-4444-5555-6666-777788889999,f9c2d5b3-1e8a-4f6c-9b0d-2a7e3c4d5f6a,1,2026-01-02T10:00:00+01:00,2026-01-02T10:15:00+01:00,15,home,Frankfurt,60311,DE,pharmacy,Frankfurt,,DE,bike_sharing,subscription,none,swapfiets,,bike,3.0,0.0,0.15,False,True,False,False,,0,Generated leg based on parent trip.
6,c1a2b3c4-1111-2222-3333-444455556677,e5f6a7b8-5555-6666-7777-88889999aaaa,f9c2d5b3-1e8a-4f6c-9b0d-2a7e3c4d5f6a,1,2026-01-02T10:20:00+01:00,2026-01-02T10:35:00+01:00,15,pharmacy,Frankfurt,,DE,home,Frankfurt,60311,DE,bike_sharing,subscription,none,swapfiets,,bike,3.0,0.0,0.15,False,True,False,False,,0,Generated leg based on parent trip.
7,c1a2b3c4-1111-2222-3333-444455556678,f6a7b8c9-6666-7777-8888-9999aaaabbbb,f9c2d5b3-1e8a-4f6c-9b0d-2a7e3c4d5f6a,1,2026-01-03T09:00:00+01:00,2026-01-03T09:25:00+01:00,25,home,Frankfurt,60311,DE,gym,Frankfurt,,DE,bike_sharing,subscription,none,swapfiets,,bike,2.0,0.0,0.1,False,True,False,False,,0,Generated leg based on parent trip.
8,c1a2b3c4-1111-2222-3333-444455556679,a7b8c9d0-7777-8888-9999-aaaabbbbcccc,f9c2d5b3-1e8a-4f6c-9b0d-2a7e3c4d5f6a,1,2026-01-03T12:00:00+01:00,2026-01-03T12:15:00+01:00,15,gym,Frankfurt,,DE,restaurant,Frankfurt,,DE,e_scooter,pay-as-you-go,none,bolt,,scooter,3.0,2.1,0.18,False,True,False,False,,0,Generated leg based on parent trip.
9,c1a2b3c4-1111-2222-3333-444455556680,b8c9d0e1-8888-9999-aaaa-bbbbccccdddd,f9c2d5b3-1e8a-4f6c-9b0d-2a7e3c4d5f6a,1,2026-01-03T14:30:00+01:00,2026-01-03T15:00:00+01:00,30,restaurant,Frankfurt,,DE,home,Frankfurt,60311,DE,e_scooter,pay-as-you-go,none,bolt,,scooter,2.5,1.8,0.15,False,True,False,False,,0,Generated leg based on parent trip.
10,c1a2b3c4-1111-2222-3333-444455556681,c9d0e1f2-9999-aaaa-bbbb-ccccddddeeee,f9c2d5b3-1e8a-4f6c-9b0d-2a7e3c4d5f6a,1,2026-01-04T11:00:00+01:00,2026-01-04T11:03:00+01:00,3,home,Frankfurt,60311,DE,transit_stop,Frankfurt,,DE,walking,none,none,,,,0.3,0.0,0.0,True,False,False,False,,0,Generated leg based on parent trip.
11,c1a2b3c4-1111-2222-3333-444455556682,c9d0e1f2-9999-aaaa-bbbb-ccccddddeeee,f9c2d5b3-1e8a-4f6c-9b0d-2a7e3c4d5f6a,2,2026-01-04T11:03:00+01:00,2026-01-04T11:17:00+01:00,14,transit_stop,Frankfurt,,DE,museum_stop,Frankfurt,,DE,public_transport,subscription,second_class,DB,S-Bahn,train,3.4,0.0,0.136,False,True,False,False,2.0,0,Generated leg based on parent trip.
12,c1a2b3c4-1111-2222-3333-444455556683,c9d0e1f2-9999-aaaa-bbbb-ccccddddeeee,f9c2d5b3-1e8a-4f6c-9b0d-2a7e3c4d5f6a,3,2026-01-04T11:17:00+01:00,2026-01-04T11:20:00+01:00,3,museum_stop,Frankfurt,,DE,museum,Frankfurt,,DE,walking,none,none,,,,0.3,0.0,0.0,False,False,True,False,,0,Generated leg based on parent trip.
13,c1a2b3c4-1111-2222-3333-444455556684,d0e1f2g3-aaaa-bbbb-cccc-ddddeeeeffff,f9c2d5b3-1e8a-4f6c-9b0d-2a7e3c4d5f6a,1,2026-01-04T13:30:00+01:00,2026-01-04T13:33:00+01:00,3,museum,Frankfurt,,DE,museum_stop,Frankfurt,,DE,walking,none,none,,,,0.3,0.0,0.0,True,False,False,False,,0,Generated leg based on parent trip.
14,c1a2b3c4-1111-2222-3333-444455556685,d0e1f2g3-aaaa-bbbb-cccc-ddddeeeeffff,f9c2d5b3-1e8a-4f6c-9b0d-2a7e3c4d5f6a,2,2026-01-04T13:33:00+01:00,2026-01-04T13:47:00+01:00,14,museum_stop,Frankfurt,,DE,transit_stop,Frankfurt,,DE,public_transport,subscription,second_class,DB,S-Bahn,train,3.4,0.0,0.136,False,True,False,False,2.0,0,Generated leg based on parent trip.
15,c1a2b3c4-1111-2222-3333-444455556686,d0e1f2g3-aaaa-bbbb-cccc-ddddeeeeffff,f9c2d5b3-1e8a-4f6c-9b0d-2a7e3c4d5f6a,3,2026-01-04T13:47:00+01:00,2026-01-04T13:50:00+01:00,3,transit_stop,Frankfurt,,DE,home,Frankfurt,60311,DE,walking,none,none,,,,0.3,0.0,0.0,False,False,True,False,,0,Generated leg based on parent trip.
16,c1a2b3c4-1111-2222-3333-444455556687,e1f2g3h4-bbbb-cccc-dddd-eeeeffff1111,f9c2d5b3-1e8a-4f6c-9b0d-2a7e3c4d5f6a,1,2026-01-05T08:05:00+01:00,2026-01-05T08:10:00+01:00,5,home,Frankfurt,60311,DE,transit_stop,Frankfurt,,DE,walking,none,none,,,,0.5,0.0,0.0,True,False,False,False,,0,Generated leg based on parent trip.
17,c1a2b3c4-1111-2222-3333-444455556688,e1f2g3h4-bbbb-cccc-dddd-eeeeffff1111,f9c2d5b3-1e8a-4f6c-9b0d-2a7e3c4d5f6a,2,2026-01-05T08:10:00+01:00,2026-01-05T08:25:00+01:00,15,transit_stop,Frankfurt,,DE,office_stop,Frankfurt,,DE,public_transport,subscription,second_class,DB,S-Bahn,train,7.0,0.0,0.28,False,True,False,False,2.0,0,Generated leg based on parent trip.
18,c1a2b3c4-1111-2222-3333-444455556689,e1f2g3h4-bbbb-cccc-dddd-eeeeffff1111,f9c2d5b3-1e8a-4f6c-9b0d-2a7e3c4d5f6a,3,2026-01-05T08:25:00+01:00,2026-01-05T08:30:00+01:00,5,office_stop,Frankfurt,,DE,office,Frankfurt,60311,DE,walking,none,none,,,,0.5,0.0,0.0,False,False,True,False,,0,Generated leg based on parent trip.
19,c1a2b3c4-1111-2222-3333-444455556690,f2g3h4i5-cccc-dddd-eeee-ffff11112222,f9c2d5b3-1e8a-4f6c-9b0d-2a7e3c4d5f6a,1,2026-01-05T17:30:00+01:00,2026-01-05T17:35:00+01:00,5,office,Frankfurt,60311,DE,transit_stop,Frankfurt,,DE,walking,none,none,,,,0.5,0.0,0.0,True,False,False,False,,0,Generated leg based on parent trip.
20,c1a2b3c4-1111-2222-3333-444455556691,f2g3h4i5-cccc-dddd-eeee-ffff11112222,f9c2d5b3-1e8a-4f6c-9b0d-2a7e3c4d5f6a,2,2026-01-05T17:35:00+01:00,2026-01-05T17:55:00+01:00,20,transit_stop,Frankfurt,,DE,home_stop,Frankfurt,,DE,public_transport,subscription,second_class,DB,S-Bahn,train,7.0,0.0,0.28,False,True,False,False,2.0,0,Generated leg based on parent trip.
21,c1a2b3c4-1111-2222-3333-444455556692,f2g3h4i5-cccc-dddd-eeee-ffff11112222,f9c2d5b3-1e8a-4f6c-9b0d-2a7e3c4d5f6a,3,2026-01-05T17:55:00+01:00,2026-01-05T18:00:00+01:00,5,home_stop,Frankfurt,,DE,home,Frankfurt,60311,DE,walking,none,none,,,,0.5,0.0,0.0,False,False,True,False,,0,Generated leg based on parent trip.
0,e1a2b3c4-1111-2222-3333-444455550001,a1b2c3d4-1111-2222-3333-444455556666,f9c2d5b3-1e8a-4f6c-9b0d-2a7e3c4d5f6a,1,2026-01-08T08:05:00+01:00,2026-01-08T08:10:00+01:00,5,home,Frankfurt,60311,DE,transit_stop,Frankfurt,,DE,walking,none,none,,,,0.5,0.0,0.0,True,False,False,False,,0,Access walk from home to public transport stop.
1,e1a2b3c4-1111-2222-3333-444455550002,a1b2c3d4-1111-2222-3333-444455556666,f9c2d5b3-1e8a-4f6c-9b0d-2a7e3c4d5f6a,2,2026-01-08T08:10:00+01:00,2026-01-08T08:30:00+01:00,20,transit_stop,Frankfurt,,DE,transit_stop_office,Frankfurt,,DE,public_transport,subscription,second_class,DB,S-Bahn,train,11.0,0.0,0.44,False,True,False,False,2.0,0,S-Bahn ride covered by Deutschlandticket.
2,e1a2b3c4-1111-2222-3333-444455550003,a1b2c3d4-1111-2222-3333-444455556666,f9c2d5b3-1e8a-4f6c-9b0d-2a7e3c4d5f6a,3,2026-01-08T08:30:00+01:00,2026-01-08T08:35:00+01:00,5,transit_stop_office,Frankfurt,,DE,office,Frankfurt,60311,DE,walking,none,none,,,,0.5,0.0,0.0,False,False,True,False,,0,Egress walk from S-Bahn stop to office.
3,e1a2b3c4-1111-2222-3333-444455560001,b2c3d4e5-1111-2222-3333-444455556667,f9c2d5b3-1e8a-4f6c-9b0d-2a7e3c4d5f6a,1,2026-01-08T12:15:00+01:00,2026-01-08T12:30:00+01:00,15,office,Frankfurt,60311,DE,cafe,Frankfurt,,DE,walking,none,none,,,,1.0,0.0,0.0,False,True,False,False,,0,Walking to nearby cafe for coffee break.
4,e1a2b3c4-1111-2222-3333-444455570001,c3d4e5f6-1111-2222-3333-444455556668,f9c2d5b3-1e8a-4f6c-9b0d-2a7e3c4d5f6a,1,2026-01-08T12:35:00+01:00,2026-01-08T12:45:00+01:00,10,cafe,Frankfurt,,DE,office,Frankfurt,60311,DE,walking,none,none,,,,1.0,0.0,0.0,False,True,False,False,,0,Walking back to office after coffee.
5,e1a2b3c4-1111-2222-3333-444455580001,d4e5f6g7-1111-2222-3333-444455556669,f9c2d5b3-1e8a-4f6c-9b0d-2a7e3c4d5f6a,1,2026-01-08T18:00:00+01:00,2026-01-08T18:05:00+01:00,5,office,Frankfurt,60311,DE,transit_stop,Frankfurt,,DE,walking,none,none,,,,0.5,0.0,0.0,True,False,False,False,,0,Access walk to public transport stop for evening commute.
6,e1a2b3c4-1111-2222-3333-444455580002,d4e5f6g7-1111-2222-3333-444455556669,f9c2d5b3-1e8a-4f6c-9b0d-2a7e3c4d5f6a,2,2026-01-08T18:05:00+01:00,2026-01-08T18:25:00+01:00,20,transit_stop,Frankfurt,,DE,transit_stop_home,Frankfurt,,DE,public_transport,subscription,second_class,DB,S-Bahn,train,11.0,0.0,0.44,False,True,False,False,2.0,0,S-Bahn ride home covered by Deutschlandticket.
7,e1a2b3c4-1111-2222-3333-444455580003,d4e5f6g7-1111-2222-3333-444455556669,f9c2d5b3-1e8a-4f6c-9b0d-2a7e3c4d5f6a,3,2026-01-08T18:25:00+01:00,2026-01-08T18:30:00+01:00,5,transit_stop_home,Frankfurt,,DE,home,Frankfurt,60311,DE,walking,none,none,,,,0.5,0.0,0.0,False,False,True,False,,0,Egress walk from S-Bahn stop to home.
8,e1a2b3c4-1111-2222-3333-444455590001,e5f6g7h8-1111-2222-3333-444455556670,f9c2d5b3-1e8a-4f6c-9b0d-2a7e3c4d5f6a,1,2026-01-09T10:00:00+01:00,2026-01-09T10:20:00+01:00,20,home,Frankfurt,60311,DE,supermarket,Frankfurt,,DE,bike_sharing,pay-as-you-go,none,swapfiets,,bike,2.0,2.0,0.1,False,True,False,False,,0,Bike‑sharing trip to supermarket.
9,e1a2b3c4-1111-2222-3333-444455600001,f6g7h8i9-1111-2222-3333-444455556671,f9c2d5b3-1e8a-4f6c-9b0d-2a7e3c4d5f6a,1,2026-01-09T10:30:00+01:00,2026-01-09T10:50:00+01:00,20,supermarket,Frankfurt,,DE,home,Frankfurt,60311,DE,walking,none,none,,,,1.5,0.0,0.0,False,True,False,False,,0,Walking home after grocery shopping.
10,e1a2b3c4-1111-2222-3333-444455610001,g7h8i9j0-1111-2222-3333-444455556672,f9c2d5b3-1e8a-4f6c-9b0d-2a7e3c4d5f6a,1,2026-01-09T15:00:00+01:00,2026-01-09T15:10:00+01:00,10,home,Frankfurt,60311,DE,gym,Frankfurt,,DE,e_scooter,pay-as-you-go,none,bolt,,e-scooter,3.0,3.0,0.06,False,True,False,False,,0,E‑scooter ride to gym.
11,e1a2b3c4-1111-2222-3333-444455620001,h8i9j0k1-1111-2222-3333-444455556673,f9c2d5b3-1e8a-4f6c-9b0d-2a7e3c4d5f6a,1,2026-01-09T16:30:00+01:00,2026-01-09T16:45:00+01:00,15,gym,Frankfurt,,DE,friend_home,Frankfurt,,DE,e_scooter,pay-as-you-go,none,bolt,,e-scooter,2.0,2.5,0.04,False,True,False,False,,0,E‑scooter ride to friend's home.
12,e1a2b3c4-1111-2222-3333-444455630001,i9j0k1l2-1111-2222-3333-444455556674,f9c2d5b3-1e8a-4f6c-9b0d-2a7e3c4d5f6a,1,2026-01-09T20:00:00+01:00,2026-01-09T20:15:00+01:00,15,friend_home,Frankfurt,,DE,home,Frankfurt,60311,DE,walking,none,none,,,,1.0,0.0,0.0,False,True,False,False,,0,Walking home after visiting friend.
13,e1a2b3c4-1111-2222-3333-444455640001,j0k1l2m3-1111-2222-3333-444455556675,f9c2d5b3-1e8a-4f6c-9b0d-2a7e3c4d5f6a,1,2026-01-10T11:00:00+01:00,2026-01-10T11:20:00+01:00,20,home,Frankfurt,60311,DE,park,Frankfurt,,DE,walking,none,none,,,,2.0,0.0,0.0,False,True,False,False,,0,Leisure walk to city park.
14,e1a2b3c4-1111-2222-3333-444455650001,k1l2m3n4-1111-2222-3333-444455556676,f9c2d5b3-1e8a-4f6c-9b0d-2a7e3c4d5f6a,1,2026-01-10T13:00:00+01:00,2026-01-10T13:10:00+01:00,10,park,Frankfurt,,DE,restaurant,Frankfurt,,DE,e_scooter,pay-as-you-go,none,bolt,,e-scooter,1.0,1.5,0.02,False,True,False,False,,0,E‑scooter ride to restaurant for lunch.
15,e1a2b3c4-1111-2222-3333-444455660001,l2m3n4o5-1111-2222-3333-444455556677,f9c2d5b3-1e8a-4f6c-9b0d-2a7e3c4d5f6a,1,2026-01-10T15:00:00+01:00,2026-01-10T15:20:00+01:00,20,restaurant,Frankfurt,,DE,home,Frankfurt,60311,DE,walking,none,none,,,,2.0,0.0,0.0,False,True,False,False,,0,Walking home after lunch.
0,d1a2b3c4-1111-2222-3333-444455550001,a1b2c3d4-1111-2222-3333-444455556666,f9c2d5b3-1e8a-4f6c-9b0d-2a7e3c4d5f6a,1,2026-01-15T08:10:00+01:00,2026-01-15T08:15:00+01:00,5,home,Frankfurt,,DE,transit_stop,Frankfurt,,DE,walking,none,none,,,,0.5,0.0,0.0,True,False,False,False,,0,Generated leg based on parent trip
1,d1a2b3c4-1111-2222-3333-444455550002,a1b2c3d4-1111-2222-3333-444455556666,f9c2d5b3-1e8a-4f6c-9b0d-2a7e3c4d5f6a,2,2026-01-15T08:15:00+01:00,2026-01-15T08:30:00+01:00,15,transit_stop,Frankfurt,,DE,office_stop,Frankfurt,,DE,public_transport,subscription,second_class,DB,S-Bahn,,11.0,0.0,0.44,False,True,False,False,2.0,0,Generated leg based on parent trip
2,d1a2b3c4-1111-2222-3333-444455550003,a1b2c3d4-1111-2222-3333-444455556666,f9c2d5b3-1e8a-4f6c-9b0d-2a7e3c4d5f6a,3,2026-01-15T08:30:00+01:00,2026-01-15T08:35:00+01:00,5,office_stop,Frankfurt,,DE,office,Frankfurt,,DE,walking,none,none,,,,0.5,0.0,0.0,False,False,True,False,,1,Generated leg based on parent trip
3,d1a2b3c4-1111-2222-3333-444455550004,a1b2c3d4-1111-2222-3333-444455556667,f9c2d5b3-1e8a-4f6c-9b0d-2a7e3c4d5f6a,1,2026-01-15T17:45:00+01:00,2026-01-15T17:50:00+01:00,5,office,Frankfurt,,DE,office_stop,Frankfurt,,DE,walking,none,none,,,,0.5,0.0,0.0,True,False,False,False,,0,Generated leg based on parent trip
4,d1a2b3c4-1111-2222-3333-444455550005,a1b2c3d4-1111-2222-3333-444455556667,f9c2d5b3-1e8a-4f6c-9b0d-2a7e3c4d5f6a,2,2026-01-15T17:50:00+01:00,2026-01-15T18:05:00+01:00,15,office_stop,Frankfurt,,DE,transit_stop,Frankfurt,,DE,public_transport,subscription,second_class,DB,S-Bahn,,11.0,0.0,0.44,False,True,False,False,2.0,0,Generated leg based on parent trip
5,d1a2b3c4-1111-2222-3333-444455550006,a1b2c3d4-1111-2222-3333-444455556667,f9c2d5b3-1e8a-4f6c-9b0d-2a7e3c4d5f6a,3,2026-01-15T18:05:00+01:00,2026-01-15T18:10:00+01:00,5,transit_stop,Frankfurt,,DE,home,Frankfurt,,DE,walking,none,none,,,,0.5,0.0,0.0,False,False,True,False,,1,Generated leg based on parent trip
6,d1a2b3c4-1111-2222-3333-444455550007,a1b2c3d4-1111-2222-3333-444455556668,f9c2d5b3-1e8a-4f6c-9b0d-2a7e3c4d5f6a,1,2026-01-16T12:00:00+01:00,2026-01-16T12:04:00+01:00,4,home,Frankfurt,,DE,bike_sharing_station,Frankfurt,,DE,walking,none,none,,,,0.3,0.0,0.0,True,False,False,False,,0,Generated leg based on parent trip
7,d1a2b3c4-1111-2222-3333-444455550008,a1b2c3d4-1111-2222-3333-444455556668,f9c2d5b3-1e8a-4f6c-9b0d-2a7e3c4d5f6a,2,2026-01-16T12:04:00+01:00,2026-01-16T12:20:00+01:00,16,bike_sharing_station,Frankfurt,,DE,supermarket,Frankfurt,,DE,bike_sharing,pay-as-you-go,none,swapfiets,,bike,3.7,0.75,0.07,False,True,False,False,,0,Generated leg based on parent trip
8,d1a2b3c4-1111-2222-3333-444455550009,a1b2c3d4-1111-2222-3333-444455556669,f9c2d5b3-1e8a-4f6c-9b0d-2a7e3c4d5f6a,1,2026-01-16T12:30:00+01:00,2026-01-16T12:41:00+01:00,11,supermarket,Frankfurt,,DE,bike_sharing_station,Frankfurt,,DE,bike_sharing,pay-as-you-go,none,swapfiets,,bike,3.7,0.75,0.07,False,True,False,False,,0,Generated leg based on parent trip
9,d1a2b3c4-1111-2222-3333-444455550010,a1b2c3d4-1111-2222-3333-444455556669,f9c2d5b3-1e8a-4f6c-9b0d-2a7e3c4d5f6a,2,2026-01-16T12:41:00+01:00,2026-01-16T12:45:00+01:00,4,bike_sharing_station,Frankfurt,,DE,home,Frankfurt,,DE,walking,none,none,,,,0.3,0.0,0.0,False,False,True,False,,1,Generated leg based on parent trip
10,d1a2b3c4-1111-2222-3333-444455550011,a1b2c3d4-1111-2222-3333-444455556670,f9c2d5b3-1e8a-4f6c-9b0d-2a7e3c4d5f6a,1,2026-01-17T09:30:00+01:00,2026-01-17T10:00:00+01:00,30,home,Frankfurt,,DE,gym,Frankfurt,,DE,walking,none,none,,,,2.0,0.0,0.0,True,True,False,False,,0,Generated leg based on parent trip
11,d1a2b3c4-1111-2222-3333-444455550012,a1b2c3d4-1111-2222-3333-444455556671,f9c2d5b3-1e8a-4f6c-9b0d-2a7e3c4d5f6a,1,2026-01-17T12:15:00+01:00,2026-01-17T12:35:00+01:00,20,gym,Frankfurt,,DE,restaurant,Frankfurt,,DE,e_scooter,pay-as-you-go,none,bolt,,scooter,3.0,3.0,0.15,True,True,True,False,,0,Generated leg based on parent trip
12,d1a2b3c4-1111-2222-3333-444455550013,a1b2c3d4-1111-2222-3333-444455556672,f9c2d5b3-1e8a-4f6c-9b0d-2a7e3c4d5f6a,1,2026-01-18T09:00:00+01:00,2026-01-18T09:05:00+01:00,5,home,Frankfurt,,DE,train_station,Frankfurt,,DE,walking,none,none,,,,0.5,0.0,0.0,True,False,False,False,,0,Generated leg based on parent trip
13,d1a2b3c4-1111-2222-3333-444455550014,a1b2c3d4-1111-2222-3333-444455556672,f9c2d5b3-1e8a-4f6c-9b0d-2a7e3c4d5f6a,2,2026-01-18T09:05:00+01:00,2026-01-18T10:25:00+01:00,80,train_station,Frankfurt,,DE,train_station,Wiesbaden,,DE,regional_train,subscription,second_class,DB,RE,,40.0,0.0,1.6,False,True,False,False,5.0,0,Generated leg based on parent trip
14,d1a2b3c4-1111-2222-3333-444455550015,a1b2c3d4-1111-2222-3333-444455556672,f9c2d5b3-1e8a-4f6c-9b0d-2a7e3c4d5f6a,3,2026-01-18T10:25:00+01:00,2026-01-18T10:30:00+01:00,5,train_station,Wiesbaden,,DE,Wiesbaden,Wiesbaden,,DE,walking,none,none,,,,0.5,0.0,0.0,False,False,True,False,,1,Generated leg based on parent trip
15,d1a2b3c4-1111-2222-3333-444455550016,a1b2c3d4-1111-2222-3333-444455556673,f9c2d5b3-1e8a-4f6c-9b0d-2a7e3c4d5f6a,1,2026-01-18T18:00:00+01:00,2026-01-18T18:05:00+01:00,5,Wiesbaden,Wiesbaden,,DE,train_station,Wiesbaden,,DE,walking,none,none,,,,0.5,0.0,0.0,True,False,False,False,,0,Generated leg based on parent trip
16,d1a2b3c4-1111-2222-3333-444455550017,a1b2c3d4-1111-2222-3333-444455556673,f9c2d5b3-1e8a-4f6c-9b0d-2a7e3c4d5f6a,2,2026-01-18T18:05:00+01:00,2026-01-18T19:25:00+01:00,80,train_station,Wiesbaden,,DE,train_station,Frankfurt,,DE,regional_train,subscription,second_class,DB,RE,,40.0,0.0,1.6,False,True,False,False,5.0,0,Generated leg based on parent trip
17,d1a2b3c4-1111-2222-3333-444455550018,a1b2c3d4-1111-2222-3333-444455556673,f9c2d5b3-1e8a-4f6c-9b0d-2a7e3c4d5f6a,3,2026-01-18T19:25:00+01:00,2026-01-18T19:30:00+01:00,5,train_station,Frankfurt,,DE,home,Frankfurt,,DE,walking,none,none,,,,0.5,0.0,0.0,False,False,True,False,,1,Generated leg based on parent trip
18,d1a2b3c4-1111-2222-3333-444455550019,a1b2c3d4-1111-2222-3333-444455556674,f9c2d5b3-1e8a-4f6c-9b0d-2a7e3c4d5f6a,1,2026-01-19T08:15:00+01:00,2026-01-19T08:20:00+01:00,5,home,Frankfurt,,DE,transit_stop,Frankfurt,,DE,walking,none,none,,,,0.5,0.0,0.0,True,False,False,False,,0,Generated leg based on parent trip
19,d1a2b3c4-1111-2222-3333-444455550020,a1b2c3d4-1111-2222-3333-444455556674,f9c2d5b3-1e8a-4f6c-9b0d-2a7e3c4d5f6a,2,2026-01-19T08:20:00+01:00,2026-01-19T08:35:00+01:00,15,transit_stop,Frankfurt,,DE,office_stop,Frankfurt,,DE,public_transport,subscription,second_class,DB,S-Bahn,,11.0,0.0,0.44,False,True,False,False,2.0,0,Generated leg based on parent trip
20,d1a2b3c4-1111-2222-3333-444455550021,a1b2c3d4-1111-2222-3333-444455556674,f9c2d5b3-1e8a-4f6c-9b0d-2a7e3c4d5f6a,3,2026-01-19T08:35:00+01:00,2026-01-19T08:40:00+01:00,5,office_stop,Frankfurt,,DE,office,Frankfurt,,DE,walking,none,none,,,,0.5,0.0,0.0,False,False,True,False,,1,Generated leg based on parent trip
21,d1a2b3c4-1111-2222-3333-444455550022,a1b2c3d4-1111-2222-3333-444455556675,f9c2d5b3-1e8a-4f6c-9b0d-2a7e3c4d5f6a,1,2026-01-19T17:50:00+01:00,2026-01-19T17:55:00+01:00,5,office,Frankfurt,,DE,office_stop,Frankfurt,,DE,walking,none,none,,,,0.5,0.0,0.0,True,False,False,False,,0,Generated leg based on parent trip
22,d1a2b3c4-1111-2222-3333-444455550023,a1b2c3d4-1111-2222-3333-444455556675,f9c2d5b3-1e8a-4f6c-9b0d-2a7e3c4d5f6a,2,2026-01-19T17:55:00+01:00,2026-01-19T18:10:00+01:00,15,office_stop,Frankfurt,,DE,transit_stop,Frankfurt,,DE,public_transport,subscription,second_class,DB,S-Bahn,,11.0,0.0,0.44,False,True,False,False,2.0,0,Generated leg based on parent trip
23,d1a2b3c4-1111-2222-3333-444455550024,a1b2c3d4-1111-2222-3333-444455556675,f9c2d5b3-1e8a-4f6c-9b0d-2a7e3c4d5f6a,3,2026-01-19T18:10:00+01:00,2026-01-19T18:15:00+01:00,5,transit_stop,Frankfurt,,DE,home,Frankfurt,,DE,walking,none,none,,,,0.5,0.0,0.0,False,False,True,False,,1,Generated leg based on parent trip
24,d1a2b3c4-1111-2222-3333-444455550025,a1b2c3d4-1111-2222-3333-444455556676,f9c2d5b3-1e8a-4f6c-9b0d-2a7e3c4d5f6a,1,2026-01-20T13:00:00+01:00,2026-01-20T13:05:00+01:00,5,home,Frankfurt,,DE,bike_sharing_station,Frankfurt,,DE,walking,none,none,,,,0.4,0.0,0.0,True,False,False,False,,0,Generated leg based on parent trip
25,d1a2b3c4-1111-2222-3333-444455550026,a1b2c3d4-1111-2222-3333-444455556676,f9c2d5b3-1e8a-4f6c-9b0d-2a7e3c4d5f6a,2,2026-01-20T13:05:00+01:00,2026-01-20T13:25:00+01:00,20,bike_sharing_station,Frankfurt,,DE,shopping_center,Frankfurt,,DE,bike_sharing,pay-as-you-go,none,swapfiets,,bike,4.6,0.9,0.09,False,True,False,False,,0,Generated leg based on parent trip
26,d1a2b3c4-1111-2222-3333-444455550027,a1b2c3d4-1111-2222-3333-444455556677,f9c2d5b3-1e8a-4f6c-9b0d-2a7e3c4d5f6a,1,2026-01-20T13:45:00+01:00,2026-01-20T13:55:00+01:00,10,shopping_center,Frankfurt,,DE,bike_sharing_station,Frankfurt,,DE,bike_sharing,pay-as-you-go,none,swapfiets,,bike,4.6,0.9,0.09,False,True,False,False,,0,Generated leg based on parent trip
27,d1a2b3c4-1111-2222-3333-444455550028,a1b2c3d4-1111-2222-3333-444455556677,f9c2d5b3-1e8a-4f6c-9b0d-2a7e3c4d5f6a,2,2026-01-20T13:55:00+01:00,2026-01-20T14:00:00+01:00,5,bike_sharing_station,Frankfurt,,DE,home,Frankfurt,,DE,walking,none,none,,,,0.4,0.0,0.0,False,False,True,False,,1,Generated leg based on parent trip
0,d1a2b3c4-1111-2222-3333-444455550001,a1b2c3d4-1111-2222-3333-444455556666,f9c2d5b3-1e8a-4f6c-9b0d-2a7e3c4d5f6a,1,2026-01-22T07:30:00Z,2026-01-22T07:35:00Z,5,home,Frankfurt,60311,DE,transit_stop,Frankfurt,,DE,walking,none,none,,,,0.5,0.0,0.0,True,False,False,False,,0,Walking from home to nearest S‑Bahn stop.
1,d1a2b3c4-1111-2222-3333-444455550002,a1b2c3d4-1111-2222-3333-444455556666,f9c2d5b3-1e8a-4f6c-9b0d-2a7e3c4d5f6a,2,2026-01-22T07:35:00Z,2026-01-22T08:00:00Z,25,transit_stop,Frankfurt,,DE,transit_stop,Frankfurt,,DE,public_transport,subscription,second_class,DB,S-Bahn,train,11.0,0.0,0.44,False,True,False,False,2.0,0,"S‑Bahn ride from the stop near home to the stop near the office, covered by Deutschlandticket."
2,d1a2b3c4-1111-2222-3333-444455550003,a1b2c3d4-1111-2222-3333-444455556666,f9c2d5b3-1e8a-4f6c-9b0d-2a7e3c4d5f6a,3,2026-01-22T08:00:00Z,2026-01-22T08:05:00Z,5,transit_stop,Frankfurt,,DE,office,Frankfurt,,DE,walking,none,none,,,,0.5,0.0,0.0,False,False,True,False,,0,Walking from the S‑Bahn stop to the office.
3,d1a2b3c4-1111-2222-3333-444455550004,b2c3d4e5-2222-3333-4444-555566667777,f9c2d5b3-1e8a-4f6c-9b0d-2a7e3c4d5f6a,1,2026-01-22T17:45:00Z,2026-01-22T17:50:00Z,5,office,Frankfurt,,DE,transit_stop,Frankfurt,,DE,walking,none,none,,,,0.5,0.0,0.0,True,False,False,False,,0,Walking from the office to the nearest S‑Bahn stop.
4,d1a2b3c4-1111-2222-3333-444455550005,b2c3d4e5-2222-3333-4444-555566667777,f9c2d5b3-1e8a-4f6c-9b0d-2a7e3c4d5f6a,2,2026-01-22T17:50:00Z,2026-01-22T18:20:00Z,30,transit_stop,Frankfurt,,DE,transit_stop,Frankfurt,,DE,public_transport,subscription,second_class,DB,S-Bahn,train,11.0,0.0,0.44,False,True,False,False,2.0,0,"S‑Bahn ride back to the stop near home, covered by Deutschlandticket."
5,d1a2b3c4-1111-2222-3333-444455550006,b2c3d4e5-2222-3333-4444-555566667777,f9c2d5b3-1e8a-4f6c-9b0d-2a7e3c4d5f6a,3,2026-01-22T18:20:00Z,2026-01-22T18:25:00Z,5,transit_stop,Frankfurt,,DE,home,Frankfurt,60311,DE,walking,none,none,,,,0.5,0.0,0.0,False,False,True,False,,0,Walking from the S‑Bahn stop to home.
6,d1a2b3c4-1111-2222-3333-444455550007,c3d4e5f6-3333-4444-5555-666677778888,f9c2d5b3-1e8a-4f6c-9b0d-2a7e3c4d5f6a,1,2026-01-23T09:15:00Z,2026-01-23T09:25:00Z,10,home,Frankfurt,60311,DE,cafe,Frankfurt,,DE,bike_sharing,subscription,none,swapfiets,,bike,2.0,0.0,0.0,False,True,False,False,,0,Bike‑sharing ride from home to the nearby cafe.
7,d1a2b3c4-1111-2222-3333-444455550008,d4e5f6g7-4444-5555-6666-777788889999,f9c2d5b3-1e8a-4f6c-9b0d-2a7e3c4d5f6a,1,2026-01-23T19:00:00Z,2026-01-23T19:12:00Z,12,home,Frankfurt,60311,DE,friend_home,Frankfurt,,DE,e_scooter,pay-as-you-go,none,bolt,,scooter,3.0,1.5,0.06,False,True,False,False,,0,E‑scooter ride from home to a friend's apartment.
8,d1a2b3c4-1111-2222-3333-444455550009,e5f6g7h8-5555-6666-7777-88889999aaaa,f9c2d5b3-1e8a-4f6c-9b0d-2a7e3c4d5f6a,1,2026-01-23T21:30:00Z,2026-01-23T22:05:00Z,35,friend_home,Frankfurt,,DE,home,Frankfurt,60311,DE,walking,none,none,,,,2.5,0.0,0.0,False,True,False,False,,0,Walking home from a friend's place.
9,d1a2b3c4-1111-2222-3333-444455550010,f6g7h8i9-6666-7777-8888-9999aaaabbbb,f9c2d5b3-1e8a-4f6c-9b0d-2a7e3c4d5f6a,1,2026-01-24T13:00:00Z,2026-01-24T13:11:00Z,11,home,Frankfurt,60311,DE,restaurant,Frankfurt,,DE,e_scooter,pay-as-you-go,none,bolt,,scooter,2.8,1.5,0.056,False,True,False,False,,0,E‑scooter ride to a lunch restaurant.
10,d1a2b3c4-1111-2222-3333-444455550011,g7h8i9j0-7777-8888-9999-aaaabbbbcccc,f9c2d5b3-1e8a-4f6c-9b0d-2a7e3c4d5f6a,1,2026-01-24T15:30:00Z,2026-01-24T15:42:00Z,12,restaurant,Frankfurt,,DE,home,Frankfurt,60311,DE,e_scooter,pay-as-you-go,none,bolt,,scooter,2.8,1.5,0.056,False,True,False,False,,0,E‑scooter ride back home after dinner.
11,d1a2b3c4-1111-2222-3333-444455550012,h8i9j0k1-8888-9999-aaaa-bbbbccccdddd,f9c2d5b3-1e8a-4f6c-9b0d-2a7e3c4d5f6a,1,2026-01-25T10:00:00Z,2026-01-25T10:12:00Z,12,home,Frankfurt,60311,DE,gym,Frankfurt,,DE,bike_sharing,subscription,none,swapfiets,,bike,3.0,0.0,0.0,False,True,False,False,,0,Bike‑sharing ride to the gym.
12,d1a2b3c4-1111-2222-3333-444455550013,i9j0k1l2-9999-aaaa-bbbb-ccccddddeeee,f9c2d5b3-1e8a-4f6c-9b0d-2a7e3c4d5f6a,1,2026-01-25T12:30:00Z,2026-01-25T12:43:00Z,13,gym,Frankfurt,,DE,home,Frankfurt,60311,DE,bike_sharing,subscription,none,swapfiets,,bike,3.0,0.0,0.0,False,True,False,False,,0,Bike‑sharing ride back home from the gym.
13,d1a2b3c4-1111-2222-3333-444455550014,j0k1l2m3-aaaa-bbbb-cccc-ddddeeeeffff,f9c2d5b3-1e8a-4f6c-9b0d-2a7e3c4d5f6a,1,2026-01-26T07:35:00Z,2026-01-26T07:40:00Z,5,home,Frankfurt,60311,DE,transit_stop,Frankfurt,,DE,walking,none,none,,,,0.5,0.0,0.0,True,False,False,False,,0,Walking from home to the S‑Bahn stop.
14,d1a2b3c4-1111-2222-3333-444455550015,j0k1l2m3-aaaa-bbbb-cccc-ddddeeeeffff,f9c2d5b3-1e8a-4f6c-9b0d-2a7e3c4d5f6a,2,2026-01-26T07:40:00Z,2026-01-26T08:04:00Z,24,transit_stop,Frankfurt,,DE,transit_stop,Frankfurt,,DE,public_transport,subscription,second_class,DB,S-Bahn,train,11.0,0.0,0.44,False,True,False,False,2.0,0,"S‑Bahn ride to the stop near the office, covered by Deutschlandticket."
15,d1a2b3c4-1111-2222-3333-444455550016,j0k1l2m3-aaaa-bbbb-cccc-ddddeeeeffff,f9c2d5b3-1e8a-4f6c-9b0d-2a7e3c4d5f6a,3,2026-01-26T08:04:00Z,2026-01-26T08:09:00Z,5,transit_stop,Frankfurt,,DE,office,Frankfurt,,DE,walking,none,none,,,,0.5,0.0,0.0,False,False,True,False,,0,Walking from the S‑Bahn stop to the office.
16,d1a2b3c4-1111-2222-3333-444455550017,k1l2m3n4-bbbb-cccc-dddd-eeeeffff1111,f9c2d5b3-1e8a-4f6c-9b0d-2a7e3c4d5f6a,1,2026-01-26T18:10:00Z,2026-01-26T18:15:00Z,5,office,Frankfurt,,DE,transit_stop,Frankfurt,,DE,walking,none,none,,,,0.5,0.0,0.0,True,False,False,False,,0,Walking from the office to the S‑Bahn stop.
17,d1a2b3c4-1111-2222-3333-444455550018,k1l2m3n4-bbbb-cccc-dddd-eeeeffff1111,f9c2d5b3-1e8a-4f6c-9b0d-2a7e3c4d5f6a,2,2026-01-26T18:15:00Z,2026-01-26T18:43:00Z,28,transit_stop,Frankfurt,,DE,transit_stop,Frankfurt,,DE,public_transport,subscription,second_class,DB,S-Bahn,train,11.0,0.0,0.44,False,True,False,False,2.0,0,"S‑Bahn ride homeward, covered by Deutschlandticket."
18,d1a2b3c4-1111-2222-3333-444455550019,k1l2m3n4-bbbb-cccc-dddd-eeeeffff1111,f9c2d5b3-1e8a-4f6c-9b0d-2a7e3c4d5f6a,3,2026-01-26T18:43:00Z,2026-01-26T18:48:00Z,5,transit_stop,Frankfurt,,DE,home,Frankfurt,60311,DE,walking,none,none,,,,0.5,0.0,0.0,False,False,True,False,,0,Walking from the S‑Bahn stop to home.
0,d1a2b3c4-1111-2222-3333-444455550001,a1b2c3d4-1111-2222-3333-444455556666,f9c2d5b3-1e8a-4f6c-9b0d-2a7e3c4d5f6a,1,2026-01-29T09:15:00+01:00,2026-01-29T09:30:00+01:00,15,home,Frankfurt,60311,DE,supermarket,Frankfurt,,DE,bike_sharing,subscription,none,swapfiets,,bike,3.0,0.0,0.15,False,True,False,False,,0,Morning grocery run using bike sharing.
1,d1a2b3c4-1111-2222-3333-444455550002,a1b2c3d4-1111-2222-3333-444455556667,f9c2d5b3-1e8a-4f6c-9b0d-2a7e3c4d5f6a,1,2026-01-29T10:00:00+01:00,2026-01-29T10:07:00+01:00,7,supermarket,Frankfurt,,DE,home,Frankfurt,60311,DE,walking,none,none,,,,0.5,0.0,0.0,False,True,False,False,,0,Return home after shopping.
2,d1a2b3c4-1111-2222-3333-444455550003,a1b2c3d4-1111-2222-3333-444455556668,f9c2d5b3-1e8a-4f6c-9b0d-2a7e3c4d5f6a,1,2026-01-30T08:30:00+01:00,2026-01-30T08:35:00+01:00,5,home,Frankfurt,60311,DE,transit_stop,Frankfurt,,DE,walking,none,none,,,,0.5,0.0,0.0,True,False,False,False,,0,Commute to office via S‑Bahn (public transport).
3,d1a2b3c4-1111-2222-3333-444455550004,a1b2c3d4-1111-2222-3333-444455556668,f9c2d5b3-1e8a-4f6c-9b0d-2a7e3c4d5f6a,2,2026-01-30T08:35:00+01:00,2026-01-30T08:50:00+01:00,15,transit_stop,Frankfurt,,DE,office,Frankfurt,,DE,public_transport,subscription,second_class,DB,S-Bahn,train,7.0,0.0,0.28,False,True,False,False,2.0,0,Commute to office via S‑Bahn (public transport).
4,d1a2b3c4-1111-2222-3333-444455550005,a1b2c3d4-1111-2222-3333-444455556668,f9c2d5b3-1e8a-4f6c-9b0d-2a7e3c4d5f6a,3,2026-01-30T08:50:00+01:00,2026-01-30T08:55:00+01:00,5,office,Frankfurt,,DE,office_entrance,Frankfurt,,DE,walking,none,none,,,,0.5,0.0,0.0,False,False,True,False,,0,Commute to office via S‑Bahn (public transport).
5,d1a2b3c4-1111-2222-3333-444455550006,a1b2c3d4-1111-2222-3333-444455556669,f9c2d5b3-1e8a-4f6c-9b0d-2a7e3c4d5f6a,1,2026-01-30T12:15:00+01:00,2026-01-30T12:22:00+01:00,7,office,Frankfurt,,DE,restaurant,Frankfurt,,DE,walking,none,none,,,,0.5,0.0,0.0,False,True,False,False,,0,"Quick lunch at nearby restaurant, walking."
6,d1a2b3c4-1111-2222-3333-444455550007,a1b2c3d4-1111-2222-3333-444455556670,f9c2d5b3-1e8a-4f6c-9b0d-2a7e3c4d5f6a,1,2026-01-30T17:45:00+01:00,2026-01-30T17:50:00+01:00,5,office,Frankfurt,,DE,transit_stop,Frankfurt,,DE,walking,none,none,,,,0.5,0.0,0.0,True,False,False,False,,0,Evening commute home via S‑Bahn.
7,d1a2b3c4-1111-2222-3333-444455550008,a1b2c3d4-1111-2222-3333-444455556670,f9c2d5b3-1e8a-4f6c-9b0d-2a7e3c4d5f6a,2,2026-01-30T17:50:00+01:00,2026-01-30T18:05:00+01:00,15,transit_stop,Frankfurt,,DE,home,Frankfurt,60311,DE,public_transport,subscription,second_class,DB,S-Bahn,train,7.0,0.0,0.28,False,True,False,False,2.0,0,Evening commute home via S‑Bahn.
8,d1a2b3c4-1111-2222-3333-444455550009,a1b2c3d4-1111-2222-3333-444455556670,f9c2d5b3-1e8a-4f6c-9b0d-2a7e3c4d5f6a,3,2026-01-30T18:05:00+01:00,2026-01-30T18:10:00+01:00,5,home,Frankfurt,60311,DE,home_entrance,Frankfurt,60311,DE,walking,none,none,,,,0.5,0.0,0.0,False,False,True,False,,0,Evening commute home via S‑Bahn.
9,d1a2b3c4-1111-2222-3333-444455550010,a1b2c3d4-1111-2222-3333-444455556671,f9c2d5b3-1e8a-4f6c-9b0d-2a7e3c4d5f6a,1,2026-01-31T10:00:00+01:00,2026-01-31T10:15:00+01:00,15,home,Frankfurt,60311,DE,gym,Frankfurt,,DE,bike_sharing,subscription,none,swapfiets,,bike,4.0,0.0,0.2,False,True,False,False,,0,"Gym session, bike sharing to fitness center."
10,d1a2b3c4-1111-2222-3333-444455550011,a1b2c3d4-1111-2222-3333-444455556672,f9c2d5b3-1e8a-4f6c-9b0d-2a7e3c4d5f6a,1,2026-01-31T12:00:00+01:00,2026-01-31T12:07:00+01:00,7,gym,Frankfurt,,DE,home,Frankfurt,60311,DE,walking,none,none,,,,0.5,0.0,0.0,False,True,False,False,,0,Walk back home after gym.
11,d1a2b3c4-1111-2222-3333-444455550012,a1b2c3d4-1111-2222-3333-444455556673,f9c2d5b3-1e8a-4f6c-9b0d-2a7e3c4d5f6a,1,2026-01-31T14:30:00+01:00,2026-01-31T15:00:00+01:00,30,home,Frankfurt,60311,DE,park,Frankfurt,,DE,walking,none,none,,,,2.0,0.0,0.0,False,True,False,False,,0,Afternoon walk in city park.
12,d1a2b3c4-1111-2222-3333-444455550013,a1b2c3d4-1111-2222-3333-444455556674,f9c2d5b3-1e8a-4f6c-9b0d-2a7e3c4d5f6a,1,2026-02-01T11:30:00+01:00,2026-02-01T11:38:00+01:00,8,home,Frankfurt,60311,DE,restaurant,Frankfurt,,DE,e_scooter,pay-as-you-go,none,bolt,,scooter,2.0,2.5,0.12,False,True,False,False,,0,"Weekend brunch, e‑scooter to restaurant."
13,d1a2b3c4-1111-2222-3333-444455550014,a1b2c3d4-1111-2222-3333-444455556675,f9c2d5b3-1e8a-4f6c-9b0d-2a7e3c4d5f6a,1,2026-02-01T13:30:00+01:00,2026-02-01T13:55:00+01:00,25,restaurant,Frankfurt,,DE,home,Frankfurt,60311,DE,walking,none,none,,,,2.0,0.0,0.0,False,True,False,False,,0,Walk home after brunch.
14,d1a2b3c4-1111-2222-3333-444455550015,a1b2c3d4-1111-2222-3333-444455556676,f9c2d5b3-1e8a-4f6c-9b0d-2a7e3c4d5f6a,1,2026-02-02T08:45:00+01:00,2026-02-02T08:50:00+01:00,5,home,Frankfurt,60311,DE,transit_stop,Frankfurt,,DE,walking,none,none,,,,0.5,0.0,0.0,True,False,False,False,,0,Morning commute to office using public transport.
15,d1a2b3c4-1111-2222-3333-444455550016,a1b2c3d4-1111-2222-3333-444455556676,f9c2d5b3-1e8a-4f6c-9b0d-2a7e3c4d5f6a,2,2026-02-02T08:50:00+01:00,2026-02-02T09:05:00+01:00,15,transit_stop,Frankfurt,,DE,office,Frankfurt,,DE,public_transport,subscription,second_class,DB,S-Bahn,train,7.0,0.0,0.28,False,True,False,False,2.0,0,Morning commute to office using public transport.
16,d1a2b3c4-1111-2222-3333-444455550017,a1b2c3d4-1111-2222-3333-444455556676,f9c2d5b3-1e8a-4f6c-9b0d-2a7e3c4d5f6a,3,2026-02-02T09:05:00+01:00,2026-02-02T09:10:00+01:00,5,office,Frankfurt,,DE,office_entrance,Frankfurt,,DE,walking,none,none,,,,0.5,0.0,0.0,False,False,True,False,,0,Morning commute to office using public transport.
17,d1a2b3c4-1111-2222-3333-444455550018,a1b2c3d4-1111-2222-3333-444455556677,f9c2d5b3-1e8a-4f6c-9b0d-2a7e3c4d5f6a,1,2026-02-02T17:45:00+01:00,2026-02-02T17:50:00+01:00,5,office,Frankfurt,,DE,transit_stop,Frankfurt,,DE,walking,none,none,,,,0.5,0.0,0.0,True,False,False,False,,0,Evening commute home using public transport.
18,d1a2b3c4-1111-2222-3333-444455550019,a1b2c3d4-1111-2222-3333-444455556677,f9c2d5b3-1e8a-4f6c-9b0d-2a7e3c4d5f6a,2,2026-02-02T17:50:00+01:00,2026-02-02T18:05:00+01:00,15,transit_stop,Frankfurt,,DE,home,Frankfurt,60311,DE,public_transport,subscription,second_class,DB,S-Bahn,train,7.0,0.0,0.28,False,True,False,False,2.0,0,Evening commute home using public transport.
19,d1a2b3c4-1111-2222-3333-444455550020,a1b2c3d4-1111-2222-3333-444455556677,f9c2d5b3-1e8a-4f6c-9b0d-2a7e3c4d5f6a,3,2026-02-02T18:05:00+01:00,2026-02-02T18:10:00+01:00,5,home,Frankfurt,60311,DE,home_entrance,Frankfurt,60311,DE,walking,none,none,,,,0.5,0.0,0.0,False,False,True,False,,0,Evening commute home using public transport.
0,d1a2b3c4-1111-2222-3333-444455556600,a1b2c3d4-1111-2222-3333-444455556666,f9c2d5b3-1e8a-4f6c-9b0d-2a7e3c4d5f6a,1,2026-02-05T08:15:00+01:00,2026-02-05T08:20:00+01:00,5,home,Frankfurt,60311,DE,transit_stop,Frankfurt,,DE,walking,none,none,,,,0.5,0.0,0.0,True,False,False,False,,0,Walk from home to S‑Bahn station.
1,e2b3c4d5-1111-2222-3333-444455556601,a1b2c3d4-1111-2222-3333-444455556666,f9c2d5b3-1e8a-4f6c-9b0d-2a7e3c4d5f6a,2,2026-02-05T08:20:00+01:00,2026-02-05T08:40:00+01:00,20,transit_stop,Frankfurt,,DE,transit_stop,Frankfurt,,DE,public_transport,subscription,second_class,DB,S-Bahn,train,11.0,0.0,0.44,False,True,False,False,2.0,0,Ride S‑Bahn from station near home to station near office.
2,f3c4d5e6-1111-2222-3333-444455556602,a1b2c3d4-1111-2222-3333-444455556666,f9c2d5b3-1e8a-4f6c-9b0d-2a7e3c4d5f6a,3,2026-02-05T08:40:00+01:00,2026-02-05T08:45:00+01:00,5,transit_stop,Frankfurt,,DE,office,Frankfurt,60311,DE,walking,none,none,,,,0.5,0.0,0.0,False,False,True,False,,0,Walk from S‑Bahn station to office.
3,a4b5c6d7-2222-3333-4444-555566667700,b2c3d4e5-2222-3333-4444-555566667777,f9c2d5b3-1e8a-4f6c-9b0d-2a7e3c4d5f6a,1,2026-02-05T12:30:00+01:00,2026-02-05T12:32:00+01:00,2,office,Frankfurt,60311,DE,e_scooter_pickup,Frankfurt,,DE,walking,none,none,,,,0.1,0.0,0.0,True,False,False,False,,0,Walk from office to nearby e‑scooter.
4,b5c6d7e8-2222-3333-4444-555566667701,b2c3d4e5-2222-3333-4444-555566667777,f9c2d5b3-1e8a-4f6c-9b0d-2a7e3c4d5f6a,2,2026-02-05T12:32:00+01:00,2026-02-05T12:57:00+01:00,25,e_scooter_pickup,Frankfurt,,DE,restaurant,Frankfurt,,DE,e_scooter,pay-as-you-go,none,bolt,,e_scooter,1.9,2.5,0.03,False,True,False,False,,0,Ride e‑scooter to restaurant.
5,c6d7e8f9-3333-4444-5555-666677778800,c3d4e5f6-3333-4444-5555-666677778888,f9c2d5b3-1e8a-4f6c-9b0d-2a7e3c4d5f6a,1,2026-02-05T18:10:00+01:00,2026-02-05T18:15:00+01:00,5,office,Frankfurt,60311,DE,transit_stop,Frankfurt,,DE,walking,none,none,,,,0.5,0.0,0.0,True,False,False,False,,0,Walk from office to S‑Bahn station.
6,d7e8f9a0-3333-4444-5555-666677778801,c3d4e5f6-3333-4444-5555-666677778888,f9c2d5b3-1e8a-4f6c-9b0d-2a7e3c4d5f6a,2,2026-02-05T18:15:00+01:00,2026-02-05T18:40:00+01:00,25,transit_stop,Frankfurt,,DE,transit_stop,Frankfurt,,DE,public_transport,subscription,second_class,DB,S-Bahn,train,11.0,0.0,0.44,False,True,False,False,2.0,0,Ride S‑Bahn back to station near home.
7,e8f9a0b1-3333-4444-5555-666677778802,c3d4e5f6-3333-4444-5555-666677778888,f9c2d5b3-1e8a-4f6c-9b0d-2a7e3c4d5f6a,3,2026-02-05T18:40:00+01:00,2026-02-05T18:45:00+01:00,5,transit_stop,Frankfurt,,DE,home,Frankfurt,60311,DE,walking,none,none,,,,0.5,0.0,0.0,False,False,True,False,,0,Walk from station to home.
8,f9a0b1c2-4444-5555-6666-777788889900,d4e5f6g7-4444-5555-6666-777788889999,f9c2d5b3-1e8a-4f6c-9b0d-2a7e3c4d5f6a,1,2026-02-06T09:00:00+01:00,2026-02-06T09:03:00+01:00,3,home,Frankfurt,60311,DE,bike_sharing_station,Frankfurt,,DE,walking,none,none,,,,0.2,0.0,0.0,True,False,False,False,,0,Walk to bike‑sharing station.
9,a0b1c2d3-4444-5555-6666-777788889901,d4e5f6g7-4444-5555-6666-777788889999,f9c2d5b3-1e8a-4f6c-9b0d-2a7e3c4d5f6a,2,2026-02-06T09:03:00+01:00,2026-02-06T09:27:00+01:00,24,bike_sharing_station,Frankfurt,,DE,cafe,Frankfurt,,DE,bike_sharing,pay-as-you-go,none,swapfiets,,bike,4.3,3.0,0.09,False,True,False,False,,0,Ride bike‑sharing to cafe.
10,b1c2d3e4-4444-5555-6666-777788889902,d4e5f6g7-4444-5555-6666-777788889999,f9c2d5b3-1e8a-4f6c-9b0d-2a7e3c4d5f6a,3,2026-02-06T09:27:00+01:00,2026-02-06T09:30:00+01:00,3,cafe,Frankfurt,,DE,cafe_entrance,Frankfurt,,DE,walking,none,none,,,,0.0,0.0,0.0,False,False,True,False,,0,Walk to cafe entrance.
11,c2d3e4f5-5555-6666-7777-88889999aaaa,e5f6g7h8-5555-6666-7777-88889999aaaa,f9c2d5b3-1e8a-4f6c-9b0d-2a7e3c4d5f6a,1,2026-02-06T15:00:00+01:00,2026-02-06T15:02:00+01:00,2,home,Frankfurt,60311,DE,bike_sharing_station,Frankfurt,,DE,walking,none,none,,,,0.2,0.0,0.0,True,False,False,False,,0,Walk to bike‑sharing station.
12,d3e4f5g6-5555-6666-7777-88889999aaab,e5f6g7h8-5555-6666-7777-88889999aaaa,f9c2d5b3-1e8a-4f6c-9b0d-2a7e3c4d5f6a,2,2026-02-06T15:02:00+01:00,2026-02-06T15:18:00+01:00,16,bike_sharing_station,Frankfurt,,DE,gym,Frankfurt,,DE,bike_sharing,pay-as-you-go,none,swapfiets,,bike,4.8,3.0,0.1,False,True,False,False,,0,Ride bike‑sharing to gym.
13,e4f5g6h7-5555-6666-7777-88889999aaac,e5f6g7h8-5555-6666-7777-88889999aaaa,f9c2d5b3-1e8a-4f6c-9b0d-2a7e3c4d5f6a,3,2026-02-06T15:18:00+01:00,2026-02-06T15:20:00+01:00,2,gym,Frankfurt,,DE,gym_entrance,Frankfurt,,DE,walking,none,none,,,,0.0,0.0,0.0,False,False,True,False,,0,Walk into gym.
14,f5g6h7i8-6666-7777-8888-9999aaaabbbb,f6g7h8i9-6666-7777-8888-9999aaaabbbb,f9c2d5b3-1e8a-4f6c-9b0d-2a7e3c4d5f6a,1,2026-02-06T20:00:00+01:00,2026-02-06T20:20:00+01:00,20,gym,Frankfurt,,DE,home,Frankfurt,60311,DE,bike_sharing,pay-as-you-go,none,swapfiets,,bike,5.0,3.0,0.1,False,True,False,False,,0,Ride bike‑sharing home after gym.
15,g6h7i8j9-7777-8888-9999-aaaabbbbcccc,g7h8i9j0-7777-8888-9999-aaaabbbbcccc,f9c2d5b3-1e8a-4f6c-9b0d-2a7e3c4d5f6a,1,2026-02-07T10:00:00+01:00,2026-02-07T10:02:00+01:00,2,home,Frankfurt,60311,DE,bike_sharing_station,Frankfurt,,DE,walking,none,none,,,,0.2,0.0,0.0,True,False,False,False,,0,Walk to bike‑sharing station.
16,h7i8j9k0-7777-8888-9999-aaaabbbbcccd,g7h8i9j0-7777-8888-9999-aaaabbbbcccc,f9c2d5b3-1e8a-4f6c-9b0d-2a7e3c4d5f6a,2,2026-02-07T10:02:00+01:00,2026-02-07T10:23:00+01:00,21,bike_sharing_station,Frankfurt,,DE,supermarket,Frankfurt,,DE,bike_sharing,pay-as-you-go,none,swapfiets,,bike,3.8,2.5,0.08,False,True,False,False,,0,Ride bike‑sharing to supermarket.
17,i8j9k0l1-7777-8888-9999-aaaabbbbccce,g7h8i9j0-7777-8888-9999-aaaabbbbcccc,f9c2d5b3-1e8a-4f6c-9b0d-2a7e3c4d5f6a,3,2026-02-07T10:23:00+01:00,2026-02-07T10:25:00+01:00,2,supermarket,Frankfurt,,DE,supermarket_entrance,Frankfurt,,DE,walking,none,none,,,,0.0,0.0,0.0,False,False,True,False,,0,Walk into supermarket.
18,j9k0l1m2-8888-9999-aaaa-bbbbbbccccdd,h8i9j0k1-8888-9999-aaaa-bbbbbbccccdd,f9c2d5b3-1e8a-4f6c-9b0d-2a7e3c4d5f6a,1,2026-02-07T12:30:00+01:00,2026-02-07T12:32:00+01:00,2,supermarket,Frankfurt,,DE,bike_sharing_station,Frankfurt,,DE,walking,none,none,,,,0.2,0.0,0.0,True,False,False,False,,0,Walk to bike‑sharing station.
19,k0l1m2n3-8888-9999-aaaa-bbbbbbccccde,h8i9j0k1-8888-9999-aaaa-bbbbbbccccdd,f9c2d5b3-1e8a-4f6c-9b0d-2a7e3c4d5f6a,2,2026-02-07T12:32:00+01:00,2026-02-07T12:58:00+01:00,26,bike_sharing_station,Frankfurt,,DE,home,Frankfurt,60311,DE,bike_sharing,pay-as-you-go,none,swapfiets,,bike,3.8,2.5,0.08,False,True,False,False,,0,Ride bike‑sharing home.
20,l1m2n3o4-9999-aaaa-bbbb-ccccddddeeee,i9j0k1l2-9999-aaaa-bbbb-ccccddddeeee,f9c2d5b3-1e8a-4f6c-9b0d-2a7e3c4d5f6a,1,2026-02-07T18:30:00+01:00,2026-02-07T18:32:00+01:00,2,home,Frankfurt,60311,DE,e_scooter_pickup,Frankfurt,,DE,walking,none,none,,,,0.1,0.0,0.0,True,False,False,False,,0,Walk to e‑scooter.
21,m2n3o4p5-9999-aaaa-bbbb-ccccddddeeef,i9j0k1l2-9999-aaaa-bbbb-ccccddddeeee,f9c2d5b3-1e8a-4f6c-9b0d-2a7e3c4d5f6a,2,2026-02-07T18:32:00+01:00,2026-02-07T18:58:00+01:00,26,e_scooter_pickup,Frankfurt,,DE,friend_home,Frankfurt,,DE,e_scooter,pay-as-you-go,none,bolt,,e_scooter,2.9,2.0,0.04,False,True,False,False,,0,Ride e‑scooter to friend's home.
22,n3o4p5q6-9999-aaaa-bbbb-ccccddddeef0,i9j0k1l2-9999-aaaa-bbbb-ccccddddeeee,f9c2d5b3-1e8a-4f6c-9b0d-2a7e3c4d5f6a,3,2026-02-07T18:58:00+01:00,2026-02-07T19:00:00+01:00,2,friend_home,Frankfurt,,DE,friend_home_entrance,Frankfurt,,DE,walking,none,none,,,,0.0,0.0,0.0,False,False,True,False,,0,Walk into friend's home.
23,o4p5q6r7-aaaa-bbbb-cccc-ddddeeeeffff,j0k1l2m3-aaaa-bbbb-cccc-ddddeeeeffff,f9c2d5b3-1e8a-4f6c-9b0d-2a7e3c4d5f6a,1,2026-02-08T11:00:00+01:00,2026-02-08T11:45:00+01:00,45,home,Frankfurt,60311,DE,park,Frankfurt,,DE,walking,none,none,,,,2.0,0.0,0.0,False,True,False,False,,0,Leisure walk to park.
24,p5q6r7s8-bbbb-cccc-dddd-eeeeffff1111,k1l2m3n4-bbbb-cccc-dddd-eeeeffff1111,f9c2d5b3-1e8a-4f6c-9b0d-2a7e3c4d5f6a,1,2026-02-08T17:30:00+01:00,2026-02-08T17:37:00+01:00,7,home,Frankfurt,60311,DE,train_station,Frankfurt,,DE,walking,none,none,,,,0.5,0.0,0.0,True,False,False,False,,0,Walk to regional train station.
25,q6r7s8t9-bbbb-cccc-dddd-eeeeffff1112,k1l2m3n4-bbbb-cccc-dddd-eeeeffff1111,f9c2d5b3-1e8a-4f6c-9b0d-2a7e3c4d5f6a,2,2026-02-08T17:37:00+01:00,2026-02-08T18:12:00+01:00,35,train_station,Frankfurt,,DE,train_station,Wiesbaden,65185,DE,regional_train,subscription,second_class,DB,RE,train,39.0,0.0,1.56,False,True,False,False,5.0,0,Regional train to Wiesbaden.
26,r7s8t9u0-bbbb-cccc-dddd-eeeeffff1113,k1l2m3n4-bbbb-cccc-dddd-eeeeffff1111,f9c2d5b3-1e8a-4f6c-9b0d-2a7e3c4d5f6a,3,2026-02-08T18:12:00+01:00,2026-02-08T18:15:00+01:00,3,train_station,Wiesbaden,65185,DE,home,Frankfurt,60311,DE,walking,none,none,,,,0.5,0.0,0.0,False,False,True,False,,0,Walk from Wiesbaden station to home.
27,s8t9u0v1-cccc-dddd-eeee-ffff11112222,l2m3n4o5-cccc-dddd-eeee-ffff11112222,f9c2d5b3-1e8a-4f6c-9b0d-2a7e3c4d5f6a,1,2026-02-08T20:30:00+01:00,2026-02-08T20:35:00+01:00,5,home,Frankfurt,60311,DE,train_station,Wiesbaden,65185,DE,walking,none,none,,,,0.5,0.0,0.0,True,False,False,False,,0,Walk to Wiesbaden train station.
28,t9u0v1w2-cccc-dddd-eeee-ffff11112223,l2m3n4o5-cccc-dddd-eeee-ffff11112222,f9c2d5b3-1e8a-4f6c-9b0d-2a7e3c4d5f6a,2,2026-02-08T20:35:00+01:00,2026-02-08T21:10:00+01:00,35,train_station,Wiesbaden,65185,DE,train_station,Frankfurt,60311,DE,regional_train,subscription,second_class,DB,RE,train,39.0,0.0,1.56,False,True,False,False,5.0,0,Regional train back to Frankfurt.
29,u0v1w2x3-cccc-dddd-eeee-ffff11112224,l2m3n4o5-cccc-dddd-eeee-ffff11112222,f9c2d5b3-1e8a-4f6c-9b0d-2a7e3c4d5f6a,3,2026-02-08T21:10:00+01:00,2026-02-08T21:15:00+01:00,5,train_station,Frankfurt,60311,DE,home,Frankfurt,60311,DE,walking,none,none,,,,0.5,0.0,0.0,False,False,True,False,,0,Walk from Frankfurt station to home.
0,leg-a1b2c3d4-1111-2222-3333-444455556666-1,a1b2c3d4-1111-2222-3333-444455556666,f9c2d5b3-1e8a-4f6c-9b0d-2a7e3c4d5f6a,1,2026-02-12T08:15:00+01:00,2026-02-12T08:30:00+01:00,15,home,Frankfurt,60311,DE,cafe,Frankfurt,,DE,e_scooter,pay-as-you-go,none,bolt,,e-scooter,2.0,2.5,0.03,False,True,False,False,,0,Morning e-scooter ride to a local cafe for a quick coffee.
1,leg-b2c3d4e5-1111-2222-3333-444455556667-1,b2c3d4e5-1111-2222-3333-444455556667,f9c2d5b3-1e8a-4f6c-9b0d-2a7e3c4d5f6a,1,2026-02-12T18:45:00+01:00,2026-02-12T19:20:00+01:00,35,home,Frankfurt,60311,DE,supermarket,Frankfurt,,DE,bike_sharing,subscription,none,swapfiets,,bike,4.5,0.0,0.02,False,True,False,False,,0,Evening bike‑sharing trip to buy groceries.
2,leg-c3d4e5f6-1111-2222-3333-444455556668-1,c3d4e5f6-1111-2222-3333-444455556668,f9c2d5b3-1e8a-4f6c-9b0d-2a7e3c4d5f6a,1,2026-02-13T14:00:00+01:00,2026-02-13T14:12:00+01:00,12,home,Frankfurt,60311,DE,friend_home,Frankfurt,,DE,e_scooter,pay-as-you-go,none,bolt,,e-scooter,3.0,3.0,0.045,False,True,False,False,,0,Afternoon e‑scooter ride to a friend's apartment.
3,leg-d4e5f6g7-1111-2222-3333-444455556669-1,d4e5f6g7-1111-2222-3333-444455556669,f9c2d5b3-1e8a-4f6c-9b0d-2a7e3c4d5f6a,1,2026-02-14T10:00:00+01:00,2026-02-14T10:45:00+01:00,45,home,Frankfurt,60311,DE,city_park,Frankfurt,,DE,walking,none,none,,,,3.0,0.0,0.0,False,True,False,False,,0,Morning walk to the city park for recreation.
4,leg-e5f6g7h8-1111-2222-3333-444455556670-1,e5f6g7h8-1111-2222-3333-444455556670,f9c2d5b3-1e8a-4f6c-9b0d-2a7e3c4d5f6a,1,2026-02-15T07:45:00+01:00,2026-02-15T07:50:00+01:00,5,home,Frankfurt,60311,DE,s_bahn_station,Frankfurt,,DE,walking,none,none,,,,0.5,0.0,0.0,True,False,False,False,,0,Walking from home to the S‑Bahn station.
5,leg-e5f6g7h8-1111-2222-3333-444455556670-2,e5f6g7h8-1111-2222-3333-444455556670,f9c2d5b3-1e8a-4f6c-9b0d-2a7e3c4d5f6a,2,2026-02-15T07:50:00+01:00,2026-02-15T08:25:00+01:00,35,s_bahn_station,Frankfurt,,DE,office_stop,Frankfurt,,DE,public_transport,subscription,second_class,DB,S-Bahn,train,7.0,0.0,0.28,False,True,False,False,2.0,0,Public‑transport S‑Bahn ride to the office area.
6,leg-e5f6g7h8-1111-2222-3333-444455556670-3,e5f6g7h8-1111-2222-3333-444455556670,f9c2d5b3-1e8a-4f6c-9b0d-2a7e3c4d5f6a,3,2026-02-15T08:25:00+01:00,2026-02-15T08:30:00+01:00,5,office_stop,Frankfurt,,DE,office,Frankfurt,60311,DE,walking,none,none,,,,0.5,0.0,0.0,False,False,True,False,,0,Walking from the S‑Bahn stop to the office.
7,leg-f6g7h8i9-1111-2222-3333-444455556671-1,f6g7h8i9-1111-2222-3333-444455556671,f9c2d5b3-1e8a-4f6c-9b0d-2a7e3c4d5f6a,1,2026-02-15T17:30:00+01:00,2026-02-15T17:35:00+01:00,5,office,Frankfurt,60311,DE,s_bahn_station,Frankfurt,,DE,walking,none,none,,,,0.5,0.0,0.0,True,False,False,False,,0,Walking from the office to the S‑Bahn station.
8,leg-f6g7h8i9-1111-2222-3333-444455556671-2,f6g7h8i9-1111-2222-3333-444455556671,f9c2d5b3-1e8a-4f6c-9b0d-2a7e3c4d5f6a,2,2026-02-15T17:35:00+01:00,2026-02-15T18:10:00+01:00,35,s_bahn_station,Frankfurt,,DE,home_stop,Frankfurt,,DE,public_transport,subscription,second_class,DB,S-Bahn,train,7.0,0.0,0.28,False,True,False,False,2.0,0,Public‑transport S‑Bahn ride towards home.
9,leg-f6g7h8i9-1111-2222-3333-444455556671-3,f6g7h8i9-1111-2222-3333-444455556671,f9c2d5b3-1e8a-4f6c-9b0d-2a7e3c4d5f6a,3,2026-02-15T18:10:00+01:00,2026-02-15T18:15:00+01:00,5,home_stop,Frankfurt,,DE,home,Frankfurt,60311,DE,walking,none,none,,,,0.5,0.0,0.0,False,False,True,False,,0,Walking from the S‑Bahn stop to home.
10,leg-g7h8i9j0-1111-2222-3333-444455556672-1,g7h8i9j0-1111-2222-3333-444455556672,f9c2d5b3-1e8a-4f6c-9b0d-2a7e3c4d5f6a,1,2026-02-16T12:30:00+01:00,2026-02-16T13:00:00+01:00,30,home,Frankfurt,60311,DE,supermarket,Frankfurt,,DE,bike_sharing,subscription,none,swapfiets,,bike,4.0,0.0,0.02,False,True,False,False,,0,Midday bike‑sharing trip to buy groceries while working remotely.
11,leg-h8i9j0k1-1111-2222-3333-444455556673-1,h8i9j0k1-1111-2222-3333-444455556673,f9c2d5b3-1e8a-4f6c-9b0d-2a7e3c4d5f6a,1,2026-02-17T07:50:00+01:00,2026-02-17T07:55:00+01:00,5,home,Frankfurt,60311,DE,s_bahn_station,Frankfurt,,DE,walking,none,none,,,,0.5,0.0,0.0,True,False,False,False,,0,Walking from home to the S‑Bahn station.
12,leg-h8i9j0k1-1111-2222-3333-444455556673-2,h8i9j0k1-1111-2222-3333-444455556673,f9c2d5b3-1e8a-4f6c-9b0d-2a7e3c4d5f6a,2,2026-02-17T07:55:00+01:00,2026-02-17T08:30:00+01:00,35,s_bahn_station,Frankfurt,,DE,office_stop,Frankfurt,,DE,public_transport,subscription,second_class,DB,S-Bahn,train,7.0,0.0,0.28,False,True,False,False,2.0,0,Public‑transport S‑Bahn ride to the office.
13,leg-h8i9j0k1-1111-2222-3333-444455556673-3,h8i9j0k1-1111-2222-3333-444455556673,f9c2d5b3-1e8a-4f6c-9b0d-2a7e3c4d5f6a,3,2026-02-17T08:30:00+01:00,2026-02-17T08:35:00+01:00,5,office_stop,Frankfurt,,DE,office,Frankfurt,60311,DE,walking,none,none,,,,0.5,0.0,0.0,False,False,True,False,,0,Walking from the S‑Bahn stop to the office.
14,leg-i9j0k1l2-1111-2222-3333-444455556674-1,i9j0k1l2-1111-2222-3333-444455556674,f9c2d5b3-1e8a-4f6c-9b0d-2a7e3c4d5f6a,1,2026-02-17T17:45:00+01:00,2026-02-17T17:50:00+01:00,5,office,Frankfurt,60311,DE,s_bahn_station,Frankfurt,,DE,walking,none,none,,,,0.5,0.0,0.0,True,False,False,False,,0,Walking from the office to the S‑Bahn station.
15,leg-i9j0k1l2-1111-2222-3333-444455556674-2,i9j0k1l2-1111-2222-3333-444455556674,f9c2d5b3-1e8a-4f6c-9b0d-2a7e3c4d5f6a,2,2026-02-17T17:50:00+01:00,2026-02-17T18:25:00+01:00,35,s_bahn_station,Frankfurt,,DE,home_stop,Frankfurt,,DE,public_transport,subscription,second_class,DB,S-Bahn,train,7.0,0.0,0.28,False,True,False,False,2.0,0,Public‑transport S‑Bahn ride towards home.
16,leg-i9j0k1l2-1111-2222-3333-444455556674-3,i9j0k1l2-1111-2222-3333-444455556674,f9c2d5b3-1e8a-4f6c-9b0d-2a7e3c4d5f6a,3,2026-02-17T18:25:00+01:00,2026-02-17T18:30:00+01:00,5,home_stop,Frankfurt,,DE,home,Frankfurt,60311,DE,walking,none,none,,,,0.5,0.0,0.0,False,False,True,False,,0,Walking from the S‑Bahn stop to home.
17,leg-j0k1l2m3-1111-2222-3333-444455556675-1,j0k1l2m3-1111-2222-3333-444455556675,f9c2d5b3-1e8a-4f6c-9b0d-2a7e3c4d5f6a,1,2026-02-18T07:55:00+01:00,2026-02-18T08:00:00+01:00,5,home,Frankfurt,60311,DE,s_bahn_station,Frankfurt,,DE,walking,none,none,,,,0.5,0.0,0.0,True,False,False,False,,0,Walking from home to the S‑Bahn station.
18,leg-j0k1l2m3-1111-2222-3333-444455556675-2,j0k1l2m3-1111-2222-3333-444455556675,f9c2d5b3-1e8a-4f6c-9b0d-2a7e3c4d5f6a,2,2026-02-18T08:00:00+01:00,2026-02-18T08:35:00+01:00,35,s_bahn_station,Frankfurt,,DE,office_stop,Frankfurt,,DE,public_transport,subscription,second_class,DB,S-Bahn,train,7.0,0.0,0.28,False,True,False,False,2.0,0,Public‑transport S‑Bahn ride to the office.
19,leg-j0k1l2m3-1111-2222-3333-444455556675-3,j0k1l2m3-1111-2222-3333-444455556675,f9c2d5b3-1e8a-4f6c-9b0d-2a7e3c4d5f6a,3,2026-02-18T08:35:00+01:00,2026-02-18T08:40:00+01:00,5,office_stop,Frankfurt,,DE,office,Frankfurt,60311,DE,walking,none,none,,,,0.5,0.0,0.0,False,False,True,False,,0,Walking from the S‑Bahn stop to the office.
20,leg-k1l2m3n4-1111-2222-3333-444455556676-1,k1l2m3n4-1111-2222-3333-444455556676,f9c2d5b3-1e8a-4f6c-9b0d-2a7e3c4d5f6a,1,2026-02-18T18:10:00+01:00,2026-02-18T18:15:00+01:00,5,office,Frankfurt,60311,DE,s_bahn_station,Frankfurt,,DE,walking,none,none,,,,0.5,0.0,0.0,True,False,False,False,,0,Walking from the office to the S‑Bahn station.
21,leg-k1l2m3n4-1111-2222-3333-444455556676-2,k1l2m3n4-1111-2222-3333-444455556676,f9c2d5b3-1e8a-4f6c-9b0d-2a7e3c4d5f6a,2,2026-02-18T18:15:00+01:00,2026-02-18T18:50:00+01:00,35,s_bahn_station,Frankfurt,,DE,home_stop,Frankfurt,,DE,public_transport,subscription,second_class,DB,S-Bahn,train,7.0,0.0,0.28,False,True,False,False,2.0,0,Public‑transport S‑Bahn ride towards home.
22,leg-k1l2m3n4-1111-2222-3333-444455556676-3,k1l2m3n4-1111-2222-3333-444455556676,f9c2d5b3-1e8a-4f6c-9b0d-2a7e3c4d5f6a,3,2026-02-18T18:50:00+01:00,2026-02-18T18:55:00+01:00,5,home_stop,Frankfurt,,DE,home,Frankfurt,60311,DE,walking,none,none,,,,0.5,0.0,0.0,False,False,True,False,,0,Walking from the S‑Bahn stop to home.
23,leg-l2m3n4o5-1111-2222-3333-444455556677-1,l2m3n4o5-1111-2222-3333-444455556677,f9c2d5b3-1e8a-4f6c-9b0d-2a7e3c4d5f6a,1,2026-02-18T19:30:00+01:00,2026-02-18T20:00:00+01:00,30,home,Frankfurt,60311,DE,gym,Frankfurt,,DE,bike_sharing,subscription,none,swapfiets,,bike,5.0,0.0,0.02,False,True,False,False,,0,Evening bike‑sharing trip to the gym for a workout.
0,d1e2f3a4-0001-0000-0000-000000000001,a1b2c3d4-0001-0000-0000-000000000001,f9c2d5b3-1e8a-4f6c-9b0d-2a7e3c4d5f6a,1,2026-02-19T09:30:00Z,2026-02-19T10:00:00Z,30,home,Frankfurt,60311,DE,cafe,Frankfurt,,DE,e_scooter,pay-as-you-go,none,bolt,,e_scooter,3.0,2.5,0.06,False,True,False,False,,0,Weekend brunch using e-scooter per typical weekend pattern.
1,d1e2f3a4-0002-0000-0000-000000000002,a1b2c3d4-0002-0000-0000-000000000002,f9c2d5b3-1e8a-4f6c-9b0d-2a7e3c4d5f6a,1,2026-02-19T10:05:00Z,2026-02-19T10:20:00Z,15,cafe,Frankfurt,,DE,home,Frankfurt,60311,DE,walking,none,none,,,,1.0,0.0,0.0,False,True,False,False,,0,Return walk after brunch.
2,d1e2f3a4-0003-0000-0000-000000000003,a1b2c3d4-0003-0000-0000-000000000003,f9c2d5b3-1e8a-4f6c-9b0d-2a7e3c4d5f6a,1,2026-02-19T20:00:00Z,2026-02-19T20:30:00Z,30,home,Frankfurt,60311,DE,bar,Frankfurt,,DE,e_scooter,pay-as-you-go,none,bolt,,e_scooter,2.5,2.0,0.05,False,True,False,False,,0,Evening social outing using e-scooter.
3,d1e2f3a4-0004-0000-0000-000000000004,a1b2c3d4-0004-0000-0000-000000000004,f9c2d5b3-1e8a-4f6c-9b0d-2a7e3c4d5f6a,1,2026-02-20T08:00:00Z,2026-02-20T08:30:00Z,30,home,Frankfurt,60311,DE,park,Frankfurt,,DE,walking,none,none,,,,1.5,0.0,0.0,False,True,False,False,,0,Morning walk to park for leisure.
4,d1e2f3a4-0005-0000-0000-000000000005,a1b2c3d4-0005-0000-0000-000000000005,f9c2d5b3-1e8a-4f6c-9b0d-2a7e3c4d5f6a,1,2026-02-20T08:35:00Z,2026-02-20T09:00:00Z,25,park,Frankfurt,,DE,home,Frankfurt,60311,DE,walking,none,none,,,,1.5,0.0,0.0,False,True,False,False,,0,Return walk from park.
5,d1e2f3a4-0006-0000-0000-000000000006,a1b2c3d4-0006-0000-0000-000000000006,f9c2d5b3-1e8a-4f6c-9b0d-2a7e3c4d5f6a,1,2026-02-20T12:00:00Z,2026-02-20T12:45:00Z,45,home,Frankfurt,60311,DE,supermarket,Frankfurt,,DE,bike_sharing,subscription,none,swapfiets,,bike,4.0,1.5,0.2,False,True,False,False,,0,Midday grocery shopping using bike sharing.
6,d1e2f3a4-0007-0000-0000-000000000007,a1b2c3d4-0007-0000-0000-000000000007,f9c2d5b3-1e8a-4f6c-9b0d-2a7e3c4d5f6a,1,2026-02-20T13:00:00Z,2026-02-20T13:30:00Z,30,supermarket,Frankfurt,,DE,home,Frankfurt,60311,DE,bike_sharing,subscription,none,swapfiets,,bike,4.0,1.5,0.2,False,True,False,False,,0,Return home after grocery shopping.
7,d1e2f3a4-0008-0000-0000-000000000008,a1b2c3d4-0008-0000-0000-000000000008,f9c2d5b3-1e8a-4f6c-9b0d-2a7e3c4d5f6a,1,2026-02-21T10:00:00Z,2026-02-21T10:20:00Z,20,home,Frankfurt,60311,DE,pharmacy,Frankfurt,,DE,bike_sharing,subscription,none,swapfiets,,bike,2.0,0.8,0.1,False,True,False,False,,0,Morning pharmacy run using bike sharing.
8,d1e2f3a4-0009-0000-0000-000000000009,a1b2c3d4-0009-0000-0000-000000000009,f9c2d5b3-1e8a-4f6c-9b0d-2a7e3c4d5f6a,1,2026-02-21T10:25:00Z,2026-02-21T10:45:00Z,20,pharmacy,Frankfurt,,DE,home,Frankfurt,60311,DE,bike_sharing,subscription,none,swapfiets,,bike,2.0,0.8,0.1,False,True,False,False,,0,Return home after pharmacy visit.
9,d1e2f3a4-0010-0000-0000-000000000010,a1b2c3d4-0010-0000-0000-000000000010,f9c2d5b3-1e8a-4f6c-9b0d-2a7e3c4d5f6a,1,2026-02-22T07:45:00Z,2026-02-22T07:50:00Z,5,home,Frankfurt,60311,DE,transit_stop,Frankfurt,,DE,walking,none,none,,,,0.5,0.0,0.0,True,False,False,False,,0,Morning commute to office using S‑Bahn as per hybrid work schedule.
10,d1e2f3a4-0011-0000-0000-000000000011,a1b2c3d4-0010-0000-0000-000000000010,f9c2d5b3-1e8a-4f6c-9b0d-2a7e3c4d5f6a,2,2026-02-22T07:50:00Z,2026-02-22T08:05:00Z,15,transit_stop,Frankfurt,,DE,transit_stop,Frankfurt,,DE,public_transport,subscription,second_class,DB,S-Bahn,train,6.0,0.0,0.24,False,True,False,False,2.0,0,Morning commute to office using S‑Bahn as per hybrid work schedule.
11,d1e2f3a4-0012-0000-0000-000000000012,a1b2c3d4-0010-0000-0000-000000000010,f9c2d5b3-1e8a-4f6c-9b0d-2a7e3c4d5f6a,3,2026-02-22T08:05:00Z,2026-02-22T08:10:00Z,5,transit_stop,Frankfurt,,DE,office,Frankfurt,60311,DE,walking,none,none,,,,0.5,0.0,0.0,False,False,True,False,,0,Morning commute to office using S‑Bahn as per hybrid work schedule.
12,d1e2f3a4-0013-0000-0000-000000000013,a1b2c3d4-0011-0000-0000-000000000011,f9c2d5b3-1e8a-4f6c-9b0d-2a7e3c4d5f6a,1,2026-02-22T17:30:00Z,2026-02-22T17:35:00Z,5,office,Frankfurt,60311,DE,transit_stop,Frankfurt,,DE,walking,none,none,,,,0.5,0.0,0.0,True,False,False,False,,0,Evening return from office using public transport.
13,d1e2f3a4-0014-0000-0000-000000000014,a1b2c3d4-0011-0000-0000-000000000011,f9c2d5b3-1e8a-4f6c-9b0d-2a7e3c4d5f6a,2,2026-02-22T17:35:00Z,2026-02-22T17:55:00Z,20,transit_stop,Frankfurt,,DE,transit_stop,Frankfurt,,DE,public_transport,subscription,second_class,DB,S-Bahn,train,6.0,0.0,0.24,False,True,False,False,2.0,0,Evening return from office using public transport.
14,d1e2f3a4-0015-0000-0000-000000000015,a1b2c3d4-0011-0000-0000-000000000011,f9c2d5b3-1e8a-4f6c-9b0d-2a7e3c4d5f6a,3,2026-02-22T17:55:00Z,2026-02-22T18:00:00Z,5,transit_stop,Frankfurt,,DE,home,Frankfurt,60311,DE,walking,none,none,,,,0.5,0.0,0.0,False,False,True,False,,0,Evening return from office using public transport.
15,d1e2f3a4-0016-0000-0000-000000000016,a1b2c3d4-0012-0000-0000-000000000012,f9c2d5b3-1e8a-4f6c-9b0d-2a7e3c4d5f6a,1,2026-02-25T19:00:00Z,2026-02-25T19:30:00Z,30,home,Frankfurt,60311,DE,friend_home,Frankfurt,,DE,e_scooter,pay-as-you-go,none,bolt,,e_scooter,3.0,2.0,0.06,False,True,False,False,,0,"Evening visit to a friend using e-scooter, following weekend social pattern."
0,leg-a1b2c3d4-1111-2222-3333-444455556666-1,a1b2c3d4-1111-2222-3333-444455556666,f9c2d5b3-1e8a-4f6c-9b0d-2a7e3c4d5f6a,1,2026-02-26T08:15:00+01:00,2026-02-26T08:35:00+01:00,20,home,Frankfurt,60311,DE,supermarket,Frankfurt,,DE,bike_sharing,subscription,none,swapfiets,,bike,3.0,2.0,0.06,False,True,False,False,,0,Morning grocery run using bike sharing on a remote‑work day.
1,leg-b2c3d4e5-2222-3333-4444-555566667777-1,b2c3d4e5-2222-3333-4444-555566667777,f9c2d5b3-1e8a-4f6c-9b0d-2a7e3c4d5f6a,1,2026-02-26T18:30:00+01:00,2026-02-26T19:30:00+01:00,60,home,Frankfurt,60311,DE,gym,Frankfurt,,DE,bike_sharing,subscription,none,swapfiets,,bike,5.0,3.0,0.1,False,True,False,False,,0,"Evening workout after remote work, using shared bike."
2,leg-c3d4e5f6-3333-4444-5555-666677778888-1,c3d4e5f6-3333-4444-5555-666677778888,f9c2d5b3-1e8a-4f6c-9b0d-2a7e3c4d5f6a,1,2026-02-27T09:00:00+01:00,2026-02-27T09:10:00+01:00,10,home,Frankfurt,60311,DE,pharmacy,Frankfurt,,DE,walking,none,none,,,,0.8,0.0,0.0,False,True,False,False,,0,Quick walk to pharmacy during a remote‑work day.
3,leg-d4e5f6g7-4444-5555-6666-777788889999-1,d4e5f6g7-4444-5555-6666-777788889999,f9c2d5b3-1e8a-4f6c-9b0d-2a7e3c4d5f6a,1,2026-02-27T20:00:00+01:00,2026-02-27T20:45:00+01:00,45,home,Frankfurt,60311,DE,restaurant,Frankfurt,,DE,e_scooter,pay-as-you-go,none,bolt,,scooter,2.5,3.5,0.1,False,True,False,False,,0,"Evening dinner out, using e‑scooter for a quick city ride."
4,leg-e5f6g7h8-5555-6666-7777-88889999aaaa-1,e5f6g7h8-5555-6666-7777-88889999aaaa,f9c2d5b3-1e8a-4f6c-9b0d-2a7e3c4d5f6a,1,2026-02-28T10:00:00+01:00,2026-02-28T10:20:00+01:00,20,home,Frankfurt,60311,DE,supermarket,Frankfurt,,DE,bike_sharing,subscription,none,swapfiets,,bike,3.0,2.0,0.06,False,True,False,False,,0,Saturday grocery shopping using bike sharing.
5,leg-f6g7h8i9-6666-7777-8888-9999aaaabbbb-1,f6g7h8i9-6666-7777-8888-9999aaaabbbb,f9c2d5b3-1e8a-4f6c-9b0d-2a7e3c4d5f6a,1,2026-02-28T14:00:00+01:00,2026-02-28T14:30:00+01:00,30,home,Frankfurt,60311,DE,friend_home,Frankfurt,,DE,e_scooter,pay-as-you-go,none,bolt,,scooter,4.0,3.0,0.12,False,True,False,False,,0,Afternoon visit to a friend using e‑scooter.
6,leg-g7h8i9j0-7777-8888-9999-aaaabbbbcccc-1,g7h8i9j0-7777-8888-9999-aaaabbbbcccc,f9c2d5b3-1e8a-4f6c-9b0d-2a7e3c4d5f6a,1,2026-02-28T22:00:00+01:00,2026-02-28T22:30:00+01:00,30,friend_home,Frankfurt,,DE,home,Frankfurt,60311,DE,e_scooter,pay-as-you-go,none,bolt,,scooter,4.0,3.0,0.12,False,True,False,False,,0,Late‑night return home after social visit.
7,leg-h8i9j0k1-8888-9999-aaaa-bbbbbbccccdd-1,h8i9j0k1-8888-9999-aaaa-bbbbbbccccdd,f9c2d5b3-1e8a-4f6c-9b0d-2a7e3c4d5f6a,1,2026-03-01T11:00:00+01:00,2026-03-01T11:45:00+01:00,45,home,Frankfurt,60311,DE,park,Frankfurt,,DE,walking,none,none,,,,2.0,0.0,0.0,False,True,False,False,,0,Morning walk to a city park for relaxation.
8,leg-i9j0k1l2-9999-aaaa-bbbb-ccccddddeeee-1,i9j0k1l2-9999-aaaa-bbbb-ccccddddeeee,f9c2d5b3-1e8a-4f6c-9b0d-2a7e3c4d5f6a,1,2026-03-01T15:00:00+01:00,2026-03-01T15:05:00+01:00,5,home,Frankfurt,60311,DE,train_station,Frankfurt,,DE,walking,none,none,,,,0.5,0.0,0.0,True,False,False,False,,0,Afternoon regional train to Mainz for a short day trip.
9,leg-i9j0k1l2-9999-aaaa-bbbb-ccccddddeeee-2,i9j0k1l2-9999-aaaa-bbbb-ccccddddeeee,f9c2d5b3-1e8a-4f6c-9b0d-2a7e3c4d5f6a,2,2026-03-01T15:05:00+01:00,2026-03-01T15:45:00+01:00,40,train_station,Frankfurt,,DE,regional_train_station,Mainz,,DE,regional_train,subscription,second_class,DB,RE,train,30.0,0.0,2.5,False,True,False,False,,1,Afternoon regional train to Mainz for a short day trip.
10,leg-j0k1l2m3-aaaa-bbbb-cccc-ddddeeeeffff-1,j0k1l2m3-aaaa-bbbb-cccc-ddddeeeeffff,f9c2d5b3-1e8a-4f6c-9b0d-2a7e3c4d5f6a,1,2026-03-01T18:30:00+01:00,2026-03-01T19:10:00+01:00,40,regional_train_station,Mainz,,DE,train_station,Frankfurt,,DE,regional_train,subscription,second_class,DB,RE,train,30.0,0.0,2.5,False,True,False,False,,0,Return from day trip to Mainz by regional train.
11,leg-j0k1l2m3-aaaa-bbbb-cccc-ddddeeeeffff-2,j0k1l2m3-aaaa-bbbb-cccc-ddddeeeeffff,f9c2d5b3-1e8a-4f6c-9b0d-2a7e3c4d5f6a,2,2026-03-01T19:10:00+01:00,2026-03-01T19:15:00+01:00,5,train_station,Frankfurt,,DE,home,Frankfurt,60311,DE,walking,none,none,,,,0.5,0.0,0.0,False,False,True,False,,1,Return from day trip to Mainz by regional train.
12,leg-k1l2m3n4-bbbb-cccc-dddd-eeeeffff1111-1,k1l2m3n4-bbbb-cccc-dddd-eeeeffff1111,f9c2d5b3-1e8a-4f6c-9b0d-2a7e3c4d5f6a,1,2026-03-02T08:10:00+01:00,2026-03-02T08:15:00+01:00,5,home,Frankfurt,60311,DE,transit_stop,Frankfurt,,DE,walking,none,none,,,,0.4,0.0,0.0,True,False,False,False,,0,Morning commute to office using S‑Bahn (public transport).
13,leg-k1l2m3n4-bbbb-cccc-dddd-eeeeffff1111-2,k1l2m3n4-bbbb-cccc-dddd-eeeeffff1111,f9c2d5b3-1e8a-4f6c-9b0d-2a7e3c4d5f6a,2,2026-03-02T08:15:00+01:00,2026-03-02T08:40:00+01:00,25,transit_stop,Frankfurt,,DE,transit_stop,Frankfurt,,DE,public_transport,subscription,second_class,DB,S-Bahn,train,11.0,0.0,0.9,False,True,False,False,,1,Morning commute to office using S‑Bahn (public transport).
14,leg-k1l2m3n4-bbbb-cccc-dddd-eeeeffff1111-3,k1l2m3n4-bbbb-cccc-dddd-eeeeffff1111,f9c2d5b3-1e8a-4f6c-9b0d-2a7e3c4d5f6a,3,2026-03-02T08:40:00+01:00,2026-03-02T08:45:00+01:00,5,transit_stop,Frankfurt,,DE,office,Frankfurt,60311,DE,walking,none,none,,,,0.6,0.0,0.0,False,False,True,False,,2,Morning commute to office using S‑Bahn (public transport).
15,leg-l2m3n4o5-cccc-dddd-eeee-ffff11112222-1,l2m3n4o5-cccc-dddd-eeee-ffff11112222,f9c2d5b3-1e8a-4f6c-9b0d-2a7e3c4d5f6a,1,2026-03-02T17:30:00+01:00,2026-03-02T17:35:00+01:00,5,office,Frankfurt,60311,DE,transit_stop,Frankfurt,,DE,walking,none,none,,,,0.6,0.0,0.0,True,False,False,False,,0,Evening return from office using public transport.
16,leg-l2m3n4o5-cccc-dddd-eeee-ffff11112222-2,l2m3n4o5-cccc-dddd-eeee-ffff11112222,f9c2d5b3-1e8a-4f6c-9b0d-2a7e3c4d5f6a,2,2026-03-02T17:35:00+01:00,2026-03-02T18:00:00+01:00,25,transit_stop,Frankfurt,,DE,transit_stop,Frankfurt,,DE,public_transport,subscription,second_class,DB,S-Bahn,train,11.0,0.0,0.9,False,True,False,False,,1,Evening return from office using public transport.
17,leg-l2m3n4o5-cccc-dddd-eeee-ffff11112222-3,l2m3n4o5-cccc-dddd-eeee-ffff11112222,f9c2d5b3-1e8a-4f6c-9b0d-2a7e3c4d5f6a,3,2026-03-02T18:00:00+01:00,2026-03-02T18:05:00+01:00,5,transit_stop,Frankfurt,,DE,home,Frankfurt,60311,DE,walking,none,none,,,,0.4,0.0,0.0,False,False,True,False,,2,Evening return from office using public transport.
0,leg-a1b2c3d4-0001-1111-2222-333344445555-1,a1b2c3d4-0001-1111-2222-333344445555,f9c2d5b3-1e8a-4f6c-9b0d-2a7e3c4d5f6a,1,2026-03-05T09:00:00+01:00,2026-03-05T09:10:00+01:00,10,home,Frankfurt,60311,DE,café,Frankfurt,,DE,e_scooter,pay-as-you-go,none,bolt,,scooter,2.0,2.0,0.04,False,True,False,False,,0,"Morning e‑scooter ride to a nearby café for leisure, matching weekend pattern."
1,leg-a1b2c3d4-0002-1111-2222-333344445555-1,a1b2c3d4-0002-1111-2222-333344445555,f9c2d5b3-1e8a-4f6c-9b0d-2a7e3c4d5f6a,1,2026-03-05T10:30:00+01:00,2026-03-05T10:45:00+01:00,15,café,Frankfurt,,DE,home,Frankfurt,60311,DE,walking,none,none,,,,1.5,0.0,0.0,False,True,False,False,,0,Walk back home after café visit.
2,leg-a1b2c3d4-0003-1111-2222-333344445555-1,a1b2c3d4-0003-1111-2222-333344445555,f9c2d5b3-1e8a-4f6c-9b0d-2a7e3c4d5f6a,1,2026-03-06T09:15:00+01:00,2026-03-06T09:20:00+01:00,5,home,Frankfurt,60311,DE,transit_stop,Frankfurt,,DE,walking,none,none,,,,0.5,0.0,0.0,True,False,False,False,,0,Walking to S‑Bahn station for supermarket trip.
3,leg-a1b2c3d4-0003-1111-2222-333344445555-2,a1b2c3d4-0003-1111-2222-333344445555,f9c2d5b3-1e8a-4f6c-9b0d-2a7e3c4d5f6a,2,2026-03-06T09:20:00+01:00,2026-03-06T09:40:00+01:00,20,transit_stop,Frankfurt,,DE,transit_stop,Frankfurt,,DE,public_transport,subscription,second_class,DB,S-Bahn,train,4.0,0.0,0.2,False,True,False,False,2.0,1,S‑Bahn ride to supermarket.
4,leg-a1b2c3d4-0003-1111-2222-333344445555-3,a1b2c3d4-0003-1111-2222-333344445555,f9c2d5b3-1e8a-4f6c-9b0d-2a7e3c4d5f6a,3,2026-03-06T09:40:00+01:00,2026-03-06T09:45:00+01:00,5,transit_stop,Frankfurt,,DE,supermarket,Frankfurt,,DE,walking,none,none,,,,0.5,0.0,0.0,False,False,True,False,,1,Walking from station to supermarket.
5,leg-a1b2c3d4-0004-1111-2222-333344445555-1,a1b2c3d4-0004-1111-2222-333344445555,f9c2d5b3-1e8a-4f6c-9b0d-2a7e3c4d5f6a,1,2026-03-06T12:30:00+01:00,2026-03-06T12:35:00+01:00,5,supermarket,Frankfurt,,DE,transit_stop,Frankfurt,,DE,walking,none,none,,,,0.5,0.0,0.0,True,False,False,False,,0,Walking to S‑Bahn station for return trip.
6,leg-a1b2c3d4-0004-1111-2222-333344445555-2,a1b2c3d4-0004-1111-2222-333344445555,f9c2d5b3-1e8a-4f6c-9b0d-2a7e3c4d5f6a,2,2026-03-06T12:35:00+01:00,2026-03-06T12:55:00+01:00,20,transit_stop,Frankfurt,,DE,transit_stop,Frankfurt,,DE,public_transport,subscription,second_class,DB,S-Bahn,train,4.0,0.0,0.2,False,True,False,False,2.0,1,S‑Bahn ride back home.
7,leg-a1b2c3d4-0004-1111-2222-333344445555-3,a1b2c3d4-0004-1111-2222-333344445555,f9c2d5b3-1e8a-4f6c-9b0d-2a7e3c4d5f6a,3,2026-03-06T12:55:00+01:00,2026-03-06T13:00:00+01:00,5,transit_stop,Frankfurt,,DE,home,Frankfurt,60311,DE,walking,none,none,,,,0.5,0.0,0.0,False,False,True,False,,1,Walking from station to home.
8,leg-a1b2c3d4-0005-1111-2222-333344445555-1,a1b2c3d4-0005-1111-2222-333344445555,f9c2d5b3-1e8a-4f6c-9b0d-2a7e3c4d5f6a,1,2026-03-07T08:20:00+01:00,2026-03-07T08:25:00+01:00,5,home,Frankfurt,60311,DE,transit_stop,Frankfurt,,DE,walking,none,none,,,,0.5,0.0,0.0,True,False,False,False,,0,Walking to S‑Bahn for office commute.
9,leg-a1b2c3d4-0005-1111-2222-333344445555-2,a1b2c3d4-0005-1111-2222-333344445555,f9c2d5b3-1e8a-4f6c-9b0d-2a7e3c4d5f6a,2,2026-03-07T08:25:00+01:00,2026-03-07T08:40:00+01:00,15,transit_stop,Frankfurt,,DE,transit_stop,Frankfurt,,DE,public_transport,subscription,second_class,DB,S-Bahn,train,5.0,0.0,0.25,False,True,False,False,2.0,1,S‑Bahn ride to office.
10,leg-a1b2c3d4-0005-1111-2222-333344445555-3,a1b2c3d4-0005-1111-2222-333344445555,f9c2d5b3-1e8a-4f6c-9b0d-2a7e3c4d5f6a,3,2026-03-07T08:40:00+01:00,2026-03-07T08:45:00+01:00,5,transit_stop,Frankfurt,,DE,office,Frankfurt,60311,DE,walking,none,none,,,,0.5,0.0,0.0,False,False,True,False,,1,Walking from station to office.
11,leg-a1b2c3d4-0006-1111-2222-333344445555-1,a1b2c3d4-0006-1111-2222-333344445555,f9c2d5b3-1e8a-4f6c-9b0d-2a7e3c4d5f6a,1,2026-03-07T17:30:00+01:00,2026-03-07T17:35:00+01:00,5,office,Frankfurt,60311,DE,transit_stop,Frankfurt,,DE,walking,none,none,,,,0.5,0.0,0.0,True,False,False,False,,0,Walking to S‑Bahn for return commute.
12,leg-a1b2c3d4-0006-1111-2222-333344445555-2,a1b2c3d4-0006-1111-2222-333344445555,f9c2d5b3-1e8a-4f6c-9b0d-2a7e3c4d5f6a,2,2026-03-07T17:35:00+01:00,2026-03-07T17:55:00+01:00,20,transit_stop,Frankfurt,,DE,transit_stop,Frankfurt,,DE,public_transport,subscription,second_class,DB,S-Bahn,train,5.0,0.0,0.25,False,True,False,False,2.0,1,S‑Bahn ride home.
13,leg-a1b2c3d4-0006-1111-2222-333344445555-3,a1b2c3d4-0006-1111-2222-333344445555,f9c2d5b3-1e8a-4f6c-9b0d-2a7e3c4d5f6a,3,2026-03-07T17:55:00+01:00,2026-03-07T18:00:00+01:00,5,transit_stop,Frankfurt,,DE,home,Frankfurt,60311,DE,walking,none,none,,,,0.5,0.0,0.0,False,False,True,False,,1,Walking from station to home.
14,leg-a1b2c3d4-0007-1111-2222-333344445555-1,a1b2c3d4-0007-1111-2222-333344445555,f9c2d5b3-1e8a-4f6c-9b0d-2a7e3c4d5f6a,1,2026-03-08T08:15:00+01:00,2026-03-08T08:20:00+01:00,5,home,Frankfurt,60311,DE,transit_stop,Frankfurt,,DE,walking,none,none,,,,0.5,0.0,0.0,True,False,False,False,,0,Walking to S‑Bahn for Tuesday commute.
15,leg-a1b2c3d4-0007-1111-2222-333344445555-2,a1b2c3d4-0007-1111-2222-333344445555,f9c2d5b3-1e8a-4f6c-9b0d-2a7e3c4d5f6a,2,2026-03-08T08:20:00+01:00,2026-03-08T08:35:00+01:00,15,transit_stop,Frankfurt,,DE,transit_stop,Frankfurt,,DE,public_transport,subscription,second_class,DB,S-Bahn,train,5.0,0.0,0.25,False,True,False,False,2.0,1,S‑Bahn ride to office.
16,leg-a1b2c3d4-0007-1111-2222-333344445555-3,a1b2c3d4-0007-1111-2222-333344445555,f9c2d5b3-1e8a-4f6c-9b0d-2a7e3c4d5f6a,3,2026-03-08T08:35:00+01:00,2026-03-08T08:40:00+01:00,5,transit_stop,Frankfurt,,DE,office,Frankfurt,60311,DE,walking,none,none,,,,0.5,0.0,0.0,False,False,True,False,,1,Walking from station to office.
17,leg-a1b2c3d4-0008-1111-2222-333344445555-1,a1b2c3d4-0008-1111-2222-333344445555,f9c2d5b3-1e8a-4f6c-9b0d-2a7e3c4d5f6a,1,2026-03-08T18:10:00+01:00,2026-03-08T18:25:00+01:00,15,office,Frankfurt,60311,DE,gym,Frankfurt,,DE,bike_sharing,subscription,none,swapfiets,,bike,3.0,1.5,0.09,False,True,False,False,,0,After work bike‑sharing ride to gym for fitness.
18,leg-a1b2c3d4-0009-1111-2222-333344445555-1,a1b2c3d4-0009-1111-2222-333344445555,f9c2d5b3-1e8a-4f6c-9b0d-2a7e3c4d5f6a,1,2026-03-08T19:30:00+01:00,2026-03-08T19:45:00+01:00,15,gym,Frankfurt,,DE,home,Frankfurt,60311,DE,bike_sharing,subscription,none,swapfiets,,bike,3.0,1.5,0.09,False,True,False,False,,0,Bike‑sharing ride back home after gym.
19,leg-a1b2c3d4-0010-1111-2222-333344445555-1,a1b2c3d4-0010-1111-2222-333344445555,f9c2d5b3-1e8a-4f6c-9b0d-2a7e3c4d5f6a,1,2026-03-09T15:00:00+01:00,2026-03-09T15:12:00+01:00,12,home,Frankfurt,60311,DE,library,Frankfurt,,DE,e_scooter,pay-as-you-go,none,bolt,,scooter,2.0,2.0,0.04,False,True,False,False,,0,Afternoon e‑scooter ride to a nearby library for leisure reading.
20,leg-a1b2c3d4-0011-1111-2222-333344445555-1,a1b2c3d4-0011-1111-2222-333344445555,f9c2d5b3-1e8a-4f6c-9b0d-2a7e3c4d5f6a,1,2026-03-09T17:00:00+01:00,2026-03-09T17:15:00+01:00,15,library,Frankfurt,,DE,home,Frankfurt,60311,DE,walking,none,none,,,,1.5,0.0,0.0,False,True,False,False,,0,Walk back home after library visit.
0,d1a2b3c4-1111-2222-3333-444455556661,a1b2c3d4-1111-2222-3333-444455556666,f9c2d5b3-1e8a-4f6c-9b0d-2a7e3c4d5f6a,1,2026-03-12T09:00:00+01:00,2026-03-12T09:12:00+01:00,12,home,Frankfurt,60311,DE,market,Frankfurt,,DE,bike_sharing,subscription,none,swapfiets,,bike,3.0,1.8,0.03,False,True,False,False,,0,Direct bike‑sharing leg from home to market.
1,e2b3c4d5-2222-3333-4444-555566667771,b2c3d4e5-2222-3333-4444-555566667777,f9c2d5b3-1e8a-4f6c-9b0d-2a7e3c4d5f6a,1,2026-03-12T10:00:00+01:00,2026-03-12T10:12:00+01:00,12,market,Frankfurt,,DE,home,Frankfurt,60311,DE,bike_sharing,subscription,none,swapfiets,,bike,3.0,1.8,0.03,False,True,False,False,,0,Direct bike‑sharing leg from market back home.
2,f3c4d5e6-3333-4444-5555-666677778882,c3d4e5f6-3333-4444-5555-666677778888,f9c2d5b3-1e8a-4f6c-9b0d-2a7e3c4d5f6a,1,2026-03-13T11:00:00+01:00,2026-03-13T11:15:00+01:00,15,home,Frankfurt,60311,DE,friend_home,Frankfurt,,DE,e_scooter,pay-as-you-go,none,bolt,,e-scooter,4.0,3.0,0.08,False,True,False,False,,0,E‑scooter ride from home to friend’s home.
3,g4d5e6f7-4444-5555-6666-777788889993,d4e5f6g7-4444-5555-6666-777788889999,f9c2d5b3-1e8a-4f6c-9b0d-2a7e3c4d5f6a,1,2026-03-13T13:30:00+01:00,2026-03-13T13:45:00+01:00,15,friend_home,Frankfurt,,DE,home,Frankfurt,60311,DE,e_scooter,pay-as-you-go,none,bolt,,e-scooter,4.0,3.0,0.08,False,True,False,False,,0,E‑scooter ride back home after brunch.
4,h5e6f7g8-5555-6666-7777-88889999aabb,e5f6g7h8-5555-6666-7777-88889999aaaa,f9c2d5b3-1e8a-4f6c-9b0d-2a7e3c4d5f6a,1,2026-03-14T08:15:00+01:00,2026-03-14T08:20:00+01:00,5,home,Frankfurt,60311,DE,transit_stop,Frankfurt,,DE,walking,none,none,,,,0.5,0.0,0.0,True,False,False,False,,0,Walking to the nearest S‑Bahn stop.
5,i6f7g8h9-6666-7777-8888-9999aaabbbcc,e5f6g7h8-5555-6666-7777-88889999aaaa,f9c2d5b3-1e8a-4f6c-9b0d-2a7e3c4d5f6a,2,2026-03-14T08:20:00+01:00,2026-03-14T08:45:00+01:00,25,transit_stop,Frankfurt,,DE,office_stop,Frankfurt,,DE,public_transport,subscription,second_class,DB,S-Bahn,,5.0,0.0,0.2,False,True,False,False,2.0,0,S‑Bahn ride from transit stop to office stop covered by Deutschlandticket.
6,j7g8h9i0-7777-8888-9999-aaaabbbbcccc,e5f6g7h8-5555-6666-7777-88889999aaaa,f9c2d5b3-1e8a-4f6c-9b0d-2a7e3c4d5f6a,3,2026-03-14T08:45:00+01:00,2026-03-14T08:50:00+01:00,5,office_stop,Frankfurt,,DE,office,Frankfurt,60311,DE,walking,none,none,,,,0.5,0.0,0.0,False,False,True,False,,0,Walking from the S‑Bahn stop to the office.
7,k8h9i0j1-8888-9999-aaaa-bbbbccccdddd,f6g7h8i9-6666-7777-8888-9999aaaabbbb,f9c2d5b3-1e8a-4f6c-9b0d-2a7e3c4d5f6a,1,2026-03-14T18:10:00+01:00,2026-03-14T18:18:00+01:00,8,office,Frankfurt,60311,DE,gym,Frankfurt,,DE,bike_sharing,subscription,none,swapfiets,,bike,2.0,1.2,0.02,False,True,False,False,,0,Bike‑sharing ride from office to gym.
8,l9i0j1k2-9999-aaaa-bbbb-ccccddddeeee,g7h8i9j0-7777-8888-9999-aaaabbbbcccc,f9c2d5b3-1e8a-4f6c-9b0d-2a7e3c4d5f6a,1,2026-03-14T19:30:00+01:00,2026-03-14T19:38:00+01:00,8,gym,Frankfurt,,DE,home,Frankfurt,60311,DE,bike_sharing,subscription,none,swapfiets,,bike,2.0,1.2,0.02,False,True,False,False,,0,Bike‑sharing ride from gym back home.
9,m0j1k2l3-aaaa-bbbb-cccc-ddddffffgggg,h8i9j0k1-8888-9999-aaaa-bbbbccccdddd,f9c2d5b3-1e8a-4f6c-9b0d-2a7e3c4d5f6a,1,2026-03-15T10:00:00+01:00,2026-03-15T10:09:00+01:00,9,home,Frankfurt,60311,DE,supermarket,Frankfurt,,DE,bike_sharing,subscription,none,swapfiets,,bike,2.0,1.35,0.02,False,True,False,False,,0,Bike‑sharing ride to the supermarket.
10,n1k2l3m4-bbbb-cccc-dddd-eeeeffffgggg,i9j0k1l2-9999-aaaa-bbbb-ccccddddeeee,f9c2d5b3-1e8a-4f6c-9b0d-2a7e3c4d5f6a,1,2026-03-15T11:30:00+01:00,2026-03-15T11:39:00+01:00,9,supermarket,Frankfurt,,DE,home,Frankfurt,60311,DE,bike_sharing,subscription,none,swapfiets,,bike,2.0,1.35,0.02,False,True,False,False,,0,Bike‑sharing ride back home after grocery shopping.
11,o2l3m4n5-cccc-dddd-eeee-ffffgggghhhh,j0k1l2m3-aaaa-bbbb-cccc-ddddeeeeffff,f9c2d5b3-1e8a-4f6c-9b0d-2a7e3c4d5f6a,1,2026-03-16T08:20:00+01:00,2026-03-16T08:25:00+01:00,5,home,Frankfurt,60311,DE,transit_stop,Frankfurt,,DE,walking,none,none,,,,0.5,0.0,0.0,True,False,False,False,,0,Walking to the nearest S‑Bahn stop.
12,p3m4n5o6-dddd-eeee-ffff-gggghhhhiiii,j0k1l2m3-aaaa-bbbb-cccc-ddddeeeeffff,f9c2d5b3-1e8a-4f6c-9b0d-2a7e3c4d5f6a,2,2026-03-16T08:25:00+01:00,2026-03-16T08:50:00+01:00,25,transit_stop,Frankfurt,,DE,office_stop,Frankfurt,,DE,public_transport,subscription,second_class,DB,S-Bahn,,5.0,0.0,0.2,False,True,False,False,2.0,0,S‑Bahn ride to office covered by Deutschlandticket.
13,q4n5o6p7-eeee-ffff-gggg-hhhhiiiijjjj,j0k1l2m3-aaaa-bbbb-cccc-ddddeeeeffff,f9c2d5b3-1e8a-4f6c-9b0d-2a7e3c4d5f6a,3,2026-03-16T08:50:00+01:00,2026-03-16T08:55:00+01:00,5,office_stop,Frankfurt,,DE,office,Frankfurt,60311,DE,walking,none,none,,,,0.5,0.0,0.0,False,False,True,False,,0,Walking from the S‑Bahn stop to the office.
14,r5o6p7q8-ffff-gggg-hhhh-iiiijjjjkkkk,k1l2m3n4-bbbb-cccc-dddd-eeeeffffgggg,f9c2d5b3-1e8a-4f6c-9b0d-2a7e3c4d5f6a,1,2026-03-16T12:30:00+01:00,2026-03-16T12:37:00+01:00,7,office,Frankfurt,60311,DE,restaurant,Frankfurt,,DE,walking,none,none,,,,0.5,0.0,0.0,False,True,False,False,,0,Walking to a nearby restaurant for lunch.
15,s6p7q8r9-gggg-hhhh-iiii-jjjjkkkkllll,l2m3n4o5-cccc-dddd-eeee-ffffgggghhhh,f9c2d5b3-1e8a-4f6c-9b0d-2a7e3c4d5f6a,1,2026-03-16T17:45:00+01:00,2026-03-16T17:52:00+01:00,7,restaurant,Frankfurt,,DE,home,Frankfurt,60311,DE,walking,none,none,,,,0.5,0.0,0.0,False,True,False,False,,0,Walking home after dinner.
0,d9f1a2b3-1111-2222-3333-444455556666,a1b2c3d4-1111-2222-3333-444455556666,f9c2d5b3-1e8a-4f6c-9b0d-2a7e3c4d5f6a,1,2026-03-19T07:45:00+01:00,2026-03-19T07:50:00+01:00,5,home,Frankfurt,60311,DE,transit_stop,Frankfurt,,DE,walking,none,none,,,,0.5,0.0,0.0,True,False,False,False,,0,Walk from home to S‑Bahn station.
1,e2a3b4c5-2222-3333-4444-555566667777,a1b2c3d4-1111-2222-3333-444455556666,f9c2d5b3-1e8a-4f6c-9b0d-2a7e3c4d5f6a,2,2026-03-19T07:52:00+01:00,2026-03-19T08:17:00+01:00,25,transit_stop,Frankfurt,,DE,office_stop,Frankfurt,,DE,public_transport,subscription,second_class,DB,S-Bahn,train,9.0,0.0,0.45,False,True,False,False,2.0,0,S‑Bahn ride covered by Deutschlandticket.
2,f3b4c5d6-3333-4444-5555-666677778888,a1b2c3d4-1111-2222-3333-444455556666,f9c2d5b3-1e8a-4f6c-9b0d-2a7e3c4d5f6a,3,2026-03-19T08:17:00+01:00,2026-03-19T08:20:00+01:00,3,office_stop,Frankfurt,,DE,office,Frankfurt,60311,DE,walking,none,none,,,,0.5,0.0,0.0,False,False,True,False,,0,Walk from S‑Bahn stop to office.
3,a1b2c3d4-4444-5555-6666-777788889999,b2c3d4e5-2222-3333-4444-555566667777,f9c2d5b3-1e8a-4f6c-9b0d-2a7e3c4d5f6a,1,2026-03-19T12:30:00+01:00,2026-03-19T12:45:00+01:00,15,office,Frankfurt,60311,DE,supermarket,Frankfurt,,DE,bike_sharing,pay-as-you-go,none,swapfiets,,bike,2.0,2.5,0.04,False,True,False,False,,0,Bike‑sharing ride from office to supermarket.
4,b2c3d4e5-5555-6666-7777-88889999aaaa,d4e5f6g7-4444-5555-6666-777788889999,f9c2d5b3-1e8a-4f6c-9b0d-2a7e3c4d5f6a,1,2026-03-20T07:00:00+01:00,2026-03-20T07:45:00+01:00,45,home,Frankfurt,60311,DE,gym,Frankfurt,,DE,bike_sharing,pay-as-you-go,none,swapfiets,,bike,3.0,3.0,0.06,False,True,False,False,,0,Bike‑sharing ride from home to gym.
5,c3d4e5f6-6666-7777-8888-9999aaaabbbb,e5f6g7h8-5555-6666-7777-88889999aaaa,f9c2d5b3-1e8a-4f6c-9b0d-2a7e3c4d5f6a,1,2026-03-20T08:00:00+01:00,2026-03-20T08:45:00+01:00,45,gym,Frankfurt,,DE,home,Frankfurt,60311,DE,walking,none,none,,,,2.0,0.0,0.0,False,True,False,False,,0,Walking home from gym.
6,d4e5f6g7-7777-8888-9999-aaaabbbbcccc,f6g7h8i9-6666-7777-8888-9999aaaabbbb,f9c2d5b3-1e8a-4f6c-9b0d-2a7e3c4d5f6a,1,2026-03-20T19:30:00+01:00,2026-03-20T20:30:00+01:00,60,home,Frankfurt,60311,DE,restaurant,Frankfurt,,DE,e_scooter,pay-as-you-go,none,bolt,,e_scooter,4.0,3.5,0.4,False,True,False,False,,0,E‑scooter ride to restaurant.
7,e5f6g7h8-8888-9999-aaaa-bbbbccccdddd,g7h8i9j0-7777-8888-9999-aaaabbbbcccc,f9c2d5b3-1e8a-4f6c-9b0d-2a7e3c4d5f6a,1,2026-03-21T14:00:00+01:00,2026-03-21T14:30:00+01:00,30,home,Frankfurt,60311,DE,friend_home,Frankfurt,,DE,e_scooter,pay-as-you-go,none,bolt,,e_scooter,5.0,2.5,0.5,False,True,False,False,,0,E‑scooter ride to friend's home.
8,f6g7h8i9-9999-aaaa-bbbb-ccccddddeeee,h8i9j0k1-8888-9999-aaaa-bbbbccccdddd,f9c2d5b3-1e8a-4f6c-9b0d-2a7e3c4d5f6a,1,2026-03-21T14:30:00+01:00,2026-03-21T15:00:00+01:00,30,friend_home,Frankfurt,,DE,home,Frankfurt,60311,DE,walking,none,none,,,,2.0,0.0,0.0,False,True,False,False,,0,Walking back home from friend's place.
9,g7h8i9j0-aaaa-bbbb-cccc-ddddeeeeffff,i9j0k1l2-9999-aaaa-bbbb-ccccddddeeee,f9c2d5b3-1e8a-4f6c-9b0d-2a7e3c4d5f6a,1,2026-03-22T10:00:00+01:00,2026-03-22T11:30:00+01:00,90,home,Frankfurt,60311,DE,park,Frankfurt,,DE,walking,none,none,,,,6.0,0.0,0.0,False,True,False,False,,0,Leisure walk to the city park.
10,h8i9j0k1-bbbb-cccc-dddd-eeeeffff1111,j0k1l2m3-aaaa-bbbb-cccc-ddddeeeeffff,f9c2d5b3-1e8a-4f6c-9b0d-2a7e3c4d5f6a,1,2026-03-22T11:30:00+01:00,2026-03-22T12:00:00+01:00,30,park,Frankfurt,,DE,home,Frankfurt,60311,DE,walking,none,none,,,,3.0,0.0,0.0,False,True,False,False,,0,Walking back home from the park.
11,i9j0k1l2-cccc-dddd-eeee-ffff11112222,k1l2m3n4-bbbb-cccc-dddd-eeeeffff1111,f9c2d5b3-1e8a-4f6c-9b0d-2a7e3c4d5f6a,1,2026-03-23T07:40:00+01:00,2026-03-23T07:45:00+01:00,5,home,Frankfurt,60311,DE,transit_stop,Frankfurt,,DE,walking,none,none,,,,0.5,0.0,0.0,True,False,False,False,,0,Walk from home to S‑Bahn station.
12,j0k1l2m3-dddd-eeee-ffff-111122223333,k1l2m3n4-bbbb-cccc-dddd-eeeeffff1111,f9c2d5b3-1e8a-4f6c-9b0d-2a7e3c4d5f6a,2,2026-03-23T07:47:00+01:00,2026-03-23T08:12:00+01:00,25,transit_stop,Frankfurt,,DE,office_stop,Frankfurt,,DE,public_transport,subscription,second_class,DB,S-Bahn,train,9.0,0.0,0.45,False,True,False,False,2.0,0,S‑Bahn ride covered by Deutschlandticket.
13,k0l1m2n3-eeee-ffff-1111-222233334444,k1l2m3n4-bbbb-cccc-dddd-eeeeffff1111,f9c2d5b3-1e8a-4f6c-9b0d-2a7e3c4d5f6a,3,2026-03-23T08:12:00+01:00,2026-03-23T08:15:00+01:00,3,office_stop,Frankfurt,,DE,office,Frankfurt,60311,DE,walking,none,none,,,,0.5,0.0,0.0,False,False,True,False,,0,Walk from S‑Bahn stop to office.
0,leg-1a,a1b2c3d4-1111-2222-3333-444455556666,f9c2d5b3-1e8a-4f6c-9b0d-2a7e3c4d5f6a,1,2026-03-26T09:00:00+01:00,2026-03-26T09:20:00+01:00,20,home,Frankfurt,60311,DE,farmer's market,Frankfurt,60313,DE,bike_sharing,subscription,none,swapfiets,,bike,2.0,0.0,0.1,False,True,False,False,,0,"Direct bike‑sharing ride from home to farmer's market, covered by subscription."
1,leg-2a,b2c3d4e5-2222-3333-4444-555566667777,f9c2d5b3-1e8a-4f6c-9b0d-2a7e3c4d5f6a,1,2026-03-26T14:30:00+01:00,2026-03-26T14:45:00+01:00,15,farmer's market,Frankfurt,60313,DE,friend's apartment,Frankfurt,60314,DE,e_scooter,pay-as-you-go,none,bolt,,scooter,1.0,1.5,0.02,False,True,False,False,,0,Short e‑scooter ride to friend's apartment after market.
2,leg-3a,c3d4e5f6-3333-4444-5555-666677778888,f9c2d5b3-1e8a-4f6c-9b0d-2a7e3c4d5f6a,1,2026-03-27T10:00:00+01:00,2026-03-27T10:45:00+01:00,45,home,Frankfurt,60311,DE,gym,Frankfurt,60312,DE,walking,none,none,,,,0.8,0.0,0.0,False,True,False,False,,0,Walking from home to gym.
3,leg-4a,d4e5f6g7-4444-5555-6666-777788889999,f9c2d5b3-1e8a-4f6c-9b0d-2a7e3c4d5f6a,1,2026-03-27T11:00:00+01:00,2026-03-27T11:10:00+01:00,10,gym,Frankfurt,60312,DE,home,Frankfurt,60311,DE,walking,none,none,,,,0.8,0.0,0.0,False,True,False,False,,0,Walking back home after gym.
4,leg-5a,e5f6g7h8-5555-6666-7777-88889999aaaa,f9c2d5b3-1e8a-4f6c-9b0d-2a7e3c4d5f6a,1,2026-03-28T12:30:00+01:00,2026-03-28T12:50:00+01:00,20,home,Frankfurt,60311,DE,supermarket,Frankfurt,60315,DE,bike_sharing,subscription,none,swapfiets,,bike,2.0,0.0,0.1,False,True,False,False,,0,Bike‑sharing grocery run.
5,leg-6a,f6g7h8i9-6666-7777-8888-9999aaaabbbb,f9c2d5b3-1e8a-4f6c-9b0d-2a7e3c4d5f6a,1,2026-03-29T08:15:00+01:00,2026-03-29T08:20:00+01:00,5,home,Frankfurt,60311,DE,transit_stop,Frankfurt,,DE,walking,none,none,,,,0.5,0.0,0.0,True,False,False,False,,0,Walking to S‑Bahn station.
6,leg-6b,f6g7h8i9-6666-7777-8888-9999aaaabbbb,f9c2d5b3-1e8a-4f6c-9b0d-2a7e3c4d5f6a,2,2026-03-29T08:20:00+01:00,2026-03-29T08:40:00+01:00,20,transit_stop,Frankfurt,,DE,transit_stop,Frankfurt,,DE,public_transport,subscription,second_class,DB,S-Bahn,train,7.0,0.0,0.28,False,True,False,False,2.0,0,S‑Bahn ride to office area.
7,leg-6c,f6g7h8i9-6666-7777-8888-9999aaaabbbb,f9c2d5b3-1e8a-4f6c-9b0d-2a7e3c4d5f6a,3,2026-03-29T08:40:00+01:00,2026-03-29T08:45:00+01:00,5,transit_stop,Frankfurt,,DE,office,Frankfurt,60311,DE,walking,none,none,,,,0.5,0.0,0.0,False,False,True,False,,0,Walking from station to office.
8,leg-7a,g7h8i9j0-7777-8888-9999-aaaabbbbcccc,f9c2d5b3-1e8a-4f6c-9b0d-2a7e3c4d5f6a,1,2026-03-29T17:30:00+01:00,2026-03-29T17:35:00+01:00,5,office,Frankfurt,60311,DE,transit_stop,Frankfurt,,DE,walking,none,none,,,,0.5,0.0,0.0,True,False,False,False,,0,Walking to S‑Bahn station after work.
9,leg-7b,g7h8i9j0-7777-8888-9999-aaaabbbbcccc,f9c2d5b3-1e8a-4f6c-9b0d-2a7e3c4d5f6a,2,2026-03-29T17:35:00+01:00,2026-03-29T17:55:00+01:00,20,transit_stop,Frankfurt,,DE,transit_stop,Frankfurt,,DE,public_transport,subscription,second_class,DB,S-Bahn,train,7.0,0.0,0.28,False,True,False,False,2.0,0,S‑Bahn ride home.
10,leg-7c,g7h8i9j0-7777-8888-9999-aaaabbbbcccc,f9c2d5b3-1e8a-4f6c-9b0d-2a7e3c4d5f6a,3,2026-03-29T17:55:00+01:00,2026-03-29T18:00:00+01:00,5,transit_stop,Frankfurt,,DE,home,Frankfurt,60311,DE,walking,none,none,,,,0.5,0.0,0.0,False,False,True,False,,0,Walking from station to home.
11,leg-8a,h8i9j0k1-8888-9999-aaaa-bbbbbbccccdd,f9c2d5b3-1e8a-4f6c-9b0d-2a7e3c4d5f6a,1,2026-03-30T09:30:00+01:00,2026-03-30T09:50:00+01:00,20,home,Frankfurt,60311,DE,library,Frankfurt,60316,DE,bike_sharing,subscription,none,swapfiets,,bike,3.0,0.0,0.15,False,True,False,False,,0,Bike‑sharing ride to library.
12,leg-9a,i9j0k1l2-9999-aaaa-bbbb-ccccddddeeee,f9c2d5b3-1e8a-4f6c-9b0d-2a7e3c4d5f6a,1,2026-03-31T08:20:00+01:00,2026-03-31T08:25:00+01:00,5,home,Frankfurt,60311,DE,transit_stop,Frankfurt,,DE,walking,none,none,,,,0.5,0.0,0.0,True,False,False,False,,0,Walking to S‑Bahn station for commute.
13,leg-9b,i9j0k1l2-9999-aaaa-bbbb-ccccddddeeee,f9c2d5b3-1e8a-4f6c-9b0d-2a7e3c4d5f6a,2,2026-03-31T08:25:00+01:00,2026-03-31T08:45:00+01:00,20,transit_stop,Frankfurt,,DE,transit_stop,Frankfurt,,DE,public_transport,subscription,second_class,DB,S-Bahn,train,7.0,0.0,0.28,False,True,False,False,2.0,0,S‑Bahn ride to office.
14,leg-9c,i9j0k1l2-9999-aaaa-bbbb-ccccddddeeee,f9c2d5b3-1e8a-4f6c-9b0d-2a7e3c4d5f6a,3,2026-03-31T08:45:00+01:00,2026-03-31T08:50:00+01:00,5,transit_stop,Frankfurt,,DE,office,Frankfurt,60311,DE,walking,none,none,,,,0.5,0.0,0.0,False,False,True,False,,0,Walking from station to office.
15,leg-10a,j0k1l2m3-aaaa-bbbb-cccc-ddddeeeeffff,f9c2d5b3-1e8a-4f6c-9b0d-2a7e3c4d5f6a,1,2026-03-31T17:20:00+01:00,2026-03-31T17:25:00+01:00,5,office,Frankfurt,60311,DE,transit_stop,Frankfurt,,DE,walking,none,none,,,,0.5,0.0,0.0,True,False,False,False,,0,Walking to S‑Bahn station after work.
16,leg-10b,j0k1l2m3-aaaa-bbbb-cccc-ddddeeeeffff,f9c2d5b3-1e8a-4f6c-9b0d-2a7e3c4d5f6a,2,2026-03-31T17:25:00+01:00,2026-03-31T17:45:00+01:00,20,transit_stop,Frankfurt,,DE,transit_stop,Frankfurt,,DE,public_transport,subscription,second_class,DB,S-Bahn,train,7.0,0.0,0.28,False,True,False,False,2.0,0,S‑Bahn ride home.
17,leg-10c,j0k1l2m3-aaaa-bbbb-cccc-ddddeeeeffff,f9c2d5b3-1e8a-4f6c-9b0d-2a7e3c4d5f6a,3,2026-03-31T17:45:00+01:00,2026-03-31T17:50:00+01:00,5,transit_stop,Frankfurt,,DE,home,Frankfurt,60311,DE,walking,none,none,,,,0.5,0.0,0.0,False,False,True,False,,0,Walking from station to home.
18,leg-11a,k1l2m3n4-bbbb-cccc-dddd-eeeeffff1111,f9c2d5b3-1e8a-4f6c-9b0d-2a7e3c4d5f6a,1,2026-04-01T08:10:00+01:00,2026-04-01T08:15:00+01:00,5,home,Frankfurt,60311,DE,transit_stop,Frankfurt,,DE,walking,none,none,,,,0.5,0.0,0.0,True,False,False,False,,0,Walking to S‑Bahn station.
19,leg-11b,k1l2m3n4-bbbb-cccc-dddd-eeeeffff1111,f9c2d5b3-1e8a-4f6c-9b0d-2a7e3c4d5f6a,2,2026-04-01T08:15:00+01:00,2026-04-01T08:35:00+01:00,20,transit_stop,Frankfurt,,DE,transit_stop,Frankfurt,,DE,public_transport,subscription,second_class,DB,S-Bahn,train,7.0,0.0,0.28,False,True,False,False,2.0,0,S‑Bahn commute to office.
20,leg-11c,k1l2m3n4-bbbb-cccc-dddd-eeeeffff1111,f9c2d5b3-1e8a-4f6c-9b0d-2a7e3c4d5f6a,3,2026-04-01T08:35:00+01:00,2026-04-01T08:40:00+01:00,5,transit_stop,Frankfurt,,DE,office,Frankfurt,60311,DE,walking,none,none,,,,0.5,0.0,0.0,False,False,True,False,,0,Walking from station to office.
21,leg-12a,l2m3n4o5-cccc-dddd-eeee-ffff11112222,f9c2d5b3-1e8a-4f6c-9b0d-2a7e3c4d5f6a,1,2026-04-01T17:10:00+01:00,2026-04-01T17:15:00+01:00,5,office,Frankfurt,60311,DE,transit_stop,Frankfurt,,DE,walking,none,none,,,,0.5,0.0,0.0,True,False,False,False,,0,Walking to S‑Bahn station after work.
22,leg-12b,l2m3n4o5-cccc-dddd-eeee-ffff11112222,f9c2d5b3-1e8a-4f6c-9b0d-2a7e3c4d5f6a,2,2026-04-01T17:15:00+01:00,2026-04-01T17:35:00+01:00,20,transit_stop,Frankfurt,,DE,transit_stop,Frankfurt,,DE,public_transport,subscription,second_class,DB,S-Bahn,train,7.0,0.0,0.28,False,True,False,False,2.0,0,S‑Bahn ride home.
23,leg-12c,l2m3n4o5-cccc-dddd-eeee-ffff11112222,f9c2d5b3-1e8a-4f6c-9b0d-2a7e3c4d5f6a,3,2026-04-01T17:35:00+01:00,2026-04-01T17:40:00+01:00,5,transit_stop,Frankfurt,,DE,home,Frankfurt,60311,DE,walking,none,none,,,,0.5,0.0,0.0,False,False,True,False,,0,Walking from station to home.
0,d1a2b3c4-1111-2222-3333-444455556677,a1b2c3d4-1111-2222-3333-444455556666,f9c2d5b3-1e8a-4f6c-9b0d-2a7e3c4d5f6a,1,2026-04-02T08:30:00+02:00,2026-04-02T08:42:00+02:00,12,home,Frankfurt,60311,DE,supermarket,Frankfurt,60311,DE,bike_sharing,subscription,none,swapfiets,,bike,2.0,0.0,0.02,False,True,False,False,,0,Bike sharing from home to supermarket for grocery shopping.
1,e2b3c4d5-2222-3333-4444-555566667788,b2c3d4e5-2222-3333-4444-555566667777,f9c2d5b3-1e8a-4f6c-9b0d-2a7e3c4d5f6a,1,2026-04-02T08:45:00+02:00,2026-04-02T09:10:00+02:00,25,supermarket,Frankfurt,60311,DE,home,Frankfurt,60311,DE,walking,none,none,,,,2.0,0.0,0.0,False,True,False,False,,0,Walking back home after grocery shopping.
2,f3c4d5e6-3333-4444-5555-666677778899,c3d4e5f6-3333-4444-5555-666677778888,f9c2d5b3-1e8a-4f6c-9b0d-2a7e3c4d5f6a,1,2026-04-03T10:00:00+02:00,2026-04-03T10:12:00+02:00,12,home,Frankfurt,60311,DE,friend_home,Frankfurt,,DE,e_scooter,pay-as-you-go,none,bolt,,scooter,4.0,2.5,0.08,False,True,False,False,,0,E-scooter ride to a friend's home for a weekend visit.
3,g4d5e6f7-4444-5555-6666-7777888899aa,d4e5f6g7-4444-5555-6666-777788889999,f9c2d5b3-1e8a-4f6c-9b0d-2a7e3c4d5f6a,1,2026-04-03T13:30:00+02:00,2026-04-03T13:38:00+02:00,8,friend_home,Frankfurt,,DE,restaurant,Frankfurt,,DE,walking,none,none,,,,0.5,0.0,0.0,False,True,False,False,,0,Walking to a nearby restaurant for lunch.
4,h5e6f7g8-5555-6666-7777-88889999bbbb,e5f6g7h8-5555-6666-7777-88889999aaaa,f9c2d5b3-1e8a-4f6c-9b0d-2a7e3c4d5f6a,1,2026-04-03T15:00:00+02:00,2026-04-03T15:15:00+02:00,15,restaurant,Frankfurt,,DE,home,Frankfurt,60311,DE,bike_sharing,subscription,none,swapfiets,,bike,4.0,0.0,0.04,False,True,False,False,,0,Bike sharing ride home after lunch.
5,i6f7g8h9-6666-7777-8888-9999aaaabbbb,f6g7h8i9-6666-7777-8888-9999aaaabbbb,f9c2d5b3-1e8a-4f6c-9b0d-2a7e3c4d5f6a,1,2026-04-04T09:00:00+02:00,2026-04-04T09:15:00+02:00,15,home,Frankfurt,60311,DE,park,Frankfurt,,DE,walking,none,none,,,,1.0,0.0,0.0,False,True,False,False,,0,Walking to a nearby park for leisure.
6,j7g8h9i0-7777-8888-9999-aaaa1111cccc,g7h8i9j0-7777-8888-9999-aaaa1111bbbb,f9c2d5b3-1e8a-4f6c-9b0d-2a7e3c4d5f6a,1,2026-04-04T09:20:00+02:00,2026-04-04T09:35:00+02:00,15,park,Frankfurt,,DE,home,Frankfurt,60311,DE,walking,none,none,,,,1.0,0.0,0.0,False,True,False,False,,0,Walking back home after park visit.
7,k8h9i0j1-8888-9999-aaaa-bbbb2222dddd,h8i9j0k1-8888-9999-aaaa-bbbb2222cccc,f9c2d5b3-1e8a-4f6c-9b0d-2a7e3c4d5f6a,1,2026-04-05T08:00:00+02:00,2026-04-05T08:05:00+02:00,5,home,Frankfurt,60311,DE,transit_stop,Frankfurt,,DE,walking,none,none,,,,0.5,0.0,0.0,True,False,False,False,,0,Walking from home to S‑Bahn station.
8,l9i0j1k2-9999-aaaa-bbbb-cccc3333eeee,h8i9j0k1-8888-9999-aaaa-bbbb2222cccc,f9c2d5b3-1e8a-4f6c-9b0d-2a7e3c4d5f6a,2,2026-04-05T08:05:00+02:00,2026-04-05T08:20:00+02:00,15,transit_stop,Frankfurt,,DE,transit_stop,Frankfurt,,DE,public_transport,subscription,second_class,DB,S-Bahn,train,7.0,0.0,0.2,False,True,False,False,2.0,0,S‑Bahn ride from station near home to station near office.
9,m0j1k2l3-aaaa-bbbb-cccc-dddd4444ffff,h8i9j0k1-8888-9999-aaaa-bbbb2222cccc,f9c2d5b3-1e8a-4f6c-9b0d-2a7e3c4d5f6a,3,2026-04-05T08:20:00+02:00,2026-04-05T08:25:00+02:00,5,transit_stop,Frankfurt,,DE,office,Frankfurt,60311,DE,walking,none,none,,,,0.5,0.0,0.0,False,False,True,False,,1,Walking from S‑Bahn station to office.
10,n1k2l3m4-bbbb-cccc-dddd-eeee5555gggg,i9j0k1l2-9999-aaaa-bbbb-cccc3333dddd,f9c2d5b3-1e8a-4f6c-9b0d-2a7e3c4d5f6a,1,2026-04-05T17:30:00+02:00,2026-04-05T17:35:00+02:00,5,office,Frankfurt,60311,DE,transit_stop,Frankfurt,,DE,walking,none,none,,,,0.5,0.0,0.0,True,False,False,False,,0,Walking from office to S‑Bahn station.
11,o2l3m4n5-cccc-dddd-eeee-ffff6666hhhh,i9j0k1l2-9999-aaaa-bbbb-cccc3333dddd,f9c2d5b3-1e8a-4f6c-9b0d-2a7e3c4d5f6a,2,2026-04-05T17:35:00+02:00,2026-04-05T17:50:00+02:00,15,transit_stop,Frankfurt,,DE,transit_stop,Frankfurt,,DE,public_transport,subscription,second_class,DB,S-Bahn,train,7.0,0.0,0.2,False,True,False,False,2.0,0,S‑Bahn ride from office station to home station.
12,p3m4n5o6-dddd-eeee-ffff-111122223333,i9j0k1l2-9999-aaaa-bbbb-cccc3333dddd,f9c2d5b3-1e8a-4f6c-9b0d-2a7e3c4d5f6a,3,2026-04-05T17:50:00+02:00,2026-04-05T17:57:00+02:00,7,transit_stop,Frankfurt,,DE,home,Frankfurt,60311,DE,walking,none,none,,,,0.5,0.0,0.0,False,False,True,False,,1,Walking from S‑Bahn station to home.
13,q4n5o6p7-eeee-ffff-1111-222233334444,j0k1l2m3-aaaa-bbbb-cccc-dddd4444eeee,f9c2d5b3-1e8a-4f6c-9b0d-2a7e3c4d5f6a,1,2026-04-07T08:10:00+02:00,2026-04-07T08:15:00+02:00,5,home,Frankfurt,60311,DE,transit_stop,Frankfurt,,DE,walking,none,none,,,,0.5,0.0,0.0,True,False,False,False,,0,Walking from home to S‑Bahn station.
14,r5o6p7q8-ffff-1111-2222-333344445555,j0k1l2m3-aaaa-bbbb-cccc-dddd4444eeee,f9c2d5b3-1e8a-4f6c-9b0d-2a7e3c4d5f6a,2,2026-04-07T08:15:00+02:00,2026-04-07T08:31:00+02:00,16,transit_stop,Frankfurt,,DE,transit_stop,Frankfurt,,DE,public_transport,subscription,second_class,DB,S-Bahn,train,7.0,0.0,0.2,False,True,False,False,2.0,0,S‑Bahn ride to office area.
15,s6p7q8r9-1111-2222-3333-444455556677,j0k1l2m3-aaaa-bbbb-cccc-dddd4444eeee,,3,2026-04-07T08:31:00+02:00,2026-04-07T08:36:00+02:00,5,transit_stop,Frankfurt,,DE,office,Frankfurt,60311,DE,walking,none,none,,,,0.5,0.0,0.0,False,False,True,False,,1,Walking from S‑Bahn station to office.
16,t7q8r9s0-2222-3333-4444-555566667777,k1l2m3n4-bbbb-cccc-dddd-eeee5555ffff,f9c2d5b3-1e8a-4f6c-9b0d-2a7e3c4d5f6a,1,2026-04-07T17:45:00+02:00,2026-04-07T17:50:00+02:00,5,office,Frankfurt,60311,DE,transit_stop,Frankfurt,,DE,walking,none,none,,,,0.5,0.0,0.0,True,False,False,False,,0,Walking from office to S‑Bahn station.
17,u8r9s0t1-3333-4444-5555-666677778888,k1l2m3n4-bbbb-cccc-dddd-eeee5555ffff,f9c2d5b3-1e8a-4f6c-9b0d-2a7e3c4d5f6a,2,2026-04-07T17:50:00+02:00,2026-04-07T18:05:00+02:00,15,transit_stop,Frankfurt,,DE,transit_stop,Frankfurt,,DE,public_transport,subscription,second_class,DB,S-Bahn,train,7.0,0.0,0.2,False,True,False,False,2.0,0,S‑Bahn ride home.
18,v9s0t1u2-4444-5555-6666-777788889999,k1l2m3n4-bbbb-cccc-dddd-eeee5555ffff,f9c2d5b3-1e8a-4f6c-9b0d-2a7e3c4d5f6a,3,2026-04-07T18:05:00+02:00,2026-04-07T18:12:00+02:00,7,transit_stop,Frankfurt,,DE,home,Frankfurt,60311,DE,walking,none,none,,,,0.5,0.0,0.0,False,False,True,False,,1,Walking from S‑Bahn station to home.
0,d1a2b3c4-1111-2222-3333-444455550001,a1b2c3d4-1111-2222-3333-444455556666,f9c2d5b3-1e8a-4f6c-9b0d-2a7e3c4d5f6a,1,2026-04-09T08:10:00+02:00,2026-04-09T08:15:00+02:00,5,home,Frankfurt,60311,DE,transit_stop,Frankfurt,,DE,walking,none,none,,,,0.5,0.0,0.0,True,False,False,False,,0,Walking from home to S‑Bahn station.
1,d1a2b3c4-1111-2222-3333-444455550002,a1b2c3d4-1111-2222-3333-444455556666,f9c2d5b3-1e8a-4f6c-9b0d-2a7e3c4d5f6a,2,2026-04-09T08:15:00+02:00,2026-04-09T08:40:00+02:00,25,transit_stop,Frankfurt,,DE,office_stop,Frankfurt,,DE,public_transport,subscription,second_class,DB,S-Bahn,train,11.0,0.0,0.55,False,True,False,False,2.0,0,S‑Bahn ride covered by Deutschlandticket.
2,d1a2b3c4-1111-2222-3333-444455550003,a1b2c3d4-1111-2222-3333-444455556666,f9c2d5b3-1e8a-4f6c-9b0d-2a7e3c4d5f6a,3,2026-04-09T08:40:00+02:00,2026-04-09T08:45:00+02:00,5,office_stop,Frankfurt,,DE,office,Frankfurt,60311,DE,walking,none,none,,,,0.5,0.0,0.0,False,False,True,False,,1,Walking from S‑Bahn station to office.
3,d1a2b3c4-1111-2222-3333-444455550004,b2c3d4e5-2222-3333-4444-555566667777,f9c2d5b3-1e8a-4f6c-9b0d-2a7e3c4d5f6a,1,2026-04-09T17:30:00+02:00,2026-04-09T17:35:00+02:00,5,office,Frankfurt,60311,DE,transit_stop,Frankfurt,,DE,walking,none,none,,,,0.5,0.0,0.0,True,False,False,False,,0,Walking from office to S‑Bahn station.
4,d1a2b3c4-1111-2222-3333-444455550005,b2c3d4e5-2222-3333-4444-555566667777,f9c2d5b3-1e8a-4f6c-9b0d-2a7e3c4d5f6a,2,2026-04-09T17:35:00+02:00,2026-04-09T18:00:00+02:00,25,transit_stop,Frankfurt,,DE,home_stop,Frankfurt,,DE,public_transport,subscription,second_class,DB,S-Bahn,train,11.0,0.0,0.55,False,True,False,False,2.0,0,S‑Bahn ride home covered by Deutschlandticket.
5,d1a2b3c4-1111-2222-3333-444455550006,b2c3d4e5-2222-3333-4444-555566667777,f9c2d5b3-1e8a-4f6c-9b0d-2a7e3c4d5f6a,3,2026-04-09T18:00:00+02:00,2026-04-09T18:05:00+02:00,5,home_stop,Frankfurt,,DE,home,Frankfurt,60311,DE,walking,none,none,,,,0.5,0.0,0.0,False,False,True,False,,1,Walking from S‑Bahn station to home.
6,d1a2b3c4-1111-2222-3333-444455550007,c3d4e5f6-3333-4444-5555-666677778888,f9c2d5b3-1e8a-4f6c-9b0d-2a7e3c4d5f6a,1,2026-04-10T10:00:00+02:00,2026-04-10T10:02:00+02:00,2,home,Frankfurt,60311,DE,bike_sharing_station,Frankfurt,,DE,walking,none,none,,,,0.2,0.0,0.0,True,False,False,False,,0,Walking to bike‑sharing station.
7,d1a2b3c4-1111-2222-3333-444455550008,c3d4e5f6-3333-4444-5555-666677778888,f9c2d5b3-1e8a-4f6c-9b0d-2a7e3c4d5f6a,2,2026-04-10T10:02:00+02:00,2026-04-10T10:25:00+02:00,23,bike_sharing_station,Frankfurt,,DE,supermarket,Frankfurt,,DE,bike_sharing,subscription,none,swapfiets,,bike,2.8,0.0,0.056,False,True,False,False,,0,Bike‑sharing ride to supermarket.
8,d1a2b3c4-1111-2222-3333-444455550009,d4e5f6g7-4444-5555-6666-777788889999,f9c2d5b3-1e8a-4f6c-9b0d-2a7e3c4d5f6a,1,2026-04-10T10:30:00+02:00,2026-04-10T10:45:00+02:00,15,supermarket,Frankfurt,,DE,home,Frankfurt,60311,DE,walking,none,none,,,,1.0,0.0,0.0,False,True,False,False,,0,Walking home from supermarket.
9,d1a2b3c4-1111-2222-3333-444455550010,e5f6g7h8-5555-6666-7777-88889999aaaa,f9c2d5b3-1e8a-4f6c-9b0d-2a7e3c4d5f6a,1,2026-04-11T14:00:00+02:00,2026-04-11T14:20:00+02:00,20,home,Frankfurt,60311,DE,friend_home,Frankfurt,,DE,e_scooter,pay-as-you-go,none,bolt,,scooter,2.0,2.5,0.04,False,True,False,False,,0,E‑scooter ride to friend's home.
10,d1a2b3c4-1111-2222-3333-444455550011,f6g7h8i9-6666-7777-8888-9999aaaabbbb,f9c2d5b3-1e8a-4f6c-9b0d-2a7e3c4d5f6a,1,2026-04-11T14:45:00+02:00,2026-04-11T15:00:00+02:00,15,friend_home,Frankfurt,,DE,home,Frankfurt,60311,DE,walking,none,none,,,,1.0,0.0,0.0,False,True,False,False,,0,Walking back home from friend.
11,d1a2b3c4-1111-2222-3333-444455550012,g7h8i9j0-7777-8888-9999-aaaa1111bbbb,f9c2d5b3-1e8a-4f6c-9b0d-2a7e3c4d5f6a,1,2026-04-12T10:00:00+02:00,2026-04-12T10:45:00+02:00,45,home,Frankfurt,60311,DE,park,Frankfurt,,DE,walking,none,none,,,,3.0,0.0,0.0,False,True,False,False,,0,Leisure walk to city park.
12,d1a2b3c4-1111-2222-3333-444455550013,h8i9j0k1-8888-9999-aaaa-bbbb2222cccc,f9c2d5b3-1e8a-4f6c-9b0d-2a7e3c4d5f6a,1,2026-04-12T16:00:00+02:00,2026-04-12T16:30:00+02:00,30,park,Frankfurt,,DE,home,Frankfurt,60311,DE,walking,none,none,,,,2.0,0.0,0.0,False,True,False,False,,0,Walking home from park.
13,d1a2b3c4-1111-2222-3333-444455550014,i9j0k1l2-9999-aaaa-bbbb-cccc3333dddd,f9c2d5b3-1e8a-4f6c-9b0d-2a7e3c4d5f6a,1,2026-04-13T08:05:00+02:00,2026-04-13T08:10:00+02:00,5,home,Frankfurt,60311,DE,transit_stop,Frankfurt,,DE,walking,none,none,,,,0.5,0.0,0.0,True,False,False,False,,0,Walking to S‑Bahn station.
14,d1a2b3c4-1111-2222-3333-444455550015,i9j0k1l2-9999-aaaa-bbbb-cccc3333dddd,f9c2d5b3-1e8a-4f6c-9b0d-2a7e3c4d5f6a,2,2026-04-13T08:10:00+02:00,2026-04-13T08:35:00+02:00,25,transit_stop,Frankfurt,,DE,office_stop,Frankfurt,,DE,public_transport,subscription,second_class,DB,S-Bahn,train,11.0,0.0,0.55,False,True,False,False,2.0,0,S‑Bahn ride to office.
15,d1a2b3c4-1111-2222-3333-444455550016,i9j0k1l2-9999-aaaa-bbbb-cccc3333dddd,f9c2d5b3-1e8a-4f6c-9b0d-2a7e3c4d5f6a,3,2026-04-13T08:35:00+02:00,2026-04-13T08:40:00+02:00,5,office_stop,Frankfurt,,DE,office,Frankfurt,60311,DE,walking,none,none,,,,0.5,0.0,0.0,False,False,True,False,,1,Walking from S‑Bahn station to office.
16,d1a2b3c4-1111-2222-3333-444455550017,j0k1l2m3-aaaa-bbbb-cccc-dddd4444eeee,f9c2d5b3-1e8a-4f6c-9b0d-2a7e3c4d5f6a,1,2026-04-13T17:45:00+02:00,2026-04-13T17:50:00+02:00,5,office,Frankfurt,60311,DE,transit_stop,Frankfurt,,DE,walking,none,none,,,,0.5,0.0,0.0,True,False,False,False,,0,Walking to S‑Bahn station.
17,d1a2b3c4-1111-2222-3333-444455550018,j0k1l2m3-aaaa-bbbb-cccc-dddd4444eeee,f9c2d5b3-1e8a-4f6c-9b0d-2a7e3c4d5f6a,2,2026-04-13T17:50:00+02:00,2026-04-13T18:15:00+02:00,25,transit_stop,Frankfurt,,DE,home_stop,Frankfurt,,DE,public_transport,subscription,second_class,DB,S-Bahn,train,11.0,0.0,0.55,False,True,False,False,2.0,0,S‑Bahn ride home.
18,d1a2b3c4-1111-2222-3333-444455550019,j0k1l2m3-aaaa-bbbb-cccc-dddd4444eeee,f9c2d5b3-1e8a-4f6c-9b0d-2a7e3c4d5f6a,3,2026-04-13T18:15:00+02:00,2026-04-13T18:20:00+02:00,5,home_stop,Frankfurt,,DE,home,Frankfurt,60311,DE,walking,none,none,,,,0.5,0.0,0.0,False,False,True,False,,1,Walking from station to home.
19,d1a2b3c4-1111-2222-3333-444455550020,k1l2m3n4-bbbb-cccc-dddd-eeee5555ffff,f9c2d5b3-1e8a-4f6c-9b0d-2a7e3c4d5f6a,1,2026-04-15T19:00:00+02:00,2026-04-15T19:30:00+02:00,30,home,Frankfurt,60311,DE,city_center,Frankfurt,,DE,e_scooter,pay-as-you-go,none,bolt,,scooter,2.0,2.5,0.04,False,True,False,False,,0,Evening e‑scooter ride to city centre.
0,leg-a1b2c3d4-1111-2222-3333-444455556666-1,a1b2c3d4-1111-2222-3333-444455556666,f9c2d5b3-1e8a-4f6c-9b0d-2a7e3c4d5f6a,1,2026-04-16T07:45:00+02:00,2026-04-16T07:50:00+02:00,5,home,Frankfurt,60311,DE,transit_stop,Frankfurt,,DE,walking,none,none,,,,0.5,0.0,0.01,True,False,False,False,,0,Walking from home to S‑Bahn station.
1,leg-a1b2c3d4-1111-2222-3333-444455556666-2,a1b2c3d4-1111-2222-3333-444455556666,f9c2d5b3-1e8a-4f6c-9b0d-2a7e3c4d5f6a,2,2026-04-16T07:50:00+02:00,2026-04-16T08:15:00+02:00,25,transit_stop,Frankfurt,,DE,transit_stop,Frankfurt,,DE,public_transport,subscription,second_class,DB,S-Bahn,train,7.0,0.0,0.21,False,True,False,False,2.0,0,Public transport S‑Bahn ride to office station.
2,leg-a1b2c3d4-1111-2222-3333-444455556666-3,a1b2c3d4-1111-2222-3333-444455556666,f9c2d5b3-1e8a-4f6c-9b0d-2a7e3c4d5f6a,3,2026-04-16T08:15:00+02:00,2026-04-16T08:20:00+02:00,5,transit_stop,Frankfurt,,DE,office,Frankfurt,60311,DE,walking,none,none,,,,0.5,0.0,0.01,False,False,True,False,,0,Walking from station to office.
3,leg-b2c3d4e5-2222-3333-4444-555566667777-1,b2c3d4e5-2222-3333-4444-555566667777,f9c2d5b3-1e8a-4f6c-9b0d-2a7e3c4d5f6a,1,2026-04-16T17:30:00+02:00,2026-04-16T17:35:00+02:00,5,office,Frankfurt,60311,DE,transit_stop,Frankfurt,,DE,walking,none,none,,,,0.5,0.0,0.01,True,False,False,False,,0,Walking from office to S‑Bahn station.
4,leg-b2c3d4e5-2222-3333-4444-555566667777-2,b2c3d4e5-2222-3333-4444-555566667777,f9c2d5b3-1e8a-4f6c-9b0d-2a7e3c4d5f6a,2,2026-04-16T17:35:00+02:00,2026-04-16T18:05:00+02:00,30,transit_stop,Frankfurt,,DE,transit_stop,Frankfurt,,DE,public_transport,subscription,second_class,DB,S-Bahn,train,7.0,0.0,0.21,False,True,False,False,2.0,0,Public transport S‑Bahn ride to home station.
5,leg-b2c3d4e5-2222-3333-4444-555566667777-3,b2c3d4e5-2222-3333-4444-555566667777,f9c2d5b3-1e8a-4f6c-9b0d-2a7e3c4d5f6a,3,2026-04-16T18:05:00+02:00,2026-04-16T18:10:00+02:00,5,transit_stop,Frankfurt,,DE,home,Frankfurt,60311,DE,walking,none,none,,,,0.5,0.0,0.01,False,False,True,False,,0,Walking from station to home.
6,leg-c3d4e5f6-3333-4444-5555-666677778888-1,c3d4e5f6-3333-4444-5555-666677778888,f9c2d5b3-1e8a-4f6c-9b0d-2a7e3c4d5f6a,1,2026-04-17T10:30:00+02:00,2026-04-17T10:50:00+02:00,20,home,Frankfurt,60311,DE,supermarket,Frankfurt,,DE,bike_sharing,pay-as-you-go,none,swapfiets,,bike,2.0,2.5,0.08,False,True,False,False,,0,Bike sharing ride to supermarket.
7,leg-d4e5f6g7-4444-5555-6666-777788889999-1,d4e5f6g7-4444-5555-6666-777788889999,f9c2d5b3-1e8a-4f6c-9b0d-2a7e3c4d5f6a,1,2026-04-17T11:20:00+02:00,2026-04-17T11:40:00+02:00,20,supermarket,Frankfurt,,DE,home,Frankfurt,60311,DE,bike_sharing,pay-as-you-go,none,swapfiets,,bike,2.0,2.5,0.08,False,True,False,False,,0,Bike sharing ride back home.
8,leg-e5f6g7h8-5555-6666-7777-88889999aaaa-1,e5f6g7h8-5555-6666-7777-88889999aaaa,f9c2d5b3-1e8a-4f6c-9b0d-2a7e3c4d5f6a,1,2026-04-18T19:00:00+02:00,2026-04-18T19:12:00+02:00,12,home,Frankfurt,60311,DE,restaurant,Frankfurt,,DE,e_scooter,pay-as-you-go,none,bolt,,scooter,1.5,3.0,0.045,False,True,False,False,,0,E‑scooter ride to restaurant.
9,leg-f6g7h8i9-6666-7777-8888-9999aaaabbbb-1,f6g7h8i9-6666-7777-8888-9999aaaabbbb,f9c2d5b3-1e8a-4f6c-9b0d-2a7e3c4d5f6a,1,2026-04-18T21:30:00+02:00,2026-04-18T21:42:00+02:00,12,restaurant,Frankfurt,,DE,home,Frankfurt,60311,DE,e_scooter,pay-as-you-go,none,bolt,,scooter,1.5,3.0,0.045,False,True,False,False,,0,E‑scooter ride back home.
10,leg-g7h8i9j0-7777-8888-9999-aaaa1111bbbb-1,g7h8i9j0-7777-8888-9999-aaaa1111bbbb,f9c2d5b3-1e8a-4f6c-9b0d-2a7e3c4d5f6a,1,2026-04-19T09:00:00+02:00,2026-04-19T09:15:00+02:00,15,home,Frankfurt,60311,DE,gym,Frankfurt,,DE,walking,none,none,,,,1.0,0.0,0.02,False,True,False,False,,0,Walking to gym.
11,leg-h8i9j0k1-8888-9999-aaaa-bbbb2222cccc-1,h8i9j0k1-8888-9999-aaaa-bbbb2222cccc,f9c2d5b3-1e8a-4f6c-9b0d-2a7e3c4d5f6a,1,2026-04-19T10:30:00+02:00,2026-04-19T10:45:00+02:00,15,gym,Frankfurt,,DE,home,Frankfurt,60311,DE,walking,none,none,,,,1.0,0.0,0.02,False,True,False,False,,0,Walking back home from gym.
12,leg-i9j0k1l2-9999-aaaa-bbbb-cccc3333dddd-1,i9j0k1l2-9999-aaaa-bbbb-cccc3333dddd,f9c2d5b3-1e8a-4f6c-9b0d-2a7e3c4d5f6a,1,2026-04-20T07:50:00+02:00,2026-04-20T07:55:00+02:00,5,home,Frankfurt,60311,DE,transit_stop,Frankfurt,,DE,walking,none,none,,,,0.5,0.0,0.01,True,False,False,False,,0,Walking from home to S‑Bahn station.
13,leg-i9j0k1l2-9999-aaaa-bbbb-cccc3333dddd-2,i9j0k1l2-9999-aaaa-bbbb-cccc3333dddd,f9c2d5b3-1e8a-4f6c-9b0d-2a7e3c4d5f6a,2,2026-04-20T07:55:00+02:00,2026-04-20T08:20:00+02:00,25,transit_stop,Frankfurt,,DE,transit_stop,Frankfurt,,DE,public_transport,subscription,second_class,DB,S-Bahn,train,7.0,0.0,0.21,False,True,False,False,2.0,0,Public transport S‑Bahn ride to office station.
14,leg-i9j0k1l2-9999-aaaa-bbbb-cccc3333dddd-3,i9j0k1l2-9999-aaaa-bbbb-cccc3333dddd,f9c2d5b3-1e8a-4f6c-9b0d-2a7e3c4d5f6a,3,2026-04-20T08:20:00+02:00,2026-04-20T08:25:00+02:00,5,transit_stop,Frankfurt,,DE,office,Frankfurt,60311,DE,walking,none,none,,,,0.5,0.0,0.01,False,False,True,False,,0,Walking from station to office.
15,leg-j0k1l2m3-aaaa-bbbb-cccc-dddd4444eeee-1,j0k1l2m3-aaaa-bbbb-cccc-dddd4444eeee,f9c2d5b3-1e8a-4f6c-9b0d-2a7e3c4d5f6a,1,2026-04-20T18:00:00+02:00,2026-04-20T18:05:00+02:00,5,office,Frankfurt,60311,DE,transit_stop,Frankfurt,,DE,walking,none,none,,,,0.5,0.0,0.01,True,False,False,False,,0,Walking from office to S‑Bahn station.
16,leg-j0k1l2m3-aaaa-bbbb-cccc-dddd4444eeee-2,j0k1l2m3-aaaa-bbbb-cccc-dddd4444eeee,f9c2d5b3-1e8a-4f6c-9b0d-2a7e3c4d5f6a,2,2026-04-20T18:05:00+02:00,2026-04-20T18:35:00+02:00,30,transit_stop,Frankfurt,,DE,transit_stop,Frankfurt,,DE,public_transport,subscription,second_class,DB,S-Bahn,train,7.0,0.0,0.21,False,True,False,False,2.0,0,Public transport S‑Bahn ride to home station.
17,leg-j0k1l2m3-aaaa-bbbb-cccc-dddd4444eeee-3,j0k1l2m3-aaaa-bbbb-cccc-dddd4444eeee,f9c2d5b3-1e8a-4f6c-9b0d-2a7e3c4d5f6a,3,2026-04-20T18:35:00+02:00,2026-04-20T18:40:00+02:00,5,transit_stop,Frankfurt,,DE,home,Frankfurt,60311,DE,walking,none,none,,,,0.5,0.0,0.01,False,False,True,False,,0,Walking from station to home.
0,d1a2b3c4-1111-2222-3333-444455556666,a1b2c3d4-0001-1111-2222-333344445555,f9c2d5b3-1e8a-4f6c-9b0d-2a7e3c4d5f6a,1,2026-04-23T08:10:00+02:00,2026-04-23T08:15:00+02:00,5,home,Frankfurt,60311,DE,s_bahn_stop,Frankfurt,,DE,walking,none,none,,,,0.5,0.0,0.0,True,False,False,False,,0,Walk from home to S‑Bahn stop.
1,e2b3c4d5-2222-3333-4444-555566667777,a1b2c3d4-0001-1111-2222-333344445555,f9c2d5b3-1e8a-4f6c-9b0d-2a7e3c4d5f6a,2,2026-04-23T08:15:00+02:00,2026-04-23T08:33:00+02:00,18,s_bahn_stop,Frankfurt,,DE,office_stop,Frankfurt,,DE,public_transport,subscription,second_class,DB,S-Bahn,train,4.0,0.0,0.16,False,True,False,False,2.0,1,S‑Bahn ride covered by Deutschlandticket.
2,f3c4d5e6-3333-4444-5555-666677778888,a1b2c3d4-0001-1111-2222-333344445555,f9c2d5b3-1e8a-4f6c-9b0d-2a7e3c4d5f6a,3,2026-04-23T08:33:00+02:00,2026-04-23T08:38:00+02:00,5,office_stop,Frankfurt,,DE,office,Frankfurt,60311,DE,walking,none,none,,,,0.5,0.0,0.0,False,False,True,False,,2,Walk from S‑Bahn stop to office.
3,a4d5e6f7-4444-5555-6666-777788889999,a1b2c3d4-0002-1111-2222-333344445555,f9c2d5b3-1e8a-4f6c-9b0d-2a7e3c4d5f6a,1,2026-04-23T17:45:00+02:00,2026-04-23T17:49:00+02:00,4,office,Frankfurt,60311,DE,s_bahn_stop,Frankfurt,,DE,walking,none,none,,,,0.4,0.0,0.0,True,False,False,False,,0,Walk from office to S‑Bahn stop.
4,b5e6f7g8-5555-6666-7777-88889999aaaa,a1b2c3d4-0002-1111-2222-333344445555,f9c2d5b3-1e8a-4f6c-9b0d-2a7e3c4d5f6a,2,2026-04-23T17:51:00+02:00,2026-04-23T18:10:00+02:00,19,s_bahn_stop,Frankfurt,,DE,home_stop,Frankfurt,,DE,public_transport,subscription,second_class,DB,S-Bahn,train,4.4,0.0,0.176,False,True,False,False,2.0,1,S‑Bahn ride back home covered by subscription.
5,c6f7g8h9-6666-7777-8888-9999aaaabbbb,a1b2c3d4-0002-1111-2222-333344445555,f9c2d5b3-1e8a-4f6c-9b0d-2a7e3c4d5f6a,3,2026-04-23T18:10:00+02:00,2026-04-23T18:14:00+02:00,4,home_stop,Frankfurt,,DE,home,Frankfurt,60311,DE,walking,none,none,,,,0.4,0.0,0.0,False,False,True,False,,2,Walk from S‑Bahn stop to home.
6,d7g8h9i0-7777-8888-9999-aaaa11112222,a1b2c3d4-0003-1111-2222-333344445555,f9c2d5b3-1e8a-4f6c-9b0d-2a7e3c4d5f6a,1,2026-04-23T19:30:00+02:00,2026-04-23T19:42:00+02:00,12,home,Frankfurt,60311,DE,friend_home,Frankfurt,,DE,e_scooter,pay-as-you-go,none,bolt,,scooter,3.0,2.9,0.12,False,True,False,False,,0,E‑scooter ride to friend's home.
7,e8h9i0j1-8888-9999-aaaa-bbbb22223333,a1b2c3d4-0004-1111-2222-333344445555,f9c2d5b3-1e8a-4f6c-9b0d-2a7e3c4d5f6a,1,2026-04-23T20:00:00+02:00,2026-04-23T20:10:00+02:00,10,friend_home,Frankfurt,,DE,home,Frankfurt,60311,DE,e_scooter,pay-as-you-go,none,bolt,,scooter,2.5,2.5,0.1,False,True,False,False,,0,E‑scooter ride back home.
8,f9i0j1k2-9999-aaaa-bbbb-cccc33334444,a1b2c3d4-0005-1111-2222-333344445555,f9c2d5b3-1e8a-4f6c-9b0d-2a7e3c4d5f6a,1,2026-04-23T19:00:00+02:00,2026-04-23T19:04:00+02:00,4,home,Frankfurt,60311,DE,tram_stop,Frankfurt,,DE,walking,none,none,,,,0.4,0.0,0.0,True,False,False,False,,0,Walk to tram stop.
9,g0j1k2l3-aaaa-bbbb-cccc-dddd44445555,a1b2c3d4-0005-1111-2222-333344445555,f9c2d5b3-1e8a-4f6c-9b0d-2a7e3c4d5f6a,2,2026-04-23T19:06:00+02:00,2026-04-23T19:21:00+02:00,15,tram_stop,Frankfurt,,DE,cinema_stop,Frankfurt,,DE,public_transport,subscription,second_class,DB,Tram,tram,5.2,0.0,0.208,False,True,False,False,2.0,1,"Tram ride to cinema stop, covered by subscription."
10,h1k2l3m4-bbbb-cccc-dddd-eeee55556666,a1b2c3d4-0005-1111-2222-333344445555,f9c2d5b3-1e8a-4f6c-9b0d-2a7e3c4d5f6a,3,2026-04-23T19:21:00+02:00,2026-04-23T19:25:00+02:00,4,cinema_stop,Frankfurt,,DE,cinema,Frankfurt,,DE,walking,none,none,,,,0.4,0.0,0.0,False,False,True,False,,2,Walk from tram stop to cinema.
11,i2l3m4n5-cccc-dddd-eeee-ffff66667777,a1b2c3d4-0006-1111-2222-333344445555,f9c2d5b3-1e8a-4f6c-9b0d-2a7e3c4d5f6a,1,2026-04-24T21:30:00+02:00,2026-04-24T21:33:00+02:00,3,cinema,Frankfurt,,DE,tram_stop,Frankfurt,,DE,walking,none,none,,,,0.3,0.0,0.0,True,False,False,False,,0,Walk to tram stop after cinema.
12,j3m4n5o6-dddd-eeee-ffff-111122223333,a1b2c3d4-0006-1111-2222-333344445555,f9c2d5b3-1e8a-4f6c-9b0d-2a7e3c4d5f6a,2,2026-04-24T21:35:00+02:00,2026-04-24T21:47:00+02:00,12,tram_stop,Frankfurt,,DE,home_stop,Frankfurt,,DE,public_transport,subscription,second_class,DB,Tram,tram,5.2,0.0,0.208,False,True,False,False,2.0,1,"Tram ride home, covered by subscription."
13,k4n5o6p7-eeee-ffff-1111-222233334444,a1b2c3d4-0006-1111-2222-333344445555,f9c2d5b3-1e8a-4f6c-9b0d-2a7e3c4d5f6a,3,2026-04-24T21:47:00+02:00,2026-04-24T21:50:00+02:00,3,home_stop,Frankfurt,,DE,home,Frankfurt,60311,DE,walking,none,none,,,,0.3,0.0,0.0,False,False,True,False,,2,Walk from tram stop to home.
14,l5o6p7q8-ffff-1111-2222-333344445555,a1b2c3d4-0007-1111-2222-333344445555,f9c2d5b3-1e8a-4f6c-9b0d-2a7e3c4d5f6a,1,2026-04-25T09:00:00+02:00,2026-04-25T09:12:00+02:00,12,home,Frankfurt,60311,DE,gym,Frankfurt,,DE,walking,none,none,,,,1.0,0.0,0.0,True,True,True,False,,0,Walk to nearby gym.
15,m6p7q8r9-1111-2222-3333-444455556666,a1b2c3d4-0008-1111-2222-333344445555,f9c2d5b3-1e8a-4f6c-9b0d-2a7e3c4d5f6a,1,2026-04-25T10:30:00+02:00,2026-04-25T10:42:00+02:00,12,gym,Frankfurt,,DE,home,Frankfurt,60311,DE,walking,none,none,,,,1.0,0.0,0.0,True,True,True,False,,0,Walk back home from gym.
16,n7q8r9s0-2222-3333-4444-555566667777,a1b2c3d4-0009-1111-2222-333344445555,f9c2d5b3-1e8a-4f6c-9b0d-2a7e3c4d5f6a,1,2026-04-25T15:00:00+02:00,2026-04-25T15:08:00+02:00,8,home,Frankfurt,60311,DE,park,Frankfurt,,DE,e_scooter,pay-as-you-go,none,bolt,,scooter,2.0,2.1,0.08,False,True,False,False,,0,E‑scooter ride to city park.
17,o8r9s0t1-3333-4444-5555-666677778888,a1b2c3d4-0010-1111-2222-333344445555,f9c2d5b3-1e8a-4f6c-9b0d-2a7e3c4d5f6a,1,2026-04-25T17:00:00+02:00,2026-04-25T17:08:00+02:00,8,park,Frankfurt,,DE,home,Frankfurt,60311,DE,e_scooter,pay-as-you-go,none,bolt,,scooter,2.0,2.1,0.08,False,True,False,False,,0,E‑scooter ride back home from park.
18,p9s0t1u2-4444-5555-6666-777788889999,a1b2c3d4-0011-1111-2222-333344445555,f9c2d5b3-1e8a-4f6c-9b0d-2a7e3c4d5f6a,1,2026-04-26T11:00:00+02:00,2026-04-26T11:15:00+02:00,15,home,Frankfurt,60311,DE,market,Frankfurt,,DE,bike_sharing,pay-as-you-go,none,swapfiets,,bike,3.0,1.5,0.06,False,True,False,False,,0,Shared bike ride to weekly market.
19,q0t1u2v3-5555-6666-7777-88889999aaaa,a1b2c3d4-0012-1111-2222-333344445555,f9c2d5b3-1e8a-4f6c-9b0d-2a7e3c4d5f6a,1,2026-04-26T12:30:00+02:00,2026-04-26T12:45:00+02:00,15,market,Frankfurt,,DE,home,Frankfurt,60311,DE,bike_sharing,pay-as-you-go,none,swapfiets,,bike,3.0,1.5,0.06,False,True,False,False,,0,Shared bike ride back home from market.
0,leg-a1b2c3d4-1111-2222-3333-444455556666-1,a1b2c3d4-1111-2222-3333-444455556666,f9c2d5b3-1e8a-4f6c-9b0d-2a7e3c4d5f6a,1,2026-04-30T09:00:00Z,2026-04-30T09:20:00Z,20,home,Frankfurt,60311,DE,supermarket,Frankfurt,,DE,walking,none,none,,,,2.0,0.0,0.0,False,True,False,False,,0,Generated based on parent trip and user profile.
1,leg-b2c3d4e5-1111-2222-3333-444455556667-1,b2c3d4e5-1111-2222-3333-444455556667,f9c2d5b3-1e8a-4f6c-9b0d-2a7e3c4d5f6a,1,2026-04-30T18:00:00Z,2026-04-30T18:30:00Z,30,home,Frankfurt,60311,DE,gym,Frankfurt,,DE,bike_sharing,pay-as-you-go,none,swapfiets,,bike,4.0,1.2,0.0,False,True,False,False,,0,Generated based on parent trip and user profile.
2,leg-c3d4e5f6-1111-2222-3333-444455556668-1,c3d4e5f6-1111-2222-3333-444455556668,f9c2d5b3-1e8a-4f6c-9b0d-2a7e3c4d5f6a,1,2026-05-01T11:00:00Z,2026-05-01T11:20:00Z,20,home,Frankfurt,60311,DE,restaurant,Frankfurt,,DE,e_scooter,pay-as-you-go,none,bolt,,scooter,3.0,5.0,0.15,False,True,False,False,,0,Generated based on parent trip and user profile.
3,leg-d4e5f6g7-1111-2222-3333-444455556669-1,d4e5f6g7-1111-2222-3333-444455556669,f9c2d5b3-1e8a-4f6c-9b0d-2a7e3c4d5f6a,1,2026-05-01T22:30:00Z,2026-05-01T22:45:00Z,15,restaurant,Frankfurt,,DE,home,Frankfurt,60311,DE,e_scooter,pay-as-you-go,none,bolt,,scooter,3.0,3.75,0.15,False,True,False,False,,0,Generated based on parent trip and user profile.
4,leg-e5f6g7h8-1111-2222-3333-444455556670-1,e5f6g7h8-1111-2222-3333-444455556670,f9c2d5b3-1e8a-4f6c-9b0d-2a7e3c4d5f6a,1,2026-05-02T10:00:00Z,2026-05-02T10:05:00Z,5,home,Frankfurt,60311,DE,transit_stop,Frankfurt,,DE,walking,none,none,,,,0.5,0.0,0.0,True,False,False,False,,0,Generated based on parent trip and user profile.
5,leg-e5f6g7h8-1111-2222-3333-444455556670-2,e5f6g7h8-1111-2222-3333-444455556670,f9c2d5b3-1e8a-4f6c-9b0d-2a7e3c4d5f6a,2,2026-05-02T10:05:00Z,2026-05-02T10:20:00Z,15,transit_stop,Frankfurt,,DE,city_center_stop,Frankfurt,,DE,public_transport,subscription,second_class,DB,S-Bahn,train,5.0,0.0,0.2,False,True,False,False,2.0,1,Generated based on parent trip and user profile.
6,leg-e5f6g7h8-1111-2222-3333-444455556670-3,e5f6g7h8-1111-2222-3333-444455556670,f9c2d5b3-1e8a-4f6c-9b0d-2a7e3c4d5f6a,3,2026-05-02T10:20:00Z,2026-05-02T10:25:00Z,5,city_center_stop,Frankfurt,,DE,city_center,Frankfurt,,DE,walking,none,none,,,,0.5,0.0,0.0,False,False,True,False,,1,Generated based on parent trip and user profile.
7,leg-f6g7h8i9-1111-2222-3333-444455556671-1,f6g7h8i9-1111-2222-3333-444455556671,f9c2d5b3-1e8a-4f6c-9b0d-2a7e3c4d5f6a,1,2026-05-02T18:30:00Z,2026-05-02T18:35:00Z,5,city_center,Frankfurt,,DE,transit_stop,Frankfurt,,DE,walking,none,none,,,,0.5,0.0,0.0,True,False,False,False,,0,Generated based on parent trip and user profile.
8,leg-f6g7h8i9-1111-2222-3333-444455556671-2,f6g7h8i9-1111-2222-3333-444455556671,f9c2d5b3-1e8a-4f6c-9b0d-2a7e3c4d5f6a,2,2026-05-02T18:35:00Z,2026-05-02T18:50:00Z,15,transit_stop,Frankfurt,,DE,home_stop,Frankfurt,,DE,public_transport,subscription,second_class,DB,S-Bahn,train,5.0,0.0,0.2,False,True,False,False,2.0,1,Generated based on parent trip and user profile.
9,leg-f6g7h8i9-1111-2222-3333-444455556671-3,f6g7h8i9-1111-2222-3333-444455556671,f9c2d5b3-1e8a-4f6c-9b0d-2a7e3c4d5f6a,3,2026-05-02T18:50:00Z,2026-05-02T18:55:00Z,5,home_stop,Frankfurt,,DE,home,Frankfurt,60311,DE,walking,none,none,,,,0.5,0.0,0.0,False,False,True,False,,1,Generated based on parent trip and user profile.
10,leg-g7h8i9j0-1111-2222-3333-444455556672-1,g7h8i9j0-1111-2222-3333-444455556672,f9c2d5b3-1e8a-4f6c-9b0d-2a7e3c4d5f6a,1,2026-05-03T08:30:00Z,2026-05-03T08:45:00Z,15,home,Frankfurt,60311,DE,supermarket,Frankfurt,,DE,bike_sharing,pay-as-you-go,none,swapfiets,,bike,3.0,0.9,0.0,False,True,False,False,,0,Generated based on parent trip and user profile.
11,leg-h8i9j0k1-1111-2222-3333-444455556673-1,h8i9j0k1-1111-2222-3333-444455556673,f9c2d5b3-1e8a-4f6c-9b0d-2a7e3c4d5f6a,1,2026-05-04T07:45:00Z,2026-05-04T07:51:00Z,6,home,Frankfurt,60311,DE,transit_stop,Frankfurt,,DE,walking,none,none,,,,0.5,0.0,0.0,True,False,False,False,,0,Generated based on parent trip and user profile.
12,leg-h8i9j0k1-1111-2222-3333-444455556673-2,h8i9j0k1-1111-2222-3333-444455556673,f9c2d5b3-1e8a-4f6c-9b0d-2a7e3c4d5f6a,2,2026-05-04T07:51:00Z,2026-05-04T08:14:00Z,23,transit_stop,Frankfurt,,DE,office_stop,Frankfurt,,DE,public_transport,subscription,second_class,DB,S-Bahn,train,6.0,0.0,0.28,False,True,False,False,2.0,1,Generated based on parent trip and user profile.
13,leg-h8i9j0k1-1111-2222-3333-444455556673-3,h8i9j0k1-1111-2222-3333-444455556673,f9c2d5b3-1e8a-4f6c-9b0d-2a7e3c4d5f6a,3,2026-05-04T08:14:00Z,2026-05-04T08:20:00Z,6,office_stop,Frankfurt,,DE,office,Frankfurt,60311,DE,walking,none,none,,,,0.5,0.0,0.0,False,False,True,False,,1,Generated based on parent trip and user profile.
14,leg-i9j0k1l2-1111-2222-3333-444455556674-1,i9j0k1l2-1111-2222-3333-444455556674,f9c2d5b3-1e8a-4f6c-9b0d-2a7e3c4d5f6a,1,2026-05-04T17:30:00Z,2026-05-04T17:36:00Z,6,office,Frankfurt,60311,DE,office_stop,Frankfurt,,DE,walking,none,none,,,,0.5,0.0,0.0,True,False,False,False,,0,Generated based on parent trip and user profile.
15,leg-i9j0k1l2-1111-2222-3333-444455556674-2,i9j0k1l2-1111-2222-3333-444455556674,f9c2d5b3-1e8a-4f6c-9b0d-2a7e3c4d5f6a,2,2026-05-04T17:36:00Z,2026-05-04T18:04:00Z,28,office_stop,Frankfurt,,DE,home_stop,Frankfurt,,DE,public_transport,subscription,second_class,DB,S-Bahn,train,6.0,0.0,0.28,False,True,False,False,2.0,1,Generated based on parent trip and user profile.
16,leg-i9j0k1l2-1111-2222-3333-444455556674-3,i9j0k1l2-1111-2222-3333-444455556674,f9c2d5b3-1e8a-4f6c-9b0d-2a7e3c4d5f6a,3,2026-05-04T18:04:00Z,2026-05-04T18:10:00Z,6,home_stop,Frankfurt,,DE,home,Frankfurt,60311,DE,walking,none,none,,,,0.5,0.0,0.0,False,False,True,False,,1,Generated based on parent trip and user profile.
17,leg-j0k1l2m3-1111-2222-3333-444455556675-1,j0k1l2m3-1111-2222-3333-444455556675,f9c2d5b3-1e8a-4f6c-9b0d-2a7e3c4d5f6a,1,2026-05-05T19:00:00Z,2026-05-05T19:20:00Z,20,home,Frankfurt,60311,DE,friend_home,Frankfurt,,DE,e_scooter,pay-as-you-go,none,bolt,,scooter,4.0,4.0,0.2,False,True,False,False,,0,Generated based on parent trip and user profile.
18,leg-k1l2m3n4-1111-2222-3333-444455556676-1,k1l2m3n4-1111-2222-3333-444455556676,f9c2d5b3-1e8a-4f6c-9b0d-2a7e3c4d5f6a,1,2026-05-06T07:50:00Z,2026-05-06T07:56:00Z,6,home,Frankfurt,60311,DE,transit_stop,Frankfurt,,DE,walking,none,none,,,,0.5,0.0,0.0,True,False,False,False,,0,Generated based on parent trip and user profile.
19,leg-k1l2m3n4-1111-2222-3333-444455556676-2,k1l2m3n4-1111-2222-3333-444455556676,f9c2d5b3-1e8a-4f6c-9b0d-2a7e3c4d5f6a,2,2026-05-06T07:56:00Z,2026-05-06T08:19:00Z,23,transit_stop,Frankfurt,,DE,office_stop,Frankfurt,,DE,public_transport,subscription,second_class,DB,S-Bahn,train,6.0,0.0,0.28,False,True,False,False,2.0,1,Generated based on parent trip and user profile.
20,leg-k1l2m3n4-1111-2222-3333-444455556676-3,k1l2m3n4-1111-2222-3333-444455556676,f9c2d5b3-1e8a-4f6c-9b0d-2a7e3c4d5f6a,3,2026-05-06T08:19:00Z,2026-05-06T08:25:00Z,6,office_stop,Frankfurt,,DE,office,Frankfurt,60311,DE,walking,none,none,,,,0.5,0.0,0.0,False,False,True,False,,1,Generated based on parent trip and user profile.
21,leg-l2m3n4o5-1111-2222-3333-444455556677-1,l2m3n4o5-1111-2222-3333-444455556677,f9c2d5b3-1e8a-4f6c-9b0d-2a7e3c4d5f6a,1,2026-05-06T17:20:00Z,2026-05-06T17:26:00Z,6,office,Frankfurt,60311,DE,office_stop,Frankfurt,,DE,walking,none,none,,,,0.5,0.0,0.0,True,False,False,False,,0,Generated based on parent trip and user profile.
22,leg-l2m3n4o5-1111-2222-3333-444455556677-2,l2m3n4o5-1111-2222-3333-444455556677,f9c2d5b3-1e8a-4f6c-9b0d-2a7e3c4d5f6a,2,2026-05-06T17:26:00Z,2026-05-06T17:54:00Z,28,office_stop,Frankfurt,,DE,home_stop,Frankfurt,,DE,public_transport,subscription,second_class,DB,S-Bahn,train,6.0,0.0,0.28,False,True,False,False,2.0,1,Generated based on parent trip and user profile.
23,leg-l2m3n4o5-1111-2222-3333-444455556677-3,l2m3n4o5-1111-2222-3333-444455556677,f9c2d5b3-1e8a-4f6c-9b0d-2a7e3c4d5f6a,3,2026-05-06T17:54:00Z,2026-05-06T18:00:00Z,6,home_stop,Frankfurt,,DE,home,Frankfurt,60311,DE,walking,none,none,,,,0.5,0.0,0.0,False,False,True,False,,1,Generated based on parent trip and user profile.
0,d1111111-1111-1111-1111-111111111111,a1b2c3d4-1111-2222-3333-444455556666,f9c2d5b3-1e8a-4f6c-9b0d-2a7e3c4d5f6a,1,2026-05-07T09:30:00+01:00,2026-05-07T09:45:00+01:00,15,home,Frankfurt,60311,DE,supermarket,Frankfurt,,DE,bike_sharing,subscription,none,swapfiets,,,3.0,0.0,0.15,False,True,False,False,,0,Bike‑sharing leg for grocery run.
1,d2222222-2222-2222-2222-222222222222,b2c3d4e5-2222-3333-4444-555566667777,f9c2d5b3-1e8a-4f6c-9b0d-2a7e3c4d5f6a,1,2026-05-07T10:00:00+01:00,2026-05-07T10:15:00+01:00,15,supermarket,Frankfurt,,DE,home,Frankfurt,60311,DE,bike_sharing,subscription,none,swapfiets,,,3.0,0.0,0.15,False,True,False,False,,0,Bike‑sharing leg for return from supermarket.
2,d3333333-3333-3333-3333-333333333333,c3d4e5f6-3333-4444-5555-666677778888,f9c2d5b3-1e8a-4f6c-9b0d-2a7e3c4d5f6a,1,2026-05-09T08:15:00+01:00,2026-05-09T08:20:00+01:00,5,home,Frankfurt,60311,DE,transit_stop,Frankfurt,,DE,walking,none,none,,,,0.5,0.0,0.0,True,False,False,False,,0,Walking access to public‑transport stop.
3,d4444444-4444-4444-4444-444444444444,c3d4e5f6-3333-4444-5555-666677778888,f9c2d5b3-1e8a-4f6c-9b0d-2a7e3c4d5f6a,2,2026-05-09T08:20:00+01:00,2026-05-09T08:40:00+01:00,20,transit_stop,Frankfurt,,DE,office,Frankfurt,60311,DE,public_transport,subscription,second_class,DB,S-Bahn,train,11.0,0.0,0.33,False,True,False,False,2.0,0,Public‑transport leg (S‑Bahn) to office.
4,d5555555-5555-5555-5555-555555555555,c3d4e5f6-3333-4444-5555-666677778888,f9c2d5b3-1e8a-4f6c-9b0d-2a7e3c4d5f6a,3,2026-05-09T08:40:00+01:00,2026-05-09T08:45:00+01:00,5,office,Frankfurt,60311,DE,office_entrance,Frankfurt,60311,DE,walking,none,none,,,,0.5,0.0,0.0,False,False,True,False,,0,Walking egress from public‑transport stop to office entrance.
5,d6666666-6666-6666-6666-666666666666,d4e5f6g7-4444-5555-6666-777788889999,f9c2d5b3-1e8a-4f6c-9b0d-2a7e3c4d5f6a,1,2026-05-09T17:30:00+01:00,2026-05-09T17:35:00+01:00,5,office,Frankfurt,60311,DE,transit_stop,Frankfurt,,DE,walking,none,none,,,,0.5,0.0,0.0,True,False,False,False,,0,Walking to public‑transport stop after work.
6,d7777777-7777-7777-7777-777777777777,d4e5f6g7-4444-5555-6666-777788889999,f9c2d5b3-1e8a-4f6c-9b0d-2a7e3c4d5f6a,2,2026-05-09T17:35:00+01:00,2026-05-09T17:55:00+01:00,20,transit_stop,Frankfurt,,DE,home,Frankfurt,60311,DE,public_transport,subscription,second_class,DB,S-Bahn,train,11.0,0.0,0.33,False,True,False,False,2.0,0,Public‑transport leg (S‑Bahn) homeward.
7,d8888888-8888-8888-8888-888888888888,d4e5f6g7-4444-5555-6666-777788889999,f9c2d5b3-1e8a-4f6c-9b0d-2a7e3c4d5f6a,3,2026-05-09T17:55:00+01:00,2026-05-09T18:00:00+01:00,5,home,Frankfurt,60311,DE,home_entrance,Frankfurt,60311,DE,walking,none,none,,,,0.5,0.0,0.0,False,False,True,False,,0,Walking egress to home entrance.
8,d9999999-9999-9999-9999-999999999999,e5f6g7h8-5555-6666-7777-88889999aaaa,f9c2d5b3-1e8a-4f6c-9b0d-2a7e3c4d5f6a,1,2026-05-10T12:30:00+01:00,2026-05-10T12:45:00+01:00,15,home,Frankfurt,60311,DE,supermarket,Frankfurt,,DE,bike_sharing,subscription,none,swapfiets,,,3.0,0.0,0.15,False,True,False,False,,0,Bike‑sharing leg for midday grocery run.
9,da111111-1111-1111-1111-111111111111,f6g7h8i9-6666-7777-8888-9999aaaabbbb,f9c2d5b3-1e8a-4f6c-9b0d-2a7e3c4d5f6a,1,2026-05-10T13:00:00+01:00,2026-05-10T13:15:00+01:00,15,supermarket,Frankfurt,,DE,home,Frankfurt,60311,DE,bike_sharing,subscription,none,swapfiets,,,3.0,0.0,0.15,False,True,False,False,,0,Bike‑sharing leg for return home.
10,db222222-2222-2222-2222-222222222222,g7h8i9j0-7777-8888-9999-aaaabbbbcccc,f9c2d5b3-1e8a-4f6c-9b0d-2a7e3c4d5f6a,1,2026-05-11T08:20:00+01:00,2026-05-11T08:25:00+01:00,5,home,Frankfurt,60311,DE,transit_stop,Frankfurt,,DE,walking,none,none,,,,0.5,0.0,0.0,True,False,False,False,,0,Walking to public‑transport stop.
11,db333333-3333-3333-3333-333333333333,g7h8i9j0-7777-8888-9999-aaaabbbbcccc,f9c2d5b3-1e8a-4f6c-9b0d-2a7e3c4d5f6a,2,2026-05-11T08:25:00+01:00,2026-05-11T08:45:00+01:00,20,transit_stop,Frankfurt,,DE,office,Frankfurt,60311,DE,public_transport,subscription,second_class,DB,S-Bahn,train,11.0,0.0,0.33,False,True,False,False,2.0,0,Public‑transport leg to office.
12,db444444-4444-4444-4444-444444444444,g7h8i9j0-7777-8888-9999-aaaabbbbcccc,f9c2d5b3-1e8a-4f6c-9b0d-2a7e3c4d5f6a,3,2026-05-11T08:45:00+01:00,2026-05-11T08:50:00+01:00,5,office,Frankfurt,60311,DE,office_entrance,Frankfurt,60311,DE,walking,none,none,,,,0.5,0.0,0.0,False,False,True,False,,0,Walking egress to office entrance.
13,db555555-5555-5555-5555-555555555555,h8i9j0k1-8888-9999-aaaa-bbbbccccdddd,f9c2d5b3-1e8a-4f6c-9b0d-2a7e3c4d5f6a,1,2026-05-11T18:00:00+01:00,2026-05-11T18:05:00+01:00,5,office,Frankfurt,60311,DE,transit_stop,Frankfurt,,DE,walking,none,none,,,,0.5,0.0,0.0,True,False,False,False,,0,Walking to public‑transport stop after work.
14,db666666-6666-6666-6666-666666666666,h8i9j0k1-8888-9999-aaaa-bbbbccccdddd,f9c2d5b3-1e8a-4f6c-9b0d-2a7e3c4d5f6a,2,2026-05-11T18:05:00+01:00,2026-05-11T18:25:00+01:00,20,transit_stop,Frankfurt,,DE,home,Frankfurt,60311,DE,public_transport,subscription,second_class,DB,S-Bahn,train,11.0,0.0,0.33,False,True,False,False,2.0,0,Public‑transport leg homeward.
15,db777777-7777-7777-7777-777777777777,h8i9j0k1-8888-9999-aaaa-bbbbccccdddd,f9c2d5b3-1e8a-4f6c-9b0d-2a7e3c4d5f6a,3,2026-05-11T18:25:00+01:00,2026-05-11T18:30:00+01:00,5,home,Frankfurt,60311,DE,home_entrance,Frankfurt,60311,DE,walking,none,none,,,,0.5,0.0,0.0,False,False,True,False,,0,Walking egress to home entrance.
16,db888888-8888-8888-8888-888888888888,i9j0k1l2-9999-aaaa-bbbb-ccccddddeeee,f9c2d5b3-1e8a-4f6c-9b0d-2a7e3c4d5f6a,1,2026-05-12T09:00:00+01:00,2026-05-12T09:20:00+01:00,20,home,Frankfurt,60311,DE,gym,Frankfurt,,DE,bike_sharing,subscription,none,swapfiets,,,2.0,0.0,0.1,False,True,False,False,,0,Bike‑sharing leg to gym.
17,db999999-9999-9999-9999-999999999999,j0k1l2m3-aaaa-bbbb-cccc-ddddeeeeffff,f9c2d5b3-1e8a-4f6c-9b0d-2a7e3c4d5f6a,1,2026-05-12T09:30:00+01:00,2026-05-12T09:45:00+01:00,15,gym,Frankfurt,,DE,home,Frankfurt,60311,DE,bike_sharing,subscription,none,swapfiets,,,2.0,0.0,0.1,False,True,False,False,,0,Bike‑sharing leg home from gym.
18,dc111111-1111-1111-1111-111111111111,k1l2m3n4-bbbb-cccc-dddd-eeeeffffgggg,f9c2d5b3-1e8a-4f6c-9b0d-2a7e3c4d5f6a,1,2026-05-13T08:10:00+01:00,2026-05-13T08:15:00+01:00,5,home,Frankfurt,60311,DE,transit_stop,Frankfurt,,DE,walking,none,none,,,,0.5,0.0,0.0,True,False,False,False,,0,Walking to public‑transport stop.
19,dc222222-2222-2222-2222-222222222222,k1l2m3n4-bbbb-cccc-dddd-eeeeffffgggg,f9c2d5b3-1e8a-4f6c-9b0d-2a7e3c4d5f6a,2,2026-05-13T08:15:00+01:00,2026-05-13T08:35:00+01:00,20,transit_stop,Frankfurt,,DE,office,Frankfurt,60311,DE,public_transport,subscription,second_class,DB,S-Bahn,train,11.0,0.0,0.33,False,True,False,False,2.0,0,Public‑transport leg to office.
20,dc333333-3333-3333-3333-333333333333,k1l2m3n4-bbbb-cccc-dddd-eeeeffffgggg,f9c2d5b3-1e8a-4f6c-9b0d-2a7e3c4d5f6a,3,2026-05-13T08:35:00+01:00,2026-05-13T08:40:00+01:00,5,office,Frankfurt,60311,DE,office_entrance,Frankfurt,60311,DE,walking,none,none,,,,0.5,0.0,0.0,False,False,True,False,,0,Walking egress to office entrance.
21,dc444444-4444-4444-4444-444444444444,l2m3n4o5-cccc-dddd-eeee-ffffgggghhhh,f9c2d5b3-1e8a-4f6c-9b0d-2a7e3c4d5f6a,1,2026-05-13T17:45:00+01:00,2026-05-13T17:50:00+01:00,5,office,Frankfurt,60311,DE,transit_stop,Frankfurt,,DE,walking,none,none,,,,0.5,0.0,0.0,True,False,False,False,,0,Walking to public‑transport stop.
22,dc555555-5555-5555-5555-555555555555,l2m3n4o5-cccc-dddd-eeee-ffffgggghhhh,f9c2d5b3-1e8a-4f6c-9b0d-2a7e3c4d5f6a,2,2026-05-13T17:50:00+01:00,2026-05-13T18:10:00+01:00,20,transit_stop,Frankfurt,,DE,home,Frankfurt,60311,DE,public_transport,subscription,second_class,DB,S-Bahn,train,11.0,0.0,0.33,False,True,False,False,2.0,0,Public‑transport leg homeward.
23,dc666666-6666-6666-6666-666666666666,l2m3n4o5-cccc-dddd-eeee-ffffgggghhhh,f9c2d5b3-1e8a-4f6c-9b0d-2a7e3c4d5f6a,3,2026-05-13T18:10:00+01:00,2026-05-13T18:15:00+01:00,5,home,Frankfurt,60311,DE,home_entrance,Frankfurt,60311,DE,walking,none,none,,,,0.5,0.0,0.0,False,False,True,False,,0,Walking egress to home entrance.
0,a1111111-1111-1111-1111-111111111111,c1111111-1111-1111-1111-111111111111,f9c2d5b3-1e8a-4f6c-9b0d-2a7e3c4d5f6a,1,2026-05-14T09:30:00+02:00,2026-05-14T09:42:00+02:00,12,home,Frankfurt,60311,DE,supermarket,Frankfurt,,DE,bike_sharing,subscription,none,swapfiets,,,3.0,0.0,0.09,False,True,False,False,,0,"Derived from parent trip c1111111-1111-1111-1111-111111111111, split into a single bike sharing leg."
1,a2222222-2222-2222-2222-222222222222,c2222222-2222-2222-2222-222222222222,f9c2d5b3-1e8a-4f6c-9b0d-2a7e3c4d5f6a,1,2026-05-14T09:45:00+02:00,2026-05-14T09:57:00+02:00,12,supermarket,Frankfurt,,DE,home,Frankfurt,60311,DE,bike_sharing,subscription,none,swapfiets,,,3.0,0.0,0.09,False,True,False,False,,0,"Derived from parent trip c2222222-2222-2222-2222-222222222222, split into a single bike sharing leg."
2,a3333333-3333-3333-3333-333333333333,c3333333-3333-3333-3333-333333333333,f9c2d5b3-1e8a-4f6c-9b0d-2a7e3c4d5f6a,1,2026-05-14T18:00:00+02:00,2026-05-14T18:08:00+02:00,8,home,Frankfurt,60311,DE,friend_home,Frankfurt,,DE,e_scooter,pay-as-you-go,none,bolt,,,2.0,2.0,0.04,False,True,False,False,,0,"Derived from parent trip c3333333-3333-3333-3333-333333333333, split into a single e‑scooter leg."
3,a4444444-4444-4444-4444-444444444444,c4444444-4444-4444-4444-444444444444,f9c2d5b3-1e8a-4f6c-9b0d-2a7e3c4d5f6a,1,2026-05-14T20:30:00+02:00,2026-05-14T20:38:00+02:00,8,friend_home,Frankfurt,,DE,home,Frankfurt,60311,DE,e_scooter,pay-as-you-go,none,bolt,,,2.0,2.0,0.04,False,True,False,False,,0,"Derived from parent trip c4444444-4444-4444-4444-444444444444, split into a single e‑scooter leg."
4,a5555555-5555-5555-5555-555555555555,c5555555-5555-5555-5555-555555555555,f9c2d5b3-1e8a-4f6c-9b0d-2a7e3c4d5f6a,1,2026-05-15T08:20:00+02:00,2026-05-15T08:25:00+02:00,5,home,Frankfurt,60311,DE,s_bahn_stop,Frankfurt,,DE,walking,none,none,,,,0.5,0.0,0.0,True,False,False,False,,0,Access walk to S‑Bahn stop for commute.
5,a5555556-5555-5555-5555-555555555556,c5555555-5555-5555-5555-555555555555,f9c2d5b3-1e8a-4f6c-9b0d-2a7e3c4d5f6a,2,2026-05-15T08:25:00+02:00,2026-05-15T08:45:00+02:00,20,s_bahn_stop,Frankfurt,,DE,office_stop,Frankfurt,,DE,public_transport,subscription,second_class,DB,S-Bahn,train,7.0,0.0,0.28,False,True,False,False,2.0,0,Main S‑Bahn leg for commute.
6,a5555557-5555-5555-5555-555555555557,c5555555-5555-5555-5555-555555555555,f9c2d5b3-1e8a-4f6c-9b0d-2a7e3c4d5f6a,3,2026-05-15T08:45:00+02:00,2026-05-15T08:50:00+02:00,5,office_stop,Frankfurt,,DE,office,Frankfurt,60311,DE,walking,none,none,,,,0.5,0.0,0.0,False,False,True,False,,0,Egress walk from S‑Bahn stop to office.
7,a6666666-6666-6666-6666-666666666666,c6666666-6666-6666-6666-666666666666,f9c2d5b3-1e8a-4f6c-9b0d-2a7e3c4d5f6a,1,2026-05-15T17:40:00+02:00,2026-05-15T17:45:00+02:00,5,office,Frankfurt,60311,DE,office_stop,Frankfurt,,DE,walking,none,none,,,,0.5,0.0,0.0,True,False,False,False,,0,Access walk to S‑Bahn stop after work.
8,a6666667-6666-6666-6666-666666666667,c6666666-6666-6666-6666-666666666666,f9c2d5b3-1e8a-4f6c-9b0d-2a7e3c4d5f6a,2,2026-05-15T17:45:00+02:00,2026-05-15T18:10:00+02:00,25,office_stop,Frankfurt,,DE,s_bahn_stop,Frankfurt,,DE,public_transport,subscription,second_class,DB,S-Bahn,train,7.0,0.0,0.28,False,True,False,False,2.0,0,Main S‑Bahn leg for return commute.
9,a6666668-6666-6666-6666-666666666668,c6666666-6666-6666-6666-666666666666,f9c2d5b3-1e8a-4f6c-9b0d-2a7e3c4d5f6a,3,2026-05-15T18:10:00+02:00,2026-05-15T18:15:00+02:00,5,s_bahn_stop,Frankfurt,,DE,home,Frankfurt,60311,DE,walking,none,none,,,,0.5,0.0,0.0,False,False,True,False,,0,Egress walk from S‑Bahn stop to home.
10,a7777777-7777-7777-7777-777777777777,c7777777-7777-7777-7777-777777777777,f9c2d5b3-1e8a-4f6c-9b0d-2a7e3c4d5f6a,1,2026-05-15T18:30:00+02:00,2026-05-15T18:37:00+02:00,7,home,Frankfurt,60311,DE,gym,Frankfurt,,DE,bike_sharing,subscription,none,swapfiets,,,1.0,0.0,0.03,False,True,False,False,,0,Bike‑sharing leg to gym.
11,a8888888-8888-8888-8888-888888888888,c8888888-8888-8888-8888-888888888888,f9c2d5b3-1e8a-4f6c-9b0d-2a7e3c4d5f6a,1,2026-05-15T19:30:00+02:00,2026-05-15T19:37:00+02:00,7,gym,Frankfurt,,DE,home,Frankfurt,60311,DE,bike_sharing,subscription,none,swapfiets,,,1.0,0.0,0.03,False,True,False,False,,0,Bike‑sharing leg back home from gym.
12,a9999999-9999-9999-9999-999999999999,c9999999-9999-9999-9999-999999999999,f9c2d5b3-1e8a-4f6c-9b0d-2a7e3c4d5f6a,1,2026-05-16T10:00:00+02:00,2026-05-16T10:20:00+02:00,20,home,Frankfurt,60311,DE,park,Frankfurt,,DE,walking,none,none,,,,1.5,0.0,0.0,False,True,False,False,,0,Leisure walk to park.
13,abbbbbbb-bbbb-bbbb-bbbb-bbbbbbbbbbbb,caaaaaaaa-aaaa-aaaa-aaaa-aaaaaaaaaaaa,f9c2d5b3-1e8a-4f6c-9b0d-2a7e3c4d5f6a,1,2026-05-16T12:00:00+02:00,2026-05-16T12:20:00+02:00,20,park,Frankfurt,,DE,home,Frankfurt,60311,DE,walking,none,none,,,,1.5,0.0,0.0,False,True,False,False,,0,Return walk from park to home.
14,accccccc-cccc-cccc-cccc-cccccccccccc,cbbbbbbbb-bbbb-bbbb-bbbb-bbbbbbbbbbbb,f9c2d5b3-1e8a-4f6c-9b0d-2a7e3c4d5f6a,1,2026-05-17T15:00:00+02:00,2026-05-17T15:05:00+02:00,5,home,Frankfurt,60311,DE,tram_stop,Frankfurt,,DE,walking,none,none,,,,0.5,0.0,0.0,True,False,False,False,,0,Access walk to tram stop for museum visit.
15,adddddddd-dddd-dddd-dddd-dddddddddddd,cbbbbbbbb-bbbb-bbbb-bbbb-bbbbbbbbbbbb,f9c2d5b3-1e8a-4f6c-9b0d-2a7e3c4d5f6a,2,2026-05-17T15:05:00+02:00,2026-05-17T15:20:00+02:00,15,tram_stop,Frankfurt,,DE,museum_stop,Frankfurt,,DE,public_transport,subscription,second_class,DB,Tram,tram,4.0,0.0,0.16,False,True,False,False,2.0,0,Main tram leg to museum.
16,aeeeeeeee-eeee-eeee-eeee-eeeeeeeeeeee,cbbbbbbbb-bbbb-bbbb-bbbb-bbbbbbbbbbbb,f9c2d5b3-1e8a-4f6c-9b0d-2a7e3c4d5f6a,3,2026-05-17T15:20:00+02:00,2026-05-17T15:25:00+02:00,5,museum_stop,Frankfurt,,DE,home,Frankfurt,60311,DE,walking,none,none,,,,0.5,0.0,0.0,False,False,True,False,,0,Egress walk from museum stop to home.
0,d1e2f3a4-1111-2222-3333-444455556666,a1111111-1111-1111-1111-111111111111,f9c2d5b3-1e8a-4f6c-9b0d-2a7e3c4d5f6a,1,2026-05-23T08:10:00+02:00,2026-05-23T08:15:00+02:00,5,home,Frankfurt,60311,DE,s_bahn_station,Frankfurt,,DE,walking,none,none,,,,0.5,0.0,0.0,True,False,False,False,,0,Walk from home to the nearest S‑Bahn station.
1,e2f3a4b5-1111-2222-3333-444455556667,a1111111-1111-1111-1111-111111111111,f9c2d5b3-1e8a-4f6c-9b0d-2a7e3c4d5f6a,2,2026-05-23T08:15:00+02:00,2026-05-23T08:40:00+02:00,25,s_bahn_station,Frankfurt,,DE,office_stop,Frankfurt,,DE,public_transport,subscription,second_class,DB,S-Bahn,,7.0,0.0,0.35,False,True,False,False,,1,"Ride S‑Bahn from the station to the office stop, covered by Deutschlandticket."
2,f3a4b5c6-1111-2222-3333-444455556668,a1111111-1111-1111-1111-111111111111,f9c2d5b3-1e8a-4f6c-9b0d-2a7e3c4d5f6a,3,2026-05-23T08:40:00+02:00,2026-05-23T08:45:00+02:00,5,office_stop,Frankfurt,,DE,office,Frankfurt,60311,DE,walking,none,none,,,,0.5,0.0,0.0,False,False,True,False,,1,Walk from the office stop to the workplace.
3,a4b5c6d7-1111-2222-3333-444455556669,a2222222-2222-2222-2222-222222222222,f9c2d5b3-1e8a-4f6c-9b0d-2a7e3c4d5f6a,1,2026-05-23T17:30:00+02:00,2026-05-23T17:35:00+02:00,5,office,Frankfurt,60311,DE,s_bahn_station,Frankfurt,,DE,walking,none,none,,,,0.5,0.0,0.0,True,False,False,False,,0,Walk from office to the nearest S‑Bahn station.
4,b5c6d7e8-1111-2222-3333-444455556670,a2222222-2222-2222-2222-222222222222,f9c2d5b3-1e8a-4f6c-9b0d-2a7e3c4d5f6a,2,2026-05-23T17:35:00+02:00,2026-05-23T18:00:00+02:00,25,s_bahn_station,Frankfurt,,DE,home_stop,Frankfurt,,DE,public_transport,subscription,second_class,DB,S-Bahn,,7.0,0.0,0.35,False,True,False,False,,1,"Ride S‑Bahn back towards home, covered by subscription."
5,c6d7e8f9-1111-2222-3333-444455556671,a2222222-2222-2222-2222-222222222222,f9c2d5b3-1e8a-4f6c-9b0d-2a7e3c4d5f6a,3,2026-05-23T18:00:00+02:00,2026-05-23T18:05:00+02:00,5,home_stop,Frankfurt,,DE,home,Frankfurt,60311,DE,walking,none,none,,,,0.5,0.0,0.0,False,False,True,False,,1,Walk from the stop to home.
6,d7e8f9a0-1111-2222-3333-444455556672,a3333333-3333-3333-3333-333333333333,f9c2d5b3-1e8a-4f6c-9b0d-2a7e3c4d5f6a,1,2026-05-24T10:20:00+02:00,2026-05-24T10:45:00+02:00,25,home,Frankfurt,60311,DE,supermarket,Frankfurt,,DE,bike_sharing,pay-as-you-go,none,swapfiets,,bike,3.0,2.5,0.06,False,True,False,False,,0,Use shared bike from home to supermarket.
7,e8f9a0b1-1111-2222-3333-444455556673,a4444444-4444-4444-4444-444444444444,f9c2d5b3-1e8a-4f6c-9b0d-2a7e3c4d5f6a,1,2026-05-24T11:00:00+02:00,2026-05-24T11:15:00+02:00,15,supermarket,Frankfurt,,DE,home,Frankfurt,60311,DE,walking,none,none,,,,1.5,0.0,0.0,False,True,False,False,,0,Walk home from supermarket.
8,f9a0b1c2-1111-2222-3333-444455556674,a5555555-5555-5555-5555-555555555555,f9c2d5b3-1e8a-4f6c-9b0d-2a7e3c4d5f6a,1,2026-05-25T08:15:00+02:00,2026-05-25T08:20:00+02:00,5,home,Frankfurt,60311,DE,s_bahn_station,Frankfurt,,DE,walking,none,none,,,,0.5,0.0,0.0,True,False,False,False,,0,Walk from home to S‑Bahn station.
9,a0b1c2d3-1111-2222-3333-444455556675,a5555555-5555-5555-5555-555555555555,f9c2d5b3-1e8a-4f6c-9b0d-2a7e3c4d5f6a,2,2026-05-25T08:20:00+02:00,2026-05-25T08:45:00+02:00,25,s_bahn_station,Frankfurt,,DE,office_stop,Frankfurt,,DE,public_transport,subscription,second_class,DB,S-Bahn,,7.0,0.0,0.35,False,True,False,False,,1,S‑Bahn ride to office stop.
10,b1c2d3e4-1111-2222-3333-444455556676,a5555555-5555-5555-5555-555555555555,f9c2d5b3-1e8a-4f6c-9b0d-2a7e3c4d5f6a,3,2026-05-25T08:45:00+02:00,2026-05-25T08:50:00+02:00,5,office_stop,Frankfurt,,DE,office,Frankfurt,60311,DE,walking,none,none,,,,0.5,0.0,0.0,False,False,True,False,,1,Walk from office stop into the building.
11,c2d3e4f5-1111-2222-3333-444455556677,a6666666-6666-6666-6666-666666666666,f9c2d5b3-1e8a-4f6c-9b0d-2a7e3c4d5f6a,1,2026-05-25T17:35:00+02:00,2026-05-25T17:40:00+02:00,5,office,Frankfurt,60311,DE,s_bahn_station,Frankfurt,,DE,walking,none,none,,,,0.5,0.0,0.0,True,False,False,False,,0,Walk to S‑Bahn station after work.
12,d3e4f5g6-1111-2222-3333-444455556678,a6666666-6666-6666-6666-666666666666,f9c2d5b3-1e8a-4f6c-9b0d-2a7e3c4d5f6a,2,2026-05-25T17:40:00+02:00,2026-05-25T18:05:00+02:00,25,s_bahn_station,Frankfurt,,DE,home_stop,Frankfurt,,DE,public_transport,subscription,second_class,DB,S-Bahn,,7.0,0.0,0.35,False,True,False,False,,1,S‑Bahn ride home.
13,e4f5g6h7-1111-2222-3333-444455556679,a6666666-6666-6666-6666-666666666666,f9c2d5b3-1e8a-4f6c-9b0d-2a7e3c4d5f6a,3,2026-05-25T18:05:00+02:00,2026-05-25T18:10:00+02:00,5,home_stop,Frankfurt,,DE,home,Frankfurt,60311,DE,walking,none,none,,,,0.5,0.0,0.0,False,False,True,False,,1,Walk the last segment home.
14,f5g6h7i8-1111-2222-3333-444455556680,a7777777-7777-7777-7777-777777777777,f9c2d5b3-1e8a-4f6c-9b0d-2a7e3c4d5f6a,1,2026-05-25T18:45:00+02:00,2026-05-25T19:10:00+02:00,25,office,Frankfurt,60311,DE,gym,Frankfurt,,DE,bike_sharing,pay-as-you-go,none,swapfiets,,bike,2.0,2.5,0.04,False,True,False,False,,0,Ride shared bike from office to gym.
15,g6h7i9j0-1111-2222-3333-444455556681,a8888888-8888-8888-8888-888888888888,f9c2d5b3-1e8a-4f6c-9b0d-2a7e3c4d5f6a,1,2026-05-25T19:10:00+02:00,2026-05-25T19:30:00+02:00,20,gym,Frankfurt,,DE,home,Frankfurt,60311,DE,walking,none,none,,,,1.5,0.0,0.0,False,True,False,False,,0,Walk home after gym.
16,h7i8j9k0-1111-2222-3333-444455556682,a9999999-9999-9999-9999-999999999999,f9c2d5b3-1e8a-4f6c-9b0d-2a7e3c4d5f6a,1,2026-05-27T08:20:00+02:00,2026-05-27T08:25:00+02:00,5,home,Frankfurt,60311,DE,s_bahn_station,Frankfurt,,DE,walking,none,none,,,,0.5,0.0,0.0,True,False,False,False,,0,Walk to S‑Bahn station for the commute.
17,i8j9k0l1-1111-2222-3333-444455556683,a9999999-9999-9999-9999-999999999999,f9c2d5b3-1e8a-4f6c-9b0d-2a7e3c4d5f6a,2,2026-05-27T08:25:00+02:00,2026-05-27T08:50:00+02:00,25,s_bahn_station,Frankfurt,,DE,office_stop,Frankfurt,,DE,public_transport,subscription,second_class,DB,S-Bahn,,7.0,0.0,0.35,False,True,False,False,,1,S‑Bahn ride to office stop.
18,j9k0l1m2-1111-2222-3333-444455556684,a9999999-9999-9999-9999-999999999999,f9c2d5b3-1e8a-4f6c-9b0d-2a7e3c4d5f6a,3,2026-05-27T08:50:00+02:00,2026-05-27T08:55:00+02:00,5,office_stop,Frankfurt,,DE,office,Frankfurt,60311,DE,walking,none,none,,,,0.5,0.0,0.0,False,False,True,False,,1,Walk from stop into the office.
19,k0l1m2n3-1111-2222-3333-444455556685,b1111111-1111-1111-1111-111111111112,f9c2d5b3-1e8a-4f6c-9b0d-2a7e3c4d5f6a,1,2026-05-27T17:40:00+02:00,2026-05-27T17:45:00+02:00,5,office,Frankfurt,60311,DE,s_bahn_station,Frankfurt,,DE,walking,none,none,,,,0.5,0.0,0.0,True,False,False,False,,0,Walk to S‑Bahn station after work.
20,l1m2n3o4-1111-2222-3333-444455556686,b1111111-1111-1111-1111-111111111112,f9c2d5b3-1e8a-4f6c-9b0d-2a7e3c4d5f6a,2,2026-05-27T17:45:00+02:00,2026-05-27T18:10:00+02:00,25,s_bahn_station,Frankfurt,,DE,home_stop,Frankfurt,,DE,public_transport,subscription,second_class,DB,S-Bahn,,7.0,0.0,0.35,False,True,False,False,,1,S‑Bahn ride home.
21,m2n3o4p5-1111-2222-3333-444455556687,b1111111-1111-1111-1111-111111111112,f9c2d5b3-1e8a-4f6c-9b0d-2a7e3c4d5f6a,3,2026-05-27T18:10:00+02:00,2026-05-27T18:15:00+02:00,5,home_stop,Frankfurt,,DE,home,Frankfurt,60311,DE,walking,none,none,,,,0.5,0.0,0.0,False,False,True,False,,1,Walk the final segment to home.
22,n3o4p5q6-1111-2222-3333-444455556688,b2222222-2222-2222-2222-222222222223,f9c2d5b3-1e8a-4f6c-9b0d-2a7e3c4d5f6a,1,2026-05-27T19:00:00+02:00,2026-05-27T19:12:00+02:00,12,office,Frankfurt,60311,DE,restaurant,Frankfurt,,DE,e_scooter,pay-as-you-go,none,bolt,,e_scooter,3.0,3.0,0.09,False,True,False,False,,0,Ride e‑scooter from office to restaurant.
23,o4p5q6r7-1111-2222-3333-444455556689,b3333333-3333-3333-3333-333333333334,f9c2d5b3-1e8a-4f6c-9b0d-2a7e3c4d5f6a,1,2026-05-27T21:30:00+02:00,2026-05-27T21:45:00+02:00,15,restaurant,Frankfurt,,DE,home,Frankfurt,60311,DE,e_scooter,pay-as-you-go,none,bolt,,e_scooter,3.0,3.5,0.09,False,True,False,False,,0,Ride e‑scooter back home from restaurant.
0,e1a2b3c4-d5e6-7f8g-9h0i-j1k2l3m4n5o6,a1f2c3d4-1111-2222-3333-444455556666,f9c2d5b3-1e8a-4f6c-9b0d-2a7e3c4d5f6a,1,2026-05-28T19:00:00+02:00,2026-05-28T19:25:00+02:00,25,home,Frankfurt,60311,DE,restaurant,Frankfurt,,DE,e_scooter,pay-as-you-go,none,bolt,,e-scooter,4.0,3.8,0.12,False,True,False,False,,0,Derived from parent trip.
1,f2b3c4d5-e6f7-8g9h-0i1j-2k3l4m5n6o7p,b2e3f4a5-7777-8888-9999-aaaabbbbcccc,f9c2d5b3-1e8a-4f6c-9b0d-2a7e3c4d5f6a,1,2026-05-28T22:00:00+02:00,2026-05-28T22:20:00+02:00,20,restaurant,Frankfurt,,DE,home,Frankfurt,60311,DE,e_scooter,pay-as-you-go,none,bolt,,e-scooter,3.5,3.0,0.105,False,True,False,False,,0,Derived from parent trip.
2,a3b4c5d6-e7f8-9g0h-1i2j-3k4l5m6n7o8p,c3d4e5f6-1111-2222-3333-555566667777,f9c2d5b3-1e8a-4f6c-9b0d-2a7e3c4d5f6a,1,2026-05-29T10:00:00+02:00,2026-05-29T10:30:00+02:00,30,home,Frankfurt,60311,DE,market,Frankfurt,,DE,bike_sharing,pay-as-you-go,none,swapfiets,,bike,5.0,4.5,0.1,False,True,False,False,,0,Derived from parent trip.
3,b4c5d6e7-f8g9-0h1i-2j3k-4l5m6n7o8p9q,d4e5f6a7-8888-9999-aaaa-bbbbccccdddd,f9c2d5b3-1e8a-4f6c-9b0d-2a7e3c4d5f6a,1,2026-05-29T13:00:00+02:00,2026-05-29T13:15:00+02:00,15,market,Frankfurt,,DE,home,Frankfurt,60311,DE,walking,none,none,,,,1.0,0.0,0.0,False,True,False,False,,0,Derived from parent trip.
4,c5d6e7f8-g9h0-1i2j-3k4l-5m6n7o8p9q0r,e5f6a7b8-2222-3333-4444-eeeeffff0000,f9c2d5b3-1e8a-4f6c-9b0d-2a7e3c4d5f6a,1,2026-05-30T07:45:00+02:00,2026-05-30T07:50:00+02:00,5,home,Frankfurt,60311,DE,transit_stop,Frankfurt,,DE,walking,none,none,,,,0.5,0.0,0.0,True,False,False,False,,0,Derived from parent trip.
5,d6e7f8g9-h0i1-2j3k-4l5m-6n7o8p9q0r1s,e5f6a7b8-2222-3333-4444-eeeeffff0000,f9c2d5b3-1e8a-4f6c-9b0d-2a7e3c4d5f6a,2,2026-05-30T07:50:00+02:00,2026-05-30T08:15:00+02:00,25,transit_stop,Frankfurt,,DE,office_station,Frankfurt,,DE,public_transport,subscription,second_class,DB,S-Bahn,train,7.0,0.0,0.07,False,True,False,False,2.0,0,Derived from parent trip.
6,e7f8g9h0-i1j2-3k4l-5m6n-7o8p9q0r1s2t,e5f6a7b8-2222-3333-4444-eeeeffff0000,f9c2d5b3-1e8a-4f6c-9b0d-2a7e3c4d5f6a,3,2026-05-30T08:15:00+02:00,2026-05-30T08:20:00+02:00,5,office_station,Frankfurt,,DE,office,Frankfurt,60311,DE,walking,none,none,,,,0.5,0.0,0.0,False,False,True,False,,1,Derived from parent trip.
7,f8g9h0i1-j2k3-4l5m-6n7o-8p9q0r1s2t3u,f6a7b8c9-5555-6666-7777-111122223333,f9c2d5b3-1e8a-4f6c-9b0d-2a7e3c4d5f6a,1,2026-05-30T18:00:00+02:00,2026-05-30T18:04:00+02:00,4,office,Frankfurt,60311,DE,bike_sharing_station,Frankfurt,,DE,walking,none,none,,,,0.3,0.0,0.0,True,False,False,False,,0,Derived from parent trip.
8,g9h0i1j2-k3l4-5m6n-7o8p-9q0r1s2t3u4v,f6a7b8c9-5555-6666-7777-111122223333,f9c2d5b3-1e8a-4f6c-9b0d-2a7e3c4d5f6a,2,2026-05-30T18:04:00+02:00,2026-05-30T18:35:00+02:00,31,bike_sharing_station,Frankfurt,,DE,gym,Frankfurt,,DE,bike_sharing,pay-as-you-go,none,swapfiets,,bike,3.7,4.5,0.07,False,True,False,False,,0,Derived from parent trip.
9,h0i1j2k3-l4m5-6n7o-8p9q-0r1s2t3u4v5w,a7b8c9d0-9999-aaaa-bbbb-ccccddddeeee,f9c2d5b3-1e8a-4f6c-9b0d-2a7e3c4d5f6a,1,2026-05-31T12:30:00+02:00,2026-05-31T12:55:00+02:00,25,home,Frankfurt,60311,DE,supermarket,Frankfurt,,DE,bike_sharing,pay-as-you-go,none,swapfiets,,bike,3.0,3.75,0.06,False,True,False,False,,0,Derived from parent trip.
10,i1j2k3l4-m5n6-7o8p-9q0r-1s2t3u4v5w6x,b8c9d0e1-3333-4444-5555-666677778888,f9c2d5b3-1e8a-4f6c-9b0d-2a7e3c4d5f6a,1,2026-05-31T13:20:00+02:00,2026-05-31T13:35:00+02:00,15,supermarket,Frankfurt,,DE,home,Frankfurt,60311,DE,walking,none,none,,,,1.2,0.0,0.0,False,True,False,False,,0,Derived from parent trip.
11,j2k3l4m5-n6o7-8p9q-0r1s-2t3u4v5w6x7y,c9d0e1f2-7777-8888-9999-aaaa11112222,f9c2d5b3-1e8a-4f6c-9b0d-2a7e3c4d5f6a,1,2026-05-30T07:40:00+02:00,2026-05-30T07:45:00+02:00,5,home,Frankfurt,60311,DE,transit_stop,Frankfurt,,DE,walking,none,none,,,,0.5,0.0,0.0,True,False,False,False,,0,Derived from parent trip.
12,k3l4m5n6-o7p8-9q0r-1s2t-3u4v5w6x7y8z,c9d0e1f2-7777-8888-9999-aaaa11112222,f9c2d5b3-1e8a-4f6c-9b0d-2a7e3c4d5f6a,2,2026-05-30T07:45:00+02:00,2026-05-30T08:10:00+02:00,25,transit_stop,Frankfurt,,DE,office_station,Frankfurt,,DE,public_transport,subscription,second_class,DB,S-Bahn,train,7.0,0.0,0.07,False,True,False,False,2.0,0,Derived from parent trip.
13,l4m5n6o7-p8q9-0r1s-2t3u-4v5w6x7y8z9a,c9d0e1f2-7777-8888-9999-aaaa11112222,f9c2d5b3-1e8a-4f6c-9b0d-2a7e3c4d5f6a,3,2026-05-30T08:10:00+02:00,2026-05-30T08:15:00+02:00,5,office_station,Frankfurt,,DE,office,Frankfurt,60311,DE,walking,none,none,,,,0.5,0.0,0.0,False,False,True,False,,1,Derived from parent trip.
14,m5n6o7p8-q9r0-1s2t-3u4v-5w6x7y8z9a0b,d0e1f2a3-1111-2222-3333-444455556777,f9c2d5b3-1e8a-4f6c-9b0d-2a7e3c4d5f6a,1,2026-06-01T18:30:00+02:00,2026-06-01T19:00:00+02:00,30,office,Frankfurt,60311,DE,friend_home,Frankfurt,,DE,e_scooter,pay-as-you-go,none,bolt,,e-scooter,5.0,4.5,0.15,False,True,False,False,,0,Derived from parent trip.
15,n6o7p8q9-r0s1-2t3u-4v5w-6x7y8z9a0b1c,e1f2a3b4-5555-6666-7777-88889999aaaa,f9c2d5b3-1e8a-4f6c-9b0d-2a7e3c4d5f6a,1,2026-06-02T09:00:00+02:00,2026-06-02T09:30:00+02:00,30,home,Frankfurt,60311,DE,park,Frankfurt,,DE,walking,none,none,,,,2.0,0.0,0.0,False,True,False,False,,0,Derived from parent trip.
16,o7p8q9r0-s1t2-3u4v-5w6x-7y8z9a0b1c2d,f2a3b4c5-9999-aaaa-bbbb-ccccddddeeee,f9c2d5b3-1e8a-4f6c-9b0d-2a7e3c4d5f6a,1,2026-06-03T10:00:00+02:00,2026-06-03T10:05:00+02:00,5,home,Frankfurt,60311,DE,transit_stop,Frankfurt,,DE,walking,none,none,,,,0.5,0.0,0.0,True,False,False,False,,0,Derived from parent trip.
17,p8q9r0s1-t2u3-4v5w-6x7y-8z9a0b1c2d3e,f2a3b4c5-9999-aaaa-bbbb-ccccddddeeee,f9c2d5b3-1e8a-4f6c-9b0d-2a7e3c4d5f6a,2,2026-06-03T10:05:00+02:00,2026-06-03T10:23:00+02:00,18,transit_stop,Frankfurt,,DE,library_station,Frankfurt,,DE,public_transport,subscription,second_class,DB,S-Bahn,train,5.0,0.0,0.05,False,True,False,False,2.0,0,Derived from parent trip.
18,q9r0s1t2-u3v4-5w6x-7y8z-9a0b1c2d3e4f,f2a3b4c5-9999-aaaa-bbbb-ccccddddeeee,f9c2d5b3-1e8a-4f6c-9b0d-2a7e3c4d5f6a,3,2026-06-03T10:23:00+02:00,2026-06-03T10:25:00+02:00,2,library_station,Frankfurt,,DE,library,Frankfurt,,DE,walking,none,none,,,,0.5,0.0,0.0,False,False,True,False,,1,Derived from parent trip.
0,e1a2b3c4-1111-2222-3333-444455556671,a1b2c3d4-1111-2222-3333-444455556666,f9c2d5b3-1e8a-4f6c-9b0d-2a7e3c4d5f6a,1,2026-06-04T07:45:00+02:00,2026-06-04T07:50:00+02:00,5,home,Frankfurt,60311,DE,transit_stop,Frankfurt,,DE,walking,none,none,,,,0.5,0.0,0.0,True,False,False,False,,0,Access walk from home to S‑Bahn station.
1,f2b3c4d5-2222-3333-4444-555566667672,a1b2c3d4-1111-2222-3333-444455556666,f9c2d5b3-1e8a-4f6c-9b0d-2a7e3c4d5f6a,2,2026-06-04T07:50:00+02:00,2026-06-04T08:15:00+02:00,25,transit_stop,Frankfurt,,DE,transit_stop,Frankfurt,,DE,public_transport,subscription,second_class,DB,S-Bahn,,11.0,0.0,0.44,False,True,False,False,2.0,0,S‑Bahn ride covering the bulk of the commute.
2,a3c4d5e6-3333-4444-5555-666677778673,a1b2c3d4-1111-2222-3333-444455556666,f9c2d5b3-1e8a-4f6c-9b0d-2a7e3c4d5f6a,3,2026-06-04T08:15:00+02:00,2026-06-04T08:20:00+02:00,5,transit_stop,Frankfurt,,DE,office,Frankfurt,60313,DE,walking,none,none,,,,0.5,0.0,0.0,False,False,True,False,,0,Egress walk from station to office.
3,b4d5e6f7-4444-5555-6666-777788889674,b2c3d4e5-2222-3333-4444-555566667777,f9c2d5b3-1e8a-4f6c-9b0d-2a7e3c4d5f6a,1,2026-06-04T17:30:00+02:00,2026-06-04T17:35:00+02:00,5,office,Frankfurt,60313,DE,transit_stop,Frankfurt,,DE,walking,none,none,,,,0.5,0.0,0.0,True,False,False,False,,0,Walk from office to S‑Bahn station.
4,c5e6f7g8-5555-6666-7777-888899990675,b2c3d4e5-2222-3333-4444-555566667777,f9c2d5b3-1e8a-4f6c-9b0d-2a7e3c4d5f6a,2,2026-06-04T17:35:00+02:00,2026-06-04T18:00:00+02:00,25,transit_stop,Frankfurt,,DE,transit_stop,Frankfurt,,DE,public_transport,subscription,second_class,DB,S-Bahn,,11.0,0.0,0.44,False,True,False,False,2.0,0,S‑Bahn ride back home.
5,d6f7g8h9-6666-7777-8888-9999aaaab676,b2c3d4e5-2222-3333-4444-555566667777,f9c2d5b3-1e8a-4f6c-9b0d-2a7e3c4d5f6a,3,2026-06-04T18:00:00+02:00,2026-06-04T18:05:00+02:00,5,transit_stop,Frankfurt,,DE,home,Frankfurt,60311,DE,walking,none,none,,,,0.5,0.0,0.0,False,False,True,False,,0,Final walk home from station.
6,e7g8h9i0-7777-8888-9999-aaaabbbb677,c3d4e5f6-3333-4444-5555-666677778888,f9c2d5b3-1e8a-4f6c-9b0d-2a7e3c4d5f6a,1,2026-06-05T09:15:00+02:00,2026-06-05T09:27:00+02:00,12,home,Frankfurt,60311,DE,supermarket,Frankfurt,60322,DE,bike_sharing,pay-as-you-go,none,swapfiets,,bike,3.0,2.5,0.06,False,True,False,False,,0,Bike‑sharing ride to the supermarket.
7,f8h9i0j1-8888-9999-aaaa-bbbbcccc678,d4e5f6g7-4444-5555-6666-777788889999,f9c2d5b3-1e8a-4f6c-9b0d-2a7e3c4d5f6a,1,2026-06-05T12:45:00+02:00,2026-06-05T12:52:00+02:00,7,supermarket,Frankfurt,60322,DE,restaurant,Frankfurt,60323,DE,e_scooter,pay-as-you-go,none,bolt,,scooter,2.0,1.5,0.03,False,True,False,False,,0,Quick e‑scooter ride to lunch spot.
8,g9i0j1k2-9999-aaaa-bbbb-ccccdddd679,e5f6g7h8-5555-6666-7777-88889999aaaa,f9c2d5b3-1e8a-4f6c-9b0d-2a7e3c4d5f6a,1,2026-06-05T14:30:00+02:00,2026-06-05T14:42:00+02:00,12,restaurant,Frankfurt,60323,DE,friend_home,Frankfurt,60327,DE,e_scooter,pay-as-you-go,none,bolt,,scooter,1.5,1.2,0.02,False,True,False,False,,0,E‑scooter ride to friend's apartment.
9,h0j1k2l3-aaaa-bbbb-cccc-ddddeeeef680,f6g7h8i9-6666-7777-8888-9999aaaabbbb,f9c2d5b3-1e8a-4f6c-9b0d-2a7e3c4d5f6a,1,2026-06-05T18:00:00+02:00,2026-06-05T18:20:00+02:00,20,friend_home,Frankfurt,60327,DE,home,Frankfurt,60311,DE,walking,none,none,,,,2.0,0.0,0.0,False,True,False,False,,0,Walk home after social visit.
10,i1k2l3m4-bbbb-cccc-dddd-eeeeffff681,g7h8i9j0-7777-8888-9999-aaaabbbbcccc,f9c2d5b3-1e8a-4f6c-9b0d-2a7e3c4d5f6a,1,2026-06-06T10:00:00+02:00,2026-06-06T10:15:00+02:00,15,home,Frankfurt,60311,DE,gym,Frankfurt,60329,DE,bike_sharing,pay-as-you-go,none,swapfiets,,bike,4.0,3.0,0.08,False,True,False,False,,0,Bike‑sharing ride to the gym.
11,j2l3m4n5-cccc-dddd-eeee-ffff111182,h8i9j0k1-8888-9999-aaaa-bbbbccccdddd,f9c2d5b3-1e8a-4f6c-9b0d-2a7e3c4d5f6a,1,2026-06-06T12:30:00+02:00,2026-06-06T12:45:00+02:00,15,gym,Frankfurt,60329,DE,home,Frankfurt,60311,DE,bike_sharing,pay-as-you-go,none,swapfiets,,bike,4.0,3.0,0.08,False,True,False,False,,0,Bike‑sharing ride back home.
12,k3m4n5o6-dddd-eeee-ffff-111122223183,i9j0k1l2-9999-aaaa-bbbb-ccccddddeeee,f9c2d5b3-1e8a-4f6c-9b0d-2a7e3c4d5f6a,1,2026-06-07T13:00:00+02:00,2026-06-07T13:18:00+02:00,18,home,Frankfurt,60311,DE,farmer_market,Frankfurt,60331,DE,walking,none,none,,,,1.5,0.0,0.0,False,True,False,False,,0,Walk to the farmer's market.
13,l4n5o6p7-eeee-ffff-1111-222233334184,j0k1l2m3-aaaa-bbbb-cccc-ddddeeeeffff,f9c2d5b3-1e8a-4f6c-9b0d-2a7e3c4d5f6a,1,2026-06-07T13:45:00+02:00,2026-06-07T14:03:00+02:00,18,farmer_market,Frankfurt,60331,DE,home,Frankfurt,60311,DE,walking,none,none,,,,1.5,0.0,0.0,False,True,False,False,,0,Walk back home from the market.
14,m5o6p7q8-ffff-1111-2222-333344445185,k1l2m3n4-bbbb-cccc-dddd-eeeeffff1111,f9c2d5b3-1e8a-4f6c-9b0d-2a7e3c4d5f6a,1,2026-06-08T08:10:00+02:00,2026-06-08T08:15:00+02:00,5,home,Frankfurt,60311,DE,transit_stop,Frankfurt,,DE,walking,none,none,,,,0.5,0.0,0.0,True,False,False,False,,0,Walk to S‑Bahn station.
15,n6p7q8r9-1111-2222-3333-444455556186,k1l2m3n4-bbbb-cccc-dddd-eeeeffff1111,f9c2d5b3-1e8a-4f6c-9b0d-2a7e3c4d5f6a,2,2026-06-08T08:15:00+02:00,2026-06-08T08:35:00+02:00,20,transit_stop,Frankfurt,,DE,transit_stop,Frankfurt,,DE,public_transport,subscription,second_class,DB,S-Bahn,,11.0,0.0,0.44,False,True,False,False,2.0,0,S‑Bahn ride to office area.
16,o7q8r9s0-2222-3333-4444-555566667187,k1l2m3n4-bbbb-cccc-dddd-eeeeffff1111,f9c2d5b3-1e8a-4f6c-9b0d-2a7e3c4d5f6a,3,2026-06-08T08:35:00+02:00,2026-06-08T08:40:00+02:00,5,transit_stop,Frankfurt,,DE,office,Frankfurt,60313,DE,walking,none,none,,,,0.5,0.0,0.0,False,False,True,False,,0,Final walk to the office.
17,p8r9s0t1-3333-4444-5555-666677778288,l2m3n4o5-cccc-dddd-eeee-ffff11112222,f9c2d5b3-1e8a-4f6c-9b0d-2a7e3c4d5f6a,1,2026-06-08T17:20:00+02:00,2026-06-08T17:25:00+02:00,5,office,Frankfurt,60313,DE,transit_stop,Frankfurt,,DE,walking,none,none,,,,0.5,0.0,0.0,True,False,False,False,,0,Walk to S‑Bahn station.
18,q9s0t1u2-4444-5555-6666-777788889389,l2m3n4o5-cccc-dddd-eeee-ffff11112222,f9c2d5b3-1e8a-4f6c-9b0d-2a7e3c4d5f6a,2,2026-06-08T17:25:00+02:00,2026-06-08T17:45:00+02:00,20,transit_stop,Frankfurt,,DE,transit_stop,Frankfurt,,DE,public_transport,subscription,second_class,DB,S-Bahn,,11.0,0.0,0.44,False,True,False,False,2.0,0,S‑Bahn ride home.
19,r0t1u2v3-5555-6666-7777-888899990490,l2m3n4o5-cccc-dddd-eeee-ffff11112222,f9c2d5b3-1e8a-4f6c-9b0d-2a7e3c4d5f6a,3,2026-06-08T17:45:00+02:00,2026-06-08T17:50:00+02:00,5,transit_stop,Frankfurt,,DE,home,Frankfurt,60311,DE,walking,none,none,,,,0.5,0.0,0.0,False,False,True,False,,0,Final walk home from station.
0,leg-a1b2c3d4-1111-2222-3333-444455556666-1,a1b2c3d4-1111-2222-3333-444455556666,f9c2d5b3-1e8a-4f6c-9b0d-2a7e3c4d5f6a,1,2026-06-11T19:00:00+02:00,2026-06-11T19:20:00+02:00,20,home,Frankfurt,60311,DE,restaurant,Frankfurt,,DE,e_scooter,pay-as-you-go,none,bolt,,scooter,3.0,2.5,0.09,False,True,False,False,,0,Generated leg for e-scooter trip based on user subscription.
1,leg-a1b2c3d4-1111-2222-3333-444455556667-1,a1b2c3d4-1111-2222-3333-444455556667,f9c2d5b3-1e8a-4f6c-9b0d-2a7e3c4d5f6a,1,2026-06-11T21:30:00+02:00,2026-06-11T21:45:00+02:00,15,restaurant,Frankfurt,,DE,home,Frankfurt,60311,DE,walking,none,none,,,,2.0,0.0,0.0,False,True,False,False,,0,Walking leg for return from restaurant to home.
2,leg-a1b2c3d4-1111-2222-3333-444455556668-1,a1b2c3d4-1111-2222-3333-444455556668,f9c2d5b3-1e8a-4f6c-9b0d-2a7e3c4d5f6a,1,2026-06-12T10:00:00+02:00,2026-06-12T10:25:00+02:00,25,home,Frankfurt,60311,DE,supermarket,Frankfurt,,DE,bike_sharing,subscription,none,swapfiets,,bike,4.0,0.0,0.2,False,True,False,False,,0,Bike‑sharing leg for grocery run.
3,leg-a1b2c3d4-1111-2222-3333-444455556669-1,a1b2c3d4-1111-2222-3333-444455556669,f9c2d5b3-1e8a-4f6c-9b0d-2a7e3c4d5f6a,1,2026-06-12T10:45:00+02:00,2026-06-12T11:00:00+02:00,15,supermarket,Frankfurt,,DE,home,Frankfurt,60311,DE,walking,none,none,,,,4.0,0.0,0.0,False,True,False,False,,0,Walking leg back home after shopping.
4,leg-a1b2c3d4-1111-2222-3333-444455556670-1,a1b2c3d4-1111-2222-3333-444455556670,f9c2d5b3-1e8a-4f6c-9b0d-2a7e3c4d5f6a,1,2026-06-13T07:30:00+02:00,2026-06-13T08:00:00+02:00,30,home,Frankfurt,60311,DE,gym,Frankfurt,,DE,bike_sharing,subscription,none,swapfiets,,bike,5.0,0.0,0.25,False,True,False,False,,0,Bike‑sharing leg to gym.
5,leg-a1b2c3d4-1111-2222-3333-444455556671-1,a1b2c3d4-1111-2222-3333-444455556671,f9c2d5b3-1e8a-4f6c-9b0d-2a7e3c4d5f6a,1,2026-06-13T08:45:00+02:00,2026-06-13T09:10:00+02:00,25,gym,Frankfurt,,DE,home,Frankfurt,60311,DE,walking,none,none,,,,5.0,0.0,0.0,False,True,False,False,,0,Walking leg back home after gym.
6,leg-a1b2c3d4-1111-2222-3333-444455556672-1,a1b2c3d4-1111-2222-3333-444455556672,f9c2d5b3-1e8a-4f6c-9b0d-2a7e3c4d5f6a,1,2026-06-13T18:30:00+02:00,2026-06-13T18:45:00+02:00,15,home,Frankfurt,60311,DE,friend_home,Frankfurt,,DE,e_scooter,pay-as-you-go,none,bolt,,scooter,3.0,2.5,0.09,False,True,False,False,,0,E‑scooter leg for social visit.
7,leg-a1b2c3d4-1111-2222-3333-444455556673-1,a1b2c3d4-1111-2222-3333-444455556673,f9c2d5b3-1e8a-4f6c-9b0d-2a7e3c4d5f6a,1,2026-06-13T20:30:00+02:00,2026-06-13T20:50:00+02:00,20,friend_home,Frankfurt,,DE,home,Frankfurt,60311,DE,walking,none,none,,,,3.0,0.0,0.0,False,True,False,False,,0,Walking leg returning home.
8,leg-a1b2c3d4-1111-2222-3333-444455556674-1,a1b2c3d4-1111-2222-3333-444455556674,f9c2d5b3-1e8a-4f6c-9b0d-2a7e3c4d5f6a,1,2026-06-14T08:30:00+02:00,2026-06-14T08:35:00+02:00,5,home,Frankfurt,60311,DE,transit_stop,Frankfurt,,DE,walking,none,none,,,,0.5,0.0,0.0,True,False,False,False,,0,Walking access to S‑Bahn.
9,leg-a1b2c3d4-1111-2222-3333-444455556674-2,a1b2c3d4-1111-2222-3333-444455556674,f9c2d5b3-1e8a-4f6c-9b0d-2a7e3c4d5f6a,2,2026-06-14T08:35:00+02:00,2026-06-14T09:10:00+02:00,35,transit_stop,Frankfurt,,DE,office_stop,Frankfurt,,DE,public_transport,subscription,second_class,DB,S-Bahn,train,9.0,0.0,0.36,False,True,False,False,2.0,0,Public‑transport leg covered by Deutschlandticket.
10,leg-a1b2c3d4-1111-2222-3333-444455556674-3,a1b2c3d4-1111-2222-3333-444455556674,f9c2d5b3-1e8a-4f6c-9b0d-2a7e3c4d5f6a,3,2026-06-14T09:10:00+02:00,2026-06-14T09:15:00+02:00,5,office_stop,Frankfurt,,DE,office,Frankfurt,,DE,walking,none,none,,,,0.5,0.0,0.0,False,False,True,False,,0,Walking egress from S‑Bahn to office.
11,leg-a1b2c3d4-1111-2222-3333-444455556675-1,a1b2c3d4-1111-2222-3333-444455556675,f9c2d5b3-1e8a-4f6c-9b0d-2a7e3c4d5f6a,1,2026-06-14T17:30:00+02:00,2026-06-14T17:35:00+02:00,5,office,Frankfurt,,DE,transit_stop,Frankfurt,,DE,walking,none,none,,,,0.5,0.0,0.0,True,False,False,False,,0,Walking access to S‑Bahn after work.
12,leg-a1b2c3d4-1111-2222-3333-444455556675-2,a1b2c3d4-1111-2222-3333-444455556675,f9c2d5b3-1e8a-4f6c-9b0d-2a7e3c4d5f6a,2,2026-06-14T17:35:00+02:00,2026-06-14T18:10:00+02:00,35,transit_stop,Frankfurt,,DE,home_stop,Frankfurt,,DE,public_transport,subscription,second_class,DB,S-Bahn,train,9.0,0.0,0.36,False,True,False,False,2.0,0,Public‑transport leg covered by Deutschlandticket.
13,leg-a1b2c3d4-1111-2222-3333-444455556675-3,a1b2c3d4-1111-2222-3333-444455556675,f9c2d5b3-1e8a-4f6c-9b0d-2a7e3c4d5f6a,3,2026-06-14T18:10:00+02:00,2026-06-14T18:15:00+02:00,5,home_stop,Frankfurt,,DE,home,Frankfurt,60311,DE,walking,none,none,,,,0.5,0.0,0.0,False,False,True,False,,0,Walking egress from S‑Bahn to home.
14,leg-a1b2c3d4-1111-2222-3333-444455556676-1,a1b2c3d4-1111-2222-3333-444455556676,f9c2d5b3-1e8a-4f6c-9b0d-2a7e3c4d5f6a,1,2026-06-15T12:00:00+02:00,2026-06-15T12:03:00+02:00,3,home,Frankfurt,60311,DE,transit_stop,Frankfurt,,DE,walking,none,none,,,,0.3,0.0,0.0,True,False,False,False,,0,Walking access to public‑transport for library visit.
15,leg-a1b2c3d4-1111-2222-3333-444455556676-2,a1b2c3d4-1111-2222-3333-444455556676,f9c2d5b3-1e8a-4f6c-9b0d-2a7e3c4d5f6a,2,2026-06-15T12:03:00+02:00,2026-06-15T12:17:00+02:00,14,transit_stop,Frankfurt,,DE,library_stop,Frankfurt,,DE,public_transport,subscription,second_class,DB,U-Bahn,train,4.4,0.0,0.176,False,True,False,False,2.0,0,Public‑transport leg to library covered by Deutschlandticket.
16,leg-a1b2c3d4-1111-2222-3333-444455556676-3,a1b2c3d4-1111-2222-3333-444455556676,f9c2d5b3-1e8a-4f6c-9b0d-2a7e3c4d5f6a,3,2026-06-15T12:17:00+02:00,2026-06-15T12:20:00+02:00,3,library_stop,Frankfurt,,DE,library,Frankfurt,,DE,walking,none,none,,,,0.3,0.0,0.0,False,False,True,False,,0,Walking egress from public‑transport to library.
17,leg-a1b2c3d4-1111-2222-3333-444455556677-1,a1b2c3d4-1111-2222-3333-444455556677,f9c2d5b3-1e8a-4f6c-9b0d-2a7e3c4d5f6a,1,2026-06-15T12:40:00+02:00,2026-06-15T12:50:00+02:00,10,library,Frankfurt,,DE,transit_stop,Frankfurt,,DE,walking,none,none,,,,0.3,0.0,0.0,True,False,False,False,,0,Walking access to public‑transport for return home.
18,leg-a1b2c3d4-1111-2222-3333-444455556677-2,a1b2c3d4-1111-2222-3333-444455556677,f9c2d5b3-1e8a-4f6c-9b0d-2a7e3c4d5f6a,2,2026-06-15T12:50:00+02:00,2026-06-15T13:00:00+02:00,10,transit_stop,Frankfurt,,DE,home,Frankfurt,60311,DE,walking,none,none,,,,0.3,0.0,0.0,False,True,False,False,,0,Walking leg back home after library visit.
0,leg-001a2b3c-4d5e-6f7g-8h9i-0j1k2l3m4n5o,c1a2b3c4-1111-2222-3333-444455556666,f9c2d5b3-1e8a-4f6c-9b0d-2a7e3c4d5f6a,1,2026-06-18T08:30:00Z,2026-06-18T08:50:00Z,20,home,Frankfurt,60311,DE,cafe,Frankfurt,,DE,walking,none,none,,,,1.5,0.0,0.0,False,True,False,False,,0,"Morning coffee break, walked to nearby cafe."
1,leg-002b3c4d-5e6f-7g8h-9i0j-1k2l3m4n5o6p,c2b3d4e5-1111-2222-3333-444455556667,f9c2d5b3-1e8a-4f6c-9b0d-2a7e3c4d5f6a,1,2026-06-18T18:00:00Z,2026-06-18T18:10:00Z,10,home,Frankfurt,60311,DE,gym,Frankfurt,,DE,bike_sharing,pay-as-you-go,none,swapfiets,,,3.0,1.5,0.15,False,True,False,False,,0,"Evening workout, used bike sharing."
2,leg-003c4d5e-6f7g-8h9i-0j1k-2l3m4n5o6p7q,c3c4d5e6-1111-2222-3333-444455556668,f9c2d5b3-1e8a-4f6c-9b0d-2a7e3c4d5f6a,1,2026-06-19T10:00:00Z,2026-06-19T10:08:00Z,8,home,Frankfurt,60311,DE,supermarket,Frankfurt,,DE,bike_sharing,pay-as-you-go,none,swapfiets,,,2.0,1.0,0.1,False,True,False,False,,0,Weekly grocery shopping using bike sharing.
3,leg-004d5e6f-7g8h-9i0j-1k2l-3m4n5o6p7q8r,c4d5e6f7-1111-2222-3333-444455556669,f9c2d5b3-1e8a-4f6c-9b0d-2a7e3c4d5f6a,1,2026-06-19T15:00:00Z,2026-06-19T15:09:00Z,9,home,Frankfurt,60311,DE,park,Frankfurt,,DE,e_scooter,pay-as-you-go,none,bolt,,,3.0,2.0,0.21,False,True,False,False,,0,"Afternoon walk in the park, traveled by e‑scooter."
4,leg-005e6f7g-8h9i-0j1k-2l3m-4n5o6p7q8r9s,c5e6f7g8-1111-2222-3333-444455556670,f9c2d5b3-1e8a-4f6c-9b0d-2a7e3c4d5f6a,1,2026-06-20T16:30:00Z,2026-06-20T16:42:00Z,12,home,Frankfurt,60311,DE,restaurant,Frankfurt,,DE,e_scooter,pay-as-you-go,none,bolt,,,4.0,2.5,0.28,False,True,False,False,,0,"Dinner with friends, used e‑scooter for quick city travel."
5,leg-006f7g8h-9i0j-1k2l-3m4n-5o6p7q8r9s0t,c6f7g8h9-1111-2222-3333-444455556671,f9c2d5b3-1e8a-4f6c-9b0d-2a7e3c4d5f6a,1,2026-06-21T08:15:00Z,2026-06-21T08:20:00Z,5,home,Frankfurt,60311,DE,transit_stop,Frankfurt,,DE,walking,none,none,,,,0.5,0.0,0.0,True,False,False,False,,0,Walking to S‑Bahn station as part of commute.
6,leg-007g8h9i-0j1k-2l3m-4n5o-6p7q8r9s0t1u,c6f7g8h9-1111-2222-3333-444455556671,f9c2d5b3-1e8a-4f6c-9b0d-2a7e3c4d5f6a,2,2026-06-21T08:20:00Z,2026-06-21T08:30:00Z,10,transit_stop,Frankfurt,,DE,transit_stop,Frankfurt,,DE,public_transport,subscription,second_class,DB,S-Bahn,,4.0,0.0,0.16,False,True,False,False,2.0,0,Public transport segment of commute.
7,leg-008h9i0j-1k2l-3m4n-5o6p-7q8r9s0t1u2v,c6f7g8h9-1111-2222-3333-444455556671,f9c2d5b3-1e8a-4f6c-9b0d-2a7e3c4d5f6a,3,2026-06-21T08:30:00Z,2026-06-21T08:35:00Z,5,transit_stop,Frankfurt,,DE,office,Frankfurt,60311,DE,walking,none,none,,,,0.5,0.0,0.0,False,False,True,False,,0,Walking from S‑Bahn station to office.
8,leg-009i0j1k-2l3m-4n5o-6p7q-8r9s0t1u2v3w,c7g8h9i0-1111-2222-3333-444455556672,f9c2d5b3-1e8a-4f6c-9b0d-2a7e3c4d5f6a,1,2026-06-21T17:45:00Z,2026-06-21T17:50:00Z,5,office,Frankfurt,60311,DE,transit_stop,Frankfurt,,DE,walking,none,none,,,,0.5,0.0,0.0,True,False,False,False,,0,Walking to S‑Bahn station after work.
9,leg-010j1k2l-3m4n-5o6p-7q8r-9s0t1u2v3w4x,c7g8h9i0-1111-2222-3333-444455556672,f9c2d5b3-1e8a-4f6c-9b0d-2a7e3c4d5f6a,2,2026-06-21T17:50:00Z,2026-06-21T18:02:00Z,12,transit_stop,Frankfurt,,DE,transit_stop,Frankfurt,,DE,public_transport,subscription,second_class,DB,S-Bahn,,4.0,0.0,0.16,False,True,False,False,2.0,0,Public transport segment of return commute.
10,leg-011k2l3m-4n5o-6p7q-8r9s-0t1u2v3w4x5y,c7g8h9i0-1111-2222-3333-444455556672,f9c2d5b3-1e8a-4f6c-9b0d-2a7e3c4d5f6a,3,2026-06-21T18:02:00Z,2026-06-21T18:07:00Z,5,transit_stop,Frankfurt,,DE,home,Frankfurt,60311,DE,walking,none,none,,,,0.5,0.0,0.0,False,False,True,False,,0,Walking from S‑Bahn station to home.
11,leg-012l3m4n-5o6p-7q8r-9s0t-1u2v3w4x5y6z,c8h9i0j1-1111-2222-3333-444455556673,f9c2d5b3-1e8a-4f6c-9b0d-2a7e3c4d5f6a,1,2026-06-22T09:30:00Z,2026-06-22T09:55:00Z,25,home,Frankfurt,60311,DE,library,Frankfurt,,DE,walking,none,none,,,,2.0,0.0,0.0,False,True,False,False,,0,"Mid‑morning run to library for document pickup, walked."
12,leg-013m4n5o-6p7q-8r9s-0t1u-2v3w4x5y6z7a,c9i0j1k2-1111-2222-3333-444455556674,f9c2d5b3-1e8a-4f6c-9b0d-2a7e3c4d5f6a,1,2026-06-23T08:20:00Z,2026-06-23T08:25:00Z,5,home,Frankfurt,60311,DE,transit_stop,Frankfurt,,DE,walking,none,none,,,,0.5,0.0,0.0,True,False,False,False,,0,Walking to S‑Bahn station for commute.
13,leg-014n5o6p-7q8r-9s0t-1u2v-3w4x5y6z7a8b,c9i0j1k2-1111-2222-3333-444455556674,f9c2d5b3-1e8a-4f6c-9b0d-2a7e3c4d5f6a,2,2026-06-23T08:25:00Z,2026-06-23T08:35:00Z,10,transit_stop,Frankfurt,,DE,transit_stop,Frankfurt,,DE,public_transport,subscription,second_class,DB,S-Bahn,,4.0,0.0,0.16,False,True,False,False,2.0,0,Public transport segment of commute.
14,leg-015o6p7q-8r9s-0t1u-2v3w-4x5y6z7a8b9c,c9i0j1k2-1111-2222-3333-444455556674,f9c2d5b3-1e8a-4f6c-9b0d-2a7e3c4d5f6a,3,2026-06-23T08:35:00Z,2026-06-23T08:40:00Z,5,transit_stop,Frankfurt,,DE,office,Frankfurt,60311,DE,walking,none,none,,,,0.5,0.0,0.0,False,False,True,False,,0,Walking from S‑Bahn station to office.
15,leg-016p7q8r-9s0t-1u2v-3w4x-5y6z7a8b9c0d,c0j1k2l3-1111-2222-3333-444455556675,f9c2d5b3-1e8a-4f6c-9b0d-2a7e3c4d5f6a,1,2026-06-23T18:10:00Z,2026-06-23T18:15:00Z,5,office,Frankfurt,60311,DE,transit_stop,Frankfurt,,DE,walking,none,none,,,,0.5,0.0,0.0,True,False,False,False,,0,Walking to S‑Bahn station after work.
16,leg-017q8r9s-0t1u-2v3w-4x5y-6z7a8b9c0d1e,c0j1k2l3-1111-2222-3333-444455556675,f9c2d5b3-1e8a-4f6c-9b0d-2a7e3c4d5f6a,2,2026-06-23T18:15:00Z,2026-06-23T18:28:00Z,13,transit_stop,Frankfurt,,DE,transit_stop,Frankfurt,,DE,public_transport,subscription,second_class,DB,S-Bahn,,4.0,0.0,0.16,False,True,False,False,2.0,0,Public transport segment of return commute.
17,leg-018r9s0t-1u2v-3w4x-5y6z-7a8b9c0d1e2f,c0j1k2l3-1111-2222-3333-444455556675,f9c2d5b3-1e8a-4f6c-9b0d-2a7e3c4d5f6a,3,2026-06-23T18:28:00Z,2026-06-23T18:33:00Z,5,transit_stop,Frankfurt,,DE,home,Frankfurt,60311,DE,walking,none,none,,,,0.5,0.0,0.0,False,False,True,False,,0,Walking from S‑Bahn station to home.
18,leg-019s0t1u-2v3w-4x5y-6z7a-8b9c0d1e2f3g,c1k2l3m4-1111-2222-3333-444455556676,f9c2d5b3-1e8a-4f6c-9b0d-2a7e3c4d5f6a,1,2026-06-24T08:10:00Z,2026-06-24T08:15:00Z,5,home,Frankfurt,60311,DE,transit_stop,Frankfurt,,DE,walking,none,none,,,,0.5,0.0,0.0,True,False,False,False,,0,Walking to S‑Bahn station for morning commute.
19,leg-020t1u2v-3w4x-5y6z-7a8b-9c0d1e2f3g4h,c1k2l3m4-1111-2222-3333-444455556676,f9c2d5b3-1e8a-4f6c-9b0d-2a7e3c4d5f6a,2,2026-06-24T08:15:00Z,2026-06-24T08:24:00Z,9,transit_stop,Frankfurt,,DE,transit_stop,Frankfurt,,DE,public_transport,subscription,second_class,DB,S-Bahn,,4.0,0.0,0.16,False,True,False,False,2.0,0,Public transport segment of commute.
20,leg-021u2v3w-4x5y-6z7a-8b9c-0d1e2f3g4h5i,c1k2l3m4-1111-2222-3333-444455556676,f9c2d5b3-1e8a-4f6c-9b0d-2a7e3c4d5f6a,3,2026-06-24T08:24:00Z,2026-06-24T08:29:00Z,5,transit_stop,Frankfurt,,DE,office,Frankfurt,60311,DE,walking,none,none,,,,0.5,0.0,0.0,False,False,True,False,,0,Walking from S‑Bahn station to office.
21,leg-022v3w4x-5y6z-7a8b-9c0d-1e2f3g4h5i6j,c2l3m4n5-1111-2222-3333-444455556677,f9c2d5b3-1e8a-4f6c-9b0d-2a7e3c4d5f6a,1,2026-06-24T18:20:00Z,2026-06-24T18:25:00Z,5,office,Frankfurt,60311,DE,transit_stop,Frankfurt,,DE,walking,none,none,,,,0.5,0.0,0.0,True,False,False,False,,0,Walking to S‑Bahn station after work.
22,leg-023w4x5y-6z7a-8b9c-0d1e-2f3g4h5i6j7k,c2l3m4n5-1111-2222-3333-444455556677,f9c2d5b3-1e8a-4f6c-9b0d-2a7e3c4d5f6a,2,2026-06-24T18:25:00Z,2026-06-24T18:36:00Z,11,transit_stop,Frankfurt,,DE,transit_stop,Frankfurt,,DE,public_transport,subscription,second_class,DB,S-Bahn,,4.0,0.0,0.16,False,True,False,False,2.0,0,Public transport segment of return commute.
23,leg-024x5y6z-7a8b-9c0d-1e2f-3g4h5i6j7k8l,c2l3m4n5-1111-2222-3333-444455556677,f9c2d5b3-1e8a-4f6c-9b0d-2a7e3c4d5f6a,3,2026-06-24T18:36:00Z,2026-06-24T18:41:00Z,5,transit_stop,Frankfurt,,DE,home,Frankfurt,60311,DE,walking,none,none,,,,0.5,0.0,0.0,False,False,True,False,,0,Walking from S‑Bahn station to home.
0,d1a2b3c4-1111-2222-3333-444455556670,a1b2c3d4-1111-2222-3333-444455556666,f9c2d5b3-1e8a-4f6c-9b0d-2a7e3c4d5f6a,1,2026-06-25T09:00:00+02:00,2026-06-25T09:02:00+02:00,2,home,Frankfurt,60311,DE,bike_sharing_station,Frankfurt,,DE,walking,none,none,,,,0.1,0.0,0.0,True,False,False,False,,0,Walk from home to bike sharing station.
1,d1a2b3c4-1111-2222-3333-444455556671,a1b2c3d4-1111-2222-3333-444455556666,f9c2d5b3-1e8a-4f6c-9b0d-2a7e3c4d5f6a,2,2026-06-25T09:02:00+02:00,2026-06-25T09:17:00+02:00,15,bike_sharing_station,Frankfurt,,DE,market,Frankfurt,,DE,bike_sharing,subscription,none,swapfiets,,bike,2.8,0.0,0.056,False,True,False,False,,0,Bike sharing ride from station to market.
2,d1a2b3c4-1111-2222-3333-444455556672,a1b2c3d4-1111-2222-3333-444455556666,f9c2d5b3-1e8a-4f6c-9b0d-2a7e3c4d5f6a,3,2026-06-25T09:17:00+02:00,2026-06-25T09:20:00+02:00,3,market,Frankfurt,,DE,home,Frankfurt,60311,DE,walking,none,none,,,,0.1,0.0,0.0,False,False,True,False,,1,Walk from market back to home.
3,e2b3c4d5-2222-3333-4444-555566667777,b2c3d4e5-2222-3333-4444-555566667777,f9c2d5b3-1e8a-4f6c-9b0d-2a7e3c4d5f6a,1,2026-06-25T09:30:00+02:00,2026-06-25T09:45:00+02:00,15,market,Frankfurt,,DE,home,Frankfurt,60311,DE,walking,none,none,,,,0.5,0.0,0.0,False,True,False,False,,0,Walk from market back to home.
4,f3c4d5e6-3333-4444-5555-666677778888,c3d4e5f6-3333-4444-5555-666677778888,f9c2d5b3-1e8a-4f6c-9b0d-2a7e3c4d5f6a,1,2026-06-25T12:30:00+02:00,2026-06-25T12:45:00+02:00,15,home,Frankfurt,60311,DE,cafe,Frankfurt,,DE,e_scooter,pay-as-you-go,none,bolt,,e-scooter,2.0,3.0,0.06,False,True,False,False,,0,E‑scooter ride from home to cafe.
5,g4d5e6f7-4444-5555-6666-777788889999,d4e5f6g7-4444-5555-6666-777788889999,f9c2d5b3-1e8a-4f6c-9b0d-2a7e3c4d5f6a,1,2026-06-25T13:30:00+02:00,2026-06-25T13:45:00+02:00,15,cafe,Frankfurt,,DE,home,Frankfurt,60311,DE,walking,none,none,,,,0.5,0.0,0.0,False,True,False,False,,0,Walk from cafe back home.
6,h5e6f7g8-5555-6666-7777-88889999aaaa,e5f6g7h8-5555-6666-7777-88889999aaaa,f9c2d5b3-1e8a-4f6c-9b0d-2a7e3c4d5f6a,1,2026-06-26T10:00:00+02:00,2026-06-26T10:05:00+02:00,5,home,Frankfurt,60311,DE,transit_stop,Frankfurt,,DE,walking,none,none,,,,0.3,0.0,0.0,True,False,False,False,,0,Walk from home to public transport stop.
7,i6f7g8h9-6666-7777-8888-9999aaaabbbb,e5f6g7h8-5555-6666-7777-88889999aaaa,f9c2d5b3-1e8a-4f6c-9b0d-2a7e3c4d5f6a,2,2026-06-26T10:05:00+02:00,2026-06-26T10:40:00+02:00,35,transit_stop,Frankfurt,,DE,transit_stop,Frankfurt,,DE,public_transport,subscription,second_class,DB,S-Bahn,train,7.5,0.0,0.3,False,True,False,False,2.0,0,S‑Bahn ride to park area.
8,j7g8h9i0-7777-8888-9999-aaaabbbbcccc,e5f6g7h8-5555-6666-7777-88889999aaaa,f9c2d5b3-1e8a-4f6c-9b0d-2a7e3c4d5f6a,3,2026-06-26T10:40:00+02:00,2026-06-26T10:45:00+02:00,5,transit_stop,Frankfurt,,DE,park,Frankfurt,,DE,walking,none,none,,,,0.2,0.0,0.0,False,False,True,False,,1,Walk from transit stop to park.
9,k8h9i0j1-8888-9999-aaaa-bbbbccccdddd,f6g7h8i9-6666-7777-8888-9999aaaabbbb,f9c2d5b3-1e8a-4f6c-9b0d-2a7e3c4d5f6a,1,2026-06-26T12:00:00+02:00,2026-06-26T12:02:00+02:00,2,park,Frankfurt,,DE,transit_stop,Frankfurt,,DE,walking,none,none,,,,0.2,0.0,0.0,True,False,False,False,,0,Walk from park to public transport stop.
10,l9i0j1k2-9999-aaaa-bbbb-ccccddddeeee,f6g7h8i9-6666-7777-8888-9999aaaabbbb,f9c2d5b3-1e8a-4f6c-9b0d-2a7e3c4d5f6a,2,2026-06-26T12:02:00+02:00,2026-06-26T12:17:00+02:00,15,transit_stop,Frankfurt,,DE,transit_stop,Frankfurt,,DE,public_transport,subscription,second_class,DB,S-Bahn,train,7.6,0.0,0.304,False,True,False,False,2.0,0,S‑Bahn ride back towards home.
11,m0j1k2l3-aaaa-bbbb-cccc-ddddeeeeffff,f6g7h8i9-6666-7777-8888-9999aaaabbbb,f9c2d5b3-1e8a-4f6c-9b0d-2a7e3c4d5f6a,3,2026-06-26T12:17:00+02:00,2026-06-26T12:20:00+02:00,3,transit_stop,Frankfurt,,DE,home,Frankfurt,60311,DE,walking,none,none,,,,0.2,0.0,0.0,False,False,True,False,,1,Walk from transit stop to home.
12,n1k2l3m4-bbbb-cccc-dddd-eeeeffff1111,g7h8i9j0-7777-8888-9999-aaaabbbbcccc,f9c2d5b3-1e8a-4f6c-9b0d-2a7e3c4d5f6a,1,2026-06-27T11:00:00+02:00,2026-06-27T11:15:00+02:00,15,home,Frankfurt,60311,DE,pharmacy,Frankfurt,,DE,walking,none,none,,,,1.0,0.0,0.0,False,True,False,False,,0,Walk to pharmacy.
13,o2l3m4n5-cccc-dddd-eeee-ffff11112222,h8i9j0k1-8888-9999-aaaa-bbbbccccdddd,f9c2d5b3-1e8a-4f6c-9b0d-2a7e3c4d5f6a,1,2026-06-27T11:30:00+02:00,2026-06-27T11:45:00+02:00,15,pharmacy,Frankfurt,,DE,home,Frankfurt,60311,DE,walking,none,none,,,,1.0,0.0,0.0,False,True,False,False,,0,Walk back home from pharmacy.
14,p3m4n5o6-9999-aaaa-bbbb-ccccddddeeee,i9j0k1l2-9999-aaaa-bbbb-ccccddddeeee,f9c2d5b3-1e8a-4f6c-9b0d-2a7e3c4d5f6a,1,2026-06-28T08:30:00+02:00,2026-06-28T08:34:00+02:00,4,home,Frankfurt,60311,DE,transit_stop,Frankfurt,,DE,walking,none,none,,,,0.3,0.0,0.0,True,False,False,False,,0,Walk to S‑Bahn stop.
15,q4n5o6p7-aaaa-bbbb-cccc-ddddeeeeffff,i9j0k1l2-9999-aaaa-bbbb-ccccddddeeee,f9c2d5b3-1e8a-4f6c-9b0d-2a7e3c4d5f6a,2,2026-06-28T08:34:00+02:00,2026-06-28T08:49:00+02:00,15,transit_stop,Frankfurt,,DE,transit_stop,Frankfurt,,DE,public_transport,subscription,second_class,DB,S-Bahn,train,5.5,0.0,0.22,False,True,False,False,2.0,0,S‑Bahn ride to office area.
16,r5o6p7q8-bbbb-cccc-dddd-eeeeffff1111,i9j0k1l2-9999-aaaa-bbbb-ccccddddeeee,f9c2d5b3-1e8a-4f6c-9b0d-2a7e3c4d5f6a,3,2026-06-28T08:49:00+02:00,2026-06-28T08:55:00+02:00,6,transit_stop,Frankfurt,,DE,office,Frankfurt,60311,DE,walking,none,none,,,,0.2,0.0,0.0,False,False,True,False,,1,Walk from S‑Bahn stop to office.
17,s6p7q8r9-cccc-dddd-eeee-ffff11112222,j0k1l2m3-aaaa-bbbb-cccc-ddddeeeeffff,f9c2d5b3-1e8a-4f6c-9b0d-2a7e3c4d5f6a,1,2026-06-28T17:30:00+02:00,2026-06-28T17:36:00+02:00,6,office,Frankfurt,60311,DE,transit_stop,Frankfurt,,DE,walking,none,none,,,,0.2,0.0,0.0,True,False,False,False,,0,Walk from office to S‑Bahn stop.
18,t7q8r9s0-dddd-eeee-ffff-111122223333,j0k1l2m3-aaaa-bbbb-cccc-ddddeeeeffff,f9c2d5b3-1e8a-4f6c-9b0d-2a7e3c4d5f6a,2,2026-06-28T17:36:00+02:00,2026-06-28T17:51:00+02:00,15,transit_stop,Frankfurt,,DE,transit_stop,Frankfurt,,DE,public_transport,subscription,second_class,DB,S-Bahn,train,5.5,0.0,0.22,False,True,False,False,2.0,0,S‑Bahn ride home.
19,u8r9s0t1-eeee-ffff-1111-222233334444,j0k1l2m3-aaaa-bbbb-cccc-ddddeeeeffff,f9c2d5b3-1e8a-4f6c-9b0d-2a7e3c4d5f6a,3,2026-06-28T17:51:00+02:00,2026-06-28T17:55:00+02:00,4,transit_stop,Frankfurt,,DE,home,Frankfurt,60311,DE,walking,none,none,,,,0.3,0.0,0.0,False,False,True,False,,1,Walk from S‑Bahn stop to home.
20,v9s0t1u2-ffff-1111-2222-333344445555,k1l2m3n4-bbbb-cccc-dddd-eeeeffff1111,f9c2d5b3-1e8a-4f6c-9b0d-2a7e3c4d5f6a,1,2026-06-29T18:00:00+02:00,2026-06-29T18:15:00+02:00,15,home,Frankfurt,60311,DE,friend_home,Frankfurt,,DE,e_scooter,pay-as-you-go,none,bolt,,e-scooter,3.0,4.5,0.09,False,True,False,False,,0,E‑scooter ride to friend's home.
21,w0t1u2v3-1111-2222-3333-444455556677,l2m3n4o5-cccc-dddd-eeee-ffff11112222,f9c2d5b3-1e8a-4f6c-9b0d-2a7e3c4d5f6a,1,2026-06-29T20:00:00+02:00,2026-06-29T20:15:00+02:00,15,friend_home,Frankfurt,,DE,home,Frankfurt,60311,DE,walking,none,none,,,,0.5,0.0,0.0,False,True,False,False,,0,Walk home from friend's place.
0,leg-001a,a1b2c3d4-1111-2222-3333-444455556666,c3d4e5f6-cccc-dddd-eeee-ffff22223333,1,2026-01-01T08:00:00+01:00,2026-01-01T08:05:00+01:00,5,home,Frankfurt,60311,DE,train_station,Frankfurt,,DE,walking,none,none,,,,0.5,0.0,0.0,True,False,False,False,,0,Walk from home to Frankfurt train station to board the ICE.
1,leg-001b,a1b2c3d4-1111-2222-3333-444455556666,c3d4e5f6-cccc-dddd-eeee-ffff22223333,2,2026-01-01T08:05:00+01:00,2026-01-01T12:30:00+01:00,265,train_station,Frankfurt,,DE,Berlin Central Station,Berlin,10115,DE,long_distance_train,single_ticket,first_class,DB,ICE,train,424.5,120.0,17.0,False,True,False,False,5.0,1,ICE long‑distance train from Frankfurt to Berlin.
2,leg-002a,b2c3d4e5-2222-3333-4444-555566667777,c3d4e5f6-cccc-dddd-eeee-ffff22223333,1,2026-01-01T13:00:00+01:00,2026-01-01T13:20:00+01:00,20,Berlin Central Station,Berlin,,DE,friend_home,Berlin,,DE,ride_hailing,other,none,,,car,5.0,15.0,0.6,False,True,False,False,,0,Ride‑hailing from the train station to the friend's apartment.
3,leg-003a,c3d4e5f6-3333-4444-5555-666677778888,c3d4e5f6-cccc-dddd-eeee-ffff22223333,1,2026-01-01T18:00:00+01:00,2026-01-01T18:05:00+01:00,5,friend_home,Berlin,,DE,train_station,Berlin,,DE,walking,none,none,,,,0.5,0.0,0.0,True,False,False,False,,0,Walk from friend's home to Berlin train station.
4,leg-003b,c3d4e5f6-3333-4444-5555-666677778888,c3d4e5f6-cccc-dddd-eeee-ffff22223333,2,2026-01-01T18:05:00+01:00,2026-01-01T22:25:00+01:00,260,train_station,Berlin,,DE,train_station,Frankfurt,60311,DE,long_distance_train,single_ticket,first_class,DB,ICE,train,424.0,120.0,16.96,False,True,False,False,5.0,1,ICE return trip from Berlin to Frankfurt.
5,leg-003c,c3d4e5f6-3333-4444-5555-666677778888,c3d4e5f6-cccc-dddd-eeee-ffff22223333,3,2026-01-01T22:25:00+01:00,2026-01-01T22:30:00+01:00,5,train_station,Frankfurt,,DE,home,Frankfurt,60311,DE,walking,none,none,,,,0.5,0.0,0.0,False,False,True,False,,2,Walk from Frankfurt train station back home.
6,leg-004a,d4e5f6a7-4444-5555-6666-777788889999,c3d4e5f6-cccc-dddd-eeee-ffff22223333,1,2026-01-02T10:00:00+01:00,2026-01-02T10:03:00+01:00,3,home,Frankfurt,60311,DE,car_sharing_pickup,Frankfurt,,DE,walking,none,none,,,,0.25,0.0,0.0,True,False,False,False,,0,Walk to Sixt car‑sharing pickup point.
7,leg-004b,d4e5f6a7-4444-5555-6666-777788889999,c3d4e5f6-cccc-dddd-eeee-ffff22223333,2,2026-01-02T10:03:00+01:00,2026-01-02T10:42:00+01:00,39,car_sharing_pickup,Frankfurt,,DE,supermarket,Frankfurt,60313,DE,car_sharing,pay-as-you-go,none,sixt,,car,4.0,6.2,0.48,False,True,False,False,,1,Drive the Sixt car‑sharing vehicle to the supermarket.
8,leg-004c,d4e5f6a7-4444-5555-6666-777788889999,c3d4e5f6-cccc-dddd-eeee-ffff22223333,3,2026-01-02T10:42:00+01:00,2026-01-02T10:45:00+01:00,3,supermarket,Frankfurt,60313,DE,home,Frankfurt,60311,DE,walking,none,none,,,,0.25,0.0,0.0,False,False,True,False,,2,Walk from supermarket back home.
9,leg-005a,e5f6a7b8-5555-6666-7777-88889999aaaa,c3d4e5f6-cccc-dddd-eeee-ffff22223333,1,2026-01-02T11:00:00+01:00,2026-01-02T11:30:00+01:00,30,supermarket,Frankfurt,60313,DE,home,Frankfurt,60311,DE,walking,none,none,,,,4.0,0.0,0.0,False,False,True,False,,0,Walk home after grocery shopping.
10,leg-006a,f6a7b8c9-6666-7777-8888-9999aaaabbbb,c3d4e5f6-cccc-dddd-eeee-ffff22223333,1,2026-01-03T07:30:00+01:00,2026-01-03T07:35:00+01:00,5,home,Frankfurt,60311,DE,public_transport_stop,Frankfurt,,DE,walking,none,none,,,,0.5,0.0,0.0,True,False,False,False,,0,Walk to the nearest public‑transport stop.
11,leg-006b,f6a7b8c9-6666-7777-8888-9999aaaabbbb,c3d4e5f6-cccc-dddd-eeee-ffff22223333,2,2026-01-03T07:35:00+01:00,2026-01-03T08:10:00+01:00,35,public_transport_stop,Frankfurt,,DE,gym,Frankfurt,,DE,public_transport,subscription,second_class,DB,S-Bahn,train,5.0,0.0,0.1,False,True,False,False,,1,S‑Bahn ride to the gym.
12,leg-006c,f6a7b8c9-6666-7777-8888-9999aaaabbbb,c3d4e5f6-cccc-dddd-eeee-ffff22223333,3,2026-01-03T08:10:00+01:00,2026-01-03T08:15:00+01:00,5,gym,Frankfurt,,DE,home,Frankfurt,60311,DE,walking,none,none,,,,0.5,0.0,0.0,False,False,True,False,,2,Walk home from the gym.
13,leg-007a,a7b8c9d0-7777-8888-9999-aaaa1111bbbb,c3d4e5f6-cccc-dddd-eeee-ffff22223333,1,2026-01-03T09:00:00+01:00,2026-01-03T09:45:00+01:00,45,gym,Frankfurt,,DE,home,Frankfurt,60311,DE,walking,none,none,,,,2.0,0.0,0.0,False,False,True,False,,0,Walk home after the workout.
14,leg-008a,b8c9d0e1-8888-9999-aaaa-bbbb2222cccc,c3d4e5f6-cccc-dddd-eeee-ffff22223333,1,2026-01-03T19:00:00+01:00,2026-01-03T20:30:00+01:00,90,home,Frankfurt,60311,DE,restaurant,Frankfurt,,DE,ride_hailing,other,none,,,car,5.0,30.0,0.6,False,True,False,False,,0,Ride‑hailing to the restaurant for dinner.
15,leg-009a,c9d0e1f2-9999-aaaa-bbbb-cccc3333dddd,c3d4e5f6-cccc-dddd-eeee-ffff22223333,1,2026-01-03T21:00:00+01:00,2026-01-03T21:30:00+01:00,30,restaurant,Frankfurt,,DE,home,Frankfurt,60311,DE,walking,none,none,,,,5.0,0.0,0.0,False,False,True,False,,0,Walk home after dinner.
16,leg-010a,d0e1f2g3-aaaa-bbbb-cccc-dddd4444eeee,c3d4e5f6-cccc-dddd-eeee-ffff22223333,1,2026-01-04T06:00:00+01:00,2026-01-04T06:05:00+01:00,5,home,Frankfurt,60311,DE,train_station,Frankfurt,,DE,walking,none,none,,,,0.5,0.0,0.0,True,False,False,False,,0,Walk to Frankfurt train station for the ICE to Munich.
17,leg-010b,d0e1f2g3-aaaa-bbbb-cccc-dddd4444eeee,c3d4e5f6-cccc-dddd-eeee-ffff22223333,2,2026-01-04T06:05:00+01:00,2026-01-04T10:25:00+01:00,260,train_station,Frankfurt,,DE,train_station,Munich,80331,DE,long_distance_train,single_ticket,first_class,DB,ICE,train,399.0,115.0,15.96,False,True,False,False,5.0,1,ICE from Frankfurt to Munich for the client workshop.
18,leg-010c,d0e1f2g3-aaaa-bbbb-cccc-dddd4444eeee,c3d4e5f6-cccc-dddd-eeee-ffff22223333,3,2026-01-04T10:25:00+01:00,2026-01-04T10:30:00+01:00,5,train_station,Munich,,DE,Munich Office,Munich,80331,DE,walking,none,none,,,,0.5,0.0,0.0,False,False,True,False,,2,Walk from Munich station to the office.
19,leg-011a,e1f2g3h4-bbbb-cccc-dddd-eeee5555ffff,c3d4e5f6-cccc-dddd-eeee-ffff22223333,1,2026-01-05T07:00:00+01:00,2026-01-05T07:05:00+01:00,5,Munich Office,Munich,80331,DE,train_station,Munich,,DE,walking,none,none,,,,0.5,0.0,0.0,True,False,False,False,,0,Walk from the office to Munich train station.
20,leg-011b,e1f2g3h4-bbbb-cccc-dddd-eeee5555ffff,c3d4e5f6-cccc-dddd-eeee-ffff22223333,2,2026-01-05T07:05:00+01:00,2026-01-05T11:25:00+01:00,260,train_station,Munich,,DE,train_station,Frankfurt,60311,DE,long_distance_train,single_ticket,first_class,DB,ICE,train,399.0,115.0,15.96,False,True,False,False,5.0,1,ICE return trip from Munich to Frankfurt.
21,leg-011c,e1f2g3h4-bbbb-cccc-dddd-eeee5555ffff,c3d4e5f6-cccc-dddd-eeee-ffff22223333,3,2026-01-05T11:25:00+01:00,2026-01-05T11:30:00+01:00,5,train_station,Frankfurt,,DE,home,Frankfurt,60311,DE,walking,none,none,,,,0.5,0.0,0.0,False,False,True,False,,2,Walk home from Frankfurt train station.
22,leg-012a,f2g3h4i5-cccc-dddd-eeee-ffff6666gggg,c3d4e5f6-cccc-dddd-eeee-ffff22223333,1,2026-01-05T13:00:00+01:00,2026-01-05T13:03:00+01:00,3,home,Frankfurt,60311,DE,car_sharing_pickup,Frankfurt,,DE,walking,none,none,,,,0.25,0.0,0.0,True,False,False,False,,0,Walk to the Sixt car‑sharing pickup after returning from business travel.
23,leg-012b,f2g3h4i5-cccc-dddd-eeee-ffff6666gggg,c3d4e5f6-cccc-dddd-eeee-ffff22223333,2,2026-01-05T13:03:00+01:00,2026-01-05T13:42:00+01:00,39,car_sharing_pickup,Frankfurt,,DE,supermarket,Frankfurt,60313,DE,car_sharing,pay-as-you-go,none,sixt,,car,4.0,6.2,0.48,False,True,False,False,,1,Drive the Sixt car‑sharing vehicle to the supermarket.
24,leg-012c,f2g3h4i5-cccc-dddd-eeee-ffff6666gggg,c3d4e5f6-cccc-dddd-eeee-ffff22223333,3,2026-01-05T13:42:00+01:00,2026-01-05T13:45:00+01:00,3,supermarket,Frankfurt,60313,DE,home,Frankfurt,60311,DE,walking,none,none,,,,0.25,0.0,0.0,False,False,True,False,,2,Walk from the supermarket back home.
0,d1a2b3c4-1111-2222-3333-444455550000,a1b2c3d4-1111-2222-3333-444455556666,c3d4e5f6-cccc-dddd-eeee-ffff22223333,1,2026-01-08T08:00:00+01:00,2026-01-08T08:10:00+01:00,10,home,Frankfurt,60311,DE,train_station,Frankfurt,,DE,walking,none,none,,,,2.0,0.0,0.0,True,False,False,False,,0,Access walking leg from home to Frankfurt train station.
1,e2b3c4d5-1111-2222-3333-444455550001,a1b2c3d4-1111-2222-3333-444455556666,c3d4e5f6-cccc-dddd-eeee-ffff22223333,2,2026-01-08T08:10:00+01:00,2026-01-08T11:10:00+01:00,180,train_station,Frankfurt,,DE,train_station,Berlin,,DE,long_distance_train,single_ticket,second_class,DB,ICE,train,541.0,54.5,21.64,False,True,False,False,,0,Long‑distance ICE train leg Frankfurt‑Berlin.
2,f3c4d5e6-1111-2222-3333-444455550002,a1b2c3d4-1111-2222-3333-444455556666,c3d4e5f6-cccc-dddd-eeee-ffff22223333,3,2026-01-08T11:10:00+01:00,2026-01-08T11:30:00+01:00,20,train_station,Berlin,,DE,Berlin,Berlin,,DE,walking,none,none,,,,2.0,0.0,0.0,False,False,True,False,,0,Egress walking leg from Berlin train station to final destination.
3,a1b2c3d4-2222-3333-4444-555566660001,b2c3d4e5-2222-3333-4444-555566667777,c3d4e5f6-cccc-dddd-eeee-ffff22223333,1,2026-01-08T18:00:00+01:00,2026-01-08T18:10:00+01:00,10,Berlin,Berlin,,DE,train_station,Berlin,,DE,walking,none,none,,,,2.0,0.0,0.0,True,False,False,False,,0,Walking access to Berlin train station.
4,b2c3d4e5-2222-3333-4444-555566660002,b2c3d4e5-2222-3333-4444-555566667777,c3d4e5f6-cccc-dddd-eeee-ffff22223333,2,2026-01-08T18:10:00+01:00,2026-01-08T21:10:00+01:00,180,train_station,Berlin,,DE,train_station,Frankfurt,,DE,long_distance_train,single_ticket,second_class,DB,ICE,train,541.0,54.5,21.64,False,True,False,False,,0,Long‑distance ICE train leg Berlin‑Frankfurt.
5,c3d4e5f6-2222-3333-4444-555566660003,b2c3d4e5-2222-3333-4444-555566667777,c3d4e5f6-cccc-dddd-eeee-ffff22223333,3,2026-01-08T21:10:00+01:00,2026-01-08T21:30:00+01:00,20,train_station,Frankfurt,,DE,home,Frankfurt,60311,DE,walking,none,none,,,,2.0,0.0,0.0,False,False,True,False,,0,Walking egress from Frankfurt train station to home.
6,d4e5f6a7-3333-4444-5555-666677770001,c3d4e5f6-3333-4444-5555-666677778888,c3d4e5f6-cccc-dddd-eeee-ffff22223333,1,2026-01-09T10:30:00+01:00,2026-01-09T11:00:00+01:00,30,home,Frankfurt,60311,DE,supermarket,Frankfurt,,DE,ride_hailing,pay-as-you-go,none,,,,10.0,15.0,1.2,False,True,False,False,,0,Ride‑hailing trip from home to supermarket.
7,e5f6a7b8-4444-5555-6666-777788880001,d4e5f6a7-4444-5555-6666-777788889999,c3d4e5f6-cccc-dddd-eeee-ffff22223333,1,2026-01-09T12:00:00+01:00,2026-01-09T12:30:00+01:00,30,supermarket,Frankfurt,,DE,home,Frankfurt,60311,DE,ride_hailing,pay-as-you-go,none,,,,10.0,15.0,1.2,False,True,False,False,,0,Ride‑hailing return from supermarket to home.
8,f6a7b8c9-5555-6666-7777-888899990001,e5f6a7b8-5555-6666-7777-88889999aaaa,c3d4e5f6-cccc-dddd-eeee-ffff22223333,1,2026-01-10T07:30:00+01:00,2026-01-10T07:35:00+01:00,5,home,Frankfurt,60311,DE,train_station,Frankfurt,,DE,walking,none,none,,,,0.5,0.0,0.0,True,False,False,False,,0,Walking access to Frankfurt public‑transport station for gym trip.
9,a7b8c9d0-6666-7777-8888-9999aaaab001,e5f6a7b8-5555-6666-7777-88889999aaaa,c3d4e5f6-cccc-dddd-eeee-ffff22223333,2,2026-01-10T07:35:00+01:00,2026-01-10T08:10:00+01:00,35,train_station,Frankfurt,,DE,train_station,Frankfurt,,DE,public_transport,subscription,second_class,DB,S-Bahn,train,7.0,0.0,0.28,False,True,False,False,,0,Public‑transport leg to gym.
10,b8c9d0e1-7777-8888-9999-aaaaabbb001,e5f6a7b8-5555-6666-7777-88889999aaaa,c3d4e5f6-cccc-dddd-eeee-ffff22223333,3,2026-01-10T08:10:00+01:00,2026-01-10T08:15:00+01:00,5,train_station,Frankfurt,,DE,gym,Frankfurt,,DE,walking,none,none,,,,0.5,0.0,0.0,False,False,True,False,,0,Walking egress to gym.
11,c9d0e1f2-8888-9999-aaaa-bbbbcccc001,f6a7b8c9-6666-7777-8888-9999aaaabbbb,c3d4e5f6-cccc-dddd-eeee-ffff22223333,1,2026-01-10T18:30:00+01:00,2026-01-10T18:35:00+01:00,5,gym,Frankfurt,,DE,train_station,Frankfurt,,DE,walking,none,none,,,,0.5,0.0,0.0,True,False,False,False,,0,Walking access to public‑transport for return from gym.
12,d0e1f2g3-9999-aaaa-bbbb-ccccdddd001,f6a7b8c9-6666-7777-8888-9999aaaabbbb,c3d4e5f6-cccc-dddd-eeee-ffff22223333,2,2026-01-10T18:35:00+01:00,2026-01-10T19:10:00+01:00,35,train_station,Frankfurt,,DE,train_station,Frankfurt,,DE,public_transport,subscription,second_class,DB,S-Bahn,train,7.0,0.0,0.28,False,True,False,False,,0,Public‑transport leg back to home area.
13,e1f2g3h4-aaaa-bbbb-cccc-ddddeee001,f6a7b8c9-6666-7777-8888-9999aaaabbbb,c3d4e5f6-cccc-dddd-eeee-ffff22223333,3,2026-01-10T19:10:00+01:00,2026-01-10T19:15:00+01:00,5,train_station,Frankfurt,,DE,home,Frankfurt,60311,DE,walking,none,none,,,,0.5,0.0,0.0,False,False,True,False,,0,Walking egress to home.
14,f2g3h4i5-1111-2222-3333-444455560001,a7b8c9d0-7777-8888-9999-aaaabbbbcccc,c3d4e5f6-cccc-dddd-eeee-ffff22223333,1,2026-01-11T06:30:00+01:00,2026-01-11T06:40:00+01:00,10,home,Frankfurt,60311,DE,train_station,Frankfurt,,DE,walking,none,none,,,,2.0,0.0,0.0,True,False,False,False,,0,Walking access to Frankfurt station for Munich commute.
15,g3h4i5j6-2222-3333-4444-555566670001,a7b8c9d0-7777-8888-9999-aaaabbbbcccc,c3d4e5f6-cccc-dddd-eeee-ffff22223333,2,2026-01-11T06:40:00+01:00,2026-01-11T09:20:00+01:00,160,train_station,Frankfurt,,DE,train_station,Munich,,DE,long_distance_train,single_ticket,second_class,DB,ICE,train,386.0,38.6,15.44,False,True,False,False,,0,ICE train Frankfurt‑Munich leg.
16,h4i5j6k7-3333-4444-5555-666677770001,a7b8c9d0-7777-8888-9999-aaaabbbbcccc,c3d4e5f6-cccc-dddd-eeee-ffff22223333,3,2026-01-11T09:20:00+01:00,2026-01-11T09:30:00+01:00,10,train_station,Munich,,DE,Munich office,Munich,,DE,walking,none,none,,,,2.0,0.0,0.0,False,False,True,False,,0,Walking egress from Munich station to office.
17,i5j6k7l8-4444-5555-6666-777788880001,b8c9d0e1-8888-9999-aaaa-bbbbccccdddd,c3d4e5f6-cccc-dddd-eeee-ffff22223333,1,2026-01-11T17:30:00+01:00,2026-01-11T17:40:00+01:00,10,Munich office,Munich,,DE,train_station,Munich,,DE,walking,none,none,,,,2.0,0.0,0.0,True,False,False,False,,0,Walking access to Munich station for return trip.
18,j6k7l8m9-5555-6666-7777-888899990001,b8c9d0e1-8888-9999-aaaa-bbbbccccdddd,c3d4e5f6-cccc-dddd-eeee-ffff22223333,2,2026-01-11T17:40:00+01:00,2026-01-11T20:20:00+01:00,160,train_station,Munich,,DE,train_station,Frankfurt,,DE,long_distance_train,single_ticket,second_class,DB,ICE,train,386.0,38.6,15.44,False,True,False,False,,0,ICE train Munich‑Frankfurt return leg.
19,k7l8m9n0-6666-7777-8888-9999aaaab001,b8c9d0e1-8888-9999-aaaa-bbbbccccdddd,c3d4e5f6-cccc-dddd-eeee-ffff22223333,3,2026-01-11T20:20:00+01:00,2026-01-11T20:30:00+01:00,10,train_station,Frankfurt,,DE,home,Frankfurt,60311,DE,walking,none,none,,,,2.0,0.0,0.0,False,False,True,False,,0,Walking egress to home.
20,l8m9n0o1-7777-8888-9999-aaaaabbb001,c9d0e1f2-9999-aaaa-bbbb-ccccddddeeee,c3d4e5f6-cccc-dddd-eeee-ffff22223333,1,2026-01-12T09:00:00+01:00,2026-01-12T09:05:00+01:00,5,home,Frankfurt,60311,DE,train_station,Frankfurt,,DE,walking,none,none,,,,0.5,0.0,0.0,True,False,False,False,,0,Walking to station for pharmacy trip.
21,m9n0o1p2-8888-9999-aaaa-bbbbcccc001,c9d0e1f2-9999-aaaa-bbbb-ccccddddeeee,c3d4e5f6-cccc-dddd-eeee-ffff22223333,2,2026-01-12T09:05:00+01:00,2026-01-12T09:15:00+01:00,10,train_station,Frankfurt,,DE,train_station,Frankfurt,,DE,public_transport,subscription,second_class,DB,U-Bahn,train,4.0,0.0,0.16,False,True,False,False,,0,Public‑transport leg to pharmacy.
22,n0o1p2q3-9999-aaaa-bbbb-ccccdddd001,c9d0e1f2-9999-aaaa-bbbb-ccccddddeeee,c3d4e5f6-cccc-dddd-eeee-ffff22223333,3,2026-01-12T09:15:00+01:00,2026-01-12T09:20:00+01:00,5,train_station,Frankfurt,,DE,pharmacy,Frankfurt,,DE,walking,none,none,,,,0.5,0.0,0.0,False,False,True,False,,0,Walking egress to pharmacy.
23,o1p2q3r4-aaaa-bbbb-cccc-ddddeee001,d0e1f2g3-aaaa-bbbb-cccc-ddddeeeeffff,c3d4e5f6-cccc-dddd-eeee-ffff22223333,1,2026-01-12T10:00:00+01:00,2026-01-12T10:05:00+01:00,5,pharmacy,Frankfurt,,DE,train_station,Frankfurt,,DE,walking,none,none,,,,0.5,0.0,0.0,True,False,False,False,,0,Walking access to station for return home.
24,p2q3r4s5-bbbb-cccc-dddd-eeeeffff001,d0e1f2g3-aaaa-bbbb-cccc-ddddeeeeffff,c3d4e5f6-cccc-dddd-eeee-ffff22223333,2,2026-01-12T10:05:00+01:00,2026-01-12T10:15:00+01:00,10,train_station,Frankfurt,,DE,train_station,Frankfurt,,DE,public_transport,subscription,second_class,DB,U-Bahn,train,4.0,0.0,0.16,False,True,False,False,,0,Public‑transport leg back home.
25,q3r4s5t6-cccc-dddd-eeee-ffff1111001,d0e1f2g3-aaaa-bbbb-cccc-ddddeeeeffff,c3d4e5f6-cccc-dddd-eeee-ffff22223333,3,2026-01-12T10:15:00+01:00,2026-01-12T10:20:00+01:00,5,train_station,Frankfurt,,DE,home,Frankfurt,60311,DE,walking,none,none,,,,0.5,0.0,0.0,False,False,True,False,,0,Walking egress to home.
26,r4s5t6u7-dddd-eeee-ffff-111122220001,e1f2g3h4-bbbb-cccc-dddd-eeeeffff1111,c3d4e5f6-cccc-dddd-eeee-ffff22223333,1,2026-01-13T07:00:00+01:00,2026-01-13T07:10:00+01:00,10,home,Frankfurt,60311,DE,train_station,Frankfurt,,DE,walking,none,none,,,,2.0,0.0,0.0,True,False,False,False,,0,Walking access to Frankfurt station for Cologne trip.
27,s5t6u7v8-eeee-ffff-1111-222233330001,e1f2g3h4-bbbb-cccc-dddd-eeeeffff1111,c3d4e5f6-cccc-dddd-eeee-ffff22223333,2,2026-01-13T07:10:00+01:00,2026-01-13T08:50:00+01:00,100,train_station,Frankfurt,,DE,train_station,Cologne,,DE,long_distance_train,single_ticket,second_class,DB,ICE,train,186.0,18.6,7.44,False,True,False,False,,0,ICE train Frankfurt‑Cologne leg.
28,t6u7v8w9-ffff-1111-2222-333344440001,e1f2g3h4-bbbb-cccc-dddd-eeeeffff1111,c3d4e5f6-cccc-dddd-eeee-ffff22223333,3,2026-01-13T08:50:00+01:00,2026-01-13T09:00:00+01:00,10,train_station,Cologne,,DE,Cologne,Cologne,,DE,walking,none,none,,,,2.0,0.0,0.0,False,False,True,False,,0,Walking egress to Cologne destination.
29,u7v8w9x0-1111-2222-3333-444455550002,f2g3h4i5-cccc-dddd-eeee-ffff11112222,c3d4e5f6-cccc-dddd-eeee-ffff22223333,1,2026-01-13T20:00:00+01:00,2026-01-13T20:10:00+01:00,10,Cologne,Cologne,,DE,train_station,Cologne,,DE,walking,none,none,,,,2.0,0.0,0.0,True,False,False,False,,0,Walking access to Cologne station for return.
30,v8w9x0y1-2222-3333-4444-555566660002,f2g3h4i5-cccc-dddd-eeee-ffff11112222,c3d4e5f6-cccc-dddd-eeee-ffff22223333,2,2026-01-13T20:10:00+01:00,2026-01-13T21:50:00+01:00,100,train_station,Cologne,,DE,train_station,Frankfurt,,DE,long_distance_train,single_ticket,second_class,DB,ICE,train,186.0,18.6,7.44,False,True,False,False,,0,ICE train Cologne‑Frankfurt return leg.
31,w9x0y1z2-3333-4444-5555-666677770003,f2g3h4i5-cccc-dddd-eeee-ffff11112222,c3d4e5f6-cccc-dddd-eeee-ffff22223333,3,2026-01-13T21:50:00+01:00,2026-01-13T22:00:00+01:00,10,train_station,Frankfurt,,DE,home,Frankfurt,60311,DE,walking,none,none,,,,2.0,0.0,0.0,False,False,True,False,,0,Walking egress to home after Cologne‑Frankfurt trip.
0,leg-trip-0001-1111-2222-3333-444455556666-1,trip-0001-1111-2222-3333-444455556666,c3d4e5f6-cccc-dddd-eeee-ffff22223333,1,2026-01-15T08:00:00Z,2026-01-15T08:15:00Z,15,home,Frankfurt,60311,DE,transit_stop,Frankfurt,,DE,walking,none,none,,,,2.0,0.0,0.0,True,False,False,False,,0,Walking from home to Frankfurt train station to access the long‑distance ICE.
1,leg-trip-0001-1111-2222-3333-444455556666-2,trip-0001-1111-2222-3333-444455556666,c3d4e5f6-cccc-dddd-eeee-ffff22223333,2,2026-01-15T08:15:00Z,2026-01-15T11:30:00Z,195,transit_stop,Frankfurt,,DE,train_station,Berlin,,DE,long_distance_train,single_ticket,second_class,DB,ICE,train,423.0,79.0,17.0,False,True,False,False,,0,ICE long‑distance train from Frankfurt to Berlin.
2,leg-trip-0002-1111-2222-3333-444455556666-1,trip-0002-1111-2222-3333-444455556666,c3d4e5f6-cccc-dddd-eeee-ffff22223333,1,2026-01-15T12:00:00Z,2026-01-15T12:20:00Z,20,train_station,Berlin,,DE,friend_home,Berlin,,DE,ride_hailing,none,none,,,car,5.0,12.0,0.6,False,True,False,False,,0,Ride‑hailing from Berlin Hbf to friend's apartment.
3,leg-trip-0003-1111-2222-3333-444455556666-1,trip-0003-1111-2222-3333-444455556666,c3d4e5f6-cccc-dddd-eeee-ffff22223333,1,2026-01-15T18:00:00Z,2026-01-15T18:20:00Z,20,friend_home,Berlin,,DE,train_station,Berlin,,DE,ride_hailing,none,none,,,car,5.0,12.0,0.6,False,True,False,False,,0,Ride‑hailing back to Berlin Hbf before the return train.
4,leg-trip-0004-1111-2222-3333-444455556666-1,trip-0004-1111-2222-3333-444455556666,c3d4e5f6-cccc-dddd-eeee-ffff22223333,1,2026-01-15T19:00:00Z,2026-01-15T22:15:00Z,195,train_station,Berlin,,DE,transit_stop,Frankfurt,,DE,long_distance_train,single_ticket,second_class,DB,ICE,train,423.0,79.0,17.0,False,True,False,False,,0,ICE return train from Berlin to Frankfurt.
5,leg-trip-0004-1111-2222-3333-444455556666-2,trip-0004-1111-2222-3333-444455556666,c3d4e5f6-cccc-dddd-eeee-ffff22223333,2,2026-01-15T22:15:00Z,2026-01-15T22:30:00Z,15,transit_stop,Frankfurt,,DE,home,Frankfurt,60311,DE,walking,none,none,,,,2.0,0.0,0.0,False,False,True,False,,0,Walking from Frankfurt train station to home.
6,leg-trip-0005-1111-2222-3333-444455556666-1,trip-0005-1111-2222-3333-444455556666,c3d4e5f6-cccc-dddd-eeee-ffff22223333,1,2026-01-17T10:30:00Z,2026-01-17T10:35:00Z,5,home,Frankfurt,60311,DE,transit_stop,Frankfurt,,DE,walking,none,none,,,,0.5,0.0,0.0,True,False,False,False,,0,Walking from home to the nearest public‑transport stop.
7,leg-trip-0005-1111-2222-3333-444455556666-2,trip-0005-1111-2222-3333-444455556666,c3d4e5f6-cccc-dddd-eeee-ffff22223333,2,2026-01-17T10:35:00Z,2026-01-17T10:55:00Z,20,transit_stop,Frankfurt,,DE,transit_stop,Frankfurt,,DE,public_transport,subscription,none,DB,S-Bahn,train,7.0,0.0,0.14,False,True,False,False,2.0,1,"Public‑transport (S‑Bahn) ride to the supermarket area, covered by Deutschlandticket."
8,leg-trip-0005-1111-2222-3333-444455556666-3,trip-0005-1111-2222-3333-444455556666,c3d4e5f6-cccc-dddd-eeee-ffff22223333,3,2026-01-17T10:55:00Z,2026-01-17T11:00:00Z,5,transit_stop,Frankfurt,,DE,supermarket,Frankfurt,,DE,walking,none,none,,,,0.5,0.0,0.0,False,False,True,False,,2,Walking from the transit stop to the supermarket.
9,leg-trip-0006-1111-2222-3333-444455556666-1,trip-0006-1111-2222-3333-444455556666,c3d4e5f6-cccc-dddd-eeee-ffff22223333,1,2026-01-17T11:15:00Z,2026-01-17T11:20:00Z,5,supermarket,Frankfurt,,DE,transit_stop,Frankfurt,,DE,walking,none,none,,,,0.5,0.0,0.0,True,False,False,False,,0,Walking from supermarket to the public‑transport stop.
10,leg-trip-0006-1111-2222-3333-444455556666-2,trip-0006-1111-2222-3333-444455556666,c3d4e5f6-cccc-dddd-eeee-ffff22223333,2,2026-01-17T11:20:00Z,2026-01-17T11:40:00Z,20,transit_stop,Frankfurt,,DE,transit_stop,Frankfurt,,DE,public_transport,subscription,none,DB,S-Bahn,train,7.0,0.0,0.14,False,True,False,False,2.0,1,"Public‑transport ride back towards home, covered by subscription."
11,leg-trip-0006-1111-2222-3333-444455556666-3,trip-0006-1111-2222-3333-444455556666,c3d4e5f6-cccc-dddd-eeee-ffff22223333,3,2026-01-17T11:40:00Z,2026-01-17T11:45:00Z,5,transit_stop,Frankfurt,,DE,home,Frankfurt,60311,DE,walking,none,none,,,,0.5,0.0,0.0,False,False,True,False,,2,Walking from the stop back home.
12,leg-trip-0007-1111-2222-3333-444455556666-1,trip-0007-1111-2222-3333-444455556666,c3d4e5f6-cccc-dddd-eeee-ffff22223333,1,2026-01-19T09:00:00Z,2026-01-19T09:20:00Z,20,home,Frankfurt,60311,DE,client_meeting,Frankfurt,,DE,ride_hailing,none,none,,,car,7.0,15.0,0.84,False,True,False,False,,0,Ride‑hailing to a client meeting in Frankfurt.
13,leg-trip-0008-1111-2222-3333-444455556666-1,trip-0008-1111-2222-3333-444455556666,c3d4e5f6-cccc-dddd-eeee-ffff22223333,1,2026-01-19T17:30:00Z,2026-01-19T17:50:00Z,20,client_meeting,Frankfurt,,DE,home,Frankfurt,60311,DE,ride_hailing,none,none,,,car,7.0,15.0,0.84,False,True,False,False,,0,Ride‑hailing back home after the client meeting.
14,leg-trip-0009-1111-2222-3333-444455556666-1,trip-0009-1111-2222-3333-444455556666,c3d4e5f6-cccc-dddd-eeee-ffff22223333,1,2026-01-20T06:30:00Z,2026-01-20T06:45:00Z,15,home,Frankfurt,60311,DE,transit_stop,Frankfurt,,DE,walking,none,none,,,,2.0,0.0,0.0,True,False,False,False,,0,Walking to Frankfurt train station for the ICE to Munich.
15,leg-trip-0009-1111-2222-3333-444455556666-2,trip-0009-1111-2222-3333-444455556666,c3d4e5f6-cccc-dddd-eeee-ffff22223333,2,2026-01-20T06:45:00Z,2026-01-20T09:30:00Z,165,transit_stop,Frankfurt,,DE,train_station,Munich,,DE,long_distance_train,single_ticket,second_class,DB,ICE,train,388.0,70.0,15.5,False,True,False,False,,0,ICE from Frankfurt to Munich.
16,leg-trip-0010-1111-2222-3333-444455556666-1,trip-0010-1111-2222-3333-444455556666,c3d4e5f6-cccc-dddd-eeee-ffff22223333,1,2026-01-20T09:45:00Z,2026-01-20T10:15:00Z,30,train_station,Munich,,DE,office,Munich,,DE,ride_hailing,none,none,,,car,5.0,12.0,0.6,False,True,False,False,,0,Ride‑hailing from Munich Hbf to the client office.
17,leg-trip-0011-1111-2222-3333-444455556666-1,trip-0011-1111-2222-3333-444455556666,c3d4e5f6-cccc-dddd-eeee-ffff22223333,1,2026-01-20T17:30:00Z,2026-01-20T18:00:00Z,30,office,Munich,,DE,train_station,Munich,,DE,ride_hailing,none,none,,,car,5.0,12.0,0.6,False,True,False,False,,0,Ride‑hailing back to Munich Hbf after the workshop.
18,leg-trip-0012-1111-2222-3333-444455556666-1,trip-0012-1111-2222-3333-444455556666,c3d4e5f6-cccc-dddd-eeee-ffff22223333,1,2026-01-20T18:30:00Z,2026-01-20T21:15:00Z,165,train_station,Munich,,DE,transit_stop,Frankfurt,,DE,long_distance_train,single_ticket,second_class,DB,ICE,train,388.0,70.0,15.5,False,True,False,False,,0,ICE return trip from Munich to Frankfurt.
19,leg-trip-0012-1111-2222-3333-444455556666-2,trip-0012-1111-2222-3333-444455556666,c3d4e5f6-cccc-dddd-eeee-ffff22223333,2,2026-01-20T21:15:00Z,2026-01-20T21:30:00Z,15,transit_stop,Frankfurt,,DE,home,Frankfurt,60311,DE,walking,none,none,,,,2.0,0.0,0.0,False,False,True,False,,1,Walking from Frankfurt train station to home.
0,a1b2c3d4-0001-1111-2222-333344445555,d1e2f3a4-1111-2222-3333-444455556666,c3d4e5f6-cccc-dddd-eeee-ffff22223333,1,2026-01-22T08:00:00+01:00,2026-01-22T08:15:00+01:00,15,home,Frankfurt,60311,DE,train_station,Frankfurt,60311,DE,ride_hailing,pay-as-you-go,none,,,,8.0,21.0,0.96,True,False,False,False,,0,Ride‑hailing from home to Frankfurt main train station (access leg).
1,a1b2c3d4-0002-1111-2222-333344445555,d1e2f3a4-1111-2222-3333-444455556666,c3d4e5f6-cccc-dddd-eeee-ffff22223333,2,2026-01-22T08:15:00+01:00,2026-01-22T11:30:00+01:00,195,train_station,Frankfurt,60311,DE,train_station,Berlin,10115,DE,long_distance_train,single_ticket,second_class,DB,ICE,train,542.0,72.0,10.84,False,True,False,False,5.0,1,Long‑distance ICE train from Frankfurt to Berlin.
2,b1c2d3e4-0001-1111-2222-333344445555,d1e2f3a4-1111-2222-3333-444455556667,c3d4e5f6-cccc-dddd-eeee-ffff22223333,1,2026-01-22T12:00:00+01:00,2026-01-22T12:15:00+01:00,15,train_station,Berlin,10115,DE,friend_home,Berlin,10117,DE,ride_hailing,pay-as-you-go,none,,,,5.0,15.0,0.6,False,True,False,False,,0,Ride‑hailing from Berlin Hbf to friend's apartment.
3,b1c2d3e4-0002-1111-2222-333344445555,d1e2f3a4-1111-2222-3333-444455556668,c3d4e5f6-cccc-dddd-eeee-ffff22223333,1,2026-01-22T18:30:00+01:00,2026-01-22T18:45:00+01:00,15,friend_home,Berlin,10117,DE,train_station,Berlin,10115,DE,ride_hailing,pay-as-you-go,none,,,,5.0,15.0,0.6,False,True,False,False,,0,Ride‑hailing from friend's apartment back to Berlin Hbf.
4,c1d2e3f4-0001-1111-2222-333344445555,d1e2f3a4-1111-2222-3333-444455556669,c3d4e5f6-cccc-dddd-eeee-ffff22223333,1,2026-01-22T19:30:00+01:00,2026-01-22T22:40:00+01:00,190,train_station,Berlin,10115,DE,train_station,Frankfurt,60311,DE,long_distance_train,single_ticket,second_class,DB,ICE,train,542.0,72.0,10.84,False,True,False,False,5.0,0,ICE train from Berlin to Frankfurt.
5,c1d2e3f4-0002-1111-2222-333344445555,d1e2f3a4-1111-2222-3333-444455556669,c3d4e5f6-cccc-dddd-eeee-ffff22223333,2,2026-01-22T22:40:00+01:00,2026-01-22T23:00:00+01:00,20,train_station,Frankfurt,60311,DE,home,Frankfurt,60311,DE,ride_hailing,pay-as-you-go,none,,,,8.0,21.0,0.96,False,False,True,False,,1,Ride‑hailing from Frankfurt station to home (last‑mile).
6,d1e2f3g4-0001-1111-2222-333344445555,d1e2f3a4-1111-2222-3333-444455556670,c3d4e5f6-cccc-dddd-eeee-ffff22223333,1,2026-01-23T10:00:00+01:00,2026-01-23T10:20:00+01:00,20,home,Frankfurt,60311,DE,supermarket,Frankfurt,60313,DE,ride_hailing,pay-as-you-go,none,,,,8.0,21.0,0.96,False,True,False,False,,0,Ride‑hailing for grocery shopping trip.
7,d1e2f3g4-0002-1111-2222-333344445555,d1e2f3a4-1111-2222-3333-444455556671,c3d4e5f6-cccc-dddd-eeee-ffff22223333,1,2026-01-23T11:00:00+01:00,2026-01-23T11:20:00+01:00,20,supermarket,Frankfurt,60313,DE,home,Frankfurt,60311,DE,ride_hailing,pay-as-you-go,none,,,,8.0,21.0,0.96,False,True,False,False,,0,Ride‑hailing back home after shopping.
8,e1f2g3h4-0001-1111-2222-333344445555,d1e2f3a4-1111-2222-3333-444455556672,c3d4e5f6-cccc-dddd-eeee-ffff22223333,1,2026-01-24T07:30:00+01:00,2026-01-24T07:45:00+01:00,15,home,Frankfurt,60311,DE,gym,Frankfurt,60314,DE,ride_hailing,pay-as-you-go,none,,,,6.0,17.0,0.72,False,True,False,False,,0,Ride‑hailing to the gym.
9,e1f2g3h4-0002-1111-2222-333344445555,d1e2f3a4-1111-2222-3333-444455556673,c3d4e5f6-cccc-dddd-eeee-ffff22223333,1,2026-01-24T18:30:00+01:00,2026-01-24T18:45:00+01:00,15,gym,Frankfurt,60314,DE,home,Frankfurt,60311,DE,ride_hailing,pay-as-you-go,none,,,,6.0,17.0,0.72,False,True,False,False,,0,Ride‑hailing back home after gym.
10,f1g2h3i4-0001-1111-2222-333344445555,d1e2f3a4-1111-2222-3333-444455556674,c3d4e5f6-cccc-dddd-eeee-ffff22223333,1,2026-01-25T08:30:00+01:00,2026-01-25T08:35:00+01:00,5,home,Frankfurt,60311,DE,transit_stop,Frankfurt,60311,DE,walking,none,none,,,,0.5,0.0,0.0,True,False,False,False,,0,Walking from home to public‑transport stop.
11,f1g2h3i4-0002-1111-2222-333344445555,d1e2f3a4-1111-2222-3333-444455556674,c3d4e5f6-cccc-dddd-eeee-ffff22223333,2,2026-01-25T08:35:00+01:00,2026-01-25T08:55:00+01:00,20,transit_stop,Frankfurt,60311,DE,transit_stop,Frankfurt,60322,DE,public_transport,subscription,second_class,DB,S-Bahn,train,9.0,0.0,0.36,False,True,False,False,2.0,1,Public‑transport (S‑Bahn) commute to office.
12,f1g2h3i4-0003-1111-2222-333344445555,d1e2f3a4-1111-2222-3333-444455556674,c3d4e5f6-cccc-dddd-eeee-ffff22223333,3,2026-01-25T08:55:00+01:00,2026-01-25T09:00:00+01:00,5,transit_stop,Frankfurt,60322,DE,office,Frankfurt,60322,DE,walking,none,none,,,,0.5,0.0,0.0,False,False,True,False,,2,Walking from stop to office.
13,g1h2i3j4-0001-1111-2222-333344445555,d1e2f3a4-1111-2222-3333-444455556675,c3d4e5f6-cccc-dddd-eeee-ffff22223333,1,2026-01-25T12:30:00+01:00,2026-01-25T12:33:00+01:00,3,office,Frankfurt,60322,DE,transit_stop,Frankfurt,60322,DE,walking,none,none,,,,0.3,0.0,0.0,True,False,False,False,,0,Walking to public‑transport stop for lunch trip.
14,g1h2i3j4-0002-1111-2222-333344445555,d1e2f3a4-1111-2222-3333-444455556675,c3d4e5f6-cccc-dddd-eeee-ffff22223333,2,2026-01-25T12:33:00+01:00,2026-01-25T12:42:00+01:00,9,transit_stop,Frankfurt,60322,DE,transit_stop,Frankfurt,60323,DE,public_transport,subscription,second_class,DB,U-Bahn,train,4.4,0.0,0.176,False,True,False,False,2.0,1,Public‑transport (U‑Bahn) to restaurant.
15,g1h2i3j4-0003-1111-2222-333344445555,d1e2f3a4-1111-2222-3333-444455556675,c3d4e5f6-cccc-dddd-eeee-ffff22223333,3,2026-01-25T12:42:00+01:00,2026-01-25T12:45:00+01:00,3,transit_stop,Frankfurt,60323,DE,restaurant,Frankfurt,60323,DE,walking,none,none,,,,0.3,0.0,0.0,False,False,True,False,,2,Walking from stop to restaurant.
16,h1i2j3k4-0001-1111-2222-333344445555,d1e2f3a4-1111-2222-3333-444455556676,c3d4e5f6-cccc-dddd-eeee-ffff22223333,1,2026-01-25T18:00:00+01:00,2026-01-25T18:05:00+01:00,5,restaurant,Frankfurt,60323,DE,transit_stop,Frankfurt,60323,DE,walking,none,none,,,,0.5,0.0,0.0,True,False,False,False,,0,Walking to public‑transport stop for homeward trip.
17,h1i2j3k4-0002-1111-2222-333344445555,d1e2f3a4-1111-2222-3333-444455556676,c3d4e5f6-cccc-dddd-eeee-ffff22223333,2,2026-01-25T18:05:00+01:00,2026-01-25T18:25:00+01:00,20,transit_stop,Frankfurt,60323,DE,transit_stop,Frankfurt,60311,DE,public_transport,subscription,second_class,DB,S-Bahn,train,9.0,0.0,0.36,False,True,False,False,2.0,1,Public‑transport (S‑Bahn) back home.
18,h1i2j3k4-0003-1111-2222-333344445555,d1e2f3a4-1111-2222-3333-444455556676,c3d4e5f6-cccc-dddd-eeee-ffff22223333,3,2026-01-25T18:25:00+01:00,2026-01-25T18:30:00+01:00,5,transit_stop,Frankfurt,60311,DE,home,Frankfurt,60311,DE,walking,none,none,,,,0.5,0.0,0.0,False,False,True,False,,2,Walking from stop to home.
0,leg-1a,a1b2c3d4-1111-2222-3333-444455556666,c3d4e5f6-cccc-dddd-eeee-ffff22223333,1,2026-01-29T08:15:00,2026-01-29T08:45:00,30,home,Frankfurt,60311,DE,office,Frankfurt,60311,DE,ride_hailing,pay-as-you-go,none,,,car,8.0,5.0,0.96,False,True,False,False,,0,Morning ride‑hailing to a local client meeting in Frankfurt.
1,leg-2a,b2c3d4e5-2222-3333-4444-555566667777,c3d4e5f6-cccc-dddd-eeee-ffff22223333,1,2026-01-29T12:30:00,2026-01-29T13:00:00,30,office,Frankfurt,60311,DE,home,Frankfurt,60311,DE,ride_hailing,pay-as-you-go,none,,,car,8.0,5.0,0.96,False,True,False,False,,0,Return home after the morning client meeting.
2,leg-3a,c3d4e5f6-3333-4444-5555-666677778888,c3d4e5f6-cccc-dddd-eeee-ffff22223333,1,2026-01-30T07:00:00,2026-01-30T07:10:00,10,home,Frankfurt,60311,DE,train_station,Frankfurt,,DE,walking,none,none,,,,0.8,0.0,0.0,True,False,False,False,,0,Walking from home to Frankfurt Hauptbahnhof.
3,leg-3b,c3d4e5f6-3333-4444-5555-666677778888,c3d4e5f6-cccc-dddd-eeee-ffff22223333,2,2026-01-30T07:10:00,2026-01-30T09:20:00,130,train_station,Frankfurt,,DE,train_station,Munich,,DE,long_distance_train,single_ticket,second_class,DB,ICE,train,398.4,60.0,15.94,False,True,False,False,,1,ICE from Frankfurt to Munich.
4,leg-3c,c3d4e5f6-3333-4444-5555-666677778888,c3d4e5f6-cccc-dddd-eeee-ffff22223333,3,2026-01-30T09:20:00,2026-01-30T09:30:00,10,train_station,Munich,,DE,office,Munich,80331,DE,walking,none,none,,,,0.8,0.0,0.0,False,False,True,True,,2,Walking from Munich station to office.
5,leg-4a,d4e5f6a7-4444-5555-6666-777788889999,c3d4e5f6-cccc-dddd-eeee-ffff22223333,1,2026-01-30T10:00:00,2026-01-30T10:20:00,20,train_station,Munich,,DE,hotel,Munich,,DE,ride_hailing,pay-as-you-go,none,,,car,5.0,5.0,0.6,False,True,False,False,,0,Ride‑hailing from the train station to the workshop hotel.
6,leg-5a,e5f6a7b8-5555-6666-7777-88889999aaaa,c3d4e5f6-cccc-dddd-eeee-ffff22223333,1,2026-01-31T08:00:00,2026-01-31T08:10:00,10,home,Frankfurt,60311,DE,train_station,Frankfurt,,DE,walking,none,none,,,,0.8,0.0,0.0,True,False,False,False,,0,Walking from home to Frankfurt Hauptbahnhof.
7,leg-5b,e5f6a7b8-5555-6666-7777-88889999aaaa,c3d4e5f6-cccc-dddd-eeee-ffff22223333,2,2026-01-31T08:10:00,2026-01-31T10:30:00,140,train_station,Frankfurt,,DE,train_station,Berlin,,DE,long_distance_train,single_ticket,second_class,DB,ICE,train,549.2,80.0,21.97,False,True,False,False,,1,ICE from Frankfurt to Berlin.
8,leg-6a,f6a7b8c9-6666-7777-8888-9999aaaabbbb,c3d4e5f6-cccc-dddd-eeee-ffff22223333,1,2026-01-31T10:45:00,2026-01-31T11:05:00,20,train_station,Berlin,,DE,friend_home,Berlin,10115,DE,ride_hailing,pay-as-you-go,none,,,car,3.0,4.0,0.36,False,True,False,False,,0,Ride‑hailing from the station to a friend's apartment.
9,leg-7a,a7b8c9d0-7777-8888-9999-aaaabbbbcccc,c3d4e5f6-cccc-dddd-eeee-ffff22223333,1,2026-02-01T17:30:00,2026-02-01T17:35:00,5,train_station,Berlin,,DE,train_station,Berlin,,DE,walking,none,none,,,,0.5,0.0,0.0,True,False,False,False,,0,Walking to the platform at Berlin station.
10,leg-7b,a7b8c9d0-7777-8888-9999-aaaabbbbcccc,c3d4e5f6-cccc-dddd-eeee-ffff22223333,2,2026-02-01T17:35:00,2026-02-01T19:50:00,135,train_station,Berlin,,DE,train_station,Frankfurt,,DE,long_distance_train,single_ticket,second_class,DB,ICE,train,548.7,80.0,21.95,False,True,False,False,,1,ICE from Berlin to Frankfurt.
11,leg-7c,a7b8c9d0-7777-8888-9999-aaaabbbbcccc,c3d4e5f6-cccc-dddd-eeee-ffff22223333,3,2026-02-01T19:50:00,2026-02-01T20:00:00,10,train_station,Frankfurt,,DE,home,Frankfurt,60311,DE,walking,none,none,,,,0.8,0.0,0.0,False,False,True,True,,2,Walking from Frankfurt station to home.
12,leg-8a,b8c9d0e1-8888-9999-aaaa-bbbbbbccccdd,c3d4e5f6-cccc-dddd-eeee-ffff22223333,1,2026-02-02T18:00:00,2026-02-02T18:30:00,30,home,Frankfurt,60311,DE,supermarket,Frankfurt,60311,DE,ride_hailing,pay-as-you-go,none,,,car,5.0,5.0,0.6,False,True,False,False,,0,Evening ride‑hailing to a nearby supermarket.
13,leg-9a,c9d0e1f2-9999-aaaa-bbbb-ccccddddeeee,c3d4e5f6-cccc-dddd-eeee-ffff22223333,1,2026-02-03T07:30:00,2026-02-03T07:40:00,10,home,Frankfurt,60311,DE,train_station,Frankfurt,,DE,walking,none,none,,,,0.8,0.0,0.0,True,False,False,False,,0,Walking from home to Frankfurt Hauptbahnhof.
14,leg-9b,c9d0e1f2-9999-aaaa-bbbb-ccccddddeeee,c3d4e5f6-cccc-dddd-eeee-ffff22223333,2,2026-02-03T07:40:00,2026-02-03T10:00:00,140,train_station,Frankfurt,,DE,train_station,Munich,,DE,long_distance_train,single_ticket,second_class,DB,ICE,train,398.4,60.0,15.94,False,True,False,False,,1,ICE from Frankfurt to Munich.
15,leg-9c,c9d0e1f2-9999-aaaa-bbbb-ccccddddeeee,c3d4e5f6-cccc-dddd-eeee-ffff22223333,3,2026-02-03T10:00:00,2026-02-03T10:00:00,0,train_station,Munich,,DE,office,Munich,80331,DE,walking,none,none,,,,0.8,0.0,0.0,False,False,True,True,,2,Walking from Munich station to office.
16,leg-10a,d0e1f2g3-aaaa-bbbb-cccc-ddddeeeeffff,c3d4e5f6-cccc-dddd-eeee-ffff22223333,1,2026-02-04T16:00:00,2026-02-04T16:10:00,10,office,Munich,80331,DE,train_station,Munich,,DE,walking,none,none,,,,0.8,0.0,0.0,True,False,False,False,,0,Walking from office to Munich station.
17,leg-10b,d0e1f2g3-aaaa-bbbb-cccc-ddddeeeeffff,c3d4e5f6-cccc-dddd-eeee-ffff22223333,2,2026-02-04T16:10:00,2026-02-04T18:20:00,130,train_station,Munich,,DE,train_station,Frankfurt,,DE,long_distance_train,single_ticket,second_class,DB,ICE,train,398.4,60.0,15.94,False,True,False,False,,1,ICE from Munich to Frankfurt.
18,leg-10c,d0e1f2g3-aaaa-bbbb-cccc-ddddeeeeffff,c3d4e5f6-cccc-dddd-eeee-ffff22223333,3,2026-02-04T18:20:00,2026-02-04T18:30:00,10,train_station,Frankfurt,,DE,home,Frankfurt,60311,DE,walking,none,none,,,,0.8,0.0,0.0,False,False,True,True,,2,Walking from Frankfurt station to home.
19,leg-11a,e1f2g3h4-bbbb-cccc-dddd-eeeeffff1111,c3d4e5f6-cccc-dddd-eeee-ffff22223333,1,2026-02-04T19:30:00,2026-02-04T20:00:00,30,home,Frankfurt,60311,DE,restaurant,Frankfurt,60311,DE,ride_hailing,pay-as-you-go,none,,,car,6.0,6.0,0.72,False,True,False,False,,0,Evening ride‑hailing to a restaurant for a relaxed dinner.
0,d1a2b3c4-1111-2222-3333-444455556666,a1b2c3d4-0001-0000-0000-000000000001,c3d4e5f6-cccc-dddd-eeee-ffff22223333,1,2026-02-05T08:00:00+01:00,2026-02-05T08:05:00+01:00,5,home,Frankfurt,60311,DE,transit_stop,Frankfurt,,DE,walking,none,none,,,,0.5,0.0,0.0,True,False,False,False,,0,Access walking leg from home to public transport stop.
1,e2b3c4d5-7777-8888-9999-aaaabbbbcccc,a1b2c3d4-0001-0000-0000-000000000001,c3d4e5f6-cccc-dddd-eeee-ffff22223333,2,2026-02-05T08:05:00+01:00,2026-02-05T08:25:00+01:00,20,transit_stop,Frankfurt,,DE,office_stop,Frankfurt,,DE,public_transport,subscription,second_class,DB,S-Bahn,train,9.0,0.0,0.36,False,True,False,False,,0,Main public transport leg (S-Bahn) between transit stop and office stop.
2,f3c4d5e6-dddd-eeee-ffff-111122223333,a1b2c3d4-0001-0000-0000-000000000001,c3d4e5f6-cccc-dddd-eeee-ffff22223333,3,2026-02-05T08:25:00+01:00,2026-02-05T08:30:00+01:00,5,office_stop,Frankfurt,,DE,office,Frankfurt,60311,DE,walking,none,none,,,,0.5,0.0,0.0,False,False,True,False,,0,Egress walking leg from public transport stop to office.
3,a4b5c6d7-1111-2222-3333-444455556777,a1b2c3d4-0002-0000-0000-000000000002,c3d4e5f6-cccc-dddd-eeee-ffff22223333,1,2026-02-06T07:30:00+01:00,2026-02-06T07:35:00+01:00,5,home,Frankfurt,60311,DE,train_station,Frankfurt,,DE,walking,none,none,,,,0.5,0.0,0.0,True,False,False,False,,0,Walking access leg to Frankfurt train station.
4,b5c6d7e8-8888-9999-aaaa-bbbbccccdddd,a1b2c3d4-0002-0000-0000-000000000002,c3d4e5f6-cccc-dddd-eeee-ffff22223333,2,2026-02-06T07:35:00+01:00,2026-02-06T10:25:00+01:00,170,train_station,Frankfurt,,DE,train_station,Munich,,DE,long_distance_train,single_ticket,second_class,DB,ICE,train,399.0,60.0,16.0,False,True,False,False,,0,Main long‑distance ICE leg Frankfurt → Munich.
5,c6d7e8f9-5555-6666-7777-88889999aaaa,a1b2c3d4-0002-0000-0000-000000000002,c3d4e5f6-cccc-dddd-eeee-ffff22223333,3,2026-02-06T10:25:00+01:00,2026-02-06T10:30:00+01:00,5,train_station,Munich,,DE,office,Munich,80331,DE,walking,none,none,,,,0.5,0.0,0.0,False,False,True,False,,0,Egress walking leg from Munich station to office.
6,d7e8f9a0-1111-2222-3333-444455556999,a1b2c3d4-0003-0000-0000-000000000003,c3d4e5f6-cccc-dddd-eeee-ffff22223333,1,2026-02-06T17:00:00+01:00,2026-02-06T17:05:00+01:00,5,office,Munich,80331,DE,train_station,Munich,,DE,walking,none,none,,,,0.5,0.0,0.0,True,False,False,False,,0,Walking access leg from office to Munich train station.
7,e8f9a0b1-aaaa-bbbb-cccc-ddddeeeeffff,a1b2c3d4-0003-0000-0000-000000000003,c3d4e5f6-cccc-dddd-eeee-ffff22223333,2,2026-02-06T17:05:00+01:00,2026-02-06T19:55:00+01:00,170,train_station,Munich,,DE,train_station,Frankfurt,,DE,long_distance_train,single_ticket,second_class,DB,ICE,train,399.0,60.0,16.0,False,True,False,False,,0,Main long‑distance ICE leg Munich → Frankfurt.
8,f9a0b1c2-7777-8888-9999-aaaabbbbcccc,a1b2c3d4-0003-0000-0000-000000000003,c3d4e5f6-cccc-dddd-eeee-ffff22223333,3,2026-02-06T19:55:00+01:00,2026-02-06T20:00:00+01:00,5,train_station,Frankfurt,,DE,home,Frankfurt,60311,DE,walking,none,none,,,,0.5,0.0,0.0,False,False,True,False,,0,Egress walking leg from Frankfurt station to home.
9,a0b1c2d3-1111-2222-3333-444455557777,a1b2c3d4-0004-0000-0000-000000000004,c3d4e5f6-cccc-dddd-eeee-ffff22223333,1,2026-02-07T10:00:00+01:00,2026-02-07T10:20:00+01:00,20,home,Frankfurt,60311,DE,supermarket,Frankfurt,60313,DE,ride_hailing,pay-as-you-go,none,,,car,8.0,17.0,0.96,False,True,False,False,,0,Ride‑hailing leg for grocery shopping.
10,b1c2d3e4-4444-5555-6666-777788889999,a1b2c3d4-0005-0000-0000-000000000005,c3d4e5f6-cccc-dddd-eeee-ffff22223333,1,2026-02-07T12:00:00+01:00,2026-02-07T12:05:00+01:00,5,home,Frankfurt,60311,DE,train_station,Frankfurt,,DE,walking,none,none,,,,0.5,0.0,0.0,True,False,False,False,,0,Walking access leg to Frankfurt train station.
11,c2d3e4f5-aaaa-bbbb-cccc-ddddeeeeffff,a1b2c3d4-0005-0000-0000-000000000005,c3d4e5f6-cccc-dddd-eeee-ffff22223333,2,2026-02-07T12:05:00+01:00,2026-02-07T14:25:00+01:00,140,train_station,Frankfurt,,DE,train_station,Berlin,,DE,long_distance_train,single_ticket,second_class,DB,ICE,train,549.0,80.0,22.0,False,True,False,False,,0,Main long‑distance ICE leg Frankfurt → Berlin.
12,d3e4f5a6-9999-aaaa-bbbb-ccccddddeeee,a1b2c3d4-0005-0000-0000-000000000005,c3d4e5f6-cccc-dddd-eeee-ffff22223333,3,2026-02-07T14:25:00+01:00,2026-02-07T14:30:00+01:00,5,train_station,Berlin,,DE,home,Frankfurt,60311,DE,walking,none,none,,,,0.5,0.0,0.0,False,False,True,False,,0,Egress walking leg from Berlin station to home (arrival city).
13,e4f5a6b7-1111-2222-3333-444455558888,a1b2c3d4-0006-0000-0000-000000000006,c3d4e5f6-cccc-dddd-eeee-ffff22223333,1,2026-02-07T14:45:00+01:00,2026-02-07T15:00:00+01:00,15,train_station,Berlin,10115,DE,friend_home,Berlin,10115,DE,ride_hailing,pay-as-you-go,none,,,car,5.0,12.5,0.6,False,True,False,False,,0,Ride‑hailing leg from Berlin Hbf to friend's apartment.
14,f5a6b7c8-3333-4444-5555-666677778888,a1b2c3d4-0007-0000-0000-000000000007,c3d4e5f6-cccc-dddd-eeee-ffff22223333,1,2026-02-08T09:00:00+01:00,2026-02-08T09:15:00+01:00,15,friend_home,Berlin,10115,DE,train_station,Berlin,10115,DE,ride_hailing,pay-as-you-go,none,,,car,5.0,12.5,0.6,False,True,False,False,,0,Ride‑hailing leg from friend's home back to Berlin station.
15,a6b7c8d9-7777-8888-9999-aaaabbbbcccc,a1b2c3d4-0008-0000-0000-000000000008,c3d4e5f6-cccc-dddd-eeee-ffff22223333,1,2026-02-08T10:00:00+01:00,2026-02-08T10:05:00+01:00,5,Berlin,Berlin,10115,DE,train_station,Berlin,,DE,walking,none,none,,,,0.5,0.0,0.0,True,False,False,False,,0,Walking access leg to Berlin train station.
16,b7c8d9e0-1111-2222-3333-444455559999,a1b2c3d4-0008-0000-0000-000000000008,c3d4e5f6-cccc-dddd-eeee-ffff22223333,2,2026-02-08T10:05:00+01:00,2026-02-08T12:25:00+01:00,140,train_station,Berlin,,DE,train_station,Frankfurt,,DE,long_distance_train,single_ticket,second_class,DB,ICE,train,549.0,80.0,22.0,False,True,False,False,,0,Main long‑distance ICE leg Berlin → Frankfurt.
17,c8d9e0f1-5555-6666-7777-88889999aaaa,a1b2c3d4-0008-0000-0000-000000000008,c3d4e5f6-cccc-dddd-eeee-ffff22223333,3,2026-02-08T12:25:00+01:00,2026-02-08T12:30:00+01:00,5,train_station,Frankfurt,,DE,home,Frankfurt,60311,DE,walking,none,none,,,,0.5,0.0,0.0,False,False,True,False,,0,Egress walking leg from Frankfurt station to home.
18,d9e0f1a2-9999-aaaa-bbbb-ccccddddeeee,a1b2c3d4-0009-0000-0000-000000000009,c3d4e5f6-cccc-dddd-eeee-ffff22223333,1,2026-02-10T07:30:00+01:00,2026-02-10T07:35:00+01:00,5,home,Frankfurt,60311,DE,train_station,Frankfurt,,DE,walking,none,none,,,,0.5,0.0,0.0,True,False,False,False,,0,Walking access leg to Frankfurt station.
19,e0f1a2b3-1111-2222-3333-44445555ffff,a1b2c3d4-0009-0000-0000-000000000009,c3d4e5f6-cccc-dddd-eeee-ffff22223333,2,2026-02-10T07:35:00+01:00,2026-02-10T10:25:00+01:00,170,train_station,Frankfurt,,DE,train_station,Munich,,DE,long_distance_train,single_ticket,second_class,DB,ICE,train,399.0,60.0,16.0,False,True,False,False,,0,Main ICE leg Frankfurt → Munich.
20,f1a2b3c4-7777-8888-9999-aaaabbbbcccc,a1b2c3d4-0009-0000-0000-000000000009,c3d4e5f6-cccc-dddd-eeee-ffff22223333,3,2026-02-10T10:25:00+01:00,2026-02-10T10:30:00+01:00,5,train_station,Munich,,DE,home,Frankfurt,60311,DE,walking,none,none,,,,0.5,0.0,0.0,False,False,True,False,,0,Egress walking leg from Munich station to home.
21,a2b3c4d5-1111-2222-3333-44445555eeee,a1b2c3d4-0010-0000-0000-000000000010,c3d4e5f6-cccc-dddd-eeee-ffff22223333,1,2026-02-10T17:00:00+01:00,2026-02-10T17:05:00+01:00,5,office,Munich,80331,DE,train_station,Munich,,DE,walking,none,none,,,,0.5,0.0,0.0,True,False,False,False,,0,Walking access leg from office to Munich station.
22,b3c4d5e6-aaaa-bbbb-cccc-ddddeeeeffff,a1b2c3d4-0010-0000-0000-000000000010,c3d4e5f6-cccc-dddd-eeee-ffff22223333,2,2026-02-10T17:05:00+01:00,2026-02-10T19:55:00+01:00,170,train_station,Munich,,DE,train_station,Frankfurt,,DE,long_distance_train,single_ticket,second_class,DB,ICE,train,399.0,60.0,16.0,False,True,False,False,,0,Main ICE leg Munich → Frankfurt.
23,c4d5e6f7-5555-6666-7777-88889999bbbb,a1b2c3d4-0010-0000-0000-000000000010,c3d4e5f6-cccc-dddd-eeee-ffff22223333,3,2026-02-10T19:55:00+01:00,2026-02-10T20:00:00+01:00,5,train_station,Frankfurt,,DE,home,Frankfurt,60311,DE,walking,none,none,,,,0.5,0.0,0.0,False,False,True,False,,0,Egress walking leg from Frankfurt station to home.
24,d5e6f7a8-9999-aaaa-bbbb-ccccddddefff,a1b2c3d4-0011-0000-0000-000000000011,c3d4e5f6-cccc-dddd-eeee-ffff22223333,1,2026-02-11T09:00:00+01:00,2026-02-11T09:05:00+01:00,5,home,Frankfurt,60311,DE,train_station,Frankfurt,,DE,walking,none,none,,,,0.5,0.0,0.0,True,False,False,False,,0,Walking access leg to Frankfurt station for regional train.
25,e6f7a8b9-1111-2222-3333-44445555aaaa,a1b2c3d4-0011-0000-0000-000000000011,c3d4e5f6-cccc-dddd-eeee-ffff22223333,2,2026-02-11T09:05:00+01:00,2026-02-11T09:40:00+01:00,35,train_station,Frankfurt,,DE,train_station,Wiesbaden,,DE,regional_train,subscription,second_class,DB,RE,train,39.0,0.0,1.6,False,True,False,False,,0,Regional train leg Frankfurt → Wiesbaden.
26,f7a8b9c0-7777-8888-9999-aaaabbbbcccc,a1b2c3d4-0011-0000-0000-000000000011,c3d4e5f6-cccc-dddd-eeee-ffff22223333,3,2026-02-11T09:40:00+01:00,2026-02-11T09:45:00+01:00,5,train_station,Wiesbaden,,DE,client_meeting,Wiesbaden,65185,DE,walking,none,none,,,,0.5,0.0,0.0,False,False,True,False,,0,Walking egress leg to client meeting location.
27,a8b9c0d1-1111-2222-3333-44445555bbbb,a1b2c3d4-0012-0000-0000-000000000012,c3d4e5f6-cccc-dddd-eeee-ffff22223333,1,2026-02-11T17:30:00+01:00,2026-02-11T17:35:00+01:00,5,client_meeting,Wiesbaden,65185,DE,train_station,Wiesbaden,,DE,walking,none,none,,,,0.5,0.0,0.0,True,False,False,False,,0,Walking access leg from meeting to Wiesbaden station.
28,b9c0d1e2-aaaa-bbbb-cccc-ddddeeeeffff,a1b2c3d4-0012-0000-0000-000000000012,c3d4e5f6-cccc-dddd-eeee-ffff22223333,2,2026-02-11T17:35:00+01:00,2026-02-11T18:10:00+01:00,35,train_station,Wiesbaden,,DE,train_station,Frankfurt,,DE,regional_train,subscription,second_class,DB,RE,train,39.0,0.0,1.6,False,True,False,False,,0,Regional train leg Wiesbaden → Frankfurt.
29,c0d1e2f3-5555-6666-7777-88889999cccc,a1b2c3d4-0012-0000-0000-000000000012,c3d4e5f6-cccc-dddd-eeee-ffff22223333,3,2026-02-11T18:10:00+01:00,2026-02-11T18:15:00+01:00,5,train_station,Frankfurt,,DE,home,Frankfurt,60311,DE,walking,none,none,,,,0.5,0.0,0.0,False,False,True,False,,0,Walking egress leg from Frankfurt station to home.
0,leg-001,a1b2c3d4-1111-2222-3333-444455556666,c3d4e5f6-cccc-dddd-eeee-ffff22223333,1,2026-02-12T08:00:00Z,2026-02-12T08:05:00Z,5,home,Frankfurt,60311,DE,train_station,Frankfurt,,DE,ride_hailing,pay-as-you-go,none,,,car,5.0,12.0,0.6,True,False,False,False,,0,Access leg via ride-hailing to train station.
1,leg-002,a1b2c3d4-1111-2222-3333-444455556666,c3d4e5f6-cccc-dddd-eeee-ffff22223333,2,2026-02-12T08:05:00Z,2026-02-12T11:25:00Z,200,train_station,Frankfurt,,DE,train_station,Berlin,,DE,long_distance_train,single_ticket,second_class,DB,ICE,ICE train,540.0,49.0,21.6,False,True,False,False,5.0,1,ICE train from Frankfurt to Berlin.
2,leg-003,a1b2c3d4-1111-2222-3333-444455556666,c3d4e5f6-cccc-dddd-eeee-ffff22223333,3,2026-02-12T11:25:00Z,2026-02-12T11:30:00Z,5,train_station,Berlin,,DE,friend_home,Berlin,,DE,ride_hailing,pay-as-you-go,none,,,car,5.0,12.0,0.6,False,False,True,False,,2,Ride-hailing from Berlin station to friend's home.
3,leg-004,b2c3d4e5-2222-3333-4444-555566667777,c3d4e5f6-cccc-dddd-eeee-ffff22223333,1,2026-02-12T12:00:00Z,2026-02-12T12:10:00Z,10,friend_home,Berlin,,DE,train_station,Berlin,,DE,walking,none,none,,,foot,2.0,0.0,0.0,False,True,False,False,,0,Walking to Berlin train station.
4,leg-005,c3d4e5f6-3333-4444-5555-666677778888,c3d4e5f6-cccc-dddd-eeee-ffff22223333,1,2026-02-12T13:00:00Z,2026-02-12T16:20:00Z,200,train_station,Berlin,,DE,train_station,Frankfurt,,DE,long_distance_train,single_ticket,second_class,DB,ICE,ICE train,545.0,80.0,21.8,False,True,False,False,5.0,0,ICE train from Berlin to Frankfurt.
5,leg-006,c3d4e5f6-3333-4444-5555-666677778888,c3d4e5f6-cccc-dddd-eeee-ffff22223333,2,2026-02-12T16:20:00Z,2026-02-12T16:30:00Z,10,train_station,Frankfurt,,DE,home,Frankfurt,60311,DE,ride_hailing,pay-as-you-go,none,,,car,5.0,12.0,0.6,False,False,True,False,,1,Ride-hailing from Frankfurt station to home.
6,leg-007,d4e5f6a7-4444-5555-6666-777788889999,c3d4e5f6-cccc-dddd-eeee-ffff22223333,1,2026-02-13T10:00:00Z,2026-02-13T10:15:00Z,15,home,Frankfurt,60311,DE,supermarket,Frankfurt,,DE,ride_hailing,pay-as-you-go,none,,,car,5.0,12.0,0.6,True,True,False,False,,0,Ride-hailing to supermarket.
7,leg-008,e5f6a7b8-5555-6666-7777-88889999aaaa,c3d4e5f6-cccc-dddd-eeee-ffff22223333,1,2026-02-13T11:00:00Z,2026-02-13T11:15:00Z,15,supermarket,Frankfurt,,DE,home,Frankfurt,60311,DE,ride_hailing,pay-as-you-go,none,,,car,5.0,12.0,0.6,False,True,True,False,,0,Ride-hailing from supermarket to home.
8,leg-009,f6a7b8c9-6666-7777-8888-9999aaaabbbb,c3d4e5f6-cccc-dddd-eeee-ffff22223333,1,2026-02-14T07:00:00Z,2026-02-14T07:05:00Z,5,home,Frankfurt,60311,DE,train_station,Frankfurt,,DE,ride_hailing,pay-as-you-go,none,,,car,5.0,12.0,0.6,True,False,False,False,,0,Ride-hailing to Frankfurt ICE station.
9,leg-010,f6a7b8c9-6666-7777-8888-9999aaaabbbb,c3d4e5f6-cccc-dddd-eeee-ffff22223333,2,2026-02-14T07:05:00Z,2026-02-14T10:55:00Z,230,train_station,Frankfurt,,DE,train_station,Munich,,DE,long_distance_train,single_ticket,second_class,DB,ICE,ICE train,390.0,79.0,15.6,False,True,False,False,5.0,1,ICE train Frankfurt to Munich.
10,leg-011,f6a7b8c9-6666-7777-8888-9999aaaabbbb,c3d4e5f6-cccc-dddd-eeee-ffff22223333,3,2026-02-14T10:55:00Z,2026-02-14T11:00:00Z,5,train_station,Munich,,DE,office,Munich,80331,DE,ride_hailing,pay-as-you-go,none,,,car,5.0,12.0,0.6,False,False,True,False,,2,Ride-hailing from Munich station to office.
11,leg-012,a7b8c9d0-7777-8888-9999-aaaabbbbcccc,c3d4e5f6-cccc-dddd-eeee-ffff22223333,1,2026-02-14T18:00:00Z,2026-02-14T18:05:00Z,5,office,Munich,80331,DE,train_station,Munich,,DE,ride_hailing,pay-as-you-go,none,,,car,5.0,12.0,0.6,True,False,False,False,,0,Ride-hailing from office to Munich station.
12,leg-013,a7b8c9d0-7777-8888-9999-aaaabbbbcccc,c3d4e5f6-cccc-dddd-eeee-ffff22223333,2,2026-02-14T18:05:00Z,2026-02-14T21:55:00Z,230,train_station,Munich,,DE,train_station,Frankfurt,,DE,long_distance_train,single_ticket,second_class,DB,ICE,ICE train,390.0,79.0,15.6,False,True,False,False,5.0,1,ICE train Munich to Frankfurt.
13,leg-014,a7b8c9d0-7777-8888-9999-aaaabbbbcccc,c3d4e5f6-cccc-dddd-eeee-ffff22223333,3,2026-02-14T21:55:00Z,2026-02-14T22:00:00Z,5,train_station,Frankfurt,,DE,home,Frankfurt,60311,DE,ride_hailing,pay-as-you-go,none,,,car,5.0,12.0,0.6,False,False,True,False,,2,Ride-hailing from Frankfurt station to home.
14,leg-015,b8c9d0e1-8888-9999-aaaa-bbbbbbccccdd,c3d4e5f6-cccc-dddd-eeee-ffff22223333,1,2026-02-15T18:30:00Z,2026-02-15T18:50:00Z,20,home,Frankfurt,60311,DE,gym,Frankfurt,,DE,ride_hailing,pay-as-you-go,none,,,car,8.0,19.2,0.96,True,True,False,False,,0,Ride-hailing to gym.
15,leg-016,c9d0e1f2-9999-aaaa-bbbb-ccccddddeeee,c3d4e5f6-cccc-dddd-eeee-ffff22223333,1,2026-02-15T20:30:00Z,2026-02-15T20:50:00Z,20,gym,Frankfurt,,DE,home,Frankfurt,60311,DE,ride_hailing,pay-as-you-go,none,,,car,8.0,19.2,0.96,False,True,True,False,,0,Ride-hailing back home from gym.
16,leg-017,d0e1f2g3-aaaa-bbbb-cccc-ddddeeeeffff,c3d4e5f6-cccc-dddd-eeee-ffff22223333,1,2026-02-16T07:30:00Z,2026-02-16T07:35:00Z,5,home,Frankfurt,60311,DE,train_station,Frankfurt,,DE,ride_hailing,pay-as-you-go,none,,,car,5.0,12.0,0.6,True,False,False,False,,0,Ride-hailing to Frankfurt ICE station.
17,leg-018,d0e1f2g3-aaaa-bbbb-cccc-ddddeeeeffff,c3d4e5f6-cccc-dddd-eeee-ffff22223333,2,2026-02-16T07:35:00Z,2026-02-16T11:25:00Z,230,train_station,Frankfurt,,DE,train_station,Munich,,DE,long_distance_train,single_ticket,second_class,DB,ICE,ICE train,390.0,79.0,15.6,False,True,False,False,5.0,1,ICE train Frankfurt to Munich.
18,leg-019,d0e1f2g3-aaaa-bbbb-cccc-ddddeeeeffff,c3d4e5f6-cccc-dddd-eeee-ffff22223333,3,2026-02-16T11:25:00Z,2026-02-16T11:30:00Z,5,train_station,Munich,,DE,office,Munich,80331,DE,ride_hailing,pay-as-you-go,none,,,car,5.0,12.0,0.6,False,False,True,False,,2,Ride-hailing from Munich station to office.
19,leg-020,e1f2g3h4-bbbb-cccc-dddd-eeeeffff1111,c3d4e5f6-cccc-dddd-eeee-ffff22223333,1,2026-02-16T17:30:00Z,2026-02-16T17:35:00Z,5,office,Munich,80331,DE,train_station,Munich,,DE,ride_hailing,pay-as-you-go,none,,,car,5.0,12.0,0.6,True,False,False,False,,0,Ride-hailing from office to Munich station.
20,leg-021,e1f2g3h4-bbbb-cccc-dddd-eeeeffff1111,c3d4e5f6-cccc-dddd-eeee-ffff22223333,2,2026-02-16T17:35:00Z,2026-02-16T21:25:00Z,230,train_station,Munich,,DE,train_station,Frankfurt,,DE,long_distance_train,single_ticket,second_class,DB,ICE,ICE train,390.0,79.0,15.6,False,True,False,False,5.0,1,ICE train Munich to Frankfurt.
21,leg-022,e1f2g3h4-bbbb-cccc-dddd-eeeeffff1111,c3d4e5f6-cccc-dddd-eeee-ffff22223333,3,2026-02-16T21:25:00Z,2026-02-16T21:30:00Z,5,train_station,Frankfurt,,DE,home,Frankfurt,60311,DE,ride_hailing,pay-as-you-go,none,,,car,5.0,12.0,0.6,False,False,True,False,,2,Ride-hailing from Frankfurt station to home.
0,leg-0001,a1b2c3d4-0001-1111-2222-333344445555,c3d4e5f6-cccc-dddd-eeee-ffff22223333,1,2026-02-19T09:30:00,2026-02-19T10:00:00,30,home,Frankfurt,60311,DE,supermarket,Frankfurt,60311,DE,ride_hailing,other,none,,,,8.0,12.0,0.96,False,True,True,False,,0,Ride-hailing leg for grocery run.
1,leg-0002,a1b2c3d4-0002-1111-2222-333344445555,c3d4e5f6-cccc-dddd-eeee-ffff22223333,1,2026-02-19T18:30:00,2026-02-19T18:35:00,5,home,Frankfurt,60311,DE,transit_stop,Frankfurt,,DE,walking,none,none,,,,1.0,0.0,0.0,True,False,False,False,,0,Walk to public transport stop.
2,leg-0003,a1b2c3d4-0002-1111-2222-333344445555,c3d4e5f6-cccc-dddd-eeee-ffff22223333,2,2026-02-19T18:35:00,2026-02-19T19:10:00,35,transit_stop,Frankfurt,,DE,gym_stop,Frankfurt,,DE,public_transport,subscription,second_class,DB,S-Bahn,,10.0,0.0,0.5,False,True,False,False,2.0,0,Public transport leg to gym.
3,leg-0004,a1b2c3d4-0002-1111-2222-333344445555,c3d4e5f6-cccc-dddd-eeee-ffff22223333,3,2026-02-19T19:10:00,2026-02-19T19:15:00,5,gym_stop,Frankfurt,,DE,gym,Frankfurt,60311,DE,walking,none,none,,,,1.0,0.0,0.0,False,False,True,False,,0,Walk from stop to gym.
4,leg-0005,a1b2c3d4-0003-1111-2222-333344445555,c3d4e5f6-cccc-dddd-eeee-ffff22223333,1,2026-02-20T07:00:00,2026-02-20T07:05:00,5,home,Frankfurt,60311,DE,train_station,Frankfurt,60311,DE,walking,none,none,,,,1.0,0.0,0.0,True,False,False,False,,0,Walk to Frankfurt train station.
5,leg-0006,a1b2c3d4-0003-1111-2222-333344445555,c3d4e5f6-cccc-dddd-eeee-ffff22223333,2,2026-02-20T07:05:00,2026-02-20T10:25:00,200,train_station,Frankfurt,60311,DE,train_station,Munich,80331,DE,long_distance_train,single_ticket,second_class,DB,ICE,,400.0,60.0,16.0,False,True,False,False,5.0,0,ICE train from Frankfurt to Munich.
6,leg-0007,a1b2c3d4-0003-1111-2222-333344445555,c3d4e5f6-cccc-dddd-eeee-ffff22223333,3,2026-02-20T10:25:00,2026-02-20T10:30:00,5,train_station,Munich,80331,DE,office,Munich,80331,DE,walking,none,none,,,,1.0,0.0,0.0,False,False,True,False,,0,Walk from Munich station to office.
7,leg-0008,a1b2c3d4-0004-1111-2222-333344445555,c3d4e5f6-cccc-dddd-eeee-ffff22223333,1,2026-02-20T17:30:00,2026-02-20T17:35:00,5,office,Munich,80331,DE,train_station,Munich,80331,DE,walking,none,none,,,,1.0,0.0,0.0,True,False,False,False,,0,Walk to Munich train station.
8,leg-0009,a1b2c3d4-0004-1111-2222-333344445555,c3d4e5f6-cccc-dddd-eeee-ffff22223333,2,2026-02-20T17:35:00,2026-02-20T20:55:00,200,train_station,Munich,80331,DE,train_station,Frankfurt,60311,DE,long_distance_train,single_ticket,second_class,DB,ICE,,400.0,60.0,16.0,False,True,False,False,5.0,0,ICE train back to Frankfurt.
9,leg-0010,a1b2c3d4-0004-1111-2222-333344445555,c3d4e5f6-cccc-dddd-eeee-ffff22223333,3,2026-02-20T20:55:00,2026-02-20T21:00:00,5,train_station,Frankfurt,60311,DE,home,Frankfurt,60311,DE,walking,none,none,,,,1.0,0.0,0.0,False,False,True,False,,0,Walk home from station.
10,leg-0011,a1b2c3d4-0005-1111-2222-333344445555,c3d4e5f6-cccc-dddd-eeee-ffff22223333,1,2026-02-21T06:30:00,2026-02-21T06:35:00,5,home,Frankfurt,60311,DE,train_station,Frankfurt,60311,DE,walking,none,none,,,,1.0,0.0,0.0,True,False,False,False,,0,Walk to Frankfurt Hbf.
11,leg-0012,a1b2c3d4-0005-1111-2222-333344445555,c3d4e5f6-cccc-dddd-eeee-ffff22223333,2,2026-02-21T06:35:00,2026-02-21T10:30:00,235,train_station,Frankfurt,60311,DE,train_station,Berlin,10115,DE,long_distance_train,single_ticket,second_class,DB,ICE,,550.0,80.0,22.0,False,True,False,False,5.0,0,ICE train to Berlin.
12,leg-0013,a1b2c3d4-0006-1111-2222-333344445555,c3d4e5f6-cccc-dddd-eeee-ffff22223333,1,2026-02-21T11:00:00,2026-02-21T11:20:00,20,train_station,Berlin,10115,DE,concert_hall,Berlin,10115,DE,ride_hailing,other,none,,,,10.0,15.0,1.2,False,True,True,False,,0,Ride-hailing to concert venue.
13,leg-0014,a1b2c3d4-0007-1111-2222-333344445555,c3d4e5f6-cccc-dddd-eeee-ffff22223333,1,2026-02-21T22:30:00,2026-02-22T02:20:00,230,train_station,Berlin,10115,DE,train_station,Frankfurt,60311,DE,long_distance_train,single_ticket,second_class,DB,ICE,,550.0,80.0,22.0,False,True,False,False,5.0,0,ICE return to Frankfurt.
14,leg-0015,a1b2c3d4-0007-1111-2222-333344445555,c3d4e5f6-cccc-dddd-eeee-ffff22223333,2,2026-02-22T02:20:00,2026-02-22T02:30:00,10,train_station,Frankfurt,60311,DE,home,Frankfurt,60311,DE,walking,none,none,,,,1.0,0.0,0.0,False,False,True,False,,0,Walk home from station.
15,leg-0016,a1b2c3d4-0008-1111-2222-333344445555,c3d4e5f6-cccc-dddd-eeee-ffff22223333,1,2026-02-22T12:00:00,2026-02-22T12:30:00,30,home,Frankfurt,60311,DE,friend_home,Frankfurt,60311,DE,ride_hailing,other,none,,,,12.0,18.0,1.44,False,True,True,False,,0,Ride-hailing to friend's home.
16,leg-0017,a1b2c3d4-0009-1111-2222-333344445555,c3d4e5f6-cccc-dddd-eeee-ffff22223333,1,2026-02-22T13:00:00,2026-02-22T13:05:00,5,friend_home,Frankfurt,60311,DE,transit_stop,Frankfurt,,DE,walking,none,none,,,,1.0,0.0,0.0,True,False,False,False,,0,Walk to public transport stop.
17,leg-0018,a1b2c3d4-0009-1111-2222-333344445555,c3d4e5f6-cccc-dddd-eeee-ffff22223333,2,2026-02-22T13:05:00,2026-02-22T13:25:00,20,transit_stop,Frankfurt,,DE,transit_stop,Frankfurt,,DE,public_transport,subscription,second_class,DB,S-Bahn,,10.0,0.0,0.5,False,True,False,False,2.0,0,Public transport back home.
18,leg-0019,a1b2c3d4-0009-1111-2222-333344445555,c3d4e5f6-cccc-dddd-eeee-ffff22223333,3,2026-02-22T13:25:00,2026-02-22T13:30:00,5,transit_stop,Frankfurt,,DE,home,Frankfurt,60311,DE,walking,none,none,,,,1.0,0.0,0.0,False,False,True,False,,0,Walk from stop to home.
19,leg-0020,a1b2c3d4-0010-1111-2222-333344445555,c3d4e5f6-cccc-dddd-eeee-ffff22223333,1,2026-02-23T10:00:00,2026-02-23T10:04:00,4,home,Frankfurt,60311,DE,transit_stop,Frankfurt,,DE,walking,none,none,,,,0.8,0.0,0.0,True,False,False,False,,0,Walk to stop.
20,leg-0021,a1b2c3d4-0010-1111-2222-333344445555,c3d4e5f6-cccc-dddd-eeee-ffff22223333,2,2026-02-23T10:04:00,2026-02-23T10:16:00,12,transit_stop,Frankfurt,,DE,transit_stop,Frankfurt,,DE,public_transport,subscription,second_class,DB,S-Bahn,,6.4,0.0,0.32,False,True,False,False,2.0,0,Public transport to pharmacy area.
21,leg-0022,a1b2c3d4-0010-1111-2222-333344445555,c3d4e5f6-cccc-dddd-eeee-ffff22223333,3,2026-02-23T10:16:00,2026-02-23T10:20:00,4,transit_stop,Frankfurt,,DE,pharmacy,Frankfurt,60311,DE,walking,none,none,,,,0.8,0.0,0.0,False,False,True,False,,0,Walk to pharmacy.
22,leg-0023,a1b2c3d4-0011-1111-2222-333344445555,c3d4e5f6-cccc-dddd-eeee-ffff22223333,1,2026-02-24T07:00:00,2026-02-24T07:05:00,5,home,Frankfurt,60311,DE,train_station,Frankfurt,60311,DE,walking,none,none,,,,1.0,0.0,0.0,True,False,False,False,,0,Walk to station.
23,leg-0024,a1b2c3d4-0011-1111-2222-333344445555,c3d4e5f6-cccc-dddd-eeee-ffff22223333,2,2026-02-24T07:05:00,2026-02-24T10:25:00,200,train_station,Frankfurt,60311,DE,train_station,Munich,80331,DE,long_distance_train,single_ticket,second_class,DB,ICE,,400.0,60.0,16.0,False,True,False,False,5.0,0,ICE to Munich.
24,leg-0025,a1b2c3d4-0011-1111-2222-333344445555,c3d4e5f6-cccc-dddd-eeee-ffff22223333,3,2026-02-24T10:25:00,2026-02-24T10:30:00,5,train_station,Munich,80331,DE,office,Munich,80331,DE,walking,none,none,,,,1.0,0.0,0.0,False,False,True,False,,0,Walk to office.
25,leg-0026,a1b2c3d4-0012-1111-2222-333344445555,c3d4e5f6-cccc-dddd-eeee-ffff22223333,1,2026-02-24T17:30:00,2026-02-24T17:35:00,5,office,Munich,80331,DE,train_station,Munich,80331,DE,walking,none,none,,,,1.0,0.0,0.0,True,False,False,False,,0,Walk to station.
26,leg-0027,a1b2c3d4-0012-1111-2222-333344445555,c3d4e5f6-cccc-dddd-eeee-ffff22223333,2,2026-02-24T17:35:00,2026-02-24T20:55:00,200,train_station,Munich,80331,DE,train_station,Frankfurt,60311,DE,long_distance_train,single_ticket,second_class,DB,ICE,,400.0,60.0,16.0,False,True,False,False,5.0,0,ICE back to Frankfurt.
27,leg-0028,a1b2c3d4-0012-1111-2222-333344445555,c3d4e5f6-cccc-dddd-eeee-ffff22223333,3,2026-02-24T20:55:00,2026-02-24T21:00:00,5,train_station,Frankfurt,60311,DE,home,Frankfurt,60311,DE,walking,none,none,,,,1.0,0.0,0.0,False,False,True,False,,0,Walk home.
0,leg-0001,a1b2c3d4-1111-2222-3333-444455556666,c3d4e5f6-cccc-dddd-eeee-ffff22223333,1,2026-02-26T08:30:00+01:00,2026-02-26T08:45:00+01:00,15,home,Frankfurt,60311,DE,train_station,Frankfurt,60311,DE,ride_hailing,pay-as-you-go,none,,,car,5.0,10.0,1.0,False,True,False,False,,0,Ride‑hailing from home to Frankfurt Hauptbahnhof.
1,leg-0002,b2c3d4e5-1111-2222-3333-444455556667,c3d4e5f6-cccc-dddd-eeee-ffff22223333,1,2026-02-26T09:00:00+01:00,2026-02-26T13:00:00+01:00,240,train_station,Frankfurt,60311,DE,train_station,Berlin,10557,DE,long_distance_train,single_ticket,second_class,DB,ICE,train,545.0,80.0,21.8,False,True,False,False,,0,ICE long‑distance train from Frankfurt to Berlin.
2,leg-0003,c3d4e5f6-1111-2222-3333-444455556668,c3d4e5f6-cccc-dddd-eeee-ffff22223333,1,2026-02-26T13:30:00+01:00,2026-02-26T13:45:00+01:00,15,train_station,Berlin,10557,DE,friend_home,Berlin,10115,DE,ride_hailing,pay-as-you-go,none,,,car,6.0,12.0,1.2,False,True,False,False,,0,Ride‑hailing from Berlin station to friend's apartment.
3,leg-0004,d4e5f6g7-1111-2222-3333-444455556669,c3d4e5f6-cccc-dddd-eeee-ffff22223333,1,2026-02-27T10:00:00+01:00,2026-02-27T10:05:00+01:00,5,friend_home,Berlin,10115,DE,public_transport_stop,Berlin,,DE,walking,none,none,,,,0.6,0.0,0.0,True,False,False,False,,0,Walk from friend's home to public‑transport stop.
4,leg-0005,d4e5f6g7-1111-2222-3333-444455556669,c3d4e5f6-cccc-dddd-eeee-ffff22223333,2,2026-02-27T10:05:00+01:00,2026-02-27T10:15:00+01:00,10,public_transport_stop,Berlin,,DE,public_transport_stop,Berlin,,DE,public_transport,subscription,none,DB,U-Bahn,tram,1.8,0.0,0.036,False,True,False,True,,0,Public‑transport (U‑Bahn) to concert venue area.
5,leg-0006,d4e5f6g7-1111-2222-3333-444455556669,c3d4e5f6-cccc-dddd-eeee-ffff22223333,3,2026-02-27T10:15:00+01:00,2026-02-27T10:20:00+01:00,5,public_transport_stop,Berlin,,DE,concert_venue,Berlin,10178,DE,walking,none,none,,,,0.6,0.0,0.0,False,False,True,False,,0,Walk from public‑transport stop to concert venue.
6,leg-0007,e5f6g7h8-1111-2222-3333-444455556670,c3d4e5f6-cccc-dddd-eeee-ffff22223333,1,2026-02-27T13:00:00+01:00,2026-02-27T13:05:00+01:00,5,concert_venue,Berlin,10178,DE,public_transport_stop,Berlin,,DE,walking,none,none,,,,0.6,0.0,0.0,True,False,False,False,,0,Walk from concert venue to public‑transport stop.
7,leg-0008,e5f6g7h8-1111-2222-3333-444455556670,c3d4e5f6-cccc-dddd-eeee-ffff22223333,2,2026-02-27T13:05:00+01:00,2026-02-27T13:15:00+01:00,10,public_transport_stop,Berlin,,DE,public_transport_stop,Berlin,,DE,public_transport,subscription,none,DB,U-Bahn,tram,1.8,0.0,0.036,False,True,False,True,,0,Public‑transport (U‑Bahn) back to Berlin Hauptbahnhof.
8,leg-0009,e5f6g7h8-1111-2222-3333-444455556670,c3d4e5f6-cccc-dddd-eeee-ffff22223333,3,2026-02-27T13:15:00+01:00,2026-02-27T13:20:00+01:00,5,public_transport_stop,Berlin,,DE,train_station,Berlin,10557,DE,walking,none,none,,,,0.6,0.0,0.0,False,False,True,False,,0,Walk from public‑transport stop to Berlin Hauptbahnhof.
9,leg-0010,f6g7h8i9-1111-2222-3333-444455556671,c3d4e5f6-cccc-dddd-eeee-ffff22223333,1,2026-02-27T14:30:00+01:00,2026-02-27T18:30:00+01:00,240,train_station,Berlin,10557,DE,train_station,Frankfurt,60311,DE,long_distance_train,single_ticket,second_class,DB,ICE,train,545.0,80.0,21.8,False,True,False,False,,0,ICE back to Frankfurt after weekend visit.
10,leg-0011,g7h8i9j0-1111-2222-3333-444455556672,c3d4e5f6-cccc-dddd-eeee-ffff22223333,1,2026-02-27T19:00:00+01:00,2026-02-27T19:15:00+01:00,15,train_station,Frankfurt,60311,DE,home,Frankfurt,60311,DE,ride_hailing,pay-as-you-go,none,,,car,5.0,10.0,1.0,False,True,False,False,,0,Ride‑hailing from Frankfurt station to home.
11,leg-0012,h8i9j0k1-1111-2222-3333-444455556673,c3d4e5f6-cccc-dddd-eeee-ffff22223333,1,2026-02-28T09:00:00+01:00,2026-02-28T09:02:00+01:00,2,home,Frankfurt,60311,DE,car_sharing_pickup,Frankfurt,,DE,walking,none,none,,,,0.5,0.0,0.0,True,False,False,False,,0,Walk from home to car‑sharing pickup point.
12,leg-0013,h8i9j0k1-1111-2222-3333-444455556673,c3d4e5f6-cccc-dddd-eeee-ffff22223333,2,2026-02-28T09:02:00+01:00,2026-02-28T09:18:00+01:00,16,car_sharing_pickup,Frankfurt,,DE,car_sharing_dropoff,Frankfurt,,DE,car_sharing,pay-as-you-go,none,sixt,,car,7.0,5.0,1.4,False,True,False,False,,0,Car‑sharing drive to supermarket area.
13,leg-0014,h8i9j0k1-1111-2222-3333-444455556673,c3d4e5f6-cccc-dddd-eeee-ffff22223333,3,2026-02-28T09:18:00+01:00,2026-02-28T09:20:00+01:00,2,car_sharing_dropoff,Frankfurt,,DE,supermarket,Frankfurt,60313,DE,walking,none,none,,,,0.5,0.0,0.0,False,False,True,False,,0,Walk from car‑sharing drop‑off to supermarket.
14,leg-0015,i9j0k1l2-1111-2222-3333-444455556674,c3d4e5f6-cccc-dddd-eeee-ffff22223333,1,2026-02-28T09:30:00+01:00,2026-02-28T09:32:00+01:00,2,supermarket,Frankfurt,60313,DE,car_sharing_pickup,Frankfurt,,DE,walking,none,none,,,,0.5,0.0,0.0,True,False,False,False,,0,Walk from supermarket to car‑sharing pickup.
15,leg-0016,i9j0k1l2-1111-2222-3333-444455556674,c3d4e5f6-cccc-dddd-eeee-ffff22223333,2,2026-02-28T09:32:00+01:00,2026-02-28T09:48:00+01:00,16,car_sharing_pickup,Frankfurt,,DE,car_sharing_dropoff,Frankfurt,,DE,car_sharing,pay-as-you-go,none,sixt,,car,7.0,5.0,1.4,False,True,False,False,,0,Car‑sharing drive back home.
16,leg-0017,i9j0k1l2-1111-2222-3333-444455556674,c3d4e5f6-cccc-dddd-eeee-ffff22223333,3,2026-02-28T09:48:00+01:00,2026-02-28T09:50:00+01:00,2,car_sharing_dropoff,Frankfurt,,DE,home,Frankfurt,60311,DE,walking,none,none,,,,0.5,0.0,0.0,False,False,True,False,,0,Walk from car‑sharing drop‑off to home.
17,leg-0018,j0k1l2m3-1111-2222-3333-444455556675,c3d4e5f6-cccc-dddd-eeee-ffff22223333,1,2026-03-01T07:00:00+01:00,2026-03-01T07:30:00+01:00,30,home,Frankfurt,60311,DE,train_station,Frankfurt,60311,DE,ride_hailing,pay-as-you-go,none,,,car,5.0,30.0,1.0,False,True,False,False,,0,Ride‑hailing from home to Frankfurt train station.
18,leg-0019,j0k1l2m3-1111-2222-3333-444455556675,c3d4e5f6-cccc-dddd-eeee-ffff22223333,2,2026-03-01T07:30:00+01:00,2026-03-01T11:30:00+01:00,240,train_station,Frankfurt,60311,DE,train_station,Munich,80331,DE,long_distance_train,single_ticket,second_class,DB,ICE,train,395.0,60.0,15.8,False,True,False,True,5.0,1,ICE from Frankfurt to Munich.
19,leg-0020,j0k1l2m3-1111-2222-3333-444455556675,c3d4e5f6-cccc-dddd-eeee-ffff22223333,3,2026-03-01T11:30:00+01:00,2026-03-01T12:00:00+01:00,30,train_station,Munich,80331,DE,office,Munich,80331,DE,walking,none,none,,,,2.0,0.0,0.0,False,False,True,False,,1,Walk from Munich station to office.
20,leg-0021,k1l2m3n4-1111-2222-3333-444455556676,c3d4e5f6-cccc-dddd-eeee-ffff22223333,1,2026-03-01T18:00:00+01:00,2026-03-01T18:10:00+01:00,10,office,Munich,80331,DE,train_station,Munich,80331,DE,walking,none,none,,,,1.0,0.0,0.0,True,False,False,False,,0,Walk from office to Munich train station.
21,leg-0022,k1l2m3n4-1111-2222-3333-444455556676,c3d4e5f6-cccc-dddd-eeee-ffff22223333,2,2026-03-01T18:10:00+01:00,2026-03-01T22:10:00+01:00,240,train_station,Munich,80331,DE,train_station,Frankfurt,60311,DE,long_distance_train,single_ticket,second_class,DB,ICE,train,395.0,60.0,15.8,False,True,False,True,5.0,1,ICE from Munich back to Frankfurt.
22,leg-0023,k1l2m3n4-1111-2222-3333-444455556676,c3d4e5f6-cccc-dddd-eeee-ffff22223333,3,2026-03-01T22:10:00+01:00,2026-03-01T23:00:00+01:00,50,train_station,Frankfurt,60311,DE,home,Frankfurt,60311,DE,ride_hailing,pay-as-you-go,none,,,car,5.0,30.0,1.0,False,True,False,False,,1,Ride‑hailing from Frankfurt station to home.
0,leg-a1b2c3d4-1111-2222-3333-444455556666-1,a1b2c3d4-1111-2222-3333-444455556666,c3d4e5f6-cccc-dddd-eeee-ffff22223333,1,2026-03-05T07:30:00+01:00,2026-03-05T07:45:00+01:00,15,home,Frankfurt,60311,DE,gym,Frankfurt,,DE,ride_hailing,pay-as-you-go,none,,,car,5.0,12.0,0.6,False,True,False,False,,0,"Morning workout before remote work day, using preferred ride‑hailing for quick trip."
1,leg-b2c3d4e5-2222-3333-4444-555566667777-1,b2c3d4e5-2222-3333-4444-555566667777,c3d4e5f6-cccc-dddd-eeee-ffff22223333,1,2026-03-05T08:00:00+01:00,2026-03-05T08:15:00+01:00,15,gym,Frankfurt,,DE,home,Frankfurt,60311,DE,ride_hailing,pay-as-you-go,none,,,car,5.0,12.0,0.6,False,True,False,False,,0,Return from gym to home using ride‑hailing.
2,leg-c3d4e5f6-3333-4444-5555-666677778888-1,c3d4e5f6-3333-4444-5555-666677778888,c3d4e5f6-cccc-dddd-eeee-ffff22223333,1,2026-03-05T09:00:00+01:00,2026-03-05T09:03:00+01:00,3,home,Frankfurt,60311,DE,car_sharing_pickup,Frankfurt,,DE,walking,none,none,,,,0.5,0.0,0.0,True,False,False,False,,0,Walking to car‑sharing pickup location.
3,leg-c3d4e5f6-3333-4444-5555-666677778888-2,c3d4e5f6-3333-4444-5555-666677778888,c3d4e5f6-cccc-dddd-eeee-ffff22223333,2,2026-03-05T09:03:00+01:00,2026-03-05T09:17:00+01:00,14,car_sharing_pickup,Frankfurt,,DE,supermarket,Frankfurt,,DE,car_sharing,subscription,none,Sixt,,car,7.0,4.4,0.84,False,True,False,False,,1,Car‑sharing drive to supermarket.
4,leg-c3d4e5f6-3333-4444-5555-666677778888-3,c3d4e5f6-3333-4444-5555-666677778888,c3d4e5f6-cccc-dddd-eeee-ffff22223333,3,2026-03-05T09:17:00+01:00,2026-03-05T09:20:00+01:00,3,supermarket,Frankfurt,,DE,home,Frankfurt,60311,DE,walking,none,none,,,,0.5,0.0,0.0,False,False,True,False,,1,Walking from supermarket back to home.
5,leg-d4e5f6a7-4444-5555-6666-777788889999-1,d4e5f6a7-4444-5555-6666-777788889999,c3d4e5f6-cccc-dddd-eeee-ffff22223333,1,2026-03-06T07:00:00+01:00,2026-03-06T07:05:00+01:00,5,home,Frankfurt,60311,DE,frankfurt_main_station,Frankfurt,,DE,walking,none,none,,,,0.5,0.0,0.0,True,False,False,False,,0,Walking to Frankfurt main train station.
6,leg-d4e5f6a7-4444-5555-6666-777788889999-2,d4e5f6a7-4444-5555-6666-777788889999,c3d4e5f6-cccc-dddd-eeee-ffff22223333,2,2026-03-06T07:05:00+01:00,2026-03-06T10:55:00+01:00,230,frankfurt_main_station,Frankfurt,,DE,munich_main_station,Munich,80331,DE,long_distance_train,single_ticket,second_class,DB,ICE,train,399.0,50.0,15.96,False,True,False,False,5.0,0,ICE ride from Frankfurt to Munich.
7,leg-d4e5f6a7-4444-5555-6666-777788889999-3,d4e5f6a7-4444-5555-6666-777788889999,c3d4e5f6-cccc-dddd-eeee-ffff22223333,3,2026-03-06T10:55:00+01:00,2026-03-06T11:00:00+01:00,5,munich_main_station,Munich,80331,DE,office,Munich,80331,DE,walking,none,none,,,,0.5,0.0,0.0,False,False,True,False,,1,Walking from Munich station to office.
8,leg-e5f6a7b8-5555-6666-7777-88889999aaaa-1,e5f6a7b8-5555-6666-7777-88889999aaaa,c3d4e5f6-cccc-dddd-eeee-ffff22223333,1,2026-03-07T09:00:00+01:00,2026-03-07T09:05:00+01:00,5,home,Frankfurt,60311,DE,frankfurt_main_station,Frankfurt,,DE,walking,none,none,,,,0.5,0.0,0.0,True,False,False,False,,0,Walking to Frankfurt main train station.
9,leg-e5f6a7b8-5555-6666-7777-88889999aaaa-2,e5f6a7b8-5555-6666-7777-88889999aaaa,c3d4e5f6-cccc-dddd-eeee-ffff22223333,2,2026-03-07T09:05:00+01:00,2026-03-07T13:30:00+01:00,265,frankfurt_main_station,Frankfurt,,DE,berlin_main_station,Berlin,,DE,long_distance_train,single_ticket,second_class,DB,ICE,train,549.0,60.0,21.96,False,True,False,False,5.0,0,ICE ride from Frankfurt to Berlin for concert.
10,leg-f6a7b8c9-6666-7777-8888-9999aaaabbbb-1,f6a7b8c9-6666-7777-8888-9999aaaabbbb,c3d4e5f6-cccc-dddd-eeee-ffff22223333,1,2026-03-07T14:00:00+01:00,2026-03-07T14:15:00+01:00,15,Berlin train_station,Berlin,,DE,friend_home,Berlin,,DE,ride_hailing,pay-as-you-go,none,,,car,5.0,12.0,0.6,False,True,False,False,,0,Ride‑hailing from Berlin station to friend's apartment.
11,leg-a7b8c9d0-7777-8888-9999-aaaa1111bbbb-1,a7b8c9d0-7777-8888-9999-aaaa1111bbbb,c3d4e5f6-cccc-dddd-eeee-ffff22223333,1,2026-03-07T18:30:00+01:00,2026-03-07T18:45:00+01:00,15,friend_home,Berlin,,DE,Berlin train_station,Berlin,,DE,ride_hailing,pay-as-you-go,none,,,car,5.0,12.0,0.6,False,True,False,False,,0,Return ride‑hailing to the station after visiting friend.
12,leg-b8c9d0e1-8888-9999-aaaa-bbbb2222cccc-1,b8c9d0e1-8888-9999-aaaa-bbbb2222cccc,c3d4e5f6-cccc-dddd-eeee-ffff22223333,1,2026-03-07T20:00:00+01:00,2026-03-07T20:05:00+01:00,5,Berlin train_station,Berlin,,DE,berlin_main_station,Berlin,,DE,walking,none,none,,,,0.5,0.0,0.0,True,False,False,False,,0,Walking to Berlin main train station for night train.
13,leg-b8c9d0e1-8888-9999-aaaa-bbbb2222cccc-2,b8c9d0e1-8888-9999-aaaa-bbbb2222cccc,c3d4e5f6-cccc-dddd-eeee-ffff22223333,2,2026-03-07T20:05:00+01:00,2026-03-08T00:30:00+01:00,265,berlin_main_station,Berlin,,DE,frankfurt_main_station,Frankfurt,,DE,long_distance_train,single_ticket,second_class,DB,ICE,train,549.0,60.0,21.96,False,True,False,False,5.0,0,Night ICE back to Frankfurt.
14,leg-c9d0e1f2-9999-aaaa-bbbb-cccc3333dddd-1,c9d0e1f2-9999-aaaa-bbbb-cccc3333dddd,c3d4e5f6-cccc-dddd-eeee-ffff22223333,1,2026-03-09T07:00:00+01:00,2026-03-09T07:05:00+01:00,5,home,Frankfurt,60311,DE,frankfurt_main_station,Frankfurt,,DE,walking,none,none,,,,0.5,0.0,0.0,True,False,False,False,,0,Walking to Frankfurt station for commute to Munich.
15,leg-c9d0e1f2-9999-aaaa-bbbb-cccc3333dddd-2,c9d0e1f2-9999-aaaa-bbbb-cccc3333dddd,c3d4e5f6-cccc-dddd-eeee-ffff22223333,2,2026-03-09T07:05:00+01:00,2026-03-09T10:55:00+01:00,230,frankfurt_main_station,Frankfurt,,DE,munich_main_station,Munich,80331,DE,long_distance_train,single_ticket,second_class,DB,ICE,train,399.0,50.0,15.96,False,True,False,False,5.0,0,ICE commute to Munich office.
16,leg-c9d0e1f2-9999-aaaa-bbbb-cccc3333dddd-3,c9d0e1f2-9999-aaaa-bbbb-cccc3333dddd,c3d4e5f6-cccc-dddd-eeee-ffff22223333,3,2026-03-09T10:55:00+01:00,2026-03-09T11:00:00+01:00,5,munich_main_station,Munich,80331,DE,office,Munich,80331,DE,walking,none,none,,,,0.5,0.0,0.0,False,False,True,False,,1,Walking from Munich station to office.
17,leg-d0e1f2g3-aaaa-bbbb-cccc-dddd4444eeee-1,d0e1f2g3-aaaa-bbbb-cccc-dddd4444eeee,c3d4e5f6-cccc-dddd-eeee-ffff22223333,1,2026-03-10T10:00:00+01:00,2026-03-10T10:05:00+01:00,5,home,Frankfurt,60311,DE,frankfurt_tram_stop,Frankfurt,,DE,walking,none,none,,,,0.5,0.0,0.0,True,False,False,False,,0,Walking to public‑transport stop for doctor visit.
18,leg-d0e1f2g3-aaaa-bbbb-cccc-dddd4444eeee-2,d0e1f2g3-aaaa-bbbb-cccc-dddd4444eeee,c3d4e5f6-cccc-dddd-eeee-ffff22223333,2,2026-03-10T10:05:00+01:00,2026-03-10T10:25:00+01:00,20,frankfurt_tram_stop,Frankfurt,,DE,doctor,Frankfurt,,DE,public_transport,subscription,second_class,DB,S-Bahn,tram,2.0,0.0,0.08,False,True,False,False,,0,Public transport to doctor appointment.
19,leg-d0e1f2g3-aaaa-bbbb-cccc-dddd4444eeee-3,d0e1f2g3-aaaa-bbbb-cccc-dddd4444eeee,c3d4e5f6-cccc-dddd-eeee-ffff22223333,3,2026-03-10T10:25:00+01:00,2026-03-10T10:30:00+01:00,5,doctor,Frankfurt,,DE,home,Frankfurt,60311,DE,walking,none,none,,,,0.5,0.0,0.0,False,False,True,False,,1,Walking home from doctor.
20,leg-e1f2g3h4-bbbb-cccc-dddd-eeee5555ffff-1,e1f2g3h4-bbbb-cccc-dddd-eeee5555ffff,c3d4e5f6-cccc-dddd-eeee-ffff22223333,1,2026-03-10T10:45:00+01:00,2026-03-10T11:00:00+01:00,15,doctor,Frankfurt,,DE,home,Frankfurt,60311,DE,public_transport,subscription,second_class,DB,S-Bahn,tram,2.0,0.0,0.08,False,True,False,False,,0,Public transport back home after doctor visit.
21,leg-f2g3h4i5-cccc-dddd-eeee-ffff6666gggg-1,f2g3h4i5-cccc-dddd-eeee-ffff6666gggg,c3d4e5f6-cccc-dddd-eeee-ffff22223333,1,2026-03-11T17:00:00+01:00,2026-03-11T17:05:00+01:00,5,office,Munich,80331,DE,munich_main_station,Munich,80331,DE,walking,none,none,,,,0.5,0.0,0.0,True,False,False,False,,0,Walking to Munich main station for return train.
22,leg-f2g3h4i5-cccc-dddd-eeee-ffff6666gggg-2,f2g3h4i5-cccc-dddd-eeee-ffff6666gggg,c3d4e5f6-cccc-dddd-eeee-ffff22223333,2,2026-03-11T17:05:00+01:00,2026-03-11T21:00:00+01:00,235,munich_main_station,Munich,80331,DE,frankfurt_main_station,Frankfurt,,DE,long_distance_train,single_ticket,second_class,DB,ICE,train,399.0,50.0,15.96,False,True,False,False,5.0,0,ICE return from Munich to Frankfurt.
23,leg-f2g3h4i5-cccc-dddd-eeee-ffff6666gggg-3,f2g3h4i5-cccc-dddd-eeee-ffff6666gggg,c3d4e5f6-cccc-dddd-eeee-ffff22223333,3,2026-03-11T21:00:00+01:00,2026-03-11T21:05:00+01:00,5,frankfurt_main_station,Frankfurt,,DE,home,Frankfurt,60311,DE,walking,none,none,,,,0.5,0.0,0.0,False,False,True,False,,1,Walking home from Frankfurt station.
0,leg-a1b2c3d4-1111-2222-3333-444455556666-1,a1b2c3d4-1111-2222-3333-444455556666,c3d4e5f6-cccc-dddd-eeee-ffff22223333,1,2026-03-12T08:00:00+01:00,2026-03-12T08:30:00+01:00,30,home,Frankfurt,60311,DE,gym,Frankfurt,,DE,ride_hailing,pay-as-you-go,none,,,car,8.0,5.0,1.0,False,True,False,False,,0,Derived from parent trip a1b2c3d4.
1,leg-b2c3d4e5-2222-3333-4444-555566667777-1,b2c3d4e5-2222-3333-4444-555566667777,c3d4e5f6-cccc-dddd-eeee-ffff22223333,1,2026-03-12T09:00:00+01:00,2026-03-12T09:20:00+01:00,20,gym,Frankfurt,,DE,home,Frankfurt,60311,DE,ride_hailing,pay-as-you-go,none,,,car,5.0,4.0,0.6,False,True,False,False,,0,Derived from parent trip b2c3d4e5.
2,leg-c3d4e5f6-3333-4444-5555-666677778888-1,c3d4e5f6-3333-4444-5555-666677778888,c3d4e5f6-cccc-dddd-eeee-ffff22223333,1,2026-03-13T07:00:00+01:00,2026-03-13T07:10:00+01:00,10,home,Frankfurt,60311,DE,train_station,Frankfurt,,DE,walking,none,none,,,,2.0,0.0,0.0,True,False,False,False,,0,Access walk to train station.
3,leg-c3d4e5f6-3333-4444-5555-666677778888-2,c3d4e5f6-3333-4444-5555-666677778888,c3d4e5f6-cccc-dddd-eeee-ffff22223333,2,2026-03-13T07:10:00+01:00,2026-03-13T09:20:00+01:00,130,train_station,Frankfurt,,DE,munich_station,Munich,,DE,long_distance_train,single_ticket,second_class,DB,ICE,train,376.0,58.0,15.0,False,True,False,False,,1,ICE ride to Munich.
4,leg-c3d4e5f6-3333-4444-5555-666677778888-3,c3d4e5f6-3333-4444-5555-666677778888,c3d4e5f6-cccc-dddd-eeee-ffff22223333,3,2026-03-13T09:20:00+01:00,2026-03-13T09:30:00+01:00,10,munich_station,Munich,,DE,Munich office,Munich,,DE,walking,none,none,,,,2.0,0.0,0.0,False,False,True,False,,2,Egress walk to office.
5,leg-d4e5f6a7-4444-5555-6666-777788889999-1,d4e5f6a7-4444-5555-6666-777788889999,c3d4e5f6-cccc-dddd-eeee-ffff22223333,1,2026-03-13T16:30:00+01:00,2026-03-13T16:40:00+01:00,10,Munich office,Munich,,DE,munich_station,Munich,,DE,walking,none,none,,,,2.0,0.0,0.0,True,False,False,False,,0,Access walk to train.
6,leg-d4e5f6a7-4444-5555-6666-777788889999-2,d4e5f6a7-4444-5555-6666-777788889999,c3d4e5f6-cccc-dddd-eeee-ffff22223333,2,2026-03-13T16:40:00+01:00,2026-03-13T18:50:00+01:00,130,munich_station,Munich,,DE,train_station,Frankfurt,,DE,long_distance_train,single_ticket,second_class,DB,ICE,train,376.0,58.0,15.0,False,True,False,False,,1,ICE return to Frankfurt.
7,leg-d4e5f6a7-4444-5555-6666-777788889999-3,d4e5f6a7-4444-5555-6666-777788889999,c3d4e5f6-cccc-dddd-eeee-ffff22223333,3,2026-03-13T18:50:00+01:00,2026-03-13T19:00:00+01:00,10,train_station,Frankfurt,,DE,home,Frankfurt,60311,DE,walking,none,none,,,,2.0,0.0,0.0,False,False,True,False,,2,Egress walk home.
8,leg-e5f6a7b8-5555-6666-7777-88889999aaaa-1,e5f6a7b8-5555-6666-7777-88889999aaaa,c3d4e5f6-cccc-dddd-eeee-ffff22223333,1,2026-03-14T06:30:00+01:00,2026-03-14T06:35:00+01:00,5,home,Frankfurt,60311,DE,train_station,Frankfurt,,DE,walking,none,none,,,,2.0,0.0,0.0,True,False,False,False,,0,Access walk to ICE station.
9,leg-e5f6a7b8-5555-6666-7777-88889999aaaa-2,e5f6a7b8-5555-6666-7777-88889999aaaa,c3d4e5f6-cccc-dddd-eeee-ffff22223333,2,2026-03-14T06:35:00+01:00,2026-03-14T09:30:00+01:00,175,train_station,Frankfurt,,DE,Berlin station,Berlin,,DE,long_distance_train,single_ticket,second_class,DB,ICE,train,548.0,83.0,22.0,False,True,False,False,,1,ICE to Berlin.
10,leg-f6a7b8c9-6666-7777-8888-9999aaaabbbb-1,f6a7b8c9-6666-7777-8888-9999aaaabbbb,c3d4e5f6-cccc-dddd-eeee-ffff22223333,1,2026-03-14T09:45:00+01:00,2026-03-14T10:15:00+01:00,30,Berlin station,Berlin,,DE,friend_home,Berlin,,DE,ride_hailing,pay-as-you-go,none,,,car,10.0,5.0,1.2,False,True,False,False,,0,Ride‑hailing to friend's apartment.
11,leg-a7b8c9d0-7777-8888-9999-aaaa1111bbbb-1,a7b8c9d0-7777-8888-9999-aaaa1111bbbb,c3d4e5f6-cccc-dddd-eeee-ffff22223333,1,2026-03-15T10:45:00+01:00,2026-03-15T13:40:00+01:00,175,Berlin station,Berlin,,DE,Frankfurt station,Frankfurt,,DE,long_distance_train,single_ticket,second_class,DB,ICE,train,548.0,83.0,22.0,False,True,False,False,,0,ICE return to Frankfurt.
12,leg-a7b8c9d0-7777-8888-9999-aaaa1111bbbb-2,a7b8c9d0-7777-8888-9999-aaaa1111bbbb,c3d4e5f6-cccc-dddd-eeee-ffff22223333,2,2026-03-15T13:40:00+01:00,2026-03-15T13:45:00+01:00,5,Frankfurt station,Frankfurt,,DE,home,Frankfurt,60311,DE,walking,none,none,,,,2.0,0.0,0.0,False,False,True,False,,1,Egress walk home.
13,leg-b8c9d0e1-8888-9999-aaaa-bbbb2222cccc-1,b8c9d0e1-8888-9999-aaaa-bbbb2222cccc,c3d4e5f6-cccc-dddd-eeee-ffff22223333,1,2026-03-16T10:00:00+01:00,2026-03-16T10:45:00+01:00,45,home,Frankfurt,60311,DE,supermarket,Frankfurt,,DE,car_sharing,pay-as-you-go,none,sixt,,car,12.0,6.0,1.5,False,True,False,False,,0,Car‑sharing grocery run.
14,leg-c9d0e1f2-9999-aaaa-bbbb-cccc3333dddd-1,c9d0e1f2-9999-aaaa-bbbb-cccc3333dddd,c3d4e5f6-cccc-dddd-eeee-ffff22223333,1,2026-03-16T11:15:00+01:00,2026-03-16T11:30:00+01:00,15,supermarket,Frankfurt,,DE,home,Frankfurt,60311,DE,car_sharing,pay-as-you-go,none,sixt,,car,12.0,6.0,1.5,False,True,False,False,,0,Return car‑sharing home.
15,leg-d0e1f2g3-aaaa-bbbb-cccc-dddd4444eeee-1,d0e1f2g3-aaaa-bbbb-cccc-dddd4444eeee,c3d4e5f6-cccc-dddd-eeee-ffff22223333,1,2026-03-18T09:00:00+01:00,2026-03-18T09:05:00+01:00,5,home,Frankfurt,60311,DE,train_station,Frankfurt,,DE,walking,none,none,,,,2.0,0.0,0.0,True,False,False,False,,0,Access walk to regional train.
16,leg-d0e1f2g3-aaaa-bbbb-cccc-dddd4444eeee-2,d0e1f2g3-aaaa-bbbb-cccc-dddd4444eeee,c3d4e5f6-cccc-dddd-eeee-ffff22223333,2,2026-03-18T09:05:00+01:00,2026-03-18T10:30:00+01:00,85,train_station,Frankfurt,,DE,Cologne station,Cologne,,DE,regional_train,subscription,second_class,DB,RE,train,188.0,0.0,7.5,False,True,False,False,,1,Regional train to Cologne.
17,leg-e1f2g3h4-bbbb-cccc-dddd-eeee5555ffff-1,e1f2g3h4-bbbb-cccc-dddd-eeee5555ffff,c3d4e5f6-cccc-dddd-eeee-ffff22223333,1,2026-03-18T13:00:00+01:00,2026-03-18T14:25:00+01:00,85,Cologne station,Cologne,,DE,train_station,Frankfurt,,DE,regional_train,subscription,second_class,DB,RE,train,188.0,0.0,7.5,False,True,False,False,,0,Regional train back to Frankfurt.
18,leg-e1f2g3h4-bbbb-cccc-dddd-eeee5555ffff-2,e1f2g3h4-bbbb-cccc-dddd-eeee5555ffff,c3d4e5f6-cccc-dddd-eeee-ffff22223333,2,2026-03-18T14:25:00+01:00,2026-03-18T14:30:00+01:00,5,train_station,Frankfurt,,DE,home,Frankfurt,60311,DE,walking,none,none,,,,2.0,0.0,0.0,False,False,True,False,,1,Egress walk home.
0,e1a2b3c4-1111-2222-3333-444455556666,a1b2c3d4-1111-2222-3333-444455556666,c3d4e5f6-cccc-dddd-eeee-ffff22223333,1,2026-03-19T08:00:00+01:00,2026-03-19T08:10:00+01:00,10,home,Frankfurt,60311,DE,Frankfurt train station,Frankfurt,,DE,walking,none,none,,,,0.5,0.0,0.0,True,False,False,False,,0,Access walking to Frankfurt train station.
1,f2b3c4d5-1111-2222-3333-444455556666,a1b2c3d4-1111-2222-3333-444455556666,c3d4e5f6-cccc-dddd-eeee-ffff22223333,2,2026-03-19T08:10:00+01:00,2026-03-19T12:20:00+01:00,250,Frankfurt train station,Frankfurt,,DE,Berlin train station,Berlin,,DE,long_distance_train,single_ticket,first_class,DB,ICE,train,545.0,80.0,27.25,False,True,False,False,5.0,0,Long‑distance ICE train from Frankfurt to Berlin.
2,a3c4d5e6-1111-2222-3333-444455556666,a1b2c3d4-1111-2222-3333-444455556666,c3d4e5f6-cccc-dddd-eeee-ffff22223333,3,2026-03-19T12:20:00+01:00,2026-03-19T12:30:00+01:00,10,Berlin train station,Berlin,,DE,Berlin,Berlin,,DE,walking,none,none,,,,0.5,0.0,0.0,False,False,True,False,,1,Egress walking from Berlin station to final destination.
3,b4d5e6f7-2222-3333-4444-555566667777,b2c3d4e5-2222-3333-4444-555566667777,c3d4e5f6-cccc-dddd-eeee-ffff22223333,1,2026-03-19T12:45:00+01:00,2026-03-19T13:15:00+01:00,30,Berlin train station,Berlin,,DE,friend_home,Berlin,,DE,ride_hailing,pay-as-you-go,none,,,car,5.0,15.0,0.6,False,True,False,False,,0,Ride‑hailing from Berlin station to friend's home.
4,c5e6f7g8-3333-4444-5555-666677778888,c3d4e5f6-3333-4444-5555-666677778888,c3d4e5f6-cccc-dddd-eeee-ffff22223333,1,2026-03-20T15:00:00+01:00,2026-03-20T15:10:00+01:00,10,friend_home,Berlin,,DE,Berlin train station,Berlin,,DE,walking,none,none,,,,0.5,0.0,0.0,True,False,False,False,,0,Walking to Berlin train station for return trip.
5,d6f7g8h9-3333-4444-5555-666677778888,c3d4e5f6-3333-4444-5555-666677778888,c3d4e5f6-cccc-dddd-eeee-ffff22223333,2,2026-03-20T15:10:00+01:00,2026-03-20T19:20:00+01:00,250,Berlin train station,Berlin,,DE,Frankfurt train station,Frankfurt,,DE,long_distance_train,single_ticket,first_class,DB,ICE,train,545.0,80.0,27.25,False,True,False,False,5.0,0,Long‑distance ICE train back to Frankfurt.
6,e7g8h9i0-3333-4444-5555-666677778888,c3d4e5f6-3333-4444-5555-666677778888,c3d4e5f6-cccc-dddd-eeee-ffff22223333,3,2026-03-20T19:20:00+01:00,2026-03-20T19:30:00+01:00,10,Frankfurt train station,Frankfurt,,DE,home,Frankfurt,60311,DE,walking,none,none,,,,0.5,0.0,0.0,False,False,True,False,,1,Walking home from Frankfurt station.
7,f8h9i0j1-4444-5555-6666-777788889999,d4e5f6a7-4444-5555-6666-777788889999,c3d4e5f6-cccc-dddd-eeee-ffff22223333,1,2026-03-21T10:00:00+01:00,2026-03-21T10:05:00+01:00,5,home,Frankfurt,60311,DE,car_sharing_pickup,Frankfurt,,DE,walking,none,none,,,,0.3,0.0,0.0,True,False,False,False,,0,Walking to Sixt car‑sharing pickup point.
8,g9i0j1k2-4444-5555-6666-777788889999,d4e5f6a7-4444-5555-6666-777788889999,c3d4e5f6-cccc-dddd-eeee-ffff22223333,2,2026-03-21T10:05:00+01:00,2026-03-21T10:25:00+01:00,20,car_sharing_pickup,Frankfurt,,DE,supermarket_parking,Frankfurt,,DE,car_sharing,pay-as-you-go,none,sixt,,car,8.0,5.0,0.96,False,True,False,False,,0,Car‑sharing drive to supermarket area.
9,h0j1k2l3-4444-5555-6666-777788889999,d4e5f6a7-4444-5555-6666-777788889999,c3d4e5f6-cccc-dddd-eeee-ffff22223333,3,2026-03-21T10:25:00+01:00,2026-03-21T10:30:00+01:00,5,supermarket_parking,Frankfurt,,DE,supermarket,Frankfurt,,DE,walking,none,none,,,,0.3,0.0,0.0,False,False,True,False,,1,Walking from car to supermarket entrance.
10,i1k2l3m4-5555-6666-7777-88889999aaaa,e5f6a7b8-5555-6666-7777-88889999aaaa,c3d4e5f6-cccc-dddd-eeee-ffff22223333,1,2026-03-21T18:00:00+01:00,2026-03-21T18:20:00+01:00,20,home,Frankfurt,60311,DE,gym,Frankfurt,,DE,ride_hailing,pay-as-you-go,none,,,car,6.0,17.0,0.72,False,True,False,False,,0,Ride‑hailing to gym.
11,j2l3m4n5-6666-7777-8888-9999aaaabbbb,f6a7b8c9-6666-7777-8888-9999aaaabbbb,c3d4e5f6-cccc-dddd-eeee-ffff22223333,1,2026-03-21T20:00:00+01:00,2026-03-21T20:20:00+01:00,20,gym,Frankfurt,,DE,home,Frankfurt,60311,DE,ride_hailing,pay-as-you-go,none,,,car,6.0,17.0,0.72,False,True,False,False,,0,Ride‑hailing back home from gym.
12,k3m4n5o6-7777-8888-9999-aaaabbbbcccc,a7b8c9d0-7777-8888-9999-aaaabbbbcccc,c3d4e5f6-cccc-dddd-eeee-ffff22223333,1,2026-03-22T06:30:00+01:00,2026-03-22T06:35:00+01:00,5,home,Frankfurt,60311,DE,Frankfurt train station,Frankfurt,,DE,walking,none,none,,,,0.3,0.0,0.0,True,False,False,False,,0,Walking to Frankfurt train station for ICE to Munich.
13,l4n5o6p7-7777-8888-9999-aaaabbbbcccc,a7b8c9d0-7777-8888-9999-aaaabbbbcccc,c3d4e5f6-cccc-dddd-eeee-ffff22223333,2,2026-03-22T06:35:00+01:00,2026-03-22T10:25:00+01:00,230,Frankfurt train station,Frankfurt,,DE,Munich train station,Munich,,DE,long_distance_train,single_ticket,first_class,DB,ICE,train,392.0,80.0,19.6,False,True,False,False,5.0,0,ICE train from Frankfurt to Munich.
14,m5o6p7q8-7777-8888-9999-aaaabbbbcccc,a7b8c9d0-7777-8888-9999-aaaabbbbcccc,c3d4e5f6-cccc-dddd-eeee-ffff22223333,3,2026-03-22T10:25:00+01:00,2026-03-22T10:30:00+01:00,5,Munich train station,Munich,,DE,office,Munich,80331,DE,walking,none,none,,,,0.3,0.0,0.0,False,False,True,False,,1,Walking from Munich station to office.
15,n6p7q8r9-8888-9999-aaaa-bbbbbbccccdd,b8c9d0e1-8888-9999-aaaa-bbbbbbccccdd,c3d4e5f6-cccc-dddd-eeee-ffff22223333,1,2026-03-22T18:00:00+01:00,2026-03-22T18:05:00+01:00,5,office,Munich,80331,DE,Munich train station,Munich,,DE,walking,none,none,,,,0.3,0.0,0.0,True,False,False,False,,0,Walking to Munich train station for return ICE.
16,o7q8r9s0-8888-9999-aaaa-bbbbbbccccdd,b8c9d0e1-8888-9999-aaaa-bbbbbbccccdd,c3d4e5f6-cccc-dddd-eeee-ffff22223333,2,2026-03-22T18:05:00+01:00,2026-03-22T22:15:00+01:00,250,Munich train station,Munich,,DE,Frankfurt train station,Frankfurt,,DE,long_distance_train,single_ticket,first_class,DB,ICE,train,392.0,80.0,19.6,False,True,False,False,5.0,0,ICE train back to Frankfurt.
17,p8r9s0t1-8888-9999-aaaa-bbbbbbccccdd,b8c9d0e1-8888-9999-aaaa-bbbbbbccccdd,c3d4e5f6-cccc-dddd-eeee-ffff22223333,3,2026-03-22T22:15:00+01:00,2026-03-22T22:20:00+01:00,5,Frankfurt train station,Frankfurt,,DE,home,Frankfurt,60311,DE,walking,none,none,,,,0.3,0.0,0.0,False,False,True,False,,1,Walking home from Frankfurt station.
18,q9s0t1u2-9999-aaaa-bbbb-ccccddddeeee,c9d0e1f2-9999-aaaa-bbbb-ccccddddeeee,c3d4e5f6-cccc-dddd-eeee-ffff22223333,1,2026-03-23T11:00:00+01:00,2026-03-23T11:05:00+01:00,5,home,Frankfurt,60311,DE,Frankfurt train station,Frankfurt,,DE,walking,none,none,,,,0.3,0.0,0.0,True,False,False,False,,0,Walking to train station for regional train.
19,r0t1u2v3-9999-aaaa-bbbb-ccccddddeeee,c9d0e1f2-9999-aaaa-bbbb-ccccddddeeee,c3d4e5f6-cccc-dddd-eeee-ffff22223333,2,2026-03-23T11:05:00+01:00,2026-03-23T11:40:00+01:00,35,Frankfurt train station,Frankfurt,,DE,client_office,Frankfurt,,DE,regional_train,subscription,second_class,DB,RE,train,30.0,0.0,1.2,False,True,False,False,5.0,0,Regional train to client office.
20,s1u2v3w4-9999-aaaa-bbbb-ccccddddeeee,c9d0e1f2-9999-aaaa-bbbb-ccccddddeeee,c3d4e5f6-cccc-dddd-eeee-ffff22223333,3,2026-03-23T11:40:00+01:00,2026-03-23T11:45:00+01:00,5,client_office,Frankfurt,,DE,home,Frankfurt,60311,DE,walking,none,none,,,,0.3,0.0,0.0,False,False,True,False,,1,Walking home from client office.
21,t2v3w4x5-aaaa-bbbb-cccc-ddddeeeeffff,d0e1f2g3-aaaa-bbbb-cccc-ddddeeeeffff,c3d4e5f6-cccc-dddd-eeee-ffff22223333,1,2026-03-23T13:00:00+01:00,2026-03-23T13:05:00+01:00,5,supermarket,Frankfurt,,DE,car_sharing_pickup,Frankfurt,,DE,walking,none,none,,,,0.3,0.0,0.0,True,False,False,False,,0,Walking to Sixt car‑sharing pickup after grocery.
22,u3w4x5y6-aaaa-bbbb-cccc-ddddeeeeffff,d0e1f2g3-aaaa-bbbb-cccc-ddddeeeeffff,c3d4e5f6-cccc-dddd-eeee-ffff22223333,2,2026-03-23T13:05:00+01:00,2026-03-23T13:25:00+01:00,20,car_sharing_pickup,Frankfurt,,DE,home_parking,Frankfurt,,DE,car_sharing,pay-as-you-go,none,sixt,,car,8.0,5.0,0.96,False,True,False,False,,0,Car‑sharing drive back home.
23,v4x5y6z7-aaaa-bbbb-cccc-ddddeeeeffff,d0e1f2g3-aaaa-bbbb-cccc-ddddeeeeffff,c3d4e5f6-cccc-dddd-eeee-ffff22223333,3,2026-03-23T13:25:00+01:00,2026-03-23T13:30:00+01:00,5,home_parking,Frankfurt,,DE,home,Frankfurt,60311,DE,walking,none,none,,,,0.3,0.0,0.0,False,False,True,False,,1,Walking from car to home entrance.
24,w5y6z7a8-1111-2222-3333-444455556666,e1f2g3h4-bbbb-cccc-dddd-eeeeffff1111,c3d4e5f6-cccc-dddd-eeee-ffff22223333,1,2026-03-24T09:00:00+01:00,2026-03-24T09:05:00+01:00,5,home,Frankfurt,60311,DE,Frankfurt train station,Frankfurt,,DE,walking,none,none,,,,0.3,0.0,0.0,True,False,False,False,,0,Walking to train station for regional train.
25,x6z7a8b9-1111-2222-3333-444455556666,e1f2g3h4-bbbb-cccc-dddd-eeeeffff1111,c3d4e5f6-cccc-dddd-eeee-ffff22223333,2,2026-03-24T09:05:00+01:00,2026-03-24T09:40:00+01:00,35,Frankfurt train station,Frankfurt,,DE,client_office,Frankfurt,,DE,regional_train,subscription,second_class,DB,RE,train,30.0,0.0,1.2,False,True,False,False,5.0,0,Regional train to client office.
26,y7a8b9c0-1111-2222-3333-444455556666,e1f2g3h4-bbbb-cccc-dddd-eeeeffff1111,c3d4e5f6-cccc-dddd-eeee-ffff22223333,3,2026-03-24T09:40:00+01:00,2026-03-24T09:45:00+01:00,5,client_office,Frankfurt,,DE,home,Frankfurt,60311,DE,walking,none,none,,,,0.3,0.0,0.0,False,False,True,False,,1,Walking home from client office.
27,z8b9c0d1-2222-3333-4444-555566667777,f2g3h4i5-cccc-dddd-eeee-ffff11112222,c3d4e5f6-cccc-dddd-eeee-ffff22223333,1,2026-03-24T17:30:00+01:00,2026-03-24T17:35:00+01:00,5,client_office,Frankfurt,,DE,Frankfurt train station,Frankfurt,,DE,walking,none,none,,,,0.3,0.0,0.0,True,False,False,False,,0,Walking to train station for return regional train.
28,a9c0d1e2-2222-3333-4444-555566667777,f2g3h4i5-cccc-dddd-eeee-ffff11112222,c3d4e5f6-cccc-dddd-eeee-ffff22223333,2,2026-03-24T17:35:00+01:00,2026-03-24T18:10:00+01:00,35,Frankfurt train station,Frankfurt,,DE,home,Frankfurt,60311,DE,regional_train,subscription,second_class,DB,RE,train,30.0,0.0,1.2,False,True,False,False,5.0,0,Regional train back home.
29,b0d1e2f3-2222-3333-4444-555566667777,f2g3h4i5-cccc-dddd-eeee-ffff11112222,c3d4e5f6-cccc-dddd-eeee-ffff22223333,3,2026-03-24T18:10:00+01:00,2026-03-24T18:15:00+01:00,5,home,Frankfurt,60311,DE,home,Frankfurt,60311,DE,walking,none,none,,,,0.0,0.0,0.0,False,False,True,False,,1,Final short walk to settle at home.
0,leg-a1b2c3d4-1111-2222-3333-444455556666-1,a1b2c3d4-1111-2222-3333-444455556666,c3d4e5f6-cccc-dddd-eeee-ffff22223333,1,2026-03-26T08:30:00+01:00,2026-03-26T08:45:00+01:00,15,home,Frankfurt,60311,DE,train_station,Frankfurt,,DE,ride_hailing,none,none,,,car,3.0,8.0,0.36,True,False,False,False,,0,Ride‑hailing from home to Frankfurt Hauptbahnhof.
1,leg-a1b2c3d4-1111-2222-3333-444455556666-2,a1b2c3d4-1111-2222-3333-444455556666,c3d4e5f6-cccc-dddd-eeee-ffff22223333,2,2026-03-26T08:45:00+01:00,2026-03-26T12:45:00+01:00,240,train_station,Frankfurt,,DE,train_station,Berlin,,DE,long_distance_train,single_ticket,second_class,DB,ICE,train,545.0,80.0,21.8,False,True,False,False,5.0,1,ICE train from Frankfurt to Berlin.
2,leg-a1b2c3d4-1111-2222-3333-444455556666-3,a1b2c3d4-1111-2222-3333-444455556666,c3d4e5f6-cccc-dddd-eeee-ffff22223333,3,2026-03-26T12:45:00+01:00,2026-03-26T13:00:00+01:00,15,train_station,Berlin,,DE,Berlin,Berlin,,DE,ride_hailing,none,none,,,car,3.0,8.0,0.36,False,False,True,False,,2,Ride‑hailing from Berlin station to final destination.
3,leg-b2c3d4e5-2222-3333-4444-555566667777-1,b2c3d4e5-2222-3333-4444-555566667777,c3d4e5f6-cccc-dddd-eeee-ffff22223333,1,2026-03-26T18:00:00+01:00,2026-03-26T18:15:00+01:00,15,Berlin,Berlin,,DE,train_station,Berlin,,DE,ride_hailing,none,none,,,car,3.0,8.0,0.36,True,False,False,False,,0,Ride‑hailing to Berlin Hauptbahnhof.
4,leg-b2c3d4e5-2222-3333-4444-555566667777-2,b2c3d4e5-2222-3333-4444-555566667777,c3d4e5f6-cccc-dddd-eeee-ffff22223333,2,2026-03-26T18:15:00+01:00,2026-03-26T22:15:00+01:00,240,train_station,Berlin,,DE,train_station,Frankfurt,,DE,long_distance_train,single_ticket,second_class,DB,ICE,train,545.0,80.0,21.8,False,True,False,False,5.0,1,ICE train back to Frankfurt.
5,leg-b2c3d4e5-2222-3333-4444-555566667777-3,b2c3d4e5-2222-3333-4444-555566667777,c3d4e5f6-cccc-dddd-eeee-ffff22223333,3,2026-03-26T22:15:00+01:00,2026-03-26T22:30:00+01:00,15,train_station,Frankfurt,,DE,home,Frankfurt,60311,DE,ride_hailing,none,none,,,car,3.0,8.0,0.36,False,False,True,False,,2,Ride‑hailing from Frankfurt station to home.
6,leg-c3d4e5f6-3333-4444-5555-666677778888-1,c3d4e5f6-3333-4444-5555-666677778888,c3d4e5f6-cccc-dddd-eeee-ffff22223333,1,2026-03-27T10:00:00+01:00,2026-03-27T10:20:00+01:00,20,home,Frankfurt,60311,DE,supermarket,Frankfurt,,DE,ride_hailing,none,none,,,car,5.0,10.0,0.6,False,True,False,False,,0,Ride‑hailing for grocery run.
7,leg-d4e5f6a7-4444-5555-6666-777788889999-1,d4e5f6a7-4444-5555-6666-777788889999,c3d4e5f6-cccc-dddd-eeee-ffff22223333,1,2026-03-27T12:00:00+01:00,2026-03-27T12:20:00+01:00,20,supermarket,Frankfurt,,DE,home,Frankfurt,60311,DE,ride_hailing,none,none,,,car,5.0,10.0,0.6,False,True,False,False,,0,Ride‑hailing back home after shopping.
8,leg-e5f6a7b8-5555-6666-7777-88889999aaaa-1,e5f6a7b8-5555-6666-7777-88889999aaaa,c3d4e5f6-cccc-dddd-eeee-ffff22223333,1,2026-03-28T07:00:00+01:00,2026-03-28T07:10:00+01:00,10,home,Frankfurt,60311,DE,train_station,Frankfurt,,DE,ride_hailing,none,none,,,car,3.0,8.0,0.36,True,False,False,False,,0,Ride‑hailing to Frankfurt Hauptbahnhof for ICE.
9,leg-e5f6a7b8-5555-6666-7777-88889999aaaa-2,e5f6a7b8-5555-6666-7777-88889999aaaa,c3d4e5f6-cccc-dddd-eeee-ffff22223333,2,2026-03-28T07:10:00+01:00,2026-03-28T10:20:00+01:00,190,train_station,Frankfurt,,DE,train_station,Munich,,DE,long_distance_train,single_ticket,second_class,DB,ICE,train,400.0,70.0,16.0,False,True,False,False,5.0,1,ICE train from Frankfurt to Munich.
10,leg-e5f6a7b8-5555-6666-7777-88889999aaaa-3,e5f6a7b8-5555-6666-7777-88889999aaaa,c3d4e5f6-cccc-dddd-eeee-ffff22223333,3,2026-03-28T10:20:00+01:00,2026-03-28T10:30:00+01:00,10,train_station,Munich,,DE,office,Munich,80331,DE,ride_hailing,none,none,,,car,3.0,8.0,0.36,False,False,True,False,,2,Ride‑hailing from Munich station to office.
11,leg-f6a7b8c9-6666-7777-8888-9999aaaabbbb-1,f6a7b8c9-6666-7777-8888-9999aaaabbbb,c3d4e5f6-cccc-dddd-eeee-ffff22223333,1,2026-03-28T18:00:00+01:00,2026-03-28T18:10:00+01:00,10,office,Munich,80331,DE,train_station,Munich,,DE,ride_hailing,none,none,,,car,3.0,8.0,0.36,True,False,False,False,,0,Ride‑hailing from office to Munich station.
12,leg-f6a7b8c9-6666-7777-8888-9999aaaabbbb-2,f6a7b8c9-6666-7777-8888-9999aaaabbbb,c3d4e5f6-cccc-dddd-eeee-ffff22223333,2,2026-03-28T18:10:00+01:00,2026-03-28T21:20:00+01:00,190,train_station,Munich,,DE,train_station,Frankfurt,,DE,long_distance_train,single_ticket,second_class,DB,ICE,train,400.0,70.0,16.0,False,True,False,False,5.0,1,ICE train back to Frankfurt.
13,leg-f6a7b8c9-6666-7777-8888-9999aaaabbbb-3,f6a7b8c9-6666-7777-8888-9999aaaabbbb,c3d4e5f6-cccc-dddd-eeee-ffff22223333,3,2026-03-28T21:20:00+01:00,2026-03-28T21:30:00+01:00,10,train_station,Frankfurt,,DE,home,Frankfurt,60311,DE,ride_hailing,none,none,,,car,3.0,8.0,0.36,False,False,True,False,,2,Ride‑hailing from Frankfurt station to home.
14,leg-a7b8c9d0-7777-8888-9999-aaaabbbbcccc-1,a7b8c9d0-7777-8888-9999-aaaabbbbcccc,c3d4e5f6-cccc-dddd-eeee-ffff22223333,1,2026-03-29T07:30:00+01:00,2026-03-29T07:45:00+01:00,15,home,Frankfurt,60311,DE,gym,Frankfurt,,DE,ride_hailing,none,none,,,car,6.0,12.0,0.72,False,True,False,False,,0,Ride‑hailing to gym.
15,leg-b8c9d0e1-8888-9999-aaaa-bbbbbbccccdd-1,b8c9d0e1-8888-9999-aaaa-bbbbbbccccdd,c3d4e5f6-cccc-dddd-eeee-ffff22223333,1,2026-03-29T09:00:00+01:00,2026-03-29T09:15:00+01:00,15,gym,Frankfurt,,DE,home,Frankfurt,60311,DE,ride_hailing,none,none,,,car,6.0,12.0,0.72,False,True,False,False,,0,Ride‑hailing back home from gym.
16,leg-c9d0e1f2-9999-aaaa-bbbb-ccccddddeeee-1,c9d0e1f2-9999-aaaa-bbbb-ccccddddeeee,c3d4e5f6-cccc-dddd-eeee-ffff22223333,1,2026-03-30T08:00:00+01:00,2026-03-30T08:05:00+01:00,5,home,Frankfurt,60311,DE,tram_stop,Frankfurt,,DE,walking,none,none,,,,0.5,0.0,0.0,True,False,False,False,,0,Walking to tram stop.
17,leg-c9d0e1f2-9999-aaaa-bbbb-ccccddddeeee-2,c9d0e1f2-9999-aaaa-bbbb-ccccddddeeee,c3d4e5f6-cccc-dddd-eeee-ffff22223333,2,2026-03-30T08:05:00+01:00,2026-03-30T08:25:00+01:00,20,tram_stop,Frankfurt,,DE,coworking_stop,Frankfurt,,DE,public_transport,subscription,second_class,DB,Tram,tram,3.0,0.0,0.06,False,True,False,False,,1,Tram ride to coworking area.
18,leg-c9d0e1f2-9999-aaaa-bbbb-ccccddddeeee-3,c9d0e1f2-9999-aaaa-bbbb-ccccddddeeee,c3d4e5f6-cccc-dddd-eeee-ffff22223333,3,2026-03-30T08:25:00+01:00,2026-03-30T08:30:00+01:00,5,coworking_stop,Frankfurt,,DE,coworking_space,Frankfurt,,DE,walking,none,none,,,,0.5,0.0,0.0,False,False,True,False,,2,Walking to coworking space.
19,leg-d0e1f2g3-aaaa-bbbb-cccc-ddddeeeeffff-1,d0e1f2g3-aaaa-bbbb-cccc-ddddeeeeffff,c3d4e5f6-cccc-dddd-eeee-ffff22223333,1,2026-03-30T17:00:00+01:00,2026-03-30T17:05:00+01:00,5,coworking_space,Frankfurt,,DE,tram_stop,Frankfurt,,DE,walking,none,none,,,,0.5,0.0,0.0,True,False,False,False,,0,Walking to tram stop.
20,leg-d0e1f2g3-aaaa-bbbb-cccc-ddddeeeeffff-2,d0e1f2g3-aaaa-bbbb-cccc-ddddeeeeffff,c3d4e5f6-cccc-dddd-eeee-ffff22223333,2,2026-03-30T17:05:00+01:00,2026-03-30T17:25:00+01:00,20,tram_stop,Frankfurt,,DE,home_stop,Frankfurt,,DE,public_transport,subscription,second_class,DB,Tram,tram,3.0,0.0,0.06,False,True,False,False,,1,Tram ride back towards home.
21,leg-d0e1f2g3-aaaa-bbbb-cccc-ddddeeeeffff-3,d0e1f2g3-aaaa-bbbb-cccc-ddddeeeeffff,c3d4e5f6-cccc-dddd-eeee-ffff22223333,3,2026-03-30T17:25:00+01:00,2026-03-30T17:30:00+01:00,5,home_stop,Frankfurt,,DE,home,Frankfurt,60311,DE,walking,none,none,,,,0.5,0.0,0.0,False,False,True,False,,2,Walking home.
22,leg-e1f2g3h4-bbbb-cccc-dddd-eeeeffff1111-1,e1f2g3h4-bbbb-cccc-dddd-eeeeffff1111,c3d4e5f6-cccc-dddd-eeee-ffff22223333,1,2026-04-01T11:00:00+01:00,2026-04-01T11:05:00+01:00,5,home,Frankfurt,60311,DE,tram_stop,Frankfurt,,DE,walking,none,none,,,,0.5,0.0,0.0,True,False,False,False,,0,Walking to tram stop.
23,leg-e1f2g3h4-bbbb-cccc-dddd-eeeeffff1111-2,e1f2g3h4-bbbb-cccc-dddd-eeeeffff1111,c3d4e5f6-cccc-dddd-eeee-ffff22223333,2,2026-04-01T11:05:00+01:00,2026-04-01T11:20:00+01:00,15,tram_stop,Frankfurt,,DE,shopping_stop,Frankfurt,,DE,public_transport,subscription,second_class,DB,S-Bahn,train,6.0,0.0,0.12,False,True,False,False,,1,S-Bahn ride towards shopping mall.
24,leg-e1f2g3h4-bbbb-cccc-dddd-eeeeffff1111-3,e1f2g3h4-bbbb-cccc-dddd-eeeeffff1111,c3d4e5f6-cccc-dddd-eeee-ffff22223333,3,2026-04-01T11:20:00+01:00,2026-04-01T11:25:00+01:00,5,shopping_stop,Frankfurt,,DE,shopping_mall,Frankfurt,,DE,walking,none,none,,,,0.5,0.0,0.0,False,False,True,False,,2,Walking to shopping mall.
25,leg-f2g3h4i5-cccc-dddd-eeee-ffff11112222-1,f2g3h4i5-cccc-dddd-eeee-ffff11112222,c3d4e5f6-cccc-dddd-eeee-ffff22223333,1,2026-04-01T13:30:00+01:00,2026-04-01T13:35:00+01:00,5,shopping_mall,Frankfurt,,DE,shopping_stop,Frankfurt,,DE,walking,none,none,,,,0.5,0.0,0.0,True,False,False,False,,0,Walking to S-Bahn stop.
26,leg-f2g3h4i5-cccc-dddd-eeee-ffff11112222-2,f2g3h4i5-cccc-dddd-eeee-ffff11112222,c3d4e5f6-cccc-dddd-eeee-ffff22223333,2,2026-04-01T13:35:00+01:00,2026-04-01T13:50:00+01:00,15,shopping_stop,Frankfurt,,DE,tram_stop,Frankfurt,,DE,public_transport,subscription,second_class,DB,S-Bahn,train,6.0,0.0,0.12,False,True,False,False,,1,S-Bahn ride back towards home.
27,leg-f2g3h4i5-cccc-dddd-eeee-ffff11112222-3,f2g3h4i5-cccc-dddd-eeee-ffff11112222,c3d4e5f6-cccc-dddd-eeee-ffff22223333,3,2026-04-01T13:50:00+01:00,2026-04-01T13:55:00+01:00,5,tram_stop,Frankfurt,,DE,home,Frankfurt,60311,DE,walking,none,none,,,,0.5,0.0,0.0,False,False,True,False,,2,Walking home.
0,d1a2b3c4-1111-2222-3333-444455556666,a1b2c3d4-0001-1111-2222-333344445555,c3d4e5f6-cccc-dddd-eeee-ffff22223333,1,2026-04-02T07:30:00+02:00,2026-04-02T07:37:00+02:00,7,home,Frankfurt,60311,DE,train_station,Frankfurt,,DE,walking,none,none,,,,2.0,0.0,0.0,True,False,False,False,,0,Access walking leg derived from parent trip.
1,e2b3c4d5-2222-3333-4444-555566667777,a1b2c3d4-0001-1111-2222-333344445555,c3d4e5f6-cccc-dddd-eeee-ffff22223333,2,2026-04-02T07:37:00+02:00,2026-04-02T09:37:00+02:00,120,train_station,Frankfurt,,DE,train_station,Munich,,DE,long_distance_train,single_ticket,second_class,DB,ICE,train,400.0,70.0,16.0,False,True,False,False,5.0,0,Main long‑distance train leg.
2,f3c4d5e6-3333-4444-5555-666677778888,a1b2c3d4-0001-1111-2222-333344445555,c3d4e5f6-cccc-dddd-eeee-ffff22223333,3,2026-04-02T09:37:00+02:00,2026-04-02T09:45:00+02:00,8,train_station,Munich,,DE,office,Munich,80331,DE,walking,none,none,,,,2.0,0.0,0.0,False,False,True,False,,1,Egress walking leg to office.
3,a4d5e6f7-4444-5555-6666-777788889999,a1b2c3d4-0002-1111-2222-333344445555,c3d4e5f6-cccc-dddd-eeee-ffff22223333,1,2026-04-02T18:45:00+02:00,2026-04-02T18:53:00+02:00,8,office,Munich,80331,DE,train_station,Munich,,DE,walking,none,none,,,,2.0,0.0,0.0,True,False,False,False,,0,Access walking leg to Munich station.
4,b5e6f7g8-5555-6666-7777-88889999aaaa,a1b2c3d4-0002-1111-2222-333344445555,c3d4e5f6-cccc-dddd-eeee-ffff22223333,2,2026-04-02T18:53:00+02:00,2026-04-02T20:53:00+02:00,120,train_station,Munich,,DE,train_station,Frankfurt,,DE,long_distance_train,single_ticket,second_class,DB,ICE,train,400.0,70.0,16.0,False,True,False,False,5.0,0,Main long‑distance train leg back to Frankfurt.
5,c6f7g8h9-6666-7777-8888-9999aaaabbbb,a1b2c3d4-0002-1111-2222-333344445555,c3d4e5f6-cccc-dddd-eeee-ffff22223333,3,2026-04-02T20:53:00+02:00,2026-04-02T21:00:00+02:00,7,train_station,Frankfurt,,DE,home,Frankfurt,60311,DE,walking,none,none,,,,2.0,0.0,0.0,False,False,True,False,,1,Egress walking leg to home.
6,d7g8h9i0-7777-8888-9999-aaaabbbbcccc,a1b2c3d4-0003-1111-2222-333344445555,c3d4e5f6-cccc-dddd-eeee-ffff22223333,1,2026-04-03T08:15:00+02:00,2026-04-03T08:22:00+02:00,7,home,Frankfurt,60311,DE,train_station,Frankfurt,,DE,walking,none,none,,,,2.0,0.0,0.0,True,False,False,False,,0,Access walking leg to Frankfurt station.
7,e8h9i0j1-8888-9999-aaaa-bbbbbbccccdd,a1b2c3d4-0003-1111-2222-333344445555,c3d4e5f6-cccc-dddd-eeee-ffff22223333,2,2026-04-03T08:22:00+02:00,2026-04-03T11:07:00+02:00,165,train_station,Frankfurt,,DE,train_station,Berlin,,DE,long_distance_train,single_ticket,second_class,DB,ICE,train,550.0,80.0,22.0,False,True,False,False,5.0,0,Main long‑distance train leg to Berlin.
8,f9i0j1k2-9999-aaaa-bbbb-ccccddddeeee,a1b2c3d4-0003-1111-2222-333344445555,c3d4e5f6-cccc-dddd-eeee-ffff22223333,3,2026-04-03T11:07:00+02:00,2026-04-03T11:15:00+02:00,8,train_station,Berlin,,DE,friend_home,Berlin,10407,DE,walking,none,none,,,,5.0,0.0,0.0,False,False,True,False,,1,Egress walking leg to friend's apartment.
9,g0j1k2l3-aaaa-bbbb-cccc-ddddeeeeffff,a1b2c3d4-0004-1111-2222-333344445555,c3d4e5f6-cccc-dddd-eeee-ffff22223333,1,2026-04-03T12:00:00+02:00,2026-04-03T12:20:00+02:00,20,train_station,Berlin,10115,DE,friend_home,Berlin,10407,DE,ride_hailing,pay-as-you-go,none,,,car,5.0,15.0,0.6,False,True,False,False,,0,Ride‑hailing leg from Berlin station to friend.
10,h1k2l3m4-bbbb-cccc-dddd-eeeeffff1111,a1b2c3d4-0005-1111-2222-333344445555,c3d4e5f6-cccc-dddd-eeee-ffff22223333,1,2026-04-04T09:00:00+02:00,2026-04-04T09:08:00+02:00,8,friend_home,Berlin,10407,DE,train_station,Berlin,,DE,walking,none,none,,,,5.0,0.0,0.0,True,False,False,False,,0,Access walking leg to Berlin station.
11,i2l3m4n5-cccc-dddd-eeee-ffff11112222,a1b2c3d4-0005-1111-2222-333344445555,c3d4e5f6-cccc-dddd-eeee-ffff22223333,2,2026-04-04T09:08:00+02:00,2026-04-04T11:53:00+02:00,165,train_station,Berlin,,DE,train_station,Frankfurt,,DE,long_distance_train,single_ticket,second_class,DB,ICE,train,550.0,80.0,22.0,False,True,False,False,5.0,0,Main long‑distance train leg back to Frankfurt.
12,j3m4n5o6-dddd-eeee-ffff-111122223333,a1b2c3d4-0005-1111-2222-333344445555,c3d4e5f6-cccc-dddd-eeee-ffff22223333,3,2026-04-04T11:53:00+02:00,2026-04-04T12:00:00+02:00,7,train_station,Frankfurt,,DE,home,Frankfurt,60311,DE,walking,none,none,,,,2.0,0.0,0.0,False,False,True,False,,1,Egress walking leg to home.
13,k4n5o6p7-eeee-ffff-1111-222233334444,a1b2c3d4-0006-1111-2222-333344445555,c3d4e5f6-cccc-dddd-eeee-ffff22223333,1,2026-04-05T07:45:00+02:00,2026-04-05T07:50:00+02:00,5,home,Frankfurt,60311,DE,transit_stop,Frankfurt,,DE,walking,none,none,,,,0.5,0.0,0.0,True,False,False,False,,0,Walking to public‑transport stop.
14,l5o6p7q8-ffff-1111-2222-333344445555,a1b2c3d4-0006-1111-2222-333344445555,c3d4e5f6-cccc-dddd-eeee-ffff22223333,2,2026-04-05T07:50:00+02:00,2026-04-05T08:10:00+02:00,20,transit_stop,Frankfurt,,DE,transit_stop,Frankfurt,,DE,public_transport,subscription,second_class,DB,S-Bahn,train,7.0,0.0,0.14,False,True,False,False,2.0,0,S‑Bahn ride to office area.
15,m6p7q8r9-1111-2222-3333-444455556666,a1b2c3d4-0006-1111-2222-333344445555,c3d4e5f6-cccc-dddd-eeee-ffff22223333,3,2026-04-05T08:10:00+02:00,2026-04-05T08:15:00+02:00,5,transit_stop,Frankfurt,,DE,office,Frankfurt,60313,DE,walking,none,none,,,,0.5,0.0,0.0,False,False,True,False,,1,Walking from stop to office.
16,n7q8r9s0-2222-3333-4444-555566667777,a1b2c3d4-0007-1111-2222-333344445555,c3d4e5f6-cccc-dddd-eeee-ffff22223333,1,2026-04-05T17:30:00+02:00,2026-04-05T17:35:00+02:00,5,office,Frankfurt,60313,DE,transit_stop,Frankfurt,,DE,walking,none,none,,,,0.5,0.0,0.0,True,False,False,False,,0,Walking to public‑transport stop.
17,o8r9s0t1-3333-4444-5555-666677778888,a1b2c3d4-0007-1111-2222-333344445555,c3d4e5f6-cccc-dddd-eeee-ffff22223333,2,2026-04-05T17:35:00+02:00,2026-04-05T17:55:00+02:00,20,transit_stop,Frankfurt,,DE,transit_stop,Frankfurt,,DE,public_transport,subscription,second_class,DB,S-Bahn,train,7.0,0.0,0.14,False,True,False,False,2.0,0,S‑Bahn ride back towards home.
18,p9s0t1u2-4444-5555-6666-777788889999,a1b2c3d4-0007-1111-2222-333344445555,c3d4e5f6-cccc-dddd-eeee-ffff22223333,3,2026-04-05T17:55:00+02:00,2026-04-05T18:00:00+02:00,5,transit_stop,Frankfurt,,DE,home,Frankfurt,60311,DE,walking,none,none,,,,0.5,0.0,0.0,False,False,True,False,,1,Walking from stop to home.
19,q0t1u2v3-5555-6666-7777-88889999aaaa,a1b2c3d4-0008-1111-2222-333344445555,c3d4e5f6-cccc-dddd-eeee-ffff22223333,1,2026-04-06T07:45:00+02:00,2026-04-06T07:50:00+02:00,5,home,Frankfurt,60311,DE,transit_stop,Frankfurt,,DE,walking,none,none,,,,0.5,0.0,0.0,True,False,False,False,,0,Walking to public‑transport stop.
20,r1u2v3w4-6666-7777-8888-9999aaaabbbb,a1b2c3d4-0008-1111-2222-333344445555,c3d4e5f6-cccc-dddd-eeee-ffff22223333,2,2026-04-06T07:50:00+02:00,2026-04-06T08:10:00+02:00,20,transit_stop,Frankfurt,,DE,transit_stop,Frankfurt,,DE,public_transport,subscription,second_class,DB,S-Bahn,train,7.0,0.0,0.14,False,True,False,False,2.0,0,S‑Bahn ride to office area.
21,s2v3w4x5-7777-8888-9999-aaaa1111bbbb,a1b2c3d4-0008-1111-2222-333344445555,c3d4e5f6-cccc-dddd-eeee-ffff22223333,3,2026-04-06T08:10:00+02:00,2026-04-06T08:15:00+02:00,5,transit_stop,Frankfurt,,DE,office,Frankfurt,60313,DE,walking,none,none,,,,0.5,0.0,0.0,False,False,True,False,,1,Walking from stop to office.
22,t3w4x5y6-8888-9999-aaaa-bbbbccccdddd,a1b2c3d4-0009-1111-2222-333344445555,c3d4e5f6-cccc-dddd-eeee-ffff22223333,1,2026-04-06T17:30:00+02:00,2026-04-06T17:35:00+02:00,5,office,Frankfurt,60313,DE,transit_stop,Frankfurt,,DE,walking,none,none,,,,0.5,0.0,0.0,True,False,False,False,,0,Walking to public‑transport stop.
23,u4x5y6z7-9999-aaaa-bbbb-ccccddddeeee,a1b2c3d4-0009-1111-2222-333344445555,c3d4e5f6-cccc-dddd-eeee-ffff22223333,2,2026-04-06T17:35:00+02:00,2026-04-06T17:55:00+02:00,20,transit_stop,Frankfurt,,DE,transit_stop,Frankfurt,,DE,public_transport,subscription,second_class,DB,S-Bahn,train,7.0,0.0,0.14,False,True,False,False,2.0,0,S‑Bahn ride home.
24,v5y6z7a8-aaaa-bbbb-cccc-ddddeeeeffff,a1b2c3d4-0009-1111-2222-333344445555,c3d4e5f6-cccc-dddd-eeee-ffff22223333,3,2026-04-06T17:55:00+02:00,2026-04-06T18:00:00+02:00,5,transit_stop,Frankfurt,,DE,home,Frankfurt,60311,DE,walking,none,none,,,,0.5,0.0,0.0,False,False,True,False,,1,Walking from stop to home.
25,w6z7a8b9-bbbb-cccc-dddd-eeeeffff1111,a1b2c3d4-0010-1111-2222-333344445555,c3d4e5f6-cccc-dddd-eeee-ffff22223333,1,2026-04-07T10:00:00+02:00,2026-04-07T10:20:00+02:00,20,home,Frankfurt,60311,DE,supermarket,Frankfurt,60314,DE,ride_hailing,pay-as-you-go,none,,,car,6.0,12.0,0.72,False,True,False,False,,0,Ride‑hailing trip to supermarket.
26,x7a8b9c0-cccc-dddd-eeee-ffff11112222,a1b2c3d4-0011-1111-2222-333344445555,c3d4e5f6-cccc-dddd-eeee-ffff22223333,1,2026-04-07T10:45:00+02:00,2026-04-07T11:05:00+02:00,20,supermarket,Frankfurt,60314,DE,home,Frankfurt,60311,DE,ride_hailing,pay-as-you-go,none,,,car,6.0,12.0,0.72,False,True,False,False,,0,Ride‑hailing return from supermarket.
0,leg-001,a1111111-1111-1111-1111-111111111111,c3d4e5f6-cccc-dddd-eeee-ffff22223333,1,2026-04-09T07:10:00+02:00,2026-04-09T07:20:00+02:00,10,home,Frankfurt,60311,DE,train_station,Frankfurt,,DE,walking,none,none,,,foot,1.0,0.0,0.0,True,False,False,False,,0,Walk from home to Frankfurt Hauptbahnhof to catch ICE.
1,leg-002,a1111111-1111-1111-1111-111111111111,c3d4e5f6-cccc-dddd-eeee-ffff22223333,2,2026-04-09T07:20:00+02:00,2026-04-09T09:30:00+02:00,130,train_station,Frankfurt,,DE,train_station,Munich,,DE,long_distance_train,single_ticket,second_class,DB,ICE,train,400.0,60.0,16.0,False,True,False,False,5.0,1,ICE from Frankfurt to Munich covered by single ticket.
2,leg-003,a1111111-1111-1111-1111-111111111111,c3d4e5f6-cccc-dddd-eeee-ffff22223333,3,2026-04-09T09:30:00+02:00,2026-04-09T09:40:00+02:00,10,train_station,Munich,,DE,office,Munich,80331,DE,ride_hailing,pay-as-you-go,none,,,car,5.0,10.5,0.6,False,False,True,False,,2,Ride‑hailing from Munich Hbf to office.
3,leg-004,a2222222-2222-2222-2222-222222222222,c3d4e5f6-cccc-dddd-eeee-ffff22223333,1,2026-04-09T17:30:00+02:00,2026-04-09T17:40:00+02:00,10,office,Munich,80331,DE,train_station,Munich,,DE,walking,none,none,,,foot,1.0,0.0,0.0,True,False,False,False,,0,Walk from office to Munich Hbf.
4,leg-005,a2222222-2222-2222-2222-222222222222,c3d4e5f6-cccc-dddd-eeee-ffff22223333,2,2026-04-09T17:40:00+02:00,2026-04-09T19:50:00+02:00,130,train_station,Munich,,DE,train_station,Frankfurt,,DE,long_distance_train,single_ticket,second_class,DB,ICE,train,400.0,60.0,16.0,False,True,False,False,5.0,1,ICE back to Frankfurt.
5,leg-006,a2222222-2222-2222-2222-222222222222,c3d4e5f6-cccc-dddd-eeee-ffff22223333,3,2026-04-09T19:50:00+02:00,2026-04-09T20:00:00+02:00,10,train_station,Frankfurt,,DE,home,Frankfurt,60311,DE,ride_hailing,pay-as-you-go,none,,,car,5.0,10.5,0.6,False,False,True,False,,2,Ride‑hailing from Frankfurt Hbf to home.
6,leg-007,a3333333-3333-3333-3333-333333333333,c3d4e5f6-cccc-dddd-eeee-ffff22223333,1,2026-04-10T10:00:00+02:00,2026-04-10T10:20:00+02:00,20,home,Frankfurt,60311,DE,supermarket,Frankfurt,,DE,ride_hailing,pay-as-you-go,none,,,car,8.0,15.0,0.96,False,True,False,False,,0,Ride‑hailing for grocery run.
7,leg-008,a4444444-4444-4444-4444-444444444444,c3d4e5f6-cccc-dddd-eeee-ffff22223333,1,2026-04-10T11:00:00+02:00,2026-04-10T11:05:00+02:00,5,supermarket,Frankfurt,,DE,home,Frankfurt,60311,DE,walking,none,none,,,foot,2.0,0.0,0.0,False,False,True,False,,0,Walking back home after grocery purchase.
8,leg-009,a5555555-5555-5555-5555-555555555555,c3d4e5f6-cccc-dddd-eeee-ffff22223333,1,2026-04-11T08:00:00+02:00,2026-04-11T08:05:00+02:00,5,home,Frankfurt,60311,DE,train_station,Frankfurt,,DE,walking,none,none,,,foot,0.5,0.0,0.0,True,False,False,False,,0,Walk to Frankfurt Hbf for ICE to Berlin.
9,leg-010,a5555555-5555-5555-5555-555555555555,c3d4e5f6-cccc-dddd-eeee-ffff22223333,2,2026-04-11T08:05:00+02:00,2026-04-11T10:20:00+02:00,135,train_station,Frankfurt,,DE,train_station,Berlin,,DE,long_distance_train,single_ticket,second_class,DB,ICE,train,550.0,80.0,22.0,False,True,False,False,5.0,1,ICE from Frankfurt to Berlin.
10,leg-011,a5555555-5555-5555-5555-555555555555,c3d4e5f6-cccc-dddd-eeee-ffff22223333,3,2026-04-11T10:20:00+02:00,2026-04-11T10:30:00+02:00,10,train_station,Berlin,,DE,city_center,Berlin,,DE,ride_hailing,pay-as-you-go,none,,,car,6.0,12.0,0.72,False,False,True,False,,2,Ride‑hailing from Berlin Hbf to concert venue.
11,leg-012,a6666666-6666-6666-6666-666666666666,c3d4e5f6-cccc-dddd-eeee-ffff22223333,1,2026-04-12T19:00:00+02:00,2026-04-12T21:15:00+02:00,135,train_station,Berlin,,DE,train_station,Frankfurt,,DE,long_distance_train,single_ticket,second_class,DB,ICE,train,550.0,80.0,22.0,False,True,False,False,5.0,0,ICE back from Berlin to Frankfurt.
12,leg-013,a6666666-6666-6666-6666-666666666666,c3d4e5f6-cccc-dddd-eeee-ffff22223333,2,2026-04-12T21:15:00+02:00,2026-04-12T21:30:00+02:00,15,train_station,Frankfurt,,DE,home,Frankfurt,60311,DE,ride_hailing,pay-as-you-go,none,,,car,6.0,12.0,0.72,False,False,True,False,,1,Ride‑hailing from Frankfurt Hbf to home after Berlin trip.
13,leg-014,a7777777-7777-7777-7777-777777777777,c3d4e5f6-cccc-dddd-eeee-ffff22223333,1,2026-04-12T09:00:00+02:00,2026-04-12T09:15:00+02:00,15,home,Frankfurt,60311,DE,gym,Frankfurt,,DE,ride_hailing,pay-as-you-go,none,,,car,6.0,12.0,0.72,False,True,False,False,,0,Ride‑hailing to gym for morning workout.
14,leg-015,a8888888-8888-8888-8888-888888888888,c3d4e5f6-cccc-dddd-eeee-ffff22223333,1,2026-04-12T11:30:00+02:00,2026-04-12T11:35:00+02:00,5,gym,Frankfurt,,DE,home,Frankfurt,60311,DE,walking,none,none,,,foot,0.5,0.0,0.0,False,False,True,False,,0,Walking home after gym.
15,leg-016,a9999999-9999-9999-9999-999999999999,c3d4e5f6-cccc-dddd-eeee-ffff22223333,1,2026-04-13T07:30:00+02:00,2026-04-13T07:40:00+02:00,10,home,Frankfurt,60311,DE,train_station,Frankfurt,,DE,walking,none,none,,,foot,1.0,0.0,0.0,True,False,False,False,,0,Walk to Frankfurt Hbf for morning ICE.
16,leg-017,a9999999-9999-9999-9999-999999999999,c3d4e5f6-cccc-dddd-eeee-ffff22223333,2,2026-04-13T07:40:00+02:00,2026-04-13T09:50:00+02:00,130,train_station,Frankfurt,,DE,train_station,Munich,,DE,long_distance_train,single_ticket,second_class,DB,ICE,train,400.0,60.0,16.0,False,True,False,False,5.0,1,ICE to Munich office.
17,leg-018,a9999999-9999-9999-9999-999999999999,c3d4e5f6-cccc-dddd-eeee-ffff22223333,3,2026-04-13T09:50:00+02:00,2026-04-13T10:00:00+02:00,10,train_station,Munich,,DE,office,Munich,80331,DE,ride_hailing,pay-as-you-go,none,,,car,5.0,10.5,0.6,False,False,True,False,,2,Ride‑hailing from Munich Hbf to office.
18,leg-019,b1111111-1111-1111-1111-111111111111,c3d4e5f6-cccc-dddd-eeee-ffff22223333,1,2026-04-13T18:00:00+02:00,2026-04-13T18:10:00+02:00,10,office,Munich,80331,DE,train_station,Munich,,DE,walking,none,none,,,foot,1.0,0.0,0.0,True,False,False,False,,0,Walk from office to Munich Hbf.
19,leg-020,b1111111-1111-1111-1111-111111111111,c3d4e5f6-cccc-dddd-eeee-ffff22223333,2,2026-04-13T18:10:00+02:00,2026-04-13T20:20:00+02:00,130,train_station,Munich,,DE,train_station,Frankfurt,,DE,long_distance_train,single_ticket,second_class,DB,ICE,train,400.0,60.0,16.0,False,True,False,False,5.0,1,ICE back to Frankfurt.
20,leg-021,b1111111-1111-1111-1111-111111111111,c3d4e5f6-cccc-dddd-eeee-ffff22223333,3,2026-04-13T20:20:00+02:00,2026-04-13T20:30:00+02:00,10,train_station,Frankfurt,,DE,home,Frankfurt,60311,DE,ride_hailing,pay-as-you-go,none,,,car,5.0,10.5,0.6,False,False,True,False,,2,Ride‑hailing from Frankfurt Hbf to home.
21,leg-022,b2222222-2222-2222-2222-222222222222,c3d4e5f6-cccc-dddd-eeee-ffff22223333,1,2026-04-14T09:00:00+02:00,2026-04-14T09:05:00+02:00,5,home,Frankfurt,60311,DE,transit_stop,Frankfurt,,DE,walking,none,none,,,foot,0.5,0.0,0.0,True,False,False,False,,0,Walk to S‑Bahn stop for doctor visit.
22,leg-023,b2222222-2222-2222-2222-222222222222,c3d4e5f6-cccc-dddd-eeee-ffff22223333,2,2026-04-14T09:05:00+02:00,2026-04-14T09:25:00+02:00,20,transit_stop,Frankfurt,,DE,doctor,Frankfurt,,DE,public_transport,subscription,second_class,DB,S-Bahn,train,12.0,0.0,0.36,False,True,False,False,5.0,1,S‑Bahn to doctor's office covered by Deutschlandticket.
23,leg-024,b2222222-2222-2222-2222-222222222222,c3d4e5f6-cccc-dddd-eeee-ffff22223333,3,2026-04-14T09:25:00+02:00,2026-04-14T09:30:00+02:00,5,doctor,Frankfurt,,DE,home,Frankfurt,60311,DE,walking,none,none,,,foot,1.0,0.0,0.0,False,False,True,False,,2,Walk home after doctor's appointment.
0,a1111111-1111-1111-1111-111111111111,b1a2c3d4-0001-1111-2222-333344445555,c3d4e5f6-cccc-dddd-eeee-ffff22223333,1,2026-04-16T07:30:00+02:00,2026-04-16T07:40:00+02:00,10,home,Frankfurt,60311,DE,train_station,Frankfurt,,DE,walking,none,none,,,,2.0,0.0,0.0,True,False,False,False,,0,Walk from home to Frankfurt main train station.
1,a2222222-2222-2222-2222-222222222222,b1a2c3d4-0001-1111-2222-333344445555,c3d4e5f6-cccc-dddd-eeee-ffff22223333,2,2026-04-16T07:40:00+02:00,2026-04-16T10:50:00+02:00,190,train_station,Frankfurt,,DE,train_station,Munich,,DE,long_distance_train,single_ticket,second_class,DB,ICE,train,386.0,47.0,15.44,False,True,False,False,,0,ICE from Frankfurt Hbf to Munich Hbf.
2,a3333333-3333-3333-3333-333333333333,b1a2c3d4-0001-1111-2222-333344445555,c3d4e5f6-cccc-dddd-eeee-ffff22223333,3,2026-04-16T10:50:00+02:00,2026-04-16T11:00:00+02:00,10,train_station,Munich,,DE,office,Munich,80331,DE,walking,none,none,,,,2.0,0.0,0.0,False,False,True,False,,0,Walk from Munich station to office.
3,b1111111-1111-1111-1111-111111111111,b1a2c3d4-0002-1111-2222-333344445556,c3d4e5f6-cccc-dddd-eeee-ffff22223333,1,2026-04-16T17:30:00+02:00,2026-04-16T17:40:00+02:00,10,office,Munich,80331,DE,train_station,Munich,,DE,walking,none,none,,,,2.0,0.0,0.0,True,False,False,False,,0,Walk from office to Munich train station.
4,b2222222-2222-2222-2222-222222222222,b1a2c3d4-0002-1111-2222-333344445556,c3d4e5f6-cccc-dddd-eeee-ffff22223333,2,2026-04-16T17:40:00+02:00,2026-04-16T20:50:00+02:00,190,train_station,Munich,,DE,train_station,Frankfurt,,DE,long_distance_train,single_ticket,second_class,DB,ICE,train,386.0,47.0,15.44,False,True,False,False,,0,ICE back to Frankfurt.
5,b3333333-3333-3333-3333-333333333333,b1a2c3d4-0002-1111-2222-333344445556,c3d4e5f6-cccc-dddd-eeee-ffff22223333,3,2026-04-16T20:50:00+02:00,2026-04-16T21:00:00+02:00,10,train_station,Frankfurt,,DE,home,Frankfurt,60311,DE,walking,none,none,,,,2.0,0.0,0.0,False,False,True,False,,0,Walk from Frankfurt station to home.
6,c1111111-1111-1111-1111-111111111111,b1a2c3d4-0003-1111-2222-333344445557,c3d4e5f6-cccc-dddd-eeee-ffff22223333,1,2026-04-17T09:00:00+02:00,2026-04-17T09:20:00+02:00,20,home,Frankfurt,60311,DE,client_meeting,Frankfurt,60313,DE,ride_hailing,pay-as-you-go,none,Uber,,car,5.0,12.0,0.6,False,True,False,False,,0,Ride‑hailing from home to client meeting.
7,d1111111-1111-1111-1111-111111111111,b1a2c3d4-0004-1111-2222-333344445558,c3d4e5f6-cccc-dddd-eeee-ffff22223333,1,2026-04-17T10:00:00+02:00,2026-04-17T10:03:00+02:00,3,client_meeting,Frankfurt,60313,DE,transit_stop,Frankfurt,,DE,walking,none,none,,,,0.5,0.0,0.0,True,False,False,False,,0,Walk to nearest public‑transport stop.
8,d2222222-2222-2222-2222-222222222222,b1a2c3d4-0004-1111-2222-333344445558,c3d4e5f6-cccc-dddd-eeee-ffff22223333,2,2026-04-17T10:03:00+02:00,2026-04-17T10:12:00+02:00,9,transit_stop,Frankfurt,,DE,transit_stop,Frankfurt,,DE,public_transport,subscription,none,DB,U-Bahn,tram,2.0,0.0,0.04,False,True,False,False,2.0,0,U‑Bahn ride to gym area.
9,d3333333-3333-3333-3333-333333333333,b1a2c3d4-0004-1111-2222-333344445558,c3d4e5f6-cccc-dddd-eeee-ffff22223333,3,2026-04-17T10:12:00+02:00,2026-04-17T10:15:00+02:00,3,transit_stop,Frankfurt,,DE,gym,Frankfurt,,DE,walking,none,none,,,,0.5,0.0,0.0,False,False,True,False,,0,Walk from stop to gym.
10,e1111111-1111-1111-1111-111111111111,b1a2c3d4-0005-1111-2222-333344445559,c3d4e5f6-cccc-dddd-eeee-ffff22223333,1,2026-04-18T08:00:00+02:00,2026-04-18T08:05:00+02:00,5,home,Frankfurt,60311,DE,train_station,Frankfurt,,DE,walking,none,none,,,,0.5,0.0,0.0,True,False,False,False,,0,Walk to Frankfurt main station.
11,e2222222-2222-2222-2222-222222222222,b1a2c3d4-0005-1111-2222-333344445559,c3d4e5f6-cccc-dddd-eeee-ffff22223333,2,2026-04-18T08:05:00+02:00,2026-04-18T11:55:00+02:00,230,train_station,Frankfurt,,DE,train_station,Berlin,,DE,long_distance_train,single_ticket,second_class,DB,ICE,train,543.0,66.0,21.72,False,True,False,False,,0,ICE from Frankfurt to Berlin.
12,e3333333-3333-3333-3333-333333333333,b1a2c3d4-0005-1111-2222-333344445559,c3d4e5f6-cccc-dddd-eeee-ffff22223333,3,2026-04-18T11:55:00+02:00,2026-04-18T12:00:00+02:00,5,train_station,Berlin,,DE,friend_home,Berlin,,DE,walking,none,none,,,,0.5,0.0,0.0,False,False,True,False,,0,Walk from Berlin station to friend's apartment.
13,f1111111-1111-1111-1111-111111111111,b1a2c3d4-0006-1111-2222-333344445560,c3d4e5f6-cccc-dddd-eeee-ffff22223333,1,2026-04-18T12:15:00+02:00,2026-04-18T12:35:00+02:00,20,train_station,Berlin,,DE,friend_home,Berlin,,DE,ride_hailing,pay-as-you-go,none,Uber,,car,6.0,15.0,0.72,False,True,False,False,,0,Ride‑hailing from Berlin station to friend's home.
14,g1111111-1111-1111-1111-111111111111,b1a2c3d4-0007-1111-2222-333344445561,c3d4e5f6-cccc-dddd-eeee-ffff22223333,1,2026-04-19T14:00:00+02:00,2026-04-19T14:05:00+02:00,5,friend_home,Berlin,,DE,train_station,Berlin,,DE,walking,none,none,,,,0.5,0.0,0.0,True,False,False,False,,0,Walk to Berlin main station.
15,g2222222-2222-2222-2222-222222222222,b1a2c3d4-0007-1111-2222-333344445561,c3d4e5f6-cccc-dddd-eeee-ffff22223333,2,2026-04-19T14:05:00+02:00,2026-04-19T17:55:00+02:00,230,train_station,Berlin,,DE,train_station,Frankfurt,,DE,long_distance_train,single_ticket,second_class,DB,ICE,train,543.0,66.0,21.72,False,True,False,False,,0,ICE back to Frankfurt.
16,g3333333-3333-3333-3333-333333333333,b1a2c3d4-0007-1111-2222-333344445561,c3d4e5f6-cccc-dddd-eeee-ffff22223333,3,2026-04-19T17:55:00+02:00,2026-04-19T18:00:00+02:00,5,train_station,Frankfurt,,DE,home,Frankfurt,60311,DE,walking,none,none,,,,0.5,0.0,0.0,False,False,True,False,,0,Walk from Frankfurt station to home.
17,h1111111-1111-1111-1111-111111111111,b1a2c3d4-0008-1111-2222-333344445562,c3d4e5f6-cccc-dddd-eeee-ffff22223333,1,2026-04-19T18:30:00+02:00,2026-04-19T18:32:00+02:00,2,home,Frankfurt,60311,DE,car_sharing_pickup,Frankfurt,,DE,walking,none,none,,,,0.2,0.0,0.0,True,False,False,False,,0,Walk to Sixt car‑sharing pickup spot.
18,h2222222-2222-2222-2222-222222222222,b1a2c3d4-0008-1111-2222-333344445562,c3d4e5f6-cccc-dddd-eeee-ffff22223333,2,2026-04-19T18:32:00+02:00,2026-04-19T18:48:00+02:00,16,car_sharing_pickup,Frankfurt,,DE,car_sharing_dropoff,Frankfurt,,DE,car_sharing,pay-as-you-go,none,sixt,,car,7.6,5.5,0.912,False,True,False,False,,0,Car‑sharing drive to supermarket.
19,h3333333-3333-3333-3333-333333333333,b1a2c3d4-0008-1111-2222-333344445562,c3d4e5f6-cccc-dddd-eeee-ffff22223333,3,2026-04-19T18:48:00+02:00,2026-04-19T18:50:00+02:00,2,car_sharing_dropoff,Frankfurt,,DE,supermarket,Frankfurt,,DE,walking,none,none,,,,0.2,0.0,0.0,False,False,True,False,,0,Walk from car to supermarket.
20,i1111111-1111-1111-1111-111111111111,b1a2c3d4-0009-1111-2222-333344445563,c3d4e5f6-cccc-dddd-eeee-ffff22223333,1,2026-04-20T10:00:00+02:00,2026-04-20T10:04:00+02:00,4,home,Frankfurt,60311,DE,transit_stop,Frankfurt,,DE,walking,none,none,,,,0.5,0.0,0.0,True,False,False,False,,0,Walk to public‑transport stop.
21,i2222222-2222-2222-2222-222222222222,b1a2c3d4-0009-1111-2222-333344445563,c3d4e5f6-cccc-dddd-eeee-ffff22223333,2,2026-04-20T10:04:00+02:00,2026-04-20T10:11:00+02:00,7,transit_stop,Frankfurt,,DE,transit_stop,Frankfurt,,DE,public_transport,subscription,none,DB,Tram,tram,2.5,0.0,0.05,False,True,False,False,2.0,0,Tram ride to doctor stop.
22,i3333333-3333-3333-3333-333333333333,b1a2c3d4-0009-1111-2222-333344445563,c3d4e5f6-cccc-dddd-eeee-ffff22223333,3,2026-04-20T10:11:00+02:00,2026-04-20T10:15:00+02:00,4,transit_stop,Frankfurt,,DE,doctor,Frankfurt,,DE,walking,none,none,,,,0.5,0.0,0.0,False,False,True,False,,0,Walk to doctor's office.
23,j1111111-1111-1111-1111-111111111111,b1a2c3d4-0010-1111-2222-333344445564,c3d4e5f6-cccc-dddd-eeee-ffff22223333,1,2026-04-21T08:15:00+02:00,2026-04-21T08:20:00+02:00,5,home,Frankfurt,60311,DE,train_station,Frankfurt,,DE,walking,none,none,,,,0.5,0.0,0.0,True,False,False,False,,0,Walk to regional train station.
24,j2222222-2222-2222-2222-222222222222,b1a2c3d4-0010-1111-2222-333344445564,c3d4e5f6-cccc-dddd-eeee-ffff22223333,2,2026-04-21T08:20:00+02:00,2026-04-21T08:40:00+02:00,20,train_station,Frankfurt,,DE,train_station,Frankfurt,,DE,regional_train,subscription,none,DB,RE,train,9.0,0.0,0.36,False,True,False,False,2.0,0,Regional train to office area.
25,j3333333-3333-3333-3333-333333333333,b1a2c3d4-0010-1111-2222-333344445564,c3d4e5f6-cccc-dddd-eeee-ffff22223333,3,2026-04-21T08:40:00+02:00,2026-04-21T08:45:00+02:00,5,train_station,Frankfurt,,DE,office,Frankfurt,60313,DE,walking,none,none,,,,0.5,0.0,0.0,False,False,True,False,,0,Walk from station to office.
26,k1111111-1111-1111-1111-111111111111,b1a2c3d4-0011-1111-2222-333344445565,c3d4e5f6-cccc-dddd-eeee-ffff22223333,1,2026-04-21T19:00:00+02:00,2026-04-21T19:05:00+02:00,5,home,Frankfurt,60311,DE,train_station,Frankfurt,,DE,walking,none,none,,,,0.5,0.0,0.0,True,False,False,False,,0,Walk to Frankfurt station for concert trip.
27,k2222222-2222-2222-2222-222222222222,b1a2c3d4-0011-1111-2222-333344445565,c3d4e5f6-cccc-dddd-eeee-ffff22223333,2,2026-04-21T19:05:00+02:00,2026-04-21T20:25:00+02:00,80,train_station,Frankfurt,,DE,train_station,Cologne,,DE,long_distance_train,single_ticket,second_class,DB,ICE,train,180.0,23.0,7.2,False,True,False,False,,0,ICE to Cologne for concert.
28,k3333333-3333-3333-3333-333333333333,b1a2c3d4-0011-1111-2222-333344445565,c3d4e5f6-cccc-dddd-eeee-ffff22223333,3,2026-04-21T20:25:00+02:00,2026-04-21T20:30:00+02:00,5,train_station,Cologne,,DE,concert_city,Cologne,,DE,walking,none,none,,,,0.5,0.0,0.0,False,False,True,False,,0,Walk from Cologne station to concert city area.
29,l1111111-1111-1111-1111-111111111111,b1a2c3d4-0012-1111-2222-333344445566,c3d4e5f6-cccc-dddd-eeee-ffff22223333,1,2026-04-21T20:35:00+02:00,2026-04-21T20:40:00+02:00,5,train_station,Cologne,,DE,ride_hailing_pickup,Cologne,,DE,walking,none,none,,,,0.5,0.0,0.0,True,False,False,False,,0,Walk to ride‑hailing pickup point.
30,l2222222-2222-2222-2222-222222222222,b1a2c3d4-0012-1111-2222-333344445566,c3d4e5f6-cccc-dddd-eeee-ffff22223333,2,2026-04-21T20:40:00+02:00,2026-04-21T20:50:00+02:00,10,ride_hailing_pickup,Cologne,,DE,concert_venue,Cologne,,DE,ride_hailing,pay-as-you-go,none,Uber,,car,5.0,12.0,0.6,False,True,False,False,,0,Ride‑hailing from station to concert venue.
0,leg-0001,a1b2c3d4-1111-2222-3333-444455556666,c3d4e5f6-cccc-dddd-eeee-ffff22223333,1,2026-04-23T08:30:00Z,2026-04-23T08:45:00Z,15,home,Frankfurt,,DE,client_meeting_office,Frankfurt,,DE,ride_hailing,pay-as-you-go,none,,,car,8.0,12.0,0.96,False,True,False,False,,0,Direct ride‑hailing from home to client meeting for flexibility.
1,leg-0002,b2c3d4e5-2222-3333-4444-555566667777,c3d4e5f6-cccc-dddd-eeee-ffff22223333,1,2026-04-23T18:00:00Z,2026-04-23T18:05:00Z,5,home,Frankfurt,,DE,transit_stop,Frankfurt,,DE,walking,none,none,,,,0.5,,0.0,True,False,False,False,,0,Walk from home to nearest public‑transport stop.
2,leg-0003,b2c3d4e5-2222-3333-4444-555566667777,c3d4e5f6-cccc-dddd-eeee-ffff22223333,2,2026-04-23T18:05:00Z,2026-04-23T18:20:00Z,15,transit_stop,Frankfurt,,DE,transit_stop,Frankfurt,,DE,public_transport,subscription,second_class,DB,tram,,4.0,0.0,0.16,False,True,False,False,2.0,1,Tram ride covered by Deutschlandticket.
3,leg-0004,b2c3d4e5-2222-3333-4444-555566667777,c3d4e5f6-cccc-dddd-eeee-ffff22223333,3,2026-04-23T18:20:00Z,2026-04-23T18:25:00Z,5,transit_stop,Frankfurt,,DE,supermarket,Frankfurt,,DE,walking,none,none,,,,0.5,,0.0,False,False,True,False,,2,Walk from tram stop to supermarket.
4,leg-0005,c3d4e5f6-3333-4444-5555-666677778888,c3d4e5f6-cccc-dddd-eeee-ffff22223333,1,2026-04-24T07:00:00Z,2026-04-24T07:05:00Z,5,home,Frankfurt,,DE,train_station,Frankfurt,,DE,walking,none,none,,,,0.5,,0.0,True,False,False,False,,0,Walk to Frankfurt main train station.
5,leg-0006,c3d4e5f6-3333-4444-5555-666677778888,c3d4e5f6-cccc-dddd-eeee-ffff22223333,2,2026-04-24T07:05:00Z,2026-04-24T09:25:00Z,140,train_station,Frankfurt,,DE,train_station,Munich,,DE,long_distance_train,single_ticket,second_class,DB,ICE,,389.0,60.0,7.78,False,True,False,False,5.0,1,"ICE ride from Frankfurt to Munich, second class."
6,leg-0007,c3d4e5f6-3333-4444-5555-666677778888,c3d4e5f6-cccc-dddd-eeee-ffff22223333,3,2026-04-24T09:25:00Z,2026-04-24T09:30:00Z,5,train_station,Munich,,DE,office,Munich,,DE,walking,none,none,,,,0.5,,0.0,False,False,True,False,,2,Walk from Munich station to office.
7,leg-0008,d4e5f6a7-4444-5555-6666-777788889999,c3d4e5f6-cccc-dddd-eeee-ffff22223333,1,2026-04-24T18:00:00Z,2026-04-24T18:05:00Z,5,office,Munich,,DE,train_station,Munich,,DE,walking,none,none,,,,0.5,,0.0,True,False,False,False,,0,Walk from office to Munich train station.
8,leg-0009,d4e5f6a7-4444-5555-6666-777788889999,c3d4e5f6-cccc-dddd-eeee-ffff22223333,2,2026-04-24T18:05:00Z,2026-04-24T20:25:00Z,140,train_station,Munich,,DE,train_station,Frankfurt,,DE,long_distance_train,single_ticket,second_class,DB,ICE,,389.0,60.0,7.78,False,True,False,False,5.0,1,ICE ride back to Frankfurt.
9,leg-0010,d4e5f6a7-4444-5555-6666-777788889999,c3d4e5f6-cccc-dddd-eeee-ffff22223333,3,2026-04-24T20:25:00Z,2026-04-24T20:30:00Z,5,train_station,Frankfurt,,DE,home,Frankfurt,,DE,walking,none,none,,,,0.5,,0.0,False,False,True,False,,2,Walk from Frankfurt station to home.
10,leg-0011,e5f6a7b8-5555-6666-7777-88889999aaaa,c3d4e5f6-cccc-dddd-eeee-ffff22223333,1,2026-04-25T07:00:00Z,2026-04-25T07:05:00Z,5,home,Frankfurt,,DE,train_station,Frankfurt,,DE,walking,none,none,,,,0.5,,0.0,True,False,False,False,,0,Walk to Frankfurt main station.
11,leg-0012,e5f6a7b8-5555-6666-7777-88889999aaaa,c3d4e5f6-cccc-dddd-eeee-ffff22223333,2,2026-04-25T07:05:00Z,2026-04-25T09:25:00Z,140,train_station,Frankfurt,,DE,train_station,Berlin,,DE,long_distance_train,single_ticket,second_class,DB,ICE,,544.0,80.0,10.88,False,True,False,False,5.0,1,ICE ride from Frankfurt to Berlin.
12,leg-0013,e5f6a7b8-5555-6666-7777-88889999aaaa,c3d4e5f6-cccc-dddd-eeee-ffff22223333,3,2026-04-25T09:25:00Z,2026-04-25T09:30:00Z,5,train_station,Berlin,,DE,friend_home,Berlin,,DE,walking,none,none,,,,0.5,,0.0,False,False,True,False,,2,Walk from Berlin Hbf to friend's apartment.
13,leg-0014,f6a7b8c9-6666-7777-8888-9999aaaabbbb,c3d4e5f6-cccc-dddd-eeee-ffff22223333,1,2026-04-25T10:00:00Z,2026-04-25T10:15:00Z,15,train_station,Berlin,,DE,friend_home,Berlin,,DE,ride_hailing,pay-as-you-go,none,,,car,6.0,9.0,0.72,False,True,False,False,,0,Ride‑hailing from Berlin Hbf to friend's home.
14,leg-0015,a7b8c9d0-7777-8888-9999-aaaabbbbcccc,c3d4e5f6-cccc-dddd-eeee-ffff22223333,1,2026-04-26T14:00:00Z,2026-04-26T14:45:00Z,45,friend_home,Berlin,,DE,concert_venue,Berlin,,DE,ride_hailing,pay-as-you-go,none,,,car,8.0,12.0,0.96,False,True,False,False,,0,Ride‑hailing to evening concert.
15,leg-0016,b8c9d0e1-8888-9999-aaaa-bbbbbbccccdd,c3d4e5f6-cccc-dddd-eeee-ffff22223333,1,2026-04-26T20:00:00Z,2026-04-26T20:05:00Z,5,train_station,Berlin,,DE,train_station,Berlin,,DE,walking,none,none,,,,0.5,,0.0,True,False,False,False,,0,Walk from Berlin station to platform for ICE.
16,leg-0017,b8c9d0e1-8888-9999-aaaa-bbbbbbccccdd,c3d4e5f6-cccc-dddd-eeee-ffff22223333,2,2026-04-26T20:05:00Z,2026-04-26T22:25:00Z,140,train_station,Berlin,,DE,train_station,Frankfurt,,DE,long_distance_train,single_ticket,second_class,DB,ICE,,544.0,80.0,10.88,False,True,False,False,5.0,1,ICE ride back to Frankfurt.
17,leg-0018,b8c9d0e1-8888-9999-aaaa-bbbbbbccccdd,c3d4e5f6-cccc-dddd-eeee-ffff22223333,3,2026-04-26T22:25:00Z,2026-04-26T22:30:00Z,5,train_station,Frankfurt,,DE,home,Frankfurt,,DE,walking,none,none,,,,0.5,,0.0,False,False,True,False,,2,Walk from Frankfurt station to home.
18,leg-0019,c9d0e1f2-9999-aaaa-bbbb-ccccddddeeee,c3d4e5f6-cccc-dddd-eeee-ffff22223333,1,2026-04-27T09:30:00Z,2026-04-27T10:00:00Z,30,home,Frankfurt,,DE,gym,Frankfurt,,DE,ride_hailing,pay-as-you-go,none,,,car,7.0,10.0,0.84,False,True,False,False,,0,Ride‑hailing to gym for convenience.
19,leg-0020,d0e1f2g3-aaaa-bbbb-cccc-ddddeeeeffff,c3d4e5f6-cccc-dddd-eeee-ffff22223333,1,2026-04-27T12:30:00Z,2026-04-27T12:35:00Z,5,gym,Frankfurt,,DE,transit_stop,Frankfurt,,DE,walking,none,none,,,,0.5,,0.0,True,False,False,False,,0,Walk from gym to tram stop.
20,leg-0021,d0e1f2g3-aaaa-bbbb-cccc-ddddeeeeffff,c3d4e5f6-cccc-dddd-eeee-ffff22223333,2,2026-04-27T12:35:00Z,2026-04-27T12:55:00Z,20,transit_stop,Frankfurt,,DE,transit_stop,Frankfurt,,DE,public_transport,subscription,second_class,DB,tram,,4.0,0.0,0.16,False,True,False,False,2.0,1,Tram ride home covered by subscription.
21,leg-0022,d0e1f2g3-aaaa-bbbb-cccc-ddddeeeeffff,c3d4e5f6-cccc-dddd-eeee-ffff22223333,3,2026-04-27T12:55:00Z,2026-04-27T13:00:00Z,5,transit_stop,Frankfurt,,DE,home,Frankfurt,,DE,walking,none,none,,,,0.5,,0.0,False,False,True,False,,2,Walk from tram stop to home.
22,leg-0023,e1f2g3h4-bbbb-cccc-dddd-eeeeffff1111,c3d4e5f6-cccc-dddd-eeee-ffff22223333,1,2026-04-28T07:00:00Z,2026-04-28T07:05:00Z,5,home,Frankfurt,,DE,train_station,Frankfurt,,DE,walking,none,none,,,,0.5,,0.0,True,False,False,False,,0,Walk to Frankfurt main station.
23,leg-0024,e1f2g3h4-bbbb-cccc-dddd-eeeeffff1111,c3d4e5f6-cccc-dddd-eeee-ffff22223333,2,2026-04-28T07:05:00Z,2026-04-28T09:25:00Z,140,train_station,Frankfurt,,DE,train_station,Munich,,DE,long_distance_train,single_ticket,second_class,DB,ICE,,389.0,60.0,7.78,False,True,False,False,5.0,1,ICE ride to Munich for workshop.
24,leg-0025,e1f2g3h4-bbbb-cccc-dddd-eeeeffff1111,c3d4e5f6-cccc-dddd-eeee-ffff22223333,3,2026-04-28T09:25:00Z,2026-04-28T09:30:00Z,5,train_station,Munich,,DE,office,Munich,,DE,walking,none,none,,,,0.5,,0.0,False,False,True,False,,2,Walk from Munich station to office.
25,leg-0026,f2g3h4i5-cccc-dddd-eeee-ffff11112222,c3d4e5f6-cccc-dddd-eeee-ffff22223333,1,2026-04-28T19:00:00Z,2026-04-28T19:05:00Z,5,office,Munich,,DE,train_station,Munich,,DE,walking,none,none,,,,0.5,,0.0,True,False,False,False,,0,Walk from office to Munich station.
26,leg-0027,f2g3h4i5-cccc-dddd-eeee-ffff11112222,c3d4e5f6-cccc-dddd-eeee-ffff22223333,2,2026-04-28T19:05:00Z,2026-04-28T21:25:00Z,140,train_station,Munich,,DE,train_station,Frankfurt,,DE,long_distance_train,single_ticket,second_class,DB,ICE,,389.0,60.0,7.78,False,True,False,False,5.0,1,ICE ride back to Frankfurt.
27,leg-0028,f2g3h4i5-cccc-dddd-eeee-ffff11112222,c3d4e5f6-cccc-dddd-eeee-ffff22223333,3,2026-04-28T21:25:00Z,2026-04-28T21:30:00Z,5,train_station,Frankfurt,,DE,home,Frankfurt,,DE,walking,none,none,,,,0.5,,0.0,False,False,True,False,,2,Walk from Frankfurt station to home.
0,e1a2b3c4-1111-2222-3333-444455556666,a1b2c3d4-1111-2222-3333-444455556666,c3d4e5f6-cccc-dddd-eeee-ffff22223333,1,2026-04-30T07:30:00+02:00,2026-04-30T07:35:00+02:00,5,home,Frankfurt,60311,DE,train_station,Frankfurt,,DE,walking,none,none,,,,0.5,0.0,0.0,True,False,False,False,,0,Walking from home to the nearest train station as access leg for regional train commute.
1,f2b3c4d5-1111-2222-3333-444455556666,a1b2c3d4-1111-2222-3333-444455556666,c3d4e5f6-cccc-dddd-eeee-ffff22223333,2,2026-04-30T07:35:00+02:00,2026-04-30T08:10:00+02:00,35,train_station,Frankfurt,,DE,office_stop,Frankfurt,,DE,regional_train,subscription,second_class,DB,RE,train,7.0,0.0,0.28,False,True,False,False,5.0,0,Regional train ride covered by Deutschlandticket from Frankfurt station to office stop.
2,a3c4d5e6-1111-2222-3333-444455556666,a1b2c3d4-1111-2222-3333-444455556666,c3d4e5f6-cccc-dddd-eeee-ffff22223333,3,2026-04-30T08:10:00+02:00,2026-04-30T08:15:00+02:00,5,office_stop,Frankfurt,,DE,office,Frankfurt,60311,DE,walking,none,none,,,,0.5,0.0,0.0,False,False,True,False,,0,Walking from the train stop to the office as egress leg.
3,b4d5e6f7-2222-3333-4444-555566667777,b2c3d4e5-2222-3333-4444-555566667777,c3d4e5f6-cccc-dddd-eeee-ffff22223333,1,2026-04-30T18:00:00+02:00,2026-04-30T18:05:00+02:00,5,office,Frankfurt,60311,DE,train_station,Frankfurt,,DE,walking,none,none,,,,0.5,0.0,0.0,True,False,False,False,,0,Walking from office to the regional train station.
4,c5e6f7g8-2222-3333-4444-555566667777,b2c3d4e5-2222-3333-4444-555566667777,c3d4e5f6-cccc-dddd-eeee-ffff22223333,2,2026-04-30T18:05:00+02:00,2026-04-30T18:40:00+02:00,35,train_station,Frankfurt,,DE,home_stop,Frankfurt,,DE,regional_train,subscription,second_class,DB,RE,train,7.0,0.0,0.28,False,True,False,False,5.0,0,"Regional train ride back home, covered by subscription."
5,d6f7g8h9-2222-3333-4444-555566667777,b2c3d4e5-2222-3333-4444-555566667777,c3d4e5f6-cccc-dddd-eeee-ffff22223333,3,2026-04-30T18:40:00+02:00,2026-04-30T18:45:00+02:00,5,home_stop,Frankfurt,,DE,home,Frankfurt,60311,DE,walking,none,none,,,,0.5,0.0,0.0,False,False,True,False,,0,Walking from the train stop to home.
6,e7g8h9i0-3333-4444-5555-666677778888,c3d4e5f6-3333-4444-5555-666677778888,c3d4e5f6-cccc-dddd-eeee-ffff22223333,1,2026-05-01T08:00:00+02:00,2026-05-01T08:05:00+02:00,5,home,Frankfurt,60311,DE,train_station,Frankfurt,,DE,walking,none,none,,,,0.5,0.0,0.0,True,False,False,False,,0,Walking from home to Frankfurt main station for ICE departure.
7,f8h9i0j1-3333-4444-5555-666677778888,c3d4e5f6-3333-4444-5555-666677778888,c3d4e5f6-cccc-dddd-eeee-ffff22223333,2,2026-05-01T08:05:00+02:00,2026-05-01T10:30:00+02:00,145,train_station,Frankfurt,,DE,Berlin station,Berlin,10115,DE,long_distance_train,single_ticket,second_class,DB,ICE,train,423.5,64.0,21.2,False,True,False,False,5.0,0,"ICE ride from Frankfurt to Berlin, second class ticket."
8,g9i0j1k2-4444-5555-6666-777788889999,d4e5f6a7-4444-5555-6666-777788889999,c3d4e5f6-cccc-dddd-eeee-ffff22223333,1,2026-05-01T12:00:00+02:00,2026-05-01T13:00:00+02:00,60,Berlin station,Berlin,10115,DE,friend_home,Berlin,10178,DE,ride_hailing,pay-as-you-go,none,,,car,6.0,12.0,0.72,False,True,False,False,,0,Ride‑hailing from Berlin train station to friend's apartment.
9,h0j1k2l3-5555-6666-7777-88889999aaaa,e5f6a7b8-5555-6666-7777-88889999aaaa,c3d4e5f6-cccc-dddd-eeee-ffff22223333,1,2026-05-02T18:30:00+02:00,2026-05-02T18:35:00+02:00,5,friend_home,Berlin,10178,DE,train_station,Berlin,,DE,walking,none,none,,,,0.5,0.0,0.0,True,False,False,False,,0,Walking from friend's home to Berlin main station.
10,i1k2l3m4-5555-6666-7777-88889999aaaa,e5f6a7b8-5555-6666-7777-88889999aaaa,c3d4e5f6-cccc-dddd-eeee-ffff22223333,2,2026-05-02T18:35:00+02:00,2026-05-02T20:55:00+02:00,140,train_station,Berlin,,DE,train_station,Frankfurt,60311,DE,long_distance_train,single_ticket,second_class,DB,ICE,train,423.0,64.0,21.15,False,True,False,False,5.0,0,ICE ride back to Frankfurt.
11,j2l3m4n5-5555-6666-7777-88889999aaaa,e5f6a7b8-5555-6666-7777-88889999aaaa,c3d4e5f6-cccc-dddd-eeee-ffff22223333,3,2026-05-02T20:55:00+02:00,2026-05-02T21:00:00+02:00,5,train_station,Frankfurt,,DE,home,Frankfurt,60311,DE,walking,none,none,,,,0.5,0.0,0.0,False,False,True,False,,0,Walking from Frankfurt station to home.
12,k3m4n5o6-6666-7777-8888-9999aaaabbbb,f6a7b8c9-6666-7777-8888-9999aaaabbbb,c3d4e5f6-cccc-dddd-eeee-ffff22223333,1,2026-05-03T17:00:00+02:00,2026-05-03T17:30:00+02:00,30,home,Frankfurt,60311,DE,supermarket,Frankfurt,60313,DE,ride_hailing,pay-as-you-go,none,,,car,5.0,10.0,0.6,False,True,False,False,,0,Ride‑hailing for grocery run.
13,l4n5o6p7-7777-8888-9999-aaaabbbbcccc,a7b8c9d0-7777-8888-9999-aaaabbbbcccc,c3d4e5f6-cccc-dddd-eeee-ffff22223333,1,2026-05-04T08:15:00+02:00,2026-05-04T09:00:00+02:00,45,home,Frankfurt,60311,DE,office,Frankfurt,60311,DE,ride_hailing,pay-as-you-go,none,,,car,8.0,16.0,0.96,False,True,False,False,,0,Ride‑hailing to office for a client meeting.
14,m5o6p7q8-8888-9999-aaaa-bbbbbbccccdd,b8c9d0e1-8888-9999-aaaa-bbbbbbccccdd,c3d4e5f6-cccc-dddd-eeee-ffff22223333,1,2026-05-04T17:30:00+02:00,2026-05-04T18:15:00+02:00,45,office,Frankfurt,60311,DE,home,Frankfurt,60311,DE,ride_hailing,pay-as-you-go,none,,,car,8.0,16.0,0.96,False,True,False,False,,0,Ride‑hailing home after work.
15,n6p7q8r9-9999-aaaa-bbbb-ccccddddeeee,c9d0e1f2-9999-aaaa-bbbb-ccccddddeeee,c3d4e5f6-cccc-dddd-eeee-ffff22223333,1,2026-05-05T07:00:00+02:00,2026-05-05T07:05:00+02:00,5,home,Frankfurt,60311,DE,train_station,Frankfurt,,DE,walking,none,none,,,,0.5,0.0,0.0,True,False,False,False,,0,Walking to Frankfurt station for ICE to Munich.
16,o7q8r9s0-aaaa-bbbb-cccc-ddddeeeeffff,c9d0e1f2-9999-aaaa-bbbb-ccccddddeeee,c3d4e5f6-cccc-dddd-eeee-ffff22223333,2,2026-05-05T07:05:00+02:00,2026-05-05T09:30:00+02:00,145,train_station,Frankfurt,,DE,Munich station,Munich,80331,DE,long_distance_train,single_ticket,second_class,DB,ICE,train,391.5,59.0,19.6,False,True,False,False,5.0,0,ICE ride from Frankfurt to Munich for business workshop.
17,p8r9s0t1-bbbb-cccc-dddd-eeeeffff1111,d0e1f2g3-aaaa-bbbb-cccc-ddddeeeeffff,c3d4e5f6-cccc-dddd-eeee-ffff22223333,1,2026-05-05T18:00:00+02:00,2026-05-05T20:25:00+02:00,145,Munich station,Munich,80331,DE,train_station,Frankfurt,,DE,long_distance_train,single_ticket,second_class,DB,ICE,train,391.5,59.0,19.6,False,True,False,False,5.0,0,ICE return from Munich to Frankfurt.
18,q9s0t1u2-cccc-dddd-eeee-ffff11112222,d0e1f2g3-aaaa-bbbb-cccc-ddddeeeeffff,c3d4e5f6-cccc-dddd-eeee-ffff22223333,2,2026-05-05T20:25:00+02:00,2026-05-05T20:30:00+02:00,5,train_station,Frankfurt,,DE,home,Frankfurt,60311,DE,walking,none,none,,,,0.5,0.0,0.0,False,False,True,False,,0,Walking from Frankfurt station to home.
19,r0t1u2v3-bbbb-cccc-dddd-eeeeffff1111,e1f2g3h4-bbbb-cccc-dddd-eeeeffff1111,c3d4e5f6-cccc-dddd-eeee-ffff22223333,1,2026-05-06T19:00:00+02:00,2026-05-06T19:45:00+02:00,45,home,Frankfurt,60311,DE,gym,Frankfurt,60314,DE,ride_hailing,pay-as-you-go,none,,,car,7.0,14.0,0.84,False,True,False,False,,0,Ride‑hailing to gym for evening workout.
20,s1u2v3w4-cccc-dddd-eeee-ffff11112222,f2g3h4i5-cccc-dddd-eeee-ffff11112222,c3d4e5f6-cccc-dddd-eeee-ffff22223333,1,2026-05-06T20:30:00+02:00,2026-05-06T21:15:00+02:00,45,gym,Frankfurt,60314,DE,home,Frankfurt,60311,DE,ride_hailing,pay-as-you-go,none,,,car,7.0,14.0,0.84,False,True,False,False,,0,Ride‑hailing back home after gym.
0,e1a2b3c4-1111-2222-3333-444455556667,a1b2c3d4-1111-2222-3333-444455556666,c3d4e5f6-cccc-dddd-eeee-ffff22223333,1,2026-05-07T08:00:00+02:00,2026-05-07T08:15:00+02:00,15,home,Frankfurt,60311,DE,train_station,Frankfurt,,DE,ride_hailing,pay-as-you-go,none,,,car,5.0,10.0,0.6,True,False,False,False,,0,Access leg via ride‑hailing to Frankfurt train station.
1,f2b3c4d5-1111-2222-3333-444455556667,a1b2c3d4-1111-2222-3333-444455556666,c3d4e5f6-cccc-dddd-eeee-ffff22223333,2,2026-05-07T08:15:00+02:00,2026-05-07T12:30:00+02:00,255,train_station,Frankfurt,,DE,train_station,Berlin,,DE,long_distance_train,single_ticket,second_class,DB,ICE,train,395.0,49.0,16.0,False,True,False,False,,1,Long‑distance ICE train from Frankfurt to Berlin.
2,a3c4d5e6-2222-3333-4444-555566667777,b2c3d4e5-2222-3333-4444-555566667777,c3d4e5f6-cccc-dddd-eeee-ffff22223333,1,2026-05-07T13:00:00+02:00,2026-05-07T13:30:00+02:00,30,train_station,Berlin,,DE,friend_home,Berlin,,DE,ride_hailing,pay-as-you-go,none,,,car,5.0,10.0,0.6,False,True,True,False,,0,Ride‑hailing from Berlin station to friend's home.
3,b4d5e6f7-3333-4444-5555-666677778888,c3d4e5f6-3333-4444-5555-666677778888,c3d4e5f6-cccc-dddd-eeee-ffff22223333,1,2026-05-07T18:00:00+02:00,2026-05-07T18:15:00+02:00,15,friend_home,Berlin,,DE,train_station,Berlin,,DE,ride_hailing,pay-as-you-go,none,,,car,5.0,10.0,0.6,True,False,False,False,,0,Access ride‑hailing to Berlin train station.
4,c5e6f7g8-3333-4444-5555-666677778888,c3d4e5f6-3333-4444-5555-666677778888,c3d4e5f6-cccc-dddd-eeee-ffff22223333,2,2026-05-07T18:15:00+02:00,2026-05-07T22:30:00+02:00,255,train_station,Berlin,,DE,train_station,Frankfurt,,DE,long_distance_train,single_ticket,second_class,DB,ICE,train,395.0,49.0,16.0,False,True,False,False,,1,ICE train back to Frankfurt.
5,d6f7g8h9-4444-5555-6666-777788889999,d4e5f6a7-4444-5555-6666-777788889999,c3d4e5f6-cccc-dddd-eeee-ffff22223333,1,2026-05-07T23:00:00+02:00,2026-05-07T23:30:00+02:00,30,train_station,Frankfurt,,DE,home,Frankfurt,60311,DE,ride_hailing,pay-as-you-go,none,,,car,5.0,10.0,0.6,False,False,True,False,,0,Ride‑hailing from Frankfurt station to home.
6,e7g8h9i0-5555-6666-7777-88889999aaaa,e5f6a7b8-5555-6666-7777-88889999aaaa,c3d4e5f6-cccc-dddd-eeee-ffff22223333,1,2026-05-08T10:00:00+02:00,2026-05-08T10:30:00+02:00,30,home,Frankfurt,60311,DE,gym,Frankfurt,,DE,ride_hailing,pay-as-you-go,none,,,car,6.0,12.0,0.72,False,True,False,False,,0,Ride‑hailing to gym.
7,f8h9i0j1-6666-7777-8888-9999aaaabbbb,f6a7b8c9-6666-7777-8888-9999aaaabbbb,c3d4e5f6-cccc-dddd-eeee-ffff22223333,1,2026-05-08T12:00:00+02:00,2026-05-08T12:30:00+02:00,30,gym,Frankfurt,,DE,home,Frankfurt,60311,DE,ride_hailing,pay-as-you-go,none,,,car,6.0,12.0,0.72,False,False,True,False,,0,Ride‑hailing back home from gym.
8,g9i0j1k2-7777-8888-9999-aaaabbbbcccc,a7b8c9d0-7777-8888-9999-aaaabbbbcccc,c3d4e5f6-cccc-dddd-eeee-ffff22223333,1,2026-05-09T09:00:00+02:00,2026-05-09T09:30:00+02:00,30,home,Frankfurt,60311,DE,office,Frankfurt,,DE,ride_hailing,pay-as-you-go,none,,,car,7.0,14.0,0.84,False,True,False,False,,0,Ride‑hailing to office.
9,h0j1k2l3-8888-9999-aaaa-bbbbbbccccdd,b8c9d0e1-8888-9999-aaaa-bbbbbbccccdd,c3d4e5f6-cccc-dddd-eeee-ffff22223333,1,2026-05-09T17:30:00+02:00,2026-05-09T18:00:00+02:00,30,office,Frankfurt,,DE,home,Frankfurt,60311,DE,ride_hailing,pay-as-you-go,none,,,car,7.0,14.0,0.84,False,False,True,False,,0,Ride‑hailing back home after work.
10,i1k2l3m4-9999-aaaa-bbbb-ccccddddeeee,c9d0e1f2-9999-aaaa-bbbb-ccccddddeeee,c3d4e5f6-cccc-dddd-eeee-ffff22223333,1,2026-05-10T06:30:00+02:00,2026-05-10T06:45:00+02:00,15,home,Frankfurt,60311,DE,train_station,Frankfurt,,DE,ride_hailing,pay-as-you-go,none,,,car,5.0,10.0,0.6,True,False,False,False,,0,Ride‑hailing to Frankfurt train station.
11,j2l3m4n5-9999-aaaa-bbbb-ccccddddeeee,c9d0e1f2-9999-aaaa-bbbb-ccccddddeeee,c3d4e5f6-cccc-dddd-eeee-ffff22223333,2,2026-05-10T06:45:00+02:00,2026-05-10T11:30:00+02:00,285,train_station,Frankfurt,,DE,train_station,Munich,,DE,long_distance_train,single_ticket,second_class,DB,ICE,train,395.0,49.0,16.0,False,True,False,False,,1,ICE train to Munich.
12,k3m4n5o6-aaaa-bbbb-cccc-ddddeeeeffff,d0e1f2g3-aaaa-bbbb-cccc-ddddeeeeffff,c3d4e5f6-cccc-dddd-eeee-ffff22223333,1,2026-05-10T18:00:00+02:00,2026-05-10T23:00:00+02:00,300,train_station,Munich,,DE,train_station,Frankfurt,,DE,long_distance_train,single_ticket,second_class,DB,ICE,train,400.0,49.0,16.0,False,True,False,False,,0,Return ICE train from Munich to Frankfurt.
13,l4n5o6p7-aaaa-bbbb-cccc-ddddeeeeffff,e1f2g3h4-bbbb-cccc-dddd-eeeeffff1111,c3d4e5f6-cccc-dddd-eeee-ffff22223333,1,2026-05-12T06:30:00+02:00,2026-05-12T06:45:00+02:00,15,home,Frankfurt,60311,DE,train_station,Frankfurt,,DE,ride_hailing,pay-as-you-go,none,,,car,5.0,10.0,0.6,True,False,False,False,,0,Ride‑hailing to Frankfurt station.
14,m5o6p7q8-aaaa-bbbb-cccc-ddddeeeeffff,e1f2g3h4-bbbb-cccc-dddd-eeeeffff1111,c3d4e5f6-cccc-dddd-eeee-ffff22223333,2,2026-05-12T06:45:00+02:00,2026-05-12T11:30:00+02:00,285,train_station,Frankfurt,,DE,train_station,Munich,,DE,long_distance_train,single_ticket,second_class,DB,ICE,train,395.0,49.0,16.0,False,True,False,False,,1,ICE train to Munich.
15,n6p7q8r9-bbbb-cccc-dddd-eeeeffff1111,f2g3h4i5-cccc-dddd-eeee-ffff11112222,c3d4e5f6-cccc-dddd-eeee-ffff22223333,1,2026-05-12T18:00:00+02:00,2026-05-12T23:00:00+02:00,300,train_station,Munich,,DE,home,Frankfurt,60311,DE,ride_hailing,pay-as-you-go,none,,,car,5.0,30.0,0.6,False,True,True,False,,0,Long ride‑hailing from Munich station to home (traffic).
0,leg-11111111-1111-1111-1111-111111111111,a1111111-1111-1111-1111-111111111111,c3d4e5f6-cccc-dddd-eeee-ffff22223333,1,2026-05-14T07:30:00Z,2026-05-14T08:00:00Z,30,home,Frankfurt,60311,DE,gym,Frankfurt,60313,DE,ride_hailing,pay-as-you-go,none,,,car,5.0,10.5,0.6,False,True,False,False,,0,Morning gym session; uses ride-hailing for convenience.
1,leg-22222222-2222-2222-2222-222222222222,a2222222-2222-2222-2222-222222222222,c3d4e5f6-cccc-dddd-eeee-ffff22223333,1,2026-05-14T18:30:00Z,2026-05-14T19:00:00Z,30,gym,Frankfurt,60313,DE,home,Frankfurt,60311,DE,ride_hailing,pay-as-you-go,none,,,car,5.0,10.5,0.6,False,True,False,False,,0,Evening return from gym.
2,leg-33333333-3333-3333-3333-333333333333,a3333333-3333-3333-3333-333333333333,c3d4e5f6-cccc-dddd-eeee-ffff22223333,1,2026-05-15T10:00:00Z,2026-05-15T10:02:00Z,2,home,Frankfurt,60311,DE,car_sharing_pickup,Frankfurt,60311,DE,walking,none,none,,,,0.2,0.0,0.0,True,False,False,False,,0,Walking to car‑sharing pickup location.
3,leg-44444444-4444-4444-4444-444444444444,a3333333-3333-3333-3333-333333333333,c3d4e5f6-cccc-dddd-eeee-ffff22223333,2,2026-05-15T10:02:00Z,2026-05-15T10:42:00Z,40,car_sharing_pickup,Frankfurt,60311,DE,car_sharing_dropoff,Frankfurt,60386,DE,car_sharing,pay-as-you-go,none,sixt,,car,7.8,7.5,0.94,False,True,False,False,,0,Car‑sharing drive to supermarket.
4,leg-55555555-5555-5555-5555-555555555555,a3333333-3333-3333-3333-333333333333,c3d4e5f6-cccc-dddd-eeee-ffff22223333,3,2026-05-15T10:42:00Z,2026-05-15T10:45:00Z,3,car_sharing_dropoff,Frankfurt,60386,DE,supermarket,Frankfurt,60386,DE,walking,none,none,,,,0.2,0.0,0.0,False,False,True,False,,0,Walking from car‑sharing drop‑off to supermarket.
5,leg-66666666-6666-6666-6666-666666666666,a4444444-4444-4444-4444-444444444444,c3d4e5f6-cccc-dddd-eeee-ffff22223333,1,2026-05-15T17:00:00Z,2026-05-15T17:03:00Z,3,supermarket,Frankfurt,60386,DE,car_sharing_pickup,Frankfurt,60386,DE,walking,none,none,,,,0.2,0.0,0.0,True,False,False,False,,0,Walking to car‑sharing pickup after shopping.
6,leg-77777777-7777-7777-7777-777777777777,a4444444-4444-4444-4444-444444444444,c3d4e5f6-cccc-dddd-eeee-ffff22223333,2,2026-05-15T17:03:00Z,2026-05-15T17:43:00Z,40,car_sharing_pickup,Frankfurt,60386,DE,car_sharing_dropoff,Frankfurt,60311,DE,car_sharing,pay-as-you-go,none,sixt,,car,7.8,7.5,0.94,False,True,False,False,,0,Car‑sharing drive back home.
7,leg-88888888-8888-8888-8888-888888888888,a4444444-4444-4444-4444-444444444444,c3d4e5f6-cccc-dddd-eeee-ffff22223333,3,2026-05-15T17:43:00Z,2026-05-15T17:45:00Z,2,car_sharing_dropoff,Frankfurt,60311,DE,home,Frankfurt,60311,DE,walking,none,none,,,,0.2,0.0,0.0,False,False,True,False,,0,Walking from car‑sharing drop‑off to home.
8,leg-99999999-9999-9999-9999-999999999999,a5555555-5555-5555-5555-555555555555,c3d4e5f6-cccc-dddd-eeee-ffff22223333,1,2026-05-16T08:00:00Z,2026-05-16T08:05:00Z,5,home,Frankfurt,60311,DE,train_station_frankfurt,Frankfurt,60311,DE,walking,none,none,,,,0.5,0.0,0.0,True,False,False,False,,0,Walking to Frankfurt main train station.
9,leg-aaaaaaaa-aaaa-aaaa-aaaa-aaaaaaaaaaaa,a5555555-5555-5555-5555-555555555555,c3d4e5f6-cccc-dddd-eeee-ffff22223333,2,2026-05-16T08:05:00Z,2026-05-16T11:45:00Z,220,Frankfurt Hbf,Frankfurt,60311,DE,Berlin Hbf,Berlin,10115,DE,long_distance_train,single_ticket,second_class,DB,ICE,train,549.0,60.0,22.0,False,True,False,False,,0,ICE train from Frankfurt to Berlin.
10,leg-bbbbbbbb-bbbb-bbbb-bbbb-bbbbbbbbbbbb,a5555555-5555-5555-5555-555555555555,c3d4e5f6-cccc-dddd-eeee-ffff22223333,3,2026-05-16T11:45:00Z,2026-05-16T12:00:00Z,15,Berlin Hbf,Berlin,10115,DE,Berlin Concert Venue,Berlin,10115,DE,walking,none,none,,,,0.5,0.0,0.0,False,False,True,False,,0,Walking from Berlin station to concert venue.
11,leg-cccccccc-cccc-cccc-cccc-cccccccccccc,a6666666-6666-6666-6666-666666666666,c3d4e5f6-cccc-dddd-eeee-ffff22223333,1,2026-05-17T12:30:00Z,2026-05-17T12:35:00Z,5,Berlin Concert Venue,Berlin,10115,DE,train_station_berlin,Berlin,10115,DE,walking,none,none,,,,0.5,0.0,0.0,True,False,False,False,,0,Walking to Berlin train station.
12,leg-dddddddd-dddd-dddd-dddd-dddddddddddd,a6666666-6666-6666-6666-666666666666,c3d4e5f6-cccc-dddd-eeee-ffff22223333,2,2026-05-17T12:35:00Z,2026-05-17T16:15:00Z,220,Berlin Hbf,Berlin,10115,DE,Frankfurt Hbf,Frankfurt,60311,DE,long_distance_train,single_ticket,second_class,DB,ICE,train,549.0,60.0,22.0,False,True,False,False,,0,ICE train back to Frankfurt.
13,leg-eeeeeeee-eeee-eeee-eeee-eeeeeeeeeeee,a6666666-6666-6666-6666-666666666666,c3d4e5f6-cccc-dddd-eeee-ffff22223333,3,2026-05-17T16:15:00Z,2026-05-17T16:30:00Z,15,Frankfurt Hbf,Frankfurt,60311,DE,home,Frankfurt,60311,DE,walking,none,none,,,,0.5,0.0,0.0,False,False,True,False,,0,Walking from train station to home.
14,leg-ffffffffff-ffff-ffff-ffff-ffffffffffff,a7777777-7777-7777-7777-777777777777,c3d4e5f6-cccc-dddd-eeee-ffff22223333,1,2026-05-17T19:00:00Z,2026-05-17T19:15:00Z,15,home,Frankfurt,60311,DE,restaurant,Frankfurt,60311,DE,ride_hailing,pay-as-you-go,none,,,car,4.0,8.5,0.48,False,True,False,False,,0,Evening dinner after concert.
15,leg-gggggggg-gggg-gggg-gggg-gggggggggggg,a8888888-8888-8888-8888-888888888888,c3d4e5f6-cccc-dddd-eeee-ffff22223333,1,2026-05-17T21:30:00Z,2026-05-17T21:45:00Z,15,restaurant,Frankfurt,60311,DE,home,Frankfurt,60311,DE,ride_hailing,pay-as-you-go,none,,,car,4.0,8.5,0.48,False,True,False,False,,0,Return home after dinner.
16,leg-hhhhhhhh-hhhh-hhhh-hhhh-hhhhhhhhhhhh,a9999999-9999-9999-9999-999999999999,c3d4e5f6-cccc-dddd-eeee-ffff22223333,1,2026-05-18T06:30:00Z,2026-05-18T06:35:00Z,5,home,Frankfurt,60311,DE,train_station_frankfurt,Frankfurt,60311,DE,walking,none,none,,,,0.5,0.0,0.0,True,False,False,False,,0,Walking to Frankfurt main train station.
17,leg-iiiiiiii-iiii-iiii-iiii-iiiiiiiiiiii,a9999999-9999-9999-9999-999999999999,c3d4e5f6-cccc-dddd-eeee-ffff22223333,2,2026-05-18T06:35:00Z,2026-05-18T09:45:00Z,190,Frankfurt Hbf,Frankfurt,60311,DE,Munich Hbf,Munich,80331,DE,long_distance_train,single_ticket,second_class,DB,ICE,train,389.0,55.0,15.6,False,True,False,False,,0,ICE train from Frankfurt to Munich.
18,leg-jjjjjjjj-jjjj-jjjj-jjjj-jjjjjjjjjjjj,a9999999-9999-9999-9999-999999999999,,3,2026-05-18T09:45:00Z,2026-05-18T10:00:00Z,15,Munich Hbf,Munich,80331,DE,Munich Office,Munich,80331,DE,walking,none,none,,,,0.5,0.0,0.0,False,False,True,False,,0,Walking from Munich station to office.
19,leg-kkkkkkkk-kkkk-kkkk-kkkk-kkkkkkkkkkkk,b1111111-1111-1111-1111-111111111112,c3d4e5f6-cccc-dddd-eeee-ffff22223333,1,2026-05-18T16:00:00Z,2026-05-18T16:05:00Z,5,Munich Office,Munich,80331,DE,train_station_munich,Munich,80331,DE,walking,none,none,,,,0.5,0.0,0.0,True,False,False,False,,0,Walking to Munich train station.
20,leg-llllllll-llll-llll-llll-llllllllllll,b1111111-1111-1111-1111-111111111112,c3d4e5f6-cccc-dddd-eeee-ffff22223333,2,2026-05-18T16:05:00Z,2026-05-18T19:15:00Z,190,Munich Hbf,Munich,80331,DE,Frankfurt Hbf,Frankfurt,60311,DE,long_distance_train,single_ticket,second_class,DB,ICE,train,389.0,55.0,15.6,False,True,False,False,,0,ICE train back to Frankfurt.
21,leg-mmmmmmmm-mmmm-mmmm-mmmm-mmmmmmmmmmmm,b1111111-1111-1111-1111-111111111112,c3d4e5f6-cccc-dddd-eeee-ffff22223333,3,2026-05-18T19:15:00Z,2026-05-18T19:30:00Z,15,Frankfurt Hbf,Frankfurt,60311,DE,home,Frankfurt,60311,DE,walking,none,none,,,,0.5,0.0,0.0,False,False,True,False,,0,Walking from train station to home.
22,leg-nnnnnnnn-nnnn-nnnn-nnnn-nnnnnnnnnnnn,b2222222-2222-2222-2222-222222222223,c3d4e5f6-cccc-dddd-eeee-ffff22223333,1,2026-05-19T11:00:00Z,2026-05-19T11:05:00Z,5,home,Frankfurt,60311,DE,public_transport_stop,Frankfurt,60311,DE,walking,none,none,,,,0.3,0.0,0.0,True,False,False,False,,0,Walking to public transport stop.
23,leg-oooooooo-oooo-oooo-oooo-oooooooooooo,b2222222-2222-2222-2222-222222222223,c3d4e5f6-cccc-dddd-eeee-ffff22223333,2,2026-05-19T11:05:00Z,2026-05-19T11:15:00Z,10,public_transport_stop,Frankfurt,60311,DE,public_transport_stop,Frankfurt,60322,DE,public_transport,subscription,none,DB,U-Bahn,train,2.4,0.0,0.07,False,True,False,False,,0,Public transport to pharmacy.
24,leg-pppppppp-pppp-pppp-pppp-pppppppppppp,b2222222-2222-2222-2222-222222222223,c3d4e5f6-cccc-dddd-eeee-ffff22223333,3,2026-05-19T11:15:00Z,2026-05-19T11:20:00Z,5,public_transport_stop,Frankfurt,60322,DE,pharmacy,Frankfurt,60322,DE,walking,none,none,,,,0.3,0.0,0.0,False,False,True,False,,0,Walking from stop to pharmacy.
25,leg-qqqqqqqq-qqqq-qqqq-qqqq-qqqqqqqqqqqq,b3333333-3333-3333-3333-333333333334,c3d4e5f6-cccc-dddd-eeee-ffff22223333,1,2026-05-19T15:00:00Z,2026-05-19T15:05:00Z,5,pharmacy,Frankfurt,60322,DE,public_transport_stop,Frankfurt,60322,DE,walking,none,none,,,,0.3,0.0,0.0,True,False,False,False,,0,Walking to public transport stop.
26,leg-rrrrrrrr-rrrr-rrrr-rrrr-rrrrrrrrrrrr,b3333333-3333-3333-3333-333333333334,c3d4e5f6-cccc-dddd-eeee-ffff22223333,2,2026-05-19T15:05:00Z,2026-05-19T15:15:00Z,10,public_transport_stop,Frankfurt,60322,DE,public_transport_stop,Frankfurt,60311,DE,public_transport,subscription,none,DB,U-Bahn,train,2.4,0.0,0.07,False,True,False,False,,0,Public transport back home.
27,leg-ssssssss-ssss-ssss-ssss-ssssssssssss,b3333333-3333-3333-3333-333333333334,c3d4e5f6-cccc-dddd-eeee-ffff22223333,3,2026-05-19T15:15:00Z,2026-05-19T15:20:00Z,5,public_transport_stop,Frankfurt,60311,DE,home,Frankfurt,60311,DE,walking,none,none,,,,0.3,0.0,0.0,False,False,True,False,,0,Walking home from stop.
0,leg-1a,a1b2c3d4-1111-2222-3333-444455556666,c3d4e5f6-cccc-dddd-eeee-ffff22223333,1,2026-05-21T08:00:00+02:00,2026-05-21T08:05:00+02:00,5,home,Frankfurt,60311,DE,train_station,Frankfurt,,DE,walking,none,none,,,,2.0,0.0,0.1,True,False,False,False,,0,Walking from home to Frankfurt main train station as access leg.
1,leg-1b,a1b2c3d4-1111-2222-3333-444455556666,c3d4e5f6-cccc-dddd-eeee-ffff22223333,2,2026-05-21T08:05:00+02:00,2026-05-21T11:20:00+02:00,195,train_station,Frankfurt,,DE,train_station,Berlin,,DE,long_distance_train,single_ticket,second_class,DB,ICE,train,418.0,70.0,16.7,False,True,False,False,5.0,1,"ICE long‑distance train from Frankfurt to Berlin, main leg of the trip."
2,leg-1c,a1b2c3d4-1111-2222-3333-444455556666,c3d4e5f6-cccc-dddd-eeee-ffff22223333,3,2026-05-21T11:20:00+02:00,2026-05-21T11:30:00+02:00,10,train_station,Berlin,,DE,friend_home,Berlin,,DE,ride_hailing,pay-as-you-go,none,Uber,,car,5.0,12.0,0.6,False,False,True,False,,0,Ride‑hailing from Berlin station to friend's home as egress leg.
3,leg-2a,b2c3d4e5-2222-3333-4444-555566667777,c3d4e5f6-cccc-dddd-eeee-ffff22223333,1,2026-05-21T18:00:00+02:00,2026-05-21T18:10:00+02:00,10,friend_home,Berlin,,DE,train_station,Berlin,,DE,ride_hailing,pay-as-you-go,none,Uber,,car,5.0,12.0,0.6,True,False,False,False,,0,Ride‑hailing from friend's home to Berlin train station (access leg).
4,leg-2b,b2c3d4e5-2222-3333-4444-555566667777,c3d4e5f6-cccc-dddd-eeee-ffff22223333,2,2026-05-21T18:10:00+02:00,2026-05-21T21:25:00+02:00,195,train_station,Berlin,,DE,train_station,Frankfurt,,DE,long_distance_train,single_ticket,second_class,DB,ICE,train,418.0,70.0,16.7,False,True,False,False,5.0,1,"ICE train back from Berlin to Frankfurt, main leg."
5,leg-2c,b2c3d4e5-2222-3333-4444-555566667777,c3d4e5f6-cccc-dddd-eeee-ffff22223333,3,2026-05-21T21:25:00+02:00,2026-05-21T21:30:00+02:00,5,train_station,Frankfurt,,DE,home,Frankfurt,60311,DE,walking,none,none,,,,2.0,0.0,0.1,False,False,True,False,,0,Walking from Frankfurt station to home as egress leg.
6,leg-3a,c3d4e5f6-3333-4444-5555-666677778888,c3d4e5f6-cccc-dddd-eeee-ffff22223333,1,2026-05-22T10:00:00+02:00,2026-05-22T10:15:00+02:00,15,home,Frankfurt,60311,DE,supermarket,Frankfurt,,DE,ride_hailing,pay-as-you-go,none,Uber,,car,5.0,12.0,0.6,False,True,False,False,,0,Ride‑hailing from home to supermarket for grocery shopping.
7,leg-4a,d4e5f6a7-4444-5555-6666-777788889999,c3d4e5f6-cccc-dddd-eeee-ffff22223333,1,2026-05-22T17:00:00+02:00,2026-05-22T17:15:00+02:00,15,supermarket,Frankfurt,,DE,home,Frankfurt,60311,DE,ride_hailing,pay-as-you-go,none,Uber,,car,5.0,12.0,0.6,False,True,False,False,,0,Ride‑hailing from supermarket back to home.
8,leg-5a,e5f6a7b8-5555-6666-7777-88889999aaaa,c3d4e5f6-cccc-dddd-eeee-ffff22223333,1,2026-05-23T07:30:00+02:00,2026-05-23T07:45:00+02:00,15,home,Frankfurt,60311,DE,gym,Frankfurt,,DE,ride_hailing,pay-as-you-go,none,Uber,,car,8.0,15.0,0.96,False,True,False,False,,0,Ride‑hailing from home to gym for a morning workout.
9,leg-6a,f6a7b8c9-6666-7777-8888-9999aaaabbbb,c3d4e5f6-cccc-dddd-eeee-ffff22223333,1,2026-05-23T18:30:00+02:00,2026-05-23T18:45:00+02:00,15,gym,Frankfurt,,DE,home,Frankfurt,60311,DE,ride_hailing,pay-as-you-go,none,Uber,,car,8.0,15.0,0.96,False,True,False,False,,0,Ride‑hailing from gym back home after workout.
10,leg-7a,a7b8c9d0-7777-8888-9999-aaaa1111bbbb,c3d4e5f6-cccc-dddd-eeee-ffff22223333,1,2026-05-24T06:30:00+02:00,2026-05-24T06:35:00+02:00,5,home,Frankfurt,60311,DE,train_station,Frankfurt,,DE,walking,none,none,,,,2.0,0.0,0.1,True,False,False,False,,0,Walking from home to Frankfurt main train station.
11,leg-7b,a7b8c9d0-7777-8888-9999-aaaa1111bbbb,c3d4e5f6-cccc-dddd-eeee-ffff22223333,2,2026-05-24T06:35:00+02:00,2026-05-24T09:20:00+02:00,165,train_station,Frankfurt,,DE,train_station,Munich,,DE,long_distance_train,single_ticket,second_class,DB,ICE,train,388.0,65.0,15.5,False,True,False,False,5.0,1,"ICE train from Frankfurt to Munich, main leg of commute."
12,leg-7c,a7b8c9d0-7777-8888-9999-aaaa1111bbbb,c3d4e5f6-cccc-dddd-eeee-ffff22223333,3,2026-05-24T09:20:00+02:00,2026-05-24T09:30:00+02:00,10,train_station,Munich,,DE,office,Munich,80331,DE,ride_hailing,pay-as-you-go,none,Uber,,car,5.0,12.0,0.6,False,False,True,False,,0,Ride‑hailing from Munich station to office as egress leg.
13,leg-8a,b8c9d0e1-8888-9999-aaaa-bbbb2222cccc,c3d4e5f6-cccc-dddd-eeee-ffff22223333,1,2026-05-24T10:00:00+02:00,2026-05-24T10:20:00+02:00,20,train_station,Munich,,DE,office,Munich,80331,DE,public_transport,subscription,second_class,DB,S-Bahn,train,5.0,0.0,0.15,False,True,False,False,,0,"S‑Bahn from Munich central station to office, covered by Deutschlandticket."
14,leg-9a,c9d0e1f2-9999-aaaa-bbbb-cccc3333dddd,c3d4e5f6-cccc-dddd-eeee-ffff22223333,1,2026-05-24T17:00:00+02:00,2026-05-24T17:10:00+02:00,10,office,Munich,80331,DE,train_station,Munich,,DE,ride_hailing,pay-as-you-go,none,Uber,,car,5.0,12.0,0.6,True,False,False,False,,0,Ride‑hailing from office to Munich train station (access leg).
15,leg-9b,c9d0e1f2-9999-aaaa-bbbb-cccc3333dddd,c3d4e5f6-cccc-dddd-eeee-ffff22223333,2,2026-05-24T17:10:00+02:00,2026-05-24T19:55:00+02:00,165,train_station,Munich,,DE,train_station,Frankfurt,,DE,long_distance_train,single_ticket,second_class,DB,ICE,train,388.0,65.0,15.5,False,True,False,False,5.0,1,"ICE train from Munich back to Frankfurt, main leg."
16,leg-9c,c9d0e1f2-9999-aaaa-bbbb-cccc3333dddd,c3d4e5f6-cccc-dddd-eeee-ffff22223333,3,2026-05-24T19:55:00+02:00,2026-05-24T20:00:00+02:00,5,train_station,Frankfurt,,DE,home,Frankfurt,60311,DE,walking,none,none,,,,2.0,0.0,0.1,False,False,True,False,,0,Walking from Frankfurt station to home.
17,leg-10a,d0e1f2g3-aaaa-bbbb-cccc-dddd4444eeee,c3d4e5f6-cccc-dddd-eeee-ffff22223333,1,2026-05-25T09:00:00+02:00,2026-05-25T09:20:00+02:00,20,home,Frankfurt,60311,DE,pharmacy,Frankfurt,,DE,public_transport,subscription,second_class,DB,Tram,tram,4.0,0.0,0.12,False,True,False,False,,0,"Tram ride from home to pharmacy, covered by Deutschlandticket."
18,leg-11a,e1f2g3h4-bbbb-cccc-dddd-eeee5555ffff,c3d4e5f6-cccc-dddd-eeee-ffff22223333,1,2026-05-25T10:00:00+02:00,2026-05-25T10:20:00+02:00,20,pharmacy,Frankfurt,,DE,home,Frankfurt,60311,DE,public_transport,subscription,second_class,DB,Tram,tram,4.0,0.0,0.12,False,True,False,False,,0,"Tram ride back from pharmacy to home, covered by Deutschlandticket."
0,leg-001a,a1b2c3d4-1111-2222-3333-444455556666,c3d4e5f6-cccc-dddd-eeee-ffff22223333,1,2026-05-28T08:00:00+02:00,2026-05-28T08:05:00+02:00,5,home,Frankfurt,60311,DE,transit_stop,Frankfurt,,DE,walking,none,none,,,,2.0,0.0,0.0,True,False,False,False,,0,Walking from home to Frankfurt main train station.
1,leg-002b,a1b2c3d4-1111-2222-3333-444455556666,c3d4e5f6-cccc-dddd-eeee-ffff22223333,2,2026-05-28T08:05:00+02:00,2026-05-28T12:15:00+02:00,250,transit_stop,Frankfurt,,DE,train_station,Berlin,,DE,long_distance_train,single_ticket,second_class,DB,ICE,train,543.0,80.0,21.72,False,True,True,False,5.0,0,ICE from Frankfurt to Berlin.
2,leg-003c,b2c3d4e5-2222-3333-4444-555566667777,c3d4e5f6-cccc-dddd-eeee-ffff22223333,1,2026-05-28T12:45:00+02:00,2026-05-28T13:00:00+02:00,15,train_station,Berlin,,DE,concert_hall,Berlin,,DE,ride_hailing,pay-as-you-go,none,,,car,5.0,12.0,0.6,False,True,False,False,,0,Ride‑hailing from Berlin Hbf to concert venue.
3,leg-004d,c3d4e5f6-3333-4444-5555-666677778888,c3d4e5f6-cccc-dddd-eeee-ffff22223333,1,2026-05-28T18:00:00+02:00,2026-05-28T18:05:00+02:00,5,train_station,Berlin,,DE,transit_stop,Berlin,,DE,walking,none,none,,,,2.0,0.0,0.0,True,False,False,False,,0,Walking from Berlin train station to platform for return ICE.
4,leg-005e,c3d4e5f6-3333-4444-5555-666677778888,c3d4e5f6-cccc-dddd-eeee-ffff22223333,2,2026-05-28T18:05:00+02:00,2026-05-28T22:30:00+02:00,265,transit_stop,Berlin,,DE,train_station,Frankfurt,60311,DE,long_distance_train,single_ticket,second_class,DB,ICE,train,543.0,80.0,21.72,False,True,True,False,5.0,0,ICE return from Berlin to Frankfurt.
5,leg-006f,d4e5f6a7-4444-5555-6666-777788889999,c3d4e5f6-cccc-dddd-eeee-ffff22223333,1,2026-05-29T10:00:00+02:00,2026-05-29T10:05:00+02:00,5,home,Frankfurt,60311,DE,transit_stop,Frankfurt,,DE,walking,none,none,,,,0.5,0.0,0.0,True,False,False,False,,0,Walking to tram stop.
6,leg-007g,d4e5f6a7-4444-5555-6666-777788889999,c3d4e5f6-cccc-dddd-eeee-ffff22223333,2,2026-05-29T10:05:00+02:00,2026-05-29T10:15:00+02:00,10,transit_stop,Frankfurt,,DE,transit_stop,Frankfurt,,DE,public_transport,subscription,second_class,DB,Tram 12,tram,2.0,0.0,0.04,False,True,False,False,3.0,0,Tram ride to supermarket area.
7,leg-008h,d4e5f6a7-4444-5555-6666-777788889999,c3d4e5f6-cccc-dddd-eeee-ffff22223333,3,2026-05-29T10:15:00+02:00,2026-05-29T10:20:00+02:00,5,transit_stop,Frankfurt,,DE,supermarket,Frankfurt,,DE,walking,none,none,,,,0.5,0.0,0.0,False,False,True,False,,0,Walking from tram stop to supermarket.
8,leg-009i,e5f6a7b8-5555-6666-7777-88889999aaaa,c3d4e5f6-cccc-dddd-eeee-ffff22223333,1,2026-05-29T10:30:00+02:00,2026-05-29T10:35:00+02:00,5,supermarket,Frankfurt,,DE,transit_stop,Frankfurt,,DE,walking,none,none,,,,0.5,0.0,0.0,True,False,False,False,,0,Walking to tram stop after shopping.
9,leg-010j,e5f6a7b8-5555-6666-7777-88889999aaaa,c3d4e5f6-cccc-dddd-eeee-ffff22223333,2,2026-05-29T10:35:00+02:00,2026-05-29T10:40:00+02:00,5,transit_stop,Frankfurt,,DE,transit_stop,Frankfurt,,DE,public_transport,subscription,second_class,DB,Tram 12,tram,2.0,0.0,0.04,False,True,False,False,3.0,0,Tram ride back toward home.
10,leg-011k,e5f6a7b8-5555-6666-7777-88889999aaaa,c3d4e5f6-cccc-dddd-eeee-ffff22223333,3,2026-05-29T10:40:00+02:00,2026-05-29T10:45:00+02:00,5,transit_stop,Frankfurt,,DE,home,Frankfurt,60311,DE,walking,none,none,,,,0.5,0.0,0.0,False,False,True,False,,0,Walking home from tram stop.
11,leg-012l,f6a7b8c9-6666-7777-8888-9999aaaabbbb,c3d4e5f6-cccc-dddd-eeee-ffff22223333,1,2026-05-30T18:30:00+02:00,2026-05-30T18:45:00+02:00,15,gym,Frankfurt,,DE,home,Frankfurt,60311,DE,ride_hailing,pay-as-you-go,none,,,car,6.0,12.0,0.72,False,True,False,False,,0,Ride‑hailing from gym back home.
12,leg-013m,a7b8c9d0-7777-8888-9999-aaaa1111bbbb,c3d4e5f6-cccc-dddd-eeee-ffff22223333,1,2026-05-31T07:00:00+02:00,2026-05-31T07:05:00+02:00,5,home,Frankfurt,60311,DE,transit_stop,Frankfurt,,DE,walking,none,none,,,,0.5,0.0,0.0,True,False,False,False,,0,Walking to ICE platform.
13,leg-014n,a7b8c9d0-7777-8888-9999-aaaa1111bbbb,c3d4e5f6-cccc-dddd-eeee-ffff22223333,2,2026-05-31T07:05:00+02:00,2026-05-31T11:00:00+02:00,235,transit_stop,Frankfurt,,DE,train_station,Munich,,DE,long_distance_train,single_ticket,second_class,DB,ICE,train,539.5,80.0,21.58,False,True,True,False,5.0,0,ICE from Frankfurt to Munich.
14,leg-015o,b8c9d0e1-8888-9999-aaaa-bbbb2222cccc,c3d4e5f6-cccc-dddd-eeee-ffff22223333,1,2026-05-31T17:00:00+02:00,2026-05-31T17:05:00+02:00,5,train_station,Munich,,DE,transit_stop,Munich,,DE,walking,none,none,,,,0.5,0.0,0.0,True,False,False,False,,0,Walking from Munich station to ICE platform.
15,leg-016p,b8c9d0e1-8888-9999-aaaa-bbbb2222cccc,c3d4e5f6-cccc-dddd-eeee-ffff22223333,2,2026-05-31T17:05:00+02:00,2026-05-31T21:30:00+02:00,265,transit_stop,Munich,,DE,home,Frankfurt,60311,DE,long_distance_train,single_ticket,second_class,DB,ICE,train,539.5,80.0,21.58,False,True,True,False,5.0,0,ICE return to Frankfurt.
16,leg-017q,c9d0e1f2-9999-aaaa-bbbb-cccc3333dddd,c3d4e5f6-cccc-dddd-eeee-ffff22223333,1,2026-06-01T11:00:00+02:00,2026-06-01T11:02:00+02:00,2,home,Frankfurt,60311,DE,car_sharing_pickup,Frankfurt,,DE,walking,none,none,,,,0.5,0.0,0.0,True,False,False,False,,0,Walking to Sixt car‑sharing pickup.
17,leg-018r,c9d0e1f2-9999-aaaa-bbbb-cccc3333dddd,c3d4e5f6-cccc-dddd-eeee-ffff22223333,2,2026-06-01T11:02:00+02:00,2026-06-01T11:12:00+02:00,10,car_sharing_pickup,Frankfurt,,DE,supermarket,Frankfurt,,DE,car_sharing,pay-as-you-go,none,sixt,,car,4.0,4.0,0.48,False,True,False,False,,0,Driving to supermarket with Sixt car‑sharing.
18,leg-019s,c9d0e1f2-9999-aaaa-bbbb-cccc3333dddd,c3d4e5f6-cccc-dddd-eeee-ffff22223333,3,2026-06-01T11:12:00+02:00,2026-06-01T11:15:00+02:00,3,supermarket,Frankfurt,,DE,home,Frankfurt,60311,DE,walking,none,none,,,,0.5,0.0,0.0,False,False,True,False,,0,Walking home from supermarket.
19,leg-020t,d0e1f2g3-aaaa-bbbb-cccc-dddd4444eeee,c3d4e5f6-cccc-dddd-eeee-ffff22223333,1,2026-06-01T11:20:00+02:00,2026-06-01T11:22:00+02:00,2,supermarket,Frankfurt,,DE,car_sharing_pickup,Frankfurt,,DE,walking,none,none,,,,0.5,0.0,0.0,True,False,False,False,,0,Walking to Sixt pickup after shopping.
20,leg-021u,d0e1f2g3-aaaa-bbbb-cccc-dddd4444eeee,c3d4e5f6-cccc-dddd-eeee-ffff22223333,2,2026-06-01T11:22:00+02:00,2026-06-01T11:28:00+02:00,6,car_sharing_pickup,Frankfurt,,DE,home,Frankfurt,60311,DE,car_sharing,pay-as-you-go,none,sixt,,car,4.0,4.0,0.48,False,True,True,False,,0,Driving home with Sixt car‑sharing.
21,leg-022v,e1f2g3h4-bbbb-cccc-dddd-eeee5555ffff,c3d4e5f6-cccc-dddd-eeee-ffff22223333,1,2026-06-02T09:00:00+02:00,2026-06-02T09:20:00+02:00,20,home,Frankfurt,60311,DE,office,Frankfurt,,DE,ride_hailing,pay-as-you-go,none,,,car,8.0,18.0,0.96,False,True,False,False,,0,Ride‑hailing to client meeting.
22,leg-023w,f2g3h4i5-cccc-dddd-eeee-ffff6666gggg,c3d4e5f6-cccc-dddd-eeee-ffff22223333,1,2026-06-02T17:30:00+02:00,2026-06-02T17:50:00+02:00,20,office,Frankfurt,,DE,home,Frankfurt,60311,DE,ride_hailing,pay-as-you-go,none,,,car,8.0,18.0,0.96,False,True,False,False,,0,Ride‑hailing back home after meeting.
0,d1a2b3c4-1111-2222-3333-444455556666,a1b2c3d4-1111-2222-3333-444455556666,c3d4e5f6-cccc-dddd-eeee-ffff22223333,1,2026-06-04T07:30:00,2026-06-04T07:40:00,10,home,Frankfurt,60311,DE,train_station,Frankfurt,,DE,walking,none,none,,,,2.0,0.0,0.0,True,False,False,False,,0,Walk from home to Frankfurt train station for ICE departure.
1,e2b3c4d5-1111-2222-3333-444455556666,a1b2c3d4-1111-2222-3333-444455556666,c3d4e5f6-cccc-dddd-eeee-ffff22223333,2,2026-06-04T07:45:00,2026-06-04T10:45:00,180,train_station,Frankfurt,,DE,train_station,Munich,,DE,long_distance_train,single_ticket,second_class,DB,ICE,,380.0,80.0,15.2,False,True,False,False,5.0,0,"ICE from Frankfurt Hbf to Munich Hbf, second class, single ticket."
2,f3c4d5e6-1111-2222-3333-444455556666,a1b2c3d4-1111-2222-3333-444455556666,c3d4e5f6-cccc-dddd-eeee-ffff22223333,3,2026-06-04T10:45:00,2026-06-04T10:50:00,5,train_station,Munich,,DE,office,Munich,80331,DE,walking,none,none,,,,3.0,0.0,0.0,False,False,True,False,,1,Walk from Munich Hbf to office.
3,a1b2c3d4-2222-3333-4444-555566667777,b2c3d4e5-2222-3333-4444-555566667777,c3d4e5f6-cccc-dddd-eeee-ffff22223333,1,2026-06-05T09:00:00,2026-06-05T09:10:00,10,office,Munich,80331,DE,train_station,Munich,,DE,walking,none,none,,,,2.0,0.0,0.0,True,False,False,False,,0,Walk from office to Munich train station.
4,b2c3d4e5-2222-3333-4444-555566667777,b2c3d4e5-2222-3333-4444-555566667777,c3d4e5f6-cccc-dddd-eeee-ffff22223333,2,2026-06-05T09:15:00,2026-06-05T12:55:00,220,train_station,Munich,,DE,train_station,Berlin,,DE,long_distance_train,single_ticket,second_class,DB,ICE,,580.0,100.0,23.2,False,True,False,False,5.0,0,"ICE from Munich Hbf to Berlin Hbf, second class."
5,c3d4e5f6-2222-3333-4444-555566667777,b2c3d4e5-2222-3333-4444-555566667777,c3d4e5f6-cccc-dddd-eeee-ffff22223333,3,2026-06-05T12:55:00,2026-06-05T13:00:00,5,train_station,Berlin,,DE,train_station,Berlin,10115,DE,walking,none,none,,,,3.0,0.0,0.0,False,False,True,False,,1,Walk from Berlin Hbf to the designated train_station location.
6,d4e5f6a7-3333-4444-5555-666677778888,c3d4e5f6-3333-4444-5555-666677778888,c3d4e5f6-cccc-dddd-eeee-ffff22223333,1,2026-06-05T10:30:00,2026-06-05T10:45:00,15,train_station,Berlin,10115,DE,friend_home,Berlin,,DE,ride_hailing,pay-as-you-go,none,,,car,5.0,12.0,0.6,False,True,False,False,,0,Ride‑hailing from Berlin Hbf to friend's apartment.
7,e5f6a7b8-4444-5555-6666-777788889999,d4e5f6a7-4444-5555-6666-777788889999,c3d4e5f6-cccc-dddd-eeee-ffff22223333,1,2026-06-06T12:00:00,2026-06-06T12:05:00,5,friend_home,Berlin,,DE,tram_stop,Berlin,,DE,walking,none,none,,,,0.5,0.0,0.0,True,False,False,False,,0,Walk to tram stop near friend's house.
8,f6a7b8c9-4444-5555-6666-777788889999,d4e5f6a7-4444-5555-6666-777788889999,c3d4e5f6-cccc-dddd-eeee-ffff22223333,2,2026-06-06T12:05:00,2026-06-06T12:20:00,15,tram_stop,Berlin,,DE,concert_hall_stop,Berlin,,DE,public_transport,subscription,none,DB,Tram,,7.0,0.0,0.21,False,True,False,False,,0,"Tram ride to concert hall stop, covered by Deutschlandticket."
9,a7b8c9d0-4444-5555-6666-777788889999,d4e5f6a7-4444-5555-6666-777788889999,c3d4e5f6-cccc-dddd-eeee-ffff22223333,3,2026-06-06T12:20:00,2026-06-06T12:25:00,5,concert_hall_stop,Berlin,,DE,concert_hall,Berlin,,DE,walking,none,none,,,,0.5,0.0,0.0,False,False,True,False,,1,Walk from tram stop to concert hall.
10,b8c9d0e1-5555-6666-7777-88889999aaaa,e5f6a7b8-5555-6666-7777-88889999aaaa,c3d4e5f6-cccc-dddd-eeee-ffff22223333,1,2026-06-05T10:30:00,2026-06-05T10:35:00,5,train_station,Berlin,10115,DE,train_station,Berlin,,DE,walking,none,none,,,,0.5,0.0,0.0,True,False,False,False,,0,Walk to platform for long‑distance ICE.
11,c9d0e1f2-5555-6666-7777-88889999aaaa,e5f6a7b8-5555-6666-7777-88889999aaaa,c3d4e5f6-cccc-dddd-eeee-ffff22223333,2,2026-06-05T10:40:00,2026-06-05T13:55:00,225,train_station,Berlin,,DE,train_station,Frankfurt,,DE,long_distance_train,single_ticket,second_class,DB,ICE,,540.0,80.0,21.6,False,True,False,False,5.0,0,"ICE from Berlin Hbf to Frankfurt Hbf, second class."
12,d0e1f2g3-5555-6666-7777-88889999aaaa,e5f6a7b8-5555-6666-7777-88889999aaaa,c3d4e5f6-cccc-dddd-eeee-ffff22223333,3,2026-06-05T13:55:00,2026-06-05T14:00:00,5,train_station,Frankfurt,,DE,home,Frankfurt,60311,DE,walking,none,none,,,,4.5,0.0,0.0,False,False,True,False,,1,Walk from Frankfurt Hbf to home.
13,e1f2g3h4-6666-7777-8888-9999aaaabbbb,f6a7b8c9-6666-7777-8888-9999aaaabbbb,c3d4e5f6-cccc-dddd-eeee-ffff22223333,1,2026-06-07T10:00:00,2026-06-07T10:15:00,15,home,Frankfurt,60311,DE,supermarket,Frankfurt,,DE,ride_hailing,pay-as-you-go,none,,,car,8.0,12.0,0.96,False,True,False,False,,0,Ride‑hailing to grocery store.
14,f2g3h4i5-7777-8888-9999-aaaabbbbcccc,a7b8c9d0-7777-8888-9999-aaaabbbbcccc,c3d4e5f6-cccc-dddd-eeee-ffff22223333,1,2026-06-07T18:00:00,2026-06-07T18:05:00,5,home,Frankfurt,60311,DE,tram_stop,Frankfurt,,DE,walking,none,none,,,,0.5,0.0,0.0,True,False,False,False,,0,Walk to tram stop near home.
15,g3h4i5j6-7777-8888-9999-aaaabbbbcccc,a7b8c9d0-7777-8888-9999-aaaabbbbcccc,c3d4e5f6-cccc-dddd-eeee-ffff22223333,2,2026-06-07T18:05:00,2026-06-07T18:20:00,15,tram_stop,Frankfurt,,DE,gym,Frankfurt,,DE,public_transport,subscription,none,DB,Tram,,5.0,0.0,0.15,False,True,False,False,,0,"Tram ride to gym, covered by Deutschlandticket."
16,h4i5j6k7-7777-8888-9999-aaaabbbbcccc,a7b8c9d0-7777-8888-9999-aaaabbbbcccc,c3d4e5f6-cccc-dddd-eeee-ffff22223333,3,2026-06-07T18:20:00,2026-06-07T18:20:00,0,gym,Frankfurt,,DE,gym,Frankfurt,,DE,walking,none,none,,,,0.0,0.0,0.0,False,False,True,False,,1,Arrive at gym (no further movement).
17,i5j6k7l8-8888-9999-aaaa-bbbccccddddd,b8c9d0e1-8888-9999-aaaa-bbbccccddddd,c3d4e5f6-cccc-dddd-eeee-ffff22223333,1,2026-06-08T08:30:00,2026-06-08T08:35:00,5,home,Frankfurt,60311,DE,s_bahn_stop,Frankfurt,,DE,walking,none,none,,,,0.5,0.0,0.0,True,False,False,False,,0,Walk to S‑Bahn station.
18,j6k7l8m9-8888-9999-aaaa-bbbccccddddd,b8c9d0e1-8888-9999-aaaa-bbbccccddddd,c3d4e5f6-cccc-dddd-eeee-ffff22223333,2,2026-06-08T08:35:00,2026-06-08T08:45:00,10,s_bahn_stop,Frankfurt,,DE,client_office,Frankfurt,,DE,public_transport,subscription,none,DB,S-Bahn,,4.0,0.0,0.12,False,True,False,False,,0,"S‑Bahn ride to client office, covered by Deutschlandticket."
19,k7l8m9n0-8888-9999-aaaa-bbbccccddddd,b8c9d0e1-8888-9999-aaaa-bbbccccddddd,c3d4e5f6-cccc-dddd-eeee-ffff22223333,3,2026-06-08T08:45:00,2026-06-08T08:45:00,0,client_office,Frankfurt,,DE,client_office,Frankfurt,,DE,walking,none,none,,,,0.0,0.0,0.0,False,False,True,False,,1,Arrive at client office.
20,l8m9n0o1-9999-aaaa-bbbb-ccccddddeeee,c9d0e1f2-9999-aaaa-bbbb-ccccddddeeee,c3d4e5f6-cccc-dddd-eeee-ffff22223333,1,2026-06-08T19:00:00,2026-06-08T19:12:00,12,client_office,Frankfurt,,DE,restaurant,Frankfurt,,DE,ride_hailing,pay-as-you-go,none,,,car,4.0,8.0,0.48,False,True,False,False,,0,Ride‑hailing to dinner restaurant.
21,m9n0o1p2-aaaa-bbbb-cccc-ddddeeeeffff,d0e1f2g3-aaaa-bbbb-cccc-ddddeeeeffff,c3d4e5f6-cccc-dddd-eeee-ffff22223333,1,2026-06-09T11:00:00,2026-06-09T11:02:00,2,home,Frankfurt,60311,DE,tram_stop,Frankfurt,,DE,walking,none,none,,,,0.2,0.0,0.0,True,False,False,False,,0,Short walk to tram stop.
22,n0o1p2q3-aaaa-bbbb-cccc-ddddeeeeffff,d0e1f2g3-aaaa-bbbb-cccc-ddddeeeeffff,c3d4e5f6-cccc-dddd-eeee-ffff22223333,2,2026-06-09T11:02:00,2026-06-09T11:08:00,6,tram_stop,Frankfurt,,DE,pharmacy,Frankfurt,,DE,public_transport,subscription,none,DB,Tram,,2.5,0.0,0.075,False,True,False,False,,0,"Tram ride to pharmacy, covered by Deutschlandticket."
23,o1p2q3r4-aaaa-bbbb-cccc-ddddeeeeffff,d0e1f2g3-aaaa-bbbb-cccc-ddddeeeeffff,c3d4e5f6-cccc-dddd-eeee-ffff22223333,3,2026-06-09T11:08:00,2026-06-09T11:10:00,2,pharmacy,Frankfurt,,DE,pharmacy,Frankfurt,,DE,walking,none,none,,,,0.3,0.0,0.0,False,False,True,False,,1,Final short walk after tram stop.
24,p2q3r4s5-bbbb-cccc-dddd-eeeeffff1111,e1f2g3h4-bbbb-cccc-dddd-eeeeffff1111,c3d4e5f6-cccc-dddd-eeee-ffff22223333,1,2026-06-10T08:30:00,2026-06-10T08:35:00,5,home,Frankfurt,60311,DE,s_bahn_stop,Frankfurt,,DE,walking,none,none,,,,0.5,0.0,0.0,True,False,False,False,,0,Walk to S‑Bahn stop.
25,q3r4s5t6-bbbb-cccc-dddd-eeeeffff1111,e1f2g3h4-bbbb-cccc-dddd-eeeeffff1111,c3d4e5f6-cccc-dddd-eeee-ffff22223333,2,2026-06-10T08:35:00,2026-06-10T08:45:00,10,s_bahn_stop,Frankfurt,,DE,client_office,Frankfurt,,DE,public_transport,subscription,none,DB,S-Bahn,,5.0,0.0,0.15,False,True,False,False,,0,S‑Bahn ride to client office.
26,r4s5t6u7-bbbb-cccc-dddd-eeeeffff1111,e1f2g3h4-bbbb-cccc-dddd-eeeeffff1111,c3d4e5f6-cccc-dddd-eeee-ffff22223333,3,2026-06-10T08:45:00,2026-06-10T08:45:00,0,client_office,Frankfurt,,DE,client_office,Frankfurt,,DE,walking,none,none,,,,0.0,0.0,0.0,False,False,True,False,,1,Arrive at client office.
27,s5t6u7v8-cccc-dddd-eeee-ffff11112222,f2g3h4i5-cccc-dddd-eeee-ffff11112222,c3d4e5f6-cccc-dddd-eeee-ffff22223333,1,2026-06-10T18:30:00,2026-06-10T18:55:00,25,client_office,Frankfurt,,DE,shopping_mall,Frankfurt,,DE,car_sharing,pay-as-you-go,none,sixt,,car,12.0,10.0,1.44,False,True,False,False,,0,Car‑sharing ride to shopping mall.
0,leg-a1b2c3d4-1111-2222-3333-444455556666-1,a1b2c3d4-1111-2222-3333-444455556666,c3d4e5f6-cccc-dddd-eeee-ffff22223333,1,2026-06-11T08:15:00+02:00,2026-06-11T08:20:00+02:00,5,home,Frankfurt,60311,DE,transit_stop,Frankfurt,,DE,walking,none,none,,,,0.5,0.0,0.0,True,False,False,False,,0,Access walk to public transport.
1,leg-a1b2c3d4-1111-2222-3333-444455556666-2,a1b2c3d4-1111-2222-3333-444455556666,c3d4e5f6-cccc-dddd-eeee-ffff22223333,2,2026-06-11T08:20:00+02:00,2026-06-11T08:40:00+02:00,20,transit_stop,Frankfurt,,DE,office_stop,Frankfurt,,DE,public_transport,subscription,second_class,DB,S-Bahn,,11.0,0.0,0.55,False,True,False,False,2.0,1,Public transport ride to office.
2,leg-a1b2c3d4-1111-2222-3333-444455556666-3,a1b2c3d4-1111-2222-3333-444455556666,c3d4e5f6-cccc-dddd-eeee-ffff22223333,3,2026-06-11T08:40:00+02:00,2026-06-11T08:45:00+02:00,5,office_stop,Frankfurt,,DE,office,Frankfurt,,DE,walking,none,none,,,,0.5,0.0,0.0,False,False,True,False,,2,Egress walk to office.
3,leg-b2c3d4e5-2222-3333-4444-555566667777-1,b2c3d4e5-2222-3333-4444-555566667777,c3d4e5f6-cccc-dddd-eeee-ffff22223333,1,2026-06-11T18:30:00+02:00,2026-06-11T18:35:00+02:00,5,office,Frankfurt,,DE,transit_stop,Frankfurt,,DE,walking,none,none,,,,0.5,0.0,0.0,True,False,False,False,,0,Access walk to public transport for home return.
4,leg-b2c3d4e5-2222-3333-4444-555566667777-2,b2c3d4e5-2222-3333-4444-555566667777,c3d4e5f6-cccc-dddd-eeee-ffff22223333,2,2026-06-11T18:35:00+02:00,2026-06-11T18:55:00+02:00,20,transit_stop,Frankfurt,,DE,home_stop,Frankfurt,,DE,public_transport,subscription,second_class,DB,S-Bahn,,11.0,0.0,0.55,False,True,False,False,2.0,1,Public transport ride home.
5,leg-b2c3d4e5-2222-3333-4444-555566667777-3,b2c3d4e5-2222-3333-4444-555566667777,c3d4e5f6-cccc-dddd-eeee-ffff22223333,3,2026-06-11T18:55:00+02:00,2026-06-11T19:00:00+02:00,5,home_stop,Frankfurt,,DE,home,Frankfurt,60311,DE,walking,none,none,,,,0.5,0.0,0.0,False,False,True,False,,2,Egress walk to home.
6,leg-c3d4e5f6-3333-4444-5555-666677778888-1,c3d4e5f6-3333-4444-5555-666677778888,c3d4e5f6-cccc-dddd-eeee-ffff22223333,1,2026-06-12T07:30:00+02:00,2026-06-12T07:35:00+02:00,5,home,Frankfurt,60311,DE,train_station,Frankfurt,,DE,walking,none,none,,,,0.5,0.0,0.0,True,False,False,False,,0,Walk to Frankfurt main train station.
7,leg-c3d4e5f6-3333-4444-5555-666677778888-2,c3d4e5f6-3333-4444-5555-666677778888,c3d4e5f6-cccc-dddd-eeee-ffff22223333,2,2026-06-12T07:35:00+02:00,2026-06-12T11:25:00+02:00,230,train_station,Frankfurt,,DE,train_station,Berlin,,DE,long_distance_train,single_ticket,second_class,DB,ICE,,549.0,70.0,21.96,False,True,False,False,,1,ICE ride from Frankfurt to Berlin.
8,leg-c3d4e5f6-3333-4444-5555-666677778888-3,c3d4e5f6-3333-4444-5555-666677778888,c3d4e5f6-cccc-dddd-eeee-ffff22223333,3,2026-06-12T11:25:00+02:00,2026-06-12T11:30:00+02:00,5,train_station,Berlin,,DE,Berlin,Berlin,,DE,walking,none,none,,,,0.5,0.0,0.0,False,False,True,False,,2,Walk from Berlin Hbf to city centre.
9,leg-d4e5f6a7-4444-5555-6666-777788889999-1,d4e5f6a7-4444-5555-6666-777788889999,c3d4e5f6-cccc-dddd-eeee-ffff22223333,1,2026-06-12T12:00:00+02:00,2026-06-12T12:15:00+02:00,15,Berlin central station,Berlin,,DE,friend_home,Berlin,,DE,ride_hailing,other,none,,,car,5.0,12.0,0.6,False,True,False,False,,0,Ride‑hailing from station to friend's apartment.
10,leg-e5f6a7b8-5555-6666-7777-88889999aaaa-1,e5f6a7b8-5555-6666-7777-88889999aaaa,c3d4e5f6-cccc-dddd-eeee-ffff22223333,1,2026-06-12T20:30:00+02:00,2026-06-12T20:35:00+02:00,5,Berlin,Berlin,,DE,train_station,Berlin,,DE,walking,none,none,,,,0.5,0.0,0.0,True,False,False,False,,0,Walk to Berlin Hbf for return train.
11,leg-e5f6a7b8-5555-6666-7777-88889999aaaa-2,e5f6a7b8-5555-6666-7777-88889999aaaa,c3d4e5f6-cccc-dddd-eeee-ffff22223333,2,2026-06-12T20:35:00+02:00,2026-06-13T00:25:00+02:00,230,train_station,Berlin,,DE,train_station,Frankfurt,,DE,long_distance_train,single_ticket,second_class,DB,ICE,,549.0,70.0,21.96,False,True,False,False,,1,ICE ride back to Frankfurt.
12,leg-e5f6a7b8-5555-6666-7777-88889999aaaa-3,e5f6a7b8-5555-6666-7777-88889999aaaa,c3d4e5f6-cccc-dddd-eeee-ffff22223333,3,2026-06-13T00:25:00+02:00,2026-06-13T00:30:00+02:00,5,train_station,Frankfurt,,DE,home,Frankfurt,60311,DE,walking,none,none,,,,0.5,0.0,0.0,False,False,True,False,,2,Walk from Frankfurt Hbf to home.
13,leg-f6a7b8c9-6666-7777-8888-9999aaaabbbb-1,f6a7b8c9-6666-7777-8888-9999aaaabbbb,c3d4e5f6-cccc-dddd-eeee-ffff22223333,1,2026-06-13T10:00:00+02:00,2026-06-13T10:20:00+02:00,20,home,Frankfurt,60311,DE,supermarket,Frankfurt,,DE,ride_hailing,other,none,,,car,8.0,19.2,0.96,False,True,False,False,,0,Ride‑hailing to supermarket.
14,leg-a7b8c9d0-7777-8888-9999-aaaa1111bbbb-1,a7b8c9d0-7777-8888-9999-aaaa1111bbbb,c3d4e5f6-cccc-dddd-eeee-ffff22223333,1,2026-06-13T10:30:00+02:00,2026-06-13T10:35:00+02:00,5,supermarket,Frankfurt,,DE,transit_stop,Frankfurt,,DE,walking,none,none,,,,0.5,0.0,0.0,True,False,False,False,,0,Walk to public transport stop after shopping.
15,leg-a7b8c9d0-7777-8888-9999-aaaa1111bbbb-2,a7b8c9d0-7777-8888-9999-aaaa1111bbbb,c3d4e5f6-cccc-dddd-eeee-ffff22223333,2,2026-06-13T10:35:00+02:00,2026-06-13T10:45:00+02:00,10,transit_stop,Frankfurt,,DE,home_stop,Frankfurt,,DE,public_transport,subscription,second_class,DB,S-Bahn,,7.0,0.0,0.35,False,True,False,False,2.0,1,Public transport back home.
16,leg-a7b8c9d0-7777-8888-9999-aaaa1111bbbb-3,a7b8c9d0-7777-8888-9999-aaaa1111bbbb,c3d4e5f6-cccc-dddd-eeee-ffff22223333,3,2026-06-13T10:45:00+02:00,2026-06-13T10:50:00+02:00,5,home_stop,Frankfurt,,DE,home,Frankfurt,60311,DE,walking,none,none,,,,0.5,0.0,0.0,False,False,True,False,,2,Walk from stop to home.
17,leg-b8c9d0e1-8888-9999-aaaa-bbbb2222cccc-1,b8c9d0e1-8888-9999-aaaa-bbbb2222cccc,c3d4e5f6-cccc-dddd-eeee-ffff22223333,1,2026-06-14T09:00:00+02:00,2026-06-14T09:20:00+02:00,20,home,Frankfurt,60311,DE,client_meeting,Frankfurt,,DE,ride_hailing,other,none,,,car,10.0,24.0,1.2,False,True,False,False,,0,Ride‑hailing to client meeting.
18,leg-c9d0e1f2-9999-aaaa-bbbb-cccc3333dddd-1,c9d0e1f2-9999-aaaa-bbbb-cccc3333dddd,c3d4e5f6-cccc-dddd-eeee-ffff22223333,1,2026-06-14T17:30:00+02:00,2026-06-14T17:35:00+02:00,5,client_meeting,Frankfurt,,DE,transit_stop,Frankfurt,,DE,walking,none,none,,,,0.5,0.0,0.0,True,False,False,False,,0,Walk to public transport stop after meeting.
19,leg-c9d0e1f2-9999-aaaa-bbbb-cccc3333dddd-2,c9d0e1f2-9999-aaaa-bbbb-cccc3333dddd,c3d4e5f6-cccc-dddd-eeee-ffff22223333,2,2026-06-14T17:35:00+02:00,2026-06-14T17:45:00+02:00,10,transit_stop,Frankfurt,,DE,home_stop,Frankfurt,,DE,public_transport,subscription,second_class,DB,S-Bahn,,9.0,0.0,0.45,False,True,False,False,2.0,1,Public transport home after meeting.
20,leg-c9d0e1f2-9999-aaaa-bbbb-cccc3333dddd-3,c9d0e1f2-9999-aaaa-bbbb-cccc3333dddd,c3d4e5f6-cccc-dddd-eeee-ffff22223333,3,2026-06-14T17:45:00+02:00,2026-06-14T17:50:00+02:00,5,home_stop,Frankfurt,,DE,home,Frankfurt,60311,DE,walking,none,none,,,,0.5,0.0,0.0,False,False,True,False,,2,Walk from stop to home.
21,leg-d0e1f2g3-aaaa-bbbb-cccc-dddd4444eeee-1,d0e1f2g3-aaaa-bbbb-cccc-dddd4444eeee,c3d4e5f6-cccc-dddd-eeee-ffff22223333,1,2026-06-15T07:00:00+02:00,2026-06-15T07:05:00+02:00,5,home,Frankfurt,60311,DE,train_station,Frankfurt,,DE,walking,none,none,,,,0.5,0.0,0.0,True,False,False,False,,0,Walk to Frankfurt Hbf for ICE to Munich.
22,leg-d0e1f2g3-aaaa-bbbb-cccc-dddd4444eeee-2,d0e1f2g3-aaaa-bbbb-cccc-dddd4444eeee,c3d4e5f6-cccc-dddd-eeee-ffff22223333,2,2026-06-15T07:05:00+02:00,2026-06-15T10:25:00+02:00,200,train_station,Frankfurt,,DE,train_station,Munich,,DE,long_distance_train,single_ticket,second_class,DB,ICE,,399.0,55.0,15.96,False,True,False,False,,1,ICE ride to Munich for client workshop.
23,leg-d0e1f2g3-aaaa-bbbb-cccc-dddd4444eeee-3,d0e1f2g3-aaaa-bbbb-cccc-dddd4444eeee,c3d4e5f6-cccc-dddd-eeee-ffff22223333,3,2026-06-15T10:25:00+02:00,2026-06-15T10:30:00+02:00,5,train_station,Munich,,DE,home,Frankfurt,60311,DE,walking,none,none,,,,0.5,0.0,0.0,False,False,True,False,,2,Walk from Munich Hbf to home.
24,leg-e1f2g3h4-bbbb-cccc-dddd-eeee5555ffff-1,e1f2g3h4-bbbb-cccc-dddd-eeee5555ffff,c3d4e5f6-cccc-dddd-eeee-ffff22223333,1,2026-06-15T18:00:00+02:00,2026-06-15T18:05:00+02:00,5,Munich,Munich,,DE,train_station,Munich,,DE,walking,none,none,,,,0.5,0.0,0.0,True,False,False,False,,0,Walk to Munich Hbf for return ICE.
25,leg-e1f2g3h4-bbbb-cccc-dddd-eeee5555ffff-2,e1f2g3h4-bbbb-cccc-dddd-eeee5555ffff,c3d4e5f6-cccc-dddd-eeee-ffff22223333,2,2026-06-15T18:05:00+02:00,2026-06-15T21:25:00+02:00,200,train_station,Munich,,DE,train_station,Frankfurt,,DE,long_distance_train,single_ticket,second_class,DB,ICE,,399.0,55.0,15.96,False,True,False,False,,1,Return ICE to Frankfurt.
26,leg-e1f2g3h4-bbbb-cccc-dddd-eeee5555ffff-3,e1f2g3h4-bbbb-cccc-dddd-eeee5555ffff,c3d4e5f6-cccc-dddd-eeee-ffff22223333,3,2026-06-15T21:25:00+02:00,2026-06-15T21:30:00+02:00,5,train_station,Frankfurt,,DE,home,Frankfurt,60311,DE,walking,none,none,,,,0.5,0.0,0.0,False,False,True,False,,2,Walk from Frankfurt Hbf to home.
0,d1a2b3c4-1111-2222-3333-444455556666,a1b2c3d4-0001-1111-2222-333344445555,c3d4e5f6-cccc-dddd-eeee-ffff22223333,1,2026-06-18T07:30:00+02:00,2026-06-18T07:50:00+02:00,20,home,Frankfurt,60311,DE,gym,Frankfurt,,DE,ride_hailing,pay-as-you-go,none,,,,5.0,11.0,0.6,False,True,False,False,,0,Ride‑hailing directly from home to gym for quick morning workout.
1,e2b3c4d5-2222-3333-4444-555566667777,a1b2c3d4-0002-1111-2222-333344445555,c3d4e5f6-cccc-dddd-eeee-ffff22223333,1,2026-06-18T09:30:00+02:00,2026-06-18T09:50:00+02:00,20,gym,Frankfurt,,DE,home,Frankfurt,60311,DE,ride_hailing,pay-as-you-go,none,,,,5.0,11.0,0.6,False,True,False,False,,0,Ride‑hailing back home after gym session.
2,f3c4d5e6-3333-4444-5555-666677778888,a1b2c3d4-0003-1111-2222-333344445555,c3d4e5f6-cccc-dddd-eeee-ffff22223333,1,2026-06-18T19:00:00+02:00,2026-06-18T19:15:00+02:00,15,home,Frankfurt,60311,DE,restaurant,Frankfurt,,DE,ride_hailing,pay-as-you-go,none,,,,4.0,9.0,0.48,False,True,False,False,,0,Ride‑hailing to restaurant for evening dinner.
3,g4d5e6f7-4444-5555-6666-777788889999,a1b2c3d4-0004-1111-2222-333344445555,c3d4e5f6-cccc-dddd-eeee-ffff22223333,1,2026-06-18T21:00:00+02:00,2026-06-18T21:15:00+02:00,15,restaurant,Frankfurt,,DE,home,Frankfurt,60311,DE,ride_hailing,pay-as-you-go,none,,,,4.0,9.0,0.48,False,True,False,False,,0,Ride‑hailing back home after dinner.
4,h5e6f7g8-5555-6666-7777-88889999aaaa,a1b2c3d4-0005-1111-2222-333344445555,c3d4e5f6-cccc-dddd-eeee-ffff22223333,1,2026-06-19T08:00:00+02:00,2026-06-19T08:10:00+02:00,10,home,Frankfurt,60311,DE,train_station,Frankfurt,60313,DE,ride_hailing,pay-as-you-go,none,,,,5.0,11.0,0.6,True,False,False,False,,0,Ride‑hailing from home to Frankfurt main train station before ICE.
5,i6f7g8h9-6666-7777-8888-9999aaaabbbb,a1b2c3d4-0005-1111-2222-333344445555,c3d4e5f6-cccc-dddd-eeee-ffff22223333,2,2026-06-19T08:10:00+02:00,2026-06-19T12:00:00+02:00,230,train_station,Frankfurt,60313,DE,train_station,Berlin,10557,DE,long_distance_train,subscription,second_class,DB,ICE,train,419.0,0.0,16.76,False,True,False,False,5.0,0,ICE long‑distance train from Frankfurt to Berlin covered by Deutschlandticket.
6,j7g8h9i0-7777-8888-9999-aaaa1111bbbb,a1b2c3d4-0006-1111-2222-333344445555,c3d4e5f6-cccc-dddd-eeee-ffff22223333,1,2026-06-19T12:20:00+02:00,2026-06-19T12:40:00+02:00,20,train_station,Berlin,10557,DE,friend_home,Berlin,,DE,ride_hailing,pay-as-you-go,none,,,,6.0,13.0,0.72,False,True,False,False,,0,Ride‑hailing from Berlin Hbf to friend's apartment.
7,k8h9i0j1-8888-9999-aaaa-bbbb2222cccc,a1b2c3d4-0007-1111-2222-333344445555,c3d4e5f6-cccc-dddd-eeee-ffff22223333,1,2026-06-20T10:00:00+02:00,2026-06-20T14:00:00+02:00,240,train_station,Berlin,10557,DE,train_station,Frankfurt,60313,DE,long_distance_train,subscription,second_class,DB,ICE,train,424.0,0.0,16.96,False,True,False,False,5.0,0,ICE return trip from Berlin to Frankfurt covered by Deutschlandticket.
8,l9i0j1k2-9999-aaaa-bbbb-cccc3333dddd,a1b2c3d4-0008-1111-2222-333344445555,c3d4e5f6-cccc-dddd-eeee-ffff22223333,1,2026-06-20T14:20:00+02:00,2026-06-20T14:35:00+02:00,15,train_station,Frankfurt,60313,DE,home,Frankfurt,60311,DE,ride_hailing,pay-as-you-go,none,,,,5.0,11.0,0.6,False,True,False,False,,0,Ride‑hailing from Frankfurt station to home after returning from Berlin.
9,m0j1k2l3-aaaa-bbbb-cccc-dddd4444eeee,a1b2c3d4-0009-1111-2222-333344445555,c3d4e5f6-cccc-dddd-eeee-ffff22223333,1,2026-06-21T06:30:00+02:00,2026-06-21T06:40:00+02:00,10,home,Frankfurt,60311,DE,train_station,Frankfurt,60313,DE,ride_hailing,pay-as-you-go,none,,,,5.0,11.0,0.6,True,False,False,False,,0,Ride‑hailing from home to Frankfurt main train station before business ICE to Munich.
10,n1k2l3m4-bbbb-cccc-dddd-eeee5555ffff,a1b2c3d4-0009-1111-2222-333344445555,c3d4e5f6-cccc-dddd-eeee-ffff22223333,2,2026-06-21T06:40:00+02:00,2026-06-21T10:30:00+02:00,230,train_station,Frankfurt,60313,DE,train_station,Munich,80335,DE,long_distance_train,subscription,second_class,DB,ICE,train,388.0,0.0,15.52,False,True,False,False,5.0,0,"ICE from Frankfurt to Munich for client workshop, covered by Deutschlandticket."
11,o2l3m4n5-cccc-dddd-eeee-ffff6666gggg,a1b2c3d4-0010-1111-2222-333344445555,c3d4e5f6-cccc-dddd-eeee-ffff22223333,1,2026-06-21T10:45:00+02:00,2026-06-21T10:55:00+02:00,10,train_station,Munich,80335,DE,client_office,Munich,,DE,ride_hailing,pay-as-you-go,none,,,,3.0,7.0,0.36,False,True,False,False,,0,Ride‑hailing from Munich station to client office.
12,p3m4n5o6-dddd-eeee-ffff-gggg7777hhhh,a1b2c3d4-0011-1111-2222-333344445555,c3d4e5f6-cccc-dddd-eeee-ffff22223333,1,2026-06-21T18:00:00+02:00,2026-06-21T18:10:00+02:00,10,client_office,Munich,,DE,train_station,Munich,80335,DE,ride_hailing,pay-as-you-go,none,,,,3.0,7.0,0.36,False,True,False,False,,0,Ride‑hailing back to Munich station after workshop.
13,q4n5o6p7-eeee-ffff-gggg-hhhh8888iiii,a1b2c3d4-0012-1111-2222-333344445555,c3d4e5f6-cccc-dddd-eeee-ffff22223333,1,2026-06-21T18:30:00+02:00,2026-06-21T22:30:00+02:00,240,train_station,Munich,80335,DE,train_station,Frankfurt,60313,DE,long_distance_train,subscription,second_class,DB,ICE,train,393.0,0.0,15.72,False,True,False,False,5.0,0,ICE return from Munich to Frankfurt after evening workshop.
14,r5o6p7q8-ffff-gggg-hhhh-iiii9999jjjj,a1b2c3d4-0012-1111-2222-333344445555,c3d4e5f6-cccc-dddd-eeee-ffff22223333,2,2026-06-21T22:30:00+02:00,2026-06-21T22:45:00+02:00,15,train_station,Frankfurt,60313,DE,home,Frankfurt,60311,DE,ride_hailing,pay-as-you-go,none,,,,5.0,11.0,0.6,False,False,True,False,,0,Ride‑hailing from Frankfurt station to home after returning from Munich.
0,e1a2b3c4-0000-1111-2222-333344445555,a1b2c3d4-1111-2222-3333-444455556666,c3d4e5f6-cccc-dddd-eeee-ffff22223333,1,2026-06-25T08:00:00+02:00,2026-06-25T08:15:00+02:00,15,home,Frankfurt,60311,DE,train_station,Frankfurt,60311,DE,ride_hailing,none,none,,,car,5.0,15.0,0.6,True,False,False,False,,0,Ride‑hailing from home to Frankfurt main train station.
1,f2b3c4d5-1111-2222-3333-444455556666,a1b2c3d4-1111-2222-3333-444455556666,c3d4e5f6-cccc-dddd-eeee-ffff22223333,2,2026-06-25T08:15:00+02:00,2026-06-25T12:30:00+02:00,255,train_station,Frankfurt,60311,DE,train_station,Berlin,10115,DE,long_distance_train,single_ticket,second_class,DB,ICE,train,545.0,49.0,22.0,False,True,False,False,,0,ICE train from Frankfurt to Berlin.
2,a2b3c4d5-2222-3333-4444-555566667777,b2c3d4e5-2222-3333-4444-555566667777,c3d4e5f6-cccc-dddd-eeee-ffff22223333,1,2026-06-25T12:45:00+02:00,2026-06-25T13:15:00+02:00,30,train_station,Berlin,10115,DE,friend_home,Berlin,,DE,ride_hailing,none,none,,,car,15.0,35.0,1.8,False,True,False,False,,0,Ride‑hailing from Berlin Hbf to friend's apartment.
3,b3c4d5e6-3333-4444-5555-666677778888,c3d4e5f6-3333-4444-5555-666677778888,c3d4e5f6-cccc-dddd-eeee-ffff22223333,1,2026-06-26T18:00:00+02:00,2026-06-26T18:30:00+02:00,30,friend_home,Berlin,,DE,train_station,Berlin,10115,DE,ride_hailing,none,none,,,car,15.0,35.0,1.8,False,True,False,False,,0,Ride‑hailing back to Berlin Hbf for the return train.
4,c4d5e6f7-4444-5555-6666-777788889999,d4e5f6a7-4444-5555-6666-777788889999,c3d4e5f6-cccc-dddd-eeee-ffff22223333,1,2026-06-26T19:00:00+02:00,2026-06-26T23:00:00+02:00,240,train_station,Berlin,10115,DE,train_station,Frankfurt,60311,DE,long_distance_train,single_ticket,second_class,DB,ICE,train,545.0,49.0,22.0,False,True,False,False,,0,ICE train from Berlin to Frankfurt.
5,d5e6f7g8-5555-6666-7777-88889999aaaa,d4e5f6a7-4444-5555-6666-777788889999,c3d4e5f6-cccc-dddd-eeee-ffff22223333,2,2026-06-26T23:00:00+02:00,2026-06-26T23:30:00+02:00,30,train_station,Frankfurt,60311,DE,home,Frankfurt,60311,DE,ride_hailing,none,none,,,car,5.0,15.0,0.6,False,False,True,False,,1,Ride‑hailing from Frankfurt station to home.
6,e6f7g8h9-6666-7777-8888-9999aaaabbbb,e5f6a7b8-5555-6666-7777-88889999aaaa,c3d4e5f6-cccc-dddd-eeee-ffff22223333,1,2026-06-27T10:00:00+02:00,2026-06-27T10:05:00+02:00,5,home,Frankfurt,60311,DE,car_sharing_pickup,Frankfurt,60311,DE,walking,none,none,,,,0.5,0.0,0.0,True,False,False,False,,0,Walking to car‑sharing pickup point.
7,f7g8h9i0-7777-8888-9999-aaaa1111bbbb,e5f6a7b8-5555-6666-7777-88889999aaaa,c3d4e5f6-cccc-dddd-eeee-ffff22223333,2,2026-06-27T10:05:00+02:00,2026-06-27T10:25:00+02:00,20,car_sharing_pickup,Frankfurt,60311,DE,car_sharing_dropoff,Frankfurt,,DE,car_sharing,subscription,none,sixt,,car,11.0,3.3,1.32,False,True,False,False,,1,Car‑sharing drive to supermarket.
8,g8h9i0j1-8888-9999-aaaa-bbbb2222cccc,e5f6a7b8-5555-6666-7777-88889999aaaa,c3d4e5f6-cccc-dddd-eeee-ffff22223333,3,2026-06-27T10:25:00+02:00,2026-06-27T10:30:00+02:00,5,car_sharing_dropoff,Frankfurt,,DE,supermarket,Frankfurt,,DE,walking,none,none,,,,0.5,0.0,0.0,False,False,True,False,,2,Walking from car drop‑off to supermarket.
9,h9i0j1k2-9999-aaaa-bbbb-cccc3333dddd,f6a7b8c9-6666-7777-8888-9999aaaabbbb,c3d4e5f6-cccc-dddd-eeee-ffff22223333,1,2026-06-27T11:00:00+02:00,2026-06-27T11:05:00+02:00,5,supermarket,Frankfurt,,DE,car_sharing_pickup,Frankfurt,,DE,walking,none,none,,,,0.5,0.0,0.0,True,False,False,False,,0,Walking to car‑sharing pickup after shopping.
10,i0j1k2l3-aaaa-bbbb-cccc-dddd4444eeee,f6a7b8c9-6666-7777-8888-9999aaaabbbb,c3d4e5f6-cccc-dddd-eeee-ffff22223333,2,2026-06-27T11:05:00+02:00,2026-06-27T11:25:00+02:00,20,car_sharing_pickup,Frankfurt,,DE,car_sharing_dropoff,Frankfurt,,DE,car_sharing,subscription,none,sixt,,car,11.0,3.3,1.32,False,True,False,False,,1,Car‑sharing drive back home.
11,j1k2l3m4-bbbb-cccc-dddd-eeee5555ffff,f6a7b8c9-6666-7777-8888-9999aaaabbbb,c3d4e5f6-cccc-dddd-eeee-ffff22223333,3,2026-06-27T11:25:00+02:00,2026-06-27T11:30:00+02:00,5,car_sharing_dropoff,Frankfurt,,DE,home,Frankfurt,60311,DE,walking,none,none,,,,0.5,0.0,0.0,False,False,True,False,,2,Walking from car drop‑off to home.
12,k2l3m4n5-1111-2222-3333-444455556777,a7b8c9d0-7777-8888-9999-aaaa1111bbbb,c3d4e5f6-cccc-dddd-eeee-ffff22223333,1,2026-06-28T07:00:00+02:00,2026-06-28T07:15:00+02:00,15,home,Frankfurt,60311,DE,train_station,Frankfurt,60311,DE,ride_hailing,none,none,,,car,5.0,15.0,0.6,True,False,False,False,,0,Ride‑hailing from home to Frankfurt main station.
13,l3m4n5o6-2222-3333-4444-555566667888,a7b8c9d0-7777-8888-9999-aaaa1111bbbb,c3d4e5f6-cccc-dddd-eeee-ffff22223333,2,2026-06-28T07:15:00+02:00,2026-06-28T11:30:00+02:00,255,train_station,Frankfurt,60311,DE,train_station,Munich,80331,DE,long_distance_train,single_ticket,second_class,DB,ICE,train,400.0,49.0,16.0,False,True,False,False,,0,ICE train from Frankfurt to Munich.
14,m4n5o6p7-3333-4444-5555-666677778999,b8c9d0e1-8888-9999-aaaa-bbbb2222cccc,c3d4e5f6-cccc-dddd-eeee-ffff22223333,1,2026-06-28T12:00:00+02:00,2026-06-28T12:20:00+02:00,20,train_station,Munich,80331,DE,office,Munich,80331,DE,ride_hailing,none,none,,,car,8.0,20.0,0.96,False,True,False,False,,0,Ride‑hailing from Munich Hbf to client office.
15,n5o6p7q8-4444-5555-6666-777788889aaa,c9d0e1f2-9999-aaaa-bbbb-cccc3333dddd,c3d4e5f6-cccc-dddd-eeee-ffff22223333,1,2026-06-28T18:00:00+02:00,2026-06-28T22:00:00+02:00,240,office,Munich,80331,DE,train_station,Munich,80331,DE,long_distance_train,single_ticket,second_class,DB,ICE,train,400.0,49.0,16.0,False,True,False,False,,0,ICE train from Munich back to Frankfurt.
16,o6p7q8r9-5555-6666-7777-88889999bbbb,c9d0e1f2-9999-aaaa-bbbb-cccc3333dddd,c3d4e5f6-cccc-dddd-eeee-ffff22223333,2,2026-06-28T22:00:00+02:00,2026-06-28T22:30:00+02:00,30,train_station,Frankfurt,60311,DE,home,Frankfurt,60311,DE,ride_hailing,none,none,,,car,5.0,15.0,0.6,False,False,True,False,,1,Ride‑hailing from Frankfurt station to home.
17,p7q8r9s0-6666-7777-8888-9999ccccdddd,d0e1f2g3-aaaa-bbbb-cccc-dddd4444eeee,c3d4e5f6-cccc-dddd-eeee-ffff22223333,1,2026-06-29T07:30:00+02:00,2026-06-29T08:00:00+02:00,30,home,Frankfurt,60311,DE,gym,Frankfurt,,DE,ride_hailing,none,none,,,car,10.0,25.0,1.2,False,True,False,False,,0,Ride‑hailing from home to gym.
18,q8r9s0t1-7777-8888-9999-aaaa1111eeee,e1f2g3h4-bbbb-cccc-dddd-eeee5555ffff,c3d4e5f6-cccc-dddd-eeee-ffff22223333,1,2026-06-29T09:30:00+02:00,2026-06-29T10:00:00+02:00,30,gym,Frankfurt,,DE,home,Frankfurt,60311,DE,ride_hailing,none,none,,,car,10.0,25.0,1.2,False,True,False,False,,0,Ride‑hailing from gym back home.
0,a1b2c3d4-0001-1111-2222-3333-444455556670-1,a1b2c3d4-0001-1111-2222-3333-444455556670,e5f6g7h8-1111-2222-3333-444455556670,1,2026-01-01T08:30:00+01:00,2026-01-01T09:00:00+01:00,30,home,Munich,80331,DE,supermarket,Munich,,DE,e_scooter,pay-as-you-go,none,bolt,,e_scooter,3.0,2.5,0.06,False,True,False,False,,0,"Morning grocery run using e‑scooter, aligns with remote‑work day."
1,a1b2c3d4-0002-1111-2222-3333-444455556671-1,a1b2c3d4-0002-1111-2222-3333-444455556671,e5f6g7h8-1111-2222-3333-444455556670,1,2026-01-01T09:10:00+01:00,2026-01-01T09:30:00+01:00,20,supermarket,Munich,,DE,home,Munich,80331,DE,e_scooter,pay-as-you-go,none,bolt,,e_scooter,3.0,2.5,0.06,False,True,False,False,,0,Return home after grocery shopping.
2,a1b2c3d4-0003-1111-2222-3333-444455556672-1,a1b2c3d4-0003-1111-2222-3333-444455556672,e5f6g7h8-1111-2222-3333-444455556670,1,2026-01-01T18:00:00+01:00,2026-01-01T18:20:00+01:00,20,home,Munich,80331,DE,gym,Munich,,DE,e_scooter,pay-as-you-go,none,bolt,,e_scooter,2.0,1.6,0.04,False,True,False,False,,0,Evening workout trip using e‑scooter.
3,a1b2c3d4-0004-1111-2222-3333-444455556673-1,a1b2c3d4-0004-1111-2222-3333-444455556673,e5f6g7h8-1111-2222-3333-444455556670,1,2026-01-01T19:30:00+01:00,2026-01-01T19:50:00+01:00,20,gym,Munich,,DE,home,Munich,80331,DE,e_scooter,pay-as-you-go,none,bolt,,e_scooter,2.0,1.6,0.04,False,True,False,False,,0,Return home after gym session.
4,a1b2c3d4-0005-1111-2222-3333-444455556674-1,a1b2c3d4-0005-1111-2222-3333-444455556674,e5f6g7h8-1111-2222-3333-444455556670,1,2026-01-02T12:15:00+01:00,2026-01-02T12:30:00+01:00,15,home,Munich,80331,DE,café,Munich,,DE,walking,none,none,,,,0.8,0.0,0.0,False,True,False,False,,0,Midday walk to a nearby café during remote work.
5,a1b2c3d4-0006-1111-2222-3333-444455556675-1,a1b2c3d4-0006-1111-2222-3333-444455556675,e5f6g7h8-1111-2222-3333-444455556670,1,2026-01-02T13:00:00+01:00,2026-01-02T13:15:00+01:00,15,café,Munich,,DE,home,Munich,80331,DE,walking,none,none,,,,0.8,0.0,0.0,False,True,False,False,,0,Return home after café visit.
6,a1b2c3d4-0007-1111-2222-3333-444455556672-1,a1b2c3d4-0007-1111-2222-3333-444455556672,e5f6g7h8-1111-2222-3333-444455556670,1,2026-01-03T07:00:00+01:00,2026-01-03T07:05:00+01:00,5,home,Munich,80331,DE,train_station,Munich,,DE,walking,none,none,,,,0.5,0.0,0.0,True,False,False,False,,0,Walk from home to Munich train station.
7,a1b2c3d4-0007-1111-2222-3333-444455556672-2,a1b2c3d4-0007-1111-2222-3333-444455556672,e5f6g7h8-1111-2222-3333-444455556670,2,2026-01-03T07:10:00+01:00,2026-01-03T10:20:00+01:00,190,train_station,Munich,,DE,friend_home,Frankfurt,,DE,long_distance_train,single_ticket,second_class,DB,ICE,,400.0,50.0,16.0,False,True,False,False,5.0,0,Long‑distance train from Munich to Frankfurt.
8,a1b2c3d4-0007-1111-2222-3333-444455556672-3,a1b2c3d4-0007-1111-2222-3333-444455556672,e5f6g7h8-1111-2222-3333-444455556670,3,2026-01-03T10:20:00+01:00,2026-01-03T10:30:00+01:00,10,friend_home,Frankfurt,,DE,train_station,Frankfurt,,DE,walking,none,none,,,,0.5,0.0,0.0,False,False,True,False,,1,Walk from Frankfurt station to friend's home.
9,a1b2c3d4-0008-1111-2222-3333-444455556673-1,a1b2c3d4-0008-1111-2222-3333-444455556673,e5f6g7h8-1111-2222-3333-444455556670,1,2026-01-03T18:00:00+01:00,2026-01-03T18:10:00+01:00,10,friend_home,Frankfurt,,DE,train_station,Frankfurt,,DE,walking,none,none,,,,0.5,0.0,0.0,True,False,False,False,,0,Walk from friend’s home to Frankfurt train station.
10,a1b2c3d4-0008-1111-2222-3333-444455556673-2,a1b2c3d4-0008-1111-2222-3333-444455556673,e5f6g7h8-1111-2222-3333-444455556670,2,2026-01-03T18:15:00+01:00,2026-01-03T21:25:00+01:00,190,train_station,Frankfurt,,DE,train_station,Munich,,DE,long_distance_train,single_ticket,second_class,DB,ICE,,400.0,50.0,16.0,False,True,False,False,5.0,0,Long‑distance train from Frankfurt back to Munich.
11,a1b2c3d4-0008-1111-2222-3333-444455556673-3,a1b2c3d4-0008-1111-2222-3333-444455556673,e5f6g7h8-1111-2222-3333-444455556670,3,2026-01-03T21:25:00+01:00,2026-01-03T21:30:00+01:00,5,train_station,Munich,,DE,home,Munich,80331,DE,walking,none,none,,,,0.5,0.0,0.0,False,False,True,False,,1,Walk from Munich station to home.
12,a1b2c3d4-0009-1111-2222-3333-444455556674-1,a1b2c3d4-0009-1111-2222-3333-444455556674,e5f6g7h8-1111-2222-3333-444455556670,1,2026-01-04T08:00:00+01:00,2026-01-04T08:05:00+01:00,5,home,Munich,80331,DE,train_station,Munich,,DE,walking,none,none,,,,0.5,0.0,0.0,True,False,False,False,,0,Walk from home to Munich train station.
13,a1b2c3d4-0009-1111-2222-3333-444455556674-2,a1b2c3d4-0009-1111-2222-3333-444455556674,e5f6g7h8-1111-2222-3333-444455556670,2,2026-01-04T08:10:00+01:00,2026-01-04T12:10:00+01:00,220,train_station,Munich,,DE,friend_home,Cologne,,DE,long_distance_train,single_ticket,second_class,DB,ICE,,570.0,70.0,22.8,False,True,False,False,5.0,0,Long‑distance train from Munich to Cologne.
14,a1b2c3d4-0009-1111-2222-3333-444455556674-3,a1b2c3d4-0009-1111-2222-3333-444455556674,e5f6g7h8-1111-2222-3333-444455556670,3,2026-01-04T12:10:00+01:00,2026-01-04T12:20:00+01:00,10,friend_home,Cologne,,DE,train_station,Cologne,,DE,walking,none,none,,,,0.5,0.0,0.0,False,False,True,False,,1,Walk from Cologne friend’s home to Cologne station.
15,a1b2c3d4-0010-1111-2222-3333-444455556675-1,a1b2c3d4-0010-1111-2222-3333-444455556675,e5f6g7h8-1111-2222-3333-444455556670,1,2026-01-04T17:00:00+01:00,2026-01-04T17:05:00+01:00,5,friend_home,Cologne,,DE,train_station,Cologne,,DE,walking,none,none,,,,0.5,0.0,0.0,True,False,False,False,,0,Walk from Cologne friend’s home to Cologne station.
16,a1b2c3d4-0010-1111-2222-3333-444455556675-2,a1b2c3d4-0010-1111-2222-3333-444455556675,e5f6g7h8-1111-2222-3333-444455556670,2,2026-01-04T17:10:00+01:00,2026-01-04T20:50:00+01:00,220,train_station,Cologne,,DE,train_station,Munich,,DE,long_distance_train,single_ticket,second_class,DB,ICE,,570.0,70.0,22.8,False,True,False,False,5.0,0,Long‑distance train from Cologne back to Munich.
17,a1b2c3d4-0010-1111-2222-3333-444455556675-3,a1b2c3d4-0010-1111-2222-3333-444455556675,e5f6g7h8-1111-2222-3333-444455556670,3,2026-01-04T20:50:00+01:00,2026-01-04T21:00:00+01:00,10,train_station,Munich,,DE,home,Munich,80331,DE,walking,none,none,,,,0.5,0.0,0.0,False,False,True,False,,1,Walk from Munich station to home.
18,a1b2c3d4-0011-1111-2222-3333-444455556676-1,a1b2c3d4-0011-1111-2222-3333-444455556676,e5f6g7h8-1111-2222-3333-444455556670,1,2026-01-05T10:00:00+01:00,2026-01-05T10:10:00+01:00,10,home,Munich,80331,DE,pharmacy,Munich,,DE,walking,none,none,,,,1.0,0.0,0.0,False,True,False,False,,0,Quick walk to the pharmacy for personal items.
19,a1b2c3d4-0012-1111-2222-3333-444455556677-1,a1b2c3d4-0012-1111-2222-3333-444455556677,e5f6g7h8-1111-2222-3333-444455556670,1,2026-01-05T10:30:00+01:00,2026-01-05T10:40:00+01:00,10,pharmacy,Munich,,DE,home,Munich,80331,DE,walking,none,none,,,,1.0,0.0,0.0,False,True,False,False,,0,Return home after pharmacy visit.
0,leg-a1111111-1,a1111111-1111-1111-1111-111111111111,e5f6g7h8-1111-2222-3333-444455556670,1,2026-01-08T09:00:00+01:00,2026-01-08T09:30:00+01:00,30,home,Munich,80331,DE,city_center,Munich,,DE,walking,none,none,,,,2.0,0.0,0.0,False,True,False,False,,0,Morning walk in Munich city center
1,leg-a2222222-1,a2222222-2222-2222-2222-222222222222,e5f6g7h8-1111-2222-3333-444455556670,1,2026-01-08T10:30:00+01:00,2026-01-08T10:35:00+01:00,5,city_center,Munich,,DE,café,Munich,,DE,e_scooter,pay-as-you-go,none,bolt,,e-scooter,1.0,2.5,0.02,False,True,False,False,,0,Quick e‑scooter ride to a nearby café
2,leg-a3333333-1,a3333333-3333-3333-3333-333333333333,e5f6g7h8-1111-2222-3333-444455556670,1,2026-01-09T10:00:00+01:00,2026-01-09T10:05:00+01:00,5,home,Munich,80331,DE,transit_stop,Munich,,DE,walking,none,none,,,,0.5,0.0,0.0,True,False,False,False,,0,Walk from home to public‑transport stop
3,leg-a3333333-2,a3333333-3333-3333-3333-333333333333,e5f6g7h8-1111-2222-3333-444455556670,2,2026-01-09T10:05:00+01:00,2026-01-09T10:15:00+01:00,10,transit_stop,Munich,,DE,transit_stop,Munich,,DE,public_transport,single_ticket,second_class,DB,U-Bahn,,4.0,2.8,0.2,False,True,False,False,5.0,1,Public‑transport ride to supermarket stop
4,leg-a3333333-3,a3333333-3333-3333-3333-333333333333,e5f6g7h8-1111-2222-3333-444455556670,3,2026-01-09T10:15:00+01:00,2026-01-09T10:20:00+01:00,5,transit_stop,Munich,,DE,supermarket,Munich,,DE,walking,none,none,,,,0.5,0.0,0.0,False,False,True,False,,2,Walk from stop to supermarket
5,leg-a4444444-1,a4444444-4444-4444-4444-444444444444,e5f6g7h8-1111-2222-3333-444455556670,1,2026-01-09T12:30:00+01:00,2026-01-09T12:35:00+01:00,5,supermarket,Munich,,DE,transit_stop,Munich,,DE,walking,none,none,,,,0.5,0.0,0.0,True,False,False,False,,0,Walk from supermarket to public‑transport stop
6,leg-a4444444-2,a4444444-4444-4444-4444-444444444444,e5f6g7h8-1111-2222-3333-444455556670,2,2026-01-09T12:35:00+01:00,2026-01-09T12:45:00+01:00,10,transit_stop,Munich,,DE,transit_stop,Munich,,DE,public_transport,single_ticket,second_class,DB,U-Bahn,,4.0,2.8,0.2,False,True,False,False,5.0,1,Public‑transport ride back toward home
7,leg-a4444444-3,a4444444-4444-4444-4444-444444444444,e5f6g7h8-1111-2222-3333-444455556670,3,2026-01-09T12:45:00+01:00,2026-01-09T12:50:00+01:00,5,transit_stop,Munich,,DE,home,Munich,80331,DE,walking,none,none,,,,0.5,0.0,0.0,False,False,True,False,,2,Walk from stop back home
8,leg-a5555555-1,a5555555-5555-5555-5555-555555555555,e5f6g7h8-1111-2222-3333-444455556670,1,2026-01-09T15:00:00+01:00,2026-01-09T15:10:00+01:00,10,home,Munich,80331,DE,train_station,Munich,,DE,walking,none,none,,,,1.0,0.0,0.0,True,False,False,False,,0,Walk to Munich train station
9,leg-a5555555-2,a5555555-5555-5555-5555-555555555555,e5f6g7h8-1111-2222-3333-444455556670,2,2026-01-09T15:10:00+01:00,2026-01-09T18:20:00+01:00,190,train_station,Munich,,DE,train_station,Frankfurt,,DE,long_distance_train,single_ticket,second_class,DB,ICE,,391.0,49.0,15.64,False,True,False,False,10.0,1,Long‑distance ICE train Munich → Frankfurt
10,leg-a5555555-3,a5555555-5555-5555-5555-555555555555,e5f6g7h8-1111-2222-3333-444455556670,3,2026-01-09T18:20:00+01:00,2026-01-09T18:30:00+01:00,10,train_station,Frankfurt,,DE,friend_home,Frankfurt,60311,DE,walking,none,none,,,,1.0,0.0,0.0,False,False,True,False,,2,Walk from Frankfurt station to friend's home
11,leg-a6666666-1,a6666666-6666-6666-6666-666666666666,e5f6g7h8-1111-2222-3333-444455556670,1,2026-01-09T19:30:00+01:00,2026-01-09T19:40:00+01:00,10,friend_home,Frankfurt,60311,DE,train_station,Frankfurt,,DE,walking,none,none,,,,1.0,0.0,0.0,True,False,False,False,,0,Walk from friend's home to Frankfurt station
12,leg-a6666666-2,a6666666-6666-6666-6666-666666666666,e5f6g7h8-1111-2222-3333-444455556670,2,2026-01-09T19:40:00+01:00,2026-01-09T22:50:00+01:00,190,train_station,Frankfurt,,DE,train_station,Munich,,DE,long_distance_train,single_ticket,second_class,DB,ICE,,391.0,49.0,15.64,False,True,False,False,10.0,1,Long‑distance ICE train Frankfurt → Munich
13,leg-a6666666-3,a6666666-6666-6666-6666-666666666666,e5f6g7h8-1111-2222-3333-444455556670,3,2026-01-09T22:50:00+01:00,2026-01-09T23:00:00+01:00,10,train_station,Munich,,DE,home,Munich,80331,DE,walking,none,none,,,,1.0,0.0,0.0,False,False,True,False,,2,Walk from Munich station back home
14,leg-a7777777-1,a7777777-7777-7777-7777-777777777777,e5f6g7h8-1111-2222-3333-444455556670,1,2026-01-10T07:30:00+01:00,2026-01-10T07:35:00+01:00,5,home,Munich,80331,DE,transit_stop,Munich,,DE,walking,none,none,,,,0.5,0.0,0.0,True,False,False,False,,0,Walk to public‑transport stop for gym trip
15,leg-a7777777-2,a7777777-7777-7777-7777-777777777777,e5f6g7h8-1111-2222-3333-444455556670,2,2026-01-10T07:35:00+01:00,2026-01-10T07:40:00+01:00,5,transit_stop,Munich,,DE,transit_stop,Munich,,DE,public_transport,single_ticket,second_class,DB,U-Bahn,,3.0,2.5,0.15,False,True,False,False,2.0,1,Public‑transport ride to gym stop
16,leg-a7777777-3,a7777777-7777-7777-7777-777777777777,e5f6g7h8-1111-2222-3333-444455556670,3,2026-01-10T07:40:00+01:00,2026-01-10T07:45:00+01:00,5,transit_stop,Munich,,DE,gym,Munich,,DE,walking,none,none,,,,0.5,0.0,0.0,False,False,True,False,,2,Walk from stop to gym
17,leg-a8888888-1,a8888888-8888-8888-8888-888888888888,e5f6g7h8-1111-2222-3333-444455556670,1,2026-01-10T18:30:00+01:00,2026-01-10T18:45:00+01:00,15,gym,Munich,,DE,café,Munich,,DE,e_scooter,pay-as-you-go,none,bolt,,e-scooter,1.0,4.0,0.02,False,True,False,False,,0,E‑scooter ride from gym to a nearby café
18,leg-a9999999-1,a9999999-9999-9999-9999-999999999999,e5f6g7h8-1111-2222-3333-444455556670,1,2026-01-12T07:00:00+01:00,2026-01-12T07:10:00+01:00,10,home,Munich,80331,DE,train_station,Munich,,DE,walking,none,none,,,,1.0,0.0,0.0,True,False,False,False,,0,Walk to Munich train station
19,leg-a9999999-2,a9999999-9999-9999-9999-999999999999,e5f6g7h8-1111-2222-3333-444455556670,2,2026-01-12T07:10:00+01:00,2026-01-12T12:10:00+01:00,300,train_station,Munich,,DE,train_station,Berlin,,DE,long_distance_train,single_ticket,second_class,DB,ICE,,583.0,69.0,23.32,False,True,False,False,10.0,1,Long‑distance ICE train Munich → Berlin
20,leg-a9999999-3,a9999999-9999-9999-9999-999999999999,e5f6g7h8-1111-2222-3333-444455556670,3,2026-01-12T12:10:00+01:00,2026-01-12T12:30:00+01:00,20,train_station,Berlin,,DE,office,Berlin,10115,DE,walking,none,none,,,,2.0,0.0,0.0,False,False,True,False,,2,Walk from Berlin station to office
21,leg-b1111111-1,b1111111-1111-1111-1111-111111111111,e5f6g7h8-1111-2222-3333-444455556670,1,2026-01-12T18:30:00+01:00,2026-01-12T18:50:00+01:00,20,office,Berlin,10115,DE,train_station,Berlin,,DE,walking,none,none,,,,2.0,0.0,0.0,True,False,False,False,,0,Walk from office to Berlin train station
22,leg-b1111111-2,b1111111-1111-1111-1111-111111111111,e5f6g7h8-1111-2222-3333-444455556670,2,2026-01-12T18:50:00+01:00,2026-01-13T00:00:00+01:00,310,train_station,Berlin,,DE,train_station,Munich,,DE,long_distance_train,single_ticket,second_class,DB,ICE,,583.0,69.0,23.32,False,True,False,False,10.0,1,Long‑distance ICE train Berlin → Munich
23,leg-b1111111-3,b1111111-1111-1111-1111-111111111111,e5f6g7h8-1111-2222-3333-444455556670,3,2026-01-13T00:00:00+01:00,2026-01-13T00:10:00+01:00,10,train_station,Munich,,DE,home,Munich,80331,DE,walking,none,none,,,,1.0,0.0,0.0,False,False,True,False,,2,Walk from Munich station back home
24,leg-b2222222-1,b2222222-2222-2222-2222-222222222222,e5f6g7h8-1111-2222-3333-444455556670,1,2026-01-13T10:00:00+01:00,2026-01-13T10:05:00+01:00,5,home,Munich,80331,DE,transit_stop,Munich,,DE,walking,none,none,,,,0.5,0.0,0.0,True,False,False,False,,0,Walk to public‑transport stop for mall trip
25,leg-b2222222-2,b2222222-2222-2222-2222-222222222222,e5f6g7h8-1111-2222-3333-444455556670,2,2026-01-13T10:05:00+01:00,2026-01-13T10:20:00+01:00,15,transit_stop,Munich,,DE,transit_stop,Munich,,DE,public_transport,single_ticket,second_class,DB,U-Bahn,,5.0,3.0,0.25,False,True,False,False,5.0,1,Public‑transport ride to shopping mall stop
26,leg-b2222222-3,b2222222-2222-2222-2222-222222222222,e5f6g7h8-1111-2222-3333-444455556670,3,2026-01-13T10:20:00+01:00,2026-01-13T10:25:00+01:00,5,transit_stop,Munich,,DE,shopping_mall,Munich,,DE,walking,none,none,,,,0.5,0.0,0.0,False,False,True,False,,2,Walk from stop to shopping mall
27,leg-b3333333-1,b3333333-3333-3333-3333-333333333333,e5f6g7h8-1111-2222-3333-444455556670,1,2026-01-13T12:30:00+01:00,2026-01-13T12:35:00+01:00,5,shopping_mall,Munich,,DE,transit_stop,Munich,,DE,walking,none,none,,,,0.5,0.0,0.0,True,False,False,False,,0,Walk from mall to public‑transport stop
28,leg-b3333333-2,b3333333-3333-3333-3333-333333333333,e5f6g7h8-1111-2222-3333-444455556670,2,2026-01-13T12:35:00+01:00,2026-01-13T12:50:00+01:00,15,transit_stop,Munich,,DE,transit_stop,Munich,,DE,public_transport,single_ticket,second_class,DB,U-Bahn,,5.0,3.0,0.25,False,True,False,False,5.0,1,Public‑transport ride back toward home
29,leg-b3333333-3,b3333333-3333-3333-3333-333333333333,e5f6g7h8-1111-2222-3333-444455556670,3,2026-01-13T12:50:00+01:00,2026-01-13T12:55:00+01:00,5,transit_stop,Munich,,DE,home,Munich,80331,DE,walking,none,none,,,,0.5,0.0,0.0,False,False,True,False,,2,Walk from stop back home
0,d1f2a3b4-0001-1111-2222-333344445555,a1b2c3d4-0001-1111-2222-333344445555,e5f6g7h8-1111-2222-3333-444455556670,1,2026-01-15T09:00:00Z,2026-01-15T09:30:00Z,30,home,Munich,80331,DE,café,Munich,,DE,e_scooter,pay-as-you-go,none,bolt,,e-scooter,3.0,3.0,0.06,False,True,False,False,,0,Direct e-scooter ride from home to café.
1,d1f2a3b4-0002-1111-2222-333344445555,a1b2c3d4-0002-1111-2222-333344445555,e5f6g7h8-1111-2222-3333-444455556670,1,2026-01-15T12:00:00Z,2026-01-15T12:45:00Z,45,home,Munich,80331,DE,supermarket,Munich,,DE,walking,none,none,,,,2.0,0.0,0.0,False,True,False,False,,0,Walking grocery run.
2,d1f2a3b4-0003-1111-2222-333344445555,a1b2c3d4-0003-1111-2222-333344445555,e5f6g7h8-1111-2222-3333-444455556670,1,2026-01-15T18:00:00Z,2026-01-15T18:45:00Z,45,home,Munich,80331,DE,gym,Munich,,DE,e_scooter,pay-as-you-go,none,bolt,,e-scooter,4.0,4.0,0.08,False,True,False,False,,0,E-scooter ride to gym.
3,d1f2a3b4-0004-1111-2222-333344445555,a1b2c3d4-0004-1111-2222-333344445555,e5f6g7h8-1111-2222-3333-444455556670,1,2026-01-16T10:00:00Z,2026-01-16T10:10:00Z,10,home,Munich,80331,DE,train_station,Munich,,DE,walking,none,none,,,,1.0,0.0,0.0,True,False,False,False,,0,Walk to Munich Hauptbahnhof.
4,d1f2a3b4-0005-1111-2222-333344445555,a1b2c3d4-0004-1111-2222-333344445555,e5f6g7h8-1111-2222-3333-444455556670,2,2026-01-16T10:10:00Z,2026-01-16T13:20:00Z,190,train_station,Munich,,DE,train_station,Frankfurt,,DE,long_distance_train,single_ticket,second_class,DB,ICE,train,390.0,80.0,15.6,False,True,False,False,,0,Long‑distance ICE train Munich → Frankfurt.
5,d1f2a3b4-0006-1111-2222-333344445555,a1b2c3d4-0004-1111-2222-333344445555,e5f6g7h8-1111-2222-3333-444455556670,3,2026-01-16T13:20:00Z,2026-01-16T13:30:00Z,10,train_station,Frankfurt,,DE,friend_home,Frankfurt,,DE,walking,none,none,,,,1.0,0.0,0.0,False,False,True,False,,0,Walk from Frankfurt station to friend's home.
6,d1f2a3b4-0007-1111-2222-333344445555,a1b2c3d4-0005-1111-2222-333344445555,e5f6g7h8-1111-2222-3333-444455556670,1,2026-01-16T18:00:00Z,2026-01-16T18:05:00Z,5,friend_home,Frankfurt,,DE,train_station,Frankfurt,,DE,walking,none,none,,,,1.0,0.0,0.0,True,False,False,False,,0,Walk to Frankfurt station for return train.
7,d1f2a3b4-0008-1111-2222-333344445555,a1b2c3d4-0005-1111-2222-333344445555,e5f6g7h8-1111-2222-3333-444455556670,2,2026-01-16T18:05:00Z,2026-01-16T20:25:00Z,140,train_station,Frankfurt,,DE,train_station,Munich,,DE,long_distance_train,single_ticket,second_class,DB,ICE,train,390.0,80.0,15.6,False,True,False,False,,0,Return ICE train Frankfurt → Munich.
8,d1f2a3b4-0009-1111-2222-333344445555,a1b2c3d4-0005-1111-2222-333344445555,e5f6g7h8-1111-2222-3333-444455556670,3,2026-01-16T20:25:00Z,2026-01-16T20:30:00Z,5,train_station,Munich,,DE,home,Munich,80331,DE,walking,none,none,,,,1.0,0.0,0.0,False,False,True,False,,0,Walk from Munich station back home.
9,d1f2a3b4-0010-1111-2222-333344445555,a1b2c3d4-0006-1111-2222-333344445555,e5f6g7h8-1111-2222-3333-444455556670,1,2026-01-17T08:30:00Z,2026-01-17T09:00:00Z,30,home,Munich,80331,DE,park,Munich,,DE,walking,none,none,,,,1.0,0.0,0.0,False,True,False,False,,0,Walk to nearby park.
10,d1f2a3b4-0011-1111-2222-333344445555,a1b2c3d4-0007-1111-2222-333344445555,e5f6g7h8-1111-2222-3333-444455556670,1,2026-01-17T12:30:00Z,2026-01-17T13:00:00Z,30,home,Munich,80331,DE,café,Munich,,DE,e_scooter,pay-as-you-go,none,bolt,,e-scooter,2.0,2.0,0.04,False,True,False,False,,0,E-scooter ride to café.
11,d1f2a3b4-0012-1111-2222-333344445555,a1b2c3d4-0008-1111-2222-333344445555,e5f6g7h8-1111-2222-3333-444455556670,1,2026-01-18T07:00:00Z,2026-01-18T07:10:00Z,10,home,Munich,80331,DE,train_station,Munich,,DE,walking,none,none,,,,1.0,0.0,0.0,True,False,False,False,,0,Walk to Munich Hauptbahnhof.
12,d1f2a3b4-0013-1111-2222-333344445555,a1b2c3d4-0008-1111-2222-333344445555,e5f6g7h8-1111-2222-3333-444455556670,2,2026-01-18T07:10:00Z,2026-01-18T11:50:00Z,280,train_station,Munich,,DE,train_station,Berlin,10115,DE,long_distance_train,single_ticket,second_class,DB,ICE,train,585.0,100.0,23.4,False,True,False,False,,0,ICE train Munich → Berlin for workshop.
13,d1f2a3b4-0014-1111-2222-333344445555,a1b2c3d4-0008-1111-2222-333344445555,e5f6g7h8-1111-2222-3333-444455556670,3,2026-01-18T11:50:00Z,2026-01-18T12:00:00Z,10,train_station,Berlin,10115,DE,office,Berlin,10115,DE,walking,none,none,,,,1.0,0.0,0.0,False,False,True,False,,0,Walk from Berlin station to office.
14,d1f2a3b4-0015-1111-2222-333344445555,a1b2c3d4-0009-1111-2222-333344445555,e5f6g7h8-1111-2222-3333-444455556670,1,2026-01-18T17:00:00Z,2026-01-18T17:10:00Z,10,office,Berlin,10115,DE,train_station,Berlin,10115,DE,walking,none,none,,,,1.0,0.0,0.0,True,False,False,False,,0,Walk to Berlin station for return train.
15,d1f2a3b4-0016-1111-2222-333344445555,a1b2c3d4-0009-1111-2222-333344445555,e5f6g7h8-1111-2222-3333-444455556670,2,2026-01-18T17:10:00Z,2026-01-18T21:50:00Z,280,train_station,Berlin,10115,DE,train_station,Munich,80331,DE,long_distance_train,single_ticket,second_class,DB,ICE,train,585.0,100.0,23.4,False,True,False,False,,0,Return ICE train Berlin → Munich.
16,d1f2a3b4-0017-1111-2222-333344445555,a1b2c3d4-0009-1111-2222-333344445555,e5f6g7h8-1111-2222-3333-444455556670,3,2026-01-18T21:50:00Z,2026-01-18T22:00:00Z,10,train_station,Munich,80331,DE,home,Munich,80331,DE,walking,none,none,,,,1.0,0.0,0.0,False,False,True,False,,0,Walk from Munich station to home.
17,d1f2a3b4-0018-1111-2222-333344445555,a1b2c3d4-0010-1111-2222-333344445555,e5f6g7h8-1111-2222-3333-444455556670,1,2026-01-19T09:00:00Z,2026-01-19T09:05:00Z,5,home,Munich,80331,DE,transit_stop,Munich,,DE,walking,none,none,,,,0.3,0.0,0.0,True,False,False,False,,0,Walk to public‑transport stop.
18,d1f2a3b4-0019-1111-2222-333344445555,a1b2c3d4-0010-1111-2222-333344445555,e5f6g7h8-1111-2222-3333-444455556670,2,2026-01-19T09:05:00Z,2026-01-19T09:40:00Z,35,transit_stop,Munich,,DE,transit_stop,Munich,,DE,public_transport,pay-as-you-go,none,DB,U-Bahn,tram,4.5,2.5,0.135,False,True,False,False,,0,U‑Bahn ride to supermarket area.
19,d1f2a3b4-0020-1111-2222-333344445555,a1b2c3d4-0010-1111-2222-333344445555,e5f6g7h8-1111-2222-3333-444455556670,3,2026-01-19T09:40:00Z,2026-01-19T09:45:00Z,5,transit_stop,Munich,,DE,supermarket,Munich,,DE,walking,none,none,,,,0.2,0.0,0.0,False,False,True,False,,0,Walk from stop to supermarket.
20,d1f2a3b4-0021-1111-2222-333344445555,a1b2c3d4-0011-1111-2222-333344445555,e5f6g7h8-1111-2222-3333-444455556670,1,2026-01-19T18:30:00Z,2026-01-19T19:00:00Z,30,home,Munich,80331,DE,gym,Munich,,DE,e_scooter,pay-as-you-go,none,bolt,,e-scooter,4.0,4.0,0.08,False,True,False,False,,0,E‑scooter ride to gym after work.
0,d3f5a1b2-1111-2222-3333-444455556600,a1b2c3d4-1111-2222-3333-444455556671,e5f6g7h8-1111-2222-3333-444455556670,1,2026-01-22T08:15:00+01:00,2026-01-22T08:23:00+01:00,8,home,Munich,80331,DE,cafe,Munich,,DE,e_scooter,pay-as-you-go,none,bolt,,scooter,2.0,2.5,0.04,False,True,False,False,,0,Direct e‑scooter ride from home to cafe.
1,e4a6c2d3-1111-2222-3333-444455556601,b2c3d4e5-1111-2222-3333-444455556672,e5f6g7h8-1111-2222-3333-444455556670,1,2026-01-22T18:30:00+01:00,2026-01-22T18:42:00+01:00,12,home,Munich,80331,DE,gym,Munich,,DE,walking,none,none,,,,1.0,0.0,0.0,False,True,False,False,,0,Walking from home to nearby gym.
2,f5b7d3e4-1111-2222-3333-444455556602,c3d4e5f6-1111-2222-3333-444455556673,e5f6g7h8-1111-2222-3333-444455556670,1,2026-01-23T09:00:00+01:00,2026-01-23T09:03:00+01:00,3,home,Munich,80331,DE,transit_stop,Munich,,DE,walking,none,none,,,,0.5,0.0,0.0,True,False,False,False,,0,Walking to the nearest S‑Bahn stop.
3,a6c8e5f7-1111-2222-3333-444455556603,c3d4e5f6-1111-2222-3333-444455556673,e5f6g7h8-1111-2222-3333-444455556670,2,2026-01-23T09:03:00+01:00,2026-01-23T09:12:00+01:00,9,transit_stop,Munich,,DE,transit_stop,Munich,,DE,public_transport,subscription,second_class,DB,S-Bahn,train,3.0,0.0,0.06,False,True,False,False,2.0,0,S‑Bahn ride covering the bulk of the grocery trip.
4,b7d9f6a8-1111-2222-3333-444455556604,c3d4e5f6-1111-2222-3333-444455556673,e5f6g7h8-1111-2222-3333-444455556670,3,2026-01-23T09:12:00+01:00,2026-01-23T09:15:00+01:00,3,transit_stop,Munich,,DE,supermarket,Munich,,DE,walking,none,none,,,,0.5,0.0,0.0,False,False,True,False,,0,Walking from the S‑Bahn stop to the supermarket.
5,c8e0f7b9-1111-2222-3333-444455556605,d4e5f6g7-1111-2222-3333-444455556674,e5f6g7h8-1111-2222-3333-444455556670,1,2026-01-23T17:45:00+01:00,2026-01-23T17:48:00+01:00,3,supermarket,Munich,,DE,transit_stop,Munich,,DE,walking,none,none,,,,0.5,0.0,0.0,True,False,False,False,,0,Walking from supermarket to the S‑Bahn stop.
6,d9f1a8c0-1111-2222-3333-444455556606,d4e5f6g7-1111-2222-3333-444455556674,e5f6g7h8-1111-2222-3333-444455556670,2,2026-01-23T17:48:00+01:00,2026-01-23T17:57:00+01:00,9,transit_stop,Munich,,DE,transit_stop,Munich,,DE,public_transport,subscription,second_class,DB,S-Bahn,train,3.0,0.0,0.06,False,True,False,False,2.0,0,S‑Bahn ride back towards home.
7,e0a2b9d1-1111-2222-3333-444455556607,d4e5f6g7-1111-2222-3333-444455556674,e5f6g7h8-1111-2222-3333-444455556670,3,2026-01-23T17:57:00+01:00,2026-01-23T18:00:00+01:00,3,transit_stop,Munich,,DE,home,Munich,80331,DE,walking,none,none,,,,0.5,0.0,0.0,False,False,True,False,,0,Walking from the S‑Bahn stop back home.
8,f1b3c0e2-1111-2222-3333-444455556608,e5f6g7h8-1111-2222-3333-444455556675,e5f6g7h8-1111-2222-3333-444455556670,1,2026-01-24T09:00:00+01:00,2026-01-24T12:30:00+01:00,210,Munich train station,Munich,80331,DE,Frankfurt train station,Frankfurt,60313,DE,long_distance_train,single_ticket,second_class,DB,ICE,train,400.0,50.0,16.0,False,True,False,False,,0,Ad‑hoc ICE train from Munich to Frankfurt.
9,g2c4d1f3-1111-2222-3333-444455556609,f6g7h8i9-1111-2222-3333-444455556676,e5f6g7h8-1111-2222-3333-444455556670,1,2026-01-25T14:00:00+01:00,2026-01-25T17:30:00+01:00,210,Frankfurt train station,Frankfurt,60313,DE,Munich train station,Munich,80331,DE,long_distance_train,single_ticket,second_class,DB,ICE,train,400.0,50.0,16.0,False,True,False,False,,0,Return ICE train from Frankfurt to Munich.
10,h3d5e2g4-1111-2222-3333-444455556610,g7h8i9j0-1111-2222-3333-444455556677,e5f6g7h8-1111-2222-3333-444455556670,1,2026-01-25T19:00:00+01:00,2026-01-25T19:20:00+01:00,20,home,Munich,80331,DE,park,Munich,,DE,walking,none,none,,,,1.5,0.0,0.0,False,True,False,False,,0,Evening walk from home to the park.
11,i4e6f3h5-1111-2222-3333-444455556611,h8i9j0k1-1111-2222-3333-444455556678,e5f6g7h8-1111-2222-3333-444455556670,1,2026-01-26T10:15:00+01:00,2026-01-26T10:22:00+01:00,7,home,Munich,80331,DE,pharmacy,Munich,,DE,e_scooter,pay-as-you-go,none,bolt,,scooter,2.0,2.5,0.04,False,True,False,False,,0,E‑scooter ride to the pharmacy.
12,j5f7g4i6-1111-2222-3333-444455556612,i9j0k1l2-1111-2222-3333-444455556679,e5f6g7h8-1111-2222-3333-444455556670,1,2026-01-26T16:30:00+01:00,2026-01-26T16:37:00+01:00,7,pharmacy,Munich,,DE,home,Munich,80331,DE,e_scooter,pay-as-you-go,none,bolt,,scooter,2.0,2.5,0.04,False,True,False,False,,0,E‑scooter ride back home from pharmacy.
13,k6g8h5j7-1111-2222-3333-444455556613,j0k1l2m3-1111-2222-3333-444455556680,e5f6g7h8-1111-2222-3333-444455556670,1,2026-01-27T07:30:00+01:00,2026-01-27T11:30:00+01:00,240,Munich train station,Munich,80331,DE,Berlin train station,Berlin,10115,DE,long_distance_train,single_ticket,second_class,DB,ICE,train,585.0,70.0,23.4,False,True,False,False,,0,Ad‑hoc ICE train from Munich to Berlin for workshop.
14,l7h9i6k8-1111-2222-3333-444455556614,k1l2m3n4-1111-2222-3333-444455556681,e5f6g7h8-1111-2222-3333-444455556670,1,2026-01-28T13:00:00+01:00,2026-01-28T17:00:00+01:00,240,Berlin train station,Berlin,10115,DE,Munich train station,Munich,80331,DE,long_distance_train,single_ticket,second_class,DB,ICE,train,585.0,70.0,23.4,False,True,False,False,,0,Return ICE train from Berlin to Munich.
15,m8i0j7l9-1111-2222-3333-444455556615,l2m3n4o5-1111-2222-3333-444455556682,e5f6g7h8-1111-2222-3333-444455556670,1,2026-01-28T20:00:00+01:00,2026-01-28T20:10:00+01:00,10,home,Munich,80331,DE,supermarket,Munich,,DE,e_scooter,pay-as-you-go,none,bolt,,scooter,2.0,2.5,0.04,False,True,False,False,,0,Late‑evening e‑scooter ride to supermarket.
0,leg-0001-1111-2222-3333-444455556670,a1b2c3d4-0001-1111-2222-333344445555,e5f6g7h8-1111-2222-3333-444455556670,1,2026-01-29T08:15:00+01:00,2026-01-29T08:23:00+01:00,8,home,Munich,80331,DE,café,Munich,,DE,e_scooter,pay-as-you-go,none,bolt,,,2.0,2.0,0.04,False,True,False,False,,0,Morning coffee break using e‑scooter.
1,leg-0002-1111-2222-3333-444455556670,a1b2c3d4-0002-1111-2222-333344445555,e5f6g7h8-1111-2222-3333-444455556670,1,2026-01-29T10:30:00+01:00,2026-01-29T10:42:00+01:00,12,café,Munich,,DE,home,Munich,80331,DE,walking,none,none,,,,2.0,0.0,0.0,False,True,False,False,,0,Return walk after café visit.
2,leg-0003-1111-2222-3333-444455556670,a1b2c3d4-0003-1111-2222-333344445555,e5f6g7h8-1111-2222-3333-444455556670,1,2026-01-30T07:45:00+01:00,2026-01-30T07:55:00+01:00,10,home,Munich,80331,DE,gym,Munich,,DE,e_scooter,pay-as-you-go,none,bolt,,,3.0,3.0,0.06,False,True,False,False,,0,Morning gym session using e‑scooter.
3,leg-0004-1111-2222-3333-444455556670,a1b2c3d4-0004-1111-2222-333344445555,e5f6g7h8-1111-2222-3333-444455556670,1,2026-01-30T19:10:00+01:00,2026-01-30T19:22:00+01:00,12,gym,Munich,,DE,home,Munich,80331,DE,walking,none,none,,,,3.0,0.0,0.0,False,True,False,False,,0,Walk back home after gym.
4,leg-0005-1111-2222-3333-444455556670,a1b2c3d4-0005-1111-2222-333344445555,e5f6g7h8-1111-2222-3333-444455556670,1,2026-01-31T07:00:00+01:00,2026-01-31T07:05:00+01:00,5,home,Munich,80331,DE,train_station,Munich,,DE,walking,none,none,,,,0.5,0.0,0.0,True,False,False,False,,0,Walk to Munich train station.
5,leg-0006-1111-2222-3333-444455556670,a1b2c3d4-0005-1111-2222-333344445555,e5f6g7h8-1111-2222-3333-444455556670,2,2026-01-31T07:05:00+01:00,2026-01-31T10:55:00+01:00,230,train_station,Munich,,DE,train_station,Frankfurt,,DE,long_distance_train,single_ticket,second_class,DB,ICE,train,389.0,51.0,15.56,False,True,False,False,5.0,0,Long‑distance ICE train from Munich to Frankfurt.
6,leg-0007-1111-2222-3333-444455556670,a1b2c3d4-0005-1111-2222-333344445555,e5f6g7h8-1111-2222-3333-444455556670,3,2026-01-31T10:55:00+01:00,2026-01-31T11:00:00+01:00,5,train_station,Frankfurt,,DE,friend_home,Frankfurt,,DE,walking,none,none,,,,0.5,0.0,0.0,False,False,True,False,,0,Walk from Frankfurt station to friend's home.
7,leg-0008-1111-2222-3333-444455556670,a1b2c3d4-0006-1111-2222-333344445555,e5f6g7h8-1111-2222-3333-444455556670,1,2026-01-31T18:00:00+01:00,2026-01-31T18:05:00+01:00,5,friend_home,Frankfurt,,DE,train_station,Frankfurt,,DE,walking,none,none,,,,0.5,0.0,0.0,True,False,False,False,,0,Walk to Frankfurt train station for return trip.
8,leg-0009-1111-2222-3333-444455556670,a1b2c3d4-0006-1111-2222-333344445555,e5f6g7h8-1111-2222-3333-444455556670,2,2026-01-31T18:05:00+01:00,2026-01-31T21:55:00+01:00,230,train_station,Frankfurt,,DE,train_station,Munich,,DE,long_distance_train,single_ticket,second_class,DB,ICE,train,389.0,51.0,15.56,False,True,False,False,5.0,0,Long‑distance ICE train from Frankfurt to Munich.
9,leg-0010-1111-2222-3333-444455556670,a1b2c3d4-0006-1111-2222-333344445555,e5f6g7h8-1111-2222-3333-444455556670,3,2026-01-31T21:55:00+01:00,2026-01-31T22:00:00+01:00,5,train_station,Munich,,DE,home,Munich,80331,DE,walking,none,none,,,,0.5,0.0,0.0,False,False,True,False,,0,Walk from Munich station to home.
10,leg-0011-1111-2222-3333-444455556670,a1b2c3d4-0007-1111-2222-333344445555,e5f6g7h8-1111-2222-3333-444455556670,1,2026-02-01T09:30:00+01:00,2026-02-01T09:37:00+01:00,7,home,Munich,80331,DE,supermarket,Munich,,DE,e_scooter,pay-as-you-go,none,bolt,,,2.0,2.0,0.04,False,True,False,False,,0,Morning grocery run using e‑scooter.
11,leg-0012-1111-2222-3333-444455556670,a1b2c3d4-0008-1111-2222-333344445555,e5f6g7h8-1111-2222-3333-444455556670,1,2026-02-01T10:45:00+01:00,2026-02-01T10:53:00+01:00,8,supermarket,Munich,,DE,home,Munich,80331,DE,walking,none,none,,,,2.0,0.0,0.0,False,True,False,False,,0,Walk back home after shopping.
12,leg-0013-1111-2222-3333-444455556670,a1b2c3d4-0009-1111-2222-333344445555,e5f6g7h8-1111-2222-3333-444455556670,1,2026-02-02T09:15:00+01:00,2026-02-02T09:18:00+01:00,3,home,Munich,80331,DE,transit_stop,Munich,,DE,walking,none,none,,,,0.3,0.0,0.0,True,False,False,False,,0,Walk to public‑transport stop.
13,leg-0014-1111-2222-3333-444455556670,a1b2c3d4-0009-1111-2222-333344445555,e5f6g7h8-1111-2222-3333-444455556670,2,2026-02-02T09:18:00+01:00,2026-02-02T09:32:00+01:00,14,transit_stop,Munich,,DE,transit_stop,Munich,,DE,public_transport,pay-as-you-go,second_class,DB,U-Bahn,tram,4.4,2.5,0.176,False,True,False,False,2.0,0,Public‑transport ride to pharmacy.
14,leg-0015-1111-2222-3333-444455556670,a1b2c3d4-0009-1111-2222-333344445555,e5f6g7h8-1111-2222-3333-444455556670,3,2026-02-02T09:32:00+01:00,2026-02-02T09:35:00+01:00,3,transit_stop,Munich,,DE,pharmacy,Munich,,DE,walking,none,none,,,,0.3,0.0,0.0,False,False,True,False,,0,Walk from stop to pharmacy.
15,leg-0016-1111-2222-3333-444455556670,a1b2c3d4-0010-1111-2222-333344445555,e5f6g7h8-1111-2222-3333-444455556670,1,2026-02-02T10:00:00+01:00,2026-02-02T10:22:00+01:00,22,pharmacy,Munich,,DE,home,Munich,80331,DE,walking,none,none,,,,5.0,0.0,0.0,False,True,False,False,,0,Walk back home after pharmacy.
16,leg-0017-1111-2222-3333-444455556670,a1b2c3d4-0011-1111-2222-333344445555,e5f6g7h8-1111-2222-3333-444455556670,1,2026-02-03T08:00:00+01:00,2026-02-03T08:20:00+01:00,20,home,Munich,80331,DE,park,Munich,,DE,walking,none,none,,,,1.5,0.0,0.0,False,True,False,False,,0,Morning walk to nearby park.
17,leg-0018-1111-2222-3333-444455556670,a1b2c3d4-0012-1111-2222-333344445555,e5f6g7h8-1111-2222-3333-444455556670,1,2026-02-03T08:30:00+01:00,2026-02-03T08:50:00+01:00,20,park,Munich,,DE,home,Munich,80331,DE,walking,none,none,,,,1.5,0.0,0.0,False,True,False,False,,0,Return walk from park.
0,leg-0001-1111-2222-3333-444455550001,a1b2c3d4-0001-1111-2222-333344445555,e5f6g7h8-1111-2222-3333-444455556670,1,2026-02-05T09:00:00+01:00,2026-02-05T09:15:00+01:00,15,home,Munich,80331,DE,train_station,Munich,,DE,walking,none,none,,,,0.5,0.0,0.01,True,False,False,False,,0,Access walking leg to Munich train station.
1,leg-0002-1111-2222-3333-444455550002,a1b2c3d4-0001-1111-2222-333344445555,e5f6g7h8-1111-2222-3333-444455556670,2,2026-02-05T09:15:00+01:00,2026-02-05T13:15:00+01:00,240,train_station,Munich,,DE,train_station,Frankfurt,,DE,long_distance_train,single_ticket,second_class,DB,ICE,train,393.0,70.0,15.72,False,True,False,False,20.0,1,Long‑distance ICE train Munich → Frankfurt.
2,leg-0003-1111-2222-3333-444455550003,a1b2c3d4-0001-1111-2222-333344445555,e5f6g7h8-1111-2222-3333-444455556670,3,2026-02-05T13:15:00+01:00,2026-02-05T13:30:00+01:00,15,train_station,Frankfurt,,DE,friend_home,Frankfurt,60311,DE,walking,none,none,,,,0.5,0.0,0.01,False,False,True,False,,1,Egress walking leg to friend's home in Frankfurt.
3,leg-0004-1111-2222-3333-444455550004,a1b2c3d4-0002-1111-2222-333344445555,e5f6g7h8-1111-2222-3333-444455556670,1,2026-02-05T15:00:00+01:00,2026-02-05T15:15:00+01:00,15,friend_home,Frankfurt,60311,DE,train_station,Frankfurt,,DE,walking,none,none,,,,0.5,0.0,0.01,True,False,False,False,,0,Walking from friend's home to Frankfurt train station.
4,leg-0005-1111-2222-3333-444455550005,a1b2c3d4-0002-1111-2222-333344445555,e5f6g7h8-1111-2222-3333-444455556670,2,2026-02-05T15:15:00+01:00,2026-02-05T19:15:00+01:00,240,train_station,Frankfurt,,DE,train_station,Munich,,DE,long_distance_train,single_ticket,second_class,DB,ICE,train,393.0,70.0,15.72,False,True,False,False,20.0,1,Return ICE train Frankfurt → Munich.
5,leg-0006-1111-2222-3333-444455550006,a1b2c3d4-0002-1111-2222-333344445555,e5f6g7h8-1111-2222-3333-444455556670,3,2026-02-05T19:15:00+01:00,2026-02-05T19:30:00+01:00,15,train_station,Munich,,DE,home,Munich,80331,DE,walking,none,none,,,,0.5,0.0,0.01,False,False,True,False,,1,Walking from Munich station back home.
6,leg-0007-1111-2222-3333-444455550007,a1b2c3d4-0003-1111-2222-333344445555,e5f6g7h8-1111-2222-3333-444455556670,1,2026-02-06T08:30:00+01:00,2026-02-06T08:45:00+01:00,15,home,Munich,80331,DE,train_station,Munich,,DE,walking,none,none,,,,0.5,0.0,0.01,True,False,False,False,,0,Walking to Munich train station for Cologne trip.
7,leg-0008-1111-2222-3333-444455550008,a1b2c3d4-0003-1111-2222-333344445555,e5f6g7h8-1111-2222-3333-444455556670,2,2026-02-06T08:45:00+01:00,2026-02-06T12:45:00+01:00,240,train_station,Munich,,DE,train_station,Cologne,,DE,long_distance_train,single_ticket,second_class,DB,ICE,train,470.0,80.0,18.8,False,True,False,False,20.0,1,Long‑distance ICE train Munich → Cologne.
8,leg-0009-1111-2222-3333-444455550009,a1b2c3d4-0003-1111-2222-333344445555,e5f6g7h8-1111-2222-3333-444455556670,3,2026-02-06T12:45:00+01:00,2026-02-06T13:00:00+01:00,15,train_station,Cologne,,DE,friend_home,Cologne,50667,DE,walking,none,none,,,,0.5,0.0,0.01,False,False,True,False,,1,Walking from Cologne station to friend's home.
9,leg-0010-1111-2222-3333-444455550010,a1b2c3d4-0004-1111-2222-333344445555,e5f6g7h8-1111-2222-3333-444455556670,1,2026-02-06T14:30:00+01:00,2026-02-06T14:45:00+01:00,15,friend_home,Cologne,50667,DE,train_station,Cologne,,DE,walking,none,none,,,,0.5,0.0,0.01,True,False,False,False,,0,Walking to Cologne station for return trip.
10,leg-0011-1111-2222-3333-444455550011,a1b2c3d4-0004-1111-2222-333344445555,e5f6g7h8-1111-2222-3333-444455556670,2,2026-02-06T14:45:00+01:00,2026-02-06T18:45:00+01:00,240,train_station,Cologne,,DE,train_station,Munich,,DE,long_distance_train,single_ticket,second_class,DB,ICE,train,470.0,80.0,18.8,False,True,False,False,20.0,1,Return ICE train Cologne → Munich.
11,leg-0012-1111-2222-3333-444455550012,a1b2c3d4-0004-1111-2222-333344445555,e5f6g7h8-1111-2222-3333-444455556670,3,2026-02-06T18:45:00+01:00,2026-02-06T19:00:00+01:00,15,train_station,Munich,,DE,home,Munich,80331,DE,walking,none,none,,,,0.5,0.0,0.01,False,False,True,False,,1,Walking from Munich station back home.
12,leg-0013-1111-2222-3333-444455550013,a1b2c3d4-0005-1111-2222-333344445555,e5f6g7h8-1111-2222-3333-444455556670,1,2026-02-07T10:00:00+01:00,2026-02-07T10:15:00+01:00,15,home,Munich,80331,DE,supermarket,Munich,,DE,e_scooter,pay-as-you-go,none,bolt,,scooter,2.0,3.0,0.03,False,True,False,False,,0,E‑scooter ride to supermarket.
13,leg-0014-1111-2222-3333-444455550014,a1b2c3d4-0006-1111-2222-333344445555,e5f6g7h8-1111-2222-3333-444455556670,1,2026-02-07T10:20:00+01:00,2026-02-07T10:35:00+01:00,15,supermarket,Munich,,DE,home,Munich,80331,DE,e_scooter,pay-as-you-go,none,bolt,,scooter,2.0,3.0,0.03,False,True,False,False,,0,E‑scooter ride back home from supermarket.
14,leg-0015-1111-2222-3333-444455550015,a1b2c3d4-0007-1111-2222-333344445555,e5f6g7h8-1111-2222-3333-444455556670,1,2026-02-08T18:00:00+01:00,2026-02-08T18:20:00+01:00,20,home,Munich,80331,DE,gym,Munich,,DE,e_scooter,pay-as-you-go,none,bolt,,scooter,3.0,4.0,0.045,False,True,False,False,,0,E‑scooter ride to gym.
15,leg-0016-1111-2222-3333-444455550016,a1b2c3d4-0008-1111-2222-333344445555,e5f6g7h8-1111-2222-3333-444455556670,1,2026-02-08T19:30:00+01:00,2026-02-08T19:50:00+01:00,20,gym,Munich,,DE,home,Munich,80331,DE,e_scooter,pay-as-you-go,none,bolt,,scooter,3.0,4.0,0.045,False,True,False,False,,0,E‑scooter ride back home from gym.
16,leg-0017-1111-2222-3333-444455550017,a1b2c3d4-0009-1111-2222-333344445555,e5f6g7h8-1111-2222-3333-444455556670,1,2026-02-09T07:00:00+01:00,2026-02-09T07:15:00+01:00,15,home,Munich,80331,DE,train_station,Munich,,DE,walking,none,none,,,,0.5,0.0,0.01,True,False,False,False,,0,Walking to Munich station for Berlin workshop.
17,leg-0018-1111-2222-3333-444455550018,a1b2c3d4-0009-1111-2222-333344445555,e5f6g7h8-1111-2222-3333-444455556670,2,2026-02-09T07:15:00+01:00,2026-02-09T11:15:00+01:00,240,train_station,Munich,,DE,train_station,Berlin,,DE,long_distance_train,single_ticket,second_class,DB,ICE,train,585.0,100.0,23.4,False,True,False,False,20.0,1,Long‑distance ICE train Munich → Berlin.
18,leg-0019-1111-2222-3333-444455550019,a1b2c3d4-0009-1111-2222-333344445555,e5f6g7h8-1111-2222-3333-444455556670,3,2026-02-09T11:15:00+01:00,2026-02-09T11:30:00+01:00,15,train_station,Berlin,,DE,office,Berlin,10115,DE,walking,none,none,,,,0.5,0.0,0.01,False,False,True,False,,1,Walking from Berlin station to office.
19,leg-0020-1111-2222-3333-444455550020,a1b2c3d4-0010-1111-2222-333344445555,e5f6g7h8-1111-2222-3333-444455556670,1,2026-02-09T18:00:00+01:00,2026-02-09T18:15:00+01:00,15,office,Berlin,10115,DE,train_station,Berlin,,DE,walking,none,none,,,,0.5,0.0,0.01,True,False,False,False,,0,Walking from office to Berlin station.
20,leg-0021-1111-2222-3333-444455550021,a1b2c3d4-0010-1111-2222-333344445555,e5f6g7h8-1111-2222-3333-444455556670,2,2026-02-09T18:15:00+01:00,2026-02-09T22:15:00+01:00,240,train_station,Berlin,,DE,train_station,Munich,,DE,long_distance_train,single_ticket,second_class,DB,ICE,train,585.0,100.0,23.4,False,True,False,False,20.0,1,Return ICE train Berlin → Munich.
21,leg-0022-1111-2222-3333-444455550022,a1b2c3d4-0010-1111-2222-333344445555,e5f6g7h8-1111-2222-3333-444455556670,3,2026-02-09T22:15:00+01:00,2026-02-09T22:30:00+01:00,15,train_station,Munich,,DE,home,Munich,80331,DE,walking,none,none,,,,0.5,0.0,0.01,False,False,True,False,,1,Walking from Munich station back home.
22,leg-0023-1111-2222-3333-444455550023,a1b2c3d4-0011-1111-2222-333344445555,e5f6g7h8-1111-2222-3333-444455556670,1,2026-02-10T09:30:00+01:00,2026-02-10T09:45:00+01:00,15,home,Munich,80331,DE,café,Munich,,DE,e_scooter,pay-as-you-go,none,bolt,,scooter,1.5,2.0,0.0225,False,True,False,False,,0,E‑scooter ride to local café.
23,leg-0024-1111-2222-3333-444455550024,a1b2c3d4-0012-1111-2222-333344445555,e5f6g7h8-1111-2222-3333-444455556670,1,2026-02-10T10:30:00+01:00,2026-02-10T10:45:00+01:00,15,café,Munich,,DE,home,Munich,80331,DE,e_scooter,pay-as-you-go,none,bolt,,scooter,1.5,2.0,0.0225,False,True,False,False,,0,E‑scooter ride back home from café.
0,a1111111-1111-1111-1111-111111111111,a1b2c3d4-1111-2222-3333-444455556671,e5f6g7h8-1111-2222-3333-444455556670,1,2026-02-12T08:30:00+01:00,2026-02-12T08:40:00+01:00,10,home,Munich,80331,DE,café,Munich,80331,DE,e_scooter,pay-as-you-go,none,bolt,,e-scooter,2.0,3.0,0.08,False,True,False,False,,0,Morning coffee using e-scooter.
1,b2222222-2222-2222-2222-222222222222,b2c3d4e5-1111-2222-3333-444455556672,e5f6g7h8-1111-2222-3333-444455556670,1,2026-02-12T08:45:00+01:00,2026-02-12T09:00:00+01:00,15,café,Munich,80331,DE,supermarket,Munich,80331,DE,walking,none,none,,,walking,0.8,0.0,0.0,False,True,False,False,,0,Walk to nearby supermarket after coffee.
2,c3333333-3333-3333-3333-333333333333,c3d4e5f6-1111-2222-3333-444455556673,e5f6g7h8-1111-2222-3333-444455556670,1,2026-02-12T09:15:00+01:00,2026-02-12T09:25:00+01:00,10,supermarket,Munich,80331,DE,home,Munich,80331,DE,e_scooter,pay-as-you-go,none,bolt,,e-scooter,2.0,3.0,0.08,False,True,False,False,,0,Return home after grocery shopping.
3,d4444444-4444-4444-4444-444444444444,d4e5f6a7-1111-2222-3333-444455556674,e5f6g7h8-1111-2222-3333-444455556670,1,2026-02-13T10:00:00+01:00,2026-02-13T10:15:00+01:00,15,home,Munich,80331,DE,park,Munich,80331,DE,walking,none,none,,,walking,1.0,0.0,0.0,False,True,False,False,,0,Morning walk to the park.
4,e5555555-5555-5555-5555-555555555555,e5f6a7b8-1111-2222-3333-444455556675,e5f6g7h8-1111-2222-3333-444455556670,1,2026-02-13T10:30:00+01:00,2026-02-13T10:45:00+01:00,15,park,Munich,80331,DE,gym,Munich,80331,DE,e_scooter,pay-as-you-go,none,bolt,,e-scooter,3.0,4.5,0.12,False,True,False,False,,0,E‑scooter ride to the gym.
5,f6666666-6666-6666-6666-666666666666,f6a7b8c9-1111-2222-3333-444455556676,e5f6g7h8-1111-2222-3333-444455556670,1,2026-02-13T11:30:00+01:00,2026-02-13T11:50:00+01:00,20,gym,Munich,80331,DE,home,Munich,80331,DE,walking,none,none,,,walking,1.5,0.0,0.0,False,True,False,False,,0,Walk back home after workout.
6,g7777777-7777-7777-7777-777777777777,a7b8c9d0-1111-2222-3333-444455556677,e5f6g7h8-1111-2222-3333-444455556670,1,2026-02-14T06:30:00+01:00,2026-02-14T06:40:00+01:00,10,home,Munich,80331,DE,train_station,Munich,80331,DE,walking,none,none,,,walking,1.0,0.0,0.0,True,False,False,False,,0,Access walk to Munich train station.
7,h8888888-8888-8888-8888-888888888888,a7b8c9d0-1111-2222-3333-444455556677,e5f6g7h8-1111-2222-3333-444455556670,2,2026-02-14T06:40:00+01:00,2026-02-14T10:50:00+01:00,250,train_station,Munich,80331,DE,train_station,Berlin,10115,DE,long_distance_train,single_ticket,second_class,DB,ICE,train,585.0,80.0,23.4,False,True,False,False,,1,Long‑distance train from Munich to Berlin.
8,i9999999-9999-9999-9999-999999999999,a7b8c9d0-1111-2222-3333-444455556677,e5f6g7h8-1111-2222-3333-444455556670,3,2026-02-14T10:50:00+01:00,2026-02-14T11:00:00+01:00,10,train_station,Berlin,10115,DE,office,Berlin,10115,DE,walking,none,none,,,walking,1.0,0.0,0.0,False,False,True,False,,1,Walk from Berlin station to office.
9,j1111111-1111-1111-1111-111111111112,b8c9d0e1-1111-2222-3333-444455556678,e5f6g7h8-1111-2222-3333-444455556670,1,2026-02-14T17:30:00+01:00,2026-02-14T17:40:00+01:00,10,office,Berlin,10115,DE,train_station,Berlin,10115,DE,walking,none,none,,,walking,1.0,0.0,0.0,True,False,False,False,,0,Access walk to Berlin train station.
10,k2222222-2222-2222-2222-222222222222,b8c9d0e1-1111-2222-3333-444455556678,e5f6g7h8-1111-2222-3333-444455556670,2,2026-02-14T17:40:00+01:00,2026-02-14T21:50:00+01:00,250,train_station,Berlin,10115,DE,train_station,Munich,80331,DE,long_distance_train,single_ticket,second_class,DB,ICE,train,585.0,80.0,23.4,False,True,False,False,,1,Long‑distance train from Berlin to Munich.
11,l3333333-3333-3333-3333-333333333333,b8c9d0e1-1111-2222-3333-444455556678,e5f6g7h8-1111-2222-3333-444455556670,3,2026-02-14T21:50:00+01:00,2026-02-14T22:00:00+01:00,10,train_station,Munich,80331,DE,home,Munich,80331,DE,walking,none,none,,,walking,1.0,0.0,0.0,False,False,True,False,,1,Walk from Munich station to home.
12,m4444444-4444-4444-4444-444444444444,c9d0e1f2-1111-2222-3333-444455556679,e5f6g7h8-1111-2222-3333-444455556670,1,2026-02-15T09:00:00+01:00,2026-02-15T09:08:00+01:00,8,home,Munich,80331,DE,coworking_space,Munich,80331,DE,e_scooter,pay-as-you-go,none,bolt,,e-scooter,2.0,3.0,0.08,False,True,False,False,,0,Short e‑scooter ride to a coworking space for an occasional meeting.
13,n5555555-5555-5555-5555-555555555555,d0e1f2a3-1111-2222-3333-444455556680,e5f6g7h8-1111-2222-3333-444455556670,1,2026-02-15T12:30:00+01:00,2026-02-15T12:45:00+01:00,15,coworking_space,Munich,80331,DE,home,Munich,80331,DE,walking,none,none,,,walking,1.5,0.0,0.0,False,True,False,False,,0,Walk back home after coworking session.
14,o6666666-6666-6666-6666-666666666666,e1f2a3b4-1111-2222-3333-444455556681,e5f6g7h8-1111-2222-3333-444455556670,1,2026-02-17T18:00:00+01:00,2026-02-17T18:10:00+01:00,10,home,Munich,80331,DE,train_station,Munich,80331,DE,walking,none,none,,,walking,1.0,0.0,0.0,True,False,False,False,,0,Access walk to Munich train station.
15,p7777777-7777-7777-7777-777777777777,e1f2a3b4-1111-2222-3333-444455556681,e5f6g7h8-1111-2222-3333-444455556670,2,2026-02-17T18:10:00+01:00,2026-02-17T22:20:00+01:00,250,train_station,Munich,80331,DE,train_station,Frankfurt,,DE,long_distance_train,single_ticket,second_class,DB,ICE,train,400.0,60.0,16.0,False,True,False,False,,1,Long‑distance train from Munich to Frankfurt.
16,q8888888-8888-8888-8888-888888888888,e1f2a3b4-1111-2222-3333-444455556681,e5f6g7h8-1111-2222-3333-444455556670,3,2026-02-17T22:20:00+01:00,2026-02-17T22:30:00+01:00,10,train_station,Frankfurt,,DE,friend_home,Frankfurt,,DE,walking,none,none,,,walking,1.0,0.0,0.0,False,False,True,False,,1,Walk from Frankfurt station to friend's home.
0,d1e2f3a4-1111-2222-3333-4444555566711,a1b2c3d4-1111-2222-3333-444455556671,e5f6g7h8-1111-2222-3333-444455556670,1,2026-02-19T08:30:00+01:00,2026-02-19T08:45:00+01:00,15,home,Munich,80331,DE,cafe,Munich,,DE,e_scooter,pay-as-you-go,none,bolt,,,2.0,0.4,0.04,False,True,False,False,,0,Morning coffee break using e‑scooter.
1,e2f3a4b5-1111-2222-3333-4444555566721,b2c3d4e5-1111-2222-3333-444455556672,e5f6g7h8-1111-2222-3333-444455556670,1,2026-02-19T18:00:00+01:00,2026-02-19T18:10:00+01:00,10,cafe,Munich,,DE,home,Munich,80331,DE,e_scooter,pay-as-you-go,none,bolt,,,2.0,0.4,0.04,False,True,False,False,,0,Return home after coffee.
2,f3a4b5c6-1111-2222-3333-4444555566731,c3d4e5f6-1111-2222-3333-444455556673,e5f6g7h8-1111-2222-3333-444455556670,1,2026-02-20T07:00:00+01:00,2026-02-20T07:10:00+01:00,10,home,Munich,80331,DE,train_station,Munich,,DE,walking,none,none,,,,1.0,0.0,0.0,True,False,False,False,,0,Walk from home to Munich main train station.
3,a4b5c6d7-1111-2222-3333-4444555566732,c3d4e5f6-1111-2222-3333-444455556673,e5f6g7h8-1111-2222-3333-444455556670,2,2026-02-20T07:10:00+01:00,2026-02-20T10:40:00+01:00,190,train_station,Munich,,DE,train_station,Berlin,,DE,long_distance_train,single_ticket,second_class,DB,ICE,train,583.0,49.0,23.32,False,True,False,False,,0,Long‑distance ICE train from Munich to Berlin.
4,b5c6d7e8-1111-2222-3333-4444555566733,c3d4e5f6-1111-2222-3333-444455556673,e5f6g7h8-1111-2222-3333-444455556670,3,2026-02-20T10:40:00+01:00,2026-02-20T10:50:00+01:00,10,train_station,Berlin,,DE,office,Berlin,10115,DE,walking,none,none,,,,1.0,0.0,0.0,False,False,True,False,,0,Walk from Berlin train station to office.
5,c6d7e8f9-1111-2222-3333-4444555566741,d4e5f6a7-1111-2222-3333-444455556674,e5f6g7h8-1111-2222-3333-444455556670,1,2026-02-21T16:00:00+01:00,2026-02-21T16:10:00+01:00,10,office,Berlin,10115,DE,train_station,Berlin,,DE,walking,none,none,,,,1.0,0.0,0.0,True,False,False,False,,0,Walk from office to Berlin main train station.
6,d7e8f9a0-1111-2222-3333-4444555566742,d4e5f6a7-1111-2222-3333-444455556674,e5f6g7h8-1111-2222-3333-444455556670,2,2026-02-21T16:10:00+01:00,2026-02-21T19:40:00+01:00,190,train_station,Berlin,,DE,train_station,Munich,,DE,long_distance_train,single_ticket,second_class,DB,ICE,train,583.0,49.0,23.32,False,True,False,False,,0,Return ICE train from Berlin to Munich.
7,e8f9a0b1-1111-2222-3333-4444555566743,d4e5f6a7-1111-2222-3333-444455556674,e5f6g7h8-1111-2222-3333-444455556670,3,2026-02-21T19:40:00+01:00,2026-02-21T19:50:00+01:00,10,train_station,Munich,,DE,home,Munich,80331,DE,walking,none,none,,,,1.0,0.0,0.0,False,False,True,False,,0,Walk from Munich station back home.
8,f9a0b1c2-1111-2222-3333-4444555566751,e5f6a7b8-1111-2222-3333-444455556675,e5f6g7h8-1111-2222-3333-444455556670,1,2026-02-21T20:00:00+01:00,2026-02-21T20:30:00+01:00,30,home,Munich,80331,DE,gym,Munich,,DE,e_scooter,pay-as-you-go,none,bolt,,,3.0,0.6,0.06,False,True,False,False,,0,Evening workout at local gym.
9,a0b1c2d3-1111-2222-3333-4444555566761,f6a7b8c9-1111-2222-3333-444455556676,e5f6g7h8-1111-2222-3333-444455556670,1,2026-02-22T09:30:00+01:00,2026-02-22T09:45:00+01:00,15,home,Munich,80331,DE,supermarket,Munich,,DE,e_scooter,pay-as-you-go,none,bolt,,,1.5,0.3,0.03,False,True,False,False,,0,Weekly grocery shopping.
10,b1c2d3e4-1111-2222-3333-4444555566771,a7b8c9d0-1111-2222-3333-444455556677,e5f6g7h8-1111-2222-3333-444455556670,1,2026-02-22T18:00:00+01:00,2026-02-22T18:20:00+01:00,20,supermarket,Munich,,DE,home,Munich,80331,DE,e_scooter,pay-as-you-go,none,bolt,,,1.5,0.3,0.03,False,True,False,False,,0,Return home after groceries.
11,c2d3e4f5-1111-2222-3333-4444555566781,b8c9d0e1-1111-2222-3333-444455556678,e5f6g7h8-1111-2222-3333-444455556670,1,2026-02-23T10:00:00+01:00,2026-02-23T10:05:00+01:00,5,home,Munich,80331,DE,transit_stop,Munich,,DE,walking,none,none,,,,0.5,0.0,0.0,True,False,False,False,,0,Walk to public‑transport stop.
12,d3e4f5g6-1111-2222-3333-4444555566782,b8c9d0e1-1111-2222-3333-444455556678,e5f6g7h8-1111-2222-3333-444455556670,2,2026-02-23T10:05:00+01:00,2026-02-23T10:25:00+01:00,20,transit_stop,Munich,,DE,transit_stop,Munich,,DE,public_transport,pay-as-you-go,second_class,DB,S-Bahn,train,4.0,2.5,0.16,False,True,False,False,2.0,0,S‑Bahn ride to coworking space.
13,e4f5g6h7-1111-2222-3333-4444555566783,b8c9d0e1-1111-2222-3333-444455556678,e5f6g7h8-1111-2222-3333-444455556670,3,2026-02-23T10:25:00+01:00,2026-02-23T10:30:00+01:00,5,transit_stop,Munich,,DE,coworking_space,Munich,,DE,walking,none,none,,,,0.5,0.0,0.0,False,False,True,False,,0,Walk from stop to coworking space.
14,f5g6h7i8-1111-2222-3333-4444555566791,c9d0e1f2-1111-2222-3333-444455556679,e5f6g7h8-1111-2222-3333-444455556670,1,2026-02-24T07:45:00+01:00,2026-02-24T08:10:00+01:00,25,home,Munich,80331,DE,gym,Munich,,DE,e_scooter,pay-as-you-go,none,bolt,,,3.0,0.6,0.06,False,True,False,False,,0,Morning gym session.
15,g6h7i8j9-1111-2222-3333-4444555566801,d0e1f2a3-1111-2222-3333-444455556680,e5f6g7h8-1111-2222-3333-444455556670,1,2026-02-24T18:30:00+01:00,2026-02-24T18:55:00+01:00,25,gym,Munich,,DE,home,Munich,80331,DE,e_scooter,pay-as-you-go,none,bolt,,,3.0,0.6,0.06,False,True,False,False,,0,Return home after gym.
16,h7i8j9k0-1111-2222-3333-4444555566811,e1f2a3b4-1111-2222-3333-444455556681,e5f6g7h8-1111-2222-3333-444455556670,1,2026-02-25T12:00:00+01:00,2026-02-25T12:05:00+01:00,5,home,Munich,80331,DE,transit_stop,Munich,,DE,walking,none,none,,,,0.3,0.0,0.0,True,False,False,False,,0,Walk to public‑transport stop.
17,i8j9k0l1-1111-2222-3333-4444555566812,e1f2a3b4-1111-2222-3333-444455556681,e5f6g7h8-1111-2222-3333-444455556670,2,2026-02-25T12:05:00+01:00,2026-02-25T12:25:00+01:00,20,transit_stop,Munich,,DE,transit_stop,Munich,,DE,public_transport,pay-as-you-go,second_class,DB,Tram,tram,1.4,2.0,0.056,False,True,False,False,1.0,0,Tram ride to shopping area.
18,j9k0l1m2-1111-2222-3333-4444555566813,e1f2a3b4-1111-2222-3333-444455556681,e5f6g7h8-1111-2222-3333-444455556670,3,2026-02-25T12:25:00+01:00,2026-02-25T12:30:00+01:00,5,transit_stop,Munich,,DE,shopping_area,Munich,,DE,walking,none,none,,,,0.3,0.0,0.0,False,False,True,False,,0,Walk to shopping area.
19,k0l1m2n3-1111-2222-3333-4444555566821,f2a3b4c5-1111-2222-3333-444455556682,e5f6g7h8-1111-2222-3333-444455556670,1,2026-02-25T12:45:00+01:00,2026-02-25T12:50:00+01:00,5,shopping_area,Munich,,DE,transit_stop,Munich,,DE,walking,none,none,,,,0.3,0.0,0.0,True,False,False,False,,0,Walk to public‑transport stop.
20,l1m2n3o4-1111-2222-3333-4444555566822,f2a3b4c5-1111-2222-3333-444455556682,e5f6g7h8-1111-2222-3333-444455556670,2,2026-02-25T12:50:00+01:00,2026-02-25T13:00:00+01:00,10,transit_stop,Munich,,DE,home,Munich,80331,DE,public_transport,pay-as-you-go,second_class,DB,Tram,tram,1.4,2.0,0.056,False,True,False,False,1.0,0,Tram ride back home.
0,leg-0001-1111-2222-3333-444455556670,a1b2c3d4-0001-1111-2222-333344445555,e5f6g7h8-1111-2222-3333-444455556670,1,2026-02-26T09:30:00+01:00,2026-02-26T10:00:00+01:00,30,home,Munich,80331,DE,supermarket,Munich,,DE,e_scooter,pay-as-you-go,none,bolt,,e_scooter,2.0,2.0,0.0,False,True,False,False,,0,"Short grocery trip in Munich using e‑scooter, matching preferred mode."
1,leg-0002-1111-2222-3333-444455556670,a1b2c3d4-0002-1111-2222-333344445555,e5f6g7h8-1111-2222-3333-444455556670,1,2026-02-26T11:00:00+01:00,2026-02-26T11:30:00+01:00,30,supermarket,Munich,,DE,home,Munich,80331,DE,e_scooter,pay-as-you-go,none,bolt,,e_scooter,2.0,2.0,0.0,False,True,False,False,,0,Return from supermarket using e‑scooter.
2,leg-0003-1111-2222-3333-444455556670,a1b2c3d4-0003-1111-2222-333344445555,e5f6g7h8-1111-2222-3333-444455556670,1,2026-02-27T14:00:00+01:00,2026-02-27T14:45:00+01:00,45,home,Munich,80331,DE,gym,Munich,,DE,e_scooter,pay-as-you-go,none,bolt,,e_scooter,3.0,3.0,0.0,False,True,False,False,,0,"Morning gym visit, short distance covered by e‑scooter."
3,leg-0004-1111-2222-3333-444455556670,a1b2c3d4-0004-1111-2222-333344445555,e5f6g7h8-1111-2222-3333-444455556670,1,2026-02-27T16:30:00+01:00,2026-02-27T17:15:00+01:00,45,gym,Munich,,DE,home,Munich,80331,DE,e_scooter,pay-as-you-go,none,bolt,,e_scooter,3.0,3.0,0.0,False,True,False,False,,0,Return home after gym using e‑scooter.
4,leg-0005-1111-2222-3333-444455556670,a1b2c3d4-0005-1111-2222-333344445555,e5f6g7h8-1111-2222-3333-444455556670,1,2026-02-28T08:30:00+01:00,2026-02-28T09:00:00+01:00,30,home,Munich,80331,DE,café,Munich,,DE,walking,none,none,,,,1.0,0.0,0.0,False,True,False,False,,0,Morning walk to a local café for remote‑work break.
5,leg-0006-1111-2222-3333-444455556670,a1b2c3d4-0006-1111-2222-333344445555,e5f6g7h8-1111-2222-3333-444455556670,1,2026-02-28T17:30:00+01:00,2026-02-28T18:00:00+01:00,30,café,Munich,,DE,home,Munich,80331,DE,walking,none,none,,,,1.0,0.0,0.0,False,True,False,False,,0,Return home after café visit.
6,leg-0007-1111-2222-3333-444455556670,a1b2c3d4-0007-1111-2222-333344445555,e5f6g7h8-1111-2222-3333-444455556670,1,2026-03-01T07:00:00+01:00,2026-03-01T07:05:00+01:00,5,home,Munich,80331,DE,train_station,Munich,,DE,walking,none,none,,,,0.5,0.0,0.0,True,False,False,False,,0,Walk from home to Munich main train station.
7,leg-0008-1111-2222-3333-444455556670,a1b2c3d4-0007-1111-2222-333344445555,e5f6g7h8-1111-2222-3333-444455556670,2,2026-03-01T07:05:00+01:00,2026-03-01T10:25:00+01:00,200,train_station,Munich,,DE,train_station,Berlin,,DE,long_distance_train,single_ticket,second_class,DB,ICE,train,585.0,59.0,23.4,False,True,False,False,10.0,0,Long‑distance ICE train from Munich to Berlin.
8,leg-0009-1111-2222-3333-444455556670,a1b2c3d4-0007-1111-2222-333344445555,e5f6g7h8-1111-2222-3333-444455556670,3,2026-03-01T10:25:00+01:00,2026-03-01T10:30:00+01:00,5,train_station,Berlin,,DE,office,Berlin,10115,DE,walking,none,none,,,,0.5,0.0,0.0,False,False,True,False,,1,Walk from Berlin train station to office.
9,leg-0010-1111-2222-3333-444455556670,a1b2c3d4-0008-1111-2222-333344445555,e5f6g7h8-1111-2222-3333-444455556670,1,2026-03-01T18:00:00+01:00,2026-03-01T18:05:00+01:00,5,office,Berlin,10115,DE,train_station,Berlin,,DE,walking,none,none,,,,0.5,0.0,0.0,True,False,False,False,,0,Walk from office to Berlin train station.
10,leg-0011-1111-2222-3333-444455556670,a1b2c3d4-0008-1111-2222-333344445555,e5f6g7h8-1111-2222-3333-444455556670,2,2026-03-01T18:05:00+01:00,2026-03-01T21:25:00+01:00,200,train_station,Berlin,,DE,train_station,Munich,,DE,long_distance_train,single_ticket,second_class,DB,ICE,train,585.0,59.0,23.4,False,True,False,False,10.0,0,Long‑distance ICE train from Berlin back to Munich.
11,leg-0012-1111-2222-3333-444455556670,a1b2c3d4-0008-1111-2222-333344445555,e5f6g7h8-1111-2222-3333-444455556670,3,2026-03-01T21:25:00+01:00,2026-03-01T21:30:00+01:00,5,train_station,Munich,,DE,home,Munich,80331,DE,walking,none,none,,,,0.5,0.0,0.0,False,False,True,False,,1,Walk from Munich train station to home.
12,leg-0013-1111-2222-3333-444455556670,a1b2c3d4-0009-1111-2222-333344445555,e5f6g7h8-1111-2222-3333-444455556670,1,2026-03-03T12:00:00+01:00,2026-03-03T12:05:00+01:00,5,home,Munich,80331,DE,train_station,Munich,,DE,walking,none,none,,,,0.5,0.0,0.0,True,False,False,False,,0,Walk from home to Munich train station for trip to Cologne.
13,leg-0014-1111-2222-3333-444455556670,a1b2c3d4-0009-1111-2222-333344445555,e5f6g7h8-1111-2222-3333-444455556670,2,2026-03-03T12:05:00+01:00,2026-03-03T15:55:00+01:00,230,train_station,Munich,,DE,train_station,Cologne,,DE,long_distance_train,single_ticket,second_class,DB,ICE,train,570.0,57.0,22.8,False,True,False,False,10.0,0,Long‑distance ICE train from Munich to Cologne.
14,leg-0015-1111-2222-3333-444455556670,a1b2c3d4-0009-1111-2222-333344445555,e5f6g7h8-1111-2222-3333-444455556670,3,2026-03-03T15:55:00+01:00,2026-03-03T16:00:00+01:00,5,train_station,Cologne,,DE,friend_home,Cologne,,DE,walking,none,none,,,,0.5,0.0,0.0,False,False,True,False,,1,Walk from Cologne train station to friend's home.
15,leg-0016-1111-2222-3333-444455556670,a1b2c3d4-0010-1111-2222-333344445555,e5f6g7h8-1111-2222-3333-444455556670,1,2026-03-03T17:30:00+01:00,2026-03-03T17:35:00+01:00,5,friend_home,Cologne,,DE,train_station,Cologne,,DE,walking,none,none,,,,0.5,0.0,0.0,True,False,False,False,,0,Walk from friend's home to Cologne train station for return trip.
16,leg-0017-1111-2222-3333-444455556670,a1b2c3d4-0010-1111-2222-333344445555,e5f6g7h8-1111-2222-3333-444455556670,2,2026-03-03T17:35:00+01:00,2026-03-03T21:25:00+01:00,230,train_station,Cologne,,DE,train_station,Munich,,DE,long_distance_train,single_ticket,second_class,DB,ICE,train,570.0,57.0,22.8,False,True,False,False,10.0,0,Long‑distance ICE train from Cologne back to Munich.
17,leg-0018-1111-2222-3333-444455556670,a1b2c3d4-0010-1111-2222-333344445555,e5f6g7h8-1111-2222-3333-444455556670,3,2026-03-03T21:25:00+01:00,2026-03-03T21:30:00+01:00,5,train_station,Munich,,DE,home,Munich,80331,DE,walking,none,none,,,,0.5,0.0,0.0,False,False,True,False,,1,Walk from Munich train station to home.
0,d1e2f3a4-0001-1111-2222-333344445555,a1b2c3d4-0001-1111-2222-333344445555,e5f6g7h8-1111-2222-3333-444455556670,1,2026-03-05T09:00:00Z,2026-03-05T09:10:00Z,10,home,Munich,80331,DE,café,Munich,,DE,e_scooter,pay-as-you-go,none,bolt,,scooter,2.0,3.0,0.04,False,True,False,False,,0,Direct e‑scooter ride from home to café.
1,d1e2f3a4-0002-1111-2222-333344445555,a1b2c3d4-0002-1111-2222-333344445555,e5f6g7h8-1111-2222-3333-444455556670,1,2026-03-05T10:30:00Z,2026-03-05T10:40:00Z,10,café,Munich,,DE,home,Munich,80331,DE,e_scooter,pay-as-you-go,none,bolt,,scooter,2.0,3.0,0.04,False,True,False,False,,0,Return e‑scooter ride from café to home.
2,d1e2f3a4-0003-1111-2222-333344445555,a1b2c3d4-0003-1111-2222-333344445555,e5f6g7h8-1111-2222-3333-444455556670,1,2026-03-06T08:00:00Z,2026-03-06T08:20:00Z,20,home,Munich,80331,DE,park,Munich,,DE,walking,none,none,,,,1.5,0.0,0.0,False,True,False,False,,0,Walking from home to park.
3,d1e2f3a4-0004-1111-2222-333344445555,a1b2c3d4-0004-1111-2222-333344445555,e5f6g7h8-1111-2222-3333-444455556670,1,2026-03-06T12:00:00Z,2026-03-06T12:20:00Z,20,park,Munich,,DE,home,Munich,80331,DE,walking,none,none,,,,1.5,0.0,0.0,False,True,False,False,,0,Walking back home from park.
4,d1e2f3a4-0005-1111-2222-333344445555,a1b2c3d4-0005-1111-2222-333344445555,e5f6g7h8-1111-2222-3333-444455556670,1,2026-03-07T11:00:00Z,2026-03-07T11:15:00Z,15,home,Munich,80331,DE,supermarket,Munich,,DE,e_scooter,pay-as-you-go,none,bolt,,scooter,3.0,4.0,0.06,False,True,False,False,,0,E‑scooter ride to supermarket.
5,d1e2f3a4-0006-1111-2222-333344445555,a1b2c3d4-0006-1111-2222-333344445555,e5f6g7h8-1111-2222-3333-444455556670,1,2026-03-07T11:45:00Z,2026-03-07T12:00:00Z,15,supermarket,Munich,,DE,home,Munich,80331,DE,e_scooter,pay-as-you-go,none,bolt,,scooter,3.0,4.0,0.06,False,True,False,False,,0,Return e‑scooter ride home.
6,d1e2f3a4-0007-1111-2222-333344445555-1,a1b2c3d4-0007-1111-2222-333344445555,e5f6g7h8-1111-2222-3333-444455556670,1,2026-03-08T14:00:00Z,2026-03-08T14:05:00Z,5,home,Munich,80331,DE,transit_stop,Munich,,DE,walking,none,none,,,,0.5,0.0,0.0,True,False,False,False,,0,Walk to public‑transport stop.
7,d1e2f3a4-0007-1111-2222-333344445555-2,a1b2c3d4-0007-1111-2222-333344445555,e5f6g7h8-1111-2222-3333-444455556670,2,2026-03-08T14:05:00Z,2026-03-08T14:35:00Z,30,transit_stop,Munich,,DE,doctor,Munich,,DE,public_transport,pay-as-you-go,none,DB,U-Bahn,,7.0,2.5,0.35,False,True,False,False,5.0,0,Public‑transport ride to doctor appointment.
8,d1e2f3a4-0008-1111-2222-333344445555-1,a1b2c3d4-0008-1111-2222-333344445555,e5f6g7h8-1111-2222-3333-444455556670,1,2026-03-08T15:30:00Z,2026-03-08T16:00:00Z,30,doctor,Munich,,DE,transit_stop,Munich,,DE,public_transport,pay-as-you-go,none,DB,U-Bahn,,7.0,2.5,0.35,True,True,False,False,5.0,0,Public‑transport ride back from doctor.
9,d1e2f3a4-0008-1111-2222-333344445555-2,a1b2c3d4-0008-1111-2222-333344445555,e5f6g7h8-1111-2222-3333-444455556670,2,2026-03-08T16:00:00Z,2026-03-08T16:05:00Z,5,transit_stop,Munich,,DE,home,Munich,80331,DE,walking,none,none,,,,0.5,0.0,0.0,False,False,True,False,,1,Walk from transit stop back home.
10,d1e2f3a4-0009-1111-2222-333344445555-1,a1b2c3d4-0009-1111-2222-333344445555,e5f6g7h8-1111-2222-3333-444455556670,1,2026-03-09T07:00:00Z,2026-03-09T07:05:00Z,5,home,Munich,80331,DE,train_station,Munich,,DE,walking,none,none,,,,2.0,0.0,0.0,True,False,False,False,,0,Walk to Munich train station.
11,d1e2f3a4-0009-1111-2222-333344445555-2,a1b2c3d4-0009-1111-2222-333344445555,e5f6g7h8-1111-2222-3333-444455556670,2,2026-03-09T07:05:00Z,2026-03-09T10:05:00Z,180,train_station,Munich,,DE,train_station,Berlin,10115,DE,long_distance_train,single_ticket,second_class,DB,ICE 123,,581.0,60.0,23.24,False,True,False,False,5.0,0,Long‑distance train from Munich to Berlin.
12,d1e2f3a4-0010-1111-2222-333344445555-1,a1b2c3d4-0010-1111-2222-333344445555,e5f6g7h8-1111-2222-3333-444455556670,1,2026-03-09T17:00:00Z,2026-03-09T17:05:00Z,5,train_station,Berlin,10115,DE,train_station,Munich,,DE,walking,none,none,,,,2.0,0.0,0.0,True,False,False,False,,0,Walk from Berlin station to train platform for return.
13,d1e2f3a4-0010-1111-2222-333344445555-2,a1b2c3d4-0010-1111-2222-333344445555,e5f6g7h8-1111-2222-3333-444455556670,2,2026-03-09T17:05:00Z,2026-03-09T20:25:00Z,180,train_station,Berlin,10115,DE,train_station,Munich,80331,DE,long_distance_train,single_ticket,second_class,DB,ICE 124,,581.0,60.0,23.24,False,True,False,False,5.0,0,Return long‑distance train to Munich.
14,d1e2f3a4-0011-1111-2222-333344445555,a1b2c3d4-0011-1111-2222-333344445555,e5f6g7h8-1111-2222-3333-444455556670,1,2026-03-10T18:00:00Z,2026-03-10T18:12:00Z,12,home,Munich,80331,DE,gym,Munich,,DE,e_scooter,pay-as-you-go,none,bolt,,scooter,2.5,3.5,0.05,False,True,False,False,,0,E‑scooter ride to gym.
15,d1e2f3a4-0012-1111-2222-333344445555,a1b2c3d4-0012-1111-2222-333344445555,e5f6g7h8-1111-2222-3333-444455556670,1,2026-03-10T19:30:00Z,2026-03-10T19:42:00Z,12,gym,Munich,,DE,home,Munich,80331,DE,e_scooter,pay-as-you-go,none,bolt,,scooter,2.5,3.5,0.05,False,True,False,False,,0,Return e‑scooter ride home from gym.
0,a1b2c3d4-1111-2222-3333-444455556670,d1111111-1111-1111-1111-111111111111,e5f6g7h8-1111-2222-3333-444455556670,1,2026-03-12T08:30:00+01:00,2026-03-12T08:45:00+01:00,15,home,Munich,,DE,supermarket,Munich,,DE,e_scooter,pay-as-you-go,none,bolt,,scooter,3.0,3.8,0.0,False,True,False,False,,0,Direct e-scooter ride from home to supermarket.
1,b2c3d4e5-1111-2222-3333-444455556670,d2222222-2222-2222-2222-222222222222,e5f6g7h8-1111-2222-3333-444455556670,1,2026-03-12T12:45:00+01:00,2026-03-12T12:52:00+01:00,7,home,Munich,,DE,café,Munich,,DE,walking,none,none,,,,0.5,0.0,0.0,False,True,False,False,,0,Short walk from home to café.
2,c3d4e5f6-1111-2222-3333-444455556670,d3333333-3333-3333-3333-333333333333,e5f6g7h8-1111-2222-3333-444455556670,1,2026-03-12T18:30:00+01:00,2026-03-12T18:42:00+01:00,12,home,Munich,,DE,gym,Munich,,DE,e_scooter,pay-as-you-go,none,bolt,,scooter,2.0,2.5,0.0,False,True,False,False,,0,E-scooter ride from home to gym.
3,d4e5f6g7-1111-2222-3333-444455556670,d4444444-4444-4444-4444-444444444444,e5f6g7h8-1111-2222-3333-444455556670,1,2026-03-13T19:00:00+01:00,2026-03-13T19:12:00+01:00,12,home,Munich,,DE,restaurant,Munich,,DE,walking,none,none,,,,1.0,0.0,0.0,False,True,False,False,,0,Walking from home to restaurant.
4,e5f6g7h8-1111-2222-3333-444455556670,d5555555-5555-5555-5555-555555555555,e5f6g7h8-1111-2222-3333-444455556670,1,2026-03-14T07:30:00+01:00,2026-03-14T07:40:00+01:00,10,home,Munich,,DE,munich_train_station,Munich,,DE,walking,none,none,,,,0.8,0.0,0.0,False,True,False,False,,0,Walking to Munich train station.
5,f6g7h8i9-1111-2222-3333-444455556670,d6666666-6666-6666-6666-666666666666,e5f6g7h8-1111-2222-3333-444455556670,1,2026-03-14T08:15:00+01:00,2026-03-14T11:45:00+01:00,210,munich_train_station,Munich,,DE,frankfurt_hauptbahnhof,Frankfurt,,DE,long_distance_train,single_ticket,second_class,DB,ICE,train,395.0,55.0,15.8,False,True,False,False,,0,Direct long‑distance ICE train from Munich to Frankfurt.
6,g7h8i9j0-1111-2222-3333-444455556670,d7777777-7777-7777-7777-777777777777,e5f6g7h8-1111-2222-3333-444455556670,1,2026-03-14T18:00:00+01:00,2026-03-14T18:07:00+01:00,7,frankfurt_hauptbahnhof,Frankfurt,,DE,friend_home,Frankfurt,,DE,walking,none,none,,,,0.5,0.0,0.0,False,True,False,False,,0,Walking from Frankfurt station to friend's apartment.
7,h8i9j0k1-1111-2222-3333-444455556670,d8888888-8888-8888-8888-888888888888,e5f6g7h8-1111-2222-3333-444455556670,1,2026-03-14T22:45:00+01:00,2026-03-14T22:50:00+01:00,5,friend_home,Frankfurt,,DE,frankfurt_hauptbahnhof,Frankfurt,,DE,walking,none,none,,,,0.5,0.0,0.0,True,False,False,False,,0,Walking from friend's home to Frankfurt main station.
8,i9j0k1l2-1111-2222-3333-444455556670,d8888888-8888-8888-8888-888888888888,e5f6g7h8-1111-2222-3333-444455556670,2,2026-03-14T22:50:00+01:00,2026-03-15T02:10:00+01:00,200,frankfurt_hauptbahnhof,Frankfurt,,DE,munich_train_station,Munich,,DE,long_distance_train,single_ticket,second_class,DB,ICE,train,395.0,55.0,15.8,False,True,False,False,,1,Night ICE train from Frankfurt to Munich.
9,j0k1l2m3-1111-2222-3333-444455556670,d8888888-8888-8888-8888-888888888888,e5f6g7h8-1111-2222-3333-444455556670,3,2026-03-15T02:10:00+01:00,2026-03-15T02:15:00+01:00,5,munich_train_station,Munich,,DE,home,Munich,,DE,walking,none,none,,,,0.8,0.0,0.0,False,False,True,False,,2,Walking from Munich station to home.
10,k1l2m3n4-1111-2222-3333-444455556670,d9999999-9999-9999-9999-999999999999,e5f6g7h8-1111-2222-3333-444455556670,1,2026-03-15T08:00:00+01:00,2026-03-15T08:10:00+01:00,10,home,Munich,,DE,munich_train_station,Munich,,DE,walking,none,none,,,,0.8,0.0,0.0,False,True,False,False,,0,Walking to Munich train station for day trip.
11,l2m3n4o5-1111-2222-3333-444455556670,daaaaaaaaa-aaaa-aaaa-aaaa-aaaaaaaaaaaa,e5f6g7h8-1111-2222-3333-444455556670,1,2026-03-15T08:30:00+01:00,2026-03-15T12:30:00+01:00,240,munich_train_station,Munich,,DE,cologne_hauptbahnhof,Cologne,,DE,long_distance_train,single_ticket,second_class,DB,ICE,train,575.0,70.0,23.0,False,True,False,False,,0,Direct ICE train from Munich to Cologne.
12,m3n4o5p6-1111-2222-3333-444455556670,dbbbbbbb-bbbb-bbbb-bbbb-bbbbbbbbbbbb,e5f6g7h8-1111-2222-3333-444455556670,1,2026-03-15T13:30:00+01:00,2026-03-15T13:37:00+01:00,7,cologne_hauptbahnhof,Cologne,,DE,friend_home,Cologne,,DE,walking,none,none,,,,0.5,0.0,0.0,False,True,False,False,,0,Walking from Cologne station to friend's apartment.
13,n4o5p6q7-1111-2222-3333-444455556670,dccccccc-cccc-cccc-cccc-cccccccccccc,e5f6g7h8-1111-2222-3333-444455556670,1,2026-03-15T19:30:00+01:00,2026-03-15T19:35:00+01:00,5,friend_home,Cologne,,DE,cologne_hauptbahnhof,Cologne,,DE,walking,none,none,,,,0.5,0.0,0.0,True,False,False,False,,0,Walking to Cologne station for return train.
14,o5p6q7r8-1111-2222-3333-444455556670,dccccccc-cccc-cccc-cccc-cccccccccccc,e5f6g7h8-1111-2222-3333-444455556670,2,2026-03-15T19:35:00+01:00,2026-03-15T23:25:00+01:00,230,cologne_hauptbahnhof,Cologne,,DE,munich_train_station,Munich,,DE,long_distance_train,single_ticket,second_class,DB,ICE,train,575.0,70.0,23.0,False,True,False,False,,1,Evening ICE train from Cologne back to Munich.
15,p6q7r8s9-1111-2222-3333-444455556670,dccccccc-cccc-cccc-cccc-cccccccccccc,e5f6g7h8-1111-2222-3333-444455556670,3,2026-03-15T23:25:00+01:00,2026-03-15T23:30:00+01:00,5,munich_train_station,Munich,,DE,home,Munich,,DE,walking,none,none,,,,0.8,0.0,0.0,False,False,True,False,,2,Walking from Munich station back home.
0,d1e2f3a4-1111-2222-3333-444455556671,a1b2c3d4-0001-1111-2222-333344445555,e5f6g7h8-1111-2222-3333-444455556670,1,2026-03-19T08:30:00+01:00,2026-03-19T08:45:00+01:00,15,home,Munich,80331,DE,café,Munich,,DE,e_scooter,pay-as-you-go,none,bolt,,,2.0,3.0,0.1,False,True,False,False,,0,Direct e‑scooter ride from home to the nearby café.
1,e2f3a4b5-1111-2222-3333-444455556672,a1b2c3d4-0002-1111-2222-333344445555,e5f6g7h8-1111-2222-3333-444455556670,1,2026-03-19T12:15:00+01:00,2026-03-19T12:20:00+01:00,5,home,Munich,80331,DE,transit_stop,Munich,,DE,walking,none,none,,,,0.5,0.0,0.0,True,False,False,False,,0,Walk from home to the nearest U‑Bahn station.
2,f3a4b5c6-1111-2222-3333-444455556673,a1b2c3d4-0002-1111-2222-333344445555,e5f6g7h8-1111-2222-3333-444455556670,2,2026-03-19T12:20:00+01:00,2026-03-19T12:40:00+01:00,20,transit_stop,Munich,,DE,transit_stop,Munich,,DE,public_transport,single_ticket,second_class,DB,U-Bahn,,4.0,3.0,0.16,False,True,False,False,2.0,1,U‑Bahn ride between the two stations.
3,a4b5c6d7-1111-2222-3333-444455556674,a1b2c3d4-0002-1111-2222-333344445555,e5f6g7h8-1111-2222-3333-444455556670,3,2026-03-19T12:40:00+01:00,2026-03-19T12:45:00+01:00,5,transit_stop,Munich,,DE,supermarket,Munich,,DE,walking,none,none,,,,0.5,0.0,0.0,False,False,True,False,,2,Walk from the station to the supermarket.
4,b5c6d7e8-1111-2222-3333-444455556675,a1b2c3d4-0003-1111-2222-333344445555,e5f6g7h8-1111-2222-3333-444455556670,1,2026-03-19T18:00:00+01:00,2026-03-19T18:30:00+01:00,30,home,Munich,80331,DE,gym,Munich,,DE,walking,none,none,,,,1.0,0.0,0.0,False,True,False,False,,0,Walking from home to the local gym.
5,c6d7e8f9-1111-2222-3333-444455556676,a1b2c3d4-0004-1111-2222-333344445555,e5f6g7h8-1111-2222-3333-444455556670,1,2026-03-20T07:00:00+01:00,2026-03-20T07:05:00+01:00,5,home,Munich,80331,DE,train_station,Munich,,DE,walking,none,none,,,,0.3,0.0,0.0,True,False,False,False,,0,Walk from home to Munich Hauptbahnhof.
6,d7e8f9a0-1111-2222-3333-444455556677,a1b2c3d4-0004-1111-2222-333344445555,e5f6g7h8-1111-2222-3333-444455556670,2,2026-03-20T07:05:00+01:00,2026-03-20T10:25:00+01:00,200,train_station,Munich,,DE,train_station,Berlin,,DE,long_distance_train,single_ticket,second_class,DB,ICE,,584.4,120.0,23.38,False,True,False,False,2.0,1,Long‑distance ICE train from Munich to Berlin.
7,e8f9a0b1-1111-2222-3333-444455556678,a1b2c3d4-0004-1111-2222-333344445555,e5f6g7h8-1111-2222-3333-444455556670,3,2026-03-20T10:25:00+01:00,2026-03-20T10:30:00+01:00,5,train_station,Berlin,,DE,office,Berlin,10115,DE,walking,none,none,,,,0.3,0.0,0.0,False,False,True,False,,2,Walk from Berlin train station to the office.
8,f9a0b1c2-1111-2222-3333-444455556679,a1b2c3d4-0005-1111-2222-333344445555,e5f6g7h8-1111-2222-3333-444455556670,1,2026-03-20T18:00:00+01:00,2026-03-20T18:05:00+01:00,5,office,Berlin,10115,DE,train_station,Berlin,,DE,walking,none,none,,,,0.3,0.0,0.0,True,False,False,False,,0,Walk from the office to Berlin Hauptbahnhof.
9,a0b1c2d3-1111-2222-3333-444455556680,a1b2c3d4-0005-1111-2222-333344445555,e5f6g7h8-1111-2222-3333-444455556670,2,2026-03-20T18:05:00+01:00,2026-03-20T21:25:00+01:00,200,train_station,Berlin,,DE,train_station,Munich,,DE,long_distance_train,single_ticket,second_class,DB,ICE,,584.4,120.0,23.38,False,True,False,False,2.0,1,Return ICE train from Berlin to Munich.
10,b1c2d3e4-1111-2222-3333-444455556681,a1b2c3d4-0005-1111-2222-333344445555,e5f6g7h8-1111-2222-3333-444455556670,3,2026-03-20T21:25:00+01:00,2026-03-20T21:30:00+01:00,5,train_station,Munich,,DE,home,Munich,80331,DE,walking,none,none,,,,0.3,0.0,0.0,False,False,True,False,,2,Walk from Munich station back home.
11,c2d3e4f5-1111-2222-3333-444455556682,a1b2c3d4-0006-1111-2222-333344445555,e5f6g7h8-1111-2222-3333-444455556670,1,2026-03-21T08:00:00+01:00,2026-03-21T08:05:00+01:00,5,home,Munich,80331,DE,train_station,Munich,,DE,walking,none,none,,,,0.2,0.0,0.0,True,False,False,False,,0,Walk from home to Munich train station.
12,d3e4f5g6-1111-2222-3333-444455556683,a1b2c3d4-0006-1111-2222-333344445555,e5f6g7h8-1111-2222-3333-444455556670,2,2026-03-21T08:05:00+01:00,2026-03-21T10:25:00+01:00,140,train_station,Munich,,DE,train_station,Frankfurt,,DE,long_distance_train,single_ticket,second_class,DB,ICE,,389.6,80.0,15.58,False,True,False,False,2.0,1,ICE train from Munich to Frankfurt.
13,e4f5g6h7-1111-2222-3333-444455556684,a1b2c3d4-0006-1111-2222-333344445555,e5f6g7h8-1111-2222-3333-444455556670,3,2026-03-21T10:25:00+01:00,2026-03-21T10:30:00+01:00,5,train_station,Frankfurt,,DE,friend_home,Frankfurt,60311,DE,walking,none,none,,,,0.2,0.0,0.0,False,False,True,False,,2,Walk from Frankfurt station to friend's home.
14,f5g6h7i8-1111-2222-3333-444455556685,a1b2c3d4-0007-1111-2222-333344445555,e5f6g7h8-1111-2222-3333-444455556670,1,2026-03-21T14:00:00+01:00,2026-03-21T14:20:00+01:00,20,home,Munich,80331,DE,park,Munich,,DE,e_scooter,pay-as-you-go,none,bolt,,,3.0,4.0,0.15,False,True,False,False,,0,Direct e‑scooter ride to the city park.
15,g6h7i8j9-1111-2222-3333-444455556686,a1b2c3d4-0008-1111-2222-333344445555,e5f6g7h8-1111-2222-3333-444455556670,1,2026-03-22T18:00:00+01:00,2026-03-22T18:05:00+01:00,5,friend_home,Frankfurt,60311,DE,train_station,Frankfurt,,DE,walking,none,none,,,,0.2,0.0,0.0,True,False,False,False,,0,Walk from friend's home to Frankfurt train station.
16,h7i8j9k0-1111-2222-3333-444455556687,a1b2c3d4-0008-1111-2222-333344445555,e5f6g7h8-1111-2222-3333-444455556670,2,2026-03-22T18:05:00+01:00,2026-03-22T20:25:00+01:00,140,train_station,Frankfurt,,DE,train_station,Munich,,DE,long_distance_train,single_ticket,second_class,DB,ICE,,389.6,80.0,15.58,False,True,False,False,2.0,1,Return ICE train from Frankfurt to Munich.
17,i8j9k0l1-1111-2222-3333-444455556688,a1b2c3d4-0008-1111-2222-333344445555,e5f6g7h8-1111-2222-3333-444455556670,3,2026-03-22T20:25:00+01:00,2026-03-22T20:30:00+01:00,5,train_station,Munich,,DE,home,Munich,80331,DE,walking,none,none,,,,0.2,0.0,0.0,False,False,True,False,,2,Walk from Munich station back home.
18,j9k0l1m2-1111-2222-3333-444455556689,a1b2c3d4-0009-1111-2222-333344445555,e5f6g7h8-1111-2222-3333-444455556670,1,2026-03-23T09:30:00+01:00,2026-03-23T09:45:00+01:00,15,home,Munich,80331,DE,café,Munich,,DE,walking,none,none,,,,1.0,0.0,0.0,False,True,False,False,,0,Morning walk from home to a nearby café.
19,k0l1m2n3-1111-2222-3333-444455556690,a1b2c3d4-0010-1111-2222-333344445555,e5f6g7h8-1111-2222-3333-444455556670,1,2026-03-23T19:00:00+01:00,2026-03-23T19:05:00+01:00,5,home,Munich,80331,DE,transit_stop,Munich,,DE,walking,none,none,,,,0.5,0.0,0.0,True,False,False,False,,0,Walk from home to the nearest U‑Bahn stop.
20,l1m2n3o4-1111-2222-3333-444455556691,a1b2c3d4-0010-1111-2222-333344445555,e5f6g7h8-1111-2222-3333-444455556670,2,2026-03-23T19:05:00+01:00,2026-03-23T19:25:00+01:00,20,transit_stop,Munich,,DE,transit_stop,Munich,,DE,public_transport,single_ticket,second_class,DB,U-Bahn,,4.0,3.0,0.16,False,True,False,False,2.0,1,U‑Bahn ride to the supermarket area.
21,m2n3o4p5-1111-2222-3333-444455556692,a1b2c3d4-0010-1111-2222-333344445555,e5f6g7h8-1111-2222-3333-444455556670,3,2026-03-23T19:25:00+01:00,2026-03-23T19:30:00+01:00,5,transit_stop,Munich,,DE,supermarket,Munich,,DE,walking,none,none,,,,0.5,0.0,0.0,False,False,True,False,,2,Walk from the station to the supermarket.
22,n3o4p5q6-1111-2222-3333-444455556693,a1b2c3d4-0011-1111-2222-333344445555,e5f6g7h8-1111-2222-3333-444455556670,1,2026-03-24T10:00:00+01:00,2026-03-24T10:15:00+01:00,15,home,Munich,80331,DE,library,Munich,,DE,e_scooter,pay-as-you-go,none,bolt,,,2.0,3.0,0.1,False,True,False,False,,0,Quick e‑scooter ride to the city library.
23,o4p5q6r7-1111-2222-3333-444455556694,a1b2c3d4-0012-1111-2222-333344445555,e5f6g7h8-1111-2222-3333-444455556670,1,2026-03-25T20:00:00+01:00,2026-03-25T20:30:00+01:00,30,restaurant,Munich,,DE,home,Munich,80331,DE,walking,none,none,,,,1.0,0.0,0.0,False,True,False,False,,0,Evening walk home after dinner.
0,leg-1-1,a1b2c3d4-0001-1111-2222-333344445555,e5f6g7h8-1111-2222-3333-444455556670,1,2026-03-26T08:15:00Z,2026-03-26T08:27:00Z,12,home,Munich,80331,DE,cafe,Munich,80331,DE,e_scooter,subscription,none,bolt,,e_scooter,1.2,3.0,0.02,False,True,False,False,,0,Single e-scooter leg for coffee.
1,leg-2-1,a1b2c3d4-0002-1111-2222-333344445555,e5f6g7h8-1111-2222-3333-444455556670,1,2026-03-26T18:30:00Z,2026-03-26T18:45:00Z,15,home,Munich,80331,DE,gym,Munich,80331,DE,e_scooter,subscription,none,bolt,,e_scooter,1.5,3.75,0.03,False,True,False,False,,0,Single e-scooter leg to gym.
2,leg-3-1,a1b2c3d4-0003-1111-2222-333344445555,e5f6g7h8-1111-2222-3333-444455556670,1,2026-03-27T09:00:00Z,2026-03-27T09:05:00Z,5,home,Munich,80331,DE,train_station,Munich,,DE,walking,none,none,,,,0.5,0.0,0.01,True,False,False,False,,0,Walking access to Munich train station.
3,leg-3-2,a1b2c3d4-0003-1111-2222-333344445555,e5f6g7h8-1111-2222-3333-444455556670,2,2026-03-27T09:05:00Z,2026-03-27T12:25:00Z,200,train_station,Munich,,DE,train_station,Frankfurt,,DE,long_distance_train,single_ticket,second_class,DB,ICE,train,392.0,60.0,15.7,False,True,False,False,,0,Long‑distance ICE train Munich‑Frankfurt.
4,leg-3-3,a1b2c3d4-0003-1111-2222-333344445555,e5f6g7h8-1111-2222-3333-444455556670,3,2026-03-27T12:25:00Z,2026-03-27T12:30:00Z,5,train_station,Frankfurt,,DE,friend_home,Frankfurt,60311,DE,walking,none,none,,,,0.5,0.0,0.01,False,False,True,False,,0,Walking from Frankfurt station to friend's home.
5,leg-4-1,a1b2c3d4-0004-1111-2222-333344445555,e5f6g7h8-1111-2222-3333-444455556670,1,2026-03-27T19:00:00Z,2026-03-27T19:05:00Z,5,friend_home,Frankfurt,60311,DE,train_station,Frankfurt,,DE,walking,none,none,,,,0.5,0.0,0.01,True,False,False,False,,0,Walking to Frankfurt train station.
6,leg-4-2,a1b2c3d4-0004-1111-2222-333344445555,e5f6g7h8-1111-2222-3333-444455556670,2,2026-03-27T19:05:00Z,2026-03-27T22:25:00Z,200,train_station,Frankfurt,,DE,train_station,Munich,,DE,long_distance_train,single_ticket,second_class,DB,ICE,train,392.0,60.0,15.7,False,True,False,False,,0,Return ICE train Frankfurt‑Munich.
7,leg-4-3,a1b2c3d4-0004-1111-2222-333344445555,e5f6g7h8-1111-2222-3333-444455556670,3,2026-03-27T22:25:00Z,2026-03-27T22:30:00Z,5,train_station,Munich,,DE,home,Munich,80331,DE,walking,none,none,,,,0.5,0.0,0.01,False,False,True,False,,0,Walking from Munich station home.
8,leg-5-1,a1b2c3d4-0005-1111-2222-333344445555,e5f6g7h8-1111-2222-3333-444455556670,1,2026-03-28T10:00:00Z,2026-03-28T10:20:00Z,20,home,Munich,80331,DE,park,Munich,80331,DE,walking,none,none,,,,1.5,0.0,0.02,False,True,False,False,,0,Leisure walk to park.
9,leg-6-1,a1b2c3d4-0006-1111-2222-333344445555,e5f6g7h8-1111-2222-3333-444455556670,1,2026-03-28T15:00:00Z,2026-03-28T15:04:00Z,4,home,Munich,80331,DE,transit_stop,Munich,,DE,walking,none,none,,,,0.3,0.0,0.01,True,False,False,False,,0,Walking to public‑transport stop.
10,leg-6-2,a1b2c3d4-0006-1111-2222-333344445555,e5f6g7h8-1111-2222-3333-444455556670,2,2026-03-28T15:04:00Z,2026-03-28T15:21:00Z,17,transit_stop,Munich,,DE,transit_stop,Munich,,DE,public_transport,subscription,second_class,DB,S-Bahn,train,4.4,0.0,0.18,False,True,False,False,,0,S‑Bahn ride to supermarket area.
11,leg-6-3,a1b2c3d4-0006-1111-2222-333344445555,e5f6g7h8-1111-2222-3333-444455556670,3,2026-03-28T15:21:00Z,2026-03-28T15:25:00Z,4,transit_stop,Munich,,DE,supermarket,Munich,80331,DE,walking,none,none,,,,0.3,0.0,0.01,False,False,True,False,,0,Walking from stop to supermarket.
12,leg-7-1,a1b2c3d4-0007-1111-2222-333344445555,e5f6g7h8-1111-2222-3333-444455556670,1,2026-03-29T07:00:00Z,2026-03-29T07:03:00Z,3,home,Munich,80331,DE,train_station,Munich,,DE,walking,none,none,,,,0.5,0.0,0.01,True,False,False,False,,0,Walking to Munich station.
13,leg-7-2,a1b2c3d4-0007-1111-2222-333344445555,e5f6g7h8-1111-2222-3333-444455556670,2,2026-03-29T07:03:00Z,2026-03-29T10:57:00Z,234,train_station,Munich,,DE,train_station,Berlin,,DE,long_distance_train,single_ticket,second_class,DB,ICE,train,584.0,80.0,23.4,False,True,False,False,,0,ICE train Munich‑Berlin for workshop.
14,leg-7-3,a1b2c3d4-0007-1111-2222-333344445555,e5f6g7h8-1111-2222-3333-444455556670,3,2026-03-29T10:57:00Z,2026-03-29T11:00:00Z,3,train_station,Berlin,,DE,office,Berlin,10115,DE,walking,none,none,,,,0.5,0.0,0.01,False,False,True,False,,0,Walking from Berlin station to office.
15,leg-8-1,a1b2c3d4-0008-1111-2222-333344445555,e5f6g7h8-1111-2222-3333-444455556670,1,2026-03-29T17:00:00Z,2026-03-29T17:03:00Z,3,office,Berlin,10115,DE,train_station,Berlin,,DE,walking,none,none,,,,0.5,0.0,0.01,True,False,False,False,,0,Walking to Berlin station for return train.
16,leg-8-2,a1b2c3d4-0008-1111-2222-333344445555,e5f6g7h8-1111-2222-3333-444455556670,2,2026-03-29T17:03:00Z,2026-03-29T20:57:00Z,234,train_station,Berlin,,DE,train_station,Munich,,DE,long_distance_train,single_ticket,second_class,DB,ICE,train,584.0,80.0,23.4,False,True,False,False,,0,ICE return train Berlin‑Munich.
17,leg-8-3,a1b2c3d4-0008-1111-2222-333344445555,e5f6g7h8-1111-2222-3333-444455556670,3,2026-03-29T20:57:00Z,2026-03-29T21:00:00Z,3,train_station,Munich,,DE,home,Munich,80331,DE,walking,none,none,,,,0.5,0.0,0.01,False,False,True,False,,0,Walking from Munich station home.
18,leg-9-1,a1b2c3d4-0009-1111-2222-333344445555,e5f6g7h8-1111-2222-3333-444455556670,1,2026-03-30T09:30:00Z,2026-03-30T09:40:00Z,10,home,Munich,80331,DE,library,Munich,80331,DE,e_scooter,subscription,none,bolt,,e_scooter,1.0,2.5,0.02,False,True,False,False,,0,Short e‑scooter ride to library.
19,leg-10-1,a1b2c3d4-0010-1111-2222-333344445555,e5f6g7h8-1111-2222-3333-444455556670,1,2026-03-31T11:15:00Z,2026-03-31T11:27:00Z,12,home,Munich,80331,DE,grocery_store,Munich,80331,DE,e_scooter,subscription,none,bolt,,e_scooter,1.3,3.0,0.03,False,True,False,False,,0,E‑scooter trip for grocery errand.
20,leg-11-1,a1b2c3d4-0011-1111-2222-333344445555,e5f6g7h8-1111-2222-3333-444455556670,1,2026-04-01T16:00:00Z,2026-04-01T16:15:00Z,15,home,Munich,80331,DE,cafe,Munich,80331,DE,walking,none,none,,,,1.2,0.0,0.02,False,True,False,False,,0,Leisure walk to café.
0,leg-c1a2b3c4-1111-2222-3333-444455556671-1,c1a2b3c4-1111-2222-3333-444455556671,e5f6g7h8-1111-2222-3333-444455556670,1,2026-04-02T08:30:00+01:00,2026-04-02T08:45:00+01:00,15,home,Munich,80331,DE,cafe,Munich,80331,DE,e_scooter,pay-as-you-go,none,bolt,,e_scooter,2.0,2.0,0.04,False,True,False,False,,0,"Morning e‑scooter ride to a local café, matching the user's preference for short city trips."
1,leg-c1a2b3c4-1111-2222-3333-444455556672-1,c1a2b3c4-1111-2222-3333-444455556672,e5f6g7h8-1111-2222-3333-444455556670,1,2026-04-02T18:00:00+01:00,2026-04-02T18:20:00+01:00,20,cafe,Munich,80331,DE,gym,Munich,80331,DE,e_scooter,pay-as-you-go,none,bolt,,e_scooter,2.5,2.5,0.05,False,True,False,False,,0,"Evening e‑scooter ride to the gym, reflecting the user's sports activity pattern."
2,leg-c1a2b3c4-1111-2222-3333-444455556673-1,c1a2b3c4-1111-2222-3333-444455556673,e5f6g7h8-1111-2222-3333-444455556670,1,2026-04-02T19:00:00+01:00,2026-04-02T19:15:00+01:00,15,gym,Munich,80331,DE,home,Munich,80331,DE,e_scooter,pay-as-you-go,none,bolt,,e_scooter,2.0,2.0,0.04,False,True,False,False,,0,Return home after gym using the e‑scooter subscription.
3,leg-c1a2b3c4-1111-2222-3333-444455556674-1,c1a2b3c4-1111-2222-3333-444455556674,e5f6g7h8-1111-2222-3333-444455556670,1,2026-04-03T09:00:00+01:00,2026-04-03T09:10:00+01:00,10,home,Munich,80331,DE,train_station,Munich,80331,DE,walking,none,none,,,foot,1.0,0.0,0.0,True,False,False,False,,0,Walk from home to Munich train station before boarding the long‑distance train.
4,leg-c1a2b3c4-1111-2222-3333-444455556674-2,c1a2b3c4-1111-2222-3333-444455556674,e5f6g7h8-1111-2222-3333-444455556670,2,2026-04-03T09:10:00+01:00,2026-04-03T11:20:00+01:00,130,train_station,Munich,80331,DE,train_station,Frankfurt,60311,DE,long_distance_train,single_ticket,second_class,DB,ICE,train,298.0,40.0,11.9,False,True,False,False,5.0,0,Long‑distance ICE train from Munich to Frankfurt.
5,leg-c1a2b3c4-1111-2222-3333-444455556674-3,c1a2b3c4-1111-2222-3333-444455556674,e5f6g7h8-1111-2222-3333-444455556670,3,2026-04-03T11:20:00+01:00,2026-04-03T11:30:00+01:00,10,train_station,Frankfurt,60311,DE,friend_home,Frankfurt,60311,DE,walking,none,none,,,foot,1.0,0.0,0.0,False,False,True,False,,0,Walk from Frankfurt train station to the friend's apartment.
6,leg-c1a2b3c4-1111-2222-3333-444455556675-1,c1a2b3c4-1111-2222-3333-444455556675,e5f6g7h8-1111-2222-3333-444455556670,1,2026-04-03T11:45:00+01:00,2026-04-03T12:00:00+01:00,15,train_station,Frankfurt,60311,DE,friend_home,Frankfurt,60311,DE,walking,none,none,,,foot,1.0,0.0,0.0,False,True,False,False,,0,Short walk from the train station to the friend's apartment.
7,leg-c1a2b3c4-1111-2222-3333-444455556676-1,c1a2b3c4-1111-2222-3333-444455556676,e5f6g7h8-1111-2222-3333-444455556670,1,2026-04-03T19:00:00+01:00,2026-04-03T19:30:00+01:00,30,friend_home,Frankfurt,60311,DE,restaurant,Frankfurt,60311,DE,walking,none,none,,,foot,2.0,0.0,0.0,False,True,False,False,,0,Evening walk to a restaurant for dinner with the friend.
8,leg-c1a2b3c4-1111-2222-3333-444455556677-1,c1a2b3c4-1111-2222-3333-444455556677,e5f6g7h8-1111-2222-3333-444455556670,1,2026-04-03T19:45:00+01:00,2026-04-03T20:00:00+01:00,15,restaurant,Frankfurt,60311,DE,train_station,Frankfurt,60311,DE,walking,none,none,,,foot,1.0,0.0,0.0,False,True,False,False,,0,Walk back to the station after dinner.
9,leg-c1a2b3c4-1111-2222-3333-444455556678-1,c1a2b3c4-1111-2222-3333-444455556678,e5f6g7h8-1111-2222-3333-444455556670,1,2026-04-03T20:30:00+01:00,2026-04-03T20:40:00+01:00,10,train_station,Frankfurt,60311,DE,train_station,Frankfurt,60311,DE,walking,none,none,,,foot,1.0,0.0,0.0,True,False,False,False,,0,Walk from the Frankfurt station platform to the boarding area.
10,leg-c1a2b3c4-1111-2222-3333-444455556678-2,c1a2b3c4-1111-2222-3333-444455556678,e5f6g7h8-1111-2222-3333-444455556670,2,2026-04-03T20:40:00+01:00,2026-04-03T22:50:00+01:00,130,train_station,Frankfurt,60311,DE,train_station,Munich,80331,DE,long_distance_train,single_ticket,second_class,DB,ICE,train,298.0,40.0,11.9,False,True,False,False,5.0,0,Long‑distance ICE train from Frankfurt back to Munich.
11,leg-c1a2b3c4-1111-2222-3333-444455556678-3,c1a2b3c4-1111-2222-3333-444455556678,e5f6g7h8-1111-2222-3333-444455556670,3,2026-04-03T22:50:00+01:00,2026-04-03T23:00:00+01:00,10,train_station,Munich,80331,DE,home,Munich,80331,DE,walking,none,none,,,foot,1.0,0.0,0.0,False,False,True,False,,0,Walk from Munich station to home.
12,leg-c1a2b3c4-1111-2222-3333-444455556679-1,c1a2b3c4-1111-2222-3333-444455556679,e5f6g7h8-1111-2222-3333-444455556670,1,2026-04-04T10:00:00+01:00,2026-04-04T10:15:00+01:00,15,home,Munich,80331,DE,supermarket,Munich,80331,DE,e_scooter,pay-as-you-go,none,bolt,,e_scooter,2.0,2.0,0.04,False,True,False,False,,0,Morning e‑scooter ride to a nearby supermarket for grocery errands.
13,leg-c1a2b3c4-1111-2222-3333-444455556680-1,c1a2b3c4-1111-2222-3333-444455556680,e5f6g7h8-1111-2222-3333-444455556670,1,2026-04-04T12:00:00+01:00,2026-04-04T12:15:00+01:00,15,supermarket,Munich,80331,DE,home,Munich,80331,DE,e_scooter,pay-as-you-go,none,bolt,,e_scooter,2.0,2.0,0.04,False,True,False,False,,0,Return home after grocery shopping using the e‑scooter.
14,leg-c1a2b3c4-1111-2222-3333-444455556681-1,c1a2b3c4-1111-2222-3333-444455556681,e5f6g7h8-1111-2222-3333-444455556670,1,2026-04-05T07:00:00+01:00,2026-04-05T07:10:00+01:00,10,home,Munich,80331,DE,train_station,Munich,80331,DE,walking,none,none,,,foot,1.0,0.0,0.0,True,False,False,False,,0,Walk from home to Munich train station before the long‑distance commute.
15,leg-c1a2b3c4-1111-2222-3333-444455556681-2,c1a2b3c4-1111-2222-3333-444455556681,e5f6g7h8-1111-2222-3333-444455556670,2,2026-04-05T07:10:00+01:00,2026-04-05T10:20:00+01:00,190,train_station,Munich,80331,DE,train_station,Berlin,10115,DE,long_distance_train,single_ticket,second_class,DB,ICE,train,583.0,80.0,23.32,False,True,False,False,5.0,0,Long‑distance ICE train from Munich to Berlin for the on‑site workshop.
16,leg-c1a2b3c4-1111-2222-3333-444455556681-3,c1a2b3c4-1111-2222-3333-444455556681,e5f6g7h8-1111-2222-3333-444455556670,3,2026-04-05T10:20:00+01:00,2026-04-05T10:30:00+01:00,10,train_station,Berlin,10115,DE,office,Berlin,10115,DE,walking,none,none,,,foot,1.0,0.0,0.0,False,False,True,False,,0,Walk from Berlin train station to the office.
17,leg-c1a2b3c4-1111-2222-3333-444455556682-1,c1a2b3c4-1111-2222-3333-444455556682,e5f6g7h8-1111-2222-3333-444455556670,1,2026-04-05T18:00:00+01:00,2026-04-05T18:10:00+01:00,10,office,Berlin,10115,DE,train_station,Berlin,10115,DE,walking,none,none,,,foot,1.0,0.0,0.0,True,False,False,False,,0,Walk from office to Berlin train station for the return trip.
18,leg-c1a2b3c4-1111-2222-3333-444455556682-2,c1a2b3c4-1111-2222-3333-444455556682,e5f6g7h8-1111-2222-3333-444455556670,2,2026-04-05T18:10:00+01:00,2026-04-05T21:20:00+01:00,190,train_station,Berlin,10115,DE,train_station,Munich,80331,DE,long_distance_train,single_ticket,second_class,DB,ICE,train,583.0,80.0,23.32,False,True,False,False,5.0,0,Long‑distance ICE train from Berlin back to Munich.
19,leg-c1a2b3c4-1111-2222-3333-444455556682-3,c1a2b3c4-1111-2222-3333-444455556682,e5f6g7h8-1111-2222-3333-444455556670,3,2026-04-05T21:20:00+01:00,2026-04-05T21:30:00+01:00,10,train_station,Munich,80331,DE,home,Munich,80331,DE,walking,none,none,,,foot,1.0,0.0,0.0,False,False,True,False,,0,Walk from Munich train station back home.
0,a1b2c3d4-1111-2222-3333-444455550001-01,a1b2c3d4-1111-2222-3333-444455550001,e5f6g7h8-1111-2222-3333-444455556670,1,2026-04-09T08:20:00+02:00,2026-04-09T08:35:00+02:00,15,home,Munich,80331,DE,café,Munich,,DE,e_scooter,pay-as-you-go,none,bolt,,scooter,2.0,3.0,0.04,False,True,False,False,,0,Morning coffee run using e‑scooter.
1,a1b2c3d4-1111-2222-3333-444455550002-01,a1b2c3d4-1111-2222-3333-444455550002,e5f6g7h8-1111-2222-3333-444455556670,1,2026-04-09T18:10:00+02:00,2026-04-09T18:30:00+02:00,20,café,Munich,,DE,home,Munich,80331,DE,walking,none,none,,,,1.5,0.0,0.0,False,True,False,False,,0,Walk back home after evening coffee.
2,a1b2c3d4-1111-2222-3333-444455550003-01,a1b2c3d4-1111-2222-3333-444455550003,e5f6g7h8-1111-2222-3333-444455556670,1,2026-04-10T09:45:00+02:00,2026-04-10T10:00:00+02:00,15,home,Munich,80331,DE,supermarket,Munich,,DE,e_scooter,pay-as-you-go,none,bolt,,scooter,1.8,3.0,0.04,False,True,False,False,,0,E‑scooter ride to buy groceries.
3,a1b2c3d4-1111-2222-3333-444455550004-01,a1b2c3d4-1111-2222-3333-444455550004,e5f6g7h8-1111-2222-3333-444455556670,1,2026-04-10T15:20:00+02:00,2026-04-10T15:35:00+02:00,15,supermarket,Munich,,DE,gym,Munich,,DE,e_scooter,pay-as-you-go,none,bolt,,scooter,2.0,3.0,0.04,False,True,False,False,,0,E‑scooter to gym after shopping.
4,a1b2c3d4-1111-2222-3333-444455550005-01,a1b2c3d4-1111-2222-3333-444455550005,e5f6g7h8-1111-2222-3333-444455556670,1,2026-04-10T19:00:00+02:00,2026-04-10T19:20:00+02:00,20,gym,Munich,,DE,home,Munich,80331,DE,walking,none,none,,,,2.0,0.0,0.0,False,True,False,False,,0,Walk home after workout.
5,a1b2c3d4-1111-2222-3333-444455550006-01,a1b2c3d4-1111-2222-3333-444455550006,e5f6g7h8-1111-2222-3333-444455556670,1,2026-04-11T07:30:00+02:00,2026-04-11T07:45:00+02:00,15,home,Munich,80331,DE,train_station,Munich,80335,DE,e_scooter,pay-as-you-go,none,bolt,,scooter,2.0,3.0,0.04,False,True,False,False,,0,E‑scooter to Munich Hbf for train.
6,a1b2c3d4-1111-2222-3333-444455550007-01,a1b2c3d4-1111-2222-3333-444455550007,e5f6g7h8-1111-2222-3333-444455556670,1,2026-04-11T08:00:00+02:00,2026-04-11T08:15:00+02:00,15,home,Munich,80331,DE,train_station,Munich,80335,DE,e_scooter,pay-as-you-go,none,bolt,,scooter,2.0,3.0,0.04,True,False,False,False,,0,Access leg to Munich Hbf for long‑distance train.
7,a1b2c3d4-1111-2222-3333-444455550007-02,a1b2c3d4-1111-2222-3333-444455550007,e5f6g7h8-1111-2222-3333-444455556670,2,2026-04-11T08:15:00+02:00,2026-04-11T11:45:00+02:00,210,train_station,Munich,,DE,train_station,Frankfurt,,DE,long_distance_train,single_ticket,second_class,DB,ICE,train,386.0,60.0,15.44,False,True,False,False,,1,Long‑distance ICE train from Munich to Frankfurt.
8,a1b2c3d4-1111-2222-3333-444455550007-03,a1b2c3d4-1111-2222-3333-444455550007,e5f6g7h8-1111-2222-3333-444455556670,3,2026-04-11T11:45:00+02:00,2026-04-11T12:00:00+02:00,15,train_station,Frankfurt,60335,DE,friend_home,Frankfurt,60311,DE,e_scooter,pay-as-you-go,none,bolt,,scooter,3.0,3.0,0.06,False,False,True,False,,2,E‑scooter from Frankfurt Hbf to friend's apartment.
9,a1b2c3d4-1111-2222-3333-444455550008-01,a1b2c3d4-1111-2222-3333-444455550008,e5f6g7h8-1111-2222-3333-444455556670,1,2026-04-11T12:20:00+02:00,2026-04-11T12:45:00+02:00,25,train_station,Frankfurt,60335,DE,friend_home,Frankfurt,60311,DE,e_scooter,pay-as-you-go,none,bolt,,scooter,3.0,5.0,0.06,False,True,False,False,,0,E‑scooter from Frankfurt Hbf to friend's apartment.
10,a1b2c3d4-1111-2222-3333-444455550009-01,a1b2c3d4-1111-2222-3333-444455550009,e5f6g7h8-1111-2222-3333-444455556670,1,2026-04-11T18:00:00+02:00,2026-04-11T18:15:00+02:00,15,friend_home,Frankfurt,60311,DE,train_station,Frankfurt,60335,DE,e_scooter,pay-as-you-go,none,bolt,,scooter,3.0,3.0,0.06,True,False,False,False,,0,Access leg to Frankfurt Hbf for return train.
11,a1b2c3d4-1111-2222-3333-444455550009-02,a1b2c3d4-1111-2222-3333-444455550009,e5f6g7h8-1111-2222-3333-444455556670,2,2026-04-11T18:15:00+02:00,2026-04-11T21:45:00+02:00,210,train_station,Frankfurt,,DE,train_station,Munich,,DE,long_distance_train,single_ticket,second_class,DB,ICE,train,386.0,60.0,15.44,False,True,False,False,,1,Long‑distance ICE train from Frankfurt to Munich.
12,a1b2c3d4-1111-2222-3333-444455550009-03,a1b2c3d4-1111-2222-3333-444455550009,e5f6g7h8-1111-2222-3333-444455556670,3,2026-04-11T21:45:00+02:00,2026-04-11T22:00:00+02:00,15,train_station,Munich,80335,DE,home,Munich,80331,DE,e_scooter,pay-as-you-go,none,bolt,,scooter,2.0,3.0,0.04,False,False,True,False,,2,E‑scooter from Munich Hbf to home.
13,a1b2c3d4-1111-2222-3333-444455550010-01,a1b2c3d4-1111-2222-3333-444455550010,e5f6g7h8-1111-2222-3333-444455556670,1,2026-04-11T22:15:00+02:00,2026-04-11T22:30:00+02:00,15,train_station,Munich,80335,DE,home,Munich,80331,DE,e_scooter,pay-as-you-go,none,bolt,,scooter,2.0,3.0,0.04,False,True,False,False,,0,E‑scooter from Hbf to home late night.
14,a1b2c3d4-1111-2222-3333-444455550011-01,a1b2c3d4-1111-2222-3333-444455550011,e5f6g7h8-1111-2222-3333-444455556670,1,2026-04-12T07:00:00+02:00,2026-04-12T07:20:00+02:00,20,home,Munich,80331,DE,train_station,Munich,80335,DE,e_scooter,pay-as-you-go,none,bolt,,scooter,2.0,4.0,0.04,False,True,False,False,,0,E‑scooter to catch train for office visit.
15,a1b2c3d4-1111-2222-3333-444455550012-01,a1b2c3d4-1111-2222-3333-444455550012,e5f6g7h8-1111-2222-3333-444455556670,1,2026-04-12T07:30:00+02:00,2026-04-12T07:45:00+02:00,15,home,Munich,80331,DE,train_station,Munich,80335,DE,e_scooter,pay-as-you-go,none,bolt,,scooter,2.0,3.0,0.04,True,False,False,False,,0,Access leg to Munich Hbf for Berlin trip.
16,a1b2c3d4-1111-2222-3333-444455550012-02,a1b2c3d4-1111-2222-3333-444455550012,e5f6g7h8-1111-2222-3333-444455556670,2,2026-04-12T07:45:00+02:00,2026-04-12T11:30:00+02:00,225,train_station,Munich,,DE,train_station,Berlin,,DE,long_distance_train,single_ticket,second_class,DB,ICE,train,580.0,90.0,23.2,False,True,False,False,,1,Long‑distance ICE train from Munich to Berlin.
17,a1b2c3d4-1111-2222-3333-444455550012-03,a1b2c3d4-1111-2222-3333-444455550012,e5f6g7h8-1111-2222-3333-444455556670,3,2026-04-12T11:30:00+02:00,2026-04-12T11:45:00+02:00,15,train_station,Berlin,,DE,office,Berlin,10115,DE,walking,none,none,,,,3.0,0.0,0.0,False,False,True,False,,2,Walk from Berlin Hbf to office.
0,d1e2f3a4-0001-1111-2222-333344445555,a1b2c3d4-0001-1111-2222-333344445555,e5f6g7h8-1111-2222-3333-444455556670,1,2026-04-16T09:00:00Z,2026-04-16T09:15:00Z,15,home,Munich,80331,DE,café,Munich,80331,DE,e_scooter,pay-as-you-go,none,bolt,,scooter,2.0,1.4,0.08,False,True,False,False,,0,"Morning e‑scooter ride to a local café, typical short leisure trip in Munich."
1,d1e2f3a4-0002-1111-2222-333344445555,a1b2c3d4-0002-1111-2222-333344445555,e5f6g7h8-1111-2222-3333-444455556670,1,2026-04-16T14:30:00Z,2026-04-16T15:30:00Z,60,café,Munich,80331,DE,city_park,Munich,80331,DE,walking,none,none,,,,3.0,0.0,0.0,False,True,False,False,,0,"Afternoon walk from café to a nearby park, a typical leisure activity."
2,d1e2f3a4-0003-1111-2222-333344445555,a1b2c3d4-0003-1111-2222-333344445555,e5f6g7h8-1111-2222-3333-444455556670,1,2026-04-17T08:00:00Z,2026-04-17T10:30:00Z,150,home,Munich,80331,DE,friend_home,Frankfurt,60311,DE,long_distance_train,single_ticket,second_class,DB,ICE,train,392.0,60.0,7.84,False,True,False,False,,0,"Weekend long‑distance train to Frankfurt to visit a friend, aligns with social weekend pattern."
3,d1e2f3a4-0004-1111-2222-333344445555,a1b2c3d4-0004-1111-2222-333344445555,e5f6g7h8-1111-2222-3333-444455556670,1,2026-04-17T18:00:00Z,2026-04-17T20:30:00Z,150,friend_home,Frankfurt,60311,DE,home,Munich,80331,DE,long_distance_train,single_ticket,second_class,DB,ICE,train,392.0,60.0,7.84,False,True,False,False,,0,Return long‑distance train from Frankfurt to Munich after the visit.
4,d1e2f3a4-0005-1111-2222-333344445555,a1b2c3d4-0005-1111-2222-333344445555,e5f6g7h8-1111-2222-3333-444455556670,1,2026-04-17T11:00:00Z,2026-04-17T11:30:00Z,30,home,Munich,80331,DE,supermarket,Munich,80331,DE,e_scooter,pay-as-you-go,none,bolt,,scooter,1.5,1.3,0.06,False,True,False,False,,0,Mid‑day e‑scooter trip to a nearby supermarket for grocery errands.
5,d1e2f3a4-0006-1111-2222-333344445555,a1b2c3d4-0006-1111-2222-333344445555,e5f6g7h8-1111-2222-3333-444455556670,1,2026-04-18T07:30:00Z,2026-04-18T08:15:00Z,45,home,Munich,80331,DE,gym,Munich,80331,DE,e_scooter,pay-as-you-go,none,bolt,,scooter,2.0,1.4,0.08,False,True,False,False,,0,"Morning e‑scooter ride to the gym, part of a regular fitness routine."
6,d1e2f3a4-0007-1111-2222-333344445555,a1b2c3d4-0007-1111-2222-333344445555,e5f6g7h8-1111-2222-3333-444455556670,1,2026-04-18T18:30:00Z,2026-04-18T19:15:00Z,45,gym,Munich,80331,DE,home,Munich,80331,DE,e_scooter,pay-as-you-go,none,bolt,,scooter,2.0,1.4,0.08,False,True,False,False,,0,"Evening e‑scooter ride back home after gym, continues the recurring fitness pattern."
7,d1e2f3a4-0008-1111-2222-333344445555,a1b2c3d4-0008-1111-2222-333344445555,e5f6g7h8-1111-2222-3333-444455556670,1,2026-04-19T10:00:00Z,2026-04-19T10:20:00Z,20,home,Munich,80331,DE,supermarket,Munich,80331,DE,walking,none,none,,,,1.2,0.0,0.0,False,True,False,False,,0,Morning walk to a local supermarket for errands.
8,d1e2f3a4-0009-1111-2222-333344445555,a1b2c3d4-0009-1111-2222-333344445555,e5f6g7h8-1111-2222-3333-444455556670,1,2026-04-19T10:45:00Z,2026-04-19T11:05:00Z,20,supermarket,Munich,80331,DE,home,Munich,80331,DE,walking,none,none,,,,1.2,0.0,0.0,False,True,False,False,,0,Return walk home after supermarket visit.
9,d1e2f3a4-0010-1111-2222-333344445555,a1b2c3d4-0010-1111-2222-333344445555,e5f6g7h8-1111-2222-3333-444455556670,1,2026-04-20T06:30:00Z,2026-04-20T10:30:00Z,240,home,Munich,80331,DE,office,Berlin,10115,DE,long_distance_train,single_ticket,second_class,DB,ICE,train,585.0,80.0,11.7,False,True,False,False,,0,"Monthly on‑site workshop in Berlin, long‑distance train used for commute."
10,d1e2f3a4-0011-1111-2222-333344445555,a1b2c3d4-0011-1111-2222-333344445555,e5f6g7h8-1111-2222-3333-444455556670,1,2026-04-20T17:00:00Z,2026-04-20T21:00:00Z,240,office,Berlin,10115,DE,home,Munich,80331,DE,long_distance_train,single_ticket,second_class,DB,ICE,train,585.0,80.0,11.7,False,True,False,False,,0,Return long‑distance train from Berlin to Munich after the workshop.
11,d1e2f3a4-0012-1111-2222-333344445555,a1b2c3d4-0012-1111-2222-333344445555,e5f6g7h8-1111-2222-3333-444455556670,1,2026-04-21T19:00:00Z,2026-04-21T19:20:00Z,20,home,Munich,80331,DE,restaurant,Munich,80331,DE,e_scooter,pay-as-you-go,none,bolt,,scooter,2.0,1.4,0.08,False,True,False,False,,0,Evening e‑scooter ride to a restaurant for a social dinner with a friend.
0,leg-a1b2c3d4-0001-1,a1b2c3d4-0001-1111-2222-333344445555,e5f6g7h8-1111-2222-3333-444455556670,1,2026-04-23T09:00:00+02:00,2026-04-23T09:10:00+02:00,10,home,Munich,80331,DE,supermarket,Munich,,DE,e_scooter,pay-as-you-go,none,bolt,,scooter,2.0,2.0,0.08,False,True,False,False,,0,E-scooter leg for grocery run.
1,leg-a1b2c3d4-0002-1,a1b2c3d4-0002-1111-2222-3333-4444555566,e5f6g7h8-1111-2222-3333-444455556670,1,2026-04-23T09:15:00+02:00,2026-04-23T09:40:00+02:00,25,supermarket,Munich,,DE,home,Munich,80331,DE,walking,none,none,,,,2.0,0.0,0.0,False,True,False,False,,0,Walking leg back home from supermarket.
2,leg-a1b2c3d4-0003-1,a1b2c3d4-0003-1111-2222-3333-4444555567,e5f6g7h8-1111-2222-3333-444455556670,1,2026-04-24T07:30:00+02:00,2026-04-24T07:42:00+02:00,12,home,Munich,80331,DE,gym,Munich,,DE,e_scooter,pay-as-you-go,none,bolt,,scooter,3.0,2.4,0.12,False,True,False,False,,0,E-scooter ride to gym.
3,leg-a1b2c3d4-0004-1,a1b2c3d4-0004-1111-2222-3333-4444555568,e5f6g7h8-1111-2222-3333-444455556670,1,2026-04-24T07:45:00+02:00,2026-04-24T08:15:00+02:00,30,gym,Munich,,DE,home,Munich,80331,DE,walking,none,none,,,,3.0,0.0,0.0,False,True,False,False,,0,Walking back home after gym.
4,leg-a1b2c3d4-0005-1,a1b2c3d4-0005-1111-2222-3333-4444555569,e5f6g7h8-1111-2222-3333-444455556670,1,2026-04-25T08:00:00+02:00,2026-04-25T08:05:00+02:00,5,home,Munich,80331,DE,train_station,Munich,,DE,walking,none,none,,,,2.0,0.0,0.0,True,False,False,False,,0,Walking from home to Munich train station.
5,leg-a1b2c3d4-0005-2,a1b2c3d4-0005-1111-2222-3333-4444555569,e5f6g7h8-1111-2222-3333-444455556670,2,2026-04-25T08:05:00+02:00,2026-04-25T11:30:00+02:00,205,train_station,Munich,,DE,Frankfurt train station,Frankfurt,,DE,long_distance_train,single_ticket,second_class,DB,ICE,,391.0,50.0,15.64,False,True,False,False,5.0,1,Long‑distance ICE train from Munich to Frankfurt.
6,leg-a1b2c3d4-0006-1,a1b2c3d4-0006-1111-2222-3333-4444555570,e5f6g7h8-1111-2222-3333-444455556670,1,2026-04-25T16:00:00+02:00,2026-04-25T16:05:00+02:00,5,Frankfurt friend_home,Frankfurt,,DE,train_station,Frankfurt,,DE,walking,none,none,,,,2.0,0.0,0.0,True,False,False,False,,0,Walking from friend’s home to Frankfurt train station.
7,leg-a1b2c3d4-0006-2,a1b2c3d4-0006-1111-2222-3333-4444555570,e5f6g7h8-1111-2222-3333-444455556670,2,2026-04-25T16:05:00+02:00,2026-04-25T19:25:00+02:00,200,train_station,Frankfurt,,DE,train_station,Munich,,DE,long_distance_train,single_ticket,second_class,DB,ICE,,391.0,50.0,15.64,False,True,False,False,5.0,1,Long‑distance ICE train back to Munich.
8,leg-a1b2c3d4-0006-3,a1b2c3d4-0006-1111-2222-3333-4444555570,e5f6g7h8-1111-2222-3333-444455556670,3,2026-04-25T19:25:00+02:00,2026-04-25T19:30:00+02:00,5,train_station,Munich,,DE,home,Munich,80331,DE,walking,none,none,,,,2.0,0.0,0.0,False,False,True,False,,2,Walking from Munich train station to home.
9,leg-a1b2c3d4-0007-1,a1b2c3d4-0007-1111-2222-3333-4444555571,e5f6g7h8-1111-2222-3333-444455556670,1,2026-04-26T10:00:00+02:00,2026-04-26T10:20:00+02:00,20,home,Munich,80331,DE,city park,Munich,,DE,walking,none,none,,,,1.5,0.0,0.0,False,True,False,False,,0,Leisure walk to city park.
10,leg-a1b2c3d4-0008-1,a1b2c3d4-0008-1111-2222-3333-4444555572,e5f6g7h8-1111-2222-3333-444455556670,1,2026-04-27T08:30:00+02:00,2026-04-27T08:40:00+02:00,10,home,Munich,80331,DE,cafe,Munich,,DE,e_scooter,pay-as-you-go,none,bolt,,scooter,2.5,2.0,0.1,False,True,False,False,,0,E-scooter ride to café for remote work.
11,leg-a1b2c3d4-0009-1,a1b2c3d4-0009-1111-2222-3333-4444555573,e5f6g7h8-1111-2222-3333-444455556670,1,2026-04-27T12:30:00+02:00,2026-04-27T12:50:00+02:00,20,cafe,Munich,,DE,home,Munich,80331,DE,walking,none,none,,,,2.5,0.0,0.0,False,True,False,False,,0,Walking back home from café.
12,leg-a1b2c3d4-0010-1,a1b2c3d4-0010-1111-2222-3333-4444555574,e5f6g7h8-1111-2222-3333-444455556670,1,2026-04-28T09:00:00+02:00,2026-04-28T09:12:00+02:00,12,home,Munich,80331,DE,pharmacy,Munich,,DE,walking,none,none,,,,1.0,0.0,0.0,False,True,False,False,,0,Walking to pharmacy.
13,leg-a1b2c3d4-0011-1,a1b2c3d4-0011-1111-2222-3333-4444555575,e5f6g7h8-1111-2222-3333-444455556670,1,2026-04-29T08:00:00+02:00,2026-04-29T08:05:00+02:00,5,home,Munich,80331,DE,train_station,Munich,,DE,walking,none,none,,,,2.0,0.0,0.0,True,False,False,False,,0,Walking to Munich train station for Berlin trip.
14,leg-a1b2c3d4-0011-2,a1b2c3d4-0011-1111-2222-3333-4444555575,e5f6g7h8-1111-2222-3333-444455556670,2,2026-04-29T08:05:00+02:00,2026-04-29T11:30:00+02:00,205,train_station,Munich,,DE,Berlin train station,Berlin,,DE,long_distance_train,single_ticket,second_class,DB,ICE,,581.0,80.0,23.24,False,True,False,False,5.0,1,Long‑distance ICE train from Munich to Berlin.
15,leg-a1b2c3d4-0012-1,a1b2c3d4-0012-1111-2222-3333-4444555576,e5f6g7h8-1111-2222-3333-444455556670,1,2026-04-29T16:00:00+02:00,2026-04-29T16:05:00+02:00,5,Berlin office,Berlin,,DE,train_station,Berlin,,DE,walking,none,none,,,,2.0,0.0,0.0,True,False,False,False,,0,Walking from office to Berlin train station.
16,leg-a1b2c3d4-0012-2,a1b2c3d4-0012-1111-2222-3333-4444555576,e5f6g7h8-1111-2222-3333-444455556670,2,2026-04-29T16:05:00+02:00,2026-04-29T19:25:00+02:00,200,train_station,Berlin,,DE,train_station,Munich,,DE,long_distance_train,single_ticket,second_class,DB,ICE,,581.0,80.0,23.24,False,True,False,False,5.0,1,Long‑distance ICE train from Berlin back to Munich.
17,leg-a1b2c3d4-0012-3,a1b2c3d4-0012-1111-2222-3333-4444555576,e5f6g7h8-1111-2222-3333-444455556670,3,2026-04-29T19:25:00+02:00,2026-04-29T19:30:00+02:00,5,train_station,Munich,,DE,home,Munich,80331,DE,walking,none,none,,,,2.0,0.0,0.0,False,False,True,False,,2,Walking from Munich train station to home.
0,leg-a1b2c3d4-1111-2222-3333-444455556671-1,a1b2c3d4-1111-2222-3333-444455556671,e5f6g7h8-1111-2222-3333-444455556670,1,2026-04-30T09:00:00+02:00,2026-04-30T09:20:00+02:00,20,home,Munich,80331,DE,supermarket,Munich,80331,DE,e_scooter,pay-as-you-go,none,bolt,,scooter,2.0,4.0,0.03,False,True,False,False,,0,E‑scooter ride from home to supermarket.
1,leg-b2c3d4e5-1111-2222-3333-444455556672-1,b2c3d4e5-1111-2222-3333-444455556672,e5f6g7h8-1111-2222-3333-444455556670,1,2026-04-30T09:25:00+02:00,2026-04-30T09:35:00+02:00,10,supermarket,Munich,80331,DE,home,Munich,80331,DE,walking,none,none,,,,2.0,0.0,0.0,False,True,False,False,,0,Walking back home after shopping.
2,leg-c3d4e5f6-1111-2222-3333-444455556673-1,c3d4e5f6-1111-2222-3333-444455556673,e5f6g7h8-1111-2222-3333-444455556670,1,2026-05-01T15:00:00+02:00,2026-05-01T15:10:00+02:00,10,home,Munich,80331,DE,train_station,Munich,,DE,walking,none,none,,,,2.0,0.0,0.0,True,False,False,False,,0,Walking from home to Munich train station.
3,leg-c3d4e5f6-1111-2222-3333-444455556673-2,c3d4e5f6-1111-2222-3333-444455556673,e5f6g7h8-1111-2222-3333-444455556670,2,2026-05-01T15:10:00+02:00,2026-05-01T18:20:00+02:00,190,train_station,Munich,,DE,train_station,Frankfurt,,DE,long_distance_train,single_ticket,second_class,DB,ICE,train,389.0,79.0,15.56,False,True,False,False,,1,Long‑distance ICE train from Munich to Frankfurt.
4,leg-c3d4e5f6-1111-2222-3333-444455556673-3,c3d4e5f6-1111-2222-3333-444455556673,e5f6g7h8-1111-2222-3333-444455556670,3,2026-05-01T18:20:00+02:00,2026-05-01T18:30:00+02:00,10,train_station,Frankfurt,,DE,friend_home,Frankfurt,60311,DE,walking,none,none,,,,2.0,0.0,0.0,False,False,True,False,,1,Walking from Frankfurt train station to friend's home.
5,leg-d4e5f6g7-1111-2222-3333-444455556674-1,d4e5f6g7-1111-2222-3333-444455556674,e5f6g7h8-1111-2222-3333-444455556670,1,2026-05-01T19:00:00+02:00,2026-05-01T19:10:00+02:00,10,friend_home,Frankfurt,60311,DE,train_station,Frankfurt,,DE,walking,none,none,,,,2.0,0.0,0.0,True,False,False,False,,0,Walking from friend's home to Frankfurt train station.
6,leg-d4e5f6g7-1111-2222-3333-444455556674-2,d4e5f6g7-1111-2222-3333-444455556674,e5f6g7h8-1111-2222-3333-444455556670,2,2026-05-01T19:10:00+02:00,2026-05-01T22:20:00+02:00,190,train_station,Frankfurt,,DE,train_station,Munich,,DE,long_distance_train,single_ticket,second_class,DB,ICE,train,389.0,79.0,15.56,False,True,False,False,,1,Long‑distance ICE train from Frankfurt back to Munich.
7,leg-d4e5f6g7-1111-2222-3333-444455556674-3,d4e5f6g7-1111-2222-3333-444455556674,e5f6g7h8-1111-2222-3333-444455556670,3,2026-05-01T22:20:00+02:00,2026-05-01T22:30:00+02:00,10,train_station,Munich,,DE,home,Munich,80331,DE,walking,none,none,,,,2.0,0.0,0.0,False,False,True,False,,1,Walking from Munich train station back home.
8,leg-e5f6g7h8-1111-2222-3333-444455556675-1,e5f6g7h8-1111-2222-3333-444455556675,e5f6g7h8-1111-2222-3333-444455556670,1,2026-05-02T12:00:00+02:00,2026-05-02T12:20:00+02:00,20,home,Munich,80331,DE,gym,Munich,80331,DE,e_scooter,pay-as-you-go,none,bolt,,scooter,3.0,4.0,0.045,False,True,False,False,,0,E‑scooter ride to the gym.
9,leg-f6g7h8i9-1111-2222-3333-444455556676-1,f6g7h8i9-1111-2222-3333-444455556676,e5f6g7h8-1111-2222-3333-444455556670,1,2026-05-02T12:25:00+02:00,2026-05-02T12:35:00+02:00,10,gym,Munich,80331,DE,home,Munich,80331,DE,walking,none,none,,,,3.0,0.0,0.0,False,True,False,False,,0,Walking back home after gym.
10,leg-g7h8i9j0-1111-2222-3333-444455556677-1,g7h8i9j0-1111-2222-3333-444455556677,e5f6g7h8-1111-2222-3333-444455556670,1,2026-05-03T07:00:00+02:00,2026-05-03T07:10:00+02:00,10,home,Munich,80331,DE,train_station,Munich,,DE,walking,none,none,,,,2.0,0.0,0.0,True,False,False,False,,0,Walking from home to Munich train station.
11,leg-g7h8i9j0-1111-2222-3333-444455556677-2,g7h8i9j0-1111-2222-3333-444455556677,e5f6g7h8-1111-2222-3333-444455556670,2,2026-05-03T07:10:00+02:00,2026-05-03T12:20:00+02:00,310,train_station,Munich,,DE,train_station,Berlin,,DE,long_distance_train,single_ticket,second_class,DB,ICE,train,581.0,120.0,23.24,False,True,False,False,,1,Long‑distance ICE train from Munich to Berlin.
12,leg-g7h8i9j0-1111-2222-3333-444455556677-3,g7h8i9j0-1111-2222-3333-444455556677,e5f6g7h8-1111-2222-3333-444455556670,3,2026-05-03T12:20:00+02:00,2026-05-03T12:30:00+02:00,10,train_station,Berlin,,DE,office,Berlin,10115,DE,walking,none,none,,,,2.0,0.0,0.0,False,False,True,False,,1,Walking from Berlin train station to office.
13,leg-h8i9j0k1-1111-2222-3333-444455556678-1,h8i9j0k1-1111-2222-3333-444455556678,e5f6g7h8-1111-2222-3333-444455556670,1,2026-05-03T18:00:00+02:00,2026-05-03T18:10:00+02:00,10,office,Berlin,10115,DE,train_station,Berlin,,DE,walking,none,none,,,,2.0,0.0,0.0,True,False,False,False,,0,Walking from office to Berlin train station.
14,leg-h8i9j0k1-1111-2222-3333-444455556678-2,h8i9j0k1-1111-2222-3333-444455556678,e5f6g7h8-1111-2222-3333-444455556670,2,2026-05-03T18:10:00+02:00,2026-05-03T23:20:00+02:00,310,train_station,Berlin,,DE,train_station,Munich,,DE,long_distance_train,single_ticket,second_class,DB,ICE,train,581.0,120.0,23.24,False,True,False,False,,1,Long‑distance ICE train from Berlin back to Munich.
15,leg-h8i9j0k1-1111-2222-3333-444455556678-3,h8i9j0k1-1111-2222-3333-444455556678,e5f6g7h8-1111-2222-3333-444455556670,3,2026-05-03T23:20:00+02:00,2026-05-03T23:30:00+02:00,10,train_station,Munich,,DE,home,Munich,80331,DE,walking,none,none,,,,2.0,0.0,0.0,False,False,True,False,,1,Walking from Munich train station back home.
16,leg-i9j0k1l2-1111-2222-3333-444455556679-1,i9j0k1l2-1111-2222-3333-444455556679,e5f6g7h8-1111-2222-3333-444455556670,1,2026-05-04T10:00:00+02:00,2026-05-04T10:30:00+02:00,30,home,Munich,80331,DE,café,Munich,80331,DE,walking,none,none,,,,1.0,0.0,0.0,False,True,False,False,,0,Walking from home to a local café.
17,leg-j0k1l2m3-1111-2222-3333-444455556680-1,j0k1l2m3-1111-2222-3333-444455556680,e5f6g7h8-1111-2222-3333-444455556670,1,2026-05-04T10:35:00+02:00,2026-05-04T10:45:00+02:00,10,café,Munich,80331,DE,home,Munich,80331,DE,walking,none,none,,,,1.0,0.0,0.0,False,True,False,False,,0,Walking back home after café visit.
18,leg-k1l2m3n4-1111-2222-3333-444455556681-1,k1l2m3n4-1111-2222-3333-444455556681,e5f6g7h8-1111-2222-3333-444455556670,1,2026-05-05T14:00:00+02:00,2026-05-05T14:15:00+02:00,15,home,Munich,80331,DE,park,Munich,80331,DE,e_scooter,pay-as-you-go,none,bolt,,scooter,1.5,3.0,0.0225,False,True,False,False,,0,E‑scooter ride to a nearby park.
19,leg-l2m3n4o5-1111-2222-3333-444455556682-1,l2m3n4o5-1111-2222-3333-444455556682,e5f6g7h8-1111-2222-3333-444455556670,1,2026-05-05T14:20:00+02:00,2026-05-05T14:30:00+02:00,10,park,Munich,80331,DE,home,Munich,80331,DE,walking,none,none,,,,1.5,0.0,0.0,False,True,False,False,,0,Walking back home after park visit.
0,leg-c1a2b3c4-1111-2222-3333-444455556671-1,c1a2b3c4-1111-2222-3333-444455556671,e5f6g7h8-1111-2222-3333-444455556670,1,2026-05-07T09:15:00+02:00,2026-05-07T09:45:00+02:00,30,home,Munich,80331,DE,café,Munich,,DE,e_scooter,pay-as-you-go,none,bolt,,e-scooter,3.0,4.0,0.0,False,True,False,False,,0,Direct e‑scooter ride from home to café.
1,leg-c1a2b3c4-1111-2222-3333-444455556672-1,c1a2b3c4-1111-2222-3333-444455556672,e5f6g7h8-1111-2222-3333-444455556670,1,2026-05-07T16:00:00+02:00,2026-05-07T16:30:00+02:00,30,café,Munich,,DE,gym,Munich,,DE,e_scooter,pay-as-you-go,none,bolt,,e-scooter,2.0,3.0,0.0,False,True,False,False,,0,E‑scooter ride from café to gym.
2,leg-c1a2b3c4-1111-2222-3333-444455556673-1,c1a2b3c4-1111-2222-3333-444455556673,e5f6g7h8-1111-2222-3333-444455556670,1,2026-05-07T10:00:00+02:00,2026-05-07T10:45:00+02:00,45,home,Munich,80331,DE,park,Munich,,DE,walking,none,none,,,,3.0,0.0,0.0,False,True,False,False,,0,Leisure walk from home to the city park.
3,leg-c1a2b3c4-1111-2222-3333-444455556674-1,c1a2b3c4-1111-2222-3333-444455556674,e5f6g7h8-1111-2222-3333-444455556670,1,2026-05-08T14:00:00+02:00,2026-05-08T14:10:00+02:00,10,home,Munich,80331,DE,train_station,Munich,,DE,walking,none,none,,,,1.0,0.0,0.0,True,False,False,False,,0,Walk from home to Munich Hauptbahnhof.
4,leg-c1a2b3c4-1111-2222-3333-444455556674-2,c1a2b3c4-1111-2222-3333-444455556674,e5f6g7h8-1111-2222-3333-444455556670,2,2026-05-08T14:10:00+02:00,2026-05-08T16:30:00+02:00,140,train_station,Munich,,DE,Frankfurt train station,Frankfurt,,DE,long_distance_train,single_ticket,second_class,DB,ICE,,399.0,60.0,16.0,False,True,False,False,5.0,1,Long‑distance ICE train from Munich to Frankfurt.
5,leg-c1a2b3c4-1111-2222-3333-444455556675-1,c1a2b3c4-1111-2222-3333-444455556675,e5f6g7h8-1111-2222-3333-444455556670,1,2026-05-08T18:00:00+02:00,2026-05-08T20:20:00+02:00,140,Frankfurt train station,Frankfurt,,DE,train_station,Munich,,DE,long_distance_train,single_ticket,second_class,DB,ICE,,399.0,60.0,16.0,False,True,False,False,5.0,0,Return ICE train from Frankfurt to Munich.
6,leg-c1a2b3c4-1111-2222-3333-444455556675-2,c1a2b3c4-1111-2222-3333-444455556675,e5f6g7h8-1111-2222-3333-444455556670,2,2026-05-08T20:20:00+02:00,2026-05-08T20:30:00+02:00,10,train_station,Munich,,DE,home,Munich,80331,DE,walking,none,none,,,,1.0,0.0,0.0,False,False,True,False,,1,Walk from Munich station back home.
7,leg-c1a2b3c4-1111-2222-3333-444455556676-1,c1a2b3c4-1111-2222-3333-444455556676,e5f6g7h8-1111-2222-3333-444455556670,1,2026-05-09T07:30:00+02:00,2026-05-09T07:40:00+02:00,10,home,Munich,80331,DE,train_station,Munich,,DE,walking,none,none,,,,1.0,0.0,0.0,True,False,False,False,,0,Walk to Munich Hauptbahnhof for the Berlin train.
8,leg-c1a2b3c4-1111-2222-3333-444455556676-2,c1a2b3c4-1111-2222-3333-444455556676,e5f6g7h8-1111-2222-3333-444455556670,2,2026-05-09T07:40:00+02:00,2026-05-09T10:30:00+02:00,170,train_station,Munich,,DE,Berlin train station,Berlin,,DE,long_distance_train,single_ticket,second_class,DB,ICE,,584.0,80.0,23.4,False,True,False,False,5.0,1,Long‑distance ICE train from Munich to Berlin for the workshop.
9,leg-c1a2b3c4-1111-2222-3333-444455556677-1,c1a2b3c4-1111-2222-3333-444455556677,e5f6g7h8-1111-2222-3333-444455556670,1,2026-05-09T17:00:00+02:00,2026-05-09T19:50:00+02:00,170,Berlin train station,Berlin,,DE,train_station,Munich,,DE,long_distance_train,single_ticket,second_class,DB,ICE,,584.0,80.0,23.4,False,True,False,False,5.0,0,Return ICE train from Berlin to Munich.
10,leg-c1a2b3c4-1111-2222-3333-444455556677-2,c1a2b3c4-1111-2222-3333-444455556677,e5f6g7h8-1111-2222-3333-444455556670,2,2026-05-09T19:50:00+02:00,2026-05-09T20:00:00+02:00,10,train_station,Munich,,DE,home,Munich,80331,DE,walking,none,none,,,,1.0,0.0,0.0,False,False,True,False,,1,Walk from Munich station back home.
11,leg-c1a2b3c4-1111-2222-3333-444455556678-1,c1a2b3c4-1111-2222-3333-444455556678,e5f6g7h8-1111-2222-3333-444455556670,1,2026-05-10T09:30:00+02:00,2026-05-10T10:00:00+02:00,30,home,Munich,80331,DE,supermarket,Munich,,DE,e_scooter,pay-as-you-go,none,bolt,,e-scooter,3.0,4.0,0.0,False,True,False,False,,0,E‑scooter ride to the supermarket.
12,leg-c1a2b3c4-1111-2222-3333-444455556679-1,c1a2b3c4-1111-2222-3333-444455556679,e5f6g7h8-1111-2222-3333-444455556670,1,2026-05-10T10:15:00+02:00,2026-05-10T10:45:00+02:00,30,supermarket,Munich,,DE,home,Munich,80331,DE,e_scooter,pay-as-you-go,none,bolt,,e-scooter,3.0,4.0,0.0,False,True,False,False,,0,E‑scooter ride back home after shopping.
13,leg-c1a2b3c4-1111-2222-3333-444455556680-1,c1a2b3c4-1111-2222-3333-444455556680,e5f6g7h8-1111-2222-3333-444455556670,1,2026-05-11T11:00:00+02:00,2026-05-11T11:30:00+02:00,30,home,Munich,80331,DE,library,Munich,,DE,walking,none,none,,,,2.0,0.0,0.0,False,True,False,False,,0,Walk to the library for an afternoon reading session.
14,leg-c1a2b3c4-1111-2222-3333-444455556681-1,c1a2b3c4-1111-2222-3333-444455556681,e5f6g7h8-1111-2222-3333-444455556670,1,2026-05-12T17:30:00+02:00,2026-05-12T18:00:00+02:00,30,home,Munich,80331,DE,friend_home,Munich,,DE,e_scooter,pay-as-you-go,none,bolt,,e-scooter,2.0,3.0,0.0,False,True,False,False,,0,E‑scooter ride to a friend's apartment for a social visit.
15,leg-c1a2b3c4-1111-2222-3333-444455556682-1,c1a2b3c4-1111-2222-3333-444455556682,e5f6g7h8-1111-2222-3333-444455556670,1,2026-05-13T08:45:00+02:00,2026-05-13T09:15:00+02:00,30,home,Munich,80331,DE,café,Munich,,DE,e_scooter,pay-as-you-go,none,bolt,,e-scooter,2.0,3.0,0.0,False,True,False,False,,0,Morning e‑scooter ride to a café.
0,leg-1-1,a1b2c3d4-1111-2222-3333-444455556671,e5f6g7h8-1111-2222-3333-444455556670,1,2026-05-14T08:30:00+02:00,2026-05-14T08:40:00+02:00,10,home,Munich,80331,DE,café,Munich,,DE,e_scooter,pay-as-you-go,none,bolt,,scooter,2.0,3.0,0.04,False,True,False,False,,0,Direct e‑scooter ride from home to café.
1,leg-2-1,b2c3d4e5-1111-2222-3333-444455556672,e5f6g7h8-1111-2222-3333-444455556670,1,2026-05-14T09:00:00+02:00,2026-05-14T09:12:00+02:00,12,café,Munich,,DE,gym,Munich,,DE,e_scooter,pay-as-you-go,none,bolt,,scooter,3.0,4.5,0.06,False,True,False,False,,0,Direct e‑scooter ride from café to gym.
2,leg-3-1,c3d4e5f6-1111-2222-3333-444455556673,e5f6g7h8-1111-2222-3333-444455556670,1,2026-05-15T07:00:00+02:00,2026-05-15T07:05:00+02:00,5,home,Munich,80331,DE,train_station,Munich,,DE,walking,none,none,,,,0.5,0.0,0.0,True,False,False,False,,0,Walk from home to Munich main train station.
3,leg-3-2,c3d4e5f6-1111-2222-3333-444455556673,e5f6g7h8-1111-2222-3333-444455556670,2,2026-05-15T07:05:00+02:00,2026-05-15T10:25:00+02:00,200,train_station,Munich,,DE,train_station,Frankfurt,,DE,long_distance_train,single_ticket,second_class,DB,ICE 123,train,399.0,59.85,15.96,False,True,False,False,5.0,1,Long‑distance ICE train from Munich to Frankfurt.
4,leg-3-3,c3d4e5f6-1111-2222-3333-444455556673,e5f6g7h8-1111-2222-3333-444455556670,3,2026-05-15T10:25:00+02:00,2026-05-15T10:30:00+02:00,5,train_station,Frankfurt,,DE,friend_home,Frankfurt,60313,DE,walking,none,none,,,,0.5,0.0,0.0,False,False,True,False,,1,Walk from Frankfurt station to friend's home.
5,leg-4-1,d4e5f6a7-1111-2222-3333-444455556674,e5f6g7h8-1111-2222-3333-444455556670,1,2026-05-15T18:00:00+02:00,2026-05-15T18:05:00+02:00,5,friend_home,Frankfurt,60313,DE,train_station,Frankfurt,,DE,walking,none,none,,,,0.5,0.0,0.0,True,False,False,False,,0,Walk from friend's home to Frankfurt train station.
6,leg-4-2,d4e5f6a7-1111-2222-3333-444455556674,e5f6g7h8-1111-2222-3333-444455556670,2,2026-05-15T18:05:00+02:00,2026-05-15T21:25:00+02:00,200,train_station,Frankfurt,,DE,train_station,Munich,,DE,long_distance_train,single_ticket,second_class,DB,ICE 123,train,399.0,59.85,15.96,False,True,False,False,5.0,1,Long‑distance ICE train back to Munich.
7,leg-4-3,d4e5f6a7-1111-2222-3333-444455556674,e5f6g7h8-1111-2222-3333-444455556670,3,2026-05-15T21:25:00+02:00,2026-05-15T21:30:00+02:00,5,train_station,Munich,,DE,home,Munich,80331,DE,walking,none,none,,,,0.5,0.0,0.0,False,False,True,False,,1,Walk from Munich station back home.
8,leg-5-1,e5f6a7b8-1111-2222-3333-444455556675,e5f6g7h8-1111-2222-3333-444455556670,1,2026-05-16T10:15:00+02:00,2026-05-16T10:25:00+02:00,10,home,Munich,80331,DE,supermarket,Munich,,DE,e_scooter,pay-as-you-go,none,bolt,,scooter,2.0,3.0,0.04,False,True,False,False,,0,E‑scooter ride to the supermarket.
9,leg-6-1,f6a7b8c9-1111-2222-3333-444455556676,e5f6g7h8-1111-2222-3333-444455556670,1,2026-05-16T10:30:00+02:00,2026-05-16T10:45:00+02:00,15,supermarket,Munich,,DE,home,Munich,80331,DE,walking,none,none,,,,2.0,0.0,0.0,False,True,False,False,,0,Walk back home after shopping.
10,leg-7-1,a7b8c9d0-1111-2222-3333-444455556677,e5f6g7h8-1111-2222-3333-444455556670,1,2026-05-17T18:00:00+02:00,2026-05-17T18:20:00+02:00,20,home,Munich,80331,DE,city_park,Munich,,DE,walking,none,none,,,,1.5,0.0,0.0,False,True,False,False,,0,Evening walk to the city park.
11,leg-8-1,b8c9d0e1-1111-2222-3333-444455556678,e5f6g7h8-1111-2222-3333-444455556670,1,2026-05-18T19:00:00+02:00,2026-05-18T19:12:00+02:00,12,home,Munich,80331,DE,cinema,Munich,,DE,e_scooter,pay-as-you-go,none,bolt,,scooter,3.0,4.5,0.06,False,True,False,False,,0,E‑scooter ride to the cinema.
12,leg-9-1,c9d0e1f2-1111-2222-3333-444455556679,e5f6g7h8-1111-2222-3333-444455556670,1,2026-05-19T06:30:00+02:00,2026-05-19T06:35:00+02:00,5,home,Munich,80331,DE,train_station,Munich,,DE,walking,none,none,,,,0.5,0.0,0.0,True,False,False,False,,0,Walk from home to Munich main train station.
13,leg-9-2,c9d0e1f2-1111-2222-3333-444455556679,e5f6g7h8-1111-2222-3333-444455556670,2,2026-05-19T06:35:00+02:00,2026-05-19T10:20:00+02:00,225,train_station,Munich,,DE,train_station,Berlin,,DE,long_distance_train,single_ticket,second_class,DB,ICE 123,train,584.0,87.6,23.36,False,True,False,False,5.0,1,Long‑distance ICE train from Munich to Berlin.
14,leg-9-3,c9d0e1f2-1111-2222-3333-444455556679,e5f6g7h8-1111-2222-3333-444455556670,3,2026-05-19T10:20:00+02:00,2026-05-19T10:30:00+02:00,10,train_station,Berlin,,DE,office,Berlin,10115,DE,walking,none,none,,,,0.5,0.0,0.0,False,False,True,False,,1,Walk from Berlin station to the office.
15,leg-10-1,d0e1f2a3-1111-2222-3333-444455556680,e5f6g7h8-1111-2222-3333-444455556670,1,2026-05-19T16:30:00+02:00,2026-05-19T16:35:00+02:00,5,office,Berlin,10115,DE,train_station,Berlin,,DE,walking,none,none,,,,0.5,0.0,0.0,True,False,False,False,,0,Walk from office to Berlin train station.
16,leg-10-2,d0e1f2a3-1111-2222-3333-444455556680,e5f6g7h8-1111-2222-3333-444455556670,2,2026-05-19T16:35:00+02:00,2026-05-19T20:20:00+02:00,225,train_station,Berlin,,DE,train_station,Munich,,DE,long_distance_train,single_ticket,second_class,DB,ICE 123,train,584.0,87.6,23.36,False,True,False,False,5.0,1,Long‑distance ICE train back to Munich.
17,leg-10-3,d0e1f2a3-1111-2222-3333-444455556680,e5f6g7h8-1111-2222-3333-444455556670,3,2026-05-19T20:20:00+02:00,2026-05-19T20:30:00+02:00,10,train_station,Munich,,DE,home,Munich,80331,DE,walking,none,none,,,,0.5,0.0,0.0,False,False,True,False,,1,Walk from Munich station back home.
18,leg-11-1,e1f2a3b4-1111-2222-3333-444455556681,e5f6g7h8-1111-2222-3333-444455556670,1,2026-05-20T19:15:00+02:00,2026-05-20T19:30:00+02:00,15,home,Munich,80331,DE,restaurant,Munich,,DE,e_scooter,pay-as-you-go,none,bolt,,scooter,2.5,3.75,0.05,False,True,False,False,,0,E‑scooter ride to the restaurant.
19,leg-12-1,f2a3b4c5-1111-2222-3333-444455556682,e5f6g7h8-1111-2222-3333-444455556670,1,2026-05-20T19:35:00+02:00,2026-05-20T19:45:00+02:00,10,restaurant,Munich,,DE,home,Munich,80331,DE,walking,none,none,,,,2.5,0.0,0.0,False,True,False,False,,0,Walk home after dinner.
0,leg-0001,a1b2c3d4-0001-1111-2222-333344445555,e5f6g7h8-1111-2222-3333-444455556670,1,2026-05-21T09:00:00Z,2026-05-21T09:10:00Z,10,home,Munich,80331,DE,munich_hbf,Munich,,DE,e_scooter,pay-as-you-go,none,bolt,,scooter,2.0,2.0,0.04,False,True,False,False,,0,E‑scooter ride from home to Munich Hauptbahnhof.
1,leg-0002,a1b2c3d4-0002-1111-2222-3333-444455556666,e5f6g7h8-1111-2222-3333-444455556670,1,2026-05-21T09:30:00Z,2026-05-21T13:00:00Z,210,munich_hbf,Munich,,DE,frankfurt_hbf,Frankfurt,,DE,long_distance_train,single_ticket,second_class,DB,ICE,train,400.0,49.0,16.0,False,True,False,False,,0,Long‑distance train from Munich to Frankfurt.
2,leg-0003,a1b2c3d4-0003-1111-2222-3333-444455556777,e5f6g7h8-1111-2222-3333-444455556670,1,2026-05-21T14:00:00Z,2026-05-21T17:30:00Z,210,frankfurt_hbf,Frankfurt,,DE,munich_hbf,Munich,,DE,long_distance_train,single_ticket,second_class,DB,ICE,train,400.0,49.0,16.0,False,True,False,False,,0,Return long‑distance train from Frankfurt to Munich.
3,leg-0004,a1b2c3d4-0004-1111-2222-3333-444455556888,e5f6g7h8-1111-2222-3333-444455556670,1,2026-05-21T17:45:00Z,2026-05-21T17:55:00Z,10,munich_hbf,Munich,,DE,home,Munich,80331,DE,e_scooter,pay-as-you-go,none,bolt,,scooter,2.0,2.0,0.04,False,True,False,False,,0,E‑scooter ride back home from station.
4,leg-0005,a1b2c3d4-0005-1111-2222-3333-444455556999,e5f6g7h8-1111-2222-3333-444455556670,1,2026-05-23T10:00:00Z,2026-05-23T10:12:00Z,12,home,Munich,80331,DE,supermarket,Munich,,DE,e_scooter,pay-as-you-go,none,bolt,,scooter,3.0,2.4,0.06,False,True,False,False,,0,Weekly grocery shopping using e‑scooter.
5,leg-0006,a1b2c3d4-0006-1111-2222-3333-444455557000,e5f6g7h8-1111-2222-3333-444455556670,1,2026-05-23T10:20:00Z,2026-05-23T10:32:00Z,12,supermarket,Munich,,DE,home,Munich,80331,DE,e_scooter,pay-as-you-go,none,bolt,,scooter,3.0,2.4,0.06,False,True,False,False,,0,Return home after grocery shopping.
6,leg-0007,a1b2c3d4-0007-1111-2222-3333-444455557111,e5f6g7h8-1111-2222-3333-444455556670,1,2026-05-24T18:00:00Z,2026-05-24T18:10:00Z,10,home,Munich,80331,DE,gym,Munich,,DE,walking,none,none,,,,1.0,0.0,0.0,False,True,False,False,,0,Evening walk to local gym.
7,leg-0008,a1b2c3d4-0008-1111-2222-3333-444455557222,e5f6g7h8-1111-2222-3333-444455556670,1,2026-05-24T19:30:00Z,2026-05-24T19:40:00Z,10,gym,Munich,,DE,home,Munich,80331,DE,walking,none,none,,,,1.0,0.0,0.0,False,True,False,False,,0,Return home after gym.
8,leg-0009,a1b2c3d4-0009-1111-2222-3333-444455557333,e5f6g7h8-1111-2222-3333-444455556670,1,2026-05-26T07:00:00Z,2026-05-26T07:15:00Z,15,home,Munich,80331,DE,munich_hbf,Munich,,DE,walking,none,none,,,,2.0,0.0,0.0,True,False,False,False,,0,Walk from home to Munich Hauptbahnhof.
9,leg-0010,a1b2c3d4-0009-1111-2222-3333-444455557333,e5f6g7h8-1111-2222-3333-444455556670,2,2026-05-26T07:15:00Z,2026-05-26T11:15:00Z,240,munich_hbf,Munich,,DE,berlin_hbf,Berlin,,DE,long_distance_train,single_ticket,second_class,DB,ICE,train,600.0,79.0,24.0,False,True,False,False,,0,Long‑distance train from Munich to Berlin for workshop.
10,leg-0011,a1b2c3d4-0009-1111-2222-3333-444455557333,e5f6g7h8-1111-2222-3333-444455556670,3,2026-05-26T11:15:00Z,2026-05-26T11:30:00Z,15,berlin_hbf,Berlin,,DE,office,Berlin,10115,DE,walking,none,none,,,,2.0,0.0,0.0,False,False,True,False,,0,Walk from Berlin Hauptbahnhof to office.
11,leg-0012,a1b2c3d4-0010-1111-2222-3333-444455557444,e5f6g7h8-1111-2222-3333-444455556670,1,2026-05-26T16:00:00Z,2026-05-26T16:15:00Z,15,office,Berlin,10115,DE,berlin_hbf,Berlin,,DE,walking,none,none,,,,2.0,0.0,0.0,True,False,False,False,,0,Walk from office to Berlin Hauptbahnhof.
12,leg-0013,a1b2c3d4-0010-1111-2222-3333-444455557444,e5f6g7h8-1111-2222-3333-444455556670,2,2026-05-26T16:15:00Z,2026-05-26T20:15:00Z,240,berlin_hbf,Berlin,,DE,munich_hbf,Munich,,DE,long_distance_train,single_ticket,second_class,DB,ICE,train,600.0,79.0,24.0,False,True,False,False,,0,Return long‑distance train from Berlin to Munich.
13,leg-0014,a1b2c3d4-0010-1111-2222-3333-444455557444,e5f6g7h8-1111-2222-3333-444455556670,3,2026-05-26T20:15:00Z,2026-05-26T20:30:00Z,15,munich_hbf,Munich,,DE,home,Munich,80331,DE,walking,none,none,,,,2.0,0.0,0.0,False,False,True,False,,0,Walk from Munich Hauptbahnhof back home.
0,a1b2c3d4-0000-0000-0000-000000000001,e5f6g7h8-1111-2222-3333-000000000001,e5f6g7h8-1111-2222-3333-444455556670,1,2026-05-28T09:00:00+02:00,2026-05-28T09:20:00+02:00,20,home,Munich,80331,DE,café,Munich,,DE,e_scooter,pay-as-you-go,none,bolt,,scooter,2.0,3.0,0.0,False,True,False,False,,0,Direct e‑scooter ride from home to café.
1,a1b2c3d4-0000-0000-0000-000000000002,e5f6g7h8-1111-2222-3333-000000000002,e5f6g7h8-1111-2222-3333-444455556670,1,2026-05-28T12:30:00+02:00,2026-05-28T13:00:00+02:00,30,café,Munich,,DE,home,Munich,80331,DE,walking,none,none,,,,1.5,0.0,0.0,False,True,False,False,,0,Walking back home from café.
2,a1b2c3d4-0000-0000-0000-000000000003,e5f6g7h8-1111-2222-3333-000000000003,e5f6g7h8-1111-2222-3333-444455556670,1,2026-05-28T18:00:00+02:00,2026-05-28T18:25:00+02:00,25,home,Munich,80331,DE,gym,Munich,,DE,e_scooter,pay-as-you-go,none,bolt,,scooter,3.0,4.5,0.0,False,True,False,False,,0,E‑scooter ride from home to gym.
3,a1b2c3d4-0000-0000-0000-000000000004,e5f6g7h8-1111-2222-3333-000000000004,e5f6g7h8-1111-2222-3333-444455556670,1,2026-05-29T10:00:00+02:00,2026-05-29T10:45:00+02:00,45,home,Munich,80331,DE,park,Munich,,DE,walking,none,none,,,,2.0,0.0,0.0,False,True,False,False,,0,Walking from home to city park.
4,a1b2c3d4-0000-0000-0000-000000000005,e5f6g7h8-1111-2222-3333-000000000005,e5f6g7h8-1111-2222-3333-444455556670,1,2026-05-29T14:30:00+02:00,2026-05-29T14:50:00+02:00,20,home,Munich,80331,DE,train_station,Munich,,DE,walking,none,none,,,,2.0,0.0,0.0,True,False,False,False,,0,Walk to Munich Hauptbahnhof.
5,a1b2c3d4-0000-0000-0000-000000000006,e5f6g7h8-1111-2222-3333-000000000005,e5f6g7h8-1111-2222-3333-444455556670,2,2026-05-29T14:50:00+02:00,2026-05-29T16:10:00+02:00,80,train_station,Munich,,DE,train_station,Frankfurt,,DE,long_distance_train,single_ticket,second_class,DB,ICE,train,386.0,60.0,15.44,False,True,False,False,,1,Long‑distance ICE train Munich → Frankfurt.
6,a1b2c3d4-0000-0000-0000-000000000007,e5f6g7h8-1111-2222-3333-000000000005,e5f6g7h8-1111-2222-3333-444455556670,3,2026-05-29T16:10:00+02:00,2026-05-29T16:45:00+02:00,35,train_station,Frankfurt,,DE,friend_home,Frankfurt,60311,DE,walking,none,none,,,,2.0,0.0,0.0,False,False,True,False,,2,Walk from Frankfurt Hbf to friend’s apartment.
7,a1b2c3d4-0000-0000-0000-000000000008,e5f6g7h8-1111-2222-3333-000000000006,e5f6g7h8-1111-2222-3333-444455556670,1,2026-05-29T18:00:00+02:00,2026-05-29T18:35:00+02:00,35,friend_home,Frankfurt,60311,DE,train_station,Frankfurt,,DE,walking,none,none,,,,2.0,0.0,0.0,True,False,False,False,,0,Walk from friend’s home to Frankfurt Hbf.
8,a1b2c3d4-0000-0000-0000-000000000009,e5f6g7h8-1111-2222-3333-000000000006,e5f6g7h8-1111-2222-3333-444455556670,2,2026-05-29T18:35:00+02:00,2026-05-29T19:55:00+02:00,80,train_station,Frankfurt,,DE,train_station,Munich,,DE,long_distance_train,single_ticket,second_class,DB,ICE,train,386.0,60.0,15.44,False,True,False,False,,1,ICE train Frankfurt → Munich.
9,a1b2c3d4-0000-0000-0000-000000000010,e5f6g7h8-1111-2222-3333-000000000006,e5f6g7h8-1111-2222-3333-444455556670,3,2026-05-29T19:55:00+02:00,2026-05-29T20:15:00+02:00,20,train_station,Munich,,DE,home,Munich,80331,DE,walking,none,none,,,,2.0,0.0,0.0,False,False,True,False,,2,Walk from Munich Hbf to home.
10,a1b2c3d4-0000-0000-0000-000000000011,e5f6g7h8-1111-2222-3333-000000000007,e5f6g7h8-1111-2222-3333-444455556670,1,2026-05-30T10:30:00+02:00,2026-05-30T10:45:00+02:00,15,home,Munich,80331,DE,supermarket,Munich,,DE,e_scooter,pay-as-you-go,none,bolt,,scooter,2.0,3.0,0.0,False,True,False,False,,0,E‑scooter ride to grocery store.
11,a1b2c3d4-0000-0000-0000-000000000012,e5f6g7h8-1111-2222-3333-000000000008,e5f6g7h8-1111-2222-3333-444455556670,1,2026-05-30T12:00:00+02:00,2026-05-30T12:15:00+02:00,15,supermarket,Munich,,DE,home,Munich,80331,DE,walking,none,none,,,,1.5,0.0,0.0,False,True,False,False,,0,Walk back home after shopping.
12,a1b2c3d4-0000-0000-0000-000000000013,e5f6g7h8-1111-2222-3333-000000000009,e5f6g7h8-1111-2222-3333-444455556670,1,2026-05-31T14:00:00+02:00,2026-05-31T14:05:00+02:00,5,home,Munich,80331,DE,transit_stop,Munich,,DE,walking,none,none,,,,0.5,0.0,0.0,True,False,False,False,,0,Walk to nearest public‑transport stop.
13,a1b2c3d4-0000-0000-0000-000000000014,e5f6g7h8-1111-2222-3333-000000000009,e5f6g7h8-1111-2222-3333-444455556670,2,2026-05-31T14:05:00+02:00,2026-05-31T14:25:00+02:00,20,transit_stop,Munich,,DE,transit_stop,Munich,,DE,public_transport,single_ticket,none,DB,U1,train,4.0,2.5,0.08,False,True,False,False,3.0,1,U‑Bahn ride to doctor’s district.
14,a1b2c3d4-0000-0000-0000-000000000015,e5f6g7h8-1111-2222-3333-000000000009,e5f6g7h8-1111-2222-3333-444455556670,3,2026-05-31T14:25:00+02:00,2026-05-31T14:30:00+02:00,5,transit_stop,Munich,,DE,doctor,Munich,,DE,walking,none,none,,,,0.5,0.0,0.0,False,False,True,False,,2,Walk from stop to doctor’s office.
15,a1b2c3d4-0000-0000-0000-000000000016,e5f6g7h8-1111-2222-3333-000000000010,e5f6g7h8-1111-2222-3333-444455556670,1,2026-06-01T07:00:00+02:00,2026-06-01T07:20:00+02:00,20,home,Munich,80331,DE,train_station,Munich,,DE,walking,none,none,,,,2.0,0.0,0.0,True,False,False,False,,0,Walk to Munich Hbf for long‑distance train.
16,a1b2c3d4-0000-0000-0000-000000000017,e5f6g7h8-1111-2222-3333-000000000010,e5f6g7h8-1111-2222-3333-444455556670,2,2026-06-01T07:20:00+02:00,2026-06-01T10:50:00+02:00,210,train_station,Munich,,DE,train_station,Berlin,,DE,long_distance_train,single_ticket,second_class,DB,ICE,train,585.0,80.0,23.4,False,True,False,False,,1,ICE train Munich → Berlin for workshop.
17,a1b2c3d4-0000-0000-0000-000000000018,e5f6g7h8-1111-2222-3333-000000000010,e5f6g7h8-1111-2222-3333-444455556670,3,2026-06-01T10:50:00+02:00,2026-06-01T11:30:00+02:00,40,train_station,Berlin,,DE,office,Berlin,10115,DE,walking,none,none,,,,3.0,0.0,0.0,False,False,True,False,,2,Walk from Berlin Hbf to office.
18,a1b2c3d4-0000-0000-0000-000000000019,e5f6g7h8-1111-2222-3333-000000000011,e5f6g7h8-1111-2222-3333-444455556670,1,2026-06-01T18:00:00+02:00,2026-06-01T18:20:00+02:00,20,office,Berlin,10115,DE,train_station,Berlin,,DE,walking,none,none,,,,3.0,0.0,0.0,True,False,False,False,,0,Walk from office to Berlin Hbf.
19,a1b2c3d4-0000-0000-0000-00000000001a,e5f6g7h8-1111-2222-3333-000000000011,e5f6g7h8-1111-2222-3333-444455556670,2,2026-06-01T18:20:00+02:00,2026-06-01T21:50:00+02:00,210,train_station,Berlin,,DE,train_station,Munich,,DE,long_distance_train,single_ticket,second_class,DB,ICE,train,585.0,80.0,23.4,False,True,False,False,,1,ICE train Berlin → Munich return.
20,a1b2c3d4-0000-0000-0000-00000000001b,e5f6g7h8-1111-2222-3333-000000000011,e5f6g7h8-1111-2222-3333-444455556670,3,2026-06-01T21:50:00+02:00,2026-06-01T22:30:00+02:00,40,train_station,Munich,,DE,home,Munich,80331,DE,walking,none,none,,,,3.0,0.0,0.0,False,False,True,False,,2,Walk from Munich Hbf to home.
0,leg-0001,a1b2c3d4-1111-2222-3333-444455556671,e5f6g7h8-1111-2222-3333-444455556670,1,2026-06-04T08:30:00,2026-06-04T08:40:00,10,home,Munich,80331,DE,café,Munich,,DE,e_scooter,pay-as-you-go,none,bolt,,scooter,2.0,5.0,0.04,False,True,False,False,,0,Direct e‑scooter ride from home to café.
1,leg-0002,a1b2c3d4-1111-2222-3333-444455556672,e5f6g7h8-1111-2222-3333-444455556670,1,2026-06-04T17:15:00,2026-06-04T17:25:00,10,café,Munich,,DE,home,Munich,80331,DE,e_scooter,pay-as-you-go,none,bolt,,scooter,2.0,5.0,0.04,False,True,False,False,,0,Return e‑scooter ride from café to home.
2,leg-0003,a1b2c3d4-1111-2222-3333-444455556673,e5f6g7h8-1111-2222-3333-444455556670,1,2026-06-05T09:00:00,2026-06-05T09:05:00,5,home,Munich,80331,DE,train_station,Munich,,DE,walking,none,none,,,,0.5,0.0,0.0,True,False,False,False,,0,Walk from home to Munich train station.
3,leg-0004,a1b2c3d4-1111-2222-3333-444455556673,e5f6g7h8-1111-2222-3333-444455556670,2,2026-06-05T09:05:00,2026-06-05T12:25:00,200,train_station,Munich,,DE,train_station,Frankfurt,,DE,long_distance_train,single_ticket,second_class,DB,ICE,train,389.0,58.5,15.56,False,True,False,False,,0,Long‑distance ICE train from Munich to Frankfurt.
4,leg-0005,a1b2c3d4-1111-2222-3333-444455556673,e5f6g7h8-1111-2222-3333-444455556670,3,2026-06-05T12:25:00,2026-06-05T12:30:00,5,train_station,Frankfurt,,DE,friend_home,Frankfurt,60311,DE,walking,none,none,,,,0.5,0.0,0.0,False,False,True,False,,0,Walk from Frankfurt station to friend's home.
5,leg-0006,a1b2c3d4-1111-2222-3333-444455556674,e5f6g7h8-1111-2222-3333-444455556670,1,2026-06-05T18:00:00,2026-06-05T18:05:00,5,friend_home,Frankfurt,60311,DE,train_station,Frankfurt,,DE,walking,none,none,,,,0.5,0.0,0.0,True,False,False,False,,0,Walk from friend's home to Frankfurt train station.
6,leg-0007,a1b2c3d4-1111-2222-3333-444455556674,e5f6g7h8-1111-2222-3333-444455556670,2,2026-06-05T18:05:00,2026-06-05T21:25:00,200,train_station,Frankfurt,,DE,train_station,Munich,,DE,long_distance_train,single_ticket,second_class,DB,ICE,train,389.0,58.5,15.56,False,True,False,False,,0,Long‑distance ICE train back to Munich.
7,leg-0008,a1b2c3d4-1111-2222-3333-444455556674,e5f6g7h8-1111-2222-3333-444455556670,3,2026-06-05T21:25:00,2026-06-05T21:30:00,5,train_station,Munich,,DE,home,Munich,80331,DE,walking,none,none,,,,0.5,0.0,0.0,False,False,True,False,,0,Walk from Munich station back home.
8,leg-0009,a1b2c3d4-1111-2222-3333-444455556675,e5f6g7h8-1111-2222-3333-444455556670,1,2026-06-06T10:00:00,2026-06-06T10:15:00,15,home,Munich,80331,DE,park,Munich,,DE,walking,none,none,,,,1.0,0.0,0.0,False,True,False,False,,0,Leisure walk from home to park.
9,leg-0010,a1b2c3d4-1111-2222-3333-444455556676,e5f6g7h8-1111-2222-3333-444455556670,1,2026-06-06T12:00:00,2026-06-06T12:10:00,10,park,Munich,,DE,gym,Munich,,DE,e_scooter,pay-as-you-go,none,bolt,,scooter,2.0,5.0,0.04,False,True,False,False,,0,Scooter ride from park to gym.
10,leg-0011,a1b2c3d4-1111-2222-3333-444455556677,e5f6g7h8-1111-2222-3333-444455556670,1,2026-06-07T06:00:00,2026-06-07T06:03:00,3,home,Munich,80331,DE,train_station,Munich,,DE,walking,none,none,,,,0.3,0.0,0.0,True,False,False,False,,0,Short walk to Munich train station.
11,leg-0012,a1b2c3d4-1111-2222-3333-444455556677,e5f6g7h8-1111-2222-3333-444455556670,2,2026-06-07T06:03:00,2026-06-07T11:27:00,324,train_station,Munich,,DE,train_station,Berlin,,DE,long_distance_train,single_ticket,second_class,DB,ICE,train,584.4,87.75,23.376,False,True,False,False,,0,Long‑distance ICE train from Munich to Berlin for workshop.
12,leg-0013,a1b2c3d4-1111-2222-3333-444455556677,e5f6g7h8-1111-2222-3333-444455556670,3,2026-06-07T11:27:00,2026-06-07T11:30:00,3,train_station,Berlin,,DE,office,Berlin,10115,DE,walking,none,none,,,,0.3,0.0,0.0,False,False,True,False,,0,Walk from Berlin station to office.
13,leg-0014,a1b2c3d4-1111-2222-3333-444455556678,e5f6g7h8-1111-2222-3333-444455556670,1,2026-06-07T18:00:00,2026-06-07T18:03:00,3,office,Berlin,10115,DE,train_station,Berlin,,DE,walking,none,none,,,,0.3,0.0,0.0,True,False,False,False,,0,Walk from office to Berlin train station.
14,leg-0015,a1b2c3d4-1111-2222-3333-444455556678,e5f6g7h8-1111-2222-3333-444455556670,2,2026-06-07T18:03:00,2026-06-07T23:27:00,324,train_station,Berlin,,DE,train_station,Munich,,DE,long_distance_train,single_ticket,second_class,DB,ICE,train,584.4,87.75,23.376,False,True,False,False,,0,Return ICE train from Berlin to Munich.
15,leg-0016,a1b2c3d4-1111-2222-3333-444455556678,e5f6g7h8-1111-2222-3333-444455556670,3,2026-06-07T23:27:00,2026-06-07T23:30:00,3,train_station,Munich,,DE,home,Munich,80331,DE,walking,none,none,,,,0.3,0.0,0.0,False,False,True,False,,0,Walk from Munich station back home.
16,leg-0017,a1b2c3d4-1111-2222-3333-444455556679,e5f6g7h8-1111-2222-3333-444455556670,1,2026-06-08T11:30:00,2026-06-08T11:42:00,12,home,Munich,80331,DE,supermarket,Munich,,DE,e_scooter,pay-as-you-go,none,bolt,,scooter,3.0,7.5,0.06,False,True,False,False,,0,E‑scooter ride to supermarket.
17,leg-0018,a1b2c3d4-1111-2222-3333-444455556680,e5f6g7h8-1111-2222-3333-444455556670,1,2026-06-08T12:00:00,2026-06-08T12:20:00,20,supermarket,Munich,,DE,home,Munich,80331,DE,walking,none,none,,,,3.0,0.0,0.0,False,True,False,False,,0,Walk back home after shopping.
18,leg-0019,a1b2c3d4-1111-2222-3333-444455556681,e5f6g7h8-1111-2222-3333-444455556670,1,2026-06-09T14:00:00,2026-06-09T14:20:00,20,home,Munich,80331,DE,library,Munich,,DE,walking,none,none,,,,1.5,0.0,0.0,False,True,False,False,,0,Leisure walk to library.
19,leg-0020,a1b2c3d4-1111-2222-3333-444455556682,e5f6g7h8-1111-2222-3333-444455556670,1,2026-06-09T15:00:00,2026-06-09T15:12:00,12,library,Munich,,DE,home,Munich,80331,DE,e_scooter,pay-as-you-go,none,bolt,,scooter,1.5,3.75,0.03,False,True,False,False,,0,E‑scooter ride back home from library.
0,d1111111-1111-1111-1111-111111111111,a1b2c3d4-0001-1111-2222-333344445555,e5f6g7h8-1111-2222-3333-444455556670,1,2026-06-11T08:30:00+02:00,2026-06-11T08:40:00+02:00,10,home,Munich,80331,DE,supermarket,Munich,,DE,e_scooter,pay-as-you-go,none,bolt,,scooter,2.0,2.0,0.08,False,True,False,False,,0,Weekly grocery run using e‑scooter.
1,d2222222-2222-2222-2222-222222222222,a1b2c3d4-0002-1111-2222-333344445555,e5f6g7h8-1111-2222-3333-444455556670,1,2026-06-11T17:30:00+02:00,2026-06-11T17:42:00+02:00,12,gym,Munich,,DE,home,Munich,80331,DE,e_scooter,pay-as-you-go,none,bolt,,scooter,3.0,2.4,0.12,False,True,False,False,,0,Regular gym session after work.
2,d3333333-3333-3333-3333-333333333333,a1b2c3d4-0003-1111-2222-333344445555,e5f6g7h8-1111-2222-3333-444455556670,1,2026-06-12T10:00:00+02:00,2026-06-12T10:15:00+02:00,15,home,Munich,80331,DE,city_park,Munich,,DE,walking,none,none,,,,1.0,0.0,0.02,False,True,False,False,,0,Morning walk in city park.
3,d4444444-4444-4444-4444-444444444444,a1b2c3d4-0004-1111-2222-333344445555,e5f6g7h8-1111-2222-3333-444455556670,1,2026-06-12T12:30:00+02:00,2026-06-12T12:45:00+02:00,15,city_park,Munich,,DE,home,Munich,80331,DE,walking,none,none,,,,1.0,0.0,0.02,False,True,False,False,,0,Return home from park.
4,d5555555-5555-5555-5555-555555555555,a1b2c3d4-0005-1111-2222-333344445555,e5f6g7h8-1111-2222-3333-444455556670,1,2026-06-14T09:30:00+02:00,2026-06-14T09:39:00+02:00,9,home,Munich,80331,DE,café,Munich,,DE,e_scooter,pay-as-you-go,none,bolt,,scooter,2.0,1.8,0.08,False,True,False,False,,0,Coffee break at local café.
5,d6666666-6666-6666-6666-666666666666,a1b2c3d4-0006-1111-2222-333344445555,e5f6g7h8-1111-2222-3333-444455556670,1,2026-06-14T11:00:00+02:00,2026-06-14T11:09:00+02:00,9,café,Munich,,DE,home,Munich,80331,DE,e_scooter,pay-as-you-go,none,bolt,,scooter,2.0,1.8,0.08,False,True,False,False,,0,Return home after café.
6,d7777777-7777-7777-7777-777777777777,a1b2c3d4-0007-1111-2222-333344445555,e5f6g7h8-1111-2222-3333-444455556670,1,2026-06-15T16:00:00+02:00,2026-06-15T16:10:00+02:00,10,home,Munich,80331,DE,supermarket,Munich,,DE,e_scooter,pay-as-you-go,none,bolt,,scooter,2.0,2.0,0.08,False,True,False,False,,0,Mid‑week grocery shopping.
7,d8888888-8888-8888-8888-888888888888,a1b2c3d4-0008-1111-2222-333344445555,e5f6g7h8-1111-2222-3333-444455556670,1,2026-06-15T18:30:00+02:00,2026-06-15T18:40:00+02:00,10,supermarket,Munich,,DE,home,Munich,80331,DE,e_scooter,pay-as-you-go,none,bolt,,scooter,2.0,2.0,0.08,False,True,False,False,,0,Return home after shopping.
8,d9999999-9999-9999-9999-999999999991,a1b2c3d4-0009-1111-2222-333344445555,e5f6g7h8-1111-2222-3333-444455556670,1,2026-06-16T06:30:00+02:00,2026-06-16T06:35:00+02:00,5,home,Munich,80331,DE,train_station_munich,Munich,,DE,walking,none,none,,,,0.5,0.0,0.01,True,False,False,False,,0,Walking to Munich main train station before long‑distance train.
9,d9999999-9999-9999-9999-999999999992,a1b2c3d4-0009-1111-2222-333344445555,e5f6g7h8-1111-2222-3333-444455556670,2,2026-06-16T06:35:00+02:00,2026-06-16T10:45:00+02:00,250,train_station_munich,Munich,,DE,train_station_berlin,Berlin,,DE,long_distance_train,single_ticket,second_class,DB,ICE,,584.5,80.0,23.38,False,True,False,False,,0,Long‑distance ICE train Munich → Berlin.
10,daaaaaaaaa-aaaa-aaaa-aaaa-aaaaaaaaaaa1,a1b2c3d4-0010-1111-2222-333344445555,e5f6g7h8-1111-2222-3333-444455556670,1,2026-06-16T17:00:00+02:00,2026-06-16T21:10:00+02:00,250,train_station_berlin,Berlin,,DE,train_station_munich,Munich,,DE,long_distance_train,single_ticket,second_class,DB,ICE,,585.0,80.0,23.4,False,True,False,False,,0,Long‑distance ICE train Berlin → Munich.
11,daaaaaaaaa-aaaa-aaaa-aaaa-aaaaaaaaaaa2,a1b2c3d4-0010-1111-2222-333344445555,e5f6g7h8-1111-2222-3333-444455556670,2,2026-06-16T21:10:00+02:00,2026-06-16T21:15:00+02:00,5,train_station_munich,Munich,,DE,home,Munich,80331,DE,walking,none,none,,,,0.5,0.0,0.01,False,False,True,False,,0,Walking home from Munich train station.
12,dbbbbbbb-bbbb-bbbb-bbbb-bbbbbbbbbbb1,a1b2c3d4-0011-1111-2222-333344445555,e5f6g7h8-1111-2222-3333-444455556670,1,2026-06-17T07:45:00+02:00,2026-06-17T07:50:00+02:00,5,home,Munich,80331,DE,train_station_munich,Munich,,DE,walking,none,none,,,,0.5,0.0,0.01,True,False,False,False,,0,Walking to Munich train station for Cologne trip.
13,dbbbbbbb-bbbb-bbbb-bbbb-bbbbbbbbbbb2,a1b2c3d4-0011-1111-2222-333344445555,e5f6g7h8-1111-2222-3333-444455556670,2,2026-06-17T07:50:00+02:00,2026-06-17T11:45:00+02:00,235,train_station_munich,Munich,,DE,train_station_cologne,Cologne,,DE,long_distance_train,single_ticket,second_class,DB,ICE,,569.5,70.0,22.78,False,True,False,False,,0,Long‑distance ICE train Munich → Cologne.
14,dccccccc-cccc-cccc-cccc-ccccccccccc1,a1b2c3d4-0012-1111-2222-333344445555,e5f6g7h8-1111-2222-3333-444455556670,1,2026-06-17T18:30:00+02:00,2026-06-17T22:25:00+02:00,235,train_station_cologne,Cologne,,DE,train_station_munich,Munich,,DE,long_distance_train,single_ticket,second_class,DB,ICE,,570.0,70.0,22.8,False,True,False,False,,0,Return ICE train Cologne → Munich.
15,dccccccc-cccc-cccc-cccc-ccccccccccc2,a1b2c3d4-0012-1111-2222-333344445555,e5f6g7h8-1111-2222-3333-444455556670,2,2026-06-17T22:25:00+02:00,2026-06-17T22:30:00+02:00,5,train_station_munich,Munich,,DE,home,Munich,80331,DE,walking,none,none,,,,0.5,0.0,0.01,False,False,True,False,,0,Walking home from Munich train station.
0,d3f1e2a4-1111-2222-3333-444455556671,a1b2c3d4-1111-2222-3333-444455556671,e5f6g7h8-1111-2222-3333-444455556670,1,2026-06-18T08:15:00Z,2026-06-18T08:23:00Z,8,home,Munich,80331,DE,café,Munich,,DE,e_scooter,pay-as-you-go,none,bolt,,scooter,2.0,2.0,0.08,False,True,False,False,,0,Morning coffee using e-scooter as part of regular short trips in Munich.
1,e4a2b3c5-1111-2222-3333-444455556672,a1b2c3d4-1111-2222-3333-444455556672,e5f6g7h8-1111-2222-3333-444455556670,1,2026-06-18T12:30:00Z,2026-06-18T12:38:00Z,8,café,Munich,,DE,home,Munich,80331,DE,e_scooter,pay-as-you-go,none,bolt,,scooter,2.0,2.0,0.08,False,True,False,False,,0,Return home after coffee using e-scooter.
2,f5b6c7d8-1111-2222-3333-444455556673,a1b2c3d4-1111-2222-3333-444455556673,e5f6g7h8-1111-2222-3333-444455556670,1,2026-06-19T09:00:00Z,2026-06-19T09:15:00Z,15,home,Munich,80331,DE,supermarket,Munich,,DE,walking,none,none,,,foot,1.0,0.0,0.0,False,True,False,False,,0,"Weekly grocery shopping on Saturday, walking short distance."
3,a6c7d8e9-1111-2222-3333-444455556674,a1b2c3d4-1111-2222-3333-444455556674,e5f6g7h8-1111-2222-3333-444455556670,1,2026-06-19T15:00:00Z,2026-06-19T15:10:00Z,10,home,Munich,80331,DE,gym,Munich,,DE,e_scooter,pay-as-you-go,none,bolt,,scooter,3.0,3.0,0.12,False,True,False,False,,0,Gym visit using e-scooter for a short city ride.
4,b7d8e9f0-1111-2222-3333-444455556675,a1b2c3d4-1111-2222-3333-444455556675,e5f6g7h8-1111-2222-3333-444455556670,1,2026-06-19T18:30:00Z,2026-06-19T18:40:00Z,10,gym,Munich,,DE,home,Munich,80331,DE,e_scooter,pay-as-you-go,none,bolt,,scooter,3.0,3.0,0.12,False,True,False,False,,0,Return home after gym using e-scooter.
5,c8e9f0a1-1111-2222-3333-444455556676,a1b2c3d4-1111-2222-3333-444455556676,e5f6g7h8-1111-2222-3333-444455556670,1,2026-06-20T07:00:00Z,2026-06-20T10:30:00Z,210,train_station,Munich,80331,DE,train_station,Frankfurt,60311,DE,long_distance_train,single_ticket,second_class,DB,ICE,train,393.0,45.0,15.72,False,True,False,False,,0,"Visit friend in Frankfurt on Sunday, traveling by long-distance train."
6,d9f0a1b2-1111-2222-3333-444455556677,a1b2c3d4-1111-2222-3333-444455556677,e5f6g7h8-1111-2222-3333-444455556670,1,2026-06-20T18:00:00Z,2026-06-20T21:30:00Z,210,train_station,Frankfurt,60311,DE,train_station,Munich,80331,DE,long_distance_train,single_ticket,second_class,DB,ICE,train,393.0,45.0,15.72,False,True,False,False,,0,Return home from Frankfurt after evening visit.
7,e0a1b2c3-1111-2222-3333-444455556678,a1b2c3d4-1111-2222-3333-444455556678,e5f6g7h8-1111-2222-3333-444455556670,1,2026-06-21T10:00:00Z,2026-06-21T10:07:00Z,7,home,Munich,80331,DE,pharmacy,Munich,,DE,e_scooter,pay-as-you-go,none,bolt,,scooter,2.0,2.0,0.08,False,True,False,False,,0,"Pick up prescription, short e-scooter ride."
8,f1b2c3d4-1111-2222-3333-444455556679,a1b2c3d4-1111-2222-3333-444455556679,e5f6g7h8-1111-2222-3333-444455556670,1,2026-06-21T10:20:00Z,2026-06-21T10:27:00Z,7,pharmacy,Munich,,DE,home,Munich,80331,DE,e_scooter,pay-as-you-go,none,bolt,,scooter,2.0,2.0,0.08,False,True,False,False,,0,Return home after pharmacy visit.
9,g2c3d4e5-1111-2222-3333-444455556680,a1b2c3d4-1111-2222-3333-444455556680,e5f6g7h8-1111-2222-3333-444455556670,1,2026-06-22T06:30:00Z,2026-06-22T10:30:00Z,240,train_station,Munich,80331,DE,train_station,Berlin,10115,DE,long_distance_train,single_ticket,second_class,DB,ICE,train,585.0,60.0,23.4,False,True,False,False,,0,"Monthly on-site workshop in Berlin, traveling by long-distance train."
10,h3d4e5f6-1111-2222-3333-444455556681,a1b2c3d4-1111-2222-3333-444455556681,e5f6g7h8-1111-2222-3333-444455556670,1,2026-06-22T18:00:00Z,2026-06-22T22:00:00Z,240,train_station,Berlin,10115,DE,train_station,Munich,80331,DE,long_distance_train,single_ticket,second_class,DB,ICE,train,585.0,60.0,23.4,False,True,False,False,,0,Return home after Berlin workshop.
0,a1111111-1111-1111-1111-111111111111,c1a2b3d4-0001-1111-2222-333344445555,e5f6g7h8-1111-2222-3333-444455556670,1,2026-06-25T08:10:00+02:00,2026-06-25T08:18:00+02:00,8,home,Munich,80331,DE,café,Munich,,DE,e_scooter,pay-as-you-go,none,bolt,,e_scooter,2.0,2.5,0.08,False,True,False,False,,0,Morning coffee break using e‑scooter.
1,a1111112-1111-1111-1111-111111111112,c1a2b3d4-0002-1111-2222-333344445555,e5f6g7h8-1111-2222-3333-444455556670,1,2026-06-25T08:30:00+02:00,2026-06-25T08:38:00+02:00,8,café,Munich,,DE,home,Munich,80331,DE,e_scooter,pay-as-you-go,none,bolt,,e_scooter,2.0,2.5,0.08,False,True,False,False,,0,Return home after coffee.
2,a1111113-1111-1111-1111-111111111113,c1a2b3d4-0003-1111-2222-333344445555,e5f6g7h8-1111-2222-3333-444455556670,1,2026-06-25T18:20:00+02:00,2026-06-25T18:28:00+02:00,8,home,Munich,80331,DE,gym,Munich,,DE,e_scooter,pay-as-you-go,none,bolt,,e_scooter,2.0,2.5,0.08,False,True,False,False,,0,"Evening workout at gym, e‑scooter ride."
3,a1111114-1111-1111-1111-111111111114,c1a2b3d4-0004-1111-2222-333344445555,e5f6g7h8-1111-2222-3333-444455556670,1,2026-06-25T19:30:00+02:00,2026-06-25T19:38:00+02:00,8,gym,Munich,,DE,home,Munich,80331,DE,e_scooter,pay-as-you-go,none,bolt,,e_scooter,2.0,2.5,0.08,False,True,False,False,,0,Return home after gym.
4,a1111115-1111-1111-1111-111111111115,c1a2b3d4-0005-1111-2222-333344445555,e5f6g7h8-1111-2222-3333-444455556670,1,2026-06-26T09:00:00+02:00,2026-06-26T09:10:00+02:00,10,home,Munich,80331,DE,supermarket,Munich,,DE,e_scooter,pay-as-you-go,none,bolt,,e_scooter,2.0,2.5,0.08,False,True,False,False,,0,"Weekend grocery shopping, short e‑scooter trip."
5,a1111116-1111-1111-1111-111111111116,c1a2b3d4-0006-1111-2222-333344445555,e5f6g7h8-1111-2222-3333-444455556670,1,2026-06-26T09:25:00+02:00,2026-06-26T09:35:00+02:00,10,supermarket,Munich,,DE,home,Munich,80331,DE,e_scooter,pay-as-you-go,none,bolt,,e_scooter,2.0,2.5,0.08,False,True,False,False,,0,Return home after shopping.
6,a1111117-1111-1111-1111-111111111117,c1a2b3d4-0007-1111-2222-333344445555,e5f6g7h8-1111-2222-3333-444455556670,1,2026-06-26T10:30:00+02:00,2026-06-26T10:40:00+02:00,10,home,Munich,80331,DE,train_station,Munich,,DE,walking,none,none,,,,0.5,0.0,0.0,True,False,False,False,,0,Walk from home to Munich train station.
7,a1111118-1111-1111-1111-111111111118,c1a2b3d4-0007-1111-2222-333344445555,e5f6g7h8-1111-2222-3333-444455556670,2,2026-06-26T10:40:00+02:00,2026-06-26T13:50:00+02:00,190,train_station,Munich,,DE,train_station,Frankfurt,,DE,long_distance_train,single_ticket,second_class,DB,ICE,,399.0,45.0,16.0,False,True,False,False,,0,Long‑distance ICE train from Munich to Frankfurt.
8,a1111119-1111-1111-1111-111111111119,c1a2b3d4-0007-1111-2222-333344445555,e5f6g7h8-1111-2222-3333-444455556670,3,2026-06-26T13:50:00+02:00,2026-06-26T14:00:00+02:00,10,train_station,Frankfurt,,DE,friend_home,Frankfurt,60311,DE,walking,none,none,,,,0.5,0.0,0.0,False,False,True,False,,0,Walk from Frankfurt train station to friend's home.
9,a1111120-1111-1111-1111-111111111120,c1a2b3d4-0008-1111-2222-333344445555,e5f6g7h8-1111-2222-3333-444455556670,1,2026-06-26T18:00:00+02:00,2026-06-26T18:10:00+02:00,10,friend_home,Frankfurt,60311,DE,train_station,Frankfurt,,DE,walking,none,none,,,,0.5,0.0,0.0,True,False,False,False,,0,Walk from friend's home to Frankfurt train station.
10,a1111121-1111-1111-1111-111111111121,c1a2b3d4-0008-1111-2222-333344445555,e5f6g7h8-1111-2222-3333-444455556670,2,2026-06-26T18:10:00+02:00,2026-06-26T21:20:00+02:00,190,train_station,Frankfurt,,DE,train_station,Munich,,DE,long_distance_train,single_ticket,second_class,DB,ICE,,399.0,45.0,16.0,False,True,False,False,,0,Long‑distance ICE train from Frankfurt back to Munich.
11,a1111122-1111-1111-1111-111111111122,c1a2b3d4-0008-1111-2222-333344445555,e5f6g7h8-1111-2222-3333-444455556670,3,2026-06-26T21:20:00+02:00,2026-06-26T21:30:00+02:00,10,train_station,Munich,,DE,home,Munich,80331,DE,walking,none,none,,,,0.5,0.0,0.0,False,False,True,False,,0,Walk from Munich train station to home.
12,a1111123-1111-1111-1111-111111111123,c1a2b3d4-0009-1111-2222-333344445555,e5f6g7h8-1111-2222-3333-444455556670,1,2026-06-27T11:00:00+02:00,2026-06-27T11:30:00+02:00,30,home,Munich,80331,DE,park,Munich,,DE,walking,none,none,,,,1.5,0.0,0.0,False,True,False,False,,0,Afternoon walk in local park.
13,a1111124-1111-1111-1111-111111111124,c1a2b3d4-0010-1111-2222-333344445555,e5f6g7h8-1111-2222-3333-444455556670,1,2026-06-27T12:00:00+02:00,2026-06-27T12:30:00+02:00,30,park,Munich,,DE,home,Munich,80331,DE,walking,none,none,,,,1.5,0.0,0.0,False,True,False,False,,0,Return home after park visit.
14,a1111125-1111-1111-1111-111111111125,c1a2b3d4-0011-1111-2222-333344445555,e5f6g7h8-1111-2222-3333-444455556670,1,2026-06-28T16:00:00+02:00,2026-06-28T16:10:00+02:00,10,home,Munich,80331,DE,pharmacy,Munich,,DE,walking,none,none,,,,1.0,0.0,0.0,False,True,False,False,,0,Quick pharmacy stop for errands.
15,a1111126-1111-1111-1111-111111111126,c1a2b3d4-0012-1111-2222-333344445555,e5f6g7h8-1111-2222-3333-444455556670,1,2026-06-28T16:20:00+02:00,2026-06-28T16:30:00+02:00,10,pharmacy,Munich,,DE,home,Munich,80331,DE,walking,none,none,,,,1.0,0.0,0.0,False,True,False,False,,0,Return home after pharmacy.
